channel_id,name,badge_months,badge,badge_tooltip,milestone_months,tier,tier_source,revenue_note,streams_seen,messages,superchats,first_seen,last_seen,joined_in_period,gift_received,url
UCh6ibgB-jnPImoXX-MtwIHQ,@モニカクルミ77,24,2年,Member (2 years),,不明,,,18,4710,28,2026-09-10 19:01,2026-10-04 12:00,,,https://www.youtube.com/channel/UCh6ibgB-jnPImoXX-MtwIHQ
UCf4AApYLn0EdLNCRckZe1sQ,@vしろりv,24,2年,Member (2 years),,不明,,,18,2269,1,2026-09-10 19:01,2026-10-04 12:00,,,https://www.youtube.com/channel/UCf4AApYLn0EdLNCRckZe1sQ
UCmea3RGOFaZU8aIEX5QM55Q,@しょお-e4s,24,2年,Member (2 years),,不明,,,18,967,2,2026-09-10 19:01,2026-10-04 12:00,,,https://www.youtube.com/channel/UCmea3RGOFaZU8aIEX5QM55Q
UC1Ldky06soqOF9cEfg7Jk7w,@ナト-00319,24,2年,Member (2 years),,不明,,,18,268,0,2026-09-10 19:01,2026-10-04 12:00,,,https://www.youtube.com/channel/UC1Ldky06soqOF9cEfg7Jk7w
UCJ1JO_f9BcBnemNkIe7E1XQ,@桔梗-D75e,24,2年,Member (2 years),,不明,,,18,2836,3,2026-09-10 19:01,2026-10-04 12:00,,,https://www.youtube.com/channel/UCJ1JO_f9BcBnemNkIe7E1XQ
UC35RJG94uTyzToQ1DJi70lw,@20_ffyL,24,2年,Member (2 years),,不明,,,18,214,0,2026-09-10 19:01,2026-10-04 12:00,,,https://www.youtube.com/channel/UC35RJG94uTyzToQ1DJi70lw
UCRuk-CTzud4kjIvg9StX_iw,@YB_yb8271,24,2年,Member (2 years),,不明,,,18,1284,0,2026-09-10 19:01,2026-10-04 12:00,,,https://www.youtube.com/channel/UCRuk-CTzud4kjIvg9StX_iw
UC-CIF5pkQUirGW9nQzTRaoA,@ahogefoo,24,2年,Member (2 years),,不明,,,18,3376,0,2026-09-10 19:01,2026-10-04 12:00,,,https://www.youtube.com/channel/UC-CIF5pkQUirGW9nQzTRaoA
UCqRcF1vKcmrlJaGvDRrX73g,@リリ丸-w6v,24,2年,Member (2 years),,不明,,,18,1745,0,2026-09-10 19:01,2026-10-04 12:00,,,https://www.youtube.com/channel/UCqRcF1vKcmrlJaGvDRrX73g
UColdTerrVYsUa0Cobz5ggVw,@柳_ユウ,24,2年,Member (2 years),,不明,,,18,422,5,2026-09-10 19:01,2026-10-04 12:00,,,https://www.youtube.com/channel/UColdTerrVYsUa0Cobz5ggVw
UCPnwoWb2shM8S_qri02DB0Q,@出不精の雨男,24,2年,Member (2 years),,不明,,,18,1133,1,2026-09-10 19:01,2026-10-04 12:00,,,https://www.youtube.com/channel/UCPnwoWb2shM8S_qri02DB0Q
UCIUOnHKzTAHY3YQzE4RpBsA,@ゆでめかぶ,24,2年,Member (2 years),,不明,,,18,1064,0,2026-09-10 19:01,2026-10-04 12:00,,,https://www.youtube.com/channel/UCIUOnHKzTAHY3YQzE4RpBsA
UCA4daORKx0qgE4tjVq9FTTw,@すてねこりるら,24,2年,Member (2 years),,不明,,,17,1265,12,2026-09-10 19:01,2026-10-04 12:00,,,https://www.youtube.com/channel/UCA4daORKx0qgE4tjVq9FTTw
UCXD1TlZt9CZx0ebavTIPsNw,@機長ぼうや,24,2年,Member (2 years),,不明,,,17,4077,20,2026-09-10 19:01,2026-10-04 12:00,,,https://www.youtube.com/channel/UCXD1TlZt9CZx0ebavTIPsNw
UCxaA9rwSSvwAW1toOaD1QEQ,@かさ-r9g,24,2年,Member (2 years),,不明,,,17,1084,2,2026-09-10 19:01,2026-10-04 12:00,,,https://www.youtube.com/channel/UCxaA9rwSSvwAW1toOaD1QEQ
UCcqC0p8AKDAP-g5EOCOedug,@サムト-l7m,24,2年,Member (2 years),,不明,,,17,374,0,2026-09-10 19:01,2026-10-04 12:00,,,https://www.youtube.com/channel/UCcqC0p8AKDAP-g5EOCOedug
UCG2CNNTE7m7UMUvvepQ9F6Q,@クオ_128,24,2年,Member (2 years),,不明,,,17,836,0,2026-09-10 19:01,2026-10-04 12:00,,,https://www.youtube.com/channel/UCG2CNNTE7m7UMUvvepQ9F6Q
UCDfFPfA6vwprryG2P8jcyvw,@特保ピッツァ,24,2年,Member (2 years),,不明,,,17,1139,2,2026-09-10 19:01,2026-10-04 12:00,,,https://www.youtube.com/channel/UCDfFPfA6vwprryG2P8jcyvw
UCaVt4UTb_ILl6278ZSfqEsQ,@音無きり,24,2年,Member (2 years),,不明,,,16,61,0,2026-09-10 19:01,2026-10-04 12:00,,,https://www.youtube.com/channel/UCaVt4UTb_ILl6278ZSfqEsQ
UCYS830U3j6HkSM46oykVTlg,@cho_tto,24,2年,Member (2 years),,不明,,,16,138,0,2026-09-10 19:01,2026-10-04 12:00,,,https://www.youtube.com/channel/UCYS830U3j6HkSM46oykVTlg
UCwgPzxGquB1CbVnQi19W9Mg,@つみきとし-x2y,24,2年,Member (2 years),,不明,,,16,423,0,2026-09-10 19:01,2026-10-04 12:00,,,https://www.youtube.com/channel/UCwgPzxGquB1CbVnQi19W9Mg
UCvXSoi3rKkLdHQsqFKywH2g,@-_chee-tah9670,24,2年,Member (2 years),,不明,,,15,468,0,2026-09-10 19:01,2026-10-04 12:00,,,https://www.youtube.com/channel/UCvXSoi3rKkLdHQsqFKywH2g
UCsQS4kINHQ9CvcjjkQdH1KQ,@七海遥-d5z,24,2年,Member (2 years),,不明,,,15,935,0,2026-09-10 19:01,2026-10-04 12:00,,,https://www.youtube.com/channel/UCsQS4kINHQ9CvcjjkQdH1KQ
UCipViBwR8sjqKWXNO7slKDQ,@神ノもの-kaminomono,24,2年,Member (2 years),,不明,,,15,78,0,2026-09-10 19:01,2026-10-04 12:00,,,https://www.youtube.com/channel/UCipViBwR8sjqKWXNO7slKDQ
UC9tdQQHFX7yE6m99FNRzlvw,@高杉さん-y9b,24,2年,Member (2 years),,不明,,,15,1460,0,2026-09-10 19:01,2026-10-04 12:00,,,https://www.youtube.com/channel/UC9tdQQHFX7yE6m99FNRzlvw
UCQM20MknPr4SK-4nkLySimg,@ほーむらんもりもり,24,2年,Member (2 years),,不明,,,15,17,13,2026-09-10 19:01,2026-10-04 12:00,,,https://www.youtube.com/channel/UCQM20MknPr4SK-4nkLySimg
UCq4Z9-JVUgiy6s5qHSONraw,@みてぃ_39,24,2年,Member (2 years),,不明,,,14,2195,0,2026-09-10 19:01,2026-10-04 12:00,,,https://www.youtube.com/channel/UCq4Z9-JVUgiy6s5qHSONraw
UC3ht9xnNi5cP962lTAHwiBQ,@スフィアマスター,24,2年,Member (2 years),,不明,,,14,34,9,2026-09-10 19:01,2026-10-02 18:01,,,https://www.youtube.com/channel/UC3ht9xnNi5cP962lTAHwiBQ
UCNQO66iaDSfhR2ouVMT4PSw,@Towa-salmon,24,2年,Member (2 years),,不明,,,14,825,0,2026-09-10 19:01,2026-10-03 21:00,,,https://www.youtube.com/channel/UCNQO66iaDSfhR2ouVMT4PSw
UCbB-oiEVPprP78erx1InYhQ,@エルゥゥゥ,24,2年,Member (2 years),,不明,,,14,966,0,2026-09-10 19:01,2026-10-04 12:00,,,https://www.youtube.com/channel/UCbB-oiEVPprP78erx1InYhQ
UC0N2bxmZGtA-v9Q4vk3jipQ,@しら-e3s,24,2年,Member (2 years),,不明,,,14,326,0,2026-09-10 19:01,2026-10-04 12:00,,,https://www.youtube.com/channel/UC0N2bxmZGtA-v9Q4vk3jipQ
UCpWMCjeJ8WaWihDziNhw_hQ,@_alphard,24,2年,Member (2 years),,不明,,,14,312,1,2026-09-10 19:01,2026-10-04 12:00,,,https://www.youtube.com/channel/UCpWMCjeJ8WaWihDziNhw_hQ
UCzbxoPOlO0BJSdGWkWJxxug,@TOMYAMKN,24,2年,Member (2 years),,不明,,,13,202,2,2026-09-10 19:01,2026-10-04 12:00,,,https://www.youtube.com/channel/UCzbxoPOlO0BJSdGWkWJxxug
UCgZ3Vp5EZmuDL6ivKyKYs3Q,@ベルデ-e8c,24,2年,Member (2 years),,不明,,,13,177,0,2026-09-10 19:01,2026-10-04 12:00,,,https://www.youtube.com/channel/UCgZ3Vp5EZmuDL6ivKyKYs3Q
UCdOjwF3uvsI53recKQ8551A,@AOHIGE-t7t,24,2年,Member (2 years),,不明,,,13,2805,0,2026-09-10 19:01,2026-10-03 21:00,,,https://www.youtube.com/channel/UCdOjwF3uvsI53recKQ8551A
UCD1Ua-mn9cqJFD50MQsZIpA,@ハリント-1371,24,2年,Member (2 years),,不明,,,13,120,0,2026-09-10 19:01,2026-10-04 12:00,,,https://www.youtube.com/channel/UCD1Ua-mn9cqJFD50MQsZIpA
UCBSaVL4tO6A4Np4B14FRFvA,@Mell9_,24,2年,Member (2 years),,不明,,,13,632,0,2026-09-10 19:01,2026-10-04 12:00,,,https://www.youtube.com/channel/UCBSaVL4tO6A4Np4B14FRFvA
UCE8QeZmTauAnRAakh76fIHA,@ぽやよん,24,2年,Member (2 years),,不明,,,12,184,0,2026-09-10 19:01,2026-10-04 12:00,,,https://www.youtube.com/channel/UCE8QeZmTauAnRAakh76fIHA
UCwlNOKu4WFt-bK6nSqCFHSQ,@杰-d8z,24,2年,Member (2 years),,不明,,,12,52,0,2026-09-10 19:01,2026-10-04 12:00,,,https://www.youtube.com/channel/UCwlNOKu4WFt-bK6nSqCFHSQ
UCT8YYTZbAH87t5ezqQ4zPFg,@rakusyain,24,2年,Member (2 years),,不明,,,12,68,0,2026-09-10 19:01,2026-10-04 12:00,,,https://www.youtube.com/channel/UCT8YYTZbAH87t5ezqQ4zPFg
UCviyzc7o53kSOkgGEjlA0Ig,@serorin3441,24,2年,Member (2 years),,不明,,,12,177,0,2026-09-10 19:01,2026-10-04 12:00,,,https://www.youtube.com/channel/UCviyzc7o53kSOkgGEjlA0Ig
UC-3VuYi7Fm2IAbQCpKfS7qw,@かんむり-s2c,24,2年,Member (2 years),,不明,,,11,1120,0,2026-09-10 19:01,2026-10-02 18:01,,,https://www.youtube.com/channel/UC-3VuYi7Fm2IAbQCpKfS7qw
UCbRQsyAqmp05GMX3mtUYTEw,@やみー-m4z,24,2年,Member (2 years),,不明,,,11,85,0,2026-09-10 19:01,2026-10-02 18:01,,,https://www.youtube.com/channel/UCbRQsyAqmp05GMX3mtUYTEw
UCDRhwX6RBkHguG_EhvcBmcA,@りゅーくんZZZ,24,2年,Member (2 years),,不明,,,11,629,1,2026-09-10 19:01,2026-10-04 12:00,,,https://www.youtube.com/channel/UCDRhwX6RBkHguG_EhvcBmcA
UCCFD86r_Z_EQeM92BsgjFxg,@sanoplus_,24,2年,Member (2 years),,不明,,,11,28,0,2026-09-11 21:05,2026-10-04 12:00,,,https://www.youtube.com/channel/UCCFD86r_Z_EQeM92BsgjFxg
UCmYZp0L1rviizG6-7yywuRQ,@LION_3761,24,2年,Member (2 years),,不明,,,10,87,0,2026-09-10 19:01,2026-10-04 12:00,,,https://www.youtube.com/channel/UCmYZp0L1rviizG6-7yywuRQ
UCk6qrhLEgg2QRpzNd9Qk-9w,@こめ-なすび,24,2年,Member (2 years),,不明,,,10,49,0,2026-09-10 19:01,2026-09-30 19:01,,,https://www.youtube.com/channel/UCk6qrhLEgg2QRpzNd9Qk-9w
UC3dEdSzUiFEBjqr5X7EBt6A,@オボロヅキ-n2w,24,2年,Member (2 years),,不明,,,10,24,0,2026-09-10 19:01,2026-10-04 12:00,,,https://www.youtube.com/channel/UC3dEdSzUiFEBjqr5X7EBt6A
UC0sj4TgB7zZcUKT6TJnfLJw,@__Lok__,24,2年,Member (2 years),26,ななかま,マイルストーン,,10,378,10,2026-09-12 12:00,2026-10-02 18:01,,,https://www.youtube.com/channel/UC0sj4TgB7zZcUKT6TJnfLJw
UCoBg3ikXoqBf6Hk1EdZ4EHg,@importedrage6822,24,2年,Member (2 years),,ななかま,再加入/レベル変更,,10,27,0,2026-09-12 12:00,2026-10-03 21:00,,,https://www.youtube.com/channel/UCoBg3ikXoqBf6Hk1EdZ4EHg
UC7_u0C9MTfg4dia7joabymw,@kiimilu-owo,24,2年,Member (2 years),,不明,,,9,76,0,2026-09-10 19:01,2026-10-03 21:00,,,https://www.youtube.com/channel/UC7_u0C9MTfg4dia7joabymw
UCnUpzYtEop5ivKZwApBiUtQ,@Izayoi0402,24,2年,Member (2 years),,不明,,,9,1085,0,2026-09-10 19:01,2026-10-03 21:00,,,https://www.youtube.com/channel/UCnUpzYtEop5ivKZwApBiUtQ
UC4iVBBeWICVTbyfpWbgv3sA,@テグヌワ,24,2年,Member (2 years),,不明,,,9,86,0,2026-09-10 19:01,2026-10-04 12:00,,,https://www.youtube.com/channel/UC4iVBBeWICVTbyfpWbgv3sA
UCImu64_VrpuBK-VkFPZv2UQ,@onikuwa1259,24,2年,Member (2 years),,不明,,,9,25,0,2026-09-12 12:00,2026-10-04 12:00,,,https://www.youtube.com/channel/UCImu64_VrpuBK-VkFPZv2UQ
UCAu9QMiXJp-qARKwntbLsNQ,@森-t7y,24,2年,Member (2 years),,不明,,,8,1359,2,2026-09-10 19:01,2026-09-23 21:00,,,https://www.youtube.com/channel/UCAu9QMiXJp-qARKwntbLsNQ
UCoOahKL82psesdkJgRY2SFA,@しー_朱羊,24,2年,Member (2 years),,不明,,,8,24,0,2026-09-10 19:01,2026-10-02 18:01,,,https://www.youtube.com/channel/UCoOahKL82psesdkJgRY2SFA
UCOj1ltlvxrfKxODS51XMSLg,@杜若シズ,24,2年,Member (2 years),,不明,,,8,70,2,2026-09-10 19:01,2026-09-25 21:00,,,https://www.youtube.com/channel/UCOj1ltlvxrfKxODS51XMSLg
UCGtAlFTJvEwJSQLTs9D2IMQ,@suero_1,24,2年,Member (2 years),,不明,,,8,36,0,2026-09-18 19:00,2026-10-04 12:00,,,https://www.youtube.com/channel/UCGtAlFTJvEwJSQLTs9D2IMQ
UCPbW1J9uHxqMKtQZ-jbwR5Q,@Lockon.S,24,2年,Member (2 years),,不明,,,7,16,0,2026-09-10 19:01,2026-10-04 12:00,,,https://www.youtube.com/channel/UCPbW1J9uHxqMKtQZ-jbwR5Q
UCPKlLnvRBsngNl1FFtmPWzw,@まほてん-o5n,24,2年,Member (2 years),,不明,,,7,248,0,2026-09-10 19:01,2026-10-04 12:00,,,https://www.youtube.com/channel/UCPKlLnvRBsngNl1FFtmPWzw
UC5pnea1zWUBsCWTWd3yxHLg,@虚無埋めエンバン2.0,24,2年,Member (2 years),,不明,,,7,27,0,2026-09-10 19:01,2026-09-28 21:00,,,https://www.youtube.com/channel/UC5pnea1zWUBsCWTWd3yxHLg
UCTuwR1ktRi-J2NpsPIfxPxg,@せいろ-j2n,24,2年,Member (2 years),,不明,,,7,21,0,2026-09-11 21:05,2026-09-27 18:59,,,https://www.youtube.com/channel/UCTuwR1ktRi-J2NpsPIfxPxg
UC4RwcJGpYM77XqCmfGRAheg,@ユメノマイゴ,24,2年,Member (2 years),,不明,,,7,242,0,2026-09-11 21:05,2026-10-02 18:01,,,https://www.youtube.com/channel/UC4RwcJGpYM77XqCmfGRAheg
UCW4IEoY_iPU0uIqb__umTKg,@おにくnick,24,2年,Member (2 years),,不明,,,7,174,0,2026-09-17 20:01,2026-09-28 21:00,,,https://www.youtube.com/channel/UCW4IEoY_iPU0uIqb__umTKg
UCtcXt0Y3L63YABK8TiTXcqA,@noface1407,24,2年,Member (2 years),,不明,,,7,64,0,2026-09-17 20:01,2026-10-03 21:00,,,https://www.youtube.com/channel/UCtcXt0Y3L63YABK8TiTXcqA
UC6SliaPlsWM34_gzGW1EO0A,@ミラ白猫36,24,2年,Member (2 years),,不明,,,6,133,0,2026-09-10 19:01,2026-09-30 19:01,,,https://www.youtube.com/channel/UC6SliaPlsWM34_gzGW1EO0A
UCDfiWhL_Qrv45eHqpzOQVyA,@ラーゲ12,24,2年,Member (2 years),,不明,,,6,17,0,2026-09-10 19:01,2026-09-30 19:01,,,https://www.youtube.com/channel/UCDfiWhL_Qrv45eHqpzOQVyA
UCveMp1fHsTGDNIH54f2YWrw,@KiCKs_LW,24,2年,Member (2 years),,不明,,,6,165,0,2026-09-11 21:05,2026-10-02 18:01,,,https://www.youtube.com/channel/UCveMp1fHsTGDNIH54f2YWrw
UCNbqdNyHNv5srZb_VcMt-aQ,@フルフル-f7w,24,2年,Member (2 years),,不明,,,6,42,0,2026-09-12 19:59,2026-10-02 18:01,,,https://www.youtube.com/channel/UCNbqdNyHNv5srZb_VcMt-aQ
UCp86PUqHI8NlDM1UNlIPhYA,@泳がないたい焼き,24,2年,Member (2 years),26,ななかま,マイルストーン,,6,195,0,2026-09-15 12:00,2026-09-30 19:01,,,https://www.youtube.com/channel/UCp86PUqHI8NlDM1UNlIPhYA
UCNrJQT-HZ4nwY_1NmHeWx4A,@nasunasu6554,24,2年,Member (2 years),,不明,,,6,114,0,2026-09-15 12:00,2026-10-02 18:01,,,https://www.youtube.com/channel/UCNrJQT-HZ4nwY_1NmHeWx4A
UCArgwAPuFRamq1U9QAoeS8g,@くんしあわせ,24,2年,Member (2 years),,不明,,,5,93,0,2026-09-10 19:01,2026-10-04 12:00,,,https://www.youtube.com/channel/UCArgwAPuFRamq1U9QAoeS8g
UCCrMSHaaMHctT_qqvP_AIhw,@K_Sil,24,2年,Member (2 years),,不明,,,5,219,3,2026-09-12 12:00,2026-09-30 19:01,,,https://www.youtube.com/channel/UCCrMSHaaMHctT_qqvP_AIhw
UCCXkraHn8He6E5CFF0gtLFA,@Nagafue_Ituki,24,2年,Member (2 years),,不明,,,5,197,0,2026-09-12 12:00,2026-09-30 19:01,,,https://www.youtube.com/channel/UCCXkraHn8He6E5CFF0gtLFA
UC_aKHd2CNU3tV39LufZNWtw,@はんぺん白-s4j,24,2年,Member (2 years),,不明,,,5,336,0,2026-09-12 19:59,2026-09-30 19:01,,,https://www.youtube.com/channel/UC_aKHd2CNU3tV39LufZNWtw
UClAxk9dr6giHBmqQ0pFMw3Q,@どろっぷ-9_6,24,2年,Member (2 years),,不明,,,5,22,0,2026-09-12 19:59,2026-09-23 21:00,,,https://www.youtube.com/channel/UClAxk9dr6giHBmqQ0pFMw3Q
UCEiY6BPlci8Vc-Awr7XHkEw,@KokoPandaa,24,2年,Member (2 years),,不明,,,5,9,0,2026-09-12 19:59,2026-09-30 19:01,,,https://www.youtube.com/channel/UCEiY6BPlci8Vc-Awr7XHkEw
UCf37HO2Kfq_OrXeuAvUoPMg,@したかみ雀,24,2年,Member (2 years),,不明,,,5,247,0,2026-09-15 12:00,2026-10-02 18:01,,,https://www.youtube.com/channel/UCf37HO2Kfq_OrXeuAvUoPMg
UC0mUDhdLUXB9-kqzjupDbUg,@やいない1,24,2年,Member (2 years),,不明,,,5,170,0,2026-09-23 21:00,2026-10-04 12:00,,,https://www.youtube.com/channel/UC0mUDhdLUXB9-kqzjupDbUg
UCRdGrSESWU8YGLiYeGxSFJA,@スピネル-c2d,24,2年,Member (2 years),,不明,,,4,534,4,2026-09-11 21:05,2026-09-30 19:01,,,https://www.youtube.com/channel/UCRdGrSESWU8YGLiYeGxSFJA
UCh-SpS7oFT6tRuRdb04PsjQ,@Neko-miku0831,24,2年,Member (2 years),,不明,,,4,17,0,2026-09-12 19:59,2026-09-27 18:59,,,https://www.youtube.com/channel/UCh-SpS7oFT6tRuRdb04PsjQ
UC0Ia5X6NlJiNusS9TCsxmFw,@なのはな-7,24,2年,Member (2 years),,不明,,,4,454,2,2026-09-12 19:59,2026-09-27 18:59,,,https://www.youtube.com/channel/UC0Ia5X6NlJiNusS9TCsxmFw
UCgSgzYs_W3px19wPXcsNIwA,@genmuga,24,2年,Member (2 years),,不明,,,4,19,0,2026-09-15 12:00,2026-09-30 19:01,,,https://www.youtube.com/channel/UCgSgzYs_W3px19wPXcsNIwA
UCwj3c4PzNkLt68ICfmt_ZZQ,@未完グミ,24,2年,Member (2 years),,不明,,,4,8,0,2026-09-21 21:00,2026-09-28 21:00,,,https://www.youtube.com/channel/UCwj3c4PzNkLt68ICfmt_ZZQ
UCKFfz5ISGW81d6c_PjGlzNw,@向かいのトロロ,24,2年,Member (2 years),,不明,,,4,204,0,2026-09-27 18:59,2026-10-04 12:00,,,https://www.youtube.com/channel/UCKFfz5ISGW81d6c_PjGlzNw
UCxLCRdJ1qsHT_kXn9sCf8IQ,@西瓜りゅう,24,2年,Member (2 years),,不明,,,3,15,0,2026-09-10 19:01,2026-09-21 21:00,,,https://www.youtube.com/channel/UCxLCRdJ1qsHT_kXn9sCf8IQ
UC1XVUyZOtRk4sK71cbB_qPg,@こしぼね-h7m,24,2年,Member (2 years),,不明,,,3,17,0,2026-09-10 19:01,2026-09-28 21:00,,,https://www.youtube.com/channel/UC1XVUyZOtRk4sK71cbB_qPg
UChtVqyVR3hQ58NfK7iA7TMA,@rharuna0207,24,2年,Member (2 years),,不明,,,3,17,0,2026-09-10 19:01,2026-09-23 21:00,,,https://www.youtube.com/channel/UChtVqyVR3hQ58NfK7iA7TMA
UCKMtWvNgb7Hy3Ov9NyZLktw,@しらたき-d4y,24,2年,Member (2 years),,不明,,,3,4,0,2026-09-10 19:01,2026-10-04 12:00,,,https://www.youtube.com/channel/UCKMtWvNgb7Hy3Ov9NyZLktw
UCzoEBn45MoVo3Q1AyrzcQog,@スペードD,24,2年,Member (2 years),,不明,,,3,3,0,2026-09-11 21:05,2026-09-30 19:01,,,https://www.youtube.com/channel/UCzoEBn45MoVo3Q1AyrzcQog
UC4cALWwdznYcuc2sC2EfJRQ,@yu-ゆーしゅん-03,24,2年,Member (2 years),,不明,,,3,31,0,2026-09-11 21:05,2026-09-27 18:59,,,https://www.youtube.com/channel/UC4cALWwdznYcuc2sC2EfJRQ
UCywFmTPHgpkycSUJyZO07vQ,@おれんじ畑-i1o,24,2年,Member (2 years),,不明,,,3,5,0,2026-09-12 12:00,2026-09-27 18:59,,,https://www.youtube.com/channel/UCywFmTPHgpkycSUJyZO07vQ
UCALs1CP_BJzBUAb9vIGPFXg,@りゅれりゅ,24,2年,Member (2 years),,不明,,,3,4,0,2026-09-12 19:59,2026-09-27 18:59,,,https://www.youtube.com/channel/UCALs1CP_BJzBUAb9vIGPFXg
UCIqojoy0S2xZyCzdzc69TYQ,@スナイプ-A-バレット,24,2年,Member (2 years),,不明,,,3,298,0,2026-09-12 19:59,2026-09-27 18:59,,,https://www.youtube.com/channel/UCIqojoy0S2xZyCzdzc69TYQ
UChw184B5SKOXBbNtL-Qpqog,@Ruhica5869,24,2年,Member (2 years),,不明,,,3,7,2,2026-09-12 19:59,2026-09-27 18:59,,,https://www.youtube.com/channel/UChw184B5SKOXBbNtL-Qpqog
UCi2nq7dsjCo2KMnO6AXa_dA,@いゔ-u6y,24,2年,Member (2 years),,不明,,,3,6,0,2026-09-15 12:00,2026-10-02 18:01,,,https://www.youtube.com/channel/UCi2nq7dsjCo2KMnO6AXa_dA
UC0W7iksORzSMdwc1E1NbkqQ,@のむきち_bot-san,24,2年,Member (2 years),,不明,,,3,15,0,2026-09-15 12:00,2026-09-30 19:01,,,https://www.youtube.com/channel/UC0W7iksORzSMdwc1E1NbkqQ
UCwNDP38AY8trdkhyn9kctMA,@sin9892,24,2年,Member (2 years),,不明,,,3,4,0,2026-09-15 12:00,2026-09-27 18:59,,,https://www.youtube.com/channel/UCwNDP38AY8trdkhyn9kctMA
UChv0pEfpdngDdtRWARqi4nw,@l五右衛門-f1f,24,2年,Member (2 years),,不明,,,3,52,0,2026-09-17 20:01,2026-09-30 19:01,,,https://www.youtube.com/channel/UChv0pEfpdngDdtRWARqi4nw
UCNePw4FgQ1ZZRDw3llTu-4w,@ちゃりまおー,24,2年,Member (2 years),,不明,,,3,9,0,2026-09-17 20:01,2026-10-02 18:01,,,https://www.youtube.com/channel/UCNePw4FgQ1ZZRDw3llTu-4w
UCukjiy94Mp9bU6UV4X4G57A,@不断間夜ゐふだんまよい,24,2年,Member (2 years),,不明,,,3,21,0,2026-09-17 20:01,2026-09-27 18:59,,,https://www.youtube.com/channel/UCukjiy94Mp9bU6UV4X4G57A
UCOdk3wmFxuy36Btbn9HzSHQ,@修行中のタム太郎,24,2年,Member (2 years),,不明,,,3,10,1,2026-09-17 20:01,2026-09-27 18:59,,,https://www.youtube.com/channel/UCOdk3wmFxuy36Btbn9HzSHQ
UCOUp9V-CODWHiX1tPMSeSww,@スノーまる_sn,24,2年,Member (2 years),,不明,,,3,53,1,2026-09-17 20:01,2026-09-30 19:01,,,https://www.youtube.com/channel/UCOUp9V-CODWHiX1tPMSeSww
UCCeZaTrdw8eihuIhBkVm3KQ,@AOBLUE-d2s,24,2年,Member (2 years),,不明,,,3,88,0,2026-09-20 12:01,2026-09-30 19:01,,,https://www.youtube.com/channel/UCCeZaTrdw8eihuIhBkVm3KQ
UC2sMg38sGT3nsc70mOvKiSw,@麦-mg,24,2年,Member (2 years),,不明,,,3,103,0,2026-09-20 12:01,2026-10-04 12:00,,,https://www.youtube.com/channel/UC2sMg38sGT3nsc70mOvKiSw
UC2-TAURyey8_BPW0NIVYhIw,@トウカp3v,24,2年,Member (2 years),,不明,,,3,3,0,2026-09-20 12:01,2026-09-30 19:01,,,https://www.youtube.com/channel/UC2-TAURyey8_BPW0NIVYhIw
UClmzWoJyYitwIWfS-m-iGHQ,@ナナカマド-s4l,24,2年,Member (2 years),,不明,,,3,27,0,2026-09-27 18:59,2026-10-02 18:01,,,https://www.youtube.com/channel/UClmzWoJyYitwIWfS-m-iGHQ
UCHGY_stjRwZmwCQBlF_90yw,@Chibiman10,24,2年,Member (2 years),,不明,,,2,19,0,2026-09-10 19:01,2026-09-30 19:01,,,https://www.youtube.com/channel/UCHGY_stjRwZmwCQBlF_90yw
UCRPw1_86SulUo-MqZ5ScFig,@白緑,24,2年,Member (2 years),,不明,,,2,4,0,2026-09-11 21:05,2026-09-27 18:59,,,https://www.youtube.com/channel/UCRPw1_86SulUo-MqZ5ScFig
UC1AdbRjesaUCB9UiR9d-hfw,@ロキ_zzz,24,2年,Member (2 years),,不明,,,2,70,1,2026-09-12 19:59,2026-09-27 18:59,,,https://www.youtube.com/channel/UC1AdbRjesaUCB9UiR9d-hfw
UC6T0QVMALzpYdVQUXRFj8xQ,@hHeiiii,24,2年,Member (2 years),,不明,,,2,2,0,2026-09-12 19:59,2026-09-21 21:00,,,https://www.youtube.com/channel/UC6T0QVMALzpYdVQUXRFj8xQ
UCh2Ehazjcj2qldw03M0qwUA,@xalo830,24,2年,Member (2 years),,不明,,,2,9,0,2026-09-12 19:59,2026-09-27 18:59,,,https://www.youtube.com/channel/UCh2Ehazjcj2qldw03M0qwUA
UCm6N7sDLhm3tLQlMLjytMrw,@のどか-v4b,24,2年,Member (2 years),,不明,,,2,10,0,2026-09-12 19:59,2026-09-17 20:01,,,https://www.youtube.com/channel/UCm6N7sDLhm3tLQlMLjytMrw
UCsBwiqD0u1f9VAcLv65NdxQ,@konparo,24,2年,Member (2 years),,不明,,,2,5,1,2026-09-12 19:59,2026-10-02 18:01,,,https://www.youtube.com/channel/UCsBwiqD0u1f9VAcLv65NdxQ
UCvAP5iNfSfU6JU6TzLw359Q,@ロム-z8j,24,2年,Member (2 years),,不明,,,2,9,0,2026-09-15 12:00,2026-09-17 20:01,,,https://www.youtube.com/channel/UCvAP5iNfSfU6JU6TzLw359Q
UC0hBkXhumigny9s2p5Wo7wg,@ライチュウNNギン次郎,24,2年,Member (2 years),,不明,,,2,20,0,2026-09-17 20:01,2026-09-27 18:59,,,https://www.youtube.com/channel/UC0hBkXhumigny9s2p5Wo7wg
UCR7u__ed3Y3E0FQPuVBsUqw,@のぶ_gori714,24,2年,Member (2 years),,不明,,,2,6,0,2026-09-17 20:01,2026-09-27 18:59,,,https://www.youtube.com/channel/UCR7u__ed3Y3E0FQPuVBsUqw
UCAKzYdBagFnkmwNtL0syR2A,@nya-popon,24,2年,Member (2 years),,不明,,,2,43,0,2026-09-17 20:01,2026-09-27 18:59,,,https://www.youtube.com/channel/UCAKzYdBagFnkmwNtL0syR2A
UCYsziFLeTtO21XPN6bl3OIw,@ユウト-b1g,24,2年,Member (2 years),,不明,,,2,90,1,2026-09-17 20:01,2026-09-27 18:59,,,https://www.youtube.com/channel/UCYsziFLeTtO21XPN6bl3OIw
UCEfDBxDd-lyR0xeVId_o71A,@FizzsharkEST,24,2年,Member (2 years),,不明,,,2,30,0,2026-09-17 20:01,2026-09-27 18:59,,,https://www.youtube.com/channel/UCEfDBxDd-lyR0xeVId_o71A
UCnkM4tHYDwdcTmg9WndAI2A,@ぬふf,24,2年,Member (2 years),,不明,,,2,12,0,2026-09-17 20:01,2026-09-21 21:00,,,https://www.youtube.com/channel/UCnkM4tHYDwdcTmg9WndAI2A
UCYQLBm015ZoZau1mQ6tNLdw,@sumi9187,24,2年,Member (2 years),,不明,,,2,26,0,2026-09-17 20:01,2026-09-27 18:59,,,https://www.youtube.com/channel/UCYQLBm015ZoZau1mQ6tNLdw
UCTYngRNFffcPfQP5fBbWFsQ,@snow_snow_ch,24,2年,Member (2 years),,不明,,,2,3,0,2026-09-17 20:01,2026-09-27 18:59,,,https://www.youtube.com/channel/UCTYngRNFffcPfQP5fBbWFsQ
UCaoQXNXAgKjHRzIqJjLznXw,@sea-serpender,24,2年,Member (2 years),,不明,,,2,39,0,2026-09-17 20:01,2026-09-27 18:59,,,https://www.youtube.com/channel/UCaoQXNXAgKjHRzIqJjLznXw
UCM5YvvzFwhAqdg5dyBGacUA,@Noah_Akatsuki,24,2年,Member (2 years),,不明,,,2,6,0,2026-09-17 20:01,2026-09-27 18:59,,,https://www.youtube.com/channel/UCM5YvvzFwhAqdg5dyBGacUA
UCNzudBvmn4a6iZwoGPtC-VQ,@ペンタン_pen,24,2年,Member (2 years),,不明,,,2,4,0,2026-09-17 20:01,2026-09-27 18:59,,,https://www.youtube.com/channel/UCNzudBvmn4a6iZwoGPtC-VQ
UCc8hgDf0wAe91ynVn6U-bEw,@tan-yao,24,2年,Member (2 years),,不明,,,2,31,0,2026-09-17 20:01,2026-09-27 18:59,,,https://www.youtube.com/channel/UCc8hgDf0wAe91ynVn6U-bEw
UC3Hf5oUf6XAyzuMNainL9Vg,@pogon2944,24,2年,Member (2 years),,不明,,,2,7,0,2026-09-17 20:01,2026-09-27 18:59,,,https://www.youtube.com/channel/UC3Hf5oUf6XAyzuMNainL9Vg
UCb-5hXU0WWGHgFLvs1TkCMA,@seana-bh1cs,24,2年,Member (2 years),,不明,,,2,3,0,2026-09-17 20:01,2026-09-27 18:59,,,https://www.youtube.com/channel/UCb-5hXU0WWGHgFLvs1TkCMA
UC3ohL31MCeq4cWNvbv3dXUg,@しゅたん_sn,24,2年,Member (2 years),,不明,,,2,35,1,2026-09-17 20:01,2026-09-30 19:01,,,https://www.youtube.com/channel/UC3ohL31MCeq4cWNvbv3dXUg
UChLtnD3KksJGckGkCOn0lBw,@辛悦0.0,24,2年,Member (2 years),,不明,,,2,33,0,2026-09-17 20:01,2026-09-27 18:59,,,https://www.youtube.com/channel/UChLtnD3KksJGckGkCOn0lBw
UCe1ePN2pX3Yur5z1FDd4UfQ,@伊江-いえ,24,2年,Member (2 years),,不明,,,2,8,0,2026-09-17 20:01,2026-09-18 19:00,,,https://www.youtube.com/channel/UCe1ePN2pX3Yur5z1FDd4UfQ
UC3i-tpNDhKzT3VZBRa86L5A,@WDの丘丘桑_ちょうちょうさん,24,2年,Member (2 years),,不明,,,2,2,0,2026-09-17 20:01,2026-09-27 18:59,,,https://www.youtube.com/channel/UC3i-tpNDhKzT3VZBRa86L5A
UCRkWjD7urmZcJIYcHGHjMQA,@よるよる-o5h,24,2年,Member (2 years),,不明,,,2,2,2,2026-09-17 20:01,2026-09-27 18:59,,,https://www.youtube.com/channel/UCRkWjD7urmZcJIYcHGHjMQA
UCLRohYklU8SBIBgh3bjgzlw,@トキ-h3l,24,2年,Member (2 years),,不明,,,2,2,2,2026-09-17 20:01,2026-09-27 18:59,,,https://www.youtube.com/channel/UCLRohYklU8SBIBgh3bjgzlw
UCcaam3AIEVaYVoCqdhxajpQ,@kein6473,24,2年,Member (2 years),,不明,,,2,2,2,2026-09-17 20:01,2026-09-27 18:59,,,https://www.youtube.com/channel/UCcaam3AIEVaYVoCqdhxajpQ
UCRqBzlIKYudljhJTQGm-spA,@海苔nsr,24,2年,Member (2 years),,不明,,,2,101,1,2026-09-23 21:00,2026-09-27 18:59,,,https://www.youtube.com/channel/UCRqBzlIKYudljhJTQGm-spA
UCaZIwhbjNLKUsuyBPA2lCTA,@りょーちん-z9o,24,2年,Member (2 years),,不明,,,2,4,0,2026-09-27 18:59,2026-09-30 19:01,,,https://www.youtube.com/channel/UCaZIwhbjNLKUsuyBPA2lCTA
UCSpVtOVxDPUHz18KOM24QQw,@梓喵買醬油的雨人,24,2年,Member (2 years),26,ななかま,マイルストーン,,2,1,0,2026-09-27 18:59,2026-09-30 19:01,,,https://www.youtube.com/channel/UCSpVtOVxDPUHz18KOM24QQw
UC-TJfvmzTbOUuBQF8iKv3VQ,@suu-m9,24,2年,Member (2 years),,不明,,,1,28,0,2026-09-12 19:59,2026-09-12 19:59,,,https://www.youtube.com/channel/UC-TJfvmzTbOUuBQF8iKv3VQ
UCzY8NY_9gGGF1TsQ3iX33Hw,@三太黒臼0x0,24,2年,Member (2 years),,不明,,,1,1,0,2026-09-12 19:59,2026-09-12 19:59,,,https://www.youtube.com/channel/UCzY8NY_9gGGF1TsQ3iX33Hw
UCGHWjfxh7_8axslooFX0urQ,@soreysakuya,24,2年,Member (2 years),,不明,,,1,7,0,2026-09-12 19:59,2026-09-12 19:59,,,https://www.youtube.com/channel/UCGHWjfxh7_8axslooFX0urQ
UCFstD45hwm7NFCvIGd4fstw,@アマヤ_amaya,24,2年,Member (2 years),,不明,,,1,1,0,2026-09-15 12:00,2026-09-15 12:00,,,https://www.youtube.com/channel/UCFstD45hwm7NFCvIGd4fstw
UC_2na918UK4XPtu_LNgHzRw,@幽遠,24,2年,Member (2 years),,不明,,,1,3,0,2026-09-15 12:00,2026-09-15 12:00,,,https://www.youtube.com/channel/UC_2na918UK4XPtu_LNgHzRw
UCde8aj6hN2xkatxh7JPtltg,@名前って苦手なんですよ,24,2年,Member (2 years),,不明,,,1,5,0,2026-09-15 12:00,2026-09-15 12:00,,,https://www.youtube.com/channel/UCde8aj6hN2xkatxh7JPtltg
UCtD8xq1LIVkuttGbGtww7zA,@PompomShinato-ポムポムシナト,24,2年,Member (2 years),,不明,,,1,2,0,2026-09-15 12:00,2026-09-15 12:00,,,https://www.youtube.com/channel/UCtD8xq1LIVkuttGbGtww7zA
UCILLGZpbfj6PujCypTE5zvg,@海月亭エ兎-MitsukiteiEto,24,2年,Member (2 years),,不明,,,1,2,0,2026-09-15 12:00,2026-09-15 12:00,,,https://www.youtube.com/channel/UCILLGZpbfj6PujCypTE5zvg
UC0oM4M0oc3EIFJKgLngy1Fg,@マットジーヴァス,24,2年,Member (2 years),,不明,,,1,1,0,2026-09-15 12:00,2026-09-15 12:00,,,https://www.youtube.com/channel/UC0oM4M0oc3EIFJKgLngy1Fg
UCUCV5Pb4VWDhk8lXpNs9Xkg,@snowf11ake,24,2年,Member (2 years),,不明,,,1,2,0,2026-09-15 12:00,2026-09-15 12:00,,,https://www.youtube.com/channel/UCUCV5Pb4VWDhk8lXpNs9Xkg
UCWL9JTaOmpzoDsLxBzLB8kA,@ebifly88,24,2年,Member (2 years),,不明,,,1,1,0,2026-09-15 12:00,2026-09-15 12:00,,,https://www.youtube.com/channel/UCWL9JTaOmpzoDsLxBzLB8kA
UCnV7fI2yUGtIzvMcsQsOOcA,@Pika-m3e,24,2年,Member (2 years),,不明,,,1,2,0,2026-09-17 20:01,2026-09-17 20:01,,,https://www.youtube.com/channel/UCnV7fI2yUGtIzvMcsQsOOcA
UCK-_ZNV5Iqo1PhgLZVaMtog,@Akoya_D,24,2年,Member (2 years),,不明,,,1,4,0,2026-09-17 20:01,2026-09-17 20:01,,,https://www.youtube.com/channel/UCK-_ZNV5Iqo1PhgLZVaMtog
UCW61YFgFD0jx8aPC_HS9_-g,@ぽのたみ,24,2年,Member (2 years),,不明,,,1,5,1,2026-09-17 20:01,2026-09-17 20:01,,,https://www.youtube.com/channel/UCW61YFgFD0jx8aPC_HS9_-g
UCrYXJaD6v8yBRBmlRQoi25w,@ヒロヒロロ-IX,24,2年,Member (2 years),,不明,,,1,1,0,2026-09-17 20:01,2026-09-17 20:01,,,https://www.youtube.com/channel/UCrYXJaD6v8yBRBmlRQoi25w
UC9PC3Lo5XxRhRvPebaMWRZA,@隠絡繰唐紅,24,2年,Member (2 years),,不明,,,1,3,1,2026-09-17 20:01,2026-09-17 20:01,,,https://www.youtube.com/channel/UC9PC3Lo5XxRhRvPebaMWRZA
UC37HXf2CIKmY36OXbPX9I6g,@ユウイ_コリ9590,24,2年,Member (2 years),,不明,,,1,1,0,2026-09-17 20:01,2026-09-17 20:01,,,https://www.youtube.com/channel/UC37HXf2CIKmY36OXbPX9I6g
UCjnNlfQqT1rsQF8v3VVdhOA,@雨宮悠,24,2年,Member (2 years),,不明,,,1,1,0,2026-09-17 20:01,2026-09-17 20:01,,,https://www.youtube.com/channel/UCjnNlfQqT1rsQF8v3VVdhOA
UC4ylTnlWQ9AR74Oe6khbD8w,@アア-l4l,24,2年,Member (2 years),,不明,,,1,1,0,2026-09-17 20:01,2026-09-17 20:01,,,https://www.youtube.com/channel/UC4ylTnlWQ9AR74Oe6khbD8w
UCs_-OljKDa9P473w5BxAJLQ,@ミツキちひろ,24,2年,Member (2 years),,不明,,,1,1,0,2026-09-17 20:01,2026-09-17 20:01,,,https://www.youtube.com/channel/UCs_-OljKDa9P473w5BxAJLQ
UCUgSiFY2mktP96isjzfH-ag,@yuzu.1234,24,2年,Member (2 years),,不明,,,1,1,1,2026-09-17 20:01,2026-09-17 20:01,,,https://www.youtube.com/channel/UCUgSiFY2mktP96isjzfH-ag
UC32QdmMggu2ZPr_fvX4ro3A,@cookie_pogcat,24,2年,Member (2 years),26,ななかま,マイルストーン,,1,1,0,2026-09-18 19:00,2026-09-18 19:00,,,https://www.youtube.com/channel/UC32QdmMggu2ZPr_fvX4ro3A
UCI_KvajOteCVjzvmY7-ugRA,@まにあちゃん-b5f,24,2年,Member (2 years),26,ななかま,マイルストーン,,1,10,0,2026-09-19 12:00,2026-09-19 12:00,,,https://www.youtube.com/channel/UCI_KvajOteCVjzvmY7-ugRA
UCKtG2E97WG9xNlU4WbLEqhg,@neversurrender3540,24,2年,Member (2 years),,不明,,,1,212,0,2026-09-23 21:00,2026-09-23 21:00,,,https://www.youtube.com/channel/UCKtG2E97WG9xNlU4WbLEqhg
UCxm476eRUn4uvk0Jbji7wuQ,@アオ12-ky4ky,24,2年,Member (2 years),,不明,,,1,28,0,2026-09-27 18:59,2026-09-27 18:59,,,https://www.youtube.com/channel/UCxm476eRUn4uvk0Jbji7wuQ
UCIf-DeBwC7UjFrf2A5pUnFg,@ZURA-000,24,2年,Member (2 years),,不明,,,1,1,0,2026-09-27 18:59,2026-09-27 18:59,,,https://www.youtube.com/channel/UCIf-DeBwC7UjFrf2A5pUnFg
UCptX8rVBZitfgJkYs8Cf00w,@アシツキ,24,2年,Member (2 years),,不明,,,1,26,0,2026-09-27 18:59,2026-09-27 18:59,,,https://www.youtube.com/channel/UCptX8rVBZitfgJkYs8Cf00w
UCxzOb83axxwF2SwbOP9zO-A,@ノアザク,24,2年,Member (2 years),,不明,,,1,29,0,2026-09-27 18:59,2026-09-27 18:59,,,https://www.youtube.com/channel/UCxzOb83axxwF2SwbOP9zO-A
UCHhE2BJuNOjN8D1cC2vOkuQ,@オダチーズ,24,2年,Member (2 years),,不明,,,1,2,0,2026-09-27 18:59,2026-09-27 18:59,,,https://www.youtube.com/channel/UCHhE2BJuNOjN8D1cC2vOkuQ
UCvj3O7ISF1BUC3u6fn1Xjnw,@ぐぅたら-gutara,24,2年,Member (2 years),,不明,,,1,2,0,2026-09-27 18:59,2026-09-27 18:59,,,https://www.youtube.com/channel/UCvj3O7ISF1BUC3u6fn1Xjnw
UC40ULETs5KvaXOyNbRdAjjg,@nankanenka,24,2年,Member (2 years),,不明,,,1,1,0,2026-09-27 18:59,2026-09-27 18:59,,,https://www.youtube.com/channel/UC40ULETs5KvaXOyNbRdAjjg
UCe-NPxs2YIVaX_mj3BzYLDA,@れっくす_RE,24,2年,Member (2 years),,不明,,,1,1,0,2026-09-27 18:59,2026-09-27 18:59,,,https://www.youtube.com/channel/UCe-NPxs2YIVaX_mj3BzYLDA
UC6JE-ReR0AoEDw4C3kG57bA,@無限の輪廻クーロン,24,2年,Member (2 years),,不明,,,1,40,0,2026-09-27 18:59,2026-09-27 18:59,,,https://www.youtube.com/channel/UC6JE-ReR0AoEDw4C3kG57bA
UCgFVDvqv7F7kD4tppIu90wA,@Renka_Kusanagi,24,2年,Member (2 years),,不明,,,1,1,0,2026-09-27 18:59,2026-09-27 18:59,,,https://www.youtube.com/channel/UCgFVDvqv7F7kD4tppIu90wA
UC0XBZO9PW61O7iy-HWMS_uw,@ManleyTMG,24,2年,Member (2 years),,不明,,,1,3,0,2026-09-27 18:59,2026-09-27 18:59,,,https://www.youtube.com/channel/UC0XBZO9PW61O7iy-HWMS_uw
UC2BUhkf0VNs9ziGLNjxLEJw,@はとhato,24,2年,Member (2 years),,不明,,,1,3,0,2026-09-27 18:59,2026-09-27 18:59,,,https://www.youtube.com/channel/UC2BUhkf0VNs9ziGLNjxLEJw
UCb2k1UOZoLEVkyaERdY_jaQ,@take1816,24,2年,Member (2 years),,不明,,,1,5,0,2026-09-27 18:59,2026-09-27 18:59,,,https://www.youtube.com/channel/UCb2k1UOZoLEVkyaERdY_jaQ
UCCs8jIQtaVncSlRHq7Nr1lA,@おもちうにょーん0101,24,2年,Member (2 years),,不明,,,1,1,0,2026-09-27 18:59,2026-09-27 18:59,,,https://www.youtube.com/channel/UCCs8jIQtaVncSlRHq7Nr1lA
UCMWS-eNpSx8f1V-sySVY8GQ,@Shunsuke-ac,24,2年,Member (2 years),,不明,,,1,1,0,2026-09-27 18:59,2026-09-27 18:59,,,https://www.youtube.com/channel/UCMWS-eNpSx8f1V-sySVY8GQ
UCJx-oJWaz8pFyagdA_4uUXw,@takuyan5015,24,2年,Member (2 years),,不明,,,1,1,0,2026-09-27 18:59,2026-09-27 18:59,,,https://www.youtube.com/channel/UCJx-oJWaz8pFyagdA_4uUXw
UCX7hu2BDZ5xtX-HFTt-ZLjg,@涼風0810,24,2年,Member (2 years),,不明,,,1,1,0,2026-09-27 18:59,2026-09-27 18:59,,,https://www.youtube.com/channel/UCX7hu2BDZ5xtX-HFTt-ZLjg
UCelPbA-CVXd8195ykvOVTdg,@西瓜___o_o,24,2年,Member (2 years),,不明,,,1,1,0,2026-09-27 18:59,2026-09-27 18:59,,,https://www.youtube.com/channel/UCelPbA-CVXd8195ykvOVTdg
UChWLRCSE2wuJya0BM6mkdKg,@KMKSs,24,2年,Member (2 years),,ななかま,再加入/レベル変更,,1,0,0,2026-09-27 18:59,2026-09-27 18:59,,,https://www.youtube.com/channel/UChWLRCSE2wuJya0BM6mkdKg
UCoXVTQdYwZqwg-7ApPQSQMA,@mickeyma693,24,2年,Member (2 years),,不明,,,1,1,0,2026-09-28 21:00,2026-09-28 21:00,,,https://www.youtube.com/channel/UCoXVTQdYwZqwg-7ApPQSQMA
UCDYJ8OJFRnUBH5gJpMG2_iA,@デンチメン,24,2年,Member (2 years),,不明,,,1,1,0,2026-09-30 19:01,2026-09-30 19:01,,,https://www.youtube.com/channel/UCDYJ8OJFRnUBH5gJpMG2_iA
UCBK_XKaWzDo3XVsi1uhP6zQ,@SpAThipHyl-LuM,24,2年,Member (2 years),,不明,,,1,10,0,2026-09-30 19:01,2026-09-30 19:01,,,https://www.youtube.com/channel/UCBK_XKaWzDo3XVsi1uhP6zQ
UC0mZ8eW5g-lVgUhIjxqQtFA,@みそみそ-z8j,24,2年,Member (2 years),,不明,,,1,1,0,2026-09-30 19:01,2026-09-30 19:01,,,https://www.youtube.com/channel/UC0mZ8eW5g-lVgUhIjxqQtFA
UCAtYQaQoG64gwQInZuvWhNg,@にう-e8i,24,2年,Member (2 years),,不明,,,1,1,0,2026-10-04 12:00,2026-10-04 12:00,,,https://www.youtube.com/channel/UCAtYQaQoG64gwQInZuvWhNg
UCw61WGybGO-a3bZ72m-B-uQ,@暁宵-akatukiyoi,12,1年,Member (1 year),,不明,,,18,1856,1,2026-09-10 19:01,2026-10-04 12:00,,,https://www.youtube.com/channel/UCw61WGybGO-a3bZ72m-B-uQ
UCTT2EBHxC14Eo3rAdhwX5aA,@asizu9992,12,1年,Member (1 year),,不明,,,18,1467,0,2026-09-10 19:01,2026-10-04 12:00,,,https://www.youtube.com/channel/UCTT2EBHxC14Eo3rAdhwX5aA
UCnLYnpbBY0ph4dNKyjF26Yg,@かいじゅう3-7,12,1年,Member (1 year),,不明,,,18,5483,0,2026-09-10 19:01,2026-10-04 12:00,,,https://www.youtube.com/channel/UCnLYnpbBY0ph4dNKyjF26Yg
UC0C8v9QGPfgiTmd-Po2fa3g,@よん-z2s,12,1年,Member (1 year),,不明,,,18,2841,1,2026-09-10 19:01,2026-10-04 12:00,,,https://www.youtube.com/channel/UC0C8v9QGPfgiTmd-Po2fa3g
UCbBP8P5-81G6blUjZjbeRxw,@mashironsp,12,1年,Member (1 year),,不明,,,18,135,0,2026-09-10 19:01,2026-10-04 12:00,,,https://www.youtube.com/channel/UCbBP8P5-81G6blUjZjbeRxw
UCS8WiiD1mtfQdbuNooA6RvA,@糸井八幡,12,1年,Member (1 year),,不明,,,18,3353,1,2026-09-10 19:01,2026-10-04 12:00,,,https://www.youtube.com/channel/UCS8WiiD1mtfQdbuNooA6RvA
UCP9EsBFTIxMbfie1qqq2fwA,@ひょっとこ-Hyottoko,12,1年,Member (1 year),,不明,,,17,81,0,2026-09-10 19:01,2026-10-04 12:00,,,https://www.youtube.com/channel/UCP9EsBFTIxMbfie1qqq2fwA
UCXibk3rvXzW9UHk4FKMfXpg,@木目-mokume,12,1年,Member (1 year),,不明,,,17,3564,0,2026-09-10 19:01,2026-10-04 12:00,,,https://www.youtube.com/channel/UCXibk3rvXzW9UHk4FKMfXpg
UC850W4hsTXSe8k7sM1yHD7w,@えぬ男_219,12,1年,Member (1 year),,不明,,,17,1298,1,2026-09-10 19:01,2026-10-04 12:00,,,https://www.youtube.com/channel/UC850W4hsTXSe8k7sM1yHD7w
UCyw8dWvcXKbMijpOLCwqDFA,@アイコンおろし,12,1年,Member (1 year),,不明,,,17,1860,8,2026-09-10 19:01,2026-10-04 12:00,,,https://www.youtube.com/channel/UCyw8dWvcXKbMijpOLCwqDFA
UCQuM2AZ7fKTygV8iBCmUoNg,@パル_ch,12,1年,Member (1 year),,不明,,,16,843,1,2026-09-10 19:01,2026-10-04 12:00,,,https://www.youtube.com/channel/UCQuM2AZ7fKTygV8iBCmUoNg
UCFYwGURJkzoNaygisxiRQPw,@weizhezhang2330,12,1年,Member (1 year),,不明,,,16,332,0,2026-09-10 19:01,2026-10-03 21:00,,,https://www.youtube.com/channel/UCFYwGURJkzoNaygisxiRQPw
UCu5vPL8VlULnHZJ8iedqyrg,@RGB65bit,12,1年,Member (1 year),,不明,,,16,65,0,2026-09-10 19:01,2026-10-04 12:00,,,https://www.youtube.com/channel/UCu5vPL8VlULnHZJ8iedqyrg
UCRwR_wWvs_LdEpUoBkfapcQ,@v発光するにょろきち,12,1年,Member (1 year),,不明,,,16,4817,17,2026-09-10 19:01,2026-10-04 12:00,,,https://www.youtube.com/channel/UCRwR_wWvs_LdEpUoBkfapcQ
UCZWvEDza6kxwJpXaHFLg2FA,@しぇろーと,12,1年,Member (1 year),,不明,,,16,525,0,2026-09-10 19:01,2026-10-04 12:00,,,https://www.youtube.com/channel/UCZWvEDza6kxwJpXaHFLg2FA
UCZcTnFrlPtzzU_rKQ6_Df2w,@kb-g4c,12,1年,Member (1 year),,不明,,,15,1133,0,2026-09-10 19:01,2026-10-04 12:00,,,https://www.youtube.com/channel/UCZcTnFrlPtzzU_rKQ6_Df2w
UCb_gDy5Kf7aYaarTaeUwdQA,@ポポタロウ,12,1年,Member (1 year),,不明,,,15,523,0,2026-09-10 19:01,2026-10-04 12:00,,,https://www.youtube.com/channel/UCb_gDy5Kf7aYaarTaeUwdQA
UCB6T1hDMljF_EC2OqrVUjUA,@ひよころ56,12,1年,Member (1 year),,不明,,,15,518,0,2026-09-10 19:01,2026-10-04 12:00,,,https://www.youtube.com/channel/UCB6T1hDMljF_EC2OqrVUjUA
UCzZwFyPpM2lbFCNoc2jnB3w,@ハルカカナタ-b8x,12,1年,Member (1 year),,不明,,,15,55,0,2026-09-10 19:01,2026-10-04 12:00,,,https://www.youtube.com/channel/UCzZwFyPpM2lbFCNoc2jnB3w
UC3rK2BSzlIYsbtcfJx3U6nA,@シンシン0533,12,1年,Member (1 year),,不明,,,15,92,0,2026-09-10 19:01,2026-10-04 12:00,,,https://www.youtube.com/channel/UC3rK2BSzlIYsbtcfJx3U6nA
UCPKmW9eScyojnWayvUL30kQ,@つきみるだんご,12,1年,Member (1 year),,不明,,,15,861,0,2026-09-10 19:01,2026-10-04 12:00,,,https://www.youtube.com/channel/UCPKmW9eScyojnWayvUL30kQ
UCzycVfS0OkKZZ2XcONDkb4A,@ふうか2543,12,1年,Member (1 year),,不明,,,15,437,9,2026-09-10 19:01,2026-10-04 12:00,,,https://www.youtube.com/channel/UCzycVfS0OkKZZ2XcONDkb4A
UCPbG1Znkni833IR5pk-ZBPg,@チェス猫in不思議の国のボブ,12,1年,Member (1 year),,不明,,,15,1293,10,2026-09-10 19:01,2026-10-04 12:00,,,https://www.youtube.com/channel/UCPbG1Znkni833IR5pk-ZBPg
UCk2Su8VjPDgmg2wLjehNFLQ,@椛SALT,12,1年,Member (1 year),,不明,,,15,200,0,2026-09-10 19:01,2026-10-04 12:00,,,https://www.youtube.com/channel/UCk2Su8VjPDgmg2wLjehNFLQ
UCMRJfdmmHm_g1rkjex8qvhg,@おうどん-u2w,12,1年,Member (1 year),,不明,,,14,34,0,2026-09-10 19:01,2026-10-04 12:00,,,https://www.youtube.com/channel/UCMRJfdmmHm_g1rkjex8qvhg
UCgpD0NfSosYd2gk0fZKWRXw,@7thAlice,12,1年,Member (1 year),,不明,,,14,1787,1,2026-09-10 19:01,2026-09-30 19:01,,,https://www.youtube.com/channel/UCgpD0NfSosYd2gk0fZKWRXw
UCD2wuxUJ5hiEeCmFD7MIxYA,@ぽぽちゃん-w2u,12,1年,Member (1 year),,不明,,,14,30,0,2026-09-10 19:01,2026-10-04 12:00,,,https://www.youtube.com/channel/UCD2wuxUJ5hiEeCmFD7MIxYA
UCrLpAjUckg6dozHc2NErwkA,@おむしか,12,1年,Member (1 year),,不明,,,14,28,0,2026-09-10 19:01,2026-10-03 21:00,,,https://www.youtube.com/channel/UCrLpAjUckg6dozHc2NErwkA
UCwp7dUtQx1q7wUS0hRMvjnw,@はじめ_GH,12,1年,Member (1 year),,不明,,,14,639,0,2026-09-10 19:01,2026-10-02 18:01,,,https://www.youtube.com/channel/UCwp7dUtQx1q7wUS0hRMvjnw
UCYUBJCDtNmd0UdKyN2vNA-g,@non-p9b,12,1年,Member (1 year),,不明,,,14,695,0,2026-09-10 19:01,2026-10-04 12:00,,,https://www.youtube.com/channel/UCYUBJCDtNmd0UdKyN2vNA-g
UCMndke3P9S1NED8tGuqyHiQ,@れん-j4w9f,12,1年,Member (1 year),,不明,,,14,885,0,2026-09-11 21:05,2026-10-04 12:00,,,https://www.youtube.com/channel/UCMndke3P9S1NED8tGuqyHiQ
UCGyXkLhv1oPikoiQ5g6lHfA,@ささ_sasa19,12,1年,Member (1 year),,不明,,,14,1778,0,2026-09-12 12:00,2026-10-04 12:00,,,https://www.youtube.com/channel/UCGyXkLhv1oPikoiQ5g6lHfA
UCJEU0LXNvreWACWQXRkJbig,@弐式武,12,1年,Member (1 year),,不明,,,13,1692,0,2026-09-10 19:01,2026-10-03 21:00,,,https://www.youtube.com/channel/UCJEU0LXNvreWACWQXRkJbig
UCcM5L2Vzx_OWLTR1vzbW5jg,@ルー-sy,12,1年,Member (1 year),,不明,,,13,548,0,2026-09-10 19:01,2026-10-04 12:00,,,https://www.youtube.com/channel/UCcM5L2Vzx_OWLTR1vzbW5jg
UCxmvFPjdcpeJPCdlSGMDbOQ,@椋-m2s,12,1年,Member (1 year),,不明,,,13,405,8,2026-09-10 19:01,2026-10-04 12:00,,,https://www.youtube.com/channel/UCxmvFPjdcpeJPCdlSGMDbOQ
UC8FU-mal1rscl4Ik1PJEy2Q,@じゅんPf,12,1年,Member (1 year),,不明,,,13,782,0,2026-09-10 19:01,2026-10-03 21:00,,,https://www.youtube.com/channel/UC8FU-mal1rscl4Ik1PJEy2Q
UCAS78Cu5TlhT1WeqU8OBW3g,@やきしお,12,1年,Member (1 year),,不明,,,13,97,0,2026-09-10 19:01,2026-10-04 12:00,,,https://www.youtube.com/channel/UCAS78Cu5TlhT1WeqU8OBW3g
UCJPkt5P11fZokk4mrwZu9vA,@white_10000,12,1年,Member (1 year),,不明,,,13,69,0,2026-09-10 19:01,2026-10-04 12:00,,,https://www.youtube.com/channel/UCJPkt5P11fZokk4mrwZu9vA
UCR3cHnSkbyzSKVxDDXHbSzA,@spakin2337,12,1年,Member (1 year),,不明,,,13,241,1,2026-09-11 21:05,2026-10-04 12:00,,,https://www.youtube.com/channel/UCR3cHnSkbyzSKVxDDXHbSzA
UCMIrhPSbKdfusAMJc_Gjesg,@ほっこりバター,12,1年,Member (1 year),,不明,,,13,196,2,2026-09-15 12:00,2026-10-04 12:00,,,https://www.youtube.com/channel/UCMIrhPSbKdfusAMJc_Gjesg
UCYmJ9TIlTynlp_tlYMeTixw,@ルマンド-g6k,12,1年,Member (1 year),,不明,,,12,1595,0,2026-09-10 19:01,2026-10-04 12:00,,,https://www.youtube.com/channel/UCYmJ9TIlTynlp_tlYMeTixw
UCHQ4RhkDwbXiPcRjsBMXJ8Q,@Akari_rr,12,1年,Member (1 year),,不明,,,12,516,0,2026-09-10 19:01,2026-10-04 12:00,,,https://www.youtube.com/channel/UCHQ4RhkDwbXiPcRjsBMXJ8Q
UCDH8pqHNSD6My2526IZ3rZA,@HayatoSuruga,12,1年,Member (1 year),,不明,,,12,82,0,2026-09-10 19:01,2026-10-04 12:00,,,https://www.youtube.com/channel/UCDH8pqHNSD6My2526IZ3rZA
UCRcEdHpjdvgTA25mkRn9UWw,@レイ-cb13,12,1年,Member (1 year),,不明,,,12,102,0,2026-09-10 19:01,2026-10-04 12:00,,,https://www.youtube.com/channel/UCRcEdHpjdvgTA25mkRn9UWw
UCdEWD-9s1fgP7QQjaeqdZfQ,@abbafungleek,12,1年,Member (1 year),,不明,,,12,31,0,2026-09-10 19:01,2026-10-04 12:00,,,https://www.youtube.com/channel/UCdEWD-9s1fgP7QQjaeqdZfQ
UCTu9u717Wx4eHOeUVkrEkIw,@ゆうちnntm,12,1年,Member (1 year),,不明,,,12,94,2,2026-09-11 21:05,2026-10-02 18:01,,,https://www.youtube.com/channel/UCTu9u717Wx4eHOeUVkrEkIw
UC5TUwfogjg0dKo4Q9dEtQ4A,@とて-totet,12,1年,Member (1 year),,不明,,,12,356,0,2026-09-12 19:59,2026-10-04 12:00,,,https://www.youtube.com/channel/UC5TUwfogjg0dKo4Q9dEtQ4A
UC6loYN5MuFAxE_UqNZgoA8Q,@サモエドスマイル,12,1年,Member (1 year),,不明,,,12,2581,0,2026-09-17 20:01,2026-10-04 12:00,,,https://www.youtube.com/channel/UC6loYN5MuFAxE_UqNZgoA8Q
UCRJU1wvIG2uE45dqAbymnhA,@おそららら,12,1年,Member (1 year),,不明,,,11,32,0,2026-09-10 19:01,2026-10-04 12:00,,,https://www.youtube.com/channel/UCRJU1wvIG2uE45dqAbymnhA
UClXpOsYXNqag_pyuwUz67GQ,@ウル-t1d,12,1年,Member (1 year),,不明,,,11,34,0,2026-09-10 19:01,2026-10-04 12:00,,,https://www.youtube.com/channel/UClXpOsYXNqag_pyuwUz67GQ
UCDQCAhsP3zohqBBN6no_q-A,@あかつ-k1,12,1年,Member (1 year),,不明,,,11,89,0,2026-09-10 19:01,2026-10-02 18:01,,,https://www.youtube.com/channel/UCDQCAhsP3zohqBBN6no_q-A
UCTvGz3aszj7L2xk8niNgU8w,@KO-zk4qb,12,1年,Member (1 year),,不明,,,11,243,0,2026-09-10 19:01,2026-09-30 19:01,,,https://www.youtube.com/channel/UCTvGz3aszj7L2xk8niNgU8w
UC4g3IfbFO6vw7V18zhsPsVg,@赤村サキ,12,1年,Member (1 year),,不明,,,11,64,0,2026-09-10 19:01,2026-10-04 12:00,,,https://www.youtube.com/channel/UC4g3IfbFO6vw7V18zhsPsVg
UCeBow59CWXaFq9tuvAikJNg,@ぜんお前だったのか,12,1年,Member (1 year),,不明,,,11,79,0,2026-09-10 19:01,2026-10-04 12:00,,,https://www.youtube.com/channel/UCeBow59CWXaFq9tuvAikJNg
UCzqgJzZKZ7nxVgfR7ukAz3g,@おしかわ-110,12,1年,Member (1 year),,不明,,,10,378,2,2026-09-10 19:01,2026-10-03 21:00,,,https://www.youtube.com/channel/UCzqgJzZKZ7nxVgfR7ukAz3g
UCcuxJ4JrwCjjTUzlFe5A7Lg,@はちまんティッキー,12,1年,Member (1 year),,不明,,,10,675,0,2026-09-10 19:01,2026-10-04 12:00,,,https://www.youtube.com/channel/UCcuxJ4JrwCjjTUzlFe5A7Lg
UCdBrNMigfVnFFAoGjHdwu_Q,@神戸しゃれ,12,1年,Member (1 year),,不明,,,10,847,0,2026-09-10 19:01,2026-10-04 12:00,,,https://www.youtube.com/channel/UCdBrNMigfVnFFAoGjHdwu_Q
UClso3oEJvr7ZBsAzvWE4oJg,@青いお豆腐,12,1年,Member (1 year),,不明,,,10,347,1,2026-09-10 19:01,2026-10-04 12:00,,,https://www.youtube.com/channel/UClso3oEJvr7ZBsAzvWE4oJg
UCHixMzujs0ZBTXm5C6GY2uw,@もる-moru,12,1年,Member (1 year),,不明,,,9,87,0,2026-09-10 19:01,2026-10-04 12:00,,,https://www.youtube.com/channel/UCHixMzujs0ZBTXm5C6GY2uw
UCIuXyNA7Tf-ay0tGBwu9uEw,@Sailer0314,12,1年,Member (1 year),,不明,,,9,47,0,2026-09-10 19:01,2026-10-04 12:00,,,https://www.youtube.com/channel/UCIuXyNA7Tf-ay0tGBwu9uEw
UCIGE5jNQSrOMuQMMYGthYNQ,@羽田ゲル_HanedaGel,12,1年,Member (1 year),,不明,,,9,191,0,2026-09-10 19:01,2026-10-04 12:00,,,https://www.youtube.com/channel/UCIGE5jNQSrOMuQMMYGthYNQ
UCVv79qW35sVD1LG6RmnVZAA,@エリュ-l4i,12,1年,Member (1 year),,不明,,,9,60,0,2026-09-10 19:01,2026-10-04 12:00,,,https://www.youtube.com/channel/UCVv79qW35sVD1LG6RmnVZAA
UC9rinjD6uYcGlwuLce0Nfrg,@しゃお-Shaokuz,12,1年,Member (1 year),,不明,,,9,22,0,2026-09-10 19:01,2026-10-03 21:00,,,https://www.youtube.com/channel/UC9rinjD6uYcGlwuLce0Nfrg
UCOcDBaeaKVLa1caVniYrlig,@アークス,12,1年,Member (1 year),,不明,,,9,144,0,2026-09-10 19:01,2026-10-04 12:00,,,https://www.youtube.com/channel/UCOcDBaeaKVLa1caVniYrlig
UCzSsvovoVCtQs2mtC2qEY4g,@シンボブ-hsinbob,12,1年,Member (1 year),15,ななかま,マイルストーン,,9,37,0,2026-09-15 12:00,2026-10-04 12:00,,,https://www.youtube.com/channel/UCzSsvovoVCtQs2mtC2qEY4g
UC_GNqzBdzcMFeNFpglPAxzQ,@c.p.1739,12,1年,Member (1 year),,不明,,,9,29,0,2026-09-18 19:00,2026-10-04 12:00,,,https://www.youtube.com/channel/UC_GNqzBdzcMFeNFpglPAxzQ
UCu7OG3R5glrO0ZhqNTUDVQw,@tyouhakushigen,12,1年,Member (1 year),,不明,,,8,135,0,2026-09-10 19:01,2026-10-02 18:01,,,https://www.youtube.com/channel/UCu7OG3R5glrO0ZhqNTUDVQw
UCNgl1ND6khTEZoKgowqO-dg,@よっしー168号,12,1年,Member (1 year),,不明,,,8,67,0,2026-09-10 19:01,2026-10-04 12:00,,,https://www.youtube.com/channel/UCNgl1ND6khTEZoKgowqO-dg
UCbKfyKi9PGPMEKZUsu72mRw,@ここん-t7f,12,1年,Member (1 year),,不明,,,8,118,0,2026-09-10 19:01,2026-09-21 21:00,,,https://www.youtube.com/channel/UCbKfyKi9PGPMEKZUsu72mRw
UC1sVsEcCgIsHlzFeLnyIyXw,@kyrieen,12,1年,Member (1 year),,不明,,,8,20,0,2026-09-10 19:01,2026-09-28 21:00,,,https://www.youtube.com/channel/UC1sVsEcCgIsHlzFeLnyIyXw
UCqXh1pRxqvF0ACPmGDbz8_w,@つぇつぇ-tsetse,12,1年,Member (1 year),,不明,,,8,358,0,2026-09-12 12:00,2026-10-02 18:01,,,https://www.youtube.com/channel/UCqXh1pRxqvF0ACPmGDbz8_w
UCmYC-W-X2rBr81Yh0b4c6Rg,@矢野ランス,12,1年,Member (1 year),,不明,,,8,18,0,2026-09-12 19:59,2026-10-03 21:00,,,https://www.youtube.com/channel/UCmYC-W-X2rBr81Yh0b4c6Rg
UCIBQFNwQQSQnWeM_SabnuPQ,@さいとゆう-r4u,12,1年,Member (1 year),,不明,,,8,180,0,2026-09-12 19:59,2026-10-03 21:00,,,https://www.youtube.com/channel/UCIBQFNwQQSQnWeM_SabnuPQ
UC4yEDOXW_wgb3JoU1vH9Q_A,@ままんじゅう-mk,12,1年,Member (1 year),,不明,,,7,169,0,2026-09-10 19:01,2026-09-30 19:01,,,https://www.youtube.com/channel/UC4yEDOXW_wgb3JoU1vH9Q_A
UCjSt5X1rRa880T5C2B4m9uQ,@こももちゃ,12,1年,Member (1 year),,不明,,,7,143,0,2026-09-10 19:01,2026-10-02 18:01,,,https://www.youtube.com/channel/UCjSt5X1rRa880T5C2B4m9uQ
UCbxETtOOFUeiiwne-EMGATA,@優-f6y,12,1年,Member (1 year),,不明,,,7,23,0,2026-09-12 12:00,2026-10-04 12:00,,,https://www.youtube.com/channel/UCbxETtOOFUeiiwne-EMGATA
UCc3hmIw0Zv8iLM4Vi2fbs7g,@はるかぜ2434,12,1年,Member (1 year),,不明,,,7,39,0,2026-09-12 12:00,2026-10-04 12:00,,,https://www.youtube.com/channel/UCc3hmIw0Zv8iLM4Vi2fbs7g
UC-xT0M5ISTt8aJehUyD7Gmw,@ゆるギナ-w8u,12,1年,Member (1 year),,不明,,,7,376,2,2026-09-12 19:59,2026-10-02 18:01,,,https://www.youtube.com/channel/UC-xT0M5ISTt8aJehUyD7Gmw
UCT8FmGCm1pDrpFknhBx-86w,@マルコ_ロッソ,12,1年,Member (1 year),,不明,,,7,368,0,2026-09-15 12:00,2026-10-03 21:00,,,https://www.youtube.com/channel/UCT8FmGCm1pDrpFknhBx-86w
UCu_WS213DiAd_oavtlM85nA,@あまのゆきな_0726,12,1年,Member (1 year),,不明,,,7,471,3,2026-09-18 19:00,2026-10-04 12:00,,,https://www.youtube.com/channel/UCu_WS213DiAd_oavtlM85nA
UCPR-1IyAmDuo-fIzYvs1B9w,@なた-g1m,12,1年,Member (1 year),,不明,,,6,125,0,2026-09-10 19:01,2026-09-28 21:00,,,https://www.youtube.com/channel/UCPR-1IyAmDuo-fIzYvs1B9w
UC63lRy1bhsrlRXXgf4eamkg,@マーシーー,12,1年,Member (1 year),,不明,,,6,7,0,2026-09-12 12:00,2026-09-28 21:00,,,https://www.youtube.com/channel/UC63lRy1bhsrlRXXgf4eamkg
UCcP73WaV9x3LmyqgqVvWJnQ,@緑葉リョクハ,12,1年,Member (1 year),,不明,,,6,13,0,2026-09-12 12:00,2026-10-04 12:00,,,https://www.youtube.com/channel/UCcP73WaV9x3LmyqgqVvWJnQ
UCUzgRDB6XV55gwuSv87PGJg,@もじゃ公-c2p,12,1年,Member (1 year),,不明,,,6,245,1,2026-09-12 19:59,2026-10-02 18:01,,,https://www.youtube.com/channel/UCUzgRDB6XV55gwuSv87PGJg
UC2lRnkmqpdSCdq4u23vhXWw,@もろさめ,12,1年,Member (1 year),,不明,,,6,148,0,2026-09-12 19:59,2026-10-02 18:01,,,https://www.youtube.com/channel/UC2lRnkmqpdSCdq4u23vhXWw
UCQcUSjMHSa1nBuqtKUqlHHQ,@na_coco72,12,1年,Member (1 year),,不明,,,6,78,0,2026-09-15 12:00,2026-10-02 18:01,,,https://www.youtube.com/channel/UCQcUSjMHSa1nBuqtKUqlHHQ
UCUUMaCEJmChKZUBwjThgBXg,@ミルキーウェイミルフィーユ,12,1年,Member (1 year),,不明,,,6,233,0,2026-09-17 20:01,2026-09-30 19:01,,,https://www.youtube.com/channel/UCUUMaCEJmChKZUBwjThgBXg
UC6uNrwiQrmc-CDtInfMKLEg,@かのん-s7x8d,12,1年,Member (1 year),,不明,,,5,23,0,2026-09-10 19:01,2026-09-27 18:59,,,https://www.youtube.com/channel/UC6uNrwiQrmc-CDtInfMKLEg
UCdXu3Q9cgk66VKLP9Qh4otA,@ちゃもんと,12,1年,Member (1 year),,不明,,,5,18,0,2026-09-10 19:01,2026-09-30 19:01,,,https://www.youtube.com/channel/UCdXu3Q9cgk66VKLP9Qh4otA
UCWVLgPxUTfbZ75SAA8ZRBpA,@カエデ-v2b,12,1年,Member (1 year),,不明,,,5,13,0,2026-09-12 12:00,2026-10-02 18:01,,,https://www.youtube.com/channel/UCWVLgPxUTfbZ75SAA8ZRBpA
UC8d8cboIm1ieh2hREHihfBA,@tamenao-d5r,12,1年,Member (1 year),,不明,,,5,15,0,2026-09-12 12:00,2026-10-04 12:00,,,https://www.youtube.com/channel/UC8d8cboIm1ieh2hREHihfBA
UCLnxIPqiTCvOqS8bGM_v_uQ,@カインプ,12,1年,Member (1 year),,不明,,,5,126,0,2026-09-15 12:00,2026-10-02 18:01,,,https://www.youtube.com/channel/UCLnxIPqiTCvOqS8bGM_v_uQ
UCWqK7za2mrmMDCUm-XWdpSg,@しーくん-dayo,12,1年,Member (1 year),,不明,,,4,427,2,2026-09-11 21:05,2026-10-02 18:01,,,https://www.youtube.com/channel/UCWqK7za2mrmMDCUm-XWdpSg
UCObsct4DkCwvcZniAlJiOJA,@r-are-Earl,12,1年,Member (1 year),,不明,,,4,7,0,2026-09-12 12:00,2026-09-28 21:00,,,https://www.youtube.com/channel/UCObsct4DkCwvcZniAlJiOJA
UCOjWBLFopLpueCu9SOSJLUQ,@ゆーっぷ,12,1年,Member (1 year),,不明,,,4,175,0,2026-09-12 19:59,2026-09-30 19:01,,,https://www.youtube.com/channel/UCOjWBLFopLpueCu9SOSJLUQ
UClHRDlURl2UhPCMybpd0GlA,@れむりー-5317,12,1年,Member (1 year),,不明,,,4,19,0,2026-09-12 19:59,2026-10-02 18:01,,,https://www.youtube.com/channel/UClHRDlURl2UhPCMybpd0GlA
UCfxMfhYfz3aURahL8jXzSPg,@meron1125,12,1年,Member (1 year),,不明,,,4,50,0,2026-09-17 20:01,2026-09-30 19:01,,,https://www.youtube.com/channel/UCfxMfhYfz3aURahL8jXzSPg
UC69u52whPAldSbhAehcSpZw,@ぽぴたろん,12,1年,Member (1 year),,不明,,,4,51,0,2026-09-18 19:00,2026-10-02 18:01,,,https://www.youtube.com/channel/UC69u52whPAldSbhAehcSpZw
UCdWsWHr2pgIlc-meiXiYz7w,@馬_umaaaaa_sub,12,1年,Member (1 year),,不明,,,4,6,0,2026-09-18 19:00,2026-09-28 21:00,,,https://www.youtube.com/channel/UCdWsWHr2pgIlc-meiXiYz7w
UC65Jo4eM4140A6-qon1GtuQ,@louise_azusa,12,1年,Member (1 year),,不明,,,3,6,0,2026-09-10 19:01,2026-09-27 18:59,,,https://www.youtube.com/channel/UC65Jo4eM4140A6-qon1GtuQ
UCO-o7R92JiN-EM6-0ohDiQw,@ごりちゃん1ごう,12,1年,Member (1 year),,不明,,,3,15,0,2026-09-10 19:01,2026-09-27 18:59,,,https://www.youtube.com/channel/UCO-o7R92JiN-EM6-0ohDiQw
UCdKa6Xbg5l5KbcYTnj7YMFA,@そんなことアルモンテ,12,1年,Member (1 year),,不明,,,3,3,0,2026-09-12 12:00,2026-09-30 19:01,,,https://www.youtube.com/channel/UCdKa6Xbg5l5KbcYTnj7YMFA
UCmh5v4wLBloBuuibPZXbcwg,@空蝉01,12,1年,Member (1 year),,不明,,,3,229,0,2026-09-12 19:59,2026-09-27 18:59,,,https://www.youtube.com/channel/UCmh5v4wLBloBuuibPZXbcwg
UCi-Bm5nZGKLJacRR-eykFrQ,@Komiruv_v,12,1年,Member (1 year),,不明,,,3,4,0,2026-09-15 12:00,2026-10-04 12:00,,,https://www.youtube.com/channel/UCi-Bm5nZGKLJacRR-eykFrQ
UCTcTs6xIPyYkPEVdc1zWWaQ,@iwaDAYO-,12,1年,Member (1 year),,不明,,,3,44,0,2026-09-15 12:00,2026-09-27 18:59,,,https://www.youtube.com/channel/UCTcTs6xIPyYkPEVdc1zWWaQ
UCy8xw6qx7EHYmMwXi8Se5HA,@ただの雪音,12,1年,Member (1 year),,不明,,,3,86,1,2026-09-15 12:00,2026-09-27 18:59,,,https://www.youtube.com/channel/UCy8xw6qx7EHYmMwXi8Se5HA
UCeunMh1nz4Jlg6RFvkP9vrw,@マリカ-t6s,12,1年,Member (1 year),,不明,,,3,181,0,2026-09-15 12:00,2026-09-27 18:59,,,https://www.youtube.com/channel/UCeunMh1nz4Jlg6RFvkP9vrw
UC76BneLBE_UXChi0mN4ur_A,@わどわど3,12,1年,Member (1 year),,不明,,,3,4,0,2026-09-17 20:01,2026-09-30 19:01,,,https://www.youtube.com/channel/UC76BneLBE_UXChi0mN4ur_A
UCU61uieb2K5eHSsjGnIS4Xg,@wうぃろ,12,1年,Member (1 year),,不明,,,3,26,0,2026-09-18 19:00,2026-09-30 19:01,,,https://www.youtube.com/channel/UCU61uieb2K5eHSsjGnIS4Xg
UC-cqFyQUCbdS2PVWvHhesZQ,@ピアリ728,12,1年,Member (1 year),,不明,,,3,11,0,2026-09-18 19:00,2026-09-25 21:00,,,https://www.youtube.com/channel/UC-cqFyQUCbdS2PVWvHhesZQ
UCXMLmCvZuCUqJwlH7xuONJA,@マスト123,12,1年,Member (1 year),,不明,,,3,94,0,2026-09-18 19:00,2026-09-30 19:01,,,https://www.youtube.com/channel/UCXMLmCvZuCUqJwlH7xuONJA
UCUFex7RZ2Bzf3IKujeFhyJw,@ともっち-g7c,12,1年,Member (1 year),,不明,,,3,12,0,2026-09-27 18:59,2026-10-03 21:00,,,https://www.youtube.com/channel/UCUFex7RZ2Bzf3IKujeFhyJw
UCILDYLbzoTkYEBHXy6uDOWg,@buri-10,12,1年,Member (1 year),,不明,,,2,2,0,2026-09-10 19:01,2026-09-25 21:00,,,https://www.youtube.com/channel/UCILDYLbzoTkYEBHXy6uDOWg
UC7XBD5bvS_mcGVGg9A6IGxA,@ちづ_wan,12,1年,Member (1 year),,不明,,,2,12,0,2026-09-10 19:01,2026-09-23 21:00,,,https://www.youtube.com/channel/UC7XBD5bvS_mcGVGg9A6IGxA
UCK5LujmcP6vtuPg6FUdnLpA,@あげ-imo,12,1年,Member (1 year),,不明,,,2,2,0,2026-09-10 19:01,2026-10-03 21:00,,,https://www.youtube.com/channel/UCK5LujmcP6vtuPg6FUdnLpA
UCGMiAP5E1FGAWjUy1NbZUNA,@elegytovoid,12,1年,Member (1 year),,不明,,,2,2,0,2026-09-12 12:00,2026-09-15 12:00,,,https://www.youtube.com/channel/UCGMiAP5E1FGAWjUy1NbZUNA
UC1Lg1hmrNOS6WDRDyUPze_A,@co5174,12,1年,Member (1 year),,不明,,,2,5,0,2026-09-12 19:59,2026-09-17 20:01,,,https://www.youtube.com/channel/UC1Lg1hmrNOS6WDRDyUPze_A
UC7yK9BkfcQGlZOODd9pU72g,@Zuda04,12,1年,Member (1 year),,不明,,,2,2,0,2026-09-12 19:59,2026-09-21 21:00,,,https://www.youtube.com/channel/UC7yK9BkfcQGlZOODd9pU72g
UCJDtFtXzDA0_0CWALzL_r_A,@時給255円,12,1年,Member (1 year),,不明,,,2,8,0,2026-09-15 12:00,2026-09-27 18:59,,,https://www.youtube.com/channel/UCJDtFtXzDA0_0CWALzL_r_A
UCteCRYp1PbXgzsofkqpUKoQ,@enbu-suzaku,12,1年,Member (1 year),15,ななかま,マイルストーン,,2,204,1,2026-09-17 20:01,2026-09-27 18:59,,,https://www.youtube.com/channel/UCteCRYp1PbXgzsofkqpUKoQ
UCrJwC-LUGQ-92gzcwKLB-Vw,@アイス-ice,12,1年,Member (1 year),,不明,,,2,175,0,2026-09-17 20:01,2026-09-27 18:59,,,https://www.youtube.com/channel/UCrJwC-LUGQ-92gzcwKLB-Vw
UCK1N6iu1mYQ5zk-lilik9iQ,@zettelk4sten,12,1年,Member (1 year),,不明,,,2,98,0,2026-09-17 20:01,2026-09-30 19:01,,,https://www.youtube.com/channel/UCK1N6iu1mYQ5zk-lilik9iQ
UClO3-xdXjqVpmBKPmI70B8g,@noircrest,12,1年,Member (1 year),,不明,,,2,8,0,2026-09-17 20:01,2026-09-27 18:59,,,https://www.youtube.com/channel/UClO3-xdXjqVpmBKPmI70B8g
UCSLO8BWXnDN7L-AzuIpM5wQ,@6.3Channel,12,1年,Member (1 year),,不明,,,2,12,0,2026-09-17 20:01,2026-09-27 18:59,,,https://www.youtube.com/channel/UCSLO8BWXnDN7L-AzuIpM5wQ
UCbthIth3ZYbWAMIYa__hC-g,@さんつんsuntoon,12,1年,Member (1 year),,不明,,,2,23,0,2026-09-17 20:01,2026-09-27 18:59,,,https://www.youtube.com/channel/UCbthIth3ZYbWAMIYa__hC-g
UCPyCFOKt4OJu-L7Vif3NUjQ,@やとなと,12,1年,Member (1 year),,不明,,,2,2,0,2026-09-17 20:01,2026-09-28 21:00,,,https://www.youtube.com/channel/UCPyCFOKt4OJu-L7Vif3NUjQ
UCciKzckSTWL8zckoh3Da3lA,@虹ryu,12,1年,Member (1 year),,不明,,,2,5,0,2026-09-17 20:01,2026-09-27 18:59,,,https://www.youtube.com/channel/UCciKzckSTWL8zckoh3Da3lA
UCIc1N1EZvuwJffRbn8uQX4A,@taka.t_5656,12,1年,Member (1 year),,不明,,,2,2,0,2026-09-17 20:01,2026-09-27 18:59,,,https://www.youtube.com/channel/UCIc1N1EZvuwJffRbn8uQX4A
UCrBK6ygppoUmyPxrXiIjFyg,@Venison_D,12,1年,Member (1 year),,不明,,,2,3,0,2026-09-19 12:00,2026-09-27 18:59,,,https://www.youtube.com/channel/UCrBK6ygppoUmyPxrXiIjFyg
UCtN0gQCud1_zCzafWivJomA,@うぇーいうえい,12,1年,Member (1 year),,不明,,,2,4,0,2026-09-20 12:01,2026-09-27 18:59,,,https://www.youtube.com/channel/UCtN0gQCud1_zCzafWivJomA
UCArjXiCZIwxBCPoZRpY57xA,@いりおに,12,1年,Member (1 year),,不明,,,2,8,0,2026-09-25 21:00,2026-09-27 18:59,,,https://www.youtube.com/channel/UCArjXiCZIwxBCPoZRpY57xA
UCmPXU3dN-j70fiPM7jDPzTQ,@の乃ノ,12,1年,Member (1 year),,不明,,,1,1,0,2026-09-11 21:05,2026-09-11 21:05,,,https://www.youtube.com/channel/UCmPXU3dN-j70fiPM7jDPzTQ
UC-EQvAmoC-sTXHw49wGzr0Q,@シグ-g3m,12,1年,Member (1 year),,不明,,,1,3,0,2026-09-11 21:05,2026-09-11 21:05,,,https://www.youtube.com/channel/UC-EQvAmoC-sTXHw49wGzr0Q
UCz9wa40jsDk2JpqTY4kmDVA,@横寺,12,1年,Member (1 year),,不明,,,1,10,0,2026-09-11 21:05,2026-09-11 21:05,,,https://www.youtube.com/channel/UCz9wa40jsDk2JpqTY4kmDVA
UC7vOGLQPSmvO8Tbimopnz7g,@どらはぜ,12,1年,Member (1 year),,不明,,,1,5,0,2026-09-12 19:59,2026-09-12 19:59,,,https://www.youtube.com/channel/UC7vOGLQPSmvO8Tbimopnz7g
UCbqBMsC0lDr5iWe8iXwuvlg,@ユア-y1u2,12,1年,Member (1 year),,不明,,,1,3,0,2026-09-12 19:59,2026-09-12 19:59,,,https://www.youtube.com/channel/UCbqBMsC0lDr5iWe8iXwuvlg
UC7a4w3RLW1bRrUt_X7u83DQ,@姫浜工業,12,1年,Member (1 year),,不明,,,1,1,0,2026-09-12 19:59,2026-09-12 19:59,,,https://www.youtube.com/channel/UC7a4w3RLW1bRrUt_X7u83DQ
UC64PAdSGmyiAIkKZD1NB5Vg,@レン-n9h,12,1年,Member (1 year),13,ななかま,マイルストーン,,1,9,0,2026-09-15 12:00,2026-09-15 12:00,,,https://www.youtube.com/channel/UC64PAdSGmyiAIkKZD1NB5Vg
UCza0JLYHK4D1PITqSUKvCog,@caru-can_7,12,1年,Member (1 year),,不明,,,1,1,0,2026-09-15 12:00,2026-09-15 12:00,,,https://www.youtube.com/channel/UCza0JLYHK4D1PITqSUKvCog
UCiJ4NSCLZb1Dvgs5rSmlTtw,@猫猫0623,12,1年,Member (1 year),,不明,,,1,3,0,2026-09-15 12:00,2026-09-15 12:00,,,https://www.youtube.com/channel/UCiJ4NSCLZb1Dvgs5rSmlTtw
UCAYB4KPggNQODnk7rCf86oQ,@よしのにき,12,1年,Member (1 year),,不明,,,1,1,0,2026-09-15 12:00,2026-09-15 12:00,,,https://www.youtube.com/channel/UCAYB4KPggNQODnk7rCf86oQ
UCAwhi1Y8iA0djzv331UGIDw,@らびらびゆぅ,12,1年,Member (1 year),,不明,,,1,3,0,2026-09-15 12:00,2026-09-15 12:00,,,https://www.youtube.com/channel/UCAwhi1Y8iA0djzv331UGIDw
UCR932gbnzzNuyCHHY6SLhiQ,@かさば.り,12,1年,Member (1 year),,不明,,,1,2,0,2026-09-15 12:00,2026-09-15 12:00,,,https://www.youtube.com/channel/UCR932gbnzzNuyCHHY6SLhiQ
UC91la_eRNIcCPL0AZNd1m6g,@うしんちゅっちゅっちゅう,12,1年,Member (1 year),,不明,,,1,2,0,2026-09-15 12:00,2026-09-15 12:00,,,https://www.youtube.com/channel/UC91la_eRNIcCPL0AZNd1m6g
UClna2xHHy4KSUw2F3hb3csg,@ぽぽんggk,12,1年,Member (1 year),17,ななかま,マイルストーン,,1,0,0,2026-09-15 12:00,2026-09-15 12:00,,,https://www.youtube.com/channel/UClna2xHHy4KSUw2F3hb3csg
UC6dJJT5Y_V1tzayMMZKKGhQ,@あーもんでぃ,12,1年,Member (1 year),,不明,,,1,3,0,2026-09-17 20:01,2026-09-17 20:01,,,https://www.youtube.com/channel/UC6dJJT5Y_V1tzayMMZKKGhQ
UCox3KaNc18BbhhC6tsdtQNQ,@ララボウ-LaLa,12,1年,Member (1 year),,不明,,,1,2,0,2026-09-17 20:01,2026-09-17 20:01,,,https://www.youtube.com/channel/UCox3KaNc18BbhhC6tsdtQNQ
UCdLTNrzm0TbBYtwuyo0M9Yg,@kamaboko1633,12,1年,Member (1 year),,不明,,,1,1,0,2026-09-17 20:01,2026-09-17 20:01,,,https://www.youtube.com/channel/UCdLTNrzm0TbBYtwuyo0M9Yg
UC_JpePJsf7Y3Qqy3tpNCEvQ,@ちょんちー-g3y,12,1年,Member (1 year),,不明,,,1,1,0,2026-09-17 20:01,2026-09-17 20:01,,,https://www.youtube.com/channel/UC_JpePJsf7Y3Qqy3tpNCEvQ
UCLZBLCP9Xc5_Hkw038K6_dw,@幻夢宮,12,1年,Member (1 year),,不明,,,1,16,0,2026-09-17 20:01,2026-09-17 20:01,,,https://www.youtube.com/channel/UCLZBLCP9Xc5_Hkw038K6_dw
UCsXHRGuOI6fuXR4z6N156Yg,@ドギークッキー,12,1年,Member (1 year),,不明,,,1,1,0,2026-09-17 20:01,2026-09-17 20:01,,,https://www.youtube.com/channel/UCsXHRGuOI6fuXR4z6N156Yg
UCeo3-WnG1zjy6okZb3WoFDw,@らっこ-h6k,12,1年,Member (1 year),,不明,,,1,1,0,2026-09-17 20:01,2026-09-17 20:01,,,https://www.youtube.com/channel/UCeo3-WnG1zjy6okZb3WoFDw
UCXSHom6FMvxZVluF-skChtw,@ぴon,12,1年,Member (1 year),,不明,,,1,8,0,2026-09-17 20:01,2026-09-17 20:01,,,https://www.youtube.com/channel/UCXSHom6FMvxZVluF-skChtw
UCrZeUfz9v0axWJB8cSV_gig,@オカチャン,12,1年,Member (1 year),,不明,,,1,4,0,2026-09-17 20:01,2026-09-17 20:01,,,https://www.youtube.com/channel/UCrZeUfz9v0axWJB8cSV_gig
UC6wnZQff7fknfy8r3BfN7eQ,@yareyareX,12,1年,Member (1 year),,不明,,,1,3,0,2026-09-17 20:01,2026-09-17 20:01,,,https://www.youtube.com/channel/UC6wnZQff7fknfy8r3BfN7eQ
UCX2WK3Eb5D4Dw6xTbmCJzjQ,@ゆん-q5r,12,1年,Member (1 year),,不明,,,1,1,0,2026-09-17 20:01,2026-09-17 20:01,,,https://www.youtube.com/channel/UCX2WK3Eb5D4Dw6xTbmCJzjQ
UCHSX4Hs_La0acQ8-sgKZPnQ,@MinJ-99,12,1年,Member (1 year),,ななかま,再加入/レベル変更,,1,3,0,2026-09-17 20:01,2026-09-17 20:01,,,https://www.youtube.com/channel/UCHSX4Hs_La0acQ8-sgKZPnQ
UCiZb6sYOITKsw4rmgXSkETw,@purine_purine,12,1年,Member (1 year),,不明,,,1,1,0,2026-09-17 20:01,2026-09-17 20:01,,,https://www.youtube.com/channel/UCiZb6sYOITKsw4rmgXSkETw
UCi2d0SHPDoWQJYIvMOmjKVQ,@kome4081,12,1年,Member (1 year),,不明,,,1,1,0,2026-09-17 20:01,2026-09-17 20:01,,,https://www.youtube.com/channel/UCi2d0SHPDoWQJYIvMOmjKVQ
UCqBi27-WrHJYWOq6uXk_GRw,@Mako04-K,12,1年,Member (1 year),,不明,,,1,1,0,2026-09-18 19:00,2026-09-18 19:00,,,https://www.youtube.com/channel/UCqBi27-WrHJYWOq6uXk_GRw
UCapv0F6dqX5Li3e_DQcBqvQ,@もせす-f5r,12,1年,Member (1 year),,不明,,,1,10,0,2026-09-18 19:00,2026-09-18 19:00,,,https://www.youtube.com/channel/UCapv0F6dqX5Li3e_DQcBqvQ
UC62F3rAnSPkwSYVaW8gP5sw,@スルガ-suruga,12,1年,Member (1 year),,不明,,,1,108,0,2026-09-18 19:00,2026-09-18 19:00,,,https://www.youtube.com/channel/UC62F3rAnSPkwSYVaW8gP5sw
UCfIBmCDX7tJ4uBQVvkOI5tw,@オータカ_sol,12,1年,Member (1 year),,不明,,,1,1,0,2026-09-19 12:00,2026-09-19 12:00,,,https://www.youtube.com/channel/UCfIBmCDX7tJ4uBQVvkOI5tw
UCX2SoJ76jKsKVeqHnIgAXiQ,@あへあへリグレットマン,12,1年,Member (1 year),,不明,,,1,1,0,2026-09-21 21:00,2026-09-21 21:00,,,https://www.youtube.com/channel/UCX2SoJ76jKsKVeqHnIgAXiQ
UC6FbTQ9Z0dc1HjKURbuj_sw,@mua_charm,12,1年,Member (1 year),,不明,,,1,2,0,2026-09-23 21:00,2026-09-23 21:00,,,https://www.youtube.com/channel/UC6FbTQ9Z0dc1HjKURbuj_sw
UCZzguUbkTt-YyfVNgxINkHw,@みつみつ-f3m,12,1年,Member (1 year),,不明,,,1,1,0,2026-09-23 21:00,2026-09-23 21:00,,,https://www.youtube.com/channel/UCZzguUbkTt-YyfVNgxINkHw
UCSUTTrTBQnGyWqx5lUz2Gkw,@えりしお-b8x,12,1年,Member (1 year),,不明,,,1,2,0,2026-09-25 21:00,2026-09-25 21:00,,,https://www.youtube.com/channel/UCSUTTrTBQnGyWqx5lUz2Gkw
UCuDK5hklanw4Oklc3-61fdw,@津島パンジ,12,1年,Member (1 year),,不明,,,1,5,0,2026-09-25 21:00,2026-09-25 21:00,,,https://www.youtube.com/channel/UCuDK5hklanw4Oklc3-61fdw
UCoMpGbcm8JwGkb7qK6nrmjA,@とば-salmon,12,1年,Member (1 year),,不明,,,1,23,0,2026-09-27 18:59,2026-09-27 18:59,,,https://www.youtube.com/channel/UCoMpGbcm8JwGkb7qK6nrmjA
UCQHL_qLt-IEc5y80BZQ0X1g,@Iamwhite0920,12,1年,Member (1 year),,不明,,,1,5,0,2026-09-27 18:59,2026-09-27 18:59,,,https://www.youtube.com/channel/UCQHL_qLt-IEc5y80BZQ0X1g
UCRgF7yH_gA4nJd2SmdSqvug,@anranyu-l9h,12,1年,Member (1 year),,不明,,,1,2,0,2026-09-27 18:59,2026-09-27 18:59,,,https://www.youtube.com/channel/UCRgF7yH_gA4nJd2SmdSqvug
UCQ4liv58vUMQFYCAkR-Q9lw,@肥後ととり,12,1年,Member (1 year),,不明,,,1,1,0,2026-09-27 18:59,2026-09-27 18:59,,,https://www.youtube.com/channel/UCQ4liv58vUMQFYCAkR-Q9lw
UC9zqaqcR9w5SzXZlIVOhvvg,@ユキ-b6n,12,1年,Member (1 year),,不明,,,1,1,0,2026-09-27 18:59,2026-09-27 18:59,,,https://www.youtube.com/channel/UC9zqaqcR9w5SzXZlIVOhvvg
UCVN8XSKh2ZiAjzeeTtpibWg,@肉無し唐揚げ衣抜き,12,1年,Member (1 year),,不明,,,1,2,0,2026-09-27 18:59,2026-09-27 18:59,,,https://www.youtube.com/channel/UCVN8XSKh2ZiAjzeeTtpibWg
UCvxctJlYU6a_yhG6MJBNbSg,@yakiimoo,12,1年,Member (1 year),,不明,,,1,4,0,2026-09-27 18:59,2026-09-27 18:59,,,https://www.youtube.com/channel/UCvxctJlYU6a_yhG6MJBNbSg
UCEXo5fHm7qnoAwAaX-yT_wg,@로그-z9i,12,1年,Member (1 year),,不明,,,1,3,0,2026-09-27 18:59,2026-09-27 18:59,,,https://www.youtube.com/channel/UCEXo5fHm7qnoAwAaX-yT_wg
UCfHOOxTSx0QY1rfr9nT7Gxg,@さとり-0815,12,1年,Member (1 year),,不明,,,1,1,0,2026-09-27 18:59,2026-09-27 18:59,,,https://www.youtube.com/channel/UCfHOOxTSx0QY1rfr9nT7Gxg
UCviE50rGYoIwLlG8VotjBJw,@ゆらびび,12,1年,Member (1 year),,不明,,,1,4,0,2026-09-27 18:59,2026-09-27 18:59,,,https://www.youtube.com/channel/UCviE50rGYoIwLlG8VotjBJw
UCSVWaYXG-v4KubUIOLHKc2Q,@こうまる-x777,12,1年,Member (1 year),,不明,,,1,1,0,2026-09-27 18:59,2026-09-27 18:59,,,https://www.youtube.com/channel/UCSVWaYXG-v4KubUIOLHKc2Q
UCALeB0Ma2e0njkm08aWz_Hg,@おく-k4n,12,1年,Member (1 year),,不明,,,1,1,0,2026-09-27 18:59,2026-09-27 18:59,,,https://www.youtube.com/channel/UCALeB0Ma2e0njkm08aWz_Hg
UCFUQXvjZ4MlNR7dKHkvlV0w,@omaru_4,12,1年,Member (1 year),,不明,,,1,1,0,2026-09-27 18:59,2026-09-27 18:59,,,https://www.youtube.com/channel/UCFUQXvjZ4MlNR7dKHkvlV0w
UCqVJ-kCpjBo2z5RrO3pgIBg,@Ajimu-N,12,1年,Member (1 year),,不明,,,1,2,0,2026-09-27 18:59,2026-09-27 18:59,,,https://www.youtube.com/channel/UCqVJ-kCpjBo2z5RrO3pgIBg
UCD7gXQxDQWwQ7J3HBj5tSwg,@かまぼこ-k6s,12,1年,Member (1 year),,不明,,,1,10,0,2026-09-27 18:59,2026-09-27 18:59,,,https://www.youtube.com/channel/UCD7gXQxDQWwQ7J3HBj5tSwg
UCtOxZj7fsmP3wrXYorDe4Mw,@urarakaうららか-ssr,12,1年,Member (1 year),,不明,,,1,11,1,2026-09-27 18:59,2026-09-27 18:59,,,https://www.youtube.com/channel/UCtOxZj7fsmP3wrXYorDe4Mw
UCYXEdkBRdZ8yEaN4S6ff8YA,@さかみん,12,1年,Member (1 year),,不明,,,1,1,0,2026-09-27 18:59,2026-09-27 18:59,,,https://www.youtube.com/channel/UCYXEdkBRdZ8yEaN4S6ff8YA
UCYMzvqqiY3jpWZ9S-RafdTw,@Maro_d,12,1年,Member (1 year),,不明,,,1,2,0,2026-09-27 18:59,2026-09-27 18:59,,,https://www.youtube.com/channel/UCYMzvqqiY3jpWZ9S-RafdTw
UCKEYMwrQbszYbjHP5jyNc8A,@ざらきぃ,12,1年,Member (1 year),,不明,,,1,5,0,2026-09-27 18:59,2026-09-27 18:59,,,https://www.youtube.com/channel/UCKEYMwrQbszYbjHP5jyNc8A
UCNDHECL7Gt3eemKgzPAD8Kw,@user-warawara-50313,12,1年,Member (1 year),,不明,,,1,1,0,2026-09-27 18:59,2026-09-27 18:59,,,https://www.youtube.com/channel/UCNDHECL7Gt3eemKgzPAD8Kw
UC7lq6vlzXEvDOi00WNMGgSg,@isssma0,12,1年,Member (1 year),,不明,,,1,1,0,2026-09-27 18:59,2026-09-27 18:59,,,https://www.youtube.com/channel/UC7lq6vlzXEvDOi00WNMGgSg
UC6Hy0MtCXjYvQJ52aCLi3IQ,@noraLupusRex,12,1年,Member (1 year),,ななかま,再加入/レベル変更,,1,7,0,2026-09-27 18:59,2026-09-27 18:59,,,https://www.youtube.com/channel/UC6Hy0MtCXjYvQJ52aCLi3IQ
UCpVYqvaMh4ef172ceAFlJyg,@白夜-p9o,12,1年,Member (1 year),,不明,,,1,1,0,2026-09-27 18:59,2026-09-27 18:59,,,https://www.youtube.com/channel/UCpVYqvaMh4ef172ceAFlJyg
UCJtqJEu-B3xg5cXkU6LP8oA,@potatorock5316,12,1年,Member (1 year),,不明,,,1,1,0,2026-09-27 18:59,2026-09-27 18:59,,,https://www.youtube.com/channel/UCJtqJEu-B3xg5cXkU6LP8oA
UCqa7zwAFz3RgpixCeALkRuA,@あーー-nnn__nn,12,1年,Member (1 year),,不明,,,1,1,0,2026-09-27 18:59,2026-09-27 18:59,,,https://www.youtube.com/channel/UCqa7zwAFz3RgpixCeALkRuA
UCszYPuwCDmpzjJiIzAtL0AA,@怠惰の清盛-だもりん-kiyomori,12,1年,Member (1 year),17,ななかま,マイルストーン,,1,0,0,2026-09-27 18:59,2026-09-27 18:59,,,https://www.youtube.com/channel/UCszYPuwCDmpzjJiIzAtL0AA
UCtHPpoYDau4Rp4mDNES90zQ,@ういんぐでぃい,12,1年,Member (1 year),,不明,,,1,2,0,2026-09-30 19:01,2026-09-30 19:01,,,https://www.youtube.com/channel/UCtHPpoYDau4Rp4mDNES90zQ
UCt9jk1SOns-v7x_zI-Tv0uA,@irutoma,12,1年,Member (1 year),,不明,,,1,1,0,2026-10-02 18:01,2026-10-02 18:01,,,https://www.youtube.com/channel/UCt9jk1SOns-v7x_zI-Tv0uA
UCj5Ql-axb7q3HWVVEKXzOGw,@りょーちゃ_nryoc,12,1年,Member (1 year),,不明,,,1,1,0,2026-10-02 18:01,2026-10-02 18:01,,,https://www.youtube.com/channel/UCj5Ql-axb7q3HWVVEKXzOGw
UCRNRmRSHI1GCHCWkX0gGUPg,@とらんど,12,1年,Member (1 year),,不明,,,1,1,0,2026-10-02 18:01,2026-10-02 18:01,,,https://www.youtube.com/channel/UCRNRmRSHI1GCHCWkX0gGUPg
UCnp4MHajk7oEhiLIihiKmtw,@rurutan25,12,1年,Member (1 year),,不明,,,1,1,0,2026-10-02 18:01,2026-10-02 18:01,,,https://www.youtube.com/channel/UCnp4MHajk7oEhiLIihiKmtw
UClF9HzXGOlHoUpIVedfANhw,@あおくんに似たひと,12,1年,Member (1 year),,不明,,,1,26,0,2026-10-02 18:01,2026-10-02 18:01,,,https://www.youtube.com/channel/UClF9HzXGOlHoUpIVedfANhw
UC_2QtIs9QkhCrf1b8LYGvkg,@サバ-m6v,12,1年,Member (1 year),,不明,,,1,9,0,2026-10-02 18:01,2026-10-02 18:01,,,https://www.youtube.com/channel/UC_2QtIs9QkhCrf1b8LYGvkg
UCuSH48_SLdxyR2LKjNglyXg,@もも-d2k7o,6,6ヶ月,Member (6 months),,不明,,,18,90,0,2026-09-10 19:01,2026-10-04 12:00,,,https://www.youtube.com/channel/UCuSH48_SLdxyR2LKjNglyXg
UCq2SUQApKbZ4EqE083yE4Jw,@南蛮漬け南蛮,6,6ヶ月,Member (6 months),,不明,,,17,704,0,2026-09-10 19:01,2026-10-04 12:00,,,https://www.youtube.com/channel/UCq2SUQApKbZ4EqE083yE4Jw
UCvTI0xcfR5Vw0i8NKAqLnLA,@aaazzz4370,6,6ヶ月,Member (6 months),,不明,,,17,931,0,2026-09-10 19:01,2026-10-04 12:00,,,https://www.youtube.com/channel/UCvTI0xcfR5Vw0i8NKAqLnLA
UCwh7gSOjACkgmqdjg_pwoOg,@とーまほぼイッヌ,6,6ヶ月,Member (6 months),,不明,,,15,867,0,2026-09-10 19:01,2026-10-04 12:00,,,https://www.youtube.com/channel/UCwh7gSOjACkgmqdjg_pwoOg
UCKLbR4MVXHlZ9BYL1RTUrUg,@foxfever,6,6ヶ月,Member (6 months),,不明,,,15,335,0,2026-09-10 19:01,2026-10-04 12:00,,,https://www.youtube.com/channel/UCKLbR4MVXHlZ9BYL1RTUrUg
UCDAmKkZUXlVU-JndhqR7NYQ,@maruta_58,6,6ヶ月,Member (6 months),,不明,,,14,371,2,2026-09-10 19:01,2026-10-04 12:00,,,https://www.youtube.com/channel/UCDAmKkZUXlVU-JndhqR7NYQ
UCghihup7cjlBs-U88naM6hQ,@りぼるばスミス,6,6ヶ月,Member (6 months),,不明,,,14,203,7,2026-09-10 19:01,2026-10-04 12:00,,,https://www.youtube.com/channel/UCghihup7cjlBs-U88naM6hQ
UCsHAr5meh-kzok6efz1855A,@10_35_9,6,6ヶ月,Member (6 months),,不明,,,13,4461,0,2026-09-10 19:01,2026-10-03 21:00,,,https://www.youtube.com/channel/UCsHAr5meh-kzok6efz1855A
UCawv1zFPZhzfRNnYq47wZ0g,@Sakura_Yokaze,6,6ヶ月,Member (6 months),,不明,,,13,401,0,2026-09-10 19:01,2026-10-04 12:00,,,https://www.youtube.com/channel/UCawv1zFPZhzfRNnYq47wZ0g
UC6g4DUHro4ccVD54XqkzBQg,@安室零-n7l,6,6ヶ月,Member (6 months),,不明,,,13,284,0,2026-09-10 19:01,2026-10-04 12:00,,,https://www.youtube.com/channel/UC6g4DUHro4ccVD54XqkzBQg
UCFdvOjqWBDF8iLeYV_L8QEg,@klausoras3318,6,6ヶ月,Member (6 months),,不明,,,12,655,0,2026-09-10 19:01,2026-10-04 12:00,,,https://www.youtube.com/channel/UCFdvOjqWBDF8iLeYV_L8QEg
UC2iaDftcApxgbMh4YYAkKvA,@cabbage6586,6,6ヶ月,Member (6 months),,不明,,,11,35,0,2026-09-10 19:01,2026-10-02 18:01,,,https://www.youtube.com/channel/UC2iaDftcApxgbMh4YYAkKvA
UCvyHVcWjZp-4Q49GcvWOTVQ,@ひとまる_10,6,6ヶ月,Member (6 months),,不明,,,9,13,0,2026-09-10 19:01,2026-09-30 19:01,,,https://www.youtube.com/channel/UCvyHVcWjZp-4Q49GcvWOTVQ
UCLI54KKuetJLwggMWLdqEYQ,@元玄-h7g,6,6ヶ月,Member (6 months),,不明,,,8,17,2,2026-09-10 19:01,2026-10-04 12:00,,,https://www.youtube.com/channel/UCLI54KKuetJLwggMWLdqEYQ
UC7GKunaivFsy1cGB3m8tKNw,@篝火-v9z,6,6ヶ月,Member (6 months),,不明,,,8,911,0,2026-09-12 19:59,2026-10-04 12:00,,,https://www.youtube.com/channel/UC7GKunaivFsy1cGB3m8tKNw
UCzELNMFsOIci5LBW4fOiE6Q,@sRoi9705,6,6ヶ月,Member (6 months),,不明,,,8,19,0,2026-09-15 12:00,2026-10-03 21:00,,,https://www.youtube.com/channel/UCzELNMFsOIci5LBW4fOiE6Q
UCJAMP63IRGNI09qsw_YYWMg,@エッグ双生児,6,6ヶ月,Member (6 months),,不明,,,8,260,2,2026-09-17 20:01,2026-09-30 19:01,,,https://www.youtube.com/channel/UCJAMP63IRGNI09qsw_YYWMg
UC8IY7e_kVTs8O_CrzL1esRA,@ホシゾラフグ,6,6ヶ月,Member (6 months),10,ななかま,マイルストーン,,7,270,0,2026-09-11 21:05,2026-10-02 18:01,,,https://www.youtube.com/channel/UC8IY7e_kVTs8O_CrzL1esRA
UCc_G_QQo6A9-ISbLObyUm5Q,@翎レイ,6,6ヶ月,Member (6 months),,不明,,,7,38,1,2026-09-11 21:05,2026-09-30 19:01,,,https://www.youtube.com/channel/UCc_G_QQo6A9-ISbLObyUm5Q
UCN3XJiaZulZmyg1PJzCWE7w,@Mary-619-77,6,6ヶ月,Member (6 months),,不明,,,6,343,1,2026-09-10 19:01,2026-09-27 18:59,,,https://www.youtube.com/channel/UCN3XJiaZulZmyg1PJzCWE7w
UCI16EoosafkpJ7-lIg8L9cw,@里芋うどん,6,6ヶ月,Member (6 months),,不明,,,6,23,0,2026-09-10 19:01,2026-10-03 21:00,,,https://www.youtube.com/channel/UCI16EoosafkpJ7-lIg8L9cw
UCtx8XEX7z1S8PCUVChV_SHw,@ただのカタン,6,6ヶ月,Member (6 months),,不明,,,6,86,0,2026-09-12 12:00,2026-10-04 12:00,,,https://www.youtube.com/channel/UCtx8XEX7z1S8PCUVChV_SHw
UCl-RRe1WnRtdAFvKZ3zUD4w,@コロロ少尉,6,6ヶ月,Member (6 months),,不明,,,6,73,1,2026-09-12 19:59,2026-09-30 19:01,,,https://www.youtube.com/channel/UCl-RRe1WnRtdAFvKZ3zUD4w
UCQ4j5XvhYzt9vUOGeC85rfA,@sasuke9975,6,6ヶ月,Member (6 months),,不明,,,5,92,0,2026-09-12 12:00,2026-09-27 18:59,,,https://www.youtube.com/channel/UCQ4j5XvhYzt9vUOGeC85rfA
UC05MX_Fx_my1y_hHjRZXMhg,@おわた氏,6,6ヶ月,Member (6 months),,不明,,,5,7,0,2026-09-12 19:59,2026-09-27 18:59,,,https://www.youtube.com/channel/UC05MX_Fx_my1y_hHjRZXMhg
UCyBBQdQ8BFOLooyqxalcoQQ,@s_n_357,6,6ヶ月,Member (6 months),,不明,,,5,24,0,2026-09-15 12:00,2026-10-04 12:00,,,https://www.youtube.com/channel/UCyBBQdQ8BFOLooyqxalcoQQ
UCJixttqDE1uitKkxkbJaRkA,@えん-n9k6p,6,6ヶ月,Member (6 months),9,ななかま,マイルストーン,,4,76,0,2026-09-10 19:01,2026-09-27 18:59,,,https://www.youtube.com/channel/UCJixttqDE1uitKkxkbJaRkA
UCOVe6eyiJTBuPMSSMH3foNw,@シナモンch,6,6ヶ月,Member (6 months),,不明,,,4,47,0,2026-09-15 12:00,2026-10-04 12:00,,,https://www.youtube.com/channel/UCOVe6eyiJTBuPMSSMH3foNw
UCkheXGz8s7QOAjodqcdjW0g,@ゆきな._.m,6,6ヶ月,Member (6 months),,不明,,,4,12,0,2026-09-17 20:01,2026-09-30 19:01,,,https://www.youtube.com/channel/UCkheXGz8s7QOAjodqcdjW0g
UCWnQmKV_bEDElxQhLWRmPTQ,@rubeus3690_ルベウス,6,6ヶ月,Member (6 months),,不明,,,3,54,1,2026-09-11 21:05,2026-10-02 18:01,,,https://www.youtube.com/channel/UCWnQmKV_bEDElxQhLWRmPTQ
UC4IIk7W46Wd5S6DP96FrlAw,@りゅのちゃん,6,6ヶ月,Member (6 months),,不明,,,3,23,0,2026-09-11 21:05,2026-09-27 18:59,,,https://www.youtube.com/channel/UC4IIk7W46Wd5S6DP96FrlAw
UCQWU2-ErbyMxcxypqNtZFiw,@かめれれ_g,6,6ヶ月,Member (6 months),,不明,,,3,5,0,2026-09-12 19:59,2026-09-18 19:00,,,https://www.youtube.com/channel/UCQWU2-ErbyMxcxypqNtZFiw
UC9XEmFrutirNLniiBy7lxBA,@大空-e8x,6,6ヶ月,Member (6 months),,不明,,,3,110,0,2026-09-17 20:01,2026-10-02 18:01,,,https://www.youtube.com/channel/UC9XEmFrutirNLniiBy7lxBA
UCpG4ph3gdzUC7qe7EOJm5Uw,@冬至る,6,6ヶ月,Member (6 months),,不明,,,3,53,0,2026-09-17 20:01,2026-10-02 18:01,,,https://www.youtube.com/channel/UCpG4ph3gdzUC7qe7EOJm5Uw
UCDoAhIf8cfxrdxUHan64K_g,@アオイカサヒトツ,6,6ヶ月,Member (6 months),,不明,,,3,28,0,2026-09-18 19:00,2026-10-02 18:01,,,https://www.youtube.com/channel/UCDoAhIf8cfxrdxUHan64K_g
UCyOWRpxfdG_ySPE59w9xLVA,@st66s37,6,6ヶ月,Member (6 months),,不明,,,2,5,0,2026-09-11 21:05,2026-09-18 19:00,,,https://www.youtube.com/channel/UCyOWRpxfdG_ySPE59w9xLVA
UCuDYk_rACSaGuHonzeqZ8Hg,@アゲハちゃーん,6,6ヶ月,Member (6 months),,不明,,,2,5,0,2026-09-12 19:59,2026-09-27 18:59,,,https://www.youtube.com/channel/UCuDYk_rACSaGuHonzeqZ8Hg
UCZ6dxClBagzaX260jCJ979A,@もりもりばっと,6,6ヶ月,Member (6 months),,不明,,,2,6,0,2026-09-12 19:59,2026-09-20 12:01,,,https://www.youtube.com/channel/UCZ6dxClBagzaX260jCJ979A
UCJWV9L9D-IwAaz_FCIJa1jw,@autumn_33,6,6ヶ月,Member (6 months),,不明,,,2,9,0,2026-09-15 12:00,2026-09-17 20:01,,,https://www.youtube.com/channel/UCJWV9L9D-IwAaz_FCIJa1jw
UCR7LWwkIGDGlDe29zXhF7vA,@えすら-s4d,6,6ヶ月,Member (6 months),,不明,,,2,27,0,2026-09-15 12:00,2026-09-18 19:00,,,https://www.youtube.com/channel/UCR7LWwkIGDGlDe29zXhF7vA
UCjdi7R4isOCKn3llL-_x_Hw,@なぁう3,6,6ヶ月,Member (6 months),,不明,,,2,20,0,2026-09-15 12:00,2026-09-27 18:59,,,https://www.youtube.com/channel/UCjdi7R4isOCKn3llL-_x_Hw
UC-D1mKWk2sTOnjLBH1UkqHQ,@糸蒟蒻_Itokon,6,6ヶ月,Member (6 months),,不明,,,2,38,0,2026-09-17 20:01,2026-09-27 18:59,,,https://www.youtube.com/channel/UC-D1mKWk2sTOnjLBH1UkqHQ
UCW5iEUagJOgrPIldKG61cXQ,@かおり-f7i,6,6ヶ月,Member (6 months),,不明,,,2,19,0,2026-09-17 20:01,2026-09-27 18:59,,,https://www.youtube.com/channel/UCW5iEUagJOgrPIldKG61cXQ
UC_bXQ1kVCFKzkh3VJE-vtkA,@らくとりあ,6,6ヶ月,Member (6 months),,不明,,,2,3,0,2026-09-17 20:01,2026-09-30 19:01,,,https://www.youtube.com/channel/UC_bXQ1kVCFKzkh3VJE-vtkA
UC_sBf2xNXTMSxSgt8ACAwcQ,@も123,6,6ヶ月,Member (6 months),,不明,,,2,11,0,2026-09-17 20:01,2026-09-27 18:59,,,https://www.youtube.com/channel/UC_sBf2xNXTMSxSgt8ACAwcQ
UCN-yJy5lM_liFiGYfG6Exrw,@Рикавайи,6,6ヶ月,Member (6 months),,不明,,,2,2,0,2026-09-17 20:01,2026-09-27 18:59,,,https://www.youtube.com/channel/UCN-yJy5lM_liFiGYfG6Exrw
UCUuavCpiK39UmHeJlLUufpg,@POPOPO-LANDO,6,6ヶ月,Member (6 months),,不明,,,2,2,2,2026-09-17 20:01,2026-09-27 18:59,,,https://www.youtube.com/channel/UCUuavCpiK39UmHeJlLUufpg
UCc3Hk3j0OrpmcBREFCnFSSA,@こんがり-h8t,6,6ヶ月,Member (6 months),,不明,,,2,2,2,2026-09-17 20:01,2026-09-27 18:59,,,https://www.youtube.com/channel/UCc3Hk3j0OrpmcBREFCnFSSA
UCbRvtgO0r7bCDRwaQU_SqtA,@くるくるみち,6,6ヶ月,Member (6 months),,不明,,,2,2,0,2026-09-19 12:00,2026-09-25 21:00,,,https://www.youtube.com/channel/UCbRvtgO0r7bCDRwaQU_SqtA
UCcHTlPSdwol2qT61wOq_9SA,@アクト-o8y,6,6ヶ月,Member (6 months),,不明,,,1,18,0,2026-09-11 21:05,2026-09-11 21:05,,,https://www.youtube.com/channel/UCcHTlPSdwol2qT61wOq_9SA
UCxBMeztF6tbMBHlEf-B9J4Q,@ミカン式,6,6ヶ月,Member (6 months),,不明,,,1,36,0,2026-09-11 21:05,2026-09-11 21:05,,,https://www.youtube.com/channel/UCxBMeztF6tbMBHlEf-B9J4Q
UCL3jjRURWgLsuxuQFE8r04w,@ビビリのナルシカ,6,6ヶ月,Member (6 months),,ななかま,再加入/レベル変更,,1,0,0,2026-09-11 21:05,2026-09-11 21:05,,,https://www.youtube.com/channel/UCL3jjRURWgLsuxuQFE8r04w
UCaZGuMye0UUKTpwO0-JhX4Q,@Daao_oa,6,6ヶ月,Member (6 months),,不明,,,1,4,0,2026-09-12 19:59,2026-09-12 19:59,,,https://www.youtube.com/channel/UCaZGuMye0UUKTpwO0-JhX4Q
UCOR1rw9ZYc2Qt7V78WURfvA,@あおほ-aofooo,6,6ヶ月,Member (6 months),,不明,,,1,8,0,2026-09-12 19:59,2026-09-12 19:59,,,https://www.youtube.com/channel/UCOR1rw9ZYc2Qt7V78WURfvA
UCtGo6vvh8dik85XzIby_1EQ,@じーべ-o3j,6,6ヶ月,Member (6 months),,不明,,,1,3,0,2026-09-12 19:59,2026-09-12 19:59,,,https://www.youtube.com/channel/UCtGo6vvh8dik85XzIby_1EQ
UCrB6HcTHtWXsmB2bBGLpU2g,@ルナ_L.u.n.a,6,6ヶ月,Member (6 months),,不明,,,1,19,0,2026-09-15 12:00,2026-09-15 12:00,,,https://www.youtube.com/channel/UCrB6HcTHtWXsmB2bBGLpU2g
UC9TCcwFTUe53H8GHQ3o686g,@---nh2ru,6,6ヶ月,Member (6 months),,不明,,,1,1,0,2026-09-15 12:00,2026-09-15 12:00,,,https://www.youtube.com/channel/UC9TCcwFTUe53H8GHQ3o686g
UC3Lw8gZhdibZQJqCwWqv8Xw,@そらいろ-h2z,6,6ヶ月,Member (6 months),,不明,,,1,1,0,2026-09-15 12:00,2026-09-15 12:00,,,https://www.youtube.com/channel/UC3Lw8gZhdibZQJqCwWqv8Xw
UCCTySQoz65njU6NvEP_1EAQ,@うに-uxu,6,6ヶ月,Member (6 months),,不明,,,1,4,0,2026-09-17 20:01,2026-09-17 20:01,,,https://www.youtube.com/channel/UCCTySQoz65njU6NvEP_1EAQ
UClYlmK2uTf60lD9qZVW2UBA,@やたネコ,6,6ヶ月,Member (6 months),,不明,,,1,23,0,2026-09-17 20:01,2026-09-17 20:01,,,https://www.youtube.com/channel/UClYlmK2uTf60lD9qZVW2UBA
UCMJZ_iv1okNq5DlZZiDs3zQ,@ナ王-k6x,6,6ヶ月,Member (6 months),,不明,,,1,8,0,2026-09-17 20:01,2026-09-17 20:01,,,https://www.youtube.com/channel/UCMJZ_iv1okNq5DlZZiDs3zQ
UCvM6Ial7CfTjQ1LtH8XVcRQ,@Photorrad,6,6ヶ月,Member (6 months),,不明,,,1,1,0,2026-09-17 20:01,2026-09-17 20:01,,,https://www.youtube.com/channel/UCvM6Ial7CfTjQ1LtH8XVcRQ
UCVTHh3GjmIMQtJXrmfNzPuw,@ジェネリックおすし,6,6ヶ月,Member (6 months),,不明,,,1,2,0,2026-09-17 20:01,2026-09-17 20:01,,,https://www.youtube.com/channel/UCVTHh3GjmIMQtJXrmfNzPuw
UCsfmkdDLtGvdlW44rURGl-w,@オコチャ-q6g,6,6ヶ月,Member (6 months),,不明,,,1,2,0,2026-09-18 19:00,2026-09-18 19:00,,,https://www.youtube.com/channel/UCsfmkdDLtGvdlW44rURGl-w
UCgEiQ41ZVUjRbI4fqELdJFQ,@イシカワV2,6,6ヶ月,Member (6 months),,不明,,,1,4,0,2026-09-18 19:00,2026-09-18 19:00,,,https://www.youtube.com/channel/UCgEiQ41ZVUjRbI4fqELdJFQ
UC1UR6PiJWzH9StNGJ5Xgu4A,@ジョー-t3n,6,6ヶ月,Member (6 months),,不明,,,1,1,0,2026-09-19 12:00,2026-09-19 12:00,,,https://www.youtube.com/channel/UC1UR6PiJWzH9StNGJ5Xgu4A
UCPfAksv7wOwWFDOe2Brjctw,@チャッピー-chappy,6,6ヶ月,Member (6 months),,不明,,,1,3,0,2026-09-27 18:59,2026-09-27 18:59,,,https://www.youtube.com/channel/UCPfAksv7wOwWFDOe2Brjctw
UCg4Jcf0BlT8DLfVHd7HoYww,@すらいむ-w1e,6,6ヶ月,Member (6 months),,不明,,,1,4,0,2026-09-27 18:59,2026-09-27 18:59,,,https://www.youtube.com/channel/UCg4Jcf0BlT8DLfVHd7HoYww
UCy-VnyhudrU2QJZiioKW-bQ,@Winter777-jp,6,6ヶ月,Member (6 months),,不明,,,1,2,0,2026-09-27 18:59,2026-09-27 18:59,,,https://www.youtube.com/channel/UCy-VnyhudrU2QJZiioKW-bQ
UC9HdjiWRUGwePaBqqzO8i1A,@aru8727,6,6ヶ月,Member (6 months),,不明,,,1,8,0,2026-09-27 18:59,2026-09-27 18:59,,,https://www.youtube.com/channel/UC9HdjiWRUGwePaBqqzO8i1A
UC_xUr798760XgX0xXbfjhBg,@ねこの手_55,6,6ヶ月,Member (6 months),,不明,,,1,5,0,2026-09-27 18:59,2026-09-27 18:59,,,https://www.youtube.com/channel/UC_xUr798760XgX0xXbfjhBg
UCWy1Axq8hmnRULT3nzVU60g,@ふらんべ-x3w,6,6ヶ月,Member (6 months),,不明,,,1,11,0,2026-09-27 18:59,2026-09-27 18:59,,,https://www.youtube.com/channel/UCWy1Axq8hmnRULT3nzVU60g
UCuIRUHPhg5UoCbEUu9JE9mw,@レオザック,6,6ヶ月,Member (6 months),,不明,,,1,44,0,2026-09-27 18:59,2026-09-27 18:59,,,https://www.youtube.com/channel/UCuIRUHPhg5UoCbEUu9JE9mw
UCWXT3GBCrx8pRdLS5KAoqZA,@可否さん,6,6ヶ月,Member (6 months),,不明,,,1,31,0,2026-09-27 18:59,2026-09-27 18:59,,,https://www.youtube.com/channel/UCWXT3GBCrx8pRdLS5KAoqZA
UCEJkb9jhqQREFWfKS4mkVoA,@クコ_0628,6,6ヶ月,Member (6 months),,不明,,,1,1,0,2026-09-27 18:59,2026-09-27 18:59,,,https://www.youtube.com/channel/UCEJkb9jhqQREFWfKS4mkVoA
UCDfxUeZyrhTnR6CcMD_aRSg,@user-bon_pp,6,6ヶ月,Member (6 months),,不明,,,1,2,0,2026-09-27 18:59,2026-09-27 18:59,,,https://www.youtube.com/channel/UCDfxUeZyrhTnR6CcMD_aRSg
UChKloaJfCSi9nojS-dyn7rw,@いこちゃ-b8q,6,6ヶ月,Member (6 months),,不明,,,1,5,0,2026-09-27 18:59,2026-09-27 18:59,,,https://www.youtube.com/channel/UChKloaJfCSi9nojS-dyn7rw
UCN20jNB2JkbFY2ur1L8Ul1w,@カナリア26,6,6ヶ月,Member (6 months),,不明,,,1,1,0,2026-09-27 18:59,2026-09-27 18:59,,,https://www.youtube.com/channel/UCN20jNB2JkbFY2ur1L8Ul1w
UCbCKJE15wvp-Thb4xJhjQrA,@北葉-kitaba,6,6ヶ月,Member (6 months),,不明,,,1,1,0,2026-09-27 18:59,2026-09-27 18:59,,,https://www.youtube.com/channel/UCbCKJE15wvp-Thb4xJhjQrA
UCymQnI3ryGpDsGMNRLVqrdg,@てにゃ3674,6,6ヶ月,Member (6 months),,不明,,,1,1,0,2026-09-27 18:59,2026-09-27 18:59,,,https://www.youtube.com/channel/UCymQnI3ryGpDsGMNRLVqrdg
UCNsAe5nudOAzsR9rNd8K3bw,@けーぶる-p2w,6,6ヶ月,Member (6 months),,不明,,,1,1,0,2026-09-30 19:01,2026-09-30 19:01,,,https://www.youtube.com/channel/UCNsAe5nudOAzsR9rNd8K3bw
UCiQmiResYpiFURaSnofLUQQ,@s.漆黒のヴェールを纏いし風,6,6ヶ月,Member (6 months),,不明,,,1,3,0,2026-09-30 19:01,2026-09-30 19:01,,,https://www.youtube.com/channel/UCiQmiResYpiFURaSnofLUQQ
UCWrOFEpRNc6D05ShLj1p7RQ,@わしわし-c9x,6,6ヶ月,Member (6 months),,不明,,,1,2,0,2026-09-30 19:01,2026-09-30 19:01,,,https://www.youtube.com/channel/UCWrOFEpRNc6D05ShLj1p7RQ
UCih7vJUNuCOtMFDnQDB0d_g,@梶-o7u,6,6ヶ月,Member (6 months),,不明,,,1,2,0,2026-09-30 19:01,2026-09-30 19:01,,,https://www.youtube.com/channel/UCih7vJUNuCOtMFDnQDB0d_g
UCYjvQbMmdw1Dc5zCqHIZigw,@ロト助-q1y,6,6ヶ月,Member (6 months),,不明,,,1,38,0,2026-10-02 18:01,2026-10-02 18:01,,,https://www.youtube.com/channel/UCYjvQbMmdw1Dc5zCqHIZigw
UCyqcd6ZfiP8A3Cb3k91-uiA,@しゃみの,6,6ヶ月,Member (6 months),,不明,,,1,2,0,2026-10-04 12:00,2026-10-04 12:00,,,https://www.youtube.com/channel/UCyqcd6ZfiP8A3Cb3k91-uiA
UCEQzVsD3q-tYeZ-qtdRjxzQ,@asgaoya,2,2ヶ月,Member (2 months),,不明,,,18,2763,9,2026-09-10 19:01,2026-10-04 12:00,,,https://www.youtube.com/channel/UCEQzVsD3q-tYeZ-qtdRjxzQ
UCK_T4YLacuvEBo1LsODotXQ,@ホレシ,2,2ヶ月,Member (2 months),,不明,,,17,146,0,2026-09-10 19:01,2026-10-04 12:00,,,https://www.youtube.com/channel/UCK_T4YLacuvEBo1LsODotXQ
UCBnCynipBxMaS4sqVXZpXhA,@こう-z1w,2,2ヶ月,Member (2 months),,不明,,,16,50,0,2026-09-10 19:01,2026-10-02 18:01,,,https://www.youtube.com/channel/UCBnCynipBxMaS4sqVXZpXhA
UCR7N6oZrLchmt-kahES-9zQ,@mykou5145,2,2ヶ月,Member (2 months),,不明,,,16,889,0,2026-09-10 19:01,2026-10-04 12:00,,,https://www.youtube.com/channel/UCR7N6oZrLchmt-kahES-9zQ
UCZGG6zp7kxBW4ku4o8l7UCQ,@Cinis-Eques_Lynx_SX,2,2ヶ月,Member (2 months),,不明,,,15,857,0,2026-09-10 19:01,2026-10-04 12:00,,,https://www.youtube.com/channel/UCZGG6zp7kxBW4ku4o8l7UCQ
UCq4bCqE43_Qgh41eYshgX6w,@WtUあんバターサンド,2,2ヶ月,Member (2 months),,ななかま,ギフト,ギフトで加入,13,1993,0,2026-09-10 19:01,2026-10-04 12:00,○,○,https://www.youtube.com/channel/UCq4bCqE43_Qgh41eYshgX6w
UCW1ChtVSNjjjXj6mnYSsFJA,@王揚揚-7633,2,2ヶ月,Member (2 months),,不明,,,13,38,11,2026-09-10 19:01,2026-10-03 21:00,,,https://www.youtube.com/channel/UCW1ChtVSNjjjXj6mnYSsFJA
UC8qfBd1EdUJjvmRiiyAGwBA,@アツシナカムラ,2,2ヶ月,Member (2 months),,不明,,,12,59,10,2026-09-10 19:01,2026-10-04 12:00,,,https://www.youtube.com/channel/UC8qfBd1EdUJjvmRiiyAGwBA
UCcTOrhPtpqIH-d-IXEvDZTw,@ニセモノ96,2,2ヶ月,Member (2 months),,不明,,,9,12,0,2026-09-10 19:01,2026-10-03 21:00,,,https://www.youtube.com/channel/UCcTOrhPtpqIH-d-IXEvDZTw
UC-1ePEWRaP2_qogscYOKUmQ,@WDワコ1,2,2ヶ月,Member (2 months),,不明,,,8,919,0,2026-09-10 19:01,2026-10-04 12:00,,,https://www.youtube.com/channel/UC-1ePEWRaP2_qogscYOKUmQ
UCeW0EYTLwPnC-K_26Oj0sow,@ウェイロング,2,2ヶ月,Member (2 months),,ななかま,ギフト,ギフトで加入,8,94,0,2026-09-19 12:00,2026-10-04 12:00,○,○,https://www.youtube.com/channel/UCeW0EYTLwPnC-K_26Oj0sow
UCLSFvSMulI-lXFoJO9QKXJQ,@Kurodango_usane,2,2ヶ月,Member (2 months),,不明,,,6,10,0,2026-09-11 21:05,2026-10-04 12:00,,,https://www.youtube.com/channel/UCLSFvSMulI-lXFoJO9QKXJQ
UCbrhBu_aR-1DhTteLtlfS_w,@rimfa3445,2,2ヶ月,Member (2 months),,不明,,,5,20,0,2026-09-12 19:59,2026-09-30 19:01,,,https://www.youtube.com/channel/UCbrhBu_aR-1DhTteLtlfS_w
UCAmsrdf0QQs-4CfuFv3sSqA,@adbinn,2,2ヶ月,Member (2 months),,不明,,,5,46,0,2026-09-15 12:00,2026-10-04 12:00,,,https://www.youtube.com/channel/UCAmsrdf0QQs-4CfuFv3sSqA
UCr5U5sQj9uBjPN4RnKpa-Hw,@しろうさぎ_4848,2,2ヶ月,Member (2 months),,不明,,,5,42,0,2026-09-21 21:00,2026-10-03 21:00,,,https://www.youtube.com/channel/UCr5U5sQj9uBjPN4RnKpa-Hw
UC-IzLV9MTIgi3VyzDxQ2XQQ,@もつ-ku100,2,2ヶ月,Member (2 months),,不明,,,4,34,0,2026-09-11 21:05,2026-09-25 21:00,,,https://www.youtube.com/channel/UC-IzLV9MTIgi3VyzDxQ2XQQ
UC90Y-l9HN3oGP-AzpkP6J9Q,@ゴルゴ3点,2,2ヶ月,Member (2 months),,不明,,,4,14,0,2026-09-12 19:59,2026-09-27 18:59,,,https://www.youtube.com/channel/UC90Y-l9HN3oGP-AzpkP6J9Q
UCbmQDDeWKPKCyWFjNzbskfg,@氷野ひょーの,2,2ヶ月,Member (2 months),,不明,,,4,264,1,2026-09-18 19:00,2026-10-04 12:00,,,https://www.youtube.com/channel/UCbmQDDeWKPKCyWFjNzbskfg
UCS38VGpNj0h2xRbdlE24UFw,@ふーさんぐ,2,2ヶ月,Member (2 months),,不明,,,4,19,0,2026-09-23 21:00,2026-10-03 21:00,,,https://www.youtube.com/channel/UCS38VGpNj0h2xRbdlE24UFw
UCnSnZoTrTfZjsKIWqYWLaQQ,@こつぶ-h3x,2,2ヶ月,Member (2 months),5,ななかま,マイルストーン,,3,77,0,2026-09-11 21:05,2026-09-27 18:59,,,https://www.youtube.com/channel/UCnSnZoTrTfZjsKIWqYWLaQQ
UCUpkbB2oSrU1B0BH6-uSA0A,@コービー-b5j,2,2ヶ月,Member (2 months),,不明,,,3,14,0,2026-09-11 21:05,2026-09-27 18:59,,,https://www.youtube.com/channel/UCUpkbB2oSrU1B0BH6-uSA0A
UC8HuIQ8c80HmexRcZBvxOdg,@c_o_r_k,2,2ヶ月,Member (2 months),,不明,,,3,7,0,2026-09-15 12:00,2026-09-30 19:01,,,https://www.youtube.com/channel/UC8HuIQ8c80HmexRcZBvxOdg
UCRR4hDTKLRhrPJmGyTYkklg,@ohxux,2,2ヶ月,Member (2 months),,不明,,,3,9,0,2026-09-15 12:00,2026-09-25 21:00,,,https://www.youtube.com/channel/UCRR4hDTKLRhrPJmGyTYkklg
UCspOJZVXei0wdzMmZnqkYSA,@りら_Riyra,2,2ヶ月,Member (2 months),,不明,,,3,6,0,2026-09-17 20:01,2026-09-23 21:00,,,https://www.youtube.com/channel/UCspOJZVXei0wdzMmZnqkYSA
UCLXjON3R4N8kLCMRO-hRW5Q,@しっくち,2,2ヶ月,Member (2 months),,不明,,,3,41,0,2026-09-17 20:01,2026-09-27 18:59,,,https://www.youtube.com/channel/UCLXjON3R4N8kLCMRO-hRW5Q
UCmXwwOiuxVUyKxxzvUEQXNw,@八舞_yamai,2,2ヶ月,Member (2 months),,不明,,,2,3,0,2026-09-10 19:01,2026-09-18 19:00,,,https://www.youtube.com/channel/UCmXwwOiuxVUyKxxzvUEQXNw
UCM-3C0h_lfp9G5Ygy20s6hA,@りくのことう-o6d,2,2ヶ月,Member (2 months),,不明,,,2,3,0,2026-09-11 21:05,2026-09-27 18:59,,,https://www.youtube.com/channel/UCM-3C0h_lfp9G5Ygy20s6hA
UCySMpde3to4QtpIM0MkOjLQ,@she_4ro96,2,2ヶ月,Member (2 months),,不明,,,2,127,0,2026-09-11 21:05,2026-10-02 18:01,,,https://www.youtube.com/channel/UCySMpde3to4QtpIM0MkOjLQ
UCfBPXT1yqp0W6VU0reBYNVQ,@ロゼオルタ,2,2ヶ月,Member (2 months),,不明,,,2,9,0,2026-09-11 21:05,2026-09-23 21:00,,,https://www.youtube.com/channel/UCfBPXT1yqp0W6VU0reBYNVQ
UC3V2kRaVfGhmYOXrqGeuglg,@サンロク_36,2,2ヶ月,Member (2 months),,不明,,,2,12,0,2026-09-12 12:00,2026-10-04 12:00,,,https://www.youtube.com/channel/UC3V2kRaVfGhmYOXrqGeuglg
UChKM5rYTfsJv3Eu7ml8w4Dg,@wallen-T,2,2ヶ月,Member (2 months),4,ななかま,マイルストーン,,2,3,0,2026-09-12 19:59,2026-09-27 18:59,,,https://www.youtube.com/channel/UChKM5rYTfsJv3Eu7ml8w4Dg
UCgsl7DN_hpq3GBQKid72_Cw,@natsuo609,2,2ヶ月,Member (2 months),2,ななかま,マイルストーン,,2,2,0,2026-09-17 20:01,2026-09-27 18:59,,,https://www.youtube.com/channel/UCgsl7DN_hpq3GBQKid72_Cw
UCSDNUdH8NdVhGLWL6WVPZ1A,@dr.リトリト,2,2ヶ月,Member (2 months),,不明,,,2,18,0,2026-09-18 19:00,2026-09-27 18:59,,,https://www.youtube.com/channel/UCSDNUdH8NdVhGLWL6WVPZ1A
UCf3YEEDqzUzt9dDGpZtOe1w,@結城かなえ,2,2ヶ月,Member (2 months),,不明,,,2,20,0,2026-09-18 19:00,2026-10-02 18:01,,,https://www.youtube.com/channel/UCf3YEEDqzUzt9dDGpZtOe1w
UCxnUb2DThrF0d2IRc5m9N7Q,@ラクサス-raxas,2,2ヶ月,Member (2 months),,不明,,,1,164,1,2026-09-11 21:05,2026-09-11 21:05,,,https://www.youtube.com/channel/UCxnUb2DThrF0d2IRc5m9N7Q
UC1NdHnLdPsxYrpD_mfeG_rg,@キュウリムゾン,2,2ヶ月,Member (2 months),,不明,,,1,23,0,2026-09-11 21:05,2026-09-11 21:05,,,https://www.youtube.com/channel/UC1NdHnLdPsxYrpD_mfeG_rg
UCdHBDsj_r_2IwerdD1YDzzA,@サソリ座の男,2,2ヶ月,Member (2 months),,不明,,,1,32,0,2026-09-11 21:05,2026-09-11 21:05,,,https://www.youtube.com/channel/UCdHBDsj_r_2IwerdD1YDzzA
UCgczLBQd57VhVuCdVdarEDg,@タイタイ-g1s,2,2ヶ月,Member (2 months),,不明,,,1,5,0,2026-09-11 21:05,2026-09-11 21:05,,,https://www.youtube.com/channel/UCgczLBQd57VhVuCdVdarEDg
UCELxnl7q1pVy9FdyQVOiUFw,@茶茶-b8i,2,2ヶ月,Member (2 months),,不明,,,1,186,0,2026-09-11 21:05,2026-09-11 21:05,,,https://www.youtube.com/channel/UCELxnl7q1pVy9FdyQVOiUFw
UCs5K16Oh8Z7GJj7N9FV4UBA,@ひかくん-hika,2,2ヶ月,Member (2 months),,不明,,,1,24,0,2026-09-11 21:05,2026-09-11 21:05,,,https://www.youtube.com/channel/UCs5K16Oh8Z7GJj7N9FV4UBA
UCHmGsBWL003E12NaLInxA8Q,@シーク-w9h,2,2ヶ月,Member (2 months),,不明,,,1,310,0,2026-09-11 21:05,2026-09-11 21:05,,,https://www.youtube.com/channel/UCHmGsBWL003E12NaLInxA8Q
UCB3ARc0_JUy0EFwqCRweKeA,@zabutunnel,2,2ヶ月,Member (2 months),,不明,,,1,14,0,2026-09-11 21:05,2026-09-11 21:05,,,https://www.youtube.com/channel/UCB3ARc0_JUy0EFwqCRweKeA
UCRbvXDVRmLePCwKK1g2PVNA,@でびちゃん-g8u,2,2ヶ月,Member (2 months),,不明,,,1,5,0,2026-09-11 21:05,2026-09-11 21:05,,,https://www.youtube.com/channel/UCRbvXDVRmLePCwKK1g2PVNA
UCo7-0OOoLb_6FrwOzGaou7g,@キル-x5w,2,2ヶ月,Member (2 months),,不明,,,1,9,0,2026-09-11 21:05,2026-09-11 21:05,,,https://www.youtube.com/channel/UCo7-0OOoLb_6FrwOzGaou7g
UCL7WAvl9WnmiSLEM7qsXcFA,@タツオタケダ,2,2ヶ月,Member (2 months),,不明,,,1,3,0,2026-09-11 21:05,2026-09-11 21:05,,,https://www.youtube.com/channel/UCL7WAvl9WnmiSLEM7qsXcFA
UCIvu_I3u4WwuiWMhBEnJJcA,@楽天カードマン-v7p,2,2ヶ月,Member (2 months),,不明,,,1,1,0,2026-09-11 21:05,2026-09-11 21:05,,,https://www.youtube.com/channel/UCIvu_I3u4WwuiWMhBEnJJcA
UCxOlkuhqxm3LM59t-QQVKdQ,@kawa36114,2,2ヶ月,Member (2 months),,不明,,,1,2,2,2026-09-11 21:05,2026-09-11 21:05,,,https://www.youtube.com/channel/UCxOlkuhqxm3LM59t-QQVKdQ
UCqgYSP7j-PACaOTNhiYo-Vw,@投影-b3o,2,2ヶ月,Member (2 months),,ななかま,再加入/レベル変更,,1,0,0,2026-09-11 21:05,2026-09-11 21:05,,,https://www.youtube.com/channel/UCqgYSP7j-PACaOTNhiYo-Vw
UCzqaLQv128eqx78MZHpJasA,@lvlco_u1,2,2ヶ月,Member (2 months),,ななかま,再加入/レベル変更,,1,0,0,2026-09-12 12:00,2026-09-12 12:00,,,https://www.youtube.com/channel/UCzqaLQv128eqx78MZHpJasA
UCmUqD-YgEA9Nv-UmrJTCYmA,@1212kamatama,2,2ヶ月,Member (2 months),,ななかま,再加入/レベル変更,,1,0,0,2026-09-12 12:00,2026-09-12 12:00,,,https://www.youtube.com/channel/UCmUqD-YgEA9Nv-UmrJTCYmA
UCod27Qh8ZLTyIHjAeM0uYWA,@RIN424-l2z,2,2ヶ月,Member (2 months),,不明,,,1,1,0,2026-09-12 19:59,2026-09-12 19:59,,,https://www.youtube.com/channel/UCod27Qh8ZLTyIHjAeM0uYWA
UC-dFJIdgJh_CH7B7kU-U9Tw,@StellaBium,2,2ヶ月,Member (2 months),,不明,,,1,3,0,2026-09-12 19:59,2026-09-12 19:59,,,https://www.youtube.com/channel/UC-dFJIdgJh_CH7B7kU-U9Tw
UC1bnj1f-jLQmJUHDMhcVl4Q,@fo5for,2,2ヶ月,Member (2 months),,不明,,,1,1,0,2026-09-12 19:59,2026-09-12 19:59,,,https://www.youtube.com/channel/UC1bnj1f-jLQmJUHDMhcVl4Q
UC7BTegrI23ObeghIRQ9FG-A,@betosada,2,2ヶ月,Member (2 months),,不明,,,1,28,1,2026-09-15 12:00,2026-09-15 12:00,,,https://www.youtube.com/channel/UC7BTegrI23ObeghIRQ9FG-A
UCfFRM6yNgwyZIPLmQJT_A5w,@jet隼騎,2,2ヶ月,Member (2 months),,不明,,,1,3,0,2026-09-15 12:00,2026-09-15 12:00,,,https://www.youtube.com/channel/UCfFRM6yNgwyZIPLmQJT_A5w
UCBe9JMOtGHYU5O56pyG-TnQ,@さくらもち-s5h,2,2ヶ月,Member (2 months),,不明,,,1,2,0,2026-09-15 12:00,2026-09-15 12:00,,,https://www.youtube.com/channel/UCBe9JMOtGHYU5O56pyG-TnQ
UC1Az77W62ukAlu-o_D3aw7A,@ぼんた-l8k,2,2ヶ月,Member (2 months),,不明,,,1,10,0,2026-09-15 12:00,2026-09-15 12:00,,,https://www.youtube.com/channel/UC1Az77W62ukAlu-o_D3aw7A
UCFPWs7Cvs15ZO90YGbP088A,@くさのかな,2,2ヶ月,Member (2 months),,不明,,,1,6,0,2026-09-15 12:00,2026-09-15 12:00,,,https://www.youtube.com/channel/UCFPWs7Cvs15ZO90YGbP088A
UCfJ_vAODxafxehpbeG12QqQ,@さくさくぱんだあああああ,2,2ヶ月,Member (2 months),,不明,,,1,4,0,2026-09-15 12:00,2026-09-15 12:00,,,https://www.youtube.com/channel/UCfJ_vAODxafxehpbeG12QqQ
UCPaIoj_8k307knGBcOjtSNg,@マサル-o2v,2,2ヶ月,Member (2 months),,不明,,,1,2,0,2026-09-17 20:01,2026-09-17 20:01,,,https://www.youtube.com/channel/UCPaIoj_8k307knGBcOjtSNg
UC3Pd4Fp43Dj7ml-u6FU0lYw,@はる-ha.1,2,2ヶ月,Member (2 months),,不明,,,1,26,0,2026-09-17 20:01,2026-09-17 20:01,,,https://www.youtube.com/channel/UC3Pd4Fp43Dj7ml-u6FU0lYw
UCbyShyNIJ7rcESZDJqVXwWw,@ジャコウ-t9n,2,2ヶ月,Member (2 months),,不明,,,1,1,0,2026-09-17 20:01,2026-09-17 20:01,,,https://www.youtube.com/channel/UCbyShyNIJ7rcESZDJqVXwWw
UCkb0sLNciXQEZOWxk-CaiIA,@onesmall9395,2,2ヶ月,Member (2 months),,不明,,,1,1,0,2026-09-17 20:01,2026-09-17 20:01,,,https://www.youtube.com/channel/UCkb0sLNciXQEZOWxk-CaiIA
UCpHb55OBscmrLnL3jNXbjVA,@ズンドコoO,2,2ヶ月,Member (2 months),,不明,,,1,2,0,2026-09-17 20:01,2026-09-17 20:01,,,https://www.youtube.com/channel/UCpHb55OBscmrLnL3jNXbjVA
UCCJ42ztKqY8TKxHCcV2SlZw,@2035gelatin,2,2ヶ月,Member (2 months),,不明,,,1,1,1,2026-09-17 20:01,2026-09-17 20:01,,,https://www.youtube.com/channel/UCCJ42ztKqY8TKxHCcV2SlZw
UCi48pAVBbU51MjlGjndxpUQ,@YX-yx,2,2ヶ月,Member (2 months),,不明,,,1,1,0,2026-09-17 20:01,2026-09-17 20:01,,,https://www.youtube.com/channel/UCi48pAVBbU51MjlGjndxpUQ
UCrBXHeeuOfEE4jxoN-Ur0CQ,@やましげ7002,2,2ヶ月,Member (2 months),,不明,,,1,1,0,2026-09-18 19:00,2026-09-18 19:00,,,https://www.youtube.com/channel/UCrBXHeeuOfEE4jxoN-Ur0CQ
UCXtQiUx8eFcFLZMj3TAwUnQ,@カイジャリスイギョ-j1t,2,2ヶ月,Member (2 months),,不明,,,1,1,0,2026-09-18 19:00,2026-09-18 19:00,,,https://www.youtube.com/channel/UCXtQiUx8eFcFLZMj3TAwUnQ
UCCGwIdGAMG5L_Uhrs-9ngbQ,@Usagi-Rocket,2,2ヶ月,Member (2 months),,不明,,,1,1,0,2026-09-19 12:00,2026-09-19 12:00,,,https://www.youtube.com/channel/UCCGwIdGAMG5L_Uhrs-9ngbQ
UChRWyQKUaA-sJMkfCWzVvRQ,@王毓閎,2,2ヶ月,Member (2 months),,不明,,,1,1,0,2026-09-19 12:00,2026-09-19 12:00,,,https://www.youtube.com/channel/UChRWyQKUaA-sJMkfCWzVvRQ
UC2z82zBPBAxlzoVXrmrk1ZQ,@Dolce_7kama,2,2ヶ月,Member (2 months),,不明,,,1,1,0,2026-09-21 21:00,2026-09-21 21:00,,,https://www.youtube.com/channel/UC2z82zBPBAxlzoVXrmrk1ZQ
UCum74JbQ6SJhGscI9vUkT4g,@やむちゃyamucha,2,2ヶ月,Member (2 months),,不明,,,1,6,0,2026-09-27 18:59,2026-09-27 18:59,,,https://www.youtube.com/channel/UCum74JbQ6SJhGscI9vUkT4g
UC7prdayZLji67dLhvvpRwQA,@grayfm,2,2ヶ月,Member (2 months),,不明,,,1,1,0,2026-09-27 18:59,2026-09-27 18:59,,,https://www.youtube.com/channel/UC7prdayZLji67dLhvvpRwQA
UC0zFDNBn9zl2eBmQfQtO-fw,@Guagua2c,2,2ヶ月,Member (2 months),,不明,,,1,1,1,2026-09-27 18:59,2026-09-27 18:59,,,https://www.youtube.com/channel/UC0zFDNBn9zl2eBmQfQtO-fw
UCaOpyWVi8_LrOgTXYqiTNWA,@MiiiA-0,2,2ヶ月,Member (2 months),,不明,,,1,1,0,2026-09-27 18:59,2026-09-27 18:59,,,https://www.youtube.com/channel/UCaOpyWVi8_LrOgTXYqiTNWA
UCHD5Epyuanh6Ni9ewdTPfsw,@NamineYua,2,2ヶ月,Member (2 months),,不明,,,1,2,0,2026-09-28 21:00,2026-09-28 21:00,,,https://www.youtube.com/channel/UCHD5Epyuanh6Ni9ewdTPfsw
UCjsR0ZJ58hiuVrZ_TAmCraw,@おもち-sh,1,1ヶ月,Member (1 month),,不明,,,16,1167,0,2026-09-10 19:01,2026-10-04 12:00,,,https://www.youtube.com/channel/UCjsR0ZJ58hiuVrZ_TAmCraw
UCPFsx0eyUx4iQEokrDWF0wA,@as333rr,1,1ヶ月,Member (1 month),,不明,,,13,31,0,2026-09-10 19:01,2026-10-04 12:00,,,https://www.youtube.com/channel/UCPFsx0eyUx4iQEokrDWF0wA
UCIWgCbSkt6S0CBphexS_qpQ,@Tatsuya_1112,1,1ヶ月,Member (1 month),,不明,,,12,106,1,2026-09-10 19:01,2026-10-03 21:00,,,https://www.youtube.com/channel/UCIWgCbSkt6S0CBphexS_qpQ
UCtuQu7debyvgpPdBspS7B0g,@愚者ぐしゃ,1,1ヶ月,Member (1 month),,不明,,,11,16,0,2026-09-10 19:01,2026-10-04 12:00,,,https://www.youtube.com/channel/UCtuQu7debyvgpPdBspS7B0g
UCnPNy-EUqehWk81MUjU_D_g,@ビンチョウタンカレー,1,1ヶ月,Member (1 month),,不明,,,11,72,0,2026-09-11 21:05,2026-10-04 12:00,,,https://www.youtube.com/channel/UCnPNy-EUqehWk81MUjU_D_g
UCrWR6LF9gmpnsFJMvnBLipQ,@manewー,1,1ヶ月,Member (1 month),,不明,,,10,101,1,2026-09-12 19:59,2026-10-04 12:00,,,https://www.youtube.com/channel/UCrWR6LF9gmpnsFJMvnBLipQ
UCyOyLgESVnukQhZsT3uUNnA,@みそマヨ-v4r,1,1ヶ月,Member (1 month),,不明,,,8,73,0,2026-09-11 21:05,2026-10-04 12:00,,,https://www.youtube.com/channel/UCyOyLgESVnukQhZsT3uUNnA
UCtrx8cs0nUDTEmq7pq4lARg,@PlusAlpha-e6b,1,1ヶ月,Member (1 month),,不明,,,6,78,0,2026-09-12 19:59,2026-09-30 19:01,,,https://www.youtube.com/channel/UCtrx8cs0nUDTEmq7pq4lARg
UCyq55I38w4a3MD4NNJ279Nw,@sazae-c8t,1,1ヶ月,Member (1 month),,ななかま,新規加入,,5,73,0,2026-09-11 21:05,2026-09-30 19:01,○,,https://www.youtube.com/channel/UCyq55I38w4a3MD4NNJ279Nw
UCxePRe0GLEcGftpXeo_GCHQ,@Rionn_07,1,1ヶ月,Member (1 month),,不明,,,4,8,0,2026-09-10 19:01,2026-10-04 12:00,,,https://www.youtube.com/channel/UCxePRe0GLEcGftpXeo_GCHQ
UCLOewmcvvyncFLBlElC4RgA,@たかな_1229,1,1ヶ月,Member (1 month),,不明,,,3,8,0,2026-09-15 12:00,2026-10-02 18:01,,,https://www.youtube.com/channel/UCLOewmcvvyncFLBlElC4RgA
UClejjjuBCICjKEsKtKBA-Ag,@takutaku4541,1,1ヶ月,Member (1 month),,不明,,,3,6,0,2026-09-17 20:01,2026-09-27 18:59,,,https://www.youtube.com/channel/UClejjjuBCICjKEsKtKBA-Ag
UCVDl7C6wy2jJEIq4GO7Y9Zg,@神野える-noitoieru,1,1ヶ月,Member (1 month),,不明,,,3,65,0,2026-09-17 20:01,2026-10-02 18:01,,,https://www.youtube.com/channel/UCVDl7C6wy2jJEIq4GO7Y9Zg
UCViyHSvQwZH_dij-qKA4Ibw,@やすひろ_サイエンタイン,1,1ヶ月,Member (1 month),,不明,,,2,4,0,2026-09-17 20:01,2026-10-02 18:01,,,https://www.youtube.com/channel/UCViyHSvQwZH_dij-qKA4Ibw
UCFGAUfiGCl-AXsSHKKEVB7g,@Neo-Cadenza,1,1ヶ月,Member (1 month),,不明,,,2,9,0,2026-09-21 21:00,2026-10-03 21:00,,,https://www.youtube.com/channel/UCFGAUfiGCl-AXsSHKKEVB7g
UCwNLivF5qdws9XomeRaK5xg,@Ayato17222,1,1ヶ月,Member (1 month),,ななかま,新規加入,,1,0,0,2026-09-10 19:01,2026-09-10 19:01,○,,https://www.youtube.com/channel/UCwNLivF5qdws9XomeRaK5xg
UCwvd1-qawI6YYc2jAutDULw,@d4rui632,1,1ヶ月,Member (1 month),,不明,,,1,133,0,2026-09-11 21:05,2026-09-11 21:05,,,https://www.youtube.com/channel/UCwvd1-qawI6YYc2jAutDULw
UC1EKYC_eBs3ok6XehghxnaQ,@キティズ,1,1ヶ月,Member (1 month),,不明,,,1,1,0,2026-09-11 21:05,2026-09-11 21:05,,,https://www.youtube.com/channel/UC1EKYC_eBs3ok6XehghxnaQ
UC4qqa65PQ4wW3y0nyiUzxdA,@かーてん_a2,1,1ヶ月,Member (1 month),,不明,,,1,1,0,2026-09-11 21:05,2026-09-11 21:05,,,https://www.youtube.com/channel/UC4qqa65PQ4wW3y0nyiUzxdA
UCFyP8sXKB-4dtHoNzuyGG8Q,@みっふぃかわいいうさちゃん,1,1ヶ月,Member (1 month),,不明,,,1,3,0,2026-09-11 21:05,2026-09-11 21:05,,,https://www.youtube.com/channel/UCFyP8sXKB-4dtHoNzuyGG8Q
UC6GIgkFJhnbXDTM948CkPgA,@剣のオジサン,1,1ヶ月,Member (1 month),,不明,,,1,1,0,2026-09-11 21:05,2026-09-11 21:05,,,https://www.youtube.com/channel/UC6GIgkFJhnbXDTM948CkPgA
UCjp7qGk0C3xFc8z3prLROgw,@Maryi608,1,1ヶ月,Member (1 month),,不明,,,1,1,0,2026-09-11 21:05,2026-09-11 21:05,,,https://www.youtube.com/channel/UCjp7qGk0C3xFc8z3prLROgw
UCeG2OV6-bdZ2CLZ1Zlnu5Cg,@1127tombo,1,1ヶ月,Member (1 month),,ななかま,新規加入,,1,0,0,2026-09-11 21:05,2026-09-11 21:05,○,,https://www.youtube.com/channel/UCeG2OV6-bdZ2CLZ1Zlnu5Cg
UCnZHN2C1f3DVlXm2PAANPdg,@にゃおまる-p3n,1,1ヶ月,Member (1 month),,ななかま,新規加入,,1,0,0,2026-09-11 21:05,2026-09-11 21:05,○,,https://www.youtube.com/channel/UCnZHN2C1f3DVlXm2PAANPdg
UCDBZ913TW1rkUn2hT7ISmqQ,@asahina07,1,1ヶ月,Member (1 month),,ななかま,新規加入,,1,0,0,2026-09-12 12:00,2026-09-12 12:00,○,,https://www.youtube.com/channel/UCDBZ913TW1rkUn2hT7ISmqQ
UC8YctrHYQhFyObdJIWeS2qw,@あんふぇたみん,1,1ヶ月,Member (1 month),,不明,,,1,9,0,2026-09-15 12:00,2026-09-15 12:00,,,https://www.youtube.com/channel/UC8YctrHYQhFyObdJIWeS2qw
UCIDy_SiB-3IRUfwpbulimJA,@コサキ52,1,1ヶ月,Member (1 month),,不明,,,1,1,0,2026-09-15 12:00,2026-09-15 12:00,,,https://www.youtube.com/channel/UCIDy_SiB-3IRUfwpbulimJA
UCLPYXcNfXoo2uv7E6fGX7Jg,@パール510,1,1ヶ月,Member (1 month),,不明,,,1,1,0,2026-09-15 12:00,2026-09-15 12:00,,,https://www.youtube.com/channel/UCLPYXcNfXoo2uv7E6fGX7Jg
UC6VYYKti1uQw1_kM23AzRtA,@sume43,1,1ヶ月,Member (1 month),,不明,,,1,2,0,2026-09-17 20:01,2026-09-17 20:01,,,https://www.youtube.com/channel/UC6VYYKti1uQw1_kM23AzRtA
UC3lpmzSp09nR9rlgGHoD89A,@SolNa0911,1,1ヶ月,Member (1 month),,不明,,,1,11,0,2026-09-17 20:01,2026-09-17 20:01,,,https://www.youtube.com/channel/UC3lpmzSp09nR9rlgGHoD89A
UCuBuMWP1HmdTuPEwj9p6Wtg,@さっちっち-s5r,1,1ヶ月,Member (1 month),,不明,,,1,4,0,2026-09-23 21:00,2026-09-23 21:00,,,https://www.youtube.com/channel/UCuBuMWP1HmdTuPEwj9p6Wtg
UCz9TBG5-dpSYpxUKtdN6o1Q,@たろまる_2g3g,1,1ヶ月,Member (1 month),,不明,,,1,2,0,2026-09-25 21:00,2026-09-25 21:00,,,https://www.youtube.com/channel/UCz9TBG5-dpSYpxUKtdN6o1Q
UC9dwwy7_uBp7-EnCIbvr5zA,@I白夜I,1,1ヶ月,Member (1 month),,不明,,,1,1,0,2026-09-27 18:59,2026-09-27 18:59,,,https://www.youtube.com/channel/UC9dwwy7_uBp7-EnCIbvr5zA
UC0o5h2pLMAriK1sevExDzVQ,@まことじ,1,1ヶ月,Member (1 month),,ななかま,新規加入,,1,0,0,2026-09-27 18:59,2026-09-27 18:59,○,,https://www.youtube.com/channel/UC0o5h2pLMAriK1sevExDzVQ
UCczL9NcCZVsk-tC4voR3ibw,@tubame_77,1,1ヶ月,Member (1 month),,不明,,,1,1,0,2026-10-04 12:00,2026-10-04 12:00,,,https://www.youtube.com/channel/UCczL9NcCZVsk-tC4voR3ibw
UCX3BjVj8hSadrkVf1rqg2kA,@みな-s6f,0,新規(1ヶ月未満),New member,,不明,,,13,547,0,2026-09-10 19:01,2026-10-04 12:00,,,https://www.youtube.com/channel/UCX3BjVj8hSadrkVf1rqg2kA
UCLslx3DuYja2F-Dc6jDIM9w,@くまのあぶり,0,新規(1ヶ月未満),New member,,ななかま,新規加入,,12,913,8,2026-09-10 19:01,2026-10-03 21:00,○,,https://www.youtube.com/channel/UCLslx3DuYja2F-Dc6jDIM9w
UCqw-MXpw6UBPU0DfgXGRiKw,@peatpotter,0,新規(1ヶ月未満),New member,,ななかま,ギフト,ギフトで加入,11,73,0,2026-09-10 19:01,2026-10-04 12:00,○,○,https://www.youtube.com/channel/UCqw-MXpw6UBPU0DfgXGRiKw
UC8trtrORgTVzRhgQWHxucEw,@くろすはーと,0,新規(1ヶ月未満),New member,,不明,,,10,677,0,2026-09-10 19:01,2026-10-04 12:00,,,https://www.youtube.com/channel/UC8trtrORgTVzRhgQWHxucEw
UCEDNOkagPHIkOYAbI_Avd3Q,@saramin830,0,新規(1ヶ月未満),New member,,ななかま,ギフト,ギフトで加入,8,326,0,2026-09-19 12:00,2026-10-04 12:00,○,○,https://www.youtube.com/channel/UCEDNOkagPHIkOYAbI_Avd3Q
UCbr1AiwXS9Q0Wi5GgJRh_hw,@NCPL-xlo,0,新規(1ヶ月未満),New member,,ななかま,ギフト,ギフトで加入,8,115,0,2026-09-19 12:00,2026-10-04 12:00,○,○,https://www.youtube.com/channel/UCbr1AiwXS9Q0Wi5GgJRh_hw
UCX9plI1QeWTkHGUxzGh3-nw,@カイkaihochai,0,新規(1ヶ月未満),New member,,ななかま,新規加入,,8,46,0,2026-09-20 12:01,2026-10-04 12:00,○,,https://www.youtube.com/channel/UCX9plI1QeWTkHGUxzGh3-nw
UCX0ZQBR39OvmKPZCnnOYh_g,@デンチュラ,0,新規(1ヶ月未満),New member,,不明,,,5,10,0,2026-09-12 12:00,2026-09-23 21:00,,,https://www.youtube.com/channel/UCX0ZQBR39OvmKPZCnnOYh_g
UC5GjK-1x6jQNDFlWmgzgDNQ,@あめあがりno2ji,0,新規(1ヶ月未満),New member,,不明,,,5,124,0,2026-09-25 21:00,2026-10-04 12:00,,,https://www.youtube.com/channel/UC5GjK-1x6jQNDFlWmgzgDNQ
UCtkktOjC7cOKMqVOMjI9J9A,@KAKU_7melt,0,新規(1ヶ月未満),New member,,不明,,,4,117,0,2026-09-12 19:59,2026-09-27 18:59,,,https://www.youtube.com/channel/UCtkktOjC7cOKMqVOMjI9J9A
UClzsX8GEtVSYb0klm0_DRcg,@OO_Double_O,0,新規(1ヶ月未満),New member,,ななかま,ギフト,ギフトで加入,4,87,0,2026-09-19 12:00,2026-09-28 21:00,○,○,https://www.youtube.com/channel/UClzsX8GEtVSYb0klm0_DRcg
UCOdXxQu3l9SFY5zOraPiavg,@赤目-c7p,0,新規(1ヶ月未満),New member,,ななかま,ギフト,ギフトで加入,4,266,0,2026-09-25 21:00,2026-10-04 12:00,○,○,https://www.youtube.com/channel/UCOdXxQu3l9SFY5zOraPiavg
UCGUn8ss_sCrNPpFX1L5YBlA,@taikun57,0,新規(1ヶ月未満),New member,,不明,,,3,12,0,2026-09-11 21:05,2026-09-18 19:00,,,https://www.youtube.com/channel/UCGUn8ss_sCrNPpFX1L5YBlA
UCS331_QgPVGVPPDY6yJYM8g,@S._.i_VTuberOtaku,0,新規(1ヶ月未満),New member,,不明,,,3,20,0,2026-09-17 20:01,2026-09-27 18:59,,,https://www.youtube.com/channel/UCS331_QgPVGVPPDY6yJYM8g
UChzhtOOWD-yxM5emSs_hP6w,@アパッチの雄叫び,0,新規(1ヶ月未満),New member,,不明,,,3,10,0,2026-09-19 12:00,2026-10-04 12:00,,,https://www.youtube.com/channel/UChzhtOOWD-yxM5emSs_hP6w
UC6Q5knZldFXFarfeVxOCOng,@yao_aoi,0,新規(1ヶ月未満),New member,,不明,,,3,4,0,2026-09-19 12:00,2026-10-03 21:00,,,https://www.youtube.com/channel/UC6Q5knZldFXFarfeVxOCOng
UCpN5dZb6bsY_JMDsOWbEVBg,@ぐらぐら幽霊,0,新規(1ヶ月未満),New member,,ななかま,新規加入,,3,205,1,2026-09-30 19:01,2026-10-03 21:00,○,,https://www.youtube.com/channel/UCpN5dZb6bsY_JMDsOWbEVBg
UCjMkVRweVQcIXNVRBEnaubw,@スーパーくもらせおじさん,0,新規(1ヶ月未満),New member,,不明,,,2,2,2,2026-09-12 12:00,2026-09-21 21:00,,,https://www.youtube.com/channel/UCjMkVRweVQcIXNVRBEnaubw
UCwH1mWhujbMH4MT09tma2ZA,@むと-770,0,新規(1ヶ月未満),New member,,不明,,,2,18,0,2026-09-17 20:01,2026-09-27 18:59,,,https://www.youtube.com/channel/UCwH1mWhujbMH4MT09tma2ZA
UCGM7Ilz5p-t0myMIL2peH9w,@enoki_399,0,新規(1ヶ月未満),New member,,不明,,,2,6,0,2026-09-17 20:01,2026-09-27 18:59,,,https://www.youtube.com/channel/UCGM7Ilz5p-t0myMIL2peH9w
UC-_QNwITCg1hLut6ctyczLw,@なお_n,0,新規(1ヶ月未満),New member,,ななかま,ギフト,ギフトで加入,2,1,0,2026-09-20 12:01,2026-09-23 21:00,○,○,https://www.youtube.com/channel/UC-_QNwITCg1hLut6ctyczLw
UCdDHIEtDApUNWZiWKGU34jw,@ジェラルド-o7v,0,新規(1ヶ月未満),New member,,不明,,,2,7,0,2026-09-23 21:00,2026-10-04 12:00,,,https://www.youtube.com/channel/UCdDHIEtDApUNWZiWKGU34jw
UCqSaLPiwiRIBdWA2SZWPQMw,@sabata719,0,新規(1ヶ月未満),New member,,ななかま,ギフト,ギフトで加入,2,92,0,2026-09-25 21:00,2026-09-28 21:00,○,○,https://www.youtube.com/channel/UCqSaLPiwiRIBdWA2SZWPQMw
UCC8BetRY54eJImxsUSMP2YQ,@miuminミウ,0,新規(1ヶ月未満),New member,,不明,,,1,1,0,2026-09-10 19:01,2026-09-10 19:01,,,https://www.youtube.com/channel/UCC8BetRY54eJImxsUSMP2YQ
UCd57bwijF-9ID80B7mgSb6w,@hakoashi,0,新規(1ヶ月未満),New member,,ななかま,ギフト,ギフトで加入,1,1,0,2026-09-10 19:01,2026-09-10 19:01,○,○,https://www.youtube.com/channel/UCd57bwijF-9ID80B7mgSb6w
UCmFPbUemk22WGm2QJDmRGlw,@ilhamPratama468,0,新規(1ヶ月未満),New member,,不明,,,1,1,0,2026-09-10 19:01,2026-09-10 19:01,,,https://www.youtube.com/channel/UCmFPbUemk22WGm2QJDmRGlw
UC_2g5BaXH-M01ZK6DEzs5Og,@のもり,0,新規(1ヶ月未満),,,ななかま,ギフト,ギフトで加入,1,0,0,2026-09-10 19:01,2026-09-10 19:01,○,○,https://www.youtube.com/channel/UC_2g5BaXH-M01ZK6DEzs5Og
UCVCfiXhznqwV2c16EWCmn4A,@常夏の山田樹,0,新規(1ヶ月未満),,,ななかま,ギフト,ギフトで加入,1,0,0,2026-09-10 19:01,2026-09-10 19:01,○,○,https://www.youtube.com/channel/UCVCfiXhznqwV2c16EWCmn4A
UCistd-WJ8NcJQ_Gj3HaEmKQ,@アシテン,0,新規(1ヶ月未満),New member,,ななかま,ギフト,ギフトで加入,1,5,0,2026-09-11 21:05,2026-09-11 21:05,○,○,https://www.youtube.com/channel/UCistd-WJ8NcJQ_Gj3HaEmKQ
UCXBcyCmMOiSPDvCB0Xo-CNQ,@minato_2546,0,新規(1ヶ月未満),New member,,不明,,,1,2,0,2026-09-11 21:05,2026-09-11 21:05,,,https://www.youtube.com/channel/UCXBcyCmMOiSPDvCB0Xo-CNQ
UC26TgtzTxW-QDUMI0Bi_KWw,@tcg953,0,新規(1ヶ月未満),New member,,不明,,,1,2,0,2026-09-11 21:05,2026-09-11 21:05,,,https://www.youtube.com/channel/UC26TgtzTxW-QDUMI0Bi_KWw
UCnWj2g5lSmdaigDB-wnU0bQ,@Rio-rq5mx,0,新規(1ヶ月未満),New member,,ななかま,新規加入,,1,0,0,2026-09-11 21:05,2026-09-11 21:05,○,,https://www.youtube.com/channel/UCnWj2g5lSmdaigDB-wnU0bQ
UCCo69EdcM6Di-1KH5F9Rw0g,@南-n1j,0,新規(1ヶ月未満),New member,,ななかま,新規加入,,1,0,0,2026-09-11 21:05,2026-09-11 21:05,○,,https://www.youtube.com/channel/UCCo69EdcM6Di-1KH5F9Rw0g
UClokvAsCVxLrwTolDGsOamQ,@お茶_カレー,0,新規(1ヶ月未満),,,ななかま,ギフト,ギフトで加入,1,0,0,2026-09-11 21:05,2026-09-11 21:05,○,○,https://www.youtube.com/channel/UClokvAsCVxLrwTolDGsOamQ
UCGeSrPVc6FpJVIYgBK45xlw,@u_moa03,0,新規(1ヶ月未満),,,ななかま,ギフト,ギフトで加入,1,0,0,2026-09-11 21:05,2026-09-11 21:05,○,○,https://www.youtube.com/channel/UCGeSrPVc6FpJVIYgBK45xlw
UCkIfDsCTU6L229pcTxCoh9g,@gyimoku503,0,新規(1ヶ月未満),,,ななかま,ギフト,ギフトで加入,1,0,0,2026-09-11 21:05,2026-09-11 21:05,○,○,https://www.youtube.com/channel/UCkIfDsCTU6L229pcTxCoh9g
UCVI4Gjyh5LI1r_QqvIcJGpw,@Eitarou-sl9ql,0,新規(1ヶ月未満),,,ななかま,ギフト,ギフトで加入,1,0,0,2026-09-11 21:05,2026-09-11 21:05,○,○,https://www.youtube.com/channel/UCVI4Gjyh5LI1r_QqvIcJGpw
UCf2jDvZQvN25H_I6QqmtArQ,@青木吉以,0,新規(1ヶ月未満),New member,,ななかま,新規加入,,1,0,0,2026-09-11 21:05,2026-09-11 21:05,○,,https://www.youtube.com/channel/UCf2jDvZQvN25H_I6QqmtArQ
UCk0P7fBV1Ki0ZnYst9e97Lw,@Ken_Akathuki5315,0,新規(1ヶ月未満),New member,,ななかま,新規加入,,1,0,0,2026-09-11 21:05,2026-09-11 21:05,○,,https://www.youtube.com/channel/UCk0P7fBV1Ki0ZnYst9e97Lw
UCymF2Iv9BT5YSraCrdJK8Jg,@しょーじ97,0,新規(1ヶ月未満),New member,,ななかま,新規加入,,1,0,0,2026-09-11 21:05,2026-09-11 21:05,○,,https://www.youtube.com/channel/UCymF2Iv9BT5YSraCrdJK8Jg
UCHTKIbZ6hoFqlSX7AzFYbdg,@ヲタク君_めら組0416,0,新規(1ヶ月未満),New member,,ななかま,新規加入,,1,0,0,2026-09-11 21:05,2026-09-11 21:05,○,,https://www.youtube.com/channel/UCHTKIbZ6hoFqlSX7AzFYbdg
UCmLzOsNf09IrJLUQTzlIvhA,@かめ-i2y,0,新規(1ヶ月未満),New member,,ななかま,新規加入,,1,0,0,2026-09-11 21:05,2026-09-11 21:05,○,,https://www.youtube.com/channel/UCmLzOsNf09IrJLUQTzlIvhA
UC6GVz2ois3Q1tF9Qsf_zSAg,@jihadgeorge,0,新規(1ヶ月未満),New member,,ななかま,新規加入,,1,0,0,2026-09-11 21:05,2026-09-11 21:05,○,,https://www.youtube.com/channel/UC6GVz2ois3Q1tF9Qsf_zSAg
UCNDiE0VFlKfDJzsbKclG0Vw,@りあ-b8o,0,新規(1ヶ月未満),New member,,ななかま,新規加入,,1,0,0,2026-09-11 21:05,2026-09-11 21:05,○,,https://www.youtube.com/channel/UCNDiE0VFlKfDJzsbKclG0Vw
UC4Rm5GPK_m678BO9PZFM-OA,@SK-bk3uv,0,新規(1ヶ月未満),New member,,ななかま,新規加入,,1,0,0,2026-09-11 21:05,2026-09-11 21:05,○,,https://www.youtube.com/channel/UC4Rm5GPK_m678BO9PZFM-OA
UCX-7OAkbzgZ75tTeuUuJaCg,@ykubota2761,0,新規(1ヶ月未満),New member,,ななかま,新規加入,,1,0,0,2026-09-11 21:05,2026-09-11 21:05,○,,https://www.youtube.com/channel/UCX-7OAkbzgZ75tTeuUuJaCg
UCvfoy04Z3HYtGqsIb_YPeNQ,@それとなくなめこ汁,0,新規(1ヶ月未満),New member,,ななかま,新規加入,,1,0,0,2026-09-11 21:05,2026-09-11 21:05,○,,https://www.youtube.com/channel/UCvfoy04Z3HYtGqsIb_YPeNQ
UCwCdFezVCAicTluYbSNrhsw,@有機物-z2w,0,新規(1ヶ月未満),New member,,ななかま,新規加入,,1,0,0,2026-09-11 21:05,2026-09-11 21:05,○,,https://www.youtube.com/channel/UCwCdFezVCAicTluYbSNrhsw
UCp8uZ5zslIqAlVoNmPXyS_Q,@fyuryi9799,0,新規(1ヶ月未満),New member,,ななかま,新規加入,,1,0,0,2026-09-11 21:05,2026-09-11 21:05,○,,https://www.youtube.com/channel/UCp8uZ5zslIqAlVoNmPXyS_Q
UCS5GsR1gfK4zBL8Mvz87iEg,@BarneyKidman,0,新規(1ヶ月未満),New member,,ななかま,新規加入,,1,0,0,2026-09-11 21:05,2026-09-11 21:05,○,,https://www.youtube.com/channel/UCS5GsR1gfK4zBL8Mvz87iEg
UC0DofUIpT-1xvR1kxahW7VQ,@つっちー-y6r,0,新規(1ヶ月未満),New member,,ななかま,新規加入,,1,0,0,2026-09-12 12:00,2026-09-12 12:00,○,,https://www.youtube.com/channel/UC0DofUIpT-1xvR1kxahW7VQ
UCeAMQDG8F2Wxnrm0hu9bmGg,@しゃんぴにょん,0,新規(1ヶ月未満),New member,,ななかま,新規加入,,1,0,0,2026-09-12 12:00,2026-09-12 12:00,○,,https://www.youtube.com/channel/UCeAMQDG8F2Wxnrm0hu9bmGg
UCvsOCOTe-yuPrn9VmDgMjVQ,@user-zr9oi7yq8q,0,新規(1ヶ月未満),New member,,ななかま,新規加入,,1,0,0,2026-09-12 12:00,2026-09-12 12:00,○,,https://www.youtube.com/channel/UCvsOCOTe-yuPrn9VmDgMjVQ
UCeH4rZaW9K_b31wRp6CwX3g,@アンタレス-u8s,0,新規(1ヶ月未満),New member,,ななかま,新規加入,,1,0,0,2026-09-12 12:00,2026-09-12 12:00,○,,https://www.youtube.com/channel/UCeH4rZaW9K_b31wRp6CwX3g
UC9OPlXzGAwwzofPqLcN-5Hw,@sin3087,0,新規(1ヶ月未満),New member,,ななかま,新規加入,,1,0,0,2026-09-12 12:00,2026-09-12 12:00,○,,https://www.youtube.com/channel/UC9OPlXzGAwwzofPqLcN-5Hw
UCi-vJxgpbJqThmF4YYXmj5w,@mtfm5376,0,新規(1ヶ月未満),New member,,ななかま,新規加入,,1,0,0,2026-09-12 12:00,2026-09-12 12:00,○,,https://www.youtube.com/channel/UCi-vJxgpbJqThmF4YYXmj5w
UCYVbL2NpdlwAmmrbtW8ezoQ,@青木聖馬-t5k,0,新規(1ヶ月未満),New member,,ななかま,新規加入,,1,0,0,2026-09-12 12:00,2026-09-12 12:00,○,,https://www.youtube.com/channel/UCYVbL2NpdlwAmmrbtW8ezoQ
UCWELxvdRVHqbAst6REmRESw,@roseearth6911,0,新規(1ヶ月未満),New member,,ななかま,新規加入,,1,0,0,2026-09-12 12:00,2026-09-12 12:00,○,,https://www.youtube.com/channel/UCWELxvdRVHqbAst6REmRESw
UCfyff2b5NPNAbnmyT48HTxw,@御茶屋-q1x,0,新規(1ヶ月未満),New member,,ななかま,新規加入,,1,0,0,2026-09-12 12:00,2026-09-12 12:00,○,,https://www.youtube.com/channel/UCfyff2b5NPNAbnmyT48HTxw
UCh0h6yXX3KgfO2rqo9Jzdkg,@アラビアーツァ,0,新規(1ヶ月未満),New member,,ななかま,新規加入,,1,0,0,2026-09-12 19:59,2026-09-12 19:59,○,,https://www.youtube.com/channel/UCh0h6yXX3KgfO2rqo9Jzdkg
UCfcnshYMD57SEaFu_XDJNrg,@霖_ながあめ,0,新規(1ヶ月未満),,,ななかま,ギフト,ギフトで加入,1,0,0,2026-09-12 19:59,2026-09-12 19:59,○,○,https://www.youtube.com/channel/UCfcnshYMD57SEaFu_XDJNrg
UCIUWHJp4InLkGWXpQf7XYzA,@かゆい_poripori,0,新規(1ヶ月未満),,,ななかま,ギフト,ギフトで加入,1,0,0,2026-09-12 19:59,2026-09-12 19:59,○,○,https://www.youtube.com/channel/UCIUWHJp4InLkGWXpQf7XYzA
UCHHurPZrHq5uw3Ma74PLdmA,@アオマ-07,0,新規(1ヶ月未満),,,ななかま,ギフト,ギフトで加入,1,0,0,2026-09-12 19:59,2026-09-12 19:59,○,○,https://www.youtube.com/channel/UCHHurPZrHq5uw3Ma74PLdmA
UCCxXjVkRFq8ukeskOcF0cuA,@hamham_sta,0,新規(1ヶ月未満),,,ななかま,ギフト,ギフトで加入,1,0,0,2026-09-12 19:59,2026-09-12 19:59,○,○,https://www.youtube.com/channel/UCCxXjVkRFq8ukeskOcF0cuA
UC1BXM3sKW-DGyv4fK9WoK0w,@ふやっち,0,新規(1ヶ月未満),,,ななかま,ギフト,ギフトで加入,1,0,0,2026-09-12 19:59,2026-09-12 19:59,○,○,https://www.youtube.com/channel/UC1BXM3sKW-DGyv4fK9WoK0w
UCZWswzdGMKzb8KItOBYIBlQ,@靖土居,0,新規(1ヶ月未満),New member,,ななかま,新規加入,,1,0,0,2026-09-12 19:59,2026-09-12 19:59,○,,https://www.youtube.com/channel/UCZWswzdGMKzb8KItOBYIBlQ
UCrnaNs9eRbuT7cOmZS4X9Yg,@リンリン-t4h,0,新規(1ヶ月未満),New member,,ななかま,新規加入,,1,0,0,2026-09-12 19:59,2026-09-12 19:59,○,,https://www.youtube.com/channel/UCrnaNs9eRbuT7cOmZS4X9Yg
UCptDHJjzfR3xgcjDPnhvx8w,@さとわkyknj,0,新規(1ヶ月未満),New member,,不明,,,1,1,0,2026-09-15 12:00,2026-09-15 12:00,,,https://www.youtube.com/channel/UCptDHJjzfR3xgcjDPnhvx8w
UC_PLTN-JrfFczMaNoE5qNaA,@よねちゃ-u3q,0,新規(1ヶ月未満),New member,,ななかま,新規加入,,1,0,0,2026-09-15 12:00,2026-09-15 12:00,○,,https://www.youtube.com/channel/UC_PLTN-JrfFczMaNoE5qNaA
UCpTq34hireJ3z_xISOMZ2QA,@しるだん-09,0,新規(1ヶ月未満),New member,,不明,,,1,1,0,2026-09-17 20:01,2026-09-17 20:01,,,https://www.youtube.com/channel/UCpTq34hireJ3z_xISOMZ2QA
UCV5KbEsRxguvKIC5zR6tdKQ,@にゃちo_o,0,新規(1ヶ月未満),New member,,ななかま,新規加入,,1,1,0,2026-09-17 20:01,2026-09-17 20:01,○,,https://www.youtube.com/channel/UCV5KbEsRxguvKIC5zR6tdKQ
UCBFtoOIIOyO-RpkE_CcumgA,@すたたん,0,新規(1ヶ月未満),New member,,ななかま,新規加入,,1,1,0,2026-09-17 20:01,2026-09-17 20:01,○,,https://www.youtube.com/channel/UCBFtoOIIOyO-RpkE_CcumgA
UC0Q26_OSyYoi2YhAT67XbXg,@zerachin8757,0,新規(1ヶ月未満),,,ななかま,ギフト,ギフトで加入,1,0,0,2026-09-17 20:01,2026-09-17 20:01,○,○,https://www.youtube.com/channel/UC0Q26_OSyYoi2YhAT67XbXg
UCYM8rVtiGIHRO_XWEALom8Q,@DF-oy1kq,0,新規(1ヶ月未満),,,ななかま,ギフト,ギフトで加入,1,0,0,2026-09-17 20:01,2026-09-17 20:01,○,○,https://www.youtube.com/channel/UCYM8rVtiGIHRO_XWEALom8Q
UCWNT1L7NeYwx0tuvW2SlX0Q,@doronc9618,0,新規(1ヶ月未満),,,ななかま,ギフト,ギフトで加入,1,0,0,2026-09-17 20:01,2026-09-17 20:01,○,○,https://www.youtube.com/channel/UCWNT1L7NeYwx0tuvW2SlX0Q
UCKPmmpCjcbl4CpvSmSDD9wA,@うゆ-l3w,0,新規(1ヶ月未満),,,ななかま,ギフト,ギフトで加入,1,0,0,2026-09-17 20:01,2026-09-17 20:01,○,○,https://www.youtube.com/channel/UCKPmmpCjcbl4CpvSmSDD9wA
UCyomd0G5SbNK4p99DHiiwLg,@ましゅかん-b8u,0,新規(1ヶ月未満),,,ななかま,ギフト,ギフトで加入,1,0,0,2026-09-17 20:01,2026-09-17 20:01,○,○,https://www.youtube.com/channel/UCyomd0G5SbNK4p99DHiiwLg
UCXwnp5JHpWNsWlmuW05B8gQ,@名無しの襟,0,新規(1ヶ月未満),New member,,ななかま,新規加入,,1,0,0,2026-09-17 20:01,2026-09-17 20:01,○,,https://www.youtube.com/channel/UCXwnp5JHpWNsWlmuW05B8gQ
UCpFGZPg5tqNnMJK0gpj9wQQ,@kuzoo7633,0,新規(1ヶ月未満),New member,,ななかま,ギフト,ギフトで加入,1,1,0,2026-09-18 19:00,2026-09-18 19:00,○,○,https://www.youtube.com/channel/UCpFGZPg5tqNnMJK0gpj9wQQ
UCgI12e2OjZS7IPh_JhqBf8Q,@user-76-z2h,0,新規(1ヶ月未満),,,ななかま,ギフト,ギフトで加入,1,0,0,2026-09-18 19:00,2026-09-18 19:00,○,○,https://www.youtube.com/channel/UCgI12e2OjZS7IPh_JhqBf8Q
UCQNkKJzvwBkXBItpPKoLxsA,@yubarrr,0,新規(1ヶ月未満),,,ななかま,ギフト,ギフトで加入,1,0,0,2026-09-18 19:00,2026-09-18 19:00,○,○,https://www.youtube.com/channel/UCQNkKJzvwBkXBItpPKoLxsA
UCK3xOcrIXg4a9Z-zsz74-Vw,@niku8san59,0,新規(1ヶ月未満),,,ななかま,ギフト,ギフトで加入,1,0,0,2026-09-18 19:00,2026-09-18 19:00,○,○,https://www.youtube.com/channel/UCK3xOcrIXg4a9Z-zsz74-Vw
UCndQzx0aUh7J-yKcC6MeT5Q,@Ishi--,0,新規(1ヶ月未満),,,ななかま,ギフト,ギフトで加入,1,0,0,2026-09-18 19:00,2026-09-18 19:00,○,○,https://www.youtube.com/channel/UCndQzx0aUh7J-yKcC6MeT5Q
UC8L3B392Ev5dxx6CBwIzHGQ,@l1nerxd328,0,新規(1ヶ月未満),New member,,ななかま,新規加入,,1,0,0,2026-09-18 19:00,2026-09-18 19:00,○,,https://www.youtube.com/channel/UC8L3B392Ev5dxx6CBwIzHGQ
UCzH1r4MhoIjmlzqrOqdSHaw,@ディス-x7i,0,新規(1ヶ月未満),New member,,不明,,,1,1,0,2026-09-19 12:00,2026-09-19 12:00,,,https://www.youtube.com/channel/UCzH1r4MhoIjmlzqrOqdSHaw
UCW_udUuqLi6fCfiHsF87DsA,@ユウヤ-b1h,0,新規(1ヶ月未満),New member,,ななかま,新規加入,,1,0,0,2026-09-19 12:00,2026-09-19 12:00,○,,https://www.youtube.com/channel/UCW_udUuqLi6fCfiHsF87DsA
UC8Q5CpgQhrxyCr_1RMBXhnQ,@soranaki4141,0,新規(1ヶ月未満),New member,,ななかま,新規加入,,1,0,0,2026-09-19 12:00,2026-09-19 12:00,○,,https://www.youtube.com/channel/UC8Q5CpgQhrxyCr_1RMBXhnQ
UCFD4fjHIQO-C8KRFq8mCFTw,@サイモン-b8k,0,新規(1ヶ月未満),,,ななかま,ギフト,ギフトで加入,1,0,0,2026-09-19 12:00,2026-09-19 12:00,○,○,https://www.youtube.com/channel/UCFD4fjHIQO-C8KRFq8mCFTw
UCzlq9FwSV5XMJeHzW6hi4fg,@だるま白,0,新規(1ヶ月未満),New member,,ななかま,新規加入,,1,0,0,2026-09-19 12:00,2026-09-19 12:00,○,,https://www.youtube.com/channel/UCzlq9FwSV5XMJeHzW6hi4fg
UCqAZUUreVhRz1eTIQ2pvrTg,@snowdrop7773,0,新規(1ヶ月未満),New member,,ななかま,新規加入,,1,0,0,2026-09-19 12:00,2026-09-19 12:00,○,,https://www.youtube.com/channel/UCqAZUUreVhRz1eTIQ2pvrTg
UCP-pwjN0KCKfuV19dsSg8rg,@肩狭し,0,新規(1ヶ月未満),New member,,ななかま,新規加入,,1,0,0,2026-09-19 12:00,2026-09-19 12:00,○,,https://www.youtube.com/channel/UCP-pwjN0KCKfuV19dsSg8rg
UC0t6nZik_yfleAoHW2c31UQ,@phares0707,0,新規(1ヶ月未満),New member,,ななかま,新規加入,,1,0,0,2026-09-20 12:01,2026-09-20 12:01,○,,https://www.youtube.com/channel/UC0t6nZik_yfleAoHW2c31UQ
UC783Bt_bl1eJzElk3jXgahw,@Sofutokuri-mu,0,新規(1ヶ月未満),,,ななかま,ギフト,ギフトで加入,1,0,0,2026-09-20 12:01,2026-09-20 12:01,○,○,https://www.youtube.com/channel/UC783Bt_bl1eJzElk3jXgahw
UCdW2TeHTukKslcbQ7I2pA3w,@aaa-qk6zv,0,新規(1ヶ月未満),,,ななかま,ギフト,ギフトで加入,1,0,0,2026-09-20 12:01,2026-09-20 12:01,○,○,https://www.youtube.com/channel/UCdW2TeHTukKslcbQ7I2pA3w
UCoNjSYc_5dQ--ZvuvboH10g,@deagletworks_ch,0,新規(1ヶ月未満),,,ななかま,ギフト,ギフトで加入,1,0,0,2026-09-20 12:01,2026-09-20 12:01,○,○,https://www.youtube.com/channel/UCoNjSYc_5dQ--ZvuvboH10g
UCegYyXrgcrRmL_ssRmrIa_g,@まほん-x6o,0,新規(1ヶ月未満),,,ななかま,ギフト,ギフトで加入,1,0,0,2026-09-20 12:01,2026-09-20 12:01,○,○,https://www.youtube.com/channel/UCegYyXrgcrRmL_ssRmrIa_g
UCD3b9_YB_lNOjFrsO_BDq-A,@sutapura7171,0,新規(1ヶ月未満),New member,,不明,,,1,1,0,2026-09-21 21:00,2026-09-21 21:00,,,https://www.youtube.com/channel/UCD3b9_YB_lNOjFrsO_BDq-A
UCltpkiDuZaWMQC6NN7iyi2Q,@こおろぎたくや,0,新規(1ヶ月未満),New member,,ななかま,新規加入,,1,0,0,2026-09-21 21:00,2026-09-21 21:00,○,,https://www.youtube.com/channel/UCltpkiDuZaWMQC6NN7iyi2Q
UC9ldNi98uxc1guInFfsEibQ,@しなか-d4m,0,新規(1ヶ月未満),New member,,ななかま,新規加入,,1,0,0,2026-09-21 21:00,2026-09-21 21:00,○,,https://www.youtube.com/channel/UC9ldNi98uxc1guInFfsEibQ
UCEUaemQza6DlbINZmWovqBw,@maki103NG,0,新規(1ヶ月未満),,,ななかま,ギフト,ギフトで加入,1,0,0,2026-09-21 21:00,2026-09-21 21:00,○,○,https://www.youtube.com/channel/UCEUaemQza6DlbINZmWovqBw
UCBX62g6GuuuuhcFHUCc6__A,@riku3895,0,新規(1ヶ月未満),,,ななかま,ギフト,ギフトで加入,1,0,0,2026-09-21 21:00,2026-09-21 21:00,○,○,https://www.youtube.com/channel/UCBX62g6GuuuuhcFHUCc6__A
UC5pxIDCTTQPGStOJ4SllL7w,@wen.0630,0,新規(1ヶ月未満),,,ななかま,ギフト,ギフトで加入,1,0,0,2026-09-21 21:00,2026-09-21 21:00,○,○,https://www.youtube.com/channel/UC5pxIDCTTQPGStOJ4SllL7w
UCtMlVWHGLrgFfYHa5XgubiA,@honokaaaaaaaa,0,新規(1ヶ月未満),,,ななかま,ギフト,ギフトで加入,1,0,0,2026-09-21 21:00,2026-09-21 21:00,○,○,https://www.youtube.com/channel/UCtMlVWHGLrgFfYHa5XgubiA
UC78pxGT5_Y2oT-tmuy2w_9w,@zokk420,0,新規(1ヶ月未満),,,ななかま,ギフト,ギフトで加入,1,0,0,2026-09-21 21:00,2026-09-21 21:00,○,○,https://www.youtube.com/channel/UC78pxGT5_Y2oT-tmuy2w_9w
UCXNGdTQLtrhkSKn4ypQBI3A,@tokomou,0,新規(1ヶ月未満),New member,,ななかま,新規加入,,1,0,0,2026-09-21 21:00,2026-09-21 21:00,○,,https://www.youtube.com/channel/UCXNGdTQLtrhkSKn4ypQBI3A
UCYvkLXY8J8JBtM-aN5fWW0A,@にま-f1c,0,新規(1ヶ月未満),New member,,不明,,,1,1,0,2026-09-23 21:00,2026-09-23 21:00,,,https://www.youtube.com/channel/UCYvkLXY8J8JBtM-aN5fWW0A
UCI_J22XSz8bMUxCYnayPQlQ,@Shu_4038,0,新規(1ヶ月未満),New member,,不明,,,1,1,0,2026-09-23 21:00,2026-09-23 21:00,,,https://www.youtube.com/channel/UCI_J22XSz8bMUxCYnayPQlQ
UCA7bchXcKntSZC3FhwCppmA,@Jack-ec6zl,0,新規(1ヶ月未満),New member,,ななかま,新規加入,,1,0,0,2026-09-23 21:00,2026-09-23 21:00,○,,https://www.youtube.com/channel/UCA7bchXcKntSZC3FhwCppmA
UCEaGJxrpq_77onVNLR3EQEA,@r7t-h6r,0,新規(1ヶ月未満),New member,,ななかま,ギフト,ギフトで加入,1,1,0,2026-09-25 21:00,2026-09-25 21:00,○,○,https://www.youtube.com/channel/UCEaGJxrpq_77onVNLR3EQEA
UCu5K5EpE0kBudTbetVe4O0A,@みそ-d8j,0,新規(1ヶ月未満),New member,,ななかま,新規加入,,1,0,0,2026-09-25 21:00,2026-09-25 21:00,○,,https://www.youtube.com/channel/UCu5K5EpE0kBudTbetVe4O0A
UC39JDhmwUt2nJRWRSXUiBRA,@Ernohauki,0,新規(1ヶ月未満),,,ななかま,ギフト,ギフトで加入,1,0,0,2026-09-25 21:00,2026-09-25 21:00,○,○,https://www.youtube.com/channel/UC39JDhmwUt2nJRWRSXUiBRA
UCqz5bN5H6MkVypxC_SKE1sg,@727O17,0,新規(1ヶ月未満),,,ななかま,ギフト,ギフトで加入,1,0,0,2026-09-25 21:00,2026-09-25 21:00,○,○,https://www.youtube.com/channel/UCqz5bN5H6MkVypxC_SKE1sg
UCwQ-MuURTf8u6ZEQ7F0EX5g,@革命家族,0,新規(1ヶ月未満),New member,,ななかま,新規加入,,1,0,0,2026-09-27 18:59,2026-09-27 18:59,○,,https://www.youtube.com/channel/UCwQ-MuURTf8u6ZEQ7F0EX5g
UCUTCwIHaJ6g4sYGQ7yLFUrw,@あお-y7l5q,0,新規(1ヶ月未満),,,ななかま,ギフト,ギフトで加入,1,0,0,2026-09-27 18:59,2026-09-27 18:59,○,○,https://www.youtube.com/channel/UCUTCwIHaJ6g4sYGQ7yLFUrw
UCa_Lx8B3i30Yeu2Rv5GgvSA,@ガヴ-v1n,0,新規(1ヶ月未満),,,ななかま,ギフト,ギフトで加入,1,0,0,2026-09-27 18:59,2026-09-27 18:59,○,○,https://www.youtube.com/channel/UCa_Lx8B3i30Yeu2Rv5GgvSA
UCLjm8IVle6gjJPiz79zTuEw,@towa_トワ,0,新規(1ヶ月未満),,,ななかま,ギフト,ギフトで加入,1,0,0,2026-09-27 18:59,2026-09-27 18:59,○,○,https://www.youtube.com/channel/UCLjm8IVle6gjJPiz79zTuEw
UCxBXyzx_HSoayXnlEbqOgOA,@タツ-b7x,0,新規(1ヶ月未満),,,ななかま,ギフト,ギフトで加入,1,0,0,2026-09-27 18:59,2026-09-27 18:59,○,○,https://www.youtube.com/channel/UCxBXyzx_HSoayXnlEbqOgOA
UC0KvB-MIUbxKrVcuyP-m_Tw,@もやしまる_inWDL,0,新規(1ヶ月未満),,,ななかま,ギフト,ギフトで加入,1,0,0,2026-09-27 18:59,2026-09-27 18:59,○,○,https://www.youtube.com/channel/UC0KvB-MIUbxKrVcuyP-m_Tw
UCpwLGMQ68ZL2PRttKUdLZqQ,@ちょろまかし-k8c,0,新規(1ヶ月未満),,,ななかま,ギフト,ギフトで加入,1,0,0,2026-09-27 18:59,2026-09-27 18:59,○,○,https://www.youtube.com/channel/UCpwLGMQ68ZL2PRttKUdLZqQ
UCE1jpbZtxKhRRXYcPr7DjiA,@Nakia-oq5en,0,新規(1ヶ月未満),,,ななかま,ギフト,ギフトで加入,1,0,0,2026-09-27 18:59,2026-09-27 18:59,○,○,https://www.youtube.com/channel/UCE1jpbZtxKhRRXYcPr7DjiA
UC114blQgu-RovHeJspoPxXw,@ランペ-t6n,0,新規(1ヶ月未満),,,ななかま,ギフト,ギフトで加入,1,0,0,2026-09-27 18:59,2026-09-27 18:59,○,○,https://www.youtube.com/channel/UC114blQgu-RovHeJspoPxXw
UCu59X8uTGEzjWOJnb2lxKOw,@RaRiRune_oO,0,新規(1ヶ月未満),,,ななかま,ギフト,ギフトで加入,1,0,0,2026-09-27 18:59,2026-09-27 18:59,○,○,https://www.youtube.com/channel/UCu59X8uTGEzjWOJnb2lxKOw
UCTq-KfrJIKQjF9hDLDwIcrQ,@warashi_kun,0,新規(1ヶ月未満),,,ななかま,ギフト,ギフトで加入,1,0,0,2026-09-27 18:59,2026-09-27 18:59,○,○,https://www.youtube.com/channel/UCTq-KfrJIKQjF9hDLDwIcrQ
UCYKKs-Bv84HGc4_223S2cDA,@夜桜凛-e9x,0,新規(1ヶ月未満),,,ななかま,ギフト,ギフトで加入,1,0,0,2026-09-27 18:59,2026-09-27 18:59,○,○,https://www.youtube.com/channel/UCYKKs-Bv84HGc4_223S2cDA
UC63365MZClotTDijhcKOw2g,@Ancient2810r,0,新規(1ヶ月未満),,,ななかま,ギフト,ギフトで加入,1,0,0,2026-09-27 18:59,2026-09-27 18:59,○,○,https://www.youtube.com/channel/UC63365MZClotTDijhcKOw2g
UCR4-4qMNaFB_XGx3GvF8SwA,@ベールVeil,0,新規(1ヶ月未満),,,ななかま,ギフト,ギフトで加入,1,0,0,2026-09-27 18:59,2026-09-27 18:59,○,○,https://www.youtube.com/channel/UCR4-4qMNaFB_XGx3GvF8SwA
UC9uf-BN_v6hf18l1Lpgpybw,@SAKURA-xh7us,0,新規(1ヶ月未満),,,ななかま,ギフト,ギフトで加入,1,0,0,2026-09-27 18:59,2026-09-27 18:59,○,○,https://www.youtube.com/channel/UC9uf-BN_v6hf18l1Lpgpybw
UCTnfrOAraNcAGeqsH4Ly3BA,@minmizu6676,0,新規(1ヶ月未満),,,ななかま,ギフト,ギフトで加入,1,0,0,2026-09-27 18:59,2026-09-27 18:59,○,○,https://www.youtube.com/channel/UCTnfrOAraNcAGeqsH4Ly3BA
UCwWkvImDK_jlyY1FW1OrFqg,@かわず-m2p,0,新規(1ヶ月未満),,,ななかま,ギフト,ギフトで加入,1,0,0,2026-09-27 18:59,2026-09-27 18:59,○,○,https://www.youtube.com/channel/UCwWkvImDK_jlyY1FW1OrFqg
UCvpQFKhYp5mNTYxIpTRYT-A,@車マイク,0,新規(1ヶ月未満),,,ななかま,ギフト,ギフトで加入,1,0,0,2026-09-27 18:59,2026-09-27 18:59,○,○,https://www.youtube.com/channel/UCvpQFKhYp5mNTYxIpTRYT-A
UCm9l5eYgg7Vfg_sHpAifB5g,@brownie2335,0,新規(1ヶ月未満),,,ななかま,ギフト,ギフトで加入,1,0,0,2026-09-27 18:59,2026-09-27 18:59,○,○,https://www.youtube.com/channel/UCm9l5eYgg7Vfg_sHpAifB5g
UCF8P7HGG7DCT8PJRrShIKyQ,@Unagi231,0,新規(1ヶ月未満),,,ななかま,ギフト,ギフトで加入,1,0,0,2026-09-27 18:59,2026-09-27 18:59,○,○,https://www.youtube.com/channel/UCF8P7HGG7DCT8PJRrShIKyQ
UCk9mb5n1feFj0rhQNmaHS6Q,@Flefe_43,0,新規(1ヶ月未満),,,ななかま,ギフト,ギフトで加入,1,0,0,2026-09-27 18:59,2026-09-27 18:59,○,○,https://www.youtube.com/channel/UCk9mb5n1feFj0rhQNmaHS6Q
UC5U7sNMR81JZ7uR_mm-_Zkg,@Shyku_081,0,新規(1ヶ月未満),,,ななかま,ギフト,ギフトで加入,1,0,0,2026-09-27 18:59,2026-09-27 18:59,○,○,https://www.youtube.com/channel/UC5U7sNMR81JZ7uR_mm-_Zkg
UC_ISvvSTt2wEfg6BJnT9PeA,@こさめ-l1v,0,新規(1ヶ月未満),,,ななかま,ギフト,ギフトで加入,1,0,0,2026-09-27 18:59,2026-09-27 18:59,○,○,https://www.youtube.com/channel/UC_ISvvSTt2wEfg6BJnT9PeA
UCIJYrmUshmcb_lX-t9hhGWA,@TonyChung-u1l,0,新規(1ヶ月未満),,,ななかま,ギフト,ギフトで加入,1,0,0,2026-09-27 18:59,2026-09-27 18:59,○,○,https://www.youtube.com/channel/UCIJYrmUshmcb_lX-t9hhGWA
UCVcfSj-rHbRX-BJsLCtCpZA,@弍B,0,新規(1ヶ月未満),,,ななかま,ギフト,ギフトで加入,1,0,0,2026-09-27 18:59,2026-09-27 18:59,○,○,https://www.youtube.com/channel/UCVcfSj-rHbRX-BJsLCtCpZA
UCdf35ldhJImAFBxdhfsm6QA,@タマP-r1f,0,新規(1ヶ月未満),,,ななかま,ギフト,ギフトで加入,1,0,0,2026-09-27 18:59,2026-09-27 18:59,○,○,https://www.youtube.com/channel/UCdf35ldhJImAFBxdhfsm6QA
UCMZGkkkcdBC1U3g63uGamGw,@ゆーとーふ,0,新規(1ヶ月未満),New member,,ななかま,新規加入,,1,0,0,2026-09-28 21:00,2026-09-28 21:00,○,,https://www.youtube.com/channel/UCMZGkkkcdBC1U3g63uGamGw
UCy2nx3hOcNrIR5ETvxcfRKQ,@バツイチ-w5k,0,新規(1ヶ月未満),New member,,ななかま,ギフト,ギフトで加入,1,27,0,2026-09-30 19:01,2026-09-30 19:01,○,○,https://www.youtube.com/channel/UCy2nx3hOcNrIR5ETvxcfRKQ
UCJ7aeAHeYxqiovefqXKsl-g,@ofendant6347,0,新規(1ヶ月未満),New member,,不明,,,1,1,0,2026-09-30 19:01,2026-09-30 19:01,,,https://www.youtube.com/channel/UCJ7aeAHeYxqiovefqXKsl-g
UCo1W2FuwwsR3lkHEQKZTHfg,@ささきんゞ,0,新規(1ヶ月未満),New member,,ななかま,新規加入,,1,0,0,2026-09-30 19:01,2026-09-30 19:01,○,,https://www.youtube.com/channel/UCo1W2FuwwsR3lkHEQKZTHfg
UC9B-wv_7lJaKCA6B-KZ8JpA,@廣瀬徹-f2c,0,新規(1ヶ月未満),New member,,ななかま,新規加入,,1,0,0,2026-09-30 19:01,2026-09-30 19:01,○,,https://www.youtube.com/channel/UC9B-wv_7lJaKCA6B-KZ8JpA
UCAnFg0ga_nknvQZbd2AwQ6Q,@labit1115,0,新規(1ヶ月未満),,,ななかま,ギフト,ギフトで加入,1,0,0,2026-09-30 19:01,2026-09-30 19:01,○,○,https://www.youtube.com/channel/UCAnFg0ga_nknvQZbd2AwQ6Q
UC-7iMNZ1Ilnha08KbqLVLPA,@ユキヲ-e9s,0,新規(1ヶ月未満),,,ななかま,ギフト,ギフトで加入,1,0,0,2026-09-30 19:01,2026-09-30 19:01,○,○,https://www.youtube.com/channel/UC-7iMNZ1Ilnha08KbqLVLPA
UCGXfddguW5FYzJgwlBA7iQg,@とむ-w2x,0,新規(1ヶ月未満),,,ななかま,ギフト,ギフトで加入,1,0,0,2026-09-30 19:01,2026-09-30 19:01,○,○,https://www.youtube.com/channel/UCGXfddguW5FYzJgwlBA7iQg
UCAV5qNMHuYUNs20qc6jwj6Q,@usnanana,0,新規(1ヶ月未満),,,ななかま,ギフト,ギフトで加入,1,0,0,2026-09-30 19:01,2026-09-30 19:01,○,○,https://www.youtube.com/channel/UCAV5qNMHuYUNs20qc6jwj6Q
UC40ctkz53Ib3o7JeUsIpELg,@たまご0-0,0,新規(1ヶ月未満),New member,,ななかま,新規加入,,1,0,0,2026-09-30 19:01,2026-09-30 19:01,○,,https://www.youtube.com/channel/UC40ctkz53Ib3o7JeUsIpELg
UC97N7rdLqYQFaIB9tU6fQBQ,@kkskik-t7w,0,新規(1ヶ月未満),New member,,不明,,,1,1,0,2026-10-02 18:01,2026-10-02 18:01,,,https://www.youtube.com/channel/UC97N7rdLqYQFaIB9tU6fQBQ
UCG6PmQ5UwXXDyb82RPLfn8w,@ヒロヒロ-w6w,0,新規(1ヶ月未満),New member,,ななかま,新規加入,,1,0,0,2026-10-02 18:01,2026-10-02 18:01,○,,https://www.youtube.com/channel/UCG6PmQ5UwXXDyb82RPLfn8w
UCYgBYOSGwfCTobN2cNWCcfQ,@アーモンドつっくん,0,新規(1ヶ月未満),New member,,ななかま,ギフト,ギフトで加入,1,1,0,2026-10-03 21:00,2026-10-03 21:00,○,○,https://www.youtube.com/channel/UCYgBYOSGwfCTobN2cNWCcfQ
UColUZclqDG-Cud4maUGDBNA,@まさまさ-e6n9g,0,新規(1ヶ月未満),New member,,ななかま,新規加入,,1,0,0,2026-10-03 21:00,2026-10-03 21:00,○,,https://www.youtube.com/channel/UColUZclqDG-Cud4maUGDBNA
UC9BNZoYC_U4J6a-23kmfsnA,@しーた-g5e,0,新規(1ヶ月未満),New member,,ななかま,新規加入,,1,0,0,2026-10-03 21:00,2026-10-03 21:00,○,,https://www.youtube.com/channel/UC9BNZoYC_U4J6a-23kmfsnA
UCzrjMI0VYGKHDzvY0da2OPw,@ow2160,0,新規(1ヶ月未満),,,ななかま,ギフト,ギフトで加入,1,0,0,2026-10-03 21:00,2026-10-03 21:00,○,○,https://www.youtube.com/channel/UCzrjMI0VYGKHDzvY0da2OPw
UCJ0nqYqGtGsipDy2i-L3CrA,@おいしいアンコウ,0,新規(1ヶ月未満),,,ななかま,ギフト,ギフトで加入,1,0,0,2026-10-03 21:00,2026-10-03 21:00,○,○,https://www.youtube.com/channel/UCJ0nqYqGtGsipDy2i-L3CrA
UCjYzN5ntbdpWyEXA8KTePrw,@user-gomadouhu,0,新規(1ヶ月未満),,,ななかま,ギフト,ギフトで加入,1,0,0,2026-10-03 21:00,2026-10-03 21:00,○,○,https://www.youtube.com/channel/UCjYzN5ntbdpWyEXA8KTePrw
UC-pPBztFye_NzoW_e0-2xMw,@ShiEi_shichi,0,新規(1ヶ月未満),,,ななかま,ギフト,ギフトで加入,1,0,0,2026-10-03 21:00,2026-10-03 21:00,○,○,https://www.youtube.com/channel/UC-pPBztFye_NzoW_e0-2xMw
UCcQSiC6NaJGiIKCe0ncU7nw,@farronserah7476,0,新規(1ヶ月未満),New member,,ななかま,新規加入,,1,0,0,2026-10-03 21:00,2026-10-03 21:00,○,,https://www.youtube.com/channel/UCcQSiC6NaJGiIKCe0ncU7nw
UCvY2D2Bi8lpQHTgNm9_Taqg,@yakiniku0,0,新規(1ヶ月未満),New member,,不明,,,1,2,0,2026-10-04 12:00,2026-10-04 12:00,,,https://www.youtube.com/channel/UCvY2D2Bi8lpQHTgNm9_Taqg
