channel_id,name,badge_months,badge,badge_tooltip,milestone_months,tier,tier_source,revenue_note,streams_seen,messages,superchats,first_seen,last_seen,joined_in_period,gift_received,url
UCxSImwunp7jEuduhpoMhQ9g,@アオ-b1b,24,2年,Member (2 years),,不明,,,13,1805,0,2026-09-11 22:00,2026-10-10 15:02,,,https://www.youtube.com/channel/UCxSImwunp7jEuduhpoMhQ9g
UC5pflfhygS02s3A6o3AT3_w,@ひろむ777,24,2年,Member (2 years),,不明,,,13,113,0,2026-09-11 22:00,2026-10-10 15:02,,,https://www.youtube.com/channel/UC5pflfhygS02s3A6o3AT3_w
UC5drx3KaND1BKyAPwepZykQ,@しま-n7m,24,2年,Member (2 years),,不明,,,13,1572,0,2026-09-11 22:00,2026-10-10 15:02,,,https://www.youtube.com/channel/UC5drx3KaND1BKyAPwepZykQ
UCY0BUqCGKwIC10FNchyg8Kg,@moku_mo,24,2年,Member (2 years),,不明,,,13,41,0,2026-09-11 22:00,2026-10-10 15:02,,,https://www.youtube.com/channel/UCY0BUqCGKwIC10FNchyg8Kg
UCiqDzPO9IhRldhZbz_3AZkg,@スパイク112gou,24,2年,Member (2 years),,不明,,,13,1681,1,2026-09-11 22:00,2026-10-10 15:02,,,https://www.youtube.com/channel/UCiqDzPO9IhRldhZbz_3AZkg
UCWY0050Iq1V6_J0GIe0sd2A,@mamomo11,24,2年,Member (2 years),,不明,,,12,39,0,2026-09-11 22:00,2026-10-10 15:02,,,https://www.youtube.com/channel/UCWY0050Iq1V6_J0GIe0sd2A
UC37XQfYcbasXtjc1Ozz0Dtg,@matyukaze,24,2年,Member (2 years),,不明,,,12,121,0,2026-09-11 22:00,2026-10-10 15:02,,,https://www.youtube.com/channel/UC37XQfYcbasXtjc1Ozz0Dtg
UCRCLWbrwkRO5n8WYwAChYww,@めーちゃん_o0,24,2年,Member (2 years),,不明,,,12,1033,0,2026-09-11 22:00,2026-10-10 15:02,,,https://www.youtube.com/channel/UCRCLWbrwkRO5n8WYwAChYww
UC9tmVrX0OoeJkCOeCf3l-GA,@クマー-d8z,24,2年,Member (2 years),,不明,,,12,35,0,2026-09-11 22:00,2026-10-10 15:02,,,https://www.youtube.com/channel/UC9tmVrX0OoeJkCOeCf3l-GA
UCycSOIbOGCYq_DO278pGrUA,@siun-Hg8,24,2年,Member (2 years),,不明,,,12,78,0,2026-09-11 22:00,2026-10-10 15:02,,,https://www.youtube.com/channel/UCycSOIbOGCYq_DO278pGrUA
UCoDu3sSxW20LBq4EOMV-60A,@くぅ-u5e,24,2年,Member (2 years),,不明,,,12,275,0,2026-09-11 22:00,2026-10-10 15:02,,,https://www.youtube.com/channel/UCoDu3sSxW20LBq4EOMV-60A
UCvy5LVoDVHetT1BIXXM-7bA,@ワイヤサキス,24,2年,Member (2 years),,不明,,,12,67,0,2026-09-12 17:00,2026-10-10 15:02,,,https://www.youtube.com/channel/UCvy5LVoDVHetT1BIXXM-7bA
UCCvo4oW_Yo7_6QnwNqMbDKg,@ましろしろ_7i,24,2年,Member (2 years),,不明,,,11,209,0,2026-09-11 22:00,2026-10-10 15:02,,,https://www.youtube.com/channel/UCCvo4oW_Yo7_6QnwNqMbDKg
UCtldg9sZgnTnXtZao4vyrSQ,@ぴーかっぷ,24,2年,Member (2 years),,不明,,,11,1059,0,2026-09-11 22:00,2026-10-10 15:02,,,https://www.youtube.com/channel/UCtldg9sZgnTnXtZao4vyrSQ
UCYrS9-cQY71d7dpv68n0yWw,@ぼら1号店,24,2年,Member (2 years),,不明,,,11,37,0,2026-09-11 22:00,2026-10-10 15:02,,,https://www.youtube.com/channel/UCYrS9-cQY71d7dpv68n0yWw
UCK5rq5eAdDyWHRxEElUU8DA,@テラ_hn,24,2年,Member (2 years),,不明,,,11,974,0,2026-09-11 22:00,2026-10-10 15:02,,,https://www.youtube.com/channel/UCK5rq5eAdDyWHRxEElUU8DA
UC5ie6VB8zDNzW22wAOmNYDA,@yuma-l2q,24,2年,Member (2 years),,不明,,,11,42,0,2026-09-11 22:00,2026-10-10 15:02,,,https://www.youtube.com/channel/UC5ie6VB8zDNzW22wAOmNYDA
UCUGMe2QeZhlwV8aWYm7-OAA,@kiharu_ykn_xoxo,24,2年,Member (2 years),,不明,,,11,28,0,2026-09-11 22:00,2026-10-10 15:02,,,https://www.youtube.com/channel/UCUGMe2QeZhlwV8aWYm7-OAA
UCinKBNCJwHR0HIkCOurncPA,@えのき.choroi,24,2年,Member (2 years),,不明,,,11,292,0,2026-09-11 22:00,2026-10-10 15:02,,,https://www.youtube.com/channel/UCinKBNCJwHR0HIkCOurncPA
UC37NeKs_gOSZVF7-ms6CV7Q,@ツナ缶詰_tuna,24,2年,Member (2 years),,不明,,,11,842,0,2026-09-11 22:00,2026-10-10 15:02,,,https://www.youtube.com/channel/UC37NeKs_gOSZVF7-ms6CV7Q
UCltE0I8HjS86BKSFOsGMNVw,@えな_11,24,2年,Member (2 years),,不明,,,11,905,0,2026-09-11 22:00,2026-10-10 15:02,,,https://www.youtube.com/channel/UCltE0I8HjS86BKSFOsGMNVw
UC3dVHJDgCdBc4ZrwsMkWSMQ,@user-888-q3g,24,2年,Member (2 years),,不明,,,11,1034,0,2026-09-11 22:00,2026-10-06 20:02,,,https://www.youtube.com/channel/UC3dVHJDgCdBc4ZrwsMkWSMQ
UCXauzaPVai6UpXXzCPJCJRA,@柞井-Sakui,24,2年,Member (2 years),,不明,,,11,248,0,2026-09-11 22:00,2026-10-10 15:02,,,https://www.youtube.com/channel/UCXauzaPVai6UpXXzCPJCJRA
UCpN09tlQ_GOE8l7258fe5mg,@91_0ゆずは,24,2年,Member (2 years),,不明,,,11,852,0,2026-09-11 22:00,2026-10-10 15:02,,,https://www.youtube.com/channel/UCpN09tlQ_GOE8l7258fe5mg
UCbBTaAZChciVTXMKOq-Rp5A,@アマリ-lake,24,2年,Member (2 years),,不明,,,11,1025,0,2026-09-11 22:00,2026-10-10 15:02,,,https://www.youtube.com/channel/UCbBTaAZChciVTXMKOq-Rp5A
UCaqs-CX7iKbvS4wT-feq5vg,@pirori5546,24,2年,Member (2 years),,不明,,,10,211,0,2026-09-11 22:00,2026-10-10 15:02,,,https://www.youtube.com/channel/UCaqs-CX7iKbvS4wT-feq5vg
UCi9XucDllNo3W3MuDZvubSg,@あんころ餅-nt,24,2年,Member (2 years),,不明,,,10,212,1,2026-09-11 22:00,2026-10-10 15:02,,,https://www.youtube.com/channel/UCi9XucDllNo3W3MuDZvubSg
UCiAl5o3zE-uRClX4b9byjbw,@12cantabile21,24,2年,Member (2 years),,不明,,,10,118,0,2026-09-11 22:00,2026-10-10 15:02,,,https://www.youtube.com/channel/UCiAl5o3zE-uRClX4b9byjbw
UCF6Qjlj3RQB082YLA2JA2bg,@DongGuMogu,24,2年,Member (2 years),,不明,,,10,104,0,2026-09-12 17:00,2026-10-10 15:02,,,https://www.youtube.com/channel/UCF6Qjlj3RQB082YLA2JA2bg
UChT8ay479i3AF9Crb0P06AA,@ショウ_2434,24,2年,Member (2 years),,不明,,,9,57,0,2026-09-11 22:00,2026-10-06 20:02,,,https://www.youtube.com/channel/UChT8ay479i3AF9Crb0P06AA
UCUWsrKUTPDIqtr2Dgz9BkGw,@imaki_imaki,24,2年,Member (2 years),,不明,,,9,19,0,2026-09-11 22:00,2026-10-04 22:02,,,https://www.youtube.com/channel/UCUWsrKUTPDIqtr2Dgz9BkGw
UC7tbf9y7pVgDe1fCxTCHLyw,@ポットヘッハー,24,2年,Member (2 years),,不明,,,9,53,0,2026-09-11 22:00,2026-10-05 20:00,,,https://www.youtube.com/channel/UC7tbf9y7pVgDe1fCxTCHLyw
UCpItrhjLmW7ckL4frZdts7w,@ilia0925,24,2年,Member (2 years),,不明,,,9,41,0,2026-09-11 22:00,2026-10-10 15:02,,,https://www.youtube.com/channel/UCpItrhjLmW7ckL4frZdts7w
UCu_8MiNXlkebfXOx9ERpjNg,@shian-mag,24,2年,Member (2 years),,不明,,,9,27,0,2026-09-11 22:00,2026-10-10 15:02,,,https://www.youtube.com/channel/UCu_8MiNXlkebfXOx9ERpjNg
UCOuL_qk9WRZmDgmIjgLOh-w,@せんちゃ_pkp,24,2年,Member (2 years),,不明,,,9,17,0,2026-09-11 22:00,2026-10-06 20:02,,,https://www.youtube.com/channel/UCOuL_qk9WRZmDgmIjgLOh-w
UCAfajHwjorjMavxWRTLbdkA,@おとわゆい,24,2年,Member (2 years),,不明,,,9,56,0,2026-09-12 17:00,2026-10-05 20:00,,,https://www.youtube.com/channel/UCAfajHwjorjMavxWRTLbdkA
UC0Oj3DtEDiADAu7e34e1fng,@ルーモス,24,2年,Member (2 years),,不明,,,9,365,0,2026-09-12 17:00,2026-10-06 20:02,,,https://www.youtube.com/channel/UC0Oj3DtEDiADAu7e34e1fng
UCsySsrCdOZV7Q6NsIKGmJtw,@まき-c8l,24,2年,Member (2 years),,不明,,,9,55,0,2026-09-16 21:04,2026-10-06 20:02,,,https://www.youtube.com/channel/UCsySsrCdOZV7Q6NsIKGmJtw
UCFjEPySyxv9mCr4ks_boLdg,@菰芋,24,2年,Member (2 years),,不明,,,9,82,0,2026-09-16 21:04,2026-10-06 20:02,,,https://www.youtube.com/channel/UCFjEPySyxv9mCr4ks_boLdg
UCiohhx9jYAID_W6v-VV65FA,@nekono13,24,2年,Member (2 years),,不明,,,8,29,0,2026-09-11 22:00,2026-10-10 15:02,,,https://www.youtube.com/channel/UCiohhx9jYAID_W6v-VV65FA
UCxSCQk93ELN2X4mdkJzgC_w,@ayase_777,24,2年,Member (2 years),,不明,,,8,34,0,2026-09-11 22:00,2026-10-10 15:02,,,https://www.youtube.com/channel/UCxSCQk93ELN2X4mdkJzgC_w
UCH71Ii0bpCrunhX8RCSoj_Q,@Kuzyo_x,24,2年,Member (2 years),,不明,,,8,98,0,2026-09-11 22:00,2026-10-05 20:00,,,https://www.youtube.com/channel/UCH71Ii0bpCrunhX8RCSoj_Q
UCPRo5iHaLAfPLKQfeT5ka1w,@one-y2v,24,2年,Member (2 years),,不明,,,8,176,0,2026-09-11 22:00,2026-10-10 15:02,,,https://www.youtube.com/channel/UCPRo5iHaLAfPLKQfeT5ka1w
UC6qaL75HlQn2tZNWnkp96BA,@ね___111,24,2年,Member (2 years),,不明,,,8,24,0,2026-09-12 17:00,2026-10-05 20:00,,,https://www.youtube.com/channel/UC6qaL75HlQn2tZNWnkp96BA
UCR1_h4uz3njR1qCZ5HKShAQ,@たまえ-m2z,24,2年,Member (2 years),,不明,,,8,177,0,2026-09-12 17:00,2026-10-10 15:02,,,https://www.youtube.com/channel/UCR1_h4uz3njR1qCZ5HKShAQ
UCJ8coal4Wj0yuErNiKu6y9Q,@ややち-yyc,24,2年,Member (2 years),,不明,,,8,42,0,2026-09-16 21:04,2026-10-10 15:02,,,https://www.youtube.com/channel/UCJ8coal4Wj0yuErNiKu6y9Q
UCIF8A_04pSNDk4sTTbDpJHw,@user-anmerutu,24,2年,Member (2 years),,不明,,,8,27,0,2026-09-16 21:04,2026-10-10 15:02,,,https://www.youtube.com/channel/UCIF8A_04pSNDk4sTTbDpJHw
UCg8LhNRIJIua0k97IDw0i8A,@ひねこ-11,24,2年,Member (2 years),,不明,,,7,70,0,2026-09-11 22:00,2026-10-06 20:02,,,https://www.youtube.com/channel/UCg8LhNRIJIua0k97IDw0i8A
UCvRKcMLw6l_gPg2QmMC8OGw,@ヒル,24,2年,Member (2 years),,不明,,,7,199,0,2026-09-11 22:00,2026-10-10 15:02,,,https://www.youtube.com/channel/UCvRKcMLw6l_gPg2QmMC8OGw
UC3gWr20Jd_kt3PLCTrTid3w,@カイ_8102,24,2年,Member (2 years),,不明,,,7,100,0,2026-09-12 17:00,2026-10-10 15:02,,,https://www.youtube.com/channel/UC3gWr20Jd_kt3PLCTrTid3w
UCplpViKw0wqavNC1jHDn8Lg,@ひな_ns111,24,2年,Member (2 years),,不明,,,7,13,0,2026-09-12 17:00,2026-10-04 22:02,,,https://www.youtube.com/channel/UCplpViKw0wqavNC1jHDn8Lg
UCkTM1H8D1qdYqNHt4c_Wyqg,@カジュ-q1h,24,2年,Member (2 years),,不明,,,7,51,0,2026-09-12 17:00,2026-10-04 22:02,,,https://www.youtube.com/channel/UCkTM1H8D1qdYqNHt4c_Wyqg
UCRtIrFTFBRByy1Yr-2NVNcw,@すずみん,24,2年,Member (2 years),,不明,,,7,18,0,2026-09-16 21:04,2026-10-06 20:02,,,https://www.youtube.com/channel/UCRtIrFTFBRByy1Yr-2NVNcw
UCoN6S2hwLsnsC4neFCG6cfw,@つかポン777,24,2年,Member (2 years),,不明,,,6,481,0,2026-09-11 22:00,2026-10-06 20:02,,,https://www.youtube.com/channel/UCoN6S2hwLsnsC4neFCG6cfw
UCm49RZUdynZJJTG-62krxcw,@くあら_chan,24,2年,Member (2 years),,不明,,,6,36,0,2026-09-11 22:00,2026-10-04 22:02,,,https://www.youtube.com/channel/UCm49RZUdynZJJTG-62krxcw
UCgswWQpcQDNjiMjInIOfFPw,@なち_965,24,2年,Member (2 years),,不明,,,6,215,0,2026-09-12 17:00,2026-10-10 15:02,,,https://www.youtube.com/channel/UCgswWQpcQDNjiMjInIOfFPw
UCSWL7kOSrgh3M9ykZ-f6CSg,@鹿-j2v,24,2年,Member (2 years),,不明,,,6,12,0,2026-09-12 17:00,2026-10-10 15:02,,,https://www.youtube.com/channel/UCSWL7kOSrgh3M9ykZ-f6CSg
UCbl5JVNUjMxxNv9Fios6plQ,@まう_111,24,2年,Member (2 years),,不明,,,6,115,0,2026-09-12 17:00,2026-10-10 15:02,,,https://www.youtube.com/channel/UCbl5JVNUjMxxNv9Fios6plQ
UCBd9A85z0fHgDjufeWQXHyQ,@akkyu,24,2年,Member (2 years),,不明,,,6,10,0,2026-09-16 21:04,2026-10-10 15:02,,,https://www.youtube.com/channel/UCBd9A85z0fHgDjufeWQXHyQ
UCklocev_C9e-lBJK-7r_wRw,@sirose._.0,24,2年,Member (2 years),,不明,,,6,60,0,2026-09-19 13:01,2026-10-03 23:01,,,https://www.youtube.com/channel/UCklocev_C9e-lBJK-7r_wRw
UC7hTVKz3TJbNJXCbln9HEnw,@すわん-swan,24,2年,Member (2 years),,不明,,,6,103,0,2026-09-19 13:01,2026-10-06 20:02,,,https://www.youtube.com/channel/UC7hTVKz3TJbNJXCbln9HEnw
UC4BIFQbthe1eoFKE-6QyveQ,@n-ki6mp77,24,2年,Member (2 years),,不明,,,5,19,0,2026-09-11 22:00,2026-10-10 15:02,,,https://www.youtube.com/channel/UC4BIFQbthe1eoFKE-6QyveQ
UCACavfjdcweb7vHP5AJUZmw,@Citr0nell0l,24,2年,Member (2 years),,不明,,,5,77,0,2026-09-11 22:00,2026-10-05 20:00,,,https://www.youtube.com/channel/UCACavfjdcweb7vHP5AJUZmw
UCEA9Z6kPI6BZ5avNG0N9ljA,@るーちゃん-i4h,24,2年,Member (2 years),,不明,,,5,9,0,2026-09-12 17:00,2026-10-06 20:02,,,https://www.youtube.com/channel/UCEA9Z6kPI6BZ5avNG0N9ljA
UCXjSvyRWA9dnqQdRHBDHiug,@にろ_026,24,2年,Member (2 years),,不明,,,5,79,0,2026-09-16 21:04,2026-10-04 22:02,,,https://www.youtube.com/channel/UCXjSvyRWA9dnqQdRHBDHiug
UCoGVIydM7Y05bl1lI_4dtUg,@おも-1o2q,24,2年,Member (2 years),,不明,,,5,106,0,2026-09-21 21:01,2026-10-06 20:02,,,https://www.youtube.com/channel/UCoGVIydM7Y05bl1lI_4dtUg
UCAhdMBVkTFQXAvT4tKK7j4Q,@こなこなつ-777,24,2年,Member (2 years),,不明,,,5,6,0,2026-09-22 13:01,2026-10-06 20:02,,,https://www.youtube.com/channel/UCAhdMBVkTFQXAvT4tKK7j4Q
UCY-yT543y-UNsRI3eKSiegQ,@瑞紀-n1s,24,2年,Member (2 years),,不明,,,4,86,0,2026-09-12 17:00,2026-10-10 15:02,,,https://www.youtube.com/channel/UCY-yT543y-UNsRI3eKSiegQ
UCCAlkP6E1GQxaKZV4PqRQgQ,@餅村猫,24,2年,Member (2 years),,不明,,,4,93,0,2026-09-16 21:04,2026-10-10 15:02,,,https://www.youtube.com/channel/UCCAlkP6E1GQxaKZV4PqRQgQ
UCcZrVHdQMsztUiIVMkPn4vQ,@かも-w9v,24,2年,Member (2 years),,不明,,,4,15,0,2026-09-16 21:04,2026-10-10 15:02,,,https://www.youtube.com/channel/UCcZrVHdQMsztUiIVMkPn4vQ
UCfs2KgdQYdolN7mQVL-c3GA,@よーちぇ-k7m,24,2年,Member (2 years),,不明,,,4,11,0,2026-09-21 21:01,2026-10-06 20:02,,,https://www.youtube.com/channel/UCfs2KgdQYdolN7mQVL-c3GA
UCz5v9HenYKlReaU0njk78Hw,@きさむ-san,24,2年,Member (2 years),,不明,,,4,114,0,2026-09-22 13:01,2026-10-10 15:02,,,https://www.youtube.com/channel/UCz5v9HenYKlReaU0njk78Hw
UCE16wSC36gHz7PCoXsJQ_rw,@りお-z7q,24,2年,Member (2 years),,不明,,,4,5,0,2026-09-22 13:47,2026-10-05 20:00,,,https://www.youtube.com/channel/UCE16wSC36gHz7PCoXsJQ_rw
UCuYMkA9Sa9kHsnGMF9RO9HA,@asky_II,24,2年,Member (2 years),,不明,,,4,26,0,2026-09-22 13:47,2026-10-10 15:02,,,https://www.youtube.com/channel/UCuYMkA9Sa9kHsnGMF9RO9HA
UCWknJoDjAiLuIwxyPHtcEEg,@ゆーき777k,24,2年,Member (2 years),,不明,,,4,10,0,2026-09-22 13:47,2026-10-10 15:02,,,https://www.youtube.com/channel/UCWknJoDjAiLuIwxyPHtcEEg
UCE87QLUDAnzcCg4jdWVTGWQ,@hono9877,24,2年,Member (2 years),,不明,,,4,4,0,2026-10-03 23:01,2026-10-10 15:02,,,https://www.youtube.com/channel/UCE87QLUDAnzcCg4jdWVTGWQ
UCGGBTBnJC7IsVGVyGZzs4XA,@つかさん-0317,24,2年,Member (2 years),,不明,,,3,17,0,2026-09-11 22:00,2026-09-29 21:00,,,https://www.youtube.com/channel/UCGGBTBnJC7IsVGVyGZzs4XA
UCIP_GGfuVo4nYX8ruWDjJfw,@るか-u4h,24,2年,Member (2 years),,不明,,,3,4,0,2026-09-11 22:00,2026-10-10 15:02,,,https://www.youtube.com/channel/UCIP_GGfuVo4nYX8ruWDjJfw
UCHiJVRd3EtoM_2xpAmYWy4g,@user-qf6jc4hu8f,24,2年,Member (2 years),,不明,,,3,7,0,2026-09-11 22:00,2026-09-16 21:04,,,https://www.youtube.com/channel/UCHiJVRd3EtoM_2xpAmYWy4g
UC71sbIRDkg7X6fpx6hLkV0Q,@purin.12,24,2年,Member (2 years),28,ネッシー,マイルストーン,,3,142,0,2026-09-11 22:00,2026-10-03 23:01,,,https://www.youtube.com/channel/UC71sbIRDkg7X6fpx6hLkV0Q
UCQOwdgo0RvHQ_vxlaE1a43Q,@メイ___v,24,2年,Member (2 years),,不明,,,3,18,0,2026-09-12 17:00,2026-09-22 13:47,,,https://www.youtube.com/channel/UCQOwdgo0RvHQ_vxlaE1a43Q
UCJBCmApNgFZeWu2jccLyNkw,@emmakisses,24,2年,Member (2 years),,不明,,,3,4,0,2026-09-12 17:00,2026-09-22 13:47,,,https://www.youtube.com/channel/UCJBCmApNgFZeWu2jccLyNkw
UCT9KCJr7SVV_K6IVTfu3HDg,@紫陽香-しょうか,24,2年,Member (2 years),,不明,,,3,434,0,2026-09-16 21:04,2026-10-03 23:01,,,https://www.youtube.com/channel/UCT9KCJr7SVV_K6IVTfu3HDg
UCcVncnmUTGrP6dPKk8e1sbQ,@ねね-e2x,24,2年,Member (2 years),,不明,,,3,8,1,2026-09-16 21:04,2026-09-22 13:47,,,https://www.youtube.com/channel/UCcVncnmUTGrP6dPKk8e1sbQ
UCKxX0-6os5yhXw4HnZYYoCQ,@ws5542,24,2年,Member (2 years),,不明,,,3,4,0,2026-09-16 21:04,2026-10-06 20:02,,,https://www.youtube.com/channel/UCKxX0-6os5yhXw4HnZYYoCQ
UC9v59r_8mb0nXVVhhTpGq0g,@Ianlia-ck,24,2年,Member (2 years),,不明,,,3,5,0,2026-09-16 21:04,2026-10-03 23:01,,,https://www.youtube.com/channel/UC9v59r_8mb0nXVVhhTpGq0g
UCUPTEdnXsv8oWR91HOtyyQw,@ろくたすきゅうはじゅう,24,2年,Member (2 years),,不明,,,3,5,0,2026-09-16 21:04,2026-10-06 20:02,,,https://www.youtube.com/channel/UCUPTEdnXsv8oWR91HOtyyQw
UCV3yf9yhUIYOgxrJSNyAoRA,@shion-fgolove,24,2年,Member (2 years),,不明,,,3,8,0,2026-09-19 13:01,2026-10-06 20:02,,,https://www.youtube.com/channel/UCV3yf9yhUIYOgxrJSNyAoRA
UCrQnclA_pdg9qrl1hF9EnFw,@無味-r5g,24,2年,Member (2 years),,不明,,,3,25,0,2026-09-19 13:01,2026-10-10 15:02,,,https://www.youtube.com/channel/UCrQnclA_pdg9qrl1hF9EnFw
UCi_LUFxKEk-YlOvGdla0hMA,@bizibizi01,24,2年,Member (2 years),,不明,,,3,3,0,2026-09-19 13:01,2026-10-10 15:02,,,https://www.youtube.com/channel/UCi_LUFxKEk-YlOvGdla0hMA
UCv7OTi047pipl-_S9a-i8Fw,@三織-0,24,2年,Member (2 years),,不明,,,3,368,0,2026-09-19 13:01,2026-09-22 13:47,,,https://www.youtube.com/channel/UCv7OTi047pipl-_S9a-i8Fw
UCRB4e3zs348hzfhlkPXXktQ,@おはぎ-t3f,24,2年,Member (2 years),,不明,,,3,6,0,2026-09-19 13:01,2026-10-04 22:02,,,https://www.youtube.com/channel/UCRB4e3zs348hzfhlkPXXktQ
UC-ub7UyO5uyJBWNYRxiH4kg,@gogo_2434,24,2年,Member (2 years),,不明,,,3,5,0,2026-09-19 13:01,2026-10-06 20:02,,,https://www.youtube.com/channel/UC-ub7UyO5uyJBWNYRxiH4kg
UCzFNTUrttVTPSp-jUGTTB0Q,@水あおりんご,24,2年,Member (2 years),,不明,,,3,15,0,2026-09-19 13:01,2026-09-22 13:47,,,https://www.youtube.com/channel/UCzFNTUrttVTPSp-jUGTTB0Q
UCSVlaC65Ao7-D0CW4Fkb9Qg,@まここ_des,24,2年,Member (2 years),,不明,,,3,16,0,2026-09-22 13:01,2026-10-10 15:02,,,https://www.youtube.com/channel/UCSVlaC65Ao7-D0CW4Fkb9Qg
UCpAA7bArlBaszgnkLrigKkA,@riwa-fk1iu,24,2年,Member (2 years),,不明,,,3,3,0,2026-09-22 13:47,2026-10-10 15:02,,,https://www.youtube.com/channel/UCpAA7bArlBaszgnkLrigKkA
UCy1j5rRXQPw5qdReAe4sg1A,@きら_nsny88,24,2年,Member (2 years),,不明,,,3,17,3,2026-09-29 21:00,2026-10-10 15:02,,,https://www.youtube.com/channel/UCy1j5rRXQPw5qdReAe4sg1A
UCxNi6YHY6sNz3gdghCgb6jg,@ov_9981bare,24,2年,Member (2 years),,不明,,,3,5,0,2026-09-29 21:00,2026-10-05 20:00,,,https://www.youtube.com/channel/UCxNi6YHY6sNz3gdghCgb6jg
UCLVfCKs9F7QPI6THWOyxwqA,@かずは-c1o,24,2年,Member (2 years),,不明,,,3,5,0,2026-09-29 21:00,2026-10-05 20:00,,,https://www.youtube.com/channel/UCLVfCKs9F7QPI6THWOyxwqA
UCMUiJDxYqR7qoOkrSU02wpg,@oyo_86,24,2年,Member (2 years),,ネッシー,再加入/レベル変更,,2,21,0,2026-09-11 22:00,2026-09-12 17:00,,,https://www.youtube.com/channel/UCMUiJDxYqR7qoOkrSU02wpg
UCRLMq2y9C9ZzYl8XmH3TuaQ,@柴崎あんえ,24,2年,Member (2 years),,不明,,,2,5,0,2026-09-11 22:00,2026-09-29 21:00,,,https://www.youtube.com/channel/UCRLMq2y9C9ZzYl8XmH3TuaQ
UCTb_5IpMMuPMn0aL-2WrzsQ,@nico_5021,24,2年,Member (2 years),,不明,,,2,12,0,2026-09-11 22:00,2026-09-16 21:04,,,https://www.youtube.com/channel/UCTb_5IpMMuPMn0aL-2WrzsQ
UCNZ2ADxIc8l_cecf1gDlqUQ,@サラダ-p9g,24,2年,Member (2 years),,不明,,,2,2,0,2026-09-11 22:00,2026-09-16 21:04,,,https://www.youtube.com/channel/UCNZ2ADxIc8l_cecf1gDlqUQ
UCEGcDPMkuyNcUne1MpmpcGg,@ポメダ珈琲,24,2年,Member (2 years),,不明,,,2,5,0,2026-09-11 22:00,2026-10-03 23:01,,,https://www.youtube.com/channel/UCEGcDPMkuyNcUne1MpmpcGg
UCFky35hQlbOfRCx0A1TySHw,@橘稀紗,24,2年,Member (2 years),,不明,,,2,11,0,2026-09-12 17:00,2026-10-05 20:00,,,https://www.youtube.com/channel/UCFky35hQlbOfRCx0A1TySHw
UCBvgspw_J4LUS80-HCHv2Zg,@しらた_m5,24,2年,Member (2 years),,不明,,,2,2,0,2026-09-12 17:00,2026-09-22 13:47,,,https://www.youtube.com/channel/UCBvgspw_J4LUS80-HCHv2Zg
UC89-pD32yLefeCzd0RV9f3Q,@tsuguo6580,24,2年,Member (2 years),,不明,,,2,8,0,2026-09-12 17:00,2026-10-03 23:01,,,https://www.youtube.com/channel/UC89-pD32yLefeCzd0RV9f3Q
UCWpubJ-I53q6kcnCNT89NDg,@hirat2245,24,2年,Member (2 years),,不明,,,2,37,0,2026-09-12 17:00,2026-09-16 21:04,,,https://www.youtube.com/channel/UCWpubJ-I53q6kcnCNT89NDg
UCL7A_n4YAuzyjazlYBYsGug,@リン-m9n,24,2年,Member (2 years),,不明,,,2,12,0,2026-09-12 17:00,2026-09-29 21:00,,,https://www.youtube.com/channel/UCL7A_n4YAuzyjazlYBYsGug
UCBXK3YmKWWszuqIL1O9Ps2g,@斉藤ammonia,24,2年,Member (2 years),,不明,,,2,3,0,2026-09-12 17:00,2026-09-16 21:04,,,https://www.youtube.com/channel/UCBXK3YmKWWszuqIL1O9Ps2g
UCROHWcz6ZyiPcyLwyF550AQ,@Hirose-n3w,24,2年,Member (2 years),,不明,,,2,2,0,2026-09-12 17:00,2026-09-21 21:01,,,https://www.youtube.com/channel/UCROHWcz6ZyiPcyLwyF550AQ
UCmvJlNoMyXbngJ97xwLRKlw,@y_0x0_u,24,2年,Member (2 years),,不明,,,2,2,0,2026-09-16 21:04,2026-09-29 21:00,,,https://www.youtube.com/channel/UCmvJlNoMyXbngJ97xwLRKlw
UCDHXcTIm4J7V3TMIVVaVmvw,@ぽむ-03,24,2年,Member (2 years),,不明,,,2,170,0,2026-09-16 21:04,2026-10-10 15:02,,,https://www.youtube.com/channel/UCDHXcTIm4J7V3TMIVVaVmvw
UC2JZwLuEaxamEJ4uwEGTjCA,@おいしい無糖_lll,24,2年,Member (2 years),,不明,,,2,8,0,2026-09-16 21:04,2026-09-21 21:01,,,https://www.youtube.com/channel/UC2JZwLuEaxamEJ4uwEGTjCA
UCLUdXFhHb9NL6dosorNt5Ew,@Renne-0331,24,2年,Member (2 years),,不明,,,2,4,0,2026-09-19 13:01,2026-10-06 20:02,,,https://www.youtube.com/channel/UCLUdXFhHb9NL6dosorNt5Ew
UCIaCtLs_rOjllMworPP1gCA,@raia2525,24,2年,Member (2 years),,不明,,,2,7,0,2026-09-19 13:01,2026-09-22 13:47,,,https://www.youtube.com/channel/UCIaCtLs_rOjllMworPP1gCA
UCvraLZRsrpj2Bya8JXCNzGw,@rusa6882,24,2年,Member (2 years),,不明,,,2,2,0,2026-09-22 13:01,2026-10-03 23:01,,,https://www.youtube.com/channel/UCvraLZRsrpj2Bya8JXCNzGw
UCX0KtTE-DIi84Uvrs4OkZFA,@riyo-rururu,24,2年,Member (2 years),,不明,,,2,2,0,2026-09-22 13:01,2026-10-06 20:02,,,https://www.youtube.com/channel/UCX0KtTE-DIi84Uvrs4OkZFA
UCJlYEH2xFmTpq6v13QXQGRQ,@sedna528,24,2年,Member (2 years),,不明,,,2,2,0,2026-09-22 13:01,2026-09-22 13:47,,,https://www.youtube.com/channel/UCJlYEH2xFmTpq6v13QXQGRQ
UC9A7bIQUOW4zuIAAl7rJ4Gw,@なお-i7f,24,2年,Member (2 years),,不明,,,2,3,0,2026-09-22 13:01,2026-09-22 13:47,,,https://www.youtube.com/channel/UC9A7bIQUOW4zuIAAl7rJ4Gw
UC21udF68kbpzlgiR5_hJxMQ,@しろくまskow2007,24,2年,Member (2 years),,不明,,,2,3,0,2026-09-22 13:01,2026-09-22 13:47,,,https://www.youtube.com/channel/UC21udF68kbpzlgiR5_hJxMQ
UCO7PX9rLzFUcKGWXhXZrJiQ,@beni-965,24,2年,Member (2 years),,不明,,,2,3,0,2026-09-22 13:47,2026-10-04 22:02,,,https://www.youtube.com/channel/UCO7PX9rLzFUcKGWXhXZrJiQ
UC26Y_bY-pnOZzrQQq__LuZw,@yaaZmZm,24,2年,Member (2 years),,不明,,,2,2,0,2026-09-22 13:47,2026-10-05 20:00,,,https://www.youtube.com/channel/UC26Y_bY-pnOZzrQQq__LuZw
UC7gj1OEGJtr9CUgIAyQW-fQ,@pupupu_puni,24,2年,Member (2 years),,不明,,,2,9,0,2026-10-03 23:01,2026-10-10 15:02,,,https://www.youtube.com/channel/UC7gj1OEGJtr9CUgIAyQW-fQ
UCVmGLXlWFCj9J899TEY5_nA,@mirai._.1101,24,2年,Member (2 years),,不明,,,2,3,0,2026-10-03 23:01,2026-10-04 22:02,,,https://www.youtube.com/channel/UCVmGLXlWFCj9J899TEY5_nA
UCOqFfWoAwOyC5Bv-BUPek8w,@uka-sx1wo,24,2年,Member (2 years),,不明,,,2,3,0,2026-10-03 23:01,2026-10-04 22:02,,,https://www.youtube.com/channel/UCOqFfWoAwOyC5Bv-BUPek8w
UCB0hxHXdCBbcTG1NJsxibTQ,@キマグレ-v7i,24,2年,Member (2 years),,不明,,,2,5,0,2026-10-03 23:01,2026-10-04 22:02,,,https://www.youtube.com/channel/UCB0hxHXdCBbcTG1NJsxibTQ
UCNvh2amiNEUDV-OKgVsbr9g,@momiji41,24,2年,Member (2 years),,不明,,,2,4,0,2026-10-03 23:01,2026-10-05 20:00,,,https://www.youtube.com/channel/UCNvh2amiNEUDV-OKgVsbr9g
UC50clvUk5po-jXRkX1cbUKQ,@まさき-l2j9q,24,2年,Member (2 years),,不明,,,2,10,0,2026-10-04 22:02,2026-10-05 20:00,,,https://www.youtube.com/channel/UC50clvUk5po-jXRkX1cbUKQ
UC61FavNbg0CrYYoKFP3qC8Q,@ちかめ__0810,24,2年,Member (2 years),,不明,,,2,6,0,2026-10-04 22:02,2026-10-05 20:00,,,https://www.youtube.com/channel/UC61FavNbg0CrYYoKFP3qC8Q
UCxMtT5Ia3UUJMU_IQVxfRHw,@ナイアシン.111,24,2年,Member (2 years),,不明,,,2,2,2,2026-10-06 20:02,2026-10-10 15:02,,,https://www.youtube.com/channel/UCxMtT5Ia3UUJMU_IQVxfRHw
UCrnBLF8rq1x94iRnzNQMGsQ,@ちいくま-d9v,24,2年,Member (2 years),,不明,,,1,1,0,2026-09-11 22:00,2026-09-11 22:00,,,https://www.youtube.com/channel/UCrnBLF8rq1x94iRnzNQMGsQ
UCcP7YQbPZ_NxyszhuFam-tw,@コンポタ-v1y,24,2年,Member (2 years),,不明,,,1,1,0,2026-09-11 22:00,2026-09-11 22:00,,,https://www.youtube.com/channel/UCcP7YQbPZ_NxyszhuFam-tw
UCYVkVjbTssZH7dwGoOe6FxA,@ちよこ-0609,24,2年,Member (2 years),,不明,,,1,1,0,2026-09-11 22:00,2026-09-11 22:00,,,https://www.youtube.com/channel/UCYVkVjbTssZH7dwGoOe6FxA
UCvJTqLfco_xiNTDD-74l7UA,@chunchan92,24,2年,Member (2 years),,不明,,,1,30,0,2026-09-11 22:00,2026-09-11 22:00,,,https://www.youtube.com/channel/UCvJTqLfco_xiNTDD-74l7UA
UCnBFZKvNfkp7mNtnr6oQN-w,@あんこちやん,24,2年,Member (2 years),,不明,,,1,1,0,2026-09-12 17:00,2026-09-12 17:00,,,https://www.youtube.com/channel/UCnBFZKvNfkp7mNtnr6oQN-w
UCNXg8jX_BJFa6Kj__K5_C3g,@user-bc7lu5bh6c,24,2年,Member (2 years),,不明,,,1,14,0,2026-09-12 17:00,2026-09-12 17:00,,,https://www.youtube.com/channel/UCNXg8jX_BJFa6Kj__K5_C3g
UC2hKYCbOaRnMWRfaoUmatRQ,@とまり-i4d,24,2年,Member (2 years),,不明,,,1,4,0,2026-09-12 17:00,2026-09-12 17:00,,,https://www.youtube.com/channel/UC2hKYCbOaRnMWRfaoUmatRQ
UC0oZNg0gWKf5pQb_TJrjfww,@alicecheung6591,24,2年,Member (2 years),,不明,,,1,25,0,2026-09-12 17:00,2026-09-12 17:00,,,https://www.youtube.com/channel/UC0oZNg0gWKf5pQb_TJrjfww
UC9HqUUfOTXbvCBSB-XZrdyA,@たまご-w2v,24,2年,Member (2 years),,不明,,,1,3,0,2026-09-12 17:00,2026-09-12 17:00,,,https://www.youtube.com/channel/UC9HqUUfOTXbvCBSB-XZrdyA
UCM-qkIYeUU2mdp7BtgOVB6w,@とも-y7p5o,24,2年,Member (2 years),,不明,,,1,5,0,2026-09-12 17:00,2026-09-12 17:00,,,https://www.youtube.com/channel/UCM-qkIYeUU2mdp7BtgOVB6w
UCur05G4pQRcdmYvKLy175MA,@みそおみそ-x2f,24,2年,Member (2 years),,不明,,,1,1,0,2026-09-12 17:00,2026-09-12 17:00,,,https://www.youtube.com/channel/UCur05G4pQRcdmYvKLy175MA
UCjI3vX5Q0oBW2QrFH1HNuEw,@める-y2o,24,2年,Member (2 years),,不明,,,1,2,0,2026-09-16 21:04,2026-09-16 21:04,,,https://www.youtube.com/channel/UCjI3vX5Q0oBW2QrFH1HNuEw
UCem4dPRYhDqbVALME3Gdu3Q,@みかんウキョウ,24,2年,Member (2 years),,不明,,,1,2,0,2026-09-16 21:04,2026-09-16 21:04,,,https://www.youtube.com/channel/UCem4dPRYhDqbVALME3Gdu3Q
UCD-GwcfT_pcxB2P0SxekqTg,@みゃーり_mya,24,2年,Member (2 years),,不明,,,1,2,0,2026-09-16 21:04,2026-09-16 21:04,,,https://www.youtube.com/channel/UCD-GwcfT_pcxB2P0SxekqTg
UCXdCttjHOAcJpMtFWTmhkYA,@きら-77-111,24,2年,Member (2 years),,不明,,,1,1,0,2026-09-16 21:04,2026-09-16 21:04,,,https://www.youtube.com/channel/UCXdCttjHOAcJpMtFWTmhkYA
UCEWGeD9dZZHinN99YYNrItA,@tebasaki3bonnn,24,2年,Member (2 years),,不明,,,1,2,0,2026-09-16 21:04,2026-09-16 21:04,,,https://www.youtube.com/channel/UCEWGeD9dZZHinN99YYNrItA
UCkS5iHj5xnAVp9DwTByA1wQ,@ゆらぎちゃん-x7w,24,2年,Member (2 years),,不明,,,1,11,0,2026-09-16 21:04,2026-09-16 21:04,,,https://www.youtube.com/channel/UCkS5iHj5xnAVp9DwTByA1wQ
UCLxBZVzoOPRvKLl6EWkvlFw,@鯖杉内,24,2年,Member (2 years),,不明,,,1,1,0,2026-09-16 21:04,2026-09-16 21:04,,,https://www.youtube.com/channel/UCLxBZVzoOPRvKLl6EWkvlFw
UCzzLCPDNBm9EflFaq7u4ftw,@jordy3146,24,2年,Member (2 years),,不明,,,1,1,0,2026-09-16 21:04,2026-09-16 21:04,,,https://www.youtube.com/channel/UCzzLCPDNBm9EflFaq7u4ftw
UCuIJ25xsFQbsg7joQvTM8zw,@もものはぎ,24,2年,Member (2 years),,不明,,,1,1,0,2026-09-19 13:01,2026-09-19 13:01,,,https://www.youtube.com/channel/UCuIJ25xsFQbsg7joQvTM8zw
UCUryhOv7Q_Mqib1J0xLVA6w,@伊代野,24,2年,Member (2 years),,不明,,,1,1,0,2026-09-19 13:01,2026-09-19 13:01,,,https://www.youtube.com/channel/UCUryhOv7Q_Mqib1J0xLVA6w
UCyR7JYPkQJ1syhlEG2Ab9qw,@maguro095,24,2年,Member (2 years),28,ネッシー,マイルストーン,,1,1,0,2026-09-22 13:01,2026-09-22 13:01,,,https://www.youtube.com/channel/UCyR7JYPkQJ1syhlEG2Ab9qw
UCwFA5ke0u9-Er_UgKxFFUEQ,@きき-n9z,24,2年,Member (2 years),,不明,,,1,1,0,2026-09-22 13:01,2026-09-22 13:01,,,https://www.youtube.com/channel/UCwFA5ke0u9-Er_UgKxFFUEQ
UC4LzmK_wdguxdFCXgR5b2tw,@miiiinnnn,24,2年,Member (2 years),,不明,,,1,1,0,2026-09-22 13:01,2026-09-22 13:01,,,https://www.youtube.com/channel/UC4LzmK_wdguxdFCXgR5b2tw
UCOpmJnKWTKiALL8g4BRoLAw,@beni_921,24,2年,Member (2 years),,不明,,,1,1,0,2026-09-22 13:01,2026-09-22 13:01,,,https://www.youtube.com/channel/UCOpmJnKWTKiALL8g4BRoLAw
UC5ZQff7OrkDcLerHM4CXyMQ,@れれれ-j3j,24,2年,Member (2 years),29,ネッシー,マイルストーン,,1,0,0,2026-09-22 13:01,2026-09-22 13:01,,,https://www.youtube.com/channel/UC5ZQff7OrkDcLerHM4CXyMQ
UCEAvQL88Qq0yrDoryrPYwLQ,@雨のち夜,24,2年,Member (2 years),,不明,,,1,1,0,2026-09-22 13:47,2026-09-22 13:47,,,https://www.youtube.com/channel/UCEAvQL88Qq0yrDoryrPYwLQ
UCImTuv5siW8h6AF5TGYjibA,@taki-moikka,24,2年,Member (2 years),,不明,,,1,1,0,2026-09-22 13:47,2026-09-22 13:47,,,https://www.youtube.com/channel/UCImTuv5siW8h6AF5TGYjibA
UCdf6yb3Lp2ajA0U6eTMQ7Yg,@ns111-hr,24,2年,Member (2 years),,不明,,,1,1,0,2026-09-22 13:47,2026-09-22 13:47,,,https://www.youtube.com/channel/UCdf6yb3Lp2ajA0U6eTMQ7Yg
UC_mHo0Gh9coJnVnRYaDa5QA,@ゆず-c9n,24,2年,Member (2 years),,不明,,,1,1,0,2026-09-22 13:47,2026-09-22 13:47,,,https://www.youtube.com/channel/UC_mHo0Gh9coJnVnRYaDa5QA
UCAU2W1Pom4IUbug7dPrtfxw,@カルボナーラ-p5x,24,2年,Member (2 years),,不明,,,1,1,0,2026-09-29 21:00,2026-09-29 21:00,,,https://www.youtube.com/channel/UCAU2W1Pom4IUbug7dPrtfxw
UC-V4UIiLhrS2_rA5gtN6nyA,@黒羽-x9e,24,2年,Member (2 years),,不明,,,1,1,0,2026-09-29 21:00,2026-09-29 21:00,,,https://www.youtube.com/channel/UC-V4UIiLhrS2_rA5gtN6nyA
UC4KtcLM5zz8sBT_NKIM9Xpg,@Yoi0111,24,2年,Member (2 years),,不明,,,1,2,0,2026-10-03 23:01,2026-10-03 23:01,,,https://www.youtube.com/channel/UC4KtcLM5zz8sBT_NKIM9Xpg
UC4mffsfpeSoUBzMSt2jK66w,@konkon_cocon_nagisa,24,2年,Member (2 years),,不明,,,1,13,0,2026-10-03 23:01,2026-10-03 23:01,,,https://www.youtube.com/channel/UC4mffsfpeSoUBzMSt2jK66w
UCxbGwtBr87RwnqBdpWNS-NQ,@00Oq0,24,2年,Member (2 years),,不明,,,1,1,0,2026-10-03 23:01,2026-10-03 23:01,,,https://www.youtube.com/channel/UCxbGwtBr87RwnqBdpWNS-NQ
UCxvOPfoyVfJ7gwqIKdkkefQ,@paniel12,24,2年,Member (2 years),,不明,,,1,3,0,2026-10-03 23:01,2026-10-03 23:01,,,https://www.youtube.com/channel/UCxvOPfoyVfJ7gwqIKdkkefQ
UCQJIaPVpC_GkRAvzfwlNlOg,@ぺっちゃん-i9r,24,2年,Member (2 years),,不明,,,1,1,0,2026-10-03 23:01,2026-10-03 23:01,,,https://www.youtube.com/channel/UCQJIaPVpC_GkRAvzfwlNlOg
UC2f8ksMfsBsgoIF03Snysjw,@my-lh3lq,24,2年,Member (2 years),,不明,,,1,5,0,2026-10-05 20:00,2026-10-05 20:00,,,https://www.youtube.com/channel/UC2f8ksMfsBsgoIF03Snysjw
UC8KX16keBLgHZzl3wsHkVwA,@みれい-mochimochi,24,2年,Member (2 years),,不明,,,1,7,0,2026-10-05 20:00,2026-10-05 20:00,,,https://www.youtube.com/channel/UC8KX16keBLgHZzl3wsHkVwA
UCE-tP3QM8vW0kv9bDOmidEQ,@こてゐ,24,2年,Member (2 years),,不明,,,1,1,0,2026-10-05 20:00,2026-10-05 20:00,,,https://www.youtube.com/channel/UCE-tP3QM8vW0kv9bDOmidEQ
UCrzU9oR8gBIfG0hemJ0IFOQ,@おにっち-onicchi,24,2年,Member (2 years),,不明,,,1,2,0,2026-10-05 20:00,2026-10-05 20:00,,,https://www.youtube.com/channel/UCrzU9oR8gBIfG0hemJ0IFOQ
UCJVju5qC4wiyin92g6Z2CNA,@親指腱鞘炎,24,2年,Member (2 years),,不明,,,1,1,0,2026-10-05 20:00,2026-10-05 20:00,,,https://www.youtube.com/channel/UCJVju5qC4wiyin92g6Z2CNA
UCzJV0_KsJY9pLzoEyL3J55g,@kayosan-ns,24,2年,Member (2 years),,不明,,,1,1,0,2026-10-05 20:00,2026-10-05 20:00,,,https://www.youtube.com/channel/UCzJV0_KsJY9pLzoEyL3J55g
UCTAp3V81PZ-dFiPA0MKXfDQ,@muapaka_,24,2年,Member (2 years),,不明,,,1,1,0,2026-10-05 20:00,2026-10-05 20:00,,,https://www.youtube.com/channel/UCTAp3V81PZ-dFiPA0MKXfDQ
UCYQ3L9G55klOX3kQ-WmhNHw,@motidan5,24,2年,Member (2 years),,不明,,,1,1,0,2026-10-05 20:00,2026-10-05 20:00,,,https://www.youtube.com/channel/UCYQ3L9G55klOX3kQ-WmhNHw
UCPPtGS9ameC-VttEwhq_3MQ,@milk_miso,24,2年,Member (2 years),,不明,,,1,1,0,2026-10-05 20:00,2026-10-05 20:00,,,https://www.youtube.com/channel/UCPPtGS9ameC-VttEwhq_3MQ
UCrc1tMOSIp-Fn39h8bHoCJQ,@柘榴ユキ,24,2年,Member (2 years),,不明,,,1,1,0,2026-10-06 20:02,2026-10-06 20:02,,,https://www.youtube.com/channel/UCrc1tMOSIp-Fn39h8bHoCJQ
UCgI0Y6ihWFHI0VvAsKKv4Ng,@ルズン,24,2年,Member (2 years),,不明,,,1,1,0,2026-10-06 20:02,2026-10-06 20:02,,,https://www.youtube.com/channel/UCgI0Y6ihWFHI0VvAsKKv4Ng
UCVHpiLzGNLDRJIPs-ufQSpg,@MatsuoYuka,24,2年,Member (2 years),,不明,,,1,1,0,2026-10-06 20:02,2026-10-06 20:02,,,https://www.youtube.com/channel/UCVHpiLzGNLDRJIPs-ufQSpg
UCm0I97hr3LZ0IPWgKEPpmNQ,@Nanami-vf5rs,24,2年,Member (2 years),,不明,,,1,1,0,2026-10-10 15:02,2026-10-10 15:02,,,https://www.youtube.com/channel/UCm0I97hr3LZ0IPWgKEPpmNQ
UCaUGYQtUJfi5A9HOVHmdwkw,@RinaruKao,24,2年,Member (2 years),,不明,,,1,1,0,2026-10-10 15:02,2026-10-10 15:02,,,https://www.youtube.com/channel/UCaUGYQtUJfi5A9HOVHmdwkw
UCMT8lIOZl7o-YH6Hu2vn_Gw,@かかぽのみみお,24,2年,Member (2 years),,不明,,,1,5,0,2026-10-10 15:02,2026-10-10 15:02,,,https://www.youtube.com/channel/UCMT8lIOZl7o-YH6Hu2vn_Gw
UCmRggHu3hh9NQhZjM9bzRAw,@hqnxvb,24,2年,Member (2 years),,不明,,,1,1,0,2026-10-10 15:02,2026-10-10 15:02,,,https://www.youtube.com/channel/UCmRggHu3hh9NQhZjM9bzRAw
UCIihuauUqSn--JF_I6564lg,@MIYAmu-g5,12,1年,Member (1 year),,不明,,,13,763,0,2026-09-11 22:00,2026-10-10 15:02,,,https://www.youtube.com/channel/UCIihuauUqSn--JF_I6564lg
UCCRoDlzqTPFVlSGJF4NuJWw,@Main7112,12,1年,Member (1 year),,不明,,,13,1349,0,2026-09-11 22:00,2026-10-10 15:02,,,https://www.youtube.com/channel/UCCRoDlzqTPFVlSGJF4NuJWw
UCxjoNqwKmcDn1d_ifK2IVyA,@彩加-c6f,12,1年,Member (1 year),,不明,,,13,33,0,2026-09-11 22:00,2026-10-10 15:02,,,https://www.youtube.com/channel/UCxjoNqwKmcDn1d_ifK2IVyA
UC9oKLGGNBy-UaAsUa48tkjQ,@うめおにぎり-p4u,12,1年,Member (1 year),,不明,,,13,2120,0,2026-09-11 22:00,2026-10-10 15:02,,,https://www.youtube.com/channel/UC9oKLGGNBy-UaAsUa48tkjQ
UCfL7DYG4wGBP8ryq4IRedEQ,@はむちゃす,12,1年,Member (1 year),,不明,,,13,592,0,2026-09-11 22:00,2026-10-10 15:02,,,https://www.youtube.com/channel/UCfL7DYG4wGBP8ryq4IRedEQ
UC8qANFF7ohNYGCkcGgME5HQ,@酢めし昆布,12,1年,Member (1 year),,不明,,,13,743,0,2026-09-11 22:00,2026-10-10 15:02,,,https://www.youtube.com/channel/UC8qANFF7ohNYGCkcGgME5HQ
UCS9PYg5hC5XLRvVNM-c5kqQ,@まっくれる,12,1年,Member (1 year),,不明,,,13,48,0,2026-09-11 22:00,2026-10-10 15:02,,,https://www.youtube.com/channel/UCS9PYg5hC5XLRvVNM-c5kqQ
UCSmmgt0AeZ29dgW2uVAgUBg,@こぷ,12,1年,Member (1 year),,不明,,,12,1180,0,2026-09-11 22:00,2026-10-10 15:02,,,https://www.youtube.com/channel/UCSmmgt0AeZ29dgW2uVAgUBg
UC264C6-PFtLOh62iGJ41xOA,@こーんぽたぁじゅ777,12,1年,Member (1 year),,不明,,,12,2811,1,2026-09-11 22:00,2026-10-10 15:02,,,https://www.youtube.com/channel/UC264C6-PFtLOh62iGJ41xOA
UC2f6OXxIYMYQjwa39woPGWw,@ノル-c9e,12,1年,Member (1 year),,不明,,,12,391,0,2026-09-11 22:00,2026-10-10 15:02,,,https://www.youtube.com/channel/UC2f6OXxIYMYQjwa39woPGWw
UCs8Hr0v3i4Rg-uEN9lfyxFA,@seo_せお,12,1年,Member (1 year),,不明,,,12,1391,0,2026-09-11 22:00,2026-10-10 15:02,,,https://www.youtube.com/channel/UCs8Hr0v3i4Rg-uEN9lfyxFA
UC4lqIuDkw9JsbyaFSrE2sHg,@969_真冬,12,1年,Member (1 year),,不明,,,12,157,0,2026-09-11 22:00,2026-10-06 20:02,,,https://www.youtube.com/channel/UC4lqIuDkw9JsbyaFSrE2sHg
UCjNyenb--NREXdBnT_KrIjw,@きゅい_rs3,12,1年,Member (1 year),,不明,,,12,338,0,2026-09-11 22:00,2026-10-10 15:02,,,https://www.youtube.com/channel/UCjNyenb--NREXdBnT_KrIjw
UCe93l83MZ6l8sbzq-Y6_Z-w,@でんつぶ,12,1年,Member (1 year),,不明,,,12,141,0,2026-09-11 22:00,2026-10-06 20:02,,,https://www.youtube.com/channel/UCe93l83MZ6l8sbzq-Y6_Z-w
UCMTsuNOIXesCJ2Zp_cKd0lQ,@uscherry,12,1年,Member (1 year),,不明,,,12,40,0,2026-09-11 22:00,2026-10-10 15:02,,,https://www.youtube.com/channel/UCMTsuNOIXesCJ2Zp_cKd0lQ
UCgDeYNtSjoFatRlwPFumRWQ,@km-fl3jw,12,1年,Member (1 year),,不明,,,12,1390,0,2026-09-11 22:00,2026-10-06 20:02,,,https://www.youtube.com/channel/UCgDeYNtSjoFatRlwPFumRWQ
UCfA-92fGuiVC0M5cXMRMZgQ,@ヒナセアキ,12,1年,Member (1 year),,不明,,,12,1561,0,2026-09-11 22:00,2026-10-10 15:02,,,https://www.youtube.com/channel/UCfA-92fGuiVC0M5cXMRMZgQ
UCqX_CSKcZEKUukgFIAfo2NQ,@しんや_Douya,12,1年,Member (1 year),,不明,,,11,1720,0,2026-09-11 22:00,2026-10-10 15:02,,,https://www.youtube.com/channel/UCqX_CSKcZEKUukgFIAfo2NQ
UCeXGWH_rBVYktAL8p4Vspog,@よみllln,12,1年,Member (1 year),,不明,,,11,599,2,2026-09-11 22:00,2026-10-06 20:02,,,https://www.youtube.com/channel/UCeXGWH_rBVYktAL8p4Vspog
UCLgyb33nCmIGMgqr0ASo_wg,@sze_328,12,1年,Member (1 year),,不明,,,11,49,0,2026-09-11 22:00,2026-10-10 15:02,,,https://www.youtube.com/channel/UCLgyb33nCmIGMgqr0ASo_wg
UCvf9CJmKBEaS9qTZ4szAZFA,@あかね-c9b,12,1年,Member (1 year),,不明,,,11,110,0,2026-09-11 22:00,2026-10-06 20:02,,,https://www.youtube.com/channel/UCvf9CJmKBEaS9qTZ4szAZFA
UCnxyRzt01SeR_FoUchaC8ZQ,@あゆ-innu,12,1年,Member (1 year),,不明,,,11,125,0,2026-09-11 22:00,2026-10-10 15:02,,,https://www.youtube.com/channel/UCnxyRzt01SeR_FoUchaC8ZQ
UC4avpU6vAGDw2cljWAHlJSA,@おばけ4_s,12,1年,Member (1 year),,不明,,,11,70,0,2026-09-11 22:00,2026-10-10 15:02,,,https://www.youtube.com/channel/UC4avpU6vAGDw2cljWAHlJSA
UC_GORZA5JMZUBWeIPf48FvA,@ab-f5k,12,1年,Member (1 year),,不明,,,11,510,0,2026-09-11 22:00,2026-10-10 15:02,,,https://www.youtube.com/channel/UC_GORZA5JMZUBWeIPf48FvA
UCKJHx1mzC7tn7N3H8focNqg,@くれあ-q4f,12,1年,Member (1 year),,不明,,,11,361,0,2026-09-11 22:00,2026-10-10 15:02,,,https://www.youtube.com/channel/UCKJHx1mzC7tn7N3H8focNqg
UCshTOTASxT5mihX3zn4SYJg,@mn_III,12,1年,Member (1 year),,不明,,,11,191,0,2026-09-11 22:00,2026-10-06 20:02,,,https://www.youtube.com/channel/UCshTOTASxT5mihX3zn4SYJg
UCOHpO-pW4OW8vPTeW5IFzVw,@minatosh,12,1年,Member (1 year),,不明,,,11,835,0,2026-09-11 22:00,2026-10-06 20:02,,,https://www.youtube.com/channel/UCOHpO-pW4OW8vPTeW5IFzVw
UCo5hTeVK10514u3OLvUeXqQ,@しちゃそ,12,1年,Member (1 year),,不明,,,11,356,0,2026-09-11 22:00,2026-10-10 15:02,,,https://www.youtube.com/channel/UCo5hTeVK10514u3OLvUeXqQ
UCaawPc-7dkDEV8FFN_YuP2Q,@トモシゲ140,12,1年,Member (1 year),,不明,,,11,43,0,2026-09-11 22:00,2026-10-10 15:02,,,https://www.youtube.com/channel/UCaawPc-7dkDEV8FFN_YuP2Q
UCYHPrFrUS_-hqk6o6xsAa0g,@イキ_i9,12,1年,Member (1 year),,不明,,,11,113,0,2026-09-11 22:00,2026-10-10 15:02,,,https://www.youtube.com/channel/UCYHPrFrUS_-hqk6o6xsAa0g
UCzhZ6LBI57WPwB0YH-BpOmw,@perill-q2o,12,1年,Member (1 year),,不明,,,11,770,0,2026-09-12 17:00,2026-10-10 15:02,,,https://www.youtube.com/channel/UCzhZ6LBI57WPwB0YH-BpOmw
UCHeCIi1_viO2x8hgSRsRtSQ,@Vortex_st_nine,12,1年,Member (1 year),,不明,,,11,1341,0,2026-09-12 17:00,2026-10-10 15:02,,,https://www.youtube.com/channel/UCHeCIi1_viO2x8hgSRsRtSQ
UCBb3wY8qq65OKoOpl0416xQ,@みさ-z9k2l,12,1年,Member (1 year),,不明,,,11,138,0,2026-09-12 17:00,2026-10-10 15:02,,,https://www.youtube.com/channel/UCBb3wY8qq65OKoOpl0416xQ
UC-S5eYiiN6ujFOPAmcGhRUQ,@1s1kakas,12,1年,Member (1 year),,不明,,,10,1926,0,2026-09-11 22:00,2026-10-10 15:02,,,https://www.youtube.com/channel/UC-S5eYiiN6ujFOPAmcGhRUQ
UCb_6Q3bYuUPeCtRy95FToeQ,@abaあばば,12,1年,Member (1 year),15,ネッシー,マイルストーン,,10,1205,1,2026-09-11 22:00,2026-10-10 15:02,,,https://www.youtube.com/channel/UCb_6Q3bYuUPeCtRy95FToeQ
UC1QK3yvUctGmdWm2VAp0RIA,@ゆちゃろ...o0,12,1年,Member (1 year),,不明,,,10,18,0,2026-09-11 22:00,2026-10-10 15:02,,,https://www.youtube.com/channel/UC1QK3yvUctGmdWm2VAp0RIA
UCGmuazjex200JS62LS9WdSA,@あいりです,12,1年,Member (1 year),,不明,,,10,21,0,2026-09-11 22:00,2026-10-06 20:02,,,https://www.youtube.com/channel/UCGmuazjex200JS62LS9WdSA
UCuwb3z5OgsQ-R9ZFPeiE_xw,@yorikoyou,12,1年,Member (1 year),,不明,,,10,22,0,2026-09-11 22:00,2026-10-10 15:02,,,https://www.youtube.com/channel/UCuwb3z5OgsQ-R9ZFPeiE_xw
UCMn1qUq4N0BkcgOBF4JZY3g,@未夏_みなつ,12,1年,Member (1 year),,不明,,,10,865,1,2026-09-12 17:00,2026-10-05 20:00,,,https://www.youtube.com/channel/UCMn1qUq4N0BkcgOBF4JZY3g
UC7uVxFeNrmUA2WAHbpk34XQ,@コッコ_6v6,12,1年,Member (1 year),,不明,,,9,208,0,2026-09-11 22:00,2026-10-06 20:02,,,https://www.youtube.com/channel/UC7uVxFeNrmUA2WAHbpk34XQ
UCgOQbp4MGUtbNZd0Wydkt6g,@ぴな-d6o,12,1年,Member (1 year),,不明,,,9,1106,0,2026-09-11 22:00,2026-10-06 20:02,,,https://www.youtube.com/channel/UCgOQbp4MGUtbNZd0Wydkt6g
UCiED_FLwkqHIkKEfRkdagyA,@りぞ_r,12,1年,Member (1 year),,不明,,,9,368,0,2026-09-11 22:00,2026-10-10 15:02,,,https://www.youtube.com/channel/UCiED_FLwkqHIkKEfRkdagyA
UCHdqEwP_YCzIHk0rEr69BMg,@れなちゃん-t1g,12,1年,Member (1 year),,不明,,,9,53,0,2026-09-11 22:00,2026-10-10 15:02,,,https://www.youtube.com/channel/UCHdqEwP_YCzIHk0rEr69BMg
UCNiGilGL5Etg18N6HSd-duw,@坂ノ中商店-iy3gr,12,1年,Member (1 year),,不明,,,9,548,0,2026-09-11 22:00,2026-10-04 22:02,,,https://www.youtube.com/channel/UCNiGilGL5Etg18N6HSd-duw
UCEI4teg_n8R9DjKTygzaAPg,@tpp-k,12,1年,Member (1 year),,不明,,,9,97,0,2026-09-11 22:00,2026-10-10 15:02,,,https://www.youtube.com/channel/UCEI4teg_n8R9DjKTygzaAPg
UCtF2eU76TVQ1qqBh9jOC3jQ,@はっぱ-o1q,12,1年,Member (1 year),,不明,,,9,20,0,2026-09-11 22:00,2026-10-06 20:02,,,https://www.youtube.com/channel/UCtF2eU76TVQ1qqBh9jOC3jQ
UC_galV3oSBJEOu4S45oyWwA,@きっしー-w5e,12,1年,Member (1 year),,不明,,,9,257,0,2026-09-12 17:00,2026-10-06 20:02,,,https://www.youtube.com/channel/UC_galV3oSBJEOu4S45oyWwA
UChCmDiNpsDL2oQdE3_5ORYQ,@mui61mui,12,1年,Member (1 year),,不明,,,8,96,0,2026-09-11 22:00,2026-10-04 22:02,,,https://www.youtube.com/channel/UChCmDiNpsDL2oQdE3_5ORYQ
UC4vrCU6UNJNtjpLjBzmjBog,@ことのね_m3f,12,1年,Member (1 year),,不明,,,8,116,0,2026-09-11 22:00,2026-10-10 15:02,,,https://www.youtube.com/channel/UC4vrCU6UNJNtjpLjBzmjBog
UCXVCjgbPb0QKlBjbLI3pNSQ,@ui_amano16,12,1年,Member (1 year),,不明,,,8,55,0,2026-09-11 22:00,2026-10-10 15:02,,,https://www.youtube.com/channel/UCXVCjgbPb0QKlBjbLI3pNSQ
UCpIx5PQL286wEGliIfyyj6g,@boss_uu,12,1年,Member (1 year),,ネッシー,再加入/レベル変更,,8,1029,0,2026-09-11 22:00,2026-10-06 20:02,,,https://www.youtube.com/channel/UCpIx5PQL286wEGliIfyyj6g
UCbsREDpupTfHyXGVX1lc-GA,@asmin4732,12,1年,Member (1 year),,不明,,,8,35,0,2026-09-11 22:00,2026-10-10 15:02,,,https://www.youtube.com/channel/UCbsREDpupTfHyXGVX1lc-GA
UCafeWXMt_NHV5qtVUdNQQSA,@hana_mimi.,12,1年,Member (1 year),,不明,,,8,163,0,2026-09-11 22:00,2026-10-06 20:02,,,https://www.youtube.com/channel/UCafeWXMt_NHV5qtVUdNQQSA
UCMGE2MIJLOx_U7KgffacgFg,@午前零時の,12,1年,Member (1 year),,不明,,,8,36,0,2026-09-11 22:00,2026-10-06 20:02,,,https://www.youtube.com/channel/UCMGE2MIJLOx_U7KgffacgFg
UCfi0tWpMb5ip2y3K2eJgxcQ,@すくすくさんかく,12,1年,Member (1 year),,不明,,,8,119,0,2026-09-11 22:00,2026-10-10 15:02,,,https://www.youtube.com/channel/UCfi0tWpMb5ip2y3K2eJgxcQ
UC28Zw-U53MQHggHKsKOaxIg,@猫氏,12,1年,Member (1 year),,不明,,,8,87,0,2026-09-11 22:00,2026-10-10 15:02,,,https://www.youtube.com/channel/UC28Zw-U53MQHggHKsKOaxIg
UCdYzUyQ58-HeRcPrOwjGrGg,@にこ-1225,12,1年,Member (1 year),,不明,,,7,69,0,2026-09-11 22:00,2026-10-06 20:02,,,https://www.youtube.com/channel/UCdYzUyQ58-HeRcPrOwjGrGg
UC_k4mehDaYLgdS2B4iE8zYg,@たまろ-oO,12,1年,Member (1 year),,不明,,,7,22,0,2026-09-11 22:00,2026-10-06 20:02,,,https://www.youtube.com/channel/UC_k4mehDaYLgdS2B4iE8zYg
UCpbabxSXQiNoa-kEu2VKYKA,@u_u55ao6,12,1年,Member (1 year),,不明,,,7,48,1,2026-09-11 22:00,2026-10-06 20:02,,,https://www.youtube.com/channel/UCpbabxSXQiNoa-kEu2VKYKA
UCt4wlco1oad_LnBt5Rg1Dfg,@ユーリ-1004,12,1年,Member (1 year),,不明,,,7,19,0,2026-09-11 22:00,2026-10-03 23:01,,,https://www.youtube.com/channel/UCt4wlco1oad_LnBt5Rg1Dfg
UCFXyTa0PllEVG5_RaFdFGcA,@sseettoocca,12,1年,Member (1 year),,不明,,,7,16,0,2026-09-11 22:00,2026-10-10 15:02,,,https://www.youtube.com/channel/UCFXyTa0PllEVG5_RaFdFGcA
UCNxMEE4K2zzYjkkr89iQnog,@みてる.carame_lized,12,1年,Member (1 year),,不明,,,7,122,0,2026-09-11 22:00,2026-10-10 15:02,,,https://www.youtube.com/channel/UCNxMEE4K2zzYjkkr89iQnog
UC81iN9ATjI7rlhBiGn73e1w,@みちゃん_7,12,1年,Member (1 year),,不明,,,7,33,0,2026-09-11 22:00,2026-10-10 15:02,,,https://www.youtube.com/channel/UC81iN9ATjI7rlhBiGn73e1w
UCgJF-mPHpPdzl6ae6tylSgw,@なーちゃん_ouentai,12,1年,Member (1 year),,不明,,,7,18,0,2026-09-12 17:00,2026-10-10 15:02,,,https://www.youtube.com/channel/UCgJF-mPHpPdzl6ae6tylSgw
UC2bb9vOltJ47nY8UFar49Tg,@のりのりばれりーな,12,1年,Member (1 year),,不明,,,7,7,0,2026-09-12 17:00,2026-10-10 15:02,,,https://www.youtube.com/channel/UC2bb9vOltJ47nY8UFar49Tg
UCcisEH0cwGZ_opJVDK69I4w,@tee_eer,12,1年,Member (1 year),,不明,,,7,11,0,2026-09-16 21:04,2026-10-06 20:02,,,https://www.youtube.com/channel/UCcisEH0cwGZ_opJVDK69I4w
UCPfkdVYou8qbRcwqewYIF8Q,@koshka__n,12,1年,Member (1 year),,不明,,,7,23,0,2026-09-16 21:04,2026-10-05 20:00,,,https://www.youtube.com/channel/UCPfkdVYou8qbRcwqewYIF8Q
UCri379xblqkYAqMd1m19EgA,@mochi_111n,12,1年,Member (1 year),,不明,,,7,9,0,2026-09-21 21:01,2026-10-10 15:02,,,https://www.youtube.com/channel/UCri379xblqkYAqMd1m19EgA
UCgFBz1UsZmr-PzUeOwVVYGg,@みこq0w0p,12,1年,Member (1 year),,不明,,,6,15,0,2026-09-11 22:00,2026-10-06 20:02,,,https://www.youtube.com/channel/UCgFBz1UsZmr-PzUeOwVVYGg
UCkHU6SUEMOI1r2kdPevTP_Q,@きみみ-x6h,12,1年,Member (1 year),,不明,,,6,16,0,2026-09-11 22:00,2026-10-06 20:02,,,https://www.youtube.com/channel/UCkHU6SUEMOI1r2kdPevTP_Q
UC5nGmQI12fmyNdielCZB_lA,@とかとん,12,1年,Member (1 year),,不明,,,6,217,0,2026-09-11 22:00,2026-10-10 15:02,,,https://www.youtube.com/channel/UC5nGmQI12fmyNdielCZB_lA
UC-ArwqefLU3pmNoA8Z2Hkzg,@なすみそ-b1p,12,1年,Member (1 year),,不明,,,6,44,0,2026-09-11 22:00,2026-10-10 15:02,,,https://www.youtube.com/channel/UC-ArwqefLU3pmNoA8Z2Hkzg
UCSXKHPNqTF5GzPJIHA33Q4g,@puipuipa_o1,12,1年,Member (1 year),,不明,,,6,13,0,2026-09-11 22:00,2026-10-06 20:02,,,https://www.youtube.com/channel/UCSXKHPNqTF5GzPJIHA33Q4g
UCagyEXCxLtSCCtWiRrBXbRQ,@アザラシキングダム,12,1年,Member (1 year),,不明,,,6,862,0,2026-09-16 21:04,2026-10-10 15:02,,,https://www.youtube.com/channel/UCagyEXCxLtSCCtWiRrBXbRQ
UCJQ1QRAXdBa9uSX1N3N1loQ,@ゆさまる_mm,12,1年,Member (1 year),,不明,,,6,13,0,2026-09-16 21:04,2026-10-10 15:02,,,https://www.youtube.com/channel/UCJQ1QRAXdBa9uSX1N3N1loQ
UCGOrimyEpvK-eCAjQqlff7Q,@みゃり_onigiri,12,1年,Member (1 year),,不明,,,6,15,0,2026-09-16 21:04,2026-10-06 20:02,,,https://www.youtube.com/channel/UCGOrimyEpvK-eCAjQqlff7Q
UC1bxBz6Ejm_ogKUfffi7XAA,@butlerllOl,12,1年,Member (1 year),,不明,,,5,32,0,2026-09-11 22:00,2026-10-03 23:01,,,https://www.youtube.com/channel/UC1bxBz6Ejm_ogKUfffi7XAA
UCjd6GencQcgnqqQzdBtylMw,@まるた-q4g9q,12,1年,Member (1 year),,不明,,,5,9,0,2026-09-11 22:00,2026-10-03 23:01,,,https://www.youtube.com/channel/UCjd6GencQcgnqqQzdBtylMw
UC8rGMMo8xiTTOksO_20EjNQ,@yellow96g,12,1年,Member (1 year),,不明,,,5,26,0,2026-09-12 17:00,2026-10-03 23:01,,,https://www.youtube.com/channel/UC8rGMMo8xiTTOksO_20EjNQ
UChkEPXP1U-SGJ3AC1BXoKHw,@enuko777,12,1年,Member (1 year),,不明,,,5,17,0,2026-09-12 17:00,2026-10-10 15:02,,,https://www.youtube.com/channel/UChkEPXP1U-SGJ3AC1BXoKHw
UCgCzvSvZtll0_tzLUeGZwqg,@もくもく-v5w,12,1年,Member (1 year),,不明,,,5,12,0,2026-09-12 17:00,2026-10-05 20:00,,,https://www.youtube.com/channel/UCgCzvSvZtll0_tzLUeGZwqg
UCbDTYNiBAFC4Wo-JREye2uA,@mkrrn_07,12,1年,Member (1 year),,不明,,,5,13,0,2026-09-16 21:04,2026-10-03 23:01,,,https://www.youtube.com/channel/UCbDTYNiBAFC4Wo-JREye2uA
UC4Qz22huQGKRZSRhynK9w6w,@テケリリ-c5q,12,1年,Member (1 year),,不明,,,5,5,0,2026-09-16 21:04,2026-10-06 20:02,,,https://www.youtube.com/channel/UC4Qz22huQGKRZSRhynK9w6w
UC2resgi7Hr98k343jSOxOPA,@A347vjjs,12,1年,Member (1 year),,不明,,,5,19,0,2026-09-16 21:04,2026-10-03 23:01,,,https://www.youtube.com/channel/UC2resgi7Hr98k343jSOxOPA
UC3byC5HoxtjXnyx7pKkrYDA,@だみでげす,12,1年,Member (1 year),,不明,,,5,47,0,2026-09-19 13:01,2026-10-03 23:01,,,https://www.youtube.com/channel/UC3byC5HoxtjXnyx7pKkrYDA
UC9YhJbefPn3cUcbBr4h3RXA,@a0sb_あおさば,12,1年,Member (1 year),,不明,,,5,491,0,2026-09-21 21:01,2026-10-06 20:02,,,https://www.youtube.com/channel/UC9YhJbefPn3cUcbBr4h3RXA
UCFKGugYiPcRXWPIFtzhvEnw,@nyagt20_ヤ,12,1年,Member (1 year),,不明,,,5,71,0,2026-09-21 21:01,2026-10-06 20:02,,,https://www.youtube.com/channel/UCFKGugYiPcRXWPIFtzhvEnw
UC6JC-rpHqAt9b-0PWghlZvA,@らーら-p1i,12,1年,Member (1 year),,不明,,,5,120,0,2026-09-29 21:00,2026-10-06 20:02,,,https://www.youtube.com/channel/UC6JC-rpHqAt9b-0PWghlZvA
UCJH5z-ln5LfICU94-szsysg,@あこ-s9f,12,1年,Member (1 year),,不明,,,4,6,0,2026-09-11 22:00,2026-10-04 22:02,,,https://www.youtube.com/channel/UCJH5z-ln5LfICU94-szsysg
UCOC7KTj0HzBt2EMeVX4wT0w,@つむぎ唄,12,1年,Member (1 year),,不明,,,4,19,0,2026-09-11 22:00,2026-10-06 20:02,,,https://www.youtube.com/channel/UCOC7KTj0HzBt2EMeVX4wT0w
UCYni4Vwj5g2onkp6n2d1RsA,@NNN_Staff,12,1年,Member (1 year),,不明,,,4,6,0,2026-09-12 17:00,2026-09-22 13:01,,,https://www.youtube.com/channel/UCYni4Vwj5g2onkp6n2d1RsA
UCcOi9i6GVdbOP0Cfle9yunQ,@chocoholic15,12,1年,Member (1 year),,不明,,,4,4,0,2026-09-12 17:00,2026-09-29 21:00,,,https://www.youtube.com/channel/UCcOi9i6GVdbOP0Cfle9yunQ
UCZW7zHiA-6kGsmaBiqHD3Pg,@Mer_u09,12,1年,Member (1 year),,不明,,,4,24,0,2026-09-12 17:00,2026-10-03 23:01,,,https://www.youtube.com/channel/UCZW7zHiA-6kGsmaBiqHD3Pg
UCuBos2MFGUzKkGGuidUNbJg,@Nao-oe3yg,12,1年,Member (1 year),,不明,,,4,9,0,2026-09-12 17:00,2026-10-06 20:02,,,https://www.youtube.com/channel/UCuBos2MFGUzKkGGuidUNbJg
UCodozM_atRo-P-c_nnK5xfw,@くま.ku_m4,12,1年,Member (1 year),,不明,,,4,14,0,2026-09-12 17:00,2026-10-06 20:02,,,https://www.youtube.com/channel/UCodozM_atRo-P-c_nnK5xfw
UCTLv7F5D9zdscE9KcQ19HaQ,@ろんろん-g1x,12,1年,Member (1 year),,不明,,,4,10,0,2026-09-12 17:00,2026-10-06 20:02,,,https://www.youtube.com/channel/UCTLv7F5D9zdscE9KcQ19HaQ
UChfpwUMY2gRYB3XKlYpwbAA,@ryokka,12,1年,Member (1 year),,不明,,,4,5,0,2026-09-16 21:04,2026-09-29 21:00,,,https://www.youtube.com/channel/UChfpwUMY2gRYB3XKlYpwbAA
UCo46ELWjw7xILjLuxanhVKw,@lunestarz,12,1年,Member (1 year),,不明,,,4,25,0,2026-09-19 13:01,2026-09-22 13:47,,,https://www.youtube.com/channel/UCo46ELWjw7xILjLuxanhVKw
UCsmTumyYTIqNj7AKh20XK1A,@qllsx,12,1年,Member (1 year),,不明,,,4,12,0,2026-09-19 13:01,2026-10-10 15:02,,,https://www.youtube.com/channel/UCsmTumyYTIqNj7AKh20XK1A
UCCi4zQfjHn-txRjeJ6maWRw,@nako86mllg,12,1年,Member (1 year),,不明,,,4,23,0,2026-09-21 21:01,2026-10-05 20:00,,,https://www.youtube.com/channel/UCCi4zQfjHn-txRjeJ6maWRw
UCy1x9CZbgYCmXlOozuDzxaw,@ねこまりぃ-n76k,12,1年,Member (1 year),,不明,,,4,158,0,2026-09-21 21:01,2026-09-29 21:00,,,https://www.youtube.com/channel/UCy1x9CZbgYCmXlOozuDzxaw
UCkkuH61gbHwk3LMXclIXYpA,@nyxqn,12,1年,Member (1 year),,不明,,,4,21,0,2026-09-22 13:01,2026-10-10 15:02,,,https://www.youtube.com/channel/UCkkuH61gbHwk3LMXclIXYpA
UCB0-NzTLzgTggJZXgh0Aaqg,@ここ_840,12,1年,Member (1 year),,不明,,,3,5,0,2026-09-11 22:00,2026-09-22 13:47,,,https://www.youtube.com/channel/UCB0-NzTLzgTggJZXgh0Aaqg
UCJWV9L9D-IwAaz_FCIJa1jw,@autumn_33,12,1年,Member (1 year),,不明,,,3,4,0,2026-09-11 22:00,2026-10-04 22:02,,,https://www.youtube.com/channel/UCJWV9L9D-IwAaz_FCIJa1jw
UCGvcKeZclxP9xvwXEnL8IAA,@Ma-u1h6l,12,1年,Member (1 year),,不明,,,3,9,0,2026-09-11 22:00,2026-09-16 21:04,,,https://www.youtube.com/channel/UCGvcKeZclxP9xvwXEnL8IAA
UCvXHdXmQday1UPp3OPnkc-A,@miyudesugananika,12,1年,Member (1 year),,不明,,,3,11,0,2026-09-12 17:00,2026-10-03 23:01,,,https://www.youtube.com/channel/UCvXHdXmQday1UPp3OPnkc-A
UC5iTu1fejz5J0-Zp_3-vTMA,@panpak-pan,12,1年,Member (1 year),,不明,,,3,4,0,2026-09-16 21:04,2026-10-06 20:02,,,https://www.youtube.com/channel/UC5iTu1fejz5J0-Zp_3-vTMA
UC-nblZn1Zrt0xqCeBwolAMQ,@さいとう-v2y,12,1年,Member (1 year),,不明,,,3,8,0,2026-09-16 21:04,2026-09-22 13:47,,,https://www.youtube.com/channel/UC-nblZn1Zrt0xqCeBwolAMQ
UCgyFbVEzvRIuEC-QeYEL9JA,@marrrufuu,12,1年,Member (1 year),,不明,,,3,11,0,2026-09-16 21:04,2026-10-06 20:02,,,https://www.youtube.com/channel/UCgyFbVEzvRIuEC-QeYEL9JA
UCr5dbrAvtHMvjgKmx668pCw,@よさよ,12,1年,Member (1 year),,不明,,,3,6,0,2026-09-16 21:04,2026-10-06 20:02,,,https://www.youtube.com/channel/UCr5dbrAvtHMvjgKmx668pCw
UCBCqZDYgXUCpI4FRn98qSxQ,@ぱぷる-ness,12,1年,Member (1 year),,不明,,,3,14,0,2026-09-16 21:04,2026-10-06 20:02,,,https://www.youtube.com/channel/UCBCqZDYgXUCpI4FRn98qSxQ
UCdZua7tNPuc_2I7oRXWshtQ,@sui_min_o0,12,1年,Member (1 year),,不明,,,3,3,0,2026-09-19 13:01,2026-09-22 13:47,,,https://www.youtube.com/channel/UCdZua7tNPuc_2I7oRXWshtQ
UC9hmu1hp5WUpyk7_yctambw,@crazyp7864,12,1年,Member (1 year),,不明,,,3,30,0,2026-09-19 13:01,2026-10-05 20:00,,,https://www.youtube.com/channel/UC9hmu1hp5WUpyk7_yctambw
UCNrowYzF-vmVQ682gV6QiYg,@鮭茶漬け-d3c,12,1年,Member (1 year),,不明,,,3,9,0,2026-09-21 21:01,2026-09-29 21:00,,,https://www.youtube.com/channel/UCNrowYzF-vmVQ682gV6QiYg
UCdgMLl0pS5ZpQBPari1IZ_g,@柊野-c1k,12,1年,Member (1 year),,不明,,,3,9,0,2026-09-22 13:47,2026-10-10 15:02,,,https://www.youtube.com/channel/UCdgMLl0pS5ZpQBPari1IZ_g
UCddJDdUaJ82ts_reFqVy3XA,@mogu-mogu22,12,1年,Member (1 year),,不明,,,3,12,0,2026-09-29 21:00,2026-10-10 15:02,,,https://www.youtube.com/channel/UCddJDdUaJ82ts_reFqVy3XA
UCxuFQ2pv8dxAisdyNkTaSHg,@サラ-c3h,12,1年,Member (1 year),,不明,,,3,3,0,2026-10-03 23:01,2026-10-10 15:02,,,https://www.youtube.com/channel/UCxuFQ2pv8dxAisdyNkTaSHg
UCXmG2dQT1j09JZDdnNUKRiQ,@ririringo-x4w,12,1年,Member (1 year),,不明,,,2,2,0,2026-09-11 22:00,2026-09-22 13:01,,,https://www.youtube.com/channel/UCXmG2dQT1j09JZDdnNUKRiQ
UCwIIpckMiX2wJuOKADWTJ-A,@user-lb8sk5tn1m,12,1年,Member (1 year),,不明,,,2,67,0,2026-09-11 22:00,2026-09-12 17:00,,,https://www.youtube.com/channel/UCwIIpckMiX2wJuOKADWTJ-A
UCL7YtXKB8JwWKcsUYnZDubg,@しりみみうさぎ_ちぇる,12,1年,Member (1 year),,不明,,,2,39,0,2026-09-11 22:00,2026-09-16 21:04,,,https://www.youtube.com/channel/UCL7YtXKB8JwWKcsUYnZDubg
UCzVd8idb98PUqVFruZm0heA,@桃_777,12,1年,Member (1 year),,不明,,,2,21,0,2026-09-11 22:00,2026-10-03 23:01,,,https://www.youtube.com/channel/UCzVd8idb98PUqVFruZm0heA
UCGZLA6WQHUTpnT7_fGLbevQ,@murasaki512,12,1年,Member (1 year),,不明,,,2,2,0,2026-09-11 22:00,2026-09-22 13:47,,,https://www.youtube.com/channel/UCGZLA6WQHUTpnT7_fGLbevQ
UCTPxkKDeVejj_SQ7kcoPhBQ,@ako_8820,12,1年,Member (1 year),,不明,,,2,3,0,2026-09-12 17:00,2026-10-05 20:00,,,https://www.youtube.com/channel/UCTPxkKDeVejj_SQ7kcoPhBQ
UC7KTT782GZkeCTLHUUD37mg,@ぷにぞーら,12,1年,Member (1 year),,不明,,,2,4,0,2026-09-12 17:00,2026-10-05 20:00,,,https://www.youtube.com/channel/UC7KTT782GZkeCTLHUUD37mg
UC-JSS211udZ23D6I-MbWxZA,@ラビットさん-v2w,12,1年,Member (1 year),,不明,,,2,4,0,2026-09-12 17:00,2026-09-22 13:47,,,https://www.youtube.com/channel/UC-JSS211udZ23D6I-MbWxZA
UCU6yn1NLZ1HxaGDT5Mic42A,@sashimi_0141,12,1年,Member (1 year),,不明,,,2,43,0,2026-09-16 21:04,2026-10-04 22:02,,,https://www.youtube.com/channel/UCU6yn1NLZ1HxaGDT5Mic42A
UCnONq_WNJyD480krzq8bs4Q,@マグネットのるみ_7,12,1年,Member (1 year),,不明,,,2,4,0,2026-09-16 21:04,2026-09-29 21:00,,,https://www.youtube.com/channel/UCnONq_WNJyD480krzq8bs4Q
UCwPCi5T_iPcn7XdW_RRCHAQ,@cammyキャミ,12,1年,Member (1 year),,不明,,,2,2,0,2026-09-16 21:04,2026-10-10 15:02,,,https://www.youtube.com/channel/UCwPCi5T_iPcn7XdW_RRCHAQ
UCn-7REFMGHFD4MA6g-oOdgQ,@雨-o-k8z,12,1年,Member (1 year),,不明,,,2,6,0,2026-09-16 21:04,2026-10-03 23:01,,,https://www.youtube.com/channel/UCn-7REFMGHFD4MA6g-oOdgQ
UCPtRw1m51cn5PHrL-VbEvoQ,@s1.__xot5,12,1年,Member (1 year),,不明,,,2,2,0,2026-09-19 13:01,2026-10-03 23:01,,,https://www.youtube.com/channel/UCPtRw1m51cn5PHrL-VbEvoQ
UCGODnmkHgP8FVOKsGTzLsLQ,@mm_miyabiJP,12,1年,Member (1 year),16,ネッシー,マイルストーン,,2,117,0,2026-09-19 13:01,2026-10-04 22:02,,,https://www.youtube.com/channel/UCGODnmkHgP8FVOKsGTzLsLQ
UCvNK7J40JsYStYVsRObw2sA,@にも-y1j,12,1年,Member (1 year),,不明,,,2,55,0,2026-09-22 13:47,2026-09-29 21:00,,,https://www.youtube.com/channel/UCvNK7J40JsYStYVsRObw2sA
UCd7yZInWYEkWYhLTdl82EPw,@ふゆ_0626,12,1年,Member (1 year),,不明,,,2,11,0,2026-09-22 13:47,2026-09-29 21:00,,,https://www.youtube.com/channel/UCd7yZInWYEkWYhLTdl82EPw
UC31-fD3GU20e5JoQMHMcRwg,@まち-w1w,12,1年,Member (1 year),,不明,,,2,3,0,2026-10-03 23:01,2026-10-04 22:02,,,https://www.youtube.com/channel/UC31-fD3GU20e5JoQMHMcRwg
UCM8uFuF_8kx61Rf-DVdqucA,@ねぎ-ngggggg,12,1年,Member (1 year),,不明,,,2,3,0,2026-10-03 23:01,2026-10-05 20:00,,,https://www.youtube.com/channel/UCM8uFuF_8kx61Rf-DVdqucA
UC1bsQToh-3mOleJK_fofKzg,@ぱぴこ-t4r,12,1年,Member (1 year),,不明,,,2,2,0,2026-10-03 23:01,2026-10-05 20:00,,,https://www.youtube.com/channel/UC1bsQToh-3mOleJK_fofKzg
UCJWvjvUNu3h4vDKMxLmXQ0Q,@ミルo0,12,1年,Member (1 year),,不明,,,2,3,0,2026-10-04 22:02,2026-10-05 20:00,,,https://www.youtube.com/channel/UCJWvjvUNu3h4vDKMxLmXQ0Q
UCm0-HSgPkOILE3TP919JALA,@kanipan_music,12,1年,Member (1 year),,不明,,,2,0,0,2026-10-04 22:02,2026-10-10 15:02,,,https://www.youtube.com/channel/UCm0-HSgPkOILE3TP919JALA
UCoBGg2zwlKb0F3EUOqoxmXA,@皮下脂肪-111,12,1年,Member (1 year),,不明,,,1,2,0,2026-09-11 22:00,2026-09-11 22:00,,,https://www.youtube.com/channel/UCoBGg2zwlKb0F3EUOqoxmXA
UCwuV4rCYapEHMTDPNGToRnw,@ルル-e2g,12,1年,Member (1 year),,不明,,,1,3,0,2026-09-11 22:00,2026-09-11 22:00,,,https://www.youtube.com/channel/UCwuV4rCYapEHMTDPNGToRnw
UCGPygbRRyMl-qZdOBMii7ng,@シオリ-o2k,12,1年,Member (1 year),,不明,,,1,6,0,2026-09-12 17:00,2026-09-12 17:00,,,https://www.youtube.com/channel/UCGPygbRRyMl-qZdOBMii7ng
UCozCXIXJjlFnWET_vreZ8fQ,@Lin-o1k,12,1年,Member (1 year),,不明,,,1,19,0,2026-09-12 17:00,2026-09-12 17:00,,,https://www.youtube.com/channel/UCozCXIXJjlFnWET_vreZ8fQ
UChneO4vphj0SzmPL_Wl6bHg,@poponchama,12,1年,Member (1 year),,不明,,,1,1,0,2026-09-12 17:00,2026-09-12 17:00,,,https://www.youtube.com/channel/UChneO4vphj0SzmPL_Wl6bHg
UCJWa1k-vlHFL9hDpM0MjbYw,@まゆdesu,12,1年,Member (1 year),,不明,,,1,1,0,2026-09-12 17:00,2026-09-12 17:00,,,https://www.youtube.com/channel/UCJWa1k-vlHFL9hDpM0MjbYw
UC5jr5FraYRMT063zMtNkglw,@さく__75s_km,12,1年,Member (1 year),,不明,,,1,1,0,2026-09-12 17:00,2026-09-12 17:00,,,https://www.youtube.com/channel/UC5jr5FraYRMT063zMtNkglw
UC4Z6EvrKMKFOCHc4JyDh1NA,@敷野shikino,12,1年,Member (1 year),,不明,,,1,3,0,2026-09-12 17:00,2026-09-12 17:00,,,https://www.youtube.com/channel/UC4Z6EvrKMKFOCHc4JyDh1NA
UCAaSqq3W2KDrWXB3HBgKFWA,@ひろな-j6h,12,1年,Member (1 year),,不明,,,1,3,0,2026-09-12 17:00,2026-09-12 17:00,,,https://www.youtube.com/channel/UCAaSqq3W2KDrWXB3HBgKFWA
UCNvHBvC54Ag4SrpkKQkt4yA,@ちいふみ_23,12,1年,Member (1 year),,不明,,,1,1,0,2026-09-12 17:00,2026-09-12 17:00,,,https://www.youtube.com/channel/UCNvHBvC54Ag4SrpkKQkt4yA
UCl-3Ae1_hY6_GSVrSZzBzIw,@siooonon,12,1年,Member (1 year),,不明,,,1,2,0,2026-09-12 17:00,2026-09-12 17:00,,,https://www.youtube.com/channel/UCl-3Ae1_hY6_GSVrSZzBzIw
UCjGt7-RmmTSMpquEsKmtqSw,@yua-371,12,1年,Member (1 year),,不明,,,1,3,0,2026-09-12 17:00,2026-09-12 17:00,,,https://www.youtube.com/channel/UCjGt7-RmmTSMpquEsKmtqSw
UC99NfKNm6-LrJmdHCCuI0lQ,@ゆずジンジャー-r8o,12,1年,Member (1 year),,不明,,,1,1,0,2026-09-16 21:04,2026-09-16 21:04,,,https://www.youtube.com/channel/UC99NfKNm6-LrJmdHCCuI0lQ
UC5eH43dUqVahF9u3MxKp1WQ,@27sand,12,1年,Member (1 year),,不明,,,1,3,0,2026-09-16 21:04,2026-09-16 21:04,,,https://www.youtube.com/channel/UC5eH43dUqVahF9u3MxKp1WQ
UCNbQ2ES7GNjyqF92BEJdlBA,@どーる-b2z,12,1年,Member (1 year),,不明,,,1,2,0,2026-09-16 21:04,2026-09-16 21:04,,,https://www.youtube.com/channel/UCNbQ2ES7GNjyqF92BEJdlBA
UCeTR4Sz-jOY3pwpxPg0VoJQ,@8-m7q-r2z,12,1年,Member (1 year),,不明,,,1,1,0,2026-09-16 21:04,2026-09-16 21:04,,,https://www.youtube.com/channel/UCeTR4Sz-jOY3pwpxPg0VoJQ
UCkln3KCmlRDc4fC-GG4ThqA,@レノ-Reno_oo0,12,1年,Member (1 year),,不明,,,1,4,0,2026-09-19 13:01,2026-09-19 13:01,,,https://www.youtube.com/channel/UCkln3KCmlRDc4fC-GG4ThqA
UCGJqrS_2mUfARGZiJs4dipg,@Zzz_Iro,12,1年,Member (1 year),,不明,,,1,1,0,2026-09-19 13:01,2026-09-19 13:01,,,https://www.youtube.com/channel/UCGJqrS_2mUfARGZiJs4dipg
UCG48cyBBsVnOMxrENug9NKg,@fuwa_fuwa_da,12,1年,Member (1 year),,不明,,,1,2,0,2026-09-21 21:01,2026-09-21 21:01,,,https://www.youtube.com/channel/UCG48cyBBsVnOMxrENug9NKg
UCjBExekEdHVKtzXUxYsb5tw,@柚希yuzuki,12,1年,Member (1 year),,不明,,,1,1,0,2026-09-21 21:01,2026-09-21 21:01,,,https://www.youtube.com/channel/UCjBExekEdHVKtzXUxYsb5tw
UCZMVPQ6PTum8_dV2G9c0KRQ,@yuzuru_777,12,1年,Member (1 year),,不明,,,1,1,0,2026-09-22 13:01,2026-09-22 13:01,,,https://www.youtube.com/channel/UCZMVPQ6PTum8_dV2G9c0KRQ
UCEGygz5yoBbP48u5Rvw5Gkg,@ろこる_rocoru,12,1年,Member (1 year),,不明,,,1,1,0,2026-09-22 13:01,2026-09-22 13:01,,,https://www.youtube.com/channel/UCEGygz5yoBbP48u5Rvw5Gkg
UCje95rPLPOE7z_vaYoaPTjQ,@まよこっこ,12,1年,Member (1 year),,不明,,,1,2,0,2026-09-22 13:01,2026-09-22 13:01,,,https://www.youtube.com/channel/UCje95rPLPOE7z_vaYoaPTjQ
UCZX3g1diGvbQ_KNdxQa-Inw,@さしみや,12,1年,Member (1 year),,不明,,,1,1,0,2026-09-22 13:01,2026-09-22 13:01,,,https://www.youtube.com/channel/UCZX3g1diGvbQ_KNdxQa-Inw
UCpp_4F6XsI3nppeby7UTljg,@moyashins,12,1年,Member (1 year),,不明,,,1,1,0,2026-09-22 13:01,2026-09-22 13:01,,,https://www.youtube.com/channel/UCpp_4F6XsI3nppeby7UTljg
UCKEHk-AGgv2lA8CYSslFoOA,@いゔ_0e,12,1年,Member (1 year),,不明,,,1,7,0,2026-09-22 13:47,2026-09-22 13:47,,,https://www.youtube.com/channel/UCKEHk-AGgv2lA8CYSslFoOA
UC6Y66uDbolr8MDWL_cxP33A,@かさ_moon,12,1年,Member (1 year),,不明,,,1,4,0,2026-09-22 13:47,2026-09-22 13:47,,,https://www.youtube.com/channel/UC6Y66uDbolr8MDWL_cxP33A
UC5K3JMJ3igUqsE1iaRZdYSw,@tktk3026,12,1年,Member (1 year),,不明,,,1,2,0,2026-09-22 13:47,2026-09-22 13:47,,,https://www.youtube.com/channel/UC5K3JMJ3igUqsE1iaRZdYSw
UCCtEkObQyiSUq8aiI4D6bhQ,@kumori_0126,12,1年,Member (1 year),,不明,,,1,1,0,2026-09-22 13:47,2026-09-22 13:47,,,https://www.youtube.com/channel/UCCtEkObQyiSUq8aiI4D6bhQ
UCfTdLyqjQa7VEF907Xx0jFA,@雨のちとむ,12,1年,Member (1 year),,不明,,,1,1,0,2026-09-22 13:47,2026-09-22 13:47,,,https://www.youtube.com/channel/UCfTdLyqjQa7VEF907Xx0jFA
UCigvtSO7tGwmKzRs66DZo3A,@いちごあめ..0u0,12,1年,Member (1 year),,不明,,,1,1,0,2026-09-22 13:47,2026-09-22 13:47,,,https://www.youtube.com/channel/UCigvtSO7tGwmKzRs66DZo3A
UCE-YRRHkD6-Eudq3zrPC-pw,@CZ-Lycheese,12,1年,Member (1 year),,ネッシー,再加入/レベル変更,,1,0,0,2026-09-22 13:47,2026-09-22 13:47,,,https://www.youtube.com/channel/UCE-YRRHkD6-Eudq3zrPC-pw
UCsxM0KKWVeSNYU8EWjIS5Ww,@ゔぁ7-x8f,12,1年,Member (1 year),,不明,,,1,1,0,2026-09-29 21:00,2026-09-29 21:00,,,https://www.youtube.com/channel/UCsxM0KKWVeSNYU8EWjIS5Ww
UC61O0-UAajijrghYjAfDUTg,@サマーポテトw22,12,1年,Member (1 year),,不明,,,1,3,0,2026-09-29 21:00,2026-09-29 21:00,,,https://www.youtube.com/channel/UC61O0-UAajijrghYjAfDUTg
UCQ38c00W14bGr2944Bs5xMw,@Kllllr0,12,1年,Member (1 year),,不明,,,1,1,0,2026-09-29 21:00,2026-09-29 21:00,,,https://www.youtube.com/channel/UCQ38c00W14bGr2944Bs5xMw
UC0hNXgsyci7MS8b7PCEw_6A,@aucesann,12,1年,Member (1 year),,不明,,,1,1,0,2026-10-03 23:01,2026-10-03 23:01,,,https://www.youtube.com/channel/UC0hNXgsyci7MS8b7PCEw_6A
UC-5_fkU5aVpQ7dWAi9MMmKA,@みずmizu_ha,12,1年,Member (1 year),,不明,,,1,1,0,2026-10-03 23:01,2026-10-03 23:01,,,https://www.youtube.com/channel/UC-5_fkU5aVpQ7dWAi9MMmKA
UC40wreeU_QqkedtMH8Qnjkw,@くうと_ns,12,1年,Member (1 year),,不明,,,1,1,0,2026-10-03 23:01,2026-10-03 23:01,,,https://www.youtube.com/channel/UC40wreeU_QqkedtMH8Qnjkw
UCgt3ThkRsY-n9IumxHluUUg,@わわわん-x6o,12,1年,Member (1 year),,不明,,,1,2,0,2026-10-03 23:01,2026-10-03 23:01,,,https://www.youtube.com/channel/UCgt3ThkRsY-n9IumxHluUUg
UCf_KFW6pOOcL3Zvmfgup6pQ,@朝弧,12,1年,Member (1 year),,不明,,,1,1,0,2026-10-03 23:01,2026-10-03 23:01,,,https://www.youtube.com/channel/UCf_KFW6pOOcL3Zvmfgup6pQ
UC3MXwZe_XKSS8_rxCkZn1pw,@N-tb2dt,12,1年,Member (1 year),,不明,,,1,3,0,2026-10-03 23:01,2026-10-03 23:01,,,https://www.youtube.com/channel/UC3MXwZe_XKSS8_rxCkZn1pw
UCy1ZxV0yj62uK__6wSzasaQ,@くき-r2g,12,1年,Member (1 year),,不明,,,1,1,0,2026-10-03 23:01,2026-10-03 23:01,,,https://www.youtube.com/channel/UCy1ZxV0yj62uK__6wSzasaQ
UCxhd92dDLiXN74uMXDdNpcA,@richanv,12,1年,Member (1 year),,不明,,,1,2,0,2026-10-03 23:01,2026-10-03 23:01,,,https://www.youtube.com/channel/UCxhd92dDLiXN74uMXDdNpcA
UCGl2z7sU22SSQRloIn-PXjg,@どらちゃ,12,1年,Member (1 year),,不明,,,1,2,0,2026-10-03 23:01,2026-10-03 23:01,,,https://www.youtube.com/channel/UCGl2z7sU22SSQRloIn-PXjg
UCYEBJvsIcoGGPZwAZ7rv_yA,@しょうゆ-1210m,12,1年,Member (1 year),,不明,,,1,7,0,2026-10-04 22:02,2026-10-04 22:02,,,https://www.youtube.com/channel/UCYEBJvsIcoGGPZwAZ7rv_yA
UCxqWigYhpwEtO321A5KTJMQ,@sss_0022_S,12,1年,Member (1 year),,不明,,,1,1,0,2026-10-04 22:02,2026-10-04 22:02,,,https://www.youtube.com/channel/UCxqWigYhpwEtO321A5KTJMQ
UCJ3yPE2HfiXNqU-9bgngg7Q,@モブA-y8,12,1年,Member (1 year),,不明,,,1,1,0,2026-10-05 20:00,2026-10-05 20:00,,,https://www.youtube.com/channel/UCJ3yPE2HfiXNqU-9bgngg7Q
UCX1gqCwGACyLBoYC6TRzBbg,@いでこ-i5b,12,1年,Member (1 year),,不明,,,1,2,0,2026-10-05 20:00,2026-10-05 20:00,,,https://www.youtube.com/channel/UCX1gqCwGACyLBoYC6TRzBbg
UCIKj6QsAWdPQ-xqPuv05_jA,@ワンダフル30,12,1年,Member (1 year),,不明,,,1,1,0,2026-10-05 20:00,2026-10-05 20:00,,,https://www.youtube.com/channel/UCIKj6QsAWdPQ-xqPuv05_jA
UCGMPmrPQkrEby3z5vKYQ_ew,@linqi0512,12,1年,Member (1 year),,不明,,,1,1,0,2026-10-06 20:02,2026-10-06 20:02,,,https://www.youtube.com/channel/UCGMPmrPQkrEby3z5vKYQ_ew
UCs4BZSEGjaFO2Wb2fkL2eWA,@空木-utsugi,12,1年,Member (1 year),,不明,,,1,3,0,2026-10-06 20:02,2026-10-06 20:02,,,https://www.youtube.com/channel/UCs4BZSEGjaFO2Wb2fkL2eWA
UC-d6J_GQOVrQc2rniQnSirA,@へいわ___0,12,1年,Member (1 year),,不明,,,1,1,0,2026-10-06 20:02,2026-10-06 20:02,,,https://www.youtube.com/channel/UC-d6J_GQOVrQc2rniQnSirA
UCjqw5dLC01ZZXZpqDCbLFqQ,@ぽち111,12,1年,Member (1 year),,不明,,,1,3,0,2026-10-06 20:02,2026-10-06 20:02,,,https://www.youtube.com/channel/UCjqw5dLC01ZZXZpqDCbLFqQ
UC0ALsulcy4qGJI_LC2H7v_Q,@かれんchan,12,1年,Member (1 year),,不明,,,1,1,0,2026-10-10 15:02,2026-10-10 15:02,,,https://www.youtube.com/channel/UC0ALsulcy4qGJI_LC2H7v_Q
UCovtglH4ZN1KQf9Z32F8diQ,@yuni_lllo,12,1年,Member (1 year),,不明,,,1,1,1,2026-10-10 15:02,2026-10-10 15:02,,,https://www.youtube.com/channel/UCovtglH4ZN1KQf9Z32F8diQ
UCoyESdu0WjnRPG5TPI3vECA,@かみちゃん-ぱいせん,12,1年,Member (1 year),,不明,,,1,2,0,2026-10-10 15:02,2026-10-10 15:02,,,https://www.youtube.com/channel/UCoyESdu0WjnRPG5TPI3vECA
UChY1dbFH63Hk_m-aUh9g1Sw,@みけ-e6w,6,6ヶ月,Member (6 months),,不明,,,13,1188,0,2026-09-11 22:00,2026-10-10 15:02,,,https://www.youtube.com/channel/UChY1dbFH63Hk_m-aUh9g1Sw
UCG71T6bXVbXSjG-ejbyMxOw,@RMN_3N,6,6ヶ月,Member (6 months),,不明,,,13,69,0,2026-09-11 22:00,2026-10-10 15:02,,,https://www.youtube.com/channel/UCG71T6bXVbXSjG-ejbyMxOw
UC9bMXKHInzavK32O9PmCbrA,@9nono9,6,6ヶ月,Member (6 months),,不明,,,12,1361,0,2026-09-11 22:00,2026-10-06 20:02,,,https://www.youtube.com/channel/UC9bMXKHInzavK32O9PmCbrA
UC9wpiAvuK4J7dpj1zfiIhRA,@イーピン-z8x,6,6ヶ月,Member (6 months),,不明,,,12,779,0,2026-09-11 22:00,2026-10-10 15:02,,,https://www.youtube.com/channel/UC9wpiAvuK4J7dpj1zfiIhRA
UCzdfcVnCAefquUhWfg5NcbQ,@かーもんど,6,6ヶ月,Member (6 months),,不明,,,11,13,0,2026-09-11 22:00,2026-10-10 15:02,,,https://www.youtube.com/channel/UCzdfcVnCAefquUhWfg5NcbQ
UC_HKS5R995foZXDfCpZ3_Xw,@sam_hkya,6,6ヶ月,Member (6 months),,不明,,,11,86,0,2026-09-11 22:00,2026-10-10 15:02,,,https://www.youtube.com/channel/UC_HKS5R995foZXDfCpZ3_Xw
UCnh7Y8g8LrDfMGP7Dv7W0Ag,@Mint-night,6,6ヶ月,Member (6 months),,不明,,,11,295,0,2026-09-11 22:00,2026-10-10 15:02,,,https://www.youtube.com/channel/UCnh7Y8g8LrDfMGP7Dv7W0Ag
UCaeCG4HLOA17RgeYdsWQK-A,@june-uv2tn,6,6ヶ月,Member (6 months),,不明,,,11,443,0,2026-09-11 22:00,2026-10-06 20:02,,,https://www.youtube.com/channel/UCaeCG4HLOA17RgeYdsWQK-A
UCZpRj_G5-QeAZ3BDYL2_4yw,@ハビタブルごはんめし,6,6ヶ月,Member (6 months),,不明,,,11,28,0,2026-09-11 22:00,2026-10-10 15:02,,,https://www.youtube.com/channel/UCZpRj_G5-QeAZ3BDYL2_4yw
UCoYc445J4UZT0TKkMPBN51A,@たじま-k2g,6,6ヶ月,Member (6 months),,不明,,,10,105,0,2026-09-11 22:00,2026-10-06 20:02,,,https://www.youtube.com/channel/UCoYc445J4UZT0TKkMPBN51A
UChDnfdv1Plunj_tLRvC4_Dw,@y2mc,6,6ヶ月,Member (6 months),,不明,,,10,228,0,2026-09-11 22:00,2026-10-06 20:02,,,https://www.youtube.com/channel/UChDnfdv1Plunj_tLRvC4_Dw
UCDG1Zghlk3bTBNanIjEXPQA,@わか-f4c,6,6ヶ月,Member (6 months),,不明,,,10,162,0,2026-09-11 22:00,2026-10-10 15:02,,,https://www.youtube.com/channel/UCDG1Zghlk3bTBNanIjEXPQA
UC30NPk3VI2L0Or7pFCyUBgg,@ああの-j6u,6,6ヶ月,Member (6 months),,不明,,,10,55,0,2026-09-16 21:04,2026-10-10 15:02,,,https://www.youtube.com/channel/UC30NPk3VI2L0Or7pFCyUBgg
UCSteVAIgnZD7X39IGK_IqYA,@52go_go,6,6ヶ月,Member (6 months),,不明,,,9,264,0,2026-09-11 22:00,2026-10-10 15:02,,,https://www.youtube.com/channel/UCSteVAIgnZD7X39IGK_IqYA
UCnnyQ0ng0qCvjjdACQUhWKQ,@るる-s9i,6,6ヶ月,Member (6 months),,不明,,,9,15,0,2026-09-11 22:00,2026-10-10 15:02,,,https://www.youtube.com/channel/UCnnyQ0ng0qCvjjdACQUhWKQ
UCyW8gYopAHJ_y5j5Jko1vOg,@咲夜_s98,6,6ヶ月,Member (6 months),,不明,,,9,73,0,2026-09-11 22:00,2026-10-10 15:02,,,https://www.youtube.com/channel/UCyW8gYopAHJ_y5j5Jko1vOg
UCkY7giySUX0xoJ8nhwZypTA,@outhi-tengoku,6,6ヶ月,Member (6 months),,不明,,,9,47,0,2026-09-11 22:00,2026-10-10 15:02,,,https://www.youtube.com/channel/UCkY7giySUX0xoJ8nhwZypTA
UCRauWG_eNhRj57-TLn4a3EA,@04ji27am,6,6ヶ月,Member (6 months),,不明,,,9,11,0,2026-09-11 22:00,2026-10-10 15:02,,,https://www.youtube.com/channel/UCRauWG_eNhRj57-TLn4a3EA
UCAo3QEEQx1z2XYJuRPCk0zQ,@あむ-p7s7x,6,6ヶ月,Member (6 months),,不明,,,9,156,0,2026-09-12 17:00,2026-10-10 15:02,,,https://www.youtube.com/channel/UCAo3QEEQx1z2XYJuRPCk0zQ
UCyu9cm_WlaBP3034s852AnA,@らとたろ,6,6ヶ月,Member (6 months),,不明,,,9,13,0,2026-09-12 17:00,2026-10-10 15:02,,,https://www.youtube.com/channel/UCyu9cm_WlaBP3034s852AnA
UCLdtIqCWsUNQAxZaWdfFAWA,@00_ねむる,6,6ヶ月,Member (6 months),,不明,,,9,100,0,2026-09-12 17:00,2026-10-10 15:02,,,https://www.youtube.com/channel/UCLdtIqCWsUNQAxZaWdfFAWA
UCSYgzoidR3d4ghNdjpwN-EA,@ゆうこch0316,6,6ヶ月,Member (6 months),,不明,,,9,588,0,2026-09-12 17:00,2026-10-10 15:02,,,https://www.youtube.com/channel/UCSYgzoidR3d4ghNdjpwN-EA
UCvo8PeZ0yALwlpPr0uxqUag,@新台pachi_baby,6,6ヶ月,Member (6 months),,不明,,,8,67,0,2026-09-11 22:00,2026-10-06 20:02,,,https://www.youtube.com/channel/UCvo8PeZ0yALwlpPr0uxqUag
UCg0duqQECEpdYxa1oFkz20Q,@まげ-j7n,6,6ヶ月,Member (6 months),,不明,,,8,49,0,2026-09-11 22:00,2026-10-10 15:02,,,https://www.youtube.com/channel/UCg0duqQECEpdYxa1oFkz20Q
UCYG90tPtBVo2qGLSGe_CnaQ,@misa_reo,6,6ヶ月,Member (6 months),,不明,,,8,630,0,2026-09-11 22:00,2026-10-06 20:02,,,https://www.youtube.com/channel/UCYG90tPtBVo2qGLSGe_CnaQ
UCXSJtoBOxlLRIt62tyjlW0Q,@槙-g2v8b,6,6ヶ月,Member (6 months),,不明,,,8,28,0,2026-09-11 22:00,2026-10-06 20:02,,,https://www.youtube.com/channel/UCXSJtoBOxlLRIt62tyjlW0Q
UCZC2uhBuPXQlt2Ksj9xiI5w,@スイまる-g3c,6,6ヶ月,Member (6 months),,不明,,,8,76,0,2026-09-11 22:00,2026-10-10 15:02,,,https://www.youtube.com/channel/UCZC2uhBuPXQlt2Ksj9xiI5w
UCeZRoA1yMvbVkqHDiJnQGZg,@kanamama-sugiasu,6,6ヶ月,Member (6 months),,不明,,,7,109,0,2026-09-11 22:00,2026-10-10 15:02,,,https://www.youtube.com/channel/UCeZRoA1yMvbVkqHDiJnQGZg
UC06ibErob_lrqu_plGO6E8Q,@ssnndaa,6,6ヶ月,Member (6 months),,不明,,,7,13,0,2026-09-12 17:00,2026-10-06 20:02,,,https://www.youtube.com/channel/UC06ibErob_lrqu_plGO6E8Q
UCraWMzZQjhb6KswAnLuxNcQ,@kumo_0802,6,6ヶ月,Member (6 months),,不明,,,7,19,0,2026-09-12 17:00,2026-10-10 15:02,,,https://www.youtube.com/channel/UCraWMzZQjhb6KswAnLuxNcQ
UCzedje5xZ5RINThB46Ds4qg,@レモン-v7q,6,6ヶ月,Member (6 months),,不明,,,7,105,0,2026-09-12 17:00,2026-10-03 23:01,,,https://www.youtube.com/channel/UCzedje5xZ5RINThB46Ds4qg
UCxEYcTi4mQbgmBRFu7ZvReA,@らぁら-p6f,6,6ヶ月,Member (6 months),,不明,,,7,26,0,2026-09-12 17:00,2026-10-06 20:02,,,https://www.youtube.com/channel/UCxEYcTi4mQbgmBRFu7ZvReA
UCZgM8UIKraLU8LSIrUpXukA,@アイピ-i9r,6,6ヶ月,Member (6 months),,不明,,,7,23,0,2026-09-16 21:04,2026-10-10 15:02,,,https://www.youtube.com/channel/UCZgM8UIKraLU8LSIrUpXukA
UCIy1ulSpKixa0EwzwFImjjA,@tuyusa.mamimaru,6,6ヶ月,Member (6 months),,不明,,,6,19,0,2026-09-11 22:00,2026-10-04 22:02,,,https://www.youtube.com/channel/UCIy1ulSpKixa0EwzwFImjjA
UCxDE-G5KEoORdmN9yx1ziag,@Mug_muget,6,6ヶ月,Member (6 months),,不明,,,6,108,0,2026-09-12 17:00,2026-10-10 15:02,,,https://www.youtube.com/channel/UCxDE-G5KEoORdmN9yx1ziag
UCTwxrjiJVRYnoWnjhSmH6rw,@ckp_164-_-b,6,6ヶ月,Member (6 months),,不明,,,6,46,0,2026-09-12 17:00,2026-10-04 22:02,,,https://www.youtube.com/channel/UCTwxrjiJVRYnoWnjhSmH6rw
UC27VvIlEszxplIY_qptFSXQ,@Aeigis26,6,6ヶ月,Member (6 months),,不明,,,6,14,0,2026-09-12 17:00,2026-10-10 15:02,,,https://www.youtube.com/channel/UC27VvIlEszxplIY_qptFSXQ
UCz8Fsfg-5Ua_q-h03W4vBhg,@ななな-f4j7q,6,6ヶ月,Member (6 months),,不明,,,6,124,0,2026-09-16 21:04,2026-10-10 15:02,,,https://www.youtube.com/channel/UCz8Fsfg-5Ua_q-h03W4vBhg
UC0I7qoFiP6040R83IK6ya6g,@やえ-h7k,6,6ヶ月,Member (6 months),,不明,,,6,154,0,2026-09-16 21:04,2026-10-10 15:02,,,https://www.youtube.com/channel/UC0I7qoFiP6040R83IK6ya6g
UC-6Q7_Zs1TDWAI2VnACSHqA,@aaanju-m4v,6,6ヶ月,Member (6 months),,不明,,,6,13,0,2026-09-16 21:04,2026-10-06 20:02,,,https://www.youtube.com/channel/UC-6Q7_Zs1TDWAI2VnACSHqA
UCB4HWOuWVoLMjabaHVdHqrQ,@yukipoyoyon,6,6ヶ月,Member (6 months),,不明,,,5,20,0,2026-09-11 22:00,2026-10-05 20:00,,,https://www.youtube.com/channel/UCB4HWOuWVoLMjabaHVdHqrQ
UCKAuDMfUO4wtz9KnOWb0gHA,@とら-0225,6,6ヶ月,Member (6 months),,不明,,,5,28,0,2026-09-11 22:00,2026-10-10 15:02,,,https://www.youtube.com/channel/UCKAuDMfUO4wtz9KnOWb0gHA
UC2JpkcO_XuCrur-czTP0v9g,@sasha-i5nc,6,6ヶ月,Member (6 months),,不明,,,5,296,0,2026-09-12 17:00,2026-10-10 15:02,,,https://www.youtube.com/channel/UC2JpkcO_XuCrur-czTP0v9g
UCbbQ4BUnQLzTxQLIhMTb-0A,@kotoetou,6,6ヶ月,Member (6 months),,不明,,,5,42,0,2026-09-19 13:01,2026-10-05 20:00,,,https://www.youtube.com/channel/UCbbQ4BUnQLzTxQLIhMTb-0A
UC8er8Fk6ieR0Ar3tUjgIrKQ,@もえ太-m,6,6ヶ月,Member (6 months),,不明,,,4,31,0,2026-09-11 22:00,2026-09-29 21:00,,,https://www.youtube.com/channel/UC8er8Fk6ieR0Ar3tUjgIrKQ
UCLsBjCsOXUzCsERFtfAP29Q,@miu_s2oo,6,6ヶ月,Member (6 months),,不明,,,4,9,0,2026-09-16 21:04,2026-10-04 22:02,,,https://www.youtube.com/channel/UCLsBjCsOXUzCsERFtfAP29Q
UCwhUIcY1OLBpo9TLiOsdj2g,@パル-プンテ,6,6ヶ月,Member (6 months),,不明,,,4,8,0,2026-09-22 13:47,2026-10-10 15:02,,,https://www.youtube.com/channel/UCwhUIcY1OLBpo9TLiOsdj2g
UCMoiDY5XThxaoxLEURzmMfg,@oyasumi2025,6,6ヶ月,Member (6 months),,不明,,,3,144,0,2026-09-11 22:00,2026-09-22 13:47,,,https://www.youtube.com/channel/UCMoiDY5XThxaoxLEURzmMfg
UCIjbxYzV2isIgDI5dg096oQ,@pyy016_hyy,6,6ヶ月,Member (6 months),,不明,,,3,55,0,2026-09-11 22:00,2026-09-29 21:00,,,https://www.youtube.com/channel/UCIjbxYzV2isIgDI5dg096oQ
UCjDgY3PkF7tB1B7ot866HeA,@UR_pachi,6,6ヶ月,Member (6 months),,不明,,,3,13,0,2026-09-11 22:00,2026-09-16 21:04,,,https://www.youtube.com/channel/UCjDgY3PkF7tB1B7ot866HeA
UC8hvVc5eIjp2WukTjYABu_g,@messiah_aaaa,6,6ヶ月,Member (6 months),,不明,,,3,6,0,2026-09-11 22:00,2026-10-04 22:02,,,https://www.youtube.com/channel/UC8hvVc5eIjp2WukTjYABu_g
UC9sSRa9FQR-0B8FfHv_b-LA,@n3_i7,6,6ヶ月,Member (6 months),,不明,,,3,3,3,2026-09-12 17:00,2026-10-03 23:01,,,https://www.youtube.com/channel/UC9sSRa9FQR-0B8FfHv_b-LA
UCYpIxuy2AH9HtmZhS8-FvOw,@mizufoy5137,6,6ヶ月,Member (6 months),,不明,,,3,8,0,2026-09-12 17:00,2026-09-29 21:00,,,https://www.youtube.com/channel/UCYpIxuy2AH9HtmZhS8-FvOw
UC1m3UHx3TrcL0AdD8AEJiqA,@04ta,6,6ヶ月,Member (6 months),,不明,,,3,65,0,2026-09-12 17:00,2026-09-29 21:00,,,https://www.youtube.com/channel/UC1m3UHx3TrcL0AdD8AEJiqA
UCBpyel6QIHxJV4I8z4DaIMw,@H1B4N355,6,6ヶ月,Member (6 months),,不明,,,3,32,0,2026-09-12 17:00,2026-09-29 21:00,,,https://www.youtube.com/channel/UCBpyel6QIHxJV4I8z4DaIMw
UCsGM_kpIHeDQeeujQ8s6AmQ,@T丸-v9b,6,6ヶ月,Member (6 months),,不明,,,3,9,0,2026-09-12 17:00,2026-09-29 21:00,,,https://www.youtube.com/channel/UCsGM_kpIHeDQeeujQ8s6AmQ
UCbPn8QAUzXiUGuzw5t55nlg,@キセル-1217,6,6ヶ月,Member (6 months),,不明,,,3,4,0,2026-09-12 17:00,2026-10-04 22:02,,,https://www.youtube.com/channel/UCbPn8QAUzXiUGuzw5t55nlg
UCCGGHUw3HyaVefNcKsv-RXw,@やちる-c1xx,6,6ヶ月,Member (6 months),,不明,,,3,247,0,2026-09-16 21:04,2026-10-06 20:02,,,https://www.youtube.com/channel/UCCGGHUw3HyaVefNcKsv-RXw
UCAVG8RiOogCfL_1GvZkt4Iw,@茉莉花-p7p,6,6ヶ月,Member (6 months),,不明,,,3,7,0,2026-09-16 21:04,2026-10-10 15:02,,,https://www.youtube.com/channel/UCAVG8RiOogCfL_1GvZkt4Iw
UCQIQp5kcnkI4x2e9wiG9vdA,@あさ111,6,6ヶ月,Member (6 months),,不明,,,3,30,0,2026-09-16 21:04,2026-10-10 15:02,,,https://www.youtube.com/channel/UCQIQp5kcnkI4x2e9wiG9vdA
UCo4FSY-0Hjyg0MeTVQPGjSg,@RIN-o7u,6,6ヶ月,Member (6 months),,不明,,,3,10,0,2026-09-16 21:04,2026-10-06 20:02,,,https://www.youtube.com/channel/UCo4FSY-0Hjyg0MeTVQPGjSg
UCL5wr8BRLBPqhGSOLkc2_TQ,@村人A_1,6,6ヶ月,Member (6 months),,不明,,,3,7,0,2026-09-19 13:01,2026-10-03 23:01,,,https://www.youtube.com/channel/UCL5wr8BRLBPqhGSOLkc2_TQ
UCk41u8L8c3jNxGiAYuS2PHQ,@ハートフル越谷レイクタウン,6,6ヶ月,Member (6 months),,不明,,,3,5,0,2026-09-19 13:01,2026-10-10 15:02,,,https://www.youtube.com/channel/UCk41u8L8c3jNxGiAYuS2PHQ
UCvv1wqUqUKv9kiULBrX_0Wg,@I__meitei,6,6ヶ月,Member (6 months),,不明,,,3,14,0,2026-09-22 13:01,2026-10-04 22:02,,,https://www.youtube.com/channel/UCvv1wqUqUKv9kiULBrX_0Wg
UChLe7Fh8EjkE1td1pHW3ehA,@orz-hersche111,6,6ヶ月,Member (6 months),,不明,,,3,5,0,2026-09-22 13:01,2026-10-03 23:01,,,https://www.youtube.com/channel/UChLe7Fh8EjkE1td1pHW3ehA
UC58RHKftCqTVNOFqBRP4EHQ,@rin2sounds,6,6ヶ月,Member (6 months),,不明,,,2,2,0,2026-09-11 22:00,2026-09-21 21:01,,,https://www.youtube.com/channel/UC58RHKftCqTVNOFqBRP4EHQ
UCvbYwDNVcc-8cAFgpHh3Epw,@user-rd4uv2nm4p,6,6ヶ月,Member (6 months),,不明,,,2,12,0,2026-09-11 22:00,2026-10-03 23:01,,,https://www.youtube.com/channel/UCvbYwDNVcc-8cAFgpHh3Epw
UCDOXJggMC2PS8vs-r0Lvi8Q,@loz-s3y,6,6ヶ月,Member (6 months),,不明,,,2,3,0,2026-09-11 22:00,2026-10-05 20:00,,,https://www.youtube.com/channel/UCDOXJggMC2PS8vs-r0Lvi8Q
UC2XbFge0VXMjeFUruutq9Ww,@塩林檎_777,6,6ヶ月,Member (6 months),,不明,,,2,6,0,2026-09-12 17:00,2026-09-21 21:01,,,https://www.youtube.com/channel/UC2XbFge0VXMjeFUruutq9Ww
UC5iCiT1kpDQIAqlIuy_7pQg,@なーひ_nh71,6,6ヶ月,Member (6 months),,不明,,,2,2,0,2026-09-12 17:00,2026-09-16 21:04,,,https://www.youtube.com/channel/UC5iCiT1kpDQIAqlIuy_7pQg
UCxzwWGpPDNOTG_tlRYN_i9Q,@神那-d5l,6,6ヶ月,Member (6 months),,不明,,,2,378,0,2026-09-16 21:04,2026-10-10 15:02,,,https://www.youtube.com/channel/UCxzwWGpPDNOTG_tlRYN_i9Q
UCT_-DAKID-KRNZhHS9dsIBA,@kuru-ns,6,6ヶ月,Member (6 months),,不明,,,2,2,0,2026-09-16 21:04,2026-10-03 23:01,,,https://www.youtube.com/channel/UCT_-DAKID-KRNZhHS9dsIBA
UCPqdB_gbo5_tH0aVMqYp1Jw,@るるるri,6,6ヶ月,Member (6 months),,不明,,,2,2,0,2026-09-16 21:04,2026-09-22 13:47,,,https://www.youtube.com/channel/UCPqdB_gbo5_tH0aVMqYp1Jw
UC8jQ0CCWDDtRfKMuHeV94AQ,@mikan_skm,6,6ヶ月,Member (6 months),,不明,,,2,7,0,2026-09-21 21:01,2026-10-06 20:02,,,https://www.youtube.com/channel/UC8jQ0CCWDDtRfKMuHeV94AQ
UCK6gIOvspEp6AIREa9LwCGw,@ちゃちゃ_0669,6,6ヶ月,Member (6 months),,不明,,,2,2,0,2026-09-22 13:01,2026-10-10 15:02,,,https://www.youtube.com/channel/UCK6gIOvspEp6AIREa9LwCGw
UCPmZNeeLXEl3OOoFCT7FAmQ,@snowwwwww108,6,6ヶ月,Member (6 months),,不明,,,2,2,0,2026-10-03 23:01,2026-10-10 15:02,,,https://www.youtube.com/channel/UCPmZNeeLXEl3OOoFCT7FAmQ
UCU4tYtsGz3HYFJWo7gPYqGQ,@stella_Key,6,6ヶ月,Member (6 months),,不明,,,2,10,0,2026-10-03 23:01,2026-10-05 20:00,,,https://www.youtube.com/channel/UCU4tYtsGz3HYFJWo7gPYqGQ
UC9xA_ygSfH3bhC5nBR6Gg9g,@sazi-szsz,6,6ヶ月,Member (6 months),,不明,,,2,9,0,2026-10-03 23:01,2026-10-05 20:00,,,https://www.youtube.com/channel/UC9xA_ygSfH3bhC5nBR6Gg9g
UCPb6iVn3_n5MZs7Qz1Oib5Q,@ルビィ-Ruby0520,6,6ヶ月,Member (6 months),,不明,,,2,2,0,2026-10-05 20:00,2026-10-06 20:02,,,https://www.youtube.com/channel/UCPb6iVn3_n5MZs7Qz1Oib5Q
UCyqnmBFlYkRXkBqH72wHLVw,@鎬式,6,6ヶ月,Member (6 months),,不明,,,1,19,0,2026-09-11 22:00,2026-09-11 22:00,,,https://www.youtube.com/channel/UCyqnmBFlYkRXkBqH72wHLVw
UCtH4E9XpVLK6ax8spmR-p6g,@Shiki_AME,6,6ヶ月,Member (6 months),,不明,,,1,1,0,2026-09-11 22:00,2026-09-11 22:00,,,https://www.youtube.com/channel/UCtH4E9XpVLK6ax8spmR-p6g
UCtwQ2-WBxYN0JT_Es-vap7w,@琳-m1c,6,6ヶ月,Member (6 months),,不明,,,1,1,0,2026-09-12 17:00,2026-09-12 17:00,,,https://www.youtube.com/channel/UCtwQ2-WBxYN0JT_Es-vap7w
UCxeD_JqBdvMUspcFjKFV_Lw,@たぴ-p4o,6,6ヶ月,Member (6 months),,不明,,,1,1,0,2026-09-12 17:00,2026-09-12 17:00,,,https://www.youtube.com/channel/UCxeD_JqBdvMUspcFjKFV_Lw
UCDOS4fdpby_Pi78_h-DSNNg,@白いの-d6z,6,6ヶ月,Member (6 months),,不明,,,1,10,0,2026-09-12 17:00,2026-09-12 17:00,,,https://www.youtube.com/channel/UCDOS4fdpby_Pi78_h-DSNNg
UC93eMRIk1Mx-IksNh3jtHrw,@みく_w-m8,6,6ヶ月,Member (6 months),,不明,,,1,2,0,2026-09-12 17:00,2026-09-12 17:00,,,https://www.youtube.com/channel/UC93eMRIk1Mx-IksNh3jtHrw
UCNlUeqTA9J5qHbenpSrdb6Q,@がんばれ見てるぞ,6,6ヶ月,Member (6 months),,不明,,,1,1,0,2026-09-16 21:04,2026-09-16 21:04,,,https://www.youtube.com/channel/UCNlUeqTA9J5qHbenpSrdb6Q
UC1xm5qwdxUTnwEaG-RqSLrw,@エリナ-v9t,6,6ヶ月,Member (6 months),,不明,,,1,1,0,2026-09-16 21:04,2026-09-16 21:04,,,https://www.youtube.com/channel/UC1xm5qwdxUTnwEaG-RqSLrw
UCmTtrGU8JvKHntdL2jyP-Cw,@まる-es29,6,6ヶ月,Member (6 months),,不明,,,1,1,0,2026-09-16 21:04,2026-09-16 21:04,,,https://www.youtube.com/channel/UCmTtrGU8JvKHntdL2jyP-Cw
UC5_ysTZELHZ2IRz6R2SKebA,@RAY-gz9qc,6,6ヶ月,Member (6 months),,不明,,,1,1,0,2026-09-19 13:01,2026-09-19 13:01,,,https://www.youtube.com/channel/UC5_ysTZELHZ2IRz6R2SKebA
UClZuYdzUqpbO0feRiwqPNuQ,@みいさん_38,6,6ヶ月,Member (6 months),8,ネッシー,マイルストーン,,1,0,0,2026-09-19 13:01,2026-09-19 13:01,,,https://www.youtube.com/channel/UClZuYdzUqpbO0feRiwqPNuQ
UCf356nB_PFunK_XZYYlLrTA,@余韻yoin,6,6ヶ月,Member (6 months),,不明,,,1,1,0,2026-09-21 21:01,2026-09-21 21:01,,,https://www.youtube.com/channel/UCf356nB_PFunK_XZYYlLrTA
UCPIaGB2Oj3vjnoZ2jxMLsJw,@とほ-v4f,6,6ヶ月,Member (6 months),,不明,,,1,1,0,2026-09-22 13:01,2026-09-22 13:01,,,https://www.youtube.com/channel/UCPIaGB2Oj3vjnoZ2jxMLsJw
UC-xufNkEp7iA7UpVL8eJLUw,@lilaui,6,6ヶ月,Member (6 months),,不明,,,1,1,0,2026-09-22 13:47,2026-09-22 13:47,,,https://www.youtube.com/channel/UC-xufNkEp7iA7UpVL8eJLUw
UCLMHy5bi7IBWBJdACzEhaTQ,@ココnuts,6,6ヶ月,Member (6 months),,不明,,,1,1,0,2026-09-22 13:47,2026-09-22 13:47,,,https://www.youtube.com/channel/UCLMHy5bi7IBWBJdACzEhaTQ
UCHr1d6XOxJQnm371ObLadlA,@hit_chart,6,6ヶ月,Member (6 months),,不明,,,1,1,0,2026-09-22 13:47,2026-09-22 13:47,,,https://www.youtube.com/channel/UCHr1d6XOxJQnm371ObLadlA
UCAO_Z2LvyUpinamQIdoxl8w,@ほのぼの-s1r,6,6ヶ月,Member (6 months),,不明,,,1,1,0,2026-09-29 21:00,2026-09-29 21:00,,,https://www.youtube.com/channel/UCAO_Z2LvyUpinamQIdoxl8w
UCoShZAEMtIEZKzR5wIeTDgA,@うんきがあがるなまえ,6,6ヶ月,Member (6 months),,不明,,,1,11,0,2026-09-29 21:00,2026-09-29 21:00,,,https://www.youtube.com/channel/UCoShZAEMtIEZKzR5wIeTDgA
UCBcAcx0fOud1oRBn6igPQgQ,@もなか奏-m,6,6ヶ月,Member (6 months),,不明,,,1,161,0,2026-09-29 21:00,2026-09-29 21:00,,,https://www.youtube.com/channel/UCBcAcx0fOud1oRBn6igPQgQ
UCO85zS6IguiORWJHTW5pGOA,@yuq._.S2,6,6ヶ月,Member (6 months),,不明,,,1,1,0,2026-09-29 21:00,2026-09-29 21:00,,,https://www.youtube.com/channel/UCO85zS6IguiORWJHTW5pGOA
UC3SgyH_RTBdl5im9w3Rdjaw,@かぐや-0913,6,6ヶ月,Member (6 months),,不明,,,1,1,0,2026-09-29 21:00,2026-09-29 21:00,,,https://www.youtube.com/channel/UC3SgyH_RTBdl5im9w3Rdjaw
UCN5pmBJbMggbj9kBm8kXE_w,@riririsa5607,6,6ヶ月,Member (6 months),,不明,,,1,6,0,2026-10-03 23:01,2026-10-03 23:01,,,https://www.youtube.com/channel/UCN5pmBJbMggbj9kBm8kXE_w
UC0dltsnnBvXNMYnE4dL7rIg,@Nyaaan_0406,6,6ヶ月,Member (6 months),,不明,,,1,30,0,2026-10-03 23:01,2026-10-03 23:01,,,https://www.youtube.com/channel/UC0dltsnnBvXNMYnE4dL7rIg
UCrehB51QbBa_LkpmZ74Qh-A,@hbgnan-m9g,6,6ヶ月,Member (6 months),,不明,,,1,4,1,2026-10-03 23:01,2026-10-03 23:01,,,https://www.youtube.com/channel/UCrehB51QbBa_LkpmZ74Qh-A
UCETMEgHcWVi_Yx40TxQ2i8Q,@まちと-i4s,6,6ヶ月,Member (6 months),,不明,,,1,1,0,2026-10-04 22:02,2026-10-04 22:02,,,https://www.youtube.com/channel/UCETMEgHcWVi_Yx40TxQ2i8Q
UCTn5GYTbKYYneeyRc12ZiMA,@つな-b5p,6,6ヶ月,Member (6 months),,不明,,,1,8,0,2026-10-04 22:02,2026-10-04 22:02,,,https://www.youtube.com/channel/UCTn5GYTbKYYneeyRc12ZiMA
UCuO4dtmNCIupDmtQauzPeSA,@スズカ-n2m,6,6ヶ月,Member (6 months),,不明,,,1,2,0,2026-10-04 22:02,2026-10-04 22:02,,,https://www.youtube.com/channel/UCuO4dtmNCIupDmtQauzPeSA
UCP72cpzM5Ilrb-h-2p55QWQ,@YY-pz2ck,6,6ヶ月,Member (6 months),,不明,,,1,2,0,2026-10-05 20:00,2026-10-05 20:00,,,https://www.youtube.com/channel/UCP72cpzM5Ilrb-h-2p55QWQ
UCS3FveCgWcXrlH538YAW9rg,@iiiiiiiiim-b5g,6,6ヶ月,Member (6 months),,不明,,,1,1,0,2026-10-05 20:00,2026-10-05 20:00,,,https://www.youtube.com/channel/UCS3FveCgWcXrlH538YAW9rg
UCaTO1mfDAvnUw_tSwj7-bzg,@sara-successo,6,6ヶ月,Member (6 months),,不明,,,1,1,0,2026-10-05 20:00,2026-10-05 20:00,,,https://www.youtube.com/channel/UCaTO1mfDAvnUw_tSwj7-bzg
UCINZAZ1xp9RRMOf_hoGgiaQ,@たんす-c6o,6,6ヶ月,Member (6 months),,不明,,,1,1,0,2026-10-06 20:02,2026-10-06 20:02,,,https://www.youtube.com/channel/UCINZAZ1xp9RRMOf_hoGgiaQ
UCm0UipodFEP_z6nA3ZWqr7Q,@nekoko_8383,6,6ヶ月,Member (6 months),7,ネッシー,マイルストーン,,1,0,0,2026-10-10 15:02,2026-10-10 15:02,,,https://www.youtube.com/channel/UCm0UipodFEP_z6nA3ZWqr7Q
UCnAIeFFblMCUGHwWT3hKhWg,@なこち-n7y,2,2ヶ月,Member (2 months),,不明,,,13,578,0,2026-09-11 22:00,2026-10-10 15:02,,,https://www.youtube.com/channel/UCnAIeFFblMCUGHwWT3hKhWg
UCLoqvnMDuN69qEn6E5PtwTg,@あいだよ_1001,2,2ヶ月,Member (2 months),,不明,,,13,1102,0,2026-09-11 22:00,2026-10-10 15:02,,,https://www.youtube.com/channel/UCLoqvnMDuN69qEn6E5PtwTg
UCChYI9W6qdMy3ljH3TWcocQ,@ましろ-046,2,2ヶ月,Member (2 months),,不明,,,12,993,0,2026-09-11 22:00,2026-10-06 20:02,,,https://www.youtube.com/channel/UCChYI9W6qdMy3ljH3TWcocQ
UCMGStVDNRarqCIfleOvzfrQ,@ゆたyta15,2,2ヶ月,Member (2 months),,不明,,,12,959,6,2026-09-11 22:00,2026-10-10 15:02,,,https://www.youtube.com/channel/UCMGStVDNRarqCIfleOvzfrQ
UCtBkVvLaln88aqpeqWYw0CQ,@nya6524,2,2ヶ月,Member (2 months),,不明,,,11,50,0,2026-09-11 22:00,2026-10-10 15:02,,,https://www.youtube.com/channel/UCtBkVvLaln88aqpeqWYw0CQ
UC4c_XZPnPZNVICmGjIWOePg,@めい-4618,2,2ヶ月,Member (2 months),,不明,,,11,114,0,2026-09-12 17:00,2026-10-10 15:02,,,https://www.youtube.com/channel/UC4c_XZPnPZNVICmGjIWOePg
UC0-KuOg_eQmk7LxkB806sPg,@まいめろ-t2u,2,2ヶ月,Member (2 months),,不明,,,11,59,0,2026-09-12 17:00,2026-10-06 20:02,,,https://www.youtube.com/channel/UC0-KuOg_eQmk7LxkB806sPg
UCQW8EVVAzDZqXA_uejnptiA,@Umai_ささみeちーず,2,2ヶ月,Member (2 months),,不明,,,10,205,0,2026-09-11 22:00,2026-10-10 15:02,,,https://www.youtube.com/channel/UCQW8EVVAzDZqXA_uejnptiA
UCAdMxfYhctXQ0IwZ5HtokIw,@ハモ-13,2,2ヶ月,Member (2 months),,不明,,,10,398,0,2026-09-11 22:00,2026-10-10 15:02,,,https://www.youtube.com/channel/UCAdMxfYhctXQ0IwZ5HtokIw
UCgukZ8kPryBsYDYJ5ChGFzQ,@Poyoo_901,2,2ヶ月,Member (2 months),,不明,,,9,45,0,2026-09-12 17:00,2026-10-10 15:02,,,https://www.youtube.com/channel/UCgukZ8kPryBsYDYJ5ChGFzQ
UC_XSYZMMOiMhP1aqgzHtzIA,@もねyyy,2,2ヶ月,Member (2 months),,不明,,,9,119,0,2026-09-19 13:01,2026-10-10 15:02,,,https://www.youtube.com/channel/UC_XSYZMMOiMhP1aqgzHtzIA
UCTvMUnwgzv87W-g-0nebBsw,@SUN_96C,2,2ヶ月,Member (2 months),,不明,,,8,51,0,2026-09-11 22:00,2026-10-06 20:02,,,https://www.youtube.com/channel/UCTvMUnwgzv87W-g-0nebBsw
UC5mIZBG1hqpK-ETCTElXyKQ,@むぅみ-429,2,2ヶ月,Member (2 months),,不明,,,8,58,0,2026-09-11 22:00,2026-10-05 20:00,,,https://www.youtube.com/channel/UC5mIZBG1hqpK-ETCTElXyKQ
UCMnKIUSBwdp_Zls9npW5wDQ,@肉は米にバウンド,2,2ヶ月,Member (2 months),,不明,,,8,600,0,2026-09-11 22:00,2026-10-06 20:02,,,https://www.youtube.com/channel/UCMnKIUSBwdp_Zls9npW5wDQ
UC0bd1jYSURRxJhRr9JQNdAA,@いなり-luv_s2,2,2ヶ月,Member (2 months),,不明,,,8,259,0,2026-09-11 22:00,2026-10-10 15:02,,,https://www.youtube.com/channel/UC0bd1jYSURRxJhRr9JQNdAA
UC0bOgl-eAzr1nuw6kFU3XWA,@sako01-n6e6f,2,2ヶ月,Member (2 months),,不明,,,8,24,0,2026-09-11 22:00,2026-10-10 15:02,,,https://www.youtube.com/channel/UC0bOgl-eAzr1nuw6kFU3XWA
UCnLI_1ubV2jYVyx1JAbdIFg,@カヴァリーノ,2,2ヶ月,Member (2 months),,不明,,,8,78,0,2026-09-12 17:00,2026-10-10 15:02,,,https://www.youtube.com/channel/UCnLI_1ubV2jYVyx1JAbdIFg
UC0_ci8mLZcOXa1GfZjCMCIw,@TKMGHR,2,2ヶ月,Member (2 months),,不明,,,8,248,0,2026-09-12 17:00,2026-10-10 15:02,,,https://www.youtube.com/channel/UC0_ci8mLZcOXa1GfZjCMCIw
UCrLsk3b1J0roxPaTXIntbwg,@じゅにあ-v7g,2,2ヶ月,Member (2 months),,不明,,,7,11,0,2026-09-11 22:00,2026-10-10 15:02,,,https://www.youtube.com/channel/UCrLsk3b1J0roxPaTXIntbwg
UCuCLijjLu0HK33GxnxxfnkQ,@ちきちき-h5d,2,2ヶ月,Member (2 months),,不明,,,6,20,0,2026-09-12 17:00,2026-10-06 20:02,,,https://www.youtube.com/channel/UCuCLijjLu0HK33GxnxxfnkQ
UC63BjCfGIdHEUFiX-kYgU9w,@SAKey039,2,2ヶ月,Member (2 months),,不明,,,5,29,0,2026-09-12 17:00,2026-09-29 21:00,,,https://www.youtube.com/channel/UC63BjCfGIdHEUFiX-kYgU9w
UC4GFQ2frk04qcmitQ6CERog,@ふくのね,2,2ヶ月,Member (2 months),,不明,,,5,17,0,2026-09-22 13:47,2026-10-10 15:02,,,https://www.youtube.com/channel/UC4GFQ2frk04qcmitQ6CERog
UCN7qngM5deywV5ch1TDcYXw,@おのっち-y5m,2,2ヶ月,Member (2 months),,不明,,,3,25,0,2026-09-11 22:00,2026-10-10 15:02,,,https://www.youtube.com/channel/UCN7qngM5deywV5ch1TDcYXw
UCkqTHQMDpuJKC9B9TGjYsAg,@味噌汁と米は偉大,2,2ヶ月,Member (2 months),,不明,,,3,12,0,2026-09-12 17:00,2026-10-06 20:02,,,https://www.youtube.com/channel/UCkqTHQMDpuJKC9B9TGjYsAg
UCCdyGSxHNIoZ7CyqBBb16tg,@さのll77,2,2ヶ月,Member (2 months),,不明,,,3,18,0,2026-09-12 17:00,2026-10-04 22:02,,,https://www.youtube.com/channel/UCCdyGSxHNIoZ7CyqBBb16tg
UC7UwhT2Xq8ModyL64PVczWA,@aeriasu,2,2ヶ月,Member (2 months),,不明,,,3,18,0,2026-09-12 17:00,2026-10-06 20:02,,,https://www.youtube.com/channel/UC7UwhT2Xq8ModyL64PVczWA
UCP8ZVo_T6uTIHe5v0xvUGwA,@ぽやぽや大魔神,2,2ヶ月,Member (2 months),,不明,,,3,15,0,2026-09-12 17:00,2026-09-29 21:00,,,https://www.youtube.com/channel/UCP8ZVo_T6uTIHe5v0xvUGwA
UCUy7e9ylAGGcESCr30hMF9Q,@kuh_s_nine,2,2ヶ月,Member (2 months),,不明,,,3,9,0,2026-09-16 21:04,2026-10-10 15:02,,,https://www.youtube.com/channel/UCUy7e9ylAGGcESCr30hMF9Q
UCcJGSzyy9JVQo24X-57wglw,@北望-818,2,2ヶ月,Member (2 months),,不明,,,3,3,0,2026-09-16 21:04,2026-09-22 13:47,,,https://www.youtube.com/channel/UCcJGSzyy9JVQo24X-57wglw
UCTzWDOcU1hg68h6lT5AwcMg,@rina-yk96,2,2ヶ月,Member (2 months),,不明,,,3,13,0,2026-09-19 13:01,2026-09-22 13:47,,,https://www.youtube.com/channel/UCTzWDOcU1hg68h6lT5AwcMg
UCeTQOyuvGzDx5ppTSWOHPwg,@みょおん,2,2ヶ月,Member (2 months),,不明,,,3,16,0,2026-09-22 13:47,2026-10-10 15:02,,,https://www.youtube.com/channel/UCeTQOyuvGzDx5ppTSWOHPwg
UCVcm-mcheAePmSTZEboHy1g,@NN.0528,2,2ヶ月,Member (2 months),,不明,,,2,7,0,2026-09-11 22:00,2026-10-03 23:01,,,https://www.youtube.com/channel/UCVcm-mcheAePmSTZEboHy1g
UCptNtaxHHjNFKyi9ODeY1EQ,@くまま_11,2,2ヶ月,Member (2 months),,不明,,,2,2,0,2026-09-11 22:00,2026-09-19 13:01,,,https://www.youtube.com/channel/UCptNtaxHHjNFKyi9ODeY1EQ
UC7tzF4tdZaGgSY0K1g-d8jA,@いとうちゃん-s1r,2,2ヶ月,Member (2 months),,不明,,,2,7,0,2026-09-11 22:00,2026-09-12 17:00,,,https://www.youtube.com/channel/UC7tzF4tdZaGgSY0K1g-d8jA
UC85nWmaEK4w64KqJUlP1BqQ,@やく-j1e,2,2ヶ月,Member (2 months),,不明,,,2,2,0,2026-09-12 17:00,2026-09-16 21:04,,,https://www.youtube.com/channel/UC85nWmaEK4w64KqJUlP1BqQ
UCdHR0-uIEydyeGwyKASJAXA,@ayaka-l5e,2,2ヶ月,Member (2 months),,不明,,,2,10,0,2026-09-12 17:00,2026-09-22 13:47,,,https://www.youtube.com/channel/UCdHR0-uIEydyeGwyKASJAXA
UC2IpMF5DNIy420llV_NCZ9g,@matsumi-x3z,2,2ヶ月,Member (2 months),,不明,,,2,17,0,2026-09-16 21:04,2026-10-05 20:00,,,https://www.youtube.com/channel/UC2IpMF5DNIy420llV_NCZ9g
UC39M41hbU2qdw8R3tXyAysw,@速水_supo,2,2ヶ月,Member (2 months),,不明,,,2,5,0,2026-09-16 21:04,2026-10-04 22:02,,,https://www.youtube.com/channel/UC39M41hbU2qdw8R3tXyAysw
UCcSCauFkoOw6GnZrbO5Jv8A,@終焉逃避行,2,2ヶ月,Member (2 months),,不明,,,2,4,0,2026-09-19 13:01,2026-10-03 23:01,,,https://www.youtube.com/channel/UCcSCauFkoOw6GnZrbO5Jv8A
UCtINKxuJYV-hRSXAONUnQsA,@るなるる-b9d,2,2ヶ月,Member (2 months),,不明,,,2,2,0,2026-09-19 13:01,2026-10-03 23:01,,,https://www.youtube.com/channel/UCtINKxuJYV-hRSXAONUnQsA
UCbadkEn_khM4aDBm9aLt6Dg,@s2oralette,2,2ヶ月,Member (2 months),,不明,,,2,3,0,2026-09-22 13:01,2026-10-03 23:01,,,https://www.youtube.com/channel/UCbadkEn_khM4aDBm9aLt6Dg
UCZllPotJT4RGPQSSeNX3SBA,@ikasaki4840,2,2ヶ月,Member (2 months),,不明,,,2,4,0,2026-09-29 21:00,2026-10-06 20:02,,,https://www.youtube.com/channel/UCZllPotJT4RGPQSSeNX3SBA
UCUHO5ScUBsiUnYn9VQKbufg,@kwsk999,2,2ヶ月,Member (2 months),,不明,,,1,2,0,2026-09-12 17:00,2026-09-12 17:00,,,https://www.youtube.com/channel/UCUHO5ScUBsiUnYn9VQKbufg
UCsh5NnNLN0LSWGUlVhFd7VA,@飴村さけ,2,2ヶ月,Member (2 months),,不明,,,1,1,0,2026-09-16 21:04,2026-09-16 21:04,,,https://www.youtube.com/channel/UCsh5NnNLN0LSWGUlVhFd7VA
UC3lxdDzR-lG_jSQFH-auS-w,@アキト1224,2,2ヶ月,Member (2 months),,不明,,,1,13,0,2026-09-16 21:04,2026-09-16 21:04,,,https://www.youtube.com/channel/UC3lxdDzR-lG_jSQFH-auS-w
UCQxTj1yrDkFonePlSWVHrNw,@ai_.o1101,2,2ヶ月,Member (2 months),,不明,,,1,10,0,2026-09-16 21:04,2026-09-16 21:04,,,https://www.youtube.com/channel/UCQxTj1yrDkFonePlSWVHrNw
UC7ViV26w5zm2_Q4bCRHshtQ,@ひかり-s3w,2,2ヶ月,Member (2 months),,不明,,,1,1,0,2026-09-16 21:04,2026-09-16 21:04,,,https://www.youtube.com/channel/UC7ViV26w5zm2_Q4bCRHshtQ
UC9QbwbcAa5xGRk7CpGBDUSg,@おもち-f8c6x,2,2ヶ月,Member (2 months),,不明,,,1,1,0,2026-09-16 21:04,2026-09-16 21:04,,,https://www.youtube.com/channel/UC9QbwbcAa5xGRk7CpGBDUSg
UCx-B89QjpcYVsRNeBvT0aug,@aruminiumu___,2,2ヶ月,Member (2 months),,ネッシー,再加入/レベル変更,,1,0,0,2026-09-21 21:01,2026-09-21 21:01,,,https://www.youtube.com/channel/UCx-B89QjpcYVsRNeBvT0aug
UCGaBcnD0VQt2p95H69_4CDw,@fa_al_09,2,2ヶ月,Member (2 months),,不明,,,1,3,0,2026-09-22 13:47,2026-09-22 13:47,,,https://www.youtube.com/channel/UCGaBcnD0VQt2p95H69_4CDw
UC7TLUeg28S4HSBSfNUhuEXw,@har-d4i,2,2ヶ月,Member (2 months),,不明,,,1,1,0,2026-09-22 13:47,2026-09-22 13:47,,,https://www.youtube.com/channel/UC7TLUeg28S4HSBSfNUhuEXw
UC70Rq48k7ZcMmlo42pv3ECA,@ゆっか工場長,2,2ヶ月,Member (2 months),,不明,,,1,1,0,2026-09-22 13:47,2026-09-22 13:47,,,https://www.youtube.com/channel/UC70Rq48k7ZcMmlo42pv3ECA
UCjMmK4b4VB0LtgJ2q9mY2PA,@73v.v,2,2ヶ月,Member (2 months),,不明,,,1,1,0,2026-09-29 21:00,2026-09-29 21:00,,,https://www.youtube.com/channel/UCjMmK4b4VB0LtgJ2q9mY2PA
UClPXqXcxEXm2vTP1ft6ojug,@むむちゃん_mu,2,2ヶ月,Member (2 months),,不明,,,1,2,0,2026-09-29 21:00,2026-09-29 21:00,,,https://www.youtube.com/channel/UClPXqXcxEXm2vTP1ft6ojug
UCG04Gjms7gvTyQo_7iOdCxQ,@KinneKOKO,2,2ヶ月,Member (2 months),5,ネッシー,マイルストーン,,1,0,0,2026-10-04 22:02,2026-10-04 22:02,,,https://www.youtube.com/channel/UCG04Gjms7gvTyQo_7iOdCxQ
UC6DhImATauUBbQQjTs-761Q,@つき-t1s9k,2,2ヶ月,Member (2 months),,不明,,,1,1,0,2026-10-06 20:02,2026-10-06 20:02,,,https://www.youtube.com/channel/UC6DhImATauUBbQQjTs-761Q
UCjHWU8wYwn9SIDjzKx0UDyw,@_HopeKira,2,2ヶ月,Member (2 months),,ネッシー,ギフト,ギフトで加入,1,83,0,2026-10-10 15:02,2026-10-10 15:02,○,○,https://www.youtube.com/channel/UCjHWU8wYwn9SIDjzKx0UDyw
UC9PtJ5KamCDUdYXqU2HeYUQ,@みりUT_TU__178cm,1,1ヶ月,Member (1 month),,不明,,,11,315,0,2026-09-12 17:00,2026-10-10 15:02,,,https://www.youtube.com/channel/UC9PtJ5KamCDUdYXqU2HeYUQ
UClaQBukeOqqZU8_CRQrCHBg,@もものき-111,1,1ヶ月,Member (1 month),,不明,,,10,229,0,2026-09-11 22:00,2026-10-10 15:02,,,https://www.youtube.com/channel/UClaQBukeOqqZU8_CRQrCHBg
UC7xDEKVxx0V0gOKSW5xXBaw,@eringi_kororin,1,1ヶ月,Member (1 month),1,ネッシー,マイルストーン,,8,178,0,2026-09-16 21:04,2026-10-10 15:02,,,https://www.youtube.com/channel/UC7xDEKVxx0V0gOKSW5xXBaw
UCGA1-fJS9urGcqwOaH8nSew,@ミサイル-x6b,1,1ヶ月,Member (1 month),,不明,,,7,600,0,2026-09-16 21:04,2026-10-10 15:02,,,https://www.youtube.com/channel/UCGA1-fJS9urGcqwOaH8nSew
UCKXRtickoDOy98oRlNCUyJg,@ぱぱぱ-ppp,1,1ヶ月,Member (1 month),,不明,,,5,46,0,2026-09-12 17:00,2026-10-04 22:02,,,https://www.youtube.com/channel/UCKXRtickoDOy98oRlNCUyJg
UCnK_sw1T-z5VD1LDz5QktMw,@こうり-s9g,1,1ヶ月,Member (1 month),,不明,,,5,7,0,2026-09-16 21:04,2026-10-05 20:00,,,https://www.youtube.com/channel/UCnK_sw1T-z5VD1LDz5QktMw
UC4byEdrP8SdFZDNtRxg0HLA,@junky_lover1211,1,1ヶ月,Member (1 month),,不明,,,3,6,0,2026-09-11 22:00,2026-10-10 15:02,,,https://www.youtube.com/channel/UC4byEdrP8SdFZDNtRxg0HLA
UCKLjwMidyIxTRcdvTUMFxrA,@ba99uette,1,1ヶ月,Member (1 month),,不明,,,3,5,0,2026-09-12 17:00,2026-09-29 21:00,,,https://www.youtube.com/channel/UCKLjwMidyIxTRcdvTUMFxrA
UCxvy9NpGhdnp4k1Y3d7NQ2A,@raku_kai,1,1ヶ月,Member (1 month),,不明,,,3,3,0,2026-09-12 17:00,2026-10-03 23:01,,,https://www.youtube.com/channel/UCxvy9NpGhdnp4k1Y3d7NQ2A
UCNQXSwj13uSkTn9njVEUR9g,@8月-w4u,1,1ヶ月,Member (1 month),,不明,,,2,2,0,2026-09-16 21:04,2026-10-05 20:00,,,https://www.youtube.com/channel/UCNQXSwj13uSkTn9njVEUR9g
UCMBlgcBf0eVfplijiOeY3VQ,@eri95_xxx,1,1ヶ月,Member (1 month),,不明,,,2,3,0,2026-09-21 21:01,2026-10-05 20:00,,,https://www.youtube.com/channel/UCMBlgcBf0eVfplijiOeY3VQ
UCqRnRebJTlYkjuZElwFnPIA,@ori_oriring,1,1ヶ月,Member (1 month),,不明,,,1,1,0,2026-09-12 17:00,2026-09-12 17:00,,,https://www.youtube.com/channel/UCqRnRebJTlYkjuZElwFnPIA
UCLgzDE8ezJwJLM8SC9YDDJg,@cho_ice522,1,1ヶ月,Member (1 month),,不明,,,1,1,0,2026-09-16 21:04,2026-09-16 21:04,,,https://www.youtube.com/channel/UCLgzDE8ezJwJLM8SC9YDDJg
UCBCVORAtqLiM11-ZfgEgm2A,@ゆり-6u6,1,1ヶ月,Member (1 month),,不明,,,1,6,0,2026-09-22 13:01,2026-09-22 13:01,,,https://www.youtube.com/channel/UCBCVORAtqLiM11-ZfgEgm2A
UCW1bHbdmvSNPhTvezI5-7sA,@linxp.0l,1,1ヶ月,Member (1 month),,不明,,,1,1,0,2026-09-22 13:47,2026-09-22 13:47,,,https://www.youtube.com/channel/UCW1bHbdmvSNPhTvezI5-7sA
UCuEoZUzLmit_zpfplKUTdzw,@boc_yuu,1,1ヶ月,Member (1 month),,不明,,,1,3,0,2026-10-03 23:01,2026-10-03 23:01,,,https://www.youtube.com/channel/UCuEoZUzLmit_zpfplKUTdzw
UCunfFiBpGH2oT5ewaYq0gaQ,@しみつつ,1,1ヶ月,Member (1 month),,不明,,,1,1,0,2026-10-03 23:01,2026-10-03 23:01,,,https://www.youtube.com/channel/UCunfFiBpGH2oT5ewaYq0gaQ
UCYeYmsPYOjbxxFgr8Qi8B_w,@ki_キキ,1,1ヶ月,Member (1 month),,不明,,,1,1,0,2026-10-03 23:01,2026-10-03 23:01,,,https://www.youtube.com/channel/UCYeYmsPYOjbxxFgr8Qi8B_w
UCd1spy3DPnriPttx3k5-5mA,@さんもにゃ,1,1ヶ月,Member (1 month),,不明,,,1,1,0,2026-10-05 20:00,2026-10-05 20:00,,,https://www.youtube.com/channel/UCd1spy3DPnriPttx3k5-5mA
UCkwj1XupdtVEu4SJDlmQU0A,@hana_pj,1,1ヶ月,Member (1 month),,不明,,,1,1,0,2026-10-10 15:02,2026-10-10 15:02,,,https://www.youtube.com/channel/UCkwj1XupdtVEu4SJDlmQU0A
UCNtWDpiO7Pny_oVRux70--w,@lushu2525,0,新規(1ヶ月未満),New member,,不明,,,8,92,0,2026-09-16 21:04,2026-10-10 15:02,,,https://www.youtube.com/channel/UCNtWDpiO7Pny_oVRux70--w
UCfO-qEnfdPPC12VGZVpXMMA,@赤パジャマ8,0,新規(1ヶ月未満),New member,,不明,,,6,81,0,2026-09-16 21:04,2026-10-10 15:02,,,https://www.youtube.com/channel/UCfO-qEnfdPPC12VGZVpXMMA
UCJ8-faejQ1t9cqR3jKeH0FQ,@yukisasame,0,新規(1ヶ月未満),New member,,不明,,,6,306,0,2026-09-19 13:01,2026-10-10 15:02,,,https://www.youtube.com/channel/UCJ8-faejQ1t9cqR3jKeH0FQ
UCzLmwXyChX3gsG1vWRkWuzg,@やきそば-f2r,0,新規(1ヶ月未満),New member,,不明,,,6,119,0,2026-09-21 21:01,2026-10-06 20:02,,,https://www.youtube.com/channel/UCzLmwXyChX3gsG1vWRkWuzg
UC3IBbOXH2wgRWZ363yqvs_w,@ぴか17-pfsn,0,新規(1ヶ月未満),New member,,ネッシー,新規加入,,6,645,0,2026-09-29 21:00,2026-10-10 15:02,○,,https://www.youtube.com/channel/UC3IBbOXH2wgRWZ363yqvs_w
UCNVFlYehMVkbFreuPWxafJg,@ここあ_u.u,0,新規(1ヶ月未満),New member,,不明,,,4,5,0,2026-09-21 21:01,2026-09-29 21:00,,,https://www.youtube.com/channel/UCNVFlYehMVkbFreuPWxafJg
UCw98WnEKU2bhh_zNFzSJ6zQ,@tukino__rip5504,0,新規(1ヶ月未満),New member,,不明,,,3,3,0,2026-09-16 21:04,2026-10-03 23:01,,,https://www.youtube.com/channel/UCw98WnEKU2bhh_zNFzSJ6zQ
UCNf2QVWWgrMh6WN3jVbWrdA,@あかいねこ-777,0,新規(1ヶ月未満),New member,,ネッシー,新規加入（2026-09-10）,,2,4,0,2026-09-11 22:00,2026-09-12 17:00,,,https://www.youtube.com/channel/UCNf2QVWWgrMh6WN3jVbWrdA
UCB7DVYRJlyvduqfSqQDVd4w,@ぴーちゃpigu_00,0,新規(1ヶ月未満),New member,,不明,,,2,13,0,2026-09-11 22:00,2026-09-16 21:04,,,https://www.youtube.com/channel/UCB7DVYRJlyvduqfSqQDVd4w
UC8OXOxhIjt9AOG_aTKI16qQ,@ゆちここ,0,新規(1ヶ月未満),New member,,不明,,,2,7,0,2026-09-11 22:00,2026-09-29 21:00,,,https://www.youtube.com/channel/UC8OXOxhIjt9AOG_aTKI16qQ
UContd5FUY_a7VdGfVUYhkhQ,@HagiHagi-l4o,0,新規(1ヶ月未満),New member,,不明,,,2,21,0,2026-09-12 17:00,2026-09-16 21:04,,,https://www.youtube.com/channel/UContd5FUY_a7VdGfVUYhkhQ
UC4wtje5bWGuWP1MJe1CcZmg,@さばねこ-38neko,0,新規(1ヶ月未満),New member,,不明,,,2,4,0,2026-09-16 21:04,2026-09-19 13:01,,,https://www.youtube.com/channel/UC4wtje5bWGuWP1MJe1CcZmg
UCcqPRroCrALAR-dcBSPu2Nw,@Bung_eo_bbang,0,新規(1ヶ月未満),New member,,不明,,,2,4,0,2026-09-16 21:04,2026-10-03 23:01,,,https://www.youtube.com/channel/UCcqPRroCrALAR-dcBSPu2Nw
UCPi3ZYxss9xp5EZYHS_F9nw,@jinri-0831,0,新規(1ヶ月未満),New member,,不明,,,2,2,0,2026-10-03 23:01,2026-10-04 22:02,,,https://www.youtube.com/channel/UCPi3ZYxss9xp5EZYHS_F9nw
UCgsK_llyEM_x-GP-OYdSeCw,@Nana-oq5tz,0,新規(1ヶ月未満),New member,,不明,,,2,2,0,2026-10-04 22:02,2026-10-05 20:00,,,https://www.youtube.com/channel/UCgsK_llyEM_x-GP-OYdSeCw
UCcb2F6aGs2InNnp-oYT5FJQ,@Rainaaaa_111,0,新規(1ヶ月未満),New member,,不明,,,1,1,0,2026-09-11 22:00,2026-09-11 22:00,,,https://www.youtube.com/channel/UCcb2F6aGs2InNnp-oYT5FJQ
UCsOUkmRJJlL0T1ZS__BeVng,@lv_akr4334,0,新規(1ヶ月未満),New member,,不明,,,1,5,0,2026-09-11 22:00,2026-09-11 22:00,,,https://www.youtube.com/channel/UCsOUkmRJJlL0T1ZS__BeVng
UCAUwONYjwRA9Yy46cUNgCUw,@Souk-x7h,0,新規(1ヶ月未満),New member,,不明,,,1,1,0,2026-09-11 22:00,2026-09-11 22:00,,,https://www.youtube.com/channel/UCAUwONYjwRA9Yy46cUNgCUw
UCpp2JeXtLfh4HMvNrPLPcQw,@A_NuNchan,0,新規(1ヶ月未満),New member,,不明,,,1,7,0,2026-09-12 17:00,2026-09-12 17:00,,,https://www.youtube.com/channel/UCpp2JeXtLfh4HMvNrPLPcQw
UC_rq5MQa1YCDGuss8o2qwcA,@socret_socret,0,新規(1ヶ月未満),New member,,不明,,,1,1,0,2026-09-12 17:00,2026-09-12 17:00,,,https://www.youtube.com/channel/UC_rq5MQa1YCDGuss8o2qwcA
UCTJ8Q2ORFuoVhqMFinSoX8w,@Nyan0oo_o,0,新規(1ヶ月未満),New member,,ネッシー,新規加入,,1,7,0,2026-09-16 21:04,2026-09-16 21:04,○,,https://www.youtube.com/channel/UCTJ8Q2ORFuoVhqMFinSoX8w
UCtlJjLghTUIGGkRWi-gqzsQ,@あんにゃ2nd,0,新規(1ヶ月未満),New member,,不明,,,1,3,0,2026-09-16 21:04,2026-09-16 21:04,,,https://www.youtube.com/channel/UCtlJjLghTUIGGkRWi-gqzsQ
UCzaez85w4GY7SCvnZ409lgQ,@いろはに-c7t,0,新規(1ヶ月未満),New member,,不明,,,1,4,0,2026-09-16 21:04,2026-09-16 21:04,,,https://www.youtube.com/channel/UCzaez85w4GY7SCvnZ409lgQ
UCShBTWkHO6e9cW98nbIbdcw,@シンchan,0,新規(1ヶ月未満),New member,,不明,,,1,1,0,2026-09-19 13:01,2026-09-19 13:01,,,https://www.youtube.com/channel/UCShBTWkHO6e9cW98nbIbdcw
UCunrfDDRmQd2BRCQwFW2qZg,@りぴちゃんtasu,0,新規(1ヶ月未満),New member,,不明,,,1,1,0,2026-09-21 21:01,2026-09-21 21:01,,,https://www.youtube.com/channel/UCunrfDDRmQd2BRCQwFW2qZg
UCsCU0sur5d2DahMgAufGzaQ,@THUTHU-q9l,0,新規(1ヶ月未満),New member,,不明,,,1,1,0,2026-09-22 13:47,2026-09-22 13:47,,,https://www.youtube.com/channel/UCsCU0sur5d2DahMgAufGzaQ
UCGXbyqUQH6Ymr7FNKkUD4sw,@しん-xxx10ri,0,新規(1ヶ月未満),New member,,ネッシー,新規加入,,1,0,0,2026-09-22 13:47,2026-09-22 13:47,○,,https://www.youtube.com/channel/UCGXbyqUQH6Ymr7FNKkUD4sw
UCQfy5SC6Dtkk3lg0-QlBogw,@marori-hl8ob,0,新規(1ヶ月未満),New member,,不明,,,1,1,0,2026-09-29 21:00,2026-09-29 21:00,,,https://www.youtube.com/channel/UCQfy5SC6Dtkk3lg0-QlBogw
UCrRLkjFnVOgQ0v6p_Qq7xoQ,@snowcolorcats,0,新規(1ヶ月未満),New member,,不明,,,1,3,0,2026-10-03 23:01,2026-10-03 23:01,,,https://www.youtube.com/channel/UCrRLkjFnVOgQ0v6p_Qq7xoQ
UCgPoPY_fJb5-kXVprpReROg,@つぃん-211,0,新規(1ヶ月未満),New member,,不明,,,1,2,0,2026-10-03 23:01,2026-10-03 23:01,,,https://www.youtube.com/channel/UCgPoPY_fJb5-kXVprpReROg
UC-SJHOFyZSHfI4oowCNB54g,@遥_0820,0,新規(1ヶ月未満),New member,,ネッシー,新規加入,,1,0,0,2026-10-03 23:01,2026-10-03 23:01,○,,https://www.youtube.com/channel/UC-SJHOFyZSHfI4oowCNB54g
UC4AtOyfGG29Mu1gfLMqacNg,@kohakusandayo,0,新規(1ヶ月未満),New member,,不明,,,1,1,0,2026-10-04 22:02,2026-10-04 22:02,,,https://www.youtube.com/channel/UC4AtOyfGG29Mu1gfLMqacNg
UCcPsvnRU41P09WT5SLEiG6Q,@ティラノ-b8h,0,新規(1ヶ月未満),,,ネッシー,ギフト,ギフトで加入,1,0,0,2026-10-04 22:02,2026-10-04 22:02,○,○,https://www.youtube.com/channel/UCcPsvnRU41P09WT5SLEiG6Q
UCDysFwqOtS_NW7g9x_giNjQ,@まゆたろう-d4w,0,新規(1ヶ月未満),,,ネッシー,ギフト,ギフトで加入,1,0,0,2026-10-04 22:02,2026-10-04 22:02,○,○,https://www.youtube.com/channel/UCDysFwqOtS_NW7g9x_giNjQ
UC9J9UgLL65aIF2ekixKpcUQ,@sehne4850,0,新規(1ヶ月未満),,,ネッシー,ギフト,ギフトで加入,1,0,0,2026-10-04 22:02,2026-10-04 22:02,○,○,https://www.youtube.com/channel/UC9J9UgLL65aIF2ekixKpcUQ
UC3mpziITeBUroS8VKxfv6iQ,@Mireine,0,新規(1ヶ月未満),,,ネッシー,ギフト,ギフトで加入,1,0,0,2026-10-04 22:02,2026-10-04 22:02,○,○,https://www.youtube.com/channel/UC3mpziITeBUroS8VKxfv6iQ
UCe0AsqljkLaudA1ADxsjEkQ,@さくちゃん3,0,新規(1ヶ月未満),,,ネッシー,ギフト,ギフトで加入,1,0,0,2026-10-04 22:02,2026-10-04 22:02,○,○,https://www.youtube.com/channel/UCe0AsqljkLaudA1ADxsjEkQ
UCG_FrZoh08S3NRW6ASN17xQ,@kna-7t,0,新規(1ヶ月未満),,,ネッシー,ギフト,ギフトで加入,1,0,0,2026-10-04 22:02,2026-10-04 22:02,○,○,https://www.youtube.com/channel/UCG_FrZoh08S3NRW6ASN17xQ
UCarxjeG1GFqxHVUwTJp3_Yw,@dhn4jlldssa,0,新規(1ヶ月未満),,,ネッシー,ギフト,ギフトで加入,1,0,0,2026-10-04 22:02,2026-10-04 22:02,○,○,https://www.youtube.com/channel/UCarxjeG1GFqxHVUwTJp3_Yw
UC3XexV6ktIRXcQomjJRnhaw,@aihana3670,0,新規(1ヶ月未満),,,ネッシー,ギフト,ギフトで加入,1,0,0,2026-10-04 22:02,2026-10-04 22:02,○,○,https://www.youtube.com/channel/UC3XexV6ktIRXcQomjJRnhaw
UCg5tCoEtB7WXEoOZjfo5rOA,@user-vc3li9yk8u,0,新規(1ヶ月未満),,,ネッシー,ギフト,ギフトで加入,1,0,0,2026-10-04 22:02,2026-10-04 22:02,○,○,https://www.youtube.com/channel/UCg5tCoEtB7WXEoOZjfo5rOA
UCu7rkOfbKFwUOt8sQGFZFHA,@pyons_chan,0,新規(1ヶ月未満),,,ネッシー,ギフト,ギフトで加入,1,0,0,2026-10-04 22:02,2026-10-04 22:02,○,○,https://www.youtube.com/channel/UCu7rkOfbKFwUOt8sQGFZFHA
UCMB_DJEhR0hjDYv_X9Y56RQ,@yokuneru777,0,新規(1ヶ月未満),,,ネッシー,ギフト,ギフトで加入,1,0,0,2026-10-04 22:02,2026-10-04 22:02,○,○,https://www.youtube.com/channel/UCMB_DJEhR0hjDYv_X9Y56RQ
UC6RKkZPZ262KCNjOw7FIz7Q,@えびふらい-h6m,0,新規(1ヶ月未満),,,ネッシー,ギフト,ギフトで加入,1,0,0,2026-10-04 22:02,2026-10-04 22:02,○,○,https://www.youtube.com/channel/UC6RKkZPZ262KCNjOw7FIz7Q
UCunqKR7w4LCYX5WKoiEiXvg,@Q太郎-v8m,0,新規(1ヶ月未満),,,ネッシー,ギフト,ギフトで加入,1,0,0,2026-10-04 22:02,2026-10-04 22:02,○,○,https://www.youtube.com/channel/UCunqKR7w4LCYX5WKoiEiXvg
UCnYr3ONPJZhxKK3vuxXVr1w,@wa_wa_gaming4525,0,新規(1ヶ月未満),,,ネッシー,ギフト,ギフトで加入,1,0,0,2026-10-04 22:02,2026-10-04 22:02,○,○,https://www.youtube.com/channel/UCnYr3ONPJZhxKK3vuxXVr1w
UCwiC9Iqo_OihsLmp9ujI9Uw,@ゆぎょん3,0,新規(1ヶ月未満),,,ネッシー,ギフト,ギフトで加入,1,0,0,2026-10-04 22:02,2026-10-04 22:02,○,○,https://www.youtube.com/channel/UCwiC9Iqo_OihsLmp9ujI9Uw
UCCcrn_xrHrvwuF1nbnNN21A,@田中-b5i,0,新規(1ヶ月未満),,,ネッシー,ギフト,ギフトで加入,1,0,0,2026-10-04 22:02,2026-10-04 22:02,○,○,https://www.youtube.com/channel/UCCcrn_xrHrvwuF1nbnNN21A
UCy5pMJbtCVUwr_WPq_YGA_A,@ちろる_u__u,0,新規(1ヶ月未満),,,ネッシー,ギフト,ギフトで加入,1,0,0,2026-10-04 22:02,2026-10-04 22:02,○,○,https://www.youtube.com/channel/UCy5pMJbtCVUwr_WPq_YGA_A
UCGfiwuJfy3bMNj_GsfiTz6Q,@ぱんぽろぴー_p,0,新規(1ヶ月未満),,,ネッシー,ギフト,ギフトで加入,1,0,0,2026-10-04 22:02,2026-10-04 22:02,○,○,https://www.youtube.com/channel/UCGfiwuJfy3bMNj_GsfiTz6Q
UCJkJ9EVdYZhKLC0mdm9yA_g,@きか-c6l,0,新規(1ヶ月未満),,,ネッシー,ギフト,ギフトで加入,1,0,0,2026-10-04 22:02,2026-10-04 22:02,○,○,https://www.youtube.com/channel/UCJkJ9EVdYZhKLC0mdm9yA_g
UCCHdz9yZijhO_86mhqRo1CA,@百々瀬369,0,新規(1ヶ月未満),,,ネッシー,ギフト,ギフトで加入,1,0,0,2026-10-04 22:02,2026-10-04 22:02,○,○,https://www.youtube.com/channel/UCCHdz9yZijhO_86mhqRo1CA
UCmkN_Hg7fSOFau2eJXGS54A,@mwrld-j9p,0,新規(1ヶ月未満),New member,,ネッシー,新規加入,,1,0,0,2026-10-10 15:02,2026-10-10 15:02,○,,https://www.youtube.com/channel/UCmkN_Hg7fSOFau2eJXGS54A
UCRxRmPj7HpKs2IdQAYX2zQg,@saaameee-chan,0,新規(1ヶ月未満),,,ネッシー,ギフト,ギフトで加入,1,0,0,2026-10-10 15:02,2026-10-10 15:02,○,○,https://www.youtube.com/channel/UCRxRmPj7HpKs2IdQAYX2zQg
UCp9zYdHm9lRfEYwk1400nOg,@EXQiU,0,新規(1ヶ月未満),,,ネッシー,ギフト,ギフトで加入,1,0,0,2026-10-10 15:02,2026-10-10 15:02,○,○,https://www.youtube.com/channel/UCp9zYdHm9lRfEYwk1400nOg
UC6w2ewElPfP5nr8XfUHGXnQ,@T-_4_4,0,新規(1ヶ月未満),,,ネッシー,ギフト,ギフトで加入,1,0,0,2026-10-10 15:02,2026-10-10 15:02,○,○,https://www.youtube.com/channel/UC6w2ewElPfP5nr8XfUHGXnQ
UCQEJ8PyyxhMkBZjWxyU0czg,@srえすあーる,0,新規(1ヶ月未満),,,ネッシー,ギフト,ギフトで加入,1,0,0,2026-10-10 15:02,2026-10-10 15:02,○,○,https://www.youtube.com/channel/UCQEJ8PyyxhMkBZjWxyU0czg
UCMsAk_dPGuwur6aNWZEHVQA,@inuいぬいぬ,0,新規(1ヶ月未満),,,ネッシー,ギフト,ギフトで加入,1,0,0,2026-10-10 15:02,2026-10-10 15:02,○,○,https://www.youtube.com/channel/UCMsAk_dPGuwur6aNWZEHVQA
UCLoo075C4PxksqPew3ODtUw,@Rokawinter-ろかうぃんたー,0,新規(1ヶ月未満),,,ネッシー,ギフト,ギフトで加入,1,0,0,2026-10-10 15:02,2026-10-10 15:02,○,○,https://www.youtube.com/channel/UCLoo075C4PxksqPew3ODtUw
UCl0sKroUkXchYVewneCl5eg,@ぬるま湯-z8m,0,新規(1ヶ月未満),,,ネッシー,ギフト,ギフトで加入,1,0,0,2026-10-10 15:02,2026-10-10 15:02,○,○,https://www.youtube.com/channel/UCl0sKroUkXchYVewneCl5eg
UCoQOfQzMPPt15nnck6-latQ,@user-jk8ek7ft5m,0,新規(1ヶ月未満),,,ネッシー,ギフト,ギフトで加入,1,0,0,2026-10-10 15:02,2026-10-10 15:02,○,○,https://www.youtube.com/channel/UCoQOfQzMPPt15nnck6-latQ
UCSzcpw95IX8Ngnh0fwKcGCw,@青柚cyan33,0,新規(1ヶ月未満),,,ネッシー,ギフト,ギフトで加入,1,0,0,2026-10-10 15:02,2026-10-10 15:02,○,○,https://www.youtube.com/channel/UCSzcpw95IX8Ngnh0fwKcGCw
