channel_id,name,badge_months,badge,badge_tooltip,milestone_months,tier,tier_source,revenue_note,streams_seen,messages,superchats,first_seen,last_seen,joined_in_period,gift_received,url
UChDXGJGZeFCIv7XlwU-52Qg,@ソーマ-n6q,24,2年,Member (2 years),,不明,,,17,2378,3,2026-09-08 22:31,2026-10-05 22:30,,,https://www.youtube.com/channel/UChDXGJGZeFCIv7XlwU-52Qg
UCXaLDhFjRgOgk_OukndGtkg,@浦風しおん,24,2年,Member (2 years),,不明,,,17,1301,8,2026-09-08 22:31,2026-10-05 22:30,,,https://www.youtube.com/channel/UCXaLDhFjRgOgk_OukndGtkg
UCeo_KfzW8dZnRRFkEqvkXqA,@o_oもものすけ,24,2年,Member (2 years),,不明,,,17,1352,0,2026-09-08 22:31,2026-10-05 22:30,,,https://www.youtube.com/channel/UCeo_KfzW8dZnRRFkEqvkXqA
UCDLrkm3USxCnIQ4bVlu6e8w,@user-wx1,24,2年,Member (2 years),,不明,,,17,2141,1,2026-09-08 22:31,2026-10-05 22:30,,,https://www.youtube.com/channel/UCDLrkm3USxCnIQ4bVlu6e8w
UCqGBHzvHHYNiMD90_DALHaA,@姫乃-hmn,24,2年,Member (2 years),,不明,,,17,218,0,2026-09-08 22:31,2026-10-05 22:30,,,https://www.youtube.com/channel/UCqGBHzvHHYNiMD90_DALHaA
UCsfJtHj6w-zxHX-MykkvyNg,@やねうらのゆきうさぎ,24,2年,Member (2 years),,不明,,,17,264,6,2026-09-08 22:31,2026-10-05 22:30,,,https://www.youtube.com/channel/UCsfJtHj6w-zxHX-MykkvyNg
UC4vHYoLstv_O4lAl-TYwNnQ,@もちもちのけがに,24,2年,Member (2 years),,不明,,,17,1541,7,2026-09-08 22:31,2026-10-05 22:30,,,https://www.youtube.com/channel/UC4vHYoLstv_O4lAl-TYwNnQ
UCprkE6I5gPxbfkw3oTzcD6g,@噛付柴わんこ,24,2年,Member (2 years),,不明,,,17,742,1,2026-09-08 22:31,2026-10-05 22:30,,,https://www.youtube.com/channel/UCprkE6I5gPxbfkw3oTzcD6g
UChC6W791uj8ReIZ8n4LLu5w,@しゃけが大好きしのぶ,24,2年,Member (2 years),,不明,,,17,179,6,2026-09-08 22:31,2026-10-05 22:30,,,https://www.youtube.com/channel/UChC6W791uj8ReIZ8n4LLu5w
UCtqFbkqMgbEhTMZ7bz0k4Gw,@miyu____2434,24,2年,Member (2 years),,不明,,,17,1363,0,2026-09-08 22:31,2026-10-05 22:30,,,https://www.youtube.com/channel/UCtqFbkqMgbEhTMZ7bz0k4Gw
UCTxooNa5ExwuvaYbgsvrXsA,@chabudie,24,2年,Member (2 years),,不明,,,17,2727,10,2026-09-08 22:31,2026-10-05 22:30,,,https://www.youtube.com/channel/UCTxooNa5ExwuvaYbgsvrXsA
UC35meJHCPX7cjni3dszCSyg,@美味しいお肉のパスタ,24,2年,Member (2 years),,不明,,,17,91,0,2026-09-08 22:31,2026-10-05 22:30,,,https://www.youtube.com/channel/UC35meJHCPX7cjni3dszCSyg
UCTH7sM9y5_gzAiFodZApyHQ,@ソーダ-t1s,24,2年,Member (2 years),,不明,,,17,1244,0,2026-09-08 22:31,2026-10-05 22:30,,,https://www.youtube.com/channel/UCTH7sM9y5_gzAiFodZApyHQ
UC542pYl7YS_Sx7FxGF_Db5A,@長船あゆ.osafune_ayu,24,2年,Member (2 years),,不明,,,17,491,0,2026-09-08 22:31,2026-10-05 22:30,,,https://www.youtube.com/channel/UC542pYl7YS_Sx7FxGF_Db5A
UCXnzS4ti1QIFEK9ildHmmTw,@クユルギシグマ,24,2年,Member (2 years),,不明,,,17,1782,2,2026-09-08 22:31,2026-10-05 22:30,,,https://www.youtube.com/channel/UCXnzS4ti1QIFEK9ildHmmTw
UCz0mZceO82j1xPfDawH5UBA,@いなろく_03,24,2年,Member (2 years),,不明,,,17,247,0,2026-09-08 22:31,2026-10-05 22:30,,,https://www.youtube.com/channel/UCz0mZceO82j1xPfDawH5UBA
UCaHGGF9mXqKak7YPte8cZRg,@有明桜,24,2年,Member (2 years),,不明,,,17,1797,0,2026-09-08 22:31,2026-10-05 22:30,,,https://www.youtube.com/channel/UCaHGGF9mXqKak7YPte8cZRg
UCiKpjOf-LUg6xYde_xh-B1Q,@ふみはる-hmhr,24,2年,Member (2 years),,不明,,,17,922,0,2026-09-08 22:31,2026-10-05 22:30,,,https://www.youtube.com/channel/UCiKpjOf-LUg6xYde_xh-B1Q
UC_OV7_xy34h90v_XSazkqVw,@なんこ412,24,2年,Member (2 years),,不明,,,17,1398,1,2026-09-08 22:31,2026-10-05 22:30,,,https://www.youtube.com/channel/UC_OV7_xy34h90v_XSazkqVw
UCnj-aqxompwLTMBdrGlwCNw,@quamarin_A,24,2年,Member (2 years),,不明,,,17,91,0,2026-09-08 22:31,2026-10-05 22:30,,,https://www.youtube.com/channel/UCnj-aqxompwLTMBdrGlwCNw
UCX5bio_WSbMooML7RfArNaQ,@咲夜希依-さくやきい,24,2年,Member (2 years),,不明,,,17,935,0,2026-09-08 22:31,2026-10-05 22:30,,,https://www.youtube.com/channel/UCX5bio_WSbMooML7RfArNaQ
UC8xWxiYtXIVW7_hOHcdtccQ,@kirino-V,24,2年,Member (2 years),,不明,,,17,1230,0,2026-09-08 22:31,2026-10-05 22:30,,,https://www.youtube.com/channel/UC8xWxiYtXIVW7_hOHcdtccQ
UClntq7MMcAzIhuXGpUWuG2g,@にゃーにゃー-h1v,24,2年,Member (2 years),,不明,,,17,322,1,2026-09-08 22:31,2026-10-05 22:30,,,https://www.youtube.com/channel/UClntq7MMcAzIhuXGpUWuG2g
UCMWqsf3icQfy5CiunBchsJA,@かりん-g9g,24,2年,Member (2 years),,不明,,,17,1249,4,2026-09-08 22:31,2026-10-05 22:30,,,https://www.youtube.com/channel/UCMWqsf3icQfy5CiunBchsJA
UC05kIXP9cU-lyyTKd4ST86w,@ぼたん-f9q,24,2年,Member (2 years),,不明,,,17,175,0,2026-09-08 22:31,2026-10-05 22:30,,,https://www.youtube.com/channel/UC05kIXP9cU-lyyTKd4ST86w
UCCy-1aOHFXWlvD1detEyiCQ,@なつき0115,24,2年,Member (2 years),,不明,,,16,386,0,2026-09-08 22:31,2026-10-05 22:30,,,https://www.youtube.com/channel/UCCy-1aOHFXWlvD1detEyiCQ
UCdJEPC-BsyjAIY89mgD9tnw,@ゆーきゃん_o,24,2年,Member (2 years),,不明,,,16,1296,0,2026-09-08 22:31,2026-10-05 22:30,,,https://www.youtube.com/channel/UCdJEPC-BsyjAIY89mgD9tnw
UCK3W5yeiQbM1xhbXIq9Cvww,@Yuki_Keep,24,2年,Member (2 years),,不明,,,16,79,0,2026-09-08 22:31,2026-10-05 22:30,,,https://www.youtube.com/channel/UCK3W5yeiQbM1xhbXIq9Cvww
UCCzIroQXYBmC7CqUiN9ArAA,@tunakan398,24,2年,Member (2 years),,不明,,,16,1150,0,2026-09-08 22:31,2026-10-05 22:30,,,https://www.youtube.com/channel/UCCzIroQXYBmC7CqUiN9ArAA
UCzIgT_KEXnwXcLgRXk_XF7A,@アウロラ-j8q,24,2年,Member (2 years),,不明,,,16,116,0,2026-09-08 22:31,2026-10-04 22:30,,,https://www.youtube.com/channel/UCzIgT_KEXnwXcLgRXk_XF7A
UC4V5s6qlA9O-p9_l5jAtL_A,@しいたけ-k1v,24,2年,Member (2 years),,不明,,,16,1654,0,2026-09-08 22:31,2026-10-05 22:30,,,https://www.youtube.com/channel/UC4V5s6qlA9O-p9_l5jAtL_A
UCk998tfjuB4wTTrL-7bUFcg,@檸檬サワー-user,24,2年,Member (2 years),,不明,,,16,825,0,2026-09-08 22:31,2026-10-05 22:30,,,https://www.youtube.com/channel/UCk998tfjuB4wTTrL-7bUFcg
UCCmksIY8FbbGKIPbnud0lGw,@しもやけ-c4w,24,2年,Member (2 years),,不明,,,16,482,0,2026-09-08 22:31,2026-10-05 22:30,,,https://www.youtube.com/channel/UCCmksIY8FbbGKIPbnud0lGw
UCmnA66NBYboSWmEBbui_s7A,@島柄長-w6d,24,2年,Member (2 years),,不明,,,16,31,0,2026-09-08 22:31,2026-10-05 22:30,,,https://www.youtube.com/channel/UCmnA66NBYboSWmEBbui_s7A
UCcKOPI5t_MFpnEfhcpbRmGQ,@トラネキ_虎姉貴,24,2年,Member (2 years),,不明,,,16,1480,0,2026-09-08 22:31,2026-10-05 22:30,,,https://www.youtube.com/channel/UCcKOPI5t_MFpnEfhcpbRmGQ
UCVxs_wrllXzBX_uSpQof1VQ,@のんたん-n,24,2年,Member (2 years),,不明,,,16,450,1,2026-09-08 22:31,2026-10-05 22:30,,,https://www.youtube.com/channel/UCVxs_wrllXzBX_uSpQof1VQ
UCF3_sPmR-F9kQU2bFTkDhZg,@るう-ume,24,2年,Member (2 years),,不明,,,16,325,0,2026-09-08 22:31,2026-10-05 22:30,,,https://www.youtube.com/channel/UCF3_sPmR-F9kQU2bFTkDhZg
UC8xhCBYp2UEV2RqH-n9dTDQ,@翔-p8q8q,24,2年,Member (2 years),,不明,,,16,225,0,2026-09-08 22:31,2026-10-05 22:30,,,https://www.youtube.com/channel/UC8xhCBYp2UEV2RqH-n9dTDQ
UCGJBJ-F05Bbsh0sco0aA2RA,@らぴす_4k,24,2年,Member (2 years),,不明,,,16,1322,0,2026-09-08 22:31,2026-10-05 22:30,,,https://www.youtube.com/channel/UCGJBJ-F05Bbsh0sco0aA2RA
UCD5DkckJaBdSjqVQ1FjTjlw,@ななしの蜜柑,24,2年,Member (2 years),,不明,,,16,1980,0,2026-09-08 22:31,2026-10-05 22:30,,,https://www.youtube.com/channel/UCD5DkckJaBdSjqVQ1FjTjlw
UCP6-NmsZ0ROhygfzfA4kemw,@misato4205,24,2年,Member (2 years),,不明,,,16,165,0,2026-09-08 22:31,2026-10-05 22:30,,,https://www.youtube.com/channel/UCP6-NmsZ0ROhygfzfA4kemw
UCNPBs76fPJTz982uwInO-uw,@猫まみれの林,24,2年,Member (2 years),,不明,,,16,52,0,2026-09-08 22:31,2026-10-05 22:30,,,https://www.youtube.com/channel/UCNPBs76fPJTz982uwInO-uw
UCXatv04z4Jul7aEwZk-9x-g,@chamomileflavor-fs7vh,24,2年,Member (2 years),,不明,,,16,371,0,2026-09-08 22:31,2026-10-05 22:30,,,https://www.youtube.com/channel/UCXatv04z4Jul7aEwZk-9x-g
UCtcaU00CgJOeogM3IXqppnA,@にょろにょろぷりん,24,2年,Member (2 years),,不明,,,16,481,0,2026-09-08 22:31,2026-10-05 22:30,,,https://www.youtube.com/channel/UCtcaU00CgJOeogM3IXqppnA
UCkkGHOytAI7cD_mwfaqrnkw,@水瀬-mns,24,2年,Member (2 years),,不明,,,16,53,1,2026-09-08 22:31,2026-10-05 22:30,,,https://www.youtube.com/channel/UCkkGHOytAI7cD_mwfaqrnkw
UCLHU0X7_qMgdDY2JI6S8_8g,@榧子-kayako,24,2年,Member (2 years),,不明,,,16,934,3,2026-09-08 22:31,2026-10-05 22:30,,,https://www.youtube.com/channel/UCLHU0X7_qMgdDY2JI6S8_8g
UCGQEn2QOJUJEtKNN9TLNheQ,@このみあき,24,2年,Member (2 years),,不明,,,16,124,0,2026-09-08 22:31,2026-10-05 22:30,,,https://www.youtube.com/channel/UCGQEn2QOJUJEtKNN9TLNheQ
UCwmyJe9kHltDq-joFbq2a8A,@うさた-usata,24,2年,Member (2 years),,不明,,,16,89,0,2026-09-08 22:31,2026-10-05 22:30,,,https://www.youtube.com/channel/UCwmyJe9kHltDq-joFbq2a8A
UC2NcqhptTEHIzkfrpN_0Yyg,@夜光ドロップス,24,2年,Member (2 years),,不明,,,16,110,1,2026-09-08 22:31,2026-10-05 22:30,,,https://www.youtube.com/channel/UC2NcqhptTEHIzkfrpN_0Yyg
UCSrqezv2LpXc1cP1fR8E4Zw,@バルケッタ02,24,2年,Member (2 years),,不明,,,16,766,3,2026-09-08 22:31,2026-10-05 22:30,,,https://www.youtube.com/channel/UCSrqezv2LpXc1cP1fR8E4Zw
UC9_i3DKsVtmJHo-PJS93vXw,@そらの-g7r5d,24,2年,Member (2 years),,不明,,,16,79,1,2026-09-08 22:31,2026-10-05 22:30,,,https://www.youtube.com/channel/UC9_i3DKsVtmJHo-PJS93vXw
UCoAg6F7_cMGBWEhV9-ma5dA,@ういろう_ur,24,2年,Member (2 years),,不明,,,16,512,0,2026-09-08 22:31,2026-10-05 22:30,,,https://www.youtube.com/channel/UCoAg6F7_cMGBWEhV9-ma5dA
UCReFNwJqNY5sENPmuHU6iwQ,@00_runya_00,24,2年,Member (2 years),,不明,,,16,219,2,2026-09-08 22:31,2026-10-05 22:30,,,https://www.youtube.com/channel/UCReFNwJqNY5sENPmuHU6iwQ
UCxfFw4Jbh2gBbqo_EY26-RQ,@かいとうex,24,2年,Member (2 years),,不明,,,16,1837,0,2026-09-08 22:31,2026-10-05 22:30,,,https://www.youtube.com/channel/UCxfFw4Jbh2gBbqo_EY26-RQ
UC_hneAhki2UGMNPxD0xBeSQ,@七星てる-7hoshi,24,2年,Member (2 years),,不明,,,16,543,0,2026-09-08 22:31,2026-10-05 22:30,,,https://www.youtube.com/channel/UC_hneAhki2UGMNPxD0xBeSQ
UCk-inum4yC6Bpe_tT0u54wg,@レグルス-c6e,24,2年,Member (2 years),,不明,,,16,1163,11,2026-09-08 22:31,2026-10-05 22:30,,,https://www.youtube.com/channel/UCk-inum4yC6Bpe_tT0u54wg
UCE-gjjmczN_gKZtgXePsmgw,@なあ-naa,24,2年,Member (2 years),,不明,,,16,2388,8,2026-09-08 22:31,2026-10-05 22:30,,,https://www.youtube.com/channel/UCE-gjjmczN_gKZtgXePsmgw
UCKnY5b3iwuXmpNNFpG7sTbg,@ふうこ-b5c,24,2年,Member (2 years),,不明,,,16,413,0,2026-09-08 22:31,2026-10-05 22:30,,,https://www.youtube.com/channel/UCKnY5b3iwuXmpNNFpG7sTbg
UCfakekQezP6o20ew5ClurTg,@蒼葉_アオバ,24,2年,Member (2 years),,不明,,,16,465,0,2026-09-08 22:31,2026-10-05 22:30,,,https://www.youtube.com/channel/UCfakekQezP6o20ew5ClurTg
UCrVTa6q3bXlbyEN_02Ttfdg,@れい-x6y7n,24,2年,Member (2 years),,不明,,,16,1774,0,2026-09-08 22:31,2026-10-05 22:30,,,https://www.youtube.com/channel/UCrVTa6q3bXlbyEN_02Ttfdg
UChHr8n4V7FgtsPnBrXgGovQ,@かえで蒼天,24,2年,Member (2 years),,不明,,,16,109,0,2026-09-08 22:31,2026-10-05 22:30,,,https://www.youtube.com/channel/UChHr8n4V7FgtsPnBrXgGovQ
UCWYtA_obMdeFBNV38HCiSew,@蕃茄畑,24,2年,Member (2 years),,不明,,,16,934,0,2026-09-08 22:31,2026-10-05 22:30,,,https://www.youtube.com/channel/UCWYtA_obMdeFBNV38HCiSew
UChdJitwVnluXaFmdXx0QATA,@夢みる寝枕,24,2年,Member (2 years),,不明,,,16,672,0,2026-09-08 22:31,2026-10-05 22:30,,,https://www.youtube.com/channel/UChdJitwVnluXaFmdXx0QATA
UCqMoG_oixt3GGCcxPRu5toQ,@げんきなマッチョ,24,2年,Member (2 years),,不明,,,16,337,0,2026-09-08 22:31,2026-10-05 22:30,,,https://www.youtube.com/channel/UCqMoG_oixt3GGCcxPRu5toQ
UCv9UUGj2h1hltxmfwSkqU2Q,@しおり-栞,24,2年,Member (2 years),,不明,,,16,473,3,2026-09-08 22:31,2026-10-05 22:30,,,https://www.youtube.com/channel/UCv9UUGj2h1hltxmfwSkqU2Q
UC5H4qbg6RNatyzicQPC7pPA,@N革ak0c,24,2年,Member (2 years),,不明,,,16,511,1,2026-09-08 22:31,2026-10-05 22:30,,,https://www.youtube.com/channel/UC5H4qbg6RNatyzicQPC7pPA
UCpW-WV9a-O8FgwjSzvWko6A,@0.8kg,24,2年,Member (2 years),,不明,,,16,255,2,2026-09-08 22:31,2026-10-05 22:30,,,https://www.youtube.com/channel/UCpW-WV9a-O8FgwjSzvWko6A
UCn_VL6YMnji2OmuA2dWapbw,@ヤスヤス-i8t,24,2年,Member (2 years),,不明,,,16,121,0,2026-09-08 22:31,2026-10-05 22:30,,,https://www.youtube.com/channel/UCn_VL6YMnji2OmuA2dWapbw
UC63GdDoUVqZ-ooVYmsj9mRw,@ななせくん,24,2年,Member (2 years),,不明,,,15,910,2,2026-09-08 22:31,2026-10-05 22:30,,,https://www.youtube.com/channel/UC63GdDoUVqZ-ooVYmsj9mRw
UCamsMa0QgwvF0uI6rbJ7T6A,@Y0.RU-よる,24,2年,Member (2 years),,不明,,,15,59,7,2026-09-08 22:31,2026-10-05 22:30,,,https://www.youtube.com/channel/UCamsMa0QgwvF0uI6rbJ7T6A
UC_TGfGkMS-4I1MDyBQkhQwg,@みなも_minamo06,24,2年,Member (2 years),,不明,,,15,528,1,2026-09-08 22:31,2026-10-05 22:30,,,https://www.youtube.com/channel/UC_TGfGkMS-4I1MDyBQkhQwg
UCsv1H-srHHmqn8ge-FGiiWA,@ゆーやおにーさん,24,2年,Member (2 years),,不明,,,15,4714,11,2026-09-08 22:31,2026-10-05 22:30,,,https://www.youtube.com/channel/UCsv1H-srHHmqn8ge-FGiiWA
UCImNZLeHZB-5S44-NpOX_Gg,@おたま-ladle,24,2年,Member (2 years),,不明,,,15,384,0,2026-09-08 22:31,2026-10-05 22:30,,,https://www.youtube.com/channel/UCImNZLeHZB-5S44-NpOX_Gg
UC-fwHB-MhHw9dcyajqMo3Bw,@海外の深海魚,24,2年,Member (2 years),,不明,,,15,407,0,2026-09-08 22:31,2026-10-05 22:30,,,https://www.youtube.com/channel/UC-fwHB-MhHw9dcyajqMo3Bw
UCrJ_HqOP-WJO81GaRMCroPw,@ありさん-w4e,24,2年,Member (2 years),,不明,,,15,1537,0,2026-09-08 22:31,2026-10-05 22:30,,,https://www.youtube.com/channel/UCrJ_HqOP-WJO81GaRMCroPw
UCS6db-M1qWy9tWiONxcyp1w,@柊月Syugetsu-yui,24,2年,Member (2 years),,不明,,,15,336,0,2026-09-08 22:31,2026-10-04 22:30,,,https://www.youtube.com/channel/UCS6db-M1qWy9tWiONxcyp1w
UCFUoU-9gVK4jfv8FIi3MAIA,@うめころりん,24,2年,Member (2 years),,不明,,,15,1499,1,2026-09-08 22:31,2026-10-05 22:30,,,https://www.youtube.com/channel/UCFUoU-9gVK4jfv8FIi3MAIA
UC95W8XI9fM02ayLnRmNdqVg,@shivainuそら,24,2年,Member (2 years),,不明,,,15,536,0,2026-09-08 22:31,2026-10-04 22:30,,,https://www.youtube.com/channel/UC95W8XI9fM02ayLnRmNdqVg
UCsuII_lE6HK9MzoR5VWL0Sg,@あやみぃ,24,2年,Member (2 years),,不明,,,15,226,0,2026-09-08 22:31,2026-10-05 22:30,,,https://www.youtube.com/channel/UCsuII_lE6HK9MzoR5VWL0Sg
UCWa2nQ28pVqEuukgjOncjdQ,@ゆり-626,24,2年,Member (2 years),,不明,,,15,190,4,2026-09-08 22:31,2026-10-05 22:30,,,https://www.youtube.com/channel/UCWa2nQ28pVqEuukgjOncjdQ
UCd8jHyHsFmyDKuxh6nG2QeA,@紅城,24,2年,Member (2 years),,不明,,,15,67,0,2026-09-08 22:31,2026-10-05 22:30,,,https://www.youtube.com/channel/UCd8jHyHsFmyDKuxh6nG2QeA
UC_JQ1RkjOD1wZLoG-QJJVWQ,@kelly3058,24,2年,Member (2 years),,不明,,,15,65,0,2026-09-08 22:31,2026-10-05 22:30,,,https://www.youtube.com/channel/UC_JQ1RkjOD1wZLoG-QJJVWQ
UCntx2IzCF8zYbRSo1q5-hFQ,@kaina15setu,24,2年,Member (2 years),,不明,,,15,751,0,2026-09-08 22:31,2026-10-05 22:30,,,https://www.youtube.com/channel/UCntx2IzCF8zYbRSo1q5-hFQ
UC0mlYFm5g8ldxohQ-TIvj2A,@レミゼア,24,2年,Member (2 years),,不明,,,15,152,2,2026-09-08 22:31,2026-10-05 22:30,,,https://www.youtube.com/channel/UC0mlYFm5g8ldxohQ-TIvj2A
UCjVyRoV_czdDqiiISdKxXlw,@CITYMACHO,24,2年,Member (2 years),,不明,,,15,350,2,2026-09-08 22:31,2026-10-05 22:30,,,https://www.youtube.com/channel/UCjVyRoV_czdDqiiISdKxXlw
UCZM-PrT98Ts15F8-BzN1YEQ,@ハムきち-e9s,24,2年,Member (2 years),,不明,,,15,46,0,2026-09-08 22:31,2026-10-05 22:30,,,https://www.youtube.com/channel/UCZM-PrT98Ts15F8-BzN1YEQ
UCS1qaamj3NKSBa5erK_imuA,@書架-x8g,24,2年,Member (2 years),,不明,,,15,597,0,2026-09-08 22:31,2026-10-05 22:30,,,https://www.youtube.com/channel/UCS1qaamj3NKSBa5erK_imuA
UCk_RucxvDEUKw5AXC0C4c9A,@おおちゃん-ohchan,24,2年,Member (2 years),,不明,,,15,123,0,2026-09-08 22:31,2026-10-05 22:30,,,https://www.youtube.com/channel/UCk_RucxvDEUKw5AXC0C4c9A
UCiT9HLsg9KBpicbqfzOQytA,@渚央美NAOMI,24,2年,Member (2 years),,不明,,,15,1751,0,2026-09-08 22:31,2026-10-05 22:30,,,https://www.youtube.com/channel/UCiT9HLsg9KBpicbqfzOQytA
UCn_tX92_uQNsrFSUiG4ayIA,@一般人EX,24,2年,Member (2 years),,不明,,,15,780,0,2026-09-08 22:31,2026-10-05 22:30,,,https://www.youtube.com/channel/UCn_tX92_uQNsrFSUiG4ayIA
UC-0chCJeqMNmzOjegxlgAgA,@加々知丁,24,2年,Member (2 years),,不明,,,15,42,0,2026-09-08 22:31,2026-10-05 22:30,,,https://www.youtube.com/channel/UC-0chCJeqMNmzOjegxlgAgA
UCk5gIY46MbY-HbIU8fx8H4g,@あきうさぎ-AKI,24,2年,Member (2 years),,不明,,,15,100,0,2026-09-08 22:31,2026-10-05 22:30,,,https://www.youtube.com/channel/UCk5gIY46MbY-HbIU8fx8H4g
UC8bHWfZzh_hmi8m_TQtSjzA,@LucidNoon,24,2年,Member (2 years),,不明,,,15,403,0,2026-09-08 22:31,2026-10-05 22:30,,,https://www.youtube.com/channel/UC8bHWfZzh_hmi8m_TQtSjzA
UC9MmgSSO1ZfJOb93HpftdpQ,@はなちゃんず_mark2,24,2年,Member (2 years),,不明,,,15,229,0,2026-09-08 22:31,2026-10-05 22:30,,,https://www.youtube.com/channel/UC9MmgSSO1ZfJOb93HpftdpQ
UCZ5x3ow8VI9oOyatdEQhhkQ,@emo5472,24,2年,Member (2 years),,不明,,,15,383,0,2026-09-08 22:31,2026-10-05 22:30,,,https://www.youtube.com/channel/UCZ5x3ow8VI9oOyatdEQhhkQ
UCfgUUsretnTQuM28dUiGdYQ,@菜月-i5e,24,2年,Member (2 years),,不明,,,15,476,0,2026-09-08 22:31,2026-10-05 22:30,,,https://www.youtube.com/channel/UCfgUUsretnTQuM28dUiGdYQ
UCmz3f3O60hzD0SRSnWzLDug,@tsuuno-0,24,2年,Member (2 years),,不明,,,15,216,0,2026-09-08 22:31,2026-10-05 22:30,,,https://www.youtube.com/channel/UCmz3f3O60hzD0SRSnWzLDug
UCHzMB7Jfof3sHwEESBxCU8g,@旭清助-seisukeasahi,24,2年,Member (2 years),,不明,,,15,542,0,2026-09-08 22:31,2026-10-05 22:30,,,https://www.youtube.com/channel/UCHzMB7Jfof3sHwEESBxCU8g
UCV_PNvEnGjPtPkEEE-UfVBg,@はち-t5j,24,2年,Member (2 years),,不明,,,15,260,0,2026-09-08 22:31,2026-10-05 22:30,,,https://www.youtube.com/channel/UCV_PNvEnGjPtPkEEE-UfVBg
UCf1Jt_5GKClyYvYdLx-ps2w,@ポイントアックプーポン,24,2年,Member (2 years),,不明,,,15,251,0,2026-09-08 22:31,2026-10-05 22:30,,,https://www.youtube.com/channel/UCf1Jt_5GKClyYvYdLx-ps2w
UCiHCVHwg7WiILVs6o3MTVug,@ゆきち-p4k,24,2年,Member (2 years),,不明,,,15,81,0,2026-09-08 22:31,2026-10-05 22:30,,,https://www.youtube.com/channel/UCiHCVHwg7WiILVs6o3MTVug
UCB-HqjUzStYP3oz8O3k16pA,@rei_8354,24,2年,Member (2 years),,不明,,,15,198,2,2026-09-08 22:31,2026-10-05 22:30,,,https://www.youtube.com/channel/UCB-HqjUzStYP3oz8O3k16pA
UCVtvEv8eENCz5SywapwcfrQ,@もっち-r4w,24,2年,Member (2 years),,不明,,,15,307,0,2026-09-08 22:31,2026-10-05 22:30,,,https://www.youtube.com/channel/UCVtvEv8eENCz5SywapwcfrQ
UCPwsVRe3-o2OMxoXKIDhOFA,@とぅるとぅる-i,24,2年,Member (2 years),,不明,,,15,225,0,2026-09-08 22:31,2026-10-05 22:30,,,https://www.youtube.com/channel/UCPwsVRe3-o2OMxoXKIDhOFA
UCYw2npvhuCVE6ofOrDwr3Bg,@Kaz-gy1pk,24,2年,Member (2 years),,不明,,,15,90,0,2026-09-08 22:31,2026-10-05 22:30,,,https://www.youtube.com/channel/UCYw2npvhuCVE6ofOrDwr3Bg
UCXQ_rZkdXGwLcffzHXNjQ-w,@sakeno_kawa,24,2年,Member (2 years),,不明,,,15,99,0,2026-09-08 22:31,2026-10-05 22:30,,,https://www.youtube.com/channel/UCXQ_rZkdXGwLcffzHXNjQ-w
UCt72u_Z_Hejnn3b4PbadVFg,@mina8746,24,2年,Member (2 years),,不明,,,15,202,0,2026-09-08 22:31,2026-10-04 22:30,,,https://www.youtube.com/channel/UCt72u_Z_Hejnn3b4PbadVFg
UC4ZFeOOjoefUXzzuLxrOspw,@榛ユラ,24,2年,Member (2 years),,不明,,,15,36,2,2026-09-08 22:31,2026-10-05 22:30,,,https://www.youtube.com/channel/UC4ZFeOOjoefUXzzuLxrOspw
UCY9gYuf-adV3tdkTbOfKqeQ,@かえだまおうどん,24,2年,Member (2 years),,不明,,,15,47,0,2026-09-10 22:00,2026-10-05 22:30,,,https://www.youtube.com/channel/UCY9gYuf-adV3tdkTbOfKqeQ
UCFTwGWFKVRd1BddZfO2ysUg,@えす-t8p,24,2年,Member (2 years),,不明,,,14,118,0,2026-09-08 22:31,2026-10-05 22:30,,,https://www.youtube.com/channel/UCFTwGWFKVRd1BddZfO2ysUg
UC47fPK8OJ2dEnrgwK1G4BaQ,@ななとせ-y5r,24,2年,Member (2 years),,不明,,,14,107,0,2026-09-08 22:31,2026-10-05 22:30,,,https://www.youtube.com/channel/UC47fPK8OJ2dEnrgwK1G4BaQ
UCt_T2Pz9lPE-VWD6oUEbygw,@Juuuune,24,2年,Member (2 years),,不明,,,14,63,0,2026-09-08 22:31,2026-10-05 22:30,,,https://www.youtube.com/channel/UCt_T2Pz9lPE-VWD6oUEbygw
UClMUGr1dSdZsgcZKgrUbpaw,@くれは-m7i,24,2年,Member (2 years),,不明,,,14,372,0,2026-09-08 22:31,2026-10-05 22:30,,,https://www.youtube.com/channel/UClMUGr1dSdZsgcZKgrUbpaw
UCLKFc5itrtxJMPPFRMD9gvA,@速水てふ,24,2年,Member (2 years),,不明,,,14,386,0,2026-09-08 22:31,2026-10-05 22:30,,,https://www.youtube.com/channel/UCLKFc5itrtxJMPPFRMD9gvA
UCDmsYyGfj2AyHt-3j9LHlJQ,@タタキ-w6e,24,2年,Member (2 years),,不明,,,14,765,1,2026-09-08 22:31,2026-10-05 22:30,,,https://www.youtube.com/channel/UCDmsYyGfj2AyHt-3j9LHlJQ
UClQT-6qMawrhof0LmE7fNyA,@和三盆島,24,2年,Member (2 years),,不明,,,14,666,0,2026-09-08 22:31,2026-10-05 22:30,,,https://www.youtube.com/channel/UClQT-6qMawrhof0LmE7fNyA
UC2f9XFIffOReGO_gOXxy8xQ,@ムイ-q2e,24,2年,Member (2 years),,不明,,,14,854,0,2026-09-08 22:31,2026-10-05 22:30,,,https://www.youtube.com/channel/UC2f9XFIffOReGO_gOXxy8xQ
UCjfp_LKWfKYNLESwYcsh-UA,@chaakosh,24,2年,Member (2 years),,不明,,,14,37,0,2026-09-08 22:31,2026-10-05 22:30,,,https://www.youtube.com/channel/UCjfp_LKWfKYNLESwYcsh-UA
UCuVLRMorbfz6E4C7vpk8D-Q,@cotofw,24,2年,Member (2 years),,不明,,,14,140,0,2026-09-08 22:31,2026-10-05 22:30,,,https://www.youtube.com/channel/UCuVLRMorbfz6E4C7vpk8D-Q
UCzncM0MAMN9hh-YbOYvKyXw,@にわとり-s2b,24,2年,Member (2 years),,不明,,,14,1013,1,2026-09-08 22:31,2026-10-04 22:30,,,https://www.youtube.com/channel/UCzncM0MAMN9hh-YbOYvKyXw
UCXO6F7EfB9PCtmjap_hTSCQ,@kohaku0908,24,2年,Member (2 years),,不明,,,14,227,0,2026-09-08 22:31,2026-10-04 22:30,,,https://www.youtube.com/channel/UCXO6F7EfB9PCtmjap_hTSCQ
UCu9DU0OAN-bsueghupMoJDw,@aoi-碧,24,2年,Member (2 years),,不明,,,14,35,0,2026-09-08 22:31,2026-10-05 22:30,,,https://www.youtube.com/channel/UCu9DU0OAN-bsueghupMoJDw
UCRajS_WfNbJ9Kily87XsMEg,@きたうらさとう,24,2年,Member (2 years),,不明,,,14,192,1,2026-09-08 22:31,2026-10-05 22:30,,,https://www.youtube.com/channel/UCRajS_WfNbJ9Kily87XsMEg
UCZYMDPn0EeVFjIfcoNm-e2g,@uni_ちゃん,24,2年,Member (2 years),,不明,,,14,159,0,2026-09-08 22:31,2026-10-05 22:30,,,https://www.youtube.com/channel/UCZYMDPn0EeVFjIfcoNm-e2g
UCK3aFSLpZQtP9b0-aHFigCA,@pei5504,24,2年,Member (2 years),,不明,,,14,27,0,2026-09-08 22:31,2026-10-05 22:30,,,https://www.youtube.com/channel/UCK3aFSLpZQtP9b0-aHFigCA
UCwS9wWyugUF_QhGkmbRleSg,@西岡舞子-e6t,24,2年,Member (2 years),,不明,,,14,239,0,2026-09-08 22:31,2026-10-05 22:30,,,https://www.youtube.com/channel/UCwS9wWyugUF_QhGkmbRleSg
UCzGTeYUUTnQ2HiDsfL9MREw,@ノスタル爺-z8c,24,2年,Member (2 years),,不明,,,14,1173,0,2026-09-08 22:31,2026-10-05 22:30,,,https://www.youtube.com/channel/UCzGTeYUUTnQ2HiDsfL9MREw
UCS0dDEMMnu2AjPLJNBtky5w,@GreenLeaf_ao,24,2年,Member (2 years),,不明,,,14,1676,0,2026-09-08 22:31,2026-10-05 22:30,,,https://www.youtube.com/channel/UCS0dDEMMnu2AjPLJNBtky5w
UC2S1F6ZlU8FVWaZaHwPGErg,@にゃむにゃむにゃんにゃんn,24,2年,Member (2 years),,不明,,,14,1063,1,2026-09-08 22:31,2026-10-04 22:30,,,https://www.youtube.com/channel/UC2S1F6ZlU8FVWaZaHwPGErg
UC6m8ipGNW-teYT4DBb1Hx5g,@わたの原-f1o,24,2年,Member (2 years),,不明,,,14,252,0,2026-09-08 22:31,2026-10-05 22:30,,,https://www.youtube.com/channel/UC6m8ipGNW-teYT4DBb1Hx5g
UCRm96ACM8o7qebMEGO14j3g,@たろすけ_k,24,2年,Member (2 years),,不明,,,14,696,6,2026-09-08 22:31,2026-10-05 22:30,,,https://www.youtube.com/channel/UCRm96ACM8o7qebMEGO14j3g
UCehI2VFus-O2VW7pH5lvf4A,@perilla_2359,24,2年,Member (2 years),,不明,,,14,151,0,2026-09-08 22:31,2026-10-05 22:30,,,https://www.youtube.com/channel/UCehI2VFus-O2VW7pH5lvf4A
UC7DDiL2YoCZtawz2U2UvZEQ,@ちえみ1001,24,2年,Member (2 years),,不明,,,14,44,1,2026-09-08 22:31,2026-10-05 22:30,,,https://www.youtube.com/channel/UC7DDiL2YoCZtawz2U2UvZEQ
UCuDwJEMYsgulaHPWX1rb0Fg,@miso_mori,24,2年,Member (2 years),,不明,,,14,316,0,2026-09-08 22:31,2026-10-05 22:30,,,https://www.youtube.com/channel/UCuDwJEMYsgulaHPWX1rb0Fg
UCsCCHPr68C5Z3gObFcLXUqg,@turquoise821,24,2年,Member (2 years),,不明,,,14,222,0,2026-09-08 22:31,2026-10-05 22:30,,,https://www.youtube.com/channel/UCsCCHPr68C5Z3gObFcLXUqg
UCF5IEs0Ijj2o4HbbltXGYJA,@ににに333,24,2年,Member (2 years),,不明,,,14,69,0,2026-09-08 22:31,2026-10-05 22:30,,,https://www.youtube.com/channel/UCF5IEs0Ijj2o4HbbltXGYJA
UCwfWi5BVWiaLW71mlZBzONw,@ササヤ-v6y,24,2年,Member (2 years),,不明,,,14,176,0,2026-09-08 22:31,2026-10-05 22:30,,,https://www.youtube.com/channel/UCwfWi5BVWiaLW71mlZBzONw
UCBZF4Hi9BchF_1sV7Dj6pJg,@りーやん-f9v,24,2年,Member (2 years),,不明,,,14,113,0,2026-09-08 22:31,2026-10-05 22:30,,,https://www.youtube.com/channel/UCBZF4Hi9BchF_1sV7Dj6pJg
UCedp_AFOPtcT7W2B6d0IOpw,@ムラサキ-v6s,24,2年,Member (2 years),,不明,,,14,165,0,2026-09-08 22:31,2026-10-05 22:30,,,https://www.youtube.com/channel/UCedp_AFOPtcT7W2B6d0IOpw
UCijqNKILsRsYXifQb--3gWQ,@うりぃ-u3t,24,2年,Member (2 years),,不明,,,14,316,0,2026-09-08 22:31,2026-10-05 22:30,,,https://www.youtube.com/channel/UCijqNKILsRsYXifQb--3gWQ
UC6xAezBuqAKI2YVvLmGfHsA,@雋畄,24,2年,Member (2 years),,不明,,,14,117,0,2026-09-08 22:31,2026-10-05 22:30,,,https://www.youtube.com/channel/UC6xAezBuqAKI2YVvLmGfHsA
UC5jdpR9lAS46w7gz2-nSYfQ,@よっしさん.-443,24,2年,Member (2 years),,不明,,,14,710,0,2026-09-08 22:31,2026-10-05 22:30,,,https://www.youtube.com/channel/UC5jdpR9lAS46w7gz2-nSYfQ
UCuZXLEitrOp129wBqCU8MEA,@ReNullBell,24,2年,Member (2 years),,不明,,,14,414,0,2026-09-08 22:31,2026-10-04 22:30,,,https://www.youtube.com/channel/UCuZXLEitrOp129wBqCU8MEA
UCSWDFUiNRcH320CVhsOVpBQ,@ぞぬ-w3q,24,2年,Member (2 years),,不明,,,14,195,0,2026-09-08 22:31,2026-10-05 22:30,,,https://www.youtube.com/channel/UCSWDFUiNRcH320CVhsOVpBQ
UCbx0Keoo-wc-Jld0i2-AR_g,@The_Roots96,24,2年,Member (2 years),,不明,,,14,415,0,2026-09-08 22:31,2026-10-05 22:30,,,https://www.youtube.com/channel/UCbx0Keoo-wc-Jld0i2-AR_g
UC_edftXRcS8Wx8Rk6q5xwzQ,@しらす-r5c,24,2年,Member (2 years),,不明,,,14,88,1,2026-09-08 22:31,2026-10-05 22:30,,,https://www.youtube.com/channel/UC_edftXRcS8Wx8Rk6q5xwzQ
UCRzCqrCEealTVHFyKxOzQww,@ゴジ-d3b,24,2年,Member (2 years),,不明,,,14,320,0,2026-09-08 22:31,2026-10-05 22:30,,,https://www.youtube.com/channel/UCRzCqrCEealTVHFyKxOzQww
UCiv56wTNUS8iSkWvapH10qg,@トラスト-n4x,24,2年,Member (2 years),,不明,,,14,934,0,2026-09-08 22:31,2026-10-05 22:30,,,https://www.youtube.com/channel/UCiv56wTNUS8iSkWvapH10qg
UCfiOGbN7CKwSrtpzQ4hvbGw,@うる-y9m,24,2年,Member (2 years),,不明,,,14,29,2,2026-09-08 22:31,2026-10-05 22:30,,,https://www.youtube.com/channel/UCfiOGbN7CKwSrtpzQ4hvbGw
UCLFTkuKEl4No9jMSUIwgWiA,@sui_rou,24,2年,Member (2 years),,不明,,,14,96,1,2026-09-08 22:31,2026-10-05 22:30,,,https://www.youtube.com/channel/UCLFTkuKEl4No9jMSUIwgWiA
UC3Sro_gau8I4zlwKZ2WLHVQ,@ぴぴぴccc,24,2年,Member (2 years),,不明,,,14,54,0,2026-09-10 22:00,2026-10-05 22:30,,,https://www.youtube.com/channel/UC3Sro_gau8I4zlwKZ2WLHVQ
UCMWZ0ejUUkRfrHeFuBFu4aw,@桜井真央-mao,24,2年,Member (2 years),,不明,,,14,46,0,2026-09-10 22:00,2026-10-05 22:30,,,https://www.youtube.com/channel/UCMWZ0ejUUkRfrHeFuBFu4aw
UCvqeqnfjZqjp_QthFXRsp-A,@ach1an,24,2年,Member (2 years),,不明,,,14,185,0,2026-09-10 22:00,2026-10-05 22:30,,,https://www.youtube.com/channel/UCvqeqnfjZqjp_QthFXRsp-A
UCIo8l1uLgT8_c7ToSoWpYjg,@おこのみたい焼き,24,2年,Member (2 years),,不明,,,14,50,0,2026-09-10 22:00,2026-10-05 22:30,,,https://www.youtube.com/channel/UCIo8l1uLgT8_c7ToSoWpYjg
UCApGArDgGvyRsjlZ7VjgPyQ,@hrvcho,24,2年,Member (2 years),,不明,,,13,286,0,2026-09-08 22:31,2026-10-05 22:30,,,https://www.youtube.com/channel/UCApGArDgGvyRsjlZ7VjgPyQ
UCoX0uN0PcsL1WHcpQE9Qp9w,@usagikamo6487,24,2年,Member (2 years),,不明,,,13,153,5,2026-09-08 22:31,2026-10-05 22:30,,,https://www.youtube.com/channel/UCoX0uN0PcsL1WHcpQE9Qp9w
UCOZ9Q3mLvmr8xcjtNdeYoxA,@動物園のくま,24,2年,Member (2 years),,不明,,,13,413,0,2026-09-08 22:31,2026-10-04 22:30,,,https://www.youtube.com/channel/UCOZ9Q3mLvmr8xcjtNdeYoxA
UCfukbVQMuJLy-bZ2sIg1fIA,@あらひな-b6z,24,2年,Member (2 years),,不明,,,13,36,0,2026-09-08 22:31,2026-10-05 22:30,,,https://www.youtube.com/channel/UCfukbVQMuJLy-bZ2sIg1fIA
UC00cRWZyYMwfIZvcJX2ofEQ,@ミィァォガーMiaoGa,24,2年,Member (2 years),,不明,,,13,121,8,2026-09-08 22:31,2026-10-05 22:30,,,https://www.youtube.com/channel/UC00cRWZyYMwfIZvcJX2ofEQ
UC5KuYZBNDSiieoMRppD0TLg,@xソヒョンx,24,2年,Member (2 years),,不明,,,13,42,0,2026-09-08 22:31,2026-10-05 22:30,,,https://www.youtube.com/channel/UC5KuYZBNDSiieoMRppD0TLg
UCNYq2DH0alV_EYv76OOvGdw,@針鼠-t9q,24,2年,Member (2 years),,不明,,,13,40,0,2026-09-08 22:31,2026-10-05 22:30,,,https://www.youtube.com/channel/UCNYq2DH0alV_EYv76OOvGdw
UC-lYKI5raPYzbF9BgJIC-3w,@一般通過ハシビロコウ,24,2年,Member (2 years),,不明,,,13,382,0,2026-09-08 22:31,2026-10-05 22:30,,,https://www.youtube.com/channel/UC-lYKI5raPYzbF9BgJIC-3w
UCsI45_XKoDELqCSDEPwFSEg,@Kaya-sc7kg,24,2年,Member (2 years),,不明,,,13,36,0,2026-09-08 22:31,2026-10-05 22:30,,,https://www.youtube.com/channel/UCsI45_XKoDELqCSDEPwFSEg
UCttuYQmnjaqtBm6IggcOfDg,@ふかつき-j5f,24,2年,Member (2 years),,不明,,,13,651,0,2026-09-08 22:31,2026-10-02 20:00,,,https://www.youtube.com/channel/UCttuYQmnjaqtBm6IggcOfDg
UCFPopSybiUCqRB1RnNO4eCA,@天星雨,24,2年,Member (2 years),,不明,,,13,783,0,2026-09-08 22:31,2026-10-04 22:30,,,https://www.youtube.com/channel/UCFPopSybiUCqRB1RnNO4eCA
UC8J2g60Fx4hf6EXID_bOHtA,@にわこ-n2v,24,2年,Member (2 years),,不明,,,13,13,0,2026-09-08 22:31,2026-10-05 22:30,,,https://www.youtube.com/channel/UC8J2g60Fx4hf6EXID_bOHtA
UCXQ7K2g7SMumRa_njcQdzYQ,@わたゆき-o7h,24,2年,Member (2 years),,不明,,,13,617,0,2026-09-08 22:31,2026-10-05 22:30,,,https://www.youtube.com/channel/UCXQ7K2g7SMumRa_njcQdzYQ
UCMGXn_Y-FsRMcU8cDTCTX9g,@はろはろ_0v0y,24,2年,Member (2 years),,不明,,,13,306,0,2026-09-08 22:31,2026-10-05 22:30,,,https://www.youtube.com/channel/UCMGXn_Y-FsRMcU8cDTCTX9g
UC2OjzMRrZvAZD9GwSRe7agg,@100xxxMR,24,2年,Member (2 years),,不明,,,13,44,0,2026-09-08 22:31,2026-10-05 22:30,,,https://www.youtube.com/channel/UC2OjzMRrZvAZD9GwSRe7agg
UCQF5Ys01eZJodF8jxSGCloQ,@夜勤エス,24,2年,Member (2 years),,不明,,,13,73,1,2026-09-08 22:31,2026-10-05 22:30,,,https://www.youtube.com/channel/UCQF5Ys01eZJodF8jxSGCloQ
UCtDaas2IEkzw_CNGRU_FGnQ,@ありもり0102,24,2年,Member (2 years),,不明,,,13,114,0,2026-09-08 22:31,2026-10-05 22:30,,,https://www.youtube.com/channel/UCtDaas2IEkzw_CNGRU_FGnQ
UCsQhR7XN-QxL7oCEKNzGmyw,@あさぎ-x6j,24,2年,Member (2 years),,不明,,,13,74,0,2026-09-08 22:31,2026-10-05 22:30,,,https://www.youtube.com/channel/UCsQhR7XN-QxL7oCEKNzGmyw
UCqwi33LFw4gwStQORiejKiw,@くろ店長,24,2年,Member (2 years),,不明,,,13,79,1,2026-09-08 22:31,2026-10-05 22:30,,,https://www.youtube.com/channel/UCqwi33LFw4gwStQORiejKiw
UC0FJRusge30oQapeFcKI76w,@darj-1ng,24,2年,Member (2 years),,不明,,,13,194,1,2026-09-08 22:31,2026-10-05 22:30,,,https://www.youtube.com/channel/UC0FJRusge30oQapeFcKI76w
UCtjN8oH1eKhv3as19JAGvVQ,@ゆうか1010,24,2年,Member (2 years),,不明,,,13,516,0,2026-09-08 22:31,2026-10-05 22:30,,,https://www.youtube.com/channel/UCtjN8oH1eKhv3as19JAGvVQ
UCJ4nm1LqPgcgDg94-5OX8fg,@柘榴石,24,2年,Member (2 years),,不明,,,13,51,0,2026-09-08 22:31,2026-10-05 22:30,,,https://www.youtube.com/channel/UCJ4nm1LqPgcgDg94-5OX8fg
UCEIZKp64l9mFvLXxxXoibPQ,@千那-ykn,24,2年,Member (2 years),,不明,,,13,48,1,2026-09-08 22:31,2026-10-04 22:30,,,https://www.youtube.com/channel/UCEIZKp64l9mFvLXxxXoibPQ
UCc-HgZMM7TmiFMv_2e1ksHA,@こぴcopi,24,2年,Member (2 years),,不明,,,13,118,0,2026-09-08 22:31,2026-10-05 22:30,,,https://www.youtube.com/channel/UCc-HgZMM7TmiFMv_2e1ksHA
UCyDNZIuZsf-WxAXdY8BlPgA,@rain9692,24,2年,Member (2 years),,不明,,,13,170,0,2026-09-08 22:31,2026-10-05 22:30,,,https://www.youtube.com/channel/UCyDNZIuZsf-WxAXdY8BlPgA
UCJvXipMsZbANz1y3MhhbMsw,@るりはり-瑠璃玻璃,24,2年,Member (2 years),,不明,,,13,912,0,2026-09-08 22:31,2026-10-05 22:30,,,https://www.youtube.com/channel/UCJvXipMsZbANz1y3MhhbMsw
UCWXZhbxSSEKVhGc9e0mk6IQ,@krmr560,24,2年,Member (2 years),,不明,,,13,464,0,2026-09-08 22:31,2026-10-04 22:30,,,https://www.youtube.com/channel/UCWXZhbxSSEKVhGc9e0mk6IQ
UCroUkOrwhA1W0hiDJOuX69A,@さおち-p7z,24,2年,Member (2 years),,不明,,,13,160,0,2026-09-08 22:31,2026-10-05 22:30,,,https://www.youtube.com/channel/UCroUkOrwhA1W0hiDJOuX69A
UCnam6vGLKwDl1PXwaqQcUzQ,@七篠_ely,24,2年,Member (2 years),,不明,,,13,229,1,2026-09-08 22:31,2026-10-05 22:30,,,https://www.youtube.com/channel/UCnam6vGLKwDl1PXwaqQcUzQ
UC8aA5v7x7w6I_h-_W4BV9OQ,@くれの-h7v,24,2年,Member (2 years),,不明,,,13,39,1,2026-09-08 22:31,2026-10-05 22:30,,,https://www.youtube.com/channel/UC8aA5v7x7w6I_h-_W4BV9OQ
UCghmZxry5jaUr2y0euw2V8w,@Motsu-zw5mo,24,2年,Member (2 years),,不明,,,13,37,1,2026-09-08 22:31,2026-10-05 22:30,,,https://www.youtube.com/channel/UCghmZxry5jaUr2y0euw2V8w
UCxY_-avb6hP9uDjj-5GQW4Q,@ぴこ_pico.0929,24,2年,Member (2 years),,不明,,,13,221,5,2026-09-10 22:00,2026-10-05 22:30,,,https://www.youtube.com/channel/UCxY_-avb6hP9uDjj-5GQW4Q
UCmJCbhOsASDBGQc9yNeANoQ,@紫亜子-C-4,24,2年,Member (2 years),,不明,,,13,61,0,2026-09-10 22:00,2026-10-05 22:30,,,https://www.youtube.com/channel/UCmJCbhOsASDBGQc9yNeANoQ
UCzlC8blirHxKsY-QJi4zfqQ,@らぱぽlapamo,24,2年,Member (2 years),,不明,,,13,377,4,2026-09-10 22:00,2026-10-05 22:30,,,https://www.youtube.com/channel/UCzlC8blirHxKsY-QJi4zfqQ
UCqNGzNBSshs4C9Vx8xICJEg,@円周率はだいたい,24,2年,Member (2 years),,不明,,,13,223,1,2026-09-10 22:00,2026-10-05 22:30,,,https://www.youtube.com/channel/UCqNGzNBSshs4C9Vx8xICJEg
UC3jYoVcPI7EbEdPsQOpgk_w,@華咲花音,24,2年,Member (2 years),,不明,,,13,56,0,2026-09-10 22:00,2026-10-05 22:30,,,https://www.youtube.com/channel/UC3jYoVcPI7EbEdPsQOpgk_w
UC7q45hjbFM0YtDCmEGpkP0A,@nanami_san412,24,2年,Member (2 years),,不明,,,13,320,0,2026-09-10 22:00,2026-10-04 22:30,,,https://www.youtube.com/channel/UC7q45hjbFM0YtDCmEGpkP0A
UCH2Thad6ehwTtH0N1L8bhig,@イクサ-o2f,24,2年,Member (2 years),,不明,,,13,258,3,2026-09-10 22:00,2026-10-05 22:30,,,https://www.youtube.com/channel/UCH2Thad6ehwTtH0N1L8bhig
UCT_HTivWz9QHcKaQHeDkwCg,@とーこ-g2c,24,2年,Member (2 years),,不明,,,13,265,0,2026-09-10 22:00,2026-10-04 22:30,,,https://www.youtube.com/channel/UCT_HTivWz9QHcKaQHeDkwCg
UCmbL0UI6Aqp2bfO5XCMNbjA,@こはるkoharuu,24,2年,Member (2 years),,不明,,,13,181,0,2026-09-12 00:02,2026-10-05 22:30,,,https://www.youtube.com/channel/UCmbL0UI6Aqp2bfO5XCMNbjA
UCEFfzpmD5GMZw725Q4bbddg,@ノクティル-Noctil,24,2年,Member (2 years),,不明,,,13,317,1,2026-09-12 00:02,2026-10-05 22:30,,,https://www.youtube.com/channel/UCEFfzpmD5GMZw725Q4bbddg
UCrITACFSWaQAUPVC-A48e7g,@暁朔,24,2年,Member (2 years),,不明,,,12,68,0,2026-09-08 22:31,2026-10-05 22:30,,,https://www.youtube.com/channel/UCrITACFSWaQAUPVC-A48e7g
UCOkjAKyJfRO_yd6Eh-Fl_OA,@颯海かな-hayami,24,2年,Member (2 years),,不明,,,12,208,1,2026-09-08 22:31,2026-10-05 22:30,,,https://www.youtube.com/channel/UCOkjAKyJfRO_yd6Eh-Fl_OA
UCVuw5SenEBTXPx0FX6lAkSg,@nana__104,24,2年,Member (2 years),,不明,,,12,198,0,2026-09-08 22:31,2026-10-05 22:30,,,https://www.youtube.com/channel/UCVuw5SenEBTXPx0FX6lAkSg
UC9OW-te9vpDc9gqUy_njjXA,@豆苗コロ助,24,2年,Member (2 years),,不明,,,12,17,0,2026-09-08 22:31,2026-10-05 22:30,,,https://www.youtube.com/channel/UC9OW-te9vpDc9gqUy_njjXA
UCimXcacaJYeHdOohxVHdi1w,@蒼-a01,24,2年,Member (2 years),,不明,,,12,67,0,2026-09-08 22:31,2026-10-05 22:30,,,https://www.youtube.com/channel/UCimXcacaJYeHdOohxVHdi1w
UCkuHUlPZLQPJNNHoXVPcbGw,@まちこ-8,24,2年,Member (2 years),,不明,,,12,59,0,2026-09-08 22:31,2026-10-02 22:30,,,https://www.youtube.com/channel/UCkuHUlPZLQPJNNHoXVPcbGw
UCWI3zpmUOOA2Ygv9YC3P4Bg,@とんでもないまさすけ,24,2年,Member (2 years),,不明,,,12,88,1,2026-09-08 22:31,2026-10-04 22:30,,,https://www.youtube.com/channel/UCWI3zpmUOOA2Ygv9YC3P4Bg
UClsegi-ofD8axgeC7TlGE5A,@柚月柘榴-yudukizakuro,24,2年,Member (2 years),,不明,,,12,345,0,2026-09-08 22:31,2026-10-05 22:30,,,https://www.youtube.com/channel/UClsegi-ofD8axgeC7TlGE5A
UCR_5tubP5F6Oo4H7tYjVtfQ,@byaku-v7x,24,2年,Member (2 years),,不明,,,12,84,0,2026-09-08 22:31,2026-10-05 22:30,,,https://www.youtube.com/channel/UCR_5tubP5F6Oo4H7tYjVtfQ
UC7upLRT7Ewz3aJcFbdqQvxg,@あるふぉーど_Rforward0410,24,2年,Member (2 years),,不明,,,12,87,0,2026-09-08 22:31,2026-10-05 22:30,,,https://www.youtube.com/channel/UC7upLRT7Ewz3aJcFbdqQvxg
UCrwLPTQhLL_cGRpylwkZY7Q,@yoite_mahiruka,24,2年,Member (2 years),,不明,,,12,871,0,2026-09-08 22:31,2026-10-05 22:30,,,https://www.youtube.com/channel/UCrwLPTQhLL_cGRpylwkZY7Q
UCNlx_Q2t7CEPnq2U2HNVJEA,@なちみnachimi.00,24,2年,Member (2 years),,不明,,,12,309,4,2026-09-08 22:31,2026-10-05 22:30,,,https://www.youtube.com/channel/UCNlx_Q2t7CEPnq2U2HNVJEA
UCf91rFnuoOaYiCLfTmdSA-Q,@ナナオーグ,24,2年,Member (2 years),,不明,,,12,96,0,2026-09-08 22:31,2026-10-04 22:30,,,https://www.youtube.com/channel/UCf91rFnuoOaYiCLfTmdSA-Q
UC4TV010s1J4meC3YlGk1LfA,@もなか餅,24,2年,Member (2 years),,不明,,,12,77,0,2026-09-08 22:31,2026-10-05 22:30,,,https://www.youtube.com/channel/UC4TV010s1J4meC3YlGk1LfA
UC5eVLDSs5T0aA1uTUsxIGGA,@白馬雲雀_はくばひばり,24,2年,Member (2 years),,不明,,,12,199,2,2026-09-08 22:31,2026-10-02 22:30,,,https://www.youtube.com/channel/UC5eVLDSs5T0aA1uTUsxIGGA
UC7C_z3Angv83a15ZQOYU7lA,@マコト-q1e,24,2年,Member (2 years),,不明,,,12,137,0,2026-09-08 22:31,2026-10-05 22:30,,,https://www.youtube.com/channel/UC7C_z3Angv83a15ZQOYU7lA
UCmGcC0i6NBlHKSHNgPtBhXA,@nimaco,24,2年,Member (2 years),,不明,,,12,105,0,2026-09-08 22:31,2026-10-05 22:30,,,https://www.youtube.com/channel/UCmGcC0i6NBlHKSHNgPtBhXA
UCDGG2WsTzVRMkmIv8tHR-Ow,@寧々-v5v,24,2年,Member (2 years),,不明,,,12,95,0,2026-09-08 22:31,2026-10-04 22:30,,,https://www.youtube.com/channel/UCDGG2WsTzVRMkmIv8tHR-Ow
UCc-zeSONtyurXwSVvdOqRTA,@redmoon7150,24,2年,Member (2 years),,不明,,,12,25,2,2026-09-08 22:31,2026-10-05 22:30,,,https://www.youtube.com/channel/UCc-zeSONtyurXwSVvdOqRTA
UCBsMrxrvVBRqJvEuVhGDYbQ,@yudutu,24,2年,Member (2 years),,不明,,,12,80,0,2026-09-08 22:31,2026-10-05 22:30,,,https://www.youtube.com/channel/UCBsMrxrvVBRqJvEuVhGDYbQ
UCMloUy3tPeyh-qIif8PEDAA,@さししゅせしょ,24,2年,Member (2 years),,不明,,,12,22,0,2026-09-08 22:31,2026-10-04 22:30,,,https://www.youtube.com/channel/UCMloUy3tPeyh-qIif8PEDAA
UCxa0Mzf-FMDu8QvfBo5UQwQ,@にあ-g5m,24,2年,Member (2 years),,不明,,,12,14,0,2026-09-08 22:31,2026-10-05 22:30,,,https://www.youtube.com/channel/UCxa0Mzf-FMDu8QvfBo5UQwQ
UCASsV6LeWNymjzwKLsWRLLw,@あばれまめすけ,24,2年,Member (2 years),,不明,,,12,102,0,2026-09-10 22:00,2026-10-05 22:30,,,https://www.youtube.com/channel/UCASsV6LeWNymjzwKLsWRLLw
UC0yfq5b_Gu7NPoZCJEazGXA,@amatsuling,24,2年,Member (2 years),,不明,,,12,248,2,2026-09-10 22:00,2026-10-05 22:30,,,https://www.youtube.com/channel/UC0yfq5b_Gu7NPoZCJEazGXA
UCvfiByO26yin_djVX5z1sTw,@mmai4519,24,2年,Member (2 years),,不明,,,12,79,0,2026-09-12 00:02,2026-10-05 22:30,,,https://www.youtube.com/channel/UCvfiByO26yin_djVX5z1sTw
UCIUWJgmTm3BPF3_ev22mGYg,@甘猫-p3s,24,2年,Member (2 years),,不明,,,12,117,0,2026-09-15 22:00,2026-10-05 22:30,,,https://www.youtube.com/channel/UCIUWJgmTm3BPF3_ev22mGYg
UCwbbYjmblcYTwEVDLHuyt7w,@Aya07238,24,2年,Member (2 years),,不明,,,11,102,0,2026-09-08 22:31,2026-10-04 22:30,,,https://www.youtube.com/channel/UCwbbYjmblcYTwEVDLHuyt7w
UCRCLY4_QETaMuim05jziiLw,@あおば_えりや,24,2年,Member (2 years),,不明,,,11,178,0,2026-09-08 22:31,2026-10-05 22:30,,,https://www.youtube.com/channel/UCRCLY4_QETaMuim05jziiLw
UCQzUBnjlDTT8nkjVSgQvHdA,@SSHAMPOO_02,24,2年,Member (2 years),,不明,,,11,20,0,2026-09-08 22:31,2026-10-04 22:30,,,https://www.youtube.com/channel/UCQzUBnjlDTT8nkjVSgQvHdA
UC8A0gdy1fbDr_nSbP3izFhw,@yakusirihito,24,2年,Member (2 years),,不明,,,11,52,1,2026-09-08 22:31,2026-10-02 22:30,,,https://www.youtube.com/channel/UC8A0gdy1fbDr_nSbP3izFhw
UCzzQ7lEDTtb3Q4DaG8seXdA,@はらぺこ12,24,2年,Member (2 years),,不明,,,11,63,1,2026-09-08 22:31,2026-10-05 22:30,,,https://www.youtube.com/channel/UCzzQ7lEDTtb3Q4DaG8seXdA
UCokVacpEQBbPBDaNQjMnKZQ,@Niko_14rail221,24,2年,Member (2 years),,不明,,,11,376,1,2026-09-08 22:31,2026-10-04 22:30,,,https://www.youtube.com/channel/UCokVacpEQBbPBDaNQjMnKZQ
UCimkj8BftzYmz5OpdI00ydA,@宵子_yoiko,24,2年,Member (2 years),,不明,,,11,509,1,2026-09-08 22:31,2026-10-05 22:30,,,https://www.youtube.com/channel/UCimkj8BftzYmz5OpdI00ydA
UCeF8Tg4N9PyEDag8ECsWTNw,@ほね-_-ノ,24,2年,Member (2 years),,不明,,,11,110,0,2026-09-08 22:31,2026-10-05 22:30,,,https://www.youtube.com/channel/UCeF8Tg4N9PyEDag8ECsWTNw
UCPWO7nEDMSCYQKg3SGP37fw,@Yurika_Q,24,2年,Member (2 years),,不明,,,11,202,2,2026-09-08 22:31,2026-10-04 22:30,,,https://www.youtube.com/channel/UCPWO7nEDMSCYQKg3SGP37fw
UCmgSPAhwhlS3zoh6FtRbbHw,@ui6326,24,2年,Member (2 years),,不明,,,11,142,0,2026-09-08 22:31,2026-10-05 22:30,,,https://www.youtube.com/channel/UCmgSPAhwhlS3zoh6FtRbbHw
UCm6JyM8f2-sZDEovbX3Ke1w,@いゆき-iyuki,24,2年,Member (2 years),,不明,,,11,59,0,2026-09-08 22:31,2026-10-05 22:30,,,https://www.youtube.com/channel/UCm6JyM8f2-sZDEovbX3Ke1w
UCYO124mm7DooShtkz6hFp4A,@みよ-j1t,24,2年,Member (2 years),,不明,,,11,82,0,2026-09-08 22:31,2026-10-05 22:30,,,https://www.youtube.com/channel/UCYO124mm7DooShtkz6hFp4A
UC44WLX0LdaITeJ_HBsZlwmg,@塩むすび_4omusubi,24,2年,Member (2 years),,不明,,,11,197,0,2026-09-08 22:31,2026-10-05 22:30,,,https://www.youtube.com/channel/UC44WLX0LdaITeJ_HBsZlwmg
UCN0Hqq0u80h3DOQX9p1RdVw,@三毛猫-w6u,24,2年,Member (2 years),,不明,,,11,590,3,2026-09-08 22:31,2026-10-05 22:30,,,https://www.youtube.com/channel/UCN0Hqq0u80h3DOQX9p1RdVw
UC6kU2SvH_CDiBO5dlkRE_Mg,@てんはく-t2z,24,2年,Member (2 years),,不明,,,11,57,0,2026-09-08 22:31,2026-10-05 22:30,,,https://www.youtube.com/channel/UC6kU2SvH_CDiBO5dlkRE_Mg
UCF0TLL56eidlDVdr8cD_S4g,@SolAlice,24,2年,Member (2 years),,不明,,,11,40,0,2026-09-08 22:31,2026-10-05 22:30,,,https://www.youtube.com/channel/UCF0TLL56eidlDVdr8cD_S4g
UC2XSdbF8-aZT687I3iSq_Ew,@バター醤油は大体美味しい,24,2年,Member (2 years),,不明,,,11,52,2,2026-09-10 22:00,2026-10-05 22:30,,,https://www.youtube.com/channel/UC2XSdbF8-aZT687I3iSq_Ew
UCb9LP5QFQxKwYM75KsNneKQ,@玄墨Haruto,24,2年,Member (2 years),,不明,,,11,39,0,2026-09-10 22:00,2026-10-05 22:30,,,https://www.youtube.com/channel/UCb9LP5QFQxKwYM75KsNneKQ
UCatJTMjqkfnMwB7l2yanTMg,@k.r.4578,24,2年,Member (2 years),,不明,,,11,76,0,2026-09-10 22:00,2026-10-05 22:30,,,https://www.youtube.com/channel/UCatJTMjqkfnMwB7l2yanTMg
UCuJiF3LYD5If_qeektv6CBg,@シヴァタロス,24,2年,Member (2 years),,不明,,,11,87,0,2026-09-10 22:00,2026-10-05 22:30,,,https://www.youtube.com/channel/UCuJiF3LYD5If_qeektv6CBg
UCWnR9fNAASt1EG5aijD0UHA,@mirror133135,24,2年,Member (2 years),,不明,,,11,19,0,2026-09-10 22:00,2026-10-04 22:30,,,https://www.youtube.com/channel/UCWnR9fNAASt1EG5aijD0UHA
UCcbvatAn5cEQVx_Ioc0ZEOQ,@ゆリ丸_xx69yuri0,24,2年,Member (2 years),,不明,,,11,100,1,2026-09-10 22:00,2026-10-05 22:30,,,https://www.youtube.com/channel/UCcbvatAn5cEQVx_Ioc0ZEOQ
UC8wv2lhNMLpUfVTNA9bfkbA,@イツカ-itsuka,24,2年,Member (2 years),,不明,,,11,23,0,2026-09-10 22:00,2026-10-04 22:30,,,https://www.youtube.com/channel/UC8wv2lhNMLpUfVTNA9bfkbA
UCRxFuGWyTwxT-sPnPYlnFww,@ごごのするめ,24,2年,Member (2 years),,不明,,,11,59,1,2026-09-10 22:00,2026-10-05 22:30,,,https://www.youtube.com/channel/UCRxFuGWyTwxT-sPnPYlnFww
UCsj9hrvWv2bL96a-Bz43D5A,@ヤマダタロウ-f6b,24,2年,Member (2 years),,不明,,,11,638,0,2026-09-10 22:00,2026-10-05 22:30,,,https://www.youtube.com/channel/UCsj9hrvWv2bL96a-Bz43D5A
UCzZ3uvSy-3GKDMYqJNN3XRA,@たーぼー2号,24,2年,Member (2 years),,不明,,,11,209,0,2026-09-10 22:00,2026-10-05 22:30,,,https://www.youtube.com/channel/UCzZ3uvSy-3GKDMYqJNN3XRA
UCAh1JJcNQZaEG-cPSOMQYAQ,@ちの_chi_no,24,2年,Member (2 years),,不明,,,11,109,1,2026-09-10 22:00,2026-10-05 22:30,,,https://www.youtube.com/channel/UCAh1JJcNQZaEG-cPSOMQYAQ
UC1pKQf8tAtIjAkoK7vO5VpQ,@サヤ-h8t,24,2年,Member (2 years),,不明,,,11,137,0,2026-09-12 00:02,2026-10-05 22:30,,,https://www.youtube.com/channel/UC1pKQf8tAtIjAkoK7vO5VpQ
UC63P-OzFe4c_xHKv7X_6WrQ,@朔森,24,2年,Member (2 years),,不明,,,11,298,2,2026-09-12 00:02,2026-10-05 22:30,,,https://www.youtube.com/channel/UC63P-OzFe4c_xHKv7X_6WrQ
UCe76kP_Z_SvNQGHWzsXb33g,@紫香楽ひら,24,2年,Member (2 years),,不明,,,11,149,0,2026-09-12 00:02,2026-10-05 22:30,,,https://www.youtube.com/channel/UCe76kP_Z_SvNQGHWzsXb33g
UCQVqvL2xIyoMebC1Zfgup9A,@mika-w5g,24,2年,Member (2 years),,不明,,,10,17,0,2026-09-08 22:31,2026-10-05 22:30,,,https://www.youtube.com/channel/UCQVqvL2xIyoMebC1Zfgup9A
UCmKHRcXbNiycJWmCvGcGpAA,@alma_ronn,24,2年,Member (2 years),,不明,,,10,587,0,2026-09-08 22:31,2026-10-04 22:30,,,https://www.youtube.com/channel/UCmKHRcXbNiycJWmCvGcGpAA
UCcRe6BQi3T7hDQ12RX10bUA,@monadayon,24,2年,Member (2 years),,不明,,,10,18,0,2026-09-08 22:31,2026-10-02 22:30,,,https://www.youtube.com/channel/UCcRe6BQi3T7hDQ12RX10bUA
UC0D6q5VPxginvv2vVp5NC9g,@minakoko3753,24,2年,Member (2 years),,不明,,,10,126,0,2026-09-08 22:31,2026-10-05 22:30,,,https://www.youtube.com/channel/UC0D6q5VPxginvv2vVp5NC9g
UCMvFWeLII5LX3w0qC_1a91Q,@かずのこ-q8c,24,2年,Member (2 years),,不明,,,10,65,1,2026-09-08 22:31,2026-10-02 22:30,,,https://www.youtube.com/channel/UCMvFWeLII5LX3w0qC_1a91Q
UCCJ76uY13Ucb7LBCmR5CM2Q,@綾月一香,24,2年,Member (2 years),,不明,,,10,16,1,2026-09-08 22:31,2026-10-05 22:30,,,https://www.youtube.com/channel/UCCJ76uY13Ucb7LBCmR5CM2Q
UC7bG54LJEKgxouOqacSrBZg,@てぃでべあ,24,2年,Member (2 years),,不明,,,10,24,3,2026-09-08 22:31,2026-10-05 22:30,,,https://www.youtube.com/channel/UC7bG54LJEKgxouOqacSrBZg
UCsIVcanMaV5d3hcmImzmQ_Q,@yae-kamei,24,2年,Member (2 years),,不明,,,10,20,0,2026-09-08 22:31,2026-10-05 22:30,,,https://www.youtube.com/channel/UCsIVcanMaV5d3hcmImzmQ_Q
UCLPUf1V7g7fbZq_d6vyLxsA,@シウ_クロウリィ,24,2年,Member (2 years),,不明,,,10,102,0,2026-09-08 22:31,2026-10-05 22:30,,,https://www.youtube.com/channel/UCLPUf1V7g7fbZq_d6vyLxsA
UCQYKEAsqnLgKgoKSTUxp0Iw,@1999_re_re,24,2年,Member (2 years),,不明,,,10,269,0,2026-09-08 22:31,2026-10-04 22:30,,,https://www.youtube.com/channel/UCQYKEAsqnLgKgoKSTUxp0Iw
UCi6T-jAeMXDXHYa60Z8DkkQ,@緋姫-ひめ,24,2年,Member (2 years),,不明,,,10,105,0,2026-09-08 22:31,2026-10-04 22:30,,,https://www.youtube.com/channel/UCi6T-jAeMXDXHYa60Z8DkkQ
UCRzMIiD_ggTA4BKVKVNLTzA,@さび-f9m,24,2年,Member (2 years),,不明,,,10,58,0,2026-09-08 22:31,2026-10-05 22:30,,,https://www.youtube.com/channel/UCRzMIiD_ggTA4BKVKVNLTzA
UCffOeOWuMb4i70jiGjirvUA,@syunyami358,24,2年,Member (2 years),,不明,,,10,78,0,2026-09-08 22:31,2026-10-04 22:30,,,https://www.youtube.com/channel/UCffOeOWuMb4i70jiGjirvUA
UCYwgd8LzNi2WqQVbsW8x85Q,@うらたO7,24,2年,Member (2 years),,不明,,,10,16,0,2026-09-08 22:31,2026-10-05 22:30,,,https://www.youtube.com/channel/UCYwgd8LzNi2WqQVbsW8x85Q
UCHLGcnwYOAGFXFnJdZp2qjg,@おかゆ-e3h,24,2年,Member (2 years),,不明,,,10,122,2,2026-09-08 22:31,2026-10-05 22:30,,,https://www.youtube.com/channel/UCHLGcnwYOAGFXFnJdZp2qjg
UCOlj5IhSvTzRCMEy2YvR5eA,@猫又又猫,24,2年,Member (2 years),,不明,,,10,75,0,2026-09-08 22:31,2026-10-05 22:30,,,https://www.youtube.com/channel/UCOlj5IhSvTzRCMEy2YvR5eA
UCTRt8hhnQgDgAxI3y4goo0A,@春生音,24,2年,Member (2 years),,不明,,,10,49,0,2026-09-08 22:31,2026-10-05 22:30,,,https://www.youtube.com/channel/UCTRt8hhnQgDgAxI3y4goo0A
UCS3VxL4fN99zdg2tm3_dX0A,@numberitoritos,24,2年,Member (2 years),,不明,,,10,99,0,2026-09-08 22:31,2026-10-05 22:30,,,https://www.youtube.com/channel/UCS3VxL4fN99zdg2tm3_dX0A
UC0coyR8c8v9j38dyOwUtaGg,@スナイピー,24,2年,Member (2 years),,不明,,,10,199,0,2026-09-08 22:31,2026-10-05 22:30,,,https://www.youtube.com/channel/UC0coyR8c8v9j38dyOwUtaGg
UCcRVwTyH6O6iIHeXhPwjZVQ,@たかゆき-s3d,24,2年,Member (2 years),,不明,,,10,421,1,2026-09-08 22:31,2026-10-05 22:30,,,https://www.youtube.com/channel/UCcRVwTyH6O6iIHeXhPwjZVQ
UCyeZG-KSZVBZw0nhlxEAJHQ,@香菜子-kanako,24,2年,Member (2 years),,不明,,,10,18,7,2026-09-08 22:31,2026-10-04 22:30,,,https://www.youtube.com/channel/UCyeZG-KSZVBZw0nhlxEAJHQ
UCg2cgui56vyoc1Xn2pjmm9A,@赤兵衛-f8u,24,2年,Member (2 years),,不明,,,10,46,0,2026-09-08 22:31,2026-10-05 22:30,,,https://www.youtube.com/channel/UCg2cgui56vyoc1Xn2pjmm9A
UCHzeX1N7qYvqLSj3TbzMgbA,@佐藤91号,24,2年,Member (2 years),,不明,,,10,251,0,2026-09-08 22:31,2026-10-02 22:30,,,https://www.youtube.com/channel/UCHzeX1N7qYvqLSj3TbzMgbA
UCbFLWOYtooLcaofW0-HPFLA,@うみうみ-w3s,24,2年,Member (2 years),,不明,,,10,91,0,2026-09-08 22:31,2026-10-05 22:30,,,https://www.youtube.com/channel/UCbFLWOYtooLcaofW0-HPFLA
UCJXHQHZuwv17zBl9iaUEn1g,@ryotsushima,24,2年,Member (2 years),,不明,,,10,133,0,2026-09-08 22:31,2026-10-05 22:30,,,https://www.youtube.com/channel/UCJXHQHZuwv17zBl9iaUEn1g
UC_ZDYZ_E53QVgbq7kOG9MGg,@ささくれごぼう,24,2年,Member (2 years),,不明,,,10,18,0,2026-09-08 22:31,2026-10-05 22:30,,,https://www.youtube.com/channel/UC_ZDYZ_E53QVgbq7kOG9MGg
UCMFUWpogv3MTgaWT3QekKbA,@ももはな-c2p,24,2年,Member (2 years),,不明,,,10,137,0,2026-09-08 22:31,2026-10-04 22:30,,,https://www.youtube.com/channel/UCMFUWpogv3MTgaWT3QekKbA
UCiOUhIUWK8n7eApx89vWywQ,@MorrettiQS,24,2年,Member (2 years),,不明,,,10,91,0,2026-09-08 22:31,2026-10-05 22:30,,,https://www.youtube.com/channel/UCiOUhIUWK8n7eApx89vWywQ
UCPLCYq0fFbVvc3QZZGFELIw,@etude-えちゃーど,24,2年,Member (2 years),,不明,,,10,79,1,2026-09-08 22:31,2026-10-05 22:30,,,https://www.youtube.com/channel/UCPLCYq0fFbVvc3QZZGFELIw
UCdMTUtfTyxcbTHyZHtmug4Q,@秋桜_こすもすcsms,24,2年,Member (2 years),,不明,,,10,122,2,2026-09-10 22:00,2026-10-05 22:30,,,https://www.youtube.com/channel/UCdMTUtfTyxcbTHyZHtmug4Q
UCQDUB58GgQPyr_bS1v1axew,@あかりたん,24,2年,Member (2 years),,不明,,,10,58,0,2026-09-10 22:00,2026-10-04 22:30,,,https://www.youtube.com/channel/UCQDUB58GgQPyr_bS1v1axew
UCZmBTV_wov1E6LeqKBvzHRw,@おーいさぉ茶,24,2年,Member (2 years),,不明,,,10,569,0,2026-09-10 22:00,2026-10-05 22:30,,,https://www.youtube.com/channel/UCZmBTV_wov1E6LeqKBvzHRw
UCKxKK-c0X5EJnoDcygNBESA,@ゆい-g2k6o,24,2年,Member (2 years),,不明,,,10,21,1,2026-09-10 22:00,2026-10-05 22:30,,,https://www.youtube.com/channel/UCKxKK-c0X5EJnoDcygNBESA
UCupjHlPdyRfBQoB3Ic2sN8g,@美遊-miyuu,24,2年,Member (2 years),,不明,,,10,48,0,2026-09-10 22:00,2026-10-05 22:30,,,https://www.youtube.com/channel/UCupjHlPdyRfBQoB3Ic2sN8g
UCmPN-ErjaxUFKCNHxmeZnJQ,@めろん鮨,24,2年,Member (2 years),,不明,,,10,376,0,2026-09-10 22:00,2026-10-05 22:30,,,https://www.youtube.com/channel/UCmPN-ErjaxUFKCNHxmeZnJQ
UC2TrL_K98IVBSfZyMos7g6w,@月野あかり-y9y,24,2年,Member (2 years),,不明,,,10,157,0,2026-09-10 22:00,2026-10-04 22:30,,,https://www.youtube.com/channel/UC2TrL_K98IVBSfZyMos7g6w
UCYOxnsSrhbZA0BLSJ3bQ1_g,@がん-Gan,24,2年,Member (2 years),,不明,,,10,73,0,2026-09-10 22:00,2026-10-02 22:30,,,https://www.youtube.com/channel/UCYOxnsSrhbZA0BLSJ3bQ1_g
UCQ9dTlUJWgPVzTYKNwKyM8g,@リペッコ,24,2年,Member (2 years),,不明,,,10,42,0,2026-09-10 22:00,2026-10-05 22:30,,,https://www.youtube.com/channel/UCQ9dTlUJWgPVzTYKNwKyM8g
UCxdQk3Vg-8gAMDaKOEyOrjg,@ally_エリ,24,2年,Member (2 years),,不明,,,10,113,0,2026-09-10 22:00,2026-10-05 22:30,,,https://www.youtube.com/channel/UCxdQk3Vg-8gAMDaKOEyOrjg
UCQXvcCxUIHleVa0jNB-wcLg,@chickenhouse65,24,2年,Member (2 years),,不明,,,10,260,0,2026-09-10 22:00,2026-10-05 22:30,,,https://www.youtube.com/channel/UCQXvcCxUIHleVa0jNB-wcLg
UCxJrnqA5vxPSC6O9FRhbXDw,@四畳半-g5b,24,2年,Member (2 years),,不明,,,10,45,0,2026-09-10 22:00,2026-10-05 22:30,,,https://www.youtube.com/channel/UCxJrnqA5vxPSC6O9FRhbXDw
UCXz1r0sicf9VW75X96tmW_Q,@唯羅-w9p,24,2年,Member (2 years),,不明,,,10,34,0,2026-09-12 00:02,2026-10-05 22:30,,,https://www.youtube.com/channel/UCXz1r0sicf9VW75X96tmW_Q
UCgY1XOowjnB8Okw_vk9dTKw,@さちかな,24,2年,Member (2 years),,不明,,,10,578,0,2026-09-17 07:30,2026-10-05 22:30,,,https://www.youtube.com/channel/UCgY1XOowjnB8Okw_vk9dTKw
UCssgeqfWvdT25atkVned4uA,@riealvvv,24,2年,Member (2 years),,不明,,,9,16,0,2026-09-08 22:31,2026-10-05 22:30,,,https://www.youtube.com/channel/UCssgeqfWvdT25atkVned4uA
UCH-O0MOjv1Y64FjbwQSc6qw,@りつ-f4s,24,2年,Member (2 years),,不明,,,9,11,0,2026-09-08 22:31,2026-10-02 22:30,,,https://www.youtube.com/channel/UCH-O0MOjv1Y64FjbwQSc6qw
UCy1g57X6B4eog94sicC1_FQ,@ルリィ_07,24,2年,Member (2 years),,不明,,,9,111,0,2026-09-08 22:31,2026-10-04 22:30,,,https://www.youtube.com/channel/UCy1g57X6B4eog94sicC1_FQ
UCQ3coTlp0eilUC4aBlCHPkw,@むぎごはん-v6j,24,2年,Member (2 years),,不明,,,9,9,0,2026-09-08 22:31,2026-10-04 22:30,,,https://www.youtube.com/channel/UCQ3coTlp0eilUC4aBlCHPkw
UCKNvM-NPnUOWp97FTGDCqLg,@まめまめみそ,24,2年,Member (2 years),,不明,,,9,37,0,2026-09-08 22:31,2026-10-05 22:30,,,https://www.youtube.com/channel/UCKNvM-NPnUOWp97FTGDCqLg
UCpL9OOrK9jw9FB6IWH5UAkw,@棗ぐ,24,2年,Member (2 years),,不明,,,9,9,0,2026-09-08 22:31,2026-10-05 22:30,,,https://www.youtube.com/channel/UCpL9OOrK9jw9FB6IWH5UAkw
UCvFMLbhK0ftlqbezgZIEULA,@空無-kuumu-514,24,2年,Member (2 years),,不明,,,9,15,0,2026-09-08 22:31,2026-10-04 22:30,,,https://www.youtube.com/channel/UCvFMLbhK0ftlqbezgZIEULA
UCGMj4DmksGK_wTfrbcCAikA,@若鶏の唐揚げ-h1g,24,2年,Member (2 years),,不明,,,9,205,0,2026-09-08 22:31,2026-10-05 22:30,,,https://www.youtube.com/channel/UCGMj4DmksGK_wTfrbcCAikA
UC2sH_hGvaTC32LoSueImLVQ,@naco-n2f,24,2年,Member (2 years),,不明,,,9,101,0,2026-09-08 22:31,2026-10-04 22:30,,,https://www.youtube.com/channel/UC2sH_hGvaTC32LoSueImLVQ
UC4_O3Y9HeYVpYcMsQ962Scw,@おたまX,24,2年,Member (2 years),,不明,,,9,51,0,2026-09-08 22:31,2026-10-05 22:30,,,https://www.youtube.com/channel/UC4_O3Y9HeYVpYcMsQ962Scw
UCvEFc3sclhA3IwTv5oWwCeA,@ぱんこむぎ-0v0,24,2年,Member (2 years),,不明,,,9,89,0,2026-09-08 22:31,2026-10-04 22:30,,,https://www.youtube.com/channel/UCvEFc3sclhA3IwTv5oWwCeA
UCRHqVKpAWowUf02upYE7FQg,@めーぷる_edihakat,24,2年,Member (2 years),,不明,,,9,52,0,2026-09-08 22:31,2026-09-27 23:00,,,https://www.youtube.com/channel/UCRHqVKpAWowUf02upYE7FQg
UC3uT3iOLnguJSfDR7Kw5mMA,@yulihirocokujoh7187,24,2年,Member (2 years),,不明,,,9,46,0,2026-09-08 22:31,2026-10-05 22:30,,,https://www.youtube.com/channel/UC3uT3iOLnguJSfDR7Kw5mMA
UCSx0JJa4Rr69gxXavoTW3zQ,@カメリア-r1n,24,2年,Member (2 years),,不明,,,9,71,0,2026-09-08 22:31,2026-10-02 22:30,,,https://www.youtube.com/channel/UCSx0JJa4Rr69gxXavoTW3zQ
UCjf8pmEU54WOQ3onm1X0l0g,@レンズ-g8z,24,2年,Member (2 years),,不明,,,9,92,0,2026-09-08 22:31,2026-10-04 22:30,,,https://www.youtube.com/channel/UCjf8pmEU54WOQ3onm1X0l0g
UCFeq-Y0owUxXomJXYUQAP6w,@meguey3932,24,2年,Member (2 years),,不明,,,9,59,0,2026-09-08 22:31,2026-09-26 21:33,,,https://www.youtube.com/channel/UCFeq-Y0owUxXomJXYUQAP6w
UCilgJqGIavWL8pc1t9lVLnQ,@ふぁいなるふぁんた爺,24,2年,Member (2 years),,不明,,,9,61,0,2026-09-08 22:31,2026-10-04 22:30,,,https://www.youtube.com/channel/UCilgJqGIavWL8pc1t9lVLnQ
UCge2FGYT3oiCHkGCw75OCRA,@ku_syamyi2035,24,2年,Member (2 years),,不明,,,9,34,0,2026-09-08 22:31,2026-10-02 22:30,,,https://www.youtube.com/channel/UCge2FGYT3oiCHkGCw75OCRA
UCd4B7iDh7jkW6Aeu2CFt7tw,@YOITUKI,24,2年,Member (2 years),,不明,,,9,136,0,2026-09-08 22:31,2026-09-27 23:00,,,https://www.youtube.com/channel/UCd4B7iDh7jkW6Aeu2CFt7tw
UCOD-Wjill8L-vFZKYyI_pVw,@かなこっち-l2u,24,2年,Member (2 years),,不明,,,9,136,0,2026-09-08 22:31,2026-10-04 22:30,,,https://www.youtube.com/channel/UCOD-Wjill8L-vFZKYyI_pVw
UClg36MLXcZ9pJTfftQqvlvg,@きいさん-r2h,24,2年,Member (2 years),,不明,,,9,10,0,2026-09-08 22:31,2026-10-04 22:30,,,https://www.youtube.com/channel/UClg36MLXcZ9pJTfftQqvlvg
UCrrOlBA3Llg1o_Q42szjpJQ,@はらすいちばん,24,2年,Member (2 years),,不明,,,9,52,0,2026-09-10 22:00,2026-10-02 22:30,,,https://www.youtube.com/channel/UCrrOlBA3Llg1o_Q42szjpJQ
UCAkBySNpa9EPcGi9QMQChdQ,@ki2_キキ,24,2年,Member (2 years),,不明,,,9,166,0,2026-09-10 22:00,2026-10-05 22:30,,,https://www.youtube.com/channel/UCAkBySNpa9EPcGi9QMQChdQ
UCnC6f57e_9cVPZHAom6ap-Q,@resultmoon,24,2年,Member (2 years),,不明,,,9,760,0,2026-09-10 22:00,2026-10-05 22:30,,,https://www.youtube.com/channel/UCnC6f57e_9cVPZHAom6ap-Q
UCu7l2WJ1hgQr_DHd5RMDv0A,@あや-aya_desu,24,2年,Member (2 years),,不明,,,9,17,17,2026-09-10 22:00,2026-10-05 22:30,,,https://www.youtube.com/channel/UCu7l2WJ1hgQr_DHd5RMDv0A
UCSpqWdIk8lOqPi485oOMVzQ,@tutuki.you3,24,2年,Member (2 years),,不明,,,9,45,1,2026-09-10 22:00,2026-10-04 22:30,,,https://www.youtube.com/channel/UCSpqWdIk8lOqPi485oOMVzQ
UCMXjM8i2iRrXkXwE-jooAUQ,@むぎ茶-n9b,24,2年,Member (2 years),,不明,,,9,10,0,2026-09-10 22:00,2026-10-05 22:30,,,https://www.youtube.com/channel/UCMXjM8i2iRrXkXwE-jooAUQ
UCE0AAHfbjdn4bwlCE69z2-Q,@おきばりやす-yuuri,24,2年,Member (2 years),,不明,,,9,47,0,2026-09-10 22:00,2026-10-05 22:30,,,https://www.youtube.com/channel/UCE0AAHfbjdn4bwlCE69z2-Q
UCV_fW4vvvD8tJ2B277JARMg,@橿原なずな,24,2年,Member (2 years),,不明,,,9,63,0,2026-09-10 22:00,2026-10-05 22:30,,,https://www.youtube.com/channel/UCV_fW4vvvD8tJ2B277JARMg
UCONADBWXgonk8av40lent2g,@ゆし仔,24,2年,Member (2 years),,不明,,,9,39,0,2026-09-12 00:02,2026-10-05 22:30,,,https://www.youtube.com/channel/UCONADBWXgonk8av40lent2g
UCBODbn4LXEGD6FJ2sG-UHPQ,@ごしにじゅう-y9g,24,2年,Member (2 years),,不明,,,9,267,0,2026-09-12 00:02,2026-10-04 22:30,,,https://www.youtube.com/channel/UCBODbn4LXEGD6FJ2sG-UHPQ
UCZ3M2zbnzCn4Pu_3CXTI0sQ,@しましま719,24,2年,Member (2 years),,不明,,,9,32,0,2026-09-12 23:00,2026-10-05 22:30,,,https://www.youtube.com/channel/UCZ3M2zbnzCn4Pu_3CXTI0sQ
UCrh7e-scfHkMBZrXtgyECyQ,@Hasugi_Ruko,24,2年,Member (2 years),,不明,,,8,102,0,2026-09-08 22:31,2026-10-04 22:30,,,https://www.youtube.com/channel/UCrh7e-scfHkMBZrXtgyECyQ
UCiyJNqxej_tuf--ozpEqmcQ,@ハク-h4ku,24,2年,Member (2 years),,不明,,,8,83,0,2026-09-08 22:31,2026-10-04 22:30,,,https://www.youtube.com/channel/UCiyJNqxej_tuf--ozpEqmcQ
UCpUULfSMuUGSdXf0u_bFtEw,@八代明日華,24,2年,Member (2 years),,不明,,,8,484,0,2026-09-08 22:31,2026-10-05 22:30,,,https://www.youtube.com/channel/UCpUULfSMuUGSdXf0u_bFtEw
UCi5w_nnVguf4l8NGVq8yv9A,@割れせんべい_復元機,24,2年,Member (2 years),,不明,,,8,21,0,2026-09-08 22:31,2026-10-05 22:30,,,https://www.youtube.com/channel/UCi5w_nnVguf4l8NGVq8yv9A
UC2_o6dMrcFm3rIU9r0WrmNQ,@流季リュウキ,24,2年,Member (2 years),,不明,,,8,51,0,2026-09-08 22:31,2026-10-04 22:30,,,https://www.youtube.com/channel/UC2_o6dMrcFm3rIU9r0WrmNQ
UCGT1WZZ2setLLr1nO8GwNGw,@wid4947,24,2年,Member (2 years),,不明,,,8,190,0,2026-09-08 22:31,2026-09-26 21:33,,,https://www.youtube.com/channel/UCGT1WZZ2setLLr1nO8GwNGw
UC1moTKDHdPB37EWIBkOHuDQ,@すずけろ-u7g,24,2年,Member (2 years),,不明,,,8,74,0,2026-09-08 22:31,2026-10-04 22:30,,,https://www.youtube.com/channel/UC1moTKDHdPB37EWIBkOHuDQ
UCH5mWdDSfFO5yY0EBITx9sg,@ぽむぽむ-s5c,24,2年,Member (2 years),,不明,,,8,1001,3,2026-09-08 22:31,2026-10-05 22:30,,,https://www.youtube.com/channel/UCH5mWdDSfFO5yY0EBITx9sg
UCAlk4gPE-BEtVAPml323n6g,@o0くぅちゃん0o,24,2年,Member (2 years),,加賀美ハヤトのメンバーシップ,再加入/レベル変更,,8,181,0,2026-09-08 22:31,2026-10-05 22:30,,,https://www.youtube.com/channel/UCAlk4gPE-BEtVAPml323n6g
UC8zmIYS2H-aCX8SU4yVyN2Q,@わかば-b5t,24,2年,Member (2 years),,不明,,,8,12,0,2026-09-08 22:31,2026-10-04 22:30,,,https://www.youtube.com/channel/UC8zmIYS2H-aCX8SU4yVyN2Q
UCsxHwNhKumi9HFZxCoG3RGw,@クラクラ-0101,24,2年,Member (2 years),,不明,,,8,23,1,2026-09-08 22:31,2026-10-05 22:30,,,https://www.youtube.com/channel/UCsxHwNhKumi9HFZxCoG3RGw
UCHedFPoacUnRxRygrdns8nQ,@白玉砂月,24,2年,Member (2 years),,不明,,,8,66,0,2026-09-08 22:31,2026-10-02 22:30,,,https://www.youtube.com/channel/UCHedFPoacUnRxRygrdns8nQ
UClDZ89zqybJzJrIcvyqQVtA,@ヴェルス.xx0099,24,2年,Member (2 years),,不明,,,8,17,0,2026-09-08 22:31,2026-10-04 22:30,,,https://www.youtube.com/channel/UClDZ89zqybJzJrIcvyqQVtA
UCzyzI7ZyNpu_DPqCwdOYEBQ,@近衛羽鶴,24,2年,Member (2 years),,不明,,,8,217,0,2026-09-08 22:31,2026-10-05 22:30,,,https://www.youtube.com/channel/UCzyzI7ZyNpu_DPqCwdOYEBQ
UCVZJceXcnVw0Nj-UF5oKlQQ,@Ricckey,24,2年,Member (2 years),,不明,,,8,296,0,2026-09-08 22:31,2026-10-05 22:30,,,https://www.youtube.com/channel/UCVZJceXcnVw0Nj-UF5oKlQQ
UCIoBHSWhypv1n1ia9DJaBNA,@ちぃたら-cyitara,24,2年,Member (2 years),,不明,,,8,130,0,2026-09-08 22:31,2026-10-02 22:30,,,https://www.youtube.com/channel/UCIoBHSWhypv1n1ia9DJaBNA
UCubq5aE78RcoXj5lJNDRXRA,@らちゃにこる,24,2年,Member (2 years),,不明,,,8,68,0,2026-09-08 22:31,2026-10-02 22:30,,,https://www.youtube.com/channel/UCubq5aE78RcoXj5lJNDRXRA
UCjs9_82I-apUR3SmqXR3_qg,@ぺちゃん子,24,2年,Member (2 years),,不明,,,8,134,2,2026-09-10 22:00,2026-10-05 22:30,,,https://www.youtube.com/channel/UCjs9_82I-apUR3SmqXR3_qg
UCN8gE5YvoiyLbTNLOELjYdA,@タケノコよっぴぃ,24,2年,Member (2 years),,不明,,,8,16,0,2026-09-10 22:00,2026-10-05 22:30,,,https://www.youtube.com/channel/UCN8gE5YvoiyLbTNLOELjYdA
UC9Ny9_2P6euLrmUMeZGgHhg,@ちゅーん_Chu_yuna,24,2年,Member (2 years),,不明,,,8,43,0,2026-09-10 22:00,2026-10-04 22:30,,,https://www.youtube.com/channel/UC9Ny9_2P6euLrmUMeZGgHhg
UCIXYdeO_mEI-xJDD9BPoLmA,@みけ-w6h,24,2年,Member (2 years),,不明,,,8,32,2,2026-09-10 22:00,2026-10-05 22:30,,,https://www.youtube.com/channel/UCIXYdeO_mEI-xJDD9BPoLmA
UCFclvLIdkdELXg1Zb-5TeXQ,@ひかる-r6p8u,24,2年,Member (2 years),,不明,,,8,14,0,2026-09-10 22:00,2026-10-04 22:30,,,https://www.youtube.com/channel/UCFclvLIdkdELXg1Zb-5TeXQ
UCadFJivXrZh214Y3Xj2DQ0Q,@五徳猫-f3l,24,2年,Member (2 years),,不明,,,8,107,0,2026-09-10 22:00,2026-10-05 22:30,,,https://www.youtube.com/channel/UCadFJivXrZh214Y3Xj2DQ0Q
UCEivWcgLOy-yWvqm6SDIM4w,@おむれつ侍,24,2年,Member (2 years),,不明,,,8,228,0,2026-09-10 22:00,2026-10-05 22:30,,,https://www.youtube.com/channel/UCEivWcgLOy-yWvqm6SDIM4w
UCyUNBpU3LM_MKGqjnBDXg6w,@めぐむ-p3d,24,2年,Member (2 years),,不明,,,8,8,8,2026-09-10 22:00,2026-10-05 22:30,,,https://www.youtube.com/channel/UCyUNBpU3LM_MKGqjnBDXg6w
UCLdQICwSNBy1-16fXsh4VZg,@ポムコ-p3j,24,2年,Member (2 years),,不明,,,8,26,0,2026-09-10 22:00,2026-10-04 22:30,,,https://www.youtube.com/channel/UCLdQICwSNBy1-16fXsh4VZg
UCJpR6c5YRxCL1D5qubVYtIQ,@erika7878,24,2年,Member (2 years),,不明,,,8,49,0,2026-09-10 22:00,2026-10-02 22:30,,,https://www.youtube.com/channel/UCJpR6c5YRxCL1D5qubVYtIQ
UCCwlYffBbBsJ9i2pY1XXosA,@みやつき_miyatsuki38,24,2年,Member (2 years),,不明,,,8,43,0,2026-09-10 22:00,2026-10-05 22:30,,,https://www.youtube.com/channel/UCCwlYffBbBsJ9i2pY1XXosA
UCkWl1oYLhlZ82HGch8l8uZA,@桐崎御影,24,2年,Member (2 years),,不明,,,8,84,0,2026-09-10 22:00,2026-10-05 22:30,,,https://www.youtube.com/channel/UCkWl1oYLhlZ82HGch8l8uZA
UC5rsaE3j1RrNj3BdlhDJATQ,@弾丸-l9v,24,2年,Member (2 years),,不明,,,8,33,0,2026-09-10 22:00,2026-10-04 22:30,,,https://www.youtube.com/channel/UC5rsaE3j1RrNj3BdlhDJATQ
UCfpchPXzXpxWRVxeaJ7QqmA,@セツ-s,24,2年,Member (2 years),,不明,,,8,11,0,2026-09-12 00:02,2026-10-05 22:30,,,https://www.youtube.com/channel/UCfpchPXzXpxWRVxeaJ7QqmA
UC-bqJ6InH2swhNfK6jhqE1A,@miu1605,24,2年,Member (2 years),,不明,,,8,16,0,2026-09-12 00:02,2026-10-02 22:30,,,https://www.youtube.com/channel/UC-bqJ6InH2swhNfK6jhqE1A
UC4lANNX_h2-BGxVhb6m7f3w,@ざるそば_GcGs,24,2年,Member (2 years),,不明,,,8,56,0,2026-09-12 00:02,2026-10-05 22:30,,,https://www.youtube.com/channel/UC4lANNX_h2-BGxVhb6m7f3w
UCBPOKyODXajDrKRDdIDkMJg,@はるたま3,24,2年,Member (2 years),,不明,,,8,34,0,2026-09-12 00:02,2026-10-04 22:30,,,https://www.youtube.com/channel/UCBPOKyODXajDrKRDdIDkMJg
UCqLnpTYvtO7ZuSutDI4huVA,@しじみーる,24,2年,Member (2 years),,不明,,,8,19,0,2026-09-12 00:02,2026-10-02 22:30,,,https://www.youtube.com/channel/UCqLnpTYvtO7ZuSutDI4huVA
UCwz1ECfA80oZyuGXAP4cG0A,@藤白-f46,24,2年,Member (2 years),,不明,,,8,22,4,2026-09-12 00:02,2026-10-05 22:30,,,https://www.youtube.com/channel/UCwz1ECfA80oZyuGXAP4cG0A
UCaJZq-yg2ZxAlFPCEaOA7BA,@さむ-c6w,24,2年,Member (2 years),,不明,,,8,30,0,2026-09-12 23:00,2026-10-04 22:30,,,https://www.youtube.com/channel/UCaJZq-yg2ZxAlFPCEaOA7BA
UCwz13N9Il-AMl_tortgD19Q,@つかさ-x6e,24,2年,Member (2 years),,不明,,,7,44,0,2026-09-08 22:31,2026-10-05 22:30,,,https://www.youtube.com/channel/UCwz13N9Il-AMl_tortgD19Q
UC3bqys2UAx2dV9XBI1XV5Yg,@ティス_39,24,2年,Member (2 years),,不明,,,7,21,0,2026-09-08 22:31,2026-10-05 22:30,,,https://www.youtube.com/channel/UC3bqys2UAx2dV9XBI1XV5Yg
UC5NNFnZTtml3DGvSMgFtJkQ,@あやこーべ,24,2年,Member (2 years),,不明,,,7,7,0,2026-09-08 22:31,2026-10-05 22:30,,,https://www.youtube.com/channel/UC5NNFnZTtml3DGvSMgFtJkQ
UCvFuVzuzsUPdNGFgUd7CG7w,@みみじゅ_mimijuuuuu,24,2年,Member (2 years),,不明,,,7,12,0,2026-09-08 22:31,2026-09-27 23:00,,,https://www.youtube.com/channel/UCvFuVzuzsUPdNGFgUd7CG7w
UCijbn48eZloCRz5pnS3_lOg,@みんとちょ仔,24,2年,Member (2 years),,不明,,,7,9,0,2026-09-08 22:31,2026-10-05 22:30,,,https://www.youtube.com/channel/UCijbn48eZloCRz5pnS3_lOg
UChetYXF3SkzN9BKkSjxCH9g,@unaboros,24,2年,Member (2 years),,不明,,,7,83,0,2026-09-08 22:31,2026-10-05 22:30,,,https://www.youtube.com/channel/UChetYXF3SkzN9BKkSjxCH9g
UC89lpBBRlFuol7QmahoM49A,@sabook.しゃび,24,2年,Member (2 years),,不明,,,7,13,0,2026-09-08 22:31,2026-10-04 22:30,,,https://www.youtube.com/channel/UC89lpBBRlFuol7QmahoM49A
UC_PufyHRflCh3Aiwmt18L_Q,@nyaosake,24,2年,Member (2 years),,不明,,,7,253,0,2026-09-08 22:31,2026-10-04 22:30,,,https://www.youtube.com/channel/UC_PufyHRflCh3Aiwmt18L_Q
UCqn1c_tZA9BJKfbX6xjuPQQ,@darkblood_1022,24,2年,Member (2 years),,不明,,,7,40,2,2026-09-08 22:31,2026-10-05 22:30,,,https://www.youtube.com/channel/UCqn1c_tZA9BJKfbX6xjuPQQ
UCWaCKv30DrBk1P8SBipMjmQ,@QRA_貴局名は_なんですか,24,2年,Member (2 years),,不明,,,7,36,0,2026-09-08 22:31,2026-10-05 22:30,,,https://www.youtube.com/channel/UCWaCKv30DrBk1P8SBipMjmQ
UCNHsQNXK5Tl-fRKfqcoJ88w,@tomo6144,24,2年,Member (2 years),,不明,,,7,9,0,2026-09-08 22:31,2026-10-02 22:30,,,https://www.youtube.com/channel/UCNHsQNXK5Tl-fRKfqcoJ88w
UCl9sdMnaZ4iI2yFQwhUGBXQ,@あーやや-u6b,24,2年,Member (2 years),,不明,,,7,47,3,2026-09-08 22:31,2026-10-04 22:30,,,https://www.youtube.com/channel/UCl9sdMnaZ4iI2yFQwhUGBXQ
UCX55AwwSOjYq_CBH4vXijkA,@hoho-wt9qc,24,2年,Member (2 years),,不明,,,7,12,0,2026-09-08 22:31,2026-10-05 22:30,,,https://www.youtube.com/channel/UCX55AwwSOjYq_CBH4vXijkA
UCPR0aQ5qP7gmSDt8HKc9qSQ,@すちーる缶,24,2年,Member (2 years),,不明,,,7,48,0,2026-09-08 22:31,2026-09-22 14:02,,,https://www.youtube.com/channel/UCPR0aQ5qP7gmSDt8HKc9qSQ
UCW2fF923Z1PSV1uE40ml7PQ,@閔天,24,2年,Member (2 years),,不明,,,7,46,0,2026-09-08 22:31,2026-10-05 22:30,,,https://www.youtube.com/channel/UCW2fF923Z1PSV1uE40ml7PQ
UC3096L1r39w5mvLvx9pNQOQ,@ユウセン-v5r,24,2年,Member (2 years),,不明,,,7,21,0,2026-09-08 22:31,2026-10-04 22:30,,,https://www.youtube.com/channel/UC3096L1r39w5mvLvx9pNQOQ
UC51O3ERT0C8x8NfIZIFRTsw,@ウホホgorilla_uho,24,2年,Member (2 years),,不明,,,7,103,0,2026-09-08 22:31,2026-10-04 22:30,,,https://www.youtube.com/channel/UC51O3ERT0C8x8NfIZIFRTsw
UCu_dfhJYMRfXOyN11jPtaSg,@秋緒akio,24,2年,Member (2 years),,不明,,,7,52,1,2026-09-08 22:31,2026-09-24 23:01,,,https://www.youtube.com/channel/UCu_dfhJYMRfXOyN11jPtaSg
UCEQsj3etkk0e58yn1qef_bg,@ichimatsu-sh6xe,24,2年,Member (2 years),,不明,,,7,192,0,2026-09-08 22:31,2026-10-02 22:30,,,https://www.youtube.com/channel/UCEQsj3etkk0e58yn1qef_bg
UCvE7a5JDr7ochg4AsopedgQ,@はくぼう-d2b,24,2年,Member (2 years),,不明,,,7,91,0,2026-09-08 22:31,2026-10-02 22:30,,,https://www.youtube.com/channel/UCvE7a5JDr7ochg4AsopedgQ
UCEif1fWLwLRz8QWdWtXth9Q,@長月mk2,24,2年,Member (2 years),,不明,,,7,96,0,2026-09-08 22:31,2026-10-05 22:30,,,https://www.youtube.com/channel/UCEif1fWLwLRz8QWdWtXth9Q
UC41xvjqgCqdxx0B9ZJVTD-A,@神滅妖蟲ペンドラーゴ,24,2年,Member (2 years),,不明,,,7,34,0,2026-09-08 22:31,2026-10-05 22:30,,,https://www.youtube.com/channel/UC41xvjqgCqdxx0B9ZJVTD-A
UCh-fbTlJUizCi-0cXMMCP3Q,@斎藤-w8u,24,2年,Member (2 years),,不明,,,7,16,0,2026-09-08 22:31,2026-10-05 22:30,,,https://www.youtube.com/channel/UCh-fbTlJUizCi-0cXMMCP3Q
UC7hkPygFlNqBkaWZbvSFX6g,@ソングzgmf,24,2年,Member (2 years),,不明,,,7,62,0,2026-09-08 22:31,2026-10-05 22:30,,,https://www.youtube.com/channel/UC7hkPygFlNqBkaWZbvSFX6g
UC6criCev6Q9BbOOpPqnFX0g,@妃紀-hinori,24,2年,Member (2 years),,不明,,,7,46,0,2026-09-08 22:31,2026-10-04 22:30,,,https://www.youtube.com/channel/UC6criCev6Q9BbOOpPqnFX0g
UCsHIrbZue9qOwOXu3WytUeg,@こみゃごめピぽット,24,2年,Member (2 years),,不明,,,7,133,0,2026-09-08 22:31,2026-10-04 22:30,,,https://www.youtube.com/channel/UCsHIrbZue9qOwOXu3WytUeg
UCVLmDEG_vJjLUMPHeDJZk3g,@鷹乃ほぉく,24,2年,Member (2 years),,不明,,,7,55,0,2026-09-08 22:31,2026-10-05 22:30,,,https://www.youtube.com/channel/UCVLmDEG_vJjLUMPHeDJZk3g
UCMzqsPg5auTrzr4nKVVhQow,@秋月実鈴,24,2年,Member (2 years),,不明,,,7,24,0,2026-09-08 22:31,2026-10-04 22:30,,,https://www.youtube.com/channel/UCMzqsPg5auTrzr4nKVVhQow
UCsFxgp5trhlmOJBH-cXUoLw,@秋あざみ_wumf,24,2年,Member (2 years),,不明,,,7,23,0,2026-09-10 22:00,2026-10-04 22:30,,,https://www.youtube.com/channel/UCsFxgp5trhlmOJBH-cXUoLw
UCse0qcLhtj-1Uav08vcUG3Q,@ややうり,24,2年,Member (2 years),,不明,,,7,20,0,2026-09-10 22:00,2026-09-24 23:01,,,https://www.youtube.com/channel/UCse0qcLhtj-1Uav08vcUG3Q
UClBlM9CacPEDL04MxeImiuw,@平仮名のさき,24,2年,Member (2 years),,不明,,,7,19,2,2026-09-10 22:00,2026-10-05 22:30,,,https://www.youtube.com/channel/UClBlM9CacPEDL04MxeImiuw
UCqpJ_jAf8nuglhiWhiYq05Q,@yukidruma8452,24,2年,Member (2 years),,不明,,,7,433,0,2026-09-10 22:00,2026-10-04 22:30,,,https://www.youtube.com/channel/UCqpJ_jAf8nuglhiWhiYq05Q
UC-0b_3PITm16bnhgM2ZJffg,@ゆゆゆのゆずさん,24,2年,Member (2 years),,不明,,,7,26,0,2026-09-10 22:00,2026-10-05 22:30,,,https://www.youtube.com/channel/UC-0b_3PITm16bnhgM2ZJffg
UCwOd4WCz822G5lvZF95gSJg,@昆虫-may,24,2年,Member (2 years),,不明,,,7,35,1,2026-09-10 22:00,2026-10-05 22:30,,,https://www.youtube.com/channel/UCwOd4WCz822G5lvZF95gSJg
UCW9I1kfMEhnITkrEPS5yAkA,@熊工廠,24,2年,Member (2 years),,不明,,,7,754,0,2026-09-10 22:00,2026-10-05 22:30,,,https://www.youtube.com/channel/UCW9I1kfMEhnITkrEPS5yAkA
UC5zvWBHc6BK7YQXZi043EMQ,@りりか_ririririririka,24,2年,Member (2 years),,不明,,,7,20,0,2026-09-10 22:00,2026-10-05 22:30,,,https://www.youtube.com/channel/UC5zvWBHc6BK7YQXZi043EMQ
UC4FI7fDBjjTBeCmiQrANiww,@takuno_shin,24,2年,Member (2 years),,不明,,,7,117,1,2026-09-10 22:00,2026-10-04 22:30,,,https://www.youtube.com/channel/UC4FI7fDBjjTBeCmiQrANiww
UCVDn-lNuRkMC5i6nrCUT0hA,@yyi_knt...やよかな,24,2年,Member (2 years),,不明,,,7,42,0,2026-09-10 22:00,2026-10-04 22:30,,,https://www.youtube.com/channel/UCVDn-lNuRkMC5i6nrCUT0hA
UC65t4sBwjmnwOH9rsZe1ZSQ,@さくらゆき-e9i,24,2年,Member (2 years),,不明,,,7,175,0,2026-09-10 22:00,2026-10-04 22:30,,,https://www.youtube.com/channel/UC65t4sBwjmnwOH9rsZe1ZSQ
UC6GM1Pwm_HrZmRvenZ4ty_Q,@ろんろん-k4b,24,2年,Member (2 years),,不明,,,7,7,7,2026-09-10 22:00,2026-10-05 22:30,,,https://www.youtube.com/channel/UC6GM1Pwm_HrZmRvenZ4ty_Q
UCqVTPuM0eJO3zJnfb27-tvg,@めあり-0,24,2年,Member (2 years),,不明,,,7,18,0,2026-09-12 00:02,2026-10-05 22:30,,,https://www.youtube.com/channel/UCqVTPuM0eJO3zJnfb27-tvg
UCesAtVZHe24z5DaYhP0K2cg,@奏太-p3k,24,2年,Member (2 years),,不明,,,7,16,0,2026-09-12 00:02,2026-10-04 22:30,,,https://www.youtube.com/channel/UCesAtVZHe24z5DaYhP0K2cg
UCMjh9zbUc__0GBJzROaflqQ,@Syuwo,24,2年,Member (2 years),,不明,,,7,22,0,2026-09-12 00:02,2026-10-05 22:30,,,https://www.youtube.com/channel/UCMjh9zbUc__0GBJzROaflqQ
UCQMayMVPqQfN3HkEz8KnThw,@machi-2711,24,2年,Member (2 years),,不明,,,7,46,0,2026-09-12 00:02,2026-10-04 22:30,,,https://www.youtube.com/channel/UCQMayMVPqQfN3HkEz8KnThw
UCTVduDPUSLCAKnJ0atLYkOg,@たにやーーーん,24,2年,Member (2 years),,不明,,,7,19,0,2026-09-12 23:00,2026-10-02 22:30,,,https://www.youtube.com/channel/UCTVduDPUSLCAKnJ0atLYkOg
UC0xcmvj1_TuTgvnnnhLTOSg,@akko818,24,2年,Member (2 years),,不明,,,7,12,0,2026-09-12 23:00,2026-10-05 22:30,,,https://www.youtube.com/channel/UC0xcmvj1_TuTgvnnnhLTOSg
UC7OzGvplURcbPjbJ2RKkmPg,@月住ラボ,24,2年,Member (2 years),,不明,,,7,7,7,2026-09-12 23:00,2026-10-05 22:30,,,https://www.youtube.com/channel/UC7OzGvplURcbPjbJ2RKkmPg
UCJUqkjThjZVTZIctauatzYQ,@紫翆-しすい,24,2年,Member (2 years),,不明,,,7,17,0,2026-09-17 07:30,2026-10-05 22:30,,,https://www.youtube.com/channel/UCJUqkjThjZVTZIctauatzYQ
UCiVtXESHGYBD3dKdDQdLJCw,@分裂式生命体,24,2年,Member (2 years),,不明,,,7,55,0,2026-09-17 22:05,2026-10-02 22:30,,,https://www.youtube.com/channel/UCiVtXESHGYBD3dKdDQdLJCw
UCFstD45hwm7NFCvIGd4fstw,@アマヤ_amaya,24,2年,Member (2 years),,不明,,,7,23,0,2026-09-18 21:30,2026-10-05 22:30,,,https://www.youtube.com/channel/UCFstD45hwm7NFCvIGd4fstw
UCXSP_pyd-qoEcc3iy4WP9KQ,@sail1932,24,2年,Member (2 years),,不明,,,7,31,0,2026-09-22 14:02,2026-10-05 22:30,,,https://www.youtube.com/channel/UCXSP_pyd-qoEcc3iy4WP9KQ
UCCl7zg0QyIzyxqO69RpT5sA,@ナトリウム-b5y,24,2年,Member (2 years),,不明,,,6,18,0,2026-09-08 22:31,2026-10-04 22:30,,,https://www.youtube.com/channel/UCCl7zg0QyIzyxqO69RpT5sA
UCAfozvyF3_JBlL9It4ibxNQ,@Huuu3,24,2年,Member (2 years),,不明,,,6,6,0,2026-09-08 22:31,2026-10-05 22:30,,,https://www.youtube.com/channel/UCAfozvyF3_JBlL9It4ibxNQ
UCxkg06rtxxxwzZGMWnm8V8w,@朔_397,24,2年,Member (2 years),,不明,,,6,34,0,2026-09-08 22:31,2026-10-05 22:30,,,https://www.youtube.com/channel/UCxkg06rtxxxwzZGMWnm8V8w
UCzkCTGje2Of79t3A7v1TrSw,@ふぅ-l2l,24,2年,Member (2 years),,不明,,,6,141,2,2026-09-08 22:31,2026-09-24 23:01,,,https://www.youtube.com/channel/UCzkCTGje2Of79t3A7v1TrSw
UCw7oiU44-0rUK0e1_jNMsLA,@ゆき-s2q4z,24,2年,Member (2 years),,不明,,,6,11,0,2026-09-08 22:31,2026-10-02 22:30,,,https://www.youtube.com/channel/UCw7oiU44-0rUK0e1_jNMsLA
UCwzvS8fo5yZ87tTLTxSc9lQ,@あずさ-f3b,24,2年,Member (2 years),,不明,,,6,68,0,2026-09-08 22:31,2026-10-02 20:00,,,https://www.youtube.com/channel/UCwzvS8fo5yZ87tTLTxSc9lQ
UCnTs8Xn6H-MGig3hBgdi5hA,@柳山羊コシチ,24,2年,Member (2 years),,不明,,,6,306,0,2026-09-08 22:31,2026-10-05 22:30,,,https://www.youtube.com/channel/UCnTs8Xn6H-MGig3hBgdi5hA
UCrbNB80nhmImsTWDyAWwptg,@アルマシオン,24,2年,Member (2 years),,不明,,,6,141,0,2026-09-08 22:31,2026-10-04 22:30,,,https://www.youtube.com/channel/UCrbNB80nhmImsTWDyAWwptg
UCwimQZORA83HZed51x_Ki_g,@kurokoge-sando,24,2年,Member (2 years),,不明,,,6,10,0,2026-09-08 22:31,2026-10-02 20:00,,,https://www.youtube.com/channel/UCwimQZORA83HZed51x_Ki_g
UC6kSrzpHeIziRkUXzIs8XSQ,@arimoya479,24,2年,Member (2 years),,不明,,,6,12,0,2026-09-08 22:31,2026-10-02 20:00,,,https://www.youtube.com/channel/UC6kSrzpHeIziRkUXzIs8XSQ
UCBSEM5X9dh8CEWeL7KKW9_w,@葱おいしい,24,2年,Member (2 years),,不明,,,6,9,0,2026-09-08 22:31,2026-10-04 22:30,,,https://www.youtube.com/channel/UCBSEM5X9dh8CEWeL7KKW9_w
UCz4CRb7ZHM6NTCnd6jAjbkA,@ペンギン-l1m,24,2年,Member (2 years),,不明,,,6,91,1,2026-09-08 22:31,2026-10-05 22:30,,,https://www.youtube.com/channel/UCz4CRb7ZHM6NTCnd6jAjbkA
UCkAfs67WB5jQuyDjEuxoXnQ,@和泉-i7v,24,2年,Member (2 years),,不明,,,6,59,0,2026-09-08 22:31,2026-10-02 20:00,,,https://www.youtube.com/channel/UCkAfs67WB5jQuyDjEuxoXnQ
UCsBvV_L98LnMqxdSgx3Z7TQ,@xq3538,24,2年,Member (2 years),,不明,,,6,44,0,2026-09-08 22:31,2026-10-05 22:30,,,https://www.youtube.com/channel/UCsBvV_L98LnMqxdSgx3Z7TQ
UCsizLyzhA5eKxDkrK0aDUUQ,@カットゥース,24,2年,Member (2 years),,不明,,,6,24,0,2026-09-08 22:31,2026-10-04 22:30,,,https://www.youtube.com/channel/UCsizLyzhA5eKxDkrK0aDUUQ
UCTJIQurKUfH_NWgXOEbTuMg,@あいそたくてぃっく,24,2年,Member (2 years),,不明,,,6,53,0,2026-09-08 22:31,2026-10-05 22:30,,,https://www.youtube.com/channel/UCTJIQurKUfH_NWgXOEbTuMg
UCSgoImMQhehEnF3wekInV9g,@weisjo5227,24,2年,Member (2 years),,不明,,,6,12,0,2026-09-08 22:31,2026-10-04 22:30,,,https://www.youtube.com/channel/UCSgoImMQhehEnF3wekInV9g
UCa3fmlauksYYwErtW4V_Llg,@pyonpyon0521,24,2年,Member (2 years),,不明,,,6,23,0,2026-09-08 22:31,2026-10-04 22:30,,,https://www.youtube.com/channel/UCa3fmlauksYYwErtW4V_Llg
UC7tOUfOuwO-az3Zv6M8-BWg,@shino2020,24,2年,Member (2 years),,不明,,,6,7,0,2026-09-08 22:31,2026-10-04 22:30,,,https://www.youtube.com/channel/UC7tOUfOuwO-az3Zv6M8-BWg
UCOzasnOhDY9skzNZoIbgMXA,@umememe1,24,2年,Member (2 years),,不明,,,6,7,0,2026-09-08 22:31,2026-09-22 14:02,,,https://www.youtube.com/channel/UCOzasnOhDY9skzNZoIbgMXA
UCvBBTeorFLFCDlvd9lxhqNw,@羅羅-t8t,24,2年,Member (2 years),,不明,,,6,26,0,2026-09-08 22:31,2026-10-04 22:30,,,https://www.youtube.com/channel/UCvBBTeorFLFCDlvd9lxhqNw
UC4T6-Yas_YARsJlMN4UPdDQ,@楠葉-c3s,24,2年,Member (2 years),,不明,,,6,28,0,2026-09-08 22:31,2026-10-04 22:30,,,https://www.youtube.com/channel/UC4T6-Yas_YARsJlMN4UPdDQ
UCpJqmpR7p1Q7ksDmxstJhFA,@mishabell2602,24,2年,Member (2 years),,不明,,,6,9,0,2026-09-08 22:31,2026-09-24 23:01,,,https://www.youtube.com/channel/UCpJqmpR7p1Q7ksDmxstJhFA
UCeqMd2EANEfnxrbJV6DHalw,@ドリィ0043,24,2年,Member (2 years),,不明,,,6,27,0,2026-09-08 22:31,2026-10-04 22:30,,,https://www.youtube.com/channel/UCeqMd2EANEfnxrbJV6DHalw
UCOLxb794DvpbEUcNm3RLm0Q,@ミルクティー-t8r,24,2年,Member (2 years),,不明,,,6,12,0,2026-09-08 22:31,2026-10-05 22:30,,,https://www.youtube.com/channel/UCOLxb794DvpbEUcNm3RLm0Q
UCUb5biSoZuRzpn7F4O-vJZA,@あおも-w6j,24,2年,Member (2 years),,不明,,,6,10,0,2026-09-10 22:00,2026-10-05 22:30,,,https://www.youtube.com/channel/UCUb5biSoZuRzpn7F4O-vJZA
UCmzU2Rw3wMfJjB27GaiB4gw,@syuu_08,24,2年,Member (2 years),,不明,,,6,7,0,2026-09-10 22:00,2026-10-05 22:30,,,https://www.youtube.com/channel/UCmzU2Rw3wMfJjB27GaiB4gw
UCiUDzkjrG9wU91V4sX-QIPw,@ぬぬぬ-g1d,24,2年,Member (2 years),,不明,,,6,17,0,2026-09-10 22:00,2026-10-04 22:30,,,https://www.youtube.com/channel/UCiUDzkjrG9wU91V4sX-QIPw
UC-ZEn5UtJUsMdHyIzjfIiGw,@りーざ-rieza0529,24,2年,Member (2 years),,不明,,,6,8,0,2026-09-10 22:00,2026-10-04 22:30,,,https://www.youtube.com/channel/UC-ZEn5UtJUsMdHyIzjfIiGw
UChGM2j9EWnpbrQYgpjHktog,@karapoko6496,24,2年,Member (2 years),,不明,,,6,18,0,2026-09-10 22:00,2026-10-05 22:30,,,https://www.youtube.com/channel/UChGM2j9EWnpbrQYgpjHktog
UCIouglHixPCEyw_i8rsemcw,@sodaigomichan,24,2年,Member (2 years),,不明,,,6,7,6,2026-09-10 22:00,2026-10-05 22:30,,,https://www.youtube.com/channel/UCIouglHixPCEyw_i8rsemcw
UCBey5y4Xgllpx635uu2Av9g,@板屋木風,24,2年,Member (2 years),,不明,,,6,381,0,2026-09-10 22:00,2026-10-05 22:30,,,https://www.youtube.com/channel/UCBey5y4Xgllpx635uu2Av9g
UCELYVorLGgZCtjNlMeZcXrQ,@司書らしき白猫,24,2年,Member (2 years),,不明,,,6,102,0,2026-09-10 22:00,2026-10-05 22:30,,,https://www.youtube.com/channel/UCELYVorLGgZCtjNlMeZcXrQ
UCh_meD9rH_RRgNWh0Ue-h-A,@くもと-m2n,24,2年,Member (2 years),,不明,,,6,25,0,2026-09-10 22:00,2026-09-26 21:33,,,https://www.youtube.com/channel/UCh_meD9rH_RRgNWh0Ue-h-A
UCzLgl6s5hgw7U4t4INaYNlg,@羽入-n5b,24,2年,Member (2 years),,不明,,,6,18,0,2026-09-10 22:00,2026-10-02 22:30,,,https://www.youtube.com/channel/UCzLgl6s5hgw7U4t4INaYNlg
UCXJgNEZVPJP5b-t0o_A4S3g,@az-gk6cr,24,2年,Member (2 years),,不明,,,6,7,0,2026-09-10 22:00,2026-10-02 22:30,,,https://www.youtube.com/channel/UCXJgNEZVPJP5b-t0o_A4S3g
UCHe2-1DmI4brgHy74VPcSZQ,@おまつ-m1f,24,2年,Member (2 years),,不明,,,6,20,0,2026-09-10 22:00,2026-10-04 22:30,,,https://www.youtube.com/channel/UCHe2-1DmI4brgHy74VPcSZQ
UCBbeQkhBLZyrrr3rlnzUrYg,@kinnpiragobou04,24,2年,Member (2 years),,不明,,,6,21,0,2026-09-10 22:00,2026-10-04 22:30,,,https://www.youtube.com/channel/UCBbeQkhBLZyrrr3rlnzUrYg
UCLqQPK-4Jm0Qa9a2N1L-o1A,@三日月-mikaduki06,24,2年,Member (2 years),,不明,,,6,37,0,2026-09-10 22:00,2026-10-04 22:30,,,https://www.youtube.com/channel/UCLqQPK-4Jm0Qa9a2N1L-o1A
UClI_KmTHYfo1gv-1JgQ0urA,@ラスク-t3y,24,2年,Member (2 years),,不明,,,6,16,6,2026-09-10 22:00,2026-10-04 22:30,,,https://www.youtube.com/channel/UClI_KmTHYfo1gv-1JgQ0urA
UCsRpyxz6dZ4elfk4r-3BVAA,@is__niji,24,2年,Member (2 years),,不明,,,6,17,0,2026-09-12 00:02,2026-10-05 22:30,,,https://www.youtube.com/channel/UCsRpyxz6dZ4elfk4r-3BVAA
UCtl7qYg3hN70E1fKg4UFlyw,@はち_832,24,2年,Member (2 years),,不明,,,6,238,0,2026-09-12 00:02,2026-10-05 22:30,,,https://www.youtube.com/channel/UCtl7qYg3hN70E1fKg4UFlyw
UCEh0ehGmEFnl7IfxgNtfk6Q,@Sue_game,24,2年,Member (2 years),,不明,,,6,40,0,2026-09-12 00:02,2026-10-05 22:30,,,https://www.youtube.com/channel/UCEh0ehGmEFnl7IfxgNtfk6Q
UCbKVOGjc7o4HeA6s0KQvKkQ,@dsark5641,24,2年,Member (2 years),,不明,,,6,12,0,2026-09-12 00:02,2026-10-05 22:30,,,https://www.youtube.com/channel/UCbKVOGjc7o4HeA6s0KQvKkQ
UCrqKN6_wXA25YIupjwco1AQ,@知代ちよ,24,2年,Member (2 years),,不明,,,6,23,0,2026-09-12 00:02,2026-10-05 22:30,,,https://www.youtube.com/channel/UCrqKN6_wXA25YIupjwco1AQ
UCZ9oskDCwHD3OH0TspjohVA,@湖畔のともしび,24,2年,Member (2 years),,不明,,,6,46,1,2026-09-12 00:02,2026-10-04 22:30,,,https://www.youtube.com/channel/UCZ9oskDCwHD3OH0TspjohVA
UCUZrtgJWtOaMUCKGRgBp7eA,@ジャック11号,24,2年,Member (2 years),,不明,,,6,27,0,2026-09-12 00:02,2026-10-04 22:30,,,https://www.youtube.com/channel/UCUZrtgJWtOaMUCKGRgBp7eA
UCQ6ymPcgo4gHUz2d8P_sKKQ,@きふゆ_shu08,24,2年,Member (2 years),,不明,,,6,55,0,2026-09-12 00:02,2026-09-27 23:00,,,https://www.youtube.com/channel/UCQ6ymPcgo4gHUz2d8P_sKKQ
UCLDqd9b6mhPtIflSm4xwWmg,@ermiya8709,24,2年,Member (2 years),,不明,,,6,18,0,2026-09-12 00:02,2026-10-04 22:30,,,https://www.youtube.com/channel/UCLDqd9b6mhPtIflSm4xwWmg
UCuuuzPWHG_HZpx1BkMmoD6w,@ダグラス-w8y,24,2年,Member (2 years),,不明,,,6,20,0,2026-09-12 00:02,2026-10-04 22:30,,,https://www.youtube.com/channel/UCuuuzPWHG_HZpx1BkMmoD6w
UC5pnea1zWUBsCWTWd3yxHLg,@虚無埋めエンバン2.0,24,2年,Member (2 years),,不明,,,6,31,0,2026-09-12 00:02,2026-10-04 22:30,,,https://www.youtube.com/channel/UC5pnea1zWUBsCWTWd3yxHLg
UCzMy8axHizJUNKg3tWKFtUA,@ペンペン-b2k,24,2年,Member (2 years),,不明,,,6,8,0,2026-09-12 00:02,2026-09-27 23:00,,,https://www.youtube.com/channel/UCzMy8axHizJUNKg3tWKFtUA
UCJOwRn6SQf3WG_kQf79nOcQ,@まなべ丸,24,2年,Member (2 years),,不明,,,6,10,0,2026-09-12 23:00,2026-10-05 22:30,,,https://www.youtube.com/channel/UCJOwRn6SQf3WG_kQf79nOcQ
UClaeZZpuCGc_sus92R597QQ,@結う-t5p,24,2年,Member (2 years),,不明,,,6,62,0,2026-09-12 23:00,2026-10-05 22:30,,,https://www.youtube.com/channel/UClaeZZpuCGc_sus92R597QQ
UCzJvbYbN5eIKLzRDvXgYs5A,@モッピー-l4j,24,2年,Member (2 years),,不明,,,6,7,0,2026-09-12 23:00,2026-10-05 22:30,,,https://www.youtube.com/channel/UCzJvbYbN5eIKLzRDvXgYs5A
UCui1rhS5VrhtmkGqwnX7gbg,@何かの鉢植え,24,2年,Member (2 years),,不明,,,6,24,0,2026-09-12 23:00,2026-10-05 22:30,,,https://www.youtube.com/channel/UCui1rhS5VrhtmkGqwnX7gbg
UCExXgVHCvrxd5-IhHo5Fzzw,@ぽぽp-p,24,2年,Member (2 years),,不明,,,6,112,0,2026-09-12 23:00,2026-10-05 22:30,,,https://www.youtube.com/channel/UCExXgVHCvrxd5-IhHo5Fzzw
UCHsIUh3HIs9XojIxIYBs24w,@ri_korisu,24,2年,Member (2 years),,不明,,,6,8,3,2026-09-12 23:00,2026-10-02 22:30,,,https://www.youtube.com/channel/UCHsIUh3HIs9XojIxIYBs24w
UCB0xPTKhbN3ZAWtac4_RKJw,@抹茶虫-b7m,24,2年,Member (2 years),,不明,,,6,15,0,2026-09-15 22:00,2026-10-04 22:30,,,https://www.youtube.com/channel/UCB0xPTKhbN3ZAWtac4_RKJw
UC2pmL5kBGP5SJTmcTLXsjrg,@K-hack,24,2年,Member (2 years),,不明,,,6,8,0,2026-09-15 22:00,2026-10-05 22:30,,,https://www.youtube.com/channel/UC2pmL5kBGP5SJTmcTLXsjrg
UCMmdISK46WqdDHK_mcWo3yw,@mokoburo,24,2年,Member (2 years),,不明,,,6,11,0,2026-09-17 07:30,2026-10-02 22:30,,,https://www.youtube.com/channel/UCMmdISK46WqdDHK_mcWo3yw
UChTdwjv9HimwttEFEK6eWXA,@めい-v8l,24,2年,Member (2 years),,不明,,,6,39,0,2026-09-17 22:05,2026-10-05 22:30,,,https://www.youtube.com/channel/UChTdwjv9HimwttEFEK6eWXA
UCmtmwk6qwaPtzJBjkMCVeSw,@minami_南悠季_yuki,24,2年,Member (2 years),,不明,,,5,6,0,2026-09-08 22:31,2026-10-02 22:30,,,https://www.youtube.com/channel/UCmtmwk6qwaPtzJBjkMCVeSw
UCd3dnpIDg3Kywl4az72rXdw,@ゆうすい-l4o,24,2年,Member (2 years),,不明,,,5,5,0,2026-09-08 22:31,2026-10-05 22:30,,,https://www.youtube.com/channel/UCd3dnpIDg3Kywl4az72rXdw
UCQiFY_hauy0C3DLWTzKJzLA,@azkiro_usagi,24,2年,Member (2 years),,不明,,,5,14,0,2026-09-08 22:31,2026-10-04 22:30,,,https://www.youtube.com/channel/UCQiFY_hauy0C3DLWTzKJzLA
UC_XG-Sk7FGEDolQvNl40eSA,@文梨優芦,24,2年,Member (2 years),,不明,,,5,10,0,2026-09-08 22:31,2026-10-05 22:30,,,https://www.youtube.com/channel/UC_XG-Sk7FGEDolQvNl40eSA
UCY6cIiG2W53L_AvgsJ1UC9A,@胡蝶蘭-r9n,24,2年,Member (2 years),,不明,,,5,123,0,2026-09-08 22:31,2026-10-04 22:30,,,https://www.youtube.com/channel/UCY6cIiG2W53L_AvgsJ1UC9A
UCRUwDX0Tny6qWRyb7Vwwb_Q,@棚空牡丹,24,2年,Member (2 years),,不明,,,5,26,0,2026-09-08 22:31,2026-09-26 21:33,,,https://www.youtube.com/channel/UCRUwDX0Tny6qWRyb7Vwwb_Q
UCKYEJsieHI_7nEK_1rRCpqA,@Oscar92mikan,24,2年,Member (2 years),,不明,,,5,69,0,2026-09-08 22:31,2026-09-26 21:33,,,https://www.youtube.com/channel/UCKYEJsieHI_7nEK_1rRCpqA
UCwKyz_jryr6wCTrQF1UUasA,@空白-j8i,24,2年,Member (2 years),,不明,,,5,13,0,2026-09-08 22:31,2026-10-02 20:00,,,https://www.youtube.com/channel/UCwKyz_jryr6wCTrQF1UUasA
UCUaQAFsHHrIZHOtQjoMeiUw,@回転かにみそ,24,2年,Member (2 years),,不明,,,5,58,0,2026-09-08 22:31,2026-10-02 22:30,,,https://www.youtube.com/channel/UCUaQAFsHHrIZHOtQjoMeiUw
UCe7WLdhQF6c3aTr6tpdWzRg,@八ツ橋-r9s,24,2年,Member (2 years),,不明,,,5,29,0,2026-09-08 22:31,2026-09-26 21:33,,,https://www.youtube.com/channel/UCe7WLdhQF6c3aTr6tpdWzRg
UCokB8iWs-pqXxH943v9hK4A,@活きのいいひじき,24,2年,Member (2 years),,不明,,,5,33,0,2026-09-08 22:31,2026-10-05 22:30,,,https://www.youtube.com/channel/UCokB8iWs-pqXxH943v9hK4A
UCVsN41R681ux2bx164wAQ2w,@hno3acid,24,2年,Member (2 years),,不明,,,5,23,0,2026-09-08 22:31,2026-09-26 21:33,,,https://www.youtube.com/channel/UCVsN41R681ux2bx164wAQ2w
UCkE4V5XDccMbd_PKTyQkB1A,@三絃茶屋,24,2年,Member (2 years),,不明,,,5,16,0,2026-09-08 22:31,2026-10-04 22:30,,,https://www.youtube.com/channel/UCkE4V5XDccMbd_PKTyQkB1A
UC6j9whwtzwlUpas-X6KAYbg,@user-fc4ks3xt2q,24,2年,Member (2 years),,不明,,,5,9,0,2026-09-08 22:31,2026-10-05 22:30,,,https://www.youtube.com/channel/UC6j9whwtzwlUpas-X6KAYbg
UCgQuRs9v_9y-q50x0H_JdvQ,@縁十夜-エニシトウヤ,24,2年,Member (2 years),,不明,,,5,21,1,2026-09-08 22:31,2026-10-04 22:30,,,https://www.youtube.com/channel/UCgQuRs9v_9y-q50x0H_JdvQ
UCvvEQRJC3_huZJY5iNbtKNA,@ふるーる-frr,24,2年,Member (2 years),,不明,,,5,15,0,2026-09-08 22:31,2026-10-02 22:30,,,https://www.youtube.com/channel/UCvvEQRJC3_huZJY5iNbtKNA
UC9DxiLt3eFC0bIJygZG-gFg,@ballruby759,24,2年,Member (2 years),,不明,,,5,14,0,2026-09-08 22:31,2026-10-04 22:30,,,https://www.youtube.com/channel/UC9DxiLt3eFC0bIJygZG-gFg
UC-wIkl4GhjVI8N7u_mK0pVw,@ツキノア-t5i,24,2年,Member (2 years),,不明,,,5,7,0,2026-09-08 22:31,2026-09-26 21:33,,,https://www.youtube.com/channel/UC-wIkl4GhjVI8N7u_mK0pVw
UCynDrFJ4xW9bfgAVgK_uU-Q,@alcor_ys,24,2年,Member (2 years),,不明,,,5,8,0,2026-09-08 22:31,2026-09-26 21:33,,,https://www.youtube.com/channel/UCynDrFJ4xW9bfgAVgK_uU-Q
UCcXOHxb0c0tytDXnV4VBS5w,@ウル-d3u,24,2年,Member (2 years),,不明,,,5,52,0,2026-09-08 22:31,2026-10-04 22:30,,,https://www.youtube.com/channel/UCcXOHxb0c0tytDXnV4VBS5w
UCbEGefYL1NIwx9ZvrL9MBrw,@らりるれろ_りぃ,24,2年,Member (2 years),,不明,,,5,18,0,2026-09-08 22:31,2026-09-27 23:00,,,https://www.youtube.com/channel/UCbEGefYL1NIwx9ZvrL9MBrw
UC-Wc1ov-f3LkNNCXjTfmS-g,@ロカトール,24,2年,Member (2 years),,不明,,,5,7,0,2026-09-08 22:31,2026-10-04 22:30,,,https://www.youtube.com/channel/UC-Wc1ov-f3LkNNCXjTfmS-g
UC40_fk8iCMB4tjLGcPNkMCQ,@んぱぱ-w7v,24,2年,Member (2 years),,不明,,,5,21,0,2026-09-08 22:31,2026-10-04 22:30,,,https://www.youtube.com/channel/UC40_fk8iCMB4tjLGcPNkMCQ
UCHY1xMCiwEhSBulq80f1OfQ,@shachi_maru,24,2年,Member (2 years),,不明,,,5,6,0,2026-09-08 22:31,2026-10-04 22:30,,,https://www.youtube.com/channel/UCHY1xMCiwEhSBulq80f1OfQ
UCjpfV7lh1EdhWx8-eofXGDg,@クロア-e7w,24,2年,Member (2 years),,不明,,,5,5,0,2026-09-08 22:31,2026-10-02 22:30,,,https://www.youtube.com/channel/UCjpfV7lh1EdhWx8-eofXGDg
UCzKVOEc6-GK9QNj_YDlrW9g,@くもかげ,24,2年,Member (2 years),,不明,,,5,5,0,2026-09-10 22:00,2026-10-02 22:30,,,https://www.youtube.com/channel/UCzKVOEc6-GK9QNj_YDlrW9g
UCPGHEw9lAUlIM5PYEx5f7Zw,@夏の麦茶,24,2年,Member (2 years),,不明,,,5,9,0,2026-09-10 22:00,2026-10-02 22:30,,,https://www.youtube.com/channel/UCPGHEw9lAUlIM5PYEx5f7Zw
UCq8htxitZpvo5y204o29hhQ,@ぽぽぽ-z3w,24,2年,Member (2 years),,不明,,,5,5,0,2026-09-10 22:00,2026-09-27 23:00,,,https://www.youtube.com/channel/UCq8htxitZpvo5y204o29hhQ
UC_eNgd7eGncKHHbiRxQ6X9A,@かみつれ,24,2年,Member (2 years),,不明,,,5,26,0,2026-09-10 22:00,2026-10-05 22:30,,,https://www.youtube.com/channel/UC_eNgd7eGncKHHbiRxQ6X9A
UCTTc_btgWI4nzm_t_c96aww,@tremo1luna,24,2年,Member (2 years),,不明,,,5,15,0,2026-09-10 22:00,2026-10-04 22:30,,,https://www.youtube.com/channel/UCTTc_btgWI4nzm_t_c96aww
UCEe0lpH_3mM19nQ-kO07mTQ,@キョウカ-x326,24,2年,Member (2 years),,不明,,,5,18,0,2026-09-10 22:00,2026-09-27 23:00,,,https://www.youtube.com/channel/UCEe0lpH_3mM19nQ-kO07mTQ
UCYg0gTl6VDLdOU4hhnxUPpg,@茂ヶ崎もがさ,24,2年,Member (2 years),,不明,,,5,11,0,2026-09-10 22:00,2026-10-05 22:30,,,https://www.youtube.com/channel/UCYg0gTl6VDLdOU4hhnxUPpg
UCUitYgZHYBSOF0ii-uVVXdA,@いゆ_iiyu,24,2年,Member (2 years),,不明,,,5,16,0,2026-09-10 22:00,2026-10-02 20:00,,,https://www.youtube.com/channel/UCUitYgZHYBSOF0ii-uVVXdA
UChIUOWTROCdoJ2a_A1PFc0g,@クロスケ-p1m,24,2年,Member (2 years),,不明,,,5,11,0,2026-09-10 22:00,2026-10-02 22:30,,,https://www.youtube.com/channel/UChIUOWTROCdoJ2a_A1PFc0g
UCi-j1iQXJonEphDeC368w9Q,@唯伽,24,2年,Member (2 years),,不明,,,5,29,0,2026-09-10 22:00,2026-10-05 22:30,,,https://www.youtube.com/channel/UCi-j1iQXJonEphDeC368w9Q
UC8BZzZozhUKFA9O6aDyhXiw,@アウトドアなインドア派,24,2年,Member (2 years),,不明,,,5,9,0,2026-09-10 22:00,2026-09-18 21:30,,,https://www.youtube.com/channel/UC8BZzZozhUKFA9O6aDyhXiw
UCGw_eKF3Z3Ubyoe73gFH_xA,@しとらす-w2t,24,2年,Member (2 years),,不明,,,5,8,0,2026-09-10 22:00,2026-10-04 22:30,,,https://www.youtube.com/channel/UCGw_eKF3Z3Ubyoe73gFH_xA
UCv4Cnk3xWOwDIhVyvEQHeQQ,@さやとん,24,2年,Member (2 years),,不明,,,5,31,0,2026-09-10 22:00,2026-10-02 22:30,,,https://www.youtube.com/channel/UCv4Cnk3xWOwDIhVyvEQHeQQ
UCwWDL97kx0LYGYpL98tVsJA,@あごーん-l5y,24,2年,Member (2 years),,不明,,,5,104,0,2026-09-10 22:00,2026-10-04 22:30,,,https://www.youtube.com/channel/UCwWDL97kx0LYGYpL98tVsJA
UCFOHwkFj8nlsPIxpGL5idaA,@藍月-Rangetsu,24,2年,Member (2 years),,不明,,,5,35,2,2026-09-10 22:00,2026-10-04 22:30,,,https://www.youtube.com/channel/UCFOHwkFj8nlsPIxpGL5idaA
UC__YB8VuF4nSLEGEYhQl2_w,@トースト-o1t,24,2年,Member (2 years),,不明,,,5,9,0,2026-09-10 22:00,2026-10-04 22:30,,,https://www.youtube.com/channel/UC__YB8VuF4nSLEGEYhQl2_w
UChjN-JPu14oJUaF-oDfi_xw,@くろいまぐろ,24,2年,Member (2 years),,不明,,,5,11,0,2026-09-10 22:00,2026-10-05 22:30,,,https://www.youtube.com/channel/UChjN-JPu14oJUaF-oDfi_xw
UClObAnLjvb-jLNwtJPHVJMg,@菊ノ与一,24,2年,Member (2 years),,不明,,,5,12,0,2026-09-10 22:00,2026-10-05 22:30,,,https://www.youtube.com/channel/UClObAnLjvb-jLNwtJPHVJMg
UCkGNbYepjm3_JtElYLSmpLQ,@白兎-h2z,24,2年,Member (2 years),,不明,,,5,22,1,2026-09-12 00:02,2026-10-04 22:30,,,https://www.youtube.com/channel/UCkGNbYepjm3_JtElYLSmpLQ
UCcrE772JL9nCGIRSk_cJusg,@kotobuki_hibari,24,2年,Member (2 years),,不明,,,5,47,2,2026-09-12 00:02,2026-10-04 22:30,,,https://www.youtube.com/channel/UCcrE772JL9nCGIRSk_cJusg
UCZrXDk4fXnCPUi_CTbU22_g,@もっちりもちにゃん,24,2年,Member (2 years),,不明,,,5,549,2,2026-09-12 00:02,2026-10-04 22:30,,,https://www.youtube.com/channel/UCZrXDk4fXnCPUi_CTbU22_g
UCaGpHH4Dh15Sd0INT4mGmBg,@pagoronia,24,2年,Member (2 years),,不明,,,5,20,0,2026-09-12 00:02,2026-09-27 23:00,,,https://www.youtube.com/channel/UCaGpHH4Dh15Sd0INT4mGmBg
UC6ovZhsmStrYcgbt4IMjUGw,@こっここ-coccoco,24,2年,Member (2 years),,不明,,,5,53,0,2026-09-12 00:02,2026-10-05 22:30,,,https://www.youtube.com/channel/UC6ovZhsmStrYcgbt4IMjUGw
UCR4kVkeoFy5bQTc-N0vS6pA,@ふらん-g8v,24,2年,Member (2 years),,不明,,,5,21,1,2026-09-12 00:02,2026-10-02 22:30,,,https://www.youtube.com/channel/UCR4kVkeoFy5bQTc-N0vS6pA
UCyJ4oW3aL5ohQpPLrZxkdnw,@海舟勝-e4s,24,2年,Member (2 years),,不明,,,5,129,0,2026-09-12 00:02,2026-10-05 22:30,,,https://www.youtube.com/channel/UCyJ4oW3aL5ohQpPLrZxkdnw
UCP_oJELr1DRxmkc1FQ07fcg,@woyuki1202,24,2年,Member (2 years),,不明,,,5,23,0,2026-09-12 00:02,2026-10-05 22:30,,,https://www.youtube.com/channel/UCP_oJELr1DRxmkc1FQ07fcg
UC2390Jg-JGG4nS-WX0UDFVA,@ユウ-w6g,24,2年,Member (2 years),,不明,,,5,5,0,2026-09-12 00:02,2026-10-04 22:30,,,https://www.youtube.com/channel/UC2390Jg-JGG4nS-WX0UDFVA
UCUTlTuYxD0njlCtsQ_QURWg,@abcdef-su2fd,24,2年,Member (2 years),,不明,,,5,9,0,2026-09-12 00:02,2026-10-04 22:30,,,https://www.youtube.com/channel/UCUTlTuYxD0njlCtsQ_QURWg
UCs55AQ74szCIvulMUmVce2A,@よよよよ-f6t,24,2年,Member (2 years),,不明,,,5,83,1,2026-09-12 00:02,2026-10-02 22:30,,,https://www.youtube.com/channel/UCs55AQ74szCIvulMUmVce2A
UC2zRkUBuddk8id74IznnYfQ,@zoo2379,24,2年,Member (2 years),,不明,,,5,17,0,2026-09-12 00:02,2026-10-05 22:30,,,https://www.youtube.com/channel/UC2zRkUBuddk8id74IznnYfQ
UCfTr5IzPqBmVcAYEG41FOfw,@miya-tam,24,2年,Member (2 years),,不明,,,5,42,0,2026-09-12 23:00,2026-10-02 22:30,,,https://www.youtube.com/channel/UCfTr5IzPqBmVcAYEG41FOfw
UCCBVG9MLyQoV17mOKl-giLw,@柊つばめ,24,2年,Member (2 years),,不明,,,5,8,0,2026-09-12 23:00,2026-10-02 20:00,,,https://www.youtube.com/channel/UCCBVG9MLyQoV17mOKl-giLw
UCZ8u9LbHpEdjQV_20ZhURjQ,@suzume5331,24,2年,Member (2 years),,不明,,,5,35,0,2026-09-12 23:00,2026-10-05 22:30,,,https://www.youtube.com/channel/UCZ8u9LbHpEdjQV_20ZhURjQ
UCMiIYWMl5kzCxBaNCLrognQ,@exにけやん_kinoko,24,2年,Member (2 years),,不明,,,5,8,0,2026-09-12 23:00,2026-10-05 22:30,,,https://www.youtube.com/channel/UCMiIYWMl5kzCxBaNCLrognQ
UCTsDakfcAxaANitQEQdDe2w,@にけにけ_NikkeNikke,24,2年,Member (2 years),,不明,,,5,19,0,2026-09-12 23:00,2026-10-04 22:30,,,https://www.youtube.com/channel/UCTsDakfcAxaANitQEQdDe2w
UCz7cHcouTPmtIW6jmzRwp2A,@たすく-8810,24,2年,Member (2 years),,不明,,,5,9,0,2026-09-12 23:00,2026-10-04 22:30,,,https://www.youtube.com/channel/UCz7cHcouTPmtIW6jmzRwp2A
UCtQvakYV8lnk-oiIkJHqPFw,@mochimochi463,24,2年,Member (2 years),,不明,,,5,87,0,2026-09-15 22:00,2026-10-05 22:30,,,https://www.youtube.com/channel/UCtQvakYV8lnk-oiIkJHqPFw
UCNPSyjLLkgcRb6cGGnUMxJQ,@樅野,24,2年,Member (2 years),,不明,,,5,23,0,2026-09-17 07:30,2026-10-02 22:30,,,https://www.youtube.com/channel/UCNPSyjLLkgcRb6cGGnUMxJQ
UCAFpDpfBxi8QqP8Y3-dQJRg,@月乃イチカ,24,2年,Member (2 years),,不明,,,5,53,0,2026-09-17 07:30,2026-10-02 20:00,,,https://www.youtube.com/channel/UCAFpDpfBxi8QqP8Y3-dQJRg
UCL6J_opMPu2SvaQA4tzaTOg,@非想-f7o,24,2年,Member (2 years),,不明,,,5,26,0,2026-09-17 22:05,2026-10-05 22:30,,,https://www.youtube.com/channel/UCL6J_opMPu2SvaQA4tzaTOg
UCRwjT9KOCyJLU8-grHLrWqg,@水希-n5g,24,2年,Member (2 years),,不明,,,5,8,0,2026-09-17 22:05,2026-10-02 22:30,,,https://www.youtube.com/channel/UCRwjT9KOCyJLU8-grHLrWqg
UCaFGMYbIS2u8oy8fPW062zw,@pokayama,24,2年,Member (2 years),,不明,,,5,54,0,2026-09-22 10:02,2026-10-05 22:30,,,https://www.youtube.com/channel/UCaFGMYbIS2u8oy8fPW062zw
UC15qko7dDCMAHgQ8tGVH-_A,@いおりてん_oO,24,2年,Member (2 years),,不明,,,5,19,1,2026-09-22 10:02,2026-10-02 22:30,,,https://www.youtube.com/channel/UC15qko7dDCMAHgQ8tGVH-_A
UCB0k1aUkKn_hSlZMqqM2TBw,@Lv.6社会人,24,2年,Member (2 years),,不明,,,5,13,0,2026-09-22 14:02,2026-10-05 22:30,,,https://www.youtube.com/channel/UCB0k1aUkKn_hSlZMqqM2TBw
UCOkbwpaPGMLOWAJrIY9k_9Q,@ヴァーユ-v4r,24,2年,Member (2 years),,不明,,,5,61,0,2026-09-24 23:01,2026-10-05 22:30,,,https://www.youtube.com/channel/UCOkbwpaPGMLOWAJrIY9k_9Q
UCoaZfuTQ9nsvP-DpfZlSywA,@MARIA-pw1pf,24,2年,Member (2 years),,不明,,,4,4,0,2026-09-08 22:31,2026-09-17 22:05,,,https://www.youtube.com/channel/UCoaZfuTQ9nsvP-DpfZlSywA
UCmvhmgeJ-79JXJ0s8wTOByg,@無味-d6k,24,2年,Member (2 years),,不明,,,4,4,0,2026-09-08 22:31,2026-10-04 22:30,,,https://www.youtube.com/channel/UCmvhmgeJ-79JXJ0s8wTOByg
UCYYsROpaD8_BifU4rDgQr2w,@オルト-e2w,24,2年,Member (2 years),,不明,,,4,4,0,2026-09-08 22:31,2026-10-05 22:30,,,https://www.youtube.com/channel/UCYYsROpaD8_BifU4rDgQr2w
UCcIXs3u1OeZO_obwnzxTfjg,@kairi-zr1jx,24,2年,Member (2 years),,不明,,,4,9,0,2026-09-08 22:31,2026-09-22 14:02,,,https://www.youtube.com/channel/UCcIXs3u1OeZO_obwnzxTfjg
UCvQ8zt-30CG-K7mmmbR55yQ,@KEN-go5,24,2年,Member (2 years),,不明,,,4,27,0,2026-09-08 22:31,2026-09-26 21:33,,,https://www.youtube.com/channel/UCvQ8zt-30CG-K7mmmbR55yQ
UCrKRUY59cUuuyDMsWMuXd4A,@kurankamo,24,2年,Member (2 years),,不明,,,4,8,0,2026-09-08 22:31,2026-10-04 22:30,,,https://www.youtube.com/channel/UCrKRUY59cUuuyDMsWMuXd4A
UCT1bn-7UlDj1CPlRxkqDsyA,@kannagi_05,24,2年,Member (2 years),,不明,,,4,86,0,2026-09-08 22:31,2026-09-22 14:02,,,https://www.youtube.com/channel/UCT1bn-7UlDj1CPlRxkqDsyA
UCl9EWkm8w9W9RpWrslZUKRQ,@あおりんご-w8t,24,2年,Member (2 years),,不明,,,4,7,0,2026-09-08 22:31,2026-10-02 22:30,,,https://www.youtube.com/channel/UCl9EWkm8w9W9RpWrslZUKRQ
UC1bYOhGGJjqFMuBON1rXptA,@rascal__,24,2年,Member (2 years),,不明,,,4,43,0,2026-09-08 22:31,2026-09-22 14:02,,,https://www.youtube.com/channel/UC1bYOhGGJjqFMuBON1rXptA
UCu5IMIxhiyj1mM5KdDKQIVA,@さいころsai,24,2年,Member (2 years),,不明,,,4,12,0,2026-09-08 22:31,2026-10-04 22:30,,,https://www.youtube.com/channel/UCu5IMIxhiyj1mM5KdDKQIVA
UCdlTqI6IbCBZF9cy0TANbig,@naoko-j2h,24,2年,Member (2 years),,不明,,,4,7,0,2026-09-08 22:31,2026-09-27 23:00,,,https://www.youtube.com/channel/UCdlTqI6IbCBZF9cy0TANbig
UCQSkViqVKmaWOt1wMoQB4Fg,@reel3024,24,2年,Member (2 years),,不明,,,4,6,0,2026-09-08 22:31,2026-10-05 22:30,,,https://www.youtube.com/channel/UCQSkViqVKmaWOt1wMoQB4Fg
UCtVs8k-TYREp1PDJluTUehw,@クロキリ-w3k,24,2年,Member (2 years),,不明,,,4,4,0,2026-09-08 22:31,2026-09-27 23:00,,,https://www.youtube.com/channel/UCtVs8k-TYREp1PDJluTUehw
UCYvLqkG-_0bqR9_d6vzgHVw,@wongbelle2910,24,2年,Member (2 years),,不明,,,4,22,0,2026-09-08 22:31,2026-09-24 23:01,,,https://www.youtube.com/channel/UCYvLqkG-_0bqR9_d6vzgHVw
UC6wD9mW4vtGY5JluJjBEZ9Q,@てを-oO,24,2年,Member (2 years),,不明,,,4,7,0,2026-09-08 22:31,2026-10-05 22:30,,,https://www.youtube.com/channel/UC6wD9mW4vtGY5JluJjBEZ9Q
UCbBb6O1hVf05DFuIvbrMDJg,@まふぅ-r7d,24,2年,Member (2 years),,不明,,,4,5,0,2026-09-08 22:31,2026-10-05 22:30,,,https://www.youtube.com/channel/UCbBb6O1hVf05DFuIvbrMDJg
UCSUROOZFVDbzjqTN_qBqgQA,@あんころもちもちのき,24,2年,Member (2 years),,不明,,,4,5,0,2026-09-08 22:31,2026-10-04 22:30,,,https://www.youtube.com/channel/UCSUROOZFVDbzjqTN_qBqgQA
UCuU_0ugVvhJBQv9SoWmlYDg,@湊灯,24,2年,Member (2 years),,不明,,,4,10,0,2026-09-08 22:31,2026-10-05 22:30,,,https://www.youtube.com/channel/UCuU_0ugVvhJBQv9SoWmlYDg
UCC_LcxUpEI79VJWhhUmFrgw,@鷲宮シルバ,24,2年,Member (2 years),,不明,,,4,7,0,2026-09-08 22:31,2026-09-22 14:02,,,https://www.youtube.com/channel/UCC_LcxUpEI79VJWhhUmFrgw
UC3Vr_5SJUD41Pxd5-zqgT6w,@シオンイェレミーアス,24,2年,Member (2 years),,不明,,,4,12,0,2026-09-08 22:31,2026-09-22 14:02,,,https://www.youtube.com/channel/UC3Vr_5SJUD41Pxd5-zqgT6w
UC7kJ9_oCZd3miSGeIVyUWRA,@sumo-kurain,24,2年,Member (2 years),,不明,,,4,12,0,2026-09-10 22:00,2026-10-05 22:30,,,https://www.youtube.com/channel/UC7kJ9_oCZd3miSGeIVyUWRA
UCXbqNbCLpvZO7ThwZyUQ8vw,@terumitto_teru,24,2年,Member (2 years),,不明,,,4,26,0,2026-09-10 22:00,2026-10-04 22:30,,,https://www.youtube.com/channel/UCXbqNbCLpvZO7ThwZyUQ8vw
UCpTRbJwx4IOkLLReR-eCJew,@秋雨AS1022,24,2年,Member (2 years),,不明,,,4,5,0,2026-09-10 22:00,2026-10-05 22:30,,,https://www.youtube.com/channel/UCpTRbJwx4IOkLLReR-eCJew
UCzmndopsr8_PqeWouKSrQOA,@llIlllllllI,24,2年,Member (2 years),,不明,,,4,6,0,2026-09-10 22:00,2026-10-04 22:30,,,https://www.youtube.com/channel/UCzmndopsr8_PqeWouKSrQOA
UCzPnQnvxqVQaC8lB56FuxDQ,@てぃーが-j9b,24,2年,Member (2 years),,不明,,,4,5,0,2026-09-10 22:00,2026-10-05 22:30,,,https://www.youtube.com/channel/UCzPnQnvxqVQaC8lB56FuxDQ
UCJpaFmBQfMwmwryqYskmJBQ,@こん紺-m3n,24,2年,Member (2 years),,不明,,,4,5,0,2026-09-10 22:00,2026-10-04 22:30,,,https://www.youtube.com/channel/UCJpaFmBQfMwmwryqYskmJBQ
UC9KX6MgdIGPZSSbMpR4oXjg,@ともぴん-h4h,24,2年,Member (2 years),,不明,,,4,5,0,2026-09-10 22:00,2026-10-05 22:30,,,https://www.youtube.com/channel/UC9KX6MgdIGPZSSbMpR4oXjg
UCT2Cf-_CVn969XEjxB1O3NQ,@ぴら-c3m,24,2年,Member (2 years),,不明,,,4,19,0,2026-09-10 22:00,2026-10-02 22:30,,,https://www.youtube.com/channel/UCT2Cf-_CVn969XEjxB1O3NQ
UCE4Uz7B4_bFOko_sWDPke9g,@みりん_72,24,2年,Member (2 years),,不明,,,4,10,0,2026-09-10 22:00,2026-09-27 23:00,,,https://www.youtube.com/channel/UCE4Uz7B4_bFOko_sWDPke9g
UCt7_PU_rr_YLbrDSdEB8WXQ,@ふみこポン酢-n9d,24,2年,Member (2 years),,不明,,,4,6,0,2026-09-10 22:00,2026-10-02 22:30,,,https://www.youtube.com/channel/UCt7_PU_rr_YLbrDSdEB8WXQ
UCzyiTjnIHzpyB8vfhRDKaGA,@ゆん-r1r,24,2年,Member (2 years),,不明,,,4,8,0,2026-09-10 22:00,2026-10-02 20:00,,,https://www.youtube.com/channel/UCzyiTjnIHzpyB8vfhRDKaGA
UCY1g8vMNQhzELSQQ9mqE55w,@夕凪蓮香,24,2年,Member (2 years),,不明,,,4,12,0,2026-09-10 22:00,2026-10-02 22:30,,,https://www.youtube.com/channel/UCY1g8vMNQhzELSQQ9mqE55w
UC4ZjIAWn66LnRNqrP9n07Hg,@澪姉_みおねえ,24,2年,Member (2 years),,不明,,,4,16,0,2026-09-10 22:00,2026-10-04 22:30,,,https://www.youtube.com/channel/UC4ZjIAWn66LnRNqrP9n07Hg
UCjNsx3WB63jD0ZcwNzTNibA,@kiyotsug,24,2年,Member (2 years),,不明,,,4,42,0,2026-09-10 22:00,2026-09-15 22:00,,,https://www.youtube.com/channel/UCjNsx3WB63jD0ZcwNzTNibA
UCYjHERStLtQ1vv2lLyZ_Ang,@ゆずぽんかみ,24,2年,Member (2 years),,不明,,,4,13,1,2026-09-10 22:00,2026-10-05 22:30,,,https://www.youtube.com/channel/UCYjHERStLtQ1vv2lLyZ_Ang
UC0k7ng9R5eczRV2mREnbMOA,@uwu_1108,24,2年,Member (2 years),,不明,,,4,15,0,2026-09-10 22:00,2026-10-05 22:30,,,https://www.youtube.com/channel/UC0k7ng9R5eczRV2mREnbMOA
UCjYh_y8sSBh_rX64xy8x-Gw,@Sorami-11,24,2年,Member (2 years),,不明,,,4,14,0,2026-09-10 22:00,2026-10-02 20:00,,,https://www.youtube.com/channel/UCjYh_y8sSBh_rX64xy8x-Gw
UCJLujkgnubimy-XOoCs7hlA,@ryuutukai,24,2年,Member (2 years),,不明,,,4,7,0,2026-09-10 22:00,2026-10-04 22:30,,,https://www.youtube.com/channel/UCJLujkgnubimy-XOoCs7hlA
UCb83SkBqhgMtIWbVrLD8Pqw,@user-lu2zh7jj7m,24,2年,Member (2 years),,不明,,,4,17,0,2026-09-12 00:02,2026-09-24 23:01,,,https://www.youtube.com/channel/UCb83SkBqhgMtIWbVrLD8Pqw
UCj4zNn8YD_jtFnDJXBhjTjQ,@joylove희락kiraku,24,2年,Member (2 years),,不明,,,4,10,0,2026-09-12 00:02,2026-10-02 22:30,,,https://www.youtube.com/channel/UCj4zNn8YD_jtFnDJXBhjTjQ
UCVQxNniCzRGFKQsTQnU7nKg,@碧井端樹,24,2年,Member (2 years),,不明,,,4,31,1,2026-09-12 00:02,2026-09-24 23:01,,,https://www.youtube.com/channel/UCVQxNniCzRGFKQsTQnU7nKg
UCvC80vTrn_jA03dD-DZwHMA,@おトビ,24,2年,Member (2 years),,不明,,,4,660,1,2026-09-12 00:02,2026-10-04 22:30,,,https://www.youtube.com/channel/UCvC80vTrn_jA03dD-DZwHMA
UCFhHRl6wI2lJEOysHIQdb9A,@ocha_023,24,2年,Member (2 years),,不明,,,4,25,0,2026-09-12 00:02,2026-10-05 22:30,,,https://www.youtube.com/channel/UCFhHRl6wI2lJEOysHIQdb9A
UCu1iQuc6bSca5UtSe6DG3zw,@きむこ-z1f,24,2年,Member (2 years),,不明,,,4,4,0,2026-09-12 00:02,2026-09-26 21:33,,,https://www.youtube.com/channel/UCu1iQuc6bSca5UtSe6DG3zw
UCUoPq0R0_FbGVMuXKHxVw3g,@みぃ-x4u6i,24,2年,Member (2 years),,不明,,,4,16,0,2026-09-12 00:02,2026-09-27 23:00,,,https://www.youtube.com/channel/UCUoPq0R0_FbGVMuXKHxVw3g
UC-w0QwCvZRtCCqE76Lr37vw,@ひるねhirune,24,2年,Member (2 years),,不明,,,4,25,0,2026-09-12 00:02,2026-09-27 23:00,,,https://www.youtube.com/channel/UC-w0QwCvZRtCCqE76Lr37vw
UCjjDkJp-kSFVjUUwatVPqJg,@kotoko0620,24,2年,Member (2 years),,不明,,,4,21,4,2026-09-12 00:02,2026-10-02 22:30,,,https://www.youtube.com/channel/UCjjDkJp-kSFVjUUwatVPqJg
UCjeK8oy_jsgLVvBwh6Y525Q,@ヨット-f5f,24,2年,Member (2 years),,不明,,,4,4,0,2026-09-12 00:02,2026-09-22 14:02,,,https://www.youtube.com/channel/UCjeK8oy_jsgLVvBwh6Y525Q
UCMpLrCMfWfCpDYTwN3gfhDA,@星詠さゆ,24,2年,Member (2 years),,不明,,,4,22,0,2026-09-12 00:02,2026-10-05 22:30,,,https://www.youtube.com/channel/UCMpLrCMfWfCpDYTwN3gfhDA
UCw__hVsVlar6c1KZ55ge-BQ,@宵月-よいづき,24,2年,Member (2 years),,不明,,,4,5,4,2026-09-12 00:02,2026-10-05 22:30,,,https://www.youtube.com/channel/UCw__hVsVlar6c1KZ55ge-BQ
UCRLMq2y9C9ZzYl8XmH3TuaQ,@柴崎あんえ,24,2年,Member (2 years),,不明,,,4,21,1,2026-09-12 00:02,2026-10-02 20:00,,,https://www.youtube.com/channel/UCRLMq2y9C9ZzYl8XmH3TuaQ
UCST1XPJhqh9O-dRbfkZkoZw,@ヒナツ_hinacord,24,2年,Member (2 years),,不明,,,4,19,0,2026-09-12 00:02,2026-09-24 23:01,,,https://www.youtube.com/channel/UCST1XPJhqh9O-dRbfkZkoZw
UCOZSzIGFGGNLl3e03n3svAw,@es5907,24,2年,Member (2 years),,不明,,,4,15,0,2026-09-12 00:02,2026-10-04 22:30,,,https://www.youtube.com/channel/UCOZSzIGFGGNLl3e03n3svAw
UCSqrwc6F8fW8eIKudfDeyUQ,@おかんいたち,24,2年,Member (2 years),,不明,,,4,27,0,2026-09-12 00:02,2026-10-02 22:30,,,https://www.youtube.com/channel/UCSqrwc6F8fW8eIKudfDeyUQ
UCohr1WsTl4ZjW7aCy8w-spw,@しゅきりん,24,2年,Member (2 years),,不明,,,4,58,0,2026-09-12 00:02,2026-10-04 22:30,,,https://www.youtube.com/channel/UCohr1WsTl4ZjW7aCy8w-spw
UCzBQpvMdPkbEWNtrg0Okwqg,@yos3isよっさん,24,2年,Member (2 years),,不明,,,4,27,1,2026-09-12 00:02,2026-10-05 22:30,,,https://www.youtube.com/channel/UCzBQpvMdPkbEWNtrg0Okwqg
UC_aosGs2dk5hBY3eZJu60Qg,@kou_twn,24,2年,Member (2 years),,不明,,,4,5,0,2026-09-12 23:00,2026-10-02 22:30,,,https://www.youtube.com/channel/UC_aosGs2dk5hBY3eZJu60Qg
UCDVA98FlKKoBpkDrlwKAyAQ,@天球儀_V,24,2年,Member (2 years),,不明,,,4,21,0,2026-09-12 23:00,2026-10-05 22:30,,,https://www.youtube.com/channel/UCDVA98FlKKoBpkDrlwKAyAQ
UC2qkFXhXRKXdlR6M6SweD2Q,@あすか_O24,24,2年,Member (2 years),,不明,,,4,165,0,2026-09-12 23:00,2026-10-02 20:00,,,https://www.youtube.com/channel/UC2qkFXhXRKXdlR6M6SweD2Q
UCwIb9fXK0IS17VdpkF8HH-Q,@楪詩希-m5h,24,2年,Member (2 years),,不明,,,4,15,0,2026-09-12 23:00,2026-10-02 22:30,,,https://www.youtube.com/channel/UCwIb9fXK0IS17VdpkF8HH-Q
UCqauHq8MzfvyuAcVlzaRdbg,@ヨシツキ-44tsuki,24,2年,Member (2 years),,不明,,,4,22,0,2026-09-12 23:00,2026-10-04 22:30,,,https://www.youtube.com/channel/UCqauHq8MzfvyuAcVlzaRdbg
UCfRNtRAhtjUEOlAtZx4qugQ,@びん仔,24,2年,Member (2 years),,不明,,,4,4,4,2026-09-12 23:00,2026-10-05 22:30,,,https://www.youtube.com/channel/UCfRNtRAhtjUEOlAtZx4qugQ
UCG3Ok3rm4mZc0jh9LZQagkQ,@七空木ひら-うつぎひら,24,2年,Member (2 years),,不明,,,4,5,0,2026-09-15 22:00,2026-10-05 22:30,,,https://www.youtube.com/channel/UCG3Ok3rm4mZc0jh9LZQagkQ
UCt6XR2-SdMfWDoWje8KmDfw,@おはな-g7y,24,2年,Member (2 years),,不明,,,4,4,0,2026-09-15 22:00,2026-10-02 22:30,,,https://www.youtube.com/channel/UCt6XR2-SdMfWDoWje8KmDfw
UCaV2t9vBXooECdHwB3aA2pA,@奈波-l2k,24,2年,Member (2 years),,不明,,,4,8,0,2026-09-15 22:00,2026-09-27 23:00,,,https://www.youtube.com/channel/UCaV2t9vBXooECdHwB3aA2pA
UCLf8Rdgq4BTpq5RhnJytauA,@はせくらゆか,24,2年,Member (2 years),,不明,,,4,6,0,2026-09-15 22:00,2026-10-05 22:30,,,https://www.youtube.com/channel/UCLf8Rdgq4BTpq5RhnJytauA
UCdiFdaJ7MTKq8JYP3nPrekQ,@マージー-z1n,24,2年,Member (2 years),,不明,,,4,334,1,2026-09-15 22:00,2026-10-04 22:30,,,https://www.youtube.com/channel/UCdiFdaJ7MTKq8JYP3nPrekQ
UCeqF21jmuoK701-mSa2qKrQ,@ベルリン_6174,24,2年,Member (2 years),,不明,,,4,24,0,2026-09-15 22:00,2026-10-04 22:30,,,https://www.youtube.com/channel/UCeqF21jmuoK701-mSa2qKrQ
UCbTXvA9ajdZBm_hRg22ca5g,@aika-0_0-v,24,2年,Member (2 years),,不明,,,4,10,0,2026-09-15 22:00,2026-10-05 22:30,,,https://www.youtube.com/channel/UCbTXvA9ajdZBm_hRg22ca5g
UCIa-iqL0-TXvGhmUPxybkkQ,@miyabi9824,24,2年,Member (2 years),,不明,,,4,5,0,2026-09-17 07:30,2026-10-05 22:30,,,https://www.youtube.com/channel/UCIa-iqL0-TXvGhmUPxybkkQ
UCYD9P2s6hZ7pmELG9KiDifA,@にゃほほい,24,2年,Member (2 years),,不明,,,4,32,0,2026-09-17 07:30,2026-09-26 21:33,,,https://www.youtube.com/channel/UCYD9P2s6hZ7pmELG9KiDifA
UCdYZSlUFULICa-W0flH35ew,@うすは,24,2年,Member (2 years),,不明,,,4,32,0,2026-09-17 07:30,2026-10-04 22:30,,,https://www.youtube.com/channel/UCdYZSlUFULICa-W0flH35ew
UCIMhwrAjGEStL7OnulO8oPg,@heide.,24,2年,Member (2 years),,不明,,,4,5,0,2026-09-17 07:30,2026-09-22 14:02,,,https://www.youtube.com/channel/UCIMhwrAjGEStL7OnulO8oPg
UC7f8gnOa4aP0VNaAvDiIz8w,@椎玻_shiba,24,2年,Member (2 years),,不明,,,4,6,0,2026-09-17 07:30,2026-10-02 22:30,,,https://www.youtube.com/channel/UC7f8gnOa4aP0VNaAvDiIz8w
UC1NHDXqiVSiBhXl559pGkNw,@イマガセ_sagami,24,2年,Member (2 years),,不明,,,4,18,0,2026-09-17 07:30,2026-10-02 22:30,,,https://www.youtube.com/channel/UC1NHDXqiVSiBhXl559pGkNw
UC31LVWajVI-SZ2Xblh3iRcg,@唐揚げBOY,24,2年,Member (2 years),,不明,,,4,22,1,2026-09-17 07:30,2026-10-04 22:30,,,https://www.youtube.com/channel/UC31LVWajVI-SZ2Xblh3iRcg
UCXAoRkh-H6nv5KkJ8UJYaSA,@矢笠サキ,24,2年,Member (2 years),,不明,,,4,5,0,2026-09-17 22:05,2026-10-04 22:30,,,https://www.youtube.com/channel/UCXAoRkh-H6nv5KkJ8UJYaSA
UCDAjoHq6vQ5efJXtvlAhgvQ,@ドパ岡ドパ太郎,24,2年,Member (2 years),,不明,,,4,54,0,2026-09-22 10:02,2026-10-02 22:30,,,https://www.youtube.com/channel/UCDAjoHq6vQ5efJXtvlAhgvQ
UCLuN54LHDeEYqEqOB6swjbQ,@ボバボブ,24,2年,Member (2 years),,不明,,,4,21,0,2026-09-22 10:02,2026-10-04 22:30,,,https://www.youtube.com/channel/UCLuN54LHDeEYqEqOB6swjbQ
UCx38iCRpuGtTKUSFhH0BJPg,@ポチという名の猫,24,2年,Member (2 years),,不明,,,4,61,1,2026-09-22 10:02,2026-10-04 22:30,,,https://www.youtube.com/channel/UCx38iCRpuGtTKUSFhH0BJPg
UCN4eYrGkOMTp7wmQaB_9Wbw,@半袖-o,24,2年,Member (2 years),,不明,,,4,5,0,2026-09-22 10:02,2026-10-02 22:30,,,https://www.youtube.com/channel/UCN4eYrGkOMTp7wmQaB_9Wbw
UCGfs1OQeqPIbIxdmzeijglA,@み.み.ず,24,2年,Member (2 years),,不明,,,4,31,0,2026-09-22 14:02,2026-10-04 22:30,,,https://www.youtube.com/channel/UCGfs1OQeqPIbIxdmzeijglA
UCA7wBNpAT_ehVaod3TtE8nw,@ayumi2493,24,2年,Member (2 years),,不明,,,4,82,0,2026-09-22 14:02,2026-10-04 22:30,,,https://www.youtube.com/channel/UCA7wBNpAT_ehVaod3TtE8nw
UCM-EipoGrrfvI0ne_19V65A,@ねじお式,24,2年,Member (2 years),,不明,,,4,21,0,2026-09-22 14:02,2026-10-04 22:30,,,https://www.youtube.com/channel/UCM-EipoGrrfvI0ne_19V65A
UCpZ5tY_9v1cfEs47nJHS6eg,@あくたXV,24,2年,Member (2 years),,不明,,,4,14,0,2026-09-22 14:02,2026-10-02 20:00,,,https://www.youtube.com/channel/UCpZ5tY_9v1cfEs47nJHS6eg
UCI48OADvUiK4LnTaOFArDAg,@tTT-qp7ui,24,2年,Member (2 years),,不明,,,4,23,0,2026-09-22 14:02,2026-10-02 22:30,,,https://www.youtube.com/channel/UCI48OADvUiK4LnTaOFArDAg
UCCEa_ZWhZTCNZQS2hnCYvfA,@ak1023msk,24,2年,Member (2 years),,不明,,,4,44,0,2026-09-22 14:02,2026-10-04 22:30,,,https://www.youtube.com/channel/UCCEa_ZWhZTCNZQS2hnCYvfA
UCO2Sl8hHuBgFre8X_jFJTwg,@ナオル-f9d,24,2年,Member (2 years),,不明,,,4,13,0,2026-09-22 14:02,2026-10-05 22:30,,,https://www.youtube.com/channel/UCO2Sl8hHuBgFre8X_jFJTwg
UC0yNJeU4UJfzLT7Wwhnfl_g,@haruneko0721,24,2年,Member (2 years),,不明,,,4,20,0,2026-09-24 23:01,2026-10-02 22:30,,,https://www.youtube.com/channel/UC0yNJeU4UJfzLT7Wwhnfl_g
UC4MWlExmBHa8hIVKyAPvn1Q,@ガナタス-0,24,2年,Member (2 years),,不明,,,4,113,0,2026-09-24 23:01,2026-10-04 22:30,,,https://www.youtube.com/channel/UC4MWlExmBHa8hIVKyAPvn1Q
UCqGBKi0Mftt-u2oTCurRi0A,@始まりのココア味,24,2年,Member (2 years),,不明,,,4,25,0,2026-09-24 23:01,2026-10-05 22:30,,,https://www.youtube.com/channel/UCqGBKi0Mftt-u2oTCurRi0A
UC8f5fu-MQIZyWxu9noB6X5Q,@yuico4555,24,2年,Member (2 years),,不明,,,4,13,0,2026-09-27 23:00,2026-10-04 22:30,,,https://www.youtube.com/channel/UC8f5fu-MQIZyWxu9noB6X5Q
UCDOzCfj7wu6_LgV4NKn3kmw,@mokemoke4293,24,2年,Member (2 years),,不明,,,4,10,0,2026-09-27 23:00,2026-10-05 22:30,,,https://www.youtube.com/channel/UCDOzCfj7wu6_LgV4NKn3kmw
UCN5wmRMcx14wWc3svrniKrg,@たむ-s7r,24,2年,Member (2 years),,不明,,,3,3,0,2026-09-08 22:31,2026-09-27 23:00,,,https://www.youtube.com/channel/UCN5wmRMcx14wWc3svrniKrg
UCBGoCLlP_1w7XHt1VfbrNsg,@めろめろめろんぱん-t3q,24,2年,Member (2 years),,不明,,,3,4,1,2026-09-08 22:31,2026-10-05 22:30,,,https://www.youtube.com/channel/UCBGoCLlP_1w7XHt1VfbrNsg
UCB2cCeDkSgSAYIbarxE-dsg,@はちびす,24,2年,Member (2 years),,不明,,,3,3,0,2026-09-08 22:31,2026-10-02 22:30,,,https://www.youtube.com/channel/UCB2cCeDkSgSAYIbarxE-dsg
UCSRUby6-koy9Vr6yIx0HtkA,@やまぎくもんも,24,2年,Member (2 years),,不明,,,3,11,0,2026-09-08 22:31,2026-10-05 22:30,,,https://www.youtube.com/channel/UCSRUby6-koy9Vr6yIx0HtkA
UCufWKasIwcn88pjGNajbHDA,@翠蓮-x8e,24,2年,Member (2 years),,不明,,,3,8,0,2026-09-08 22:31,2026-09-26 21:33,,,https://www.youtube.com/channel/UCufWKasIwcn88pjGNajbHDA
UCcyyZFXD5ZhaRKglqimmv2Q,@さくらばいろは,24,2年,Member (2 years),,不明,,,3,5,0,2026-09-08 22:31,2026-10-02 22:30,,,https://www.youtube.com/channel/UCcyyZFXD5ZhaRKglqimmv2Q
UCyyEDX-jjTCEenUExxb0G3Q,@雪花_ゆきか,24,2年,Member (2 years),,不明,,,3,5,0,2026-09-08 22:31,2026-09-22 14:02,,,https://www.youtube.com/channel/UCyyEDX-jjTCEenUExxb0G3Q
UCsonGhCXJDeaXkOnN-umHgw,@さくらこ-k4q,24,2年,Member (2 years),,不明,,,3,3,0,2026-09-08 22:31,2026-09-18 21:30,,,https://www.youtube.com/channel/UCsonGhCXJDeaXkOnN-umHgw
UC-6ALgvTuE6_jI9bPXBNqBA,@ガトムズ,24,2年,Member (2 years),,不明,,,3,19,0,2026-09-08 22:31,2026-09-26 21:33,,,https://www.youtube.com/channel/UC-6ALgvTuE6_jI9bPXBNqBA
UCMTX-EoVtMET3f8LWs4TcQA,@雪-d5x,24,2年,Member (2 years),,不明,,,3,23,0,2026-09-08 22:31,2026-10-04 22:30,,,https://www.youtube.com/channel/UCMTX-EoVtMET3f8LWs4TcQA
UCOW3aDpWDXjqjq5rqCBt5VQ,@ほろ86,24,2年,Member (2 years),,不明,,,3,8,0,2026-09-08 22:31,2026-09-22 14:02,,,https://www.youtube.com/channel/UCOW3aDpWDXjqjq5rqCBt5VQ
UCjX7dytqIUZ7yBXnHrzSZ8Q,@Mikan_kon,24,2年,Member (2 years),,不明,,,3,28,0,2026-09-08 22:31,2026-09-24 23:01,,,https://www.youtube.com/channel/UCjX7dytqIUZ7yBXnHrzSZ8Q
UC3UkvD2Gshpy54YNiEUvylg,@祐華y,24,2年,Member (2 years),,不明,,,3,10,0,2026-09-08 22:31,2026-10-04 22:30,,,https://www.youtube.com/channel/UC3UkvD2Gshpy54YNiEUvylg
UCaEzj2brvpWzih1lyfOG4DQ,@tokuyon2000,24,2年,Member (2 years),,不明,,,3,22,0,2026-09-08 22:31,2026-09-22 14:02,,,https://www.youtube.com/channel/UCaEzj2brvpWzih1lyfOG4DQ
UC3w-tVJBd8jV_Rm6hTr00_w,@市松胡蝶,24,2年,Member (2 years),,不明,,,3,35,0,2026-09-08 22:31,2026-09-22 14:02,,,https://www.youtube.com/channel/UC3w-tVJBd8jV_Rm6hTr00_w
UCNGjxqCXQxmPUr-CsERtVdw,@本マグロ-n3d,24,2年,Member (2 years),,不明,,,3,11,0,2026-09-08 22:31,2026-10-05 22:30,,,https://www.youtube.com/channel/UCNGjxqCXQxmPUr-CsERtVdw
UCDgu3PFBCUSg_jWOpvLMXWw,@Qualle_uo,24,2年,Member (2 years),,不明,,,3,3,0,2026-09-08 22:31,2026-10-02 20:00,,,https://www.youtube.com/channel/UCDgu3PFBCUSg_jWOpvLMXWw
UCtEMJPDThM68dLg0GrDlupQ,@ほほいほい-f5x,24,2年,Member (2 years),,不明,,,3,10,0,2026-09-08 22:31,2026-09-22 14:02,,,https://www.youtube.com/channel/UCtEMJPDThM68dLg0GrDlupQ
UCnTli0yIJJV7gxnL67dKoWw,@ヴォン-l2p,24,2年,Member (2 years),,不明,,,3,3,0,2026-09-08 22:31,2026-09-24 23:01,,,https://www.youtube.com/channel/UCnTli0yIJJV7gxnL67dKoWw
UC7YCZBZ9uc6JMOrehMAdg8g,@Zブレイゼル,24,2年,Member (2 years),,不明,,,3,29,0,2026-09-08 22:31,2026-10-04 22:30,,,https://www.youtube.com/channel/UC7YCZBZ9uc6JMOrehMAdg8g
UCVsIvuhFx5enaFq2vFrm9iQ,@眠い森師,24,2年,Member (2 years),,不明,,,3,4,0,2026-09-08 22:31,2026-09-27 23:00,,,https://www.youtube.com/channel/UCVsIvuhFx5enaFq2vFrm9iQ
UCNyim8ijmJEeiy9tCKQkPDg,@ヤカタヤ,24,2年,Member (2 years),,不明,,,3,4,0,2026-09-08 22:31,2026-09-22 14:02,,,https://www.youtube.com/channel/UCNyim8ijmJEeiy9tCKQkPDg
UC-0Wzys5HRNTw9fyXmePckw,@柊冶,24,2年,Member (2 years),,不明,,,3,5,0,2026-09-08 22:31,2026-09-17 07:30,,,https://www.youtube.com/channel/UC-0Wzys5HRNTw9fyXmePckw
UCLO1ftjHMFmAoQncS1zTmDg,@UoTas726,24,2年,Member (2 years),,不明,,,3,9,0,2026-09-08 22:31,2026-09-22 14:02,,,https://www.youtube.com/channel/UCLO1ftjHMFmAoQncS1zTmDg
UCHzyT1uYoSTWfnxP6LUFAoA,@shirato1925,24,2年,Member (2 years),,不明,,,3,3,0,2026-09-08 22:31,2026-10-02 22:30,,,https://www.youtube.com/channel/UCHzyT1uYoSTWfnxP6LUFAoA
UCF-dp-ze4jI2KdBh4-weJkg,@サイネリア-d1m,24,2年,Member (2 years),,不明,,,3,5,0,2026-09-08 22:31,2026-10-04 22:30,,,https://www.youtube.com/channel/UCF-dp-ze4jI2KdBh4-weJkg
UCfLFA1ju5SXHFbFa9Mbq7jw,@am-mf3iw,24,2年,Member (2 years),,不明,,,3,13,0,2026-09-08 22:31,2026-09-26 21:33,,,https://www.youtube.com/channel/UCfLFA1ju5SXHFbFa9Mbq7jw
UCUZT5R_glhtAkwws29Rtqqw,@あーてるくーる,24,2年,Member (2 years),,不明,,,3,31,0,2026-09-08 22:31,2026-09-17 07:30,,,https://www.youtube.com/channel/UCUZT5R_glhtAkwws29Rtqqw
UCMuJR9yHPiQP3CXLT9ajhKA,@saki-murasato,24,2年,Member (2 years),,不明,,,3,3,0,2026-09-10 22:00,2026-10-05 22:30,,,https://www.youtube.com/channel/UCMuJR9yHPiQP3CXLT9ajhKA
UC5y7rHFgqSWjFxgZLB3i-gA,@vi-ta878,24,2年,Member (2 years),,不明,,,3,4,0,2026-09-10 22:00,2026-10-05 22:30,,,https://www.youtube.com/channel/UC5y7rHFgqSWjFxgZLB3i-gA
UCOKDIedM9X-mG6t9TTuIJcQ,@てんき-r3o,24,2年,Member (2 years),,不明,,,3,3,0,2026-09-10 22:00,2026-10-04 22:30,,,https://www.youtube.com/channel/UCOKDIedM9X-mG6t9TTuIJcQ
UCSQNmYfHBbouvmKHWz0e0nw,@コード-usd,24,2年,Member (2 years),,不明,,,3,23,0,2026-09-10 22:00,2026-09-26 21:33,,,https://www.youtube.com/channel/UCSQNmYfHBbouvmKHWz0e0nw
UCLLdl-QaXpqbkO6_sB1pQ4Q,@アガタ-agt,24,2年,Member (2 years),,不明,,,3,14,0,2026-09-10 22:00,2026-10-04 22:30,,,https://www.youtube.com/channel/UCLLdl-QaXpqbkO6_sB1pQ4Q
UC7hPRhmgc_BH7TthCcbuMcA,@くろしろねこねこ,24,2年,Member (2 years),,不明,,,3,22,0,2026-09-10 22:00,2026-09-17 07:30,,,https://www.youtube.com/channel/UC7hPRhmgc_BH7TthCcbuMcA
UCNovMk3jvKHpj7XHdN5Cezg,@鴨蕎麦蒸籠,24,2年,Member (2 years),,不明,,,3,13,0,2026-09-10 22:00,2026-10-02 22:30,,,https://www.youtube.com/channel/UCNovMk3jvKHpj7XHdN5Cezg
UC4R4ZNqiwGymcn0iQG-7gOg,@月歌-d8y,24,2年,Member (2 years),,不明,,,3,7,0,2026-09-10 22:00,2026-10-05 22:30,,,https://www.youtube.com/channel/UC4R4ZNqiwGymcn0iQG-7gOg
UC8PKzGgwYk3e5F_5i3ZHSAw,@ぶらんぼ神月,24,2年,Member (2 years),,不明,,,3,10,0,2026-09-10 22:00,2026-09-27 23:00,,,https://www.youtube.com/channel/UC8PKzGgwYk3e5F_5i3ZHSAw
UCOt-BhzTWvTtpY3l72WLE9w,@frgile913,24,2年,Member (2 years),,不明,,,3,3,0,2026-09-10 22:00,2026-10-05 22:30,,,https://www.youtube.com/channel/UCOt-BhzTWvTtpY3l72WLE9w
UCpUf12dl2AL5j40tHIQysaQ,@くらげpkpk,24,2年,Member (2 years),,不明,,,3,5,2,2026-09-10 22:00,2026-10-05 22:30,,,https://www.youtube.com/channel/UCpUf12dl2AL5j40tHIQysaQ
UCE4aC2LqgIYOd8jT2prdekw,@えむち_nj,24,2年,Member (2 years),,不明,,,3,27,0,2026-09-12 00:02,2026-10-04 22:30,,,https://www.youtube.com/channel/UCE4aC2LqgIYOd8jT2prdekw
UCbuRpsjBuyWSwj7ze4jo2VA,@みーさん3さん,24,2年,Member (2 years),,不明,,,3,3,0,2026-09-12 00:02,2026-09-22 10:02,,,https://www.youtube.com/channel/UCbuRpsjBuyWSwj7ze4jo2VA
UCg8ipqcP-Vvp6uEmeKlTtPw,@SaikaKiryu,24,2年,Member (2 years),,不明,,,3,59,0,2026-09-12 00:02,2026-10-02 20:00,,,https://www.youtube.com/channel/UCg8ipqcP-Vvp6uEmeKlTtPw
UCwPUO9R4Zj3ADS9vaZFTDiA,@あのまろすっちょん,24,2年,Member (2 years),,不明,,,3,38,1,2026-09-12 00:02,2026-10-04 22:30,,,https://www.youtube.com/channel/UCwPUO9R4Zj3ADS9vaZFTDiA
UCoRvnzcYD57pDTo9vc4EA6g,@なっつ-72,24,2年,Member (2 years),,不明,,,3,5,0,2026-09-12 00:02,2026-09-27 23:00,,,https://www.youtube.com/channel/UCoRvnzcYD57pDTo9vc4EA6g
UCbzdDkQDwRgtCn-fRXMDF8Q,@ひよこ共和国,24,2年,Member (2 years),,不明,,,3,5,0,2026-09-12 00:02,2026-09-26 21:33,,,https://www.youtube.com/channel/UCbzdDkQDwRgtCn-fRXMDF8Q
UCX5XgttdZ90xoqOWLKOTCsw,@naokikira3067,24,2年,Member (2 years),,不明,,,3,5,0,2026-09-12 00:02,2026-10-02 22:30,,,https://www.youtube.com/channel/UCX5XgttdZ90xoqOWLKOTCsw
UCbsdw5wtmZXFhGQ-wYYUS_Q,@かだ_kada,24,2年,Member (2 years),,不明,,,3,16,0,2026-09-12 00:02,2026-10-02 22:30,,,https://www.youtube.com/channel/UCbsdw5wtmZXFhGQ-wYYUS_Q
UCqZZ2E_XElAYFUvBTbJR_aw,@メー_Mee,24,2年,Member (2 years),,不明,,,3,7,0,2026-09-12 00:02,2026-10-05 22:30,,,https://www.youtube.com/channel/UCqZZ2E_XElAYFUvBTbJR_aw
UCdr68-22WeJlxb0SmxCGRCg,@月-n.t1696,24,2年,Member (2 years),,不明,,,3,5,1,2026-09-12 00:02,2026-10-05 22:30,,,https://www.youtube.com/channel/UCdr68-22WeJlxb0SmxCGRCg
UCxEs1oisL2f5mLwI7o8lTEw,@のん_ai,24,2年,Member (2 years),,不明,,,3,7,0,2026-09-12 00:02,2026-10-02 20:00,,,https://www.youtube.com/channel/UCxEs1oisL2f5mLwI7o8lTEw
UCQDckmk4wvVVePXG85ZbEYQ,@caprimiss5143,24,2年,Member (2 years),,不明,,,3,12,0,2026-09-12 00:02,2026-10-02 22:30,,,https://www.youtube.com/channel/UCQDckmk4wvVVePXG85ZbEYQ
UC8HuIQ8c80HmexRcZBvxOdg,@c_o_r_k,24,2年,Member (2 years),,不明,,,3,11,0,2026-09-12 00:02,2026-10-05 22:30,,,https://www.youtube.com/channel/UC8HuIQ8c80HmexRcZBvxOdg
UCgsurhIFeEqRPSC6wER3xUA,@栞猫,24,2年,Member (2 years),,不明,,,3,12,1,2026-09-12 00:02,2026-10-02 22:30,,,https://www.youtube.com/channel/UCgsurhIFeEqRPSC6wER3xUA
UCkDpT5QQIxKMY1-_lzLrHFg,@moca_もかくろ,24,2年,Member (2 years),,不明,,,3,20,0,2026-09-12 00:02,2026-10-02 20:00,,,https://www.youtube.com/channel/UCkDpT5QQIxKMY1-_lzLrHFg
UCrNl1RPApMqBGKBN_en1j4w,@澄白-g3i,24,2年,Member (2 years),,不明,,,3,6,0,2026-09-12 00:02,2026-10-04 22:30,,,https://www.youtube.com/channel/UCrNl1RPApMqBGKBN_en1j4w
UC5UcyWANKAbKBM6a3lS2-NQ,@キタマクラ-q1l,24,2年,Member (2 years),,不明,,,3,7,0,2026-09-12 00:02,2026-09-17 07:30,,,https://www.youtube.com/channel/UC5UcyWANKAbKBM6a3lS2-NQ
UCyAejVxGuM0htfyycXjGuew,@ピヨまるくん,24,2年,Member (2 years),,不明,,,3,6,0,2026-09-12 00:02,2026-10-05 22:30,,,https://www.youtube.com/channel/UCyAejVxGuM0htfyycXjGuew
UCzhvS4wthbvcez1kmIL7BJg,@飴紅茶,24,2年,Member (2 years),,不明,,,3,10,0,2026-09-12 00:02,2026-10-02 22:30,,,https://www.youtube.com/channel/UCzhvS4wthbvcez1kmIL7BJg
UCbhoq4WyJsas6A-I7fZ6k4w,@mikado_teira,24,2年,Member (2 years),,不明,,,3,20,0,2026-09-12 00:02,2026-10-05 22:30,,,https://www.youtube.com/channel/UCbhoq4WyJsas6A-I7fZ6k4w
UCmzYqfjeeVKZvuHUrDdG4pQ,@さくわ_wa,24,2年,Member (2 years),,不明,,,3,3,0,2026-09-12 00:02,2026-09-24 23:01,,,https://www.youtube.com/channel/UCmzYqfjeeVKZvuHUrDdG4pQ
UCypK64bB9ZI9oYiamcd7PTQ,@はむドーナツ,24,2年,Member (2 years),,不明,,,3,4,0,2026-09-12 00:02,2026-10-02 22:30,,,https://www.youtube.com/channel/UCypK64bB9ZI9oYiamcd7PTQ
UCTG831X--IxlYUIOLP5mrXA,@ロマニェスコォ,24,2年,Member (2 years),,不明,,,3,4,0,2026-09-12 00:02,2026-09-22 14:02,,,https://www.youtube.com/channel/UCTG831X--IxlYUIOLP5mrXA
UC_hpKo7mycV_cIppt-AHsjg,@八雲ねむり,24,2年,Member (2 years),,不明,,,3,4,0,2026-09-12 00:02,2026-09-17 07:30,,,https://www.youtube.com/channel/UC_hpKo7mycV_cIppt-AHsjg
UCPT51sGTH5MtDil7EoUUKuQ,@One_A1O,24,2年,Member (2 years),,不明,,,3,3,0,2026-09-12 23:00,2026-10-04 22:30,,,https://www.youtube.com/channel/UCPT51sGTH5MtDil7EoUUKuQ
UCAHM2gDIymDeC99FFHIWxgg,@kurosuke2378,24,2年,Member (2 years),,不明,,,3,3,0,2026-09-12 23:00,2026-09-27 23:00,,,https://www.youtube.com/channel/UCAHM2gDIymDeC99FFHIWxgg
UCPSpn0Q-g9aLxNghyUFwaxA,@suimin_nama,24,2年,Member (2 years),,不明,,,3,3,0,2026-09-12 23:00,2026-10-05 22:30,,,https://www.youtube.com/channel/UCPSpn0Q-g9aLxNghyUFwaxA
UCgHUAsAvQBr5BJStZi3DF4w,@H_pyontarou,24,2年,Member (2 years),,不明,,,3,62,0,2026-09-12 23:00,2026-09-24 23:01,,,https://www.youtube.com/channel/UCgHUAsAvQBr5BJStZi3DF4w
UC8vLh27VvJwDDXRjWHb96aA,@あまや-u2v,24,2年,Member (2 years),,不明,,,3,6,0,2026-09-12 23:00,2026-10-02 22:30,,,https://www.youtube.com/channel/UC8vLh27VvJwDDXRjWHb96aA
UC5tn4pdqG3wGW3NbeUqd6VQ,@にゃんとがうがう,24,2年,Member (2 years),,不明,,,3,4,0,2026-09-12 23:00,2026-10-02 22:30,,,https://www.youtube.com/channel/UC5tn4pdqG3wGW3NbeUqd6VQ
UCjOyAiNNNpWcKqgmlj-I3eg,@ぼたぼた焼き,24,2年,Member (2 years),,不明,,,3,4,0,2026-09-12 23:00,2026-10-05 22:30,,,https://www.youtube.com/channel/UCjOyAiNNNpWcKqgmlj-I3eg
UC1lLjwzZX7AtyfhfbZLdhIw,@Kirara1997,24,2年,Member (2 years),,不明,,,3,3,0,2026-09-12 23:00,2026-10-02 22:30,,,https://www.youtube.com/channel/UC1lLjwzZX7AtyfhfbZLdhIw
UC2oaif4HFYOPHlXE6mPjBKA,@美夜うさぎ,24,2年,Member (2 years),,不明,,,3,3,0,2026-09-15 22:00,2026-10-05 22:30,,,https://www.youtube.com/channel/UC2oaif4HFYOPHlXE6mPjBKA
UCc39TWIzJsF8Dqe15nDgGpQ,@Ross128b_錦玉,24,2年,Member (2 years),,不明,,,3,4,0,2026-09-15 22:00,2026-10-02 22:30,,,https://www.youtube.com/channel/UCc39TWIzJsF8Dqe15nDgGpQ
UCdvVsocISEh-0qEzpsgs1mQ,@wam9018,24,2年,Member (2 years),,不明,,,3,11,0,2026-09-15 22:00,2026-09-22 14:02,,,https://www.youtube.com/channel/UCdvVsocISEh-0qEzpsgs1mQ
UCCgeE_Cw8hBVNxFj3Go5XIQ,@いけだま-s4i,24,2年,Member (2 years),,不明,,,3,30,0,2026-09-15 22:00,2026-09-24 23:01,,,https://www.youtube.com/channel/UCCgeE_Cw8hBVNxFj3Go5XIQ
UCkKkll8BM--5BUI39UckmNw,@sho-jz3bs,24,2年,Member (2 years),,不明,,,3,10,0,2026-09-17 07:30,2026-10-04 22:30,,,https://www.youtube.com/channel/UCkKkll8BM--5BUI39UckmNw
UCHBMj6T4ARATLVBnp0WjVGg,@tsubasa1324,24,2年,Member (2 years),,不明,,,3,5,0,2026-09-17 07:30,2026-09-26 21:33,,,https://www.youtube.com/channel/UCHBMj6T4ARATLVBnp0WjVGg
UCvj3O7ISF1BUC3u6fn1Xjnw,@ぐぅたら-gutara,24,2年,Member (2 years),,不明,,,3,3,0,2026-09-17 07:30,2026-09-22 14:02,,,https://www.youtube.com/channel/UCvj3O7ISF1BUC3u6fn1Xjnw
UCknuhPUv-8-SR2GOL9_dSnw,@モグモグ-c9d,24,2年,Member (2 years),,不明,,,3,5,0,2026-09-17 07:30,2026-09-26 21:33,,,https://www.youtube.com/channel/UCknuhPUv-8-SR2GOL9_dSnw
UCeF8qbUzMYCm4fs-yVq5ikQ,@いつき_i_i,24,2年,Member (2 years),,不明,,,3,10,0,2026-09-17 07:30,2026-09-22 14:02,,,https://www.youtube.com/channel/UCeF8qbUzMYCm4fs-yVq5ikQ
UC90vX4_jT7o_H0wpFM2oubA,@ヤキナスrf4,24,2年,Member (2 years),,不明,,,3,3,0,2026-09-17 07:30,2026-10-02 22:30,,,https://www.youtube.com/channel/UC90vX4_jT7o_H0wpFM2oubA
UCTg0Vmplu4LcKpmiUlROI0w,@モリアーティ-p1b,24,2年,Member (2 years),,不明,,,3,4,0,2026-09-17 07:30,2026-09-27 23:00,,,https://www.youtube.com/channel/UCTg0Vmplu4LcKpmiUlROI0w
UC5EcVtGbuUYcnWc-eGD7tYQ,@エリス_Ellis,24,2年,Member (2 years),,不明,,,3,26,0,2026-09-17 07:30,2026-09-24 23:01,,,https://www.youtube.com/channel/UC5EcVtGbuUYcnWc-eGD7tYQ
UCAc3P2KvBSXbnc1H91zBPVw,@ポムよし,24,2年,Member (2 years),,不明,,,3,3,0,2026-09-17 07:30,2026-09-26 21:33,,,https://www.youtube.com/channel/UCAc3P2KvBSXbnc1H91zBPVw
UCVQilLQHOSGM2USSL2bL7BA,@かずくま11,24,2年,Member (2 years),,不明,,,3,29,0,2026-09-17 22:05,2026-10-05 22:30,,,https://www.youtube.com/channel/UCVQilLQHOSGM2USSL2bL7BA
UCzhwj8hr_gfmGdxpl9PhJ8Q,@meigated,24,2年,Member (2 years),,不明,,,3,3,0,2026-09-17 22:05,2026-09-26 21:33,,,https://www.youtube.com/channel/UCzhwj8hr_gfmGdxpl9PhJ8Q
UCst_ay9Rv29nM_kmswK94QA,@Rin太,24,2年,Member (2 years),,不明,,,3,7,1,2026-09-17 22:05,2026-10-02 22:30,,,https://www.youtube.com/channel/UCst_ay9Rv29nM_kmswK94QA
UCb-ILHyjHsqZMVMORLca76Q,@エレオノラ1227_s,24,2年,Member (2 years),,不明,,,3,5,0,2026-09-17 22:05,2026-10-02 22:30,,,https://www.youtube.com/channel/UCb-ILHyjHsqZMVMORLca76Q
UCpzLmzAGC9t6SrPVlz0edEQ,@RR_H1202,24,2年,Member (2 years),,不明,,,3,4,0,2026-09-18 21:30,2026-09-27 23:00,,,https://www.youtube.com/channel/UCpzLmzAGC9t6SrPVlz0edEQ
UCO9NBMs4cbH6m_zPa3Dz6VQ,@はなhana._.h,24,2年,Member (2 years),,不明,,,3,6,0,2026-09-22 10:02,2026-10-02 22:30,,,https://www.youtube.com/channel/UCO9NBMs4cbH6m_zPa3Dz6VQ
UCnmE2qKzRBrTq_kylwstncg,@嶌-t7h,24,2年,Member (2 years),,不明,,,3,69,0,2026-09-22 10:02,2026-09-24 23:01,,,https://www.youtube.com/channel/UCnmE2qKzRBrTq_kylwstncg
UCQUNESgbx-1Pjqq-cvvfAKg,@inkokozakura394,24,2年,Member (2 years),,不明,,,3,22,0,2026-09-22 10:02,2026-09-24 23:01,,,https://www.youtube.com/channel/UCQUNESgbx-1Pjqq-cvvfAKg
UCnV7RB-XvP8UjebdJn0hdbw,@ミユウ-g5m,24,2年,Member (2 years),,不明,,,3,5,0,2026-09-22 10:02,2026-10-02 22:30,,,https://www.youtube.com/channel/UCnV7RB-XvP8UjebdJn0hdbw
UCZLwANqa0IxFKmfAtH2Mh4A,@すこんぶミルク,24,2年,Member (2 years),,不明,,,3,10,0,2026-09-22 14:02,2026-10-04 22:30,,,https://www.youtube.com/channel/UCZLwANqa0IxFKmfAtH2Mh4A
UCenGcIB4nIgxcE0gPetvAAA,@綾音かなで,24,2年,Member (2 years),,不明,,,3,9,0,2026-09-22 14:02,2026-10-02 22:30,,,https://www.youtube.com/channel/UCenGcIB4nIgxcE0gPetvAAA
UCTBczmZDcSg3FCYte6uhpwA,@安納芋ソフト,24,2年,Member (2 years),,不明,,,3,3,0,2026-09-22 14:02,2026-10-04 22:30,,,https://www.youtube.com/channel/UCTBczmZDcSg3FCYte6uhpwA
UC9Vo1BxY_p62FM3QkM9QxWw,@WD_u23,24,2年,Member (2 years),,不明,,,3,123,0,2026-09-22 14:02,2026-10-04 22:30,,,https://www.youtube.com/channel/UC9Vo1BxY_p62FM3QkM9QxWw
UC3ip81mb7LTAHJ3vPUC61Zw,@ろくのじ,24,2年,Member (2 years),,不明,,,3,6,0,2026-09-22 14:02,2026-09-26 21:33,,,https://www.youtube.com/channel/UC3ip81mb7LTAHJ3vPUC61Zw
UCF_pGKLZiB08pqJpnZcoTPA,@みなせぽん,24,2年,Member (2 years),,不明,,,3,27,0,2026-09-22 14:02,2026-10-02 22:30,,,https://www.youtube.com/channel/UCF_pGKLZiB08pqJpnZcoTPA
UCcKuihFP3Osh_OWg8w-RprQ,@柊連,24,2年,Member (2 years),,不明,,,3,5,0,2026-09-22 14:02,2026-10-04 22:30,,,https://www.youtube.com/channel/UCcKuihFP3Osh_OWg8w-RprQ
UCU58C9X5xewU3DlpA0z8llQ,@ひよこ-u6i,24,2年,Member (2 years),,不明,,,3,6,1,2026-09-22 14:02,2026-10-04 22:30,,,https://www.youtube.com/channel/UCU58C9X5xewU3DlpA0z8llQ
UCO2AnKRUxhEdtItxo43AWCw,@noteauto4213,24,2年,Member (2 years),,不明,,,3,7,0,2026-09-22 14:02,2026-10-04 22:30,,,https://www.youtube.com/channel/UCO2AnKRUxhEdtItxo43AWCw
UCINm6fNM6vkx5-oOwwpJT3A,@yutukiti_rfmo,24,2年,Member (2 years),,不明,,,3,9,0,2026-09-22 14:02,2026-09-26 21:33,,,https://www.youtube.com/channel/UCINm6fNM6vkx5-oOwwpJT3A
UCedfUIGkkY4N3MWcRpP3fWw,@ゐちごおれ,24,2年,Member (2 years),,不明,,,3,21,0,2026-09-22 14:02,2026-10-04 22:30,,,https://www.youtube.com/channel/UCedfUIGkkY4N3MWcRpP3fWw
UCk1vZCtfmHOwM51cU9s_BDw,@うみ-se4,24,2年,Member (2 years),,不明,,,3,5,0,2026-09-24 23:01,2026-10-05 22:30,,,https://www.youtube.com/channel/UCk1vZCtfmHOwM51cU9s_BDw
UCoYUis_bS8rKnyOMxqFSnPw,@ひまり-p9j,24,2年,Member (2 years),,不明,,,3,22,0,2026-09-24 23:01,2026-10-02 22:30,,,https://www.youtube.com/channel/UCoYUis_bS8rKnyOMxqFSnPw
UC61qrmU0VuIk0F0u9sAekjQ,@natsuki-729,24,2年,Member (2 years),,不明,,,3,12,0,2026-09-24 23:01,2026-10-02 22:30,,,https://www.youtube.com/channel/UC61qrmU0VuIk0F0u9sAekjQ
UC6c8bNtOtF27mntFXpHEWvw,@Oumi-Tomo_青海智,24,2年,Member (2 years),,不明,,,3,159,0,2026-09-24 23:01,2026-10-05 22:30,,,https://www.youtube.com/channel/UC6c8bNtOtF27mntFXpHEWvw
UCx6h426B8zOpZEMxLAFjWIQ,@ほーぷ-BB,24,2年,Member (2 years),,不明,,,3,10,0,2026-09-24 23:01,2026-10-04 22:30,,,https://www.youtube.com/channel/UCx6h426B8zOpZEMxLAFjWIQ
UC0_mxE2PIr875yi_a55fqVA,@みいエル,24,2年,Member (2 years),,不明,,,3,3,3,2026-09-24 23:01,2026-10-05 22:30,,,https://www.youtube.com/channel/UC0_mxE2PIr875yi_a55fqVA
UCiGNobpLHjgZSQBomJIv-ig,@サグ郎,24,2年,Member (2 years),,不明,,,3,13,0,2026-09-26 21:33,2026-10-04 22:30,,,https://www.youtube.com/channel/UCiGNobpLHjgZSQBomJIv-ig
UCbDdx3tBDryPyTQnoZgEDBw,@彩華-y1e,24,2年,Member (2 years),,不明,,,3,22,0,2026-09-26 21:33,2026-10-04 22:30,,,https://www.youtube.com/channel/UCbDdx3tBDryPyTQnoZgEDBw
UCIPXKtQeenXmgWVTLfpTuug,@湊結希-o3q,24,2年,Member (2 years),,不明,,,3,28,0,2026-09-26 21:33,2026-10-02 22:30,,,https://www.youtube.com/channel/UCIPXKtQeenXmgWVTLfpTuug
UCTHj8ZKVnwFllUnxlYRYtqQ,@ミツルギ-w8e,24,2年,Member (2 years),,不明,,,3,23,0,2026-09-27 23:00,2026-10-05 22:30,,,https://www.youtube.com/channel/UCTHj8ZKVnwFllUnxlYRYtqQ
UCQ3tx6XK2E0fd8GSCBzeerQ,@黒井4号,24,2年,Member (2 years),,不明,,,3,42,0,2026-09-27 23:00,2026-10-04 22:30,,,https://www.youtube.com/channel/UCQ3tx6XK2E0fd8GSCBzeerQ
UCSCTtYa_tMl4gConi_8dIfw,@篠-n6n,24,2年,Member (2 years),,不明,,,3,3,0,2026-10-02 22:30,2026-10-05 22:30,,,https://www.youtube.com/channel/UCSCTtYa_tMl4gConi_8dIfw
UC3qUXxhSAJ5KKXu5K_5v60g,@haruka6159,24,2年,Member (2 years),,不明,,,2,2,0,2026-09-08 22:31,2026-10-04 22:30,,,https://www.youtube.com/channel/UC3qUXxhSAJ5KKXu5K_5v60g
UC7HLYlWbLh3J-z5F3h7YkXw,@tsukasa-iz7gj,24,2年,Member (2 years),,不明,,,2,46,0,2026-09-08 22:31,2026-09-12 00:02,,,https://www.youtube.com/channel/UC7HLYlWbLh3J-z5F3h7YkXw
UCcr5Z30e7-znkQKLhEqHhFA,@病む坊麻婆,24,2年,Member (2 years),,不明,,,2,59,0,2026-09-08 22:31,2026-09-26 21:33,,,https://www.youtube.com/channel/UCcr5Z30e7-znkQKLhEqHhFA
UCOeymcGrMHemO2GEM5Z3LLQ,@judy14789,24,2年,Member (2 years),,不明,,,2,2,0,2026-09-08 22:31,2026-09-26 21:33,,,https://www.youtube.com/channel/UCOeymcGrMHemO2GEM5Z3LLQ
UCAYEtCvGKC0Tde_J6Nry-gw,@コーバック,24,2年,Member (2 years),,不明,,,2,5,0,2026-09-08 22:31,2026-09-22 14:02,,,https://www.youtube.com/channel/UCAYEtCvGKC0Tde_J6Nry-gw
UCBfaZnBAD0Mf1ZX2mxAc9EA,@みどりのきつねのりお,24,2年,Member (2 years),,不明,,,2,4,0,2026-09-08 22:31,2026-09-12 00:02,,,https://www.youtube.com/channel/UCBfaZnBAD0Mf1ZX2mxAc9EA
UCiD6aAxW7Mmr-SND_1t3smw,@haruto5107,24,2年,Member (2 years),,不明,,,2,14,0,2026-09-08 22:31,2026-10-04 22:30,,,https://www.youtube.com/channel/UCiD6aAxW7Mmr-SND_1t3smw
UCMR-q6Ciw9wjDV4_eJawzNQ,@photonmg1431,24,2年,Member (2 years),,不明,,,2,13,0,2026-09-08 22:31,2026-10-04 22:30,,,https://www.youtube.com/channel/UCMR-q6Ciw9wjDV4_eJawzNQ
UCXCwXdr-aph0tClD8StmYAw,@1202ki,24,2年,Member (2 years),,不明,,,2,2,0,2026-09-08 22:31,2026-09-17 22:05,,,https://www.youtube.com/channel/UCXCwXdr-aph0tClD8StmYAw
UCqhmdvF1vGshPs1flXzmWDw,@石カエル,24,2年,Member (2 years),,不明,,,2,6,0,2026-09-08 22:31,2026-10-02 22:30,,,https://www.youtube.com/channel/UCqhmdvF1vGshPs1flXzmWDw
UCjxEYCywtFUnMqLoV8izuZA,@Nono-gg5dl,24,2年,Member (2 years),,不明,,,2,2,0,2026-09-08 22:31,2026-09-10 22:00,,,https://www.youtube.com/channel/UCjxEYCywtFUnMqLoV8izuZA
UCzZm0RiMoVl63LRo7x3EUIQ,@ふもふもっふ-l3t,24,2年,Member (2 years),,不明,,,2,24,0,2026-09-08 22:31,2026-09-26 21:33,,,https://www.youtube.com/channel/UCzZm0RiMoVl63LRo7x3EUIQ
UC_hXUuACc0bec5Oi7LtMjww,@swarihs,24,2年,Member (2 years),,不明,,,2,3,0,2026-09-08 22:31,2026-09-12 00:02,,,https://www.youtube.com/channel/UC_hXUuACc0bec5Oi7LtMjww
UC7ddyJbEckhVw2KvoLzAK1A,@kgrb_22_1B_,24,2年,Member (2 years),,不明,,,2,7,0,2026-09-10 22:00,2026-09-12 00:02,,,https://www.youtube.com/channel/UC7ddyJbEckhVw2KvoLzAK1A
UCRgl3-SiNhjJCMbKM3-Khpg,@淡宵,24,2年,Member (2 years),,不明,,,2,2,0,2026-09-10 22:00,2026-09-18 21:30,,,https://www.youtube.com/channel/UCRgl3-SiNhjJCMbKM3-Khpg
UCeLUVtVR74V8IafJ2cf37Ew,@ちゃいろいねこ_1202,24,2年,Member (2 years),,不明,,,2,2,0,2026-09-10 22:00,2026-09-15 22:00,,,https://www.youtube.com/channel/UCeLUVtVR74V8IafJ2cf37Ew
UCKqWteLi_SXn7bivdakpUiA,@いーめ,24,2年,Member (2 years),,不明,,,2,3,0,2026-09-10 22:00,2026-10-02 22:30,,,https://www.youtube.com/channel/UCKqWteLi_SXn7bivdakpUiA
UCdZGSOa0JNJSnYi5s0XBxZQ,@猫柳-u8j,24,2年,Member (2 years),,不明,,,2,6,0,2026-09-10 22:00,2026-09-12 23:00,,,https://www.youtube.com/channel/UCdZGSOa0JNJSnYi5s0XBxZQ
UCf8fn6QOdoE-QHqd2AN6fkQ,@NH-cs4dq,24,2年,Member (2 years),,不明,,,2,2,1,2026-09-10 22:00,2026-09-12 23:00,,,https://www.youtube.com/channel/UCf8fn6QOdoE-QHqd2AN6fkQ
UC2_d7a0Fpm-zWVBwzhpWUjQ,@おとうふ-p7v,24,2年,Member (2 years),,不明,,,2,8,0,2026-09-10 22:00,2026-09-27 23:00,,,https://www.youtube.com/channel/UC2_d7a0Fpm-zWVBwzhpWUjQ
UCGySxazbuHApvMcNHIFXnOg,@清良-kiyora,24,2年,Member (2 years),,不明,,,2,4,0,2026-09-10 22:00,2026-10-04 22:30,,,https://www.youtube.com/channel/UCGySxazbuHApvMcNHIFXnOg
UCtesk-J3OyUqs2I9jm5MMlw,@そたそうた,24,2年,Member (2 years),,不明,,,2,3,0,2026-09-10 22:00,2026-09-12 00:02,,,https://www.youtube.com/channel/UCtesk-J3OyUqs2I9jm5MMlw
UC2Fxhn0rZrckCnEM9fTKOlA,@マオ-d8o,24,2年,Member (2 years),,不明,,,2,3,0,2026-09-10 22:00,2026-09-24 23:01,,,https://www.youtube.com/channel/UC2Fxhn0rZrckCnEM9fTKOlA
UC3DARgeXZGjF8OsKmTEmcAA,@鴨鍋-l2z,24,2年,Member (2 years),,不明,,,2,3,1,2026-09-10 22:00,2026-09-22 14:02,,,https://www.youtube.com/channel/UC3DARgeXZGjF8OsKmTEmcAA
UCvi4IWCrz4dj9-WZ9JPFZiQ,@卯ノ花律,24,2年,Member (2 years),,不明,,,2,56,0,2026-09-10 22:00,2026-09-12 00:02,,,https://www.youtube.com/channel/UCvi4IWCrz4dj9-WZ9JPFZiQ
UCesYbF90LyQ0UE_1OTgSZqA,@ふくろう-z1x,24,2年,Member (2 years),,不明,,,2,2,2,2026-09-10 22:00,2026-09-12 00:02,,,https://www.youtube.com/channel/UCesYbF90LyQ0UE_1OTgSZqA
UCh4TwWmjtsCHWqO0CNo22Rw,@__3ll0,24,2年,Member (2 years),,不明,,,2,33,2,2026-09-12 00:02,2026-10-02 20:00,,,https://www.youtube.com/channel/UCh4TwWmjtsCHWqO0CNo22Rw
UC19e9gXWkoBvbVA0Os8Xodw,@スバル-w9v,24,2年,Member (2 years),,不明,,,2,3,0,2026-09-12 00:02,2026-09-27 23:00,,,https://www.youtube.com/channel/UC19e9gXWkoBvbVA0Os8Xodw
UC5H-kAdIgW3vMsarbmWqc_A,@nnfm8370,24,2年,Member (2 years),,不明,,,2,2,0,2026-09-12 00:02,2026-09-12 23:00,,,https://www.youtube.com/channel/UC5H-kAdIgW3vMsarbmWqc_A
UCvIWZqfiF6NEwo4FA56ykaA,@イオリ-n8t,24,2年,Member (2 years),,不明,,,2,2,0,2026-09-12 00:02,2026-09-12 23:00,,,https://www.youtube.com/channel/UCvIWZqfiF6NEwo4FA56ykaA
UCVktB0hOJqU9zB4Vh_M-eGg,@ただの案山子-s7s,24,2年,Member (2 years),,不明,,,2,18,0,2026-09-12 00:02,2026-10-04 22:30,,,https://www.youtube.com/channel/UCVktB0hOJqU9zB4Vh_M-eGg
UCJ603OpwIOwMtG7VEfkzJPg,@りりえんてぃあ,24,2年,Member (2 years),,不明,,,2,3,0,2026-09-12 00:02,2026-09-17 07:30,,,https://www.youtube.com/channel/UCJ603OpwIOwMtG7VEfkzJPg
UC0jCswsT1WiVNtFVDoZB2Ag,@ufo_089,24,2年,Member (2 years),,不明,,,2,8,0,2026-09-12 00:02,2026-09-24 23:01,,,https://www.youtube.com/channel/UC0jCswsT1WiVNtFVDoZB2Ag
UCWbOaRv56GQih171Eb67lpw,@Mireツキカ,24,2年,Member (2 years),,不明,,,2,7,0,2026-09-12 00:02,2026-09-18 21:30,,,https://www.youtube.com/channel/UCWbOaRv56GQih171Eb67lpw
UCs4odjS6wrhE9IorHfnbzMA,@みっちー-f2c,24,2年,Member (2 years),,不明,,,2,7,0,2026-09-12 00:02,2026-09-24 23:01,,,https://www.youtube.com/channel/UCs4odjS6wrhE9IorHfnbzMA
UCfEaVgg6HQr3eNBg-ehrSug,@無香,24,2年,Member (2 years),,不明,,,2,3,0,2026-09-12 00:02,2026-10-04 22:30,,,https://www.youtube.com/channel/UCfEaVgg6HQr3eNBg-ehrSug
UCFsH1O5rCD7ZKSH8bds_Jrw,@ゆー_k,24,2年,Member (2 years),,不明,,,2,8,0,2026-09-12 00:02,2026-09-22 10:02,,,https://www.youtube.com/channel/UCFsH1O5rCD7ZKSH8bds_Jrw
UCX-Yi-M3WO9blaW-ASODcHg,@ヒヨロシ,24,2年,Member (2 years),,不明,,,2,7,0,2026-09-12 00:02,2026-10-02 20:00,,,https://www.youtube.com/channel/UCX-Yi-M3WO9blaW-ASODcHg
UCZhTYPfCcp5e51QEburN7Dg,@rikyoumayuko,24,2年,Member (2 years),,不明,,,2,4,2,2026-09-12 00:02,2026-09-12 23:00,,,https://www.youtube.com/channel/UCZhTYPfCcp5e51QEburN7Dg
UCgMYFIdGiQ16ltOShAJPc6g,@こしあん大福13,24,2年,Member (2 years),,不明,,,2,2,0,2026-09-12 00:02,2026-09-27 23:00,,,https://www.youtube.com/channel/UCgMYFIdGiQ16ltOShAJPc6g
UCb3_gx3wlHuYCM6cMSXcGzw,@ぃゆ_1212KK,24,2年,Member (2 years),,不明,,,2,29,0,2026-09-12 00:02,2026-09-22 14:02,,,https://www.youtube.com/channel/UCb3_gx3wlHuYCM6cMSXcGzw
UCQvo7A0N-yM7XeqDXP89gZg,@tamago_pann,24,2年,Member (2 years),,不明,,,2,16,0,2026-09-12 00:02,2026-10-05 22:30,,,https://www.youtube.com/channel/UCQvo7A0N-yM7XeqDXP89gZg
UCjYbHVMPtejP1iy8-bEJqGA,@こあら23号,24,2年,Member (2 years),,不明,,,2,9,0,2026-09-12 00:02,2026-10-04 22:30,,,https://www.youtube.com/channel/UCjYbHVMPtejP1iy8-bEJqGA
UC9B9Ky9GhCAtBcTGh6iUjlw,@ヨモギツネ-n3i,24,2年,Member (2 years),,不明,,,2,104,0,2026-09-12 00:02,2026-09-24 23:01,,,https://www.youtube.com/channel/UC9B9Ky9GhCAtBcTGh6iUjlw
UCkiYjiwx8PXJ9s1Sbe51fOA,@雪見茶,24,2年,Member (2 years),,不明,,,2,3,0,2026-09-12 00:02,2026-09-24 23:01,,,https://www.youtube.com/channel/UCkiYjiwx8PXJ9s1Sbe51fOA
UC9jHxbuJTLb6alIzogRWlYQ,@エレノア-v2z,24,2年,Member (2 years),,不明,,,2,8,0,2026-09-12 00:02,2026-09-22 14:02,,,https://www.youtube.com/channel/UC9jHxbuJTLb6alIzogRWlYQ
UCYh_RuiWBoUFq17qsW4SKbQ,@やみのま_yaminoma,24,2年,Member (2 years),,不明,,,2,2,0,2026-09-12 00:02,2026-09-15 22:00,,,https://www.youtube.com/channel/UCYh_RuiWBoUFq17qsW4SKbQ
UCTZu0HE3yJxzqABmsqE0Xrw,@ゆな-t1z,24,2年,Member (2 years),,不明,,,2,7,0,2026-09-12 00:02,2026-09-17 22:05,,,https://www.youtube.com/channel/UCTZu0HE3yJxzqABmsqE0Xrw
UCQOsosAxL2gim6mnU3hduuQ,@XRBO黒麻瑠lくろまる,24,2年,Member (2 years),,不明,,,2,3,0,2026-09-12 00:02,2026-10-04 22:30,,,https://www.youtube.com/channel/UCQOsosAxL2gim6mnU3hduuQ
UCRg-dGDh9R-xNzmENeI86qQ,@トイレまめつぶ,24,2年,Member (2 years),,不明,,,2,17,0,2026-09-12 00:02,2026-09-22 10:02,,,https://www.youtube.com/channel/UCRg-dGDh9R-xNzmENeI86qQ
UCP8khHVNZRKWiZBcckMGcPQ,@フェケテリコ630,24,2年,Member (2 years),,不明,,,2,27,0,2026-09-12 00:02,2026-10-04 22:30,,,https://www.youtube.com/channel/UCP8khHVNZRKWiZBcckMGcPQ
UC2PAbQvNFHAsOTyhYPBnDMA,@おシゲ-sg,24,2年,Member (2 years),,不明,,,2,47,0,2026-09-12 00:02,2026-10-05 22:30,,,https://www.youtube.com/channel/UC2PAbQvNFHAsOTyhYPBnDMA
UCHXGYustuvebNg7FVXX3DmA,@udon-udondon,24,2年,Member (2 years),,不明,,,2,42,0,2026-09-12 00:02,2026-09-22 14:02,,,https://www.youtube.com/channel/UCHXGYustuvebNg7FVXX3DmA
UCyVMqbui8QmnSjk5qXSR_JA,@肉球ぷにぷに-w4h,24,2年,Member (2 years),,不明,,,2,34,0,2026-09-12 00:02,2026-09-27 23:00,,,https://www.youtube.com/channel/UCyVMqbui8QmnSjk5qXSR_JA
UCYLZirhexK3lgj0sfuQ6shw,@くらげ-kur46e,24,2年,Member (2 years),,不明,,,2,32,0,2026-09-12 00:02,2026-09-17 22:05,,,https://www.youtube.com/channel/UCYLZirhexK3lgj0sfuQ6shw
UCjTLfge6WG2M3xte1tqmsrA,@らのよし,24,2年,Member (2 years),,不明,,,2,58,0,2026-09-12 00:02,2026-09-27 23:00,,,https://www.youtube.com/channel/UCjTLfge6WG2M3xte1tqmsrA
UCBqhpBM0po4l8jrd8PclCcA,@ろまめ,24,2年,Member (2 years),,不明,,,2,6,0,2026-09-12 00:02,2026-09-17 07:30,,,https://www.youtube.com/channel/UCBqhpBM0po4l8jrd8PclCcA
UCiJlhtzyZec12htP0chiQGA,@和泉-123,24,2年,Member (2 years),,不明,,,2,2,0,2026-09-12 00:02,2026-09-17 22:05,,,https://www.youtube.com/channel/UCiJlhtzyZec12htP0chiQGA
UCyqD306y3RgEzKSHkKX0Ziw,@蚕-z5u,24,2年,Member (2 years),,不明,,,2,6,0,2026-09-12 00:02,2026-09-24 23:01,,,https://www.youtube.com/channel/UCyqD306y3RgEzKSHkKX0Ziw
UClx_BSm_XWvz8Kn-GeNjSAw,@NorthrenWood,24,2年,Member (2 years),,不明,,,2,15,0,2026-09-12 00:02,2026-09-27 23:00,,,https://www.youtube.com/channel/UClx_BSm_XWvz8Kn-GeNjSAw
UC3jGGmbf-4sUtcZep9Cg3mg,@うに太郎-c7x,24,2年,Member (2 years),,不明,,,2,2,0,2026-09-12 00:02,2026-09-24 23:01,,,https://www.youtube.com/channel/UC3jGGmbf-4sUtcZep9Cg3mg
UCNEJeuIAZdNuqeqqhHL4IXA,@夕眞,24,2年,Member (2 years),,不明,,,2,20,2,2026-09-12 00:02,2026-10-02 22:30,,,https://www.youtube.com/channel/UCNEJeuIAZdNuqeqqhHL4IXA
UCzAQ4AzIwm2pvZ88lweHPtg,@せいか-q4f,24,2年,Member (2 years),,不明,,,2,3,0,2026-09-12 00:02,2026-09-15 22:00,,,https://www.youtube.com/channel/UCzAQ4AzIwm2pvZ88lweHPtg
UCxAu1WXsPLgtdjCJr6dTPIw,@有-v1v,24,2年,Member (2 years),,不明,,,2,6,0,2026-09-12 00:02,2026-09-15 22:00,,,https://www.youtube.com/channel/UCxAu1WXsPLgtdjCJr6dTPIw
UC6pLFyY_LMo4iH7R_WJioAQ,@狩谷ココロ,24,2年,Member (2 years),,不明,,,2,2,0,2026-09-12 00:02,2026-09-15 22:00,,,https://www.youtube.com/channel/UC6pLFyY_LMo4iH7R_WJioAQ
UCJRhlYlfHjF1qGjPmc6M6ZQ,@采木,24,2年,Member (2 years),,不明,,,2,2,0,2026-09-12 00:02,2026-10-02 22:30,,,https://www.youtube.com/channel/UCJRhlYlfHjF1qGjPmc6M6ZQ
UCifcA_YMIGP5PbTbo-JjIdQ,@つづらや-k8r,24,2年,Member (2 years),,不明,,,2,2,1,2026-09-12 00:02,2026-09-22 14:02,,,https://www.youtube.com/channel/UCifcA_YMIGP5PbTbo-JjIdQ
UClb3gAK1sMx6GKftOR2kn6A,@真宵_oxo,24,2年,Member (2 years),,不明,,,2,3,0,2026-09-12 00:02,2026-10-05 22:30,,,https://www.youtube.com/channel/UClb3gAK1sMx6GKftOR2kn6A
UCQCvSPy1s9qhkCyXjF2sI8g,@ey-1303,24,2年,Member (2 years),,不明,,,2,34,1,2026-09-12 23:00,2026-09-27 23:00,,,https://www.youtube.com/channel/UCQCvSPy1s9qhkCyXjF2sI8g
UC7_gTWcNe_yCu0KItyD05aQ,@Recel_zxe,24,2年,Member (2 years),,不明,,,2,2,0,2026-09-12 23:00,2026-09-26 21:33,,,https://www.youtube.com/channel/UC7_gTWcNe_yCu0KItyD05aQ
UCHiQEvGAs60VdbsTMLoeCgQ,@はすます_1227,24,2年,Member (2 years),,不明,,,2,2,0,2026-09-12 23:00,2026-09-17 07:30,,,https://www.youtube.com/channel/UCHiQEvGAs60VdbsTMLoeCgQ
UCDxhOwjFET3o9LqL59rs4-w,@gumi493,24,2年,Member (2 years),,不明,,,2,2,0,2026-09-12 23:00,2026-10-04 22:30,,,https://www.youtube.com/channel/UCDxhOwjFET3o9LqL59rs4-w
UCPafNTQoPwlgwms1M8_m5Dg,@ヒサハル-久晴,24,2年,Member (2 years),,不明,,,2,18,0,2026-09-12 23:00,2026-10-05 22:30,,,https://www.youtube.com/channel/UCPafNTQoPwlgwms1M8_m5Dg
UCGK9kcKV8oQVr9Z8yPqDPXQ,@まろ-c5m,24,2年,Member (2 years),,不明,,,2,4,0,2026-09-12 23:00,2026-09-27 23:00,,,https://www.youtube.com/channel/UCGK9kcKV8oQVr9Z8yPqDPXQ
UCkxx1vPZ1PizPk4NpYONaWw,@メカ餅,24,2年,Member (2 years),,不明,,,2,15,0,2026-09-12 23:00,2026-09-24 23:01,,,https://www.youtube.com/channel/UCkxx1vPZ1PizPk4NpYONaWw
UCawo6-UNUfkom6SzVmbnQPg,@まぐろ丼-q2u,24,2年,Member (2 years),,不明,,,2,2,0,2026-09-12 23:00,2026-09-18 21:30,,,https://www.youtube.com/channel/UCawo6-UNUfkom6SzVmbnQPg
UC0ICKHkQ6q6RuZ1EUobVgfw,@オッキー-j2v,24,2年,Member (2 years),,不明,,,2,3,0,2026-09-12 23:00,2026-10-04 22:30,,,https://www.youtube.com/channel/UC0ICKHkQ6q6RuZ1EUobVgfw
UCWa5VxKj9zDNovZOtwxNZTA,@バビロニア王,24,2年,Member (2 years),,不明,,,2,2,0,2026-09-12 23:00,2026-09-22 14:02,,,https://www.youtube.com/channel/UCWa5VxKj9zDNovZOtwxNZTA
UCyd6DSLHIb1GlJOsEJPWWMw,@そらいろ-w5d,24,2年,Member (2 years),,不明,,,2,4,0,2026-09-12 23:00,2026-10-02 20:00,,,https://www.youtube.com/channel/UCyd6DSLHIb1GlJOsEJPWWMw
UCZ-AmlkFvH8eucT0TNMeiPg,@アマノケイ-k5y,24,2年,Member (2 years),,不明,,,2,4,1,2026-09-12 23:00,2026-10-05 22:30,,,https://www.youtube.com/channel/UCZ-AmlkFvH8eucT0TNMeiPg
UCiWpaC2aKl59b9b6UKG8_ow,@HN-cc8gq,24,2年,Member (2 years),,不明,,,2,2,0,2026-09-12 23:00,2026-09-26 21:33,,,https://www.youtube.com/channel/UCiWpaC2aKl59b9b6UKG8_ow
UC5DggH6kFDjQQxpVWuNAohA,@るな_luuna,24,2年,Member (2 years),,不明,,,2,5,0,2026-09-12 23:00,2026-10-02 20:00,,,https://www.youtube.com/channel/UC5DggH6kFDjQQxpVWuNAohA
UCwLnGH1OHD0MiLCH4fXrwpg,@chikodaruma-930,24,2年,Member (2 years),,不明,,,2,18,0,2026-09-12 23:00,2026-09-22 14:02,,,https://www.youtube.com/channel/UCwLnGH1OHD0MiLCH4fXrwpg
UC5qC6BDIMoNWWOPGN0UnEOw,@hitori4065,24,2年,Member (2 years),,不明,,,2,148,2,2026-09-15 22:00,2026-10-04 22:30,,,https://www.youtube.com/channel/UC5qC6BDIMoNWWOPGN0UnEOw
UClEhvDphignZhFUmqfmm2iw,@ももへきょ,24,2年,Member (2 years),,不明,,,2,5,0,2026-09-15 22:00,2026-10-04 22:30,,,https://www.youtube.com/channel/UClEhvDphignZhFUmqfmm2iw
UCEF1Ta-qUII4N8x6WlOT2ag,@hayahaya6210,24,2年,Member (2 years),,不明,,,2,2,0,2026-09-15 22:00,2026-10-05 22:30,,,https://www.youtube.com/channel/UCEF1Ta-qUII4N8x6WlOT2ag
UCiRV00HN1xkb7rmXQcls1Cw,@アキサメ-s4i,24,2年,Member (2 years),,不明,,,2,3,0,2026-09-15 22:00,2026-10-05 22:30,,,https://www.youtube.com/channel/UCiRV00HN1xkb7rmXQcls1Cw
UCV9irhuHOVuYbe_q9fs0rBg,@もずぎん,24,2年,Member (2 years),,不明,,,2,4,0,2026-09-15 22:00,2026-09-22 14:02,,,https://www.youtube.com/channel/UCV9irhuHOVuYbe_q9fs0rBg
UCnGTyFciz0hc6mkrmI4bydw,@733Alvarez,24,2年,Member (2 years),,不明,,,2,4,0,2026-09-15 22:00,2026-09-24 23:01,,,https://www.youtube.com/channel/UCnGTyFciz0hc6mkrmI4bydw
UCb6GjrKdKf6XErtWe_gJLag,@ダモクレスの古着,24,2年,Member (2 years),,不明,,,2,30,0,2026-09-15 22:00,2026-10-04 22:30,,,https://www.youtube.com/channel/UCb6GjrKdKf6XErtWe_gJLag
UCMKNY-__WvEfNvhGHkNSFdQ,@31.5kg-b5k,24,2年,Member (2 years),,不明,,,2,2,0,2026-09-17 07:30,2026-10-05 22:30,,,https://www.youtube.com/channel/UCMKNY-__WvEfNvhGHkNSFdQ
UCeCq2lNeNrH2DxQBaY5D1Qw,@asugawahotaru,24,2年,Member (2 years),,不明,,,2,2,0,2026-09-17 07:30,2026-10-02 20:00,,,https://www.youtube.com/channel/UCeCq2lNeNrH2DxQBaY5D1Qw
UCXQkkBzxnA2FfKAZkNp_3Yg,@sousetu_55,24,2年,Member (2 years),,不明,,,2,2,0,2026-09-17 07:30,2026-10-02 22:30,,,https://www.youtube.com/channel/UCXQkkBzxnA2FfKAZkNp_3Yg
UCtziDzhlQv82ajacRbVKHIQ,@rainylazy,24,2年,Member (2 years),,不明,,,2,2,0,2026-09-17 07:30,2026-09-17 22:05,,,https://www.youtube.com/channel/UCtziDzhlQv82ajacRbVKHIQ
UCZWO-dGsb7fm88jD9iOp9qQ,@蛍-x7j,24,2年,Member (2 years),,不明,,,2,14,0,2026-09-17 07:30,2026-09-22 14:02,,,https://www.youtube.com/channel/UCZWO-dGsb7fm88jD9iOp9qQ
UC32adBmw2ofezkhqk9NHd6A,@mintsan1809,24,2年,Member (2 years),,不明,,,2,2,0,2026-09-17 07:30,2026-10-04 22:30,,,https://www.youtube.com/channel/UC32adBmw2ofezkhqk9NHd6A
UCBFnqp1nunPkgXiQluO4m2Q,@M_iku0331,24,2年,Member (2 years),,不明,,,2,3,0,2026-09-17 07:30,2026-09-22 10:02,,,https://www.youtube.com/channel/UCBFnqp1nunPkgXiQluO4m2Q
UCWUGx2eeDs4rEtbXgUAe2DQ,@紅沓_kouko,24,2年,Member (2 years),,不明,,,2,2,0,2026-09-17 07:30,2026-09-17 22:05,,,https://www.youtube.com/channel/UCWUGx2eeDs4rEtbXgUAe2DQ
UCZWDUd6ayi9Yyn5Bsp8j43g,@ムラキ_むむむ,24,2年,Member (2 years),,不明,,,2,2,1,2026-09-17 07:30,2026-09-24 23:01,,,https://www.youtube.com/channel/UCZWDUd6ayi9Yyn5Bsp8j43g
UCAXOCNdmO2F5EqkozxkmXEg,@真紀-m7k14,24,2年,Member (2 years),,不明,,,2,7,0,2026-09-17 07:30,2026-10-02 20:00,,,https://www.youtube.com/channel/UCAXOCNdmO2F5EqkozxkmXEg
UClXl-Cdw1BvUy1Bzq7audhQ,@和矢-u5t,24,2年,Member (2 years),,不明,,,2,3,0,2026-09-17 07:30,2026-09-27 23:00,,,https://www.youtube.com/channel/UClXl-Cdw1BvUy1Bzq7audhQ
UCvxgZO3zLL-jDrlqaK7VSHw,@アサト-x1x,24,2年,Member (2 years),,不明,,,2,8,0,2026-09-17 07:30,2026-10-04 22:30,,,https://www.youtube.com/channel/UCvxgZO3zLL-jDrlqaK7VSHw
UCWpO20NRegoGiPMJbWz-N0g,@obsidian1126,24,2年,Member (2 years),,不明,,,2,3,0,2026-09-17 07:30,2026-09-22 14:02,,,https://www.youtube.com/channel/UCWpO20NRegoGiPMJbWz-N0g
UCCUbJDPA1OrWZNp9WoxFdSA,@Carina-uc4vi,24,2年,Member (2 years),,不明,,,2,4,0,2026-09-17 07:30,2026-09-22 14:02,,,https://www.youtube.com/channel/UCCUbJDPA1OrWZNp9WoxFdSA
UCKQ9x9BxIwFUQ7O1yYRaNoA,@Dante-rozetta00,24,2年,Member (2 years),,不明,,,2,4,0,2026-09-17 07:30,2026-10-02 22:30,,,https://www.youtube.com/channel/UCKQ9x9BxIwFUQ7O1yYRaNoA
UCjs-zHp8AxKZ5u4lRkkuQkw,@micherele,24,2年,Member (2 years),,不明,,,2,2,0,2026-09-17 22:05,2026-10-02 20:00,,,https://www.youtube.com/channel/UCjs-zHp8AxKZ5u4lRkkuQkw
UCbV01hBDuLYcKU53jRBSuKw,@しょざい-c7l,24,2年,Member (2 years),,不明,,,2,2,0,2026-09-17 22:05,2026-09-22 14:02,,,https://www.youtube.com/channel/UCbV01hBDuLYcKU53jRBSuKw
UCTOA5HV5gShmZB0AzTrNrjw,@rabirabi_UoxoU,24,2年,Member (2 years),,不明,,,2,2,0,2026-09-17 22:05,2026-09-27 23:00,,,https://www.youtube.com/channel/UCTOA5HV5gShmZB0AzTrNrjw
UCNf3lFBZlwIsrCuBgohkaOA,@やどかりくろべ,24,2年,Member (2 years),,不明,,,2,3,0,2026-09-17 22:05,2026-09-18 21:30,,,https://www.youtube.com/channel/UCNf3lFBZlwIsrCuBgohkaOA
UCo5jtI5o8tiKb064W32R9pA,@マンゴー大好き-m5x,24,2年,Member (2 years),,不明,,,2,2,0,2026-09-17 22:05,2026-09-22 14:02,,,https://www.youtube.com/channel/UCo5jtI5o8tiKb064W32R9pA
UC5qcgzSJ4tZ0Ln81TEViRxA,@Kakeru905_,24,2年,Member (2 years),,不明,,,2,5,0,2026-09-17 22:05,2026-09-22 14:02,,,https://www.youtube.com/channel/UC5qcgzSJ4tZ0Ln81TEViRxA
UCUiJFpqwO3r8WHp7yE3xFrA,@ミヤビSunday,24,2年,Member (2 years),,不明,,,2,3,0,2026-09-17 22:05,2026-10-02 22:30,,,https://www.youtube.com/channel/UCUiJFpqwO3r8WHp7yE3xFrA
UC5l-y8SLkB2v8-CngFhICkw,@Shiki-fi8el,24,2年,Member (2 years),,不明,,,2,8,0,2026-09-17 22:05,2026-10-04 22:30,,,https://www.youtube.com/channel/UC5l-y8SLkB2v8-CngFhICkw
UCKS6XJULgiqB82Mc7op91yw,@asa-dw4ve,24,2年,Member (2 years),,不明,,,2,2,0,2026-09-17 22:05,2026-09-24 23:01,,,https://www.youtube.com/channel/UCKS6XJULgiqB82Mc7op91yw
UCGej7s8rIKpSsfpjgGsmhpA,@まーべりく,24,2年,Member (2 years),,不明,,,2,3,0,2026-09-17 22:05,2026-10-05 22:30,,,https://www.youtube.com/channel/UCGej7s8rIKpSsfpjgGsmhpA
UCJDIWarNh57XoiKXk_RCCyQ,@瑠璃色雀,24,2年,Member (2 years),,不明,,,2,2,0,2026-09-17 22:05,2026-09-26 21:33,,,https://www.youtube.com/channel/UCJDIWarNh57XoiKXk_RCCyQ
UCTwbTLiXOuXJgG-nIyB0z1w,@手取川なお,24,2年,Member (2 years),,不明,,,2,51,0,2026-09-17 22:05,2026-09-22 14:02,,,https://www.youtube.com/channel/UCTwbTLiXOuXJgG-nIyB0z1w
UC6Ay6raaU-ourKjUtnxmnKQ,@sumiyoshi5280,24,2年,Member (2 years),,不明,,,2,2,0,2026-09-17 22:05,2026-09-22 14:02,,,https://www.youtube.com/channel/UC6Ay6raaU-ourKjUtnxmnKQ
UCt_ljBGNAVftvxdjucSTaIA,@gohan_oicee,24,2年,Member (2 years),,不明,,,2,2,0,2026-09-17 22:05,2026-09-22 14:02,,,https://www.youtube.com/channel/UCt_ljBGNAVftvxdjucSTaIA
UCJT2gbkIYJXR6mEQi04Kctw,@もたい-o5p,24,2年,Member (2 years),,不明,,,2,2,0,2026-09-17 22:05,2026-09-18 21:30,,,https://www.youtube.com/channel/UCJT2gbkIYJXR6mEQi04Kctw
UCQ1UYC0VvXwPcFychMVs_1Q,@凍空巡,24,2年,Member (2 years),,不明,,,2,9,0,2026-09-17 22:05,2026-09-26 21:33,,,https://www.youtube.com/channel/UCQ1UYC0VvXwPcFychMVs_1Q
UCpdgF-oRam2esVVMLKxoxew,@アルパカ-h5f,24,2年,Member (2 years),,不明,,,2,2,0,2026-09-18 21:30,2026-09-22 10:02,,,https://www.youtube.com/channel/UCpdgF-oRam2esVVMLKxoxew
UCLr5qaoS6r0P-0bflEOKpUw,@hoshiboshi.m,24,2年,Member (2 years),,不明,,,2,2,0,2026-09-18 21:30,2026-10-05 22:30,,,https://www.youtube.com/channel/UCLr5qaoS6r0P-0bflEOKpUw
UCRdlU6_oLHEDPmwd-2Rx9PQ,@jeysead,24,2年,Member (2 years),,不明,,,2,5,0,2026-09-18 21:30,2026-10-04 22:30,,,https://www.youtube.com/channel/UCRdlU6_oLHEDPmwd-2Rx9PQ
UC2UPEjaKCJFRo6GL8q0wrrw,@KION_GEAR,24,2年,Member (2 years),,不明,,,2,4,0,2026-09-18 21:30,2026-10-04 22:30,,,https://www.youtube.com/channel/UC2UPEjaKCJFRo6GL8q0wrrw
UCdu7wq-L_hjzZvbEYx3GbLw,@simauma-lion,24,2年,Member (2 years),,不明,,,2,7,0,2026-09-22 10:02,2026-10-04 22:30,,,https://www.youtube.com/channel/UCdu7wq-L_hjzZvbEYx3GbLw
UCxWQ7v07BP_Tq1VgvniL2aw,@tahirikka_illustration,24,2年,Member (2 years),,不明,,,2,2,0,2026-09-22 10:02,2026-10-02 22:30,,,https://www.youtube.com/channel/UCxWQ7v07BP_Tq1VgvniL2aw
UC6VT9oy4NYbMfcZtGQ0w-LQ,@スリーピー-f8z,24,2年,Member (2 years),,不明,,,2,9,0,2026-09-22 10:02,2026-09-22 14:02,,,https://www.youtube.com/channel/UC6VT9oy4NYbMfcZtGQ0w-LQ
UCu6nqpDXcrs0yWu486jWCWA,@m8lu,24,2年,Member (2 years),,不明,,,2,3,0,2026-09-22 10:02,2026-10-02 20:00,,,https://www.youtube.com/channel/UCu6nqpDXcrs0yWu486jWCWA
UC_oLCOqYTowUi_T6TECmTLA,@honfa_1025,24,2年,Member (2 years),,不明,,,2,2,0,2026-09-22 10:02,2026-09-22 14:02,,,https://www.youtube.com/channel/UC_oLCOqYTowUi_T6TECmTLA
UCfDQcsi2l0VpZY09-d3r_EQ,@shin.kanatamaru,24,2年,Member (2 years),,不明,,,2,5,0,2026-09-22 10:02,2026-09-22 14:02,,,https://www.youtube.com/channel/UCfDQcsi2l0VpZY09-d3r_EQ
UCYvTswNDx2LfzOzej-3DOcA,@owo91519,24,2年,Member (2 years),,不明,,,2,2,0,2026-09-22 10:02,2026-09-27 23:00,,,https://www.youtube.com/channel/UCYvTswNDx2LfzOzej-3DOcA
UCv-n4soL44_9eJLOeS9Dfkg,@ねむねこ-l7x,24,2年,Member (2 years),,不明,,,2,7,0,2026-09-22 14:02,2026-10-05 22:30,,,https://www.youtube.com/channel/UCv-n4soL44_9eJLOeS9Dfkg
UCaHaMwbcXoGP7iWHJaQ0ATQ,@田中ラッセル,24,2年,Member (2 years),,不明,,,2,2,0,2026-09-22 14:02,2026-10-04 22:30,,,https://www.youtube.com/channel/UCaHaMwbcXoGP7iWHJaQ0ATQ
UC2JREVaS-nW8KU7m17AsgjQ,@かぼちゃうまうま,24,2年,Member (2 years),,不明,,,2,7,0,2026-09-22 14:02,2026-09-24 23:01,,,https://www.youtube.com/channel/UC2JREVaS-nW8KU7m17AsgjQ
UCkhAOHbARseWLbOTa2npYJQ,@髏々宮グラン,24,2年,Member (2 years),,不明,,,2,4,0,2026-09-22 14:02,2026-09-26 21:33,,,https://www.youtube.com/channel/UCkhAOHbARseWLbOTa2npYJQ
UC5QodZqwxA7qOykVBs6jIlQ,@今野暁天いまのあきたか,24,2年,Member (2 years),,不明,,,2,5,0,2026-09-22 14:02,2026-09-24 23:01,,,https://www.youtube.com/channel/UC5QodZqwxA7qOykVBs6jIlQ
UC4cUBc7Bk6hajuDKqoyZIxA,@お庭のたぬき,24,2年,Member (2 years),,不明,,,2,3,1,2026-09-22 14:02,2026-10-02 22:30,,,https://www.youtube.com/channel/UC4cUBc7Bk6hajuDKqoyZIxA
UCg_F4rl88tZWsAGXlP4L6KQ,@菜瑠-nr,24,2年,Member (2 years),,不明,,,2,4,0,2026-09-22 14:02,2026-10-02 22:30,,,https://www.youtube.com/channel/UCg_F4rl88tZWsAGXlP4L6KQ
UC8XmEDiRxY5oY4UCN-9nI4g,@momonoki1171,24,2年,Member (2 years),,不明,,,2,106,0,2026-09-22 14:02,2026-09-26 21:33,,,https://www.youtube.com/channel/UC8XmEDiRxY5oY4UCN-9nI4g
UCQH2_DuwS6v_RfJvpeGyHtw,@リドナエ,24,2年,Member (2 years),,不明,,,2,2,0,2026-09-22 14:02,2026-10-04 22:30,,,https://www.youtube.com/channel/UCQH2_DuwS6v_RfJvpeGyHtw
UCwc4wx5c66I9k80digZpc9g,@et8891,24,2年,Member (2 years),,不明,,,2,7,0,2026-09-22 14:02,2026-10-02 20:00,,,https://www.youtube.com/channel/UCwc4wx5c66I9k80digZpc9g
UC8_q2xSyGfWQqz1ptqGa1Xw,@はいじ-w9f,24,2年,Member (2 years),,不明,,,2,5,0,2026-09-22 14:02,2026-09-24 23:01,,,https://www.youtube.com/channel/UC8_q2xSyGfWQqz1ptqGa1Xw
UCz7lJLN-PU-PtsxVDj43HPQ,@phaleno4748,24,2年,Member (2 years),,不明,,,2,7,0,2026-09-22 14:02,2026-10-04 22:30,,,https://www.youtube.com/channel/UCz7lJLN-PU-PtsxVDj43HPQ
UCyWIrTmcRkO88wnZ_nMjjuA,@アサギマダラ-y,24,2年,Member (2 years),,不明,,,2,3,0,2026-09-22 14:02,2026-10-04 22:30,,,https://www.youtube.com/channel/UCyWIrTmcRkO88wnZ_nMjjuA
UCv7bk-X5D23_xAVxzhT_KsA,@_okojyo8599,24,2年,Member (2 years),,不明,,,2,2,0,2026-09-22 14:02,2026-10-02 22:30,,,https://www.youtube.com/channel/UCv7bk-X5D23_xAVxzhT_KsA
UC-c3aPLDblcTip5C9Ctpksw,@to-u-ka,24,2年,Member (2 years),,不明,,,2,6,0,2026-09-22 14:02,2026-10-04 22:30,,,https://www.youtube.com/channel/UC-c3aPLDblcTip5C9Ctpksw
UCB8LC-TlFyjnd9zav-X03fA,@新城ユキ,24,2年,Member (2 years),,不明,,,2,2,0,2026-09-22 14:02,2026-09-24 23:01,,,https://www.youtube.com/channel/UCB8LC-TlFyjnd9zav-X03fA
UCtSxWk77MsSxM691uutlmNg,@sakusakukusa1082,24,2年,Member (2 years),,不明,,,2,4,0,2026-09-22 14:02,2026-09-24 23:01,,,https://www.youtube.com/channel/UCtSxWk77MsSxM691uutlmNg
UCg0zdhSquzzNj1VCmAJ-COg,@彩葉_iroha-y5e,24,2年,Member (2 years),,不明,,,2,3,0,2026-09-22 14:02,2026-10-02 20:00,,,https://www.youtube.com/channel/UCg0zdhSquzzNj1VCmAJ-COg
UCXYltTvCG5IcCDVHI50jr3g,@うどんです-b2l,24,2年,Member (2 years),,不明,,,2,2,0,2026-09-22 14:02,2026-10-02 22:30,,,https://www.youtube.com/channel/UCXYltTvCG5IcCDVHI50jr3g
UChcXpnfaJKMJF7Sr101QIXQ,@よなが-k4h,24,2年,Member (2 years),,不明,,,2,2,2,2026-09-22 14:02,2026-10-02 22:30,,,https://www.youtube.com/channel/UChcXpnfaJKMJF7Sr101QIXQ
UCuAbRz-JYpzlOolIy8oFSNA,@くちか-p9n,24,2年,Member (2 years),,不明,,,2,2,0,2026-09-22 14:02,2026-09-24 23:01,,,https://www.youtube.com/channel/UCuAbRz-JYpzlOolIy8oFSNA
UCSqfFtUkj4iDpdatDlu7BsA,@岬-q1n,24,2年,Member (2 years),,不明,,,2,2,1,2026-09-22 14:02,2026-10-02 22:30,,,https://www.youtube.com/channel/UCSqfFtUkj4iDpdatDlu7BsA
UCPYLLiUtDh644DByfRBw9SA,@sui1331,24,2年,Member (2 years),,不明,,,2,4,0,2026-09-24 23:01,2026-10-04 22:30,,,https://www.youtube.com/channel/UCPYLLiUtDh644DByfRBw9SA
UCD6oyXUcHuWM8vgEZCLGliw,@春駒はるこま,24,2年,Member (2 years),,不明,,,2,3,0,2026-09-24 23:01,2026-10-02 20:00,,,https://www.youtube.com/channel/UCD6oyXUcHuWM8vgEZCLGliw
UCLXXgII2lU-8X7Uj6BLqorQ,@BelleLily0107,24,2年,Member (2 years),,不明,,,2,5,0,2026-09-24 23:01,2026-10-02 22:30,,,https://www.youtube.com/channel/UCLXXgII2lU-8X7Uj6BLqorQ
UCB7LSHmyTtyUrGYVP93ZlpA,@腐ったちいかわさんちーむ,24,2年,Member (2 years),,不明,,,2,8,1,2026-09-24 23:01,2026-10-02 22:30,,,https://www.youtube.com/channel/UCB7LSHmyTtyUrGYVP93ZlpA
UC_FDlqhSZZTA8Xb_be6fCZg,@RokujoItsuki,24,2年,Member (2 years),,不明,,,2,2,0,2026-09-24 23:01,2026-10-02 22:30,,,https://www.youtube.com/channel/UC_FDlqhSZZTA8Xb_be6fCZg
UCMWrj0VvzaS4CdHDFsWc3VQ,@孤独な木,24,2年,Member (2 years),,不明,,,2,4,0,2026-09-24 23:01,2026-10-02 22:30,,,https://www.youtube.com/channel/UCMWrj0VvzaS4CdHDFsWc3VQ
UCNJtfEvS3MeDZZ9ZlenO20A,@MirageInGate,24,2年,Member (2 years),,不明,,,2,2,0,2026-09-24 23:01,2026-10-02 22:30,,,https://www.youtube.com/channel/UCNJtfEvS3MeDZZ9ZlenO20A
UChC3IIKPD-rRYeNsJmESfbw,@motimotimotiduki,24,2年,Member (2 years),,不明,,,2,5,0,2026-09-24 23:01,2026-10-05 22:30,,,https://www.youtube.com/channel/UChC3IIKPD-rRYeNsJmESfbw
UC3HuyvFyFFa4cSsAdB-1F6g,@phan10m0-ファントモ,24,2年,Member (2 years),,不明,,,2,18,0,2026-09-24 23:01,2026-10-05 22:30,,,https://www.youtube.com/channel/UC3HuyvFyFFa4cSsAdB-1F6g
UC3IyUMME8zB2ZZmQKGEL1fQ,@くまラテ-g2w,24,2年,Member (2 years),,不明,,,2,2,0,2026-09-24 23:01,2026-10-02 22:30,,,https://www.youtube.com/channel/UC3IyUMME8zB2ZZmQKGEL1fQ
UCJLqwEvrQJIKIPumFH9hSTw,@おさかな天国-h6s,24,2年,Member (2 years),,不明,,,2,9,0,2026-09-24 23:01,2026-10-02 22:30,,,https://www.youtube.com/channel/UCJLqwEvrQJIKIPumFH9hSTw
UC5Ucn9Yd8tdbxtJuUazAYpA,@ぼっち-ペイらんど,24,2年,Member (2 years),,不明,,,2,3,0,2026-09-24 23:01,2026-10-05 22:30,,,https://www.youtube.com/channel/UC5Ucn9Yd8tdbxtJuUazAYpA
UClvYJRrrLeT-hBmqZq9TS-Q,@ななみん-g1q,24,2年,Member (2 years),,不明,,,2,6,0,2026-09-24 23:01,2026-10-04 22:30,,,https://www.youtube.com/channel/UClvYJRrrLeT-hBmqZq9TS-Q
UC6R3wFBovoJi0xeQ4XnH_9g,@むん丸,24,2年,Member (2 years),,不明,,,2,3,0,2026-09-24 23:01,2026-10-02 22:30,,,https://www.youtube.com/channel/UC6R3wFBovoJi0xeQ4XnH_9g
UCx4Q0xrsemWs2a7wu-o91_w,@木の窓枠,24,2年,Member (2 years),,不明,,,2,3,0,2026-09-24 23:01,2026-10-04 22:30,,,https://www.youtube.com/channel/UCx4Q0xrsemWs2a7wu-o91_w
UCSuEsxWgGe_oKNzS1wQUceA,@空也0v0,24,2年,Member (2 years),,不明,,,2,45,0,2026-09-24 23:01,2026-09-27 23:00,,,https://www.youtube.com/channel/UCSuEsxWgGe_oKNzS1wQUceA
UCtxZ5zTfGXb3S4Ypbuf_TKg,@SheRo-c9l,24,2年,Member (2 years),,不明,,,2,2,1,2026-09-24 23:01,2026-09-27 23:00,,,https://www.youtube.com/channel/UCtxZ5zTfGXb3S4Ypbuf_TKg
UCphDPBn8NHdNLWxJW0RQjUw,@小越ナツ,24,2年,Member (2 years),,不明,,,2,2,0,2026-09-26 21:33,2026-09-27 23:00,,,https://www.youtube.com/channel/UCphDPBn8NHdNLWxJW0RQjUw
UCA4BmEQgZBylZ6yLxZmkMTQ,@クリスピー0,24,2年,Member (2 years),,不明,,,2,35,0,2026-09-26 21:33,2026-10-04 22:30,,,https://www.youtube.com/channel/UCA4BmEQgZBylZ6yLxZmkMTQ
UCNTKmAE37Zsi18N_a_86Zwg,@てとらば,24,2年,Member (2 years),,不明,,,2,2,0,2026-09-26 21:33,2026-10-02 22:30,,,https://www.youtube.com/channel/UCNTKmAE37Zsi18N_a_86Zwg
UCIQ-ho84habA6D8sqU8qrbw,@緋々色グラシ,24,2年,Member (2 years),,不明,,,2,5,0,2026-09-26 21:33,2026-10-04 22:30,,,https://www.youtube.com/channel/UCIQ-ho84habA6D8sqU8qrbw
UCAa67pOpVbIPd40exCFh1Lw,@ネモ-g5o,24,2年,Member (2 years),,不明,,,2,3,0,2026-09-26 21:33,2026-10-04 22:30,,,https://www.youtube.com/channel/UCAa67pOpVbIPd40exCFh1Lw
UCtNrIlXd2kR6DLfyKOQIEkA,@ゆん6,24,2年,Member (2 years),,不明,,,2,2,0,2026-09-27 23:00,2026-10-02 22:30,,,https://www.youtube.com/channel/UCtNrIlXd2kR6DLfyKOQIEkA
UCU-t30qv1oFg2-XgMXtM_5Q,@マカロス,24,2年,Member (2 years),,不明,,,2,2,0,2026-09-27 23:00,2026-10-02 22:30,,,https://www.youtube.com/channel/UCU-t30qv1oFg2-XgMXtM_5Q
UCyKMlKPxUg5r6FNtryZXZjw,@水無はやて,24,2年,Member (2 years),,不明,,,2,2,0,2026-09-27 23:00,2026-10-05 22:30,,,https://www.youtube.com/channel/UCyKMlKPxUg5r6FNtryZXZjw
UCansENNyMEQF4PU2xz0kjDQ,@Atori_yuki,24,2年,Member (2 years),,不明,,,2,27,0,2026-09-27 23:00,2026-10-02 22:30,,,https://www.youtube.com/channel/UCansENNyMEQF4PU2xz0kjDQ
UC1s_G3K9FntNxXhzFjgsqMA,@flatswamp1019,24,2年,Member (2 years),,不明,,,2,3,0,2026-09-27 23:00,2026-10-04 22:30,,,https://www.youtube.com/channel/UC1s_G3K9FntNxXhzFjgsqMA
UCfm1xB2iihIbuKTIjbMoe1g,@ともテル,24,2年,Member (2 years),,不明,,,2,3,0,2026-09-27 23:00,2026-10-04 22:30,,,https://www.youtube.com/channel/UCfm1xB2iihIbuKTIjbMoe1g
UCmkRXD7L7_qsNBN5DHT2LFQ,@軒下の瑠夏,24,2年,Member (2 years),,不明,,,2,6,1,2026-10-02 20:00,2026-10-02 22:30,,,https://www.youtube.com/channel/UCmkRXD7L7_qsNBN5DHT2LFQ
UCl_H3mcan3PyNxryS2szqkg,@みーこん-g9r,24,2年,Member (2 years),,不明,,,2,27,0,2026-10-02 20:00,2026-10-02 22:30,,,https://www.youtube.com/channel/UCl_H3mcan3PyNxryS2szqkg
UCySk9JDHamtx-WAveZm6J3Q,@推しは尊いおじたん,24,2年,Member (2 years),,不明,,,2,3,0,2026-10-02 20:00,2026-10-04 22:30,,,https://www.youtube.com/channel/UCySk9JDHamtx-WAveZm6J3Q
UCkXi-sBPR8GuTmfjCDHL4mg,@yuzuyuka7973,24,2年,Member (2 years),,不明,,,2,2,0,2026-10-02 20:00,2026-10-02 22:30,,,https://www.youtube.com/channel/UCkXi-sBPR8GuTmfjCDHL4mg
UCMUPeiRsvKAjj-tsJ0B96-Q,@おーかべとも,24,2年,Member (2 years),,不明,,,2,2,1,2026-10-02 20:00,2026-10-02 22:30,,,https://www.youtube.com/channel/UCMUPeiRsvKAjj-tsJ0B96-Q
UCdzXE2UT9fFp9W1tDUbLiyg,@ねぎなんこつ,24,2年,Member (2 years),,不明,,,2,4,0,2026-10-02 20:00,2026-10-02 22:30,,,https://www.youtube.com/channel/UCdzXE2UT9fFp9W1tDUbLiyg
UCZA-aHioC-O6X2rNJxuBA5g,@konkon_snow,24,2年,Member (2 years),,不明,,,2,2,0,2026-10-02 22:30,2026-10-05 22:30,,,https://www.youtube.com/channel/UCZA-aHioC-O6X2rNJxuBA5g
UCw5RxrtQ7_eQY_bD9K7YDCQ,@_Kiata,24,2年,Member (2 years),,加賀美ハヤトのメンバーシップ,再加入/レベル変更,,2,15,0,2026-10-02 22:30,2026-10-05 22:30,,,https://www.youtube.com/channel/UCw5RxrtQ7_eQY_bD9K7YDCQ
UCXxFU5f2DphRUmNc3XMrKwQ,@憎悪太郎,24,2年,Member (2 years),,不明,,,2,3,0,2026-10-02 22:30,2026-10-04 22:30,,,https://www.youtube.com/channel/UCXxFU5f2DphRUmNc3XMrKwQ
UC0Tax2bCjWss9DHTCFC7oUg,@shimesabadaisuki,24,2年,Member (2 years),,不明,,,2,2,0,2026-10-02 22:30,2026-10-04 22:30,,,https://www.youtube.com/channel/UC0Tax2bCjWss9DHTCFC7oUg
UCFTXbd1U5ysGq3-nGQQRDtA,@hamster_73,24,2年,Member (2 years),,不明,,,2,2,0,2026-10-04 22:30,2026-10-05 22:30,,,https://www.youtube.com/channel/UCFTXbd1U5ysGq3-nGQQRDtA
UCDdPdCUzmFyfOeugn_VRHhQ,@暮河クロウ,24,2年,Member (2 years),,不明,,,2,21,0,2026-10-04 22:30,2026-10-05 22:30,,,https://www.youtube.com/channel/UCDdPdCUzmFyfOeugn_VRHhQ
UC5bu5_D-ZDaDQOdQFlGCSwg,@あまな_777,24,2年,Member (2 years),,不明,,,1,1,0,2026-09-08 22:31,2026-09-08 22:31,,,https://www.youtube.com/channel/UC5bu5_D-ZDaDQOdQFlGCSwg
UC154XdzheYkb5IoAR1n-7tQ,@淡薙,24,2年,Member (2 years),,不明,,,1,1,0,2026-09-08 22:31,2026-09-08 22:31,,,https://www.youtube.com/channel/UC154XdzheYkb5IoAR1n-7tQ
UC6cGYDGEg5UsplkmMpHy3vQ,@ミシシッミ,24,2年,Member (2 years),,不明,,,1,1,0,2026-09-08 22:31,2026-09-08 22:31,,,https://www.youtube.com/channel/UC6cGYDGEg5UsplkmMpHy3vQ
UChZcRZ-Hv3RPZxYo7E-o97w,@mr_oshino8387,24,2年,Member (2 years),,不明,,,1,1,0,2026-09-08 22:31,2026-09-08 22:31,,,https://www.youtube.com/channel/UChZcRZ-Hv3RPZxYo7E-o97w
UCMeYaf_0S_MfwX2InCjTi9g,@りょう-v4i,24,2年,Member (2 years),,不明,,,1,1,0,2026-09-08 22:31,2026-09-08 22:31,,,https://www.youtube.com/channel/UCMeYaf_0S_MfwX2InCjTi9g
UCZnOdov7IC-GsIBZpSueBaQ,@字消,24,2年,Member (2 years),,不明,,,1,2,0,2026-09-08 22:31,2026-09-08 22:31,,,https://www.youtube.com/channel/UCZnOdov7IC-GsIBZpSueBaQ
UCmVTwo9PQbYpt_gSqHtkUOA,@ゴッティ-w3w,24,2年,Member (2 years),,不明,,,1,11,0,2026-09-08 22:31,2026-09-08 22:31,,,https://www.youtube.com/channel/UCmVTwo9PQbYpt_gSqHtkUOA
UCrZrABKqr2ZLG7tLmcAV52w,@sasayakan,24,2年,Member (2 years),,不明,,,1,1,0,2026-09-08 22:31,2026-09-08 22:31,,,https://www.youtube.com/channel/UCrZrABKqr2ZLG7tLmcAV52w
UCTyteLhYLxg3604he60UQUg,@T4KELU,24,2年,Member (2 years),,不明,,,1,1,0,2026-09-08 22:31,2026-09-08 22:31,,,https://www.youtube.com/channel/UCTyteLhYLxg3604he60UQUg
UCXZbCmkZHUAfG4PTcA6H-tg,@skylark_1967,24,2年,Member (2 years),,不明,,,1,1,0,2026-09-08 22:31,2026-09-08 22:31,,,https://www.youtube.com/channel/UCXZbCmkZHUAfG4PTcA6H-tg
UCZKWBNtNcYT330Z54XCpAzw,@SaiGa-v2p,24,2年,Member (2 years),,不明,,,1,7,0,2026-09-08 22:31,2026-09-08 22:31,,,https://www.youtube.com/channel/UCZKWBNtNcYT330Z54XCpAzw
UCMWmYBzuYa9NvlXAf398pDg,@ふらんつ-k3o,24,2年,Member (2 years),,不明,,,1,1,0,2026-09-08 22:31,2026-09-08 22:31,,,https://www.youtube.com/channel/UCMWmYBzuYa9NvlXAf398pDg
UCBVKAGACdjmI6sGy_wCGsBg,@いちごうさぎ-c6j,24,2年,Member (2 years),,不明,,,1,1,0,2026-09-08 22:31,2026-09-08 22:31,,,https://www.youtube.com/channel/UCBVKAGACdjmI6sGy_wCGsBg
UC8ucwleZNxyXJ40ki-qNcww,@来世はねこ-y2y,24,2年,Member (2 years),,不明,,,1,1,0,2026-09-08 22:31,2026-09-08 22:31,,,https://www.youtube.com/channel/UC8ucwleZNxyXJ40ki-qNcww
UCTC8cHx8hYv1XhQHphKptiQ,@pipipi.pupupu,24,2年,Member (2 years),,不明,,,1,1,0,2026-09-08 22:31,2026-09-08 22:31,,,https://www.youtube.com/channel/UCTC8cHx8hYv1XhQHphKptiQ
UCVSPpG2TxIvE0aNJq2EL-2A,@baraoni,24,2年,Member (2 years),,不明,,,1,1,0,2026-09-08 22:31,2026-09-08 22:31,,,https://www.youtube.com/channel/UCVSPpG2TxIvE0aNJq2EL-2A
UCUWn1R6N71e8tLSzRgvY5qQ,@南極しろくま,24,2年,Member (2 years),,不明,,,1,1,0,2026-09-08 22:31,2026-09-08 22:31,,,https://www.youtube.com/channel/UCUWn1R6N71e8tLSzRgvY5qQ
UCc-Df5gD_z8sWi1AN0b9uIg,@バズ-y8m,24,2年,Member (2 years),,不明,,,1,2,0,2026-09-08 22:31,2026-09-08 22:31,,,https://www.youtube.com/channel/UCc-Df5gD_z8sWi1AN0b9uIg
UChBeuVhODypnOW6bJ9ddsPQ,@ほぬ-m3h,24,2年,Member (2 years),,不明,,,1,2,0,2026-09-08 22:31,2026-09-08 22:31,,,https://www.youtube.com/channel/UChBeuVhODypnOW6bJ9ddsPQ
UCtbBlHq2ca5h-kJQLWRS-Qw,@アラガキ-or2,24,2年,Member (2 years),,不明,,,1,3,0,2026-09-08 22:31,2026-09-08 22:31,,,https://www.youtube.com/channel/UCtbBlHq2ca5h-kJQLWRS-Qw
UCo72XUWKPGDn9HF5bMyYUwQ,@yutoht673,24,2年,Member (2 years),,不明,,,1,1,0,2026-09-08 22:31,2026-09-08 22:31,,,https://www.youtube.com/channel/UCo72XUWKPGDn9HF5bMyYUwQ
UCPmVpAQbQg6jKjEutPFL6MA,@ヤクモコテツ,24,2年,Member (2 years),,不明,,,1,1,0,2026-09-08 22:31,2026-09-08 22:31,,,https://www.youtube.com/channel/UCPmVpAQbQg6jKjEutPFL6MA
UCP_II3t3L5ZW-el3WIL01tg,@結城野菜,24,2年,Member (2 years),,不明,,,1,5,0,2026-09-08 22:31,2026-09-08 22:31,,,https://www.youtube.com/channel/UCP_II3t3L5ZW-el3WIL01tg
UChXQFe82MiREi8moe7jJtRw,@遠山金吾,24,2年,Member (2 years),,不明,,,1,2,0,2026-09-08 22:31,2026-09-08 22:31,,,https://www.youtube.com/channel/UChXQFe82MiREi8moe7jJtRw
UCpBrZUgWaPETkSeoqf_evlg,@凛-i7y,24,2年,Member (2 years),,不明,,,1,1,0,2026-09-08 22:31,2026-09-08 22:31,,,https://www.youtube.com/channel/UCpBrZUgWaPETkSeoqf_evlg
UCKSCaEjvODLp37YTYPqGqjg,@katoru3546,24,2年,Member (2 years),,不明,,,1,7,0,2026-09-08 22:31,2026-09-08 22:31,,,https://www.youtube.com/channel/UCKSCaEjvODLp37YTYPqGqjg
UCsGjKXC38o_N5b1SHgB9HYw,@satsuki3262,24,2年,Member (2 years),,不明,,,1,5,0,2026-09-08 22:31,2026-09-08 22:31,,,https://www.youtube.com/channel/UCsGjKXC38o_N5b1SHgB9HYw
UCQ1D2vPobOUPXHWOB9P7Wwg,@takoyakingdom8225,24,2年,Member (2 years),,不明,,,1,1,0,2026-09-08 22:31,2026-09-08 22:31,,,https://www.youtube.com/channel/UCQ1D2vPobOUPXHWOB9P7Wwg
UCgoqfnSOGlko5AYXvwuBs-Q,@evergreen9637,24,2年,Member (2 years),,不明,,,1,1,0,2026-09-08 22:31,2026-09-08 22:31,,,https://www.youtube.com/channel/UCgoqfnSOGlko5AYXvwuBs-Q
UCikZqbz1e3KA-SiFWwYD9EQ,@はるるん-hrrn426,24,2年,Member (2 years),,不明,,,1,1,0,2026-09-08 22:31,2026-09-08 22:31,,,https://www.youtube.com/channel/UCikZqbz1e3KA-SiFWwYD9EQ
UCsdSyJ1b8tLQh9ny4lMDCPg,@のこのこかめ3,24,2年,Member (2 years),,不明,,,1,1,0,2026-09-10 22:00,2026-09-10 22:00,,,https://www.youtube.com/channel/UCsdSyJ1b8tLQh9ny4lMDCPg
UCAAo8_A_Jeal_oqHitElURQ,@やまちゃん-_o,24,2年,Member (2 years),,不明,,,1,1,0,2026-09-10 22:00,2026-09-10 22:00,,,https://www.youtube.com/channel/UCAAo8_A_Jeal_oqHitElURQ
UC28FqtLQnE04M76E_1og2Rg,@wish6511,24,2年,Member (2 years),,不明,,,1,1,0,2026-09-10 22:00,2026-09-10 22:00,,,https://www.youtube.com/channel/UC28FqtLQnE04M76E_1og2Rg
UCopES15jDgs19iZ3NjOikyw,@オリアイwh,24,2年,Member (2 years),,不明,,,1,2,0,2026-09-10 22:00,2026-09-10 22:00,,,https://www.youtube.com/channel/UCopES15jDgs19iZ3NjOikyw
UCAyNERip-JYfoFHugw2fECw,@ナイチンゲール-w6t,24,2年,Member (2 years),,不明,,,1,16,0,2026-09-10 22:00,2026-09-10 22:00,,,https://www.youtube.com/channel/UCAyNERip-JYfoFHugw2fECw
UCOOL-z2-NKGk_Ua-_HqYcFg,@inu稲荷こんこん,24,2年,Member (2 years),,不明,,,1,5,0,2026-09-10 22:00,2026-09-10 22:00,,,https://www.youtube.com/channel/UCOOL-z2-NKGk_Ua-_HqYcFg
UCfrjtmvne5H0LF6BS4cCTIw,@ハムちーずサンド,24,2年,Member (2 years),,不明,,,1,4,0,2026-09-10 22:00,2026-09-10 22:00,,,https://www.youtube.com/channel/UCfrjtmvne5H0LF6BS4cCTIw
UCRnLDI52tn0LRyzX9V-u7nQ,@likr1161,24,2年,Member (2 years),,不明,,,1,1,0,2026-09-10 22:00,2026-09-10 22:00,,,https://www.youtube.com/channel/UCRnLDI52tn0LRyzX9V-u7nQ
UCJsZjqbHDQyIaePHSwywhAg,@ミツワ-j8f,24,2年,Member (2 years),,不明,,,1,2,0,2026-09-10 22:00,2026-09-10 22:00,,,https://www.youtube.com/channel/UCJsZjqbHDQyIaePHSwywhAg
UCSB4QVJt7vEXzSaqajjLhxA,@氷ノ山えな,24,2年,Member (2 years),,不明,,,1,8,0,2026-09-10 22:00,2026-09-10 22:00,,,https://www.youtube.com/channel/UCSB4QVJt7vEXzSaqajjLhxA
UC0NGrKOiY1JbMsx3CjZIWow,@ささはらイータ,24,2年,Member (2 years),,不明,,,1,2,0,2026-09-10 22:00,2026-09-10 22:00,,,https://www.youtube.com/channel/UC0NGrKOiY1JbMsx3CjZIWow
UCkshvfL46rMVH_AFbindbKw,@剣士レイン,24,2年,Member (2 years),,不明,,,1,2,0,2026-09-10 22:00,2026-09-10 22:00,,,https://www.youtube.com/channel/UCkshvfL46rMVH_AFbindbKw
UCKoosfqVuEeZyp6R7K6WjZQ,@久間-c3h,24,2年,Member (2 years),,不明,,,1,1,0,2026-09-10 22:00,2026-09-10 22:00,,,https://www.youtube.com/channel/UCKoosfqVuEeZyp6R7K6WjZQ
UCb8QX4fGhDJO_qyKk-egr2Q,@テンナ,24,2年,Member (2 years),,不明,,,1,2,0,2026-09-10 22:00,2026-09-10 22:00,,,https://www.youtube.com/channel/UCb8QX4fGhDJO_qyKk-egr2Q
UC_bJaAbBQCSS2CysUqGvsuQ,@shi-ka6683,24,2年,Member (2 years),,不明,,,1,5,0,2026-09-10 22:00,2026-09-10 22:00,,,https://www.youtube.com/channel/UC_bJaAbBQCSS2CysUqGvsuQ
UC3viDg7zGfgwzR3jROA-8jA,@ライフル-v5o,24,2年,Member (2 years),,不明,,,1,2,0,2026-09-10 22:00,2026-09-10 22:00,,,https://www.youtube.com/channel/UC3viDg7zGfgwzR3jROA-8jA
UCPxUnwFFmQalfNlrYe7LJnA,@netbyo,24,2年,Member (2 years),,不明,,,1,2,0,2026-09-10 22:00,2026-09-10 22:00,,,https://www.youtube.com/channel/UCPxUnwFFmQalfNlrYe7LJnA
UCKdlyjP1LG-YOrglydUWhZg,@マツ-p8p,24,2年,Member (2 years),,不明,,,1,44,0,2026-09-10 22:00,2026-09-10 22:00,,,https://www.youtube.com/channel/UCKdlyjP1LG-YOrglydUWhZg
UCls9pV6qvyRRw8J_TVLkpFA,@キノ-w1b,24,2年,Member (2 years),,不明,,,1,1,0,2026-09-10 22:00,2026-09-10 22:00,,,https://www.youtube.com/channel/UCls9pV6qvyRRw8J_TVLkpFA
UCm0RtpOrBpRl0CsvgT9i9tQ,@メカジキマグロボ,24,2年,Member (2 years),,不明,,,1,1,0,2026-09-10 22:00,2026-09-10 22:00,,,https://www.youtube.com/channel/UCm0RtpOrBpRl0CsvgT9i9tQ
UCigkdVTUeD5fmEdA0TGa8Yw,@鹿威しししおどし,24,2年,Member (2 years),,不明,,,1,1,0,2026-09-10 22:00,2026-09-10 22:00,,,https://www.youtube.com/channel/UCigkdVTUeD5fmEdA0TGa8Yw
UCsjJ2HRlxLY43I54b6mVrvw,@はかや-u7k,24,2年,Member (2 years),,不明,,,1,2,0,2026-09-10 22:00,2026-09-10 22:00,,,https://www.youtube.com/channel/UCsjJ2HRlxLY43I54b6mVrvw
UCAKVve6Ih1WMyfKZtmZo8Wg,@ぷー919,24,2年,Member (2 years),,不明,,,1,5,0,2026-09-10 22:00,2026-09-10 22:00,,,https://www.youtube.com/channel/UCAKVve6Ih1WMyfKZtmZo8Wg
UC-fseBuByRZlsdVntQ9GTgg,@x_01_12,24,2年,Member (2 years),,不明,,,1,1,1,2026-09-10 22:00,2026-09-10 22:00,,,https://www.youtube.com/channel/UC-fseBuByRZlsdVntQ9GTgg
UClVQ4Fnh6zu_siDnQ2uvwvA,@まゆゆゆさん,24,2年,Member (2 years),,不明,,,1,1,1,2026-09-12 00:02,2026-09-12 00:02,,,https://www.youtube.com/channel/UClVQ4Fnh6zu_siDnQ2uvwvA
UCUxnfxEuWdWrHevhB5amMpw,@かなう-d6u,24,2年,Member (2 years),,不明,,,1,1,0,2026-09-12 00:02,2026-09-12 00:02,,,https://www.youtube.com/channel/UCUxnfxEuWdWrHevhB5amMpw
UC0PvESXKVgeTsqN-Ly4_hkQ,@chiri-1,24,2年,Member (2 years),,不明,,,1,1,0,2026-09-12 00:02,2026-09-12 00:02,,,https://www.youtube.com/channel/UC0PvESXKVgeTsqN-Ly4_hkQ
UCaSCwfQQnVgR5xsRrZLHo1w,@kanoko8377,24,2年,Member (2 years),,不明,,,1,2,0,2026-09-12 00:02,2026-09-12 00:02,,,https://www.youtube.com/channel/UCaSCwfQQnVgR5xsRrZLHo1w
UCy20ownGhrOzLN8spQzRLBg,@宵星ゆき,24,2年,Member (2 years),,不明,,,1,1,0,2026-09-12 00:02,2026-09-12 00:02,,,https://www.youtube.com/channel/UCy20ownGhrOzLN8spQzRLBg
UCjsB33zc24BghVhTsEpI3ig,@アミィa.k.a流山湊,24,2年,Member (2 years),,不明,,,1,1,0,2026-09-12 00:02,2026-09-12 00:02,,,https://www.youtube.com/channel/UCjsB33zc24BghVhTsEpI3ig
UCwW45p6m4sJ7Gph0L-7xNag,@npp1338,24,2年,Member (2 years),,不明,,,1,1,0,2026-09-12 00:02,2026-09-12 00:02,,,https://www.youtube.com/channel/UCwW45p6m4sJ7Gph0L-7xNag
UCEDjU4rAOeMxGyrm3uJN0QA,@ku_haku-mm92,24,2年,Member (2 years),,不明,,,1,1,0,2026-09-12 00:02,2026-09-12 00:02,,,https://www.youtube.com/channel/UCEDjU4rAOeMxGyrm3uJN0QA
UCA2eX4Zu4Fz9OQk0m-amqYw,@Hosigamisan,24,2年,Member (2 years),,不明,,,1,5,0,2026-09-12 00:02,2026-09-12 00:02,,,https://www.youtube.com/channel/UCA2eX4Zu4Fz9OQk0m-amqYw
UCboguedjgXnIRtONFXzoNPw,@Sian_poke,24,2年,Member (2 years),,不明,,,1,1,0,2026-09-12 00:02,2026-09-12 00:02,,,https://www.youtube.com/channel/UCboguedjgXnIRtONFXzoNPw
UCrlNL9Wj1PVpn3g6R31n1Xw,@いちとせもも,24,2年,Member (2 years),,不明,,,1,6,0,2026-09-12 00:02,2026-09-12 00:02,,,https://www.youtube.com/channel/UCrlNL9Wj1PVpn3g6R31n1Xw
UCsUzFA1fxyCAdpsQXunQxPQ,@tsukinohakuryu,24,2年,Member (2 years),,不明,,,1,1,0,2026-09-12 00:02,2026-09-12 00:02,,,https://www.youtube.com/channel/UCsUzFA1fxyCAdpsQXunQxPQ
UCfgaKa8JgaVAm53h0tQ0bGw,@久暇,24,2年,Member (2 years),,不明,,,1,1,0,2026-09-12 00:02,2026-09-12 00:02,,,https://www.youtube.com/channel/UCfgaKa8JgaVAm53h0tQ0bGw
UCIZ3tfFUBOJtm6wGftKcJ2Q,@万年寝不足,24,2年,Member (2 years),,不明,,,1,4,0,2026-09-12 00:02,2026-09-12 00:02,,,https://www.youtube.com/channel/UCIZ3tfFUBOJtm6wGftKcJ2Q
UCWp8yQ0VErywaITdg-T9wJQ,@千鶴0527,24,2年,Member (2 years),,不明,,,1,2,0,2026-09-12 00:02,2026-09-12 00:02,,,https://www.youtube.com/channel/UCWp8yQ0VErywaITdg-T9wJQ
UC6QZNnh6mFqbIsl3bx9VhyQ,@user-ogtrht,24,2年,Member (2 years),,不明,,,1,1,0,2026-09-12 00:02,2026-09-12 00:02,,,https://www.youtube.com/channel/UC6QZNnh6mFqbIsl3bx9VhyQ
UCvQAk9HV_9OsZbz1220P7bQ,@haito_hakkai,24,2年,Member (2 years),,不明,,,1,3,0,2026-09-12 00:02,2026-09-12 00:02,,,https://www.youtube.com/channel/UCvQAk9HV_9OsZbz1220P7bQ
UCohdsSR5NzBKu-srO0uEAPg,@kana-rz6ow,24,2年,Member (2 years),,不明,,,1,3,0,2026-09-12 00:02,2026-09-12 00:02,,,https://www.youtube.com/channel/UCohdsSR5NzBKu-srO0uEAPg
UCJdIVsrFd8X15QjU8E0pGZA,@十六夜嘉月,24,2年,Member (2 years),,不明,,,1,8,0,2026-09-12 00:02,2026-09-12 00:02,,,https://www.youtube.com/channel/UCJdIVsrFd8X15QjU8E0pGZA
UCMfooHHTJjhc2tDIbAwMM6A,@流雨-りゅう,24,2年,Member (2 years),,不明,,,1,3,0,2026-09-12 00:02,2026-09-12 00:02,,,https://www.youtube.com/channel/UCMfooHHTJjhc2tDIbAwMM6A
UCJ7u6DjyQ7xoIygCwbajdXw,@炊きたての穀物,24,2年,Member (2 years),,不明,,,1,1,0,2026-09-12 00:02,2026-09-12 00:02,,,https://www.youtube.com/channel/UCJ7u6DjyQ7xoIygCwbajdXw
UCOfbHi9t4N2q2QfVa_tlvbw,@steely8,24,2年,Member (2 years),,不明,,,1,1,0,2026-09-12 00:02,2026-09-12 00:02,,,https://www.youtube.com/channel/UCOfbHi9t4N2q2QfVa_tlvbw
UC0VUVb-7uJArceY8LvrDrgw,@じぇんどー,24,2年,Member (2 years),,不明,,,1,1,0,2026-09-12 00:02,2026-09-12 00:02,,,https://www.youtube.com/channel/UC0VUVb-7uJArceY8LvrDrgw
UC0bLle0ixhFcSC7jAZ6fOfw,@まるまる-s6c,24,2年,Member (2 years),,不明,,,1,1,0,2026-09-12 00:02,2026-09-12 00:02,,,https://www.youtube.com/channel/UC0bLle0ixhFcSC7jAZ6fOfw
UCB5KBaxanrpHotg18j4zuVw,@すこやかトマト,24,2年,Member (2 years),,不明,,,1,1,0,2026-09-12 00:02,2026-09-12 00:02,,,https://www.youtube.com/channel/UCB5KBaxanrpHotg18j4zuVw
UCwPAbACcjCVP7cfbUR04chw,@ねねねこ-n72,24,2年,Member (2 years),,不明,,,1,7,0,2026-09-12 00:02,2026-09-12 00:02,,,https://www.youtube.com/channel/UCwPAbACcjCVP7cfbUR04chw
UCKEskkTMWUUv--v4ADsDwaw,@HTM_0228,24,2年,Member (2 years),,不明,,,1,17,0,2026-09-12 00:02,2026-09-12 00:02,,,https://www.youtube.com/channel/UCKEskkTMWUUv--v4ADsDwaw
UCg2xK1m3Zpy2xfpknA1x5tg,@Rei_fumitsuki,24,2年,Member (2 years),,不明,,,1,3,0,2026-09-12 00:02,2026-09-12 00:02,,,https://www.youtube.com/channel/UCg2xK1m3Zpy2xfpknA1x5tg
UCOcRNAIzyB8erPLC1erYmsQ,@はら-m5i,24,2年,Member (2 years),,不明,,,1,1,0,2026-09-12 00:02,2026-09-12 00:02,,,https://www.youtube.com/channel/UCOcRNAIzyB8erPLC1erYmsQ
UC2yW7kfd3gCY32SGoAXSL6g,@pullqull,24,2年,Member (2 years),,不明,,,1,2,0,2026-09-12 00:02,2026-09-12 00:02,,,https://www.youtube.com/channel/UC2yW7kfd3gCY32SGoAXSL6g
UCvSFtOnjujXdBPPsUnD05Yw,@Mk--mt1fc,24,2年,Member (2 years),,不明,,,1,6,0,2026-09-12 00:02,2026-09-12 00:02,,,https://www.youtube.com/channel/UCvSFtOnjujXdBPPsUnD05Yw
UCwBYe_U4_P-BAuWLb0_CV-Q,@wine_12,24,2年,Member (2 years),,不明,,,1,1,0,2026-09-12 00:02,2026-09-12 00:02,,,https://www.youtube.com/channel/UCwBYe_U4_P-BAuWLb0_CV-Q
UCr-ZpAOWjDljzNiPjhPTK5Q,@さんしゅゆ-v4c,24,2年,Member (2 years),,不明,,,1,1,0,2026-09-12 00:02,2026-09-12 00:02,,,https://www.youtube.com/channel/UCr-ZpAOWjDljzNiPjhPTK5Q
UCv2mlS1LkpfwB9HgsAFzu3g,@そらまめ-j7d,24,2年,Member (2 years),,不明,,,1,1,0,2026-09-12 00:02,2026-09-12 00:02,,,https://www.youtube.com/channel/UCv2mlS1LkpfwB9HgsAFzu3g
UCQUctLHI7-fFbRZcUTL-Z1g,@瀬戸くにか,24,2年,Member (2 years),,加賀美ハヤトのメンバーシップ,ギフト,ギフトで加入,1,1,0,2026-09-12 00:02,2026-09-12 00:02,○,○,https://www.youtube.com/channel/UCQUctLHI7-fFbRZcUTL-Z1g
UCSMtiKyja5lyhmd8hUcGG8Q,@山茶花の舞,24,2年,Member (2 years),,不明,,,1,3,0,2026-09-12 00:02,2026-09-12 00:02,,,https://www.youtube.com/channel/UCSMtiKyja5lyhmd8hUcGG8Q
UCM7jd2ZfehqIEXDxLGR3CUA,@ののののの-l8n,24,2年,Member (2 years),,不明,,,1,5,0,2026-09-12 00:02,2026-09-12 00:02,,,https://www.youtube.com/channel/UCM7jd2ZfehqIEXDxLGR3CUA
UCAoV3ELGqSKlDv5WekN4TWg,@セイ-v3j,24,2年,Member (2 years),,不明,,,1,1,0,2026-09-12 00:02,2026-09-12 00:02,,,https://www.youtube.com/channel/UCAoV3ELGqSKlDv5WekN4TWg
UCMxwZXPN9InfELI9J1R7oQQ,@りゅーおー-KakinaKaikiri,24,2年,Member (2 years),,不明,,,1,1,0,2026-09-12 00:02,2026-09-12 00:02,,,https://www.youtube.com/channel/UCMxwZXPN9InfELI9J1R7oQQ
UCSTvr0jj0DwKQwwOs6EDxEg,@かちかちのらむにく,24,2年,Member (2 years),,不明,,,1,1,0,2026-09-12 00:02,2026-09-12 00:02,,,https://www.youtube.com/channel/UCSTvr0jj0DwKQwwOs6EDxEg
UCmquq6Shd6lgkVUvQwX1WwQ,@Nekura_necro,24,2年,Member (2 years),,不明,,,1,1,0,2026-09-12 00:02,2026-09-12 00:02,,,https://www.youtube.com/channel/UCmquq6Shd6lgkVUvQwX1WwQ
UCl5ZIguIhTDNny-AYXKPNOQ,@白樺のん,24,2年,Member (2 years),,不明,,,1,1,0,2026-09-12 00:02,2026-09-12 00:02,,,https://www.youtube.com/channel/UCl5ZIguIhTDNny-AYXKPNOQ
UCStL8OirHwxP5mUxQJL1Mgw,@Yuu_gao_yutb,24,2年,Member (2 years),,不明,,,1,1,0,2026-09-12 00:02,2026-09-12 00:02,,,https://www.youtube.com/channel/UCStL8OirHwxP5mUxQJL1Mgw
UCJEMTo-I3q8VhUF1633_sFQ,@秋鮭_akishake,24,2年,Member (2 years),,不明,,,1,2,0,2026-09-12 00:02,2026-09-12 00:02,,,https://www.youtube.com/channel/UCJEMTo-I3q8VhUF1633_sFQ
UCeYxGwHygq9nQ8mQ3kQDONQ,@骨粗鬆症の摘出手術,24,2年,Member (2 years),,不明,,,1,1,0,2026-09-12 00:02,2026-09-12 00:02,,,https://www.youtube.com/channel/UCeYxGwHygq9nQ8mQ3kQDONQ
UCVY9_c0blzPTRu8r_jvJmww,@Mikey-zf8ey,24,2年,Member (2 years),,不明,,,1,2,0,2026-09-12 00:02,2026-09-12 00:02,,,https://www.youtube.com/channel/UCVY9_c0blzPTRu8r_jvJmww
UCMxdHGYsd4xZd82CDVd-ZPg,@samunekuma,24,2年,Member (2 years),,不明,,,1,1,0,2026-09-12 00:02,2026-09-12 00:02,,,https://www.youtube.com/channel/UCMxdHGYsd4xZd82CDVd-ZPg
UCM5AmSX7uzsYPbTzgft3fXg,@KitKat-kt3he,24,2年,Member (2 years),,不明,,,1,1,1,2026-09-12 00:02,2026-09-12 00:02,,,https://www.youtube.com/channel/UCM5AmSX7uzsYPbTzgft3fXg
UClBdmjVu6rzrfDmG6GLHYJg,@TerakawaYuki,24,2年,Member (2 years),,不明,,,1,0,0,2026-09-12 00:02,2026-09-12 00:02,,,https://www.youtube.com/channel/UClBdmjVu6rzrfDmG6GLHYJg
UCPUSKXxNPoWW9hkqnb1bHnw,@おなすび,24,2年,Member (2 years),,不明,,,1,1,0,2026-09-12 23:00,2026-09-12 23:00,,,https://www.youtube.com/channel/UCPUSKXxNPoWW9hkqnb1bHnw
UCU4MyAJiEvvrY6PHNsGhVxQ,@HAKAIKOSEN_,24,2年,Member (2 years),,不明,,,1,1,0,2026-09-12 23:00,2026-09-12 23:00,,,https://www.youtube.com/channel/UCU4MyAJiEvvrY6PHNsGhVxQ
UC3MJCCTlSPJDL1kxRmAk9-g,@yashinoki_nats,24,2年,Member (2 years),,不明,,,1,1,0,2026-09-12 23:00,2026-09-12 23:00,,,https://www.youtube.com/channel/UC3MJCCTlSPJDL1kxRmAk9-g
UCW3uozRFwvAYL8xkou9a39w,@ーあひゃあ,24,2年,Member (2 years),,不明,,,1,3,0,2026-09-12 23:00,2026-09-12 23:00,,,https://www.youtube.com/channel/UCW3uozRFwvAYL8xkou9a39w
UCTFgL9pdNXZOkGydKLmcdwQ,@きのみのき-o2l,24,2年,Member (2 years),,不明,,,1,1,1,2026-09-12 23:00,2026-09-12 23:00,,,https://www.youtube.com/channel/UCTFgL9pdNXZOkGydKLmcdwQ
UCBWcjbnJMSsm5x2aXNHgw5w,@konkon72121,24,2年,Member (2 years),,不明,,,1,6,0,2026-09-12 23:00,2026-09-12 23:00,,,https://www.youtube.com/channel/UCBWcjbnJMSsm5x2aXNHgw5w
UCEMHH-BNFW_7XGMWo06wt4Q,@猫野和錆,24,2年,Member (2 years),,不明,,,1,5,0,2026-09-12 23:00,2026-09-12 23:00,,,https://www.youtube.com/channel/UCEMHH-BNFW_7XGMWo06wt4Q
UCuflIrKmnLfqSzn2nHEAIag,@SHIBA-kd3ew,24,2年,Member (2 years),,不明,,,1,1,0,2026-09-12 23:00,2026-09-12 23:00,,,https://www.youtube.com/channel/UCuflIrKmnLfqSzn2nHEAIag
UCk2c5JcEETG9M7ufk-SypOQ,@anyamb5832,24,2年,Member (2 years),,不明,,,1,89,0,2026-09-12 23:00,2026-09-12 23:00,,,https://www.youtube.com/channel/UCk2c5JcEETG9M7ufk-SypOQ
UCu7kVqSbqrjwEkEYWNpGGjw,@ルオ-h3v,24,2年,Member (2 years),,不明,,,1,5,0,2026-09-12 23:00,2026-09-12 23:00,,,https://www.youtube.com/channel/UCu7kVqSbqrjwEkEYWNpGGjw
UCs7z-A0M5BnBcnn5whHWNVQ,@ほにょん_dayo,24,2年,Member (2 years),,不明,,,1,1,0,2026-09-12 23:00,2026-09-12 23:00,,,https://www.youtube.com/channel/UCs7z-A0M5BnBcnn5whHWNVQ
UC3QeoRrIxg5tI3A3o1qTT0w,@tanigawa56,24,2年,Member (2 years),,不明,,,1,2,0,2026-09-12 23:00,2026-09-12 23:00,,,https://www.youtube.com/channel/UC3QeoRrIxg5tI3A3o1qTT0w
UCR9SBKNM8vvfeR5lse0HhYQ,@朝永一,24,2年,Member (2 years),,不明,,,1,1,0,2026-09-12 23:00,2026-09-12 23:00,,,https://www.youtube.com/channel/UCR9SBKNM8vvfeR5lse0HhYQ
UCBK-FxEOCrOjnoxqNVDH-Ag,@えびふりゃー-h2x,24,2年,Member (2 years),,不明,,,1,1,0,2026-09-15 22:00,2026-09-15 22:00,,,https://www.youtube.com/channel/UCBK-FxEOCrOjnoxqNVDH-Ag
UC77kOdsHRrJZriOZevzI0Hg,@夏目-z9t,24,2年,Member (2 years),,不明,,,1,3,0,2026-09-15 22:00,2026-09-15 22:00,,,https://www.youtube.com/channel/UC77kOdsHRrJZriOZevzI0Hg
UC_wUdoNGmdHR6-dzY24kNOA,@あやたか-y1w,24,2年,Member (2 years),,不明,,,1,1,0,2026-09-15 22:00,2026-09-15 22:00,,,https://www.youtube.com/channel/UC_wUdoNGmdHR6-dzY24kNOA
UCMEZbZbMyWQ7KOdvX1KPv4g,@nanashima2,24,2年,Member (2 years),,不明,,,1,1,0,2026-09-15 22:00,2026-09-15 22:00,,,https://www.youtube.com/channel/UCMEZbZbMyWQ7KOdvX1KPv4g
UCSk4T5EjFHoKLK_MKoW7C-Q,@きさきなぎ,24,2年,Member (2 years),,不明,,,1,1,0,2026-09-15 22:00,2026-09-15 22:00,,,https://www.youtube.com/channel/UCSk4T5EjFHoKLK_MKoW7C-Q
UCi-ByJZxxCx_KOCk1aObrtg,@IF-stir.moshiya,24,2年,Member (2 years),,不明,,,1,1,0,2026-09-15 22:00,2026-09-15 22:00,,,https://www.youtube.com/channel/UCi-ByJZxxCx_KOCk1aObrtg
UC0YtJmI2ffiO5ak-w-sxe4w,@にゃすレガ,24,2年,Member (2 years),,不明,,,1,1,0,2026-09-15 22:00,2026-09-15 22:00,,,https://www.youtube.com/channel/UC0YtJmI2ffiO5ak-w-sxe4w
UC8UjR3i1DABFPbMB_aJPv3A,@tumugi5805,24,2年,Member (2 years),,不明,,,1,1,0,2026-09-17 07:30,2026-09-17 07:30,,,https://www.youtube.com/channel/UC8UjR3i1DABFPbMB_aJPv3A
UCfa0uXVD0OrNkv5DAgJwCtw,@lamica5756,24,2年,Member (2 years),,不明,,,1,1,0,2026-09-17 07:30,2026-09-17 07:30,,,https://www.youtube.com/channel/UCfa0uXVD0OrNkv5DAgJwCtw
UCfds_JeS165jRy8bRCznuDw,@いちる-h9m,24,2年,Member (2 years),,不明,,,1,1,0,2026-09-17 07:30,2026-09-17 07:30,,,https://www.youtube.com/channel/UCfds_JeS165jRy8bRCznuDw
UCJzUcDZt48lFM48F72FyBeA,@ゆこ-d1d,24,2年,Member (2 years),,不明,,,1,1,0,2026-09-17 07:30,2026-09-17 07:30,,,https://www.youtube.com/channel/UCJzUcDZt48lFM48F72FyBeA
UCOzTRQeT97rnd1z1TFW0kKg,@ルキス-u5x,24,2年,Member (2 years),,不明,,,1,1,0,2026-09-17 07:30,2026-09-17 07:30,,,https://www.youtube.com/channel/UCOzTRQeT97rnd1z1TFW0kKg
UCH4e243eMuOrD8uZdfxChJw,@konatsuya,24,2年,Member (2 years),,不明,,,1,1,0,2026-09-17 07:30,2026-09-17 07:30,,,https://www.youtube.com/channel/UCH4e243eMuOrD8uZdfxChJw
UC0ZjmCr7-xil3aliVFRfYGg,@taku_731_AKITA,24,2年,Member (2 years),,不明,,,1,1,0,2026-09-17 07:30,2026-09-17 07:30,,,https://www.youtube.com/channel/UC0ZjmCr7-xil3aliVFRfYGg
UCnnJW1M0NKE9qqVOQibGCrw,@ゲペペ-d7j,24,2年,Member (2 years),,不明,,,1,6,0,2026-09-17 07:30,2026-09-17 07:30,,,https://www.youtube.com/channel/UCnnJW1M0NKE9qqVOQibGCrw
UCGo5uPvEgcYGywEfNTdkTkQ,@nichijyo_chan,24,2年,Member (2 years),,不明,,,1,1,0,2026-09-17 07:30,2026-09-17 07:30,,,https://www.youtube.com/channel/UCGo5uPvEgcYGywEfNTdkTkQ
UCzaPQXX3He-pem5R8tyXuMQ,@悪魔王悪運のたっちょん,24,2年,Member (2 years),,不明,,,1,1,0,2026-09-17 07:30,2026-09-17 07:30,,,https://www.youtube.com/channel/UCzaPQXX3He-pem5R8tyXuMQ
UC-aHh9VGFc5Tji6sW-NZbtA,@しゃっき,24,2年,Member (2 years),,不明,,,1,1,0,2026-09-17 07:30,2026-09-17 07:30,,,https://www.youtube.com/channel/UC-aHh9VGFc5Tji6sW-NZbtA
UCHoLp6I2kmpHTgxicfY_Heg,@すいせい-u2y,24,2年,Member (2 years),,不明,,,1,1,0,2026-09-17 07:30,2026-09-17 07:30,,,https://www.youtube.com/channel/UCHoLp6I2kmpHTgxicfY_Heg
UCjPZbf1pTVV7CkVwOsc3Jbg,@とおのとおや,24,2年,Member (2 years),,不明,,,1,2,0,2026-09-17 07:30,2026-09-17 07:30,,,https://www.youtube.com/channel/UCjPZbf1pTVV7CkVwOsc3Jbg
UC4q2KI4HD4O8tfgBXawIuMg,@千野零,24,2年,Member (2 years),,不明,,,1,5,0,2026-09-17 07:30,2026-09-17 07:30,,,https://www.youtube.com/channel/UC4q2KI4HD4O8tfgBXawIuMg
UCxiH_bSAmbJGYUe0g-SCuUw,@アーンヴァルテンペスタ,24,2年,Member (2 years),,不明,,,1,1,0,2026-09-17 07:30,2026-09-17 07:30,,,https://www.youtube.com/channel/UCxiH_bSAmbJGYUe0g-SCuUw
UC6_EqTHxZZ8zakk5S47wPDg,@たは-f9s,24,2年,Member (2 years),,不明,,,1,1,0,2026-09-17 07:30,2026-09-17 07:30,,,https://www.youtube.com/channel/UC6_EqTHxZZ8zakk5S47wPDg
UCXKz8syjlqiBjfUajzc_MhQ,@りりあるん,24,2年,Member (2 years),,不明,,,1,1,0,2026-09-17 07:30,2026-09-17 07:30,,,https://www.youtube.com/channel/UCXKz8syjlqiBjfUajzc_MhQ
UCyWJBWh7HvvcWtLZ0dh8Xbw,@からすメイド,24,2年,Member (2 years),,不明,,,1,1,0,2026-09-17 07:30,2026-09-17 07:30,,,https://www.youtube.com/channel/UCyWJBWh7HvvcWtLZ0dh8Xbw
UCCbSyjo7dbqBJd3xEMLTv3w,@shigesan177,24,2年,Member (2 years),,不明,,,1,1,0,2026-09-17 22:05,2026-09-17 22:05,,,https://www.youtube.com/channel/UCCbSyjo7dbqBJd3xEMLTv3w
UCEVl8rSOGIEHrHdX7F8wUkg,@user-takotakoNINJA,24,2年,Member (2 years),,不明,,,1,2,0,2026-09-17 22:05,2026-09-17 22:05,,,https://www.youtube.com/channel/UCEVl8rSOGIEHrHdX7F8wUkg
UC3Tam5ilvRlTXjskOPUAO-Q,@Haru-ub2cu,24,2年,Member (2 years),,不明,,,1,1,0,2026-09-17 22:05,2026-09-17 22:05,,,https://www.youtube.com/channel/UC3Tam5ilvRlTXjskOPUAO-Q
UCRSvSmtvYz6B_nVy2l-V6mQ,@pokemo2862,24,2年,Member (2 years),,不明,,,1,1,0,2026-09-17 22:05,2026-09-17 22:05,,,https://www.youtube.com/channel/UCRSvSmtvYz6B_nVy2l-V6mQ
UCSPtAt1k8TF1BcdZOGHyyAA,@qwmng326,24,2年,Member (2 years),,不明,,,1,2,0,2026-09-17 22:05,2026-09-17 22:05,,,https://www.youtube.com/channel/UCSPtAt1k8TF1BcdZOGHyyAA
UC4MZQncGEtTXsBYYvGusc1Q,@SorceressAgeha,24,2年,Member (2 years),,不明,,,1,1,0,2026-09-17 22:05,2026-09-17 22:05,,,https://www.youtube.com/channel/UC4MZQncGEtTXsBYYvGusc1Q
UCaJk3dcFlPk75UFiQ73SV5A,@ぽちきち-i8c,24,2年,Member (2 years),,不明,,,1,6,0,2026-09-17 22:05,2026-09-17 22:05,,,https://www.youtube.com/channel/UCaJk3dcFlPk75UFiQ73SV5A
UCIzHgbimsy-3UgJpXxJlyLg,@sideattack1029,24,2年,Member (2 years),,不明,,,1,3,0,2026-09-17 22:05,2026-09-17 22:05,,,https://www.youtube.com/channel/UCIzHgbimsy-3UgJpXxJlyLg
UCjBiCfJwGOwLQTXZiMhqeLA,@月あかり-h2x,24,2年,Member (2 years),,不明,,,1,3,0,2026-09-17 22:05,2026-09-17 22:05,,,https://www.youtube.com/channel/UCjBiCfJwGOwLQTXZiMhqeLA
UCOD3xLgPL_sbynplEJVYY2Q,@ますほ-s7o,24,2年,Member (2 years),,不明,,,1,1,0,2026-09-17 22:05,2026-09-17 22:05,,,https://www.youtube.com/channel/UCOD3xLgPL_sbynplEJVYY2Q
UC_V_rRWYiVDvD_62VRWfCEw,@unknownj9929,24,2年,Member (2 years),,不明,,,1,1,0,2026-09-17 22:05,2026-09-17 22:05,,,https://www.youtube.com/channel/UC_V_rRWYiVDvD_62VRWfCEw
UC7roobWf-_3AOhSwmOuRJOA,@Mari-yo3dl,24,2年,Member (2 years),,不明,,,1,1,0,2026-09-17 22:05,2026-09-17 22:05,,,https://www.youtube.com/channel/UC7roobWf-_3AOhSwmOuRJOA
UCQWjIYv6jQV_A1R5Ur2RkCA,@DustMusicSystem,24,2年,Member (2 years),,不明,,,1,1,0,2026-09-17 22:05,2026-09-17 22:05,,,https://www.youtube.com/channel/UCQWjIYv6jQV_A1R5Ur2RkCA
UCYQnWSekiEvxluOk-igCqVA,@十萌楓Tomoka,24,2年,Member (2 years),,不明,,,1,1,0,2026-09-17 22:05,2026-09-17 22:05,,,https://www.youtube.com/channel/UCYQnWSekiEvxluOk-igCqVA
UCMDJE8anI6P_tOJkm6ySdBA,@Ray-h8n9k,24,2年,Member (2 years),,不明,,,1,1,0,2026-09-17 22:05,2026-09-17 22:05,,,https://www.youtube.com/channel/UCMDJE8anI6P_tOJkm6ySdBA
UCaAHXzGRWb-oeI94H7nI16A,@たかみ-q4q,24,2年,Member (2 years),,不明,,,1,1,0,2026-09-17 22:05,2026-09-17 22:05,,,https://www.youtube.com/channel/UCaAHXzGRWb-oeI94H7nI16A
UCyzmNpbuuQg5YoKl69OgNOQ,@よこさん-b1f,24,2年,Member (2 years),,不明,,,1,2,0,2026-09-17 22:05,2026-09-17 22:05,,,https://www.youtube.com/channel/UCyzmNpbuuQg5YoKl69OgNOQ
UCMtT3w6GQqyJ-4VoawqYJvw,@むとxxx,24,2年,Member (2 years),,不明,,,1,1,0,2026-09-18 21:30,2026-09-18 21:30,,,https://www.youtube.com/channel/UCMtT3w6GQqyJ-4VoawqYJvw
UCqEzaWIquRGMhCzaBpnWhjg,@yuyu-ql5ol,24,2年,Member (2 years),,不明,,,1,1,0,2026-09-18 21:30,2026-09-18 21:30,,,https://www.youtube.com/channel/UCqEzaWIquRGMhCzaBpnWhjg
UCfoyzBrl_NcqDMvz04XKWcQ,@user-一般通行人,24,2年,Member (2 years),,不明,,,1,1,0,2026-09-18 21:30,2026-09-18 21:30,,,https://www.youtube.com/channel/UCfoyzBrl_NcqDMvz04XKWcQ
UCqs_jvBv1UQBVjwN85-ebOw,@あおみの-o9c,24,2年,Member (2 years),,不明,,,1,1,0,2026-09-18 21:30,2026-09-18 21:30,,,https://www.youtube.com/channel/UCqs_jvBv1UQBVjwN85-ebOw
UCrVBHbJVtINsD9YL2LI9dQA,@yugamism,24,2年,Member (2 years),,不明,,,1,1,0,2026-09-18 21:30,2026-09-18 21:30,,,https://www.youtube.com/channel/UCrVBHbJVtINsD9YL2LI9dQA
UCYyz9tssAV8JazD7e-nj8eA,@かものはしかも,24,2年,Member (2 years),,不明,,,1,1,0,2026-09-18 21:30,2026-09-18 21:30,,,https://www.youtube.com/channel/UCYyz9tssAV8JazD7e-nj8eA
UCYEWeZ57E9H_REFmWPAb1YQ,@小濃茶,24,2年,Member (2 years),,不明,,,1,2,0,2026-09-22 10:02,2026-09-22 10:02,,,https://www.youtube.com/channel/UCYEWeZ57E9H_REFmWPAb1YQ
UCaqcOrMr_zQ7piK7Y5tym5g,@にゃつめぐれーぷ,24,2年,Member (2 years),,不明,,,1,1,0,2026-09-22 10:02,2026-09-22 10:02,,,https://www.youtube.com/channel/UCaqcOrMr_zQ7piK7Y5tym5g
UClKYiqBni2-3m6DZcCol7KA,@茶がら,24,2年,Member (2 years),,不明,,,1,1,0,2026-09-22 10:02,2026-09-22 10:02,,,https://www.youtube.com/channel/UClKYiqBni2-3m6DZcCol7KA
UCJ2Vi7gd7P0lpu4gDwmfrHQ,@美風-x5w,24,2年,Member (2 years),,不明,,,1,1,0,2026-09-22 10:02,2026-09-22 10:02,,,https://www.youtube.com/channel/UCJ2Vi7gd7P0lpu4gDwmfrHQ
UCbMcMwtl5jZ6FOM-wrxU00Q,@うさだ,24,2年,Member (2 years),,不明,,,1,1,0,2026-09-22 14:02,2026-09-22 14:02,,,https://www.youtube.com/channel/UCbMcMwtl5jZ6FOM-wrxU00Q
UCQ1LL_cXVSfuXbK7J9QP_vw,@ゆらかん,24,2年,Member (2 years),,不明,,,1,1,0,2026-09-22 14:02,2026-09-22 14:02,,,https://www.youtube.com/channel/UCQ1LL_cXVSfuXbK7J9QP_vw
UCXew8E1RPoj1qfgMn-Qsqzg,@比五十,24,2年,Member (2 years),,不明,,,1,10,0,2026-09-22 14:02,2026-09-22 14:02,,,https://www.youtube.com/channel/UCXew8E1RPoj1qfgMn-Qsqzg
UCEbCLOszTC0Bq4tVNN4MdkA,@ときれいな,24,2年,Member (2 years),,不明,,,1,4,0,2026-09-22 14:02,2026-09-22 14:02,,,https://www.youtube.com/channel/UCEbCLOszTC0Bq4tVNN4MdkA
UCUGlq5xtZjfAiaVOBTtXhYQ,@kyo1995_LEX,24,2年,Member (2 years),,不明,,,1,5,0,2026-09-22 14:02,2026-09-22 14:02,,,https://www.youtube.com/channel/UCUGlq5xtZjfAiaVOBTtXhYQ
UCZcp8mHinCmbezjH9wI4gjw,@まいU0X0U0,24,2年,Member (2 years),,不明,,,1,1,0,2026-09-22 14:02,2026-09-22 14:02,,,https://www.youtube.com/channel/UCZcp8mHinCmbezjH9wI4gjw
UC4_5EGMEWuF9WAQqT0Aqemg,@madeleine_1202,24,2年,Member (2 years),,不明,,,1,24,0,2026-09-22 14:02,2026-09-22 14:02,,,https://www.youtube.com/channel/UC4_5EGMEWuF9WAQqT0Aqemg
UCdyZRu8f-HM1AdO-nb_PS3Q,@nekoneko_omochi,24,2年,Member (2 years),,不明,,,1,1,0,2026-09-22 14:02,2026-09-22 14:02,,,https://www.youtube.com/channel/UCdyZRu8f-HM1AdO-nb_PS3Q
UCEkwMYc3RFyvcXUCMh74Few,@kyan74,24,2年,Member (2 years),,不明,,,1,12,0,2026-09-22 14:02,2026-09-22 14:02,,,https://www.youtube.com/channel/UCEkwMYc3RFyvcXUCMh74Few
UC0BGLPKS1hny1EZgD_oNqnw,@くろみつknk,24,2年,Member (2 years),,不明,,,1,8,0,2026-09-22 14:02,2026-09-22 14:02,,,https://www.youtube.com/channel/UC0BGLPKS1hny1EZgD_oNqnw
UCVSxqByGwfNq6Lgr5wETg1g,@大和吹雪-j6q,24,2年,Member (2 years),,不明,,,1,1,0,2026-09-22 14:02,2026-09-22 14:02,,,https://www.youtube.com/channel/UCVSxqByGwfNq6Lgr5wETg1g
UCGRc4i6uDyE-ZIgT_BQLW-A,@3chamiran,24,2年,Member (2 years),,不明,,,1,1,0,2026-09-22 14:02,2026-09-22 14:02,,,https://www.youtube.com/channel/UCGRc4i6uDyE-ZIgT_BQLW-A
UCCYqm1-hNGRwCY_g_JLeCpQ,@あっとまーく-u9n,24,2年,Member (2 years),,不明,,,1,1,0,2026-09-22 14:02,2026-09-22 14:02,,,https://www.youtube.com/channel/UCCYqm1-hNGRwCY_g_JLeCpQ
UCqt2e2m6LWqXqqX-5MMBofg,@ひろ-x9p,24,2年,Member (2 years),,不明,,,1,2,0,2026-09-22 14:02,2026-09-22 14:02,,,https://www.youtube.com/channel/UCqt2e2m6LWqXqqX-5MMBofg
UCYUQlEt5OeIEkZUEvmXMO6w,@しのえる-h7q,24,2年,Member (2 years),,不明,,,1,1,0,2026-09-22 14:02,2026-09-22 14:02,,,https://www.youtube.com/channel/UCYUQlEt5OeIEkZUEvmXMO6w
UCosNvQRRY8VROn8aB3uzanQ,@susungatrpg,24,2年,Member (2 years),,不明,,,1,3,0,2026-09-22 14:02,2026-09-22 14:02,,,https://www.youtube.com/channel/UCosNvQRRY8VROn8aB3uzanQ
UClYezLADVNPXi7d9OBXEVIA,@1217_ky,24,2年,Member (2 years),,不明,,,1,1,0,2026-09-22 14:02,2026-09-22 14:02,,,https://www.youtube.com/channel/UClYezLADVNPXi7d9OBXEVIA
UCrmBk2jWmM7CwZWT-7d42og,@yotsuba703,24,2年,Member (2 years),,不明,,,1,20,0,2026-09-22 14:02,2026-09-22 14:02,,,https://www.youtube.com/channel/UCrmBk2jWmM7CwZWT-7d42og
UC0wnncT0ndIj3K98V8JTT5Q,@MapleRBT,24,2年,Member (2 years),,不明,,,1,1,0,2026-09-22 14:02,2026-09-22 14:02,,,https://www.youtube.com/channel/UC0wnncT0ndIj3K98V8JTT5Q
UCOTr7pkxzbQ68cwUzC3am_A,@麦茶太郎-i9w,24,2年,Member (2 years),,不明,,,1,1,0,2026-09-22 14:02,2026-09-22 14:02,,,https://www.youtube.com/channel/UCOTr7pkxzbQ68cwUzC3am_A
UCqKY1T1Y_22moXcDsn1rrdw,@しおた-k1l,24,2年,Member (2 years),,不明,,,1,4,0,2026-09-22 14:02,2026-09-22 14:02,,,https://www.youtube.com/channel/UCqKY1T1Y_22moXcDsn1rrdw
UC1bi4uRWibf64UlxJYXATYg,@どろふきん,24,2年,Member (2 years),,不明,,,1,2,0,2026-09-22 14:02,2026-09-22 14:02,,,https://www.youtube.com/channel/UC1bi4uRWibf64UlxJYXATYg
UCM4YyfuTcDrRzIeoXuugE7Q,@8810sk,24,2年,Member (2 years),,不明,,,1,1,0,2026-09-22 14:02,2026-09-22 14:02,,,https://www.youtube.com/channel/UCM4YyfuTcDrRzIeoXuugE7Q
UC2-rIzafbeYxO8tsbmQhEWg,@咲雲_sakumo,24,2年,Member (2 years),,不明,,,1,3,0,2026-09-22 14:02,2026-09-22 14:02,,,https://www.youtube.com/channel/UC2-rIzafbeYxO8tsbmQhEWg
UCJW3oHUNOsTlqnWkay409FQ,@アッッチョンブリケ,24,2年,Member (2 years),,不明,,,1,1,0,2026-09-22 14:02,2026-09-22 14:02,,,https://www.youtube.com/channel/UCJW3oHUNOsTlqnWkay409FQ
UCXRRvOPDC837-aFVMXW-TiA,@畜-h9e,24,2年,Member (2 years),,不明,,,1,1,0,2026-09-22 14:02,2026-09-22 14:02,,,https://www.youtube.com/channel/UCXRRvOPDC837-aFVMXW-TiA
UC1nrIaR6FpPHsGTI6lbKU_Q,@mi-giee,24,2年,Member (2 years),,不明,,,1,1,0,2026-09-22 14:02,2026-09-22 14:02,,,https://www.youtube.com/channel/UC1nrIaR6FpPHsGTI6lbKU_Q
UCIMr9A_qt-MK8WZ4lHQRQbA,@タラコおにぎり-g5i,24,2年,Member (2 years),,不明,,,1,4,0,2026-09-22 14:02,2026-09-22 14:02,,,https://www.youtube.com/channel/UCIMr9A_qt-MK8WZ4lHQRQbA
UCoJ8wOwgL6TTNbnlopGK-GQ,@うつぎ-i4l,24,2年,Member (2 years),,不明,,,1,1,0,2026-09-22 14:02,2026-09-22 14:02,,,https://www.youtube.com/channel/UCoJ8wOwgL6TTNbnlopGK-GQ
UC4XzGrB6H9vWkVoBTLyLQqA,@グングニル-y2g,24,2年,Member (2 years),,不明,,,1,3,0,2026-09-22 14:02,2026-09-22 14:02,,,https://www.youtube.com/channel/UC4XzGrB6H9vWkVoBTLyLQqA
UCwMjgQX-pLeMy3WXKk0IceQ,@____pomo,24,2年,Member (2 years),,不明,,,1,2,0,2026-09-22 14:02,2026-09-22 14:02,,,https://www.youtube.com/channel/UCwMjgQX-pLeMy3WXKk0IceQ
UC6zf3Ll7mDz5Q0Ni5fEYuTg,@Miyu-k6o,24,2年,Member (2 years),,不明,,,1,1,0,2026-09-22 14:02,2026-09-22 14:02,,,https://www.youtube.com/channel/UC6zf3Ll7mDz5Q0Ni5fEYuTg
UCwRb1EA4HXTYt29q-J6G6yw,@みち-s6g,24,2年,Member (2 years),,不明,,,1,1,0,2026-09-22 14:02,2026-09-22 14:02,,,https://www.youtube.com/channel/UCwRb1EA4HXTYt29q-J6G6yw
UCvDW-CHujc4rugP7zVyXzFQ,@who1332,24,2年,Member (2 years),,不明,,,1,3,0,2026-09-22 14:02,2026-09-22 14:02,,,https://www.youtube.com/channel/UCvDW-CHujc4rugP7zVyXzFQ
UCb6x3_cHo2HEDfphfjOe5XA,@s2__k8g8m10,24,2年,Member (2 years),,不明,,,1,2,0,2026-09-22 14:02,2026-09-22 14:02,,,https://www.youtube.com/channel/UCb6x3_cHo2HEDfphfjOe5XA
UCKGFs9ZAzpG61jSBtPGJoog,@ふるっも,24,2年,Member (2 years),,不明,,,1,1,0,2026-09-22 14:02,2026-09-22 14:02,,,https://www.youtube.com/channel/UCKGFs9ZAzpG61jSBtPGJoog
UC7Glu2pqHYNAc_hcg9LllBg,@ichika_一華,24,2年,Member (2 years),,不明,,,1,2,0,2026-09-22 14:02,2026-09-22 14:02,,,https://www.youtube.com/channel/UC7Glu2pqHYNAc_hcg9LllBg
UCRH5ISBkBy18CbxShq-b8rg,@ぷぇー-p3x,24,2年,Member (2 years),,不明,,,1,1,0,2026-09-22 14:02,2026-09-22 14:02,,,https://www.youtube.com/channel/UCRH5ISBkBy18CbxShq-b8rg
UCQIr5oX478S8zTa1Q7JDpEg,@さおりぃぃ,24,2年,Member (2 years),,不明,,,1,1,0,2026-09-22 14:02,2026-09-22 14:02,,,https://www.youtube.com/channel/UCQIr5oX478S8zTa1Q7JDpEg
UCJ5guo407DG31FlIcxKtXSg,@けいちゃん-v8f,24,2年,Member (2 years),,不明,,,1,1,1,2026-09-22 14:02,2026-09-22 14:02,,,https://www.youtube.com/channel/UCJ5guo407DG31FlIcxKtXSg
UC5kg00jWzLBXxQCX64PAimQ,@sai-nanday0ne,24,2年,Member (2 years),,不明,,,1,1,1,2026-09-22 14:02,2026-09-22 14:02,,,https://www.youtube.com/channel/UC5kg00jWzLBXxQCX64PAimQ
UCOm6q-pSi5FkqwrTIB8skKA,@mataneko6530,24,2年,Member (2 years),,不明,,,1,1,0,2026-09-22 14:02,2026-09-22 14:02,,,https://www.youtube.com/channel/UCOm6q-pSi5FkqwrTIB8skKA
UCEK8xHUOz7hVB5kXUVy9MIg,@cocone02,24,2年,Member (2 years),,不明,,,1,2,0,2026-09-22 14:02,2026-09-22 14:02,,,https://www.youtube.com/channel/UCEK8xHUOz7hVB5kXUVy9MIg
UCRYkeOx_FQeGfx1oGYYtrlg,@Sara_mary_59,24,2年,Member (2 years),,不明,,,1,1,0,2026-09-22 14:02,2026-09-22 14:02,,,https://www.youtube.com/channel/UCRYkeOx_FQeGfx1oGYYtrlg
UCzH8M9cLDqgfap_Q_2Wxl9Q,@すぐり-n9z,24,2年,Member (2 years),,不明,,,1,1,0,2026-09-22 14:02,2026-09-22 14:02,,,https://www.youtube.com/channel/UCzH8M9cLDqgfap_Q_2Wxl9Q
UC99DHHJKZDB0nSOVqHcEsSg,@くおん1180,24,2年,Member (2 years),,不明,,,1,1,0,2026-09-22 14:02,2026-09-22 14:02,,,https://www.youtube.com/channel/UC99DHHJKZDB0nSOVqHcEsSg
UCjanwqji0ugPv1B-_imZfCg,@翁草-okinagusa,24,2年,Member (2 years),,不明,,,1,1,0,2026-09-22 14:02,2026-09-22 14:02,,,https://www.youtube.com/channel/UCjanwqji0ugPv1B-_imZfCg
UCFEX3vBkYNyc8IOh3lSdzGA,@凪零-ながれ,24,2年,Member (2 years),,不明,,,1,1,0,2026-09-22 14:02,2026-09-22 14:02,,,https://www.youtube.com/channel/UCFEX3vBkYNyc8IOh3lSdzGA
UChFEJ81IpmJZhQmsfpO6hZw,@kuroneko4377,24,2年,Member (2 years),,不明,,,1,1,0,2026-09-22 14:02,2026-09-22 14:02,,,https://www.youtube.com/channel/UChFEJ81IpmJZhQmsfpO6hZw
UCZrmD32ZaN1kfqVKOq2kWyQ,@minnin819,24,2年,Member (2 years),,不明,,,1,1,0,2026-09-24 23:01,2026-09-24 23:01,,,https://www.youtube.com/channel/UCZrmD32ZaN1kfqVKOq2kWyQ
UCBLZ1R5Wmp7nFYKydHpB90Q,@アリス-c1y,24,2年,Member (2 years),,不明,,,1,1,0,2026-09-24 23:01,2026-09-24 23:01,,,https://www.youtube.com/channel/UCBLZ1R5Wmp7nFYKydHpB90Q
UCxOUYHbQVONz_BsB0ghf3Cg,@nemmuq,24,2年,Member (2 years),,不明,,,1,1,0,2026-09-24 23:01,2026-09-24 23:01,,,https://www.youtube.com/channel/UCxOUYHbQVONz_BsB0ghf3Cg
UCsbyaSOYkt5Fo7lS1AD7Taw,@ほのか-q9b,24,2年,Member (2 years),,不明,,,1,1,0,2026-09-24 23:01,2026-09-24 23:01,,,https://www.youtube.com/channel/UCsbyaSOYkt5Fo7lS1AD7Taw
UC9YiESjOz_mNz7LtdxFOnQg,@陳孝明-h8l,24,2年,Member (2 years),,不明,,,1,1,0,2026-09-24 23:01,2026-09-24 23:01,,,https://www.youtube.com/channel/UC9YiESjOz_mNz7LtdxFOnQg
UCfz5nsBR86tom-7MC224Baw,@maruru_maru_k,24,2年,Member (2 years),,不明,,,1,1,0,2026-09-24 23:01,2026-09-24 23:01,,,https://www.youtube.com/channel/UCfz5nsBR86tom-7MC224Baw
UCHwo-vspIRwSB_0Q2qe0CiQ,@ふじ-h1m,24,2年,Member (2 years),,不明,,,1,1,0,2026-09-24 23:01,2026-09-24 23:01,,,https://www.youtube.com/channel/UCHwo-vspIRwSB_0Q2qe0CiQ
UCm1rvqgSmEQm-ku-4W1vgcQ,@みるは-x3o,24,2年,Member (2 years),,不明,,,1,2,0,2026-09-24 23:01,2026-09-24 23:01,,,https://www.youtube.com/channel/UCm1rvqgSmEQm-ku-4W1vgcQ
UCDqo404yhEWOpDlgqztKkBQ,@シズク-szk,24,2年,Member (2 years),,不明,,,1,1,0,2026-09-24 23:01,2026-09-24 23:01,,,https://www.youtube.com/channel/UCDqo404yhEWOpDlgqztKkBQ
UCnCyAP2PeNeW8EzsMrWODWg,@l2O2xx,24,2年,Member (2 years),,不明,,,1,2,0,2026-09-24 23:01,2026-09-24 23:01,,,https://www.youtube.com/channel/UCnCyAP2PeNeW8EzsMrWODWg
UC5vfvq5dpFn3mA-hGOE2e_w,@水縹_MiHanada,24,2年,Member (2 years),,不明,,,1,2,0,2026-09-24 23:01,2026-09-24 23:01,,,https://www.youtube.com/channel/UC5vfvq5dpFn3mA-hGOE2e_w
UC0akB7I5tz9lyTYo6EBxl6w,@nemnem_Alice,24,2年,Member (2 years),,不明,,,1,7,0,2026-09-24 23:01,2026-09-24 23:01,,,https://www.youtube.com/channel/UC0akB7I5tz9lyTYo6EBxl6w
UC8T4lVHaKfUsV23Nj6iKoqg,@オリード,24,2年,Member (2 years),,不明,,,1,21,0,2026-09-24 23:01,2026-09-24 23:01,,,https://www.youtube.com/channel/UC8T4lVHaKfUsV23Nj6iKoqg
UCBjVpNOVPvl-Q90AvMdz_3g,@コンのすけ,24,2年,Member (2 years),,不明,,,1,45,0,2026-09-24 23:01,2026-09-24 23:01,,,https://www.youtube.com/channel/UCBjVpNOVPvl-Q90AvMdz_3g
UCa8uMifajQ16HMXAuc8cWMw,@空腹-hr85,24,2年,Member (2 years),,不明,,,1,1,0,2026-09-24 23:01,2026-09-24 23:01,,,https://www.youtube.com/channel/UCa8uMifajQ16HMXAuc8cWMw
UCgk_M-Ridl0Z_5N7c44oiQA,@marui_neco,24,2年,Member (2 years),,不明,,,1,10,0,2026-09-24 23:01,2026-09-24 23:01,,,https://www.youtube.com/channel/UCgk_M-Ridl0Z_5N7c44oiQA
UC9UqEPMOe8oJJbcWok6C9Ow,@七ツ夜ななつや,24,2年,Member (2 years),,不明,,,1,1,0,2026-09-24 23:01,2026-09-24 23:01,,,https://www.youtube.com/channel/UC9UqEPMOe8oJJbcWok6C9Ow
UCti6-PQw9sUqVMPqJWSBzew,@リョート-d5i,24,2年,Member (2 years),,不明,,,1,2,0,2026-09-24 23:01,2026-09-24 23:01,,,https://www.youtube.com/channel/UCti6-PQw9sUqVMPqJWSBzew
UCXizsY_hTaY7fO_R8m-fKng,@蒼-s2y,24,2年,Member (2 years),,不明,,,1,2,0,2026-09-24 23:01,2026-09-24 23:01,,,https://www.youtube.com/channel/UCXizsY_hTaY7fO_R8m-fKng
UCW4vAZdlCSyypzGrNg9GbSQ,@user-Moru30,24,2年,Member (2 years),,不明,,,1,1,0,2026-09-24 23:01,2026-09-24 23:01,,,https://www.youtube.com/channel/UCW4vAZdlCSyypzGrNg9GbSQ
UCm0N6xpihVCGgPFhp4ONATw,@あき-x5j5t,24,2年,Member (2 years),,不明,,,1,1,0,2026-09-24 23:01,2026-09-24 23:01,,,https://www.youtube.com/channel/UCm0N6xpihVCGgPFhp4ONATw
UCwOOgkpBi94NbflUXVzOyJA,@ハト-u7p,24,2年,Member (2 years),,不明,,,1,3,0,2026-09-24 23:01,2026-09-24 23:01,,,https://www.youtube.com/channel/UCwOOgkpBi94NbflUXVzOyJA
UCKTFtzw3tVq1xuIifxxYdNw,@りゅはま-v2i,24,2年,Member (2 years),,不明,,,1,3,0,2026-09-24 23:01,2026-09-24 23:01,,,https://www.youtube.com/channel/UCKTFtzw3tVq1xuIifxxYdNw
UC86CZU4nE8kFCMQRR8TEKyA,@めいりん-r7z,24,2年,Member (2 years),,不明,,,1,1,0,2026-09-24 23:01,2026-09-24 23:01,,,https://www.youtube.com/channel/UC86CZU4nE8kFCMQRR8TEKyA
UCWK_w_GxQ0dwyWOiSBsp8dQ,@かどっこ住まい,24,2年,Member (2 years),,不明,,,1,2,0,2026-09-24 23:01,2026-09-24 23:01,,,https://www.youtube.com/channel/UCWK_w_GxQ0dwyWOiSBsp8dQ
UCW3gBEzCLD99Bjc4gk3zjMw,@momonnga_neko,24,2年,Member (2 years),,不明,,,1,1,0,2026-09-24 23:01,2026-09-24 23:01,,,https://www.youtube.com/channel/UCW3gBEzCLD99Bjc4gk3zjMw
UCGyQqhACaDOz78v_IEHbmFA,@ぽこぽこ-m7o,24,2年,Member (2 years),,不明,,,1,1,0,2026-09-24 23:01,2026-09-24 23:01,,,https://www.youtube.com/channel/UCGyQqhACaDOz78v_IEHbmFA
UCwmIQDNSWYbNEghCW8dXfYA,@もっふもふのいぬ,24,2年,Member (2 years),,不明,,,1,1,0,2026-09-24 23:01,2026-09-24 23:01,,,https://www.youtube.com/channel/UCwmIQDNSWYbNEghCW8dXfYA
UCs0a5LoVFksonvpQJ2ib7xw,@時音-tokine,24,2年,Member (2 years),,不明,,,1,1,0,2026-09-24 23:01,2026-09-24 23:01,,,https://www.youtube.com/channel/UCs0a5LoVFksonvpQJ2ib7xw
UCnWfAr6PAKvmWQtjnIualHw,@o7o3_mm,24,2年,Member (2 years),,不明,,,1,1,0,2026-09-24 23:01,2026-09-24 23:01,,,https://www.youtube.com/channel/UCnWfAr6PAKvmWQtjnIualHw
UCXqrmwJtfzGDii6ir13cRWA,@今日も明日までモラトリアム,24,2年,Member (2 years),,不明,,,1,5,0,2026-09-24 23:01,2026-09-24 23:01,,,https://www.youtube.com/channel/UCXqrmwJtfzGDii6ir13cRWA
UCma47KEWQ2_vAqkHFY7FYlw,@morieheath,24,2年,Member (2 years),,不明,,,1,1,0,2026-09-24 23:01,2026-09-24 23:01,,,https://www.youtube.com/channel/UCma47KEWQ2_vAqkHFY7FYlw
UCGG6X4hvrHpymru9iHV6cEg,@ここなっつ-y9q,24,2年,Member (2 years),,不明,,,1,1,0,2026-09-24 23:01,2026-09-24 23:01,,,https://www.youtube.com/channel/UCGG6X4hvrHpymru9iHV6cEg
UCsmYPdNPp0nqrELBfXCuyhQ,@タチバナタスク,24,2年,Member (2 years),,不明,,,1,1,0,2026-09-24 23:01,2026-09-24 23:01,,,https://www.youtube.com/channel/UCsmYPdNPp0nqrELBfXCuyhQ
UCqvWEQrIeFEm1TcTaZwlWCQ,@rimoru1107,24,2年,Member (2 years),,不明,,,1,1,0,2026-09-24 23:01,2026-09-24 23:01,,,https://www.youtube.com/channel/UCqvWEQrIeFEm1TcTaZwlWCQ
UCcTwq0heG7IIEE9CZc907tQ,@佐薙さな,24,2年,Member (2 years),,不明,,,1,1,0,2026-09-24 23:01,2026-09-24 23:01,,,https://www.youtube.com/channel/UCcTwq0heG7IIEE9CZc907tQ
UCLy2p-g-I41McSGkv5M2M4A,@asahi7_o,24,2年,Member (2 years),,不明,,,1,6,0,2026-09-24 23:01,2026-09-24 23:01,,,https://www.youtube.com/channel/UCLy2p-g-I41McSGkv5M2M4A
UCn9vywMrsv8ZsD0wpy7PaYw,@spw8741,24,2年,Member (2 years),,不明,,,1,3,0,2026-09-24 23:01,2026-09-24 23:01,,,https://www.youtube.com/channel/UCn9vywMrsv8ZsD0wpy7PaYw
UCP0iN2hdjQBLrWlBGeVIUXw,@0reme,24,2年,Member (2 years),,不明,,,1,1,0,2026-09-24 23:01,2026-09-24 23:01,,,https://www.youtube.com/channel/UCP0iN2hdjQBLrWlBGeVIUXw
UCL0DCk9WXCo2BytGI3jqrVw,@リンネ-c1b,24,2年,Member (2 years),,不明,,,1,2,0,2026-09-24 23:01,2026-09-24 23:01,,,https://www.youtube.com/channel/UCL0DCk9WXCo2BytGI3jqrVw
UCkki0gtcjv5MEIolVMHhc8Q,@さかな-r2s,24,2年,Member (2 years),,不明,,,1,14,1,2026-09-24 23:01,2026-09-24 23:01,,,https://www.youtube.com/channel/UCkki0gtcjv5MEIolVMHhc8Q
UCY7oHsuDq0kOJWLhvi-L41Q,@devilonigiri,24,2年,Member (2 years),,不明,,,1,1,0,2026-09-24 23:01,2026-09-24 23:01,,,https://www.youtube.com/channel/UCY7oHsuDq0kOJWLhvi-L41Q
UCMAxwd6hf5CP0B_qzQES48A,@そよ-q2o,24,2年,Member (2 years),,不明,,,1,1,0,2026-09-24 23:01,2026-09-24 23:01,,,https://www.youtube.com/channel/UCMAxwd6hf5CP0B_qzQES48A
UCMtmHbiTo7ov19_zeure7kQ,@ぐらたん-e5f,24,2年,Member (2 years),,不明,,,1,1,0,2026-09-24 23:01,2026-09-24 23:01,,,https://www.youtube.com/channel/UCMtmHbiTo7ov19_zeure7kQ
UCVt1D8Yt6oTtfw5MP-wCXrQ,@黒山羊-k4w,24,2年,Member (2 years),,不明,,,1,1,0,2026-09-24 23:01,2026-09-24 23:01,,,https://www.youtube.com/channel/UCVt1D8Yt6oTtfw5MP-wCXrQ
UCeH3srXKul4ECg7qVkgMtRw,@tsukishiro8810,24,2年,Member (2 years),,不明,,,1,1,1,2026-09-24 23:01,2026-09-24 23:01,,,https://www.youtube.com/channel/UCeH3srXKul4ECg7qVkgMtRw
UCwsCAjMIGhEqazveHfFmhug,@炭酸の抜けたコーラ,24,2年,Member (2 years),,不明,,,1,1,1,2026-09-24 23:01,2026-09-24 23:01,,,https://www.youtube.com/channel/UCwsCAjMIGhEqazveHfFmhug
UCJ4hogWNiY0AxR3Jg7Z2SJA,@Noah-310,24,2年,Member (2 years),,加賀美ハヤトのメンバーシップ,再加入/レベル変更,,1,0,0,2026-09-24 23:01,2026-09-24 23:01,,,https://www.youtube.com/channel/UCJ4hogWNiY0AxR3Jg7Z2SJA
UCyHwYhShAn0YLry5azWRoVw,@yukito_MMD,24,2年,Member (2 years),,不明,,,1,1,0,2026-09-26 21:33,2026-09-26 21:33,,,https://www.youtube.com/channel/UCyHwYhShAn0YLry5azWRoVw
UCQ84S-v7ZountPsfD54-VgQ,@さいのめ-y2b,24,2年,Member (2 years),,不明,,,1,2,0,2026-09-26 21:33,2026-09-26 21:33,,,https://www.youtube.com/channel/UCQ84S-v7ZountPsfD54-VgQ
UCUqqTHQN7ENymQQQ4nDPBDg,@よひら-n7c,24,2年,Member (2 years),,不明,,,1,1,0,2026-09-26 21:33,2026-09-26 21:33,,,https://www.youtube.com/channel/UCUqqTHQN7ENymQQQ4nDPBDg
UCTm2NMHHE7v2NP1vncQR7EQ,@ktbleach95,24,2年,Member (2 years),,不明,,,1,1,0,2026-09-26 21:33,2026-09-26 21:33,,,https://www.youtube.com/channel/UCTm2NMHHE7v2NP1vncQR7EQ
UCUKYFKDMWbCUwVHt_LBVo-g,@amy-dw1se,24,2年,Member (2 years),,不明,,,1,1,0,2026-09-26 21:33,2026-09-26 21:33,,,https://www.youtube.com/channel/UCUKYFKDMWbCUwVHt_LBVo-g
UCSzrGzZVg-wwZuCP1qUDf7A,@mmmmoga,24,2年,Member (2 years),,不明,,,1,1,0,2026-09-26 21:33,2026-09-26 21:33,,,https://www.youtube.com/channel/UCSzrGzZVg-wwZuCP1qUDf7A
UCQClw_1Te-qrY8hFjO9RryQ,@tosari2322,24,2年,Member (2 years),,不明,,,1,1,0,2026-09-26 21:33,2026-09-26 21:33,,,https://www.youtube.com/channel/UCQClw_1Te-qrY8hFjO9RryQ
UCSAe5CGJRNYSi9jdXq9PBjw,@toka2600,24,2年,Member (2 years),,不明,,,1,1,0,2026-09-26 21:33,2026-09-26 21:33,,,https://www.youtube.com/channel/UCSAe5CGJRNYSi9jdXq9PBjw
UCZmmwwJ6fOrw13xvbImacUQ,@コックエム,24,2年,Member (2 years),,不明,,,1,15,0,2026-09-26 21:33,2026-09-26 21:33,,,https://www.youtube.com/channel/UCZmmwwJ6fOrw13xvbImacUQ
UChbtOUtsf1eUm_7yPevmyGQ,@morisu6932,24,2年,Member (2 years),,不明,,,1,4,0,2026-09-26 21:33,2026-09-26 21:33,,,https://www.youtube.com/channel/UChbtOUtsf1eUm_7yPevmyGQ
UCxp3dr2werUNDkSzOfBjuDA,@Sakuraba_2704,24,2年,Member (2 years),,不明,,,1,200,0,2026-09-26 21:33,2026-09-26 21:33,,,https://www.youtube.com/channel/UCxp3dr2werUNDkSzOfBjuDA
UCgwL-FjW878CuZkk3XiCoOw,@マルエツ-u5y,24,2年,Member (2 years),,不明,,,1,7,0,2026-09-26 21:33,2026-09-26 21:33,,,https://www.youtube.com/channel/UCgwL-FjW878CuZkk3XiCoOw
UCN5n925wSZFYFKJjr0-pDlg,@蛍火-k3e,24,2年,Member (2 years),,不明,,,1,2,0,2026-09-26 21:33,2026-09-26 21:33,,,https://www.youtube.com/channel/UCN5n925wSZFYFKJjr0-pDlg
UCxR7ClKwARiJWjR1Vp1T-rQ,@ryo_Y,24,2年,Member (2 years),,不明,,,1,5,0,2026-09-26 21:33,2026-09-26 21:33,,,https://www.youtube.com/channel/UCxR7ClKwARiJWjR1Vp1T-rQ
UC0m4ynfMs0rTn90bmhWHBxQ,@masaka2077,24,2年,Member (2 years),,不明,,,1,1,0,2026-09-26 21:33,2026-09-26 21:33,,,https://www.youtube.com/channel/UC0m4ynfMs0rTn90bmhWHBxQ
UCMFdICD6qu7nPxYzapjeYOw,@福猫_fukuneko,24,2年,Member (2 years),,不明,,,1,4,0,2026-09-26 21:33,2026-09-26 21:33,,,https://www.youtube.com/channel/UCMFdICD6qu7nPxYzapjeYOw
UC14MMvDHruV27-HrwrOt6ig,@隼_君,24,2年,Member (2 years),,不明,,,1,7,0,2026-09-26 21:33,2026-09-26 21:33,,,https://www.youtube.com/channel/UC14MMvDHruV27-HrwrOt6ig
UCogpJZQ2-R28V2h-2-Gfefg,@ray-dm1xe,24,2年,Member (2 years),,不明,,,1,7,0,2026-09-26 21:33,2026-09-26 21:33,,,https://www.youtube.com/channel/UCogpJZQ2-R28V2h-2-Gfefg
UCh8g2IED2RL026VlN5h8PPw,@niconicoruisu,24,2年,Member (2 years),,不明,,,1,1,0,2026-09-26 21:33,2026-09-26 21:33,,,https://www.youtube.com/channel/UCh8g2IED2RL026VlN5h8PPw
UCN6pm42UuAg1sDeZh9vwxPg,@かさね-t9v,24,2年,Member (2 years),,不明,,,1,1,0,2026-09-26 21:33,2026-09-26 21:33,,,https://www.youtube.com/channel/UCN6pm42UuAg1sDeZh9vwxPg
UCBpqmTKeN9bzLJ-tR9vAXOQ,@ヤッ-c8w,24,2年,Member (2 years),,不明,,,1,3,0,2026-09-26 21:33,2026-09-26 21:33,,,https://www.youtube.com/channel/UCBpqmTKeN9bzLJ-tR9vAXOQ
UCXXaAEL0qXJzWas2xOmRuug,@蒼_あおowo,24,2年,Member (2 years),,加賀美ハヤトのメンバーシップ,再加入/レベル変更,,1,0,0,2026-09-26 21:33,2026-09-26 21:33,,,https://www.youtube.com/channel/UCXXaAEL0qXJzWas2xOmRuug
UCQ39mcPeZiQXGvm5Dwfc4hw,@あや汰ayt75,24,2年,Member (2 years),,不明,,,1,1,0,2026-09-27 23:00,2026-09-27 23:00,,,https://www.youtube.com/channel/UCQ39mcPeZiQXGvm5Dwfc4hw
UCxISQzkujewzKbR1Na8jkqw,@おばけ-v9q,24,2年,Member (2 years),,不明,,,1,2,0,2026-09-27 23:00,2026-09-27 23:00,,,https://www.youtube.com/channel/UCxISQzkujewzKbR1Na8jkqw
UCcX2KRQSKtF9n8Rid5Wgf1g,@うみうしのここ,24,2年,Member (2 years),,不明,,,1,1,0,2026-09-27 23:00,2026-09-27 23:00,,,https://www.youtube.com/channel/UCcX2KRQSKtF9n8Rid5Wgf1g
UCvetR9cyszZNuvXjrtj45wg,@user-qb3nh7jn3u,24,2年,Member (2 years),,不明,,,1,1,0,2026-09-27 23:00,2026-09-27 23:00,,,https://www.youtube.com/channel/UCvetR9cyszZNuvXjrtj45wg
UCtagtMKQkWKn77bTV7OVdiw,@餅山きなこ,24,2年,Member (2 years),,不明,,,1,1,0,2026-09-27 23:00,2026-09-27 23:00,,,https://www.youtube.com/channel/UCtagtMKQkWKn77bTV7OVdiw
UC2zBNNlNyEvJHUGBB7AALew,@ぜのてれーぜ,24,2年,Member (2 years),,不明,,,1,1,0,2026-09-27 23:00,2026-09-27 23:00,,,https://www.youtube.com/channel/UC2zBNNlNyEvJHUGBB7AALew
UC8pGtnHd1nrh4yznZsahhow,@UniandAnko,24,2年,Member (2 years),,不明,,,1,1,0,2026-09-27 23:00,2026-09-27 23:00,,,https://www.youtube.com/channel/UC8pGtnHd1nrh4yznZsahhow
UCrzCOnIakZ0NkGN9rk0D8lQ,@x輪廻x,24,2年,Member (2 years),,不明,,,1,1,0,2026-09-27 23:00,2026-09-27 23:00,,,https://www.youtube.com/channel/UCrzCOnIakZ0NkGN9rk0D8lQ
UCpE4XweOF_3Z2t2qxTQR9qw,@つぐみ0705,24,2年,Member (2 years),,不明,,,1,1,0,2026-09-27 23:00,2026-09-27 23:00,,,https://www.youtube.com/channel/UCpE4XweOF_3Z2t2qxTQR9qw
UCrCHwcROXAXapV5wMx6J4zg,@みたらし団子-m4n,24,2年,Member (2 years),,不明,,,1,12,0,2026-09-27 23:00,2026-09-27 23:00,,,https://www.youtube.com/channel/UCrCHwcROXAXapV5wMx6J4zg
UC_Gk7cc8AnWE08fSBqhSKKg,@にくにく-k6t,24,2年,Member (2 years),,不明,,,1,3,0,2026-09-27 23:00,2026-09-27 23:00,,,https://www.youtube.com/channel/UC_Gk7cc8AnWE08fSBqhSKKg
UCuu6nTbOkV14qE5inRaAfow,@ヒナミ-b9r,24,2年,Member (2 years),,不明,,,1,1,0,2026-09-27 23:00,2026-09-27 23:00,,,https://www.youtube.com/channel/UCuu6nTbOkV14qE5inRaAfow
UCbfJf2vOXXsPdNcLh9eJOkg,@kezuyahatano,24,2年,Member (2 years),,不明,,,1,1,0,2026-10-02 20:00,2026-10-02 20:00,,,https://www.youtube.com/channel/UCbfJf2vOXXsPdNcLh9eJOkg
UC3n3FlV65Rq0CydZg4edMTA,@うたぴっぴ,24,2年,Member (2 years),,不明,,,1,1,0,2026-10-02 20:00,2026-10-02 20:00,,,https://www.youtube.com/channel/UC3n3FlV65Rq0CydZg4edMTA
UC81lqnDMeRfXvXLazDyNjMw,@たなかなた-f3g,24,2年,Member (2 years),,不明,,,1,1,0,2026-10-02 20:00,2026-10-02 20:00,,,https://www.youtube.com/channel/UC81lqnDMeRfXvXLazDyNjMw
UCgowbYqq6hk9NhVY71sAtZA,@みんい-k712,24,2年,Member (2 years),,不明,,,1,4,0,2026-10-02 20:00,2026-10-02 20:00,,,https://www.youtube.com/channel/UCgowbYqq6hk9NhVY71sAtZA
UC9TjBOrWLzju2CnIBQlSxRw,@高峰-q7k,24,2年,Member (2 years),,不明,,,1,1,0,2026-10-02 20:00,2026-10-02 20:00,,,https://www.youtube.com/channel/UC9TjBOrWLzju2CnIBQlSxRw
UCfbRPUkL15dlL1AL94lJTBA,@毛布-i9e,24,2年,Member (2 years),,不明,,,1,3,0,2026-10-02 20:00,2026-10-02 20:00,,,https://www.youtube.com/channel/UCfbRPUkL15dlL1AL94lJTBA
UCbtuweGugZ-L4GbR-h_yO1g,@れき-d9v,24,2年,Member (2 years),,不明,,,1,3,0,2026-10-02 20:00,2026-10-02 20:00,,,https://www.youtube.com/channel/UCbtuweGugZ-L4GbR-h_yO1g
UCY-yxghMRVLdtQwYtRxtUPQ,@sssabiii2,24,2年,Member (2 years),,不明,,,1,1,0,2026-10-02 20:00,2026-10-02 20:00,,,https://www.youtube.com/channel/UCY-yxghMRVLdtQwYtRxtUPQ
UCyQzFTfUllb-LCF6tedn_Lw,@矢野-f8n,24,2年,Member (2 years),,不明,,,1,3,0,2026-10-02 20:00,2026-10-02 20:00,,,https://www.youtube.com/channel/UCyQzFTfUllb-LCF6tedn_Lw
UC5ZmkW5EdizBs_KEp55vA6Q,@ゆうる-h5z,24,2年,Member (2 years),,不明,,,1,1,0,2026-10-02 20:00,2026-10-02 20:00,,,https://www.youtube.com/channel/UC5ZmkW5EdizBs_KEp55vA6Q
UCPPNCGkf5u7pv54w3653YTA,@sonow965,24,2年,Member (2 years),,不明,,,1,5,0,2026-10-02 20:00,2026-10-02 20:00,,,https://www.youtube.com/channel/UCPPNCGkf5u7pv54w3653YTA
UCRsDBbtTg2aQfbJTb7Ja0wA,@藤月ふじつき,24,2年,Member (2 years),,不明,,,1,1,0,2026-10-02 20:00,2026-10-02 20:00,,,https://www.youtube.com/channel/UCRsDBbtTg2aQfbJTb7Ja0wA
UC0c29IONYDgMo6V9CiupTjA,@ラク_58,24,2年,Member (2 years),,不明,,,1,1,0,2026-10-02 20:00,2026-10-02 20:00,,,https://www.youtube.com/channel/UC0c29IONYDgMo6V9CiupTjA
UCGjFnUb2AmHqrVgWHFk5_MQ,@carebearslovelove,24,2年,Member (2 years),,不明,,,1,1,0,2026-10-02 20:00,2026-10-02 20:00,,,https://www.youtube.com/channel/UCGjFnUb2AmHqrVgWHFk5_MQ
UCzncBdY13FiUfUPhOIA0QyA,@しのだまり-j4s,24,2年,Member (2 years),,不明,,,1,4,0,2026-10-02 20:00,2026-10-02 20:00,,,https://www.youtube.com/channel/UCzncBdY13FiUfUPhOIA0QyA
UCSa4MYkNl9JjyPQz05D7Fqg,@あつあつイルカ,24,2年,Member (2 years),,不明,,,1,1,0,2026-10-02 20:00,2026-10-02 20:00,,,https://www.youtube.com/channel/UCSa4MYkNl9JjyPQz05D7Fqg
UCnUREUS6ehtlfHCmmHIFWdg,@Sakunohi,24,2年,Member (2 years),,不明,,,1,1,0,2026-10-02 20:00,2026-10-02 20:00,,,https://www.youtube.com/channel/UCnUREUS6ehtlfHCmmHIFWdg
UCRcRLl-engteb4xexmnTTuQ,@don-丼みかん,24,2年,Member (2 years),,不明,,,1,1,0,2026-10-02 20:00,2026-10-02 20:00,,,https://www.youtube.com/channel/UCRcRLl-engteb4xexmnTTuQ
UCbr7tsUfBf-J3UsV_c5-OGg,@水分-j3l,24,2年,Member (2 years),,不明,,,1,1,0,2026-10-02 20:00,2026-10-02 20:00,,,https://www.youtube.com/channel/UCbr7tsUfBf-J3UsV_c5-OGg
UCh0rB-P1H4MKBuszu5tvYWA,@soyoneko,24,2年,Member (2 years),,不明,,,1,1,0,2026-10-02 20:00,2026-10-02 20:00,,,https://www.youtube.com/channel/UCh0rB-P1H4MKBuszu5tvYWA
UCDTNExy9BPmvlNLpSVFRIPw,@はくう-h2m,24,2年,Member (2 years),,不明,,,1,2,0,2026-10-02 20:00,2026-10-02 20:00,,,https://www.youtube.com/channel/UCDTNExy9BPmvlNLpSVFRIPw
UCmoSxbfPRtcdIVT0t5M2i-A,@おにみこ,24,2年,Member (2 years),,不明,,,1,1,0,2026-10-02 20:00,2026-10-02 20:00,,,https://www.youtube.com/channel/UCmoSxbfPRtcdIVT0t5M2i-A
UCVAoPqqm6lotiOnhesipTqQ,@oまさきo,24,2年,Member (2 years),,不明,,,1,1,0,2026-10-02 20:00,2026-10-02 20:00,,,https://www.youtube.com/channel/UCVAoPqqm6lotiOnhesipTqQ
UCaLIDg4KjWEVBIJ-cCiUn6w,@sssssss1eh,24,2年,Member (2 years),,不明,,,1,1,0,2026-10-02 20:00,2026-10-02 20:00,,,https://www.youtube.com/channel/UCaLIDg4KjWEVBIJ-cCiUn6w
UCdCQXCmTalR7uEAoIAtlZNQ,@わおん-r7f,24,2年,Member (2 years),,不明,,,1,1,0,2026-10-02 20:00,2026-10-02 20:00,,,https://www.youtube.com/channel/UCdCQXCmTalR7uEAoIAtlZNQ
UCvqJ6TdECu5wSNPASbiqD_Q,@柴犬太郎-g3x,24,2年,Member (2 years),,不明,,,1,1,0,2026-10-02 20:00,2026-10-02 20:00,,,https://www.youtube.com/channel/UCvqJ6TdECu5wSNPASbiqD_Q
UCUprabA4_ufn5OmUu1sRj4g,@DD-112h4y,24,2年,Member (2 years),,不明,,,1,1,1,2026-10-02 22:30,2026-10-02 22:30,,,https://www.youtube.com/channel/UCUprabA4_ufn5OmUu1sRj4g
UCLGiZ_IkmsubMVvEEV0qp_Q,@OpyokoO,24,2年,Member (2 years),,不明,,,1,1,1,2026-10-02 22:30,2026-10-02 22:30,,,https://www.youtube.com/channel/UCLGiZ_IkmsubMVvEEV0qp_Q
UCrY5S9NyXC7D0cnQ3nCv02g,@あいざわざくろ,24,2年,Member (2 years),,不明,,,1,1,0,2026-10-02 22:30,2026-10-02 22:30,,,https://www.youtube.com/channel/UCrY5S9NyXC7D0cnQ3nCv02g
UCLGtPemkFQyFucLFc3137yA,@manonon_su,24,2年,Member (2 years),,不明,,,1,3,0,2026-10-02 22:30,2026-10-02 22:30,,,https://www.youtube.com/channel/UCLGtPemkFQyFucLFc3137yA
UCb0Z53pL2mowtXO9wkJNIYg,@hituki3582,24,2年,Member (2 years),,不明,,,1,1,0,2026-10-02 22:30,2026-10-02 22:30,,,https://www.youtube.com/channel/UCb0Z53pL2mowtXO9wkJNIYg
UCc3gxQ7PYuP_AWzq2DXSX_Q,@クロカミ_一般通過轟打民,24,2年,Member (2 years),,不明,,,1,5,0,2026-10-02 22:30,2026-10-02 22:30,,,https://www.youtube.com/channel/UCc3gxQ7PYuP_AWzq2DXSX_Q
UC8SKTRyVFdDthtGTUgMfX-Q,@fen1469,24,2年,Member (2 years),,不明,,,1,2,0,2026-10-02 22:30,2026-10-02 22:30,,,https://www.youtube.com/channel/UC8SKTRyVFdDthtGTUgMfX-Q
UCK_okyPH1cbK0JUUxNo75Gw,@dolphin9585,24,2年,Member (2 years),,不明,,,1,1,0,2026-10-02 22:30,2026-10-02 22:30,,,https://www.youtube.com/channel/UCK_okyPH1cbK0JUUxNo75Gw
UCle8-PjwQsYqRVcsd_m_I2A,@白金いつき,24,2年,Member (2 years),,不明,,,1,1,0,2026-10-02 22:30,2026-10-02 22:30,,,https://www.youtube.com/channel/UCle8-PjwQsYqRVcsd_m_I2A
UCIpXPD2qoZlQmS1kT-yT_1w,@みゆう-miy,24,2年,Member (2 years),,不明,,,1,1,1,2026-10-02 22:30,2026-10-02 22:30,,,https://www.youtube.com/channel/UCIpXPD2qoZlQmS1kT-yT_1w
UCzTkv6fSKJ1DDosYsGXwGBQ,@ゆりっぺ-j3u,24,2年,Member (2 years),,不明,,,1,1,0,2026-10-02 22:30,2026-10-02 22:30,,,https://www.youtube.com/channel/UCzTkv6fSKJ1DDosYsGXwGBQ
UCyK9cafGrOu7xF8xVi03UnQ,@ヒヅキ-u4m,24,2年,Member (2 years),,不明,,,1,1,0,2026-10-02 22:30,2026-10-02 22:30,,,https://www.youtube.com/channel/UCyK9cafGrOu7xF8xVi03UnQ
UCg5oUXeanibCgDeqSSOJm1Q,@ミシシッピ,24,2年,Member (2 years),,不明,,,1,2,0,2026-10-02 22:30,2026-10-02 22:30,,,https://www.youtube.com/channel/UCg5oUXeanibCgDeqSSOJm1Q
UCowMKw-plO1Rk8Oe83JW63w,@みみみ-k1l3d,24,2年,Member (2 years),,不明,,,1,3,0,2026-10-02 22:30,2026-10-02 22:30,,,https://www.youtube.com/channel/UCowMKw-plO1Rk8Oe83JW63w
UCgTmcGfk8eJwRT80LKUsHVg,@さかなの煮付け-00ffff,24,2年,Member (2 years),,不明,,,1,4,0,2026-10-02 22:30,2026-10-02 22:30,,,https://www.youtube.com/channel/UCgTmcGfk8eJwRT80LKUsHVg
UCt-Jctweu4G-W398mXLrh3g,@ペリドットテルリ,24,2年,Member (2 years),,不明,,,1,7,0,2026-10-02 22:30,2026-10-02 22:30,,,https://www.youtube.com/channel/UCt-Jctweu4G-W398mXLrh3g
UCZ3xF-_cjWMZjRkM7lY0hkw,@ひめり-b7q,24,2年,Member (2 years),,不明,,,1,1,0,2026-10-02 22:30,2026-10-02 22:30,,,https://www.youtube.com/channel/UCZ3xF-_cjWMZjRkM7lY0hkw
UCh8B0JY7PclYkJ5ifKpZmoA,@いちごのへた-z9m,24,2年,Member (2 years),,不明,,,1,1,0,2026-10-02 22:30,2026-10-02 22:30,,,https://www.youtube.com/channel/UCh8B0JY7PclYkJ5ifKpZmoA
UChkNKfKVSNjX4sthQWUgL6A,@雨鈴-q1y,24,2年,Member (2 years),,不明,,,1,1,0,2026-10-02 22:30,2026-10-02 22:30,,,https://www.youtube.com/channel/UChkNKfKVSNjX4sthQWUgL6A
UCIUOCzgCRf5v1rC_Q6BsYOg,@segaage,24,2年,Member (2 years),,不明,,,1,10,0,2026-10-02 22:30,2026-10-02 22:30,,,https://www.youtube.com/channel/UCIUOCzgCRf5v1rC_Q6BsYOg
UCjhupm3OWUMBIy-9rT3ptYw,@huuamuai,24,2年,Member (2 years),,不明,,,1,2,0,2026-10-02 22:30,2026-10-02 22:30,,,https://www.youtube.com/channel/UCjhupm3OWUMBIy-9rT3ptYw
UCe0-u6MLmISAM785yZWvUEQ,@まきと-1229,24,2年,Member (2 years),,不明,,,1,1,0,2026-10-02 22:30,2026-10-02 22:30,,,https://www.youtube.com/channel/UCe0-u6MLmISAM785yZWvUEQ
UCBkP2rh-Ejz1fYkusLoe3ZA,@雪うさぎ-e1m,24,2年,Member (2 years),,不明,,,1,1,0,2026-10-02 22:30,2026-10-02 22:30,,,https://www.youtube.com/channel/UCBkP2rh-Ejz1fYkusLoe3ZA
UCHDMKTheY7yH_T9D2gQ13NQ,@五百木瀬利いおきせり,24,2年,Member (2 years),,不明,,,1,4,0,2026-10-02 22:30,2026-10-02 22:30,,,https://www.youtube.com/channel/UCHDMKTheY7yH_T9D2gQ13NQ
UCaWChLJF24HDzteT8u0EYnw,@ChacFool,24,2年,Member (2 years),,不明,,,1,1,0,2026-10-02 22:30,2026-10-02 22:30,,,https://www.youtube.com/channel/UCaWChLJF24HDzteT8u0EYnw
UCOQ_RLHRwU1bPM1iFK_PHdQ,@あきら-e6s,24,2年,Member (2 years),,不明,,,1,1,0,2026-10-02 22:30,2026-10-02 22:30,,,https://www.youtube.com/channel/UCOQ_RLHRwU1bPM1iFK_PHdQ
UCiA0qomSqWglViIL0uPCAfw,@sechan0902,24,2年,Member (2 years),,不明,,,1,1,0,2026-10-02 22:30,2026-10-02 22:30,,,https://www.youtube.com/channel/UCiA0qomSqWglViIL0uPCAfw
UCXnP4JBmn-EyX56MgJQYTCQ,@muru-72,24,2年,Member (2 years),,不明,,,1,1,0,2026-10-02 22:30,2026-10-02 22:30,,,https://www.youtube.com/channel/UCXnP4JBmn-EyX56MgJQYTCQ
UCcKxjNtGpQYnHwBZDjYHpeQ,@相模晴秋,24,2年,Member (2 years),,不明,,,1,1,0,2026-10-02 22:30,2026-10-02 22:30,,,https://www.youtube.com/channel/UCcKxjNtGpQYnHwBZDjYHpeQ
UCWGIUflXCM3X6omjD5k_dtQ,@塩こんぶ3,24,2年,Member (2 years),,不明,,,1,2,0,2026-10-02 22:30,2026-10-02 22:30,,,https://www.youtube.com/channel/UCWGIUflXCM3X6omjD5k_dtQ
UCZEK3TQF3o2M9b-L1hl7vfw,@クルミパンダ,24,2年,Member (2 years),,不明,,,1,1,0,2026-10-02 22:30,2026-10-02 22:30,,,https://www.youtube.com/channel/UCZEK3TQF3o2M9b-L1hl7vfw
UCotBBQIA8OaUYzjrsE-WibA,@シャムロック-s2q,24,2年,Member (2 years),,不明,,,1,1,0,2026-10-02 22:30,2026-10-02 22:30,,,https://www.youtube.com/channel/UCotBBQIA8OaUYzjrsE-WibA
UC2YsXcXJrvYNPqTV_Qzyxiw,@MOMOKA-fi1px,24,2年,Member (2 years),,不明,,,1,1,1,2026-10-02 22:30,2026-10-02 22:30,,,https://www.youtube.com/channel/UC2YsXcXJrvYNPqTV_Qzyxiw
UCEw4Q50O7jAvdyPSgeKs2BQ,@よみち-i5k,24,2年,Member (2 years),,不明,,,1,1,1,2026-10-02 22:30,2026-10-02 22:30,,,https://www.youtube.com/channel/UCEw4Q50O7jAvdyPSgeKs2BQ
UCuMa8sVFUquXXlh1PupNx_Q,@梔織,24,2年,Member (2 years),,不明,,,1,1,1,2026-10-02 22:30,2026-10-02 22:30,,,https://www.youtube.com/channel/UCuMa8sVFUquXXlh1PupNx_Q
UCLTeAJRV856X5h3XbD9-K4A,@お犬様の下僕,24,2年,Member (2 years),,不明,,,1,1,0,2026-10-02 22:30,2026-10-02 22:30,,,https://www.youtube.com/channel/UCLTeAJRV856X5h3XbD9-K4A
UCqsn-1gvbnAXJHM8BEV1jaA,@user-sakimaru,24,2年,Member (2 years),,不明,,,1,1,1,2026-10-02 22:30,2026-10-02 22:30,,,https://www.youtube.com/channel/UCqsn-1gvbnAXJHM8BEV1jaA
UCiFPMorvapNIyI-v3Zm8UTg,@セラ-e3i,24,2年,Member (2 years),,不明,,,1,1,1,2026-10-02 22:30,2026-10-02 22:30,,,https://www.youtube.com/channel/UCiFPMorvapNIyI-v3Zm8UTg
UCbazePNx2Im9HbXd7eZoYBA,@アセロラパーティ,24,2年,Member (2 years),,不明,,,1,1,1,2026-10-02 22:30,2026-10-02 22:30,,,https://www.youtube.com/channel/UCbazePNx2Im9HbXd7eZoYBA
UCCaGz5p9MNBVFGmLAt78e5Q,@苺大福-x4e,24,2年,Member (2 years),,不明,,,1,1,0,2026-10-02 22:30,2026-10-02 22:30,,,https://www.youtube.com/channel/UCCaGz5p9MNBVFGmLAt78e5Q
UCNkxscr-Gq1-9CitkHXeq_g,@縁_en,24,2年,Member (2 years),,不明,,,1,1,0,2026-10-02 22:30,2026-10-02 22:30,,,https://www.youtube.com/channel/UCNkxscr-Gq1-9CitkHXeq_g
UCmP1pc-dep-_QJS4R4E555A,@ao_shippu,24,2年,Member (2 years),,不明,,,1,1,0,2026-10-02 22:30,2026-10-02 22:30,,,https://www.youtube.com/channel/UCmP1pc-dep-_QJS4R4E555A
UC2EFknpKo8BdtD9a3GmSsBQ,@くじらいむ,24,2年,Member (2 years),,不明,,,1,1,0,2026-10-02 22:30,2026-10-02 22:30,,,https://www.youtube.com/channel/UC2EFknpKo8BdtD9a3GmSsBQ
UCwHMIWN1e7n7H15_ShLVaEA,@Hanami_4262,24,2年,Member (2 years),,不明,,,1,1,1,2026-10-02 22:30,2026-10-02 22:30,,,https://www.youtube.com/channel/UCwHMIWN1e7n7H15_ShLVaEA
UCO6kssVBQTK2MqgGBMAP7cg,@コワネ,24,2年,Member (2 years),,不明,,,1,1,0,2026-10-02 22:30,2026-10-02 22:30,,,https://www.youtube.com/channel/UCO6kssVBQTK2MqgGBMAP7cg
UCGHYBbFwTQMIlz6AjDwLWkw,@かや-n1z,24,2年,Member (2 years),,不明,,,1,2,1,2026-10-04 22:30,2026-10-04 22:30,,,https://www.youtube.com/channel/UCGHYBbFwTQMIlz6AjDwLWkw
UCyGnD7w53Ff1_gT-ao5OiGg,@ばなな-u3b,24,2年,Member (2 years),,不明,,,1,1,0,2026-10-04 22:30,2026-10-04 22:30,,,https://www.youtube.com/channel/UCyGnD7w53Ff1_gT-ao5OiGg
UCXQBPQ6VXYrWJDNj6sfJs-g,@popo-dp7pb,24,2年,Member (2 years),,不明,,,1,1,0,2026-10-04 22:30,2026-10-04 22:30,,,https://www.youtube.com/channel/UCXQBPQ6VXYrWJDNj6sfJs-g
UCyX-ysgYhLu5nwFdHtmMLLA,@ミツバ-d5o,24,2年,Member (2 years),,不明,,,1,1,0,2026-10-04 22:30,2026-10-04 22:30,,,https://www.youtube.com/channel/UCyX-ysgYhLu5nwFdHtmMLLA
UCIoX0XTNSPzXBoXq5lpV62Q,@利紗-o3b,24,2年,Member (2 years),,不明,,,1,1,0,2026-10-04 22:30,2026-10-04 22:30,,,https://www.youtube.com/channel/UCIoX0XTNSPzXBoXq5lpV62Q
UCkaZY5RQ_2mbMY941hyuQlg,@九十九津夏-m4y,24,2年,Member (2 years),,不明,,,1,1,0,2026-10-04 22:30,2026-10-04 22:30,,,https://www.youtube.com/channel/UCkaZY5RQ_2mbMY941hyuQlg
UCsKTjN45LlBEKIAty_Oamsg,@あすてゃ_xxxhk,24,2年,Member (2 years),,不明,,,1,3,0,2026-10-04 22:30,2026-10-04 22:30,,,https://www.youtube.com/channel/UCsKTjN45LlBEKIAty_Oamsg
UCvdlVaf0y48sbGpuVJnS25A,@りょこぅ,24,2年,Member (2 years),,不明,,,1,5,0,2026-10-04 22:30,2026-10-04 22:30,,,https://www.youtube.com/channel/UCvdlVaf0y48sbGpuVJnS25A
UC20VKVgjykO-ZcdDD4urjjA,@こんとん-autum,24,2年,Member (2 years),,不明,,,1,23,0,2026-10-04 22:30,2026-10-04 22:30,,,https://www.youtube.com/channel/UC20VKVgjykO-ZcdDD4urjjA
UCO6zULD_yWL5llx2oEDS29Q,@ミラ-mira-i9x,24,2年,Member (2 years),,不明,,,1,1,0,2026-10-04 22:30,2026-10-04 22:30,,,https://www.youtube.com/channel/UCO6zULD_yWL5llx2oEDS29Q
UCJNmTdCfio9HoPXJm9yEvwQ,@ばさし-z2v,24,2年,Member (2 years),,不明,,,1,81,0,2026-10-04 22:30,2026-10-04 22:30,,,https://www.youtube.com/channel/UCJNmTdCfio9HoPXJm9yEvwQ
UCQlXMBVps69Mngd29iPy9mw,@try2916,24,2年,Member (2 years),,不明,,,1,12,0,2026-10-04 22:30,2026-10-04 22:30,,,https://www.youtube.com/channel/UCQlXMBVps69Mngd29iPy9mw
UCZNTjeU8FbWjMnR2IAoDXgQ,@ぽて-b8p,24,2年,Member (2 years),,不明,,,1,3,0,2026-10-04 22:30,2026-10-04 22:30,,,https://www.youtube.com/channel/UCZNTjeU8FbWjMnR2IAoDXgQ
UCnGnpGp8spuok-QdgDCPmJQ,@クラクル-f3c,24,2年,Member (2 years),,不明,,,1,5,0,2026-10-04 22:30,2026-10-04 22:30,,,https://www.youtube.com/channel/UCnGnpGp8spuok-QdgDCPmJQ
UCM8ig1XXKi4iM954Mym7rRw,@Ttbn426,24,2年,Member (2 years),,不明,,,1,1,0,2026-10-04 22:30,2026-10-04 22:30,,,https://www.youtube.com/channel/UCM8ig1XXKi4iM954Mym7rRw
UC4EDUnOxZL1ATgOl5ZeL6iQ,@にゃんだばt8p-q1g,24,2年,Member (2 years),,不明,,,1,1,0,2026-10-04 22:30,2026-10-04 22:30,,,https://www.youtube.com/channel/UC4EDUnOxZL1ATgOl5ZeL6iQ
UCklpHsd4RyZVfQLdb0HeqrA,@腐ゴミヨシノ,24,2年,Member (2 years),,不明,,,1,1,0,2026-10-04 22:30,2026-10-04 22:30,,,https://www.youtube.com/channel/UCklpHsd4RyZVfQLdb0HeqrA
UCqoY-FBymiDYyU07SYJmPYw,@煉獄さんタキ,24,2年,Member (2 years),,不明,,,1,1,0,2026-10-04 22:30,2026-10-04 22:30,,,https://www.youtube.com/channel/UCqoY-FBymiDYyU07SYJmPYw
UCsYKlQb66URBGcyrdLuLcIQ,@七瀬瑞希-i1p,24,2年,Member (2 years),,不明,,,1,1,0,2026-10-04 22:30,2026-10-04 22:30,,,https://www.youtube.com/channel/UCsYKlQb66URBGcyrdLuLcIQ
UCfQuyFFOOQsCBFFsUvQJACA,@限界社畜太郎,24,2年,Member (2 years),,不明,,,1,2,0,2026-10-04 22:30,2026-10-04 22:30,,,https://www.youtube.com/channel/UCfQuyFFOOQsCBFFsUvQJACA
UCVqzAX63YlZCU4cW6yokRkQ,@fanhoyan317,24,2年,Member (2 years),,不明,,,1,2,0,2026-10-04 22:30,2026-10-04 22:30,,,https://www.youtube.com/channel/UCVqzAX63YlZCU4cW6yokRkQ
UCjWXT7LPgRve66lrZ-qAMjg,@艶葉木,24,2年,Member (2 years),,不明,,,1,1,0,2026-10-04 22:30,2026-10-04 22:30,,,https://www.youtube.com/channel/UCjWXT7LPgRve66lrZ-qAMjg
UCbaqlBzTMOw1nONqA0IJaxQ,@AkaZa_YIx220,24,2年,Member (2 years),,不明,,,1,1,0,2026-10-04 22:30,2026-10-04 22:30,,,https://www.youtube.com/channel/UCbaqlBzTMOw1nONqA0IJaxQ
UCAeBqx3NKyFe9MbFRyf1TPA,@yayoi9067,24,2年,Member (2 years),,不明,,,1,1,0,2026-10-04 22:30,2026-10-04 22:30,,,https://www.youtube.com/channel/UCAeBqx3NKyFe9MbFRyf1TPA
UCFlB8RWQnpA6afW-N9pt3DQ,@うめ_213,24,2年,Member (2 years),,不明,,,1,93,0,2026-10-04 22:30,2026-10-04 22:30,,,https://www.youtube.com/channel/UCFlB8RWQnpA6afW-N9pt3DQ
UC6WMlJW063AZit_ltENxICQ,@冷凍ヨーグルト,24,2年,Member (2 years),,不明,,,1,4,0,2026-10-04 22:30,2026-10-04 22:30,,,https://www.youtube.com/channel/UC6WMlJW063AZit_ltENxICQ
UC_eZG0zCxO4QIqv89bDg8uw,@shiranui_Jack,24,2年,Member (2 years),,不明,,,1,21,0,2026-10-04 22:30,2026-10-04 22:30,,,https://www.youtube.com/channel/UC_eZG0zCxO4QIqv89bDg8uw
UCsZ5_N8pxOiMix8xrKe_UIA,@カッシー-p6y,24,2年,Member (2 years),,不明,,,1,4,0,2026-10-04 22:30,2026-10-04 22:30,,,https://www.youtube.com/channel/UCsZ5_N8pxOiMix8xrKe_UIA
UCnjcJ6-BXFdcshnlILw9PiQ,@サバ缶-d9r,24,2年,Member (2 years),,不明,,,1,1,0,2026-10-04 22:30,2026-10-04 22:30,,,https://www.youtube.com/channel/UCnjcJ6-BXFdcshnlILw9PiQ
UCKhPxzJRX8Xav27YcOb3u2Q,@近藤了子,24,2年,Member (2 years),,不明,,,1,1,0,2026-10-04 22:30,2026-10-04 22:30,,,https://www.youtube.com/channel/UCKhPxzJRX8Xav27YcOb3u2Q
UCqET8UrPZNZ9l7QjcGuq67w,@東雲冥-02,24,2年,Member (2 years),,不明,,,1,1,1,2026-10-04 22:30,2026-10-04 22:30,,,https://www.youtube.com/channel/UCqET8UrPZNZ9l7QjcGuq67w
UCDuH9PiD1_RnnXjzQxUO7ag,@あむ-y4r,24,2年,Member (2 years),,不明,,,1,2,0,2026-10-04 22:30,2026-10-04 22:30,,,https://www.youtube.com/channel/UCDuH9PiD1_RnnXjzQxUO7ag
UCSTk1Yg1UGJQ7qb4wkS4nsg,@Regulus-b3c,24,2年,Member (2 years),,不明,,,1,1,0,2026-10-04 22:30,2026-10-04 22:30,,,https://www.youtube.com/channel/UCSTk1Yg1UGJQ7qb4wkS4nsg
UCLaWxKFOVdmumClKUbOyjKg,@カノ-e5z,24,2年,Member (2 years),,不明,,,1,1,0,2026-10-04 22:30,2026-10-04 22:30,,,https://www.youtube.com/channel/UCLaWxKFOVdmumClKUbOyjKg
UCCB9OZyILw73Y_1OgG8u6aA,@しぃまお,24,2年,Member (2 years),,不明,,,1,1,0,2026-10-04 22:30,2026-10-04 22:30,,,https://www.youtube.com/channel/UCCB9OZyILw73Y_1OgG8u6aA
UCp0OeNtOvkkeeJBsaOf-Z0A,@ルヴェーグ,24,2年,Member (2 years),,不明,,,1,1,0,2026-10-04 22:30,2026-10-04 22:30,,,https://www.youtube.com/channel/UCp0OeNtOvkkeeJBsaOf-Z0A
UCC5uXOuJXmv4TOvQsL8Z6sQ,@リュゲル-j3t,24,2年,Member (2 years),,不明,,,1,1,0,2026-10-04 22:30,2026-10-04 22:30,,,https://www.youtube.com/channel/UCC5uXOuJXmv4TOvQsL8Z6sQ
UC8tdgDSPbEwMhEKmkpPkmfQ,@ばっくむーん,24,2年,Member (2 years),,不明,,,1,2,0,2026-10-04 22:30,2026-10-04 22:30,,,https://www.youtube.com/channel/UC8tdgDSPbEwMhEKmkpPkmfQ
UCQdvWKmv8binrfcY_fmrGqQ,@いづ-w7k,24,2年,Member (2 years),,不明,,,1,1,0,2026-10-04 22:30,2026-10-04 22:30,,,https://www.youtube.com/channel/UCQdvWKmv8binrfcY_fmrGqQ
UCMPdeDUBmGe6oVABlbTwcBA,@いもなり-potato_0709imo,24,2年,Member (2 years),,不明,,,1,1,0,2026-10-04 22:30,2026-10-04 22:30,,,https://www.youtube.com/channel/UCMPdeDUBmGe6oVABlbTwcBA
UCRtsTGEfjuj79ohexIuShtg,@tottoko-torito,24,2年,Member (2 years),,不明,,,1,1,0,2026-10-04 22:30,2026-10-04 22:30,,,https://www.youtube.com/channel/UCRtsTGEfjuj79ohexIuShtg
UCjqbIx5lec29apr_h51zYxA,@キャラメルミルク-00,24,2年,Member (2 years),,不明,,,1,7,2,2026-10-04 22:30,2026-10-04 22:30,,,https://www.youtube.com/channel/UCjqbIx5lec29apr_h51zYxA
UCYn7y4mCrAAdc_tr28r8HWQ,@きんつば-w1s,24,2年,Member (2 years),,不明,,,1,2,0,2026-10-04 22:30,2026-10-04 22:30,,,https://www.youtube.com/channel/UCYn7y4mCrAAdc_tr28r8HWQ
UC_1KRn47I_Fgqw0VaXTjsjQ,@ウヌャニュペェィギュゥリュ星人-smc,24,2年,Member (2 years),,不明,,,1,1,0,2026-10-04 22:30,2026-10-04 22:30,,,https://www.youtube.com/channel/UC_1KRn47I_Fgqw0VaXTjsjQ
UCpiR0BD8r2b2TmcEZOnh5Ww,@桜庭紫苑-k5c,24,2年,Member (2 years),,不明,,,1,2,0,2026-10-04 22:30,2026-10-04 22:30,,,https://www.youtube.com/channel/UCpiR0BD8r2b2TmcEZOnh5Ww
UChRIvl5cRLOzq8fI-q0q0PA,@伊勢えび-t6x,24,2年,Member (2 years),,不明,,,1,1,0,2026-10-04 22:30,2026-10-04 22:30,,,https://www.youtube.com/channel/UChRIvl5cRLOzq8fI-q0q0PA
UCAMRdC3IngUZN0ovyYL52Og,@ラッコ-z4q,24,2年,Member (2 years),,不明,,,1,1,0,2026-10-04 22:30,2026-10-04 22:30,,,https://www.youtube.com/channel/UCAMRdC3IngUZN0ovyYL52Og
UCTMjKxdbhYbzNyJVPc0GX_g,@アズリア.A,24,2年,Member (2 years),,不明,,,1,1,0,2026-10-04 22:30,2026-10-04 22:30,,,https://www.youtube.com/channel/UCTMjKxdbhYbzNyJVPc0GX_g
UCFvRh-47gXWl6Ylx_vJst6A,@TheOcean39,24,2年,Member (2 years),,不明,,,1,1,1,2026-10-04 22:30,2026-10-04 22:30,,,https://www.youtube.com/channel/UCFvRh-47gXWl6Ylx_vJst6A
UC3W9q-fgvV5O2Ii94IGfEBA,@アネモネ-i4f,24,2年,Member (2 years),,不明,,,1,1,0,2026-10-05 22:30,2026-10-05 22:30,,,https://www.youtube.com/channel/UC3W9q-fgvV5O2Ii94IGfEBA
UCpGDkd4gXg4-zEiIsE64Gwg,@minkyみんきぃ,24,2年,Member (2 years),,不明,,,1,1,0,2026-10-05 22:30,2026-10-05 22:30,,,https://www.youtube.com/channel/UCpGDkd4gXg4-zEiIsE64Gwg
UCt9jg1xFKAjJcwmTp1yxT6Q,@dustNull,24,2年,Member (2 years),,不明,,,1,1,0,2026-10-05 22:30,2026-10-05 22:30,,,https://www.youtube.com/channel/UCt9jg1xFKAjJcwmTp1yxT6Q
UCTDFqdjXd98BifRZa7gBfgA,@0-0かずし,24,2年,Member (2 years),,不明,,,1,1,0,2026-10-05 22:30,2026-10-05 22:30,,,https://www.youtube.com/channel/UCTDFqdjXd98BifRZa7gBfgA
UCaZ-5qN-vucGikzyvaMLhuA,@いーたん-p4n,24,2年,Member (2 years),,不明,,,1,18,0,2026-10-05 22:30,2026-10-05 22:30,,,https://www.youtube.com/channel/UCaZ-5qN-vucGikzyvaMLhuA
UCiHBx7yDEqs0INpH0ZDiCbQ,@miyukyanxxx,24,2年,Member (2 years),,不明,,,1,2,0,2026-10-05 22:30,2026-10-05 22:30,,,https://www.youtube.com/channel/UCiHBx7yDEqs0INpH0ZDiCbQ
UC6d9mWlNB4vKBGtk-HQfCXA,@七音_naoto3520,24,2年,Member (2 years),,不明,,,1,1,0,2026-10-05 22:30,2026-10-05 22:30,,,https://www.youtube.com/channel/UC6d9mWlNB4vKBGtk-HQfCXA
UChlXpLcMXKgRPXHGdT_EE-w,@夜長月-w9t,24,2年,Member (2 years),,不明,,,1,2,0,2026-10-05 22:30,2026-10-05 22:30,,,https://www.youtube.com/channel/UChlXpLcMXKgRPXHGdT_EE-w
UCV96iFS50vO9ZQUuGSqo0_Q,@HEPPON-ヘッポン,24,2年,Member (2 years),,不明,,,1,38,0,2026-10-05 22:30,2026-10-05 22:30,,,https://www.youtube.com/channel/UCV96iFS50vO9ZQUuGSqo0_Q
UCxU_OSJE_kjrNwEh_e7HW4A,@柊ゆうか,24,2年,Member (2 years),,不明,,,1,1,0,2026-10-05 22:30,2026-10-05 22:30,,,https://www.youtube.com/channel/UCxU_OSJE_kjrNwEh_e7HW4A
UCOIHwNP4ss7GTt5VSJllF1w,@式見仁,24,2年,Member (2 years),,不明,,,1,6,0,2026-10-05 22:30,2026-10-05 22:30,,,https://www.youtube.com/channel/UCOIHwNP4ss7GTt5VSJllF1w
UCJiT8CGoHIYqsDiS990VJWQ,@ZQinKibie,24,2年,Member (2 years),,不明,,,1,2,0,2026-10-05 22:30,2026-10-05 22:30,,,https://www.youtube.com/channel/UCJiT8CGoHIYqsDiS990VJWQ
UC039sTOmSJhFxIzGyn3uCUw,@nukamin_,24,2年,Member (2 years),,不明,,,1,1,0,2026-10-05 22:30,2026-10-05 22:30,,,https://www.youtube.com/channel/UC039sTOmSJhFxIzGyn3uCUw
UCAtvLjatjFw6ZjuLQen9d1A,@A4AC20,24,2年,Member (2 years),,不明,,,1,1,0,2026-10-05 22:30,2026-10-05 22:30,,,https://www.youtube.com/channel/UCAtvLjatjFw6ZjuLQen9d1A
UCsfmwia82ko1C_Ner5ofAZA,@ouma1015,24,2年,Member (2 years),,不明,,,1,1,0,2026-10-05 22:30,2026-10-05 22:30,,,https://www.youtube.com/channel/UCsfmwia82ko1C_Ner5ofAZA
UCX8bu14d68SYoqrQ8tomthw,@かんむり_kanmuri,24,2年,Member (2 years),,不明,,,1,1,1,2026-10-05 22:30,2026-10-05 22:30,,,https://www.youtube.com/channel/UCX8bu14d68SYoqrQ8tomthw
UC8SXi_vCXahfeRKtJPzBvnA,@がぶがぶがむ,24,2年,Member (2 years),,不明,,,1,1,0,2026-10-05 22:30,2026-10-05 22:30,,,https://www.youtube.com/channel/UC8SXi_vCXahfeRKtJPzBvnA
UCC-B-HfgvXYrUCdazV9kC1A,@am-xt5wc,24,2年,Member (2 years),,不明,,,1,1,1,2026-10-05 22:30,2026-10-05 22:30,,,https://www.youtube.com/channel/UCC-B-HfgvXYrUCdazV9kC1A
UCrBz-wbNX3BNS6nZ45rG6bg,@やすは-t1c,24,2年,Member (2 years),,不明,,,1,1,0,2026-10-05 22:30,2026-10-05 22:30,,,https://www.youtube.com/channel/UCrBz-wbNX3BNS6nZ45rG6bg
UCBDG7Xw2Pw_ALkx2-hgSPWg,@jinnseikann,12,1年,Member (1 year),,不明,,,17,925,0,2026-09-08 22:31,2026-10-05 22:30,,,https://www.youtube.com/channel/UCBDG7Xw2Pw_ALkx2-hgSPWg
UChQyj3YWe1m5jSIRNaBsu6w,@AYUMI_mc,12,1年,Member (1 year),,不明,,,17,3683,10,2026-09-08 22:31,2026-10-05 22:30,,,https://www.youtube.com/channel/UChQyj3YWe1m5jSIRNaBsu6w
UCv2T9CDTA501LuUZ9LjkGyw,@ステラ_eim,12,1年,Member (1 year),,不明,,,17,511,0,2026-09-08 22:31,2026-10-05 22:30,,,https://www.youtube.com/channel/UCv2T9CDTA501LuUZ9LjkGyw
UCvQ3sQar56XQzDvBhDGB8Rg,@やせいのまめうし,12,1年,Member (1 year),,不明,,,17,1876,0,2026-09-08 22:31,2026-10-05 22:30,,,https://www.youtube.com/channel/UCvQ3sQar56XQzDvBhDGB8Rg
UC5EyqGAMKO95y9ocwd4QQPg,@Rina__61,12,1年,Member (1 year),,不明,,,17,401,10,2026-09-08 22:31,2026-10-05 22:30,,,https://www.youtube.com/channel/UC5EyqGAMKO95y9ocwd4QQPg
UCLyhj70i4qxcwPiye3scrAg,@AKI__777-t2z,12,1年,Member (1 year),,不明,,,17,422,2,2026-09-08 22:31,2026-10-05 22:30,,,https://www.youtube.com/channel/UCLyhj70i4qxcwPiye3scrAg
UCLRwfvICTD6xo6_4RVivVkw,@soratobe-v9e,12,1年,Member (1 year),,不明,,,17,191,0,2026-09-08 22:31,2026-10-05 22:30,,,https://www.youtube.com/channel/UCLRwfvICTD6xo6_4RVivVkw
UChbTMw4_rjIYR6_J6J1XqMg,@10111016,12,1年,Member (1 year),,不明,,,17,467,2,2026-09-08 22:31,2026-10-05 22:30,,,https://www.youtube.com/channel/UChbTMw4_rjIYR6_J6J1XqMg
UCljFABBTytTzaAIKUf5u3fw,@鰶-konoshiro,12,1年,Member (1 year),,不明,,,17,926,7,2026-09-08 22:31,2026-10-05 22:30,,,https://www.youtube.com/channel/UCljFABBTytTzaAIKUf5u3fw
UC73JLszcqDnL9gqXrpDvHcA,@えのぐ88,12,1年,Member (1 year),,不明,,,17,4180,0,2026-09-08 22:31,2026-10-05 22:30,,,https://www.youtube.com/channel/UC73JLszcqDnL9gqXrpDvHcA
UCS-ffAa1qoQZvf06SX3MRCQ,@ChivalryRomance,12,1年,Member (1 year),,不明,,,17,2333,1,2026-09-08 22:31,2026-10-05 22:30,,,https://www.youtube.com/channel/UCS-ffAa1qoQZvf06SX3MRCQ
UCCk3trmpVPILAMhOX1S9zpQ,@tomy310,12,1年,Member (1 year),,不明,,,17,459,0,2026-09-08 22:31,2026-10-05 22:30,,,https://www.youtube.com/channel/UCCk3trmpVPILAMhOX1S9zpQ
UCcXxES4S8aiaOLEB5vnFB1Q,@葵-gai,12,1年,Member (1 year),,不明,,,17,656,1,2026-09-08 22:31,2026-10-05 22:30,,,https://www.youtube.com/channel/UCcXxES4S8aiaOLEB5vnFB1Q
UCS0s7jdWHwokhODmnigajmg,@すき焼き-z6u,12,1年,Member (1 year),,不明,,,17,499,0,2026-09-08 22:31,2026-10-05 22:30,,,https://www.youtube.com/channel/UCS0s7jdWHwokhODmnigajmg
UC5dtVG7h0zppkB_-CtCq4LQ,@香車-g6e,12,1年,Member (1 year),,不明,,,17,132,0,2026-09-08 22:31,2026-10-05 22:30,,,https://www.youtube.com/channel/UC5dtVG7h0zppkB_-CtCq4LQ
UCsYxpim_kOqI4nS4I0NLDQQ,@よあけのめあ,12,1年,Member (1 year),,不明,,,17,1772,1,2026-09-08 22:31,2026-10-05 22:30,,,https://www.youtube.com/channel/UCsYxpim_kOqI4nS4I0NLDQQ
UCL9FFRocdfkkHxcce-5JiKA,@asa-ks3ng,12,1年,Member (1 year),,不明,,,16,285,0,2026-09-08 22:31,2026-10-05 22:30,,,https://www.youtube.com/channel/UCL9FFRocdfkkHxcce-5JiKA
UC9hKAkOr64KWK-XtzovGDWw,@Drops_チョコ,12,1年,Member (1 year),,不明,,,16,394,0,2026-09-08 22:31,2026-10-05 22:30,,,https://www.youtube.com/channel/UC9hKAkOr64KWK-XtzovGDWw
UCrroKn6dHQmKoY2o12H99ww,@咲衣-sai,12,1年,Member (1 year),,不明,,,16,636,4,2026-09-08 22:31,2026-10-05 22:30,,,https://www.youtube.com/channel/UCrroKn6dHQmKoY2o12H99ww
UC7cMLQWhLXlI6RopzfIQsBQ,@ヨッシー-i1p,12,1年,Member (1 year),,不明,,,16,2125,0,2026-09-08 22:31,2026-10-05 22:30,,,https://www.youtube.com/channel/UC7cMLQWhLXlI6RopzfIQsBQ
UC82-d8it6B7aUXHx4MyGgug,@ゆーきゆさきち-m1b,12,1年,Member (1 year),,不明,,,16,43,2,2026-09-08 22:31,2026-10-05 22:30,,,https://www.youtube.com/channel/UC82-d8it6B7aUXHx4MyGgug
UCn9Lon6vZfNt_xnUD-HFC_Q,@ゆきる_Yukiru,12,1年,Member (1 year),,不明,,,16,110,0,2026-09-08 22:31,2026-10-05 22:30,,,https://www.youtube.com/channel/UCn9Lon6vZfNt_xnUD-HFC_Q
UCdvhNRjIDIvhdKnoqnEvZUw,@hakujitsumu_miteru,12,1年,Member (1 year),,不明,,,16,273,5,2026-09-08 22:31,2026-10-05 22:30,,,https://www.youtube.com/channel/UCdvhNRjIDIvhdKnoqnEvZUw
UC-ZyzvAKaFOpuCpLq1mg6eA,@ゆうり-f9g,12,1年,Member (1 year),,不明,,,16,2256,2,2026-09-08 22:31,2026-10-05 22:30,,,https://www.youtube.com/channel/UC-ZyzvAKaFOpuCpLq1mg6eA
UCH6gKZO9jchCKGJVxkJFzgA,@さく-w2c7c,12,1年,Member (1 year),,不明,,,16,108,0,2026-09-08 22:31,2026-10-05 22:30,,,https://www.youtube.com/channel/UCH6gKZO9jchCKGJVxkJFzgA
UCLz2cj1PM6JjNMM3HLnPsUA,@kei-b2v,12,1年,Member (1 year),,不明,,,16,477,9,2026-09-08 22:31,2026-10-05 22:30,,,https://www.youtube.com/channel/UCLz2cj1PM6JjNMM3HLnPsUA
UCqWXJxaZrCsxG_WpNWAtRIQ,@志羅乃瑠衣,12,1年,Member (1 year),,不明,,,16,1114,1,2026-09-08 22:31,2026-10-05 22:30,,,https://www.youtube.com/channel/UCqWXJxaZrCsxG_WpNWAtRIQ
UCgOjr-dOK1n8rDFpKysFHmg,@アルクレイン,12,1年,Member (1 year),,不明,,,16,479,2,2026-09-08 22:31,2026-10-05 22:30,,,https://www.youtube.com/channel/UCgOjr-dOK1n8rDFpKysFHmg
UCxPgnWfM2eEZRIlIL_lFIWA,@tomotomo-w6y,12,1年,Member (1 year),,不明,,,16,842,0,2026-09-08 22:31,2026-10-05 22:30,,,https://www.youtube.com/channel/UCxPgnWfM2eEZRIlIL_lFIWA
UC2738Olmw8ieFb5M2jAKX8A,@ひい-g3x,12,1年,Member (1 year),,不明,,,16,197,8,2026-09-08 22:31,2026-10-05 22:30,,,https://www.youtube.com/channel/UC2738Olmw8ieFb5M2jAKX8A
UCf0iQgg0SXDg5KnOvXFWJAw,@ayatan_0910,12,1年,Member (1 year),,不明,,,16,540,0,2026-09-08 22:31,2026-10-05 22:30,,,https://www.youtube.com/channel/UCf0iQgg0SXDg5KnOvXFWJAw
UC3hp9U9zRuJ4Tg8NOIwGfNQ,@流依-x1o,12,1年,Member (1 year),,不明,,,16,164,0,2026-09-08 22:31,2026-10-05 22:30,,,https://www.youtube.com/channel/UC3hp9U9zRuJ4Tg8NOIwGfNQ
UCE0SdGR1mZyO-NWuOedpRMg,@なっとー-u2i,12,1年,Member (1 year),,不明,,,16,480,0,2026-09-08 22:31,2026-10-05 22:30,,,https://www.youtube.com/channel/UCE0SdGR1mZyO-NWuOedpRMg
UCIrUoHj1_MvI5dR3NviFz7w,@フルサワ_et,12,1年,Member (1 year),,不明,,,16,277,0,2026-09-08 22:31,2026-10-05 22:30,,,https://www.youtube.com/channel/UCIrUoHj1_MvI5dR3NviFz7w
UCJBKB0e8ts_Mm7u061zuywg,@Meg_tsubuan,12,1年,Member (1 year),,不明,,,16,1188,10,2026-09-08 22:31,2026-10-05 22:30,,,https://www.youtube.com/channel/UCJBKB0e8ts_Mm7u061zuywg
UCgRRmEGMyUhFDrZXNECUBaQ,@みつる-n9j,12,1年,Member (1 year),,不明,,,16,212,1,2026-09-08 22:31,2026-10-05 22:30,,,https://www.youtube.com/channel/UCgRRmEGMyUhFDrZXNECUBaQ
UCEtymjcCdNwhy5uW_eFjkXQ,@ぽた-potaj,12,1年,Member (1 year),,不明,,,15,1455,3,2026-09-08 22:31,2026-10-05 22:30,,,https://www.youtube.com/channel/UCEtymjcCdNwhy5uW_eFjkXQ
UCDyzH_zEv0-AAxskH6OXzdg,@はるか-p3z,12,1年,Member (1 year),,不明,,,15,229,0,2026-09-08 22:31,2026-10-05 22:30,,,https://www.youtube.com/channel/UCDyzH_zEv0-AAxskH6OXzdg
UC3niNbdYEFmIzCZm20ujMVg,@藍紗-aisa,12,1年,Member (1 year),,不明,,,15,193,2,2026-09-08 22:31,2026-10-05 22:30,,,https://www.youtube.com/channel/UC3niNbdYEFmIzCZm20ujMVg
UC5ic3i0COYvIQby0PFvjGQg,@はも-x2d,12,1年,Member (1 year),,不明,,,15,2075,2,2026-09-08 22:31,2026-10-05 22:30,,,https://www.youtube.com/channel/UC5ic3i0COYvIQby0PFvjGQg
UC5ufNF4_EWBYmLuOeFJElew,@sukisukidaisukiLovechuchu,12,1年,Member (1 year),,不明,,,15,139,0,2026-09-08 22:31,2026-10-05 22:30,,,https://www.youtube.com/channel/UC5ufNF4_EWBYmLuOeFJElew
UCxTIG1OWsHF4Btb8ea2uUvw,@よこやま_ym,12,1年,Member (1 year),,不明,,,15,300,0,2026-09-08 22:31,2026-10-05 22:30,,,https://www.youtube.com/channel/UCxTIG1OWsHF4Btb8ea2uUvw
UC7DvUHQHXFCzIBKkWENSYbg,@雨に降られたてるてる坊主,12,1年,Member (1 year),,不明,,,15,104,0,2026-09-08 22:31,2026-10-05 22:30,,,https://www.youtube.com/channel/UC7DvUHQHXFCzIBKkWENSYbg
UCNKUaJrWhhDJ_exFvlEHA5Q,@えぬすけ-s2w,12,1年,Member (1 year),,不明,,,15,85,0,2026-09-08 22:31,2026-10-05 22:30,,,https://www.youtube.com/channel/UCNKUaJrWhhDJ_exFvlEHA5Q
UCcqqaiSuvR6VQ7JKjAeANVw,@黎華-reika,12,1年,Member (1 year),,不明,,,15,43,0,2026-09-08 22:31,2026-10-05 22:30,,,https://www.youtube.com/channel/UCcqqaiSuvR6VQ7JKjAeANVw
UCDIhiNM_q7VZJDgQxi_MPWg,@jellyfish.tanukichi,12,1年,Member (1 year),,不明,,,15,1011,0,2026-09-08 22:31,2026-10-05 22:30,,,https://www.youtube.com/channel/UCDIhiNM_q7VZJDgQxi_MPWg
UCdA0ypTTI4r83U8u-nwGAQg,@aoikurozome-f1n,12,1年,Member (1 year),,不明,,,15,440,1,2026-09-08 22:31,2026-10-05 22:30,,,https://www.youtube.com/channel/UCdA0ypTTI4r83U8u-nwGAQg
UCoFaoQYCoWcH8BR0YvzJqjg,@のんたん-v2r,12,1年,Member (1 year),,不明,,,15,70,5,2026-09-08 22:31,2026-10-05 22:30,,,https://www.youtube.com/channel/UCoFaoQYCoWcH8BR0YvzJqjg
UCkBEn4ISu9j6-l2DUvKStwg,@推し活がとまらない,12,1年,Member (1 year),,不明,,,15,337,7,2026-09-08 22:31,2026-10-05 22:30,,,https://www.youtube.com/channel/UCkBEn4ISu9j6-l2DUvKStwg
UCP8ZvkwOi-rd32ElhH2TxNw,@杉浦_ひろ,12,1年,Member (1 year),,不明,,,15,185,0,2026-09-08 22:31,2026-10-05 22:30,,,https://www.youtube.com/channel/UCP8ZvkwOi-rd32ElhH2TxNw
UCoXDNq1iIQ8tXSb2vuy0i8Q,@秋山syo,12,1年,Member (1 year),,不明,,,15,365,6,2026-09-08 22:31,2026-10-05 22:30,,,https://www.youtube.com/channel/UCoXDNq1iIQ8tXSb2vuy0i8Q
UCmYzTFiaGFoongRH_3wHevA,@mokomoko6513,12,1年,Member (1 year),,不明,,,15,804,0,2026-09-08 22:31,2026-10-05 22:30,,,https://www.youtube.com/channel/UCmYzTFiaGFoongRH_3wHevA
UCN4qNQHMw7_B7Q_-8wRaqsw,@ひよう-m7u,12,1年,Member (1 year),,不明,,,15,2283,0,2026-09-08 22:31,2026-10-05 22:30,,,https://www.youtube.com/channel/UCN4qNQHMw7_B7Q_-8wRaqsw
UC6LXRH7VEo30hCWtesMVG3Q,@choco_latte16,12,1年,Member (1 year),,不明,,,15,83,1,2026-09-08 22:31,2026-10-05 22:30,,,https://www.youtube.com/channel/UC6LXRH7VEo30hCWtesMVG3Q
UC07ZXrYjE9I4EJ3F8lXliqQ,@ちゃもちゃもあちゃも,12,1年,Member (1 year),,不明,,,15,72,0,2026-09-08 22:31,2026-10-05 22:30,,,https://www.youtube.com/channel/UC07ZXrYjE9I4EJ3F8lXliqQ
UCzUgYfkgfU0AihMfEZSYa1w,@たまごサン,12,1年,Member (1 year),,不明,,,15,98,0,2026-09-08 22:31,2026-10-05 22:30,,,https://www.youtube.com/channel/UCzUgYfkgfU0AihMfEZSYa1w
UCtlZYw3Wy-EMUKhBq6HCzkQ,@KAORI2224,12,1年,Member (1 year),,不明,,,15,32,0,2026-09-08 22:31,2026-10-05 22:30,,,https://www.youtube.com/channel/UCtlZYw3Wy-EMUKhBq6HCzkQ
UC5GJqmgI0byN11qLrcObMmQ,@憂姉ちゃん,12,1年,Member (1 year),,不明,,,14,206,1,2026-09-08 22:31,2026-10-05 22:30,,,https://www.youtube.com/channel/UC5GJqmgI0byN11qLrcObMmQ
UCcGeB2UXOdSgKvLu8J5SWdQ,@Kowatari-q5x,12,1年,Member (1 year),,不明,,,14,513,0,2026-09-08 22:31,2026-10-05 22:30,,,https://www.youtube.com/channel/UCcGeB2UXOdSgKvLu8J5SWdQ
UCZoSoJs9vzB7U1PL5DjCGXA,@つづり-0602,12,1年,Member (1 year),,不明,,,14,674,10,2026-09-08 22:31,2026-10-05 22:30,,,https://www.youtube.com/channel/UCZoSoJs9vzB7U1PL5DjCGXA
UCk1PgmkiAX_hxCXBgA-ugKQ,@トモヒト.さん,12,1年,Member (1 year),,不明,,,14,64,0,2026-09-08 22:31,2026-10-05 22:30,,,https://www.youtube.com/channel/UCk1PgmkiAX_hxCXBgA-ugKQ
UCLnNOyMNbGCUrlpW0755Jig,@猫田0w0,12,1年,Member (1 year),,不明,,,14,402,0,2026-09-08 22:31,2026-10-05 22:30,,,https://www.youtube.com/channel/UCLnNOyMNbGCUrlpW0755Jig
UCU1iMdvmCg9ZHBiZuiF9fSw,@hiirosekka,12,1年,Member (1 year),,不明,,,14,176,1,2026-09-08 22:31,2026-10-05 22:30,,,https://www.youtube.com/channel/UCU1iMdvmCg9ZHBiZuiF9fSw
UCrY-g6pmnFpwpPylAePVKpA,@つくだに大好き,12,1年,Member (1 year),,不明,,,14,115,1,2026-09-08 22:31,2026-10-05 22:30,,,https://www.youtube.com/channel/UCrY-g6pmnFpwpPylAePVKpA
UCXyARn9CGrJe8AfRWo9iqEA,@すてんどぐらす,12,1年,Member (1 year),,不明,,,14,166,1,2026-09-08 22:31,2026-10-05 22:30,,,https://www.youtube.com/channel/UCXyARn9CGrJe8AfRWo9iqEA
UCu0i6IhVLeIcp9OSpSUj0mw,@旭-asahi_h,12,1年,Member (1 year),,不明,,,14,1139,1,2026-09-08 22:31,2026-10-05 22:30,,,https://www.youtube.com/channel/UCu0i6IhVLeIcp9OSpSUj0mw
UCM-BW7RDN6Cc3FgyvE1t1kg,@まるに-n4t4c,12,1年,Member (1 year),,不明,,,14,2255,2,2026-09-08 22:31,2026-10-04 22:30,,,https://www.youtube.com/channel/UCM-BW7RDN6Cc3FgyvE1t1kg
UCtWBzpIrGoyeKm21MMikwjA,@なべなべたばこ,12,1年,Member (1 year),,不明,,,14,85,0,2026-09-08 22:31,2026-10-05 22:30,,,https://www.youtube.com/channel/UCtWBzpIrGoyeKm21MMikwjA
UCxYIkWrCvbNcpVG7XLZBnNw,@minihal-y4w,12,1年,Member (1 year),,不明,,,14,1173,0,2026-09-08 22:31,2026-10-05 22:30,,,https://www.youtube.com/channel/UCxYIkWrCvbNcpVG7XLZBnNw
UC86tsSRUMFTrbNKq2XCpsWA,@ふぃる-d9i,12,1年,Member (1 year),,不明,,,14,321,0,2026-09-08 22:31,2026-10-05 22:30,,,https://www.youtube.com/channel/UC86tsSRUMFTrbNKq2XCpsWA
UC8aT_bD3wl2aMoJHFScCZew,@真希_maki,12,1年,Member (1 year),,不明,,,14,201,8,2026-09-08 22:31,2026-10-05 22:30,,,https://www.youtube.com/channel/UC8aT_bD3wl2aMoJHFScCZew
UC6h045vfaLIisigwyeqyNkw,@きょうはち,12,1年,Member (1 year),,不明,,,14,573,0,2026-09-08 22:31,2026-10-05 22:30,,,https://www.youtube.com/channel/UC6h045vfaLIisigwyeqyNkw
UCTemWMslP3-3hj7_VERdpdw,@つよつよ洗熊-h7l,12,1年,Member (1 year),,不明,,,14,166,0,2026-09-08 22:31,2026-10-05 22:30,,,https://www.youtube.com/channel/UCTemWMslP3-3hj7_VERdpdw
UC0LkKw7vXn7FrKT74_NnmOA,@MBエムビー,12,1年,Member (1 year),,不明,,,14,45,0,2026-09-08 22:31,2026-10-05 22:30,,,https://www.youtube.com/channel/UC0LkKw7vXn7FrKT74_NnmOA
UCPby23RRqr2dEctO8g_rQ3A,@めだまやき-s1r,12,1年,Member (1 year),,不明,,,14,308,0,2026-09-08 22:31,2026-10-05 22:30,,,https://www.youtube.com/channel/UCPby23RRqr2dEctO8g_rQ3A
UC7hzXBX42HtVJCcij9ipSCg,@gameandsleep,12,1年,Member (1 year),,不明,,,14,251,0,2026-09-08 22:31,2026-10-05 22:30,,,https://www.youtube.com/channel/UC7hzXBX42HtVJCcij9ipSCg
UCarKvqNgWFJ0O6fxqScWK3w,@つむぎ-l1u,12,1年,Member (1 year),,不明,,,14,36,0,2026-09-08 22:31,2026-10-05 22:30,,,https://www.youtube.com/channel/UCarKvqNgWFJ0O6fxqScWK3w
UCiS-KXjWj9xiUc5V0viwP3A,@さきくらげ-saki,12,1年,Member (1 year),,不明,,,14,241,0,2026-09-08 22:31,2026-10-05 22:30,,,https://www.youtube.com/channel/UCiS-KXjWj9xiUc5V0viwP3A
UCfWfjaU99M2ZzqM9Jstluzg,@みぃchan-b6z,12,1年,Member (1 year),,不明,,,14,268,3,2026-09-08 22:31,2026-10-05 22:30,,,https://www.youtube.com/channel/UCfWfjaU99M2ZzqM9Jstluzg
UCiu2SDIL2bVNIlC3CfOOqlQ,@一般人-v7o,12,1年,Member (1 year),,不明,,,14,580,0,2026-09-08 22:31,2026-10-05 22:30,,,https://www.youtube.com/channel/UCiu2SDIL2bVNIlC3CfOOqlQ
UC6VEstckrA6vtgNOtg3qc-Q,@sheep-cosmos,12,1年,Member (1 year),,不明,,,14,151,0,2026-09-08 22:31,2026-10-05 22:30,,,https://www.youtube.com/channel/UC6VEstckrA6vtgNOtg3qc-Q
UCo6ia_i3fSfpjzRFhfK3gPQ,@yuki-9sk,12,1年,Member (1 year),,不明,,,14,284,0,2026-09-08 22:31,2026-10-05 22:30,,,https://www.youtube.com/channel/UCo6ia_i3fSfpjzRFhfK3gPQ
UCij-jTyEYLTLys7N1KGkLYw,@74sachiko,12,1年,Member (1 year),,不明,,,14,149,0,2026-09-08 22:31,2026-10-05 22:30,,,https://www.youtube.com/channel/UCij-jTyEYLTLys7N1KGkLYw
UCo4-abmwIHmsQVfyE7FrX0w,@Rain紫翠,12,1年,Member (1 year),,不明,,,14,2751,0,2026-09-08 22:31,2026-10-05 22:30,,,https://www.youtube.com/channel/UCo4-abmwIHmsQVfyE7FrX0w
UCooWk95vPBxsQU-uvNYzJrA,@あいる-1224,12,1年,Member (1 year),,不明,,,14,2742,10,2026-09-08 22:31,2026-10-04 22:30,,,https://www.youtube.com/channel/UCooWk95vPBxsQU-uvNYzJrA
UC6e8J-iRxUrn_EJZp7sTWxw,@キミス,12,1年,Member (1 year),,加賀美ハヤトのメンバーシップ,ギフト,ギフトで加入,14,427,2,2026-09-12 00:02,2026-10-05 22:30,○,○,https://www.youtube.com/channel/UC6e8J-iRxUrn_EJZp7sTWxw
UCwaIToiIL26G4dbJP01EfbA,@ひょ-g9d,12,1年,Member (1 year),,不明,,,13,349,0,2026-09-08 22:31,2026-10-05 22:30,,,https://www.youtube.com/channel/UCwaIToiIL26G4dbJP01EfbA
UCs7Y-xL7o_P2ZZIS5pwulNw,@ayakaota9,12,1年,Member (1 year),,不明,,,13,236,1,2026-09-08 22:31,2026-10-05 22:30,,,https://www.youtube.com/channel/UCs7Y-xL7o_P2ZZIS5pwulNw
UCVghvvM8fw2ldlXQ-jACmUQ,@カガヤ-t7g,12,1年,Member (1 year),,不明,,,13,127,0,2026-09-08 22:31,2026-10-02 22:30,,,https://www.youtube.com/channel/UCVghvvM8fw2ldlXQ-jACmUQ
UC6Egfx7KMq_3SdRxBDYJb4g,@鯖山サバ,12,1年,Member (1 year),,不明,,,13,68,0,2026-09-08 22:31,2026-10-05 22:30,,,https://www.youtube.com/channel/UC6Egfx7KMq_3SdRxBDYJb4g
UCMNIqQg6tHwzPA9SXVySRpQ,@ななし_00,12,1年,Member (1 year),,不明,,,13,657,0,2026-09-08 22:31,2026-10-05 22:30,,,https://www.youtube.com/channel/UCMNIqQg6tHwzPA9SXVySRpQ
UCXOe0iRHpub_mPx5YGelCCA,@あや-q8y7w,12,1年,Member (1 year),,不明,,,13,445,4,2026-09-08 22:31,2026-10-05 22:30,,,https://www.youtube.com/channel/UCXOe0iRHpub_mPx5YGelCCA
UCk62AlKWf91IMvzt30XPdzQ,@rokokkei,12,1年,Member (1 year),,不明,,,13,608,0,2026-09-08 22:31,2026-10-05 22:30,,,https://www.youtube.com/channel/UCk62AlKWf91IMvzt30XPdzQ
UCSEmISC_jpVjykxxkQtzoow,@雨西amanishi,12,1年,Member (1 year),,不明,,,13,166,0,2026-09-08 22:31,2026-10-05 22:30,,,https://www.youtube.com/channel/UCSEmISC_jpVjykxxkQtzoow
UCSzalvLfh-WzwNBPZr9TSLg,@さいだーさん-h9g,12,1年,Member (1 year),,不明,,,13,65,0,2026-09-08 22:31,2026-10-04 22:30,,,https://www.youtube.com/channel/UCSzalvLfh-WzwNBPZr9TSLg
UCoOi3zhd75ekRktDoLFByYw,@Scorpii_2,12,1年,Member (1 year),,不明,,,13,210,0,2026-09-08 22:31,2026-10-05 22:30,,,https://www.youtube.com/channel/UCoOi3zhd75ekRktDoLFByYw
UCv80_ctGTd2fo2MbYMToCIw,@もるん-morun,12,1年,Member (1 year),,不明,,,13,714,0,2026-09-08 22:31,2026-10-05 22:30,,,https://www.youtube.com/channel/UCv80_ctGTd2fo2MbYMToCIw
UCayC0_TmA7YJkfjxVjcHOpQ,@anpan_bonzin,12,1年,Member (1 year),,不明,,,13,176,0,2026-09-08 22:31,2026-10-05 22:30,,,https://www.youtube.com/channel/UCayC0_TmA7YJkfjxVjcHOpQ
UCVNQ93eFJUiGWNhIWsr28sg,@さんりお-m3z,12,1年,Member (1 year),,不明,,,13,287,0,2026-09-08 22:31,2026-10-05 22:30,,,https://www.youtube.com/channel/UCVNQ93eFJUiGWNhIWsr28sg
UCtpdmMdPkaum5-G9iM7WRcw,@るか-t4g,12,1年,Member (1 year),,不明,,,13,147,0,2026-09-10 22:00,2026-10-05 22:30,,,https://www.youtube.com/channel/UCtpdmMdPkaum5-G9iM7WRcw
UCKaNX5fXBzQm_JkVso-ldcA,@こなゆきまる,12,1年,Member (1 year),,不明,,,13,60,3,2026-09-10 22:00,2026-10-05 22:30,,,https://www.youtube.com/channel/UCKaNX5fXBzQm_JkVso-ldcA
UCE64vgNt4cy96qOf7eplf-w,@kuroto-kk,12,1年,Member (1 year),,不明,,,13,478,0,2026-09-10 22:00,2026-10-05 22:30,,,https://www.youtube.com/channel/UCE64vgNt4cy96qOf7eplf-w
UCuM1S2SSuG2PgKLMw37JiBg,@茶々丸12k,12,1年,Member (1 year),,不明,,,13,187,0,2026-09-10 22:00,2026-10-04 22:30,,,https://www.youtube.com/channel/UCuM1S2SSuG2PgKLMw37JiBg
UCkHrGZZwrB7sTU9W-tqttWw,@Kりゆ,12,1年,Member (1 year),,不明,,,13,50,0,2026-09-10 22:00,2026-10-05 22:30,,,https://www.youtube.com/channel/UCkHrGZZwrB7sTU9W-tqttWw
UCpdgzNBVUhT7nMrDz9jrgqA,@前脚,12,1年,Member (1 year),,不明,,,13,126,0,2026-09-10 22:00,2026-10-05 22:30,,,https://www.youtube.com/channel/UCpdgzNBVUhT7nMrDz9jrgqA
UCQN0_AhRm0XMFUWkHYTdI7g,@yossy710,12,1年,Member (1 year),,不明,,,13,114,1,2026-09-10 22:00,2026-10-05 22:30,,,https://www.youtube.com/channel/UCQN0_AhRm0XMFUWkHYTdI7g
UCv0aR9I1vndF43etde3oKJQ,@nora-nl1xm,12,1年,Member (1 year),,不明,,,12,36,0,2026-09-08 22:31,2026-10-05 22:30,,,https://www.youtube.com/channel/UCv0aR9I1vndF43etde3oKJQ
UCHVNajGTP1I0i-m4TryYMdA,@スロカス野郎-i3z,12,1年,Member (1 year),,不明,,,12,63,0,2026-09-08 22:31,2026-10-04 22:30,,,https://www.youtube.com/channel/UCHVNajGTP1I0i-m4TryYMdA
UCPl_s51_jRM2ivwK8ZL_FEg,@ちさち,12,1年,Member (1 year),,不明,,,12,13,0,2026-09-08 22:31,2026-10-05 22:30,,,https://www.youtube.com/channel/UCPl_s51_jRM2ivwK8ZL_FEg
UC-DYNuKrOCBgLI6hf-vSMIQ,@ももたろうにゃん,12,1年,Member (1 year),,不明,,,12,166,0,2026-09-08 22:31,2026-10-04 22:30,,,https://www.youtube.com/channel/UC-DYNuKrOCBgLI6hf-vSMIQ
UCg0e7pBWUL9QHH10MWVk_hg,@アコラス-04,12,1年,Member (1 year),,不明,,,12,763,0,2026-09-08 22:31,2026-10-05 22:30,,,https://www.youtube.com/channel/UCg0e7pBWUL9QHH10MWVk_hg
UCXaevvGEEUQnvS_532MR39Q,@awamochiwasabi,12,1年,Member (1 year),,不明,,,12,171,1,2026-09-08 22:31,2026-10-05 22:30,,,https://www.youtube.com/channel/UCXaevvGEEUQnvS_532MR39Q
UCdnOVYjaF99hdf4a_JH9mOw,@シロ-h1k,12,1年,Member (1 year),,不明,,,12,70,0,2026-09-08 22:31,2026-10-05 22:30,,,https://www.youtube.com/channel/UCdnOVYjaF99hdf4a_JH9mOw
UCiefKogwVdJabbfkybZE4-A,@だまだま-p7o,12,1年,Member (1 year),,不明,,,12,97,0,2026-09-08 22:31,2026-10-04 22:30,,,https://www.youtube.com/channel/UCiefKogwVdJabbfkybZE4-A
UCecOJolUUOWk8ilqUifN3dQ,@ぐらたん-i6w,12,1年,Member (1 year),,不明,,,12,433,1,2026-09-08 22:31,2026-10-02 22:30,,,https://www.youtube.com/channel/UCecOJolUUOWk8ilqUifN3dQ
UCbfpnsnow0qy0OBoYAEe7VQ,@oxoxox606,12,1年,Member (1 year),,不明,,,12,167,2,2026-09-08 22:31,2026-10-05 22:30,,,https://www.youtube.com/channel/UCbfpnsnow0qy0OBoYAEe7VQ
UC9Dm4n87lP_f3XJfDdOfVQg,@朝利ここ,12,1年,Member (1 year),,不明,,,12,24,0,2026-09-08 22:31,2026-10-05 22:30,,,https://www.youtube.com/channel/UC9Dm4n87lP_f3XJfDdOfVQg
UCyj4nA7DCEeEm4SQ5np7Xyw,@九月玄,12,1年,Member (1 year),,不明,,,12,153,0,2026-09-08 22:31,2026-10-05 22:30,,,https://www.youtube.com/channel/UCyj4nA7DCEeEm4SQ5np7Xyw
UCcoLW_x9lof4VE-PoLUdtbQ,@藤紫-ssr,12,1年,Member (1 year),,不明,,,12,357,0,2026-09-08 22:31,2026-10-04 22:30,,,https://www.youtube.com/channel/UCcoLW_x9lof4VE-PoLUdtbQ
UCMdeLjDK1KcFCuX4xORHcbQ,@みみみ_当選祈願,12,1年,Member (1 year),,不明,,,12,14,4,2026-09-08 22:31,2026-10-05 22:30,,,https://www.youtube.com/channel/UCMdeLjDK1KcFCuX4xORHcbQ
UChQ0J-DorEgXqt3o_527rFQ,@Boru_2928,12,1年,Member (1 year),,不明,,,12,224,0,2026-09-10 22:00,2026-10-05 22:30,,,https://www.youtube.com/channel/UChQ0J-DorEgXqt3o_527rFQ
UCMSodZUpkIk3zxuSZWeRRaQ,@ハサハナ,12,1年,Member (1 year),,不明,,,12,54,0,2026-09-10 22:00,2026-10-05 22:30,,,https://www.youtube.com/channel/UCMSodZUpkIk3zxuSZWeRRaQ
UC58oP3iv8mSHCmb3cXfFasg,@Nanakusa-oky,12,1年,Member (1 year),,不明,,,12,44,0,2026-09-12 00:02,2026-10-05 22:30,,,https://www.youtube.com/channel/UC58oP3iv8mSHCmb3cXfFasg
UCTPePOi_tG_0Mg4fhIEfSpg,@ありかわ-z9m,12,1年,Member (1 year),,不明,,,11,28,0,2026-09-08 22:31,2026-10-05 22:30,,,https://www.youtube.com/channel/UCTPePOi_tG_0Mg4fhIEfSpg
UCAkR2umL_fHKaATEPxw5ODg,@paruche_kaga,12,1年,Member (1 year),,不明,,,11,55,1,2026-09-08 22:31,2026-10-05 22:30,,,https://www.youtube.com/channel/UCAkR2umL_fHKaATEPxw5ODg
UCavXrNPvr3HHytMTJR3j7qA,@Rae_Vuu,12,1年,Member (1 year),,不明,,,11,54,0,2026-09-08 22:31,2026-10-04 22:30,,,https://www.youtube.com/channel/UCavXrNPvr3HHytMTJR3j7qA
UC6yvmWlYreFmBJFf8WhWPwQ,@まままぃ,12,1年,Member (1 year),,不明,,,11,213,2,2026-09-08 22:31,2026-10-05 22:30,,,https://www.youtube.com/channel/UC6yvmWlYreFmBJFf8WhWPwQ
UCIfNU_2ZLKe5Gbt0eLgsLvQ,@nana719nanohana,12,1年,Member (1 year),,不明,,,11,34,0,2026-09-08 22:31,2026-10-05 22:30,,,https://www.youtube.com/channel/UCIfNU_2ZLKe5Gbt0eLgsLvQ
UCLa2C40Bq4BBej95m89O-yg,@麻衣-z7d,12,1年,Member (1 year),,不明,,,11,94,0,2026-09-08 22:31,2026-10-02 22:30,,,https://www.youtube.com/channel/UCLa2C40Bq4BBej95m89O-yg
UCsuQG9BnasvrrLCw9xCANcg,@iRO-326,12,1年,Member (1 year),,不明,,,11,87,1,2026-09-08 22:31,2026-10-05 22:30,,,https://www.youtube.com/channel/UCsuQG9BnasvrrLCw9xCANcg
UCEhZl-4dDTaDyS4is2xSCDw,@tadanoo_448,12,1年,Member (1 year),,不明,,,11,168,0,2026-09-08 22:31,2026-10-02 20:00,,,https://www.youtube.com/channel/UCEhZl-4dDTaDyS4is2xSCDw
UCGfFBq45Cm_IjALb_-5vWUw,@早乙女雷蔵,12,1年,Member (1 year),,不明,,,11,52,1,2026-09-08 22:31,2026-10-05 22:30,,,https://www.youtube.com/channel/UCGfFBq45Cm_IjALb_-5vWUw
UCBzFvsnh1MuFRgTW87Je_Zw,@朝霧omochi,12,1年,Member (1 year),,不明,,,11,161,0,2026-09-10 22:00,2026-10-05 22:30,,,https://www.youtube.com/channel/UCBzFvsnh1MuFRgTW87Je_Zw
UCnF_eTTLGFamtUSRkv6R5PQ,@ラムネ球,12,1年,Member (1 year),,不明,,,11,1024,1,2026-09-10 22:00,2026-10-05 22:30,,,https://www.youtube.com/channel/UCnF_eTTLGFamtUSRkv6R5PQ
UCc76lL2r_AIzw9wtrOefFiA,@山下クリスティーヌ,12,1年,Member (1 year),,不明,,,11,29,0,2026-09-10 22:00,2026-10-05 22:30,,,https://www.youtube.com/channel/UCc76lL2r_AIzw9wtrOefFiA
UCPoa8rCHp0npNNQH-e8YlGQ,@篠崎あわ,12,1年,Member (1 year),,不明,,,11,192,0,2026-09-12 00:02,2026-10-05 22:30,,,https://www.youtube.com/channel/UCPoa8rCHp0npNNQH-e8YlGQ
UCMu2LDN1gBdsZFJKzfao8Zg,@ガレキ-s9q,12,1年,Member (1 year),,不明,,,11,25,0,2026-09-12 23:00,2026-10-05 22:30,,,https://www.youtube.com/channel/UCMu2LDN1gBdsZFJKzfao8Zg
UCeM7Mz2vSFjQAUzeSbdfB2A,@五穀米-y3p8p,12,1年,Member (1 year),,不明,,,10,41,0,2026-09-08 22:31,2026-10-05 22:30,,,https://www.youtube.com/channel/UCeM7Mz2vSFjQAUzeSbdfB2A
UCic-zQuIfyDbzikPsKr77WQ,@nanana_025,12,1年,Member (1 year),,不明,,,10,23,0,2026-09-08 22:31,2026-10-05 22:30,,,https://www.youtube.com/channel/UCic-zQuIfyDbzikPsKr77WQ
UCplwh0VJahBCNevG7eAyr-g,@菊田夏美,12,1年,Member (1 year),,不明,,,10,14,0,2026-09-08 22:31,2026-10-02 22:30,,,https://www.youtube.com/channel/UCplwh0VJahBCNevG7eAyr-g
UCfYt0fyy_PZGUWh6bhVTiog,@ナツル_naturu,12,1年,Member (1 year),,不明,,,10,218,1,2026-09-08 22:31,2026-10-05 22:30,,,https://www.youtube.com/channel/UCfYt0fyy_PZGUWh6bhVTiog
UCPdhvEPOqclcAky8QmsV3Ng,@由莉-q8d,12,1年,Member (1 year),,不明,,,10,89,0,2026-09-08 22:31,2026-10-05 22:30,,,https://www.youtube.com/channel/UCPdhvEPOqclcAky8QmsV3Ng
UC4PdAXE0gdh62h9xx-e5Tkg,@じぇー-c2j,12,1年,Member (1 year),,不明,,,10,26,0,2026-09-08 22:31,2026-10-04 22:30,,,https://www.youtube.com/channel/UC4PdAXE0gdh62h9xx-e5Tkg
UC_8vnxMYs-EcmxRH2jXoM0w,@YY-qc8ce4ro8x,12,1年,Member (1 year),,不明,,,10,76,0,2026-09-08 22:31,2026-10-05 22:30,,,https://www.youtube.com/channel/UC_8vnxMYs-EcmxRH2jXoM0w
UC0CBIVgEDEd1iaIr3TcEHPQ,@伊吹疾風,12,1年,Member (1 year),,不明,,,10,333,0,2026-09-08 22:31,2026-10-05 22:30,,,https://www.youtube.com/channel/UC0CBIVgEDEd1iaIr3TcEHPQ
UC-PeaMwL9JMvQ8WeKAYrA9w,@区鳥なやの-b9e,12,1年,Member (1 year),,不明,,,10,596,0,2026-09-08 22:31,2026-10-04 22:30,,,https://www.youtube.com/channel/UC-PeaMwL9JMvQ8WeKAYrA9w
UCnOF0dpyP7zR184bSNb9Mpg,@いりこだし06,12,1年,Member (1 year),,不明,,,10,67,0,2026-09-08 22:31,2026-10-04 22:30,,,https://www.youtube.com/channel/UCnOF0dpyP7zR184bSNb9Mpg
UCIVXmZtJ2PgxzWQft-E84Pw,@machi-kgm,12,1年,Member (1 year),,不明,,,10,98,2,2026-09-10 22:00,2026-10-05 22:30,,,https://www.youtube.com/channel/UCIVXmZtJ2PgxzWQft-E84Pw
UCUWMdHygn7RcYK_QdK67t7Q,@木之本志乃,12,1年,Member (1 year),,不明,,,10,23,0,2026-09-10 22:00,2026-10-05 22:30,,,https://www.youtube.com/channel/UCUWMdHygn7RcYK_QdK67t7Q
UC1uoH0uPd8p8SS8GoFSdSaw,@tamago_x_gohan,12,1年,Member (1 year),,不明,,,10,41,0,2026-09-10 22:00,2026-10-04 22:30,,,https://www.youtube.com/channel/UC1uoH0uPd8p8SS8GoFSdSaw
UC5S07Kg-jV0idvIlpmsGVZA,@Meromero-1512,12,1年,Member (1 year),,不明,,,10,26,2,2026-09-10 22:00,2026-10-05 22:30,,,https://www.youtube.com/channel/UC5S07Kg-jV0idvIlpmsGVZA
UC1I97badSJaEatkpWEoJGbA,@みどり_midotinoaka,12,1年,Member (1 year),,不明,,,10,60,1,2026-09-10 22:00,2026-10-05 22:30,,,https://www.youtube.com/channel/UC1I97badSJaEatkpWEoJGbA
UC3D1hpRx0gcdo3cCboa3nPg,@Magyarország1874,12,1年,Member (1 year),,不明,,,10,75,0,2026-09-10 22:00,2026-10-05 22:30,,,https://www.youtube.com/channel/UC3D1hpRx0gcdo3cCboa3nPg
UCjKZ-JpZTioZ59ocOVwwm8A,@あんと-t4c,12,1年,Member (1 year),,不明,,,10,134,0,2026-09-10 22:00,2026-10-05 22:30,,,https://www.youtube.com/channel/UCjKZ-JpZTioZ59ocOVwwm8A
UC28Zw-U53MQHggHKsKOaxIg,@猫氏,12,1年,Member (1 year),,不明,,,10,208,0,2026-09-10 22:00,2026-10-05 22:30,,,https://www.youtube.com/channel/UC28Zw-U53MQHggHKsKOaxIg
UCj9BjczprTDqvH1YQfrPuNQ,@xねこくらげx,12,1年,Member (1 year),,不明,,,10,806,4,2026-09-10 22:00,2026-10-05 22:30,,,https://www.youtube.com/channel/UCj9BjczprTDqvH1YQfrPuNQ
UCDRVjE0kAP5m8Y95I8J2Pkw,@meme_ruru,12,1年,Member (1 year),,不明,,,10,15,0,2026-09-12 00:02,2026-10-04 22:30,,,https://www.youtube.com/channel/UCDRVjE0kAP5m8Y95I8J2Pkw
UCpYqWPKVIEB5lVm2UGudwYw,@缶-o9g,12,1年,Member (1 year),,不明,,,10,89,1,2026-09-15 22:00,2026-10-05 22:30,,,https://www.youtube.com/channel/UCpYqWPKVIEB5lVm2UGudwYw
UCfiiIQedpo6QsvWNRhjLghQ,@銀の猫-OxO,12,1年,Member (1 year),,不明,,,9,346,2,2026-09-08 22:31,2026-10-05 22:30,,,https://www.youtube.com/channel/UCfiiIQedpo6QsvWNRhjLghQ
UCJcN5r6cRCmpI-rjScdvmmQ,@101address5,12,1年,Member (1 year),,不明,,,9,48,0,2026-09-08 22:31,2026-10-05 22:30,,,https://www.youtube.com/channel/UCJcN5r6cRCmpI-rjScdvmmQ
UCvmOuGQn9LoTz29p_ZRXecw,@ek5876,12,1年,Member (1 year),,不明,,,9,50,2,2026-09-08 22:31,2026-10-05 22:30,,,https://www.youtube.com/channel/UCvmOuGQn9LoTz29p_ZRXecw
UCbd-ONrG33nAhuVfL-PgfGA,@にゃんごろげ-n2p,12,1年,Member (1 year),,不明,,,9,30,0,2026-09-08 22:31,2026-10-05 22:30,,,https://www.youtube.com/channel/UCbd-ONrG33nAhuVfL-PgfGA
UCF2N2Bf4tqo47hw9Yfb6ErQ,@Kagari-Suzua,12,1年,Member (1 year),,不明,,,9,64,1,2026-09-08 22:31,2026-10-02 22:30,,,https://www.youtube.com/channel/UCF2N2Bf4tqo47hw9Yfb6ErQ
UCzmRxo6FfLGo3NbYFw0mh_A,@妃-kisaki,12,1年,Member (1 year),,不明,,,9,139,1,2026-09-08 22:31,2026-10-04 22:30,,,https://www.youtube.com/channel/UCzmRxo6FfLGo3NbYFw0mh_A
UCu3_O5jemstWnW-oj1V5ssQ,@Rie-z8n,12,1年,Member (1 year),,不明,,,9,17,0,2026-09-08 22:31,2026-10-05 22:30,,,https://www.youtube.com/channel/UCu3_O5jemstWnW-oj1V5ssQ
UCUdjg3cR5TZW2p567OVyseQ,@ykmyagorare,12,1年,Member (1 year),,不明,,,9,89,0,2026-09-08 22:31,2026-10-05 22:30,,,https://www.youtube.com/channel/UCUdjg3cR5TZW2p567OVyseQ
UC6ZxfKwe7oQDstMzHQMjJjA,@ちょこっと-o6c,12,1年,Member (1 year),,不明,,,9,67,0,2026-09-08 22:31,2026-10-04 22:30,,,https://www.youtube.com/channel/UC6ZxfKwe7oQDstMzHQMjJjA
UCxiHeEfko80XNQ2NjeaDF4A,@はちかど,12,1年,Member (1 year),,不明,,,9,17,0,2026-09-08 22:31,2026-10-04 22:30,,,https://www.youtube.com/channel/UCxiHeEfko80XNQ2NjeaDF4A
UC-ScBNUK96lL2GXNPWHn4FQ,@akimitsuhayashi6724,12,1年,Member (1 year),,不明,,,9,59,3,2026-09-08 22:31,2026-10-02 20:00,,,https://www.youtube.com/channel/UC-ScBNUK96lL2GXNPWHn4FQ
UC3BguNKi5HS0SNuQkTd36Vg,@nya_holy,12,1年,Member (1 year),,不明,,,9,100,0,2026-09-10 22:00,2026-10-05 22:30,,,https://www.youtube.com/channel/UC3BguNKi5HS0SNuQkTd36Vg
UCfCUk2KBPGv3lgXqYXeov-Q,@ドナ-a,12,1年,Member (1 year),,不明,,,9,261,1,2026-09-10 22:00,2026-10-05 22:30,,,https://www.youtube.com/channel/UCfCUk2KBPGv3lgXqYXeov-Q
UCleq7FlX9WZxes0X_XGPCfg,@桜良-v5f,12,1年,Member (1 year),,不明,,,9,111,1,2026-09-10 22:00,2026-10-05 22:30,,,https://www.youtube.com/channel/UCleq7FlX9WZxes0X_XGPCfg
UCFB509xGnJkMb2OozbgjUcw,@不安定なマヨネーズ,12,1年,Member (1 year),,不明,,,9,67,0,2026-09-10 22:00,2026-10-02 22:30,,,https://www.youtube.com/channel/UCFB509xGnJkMb2OozbgjUcw
UCXyQx0Ozqu8XPB7uh71fyzA,@ねぎしお0713,12,1年,Member (1 year),,不明,,,9,19,0,2026-09-10 22:00,2026-10-05 22:30,,,https://www.youtube.com/channel/UCXyQx0Ozqu8XPB7uh71fyzA
UCHmY7E3BqX_6onE0jQ_Gzdg,@はるゆう-s5u,12,1年,Member (1 year),,不明,,,9,104,0,2026-09-10 22:00,2026-10-02 22:30,,,https://www.youtube.com/channel/UCHmY7E3BqX_6onE0jQ_Gzdg
UCQqKWusQEWqveyy3qMmuKBg,@しあ_xia-m,12,1年,Member (1 year),,不明,,,9,197,0,2026-09-10 22:00,2026-10-05 22:30,,,https://www.youtube.com/channel/UCQqKWusQEWqveyy3qMmuKBg
UCVtd7Znm1rOt-bGJinYEe5g,@pon_chan_man,12,1年,Member (1 year),,不明,,,9,88,0,2026-09-10 22:00,2026-10-05 22:30,,,https://www.youtube.com/channel/UCVtd7Znm1rOt-bGJinYEe5g
UCW1TkkMs4FcsJcYjFv3mbIg,@しそしそごはん,12,1年,Member (1 year),,不明,,,9,13,0,2026-09-10 22:00,2026-10-04 22:30,,,https://www.youtube.com/channel/UCW1TkkMs4FcsJcYjFv3mbIg
UCmVLshu2Pu_kN90K22YIoLg,@ぽんた_06,12,1年,Member (1 year),,不明,,,9,17,0,2026-09-12 00:02,2026-10-05 22:30,,,https://www.youtube.com/channel/UCmVLshu2Pu_kN90K22YIoLg
UCL09_fSHPYuXdWakj76C07Q,@Kurose-Kaito,12,1年,Member (1 year),,不明,,,9,22,0,2026-09-12 00:02,2026-10-05 22:30,,,https://www.youtube.com/channel/UCL09_fSHPYuXdWakj76C07Q
UCCN1k7ip-d8ge85p3W8aamQ,@Enya_ayuco,12,1年,Member (1 year),,不明,,,8,18,1,2026-09-08 22:31,2026-10-02 22:30,,,https://www.youtube.com/channel/UCCN1k7ip-d8ge85p3W8aamQ
UC8tu_5oG6lsl6W4WkNp35Yg,@kazura883,12,1年,Member (1 year),,不明,,,8,25,0,2026-09-08 22:31,2026-10-05 22:30,,,https://www.youtube.com/channel/UC8tu_5oG6lsl6W4WkNp35Yg
UCIlci5CWgnewVOnVAuHyOnA,@紡木-m9q,12,1年,Member (1 year),,不明,,,8,13,0,2026-09-08 22:31,2026-10-05 22:30,,,https://www.youtube.com/channel/UCIlci5CWgnewVOnVAuHyOnA
UCpF7mMMJXuSZo7odw-_kUew,@o___o___o___o___ooo,12,1年,Member (1 year),,不明,,,8,14,0,2026-09-08 22:31,2026-10-04 22:30,,,https://www.youtube.com/channel/UCpF7mMMJXuSZo7odw-_kUew
UC8wT3n3hzAukWYZxLbB8pSg,@サブナック-l2t,12,1年,Member (1 year),,不明,,,8,615,0,2026-09-08 22:31,2026-10-04 22:30,,,https://www.youtube.com/channel/UC8wT3n3hzAukWYZxLbB8pSg
UCYIav5qNljUpTcAe0q92rMQ,@chinatsu_82,12,1年,Member (1 year),,不明,,,8,28,0,2026-09-08 22:31,2026-10-05 22:30,,,https://www.youtube.com/channel/UCYIav5qNljUpTcAe0q92rMQ
UCLALnmQOrLrHFr6KjZxBvEQ,@三日月-c8y,12,1年,Member (1 year),,不明,,,8,8,0,2026-09-10 22:00,2026-10-05 22:30,,,https://www.youtube.com/channel/UCLALnmQOrLrHFr6KjZxBvEQ
UCtFMmlqmxACFjXigKI0E_iA,@Amahane_rua,12,1年,Member (1 year),,不明,,,8,34,1,2026-09-10 22:00,2026-10-02 22:30,,,https://www.youtube.com/channel/UCtFMmlqmxACFjXigKI0E_iA
UCzhktsaVQ_e1Cr5JCTTrYYQ,@271号,12,1年,Member (1 year),,不明,,,8,41,0,2026-09-10 22:00,2026-10-04 22:30,,,https://www.youtube.com/channel/UCzhktsaVQ_e1Cr5JCTTrYYQ
UC3ZpLhae9t9-C5P78jipXNw,@linlinranran122,12,1年,Member (1 year),,不明,,,8,8,7,2026-09-10 22:00,2026-10-05 22:30,,,https://www.youtube.com/channel/UC3ZpLhae9t9-C5P78jipXNw
UCnXHAEZ3pRmDjnPrq6oLCsw,@maika_7u3_namaika,12,1年,Member (1 year),,不明,,,8,113,0,2026-09-12 00:02,2026-10-04 22:30,,,https://www.youtube.com/channel/UCnXHAEZ3pRmDjnPrq6oLCsw
UCdLemrsXDwDeGYAPfevXbtg,@ふぇんふぉあ,12,1年,Member (1 year),,不明,,,8,246,0,2026-09-12 00:02,2026-10-05 22:30,,,https://www.youtube.com/channel/UCdLemrsXDwDeGYAPfevXbtg
UCe2dzbIEEyIIv2kCfqnO6jQ,@霧島零-g1u,12,1年,Member (1 year),,不明,,,8,37,0,2026-09-12 00:02,2026-10-05 22:30,,,https://www.youtube.com/channel/UCe2dzbIEEyIIv2kCfqnO6jQ
UCe4LZ_OV4TZPpNruXL2qGBg,@珈琲を愛する鳩,12,1年,Member (1 year),,不明,,,8,72,0,2026-09-12 00:02,2026-10-05 22:30,,,https://www.youtube.com/channel/UCe4LZ_OV4TZPpNruXL2qGBg
UCpYaSCtMHt4u0GAlnY2CkQg,@わくちゃ_c,12,1年,Member (1 year),,不明,,,8,16,0,2026-09-12 23:00,2026-10-05 22:30,,,https://www.youtube.com/channel/UCpYaSCtMHt4u0GAlnY2CkQg
UC5zkTr1hBCuaSrdKyWLu2zQ,@しろ-ito,12,1年,Member (1 year),,不明,,,8,13,0,2026-09-12 23:00,2026-10-02 22:30,,,https://www.youtube.com/channel/UC5zkTr1hBCuaSrdKyWLu2zQ
UChh4Kh1JNqkuhNg1GW1r5Pg,@めこ-h7s,12,1年,Member (1 year),,不明,,,8,198,0,2026-09-12 23:00,2026-10-05 22:30,,,https://www.youtube.com/channel/UChh4Kh1JNqkuhNg1GW1r5Pg
UCOqFfWoAwOyC5Bv-BUPek8w,@uka-sx1wo,12,1年,Member (1 year),,不明,,,7,13,0,2026-09-08 22:31,2026-10-05 22:30,,,https://www.youtube.com/channel/UCOqFfWoAwOyC5Bv-BUPek8w
UCZqoaxyepWk_vlQDeKFwMXw,@ひまいいちか,12,1年,Member (1 year),,不明,,,7,324,0,2026-09-08 22:31,2026-10-04 22:30,,,https://www.youtube.com/channel/UCZqoaxyepWk_vlQDeKFwMXw
UCEXwAZ2lanuhoOwK1scgyaQ,@水琴-z3d,12,1年,Member (1 year),,不明,,,7,75,2,2026-09-08 22:31,2026-10-05 22:30,,,https://www.youtube.com/channel/UCEXwAZ2lanuhoOwK1scgyaQ
UCxkC7b2qOKQR6BAGPtDHbmw,@空色イヤホン,12,1年,Member (1 year),,不明,,,7,13,0,2026-09-08 22:31,2026-10-05 22:30,,,https://www.youtube.com/channel/UCxkC7b2qOKQR6BAGPtDHbmw
UCmM-IYh8b_n-IxfBjy-8LIA,@ソフトSにゃんこ好き,12,1年,Member (1 year),,不明,,,7,11,0,2026-09-08 22:31,2026-09-27 23:00,,,https://www.youtube.com/channel/UCmM-IYh8b_n-IxfBjy-8LIA
UC0-JlPzkEDiy2mfhVIoF54w,@筋子大好きグラサン,12,1年,Member (1 year),,不明,,,7,87,0,2026-09-10 22:00,2026-10-05 22:30,,,https://www.youtube.com/channel/UC0-JlPzkEDiy2mfhVIoF54w
UCRKbBPpdTL4QKvZUNO4zElA,@みしま_りま-msm,12,1年,Member (1 year),,不明,,,7,10,0,2026-09-12 00:02,2026-10-05 22:30,,,https://www.youtube.com/channel/UCRKbBPpdTL4QKvZUNO4zElA
UC7BIVJn27gdMHPXIfalsu7Q,@いずみ-i3s,12,1年,Member (1 year),,不明,,,7,95,0,2026-09-12 00:02,2026-10-04 22:30,,,https://www.youtube.com/channel/UC7BIVJn27gdMHPXIfalsu7Q
UCp4dS_UqXNoLX5DVtsccO1Q,@ららみみ-w1s,12,1年,Member (1 year),,不明,,,7,18,0,2026-09-12 00:02,2026-10-05 22:30,,,https://www.youtube.com/channel/UCp4dS_UqXNoLX5DVtsccO1Q
UCA1GS-qyTxEJnhODUNslLww,@柿こここ,12,1年,Member (1 year),,不明,,,7,17,1,2026-09-12 00:02,2026-10-05 22:30,,,https://www.youtube.com/channel/UCA1GS-qyTxEJnhODUNslLww
UCBx4BVy2eOwdSNYiCnrrwxw,@三神菜弦,12,1年,Member (1 year),,不明,,,7,17,0,2026-09-12 00:02,2026-10-02 22:30,,,https://www.youtube.com/channel/UCBx4BVy2eOwdSNYiCnrrwxw
UCzwZPJpVQhX2BjwBLoJetAg,@sonomama-8922,12,1年,Member (1 year),,不明,,,7,18,1,2026-09-12 23:00,2026-10-02 22:30,,,https://www.youtube.com/channel/UCzwZPJpVQhX2BjwBLoJetAg
UC6R7_TnfcwEh8oOscy-RCyA,@あさみぐま,12,1年,Member (1 year),,不明,,,7,20,0,2026-09-15 22:00,2026-10-05 22:30,,,https://www.youtube.com/channel/UC6R7_TnfcwEh8oOscy-RCyA
UCLGU6Mbm0bkIT9E0fxM5JKw,@march.wotamwa,12,1年,Member (1 year),,不明,,,7,14,1,2026-09-15 22:00,2026-10-05 22:30,,,https://www.youtube.com/channel/UCLGU6Mbm0bkIT9E0fxM5JKw
UCr6cis8avZfh8bVrGymwdyQ,@hiragi-o5i,12,1年,Member (1 year),,不明,,,7,10,0,2026-09-17 07:30,2026-10-04 22:30,,,https://www.youtube.com/channel/UCr6cis8avZfh8bVrGymwdyQ
UC9wmb1bDcyfnNOyHmnIRUnQ,@金糸雀-g1g,12,1年,Member (1 year),,不明,,,7,17,0,2026-09-17 22:05,2026-10-04 22:30,,,https://www.youtube.com/channel/UC9wmb1bDcyfnNOyHmnIRUnQ
UCsLe6yeLuGE0vGj0YTCPYeQ,@月見猫-k6g,12,1年,Member (1 year),,不明,,,7,101,0,2026-09-22 14:02,2026-10-05 22:30,,,https://www.youtube.com/channel/UCsLe6yeLuGE0vGj0YTCPYeQ
UCWUq86b2s0icCLZNaiDDbRw,@39ryntrl,12,1年,Member (1 year),,不明,,,6,7,0,2026-09-08 22:31,2026-10-02 22:30,,,https://www.youtube.com/channel/UCWUq86b2s0icCLZNaiDDbRw
UC4ZIRWvLEKHnhdNKIjWrZ_g,@アスパラガス-e2t,12,1年,Member (1 year),,不明,,,6,8,0,2026-09-08 22:31,2026-10-04 22:30,,,https://www.youtube.com/channel/UC4ZIRWvLEKHnhdNKIjWrZ_g
UCYEz-YZLyPLzpDV_SrR-EiA,@shien-yo,12,1年,Member (1 year),,不明,,,6,17,0,2026-09-08 22:31,2026-09-27 23:00,,,https://www.youtube.com/channel/UCYEz-YZLyPLzpDV_SrR-EiA
UC3xGl2_JYS4ZJ2dRKwcR_CQ,@soumetu,12,1年,Member (1 year),,不明,,,6,32,0,2026-09-08 22:31,2026-10-02 22:30,,,https://www.youtube.com/channel/UC3xGl2_JYS4ZJ2dRKwcR_CQ
UC8-l6h6CDZhV2kL4zGjk2yA,@菘-すずな,12,1年,Member (1 year),,不明,,,6,6,2,2026-09-08 22:31,2026-10-02 22:30,,,https://www.youtube.com/channel/UC8-l6h6CDZhV2kL4zGjk2yA
UCRRzwJHphqKHcpwCTW3E-3Q,@ちゃす-k2b,12,1年,Member (1 year),,不明,,,6,10,0,2026-09-08 22:31,2026-10-04 22:30,,,https://www.youtube.com/channel/UCRRzwJHphqKHcpwCTW3E-3Q
UCfzb4nFciMdsJ_4qH19_FVQ,@せーな-d2w,12,1年,Member (1 year),,不明,,,6,26,0,2026-09-08 22:31,2026-10-04 22:30,,,https://www.youtube.com/channel/UCfzb4nFciMdsJ_4qH19_FVQ
UCBAhpNmsZUl0xlionw666Lw,@なすびふぉびあ,12,1年,Member (1 year),,不明,,,6,10,2,2026-09-10 22:00,2026-10-02 22:30,,,https://www.youtube.com/channel/UCBAhpNmsZUl0xlionw666Lw
UCRihCXqMYY43RuKp7eFHaaA,@姐さん-i6b,12,1年,Member (1 year),,不明,,,6,14,0,2026-09-10 22:00,2026-10-02 22:30,,,https://www.youtube.com/channel/UCRihCXqMYY43RuKp7eFHaaA
UCqMjrTLB7tSCfwHEqkKNs2w,@かなみ-k5h8t,12,1年,Member (1 year),,不明,,,6,17,0,2026-09-10 22:00,2026-09-26 21:33,,,https://www.youtube.com/channel/UCqMjrTLB7tSCfwHEqkKNs2w
UCCNKieOCmL1THIG0bY5smUQ,@床の上で眠る姫君,12,1年,Member (1 year),,不明,,,6,17,0,2026-09-10 22:00,2026-10-05 22:30,,,https://www.youtube.com/channel/UCCNKieOCmL1THIG0bY5smUQ
UCE5qIE1C9oOCh_J2OhKnRMQ,@のえる8810,12,1年,Member (1 year),,不明,,,6,9,0,2026-09-10 22:00,2026-10-02 22:30,,,https://www.youtube.com/channel/UCE5qIE1C9oOCh_J2OhKnRMQ
UCtUNL_9cewsSGBfJS3q9KJw,@おねぎのたれ-y6s,12,1年,Member (1 year),,不明,,,6,15,0,2026-09-10 22:00,2026-10-02 20:00,,,https://www.youtube.com/channel/UCtUNL_9cewsSGBfJS3q9KJw
UCZ07ZuqAwjTjCUq3bOZ2Ilw,@akinonnnn,12,1年,Member (1 year),,不明,,,6,36,1,2026-09-10 22:00,2026-09-22 14:02,,,https://www.youtube.com/channel/UCZ07ZuqAwjTjCUq3bOZ2Ilw
UCZoMpNkUrNmqfyp5AX87eow,@kanna5239,12,1年,Member (1 year),,不明,,,6,19,0,2026-09-10 22:00,2026-10-04 22:30,,,https://www.youtube.com/channel/UCZoMpNkUrNmqfyp5AX87eow
UCSxOKkpAydpt5YKjjg9NklQ,@TO-hn1fl,12,1年,Member (1 year),,不明,,,6,36,0,2026-09-10 22:00,2026-10-02 22:30,,,https://www.youtube.com/channel/UCSxOKkpAydpt5YKjjg9NklQ
UCVX_nBT5IWoKpKvugic1-wQ,@あやいろ-r7f,12,1年,Member (1 year),,不明,,,6,77,1,2026-09-12 00:02,2026-10-05 22:30,,,https://www.youtube.com/channel/UCVX_nBT5IWoKpKvugic1-wQ
UCtlNWn5ZQpjbb9Y-PD33-lQ,@ジャギー-j9u,12,1年,Member (1 year),,不明,,,6,109,0,2026-09-12 00:02,2026-10-04 22:30,,,https://www.youtube.com/channel/UCtlNWn5ZQpjbb9Y-PD33-lQ
UC7YG0EuYcOIss0_7Lwc4xfw,@もとこ-n2n,12,1年,Member (1 year),,不明,,,6,28,0,2026-09-12 00:02,2026-10-05 22:30,,,https://www.youtube.com/channel/UC7YG0EuYcOIss0_7Lwc4xfw
UC3bt1450LGuboXCgNJ-ih-g,@シャケ丸-m9f,12,1年,Member (1 year),,不明,,,6,20,0,2026-09-12 00:02,2026-10-04 22:30,,,https://www.youtube.com/channel/UC3bt1450LGuboXCgNJ-ih-g
UCbzgIMQoNa7uGyyJNXGdD4Q,@non-chan_san_desu,12,1年,Member (1 year),,不明,,,6,371,0,2026-09-12 00:02,2026-10-04 22:30,,,https://www.youtube.com/channel/UCbzgIMQoNa7uGyyJNXGdD4Q
UCibUNH8bwOcbguza-aXZ_dQ,@りう-Lukk,12,1年,Member (1 year),,不明,,,6,6,0,2026-09-12 00:02,2026-10-05 22:30,,,https://www.youtube.com/channel/UCibUNH8bwOcbguza-aXZ_dQ
UCPHn-oYOoRiCGOqERRqiVww,@ノセ-t_d,12,1年,Member (1 year),,不明,,,6,85,2,2026-09-12 23:00,2026-10-04 22:30,,,https://www.youtube.com/channel/UCPHn-oYOoRiCGOqERRqiVww
UC6SDY_DWMAR7E8iEoIhxOzg,@あゆうらあきと,12,1年,Member (1 year),,不明,,,6,14,0,2026-09-12 23:00,2026-10-05 22:30,,,https://www.youtube.com/channel/UC6SDY_DWMAR7E8iEoIhxOzg
UCgOMui1-fMZ9BPH4IO2rxbA,@コードレスちくわぶ-d2z,12,1年,Member (1 year),,不明,,,6,8,0,2026-09-12 23:00,2026-10-05 22:30,,,https://www.youtube.com/channel/UCgOMui1-fMZ9BPH4IO2rxbA
UC3V5jChDIGhtMxCipHM0ilg,@四七索,12,1年,Member (1 year),,不明,,,6,19,0,2026-09-15 22:00,2026-10-02 22:30,,,https://www.youtube.com/channel/UC3V5jChDIGhtMxCipHM0ilg
UC3vBGOVWzX1tATVed3zrDlg,@ash-1r1n2r4,12,1年,Member (1 year),,不明,,,6,81,0,2026-09-15 22:00,2026-10-04 22:30,,,https://www.youtube.com/channel/UC3vBGOVWzX1tATVed3zrDlg
UCd4aZDWEurlxo721faKZtWw,@ひだまり753_jet,12,1年,Member (1 year),,不明,,,6,20,1,2026-09-17 07:30,2026-10-04 22:30,,,https://www.youtube.com/channel/UCd4aZDWEurlxo721faKZtWw
UCXp4X-Zfoe4Ph9W-wj4oBlA,@おうさと-1122,12,1年,Member (1 year),,不明,,,6,17,0,2026-09-22 14:02,2026-10-05 22:30,,,https://www.youtube.com/channel/UCXp4X-Zfoe4Ph9W-wj4oBlA
UCr-NuSUl18Rru4sHVP79zXQ,@まちゃ-h7j,12,1年,Member (1 year),,不明,,,5,5,0,2026-09-08 22:31,2026-09-22 10:02,,,https://www.youtube.com/channel/UCr-NuSUl18Rru4sHVP79zXQ
UC44aUOsHsiPAXJ6w_n_sMpg,@much2525,12,1年,Member (1 year),,不明,,,5,18,0,2026-09-08 22:31,2026-09-24 23:01,,,https://www.youtube.com/channel/UC44aUOsHsiPAXJ6w_n_sMpg
UCNh4_j7Mf0Fei_u2zAB7ZBA,@negimiso-sen,12,1年,Member (1 year),,不明,,,5,6,0,2026-09-08 22:31,2026-10-04 22:30,,,https://www.youtube.com/channel/UCNh4_j7Mf0Fei_u2zAB7ZBA
UCX0kAsxbAMHfAYjQJL8BLjg,@ワンボンチャンネル,12,1年,Member (1 year),,不明,,,5,236,0,2026-09-08 22:31,2026-10-05 22:30,,,https://www.youtube.com/channel/UCX0kAsxbAMHfAYjQJL8BLjg
UCSpTag3s1BiIwOYqteeudjA,@綾女ゆーり,12,1年,Member (1 year),,不明,,,5,7,1,2026-09-08 22:31,2026-10-04 22:30,,,https://www.youtube.com/channel/UCSpTag3s1BiIwOYqteeudjA
UCUfpSJDB3UeyZ5D3Wuapz6A,@gololones,12,1年,Member (1 year),,不明,,,5,20,0,2026-09-08 22:31,2026-10-04 22:30,,,https://www.youtube.com/channel/UCUfpSJDB3UeyZ5D3Wuapz6A
UCvK75FG-PcXQjurTOtwxneg,@もちまみれ,12,1年,Member (1 year),,不明,,,5,47,0,2026-09-08 22:31,2026-10-05 22:30,,,https://www.youtube.com/channel/UCvK75FG-PcXQjurTOtwxneg
UCZApwpaURrVQaVgXBbBDeMg,@はす子-o1v,12,1年,Member (1 year),,不明,,,5,6,0,2026-09-10 22:00,2026-09-26 21:33,,,https://www.youtube.com/channel/UCZApwpaURrVQaVgXBbBDeMg
UC6accime2TI21dGEGVJnLiA,@uamy2222,12,1年,Member (1 year),,不明,,,5,5,0,2026-09-10 22:00,2026-10-05 22:30,,,https://www.youtube.com/channel/UC6accime2TI21dGEGVJnLiA
UCUssNcxrvBArHFSuS6b7RRA,@桜餅_te,12,1年,Member (1 year),,不明,,,5,59,0,2026-09-10 22:00,2026-10-02 22:30,,,https://www.youtube.com/channel/UCUssNcxrvBArHFSuS6b7RRA
UCagBwUSIPMKm0tFRNcysYrg,@ガビガビ芋虫-y7s,12,1年,Member (1 year),,不明,,,5,74,0,2026-09-10 22:00,2026-10-04 22:30,,,https://www.youtube.com/channel/UCagBwUSIPMKm0tFRNcysYrg
UCTnrGzBdIvWJKTswuBlPhJg,@ピピ-22,12,1年,Member (1 year),,不明,,,5,10,0,2026-09-10 22:00,2026-10-02 20:00,,,https://www.youtube.com/channel/UCTnrGzBdIvWJKTswuBlPhJg
UChIhI_6sN4yiPb4mPUhRpmQ,@Cano-u5m,12,1年,Member (1 year),,不明,,,5,6,0,2026-09-10 22:00,2026-10-04 22:30,,,https://www.youtube.com/channel/UChIhI_6sN4yiPb4mPUhRpmQ
UCkVOTdzB4LfajAoHOmdGeBQ,@volupe_,12,1年,Member (1 year),,不明,,,5,10,0,2026-09-10 22:00,2026-10-02 20:00,,,https://www.youtube.com/channel/UCkVOTdzB4LfajAoHOmdGeBQ
UCyK5KZmWSHv7IPUSag9alPQ,@灯華-y4u,12,1年,Member (1 year),,不明,,,5,27,0,2026-09-10 22:00,2026-10-05 22:30,,,https://www.youtube.com/channel/UCyK5KZmWSHv7IPUSag9alPQ
UCW4FEHI5Z-IJDxPWtHkJAgw,@みゃにゃにゃ,12,1年,Member (1 year),,不明,,,5,12,0,2026-09-10 22:00,2026-10-04 22:30,,,https://www.youtube.com/channel/UCW4FEHI5Z-IJDxPWtHkJAgw
UCnFMAMUp0jmy-FWijpGPtwQ,@rokuchi2936,12,1年,Member (1 year),,不明,,,5,53,0,2026-09-10 22:00,2026-10-02 22:30,,,https://www.youtube.com/channel/UCnFMAMUp0jmy-FWijpGPtwQ
UC2PHwhZYTfPtm7yZpuqjJ0A,@しらたま鯛焼き,12,1年,Member (1 year),,不明,,,5,14,0,2026-09-10 22:00,2026-10-04 22:30,,,https://www.youtube.com/channel/UC2PHwhZYTfPtm7yZpuqjJ0A
UCIYUN6-1hjPU4xNytRZSTiw,@青葉クルリ,12,1年,Member (1 year),,不明,,,5,28,0,2026-09-10 22:00,2026-10-04 22:30,,,https://www.youtube.com/channel/UCIYUN6-1hjPU4xNytRZSTiw
UC4L9r6OF8C4AHr0L58iPh-g,@はるかチャン-kg,12,1年,Member (1 year),,不明,,,5,7,1,2026-09-12 00:02,2026-10-02 22:30,,,https://www.youtube.com/channel/UC4L9r6OF8C4AHr0L58iPh-g
UCDxJCfgFfTmoRWG-sr8Z6Xg,@とも-g6i,12,1年,Member (1 year),,不明,,,5,105,0,2026-09-12 00:02,2026-09-24 23:01,,,https://www.youtube.com/channel/UCDxJCfgFfTmoRWG-sr8Z6Xg
UCmsxntxYiJily0bV5niqlEg,@kohcerasus,12,1年,Member (1 year),,不明,,,5,24,1,2026-09-12 00:02,2026-10-02 22:30,,,https://www.youtube.com/channel/UCmsxntxYiJily0bV5niqlEg
UC05W0R-qyKvsZ5u7p4pARLQ,@あやちこ-83,12,1年,Member (1 year),,不明,,,5,7,0,2026-09-12 00:02,2026-10-02 22:30,,,https://www.youtube.com/channel/UC05W0R-qyKvsZ5u7p4pARLQ
UClcWpHcx92qZROyDcILO3kw,@しろーい文鳥,12,1年,Member (1 year),,不明,,,5,31,0,2026-09-12 00:02,2026-10-02 22:30,,,https://www.youtube.com/channel/UClcWpHcx92qZROyDcILO3kw
UCDqyf6Zb_CoxWzqywtgHOsQ,@rice_rice_nice,12,1年,Member (1 year),,不明,,,5,10,0,2026-09-12 00:02,2026-10-02 20:00,,,https://www.youtube.com/channel/UCDqyf6Zb_CoxWzqywtgHOsQ
UCGVe8S3UcINZf7lwdhs6vPA,@かぴ-d3e,12,1年,Member (1 year),,不明,,,5,6,0,2026-09-12 00:02,2026-10-05 22:30,,,https://www.youtube.com/channel/UCGVe8S3UcINZf7lwdhs6vPA
UCmsFe15dxc8_nDo8Q_HQpHw,@u3umanamin,12,1年,Member (1 year),,不明,,,5,9,0,2026-09-12 00:02,2026-09-24 23:01,,,https://www.youtube.com/channel/UCmsFe15dxc8_nDo8Q_HQpHw
UCRHovJUJzgmcOQ9XNVQYl1g,@悠-x4q,12,1年,Member (1 year),,不明,,,5,6,0,2026-09-12 00:02,2026-09-27 23:00,,,https://www.youtube.com/channel/UCRHovJUJzgmcOQ9XNVQYl1g
UCs8Hr0v3i4Rg-uEN9lfyxFA,@seo_せお,12,1年,Member (1 year),,不明,,,5,68,0,2026-09-12 00:02,2026-10-02 22:30,,,https://www.youtube.com/channel/UCs8Hr0v3i4Rg-uEN9lfyxFA
UCoy12ifSCIcg18vtA_ujf4Q,@蒼-i1p,12,1年,Member (1 year),,不明,,,5,10,0,2026-09-12 00:02,2026-10-05 22:30,,,https://www.youtube.com/channel/UCoy12ifSCIcg18vtA_ujf4Q
UCaIuws3_uPVnguc0yG5ab_w,@Yuki-fi5ss,12,1年,Member (1 year),,不明,,,5,35,0,2026-09-12 23:00,2026-10-02 22:30,,,https://www.youtube.com/channel/UCaIuws3_uPVnguc0yG5ab_w
UC2PYq_RLNh7H5SeSQqZzEZQ,@15daifuku25chan,12,1年,Member (1 year),,不明,,,5,20,0,2026-09-12 23:00,2026-10-02 22:30,,,https://www.youtube.com/channel/UC2PYq_RLNh7H5SeSQqZzEZQ
UCnS97mhkebkUPQqHcCZ_FKQ,@みや-p1j,12,1年,Member (1 year),,不明,,,5,8,0,2026-09-12 23:00,2026-10-04 22:30,,,https://www.youtube.com/channel/UCnS97mhkebkUPQqHcCZ_FKQ
UCBCQgBzi_yHH8Oe7nHfy1mQ,@ひるヤスみ,12,1年,Member (1 year),,不明,,,5,84,0,2026-09-12 23:00,2026-10-05 22:30,,,https://www.youtube.com/channel/UCBCQgBzi_yHH8Oe7nHfy1mQ
UCAPG635m7tBiLUTDl3L3HvA,@sasurai-duja,12,1年,Member (1 year),,不明,,,5,36,0,2026-09-15 22:00,2026-10-04 22:30,,,https://www.youtube.com/channel/UCAPG635m7tBiLUTDl3L3HvA
UCW7cJnUPl6AnidsBmNz6r1Q,@Amber_in_water,12,1年,Member (1 year),,不明,,,5,13,0,2026-09-15 22:00,2026-10-02 22:30,,,https://www.youtube.com/channel/UCW7cJnUPl6AnidsBmNz6r1Q
UCe-LUbKwYxm0oLxrsACyChg,@ななうめ-l3v,12,1年,Member (1 year),,不明,,,5,24,0,2026-09-17 07:30,2026-10-02 20:00,,,https://www.youtube.com/channel/UCe-LUbKwYxm0oLxrsACyChg
UCoh71XfOe5Afj_KslNzo2BQ,@ハヒフヘフンフン,12,1年,Member (1 year),,不明,,,5,27,0,2026-09-22 14:02,2026-10-02 22:30,,,https://www.youtube.com/channel/UCoh71XfOe5Afj_KslNzo2BQ
UC93XQuO_1_8nv0S9OrGA7og,@dokkoisho_,12,1年,Member (1 year),,不明,,,5,12,0,2026-09-22 14:02,2026-10-04 22:30,,,https://www.youtube.com/channel/UC93XQuO_1_8nv0S9OrGA7og
UCg_SMUaeqiWBenfSXdYIwWg,@kirono_R,12,1年,Member (1 year),,不明,,,5,14,0,2026-09-24 23:01,2026-10-04 22:30,,,https://www.youtube.com/channel/UCg_SMUaeqiWBenfSXdYIwWg
UCEVww3-xdECYqXWPmz0DOfQ,@こだわり炒飯,12,1年,Member (1 year),,不明,,,4,7,0,2026-09-08 22:31,2026-10-02 22:30,,,https://www.youtube.com/channel/UCEVww3-xdECYqXWPmz0DOfQ
UCHGYySPwdZeXnYjokp-1PBA,@kanade14122,12,1年,Member (1 year),,不明,,,4,8,0,2026-09-08 22:31,2026-09-24 23:01,,,https://www.youtube.com/channel/UCHGYySPwdZeXnYjokp-1PBA
UCufPR5wT4xvpXEmnrre--xw,@ゆずぽんず_67,12,1年,Member (1 year),,不明,,,4,57,0,2026-09-08 22:31,2026-10-02 20:00,,,https://www.youtube.com/channel/UCufPR5wT4xvpXEmnrre--xw
UCkL5vcVBOQt-EEvZDdQg_Ew,@ひぃl._.l,12,1年,Member (1 year),,不明,,,4,6,0,2026-09-08 22:31,2026-10-05 22:30,,,https://www.youtube.com/channel/UCkL5vcVBOQt-EEvZDdQg_Ew
UC_F157fKVtfKs2meWEe4l9w,@スッピー-u5f,12,1年,Member (1 year),,不明,,,4,5,0,2026-09-08 22:31,2026-09-18 21:30,,,https://www.youtube.com/channel/UC_F157fKVtfKs2meWEe4l9w
UCGW95hq9feLtA9SK3XWrHFQ,@伊崎詩音,12,1年,Member (1 year),,不明,,,4,12,0,2026-09-08 22:31,2026-10-04 22:30,,,https://www.youtube.com/channel/UCGW95hq9feLtA9SK3XWrHFQ
UCFre8a4sM1tx0RXBTESV_AA,@さつき-o1d,12,1年,Member (1 year),,不明,,,4,6,1,2026-09-10 22:00,2026-10-02 22:30,,,https://www.youtube.com/channel/UCFre8a4sM1tx0RXBTESV_AA
UCbK5EbOuXwV0-j5wI3aRQbQ,@シオン-lv0116,12,1年,Member (1 year),,不明,,,4,49,0,2026-09-10 22:00,2026-10-02 20:00,,,https://www.youtube.com/channel/UCbK5EbOuXwV0-j5wI3aRQbQ
UCGZWUoM4lNjBcl0YB7Sia-w,@MHえむ,12,1年,Member (1 year),,不明,,,4,12,0,2026-09-10 22:00,2026-09-22 14:02,,,https://www.youtube.com/channel/UCGZWUoM4lNjBcl0YB7Sia-w
UC3a9oUkrHc14jUXpwTbmXAA,@omurice3000,12,1年,Member (1 year),,不明,,,4,36,0,2026-09-10 22:00,2026-09-27 23:00,,,https://www.youtube.com/channel/UC3a9oUkrHc14jUXpwTbmXAA
UCBCWc0QgXbI3-Zm9aM00StA,@ao-ruri,12,1年,Member (1 year),,不明,,,4,4,0,2026-09-10 22:00,2026-10-02 22:30,,,https://www.youtube.com/channel/UCBCWc0QgXbI3-Zm9aM00StA
UCEQehe1q8GwkOPMHg3Jzf9w,@すずき-x6q,12,1年,Member (1 year),,不明,,,4,8,0,2026-09-10 22:00,2026-09-24 23:01,,,https://www.youtube.com/channel/UCEQehe1q8GwkOPMHg3Jzf9w
UCa6leu_FtMb60XLDglgA5uw,@amatsu-nmz,12,1年,Member (1 year),,不明,,,4,9,0,2026-09-10 22:00,2026-09-24 23:01,,,https://www.youtube.com/channel/UCa6leu_FtMb60XLDglgA5uw
UCMmKkX8-tWgnn3PJkp7N94Q,@かずねる,12,1年,Member (1 year),,不明,,,4,8,0,2026-09-10 22:00,2026-10-02 22:30,,,https://www.youtube.com/channel/UCMmKkX8-tWgnn3PJkp7N94Q
UCASKERweiZbnYqwBHx5YSlg,@海ち,12,1年,Member (1 year),,不明,,,4,12,0,2026-09-10 22:00,2026-10-04 22:30,,,https://www.youtube.com/channel/UCASKERweiZbnYqwBHx5YSlg
UCKuvIiLwtE9NEh0F1M7ArOw,@のあん-q4i,12,1年,Member (1 year),,不明,,,4,4,0,2026-09-12 00:02,2026-10-05 22:30,,,https://www.youtube.com/channel/UCKuvIiLwtE9NEh0F1M7ArOw
UCausnNzPlZfQrY5zZj8uicw,@ゆうそうyuso78,12,1年,Member (1 year),,不明,,,4,5,0,2026-09-12 00:02,2026-09-24 23:01,,,https://www.youtube.com/channel/UCausnNzPlZfQrY5zZj8uicw
UCUVKVJWJ8I7ZlfUTATKfPLQ,@37みやま,12,1年,Member (1 year),,不明,,,4,16,0,2026-09-12 00:02,2026-10-02 22:30,,,https://www.youtube.com/channel/UCUVKVJWJ8I7ZlfUTATKfPLQ
UCy7Bi_-3KYKtNBhuQySWpuA,@user-karasugai,12,1年,Member (1 year),,不明,,,4,18,0,2026-09-12 00:02,2026-09-24 23:01,,,https://www.youtube.com/channel/UCy7Bi_-3KYKtNBhuQySWpuA
UCc9eo7Tj_Xdewe3SniiMtYw,@ふぉれすと_c,12,1年,Member (1 year),,不明,,,4,5,0,2026-09-12 00:02,2026-10-05 22:30,,,https://www.youtube.com/channel/UCc9eo7Tj_Xdewe3SniiMtYw
UCD_2d0O01lohzqLAQtXFmzA,@yorena5327,12,1年,Member (1 year),,不明,,,4,140,0,2026-09-12 00:02,2026-10-04 22:30,,,https://www.youtube.com/channel/UCD_2d0O01lohzqLAQtXFmzA
UCRJ85CGU3QFSnaZCkhq-kQw,@ゆっけ-c5q,12,1年,Member (1 year),,不明,,,4,8,0,2026-09-12 00:02,2026-10-02 22:30,,,https://www.youtube.com/channel/UCRJ85CGU3QFSnaZCkhq-kQw
UCJDjHzPzcNeOuTqyyEPmm_Q,@潤子_Junko,12,1年,Member (1 year),,不明,,,4,39,0,2026-09-12 00:02,2026-09-24 23:01,,,https://www.youtube.com/channel/UCJDjHzPzcNeOuTqyyEPmm_Q
UCyiBHoHAPf0aLFcEHKutccQ,@あきの-s2s,12,1年,Member (1 year),,不明,,,4,8,0,2026-09-12 23:00,2026-10-02 22:30,,,https://www.youtube.com/channel/UCyiBHoHAPf0aLFcEHKutccQ
UC91trG1HgQrhCffK7_f2VFA,@あみnyan,12,1年,Member (1 year),,不明,,,4,5,0,2026-09-12 23:00,2026-10-02 22:30,,,https://www.youtube.com/channel/UC91trG1HgQrhCffK7_f2VFA
UCZOtS6Q-YhNWW9bEDoO3E5A,@パルコ-vk,12,1年,Member (1 year),,不明,,,4,16,0,2026-09-15 22:00,2026-10-02 22:30,,,https://www.youtube.com/channel/UCZOtS6Q-YhNWW9bEDoO3E5A
UCwU2vfUwQ_MVLVym-elhQmg,@チキうさ-0728,12,1年,Member (1 year),,不明,,,4,8,0,2026-09-15 22:00,2026-09-22 14:02,,,https://www.youtube.com/channel/UCwU2vfUwQ_MVLVym-elhQmg
UCy2WQQZBaA_QmH1kfRdAHLA,@青花-aoha7,12,1年,Member (1 year),,不明,,,4,43,0,2026-09-15 22:00,2026-10-04 22:30,,,https://www.youtube.com/channel/UCy2WQQZBaA_QmH1kfRdAHLA
UCD4-VqdynLWTuPze8cKb1Og,@Tyaa-zw6cy,12,1年,Member (1 year),,不明,,,4,4,2,2026-09-17 07:30,2026-10-02 22:30,,,https://www.youtube.com/channel/UCD4-VqdynLWTuPze8cKb1Og
UCDuxHKX0-aST87NB61hHsew,@らいす-e9p,12,1年,Member (1 year),,不明,,,4,179,2,2026-09-17 07:30,2026-10-04 22:30,,,https://www.youtube.com/channel/UCDuxHKX0-aST87NB61hHsew
UCeTwc7naou_Zn-mcuOVI4vg,@秋明音ラン,12,1年,Member (1 year),,不明,,,4,81,1,2026-09-17 07:30,2026-10-02 22:30,,,https://www.youtube.com/channel/UCeTwc7naou_Zn-mcuOVI4vg
UCEfJaXjlMQMhCLi-G7wP2Zw,@オレンジ-o2c,12,1年,Member (1 year),,不明,,,4,15,0,2026-09-17 07:30,2026-10-04 22:30,,,https://www.youtube.com/channel/UCEfJaXjlMQMhCLi-G7wP2Zw
UCMGpUjbxIYeBB2f7lLjJdUg,@むぅち-b6b,12,1年,Member (1 year),,不明,,,4,10,0,2026-09-17 22:05,2026-10-04 22:30,,,https://www.youtube.com/channel/UCMGpUjbxIYeBB2f7lLjJdUg
UCuA_8eQ8ExaWBKV6tOiIRow,@ちびたびーず,12,1年,Member (1 year),,不明,,,4,11,0,2026-09-17 22:05,2026-10-02 22:30,,,https://www.youtube.com/channel/UCuA_8eQ8ExaWBKV6tOiIRow
UC2lmsie2ZLRHR_Ew0gt5Oyg,@mumu_ty,12,1年,Member (1 year),,不明,,,4,6,0,2026-09-17 22:05,2026-10-02 22:30,,,https://www.youtube.com/channel/UC2lmsie2ZLRHR_Ew0gt5Oyg
UCW43nWaaH8cNRIuUe7Cjchw,@五葉-goyou,12,1年,Member (1 year),,不明,,,4,18,0,2026-09-18 21:30,2026-10-02 22:30,,,https://www.youtube.com/channel/UCW43nWaaH8cNRIuUe7Cjchw
UC2BIZLwCjKZp4iBhgv6tT-A,@yuube0718,12,1年,Member (1 year),,不明,,,4,224,0,2026-09-22 10:02,2026-09-27 23:00,,,https://www.youtube.com/channel/UC2BIZLwCjKZp4iBhgv6tT-A
UClILoElvnAbrzAMOdWkE5Qg,@ななる-x7m,12,1年,Member (1 year),,不明,,,4,12,1,2026-09-22 14:02,2026-10-05 22:30,,,https://www.youtube.com/channel/UClILoElvnAbrzAMOdWkE5Qg
UCC1BkDqfJ_S6ErqMK09Kiiw,@redd-fs,12,1年,Member (1 year),,不明,,,4,4,0,2026-09-24 23:01,2026-10-05 22:30,,,https://www.youtube.com/channel/UCC1BkDqfJ_S6ErqMK09Kiiw
UCnrQWngBWk4m5i6V0VVfZcw,@ヱヌ-o18h,12,1年,Member (1 year),,不明,,,3,5,0,2026-09-08 22:31,2026-09-17 07:30,,,https://www.youtube.com/channel/UCnrQWngBWk4m5i6V0VVfZcw
UC8HkPp6hLCEQTsDzLRLSbBw,@れもんぬk-i,12,1年,Member (1 year),,不明,,,3,30,0,2026-09-08 22:31,2026-09-22 14:02,,,https://www.youtube.com/channel/UC8HkPp6hLCEQTsDzLRLSbBw
UCeyVzNwUwEuj6q-nexh1tmA,@DD-zh1yy,12,1年,Member (1 year),,不明,,,3,301,0,2026-09-08 22:31,2026-10-04 22:30,,,https://www.youtube.com/channel/UCeyVzNwUwEuj6q-nexh1tmA
UCzVnZloenU978NJrsH_EC_g,@つとむときなこ,12,1年,Member (1 year),,不明,,,3,4,0,2026-09-08 22:31,2026-10-05 22:30,,,https://www.youtube.com/channel/UCzVnZloenU978NJrsH_EC_g
UC-MyZq3kAegnalynVqhrC3w,@かふぇもか-t6s,12,1年,Member (1 year),,不明,,,3,4,0,2026-09-08 22:31,2026-09-22 10:02,,,https://www.youtube.com/channel/UC-MyZq3kAegnalynVqhrC3w
UCIdmid1KvtNetkDX3i473Ig,@83noyamino55,12,1年,Member (1 year),,不明,,,3,6,0,2026-09-10 22:00,2026-10-02 22:30,,,https://www.youtube.com/channel/UCIdmid1KvtNetkDX3i473Ig
UCBi1qH_2gBYsBxYuxEblSrg,@綿埃毛糸,12,1年,Member (1 year),,不明,,,3,5,1,2026-09-10 22:00,2026-09-22 14:02,,,https://www.youtube.com/channel/UCBi1qH_2gBYsBxYuxEblSrg
UCKNfLybbzf72MzVJjdt9arg,@roar0727,12,1年,Member (1 year),,不明,,,3,20,0,2026-09-10 22:00,2026-09-24 23:01,,,https://www.youtube.com/channel/UCKNfLybbzf72MzVJjdt9arg
UC-l3H7PVRVQVD38ypKVLtCQ,@NooN-723,12,1年,Member (1 year),,不明,,,3,100,0,2026-09-10 22:00,2026-09-24 23:01,,,https://www.youtube.com/channel/UC-l3H7PVRVQVD38ypKVLtCQ
UCNBAD6r8z8yyIPp2IJsxZcA,@ふわふわもち,12,1年,Member (1 year),,不明,,,3,4,0,2026-09-10 22:00,2026-09-24 23:01,,,https://www.youtube.com/channel/UCNBAD6r8z8yyIPp2IJsxZcA
UCEa591fDKQZo5jnFN4Cm1_g,@月風凛,12,1年,Member (1 year),,不明,,,3,7,0,2026-09-10 22:00,2026-09-26 21:33,,,https://www.youtube.com/channel/UCEa591fDKQZo5jnFN4Cm1_g
UCKmE9LDvfSD5bgiI9dyoNeg,@メイカリヒ,12,1年,Member (1 year),,不明,,,3,6,1,2026-09-10 22:00,2026-10-04 22:30,,,https://www.youtube.com/channel/UCKmE9LDvfSD5bgiI9dyoNeg
UC5zaOzRR-m6apQW4d902MSA,@ネコチャンユカイ,12,1年,Member (1 year),,不明,,,3,18,0,2026-09-10 22:00,2026-09-22 14:02,,,https://www.youtube.com/channel/UC5zaOzRR-m6apQW4d902MSA
UCstZNr4eA2u7VVA2V0Yer2Q,@realune1018,12,1年,Member (1 year),,不明,,,3,16,0,2026-09-12 00:02,2026-10-04 22:30,,,https://www.youtube.com/channel/UCstZNr4eA2u7VVA2V0Yer2Q
UCY0sGFpcFDl3DUfMVEqJCKg,@るな-w6y,12,1年,Member (1 year),,不明,,,3,8,1,2026-09-12 00:02,2026-10-02 22:30,,,https://www.youtube.com/channel/UCY0sGFpcFDl3DUfMVEqJCKg
UCTtWUZo2aW3mZyYJiXMmXdw,@rituko_225,12,1年,Member (1 year),,不明,,,3,4,0,2026-09-12 00:02,2026-10-04 22:30,,,https://www.youtube.com/channel/UCTtWUZo2aW3mZyYJiXMmXdw
UCABU8mEfwLpBb3dXNITykTw,@躑躅那由,12,1年,Member (1 year),,不明,,,3,4,0,2026-09-12 00:02,2026-10-05 22:30,,,https://www.youtube.com/channel/UCABU8mEfwLpBb3dXNITykTw
UCdWWpfiREKihlEK2nck06Uw,@睦月-g5f,12,1年,Member (1 year),,不明,,,3,75,3,2026-09-12 00:02,2026-10-02 22:30,,,https://www.youtube.com/channel/UCdWWpfiREKihlEK2nck06Uw
UCB0fDF_iy67hHgOVDMR1CqQ,@ひゃくはなお姉さま,12,1年,Member (1 year),,不明,,,3,52,0,2026-09-12 00:02,2026-10-02 22:30,,,https://www.youtube.com/channel/UCB0fDF_iy67hHgOVDMR1CqQ
UCcNFpHU41XLIoGuNmrAss8g,@きなこかおるこ-kinakokaoruko,12,1年,Member (1 year),,不明,,,3,13,0,2026-09-12 00:02,2026-09-17 22:05,,,https://www.youtube.com/channel/UCcNFpHU41XLIoGuNmrAss8g
UCjPwXAfySvP7TbnPOMVC1UA,@せん_senpis4,12,1年,Member (1 year),,不明,,,3,9,1,2026-09-12 00:02,2026-09-27 23:00,,,https://www.youtube.com/channel/UCjPwXAfySvP7TbnPOMVC1UA
UCYvJ5jTLFOkwFS1ADNRLZOA,@melon_suika,12,1年,Member (1 year),,加賀美ハヤトのメンバーシップ,再加入/レベル変更,,3,4,0,2026-09-12 00:02,2026-09-24 23:01,,,https://www.youtube.com/channel/UCYvJ5jTLFOkwFS1ADNRLZOA
UCkOi_AYP2MHP3sg1DdbgQcA,@りりあ親方-h3u,12,1年,Member (1 year),,不明,,,3,10,0,2026-09-12 00:02,2026-09-24 23:01,,,https://www.youtube.com/channel/UCkOi_AYP2MHP3sg1DdbgQcA
UCwz1qx45zG0Uq_aT_GMWY6Q,@yoihara00,12,1年,Member (1 year),,不明,,,3,15,0,2026-09-12 00:02,2026-10-05 22:30,,,https://www.youtube.com/channel/UCwz1qx45zG0Uq_aT_GMWY6Q
UCIbDosICwErYyZnV6UmBUng,@405k5,12,1年,Member (1 year),,不明,,,3,3,0,2026-09-12 00:02,2026-10-04 22:30,,,https://www.youtube.com/channel/UCIbDosICwErYyZnV6UmBUng
UCh1iO7GcLzKqo9k5W4bRjNg,@マハごはん,12,1年,Member (1 year),,不明,,,3,6,0,2026-09-12 00:02,2026-10-02 22:30,,,https://www.youtube.com/channel/UCh1iO7GcLzKqo9k5W4bRjNg
UC6qmNjGnkS93BHvDeNt83qw,@kkc_shi,12,1年,Member (1 year),,不明,,,3,3,0,2026-09-12 00:02,2026-09-15 22:00,,,https://www.youtube.com/channel/UC6qmNjGnkS93BHvDeNt83qw
UC3co5R29GggekKwiuV0lbZQ,@Mitzba04510,12,1年,Member (1 year),,不明,,,3,10,0,2026-09-12 00:02,2026-10-04 22:30,,,https://www.youtube.com/channel/UC3co5R29GggekKwiuV0lbZQ
UC2V0rBEwIUsCrpiOyV3Y2ig,@shogo_iroiro,12,1年,Member (1 year),,不明,,,3,25,0,2026-09-12 00:02,2026-09-24 23:01,,,https://www.youtube.com/channel/UC2V0rBEwIUsCrpiOyV3Y2ig
UCepnlD1EsXkYh8dLekOmkjQ,@m1ki06,12,1年,Member (1 year),,不明,,,3,49,0,2026-09-12 23:00,2026-09-26 21:33,,,https://www.youtube.com/channel/UCepnlD1EsXkYh8dLekOmkjQ
UCoAqZ_G_N2EfpeqUTiPy1-g,@やきもも-i9y,12,1年,Member (1 year),,不明,,,3,6,0,2026-09-12 23:00,2026-10-05 22:30,,,https://www.youtube.com/channel/UCoAqZ_G_N2EfpeqUTiPy1-g
UC7VuNlpC6n_polfZcfm0gYg,@chiaki-MC1025kt,12,1年,Member (1 year),,不明,,,3,6,0,2026-09-12 23:00,2026-10-02 22:30,,,https://www.youtube.com/channel/UC7VuNlpC6n_polfZcfm0gYg
UCyvXrX5Efly3ZgpxKXYt0dQ,@棘oo,12,1年,Member (1 year),,不明,,,3,6,0,2026-09-12 23:00,2026-09-24 23:01,,,https://www.youtube.com/channel/UCyvXrX5Efly3ZgpxKXYt0dQ
UCYByw8ZWv-hEeLUeyasp1Gg,@なつこ-n3d,12,1年,Member (1 year),,不明,,,3,6,0,2026-09-12 23:00,2026-09-24 23:01,,,https://www.youtube.com/channel/UCYByw8ZWv-hEeLUeyasp1Gg
UC99BbwL0fJuf97arWsM4o1g,@ao_N40,12,1年,Member (1 year),,不明,,,3,3,0,2026-09-12 23:00,2026-10-02 22:30,,,https://www.youtube.com/channel/UC99BbwL0fJuf97arWsM4o1g
UCcNJpJTM7e2vQdZxF4aXMIw,@Yocca_gl,12,1年,Member (1 year),,不明,,,3,18,0,2026-09-12 23:00,2026-10-04 22:30,,,https://www.youtube.com/channel/UCcNJpJTM7e2vQdZxF4aXMIw
UCYD6tBkzsGRp_IEUmDMdoIw,@manomano_まのん,12,1年,Member (1 year),,不明,,,3,4,0,2026-09-12 23:00,2026-09-24 23:01,,,https://www.youtube.com/channel/UCYD6tBkzsGRp_IEUmDMdoIw
UCxYAm022BIaDsVzlnk5XFng,@かぼ茶-n1r,12,1年,Member (1 year),,不明,,,3,6,0,2026-09-12 23:00,2026-09-18 21:30,,,https://www.youtube.com/channel/UCxYAm022BIaDsVzlnk5XFng
UCAFVyj4jz4eGM_lFzPHDXHA,@makin8067,12,1年,Member (1 year),,不明,,,3,6,0,2026-09-12 23:00,2026-09-27 23:00,,,https://www.youtube.com/channel/UCAFVyj4jz4eGM_lFzPHDXHA
UCL3qaC1KlusBs6LvpFUfAXA,@岬0319,12,1年,Member (1 year),,不明,,,3,3,0,2026-09-15 22:00,2026-10-05 22:30,,,https://www.youtube.com/channel/UCL3qaC1KlusBs6LvpFUfAXA
UC6P6xs-GnvtJszzasI3WPAg,@Yumiwo_san,12,1年,Member (1 year),,不明,,,3,31,0,2026-09-15 22:00,2026-10-02 22:30,,,https://www.youtube.com/channel/UC6P6xs-GnvtJszzasI3WPAg
UC4QP7l7rgzMhN-GhISI7s8A,@アゲハ木暮,12,1年,Member (1 year),,不明,,,3,26,0,2026-09-15 22:00,2026-10-04 22:30,,,https://www.youtube.com/channel/UC4QP7l7rgzMhN-GhISI7s8A
UCkI2doG8bkdoFBHbq5b6v0w,@まーちゃん_kh,12,1年,Member (1 year),,不明,,,3,4,0,2026-09-15 22:00,2026-10-02 22:30,,,https://www.youtube.com/channel/UCkI2doG8bkdoFBHbq5b6v0w
UC6vuP5nC1cYHv10xS1R3REg,@マリモジュース,12,1年,Member (1 year),,不明,,,3,4,0,2026-09-15 22:00,2026-10-02 20:00,,,https://www.youtube.com/channel/UC6vuP5nC1cYHv10xS1R3REg
UCFF-MxWcQEAwrM5lpniieAA,@electrical_mokuzu,12,1年,Member (1 year),,不明,,,3,3,0,2026-09-17 07:30,2026-10-05 22:30,,,https://www.youtube.com/channel/UCFF-MxWcQEAwrM5lpniieAA
UCbQKKRZoZwNNP7-R6wTIeDg,@elya36-n8p,12,1年,Member (1 year),,不明,,,3,8,0,2026-09-17 07:30,2026-10-04 22:30,,,https://www.youtube.com/channel/UCbQKKRZoZwNNP7-R6wTIeDg
UC2B04u2MKrBi71PEkWAI-WQ,@Shizuka-0114,12,1年,Member (1 year),,不明,,,3,37,0,2026-09-17 07:30,2026-09-26 21:33,,,https://www.youtube.com/channel/UC2B04u2MKrBi71PEkWAI-WQ
UCL3z2GT2U_jthZFd0WE0VTw,@やま-r5l1x,12,1年,Member (1 year),,不明,,,3,3,0,2026-09-17 07:30,2026-10-04 22:30,,,https://www.youtube.com/channel/UCL3z2GT2U_jthZFd0WE0VTw
UCT9cc2D3_LN7dRob8iyGMJQ,@いもののすけ,12,1年,Member (1 year),,不明,,,3,9,0,2026-09-17 07:30,2026-09-27 23:00,,,https://www.youtube.com/channel/UCT9cc2D3_LN7dRob8iyGMJQ
UCTG184Rt9PGov55rviTvXsQ,@Kasumi_K1104,12,1年,Member (1 year),,不明,,,3,10,0,2026-09-17 07:30,2026-09-22 14:02,,,https://www.youtube.com/channel/UCTG184Rt9PGov55rviTvXsQ
UC8s1Rb9LLmPn9-SxGUD1Gmg,@user-potohu24,12,1年,Member (1 year),,不明,,,3,3,0,2026-09-17 07:30,2026-10-02 20:00,,,https://www.youtube.com/channel/UC8s1Rb9LLmPn9-SxGUD1Gmg
UCxL66Er8C9ckvwAjpVtG16g,@つつじ-h9h,12,1年,Member (1 year),,不明,,,3,5,0,2026-09-17 07:30,2026-09-22 14:02,,,https://www.youtube.com/channel/UCxL66Er8C9ckvwAjpVtG16g
UCwvgtakKQ3N1yzeUy1CLtCQ,@hishi-123x,12,1年,Member (1 year),,不明,,,3,3,0,2026-09-17 22:05,2026-10-04 22:30,,,https://www.youtube.com/channel/UCwvgtakKQ3N1yzeUy1CLtCQ
UCLvxYLih_7Ws8NxzOFXF1vw,@あおかげそう,12,1年,Member (1 year),,不明,,,3,28,0,2026-09-17 22:05,2026-09-26 21:33,,,https://www.youtube.com/channel/UCLvxYLih_7Ws8NxzOFXF1vw
UCisKZRDTGVn7SIr-2St056Q,@o_o-u_u_zzz,12,1年,Member (1 year),,不明,,,3,17,0,2026-09-17 22:05,2026-09-24 23:01,,,https://www.youtube.com/channel/UCisKZRDTGVn7SIr-2St056Q
UCjtcV4-b72kaPk_-KBLKQ0w,@saico_sss,12,1年,Member (1 year),,不明,,,3,8,2,2026-09-17 22:05,2026-10-02 22:30,,,https://www.youtube.com/channel/UCjtcV4-b72kaPk_-KBLKQ0w
UCyO4ANsNCeMijUkPONcJ2lA,@ちゃんにゃ-22T8,12,1年,Member (1 year),,不明,,,3,14,0,2026-09-18 21:30,2026-09-22 14:02,,,https://www.youtube.com/channel/UCyO4ANsNCeMijUkPONcJ2lA
UCZBCUuo2A1QOfFZMXdSQUzg,@Ami-7-,12,1年,Member (1 year),,不明,,,3,3,0,2026-09-24 23:01,2026-10-05 22:30,,,https://www.youtube.com/channel/UCZBCUuo2A1QOfFZMXdSQUzg
UCUFJ3KHF5t1F5DqQ5_AEKXg,@kk-wy3gd,12,1年,Member (1 year),,不明,,,3,11,0,2026-09-24 23:01,2026-10-04 22:30,,,https://www.youtube.com/channel/UCUFJ3KHF5t1F5DqQ5_AEKXg
UC2AmCdkUFEJjmxXVyfEB5nQ,@あかつきラテ-r2p,12,1年,Member (1 year),,不明,,,3,4,0,2026-09-24 23:01,2026-10-04 22:30,,,https://www.youtube.com/channel/UC2AmCdkUFEJjmxXVyfEB5nQ
UCb_2mw-mQtD0YCDS3wzTfEA,@noyashiki,12,1年,Member (1 year),,不明,,,3,4,0,2026-09-27 23:00,2026-10-04 22:30,,,https://www.youtube.com/channel/UCb_2mw-mQtD0YCDS3wzTfEA
UCJumUkfL8SN4-kRLsBmgI-w,@nemuri_nemui,12,1年,Member (1 year),,不明,,,3,14,0,2026-09-27 23:00,2026-10-05 22:30,,,https://www.youtube.com/channel/UCJumUkfL8SN4-kRLsBmgI-w
UCY0e8cc6DCrmCWkEEjgVvfw,@リオ-n5i,12,1年,Member (1 year),,不明,,,3,6,0,2026-09-27 23:00,2026-10-05 22:30,,,https://www.youtube.com/channel/UCY0e8cc6DCrmCWkEEjgVvfw
UC1dYvnhRZMljdzHbByKs8EA,@タックル悪質,12,1年,Member (1 year),,不明,,,2,8,0,2026-09-08 22:31,2026-09-17 22:05,,,https://www.youtube.com/channel/UC1dYvnhRZMljdzHbByKs8EA
UCda6a_lCN1TKPZhigt56iAQ,@まりーヌ,12,1年,Member (1 year),,不明,,,2,9,0,2026-09-08 22:31,2026-10-04 22:30,,,https://www.youtube.com/channel/UCda6a_lCN1TKPZhigt56iAQ
UCNzL9DRKeQZVpkIk2E5kF9g,@712haiiro,12,1年,Member (1 year),,不明,,,2,3,0,2026-09-08 22:31,2026-09-15 22:00,,,https://www.youtube.com/channel/UCNzL9DRKeQZVpkIk2E5kF9g
UCH9nGSnhdhM356CQqwnLRrg,@多紀-TAKI-Bryan,12,1年,Member (1 year),,不明,,,2,3,0,2026-09-08 22:31,2026-09-22 10:02,,,https://www.youtube.com/channel/UCH9nGSnhdhM356CQqwnLRrg
UCxlQcGlWDwq03GgSo0JOUjQ,@mikikimatutaro,12,1年,Member (1 year),,不明,,,2,2,0,2026-09-08 22:31,2026-09-22 14:02,,,https://www.youtube.com/channel/UCxlQcGlWDwq03GgSo0JOUjQ
UCnZERoUJ6mJRY14BKkjBF0g,@haruko497,12,1年,Member (1 year),,不明,,,2,13,0,2026-09-08 22:31,2026-09-17 22:05,,,https://www.youtube.com/channel/UCnZERoUJ6mJRY14BKkjBF0g
UC6CW8UR02BmrC0bpciVbl5A,@ヒオP,12,1年,Member (1 year),,不明,,,2,10,0,2026-09-08 22:31,2026-09-22 14:02,,,https://www.youtube.com/channel/UC6CW8UR02BmrC0bpciVbl5A
UCukA91g29eJARvlhekmvBIA,@くろん-c7y,12,1年,Member (1 year),,不明,,,2,8,0,2026-09-08 22:31,2026-09-17 07:30,,,https://www.youtube.com/channel/UCukA91g29eJARvlhekmvBIA
UCagFmzrb7ON4eUM5qeQGMTw,@Shiki0104,12,1年,Member (1 year),,不明,,,2,4,0,2026-09-08 22:31,2026-09-12 23:00,,,https://www.youtube.com/channel/UCagFmzrb7ON4eUM5qeQGMTw
UC1Mq-WfYIMqC9hybF5kYsVQ,@ねこのこ-neko,12,1年,Member (1 year),,不明,,,2,2,0,2026-09-10 22:00,2026-09-22 14:02,,,https://www.youtube.com/channel/UC1Mq-WfYIMqC9hybF5kYsVQ
UC_sJeujMkyAlI_ZFbWeIisw,@なっつ-v5k,12,1年,Member (1 year),,不明,,,2,25,0,2026-09-10 22:00,2026-09-12 00:02,,,https://www.youtube.com/channel/UC_sJeujMkyAlI_ZFbWeIisw
UCKXb566t9N63Cm6T80xJ7AQ,@Yamatoponpon,12,1年,Member (1 year),,不明,,,2,4,0,2026-09-10 22:00,2026-09-22 14:02,,,https://www.youtube.com/channel/UCKXb566t9N63Cm6T80xJ7AQ
UCNXg-cxrRC75D_wJFtX0GdQ,@チョコチップ肉球,12,1年,Member (1 year),,不明,,,2,2,0,2026-09-10 22:00,2026-09-17 22:05,,,https://www.youtube.com/channel/UCNXg-cxrRC75D_wJFtX0GdQ
UCCV5syz6EFlDPRjJWODlj2A,@ひげだま2個,12,1年,Member (1 year),,不明,,,2,2,2,2026-09-12 00:02,2026-09-22 14:02,,,https://www.youtube.com/channel/UCCV5syz6EFlDPRjJWODlj2A
UCO1gZ24sGUFacQvrQzFD_Pg,@SmilynnRin,12,1年,Member (1 year),,不明,,,2,2,2,2026-09-12 00:02,2026-09-24 23:01,,,https://www.youtube.com/channel/UCO1gZ24sGUFacQvrQzFD_Pg
UCh8LP3Ug1l3vgKzHmcrwqQw,@nico25rain,12,1年,Member (1 year),,不明,,,2,4,0,2026-09-12 00:02,2026-09-24 23:01,,,https://www.youtube.com/channel/UCh8LP3Ug1l3vgKzHmcrwqQw
UCegeZ5nnEw03nb4sND2NFlw,@youtuuu_143,12,1年,Member (1 year),,不明,,,2,3,0,2026-09-12 00:02,2026-09-24 23:01,,,https://www.youtube.com/channel/UCegeZ5nnEw03nb4sND2NFlw
UCTgG86hEONy2glou-IPlfng,@stickyabukara,12,1年,Member (1 year),,不明,,,2,49,0,2026-09-12 00:02,2026-09-24 23:01,,,https://www.youtube.com/channel/UCTgG86hEONy2glou-IPlfng
UC_10uFAV1lknNdO59gTzAEw,@アラヤ-w5m,12,1年,Member (1 year),,不明,,,2,6,0,2026-09-12 00:02,2026-09-22 14:02,,,https://www.youtube.com/channel/UC_10uFAV1lknNdO59gTzAEw
UC1bVG3ySYxWjxPAfd7kkAAg,@yuzustern,12,1年,Member (1 year),,不明,,,2,51,0,2026-09-12 00:02,2026-09-22 14:02,,,https://www.youtube.com/channel/UC1bVG3ySYxWjxPAfd7kkAAg
UCHgFv9kRzIOKXB-VPgqQhUQ,@ららcoco5963,12,1年,Member (1 year),,不明,,,2,7,0,2026-09-12 00:02,2026-09-24 23:01,,,https://www.youtube.com/channel/UCHgFv9kRzIOKXB-VPgqQhUQ
UCr1ABEK_ZUoc9NT2jPuSksg,@ぺんた-k3z,12,1年,Member (1 year),,不明,,,2,3,0,2026-09-12 00:02,2026-10-02 20:00,,,https://www.youtube.com/channel/UCr1ABEK_ZUoc9NT2jPuSksg
UC2loyExooE_DJSUD1aLLJOA,@natsukitsune1202,12,1年,Member (1 year),,不明,,,2,5,1,2026-09-12 00:02,2026-09-22 14:02,,,https://www.youtube.com/channel/UC2loyExooE_DJSUD1aLLJOA
UCj0lu4kPy27yWeCtjvwNisg,@兎季丫_うきあ,12,1年,Member (1 year),,不明,,,2,3,0,2026-09-12 00:02,2026-09-22 14:02,,,https://www.youtube.com/channel/UCj0lu4kPy27yWeCtjvwNisg
UC7eDm7BPb8PBfWfoYJkCCVQ,@染依由乃,12,1年,Member (1 year),,不明,,,2,2,0,2026-09-12 00:02,2026-10-02 22:30,,,https://www.youtube.com/channel/UC7eDm7BPb8PBfWfoYJkCCVQ
UCKIFo1l4yS_cUuD7g2xOiYA,@アメアメ-r9e,12,1年,Member (1 year),,不明,,,2,5,2,2026-09-12 00:02,2026-09-15 22:00,,,https://www.youtube.com/channel/UCKIFo1l4yS_cUuD7g2xOiYA
UC2IElr33lGF8zPx3IzsRCvg,@Nissy-h2d-l6k,12,1年,Member (1 year),,不明,,,2,7,0,2026-09-12 00:02,2026-09-24 23:01,,,https://www.youtube.com/channel/UC2IElr33lGF8zPx3IzsRCvg
UCKNCceMp0PtLY07fTNxcaJQ,@サンテ_Sante,12,1年,Member (1 year),,不明,,,2,7,0,2026-09-12 00:02,2026-09-15 22:00,,,https://www.youtube.com/channel/UCKNCceMp0PtLY07fTNxcaJQ
UC6i971tmSY02f5G3GcNNC7w,@nyanya4889,12,1年,Member (1 year),,不明,,,2,3,0,2026-09-12 00:02,2026-09-22 14:02,,,https://www.youtube.com/channel/UC6i971tmSY02f5G3GcNNC7w
UCcffcbRBhpDALBk9eV6LGkg,@totawann5485,12,1年,Member (1 year),,不明,,,2,13,0,2026-09-12 00:02,2026-10-02 22:30,,,https://www.youtube.com/channel/UCcffcbRBhpDALBk9eV6LGkg
UC6PgIN5JUTHjX36JGChMvUA,@user-kabunus,12,1年,Member (1 year),,不明,,,2,2,0,2026-09-12 00:02,2026-09-17 07:30,,,https://www.youtube.com/channel/UC6PgIN5JUTHjX36JGChMvUA
UCFtpm_nq0Rhb4SmLrDZpnAw,@いちごたると_snmy,12,1年,Member (1 year),,不明,,,2,2,0,2026-09-12 23:00,2026-10-04 22:30,,,https://www.youtube.com/channel/UCFtpm_nq0Rhb4SmLrDZpnAw
UCM7BbIeKGItCUSRjaae51Zg,@荒野のモア,12,1年,Member (1 year),,不明,,,2,7,0,2026-09-12 23:00,2026-09-26 21:33,,,https://www.youtube.com/channel/UCM7BbIeKGItCUSRjaae51Zg
UCUw23Qq8CG6qg6bDIjvHeaw,@洸-kou-0430,12,1年,Member (1 year),,不明,,,2,59,0,2026-09-12 23:00,2026-09-24 23:01,,,https://www.youtube.com/channel/UCUw23Qq8CG6qg6bDIjvHeaw
UCqTI7sS7J1h59I2_X8BQamQ,@てれこきむち,12,1年,Member (1 year),,不明,,,2,2,0,2026-09-12 23:00,2026-10-02 22:30,,,https://www.youtube.com/channel/UCqTI7sS7J1h59I2_X8BQamQ
UCI00OFLy5i6phC4U-gJCfuQ,@ももちゃん-i7c,12,1年,Member (1 year),,不明,,,2,8,0,2026-09-12 23:00,2026-10-05 22:30,,,https://www.youtube.com/channel/UCI00OFLy5i6phC4U-gJCfuQ
UCcNSodPmy0fIAKejiWUVpJg,@5_GKOo,12,1年,Member (1 year),,不明,,,2,15,0,2026-09-12 23:00,2026-10-04 22:30,,,https://www.youtube.com/channel/UCcNSodPmy0fIAKejiWUVpJg
UC07H0el969crgut68VrhYaw,@今日もお米が美味しい,12,1年,Member (1 year),,不明,,,2,2,0,2026-09-12 23:00,2026-10-04 22:30,,,https://www.youtube.com/channel/UC07H0el969crgut68VrhYaw
UCVtOOlyKX4OMdeo2KhrSLWw,@kakiyu,12,1年,Member (1 year),,不明,,,2,2,0,2026-09-15 22:00,2026-09-17 07:30,,,https://www.youtube.com/channel/UCVtOOlyKX4OMdeo2KhrSLWw
UCXbqNH8njgdAueAVRF7tXDw,@ましゅらら,12,1年,Member (1 year),,不明,,,2,2,0,2026-09-15 22:00,2026-09-27 23:00,,,https://www.youtube.com/channel/UCXbqNH8njgdAueAVRF7tXDw
UCXpcQwDsg2neOgGPU6TWVLA,@璃夢胡蝶,12,1年,Member (1 year),,不明,,,2,4,0,2026-09-15 22:00,2026-09-27 23:00,,,https://www.youtube.com/channel/UCXpcQwDsg2neOgGPU6TWVLA
UCszgkjJiwuPd1G2petavZOg,@kumosan066,12,1年,Member (1 year),,不明,,,2,2,1,2026-09-15 22:00,2026-10-05 22:30,,,https://www.youtube.com/channel/UCszgkjJiwuPd1G2petavZOg
UCOhGHjmiJb6QrmdTyovyb6Q,@さーたろ9688,12,1年,Member (1 year),,不明,,,2,3,0,2026-09-15 22:00,2026-09-17 07:30,,,https://www.youtube.com/channel/UCOhGHjmiJb6QrmdTyovyb6Q
UC0ppvAIOhtEBPgH8LsYBh6A,@ちはや-kinket0628,12,1年,Member (1 year),,不明,,,2,2,1,2026-09-15 22:00,2026-10-02 22:30,,,https://www.youtube.com/channel/UC0ppvAIOhtEBPgH8LsYBh6A
UCk6pLizc3p0GqLhe-oYSEnQ,@シュマキ-syumaki,12,1年,Member (1 year),,不明,,,2,2,0,2026-09-15 22:00,2026-10-04 22:30,,,https://www.youtube.com/channel/UCk6pLizc3p0GqLhe-oYSEnQ
UC-3EmSow6cpzSlyMi3dFQhg,@rien0804,12,1年,Member (1 year),,不明,,,2,3,0,2026-09-15 22:00,2026-10-04 22:30,,,https://www.youtube.com/channel/UC-3EmSow6cpzSlyMi3dFQhg
UCxoNT8iGZrd7s8DiANHKjOw,@ぴのえる,12,1年,Member (1 year),,不明,,,2,28,0,2026-09-15 22:00,2026-09-24 23:01,,,https://www.youtube.com/channel/UCxoNT8iGZrd7s8DiANHKjOw
UCOpWeFUiBjyHCnFzbFzLp4Q,@縢Kagari,12,1年,Member (1 year),,不明,,,2,4,2,2026-09-15 22:00,2026-10-04 22:30,,,https://www.youtube.com/channel/UCOpWeFUiBjyHCnFzbFzLp4Q
UCE5b2EGH3-GnLEBc8YvcAKA,@takahasi_h,12,1年,Member (1 year),,不明,,,2,12,0,2026-09-17 07:30,2026-09-26 21:33,,,https://www.youtube.com/channel/UCE5b2EGH3-GnLEBc8YvcAKA
UC18n42NymB-ICN7rjwgnX8w,@いちごえび-e3p,12,1年,Member (1 year),,不明,,,2,2,0,2026-09-17 07:30,2026-10-02 22:30,,,https://www.youtube.com/channel/UC18n42NymB-ICN7rjwgnX8w
UC_kwZk6UsQo8gWbYDps3F6w,@三月マーチ-k7j,12,1年,Member (1 year),,不明,,,2,3,0,2026-09-17 07:30,2026-10-02 22:30,,,https://www.youtube.com/channel/UC_kwZk6UsQo8gWbYDps3F6w
UCp4DiYl4KHdOE9ArNH6aW-Q,@ゆえ_927,12,1年,Member (1 year),,不明,,,2,9,0,2026-09-17 07:30,2026-09-22 14:02,,,https://www.youtube.com/channel/UCp4DiYl4KHdOE9ArNH6aW-Q
UC-Q267g6IkvR5ltBvrP1x6A,@hiyori145,12,1年,Member (1 year),,不明,,,2,10,0,2026-09-17 07:30,2026-09-22 14:02,,,https://www.youtube.com/channel/UC-Q267g6IkvR5ltBvrP1x6A
UCUo3XzrmL-QscnaD4p9ej_Q,@りか-x3d,12,1年,Member (1 year),,不明,,,2,2,0,2026-09-17 22:05,2026-10-02 20:00,,,https://www.youtube.com/channel/UCUo3XzrmL-QscnaD4p9ej_Q
UC5yqnc7w8vcny9J9gWbXHaw,@だだちゃmame,12,1年,Member (1 year),,不明,,,2,5,0,2026-09-17 22:05,2026-09-22 14:02,,,https://www.youtube.com/channel/UC5yqnc7w8vcny9J9gWbXHaw
UCbOTgHgQaDqq7sT_Ld2L1Ag,@みやみやお-v7m,12,1年,Member (1 year),,不明,,,2,2,0,2026-09-18 21:30,2026-10-04 22:30,,,https://www.youtube.com/channel/UCbOTgHgQaDqq7sT_Ld2L1Ag
UCMbPcgOaaWXogaSSr8FrbWw,@くるくるまるちいず,12,1年,Member (1 year),,不明,,,2,2,0,2026-09-22 10:02,2026-10-04 22:30,,,https://www.youtube.com/channel/UCMbPcgOaaWXogaSSr8FrbWw
UCNDoqkze1qjfUWqtV2aODnA,@G_O_I_3,12,1年,Member (1 year),,不明,,,2,3,0,2026-09-22 10:02,2026-10-05 22:30,,,https://www.youtube.com/channel/UCNDoqkze1qjfUWqtV2aODnA
UCvquUzj3akmJXD-Ze2EgJsw,@marumochi5919,12,1年,Member (1 year),,不明,,,2,6,0,2026-09-22 14:02,2026-09-27 23:00,,,https://www.youtube.com/channel/UCvquUzj3akmJXD-Ze2EgJsw
UCXk2hrDJwtgdR7W2uc6pf8Q,@nano_0602,12,1年,Member (1 year),,不明,,,2,39,0,2026-09-22 14:02,2026-10-02 20:00,,,https://www.youtube.com/channel/UCXk2hrDJwtgdR7W2uc6pf8Q
UCjjC_mi_ZN8o0TvMd9OKhjg,@コルク-y3d,12,1年,Member (1 year),,不明,,,2,2,0,2026-09-22 14:02,2026-09-27 23:00,,,https://www.youtube.com/channel/UCjjC_mi_ZN8o0TvMd9OKhjg
UCGGXCjLVlCAP0p_2XTIuAHg,@ぽんぬ-g3l,12,1年,Member (1 year),,不明,,,2,3,0,2026-09-22 14:02,2026-10-04 22:30,,,https://www.youtube.com/channel/UCGGXCjLVlCAP0p_2XTIuAHg
UCEX8hE0rCXmQMf_-40w520A,@すきなものがすき-aui1kt,12,1年,Member (1 year),,不明,,,2,12,0,2026-09-22 14:02,2026-10-04 22:30,,,https://www.youtube.com/channel/UCEX8hE0rCXmQMf_-40w520A
UCuOPF0U4HbRy612TnC3muSw,@いっちゃん25,12,1年,Member (1 year),,不明,,,2,5,0,2026-09-22 14:02,2026-10-04 22:30,,,https://www.youtube.com/channel/UCuOPF0U4HbRy612TnC3muSw
UCN_chxoesaoN6hQT8NVMT_Q,@風花-s1m,12,1年,Member (1 year),,不明,,,2,2,0,2026-09-22 14:02,2026-10-04 22:30,,,https://www.youtube.com/channel/UCN_chxoesaoN6hQT8NVMT_Q
UCkkg2mta-NwYasXXdPxapBQ,@ria9385,12,1年,Member (1 year),,不明,,,2,3,0,2026-09-22 14:02,2026-10-04 22:30,,,https://www.youtube.com/channel/UCkkg2mta-NwYasXXdPxapBQ
UCQ5tRxCw_xtoVUDHiXRMGcw,@Sakura椿,12,1年,Member (1 year),,不明,,,2,16,1,2026-09-24 23:01,2026-09-26 21:33,,,https://www.youtube.com/channel/UCQ5tRxCw_xtoVUDHiXRMGcw
UCxzOb83axxwF2SwbOP9zO-A,@ノアザク,12,1年,Member (1 year),,不明,,,2,40,0,2026-09-24 23:01,2026-10-02 22:30,,,https://www.youtube.com/channel/UCxzOb83axxwF2SwbOP9zO-A
UCCOsvicBPr8GJo6QAJDUSgA,@りんりん-z3v4z,12,1年,Member (1 year),,不明,,,2,6,0,2026-09-24 23:01,2026-10-02 20:00,,,https://www.youtube.com/channel/UCCOsvicBPr8GJo6QAJDUSgA
UCf47tmglHGFcw6ek7B1ARAw,@はか-h9u,12,1年,Member (1 year),,不明,,,2,3,0,2026-09-24 23:01,2026-10-02 22:30,,,https://www.youtube.com/channel/UCf47tmglHGFcw6ek7B1ARAw
UCobRTxHKcGrwt5r8OD8oEUQ,@ゆきまる-d9j,12,1年,Member (1 year),,不明,,,2,3,1,2026-09-24 23:01,2026-10-02 22:30,,,https://www.youtube.com/channel/UCobRTxHKcGrwt5r8OD8oEUQ
UCB0u7j3GywKk0lS-TiAFmsg,@スピネル-z9b,12,1年,Member (1 year),,不明,,,2,4,0,2026-09-24 23:01,2026-09-27 23:00,,,https://www.youtube.com/channel/UCB0u7j3GywKk0lS-TiAFmsg
UCj-2IdQfA6fItJ5iKFY9L2w,@しらゆき_rc,12,1年,Member (1 year),,不明,,,2,7,1,2026-09-24 23:01,2026-10-02 22:30,,,https://www.youtube.com/channel/UCj-2IdQfA6fItJ5iKFY9L2w
UCGJbh6jWRuwsqzHmnxAwdpw,@味噌と豚骨,12,1年,Member (1 year),,不明,,,2,2,0,2026-09-24 23:01,2026-09-27 23:00,,,https://www.youtube.com/channel/UCGJbh6jWRuwsqzHmnxAwdpw
UCNj_V-3eAPAAj2CRmQKPc_Q,@nonnano-n1f,12,1年,Member (1 year),,不明,,,2,5,0,2026-09-24 23:01,2026-10-02 22:30,,,https://www.youtube.com/channel/UCNj_V-3eAPAAj2CRmQKPc_Q
UCKd3A9ncICO4fkmQS6UhUoQ,@おれく,12,1年,Member (1 year),,不明,,,2,2,2,2026-09-24 23:01,2026-10-02 22:30,,,https://www.youtube.com/channel/UCKd3A9ncICO4fkmQS6UhUoQ
UCPl3KWJDFA5nd3vllYYr63w,@さばさば-p3v,12,1年,Member (1 year),,不明,,,2,18,0,2026-09-24 23:01,2026-10-02 22:30,,,https://www.youtube.com/channel/UCPl3KWJDFA5nd3vllYYr63w
UCEfiX9cHaoAWEQfvvwS-BnQ,@ぽよんよ,12,1年,Member (1 year),,不明,,,2,8,0,2026-09-26 21:33,2026-10-02 22:30,,,https://www.youtube.com/channel/UCEfiX9cHaoAWEQfvvwS-BnQ
UCkY5BZapnejoofXT04zdCJg,@シオノギ-g9k,12,1年,Member (1 year),,不明,,,2,2,0,2026-09-27 23:00,2026-10-02 22:30,,,https://www.youtube.com/channel/UCkY5BZapnejoofXT04zdCJg
UCXil4_yBIBklNQ5aWkrQnrg,@菫_oO,12,1年,Member (1 year),,不明,,,2,2,1,2026-09-27 23:00,2026-10-02 22:30,,,https://www.youtube.com/channel/UCXil4_yBIBklNQ5aWkrQnrg
UCF78xqEL2d9TyUHz9jfvlyQ,@めにゅら,12,1年,Member (1 year),,不明,,,2,5,0,2026-09-27 23:00,2026-10-02 22:30,,,https://www.youtube.com/channel/UCF78xqEL2d9TyUHz9jfvlyQ
UCWwaeSbV6ooBfZ6xExbLD4A,@80KILLER08,12,1年,Member (1 year),,不明,,,2,2,1,2026-10-02 20:00,2026-10-02 22:30,,,https://www.youtube.com/channel/UCWwaeSbV6ooBfZ6xExbLD4A
UCKwsckQJW23-qoPacaHpu5Q,@otsukisama_s,12,1年,Member (1 year),,不明,,,2,11,0,2026-10-02 22:30,2026-10-04 22:30,,,https://www.youtube.com/channel/UCKwsckQJW23-qoPacaHpu5Q
UC1wxHSjDu3XZkmYYYmB3Oow,@ぷりん-17x,12,1年,Member (1 year),,不明,,,2,4,0,2026-10-02 22:30,2026-10-05 22:30,,,https://www.youtube.com/channel/UC1wxHSjDu3XZkmYYYmB3Oow
UCjWKep_BVpFn71dZvss_7qw,@梠のあと,12,1年,Member (1 year),,不明,,,2,6,0,2026-10-02 22:30,2026-10-04 22:30,,,https://www.youtube.com/channel/UCjWKep_BVpFn71dZvss_7qw
UCP7la_M0a55NxK8jLzRBqLg,@コンティロマネ,12,1年,Member (1 year),,不明,,,2,21,0,2026-10-02 22:30,2026-10-04 22:30,,,https://www.youtube.com/channel/UCP7la_M0a55NxK8jLzRBqLg
UCnfQ1sJLLSVwnrHvnInrENA,@宵月黎人,12,1年,Member (1 year),,不明,,,2,3,1,2026-10-02 22:30,2026-10-04 22:30,,,https://www.youtube.com/channel/UCnfQ1sJLLSVwnrHvnInrENA
UC2Z5Wn9Zcku-QgdTAtJdsWg,@暁月_aka2ki,12,1年,Member (1 year),,不明,,,2,2,0,2026-10-02 22:30,2026-10-05 22:30,,,https://www.youtube.com/channel/UC2Z5Wn9Zcku-QgdTAtJdsWg
UC-jdTqBjyXQZSs3NiRTJwDg,@やまなし-k7r,12,1年,Member (1 year),,不明,,,2,4,2,2026-10-04 22:30,2026-10-05 22:30,,,https://www.youtube.com/channel/UC-jdTqBjyXQZSs3NiRTJwDg
UCZdKkmbFstJmNCH5bFYB-Dw,@MelodyFlower_oO,12,1年,Member (1 year),,不明,,,1,1,0,2026-09-08 22:31,2026-09-08 22:31,,,https://www.youtube.com/channel/UCZdKkmbFstJmNCH5bFYB-Dw
UCUtp0YJ3T5ZIcv8VkcFff9g,@りんごくん-k8y,12,1年,Member (1 year),,不明,,,1,1,0,2026-09-08 22:31,2026-09-08 22:31,,,https://www.youtube.com/channel/UCUtp0YJ3T5ZIcv8VkcFff9g
UCgOzPdG8oemuFVdx9RHD8Fw,@えふ-v6m,12,1年,Member (1 year),,不明,,,1,1,0,2026-09-10 22:00,2026-09-10 22:00,,,https://www.youtube.com/channel/UCgOzPdG8oemuFVdx9RHD8Fw
UCnJBePW07hzAuTKySt57Z5g,@あかねこ太郎,12,1年,Member (1 year),,不明,,,1,1,0,2026-09-10 22:00,2026-09-10 22:00,,,https://www.youtube.com/channel/UCnJBePW07hzAuTKySt57Z5g
UCdmkkrZUkhtI21Oo75c8Cag,@MK-mk2,12,1年,Member (1 year),,不明,,,1,2,0,2026-09-10 22:00,2026-09-10 22:00,,,https://www.youtube.com/channel/UCdmkkrZUkhtI21Oo75c8Cag
UClEoZiAq41yCnGP5ws9w6Dw,@歌ウサギ-q2v,12,1年,Member (1 year),,不明,,,1,2,0,2026-09-10 22:00,2026-09-10 22:00,,,https://www.youtube.com/channel/UClEoZiAq41yCnGP5ws9w6Dw
UCIRyfx_bYwwil1lcH7ldQ6g,@るか-0109arcn,12,1年,Member (1 year),,不明,,,1,2,0,2026-09-10 22:00,2026-09-10 22:00,,,https://www.youtube.com/channel/UCIRyfx_bYwwil1lcH7ldQ6g
UC6S1sOYKmKwrpnTlKf1wBAQ,@のりしお-m1c,12,1年,Member (1 year),,不明,,,1,1,0,2026-09-10 22:00,2026-09-10 22:00,,,https://www.youtube.com/channel/UC6S1sOYKmKwrpnTlKf1wBAQ
UCJcxH3tJ2e2Mwb6rj9PfBug,@アサイーバリカタグラノーラごつ盛り,12,1年,Member (1 year),,不明,,,1,1,1,2026-09-10 22:00,2026-09-10 22:00,,,https://www.youtube.com/channel/UCJcxH3tJ2e2Mwb6rj9PfBug
UCi_Xv4cJp5icVTbbEHftbHg,@伊澄-Fr17,12,1年,Member (1 year),,不明,,,1,1,0,2026-09-10 22:00,2026-09-10 22:00,,,https://www.youtube.com/channel/UCi_Xv4cJp5icVTbbEHftbHg
UCWv9_SHFdPDcwefOfVKddyQ,@jj_0422-i2q,12,1年,Member (1 year),,不明,,,1,2,0,2026-09-10 22:00,2026-09-10 22:00,,,https://www.youtube.com/channel/UCWv9_SHFdPDcwefOfVKddyQ
UCU5thLD26b3KJ2cQI8SX5RQ,@mosahell,12,1年,Member (1 year),,加賀美ハヤトのメンバーシップ,再加入/レベル変更,,1,0,0,2026-09-10 22:00,2026-09-10 22:00,,,https://www.youtube.com/channel/UCU5thLD26b3KJ2cQI8SX5RQ
UCXvZLA_jg42zJbt8L8BFWug,@チョコパイchocopie,12,1年,Member (1 year),,不明,,,1,2,1,2026-09-12 00:02,2026-09-12 00:02,,,https://www.youtube.com/channel/UCXvZLA_jg42zJbt8L8BFWug
UCryMzTrbTtjYkVRfH_VJ1Hg,@ねむり-n6m,12,1年,Member (1 year),,不明,,,1,3,0,2026-09-12 00:02,2026-09-12 00:02,,,https://www.youtube.com/channel/UCryMzTrbTtjYkVRfH_VJ1Hg
UC7kEZquDKh9Y2CTomYGAWAQ,@こぎん-d6i,12,1年,Member (1 year),,不明,,,1,3,0,2026-09-12 00:02,2026-09-12 00:02,,,https://www.youtube.com/channel/UC7kEZquDKh9Y2CTomYGAWAQ
UCuYBAeMK4Kxo6ALIgbB68dg,@chokosuki-わきつね,12,1年,Member (1 year),,不明,,,1,1,0,2026-09-12 00:02,2026-09-12 00:02,,,https://www.youtube.com/channel/UCuYBAeMK4Kxo6ALIgbB68dg
UCMbE2sxsn1UhDFfncbW69Dg,@らぐ-i4x,12,1年,Member (1 year),,不明,,,1,2,0,2026-09-12 00:02,2026-09-12 00:02,,,https://www.youtube.com/channel/UCMbE2sxsn1UhDFfncbW69Dg
UCUEs8lXl9cD2HJhQYPKml0A,@mamepaaan,12,1年,Member (1 year),,不明,,,1,1,0,2026-09-12 00:02,2026-09-12 00:02,,,https://www.youtube.com/channel/UCUEs8lXl9cD2HJhQYPKml0A
UCvXsjxDEej9p019oN37aADQ,@倖喬葵-koukyou,12,1年,Member (1 year),,不明,,,1,6,0,2026-09-12 00:02,2026-09-12 00:02,,,https://www.youtube.com/channel/UCvXsjxDEej9p019oN37aADQ
UCP9gLJ1EJkocdZjBEBSewPA,@みゆ-s3f3n,12,1年,Member (1 year),,不明,,,1,1,0,2026-09-12 00:02,2026-09-12 00:02,,,https://www.youtube.com/channel/UCP9gLJ1EJkocdZjBEBSewPA
UC25hMVKNVbD6ZQfuUqU25tA,@pan._.2,12,1年,Member (1 year),,不明,,,1,13,0,2026-09-12 00:02,2026-09-12 00:02,,,https://www.youtube.com/channel/UC25hMVKNVbD6ZQfuUqU25tA
UCZwVyz1eD4CMYYR_2qodJUA,@なかじま-u,12,1年,Member (1 year),,不明,,,1,1,0,2026-09-12 00:02,2026-09-12 00:02,,,https://www.youtube.com/channel/UCZwVyz1eD4CMYYR_2qodJUA
UCVsmsb1gfjX3DnS4EcVwivg,@umikazemai,12,1年,Member (1 year),,不明,,,1,3,0,2026-09-12 00:02,2026-09-12 00:02,,,https://www.youtube.com/channel/UCVsmsb1gfjX3DnS4EcVwivg
UCrU1Nv88ED6hnO4QpPR9qYw,@Karen_1016,12,1年,Member (1 year),,不明,,,1,1,0,2026-09-12 00:02,2026-09-12 00:02,,,https://www.youtube.com/channel/UCrU1Nv88ED6hnO4QpPR9qYw
UCz0y4cXMNzHXzGK9xNCbUvQ,@nizikami_hiko_sakura,12,1年,Member (1 year),,不明,,,1,1,0,2026-09-12 00:02,2026-09-12 00:02,,,https://www.youtube.com/channel/UCz0y4cXMNzHXzGK9xNCbUvQ
UC2NGMJIuTUt_0K1lIbRCmIQ,@RokuwaShirasagi,12,1年,Member (1 year),,不明,,,1,1,0,2026-09-12 00:02,2026-09-12 00:02,,,https://www.youtube.com/channel/UC2NGMJIuTUt_0K1lIbRCmIQ
UCSyVh4C8F4qLX4xYC9XORKA,@1miya193,12,1年,Member (1 year),,不明,,,1,7,0,2026-09-12 00:02,2026-09-12 00:02,,,https://www.youtube.com/channel/UCSyVh4C8F4qLX4xYC9XORKA
UCPokE9ik3uqndHg4dZquayg,@ろぼあし,12,1年,Member (1 year),,不明,,,1,1,0,2026-09-12 00:02,2026-09-12 00:02,,,https://www.youtube.com/channel/UCPokE9ik3uqndHg4dZquayg
UCGc6-JWf3RFVhHukRiwSmiw,@cakecrepe,12,1年,Member (1 year),,不明,,,1,2,0,2026-09-12 00:02,2026-09-12 00:02,,,https://www.youtube.com/channel/UCGc6-JWf3RFVhHukRiwSmiw
UCTk9KDftAVXWuoJbgvh6aPQ,@あちこちゃま,12,1年,Member (1 year),,不明,,,1,1,1,2026-09-12 00:02,2026-09-12 00:02,,,https://www.youtube.com/channel/UCTk9KDftAVXWuoJbgvh6aPQ
UCDOeAc4ZGpNytEM6c7l75sw,@amacharin,12,1年,Member (1 year),,不明,,,1,1,1,2026-09-12 00:02,2026-09-12 00:02,,,https://www.youtube.com/channel/UCDOeAc4ZGpNytEM6c7l75sw
UCnQTDsQoJitAeoqu1WoHf_A,@わゆwayu,12,1年,Member (1 year),,不明,,,1,2,2,2026-09-12 00:02,2026-09-12 00:02,,,https://www.youtube.com/channel/UCnQTDsQoJitAeoqu1WoHf_A
UCzWYjCEa0vQsWD7p2xb1ASA,@ちょーかー,12,1年,Member (1 year),,不明,,,1,3,1,2026-09-12 00:02,2026-09-12 00:02,,,https://www.youtube.com/channel/UCzWYjCEa0vQsWD7p2xb1ASA
UC6czteWIMBEQsMIwbo1Ecbw,@ashentmt,12,1年,Member (1 year),,不明,,,1,1,0,2026-09-12 00:02,2026-09-12 00:02,,,https://www.youtube.com/channel/UC6czteWIMBEQsMIwbo1Ecbw
UCHqoz5vtHf3WZCxHK9ob2Ig,@kaguro8564,12,1年,Member (1 year),,加賀美ハヤトのメンバーシップ,再加入/レベル変更,,1,0,0,2026-09-12 00:02,2026-09-12 00:02,,,https://www.youtube.com/channel/UCHqoz5vtHf3WZCxHK9ob2Ig
UCOdJhMRum63drlGXfGdhumg,@もちすけ-n7i,12,1年,Member (1 year),,加賀美ハヤトのメンバーシップ,再加入/レベル変更,,1,0,0,2026-09-12 00:02,2026-09-12 00:02,,,https://www.youtube.com/channel/UCOdJhMRum63drlGXfGdhumg
UCeaUbO14kYDEEQ6ialZHYfw,@チェニ-9999,12,1年,Member (1 year),,不明,,,1,1,0,2026-09-12 23:00,2026-09-12 23:00,,,https://www.youtube.com/channel/UCeaUbO14kYDEEQ6ialZHYfw
UCp5CrJtmXRuNrNWgiE7aUXg,@akahimiko,12,1年,Member (1 year),,不明,,,1,1,0,2026-09-12 23:00,2026-09-12 23:00,,,https://www.youtube.com/channel/UCp5CrJtmXRuNrNWgiE7aUXg
UCUIUnGn2BJLFD8yQdeN1hSA,@megumi-t3u,12,1年,Member (1 year),,不明,,,1,31,0,2026-09-12 23:00,2026-09-12 23:00,,,https://www.youtube.com/channel/UCUIUnGn2BJLFD8yQdeN1hSA
UCv0URT8L3u84oCdJtiygrMg,@ユウキ-d8n,12,1年,Member (1 year),,不明,,,1,1,0,2026-09-12 23:00,2026-09-12 23:00,,,https://www.youtube.com/channel/UCv0URT8L3u84oCdJtiygrMg
UCFCzovpDpwfzbyGRGCaERVg,@coji122,12,1年,Member (1 year),,不明,,,1,1,0,2026-09-15 22:00,2026-09-15 22:00,,,https://www.youtube.com/channel/UCFCzovpDpwfzbyGRGCaERVg
UCJkLHd5kG7z46GnT2kBQB_g,@ebi4143,12,1年,Member (1 year),,不明,,,1,1,0,2026-09-15 22:00,2026-09-15 22:00,,,https://www.youtube.com/channel/UCJkLHd5kG7z46GnT2kBQB_g
UCiTv1YiRz9CSHyb7CoBWyhw,@ゆこちゃん-w6n,12,1年,Member (1 year),,不明,,,1,1,0,2026-09-15 22:00,2026-09-15 22:00,,,https://www.youtube.com/channel/UCiTv1YiRz9CSHyb7CoBWyhw
UCpIKWmsUmbC1DwqXkqqO0cg,@ゴニョニョに狂わされるボルシチ湿地,12,1年,Member (1 year),,不明,,,1,1,0,2026-09-15 22:00,2026-09-15 22:00,,,https://www.youtube.com/channel/UCpIKWmsUmbC1DwqXkqqO0cg
UCE8eHL5Hhg9kLs3Vp9m1_RA,@夜空-z4s,12,1年,Member (1 year),,不明,,,1,1,0,2026-09-15 22:00,2026-09-15 22:00,,,https://www.youtube.com/channel/UCE8eHL5Hhg9kLs3Vp9m1_RA
UCEjLuZFCllVLSVkwtSG0GxQ,@shizuki2382,12,1年,Member (1 year),,不明,,,1,1,0,2026-09-17 07:30,2026-09-17 07:30,,,https://www.youtube.com/channel/UCEjLuZFCllVLSVkwtSG0GxQ
UC-aT8CeTHs3TDOMVHAjW9WA,@ゆうこ-666,12,1年,Member (1 year),,不明,,,1,1,0,2026-09-17 07:30,2026-09-17 07:30,,,https://www.youtube.com/channel/UC-aT8CeTHs3TDOMVHAjW9WA
UCw4uE1bPH6ukd6c1EhQBfaQ,@honihoni-mirako,12,1年,Member (1 year),,不明,,,1,1,0,2026-09-17 07:30,2026-09-17 07:30,,,https://www.youtube.com/channel/UCw4uE1bPH6ukd6c1EhQBfaQ
UCQV3xfV_xyZPN3lOI1xL_Kg,@みなき8989,12,1年,Member (1 year),,不明,,,1,1,0,2026-09-17 07:30,2026-09-17 07:30,,,https://www.youtube.com/channel/UCQV3xfV_xyZPN3lOI1xL_Kg
UCSaPGH6OytBAtORcBDVHpxg,@ハタ03,12,1年,Member (1 year),,不明,,,1,1,0,2026-09-17 07:30,2026-09-17 07:30,,,https://www.youtube.com/channel/UCSaPGH6OytBAtORcBDVHpxg
UCzCxzNqxY7hQjN_e1pf_yzw,@ころもろもろ,12,1年,Member (1 year),,不明,,,1,2,0,2026-09-17 07:30,2026-09-17 07:30,,,https://www.youtube.com/channel/UCzCxzNqxY7hQjN_e1pf_yzw
UC8EAFXwqYu4X9dq1DlgRjBQ,@raiki5122,12,1年,Member (1 year),,不明,,,1,2,0,2026-09-17 07:30,2026-09-17 07:30,,,https://www.youtube.com/channel/UC8EAFXwqYu4X9dq1DlgRjBQ
UCgvcUr8d7Z98UQd3SAedJWg,@ちせ-2023,12,1年,Member (1 year),,不明,,,1,1,0,2026-09-17 07:30,2026-09-17 07:30,,,https://www.youtube.com/channel/UCgvcUr8d7Z98UQd3SAedJWg
UC5NQIyu5kf4KFESCDgoHWmA,@年中眠い-i8l,12,1年,Member (1 year),,不明,,,1,15,0,2026-09-17 07:30,2026-09-17 07:30,,,https://www.youtube.com/channel/UC5NQIyu5kf4KFESCDgoHWmA
UCtUHcJZt-qBhHALAs90OFNg,@ゆうか-y09,12,1年,Member (1 year),,不明,,,1,3,0,2026-09-17 07:30,2026-09-17 07:30,,,https://www.youtube.com/channel/UCtUHcJZt-qBhHALAs90OFNg
UCfvOqPAR2fMaZak03NiYX0g,@maimai1213kaburi,12,1年,Member (1 year),,不明,,,1,1,0,2026-09-17 07:30,2026-09-17 07:30,,,https://www.youtube.com/channel/UCfvOqPAR2fMaZak03NiYX0g
UCpbAxsCIpZGSgjm7CbR9L3g,@イカルガ-l9s,12,1年,Member (1 year),,不明,,,1,1,0,2026-09-17 22:05,2026-09-17 22:05,,,https://www.youtube.com/channel/UCpbAxsCIpZGSgjm7CbR9L3g
UCjxNVmgWdElCH-yGbmNnOLQ,@りゅうれい-r8,12,1年,Member (1 year),,不明,,,1,1,0,2026-09-17 22:05,2026-09-17 22:05,,,https://www.youtube.com/channel/UCjxNVmgWdElCH-yGbmNnOLQ
UC2WiUxu92RHDcIyHhEbfs5g,@なおりずむ,12,1年,Member (1 year),,不明,,,1,13,0,2026-09-17 22:05,2026-09-17 22:05,,,https://www.youtube.com/channel/UC2WiUxu92RHDcIyHhEbfs5g
UC5A2Si7TVj1anm3PJT4-ZGA,@kinokonoko_x,12,1年,Member (1 year),,不明,,,1,2,0,2026-09-17 22:05,2026-09-17 22:05,,,https://www.youtube.com/channel/UC5A2Si7TVj1anm3PJT4-ZGA
UCX7fWe1n1VUbwlgNytGyMOQ,@案山子-v4v,12,1年,Member (1 year),,不明,,,1,1,0,2026-09-17 22:05,2026-09-17 22:05,,,https://www.youtube.com/channel/UCX7fWe1n1VUbwlgNytGyMOQ
UCQTbXL4V6-UUnaJzbTjxSAg,@りあら-aporo,12,1年,Member (1 year),,不明,,,1,1,0,2026-09-17 22:05,2026-09-17 22:05,,,https://www.youtube.com/channel/UCQTbXL4V6-UUnaJzbTjxSAg
UCXtZKm5qvuh3GsKJBQ97yEg,@杏ちゃん-h9n,12,1年,Member (1 year),,不明,,,1,1,0,2026-09-17 22:05,2026-09-17 22:05,,,https://www.youtube.com/channel/UCXtZKm5qvuh3GsKJBQ97yEg
UCV1F1kJvfbuHM7Gj9K3rU8Q,@隅っこ-t8f,12,1年,Member (1 year),,不明,,,1,1,0,2026-09-17 22:05,2026-09-17 22:05,,,https://www.youtube.com/channel/UCV1F1kJvfbuHM7Gj9K3rU8Q
UCVXT6gFg-hmP51H8Uu6GJug,@0c0me,12,1年,Member (1 year),,不明,,,1,1,0,2026-09-18 21:30,2026-09-18 21:30,,,https://www.youtube.com/channel/UCVXT6gFg-hmP51H8Uu6GJug
UCUYkz-XcXlNE8RNm3e4BunA,@梅松竹-t9l,12,1年,Member (1 year),,不明,,,1,1,0,2026-09-18 21:30,2026-09-18 21:30,,,https://www.youtube.com/channel/UCUYkz-XcXlNE8RNm3e4BunA
UC7E3NgcJXktPo9ImW1EVp-g,@ざくろ酢-k3v,12,1年,Member (1 year),,不明,,,1,1,0,2026-09-18 21:30,2026-09-18 21:30,,,https://www.youtube.com/channel/UC7E3NgcJXktPo9ImW1EVp-g
UChy6FbHc0PS2IyMGlVXlj7w,@ありぺい_alipei,12,1年,Member (1 year),,不明,,,1,1,0,2026-09-22 10:02,2026-09-22 10:02,,,https://www.youtube.com/channel/UChy6FbHc0PS2IyMGlVXlj7w
UCQKxw78sa22L2Lvv0lWsqMQ,@あかさたな-x7n,12,1年,Member (1 year),,不明,,,1,1,0,2026-09-22 10:02,2026-09-22 10:02,,,https://www.youtube.com/channel/UCQKxw78sa22L2Lvv0lWsqMQ
UCG3PID_bX9e3A8Zf_RvlHrw,@りる-luv,12,1年,Member (1 year),,不明,,,1,1,0,2026-09-22 10:02,2026-09-22 10:02,,,https://www.youtube.com/channel/UCG3PID_bX9e3A8Zf_RvlHrw
UCzHLOblq1fQ4jzXWEWitQng,@らる-e4v,12,1年,Member (1 year),,不明,,,1,1,0,2026-09-22 10:02,2026-09-22 10:02,,,https://www.youtube.com/channel/UCzHLOblq1fQ4jzXWEWitQng
UC50Jub79EP6IlUMB4nqKu8Q,@miohiro-h1j,12,1年,Member (1 year),,不明,,,1,1,0,2026-09-22 10:02,2026-09-22 10:02,,,https://www.youtube.com/channel/UC50Jub79EP6IlUMB4nqKu8Q
UCiUK1cDGGg6XI9R2kWGqjbg,@ハル-r3z,12,1年,Member (1 year),,不明,,,1,1,0,2026-09-22 14:02,2026-09-22 14:02,,,https://www.youtube.com/channel/UCiUK1cDGGg6XI9R2kWGqjbg
UC4MYOhwCpzTRGEqRg4hDFaA,@みやび_社長推し,12,1年,Member (1 year),,不明,,,1,10,0,2026-09-22 14:02,2026-09-22 14:02,,,https://www.youtube.com/channel/UC4MYOhwCpzTRGEqRg4hDFaA
UCr_iQRXQQKYISDxZi7Q5iwg,@ao_32811,12,1年,Member (1 year),,不明,,,1,7,0,2026-09-22 14:02,2026-09-22 14:02,,,https://www.youtube.com/channel/UCr_iQRXQQKYISDxZi7Q5iwg
UC3gNztJ9v7zzqBwuQgRQpAA,@clannadandkanon,12,1年,Member (1 year),,不明,,,1,17,0,2026-09-22 14:02,2026-09-22 14:02,,,https://www.youtube.com/channel/UC3gNztJ9v7zzqBwuQgRQpAA
UCfDCRsjdXmiuilIsC7IxKEg,@オルタナ246,12,1年,Member (1 year),,不明,,,1,1,0,2026-09-22 14:02,2026-09-22 14:02,,,https://www.youtube.com/channel/UCfDCRsjdXmiuilIsC7IxKEg
UCeW7MqK__5GAsSuBFtYbDpg,@KUROA0220,12,1年,Member (1 year),,不明,,,1,1,0,2026-09-22 14:02,2026-09-22 14:02,,,https://www.youtube.com/channel/UCeW7MqK__5GAsSuBFtYbDpg
UCbSx_9V1wRL-pcG3VPhjDsw,@ユキ-m5y,12,1年,Member (1 year),,不明,,,1,8,0,2026-09-22 14:02,2026-09-22 14:02,,,https://www.youtube.com/channel/UCbSx_9V1wRL-pcG3VPhjDsw
UCnTz3VimZx9g82SUXu7jGWw,@nymnym6609,12,1年,Member (1 year),,不明,,,1,3,0,2026-09-22 14:02,2026-09-22 14:02,,,https://www.youtube.com/channel/UCnTz3VimZx9g82SUXu7jGWw
UCP9aBvZQtR1TvGhAv4YG6ug,@あの-l6s,12,1年,Member (1 year),,不明,,,1,9,0,2026-09-22 14:02,2026-09-22 14:02,,,https://www.youtube.com/channel/UCP9aBvZQtR1TvGhAv4YG6ug
UCtAqkRQdPisIaFuIkgeEBnw,@望月のモッチィ,12,1年,Member (1 year),,不明,,,1,1,0,2026-09-22 14:02,2026-09-22 14:02,,,https://www.youtube.com/channel/UCtAqkRQdPisIaFuIkgeEBnw
UCvVbt5eJqXDMMAK7eF8TbjA,@次次次次次-j1q,12,1年,Member (1 year),,不明,,,1,1,0,2026-09-22 14:02,2026-09-22 14:02,,,https://www.youtube.com/channel/UCvVbt5eJqXDMMAK7eF8TbjA
UCu6f-_b8GrhiCLx9OEL2iXQ,@ゆうき_yuki-m7f,12,1年,Member (1 year),,不明,,,1,1,0,2026-09-22 14:02,2026-09-22 14:02,,,https://www.youtube.com/channel/UCu6f-_b8GrhiCLx9OEL2iXQ
UCDKn8MpUjhhrVsLRCg-eq3g,@ひひーん-l3k,12,1年,Member (1 year),,不明,,,1,4,0,2026-09-22 14:02,2026-09-22 14:02,,,https://www.youtube.com/channel/UCDKn8MpUjhhrVsLRCg-eq3g
UCJyCE-Y4ObCvS9kc8PZiiRw,@何某_なにがし,12,1年,Member (1 year),,不明,,,1,3,0,2026-09-22 14:02,2026-09-22 14:02,,,https://www.youtube.com/channel/UCJyCE-Y4ObCvS9kc8PZiiRw
UCwM4e41UD7wiWUTbLwK_Axw,@やーさん-c5j,12,1年,Member (1 year),,不明,,,1,1,0,2026-09-22 14:02,2026-09-22 14:02,,,https://www.youtube.com/channel/UCwM4e41UD7wiWUTbLwK_Axw
UC4a2SKtv-VU2YxjTUHDbA0g,@mya_noyo,12,1年,Member (1 year),,不明,,,1,1,0,2026-09-22 14:02,2026-09-22 14:02,,,https://www.youtube.com/channel/UC4a2SKtv-VU2YxjTUHDbA0g
UCnzilzVDZoi7gThNPWG55Cg,@さぶうぇ3bwe,12,1年,Member (1 year),,不明,,,1,1,0,2026-09-22 14:02,2026-09-22 14:02,,,https://www.youtube.com/channel/UCnzilzVDZoi7gThNPWG55Cg
UCxXjMF70gSDPaTdwJnYZDuA,@haru_koha,12,1年,Member (1 year),,不明,,,1,1,0,2026-09-22 14:02,2026-09-22 14:02,,,https://www.youtube.com/channel/UCxXjMF70gSDPaTdwJnYZDuA
UCQK8j3yfGWylbt1A3JhI5Bg,@宗-f6e,12,1年,Member (1 year),,不明,,,1,2,0,2026-09-22 14:02,2026-09-22 14:02,,,https://www.youtube.com/channel/UCQK8j3yfGWylbt1A3JhI5Bg
UCjJbVIwAUBiBO2hs0Rmt38Q,@たまき-tmk,12,1年,Member (1 year),,不明,,,1,1,1,2026-09-22 14:02,2026-09-22 14:02,,,https://www.youtube.com/channel/UCjJbVIwAUBiBO2hs0Rmt38Q
UC1y1rfdvJ_9pnW5c3o7ALUw,@伊月-itsuki,12,1年,Member (1 year),,不明,,,1,1,1,2026-09-22 14:02,2026-09-22 14:02,,,https://www.youtube.com/channel/UC1y1rfdvJ_9pnW5c3o7ALUw
UCY-sVjzVehPeTDFpU8tb80g,@りんごチップス-86,12,1年,Member (1 year),,不明,,,1,2,2,2026-09-22 14:02,2026-09-22 14:02,,,https://www.youtube.com/channel/UCY-sVjzVehPeTDFpU8tb80g
UCkz2s00jrsxFi9ZIWrWAqRA,@ひでうぃー,12,1年,Member (1 year),,不明,,,1,1,0,2026-09-22 14:02,2026-09-22 14:02,,,https://www.youtube.com/channel/UCkz2s00jrsxFi9ZIWrWAqRA
UC58GIf97DftPltAgfnnBiKg,@さとうもと,12,1年,Member (1 year),,不明,,,1,3,0,2026-09-22 14:02,2026-09-22 14:02,,,https://www.youtube.com/channel/UC58GIf97DftPltAgfnnBiKg
UC1Xh5c2ltKj1SAPLXumLwZw,@senntakumeijinn,12,1年,Member (1 year),,不明,,,1,1,0,2026-09-22 14:02,2026-09-22 14:02,,,https://www.youtube.com/channel/UC1Xh5c2ltKj1SAPLXumLwZw
UCfDeEO_ZNwrQFYbiqlkGPfQ,@はちまん-v4l,12,1年,Member (1 year),,不明,,,1,1,0,2026-09-22 14:02,2026-09-22 14:02,,,https://www.youtube.com/channel/UCfDeEO_ZNwrQFYbiqlkGPfQ
UC8YNl2wdMDhenPY3r0D1Rcw,@ゆえゆえ-j4t,12,1年,Member (1 year),,不明,,,1,1,0,2026-09-22 14:02,2026-09-22 14:02,,,https://www.youtube.com/channel/UC8YNl2wdMDhenPY3r0D1Rcw
UCKAY-1prSs6GKpClltTL5PA,@sym380,12,1年,Member (1 year),,不明,,,1,1,1,2026-09-22 14:02,2026-09-22 14:02,,,https://www.youtube.com/channel/UCKAY-1prSs6GKpClltTL5PA
UC257zHsm6aTJOmXhlc5Kibw,@izxm-t5i,12,1年,Member (1 year),,加賀美ハヤトのメンバーシップ,再加入/レベル変更,,1,0,0,2026-09-22 14:02,2026-09-22 14:02,,,https://www.youtube.com/channel/UC257zHsm6aTJOmXhlc5Kibw
UC_xGyrT_jcqHIC1XsUTT5XA,@とめこ-tomecoro,12,1年,Member (1 year),,不明,,,1,3,0,2026-09-24 23:01,2026-09-24 23:01,,,https://www.youtube.com/channel/UC_xGyrT_jcqHIC1XsUTT5XA
UCi4C3oJKNRXnKN8tz4nKhqQ,@あい-x5b7v,12,1年,Member (1 year),,不明,,,1,1,0,2026-09-24 23:01,2026-09-24 23:01,,,https://www.youtube.com/channel/UCi4C3oJKNRXnKN8tz4nKhqQ
UCUQj5LBrA3-kB-Pnrqyxb-A,@mikuri-rinrin,12,1年,Member (1 year),,不明,,,1,1,0,2026-09-24 23:01,2026-09-24 23:01,,,https://www.youtube.com/channel/UCUQj5LBrA3-kB-Pnrqyxb-A
UCia4VxvJDULOzo0V9I1TmSw,@Hibiki-fa06,12,1年,Member (1 year),,不明,,,1,1,0,2026-09-24 23:01,2026-09-24 23:01,,,https://www.youtube.com/channel/UCia4VxvJDULOzo0V9I1TmSw
UCKvgnYpRTCoYxi6jrhLoIxg,@Turdusmerula789,12,1年,Member (1 year),,不明,,,1,1,0,2026-09-24 23:01,2026-09-24 23:01,,,https://www.youtube.com/channel/UCKvgnYpRTCoYxi6jrhLoIxg
UCNu-NNIyYEtPtyeJo2Z8PxA,@あいか0709,12,1年,Member (1 year),,不明,,,1,1,0,2026-09-24 23:01,2026-09-24 23:01,,,https://www.youtube.com/channel/UCNu-NNIyYEtPtyeJo2Z8PxA
UCZ5ZmSvjja_eJ1u9AkUXOOA,@まっつん-d2j,12,1年,Member (1 year),,不明,,,1,1,0,2026-09-24 23:01,2026-09-24 23:01,,,https://www.youtube.com/channel/UCZ5ZmSvjja_eJ1u9AkUXOOA
UCTEP2GiKu8octrLX2YeMyYg,@machamacha-Latte,12,1年,Member (1 year),,不明,,,1,6,0,2026-09-24 23:01,2026-09-24 23:01,,,https://www.youtube.com/channel/UCTEP2GiKu8octrLX2YeMyYg
UCLkwjMIVvogymCUwXEMVl1w,@kiyo0874,12,1年,Member (1 year),,不明,,,1,1,0,2026-09-24 23:01,2026-09-24 23:01,,,https://www.youtube.com/channel/UCLkwjMIVvogymCUwXEMVl1w
UCvE4MulS6ZKEiNP7S2AXUpA,@ケケ-k3z,12,1年,Member (1 year),,不明,,,1,3,0,2026-09-24 23:01,2026-09-24 23:01,,,https://www.youtube.com/channel/UCvE4MulS6ZKEiNP7S2AXUpA
UC90UwLiI8FJbKUu4Km0dYMw,@hourensou0822,12,1年,Member (1 year),,不明,,,1,1,0,2026-09-24 23:01,2026-09-24 23:01,,,https://www.youtube.com/channel/UC90UwLiI8FJbKUu4Km0dYMw
UCWp_eAgkWr0thXXAhYlalDA,@momomo_egg,12,1年,Member (1 year),,不明,,,1,4,0,2026-09-24 23:01,2026-09-24 23:01,,,https://www.youtube.com/channel/UCWp_eAgkWr0thXXAhYlalDA
UCq27m40Eu6TP1hDMYeJSnnw,@とりささみ_393,12,1年,Member (1 year),,不明,,,1,1,0,2026-09-24 23:01,2026-09-24 23:01,,,https://www.youtube.com/channel/UCq27m40Eu6TP1hDMYeJSnnw
UCi6oZNjmAHWIR9ewLc_fU7A,@JACK1013-n4o,12,1年,Member (1 year),,不明,,,1,1,0,2026-09-24 23:01,2026-09-24 23:01,,,https://www.youtube.com/channel/UCi6oZNjmAHWIR9ewLc_fU7A
UCxJV94G1OayiA9Cvv2NJn4Q,@はちみつ-n3z,12,1年,Member (1 year),,不明,,,1,3,0,2026-09-24 23:01,2026-09-24 23:01,,,https://www.youtube.com/channel/UCxJV94G1OayiA9Cvv2NJn4Q
UCyRWRNM7hCEjNo08vTpipNg,@Nobu.Vocaloid,12,1年,Member (1 year),,不明,,,1,1,0,2026-09-24 23:01,2026-09-24 23:01,,,https://www.youtube.com/channel/UCyRWRNM7hCEjNo08vTpipNg
UCrqIIljA1NdMyD9HBh8S-1g,@ねこは.います,12,1年,Member (1 year),,不明,,,1,1,0,2026-09-24 23:01,2026-09-24 23:01,,,https://www.youtube.com/channel/UCrqIIljA1NdMyD9HBh8S-1g
UCFceszyl6KMv3hnCKFryZXA,@がみばー,12,1年,Member (1 year),,不明,,,1,38,0,2026-09-24 23:01,2026-09-24 23:01,,,https://www.youtube.com/channel/UCFceszyl6KMv3hnCKFryZXA
UCiL9PGN_Gde_f2HQDvQyZ-A,@K_IN_H,12,1年,Member (1 year),,不明,,,1,1,0,2026-09-24 23:01,2026-09-24 23:01,,,https://www.youtube.com/channel/UCiL9PGN_Gde_f2HQDvQyZ-A
UCu9dtb6ZWz1M0Zc4daxLdHw,@とりさん_oO,12,1年,Member (1 year),,不明,,,1,1,0,2026-09-24 23:01,2026-09-24 23:01,,,https://www.youtube.com/channel/UCu9dtb6ZWz1M0Zc4daxLdHw
UCQbzLF-P3phQrlE6eaCjdCw,@佐々木-l9r,12,1年,Member (1 year),,不明,,,1,1,0,2026-09-27 23:00,2026-09-27 23:00,,,https://www.youtube.com/channel/UCQbzLF-P3phQrlE6eaCjdCw
UCkWhHrFrsZ4uoCsmnZd2LMw,@ぷにゃ-punya,12,1年,Member (1 year),,不明,,,1,1,0,2026-09-27 23:00,2026-09-27 23:00,,,https://www.youtube.com/channel/UCkWhHrFrsZ4uoCsmnZd2LMw
UChW_jvUbUeBB4KHSyhhvhPw,@七松将,12,1年,Member (1 year),,不明,,,1,1,0,2026-09-27 23:00,2026-09-27 23:00,,,https://www.youtube.com/channel/UChW_jvUbUeBB4KHSyhhvhPw
UCrkQ4CVJvKlbLsgpujjFoRg,@かーき-16,12,1年,Member (1 year),,不明,,,1,2,0,2026-09-27 23:00,2026-09-27 23:00,,,https://www.youtube.com/channel/UCrkQ4CVJvKlbLsgpujjFoRg
UC12NzxPTCQyGTvS6V7RCxIQ,@kairu_ren,12,1年,Member (1 year),,不明,,,1,1,0,2026-09-27 23:00,2026-09-27 23:00,,,https://www.youtube.com/channel/UC12NzxPTCQyGTvS6V7RCxIQ
UCGZ6-J0kgTPZRH2M9yrSm5w,@紺矢木えんざ,12,1年,Member (1 year),,不明,,,1,1,0,2026-09-27 23:00,2026-09-27 23:00,,,https://www.youtube.com/channel/UCGZ6-J0kgTPZRH2M9yrSm5w
UCu_R9SEz_n6thNXMVtlR66w,@happyway1111,12,1年,Member (1 year),,不明,,,1,1,0,2026-09-27 23:00,2026-09-27 23:00,,,https://www.youtube.com/channel/UCu_R9SEz_n6thNXMVtlR66w
UCkXu3LT_pEyuIs5uJGOpeOQ,@さな-Hkl2s,12,1年,Member (1 year),,不明,,,1,1,0,2026-09-27 23:00,2026-09-27 23:00,,,https://www.youtube.com/channel/UCkXu3LT_pEyuIs5uJGOpeOQ
UCWlIzA-M2-b_sVM4lNJdI_A,@なな-n9i-p6h,12,1年,Member (1 year),,不明,,,1,2,0,2026-10-02 20:00,2026-10-02 20:00,,,https://www.youtube.com/channel/UCWlIzA-M2-b_sVM4lNJdI_A
UC6CPSlKO7iZGkRSBQnkYo1A,@波留茨,12,1年,Member (1 year),,不明,,,1,1,0,2026-10-02 20:00,2026-10-02 20:00,,,https://www.youtube.com/channel/UC6CPSlKO7iZGkRSBQnkYo1A
UCQuaR1oxm_yrrJe0dYBfo4Q,@znfnalgi_ぅゅ,12,1年,Member (1 year),,不明,,,1,2,0,2026-10-02 20:00,2026-10-02 20:00,,,https://www.youtube.com/channel/UCQuaR1oxm_yrrJe0dYBfo4Q
UCwvvLqAJQDKPsxJvNZx4dRw,@あむ-l7t,12,1年,Member (1 year),,不明,,,1,1,0,2026-10-02 20:00,2026-10-02 20:00,,,https://www.youtube.com/channel/UCwvvLqAJQDKPsxJvNZx4dRw
UCEoZ3JYTZ63DT4kNrZPmIfg,@なつみ-l6g8q,12,1年,Member (1 year),,不明,,,1,4,0,2026-10-02 20:00,2026-10-02 20:00,,,https://www.youtube.com/channel/UCEoZ3JYTZ63DT4kNrZPmIfg
UCFJBqqWNwUgoyIf_yhFdfmA,@もこ-tulip,12,1年,Member (1 year),,不明,,,1,1,0,2026-10-02 20:00,2026-10-02 20:00,,,https://www.youtube.com/channel/UCFJBqqWNwUgoyIf_yhFdfmA
UCHo48ROxcBuDPJIAkXdGn7w,@doublenyaan,12,1年,Member (1 year),,不明,,,1,2,0,2026-10-02 20:00,2026-10-02 20:00,,,https://www.youtube.com/channel/UCHo48ROxcBuDPJIAkXdGn7w
UCZYRLl10PiF6olKp-DCmdmw,@夜凪472,12,1年,Member (1 year),,不明,,,1,1,0,2026-10-02 20:00,2026-10-02 20:00,,,https://www.youtube.com/channel/UCZYRLl10PiF6olKp-DCmdmw
UCblIgM4u7hBJDeHJBqoON3Q,@しーな-yns146,12,1年,Member (1 year),,不明,,,1,1,0,2026-10-02 20:00,2026-10-02 20:00,,,https://www.youtube.com/channel/UCblIgM4u7hBJDeHJBqoON3Q
UCsyiB2hkf3MfN85V7LiYgzQ,@8883-k7c,12,1年,Member (1 year),,不明,,,1,1,0,2026-10-02 20:00,2026-10-02 20:00,,,https://www.youtube.com/channel/UCsyiB2hkf3MfN85V7LiYgzQ
UClaNnQs__V6DdmChQbMs6Cw,@あかいろりんご0712,12,1年,Member (1 year),,不明,,,1,2,0,2026-10-02 22:30,2026-10-02 22:30,,,https://www.youtube.com/channel/UClaNnQs__V6DdmChQbMs6Cw
UC9RyKTRFDECevDN3rARzqWw,@大福餅-x1g,12,1年,Member (1 year),,不明,,,1,1,0,2026-10-02 22:30,2026-10-02 22:30,,,https://www.youtube.com/channel/UC9RyKTRFDECevDN3rARzqWw
UCZSC-PyibQJatKtEFbBgbJw,@Akis_Atelier,12,1年,Member (1 year),,不明,,,1,9,0,2026-10-02 22:30,2026-10-02 22:30,,,https://www.youtube.com/channel/UCZSC-PyibQJatKtEFbBgbJw
UCijf9E-ep0rBwA6_ezznWWw,@みりみゅん,12,1年,Member (1 year),,不明,,,1,1,0,2026-10-02 22:30,2026-10-02 22:30,,,https://www.youtube.com/channel/UCijf9E-ep0rBwA6_ezznWWw
UCF2D28mZFetwjUh5sKJFTQg,@こげめrr,12,1年,Member (1 year),,不明,,,1,1,0,2026-10-02 22:30,2026-10-02 22:30,,,https://www.youtube.com/channel/UCF2D28mZFetwjUh5sKJFTQg
UCPs08-yw98p3FKbxRUxgoVQ,@こんにゃく機,12,1年,Member (1 year),,不明,,,1,1,0,2026-10-02 22:30,2026-10-02 22:30,,,https://www.youtube.com/channel/UCPs08-yw98p3FKbxRUxgoVQ
UCj6wRGdPHvIE2PSBfEdzUMg,@樹翔いつきそらsorairo0524,12,1年,Member (1 year),,不明,,,1,2,1,2026-10-02 22:30,2026-10-02 22:30,,,https://www.youtube.com/channel/UCj6wRGdPHvIE2PSBfEdzUMg
UCiPiiwpCw1sQ5Ort-aIHO3A,@しろしらす,12,1年,Member (1 year),,不明,,,1,4,0,2026-10-02 22:30,2026-10-02 22:30,,,https://www.youtube.com/channel/UCiPiiwpCw1sQ5Ort-aIHO3A
UCJtEO1F_Swo0qAyWsqDthkw,@えど-c8zjaga45D,12,1年,Member (1 year),,不明,,,1,2,0,2026-10-02 22:30,2026-10-02 22:30,,,https://www.youtube.com/channel/UCJtEO1F_Swo0qAyWsqDthkw
UCPO6R1mqNx-jCJSf0eU8oEw,@enpitsu_sapphire_1,12,1年,Member (1 year),,不明,,,1,1,1,2026-10-02 22:30,2026-10-02 22:30,,,https://www.youtube.com/channel/UCPO6R1mqNx-jCJSf0eU8oEw
UCn7MOKX3sE3-QM0Gk6WMKPg,@美沙-i6j,12,1年,Member (1 year),,不明,,,1,1,1,2026-10-02 22:30,2026-10-02 22:30,,,https://www.youtube.com/channel/UCn7MOKX3sE3-QM0Gk6WMKPg
UC6DHoE22x-_ICLnBDtJvnrA,@ドラゴンになりたい黒猫きりむくん,12,1年,Member (1 year),,不明,,,1,2,0,2026-10-02 22:30,2026-10-02 22:30,,,https://www.youtube.com/channel/UC6DHoE22x-_ICLnBDtJvnrA
UCP40cVJoht_Ns-lVvbgKM4g,@はらだゆっこ,12,1年,Member (1 year),,不明,,,1,2,1,2026-10-02 22:30,2026-10-02 22:30,,,https://www.youtube.com/channel/UCP40cVJoht_Ns-lVvbgKM4g
UCByDRkWCQwXol2cxIDavkYQ,@yuu-1109,12,1年,Member (1 year),,不明,,,1,1,0,2026-10-04 22:30,2026-10-04 22:30,,,https://www.youtube.com/channel/UCByDRkWCQwXol2cxIDavkYQ
UCRW2p51cDzE5CMfRVivb92w,@樹-いつき-e4z,12,1年,Member (1 year),,不明,,,1,1,0,2026-10-04 22:30,2026-10-04 22:30,,,https://www.youtube.com/channel/UCRW2p51cDzE5CMfRVivb92w
UCRQlBooyBgitwTMMno7gEsw,@いちゃん_1chan_o,12,1年,Member (1 year),,不明,,,1,1,1,2026-10-04 22:30,2026-10-04 22:30,,,https://www.youtube.com/channel/UCRQlBooyBgitwTMMno7gEsw
UCPwzx0U0G98V9Bgm6g2zJEw,@卯月おはこ,12,1年,Member (1 year),,不明,,,1,4,0,2026-10-04 22:30,2026-10-04 22:30,,,https://www.youtube.com/channel/UCPwzx0U0G98V9Bgm6g2zJEw
UCpQzbTix__LbhA8CXhASiDQ,@moveru-o5o,12,1年,Member (1 year),,不明,,,1,1,0,2026-10-04 22:30,2026-10-04 22:30,,,https://www.youtube.com/channel/UCpQzbTix__LbhA8CXhASiDQ
UC_LdhyZ2BC3trot3ARkYBhA,@いす-r3o,12,1年,Member (1 year),,不明,,,1,1,0,2026-10-04 22:30,2026-10-04 22:30,,,https://www.youtube.com/channel/UC_LdhyZ2BC3trot3ARkYBhA
UCJd-1c0YOx40ffCP3sszvNw,@しまえり-y8l,12,1年,Member (1 year),,不明,,,1,1,0,2026-10-04 22:30,2026-10-04 22:30,,,https://www.youtube.com/channel/UCJd-1c0YOx40ffCP3sszvNw
UCGK8-I4jGMXd-htgQByQYVg,@Элина-г1ж,12,1年,Member (1 year),,不明,,,1,8,0,2026-10-04 22:30,2026-10-04 22:30,,,https://www.youtube.com/channel/UCGK8-I4jGMXd-htgQByQYVg
UCtHjuebhvTRBIzkGKWA1LLQ,@やわよし,12,1年,Member (1 year),,不明,,,1,1,0,2026-10-04 22:30,2026-10-04 22:30,,,https://www.youtube.com/channel/UCtHjuebhvTRBIzkGKWA1LLQ
UCAfCt6C-cu3-BUY_WVv4DyQ,@すい-d2i,12,1年,Member (1 year),,不明,,,1,1,0,2026-10-04 22:30,2026-10-04 22:30,,,https://www.youtube.com/channel/UCAfCt6C-cu3-BUY_WVv4DyQ
UCnBQ8h_-50M7dQRBTkouAwg,@たびんちゅ-viator,12,1年,Member (1 year),,不明,,,1,204,0,2026-10-04 22:30,2026-10-04 22:30,,,https://www.youtube.com/channel/UCnBQ8h_-50M7dQRBTkouAwg
UCn1P9tleILIQjBeUTTKh02g,@ruru82492,12,1年,Member (1 year),,不明,,,1,1,0,2026-10-04 22:30,2026-10-04 22:30,,,https://www.youtube.com/channel/UCn1P9tleILIQjBeUTTKh02g
UCancj9v_vpsq5mjUJRMYJCA,@こーふー-l2o,12,1年,Member (1 year),,不明,,,1,21,0,2026-10-04 22:30,2026-10-04 22:30,,,https://www.youtube.com/channel/UCancj9v_vpsq5mjUJRMYJCA
UC72AzplnHy00aoDx6ufy5Sg,@ウラノス1012,12,1年,Member (1 year),,不明,,,1,3,1,2026-10-04 22:30,2026-10-04 22:30,,,https://www.youtube.com/channel/UC72AzplnHy00aoDx6ufy5Sg
UCqlv5wpWZ0rBH_Gop785wHA,@saki497,12,1年,Member (1 year),,不明,,,1,1,0,2026-10-04 22:30,2026-10-04 22:30,,,https://www.youtube.com/channel/UCqlv5wpWZ0rBH_Gop785wHA
UCyIIEw7TT4OA5FSlAwiboHA,@イナレイ,12,1年,Member (1 year),,不明,,,1,1,0,2026-10-04 22:30,2026-10-04 22:30,,,https://www.youtube.com/channel/UCyIIEw7TT4OA5FSlAwiboHA
UCSW8oQ_BOmemaKCpY6N-U7A,@みんと-s1i,12,1年,Member (1 year),,不明,,,1,1,1,2026-10-04 22:30,2026-10-04 22:30,,,https://www.youtube.com/channel/UCSW8oQ_BOmemaKCpY6N-U7A
UCFu9suJSa0oRkKrabsumvVg,@けい_0821,12,1年,Member (1 year),,不明,,,1,1,0,2026-10-05 22:30,2026-10-05 22:30,,,https://www.youtube.com/channel/UCFu9suJSa0oRkKrabsumvVg
UC2Po4aCIZ2AqHxJkDtplL2w,@w3r3w0lf-00,12,1年,Member (1 year),,不明,,,1,2,0,2026-10-05 22:30,2026-10-05 22:30,,,https://www.youtube.com/channel/UC2Po4aCIZ2AqHxJkDtplL2w
UCka-VX37V3Sxr2bbOtjaS3A,@オウタタスカル,12,1年,Member (1 year),,不明,,,1,2,0,2026-10-05 22:30,2026-10-05 22:30,,,https://www.youtube.com/channel/UCka-VX37V3Sxr2bbOtjaS3A
UC1aZOHm-7Xe3pY4FtyOpnTg,@緑茶みるく,12,1年,Member (1 year),,不明,,,1,1,0,2026-10-05 22:30,2026-10-05 22:30,,,https://www.youtube.com/channel/UC1aZOHm-7Xe3pY4FtyOpnTg
UCCTt1lTmOHCA90tCb6w4kRQ,@ひな-wb,6,6ヶ月,Member (6 months),,不明,,,17,193,1,2026-09-08 22:31,2026-10-05 22:30,,,https://www.youtube.com/channel/UCCTt1lTmOHCA90tCb6w4kRQ
UC11MP6671L_0Y1Dbi-e8CxQ,@満腹なペンギン,6,6ヶ月,Member (6 months),,不明,,,17,410,1,2026-09-08 22:31,2026-10-05 22:30,,,https://www.youtube.com/channel/UC11MP6671L_0Y1Dbi-e8CxQ
UCJndIHXt54G3oBqpb0EpjDw,@けい-t7l,6,6ヶ月,Member (6 months),,不明,,,17,374,1,2026-09-08 22:31,2026-10-05 22:30,,,https://www.youtube.com/channel/UCJndIHXt54G3oBqpb0EpjDw
UCY556xwf_3FiPUgLNpHoPFA,@Credo-k7e,6,6ヶ月,Member (6 months),,不明,,,17,1357,0,2026-09-08 22:31,2026-10-05 22:30,,,https://www.youtube.com/channel/UCY556xwf_3FiPUgLNpHoPFA
UC6n2bpJaxWsZIY3lDbmzqew,@のこきのこ-s1n,6,6ヶ月,Member (6 months),,不明,,,17,517,0,2026-09-08 22:31,2026-10-05 22:30,,,https://www.youtube.com/channel/UC6n2bpJaxWsZIY3lDbmzqew
UC96nhPJfvawV4ipEtdrkgPg,@飯屋店員,6,6ヶ月,Member (6 months),,不明,,,17,1352,9,2026-09-08 22:31,2026-10-05 22:30,,,https://www.youtube.com/channel/UC96nhPJfvawV4ipEtdrkgPg
UCCsGR8sodiF3Ptltzciop_A,@スーパーちこりーた,6,6ヶ月,Member (6 months),,不明,,,17,1058,0,2026-09-08 22:31,2026-10-05 22:30,,,https://www.youtube.com/channel/UCCsGR8sodiF3Ptltzciop_A
UCSP-MNaCsn2EQXFhfgJvfAQ,@あか林檎-d3c,6,6ヶ月,Member (6 months),,不明,,,16,112,0,2026-09-08 22:31,2026-10-05 22:30,,,https://www.youtube.com/channel/UCSP-MNaCsn2EQXFhfgJvfAQ
UC0QfYr0PyGVAUcQFeJBAjOw,@naosumi666,6,6ヶ月,Member (6 months),,不明,,,16,610,1,2026-09-08 22:31,2026-10-05 22:30,,,https://www.youtube.com/channel/UC0QfYr0PyGVAUcQFeJBAjOw
UCh0HcyShz4vxFuvJy-D3wZA,@亜桜衣_aoi,6,6ヶ月,Member (6 months),,不明,,,16,324,0,2026-09-08 22:31,2026-10-05 22:30,,,https://www.youtube.com/channel/UCh0HcyShz4vxFuvJy-D3wZA
UCf0tVV6FZEpejjCt9_62tKA,@キイ-o2o,6,6ヶ月,Member (6 months),,不明,,,16,325,0,2026-09-08 22:31,2026-10-05 22:30,,,https://www.youtube.com/channel/UCf0tVV6FZEpejjCt9_62tKA
UCV8Suvl14VKxnFTo3FSg5ag,@mememori_otkr,6,6ヶ月,Member (6 months),,不明,,,16,842,0,2026-09-08 22:31,2026-10-05 22:30,,,https://www.youtube.com/channel/UCV8Suvl14VKxnFTo3FSg5ag
UC256HFUMocPeYZqzwbQLqcw,@白銀Rireira,6,6ヶ月,Member (6 months),,不明,,,16,346,2,2026-09-08 22:31,2026-10-05 22:30,,,https://www.youtube.com/channel/UC256HFUMocPeYZqzwbQLqcw
UCBFctaq9wTozxthgqm78mZg,@未希-iwa,6,6ヶ月,Member (6 months),,不明,,,16,93,2,2026-09-08 22:31,2026-10-05 22:30,,,https://www.youtube.com/channel/UCBFctaq9wTozxthgqm78mZg
UC_KxwHmDELb2aYTArqeAHUg,@cAndY-v1j9e,6,6ヶ月,Member (6 months),,不明,,,16,374,0,2026-09-08 22:31,2026-10-05 22:30,,,https://www.youtube.com/channel/UC_KxwHmDELb2aYTArqeAHUg
UCCDPAXXqkwyzTJgybjF3HGw,@ヒロオミ-l6v,6,6ヶ月,Member (6 months),,不明,,,16,1460,0,2026-09-08 22:31,2026-10-05 22:30,,,https://www.youtube.com/channel/UCCDPAXXqkwyzTJgybjF3HGw
UCYwJRCmvgAeUKEnGOEmvOpw,@騎空団団長アリス,6,6ヶ月,Member (6 months),,不明,,,16,45,0,2026-09-08 22:31,2026-10-05 22:30,,,https://www.youtube.com/channel/UCYwJRCmvgAeUKEnGOEmvOpw
UC8ivgvorXwbffjO9iDcKlFw,@mayu-dq2gk,6,6ヶ月,Member (6 months),,不明,,,16,1904,0,2026-09-08 22:31,2026-10-05 22:30,,,https://www.youtube.com/channel/UC8ivgvorXwbffjO9iDcKlFw
UCSdcWCKSdLvzXKxD4ksC0Gg,@むーみん-q9t,6,6ヶ月,Member (6 months),,不明,,,16,173,0,2026-09-08 22:31,2026-10-05 22:30,,,https://www.youtube.com/channel/UCSdcWCKSdLvzXKxD4ksC0Gg
UCQeTcxobc6abFccswpE5dwg,@紅月-こうづき,6,6ヶ月,Member (6 months),,不明,,,15,756,1,2026-09-08 22:31,2026-10-05 22:30,,,https://www.youtube.com/channel/UCQeTcxobc6abFccswpE5dwg
UCkkEI4-tJ_dZ_DgyyvhHTGg,@マコツ_k,6,6ヶ月,Member (6 months),,不明,,,15,492,1,2026-09-08 22:31,2026-10-05 22:30,,,https://www.youtube.com/channel/UCkkEI4-tJ_dZ_DgyyvhHTGg
UCMzttnPAPJUjLZ42tbq-SiQ,@海底のもずく酢,6,6ヶ月,Member (6 months),,不明,,,15,572,9,2026-09-08 22:31,2026-10-05 22:30,,,https://www.youtube.com/channel/UCMzttnPAPJUjLZ42tbq-SiQ
UCZ-euQM67mibRp3XNJPRf-A,@ゆきだるま-y3g,6,6ヶ月,Member (6 months),,不明,,,15,247,0,2026-09-08 22:31,2026-10-05 22:30,,,https://www.youtube.com/channel/UCZ-euQM67mibRp3XNJPRf-A
UCc-3n2obwSQzaWrrLIxGuSQ,@氵-v7c,6,6ヶ月,Member (6 months),,不明,,,15,395,0,2026-09-08 22:31,2026-10-05 22:30,,,https://www.youtube.com/channel/UCc-3n2obwSQzaWrrLIxGuSQ
UCF_tO39_xXLxC8f87xcHaLA,@lankalee575,6,6ヶ月,Member (6 months),,不明,,,15,99,1,2026-09-08 22:31,2026-10-05 22:30,,,https://www.youtube.com/channel/UCF_tO39_xXLxC8f87xcHaLA
UCfGfvbcV378EMFPU6f-gPEw,@華月-k1z9k,6,6ヶ月,Member (6 months),,不明,,,15,70,1,2026-09-08 22:31,2026-10-05 22:30,,,https://www.youtube.com/channel/UCfGfvbcV378EMFPU6f-gPEw
UC8KWH1z-B7VtPpi3LCg_p0A,@小野瀬-o6g,6,6ヶ月,Member (6 months),,不明,,,15,1865,1,2026-09-08 22:31,2026-10-05 22:30,,,https://www.youtube.com/channel/UC8KWH1z-B7VtPpi3LCg_p0A
UC9k5abBP0bUIrMUD99T2dOA,@ひかる-k8,6,6ヶ月,Member (6 months),,不明,,,15,277,2,2026-09-08 22:31,2026-10-04 22:30,,,https://www.youtube.com/channel/UC9k5abBP0bUIrMUD99T2dOA
UCIHsVKpH4r2ykeCbPRBKeXg,@minaetouyama3920,6,6ヶ月,Member (6 months),,不明,,,15,214,0,2026-09-10 22:00,2026-10-05 22:30,,,https://www.youtube.com/channel/UCIHsVKpH4r2ykeCbPRBKeXg
UCwc1ywrVY7jgdd8q8lzdoyQ,@しるぱ,6,6ヶ月,Member (6 months),,不明,,,15,387,2,2026-09-10 22:00,2026-10-05 22:30,,,https://www.youtube.com/channel/UCwc1ywrVY7jgdd8q8lzdoyQ
UCg03mf_4CGqhPv1Frlg06WA,@user-nc8jm8eb3m,6,6ヶ月,Member (6 months),,不明,,,14,177,0,2026-09-08 22:31,2026-10-05 22:30,,,https://www.youtube.com/channel/UCg03mf_4CGqhPv1Frlg06WA
UCsbTGuRCNNTqKrVkmlVUbQA,@ちょこみんと-v9i,6,6ヶ月,Member (6 months),,不明,,,14,814,12,2026-09-08 22:31,2026-10-05 22:30,,,https://www.youtube.com/channel/UCsbTGuRCNNTqKrVkmlVUbQA
UCigXT4Ddh4QQx-E7ljGOxpg,@にらみ猫,6,6ヶ月,Member (6 months),,不明,,,14,111,0,2026-09-08 22:31,2026-10-05 22:30,,,https://www.youtube.com/channel/UCigXT4Ddh4QQx-E7ljGOxpg
UCEYL4kkjYovHyQL5z4RSoCg,@らるりるら,6,6ヶ月,Member (6 months),,不明,,,14,106,4,2026-09-08 22:31,2026-10-05 22:30,,,https://www.youtube.com/channel/UCEYL4kkjYovHyQL5z4RSoCg
UC5t3LemvQRxg15bbRIJsrvg,@dondoko-x1w,6,6ヶ月,Member (6 months),,不明,,,14,319,0,2026-09-08 22:31,2026-10-05 22:30,,,https://www.youtube.com/channel/UC5t3LemvQRxg15bbRIJsrvg
UCaxpqcI2YUB4MzC5N7ZDdMA,@nov_lutum6,6,6ヶ月,Member (6 months),,不明,,,14,858,0,2026-09-08 22:31,2026-10-05 22:30,,,https://www.youtube.com/channel/UCaxpqcI2YUB4MzC5N7ZDdMA
UCBwbO5R-Z628E1lfMhvD5KQ,@誇り高きイッヌ,6,6ヶ月,Member (6 months),,不明,,,14,174,0,2026-09-08 22:31,2026-10-04 22:30,,,https://www.youtube.com/channel/UCBwbO5R-Z628E1lfMhvD5KQ
UCWbrwpF2mhjH51ehPnvUlcw,@sakizawayuzuki,6,6ヶ月,Member (6 months),,不明,,,14,96,0,2026-09-08 22:31,2026-10-05 22:30,,,https://www.youtube.com/channel/UCWbrwpF2mhjH51ehPnvUlcw
UCE4L7r2R-f5RdaHnWo8pfjg,@さなえ-i3b,6,6ヶ月,Member (6 months),,不明,,,14,474,1,2026-09-08 22:31,2026-10-05 22:30,,,https://www.youtube.com/channel/UCE4L7r2R-f5RdaHnWo8pfjg
UCJnQplkN4bjIbzzlOqN-b8A,@お菊-xyz,6,6ヶ月,Member (6 months),,不明,,,14,121,1,2026-09-08 22:31,2026-10-05 22:30,,,https://www.youtube.com/channel/UCJnQplkN4bjIbzzlOqN-b8A
UCS_PK5Jk-X6cqli9cZsNPIA,@naonao9792,6,6ヶ月,Member (6 months),,不明,,,14,654,1,2026-09-08 22:31,2026-10-05 22:30,,,https://www.youtube.com/channel/UCS_PK5Jk-X6cqli9cZsNPIA
UC52_v1aNkavacRD8CNlc7mg,@コッカトリス,6,6ヶ月,Member (6 months),,不明,,,14,28,0,2026-09-08 22:31,2026-10-05 22:30,,,https://www.youtube.com/channel/UC52_v1aNkavacRD8CNlc7mg
UCYovExzfa6iH2LhGcXVKUAg,@katsuraoto5132,6,6ヶ月,Member (6 months),,不明,,,14,1749,0,2026-09-08 22:31,2026-10-05 22:30,,,https://www.youtube.com/channel/UCYovExzfa6iH2LhGcXVKUAg
UC5ANx-QjKMzln8UCkk1t0CA,@kousei7896,6,6ヶ月,Member (6 months),,不明,,,14,206,0,2026-09-08 22:31,2026-10-05 22:30,,,https://www.youtube.com/channel/UC5ANx-QjKMzln8UCkk1t0CA
UCclg8NXGJNdePhBEAQt5PAw,@ふわふわなもち,6,6ヶ月,Member (6 months),,不明,,,14,491,0,2026-09-08 22:31,2026-10-05 22:30,,,https://www.youtube.com/channel/UCclg8NXGJNdePhBEAQt5PAw
UCcqXxU4TPgrDRIUU_IsDdgg,@たんさんすい-s6x,6,6ヶ月,Member (6 months),,不明,,,14,36,0,2026-09-08 22:31,2026-10-04 22:30,,,https://www.youtube.com/channel/UCcqXxU4TPgrDRIUU_IsDdgg
UCoAENYFzW7rDjCVKZ_FOi5w,@もさ-q4i,6,6ヶ月,Member (6 months),,不明,,,14,467,1,2026-09-10 22:00,2026-10-05 22:30,,,https://www.youtube.com/channel/UCoAENYFzW7rDjCVKZ_FOi5w
UCi7sbo58RajRzo7E9TERj_Q,@ルイ-c8g,6,6ヶ月,Member (6 months),,不明,,,13,100,0,2026-09-08 22:31,2026-10-05 22:30,,,https://www.youtube.com/channel/UCi7sbo58RajRzo7E9TERj_Q
UCycbdgdf93mr2Lr2Tb10E9Q,@あいり_9,6,6ヶ月,Member (6 months),,不明,,,13,211,1,2026-09-08 22:31,2026-10-04 22:30,,,https://www.youtube.com/channel/UCycbdgdf93mr2Lr2Tb10E9Q
UCqVtDQdAe8Q0AGUAZ83MWeA,@misuzu5100,6,6ヶ月,Member (6 months),,不明,,,13,301,0,2026-09-08 22:31,2026-10-04 22:30,,,https://www.youtube.com/channel/UCqVtDQdAe8Q0AGUAZ83MWeA
UC3gztomO8fdpf_zLIwggoGQ,@ハルイチ_861,6,6ヶ月,Member (6 months),,不明,,,13,74,0,2026-09-08 22:31,2026-10-05 22:30,,,https://www.youtube.com/channel/UC3gztomO8fdpf_zLIwggoGQ
UCWtW9iiqUPL5Jf5-AaisuRg,@みん-y3e,6,6ヶ月,Member (6 months),,不明,,,13,116,0,2026-09-08 22:31,2026-10-05 22:30,,,https://www.youtube.com/channel/UCWtW9iiqUPL5Jf5-AaisuRg
UCDIyVCKqSXGu9Y5-QogLx9w,@ゆきちゃっぴー,6,6ヶ月,Member (6 months),,不明,,,13,575,0,2026-09-10 22:00,2026-10-05 22:30,,,https://www.youtube.com/channel/UCDIyVCKqSXGu9Y5-QogLx9w
UCAY7K_NPgLGZvWC-0u9pkJw,@アイク-Aikboymom,6,6ヶ月,Member (6 months),,不明,,,13,691,4,2026-09-10 22:00,2026-10-05 22:30,,,https://www.youtube.com/channel/UCAY7K_NPgLGZvWC-0u9pkJw
UCcR3M89iE5wtQhS8SoDu6HA,@vinn_4649,6,6ヶ月,Member (6 months),,不明,,,12,32,0,2026-09-08 22:31,2026-10-05 22:30,,,https://www.youtube.com/channel/UCcR3M89iE5wtQhS8SoDu6HA
UCIlVxbZ3gUgVJByxu3rLMbA,@futuki_juuseki,6,6ヶ月,Member (6 months),,不明,,,12,332,0,2026-09-08 22:31,2026-10-04 22:30,,,https://www.youtube.com/channel/UCIlVxbZ3gUgVJByxu3rLMbA
UCUOQLQ3GUlvXRQM3On8mvDQ,@ゆっこ_atalcove,6,6ヶ月,Member (6 months),,不明,,,12,363,2,2026-09-08 22:31,2026-10-05 22:30,,,https://www.youtube.com/channel/UCUOQLQ3GUlvXRQM3On8mvDQ
UCz5TD1tZQKcXbUc1IUW2X-A,@Na_Ki_Ta,6,6ヶ月,Member (6 months),,不明,,,12,108,0,2026-09-08 22:31,2026-10-05 22:30,,,https://www.youtube.com/channel/UCz5TD1tZQKcXbUc1IUW2X-A
UC_Nribaoj9BUxXaFD0S34AQ,@es_amog,6,6ヶ月,Member (6 months),,不明,,,12,466,2,2026-09-08 22:31,2026-10-04 22:30,,,https://www.youtube.com/channel/UC_Nribaoj9BUxXaFD0S34AQ
UCNoZUbmOG_mMhW2wfEJab_A,@りのさとう-w3w,6,6ヶ月,Member (6 months),,不明,,,12,118,0,2026-09-08 22:31,2026-10-05 22:30,,,https://www.youtube.com/channel/UCNoZUbmOG_mMhW2wfEJab_A
UCJOjotuXqeLBKBmasuqF9vw,@井伏猫,6,6ヶ月,Member (6 months),,不明,,,12,68,0,2026-09-08 22:31,2026-10-05 22:30,,,https://www.youtube.com/channel/UCJOjotuXqeLBKBmasuqF9vw
UCx7jM7rJlRknGazhC0k0gbw,@めい-l._.b,6,6ヶ月,Member (6 months),,不明,,,12,42,1,2026-09-08 22:31,2026-10-05 22:30,,,https://www.youtube.com/channel/UCx7jM7rJlRknGazhC0k0gbw
UCZDdlj_BgfYt-gEui17M65g,@あき_129.2,6,6ヶ月,Member (6 months),,不明,,,12,148,0,2026-09-10 22:00,2026-10-05 22:30,,,https://www.youtube.com/channel/UCZDdlj_BgfYt-gEui17M65g
UCKwxBcUGTth7a2JA1CseJfQ,@seki_せーき,6,6ヶ月,Member (6 months),,不明,,,12,440,0,2026-09-10 22:00,2026-10-05 22:30,,,https://www.youtube.com/channel/UCKwxBcUGTth7a2JA1CseJfQ
UCA387te9ZLjMG2kNjAzLfCw,@よもぎ-q4m,6,6ヶ月,Member (6 months),,不明,,,12,414,4,2026-09-10 22:00,2026-10-05 22:30,,,https://www.youtube.com/channel/UCA387te9ZLjMG2kNjAzLfCw
UCm4HyOztXw3e107FckvImTg,@はたけのおいも,6,6ヶ月,Member (6 months),,不明,,,12,186,0,2026-09-10 22:00,2026-10-05 22:30,,,https://www.youtube.com/channel/UCm4HyOztXw3e107FckvImTg
UChmt-01IBqPDIZg47YK3Sfg,@SaKi-u5t,6,6ヶ月,Member (6 months),,不明,,,12,141,0,2026-09-12 00:02,2026-10-05 22:30,,,https://www.youtube.com/channel/UChmt-01IBqPDIZg47YK3Sfg
UCnQt4jH9GsUBg-K9pQ5zZ_g,@Emi_yuzu,6,6ヶ月,Member (6 months),,不明,,,12,127,0,2026-09-12 00:02,2026-10-04 22:30,,,https://www.youtube.com/channel/UCnQt4jH9GsUBg-K9pQ5zZ_g
UCm4yswbtZ8wy-FFUKIGgCxg,@chocolat_nero,6,6ヶ月,Member (6 months),,不明,,,11,162,0,2026-09-08 22:31,2026-10-05 22:30,,,https://www.youtube.com/channel/UCm4yswbtZ8wy-FFUKIGgCxg
UC7IYu9kdmUmegyM46CO7iQg,@わんこんぶ-w8o,6,6ヶ月,Member (6 months),,不明,,,11,207,3,2026-09-08 22:31,2026-10-04 22:30,,,https://www.youtube.com/channel/UC7IYu9kdmUmegyM46CO7iQg
UCivd8bsVcXmgkG0Po9HnHmA,@にゃあ-1,6,6ヶ月,Member (6 months),,不明,,,11,1887,0,2026-09-08 22:31,2026-10-05 22:30,,,https://www.youtube.com/channel/UCivd8bsVcXmgkG0Po9HnHmA
UCuIJj6tBM7_v159kDFyYmxA,@そらそら_0826,6,6ヶ月,Member (6 months),,不明,,,11,57,0,2026-09-08 22:31,2026-10-02 22:30,,,https://www.youtube.com/channel/UCuIJj6tBM7_v159kDFyYmxA
UCgNFXeY-Hhq8_qpP-Ra-vBA,@こしずか,6,6ヶ月,Member (6 months),,不明,,,11,89,0,2026-09-08 22:31,2026-10-02 22:30,,,https://www.youtube.com/channel/UCgNFXeY-Hhq8_qpP-Ra-vBA
UCnAnrnf3K9mRTsyZhHuZ8_Q,@よこ-j8r,6,6ヶ月,Member (6 months),,不明,,,11,295,0,2026-09-08 22:31,2026-10-04 22:30,,,https://www.youtube.com/channel/UCnAnrnf3K9mRTsyZhHuZ8_Q
UCRo1sSGGQdBcLwbQd73GF3Q,@ちいたちゃ,6,6ヶ月,Member (6 months),,不明,,,11,27,0,2026-09-08 22:31,2026-10-05 22:30,,,https://www.youtube.com/channel/UCRo1sSGGQdBcLwbQd73GF3Q
UCdW6GBlaAnJH2ejWmpLuk_g,@にわとこ-o6p,6,6ヶ月,Member (6 months),,不明,,,11,328,0,2026-09-10 22:00,2026-10-05 22:30,,,https://www.youtube.com/channel/UCdW6GBlaAnJH2ejWmpLuk_g
UCeHB2-MOvBCYZ2rfEyS42mA,@ありみ-iii,6,6ヶ月,Member (6 months),,不明,,,11,100,1,2026-09-10 22:00,2026-10-02 22:30,,,https://www.youtube.com/channel/UCeHB2-MOvBCYZ2rfEyS42mA
UCHbg8I-6WYgC9McuxgabR-w,@立花-d4q,6,6ヶ月,Member (6 months),,不明,,,11,15,0,2026-09-12 00:02,2026-10-04 22:30,,,https://www.youtube.com/channel/UCHbg8I-6WYgC9McuxgabR-w
UCmwepGEnY8Y80R7HrPxhuqg,@みゆ-p1h,6,6ヶ月,Member (6 months),,不明,,,11,67,0,2026-09-12 00:02,2026-10-05 22:30,,,https://www.youtube.com/channel/UCmwepGEnY8Y80R7HrPxhuqg
UC4hx0EmCVmykAAz1mRwgZ6g,@禅-zenn,6,6ヶ月,Member (6 months),,不明,,,10,12,0,2026-09-08 22:31,2026-10-05 22:30,,,https://www.youtube.com/channel/UC4hx0EmCVmykAAz1mRwgZ6g
UCo3fgVIyRh06iIDEHsZXeWw,@きょう-z3s,6,6ヶ月,Member (6 months),,不明,,,10,22,0,2026-09-08 22:31,2026-10-04 22:30,,,https://www.youtube.com/channel/UCo3fgVIyRh06iIDEHsZXeWw
UCpYib108VrgqBS8_ucKcY0g,@ミヤビ38,6,6ヶ月,Member (6 months),,不明,,,10,46,1,2026-09-08 22:31,2026-10-05 22:30,,,https://www.youtube.com/channel/UCpYib108VrgqBS8_ucKcY0g
UCrXDzQA78O1BreH7qDSSJlA,@YuLilium10,6,6ヶ月,Member (6 months),,不明,,,10,310,2,2026-09-10 22:00,2026-10-05 22:30,,,https://www.youtube.com/channel/UCrXDzQA78O1BreH7qDSSJlA
UCP3uekl5M303BZwzPbQKNow,@こよる_0,6,6ヶ月,Member (6 months),,不明,,,10,28,0,2026-09-10 22:00,2026-10-05 22:30,,,https://www.youtube.com/channel/UCP3uekl5M303BZwzPbQKNow
UCB-iI3QLj2aeCuVUsKrgjlw,@給水ボトル,6,6ヶ月,Member (6 months),,不明,,,10,13,0,2026-09-10 22:00,2026-09-27 23:00,,,https://www.youtube.com/channel/UCB-iI3QLj2aeCuVUsKrgjlw
UC-uR2c02PcXDsSR92oURNjw,@ちぃ-mofmof,6,6ヶ月,Member (6 months),,不明,,,10,78,2,2026-09-10 22:00,2026-10-05 22:30,,,https://www.youtube.com/channel/UC-uR2c02PcXDsSR92oURNjw
UCIiIhQpWAzD7_BADipWbnjA,@komugiko-t5c,6,6ヶ月,Member (6 months),,不明,,,10,163,0,2026-09-10 22:00,2026-10-05 22:30,,,https://www.youtube.com/channel/UCIiIhQpWAzD7_BADipWbnjA
UCsEvCE_0DJHaim80VqjN2Jg,@うどん-f44,6,6ヶ月,Member (6 months),,不明,,,10,67,0,2026-09-10 22:00,2026-10-05 22:30,,,https://www.youtube.com/channel/UCsEvCE_0DJHaim80VqjN2Jg
UCiViUHO6Usk9HxoOC0yO2lA,@nbk22-s3e,6,6ヶ月,Member (6 months),,不明,,,10,78,0,2026-09-10 22:00,2026-10-04 22:30,,,https://www.youtube.com/channel/UCiViUHO6Usk9HxoOC0yO2lA
UCq7Z1wa0BHiF85GsQJWCx3w,@haru-je3xy,6,6ヶ月,Member (6 months),,不明,,,10,118,0,2026-09-12 00:02,2026-10-05 22:30,,,https://www.youtube.com/channel/UCq7Z1wa0BHiF85GsQJWCx3w
UCj6p4CMrIKd9Awi1N9IAGhQ,@真先JUN,6,6ヶ月,Member (6 months),,不明,,,10,85,0,2026-09-15 22:00,2026-10-05 22:30,,,https://www.youtube.com/channel/UCj6p4CMrIKd9Awi1N9IAGhQ
UCXmSgwuxStSgp2wdTXmm2_w,@B221-street,6,6ヶ月,Member (6 months),,不明,,,9,57,0,2026-09-08 22:31,2026-10-04 22:30,,,https://www.youtube.com/channel/UCXmSgwuxStSgp2wdTXmm2_w
UC0s4fsEN9hN6803G5YPyXmg,@しょこら-h5f,6,6ヶ月,Member (6 months),,不明,,,9,295,0,2026-09-08 22:31,2026-10-04 22:30,,,https://www.youtube.com/channel/UC0s4fsEN9hN6803G5YPyXmg
UCi6bwr1HXxOfTw9BBB3d4Dg,@24時間眠い,6,6ヶ月,Member (6 months),,不明,,,9,33,0,2026-09-08 22:31,2026-09-27 23:00,,,https://www.youtube.com/channel/UCi6bwr1HXxOfTw9BBB3d4Dg
UCkk0xxLjeIseRiOKcwegMlw,@のんちゃん-l4p,6,6ヶ月,Member (6 months),,不明,,,9,19,0,2026-09-08 22:31,2026-10-05 22:30,,,https://www.youtube.com/channel/UCkk0xxLjeIseRiOKcwegMlw
UC997MKDZY3B4ktQhXs-pBow,@erika-t2s,6,6ヶ月,Member (6 months),,不明,,,9,349,0,2026-09-08 22:31,2026-10-05 22:30,,,https://www.youtube.com/channel/UC997MKDZY3B4ktQhXs-pBow
UC6kOXoLIV_c8Va72uk4WICA,@しなな-p5h,6,6ヶ月,Member (6 months),,不明,,,9,20,0,2026-09-08 22:31,2026-10-04 22:30,,,https://www.youtube.com/channel/UC6kOXoLIV_c8Va72uk4WICA
UCXr6NDldO_246kZbOda50NA,@アンバー_white,6,6ヶ月,Member (6 months),,不明,,,9,15,1,2026-09-08 22:31,2026-10-05 22:30,,,https://www.youtube.com/channel/UCXr6NDldO_246kZbOda50NA
UC05qvx2GfgeO23NBGQ9iY7A,@yako_853,6,6ヶ月,Member (6 months),,不明,,,9,195,0,2026-09-08 22:31,2026-10-05 22:30,,,https://www.youtube.com/channel/UC05qvx2GfgeO23NBGQ9iY7A
UCP-lU2fMeGPOue3SR3UFZOg,@ひよこ-p5f,6,6ヶ月,Member (6 months),,不明,,,9,150,0,2026-09-10 22:00,2026-10-05 22:30,,,https://www.youtube.com/channel/UCP-lU2fMeGPOue3SR3UFZOg
UCbawggbz7PqWuE6i2zdpWeA,@ねぎこ-negiko,6,6ヶ月,Member (6 months),,不明,,,9,31,0,2026-09-10 22:00,2026-10-05 22:30,,,https://www.youtube.com/channel/UCbawggbz7PqWuE6i2zdpWeA
UCwYyUo1qT9g2YOOdLhVg0QA,@静野希亜,6,6ヶ月,Member (6 months),,不明,,,9,26,0,2026-09-10 22:00,2026-10-05 22:30,,,https://www.youtube.com/channel/UCwYyUo1qT9g2YOOdLhVg0QA
UCv-8-S6QC0dZMu1K-N7m2pQ,@キミヤ-e7f,6,6ヶ月,Member (6 months),,不明,,,9,36,1,2026-09-10 22:00,2026-10-05 22:30,,,https://www.youtube.com/channel/UCv-8-S6QC0dZMu1K-N7m2pQ
UCDuL0AmPhX9B1iypa0T6zjg,@kuu-9-9,6,6ヶ月,Member (6 months),,不明,,,9,60,0,2026-09-12 00:02,2026-10-04 22:30,,,https://www.youtube.com/channel/UCDuL0AmPhX9B1iypa0T6zjg
UCHQ3L4Wooe9Sj-8rHIoLSNA,@nanana-ななな,6,6ヶ月,Member (6 months),,不明,,,9,62,0,2026-09-12 00:02,2026-10-05 22:30,,,https://www.youtube.com/channel/UCHQ3L4Wooe9Sj-8rHIoLSNA
UCEXhcJGjtAwrF2lSLLPwDgw,@雨上がりのAme,6,6ヶ月,Member (6 months),,不明,,,9,22,1,2026-09-12 00:02,2026-10-05 22:30,,,https://www.youtube.com/channel/UCEXhcJGjtAwrF2lSLLPwDgw
UCbq5Rode5AAubv5qqLhWujw,@sen-y6j,6,6ヶ月,Member (6 months),,不明,,,9,18,0,2026-09-12 00:02,2026-10-05 22:30,,,https://www.youtube.com/channel/UCbq5Rode5AAubv5qqLhWujw
UCRi_vv82R0d2lDDJuVyXagQ,@Mitsuba-c6v,6,6ヶ月,Member (6 months),,不明,,,9,275,0,2026-09-12 00:02,2026-10-05 22:30,,,https://www.youtube.com/channel/UCRi_vv82R0d2lDDJuVyXagQ
UC3XXJcpZgPXqz9lg3rD15kg,@yu-satoRi,6,6ヶ月,Member (6 months),,不明,,,9,753,0,2026-09-15 22:00,2026-10-04 22:30,,,https://www.youtube.com/channel/UC3XXJcpZgPXqz9lg3rD15kg
UCI2-L5YePVjPZHZKcs6dgVQ,@marita_osikatu,6,6ヶ月,Member (6 months),,不明,,,8,157,0,2026-09-08 22:31,2026-10-02 22:30,,,https://www.youtube.com/channel/UCI2-L5YePVjPZHZKcs6dgVQ
UC3Pa6QtsfN7qP3AEd_V45HA,@googoo4736,6,6ヶ月,Member (6 months),,不明,,,8,56,0,2026-09-08 22:31,2026-10-05 22:30,,,https://www.youtube.com/channel/UC3Pa6QtsfN7qP3AEd_V45HA
UC0woPw2qxe0YT6UOMgIEPEg,@hi-chan3510,6,6ヶ月,Member (6 months),,不明,,,8,244,1,2026-09-08 22:31,2026-10-05 22:30,,,https://www.youtube.com/channel/UC0woPw2qxe0YT6UOMgIEPEg
UCpI7RgMYV4tfzbc4eIUpulw,@こここ-r5g,6,6ヶ月,Member (6 months),,不明,,,8,129,0,2026-09-08 22:31,2026-10-02 22:30,,,https://www.youtube.com/channel/UCpI7RgMYV4tfzbc4eIUpulw
UCcjBiMfX82tzfy3P7GFZULA,@Sakuranyan426,6,6ヶ月,Member (6 months),,不明,,,8,72,0,2026-09-10 22:00,2026-10-05 22:30,,,https://www.youtube.com/channel/UCcjBiMfX82tzfy3P7GFZULA
UC60Gd-RtTWRYXcojMfLrnTg,@ハハ-x5p,6,6ヶ月,Member (6 months),,不明,,,8,36,0,2026-09-10 22:00,2026-10-05 22:30,,,https://www.youtube.com/channel/UC60Gd-RtTWRYXcojMfLrnTg
UCh3E20MYeYuXVvEU9PB9TWQ,@影雪さん,6,6ヶ月,Member (6 months),,不明,,,8,160,2,2026-09-10 22:00,2026-10-05 22:30,,,https://www.youtube.com/channel/UCh3E20MYeYuXVvEU9PB9TWQ
UCKhf1jNqbRhlGRC75p9KWyg,@川瀬-kawase,6,6ヶ月,Member (6 months),,不明,,,8,19,0,2026-09-10 22:00,2026-10-05 22:30,,,https://www.youtube.com/channel/UCKhf1jNqbRhlGRC75p9KWyg
UCj_WefhktsAkCdPg3FtThBQ,@もち-r6m7y,6,6ヶ月,Member (6 months),,不明,,,8,17,0,2026-09-10 22:00,2026-10-04 22:30,,,https://www.youtube.com/channel/UCj_WefhktsAkCdPg3FtThBQ
UCM6kHCJTr7Ihcb_id5na_tg,@さな-k,6,6ヶ月,Member (6 months),,不明,,,8,8,8,2026-09-10 22:00,2026-10-05 22:30,,,https://www.youtube.com/channel/UCM6kHCJTr7Ihcb_id5na_tg
UCtVnLS6sRiI97vOEBCg7q5A,@YUNBO-z5i,6,6ヶ月,Member (6 months),,不明,,,8,53,0,2026-09-10 22:00,2026-10-02 22:30,,,https://www.youtube.com/channel/UCtVnLS6sRiI97vOEBCg7q5A
UCCVBGiVlfpLHE11i-QsmYJA,@あずきあおい-v5w,6,6ヶ月,Member (6 months),,不明,,,8,39,0,2026-09-12 00:02,2026-10-05 22:30,,,https://www.youtube.com/channel/UCCVBGiVlfpLHE11i-QsmYJA
UCqdaDGu4Mb2nUm_OJJM67_g,@もるこ-m3s,6,6ヶ月,Member (6 months),,不明,,,8,257,0,2026-09-12 00:02,2026-10-05 22:30,,,https://www.youtube.com/channel/UCqdaDGu4Mb2nUm_OJJM67_g
UC0411QCPatIeFAuQgVP2t8Q,@南乃恵,6,6ヶ月,Member (6 months),,加賀美ハヤトのメンバーシップ,再加入/レベル変更,,8,30,0,2026-09-12 00:02,2026-10-04 22:30,,,https://www.youtube.com/channel/UC0411QCPatIeFAuQgVP2t8Q
UCq-Mu3klxIU8CeGcsEJ7nBw,@kapiba-rasan,6,6ヶ月,Member (6 months),,不明,,,8,39,1,2026-09-12 00:02,2026-10-04 22:30,,,https://www.youtube.com/channel/UCq-Mu3klxIU8CeGcsEJ7nBw
UCmgqA3wyC3SO8dUlSh50FnA,@夜行性が治らないりと,6,6ヶ月,Member (6 months),,不明,,,8,576,0,2026-09-18 21:30,2026-10-05 22:30,,,https://www.youtube.com/channel/UCmgqA3wyC3SO8dUlSh50FnA
UCbpXdDFcub43nT1D7bY6E9g,@CROW-curse,6,6ヶ月,Member (6 months),,不明,,,8,167,1,2026-09-22 10:02,2026-10-05 22:30,,,https://www.youtube.com/channel/UCbpXdDFcub43nT1D7bY6E9g
UClUdkGmoKeWQiT8U4dv1rHQ,@happy-rainy,6,6ヶ月,Member (6 months),,不明,,,7,8,2,2026-09-08 22:31,2026-09-26 21:33,,,https://www.youtube.com/channel/UClUdkGmoKeWQiT8U4dv1rHQ
UC3o6In2xXeklsm_TISjadlA,@omu3-12,6,6ヶ月,Member (6 months),,不明,,,7,22,0,2026-09-08 22:31,2026-10-04 22:30,,,https://www.youtube.com/channel/UC3o6In2xXeklsm_TISjadlA
UC0XSfgRXgCM6AFsf1zub3bg,@ちゃるぼんぬ,6,6ヶ月,Member (6 months),,不明,,,7,19,0,2026-09-08 22:31,2026-10-05 22:30,,,https://www.youtube.com/channel/UC0XSfgRXgCM6AFsf1zub3bg
UC73IbYJb2gvCpVgkXpJ8yfw,@ka-bobo31a,6,6ヶ月,Member (6 months),,不明,,,7,8,1,2026-09-08 22:31,2026-10-05 22:30,,,https://www.youtube.com/channel/UC73IbYJb2gvCpVgkXpJ8yfw
UCYopfqPWGemg0BDEok7_eqA,@めばちこ-f3i,6,6ヶ月,Member (6 months),,不明,,,7,30,0,2026-09-08 22:31,2026-10-04 22:30,,,https://www.youtube.com/channel/UCYopfqPWGemg0BDEok7_eqA
UCLl03YE0TrCW48WBPXtZ4wA,@106SDON,6,6ヶ月,Member (6 months),,不明,,,7,170,0,2026-09-08 22:31,2026-09-26 21:33,,,https://www.youtube.com/channel/UCLl03YE0TrCW48WBPXtZ4wA
UC7zE5lbiVj6qmN8UehlTAoA,@jnmn17,6,6ヶ月,Member (6 months),,不明,,,7,9,0,2026-09-10 22:00,2026-10-04 22:30,,,https://www.youtube.com/channel/UC7zE5lbiVj6qmN8UehlTAoA
UCehI49TIfpi7sWDzxfJaQ7w,@keiji-j7c,6,6ヶ月,Member (6 months),,不明,,,7,18,1,2026-09-10 22:00,2026-10-02 22:30,,,https://www.youtube.com/channel/UCehI49TIfpi7sWDzxfJaQ7w
UC7JD-bnvsFALgSEkPqXvxnA,@しゃお-oO,6,6ヶ月,Member (6 months),,不明,,,7,239,0,2026-09-10 22:00,2026-10-02 22:30,,,https://www.youtube.com/channel/UC7JD-bnvsFALgSEkPqXvxnA
UCogDPbHzkHq33tRxzBghdbw,@ぺどろ-404,6,6ヶ月,Member (6 months),,不明,,,7,16,0,2026-09-10 22:00,2026-10-05 22:30,,,https://www.youtube.com/channel/UCogDPbHzkHq33tRxzBghdbw
UChAN1GB6LszqtJCzwkBS91A,@mondkatze0342,6,6ヶ月,Member (6 months),,不明,,,7,11,0,2026-09-10 22:00,2026-10-02 22:30,,,https://www.youtube.com/channel/UChAN1GB6LszqtJCzwkBS91A
UC9vqSscKwwkqXQARNlaLYMA,@bunbunbun_bunbunbun,6,6ヶ月,Member (6 months),,不明,,,7,21,0,2026-09-10 22:00,2026-10-05 22:30,,,https://www.youtube.com/channel/UC9vqSscKwwkqXQARNlaLYMA
UCQKPfKBc0wD_ZLUMbRF5q_A,@かりんペン,6,6ヶ月,Member (6 months),,不明,,,7,37,0,2026-09-10 22:00,2026-10-04 22:30,,,https://www.youtube.com/channel/UCQKPfKBc0wD_ZLUMbRF5q_A
UCcA_UqX95ChrXpsm9zTdmvQ,@j2y-k2u,6,6ヶ月,Member (6 months),,不明,,,7,25,0,2026-09-10 22:00,2026-10-05 22:30,,,https://www.youtube.com/channel/UCcA_UqX95ChrXpsm9zTdmvQ
UC0EC-toT7r15rwqf7xhHFJA,@rouha_老葉,6,6ヶ月,Member (6 months),,不明,,,7,33,0,2026-09-12 00:02,2026-10-05 22:30,,,https://www.youtube.com/channel/UC0EC-toT7r15rwqf7xhHFJA
UCxoElZqau1qVr6RmExg-FMA,@ひなこ-p2t,6,6ヶ月,Member (6 months),,不明,,,7,11,0,2026-09-12 00:02,2026-10-05 22:30,,,https://www.youtube.com/channel/UCxoElZqau1qVr6RmExg-FMA
UCPKCuXyLixCiwU9SjUf17TA,@はれるん,6,6ヶ月,Member (6 months),,不明,,,7,43,0,2026-09-12 00:02,2026-10-04 22:30,,,https://www.youtube.com/channel/UCPKCuXyLixCiwU9SjUf17TA
UCADnaBf0gDhUF4AxhZiVsBw,@ねる.neru_v,6,6ヶ月,Member (6 months),,不明,,,7,291,0,2026-09-12 00:02,2026-10-04 22:30,,,https://www.youtube.com/channel/UCADnaBf0gDhUF4AxhZiVsBw
UCkNIAVdsGfpoobYoogtM_cw,@hagiso-s3i,6,6ヶ月,Member (6 months),,不明,,,7,22,0,2026-09-12 00:02,2026-10-04 22:30,,,https://www.youtube.com/channel/UCkNIAVdsGfpoobYoogtM_cw
UCh4joWiyViy5QatBltz8QTw,@kimidori310,6,6ヶ月,Member (6 months),,不明,,,7,43,0,2026-09-12 00:02,2026-09-27 23:00,,,https://www.youtube.com/channel/UCh4joWiyViy5QatBltz8QTw
UCpcFjrFm2Q2KGLcDCWdKHSA,@月奈_.ru_4xj,6,6ヶ月,Member (6 months),,不明,,,7,16,1,2026-09-12 00:02,2026-10-05 22:30,,,https://www.youtube.com/channel/UCpcFjrFm2Q2KGLcDCWdKHSA
UCBfkZ3uBy93iKpnj5s-8Uvw,@liu-xia0531,6,6ヶ月,Member (6 months),,不明,,,7,7,7,2026-09-12 00:02,2026-10-05 22:30,,,https://www.youtube.com/channel/UCBfkZ3uBy93iKpnj5s-8Uvw
UC8RRCAIzBF-Tvib1PbYv32w,@taka-w1s-z2k,6,6ヶ月,Member (6 months),,不明,,,7,9,0,2026-09-12 23:00,2026-10-04 22:30,,,https://www.youtube.com/channel/UC8RRCAIzBF-Tvib1PbYv32w
UCq-SubhWJ-N0otXhGYB_Dgg,@マロン-w6f,6,6ヶ月,Member (6 months),,不明,,,7,39,0,2026-09-15 22:00,2026-10-04 22:30,,,https://www.youtube.com/channel/UCq-SubhWJ-N0otXhGYB_Dgg
UC8c6lullOuJgBgfFEsTGjhg,@sirasudon168,6,6ヶ月,Member (6 months),,不明,,,7,72,0,2026-09-17 22:05,2026-10-04 22:30,,,https://www.youtube.com/channel/UC8c6lullOuJgBgfFEsTGjhg
UC6IA3u6PR8BNrgB98uySQLQ,@かりん糖花,6,6ヶ月,Member (6 months),,不明,,,6,86,1,2026-09-08 22:31,2026-10-05 22:30,,,https://www.youtube.com/channel/UC6IA3u6PR8BNrgB98uySQLQ
UCB2uaP-s7hmVghsjUJreemA,@soooon-33ww,6,6ヶ月,Member (6 months),,不明,,,6,343,0,2026-09-08 22:31,2026-09-22 14:02,,,https://www.youtube.com/channel/UCB2uaP-s7hmVghsjUJreemA
UCy5RC93tP6JNPuREhe2BYQA,@綾鷹-u3q3o,6,6ヶ月,Member (6 months),,不明,,,6,9,0,2026-09-10 22:00,2026-09-27 23:00,,,https://www.youtube.com/channel/UCy5RC93tP6JNPuREhe2BYQA
UCdsG7xtZ5Bt7k4apyRhbsBA,@月菖蒲,6,6ヶ月,Member (6 months),,不明,,,6,31,0,2026-09-10 22:00,2026-10-05 22:30,,,https://www.youtube.com/channel/UCdsG7xtZ5Bt7k4apyRhbsBA
UCBDH1WACtHvXT1IGSj9cjKw,@mi-k-420,6,6ヶ月,Member (6 months),,不明,,,6,88,1,2026-09-10 22:00,2026-10-04 22:30,,,https://www.youtube.com/channel/UCBDH1WACtHvXT1IGSj9cjKw
UCiW2LSH-_Z6e_3Zy4iAEIZA,@白麦みそ,6,6ヶ月,Member (6 months),,不明,,,6,11,0,2026-09-10 22:00,2026-10-02 22:30,,,https://www.youtube.com/channel/UCiW2LSH-_Z6e_3Zy4iAEIZA
UCu2e1F3vGcd0XdKxSL8sfxQ,@紫季-y1s,6,6ヶ月,Member (6 months),,不明,,,6,14,0,2026-09-10 22:00,2026-10-04 22:30,,,https://www.youtube.com/channel/UCu2e1F3vGcd0XdKxSL8sfxQ
UCK8OYFwaNv0sCk-0J6Iy43g,@Kisagi-Ann,6,6ヶ月,Member (6 months),,不明,,,6,53,0,2026-09-10 22:00,2026-10-05 22:30,,,https://www.youtube.com/channel/UCK8OYFwaNv0sCk-0J6Iy43g
UCPCwgaIUCSJgp_0nhT0ANNw,@えいみ_125,6,6ヶ月,Member (6 months),,不明,,,6,18,0,2026-09-10 22:00,2026-10-04 22:30,,,https://www.youtube.com/channel/UCPCwgaIUCSJgp_0nhT0ANNw
UCBxibwahC-FXG56EZqLGqtg,@とてもやばみ,6,6ヶ月,Member (6 months),,不明,,,6,175,0,2026-09-10 22:00,2026-09-27 23:00,,,https://www.youtube.com/channel/UCBxibwahC-FXG56EZqLGqtg
UCo4X6KfZXEFG5b2Is-ILuQA,@reichan1337,6,6ヶ月,Member (6 months),,不明,,,6,21,0,2026-09-10 22:00,2026-09-27 23:00,,,https://www.youtube.com/channel/UCo4X6KfZXEFG5b2Is-ILuQA
UC9Rdmbi7yl51L2PWLTELAVA,@emya_emya,6,6ヶ月,Member (6 months),,不明,,,6,50,4,2026-09-12 00:02,2026-10-04 22:30,,,https://www.youtube.com/channel/UC9Rdmbi7yl51L2PWLTELAVA
UCfzNTAPE2GPAEH0wKt4_Q9g,@ネムノキ_o,6,6ヶ月,Member (6 months),,不明,,,6,310,0,2026-09-12 00:02,2026-10-05 22:30,,,https://www.youtube.com/channel/UCfzNTAPE2GPAEH0wKt4_Q9g
UCNwN4rjYR0Bmqw1dKp7H_hA,@さの-0912,6,6ヶ月,Member (6 months),,不明,,,6,9,0,2026-09-12 00:02,2026-10-02 22:30,,,https://www.youtube.com/channel/UCNwN4rjYR0Bmqw1dKp7H_hA
UCiSDFtrbXAmv826oFYoYffQ,@ちあるん-g4x,6,6ヶ月,Member (6 months),,不明,,,6,19,0,2026-09-12 23:00,2026-10-05 22:30,,,https://www.youtube.com/channel/UCiSDFtrbXAmv826oFYoYffQ
UCHAmdS0NrSUBRG3VGcJmi0Q,@nemuneko1122,6,6ヶ月,Member (6 months),,不明,,,6,14,0,2026-09-17 22:05,2026-10-04 22:30,,,https://www.youtube.com/channel/UCHAmdS0NrSUBRG3VGcJmi0Q
UCkgGWDj7J-N_8-zRhpJBm_g,@ray-u2q3u,6,6ヶ月,Member (6 months),,不明,,,5,81,0,2026-09-08 22:31,2026-10-04 22:30,,,https://www.youtube.com/channel/UCkgGWDj7J-N_8-zRhpJBm_g
UCQs4wM8qKJGK8D_IExd9zAw,@ももも茶,6,6ヶ月,Member (6 months),,不明,,,5,30,0,2026-09-08 22:31,2026-09-26 21:33,,,https://www.youtube.com/channel/UCQs4wM8qKJGK8D_IExd9zAw
UCBE0VLDDfQaTFyU3xcRTHXw,@くろけ-p8p,6,6ヶ月,Member (6 months),,不明,,,5,40,0,2026-09-08 22:31,2026-09-24 23:01,,,https://www.youtube.com/channel/UCBE0VLDDfQaTFyU3xcRTHXw
UCkdqw4jYj-uHvOce8o15xTw,@ましゅまろん-d6,6,6ヶ月,Member (6 months),,不明,,,5,6,0,2026-09-08 22:31,2026-10-02 20:00,,,https://www.youtube.com/channel/UCkdqw4jYj-uHvOce8o15xTw
UCYzVDQMdJyD95_j8Nhfafjw,@tam_1006,6,6ヶ月,Member (6 months),,不明,,,5,10,0,2026-09-10 22:00,2026-10-04 22:30,,,https://www.youtube.com/channel/UCYzVDQMdJyD95_j8Nhfafjw
UCwUE__H8iJ1v9GvNoi_qdmA,@チオコ,6,6ヶ月,Member (6 months),,不明,,,5,8,0,2026-09-10 22:00,2026-10-02 22:30,,,https://www.youtube.com/channel/UCwUE__H8iJ1v9GvNoi_qdmA
UCZXovabFKEIaqJG8KadofNA,@しーりさ-shi-risa,6,6ヶ月,Member (6 months),,不明,,,5,97,0,2026-09-10 22:00,2026-10-05 22:30,,,https://www.youtube.com/channel/UCZXovabFKEIaqJG8KadofNA
UCJmnUQl_tSiG2kQs_kLrq8Q,@公星-g6s,6,6ヶ月,Member (6 months),,不明,,,5,6,0,2026-09-10 22:00,2026-10-04 22:30,,,https://www.youtube.com/channel/UCJmnUQl_tSiG2kQs_kLrq8Q
UCyEqJvIRUikh2S44GTn_aUA,@rara.s00,6,6ヶ月,Member (6 months),,不明,,,5,17,2,2026-09-10 22:00,2026-09-22 14:02,,,https://www.youtube.com/channel/UCyEqJvIRUikh2S44GTn_aUA
UCUL-x8Kwzv4mAA9TO_hbt7w,@Tomoki-Tea_n,6,6ヶ月,Member (6 months),,不明,,,5,7,1,2026-09-10 22:00,2026-10-02 22:30,,,https://www.youtube.com/channel/UCUL-x8Kwzv4mAA9TO_hbt7w
UCFrGpqpbAUeIEcf9CQSH21w,@きょうか-kk,6,6ヶ月,Member (6 months),,不明,,,5,6,0,2026-09-12 00:02,2026-10-02 20:00,,,https://www.youtube.com/channel/UCFrGpqpbAUeIEcf9CQSH21w
UC7wlfReoLAXSIPkpHoML3wQ,@まどろみスヤスヤ,6,6ヶ月,Member (6 months),,不明,,,5,238,1,2026-09-12 00:02,2026-10-04 22:30,,,https://www.youtube.com/channel/UC7wlfReoLAXSIPkpHoML3wQ
UCqoySEVurz_1Yso6OThdfIw,@qzqmilk,6,6ヶ月,Member (6 months),,不明,,,5,8,0,2026-09-12 00:02,2026-10-04 22:30,,,https://www.youtube.com/channel/UCqoySEVurz_1Yso6OThdfIw
UCgg3mwA4_biKivUbtiO1tHA,@ナルカミ_xxw,6,6ヶ月,Member (6 months),,不明,,,5,42,0,2026-09-12 23:00,2026-09-27 23:00,,,https://www.youtube.com/channel/UCgg3mwA4_biKivUbtiO1tHA
UCs6PbMzwGF6r1iKxYUhT0Wg,@めいふぁー-t5b,6,6ヶ月,Member (6 months),,不明,,,5,6,0,2026-09-15 22:00,2026-10-02 20:00,,,https://www.youtube.com/channel/UCs6PbMzwGF6r1iKxYUhT0Wg
UCWMHgnTnn4abodX9vv0Rpmw,@kaneru44,6,6ヶ月,Member (6 months),,不明,,,5,10,0,2026-09-15 22:00,2026-10-05 22:30,,,https://www.youtube.com/channel/UCWMHgnTnn4abodX9vv0Rpmw
UCEv7LIfVmZiU0l2azg6aYFA,@いつまでも反抗者のしぃ,6,6ヶ月,Member (6 months),,不明,,,5,15,3,2026-09-22 14:02,2026-10-05 22:30,,,https://www.youtube.com/channel/UCEv7LIfVmZiU0l2azg6aYFA
UCl1otX37baEjQbx6sVnrbsg,@MAIGO-d8s,6,6ヶ月,Member (6 months),,不明,,,4,16,0,2026-09-08 22:31,2026-09-22 14:02,,,https://www.youtube.com/channel/UCl1otX37baEjQbx6sVnrbsg
UCf04LOhodkeikX1uAJ5xd3w,@あずま-y2x,6,6ヶ月,Member (6 months),,不明,,,4,16,0,2026-09-08 22:31,2026-10-04 22:30,,,https://www.youtube.com/channel/UCf04LOhodkeikX1uAJ5xd3w
UCcm6C21-PQyjYQixqmtfJDQ,@りおん-d2h,6,6ヶ月,Member (6 months),,不明,,,4,4,0,2026-09-10 22:00,2026-10-02 22:30,,,https://www.youtube.com/channel/UCcm6C21-PQyjYQixqmtfJDQ
UCv3Rw6t2zcw5XfpIKS6Db7g,@りゅーと-z5i,6,6ヶ月,Member (6 months),,不明,,,4,17,0,2026-09-10 22:00,2026-10-05 22:30,,,https://www.youtube.com/channel/UCv3Rw6t2zcw5XfpIKS6Db7g
UCNo90baF7LOxlmmbtgBUX8w,@かとちゃん-e4q,6,6ヶ月,Member (6 months),,不明,,,4,33,2,2026-09-10 22:00,2026-10-02 22:30,,,https://www.youtube.com/channel/UCNo90baF7LOxlmmbtgBUX8w
UC4o3aJCdWN4WHBdp2vGynRw,@たまごまき-o2o,6,6ヶ月,Member (6 months),,不明,,,4,132,1,2026-09-10 22:00,2026-10-02 22:30,,,https://www.youtube.com/channel/UC4o3aJCdWN4WHBdp2vGynRw
UCYn_FmTR9lutEwwSJ9O-psA,@hiratayuu,6,6ヶ月,Member (6 months),,加賀美ハヤトのメンバーシップ,再加入/レベル変更（2026-09-07）,,4,16,0,2026-09-10 22:00,2026-09-27 23:00,,,https://www.youtube.com/channel/UCYn_FmTR9lutEwwSJ9O-psA
UClVkU8Xc-LuwldDrVBZjzOQ,@錯視-m9p,6,6ヶ月,Member (6 months),,不明,,,4,16,0,2026-09-10 22:00,2026-09-24 23:01,,,https://www.youtube.com/channel/UClVkU8Xc-LuwldDrVBZjzOQ
UCCVFIkqaFa5jaUP0l6koq1g,@forestcat-h9m,6,6ヶ月,Member (6 months),,不明,,,4,8,1,2026-09-10 22:00,2026-10-02 22:30,,,https://www.youtube.com/channel/UCCVFIkqaFa5jaUP0l6koq1g
UCVNIUTvHz21vNKCerGgASnw,@るま_r,6,6ヶ月,Member (6 months),,不明,,,4,13,1,2026-09-10 22:00,2026-10-02 22:30,,,https://www.youtube.com/channel/UCVNIUTvHz21vNKCerGgASnw
UCntYa28ngeH6uOPz7tEqhDA,@今天晚餐吃咖哩,6,6ヶ月,Member (6 months),,不明,,,4,7,0,2026-09-10 22:00,2026-09-24 23:01,,,https://www.youtube.com/channel/UCntYa28ngeH6uOPz7tEqhDA
UC6zxUdw9_qRBLUGHrfo2KGg,@のら-c3f,6,6ヶ月,Member (6 months),,不明,,,4,5,0,2026-09-12 00:02,2026-10-02 22:30,,,https://www.youtube.com/channel/UC6zxUdw9_qRBLUGHrfo2KGg
UCZpE2Gf3YreE7uv4KOSEy-w,@mkvloks,6,6ヶ月,Member (6 months),,不明,,,4,20,0,2026-09-12 00:02,2026-10-05 22:30,,,https://www.youtube.com/channel/UCZpE2Gf3YreE7uv4KOSEy-w
UCkQ3QaY0QCOOhMtDYdbRQSQ,@pea._____.nuts1128,6,6ヶ月,Member (6 months),,不明,,,4,68,0,2026-09-12 00:02,2026-10-02 20:00,,,https://www.youtube.com/channel/UCkQ3QaY0QCOOhMtDYdbRQSQ
UCbrJ3TzZO-5-Mq4_IjAnAyw,@まーぼんm,6,6ヶ月,Member (6 months),,不明,,,4,6,0,2026-09-12 00:02,2026-09-26 21:33,,,https://www.youtube.com/channel/UCbrJ3TzZO-5-Mq4_IjAnAyw
UCB6J8WQjFkEN4Gd27UykTBg,@kgmnyan,6,6ヶ月,Member (6 months),,不明,,,4,9,2,2026-09-12 00:02,2026-10-02 22:30,,,https://www.youtube.com/channel/UCB6J8WQjFkEN4Gd27UykTBg
UCy0SwJQqatWy23Q5tS9tUhg,@蒼都_sorato,6,6ヶ月,Member (6 months),,不明,,,4,171,0,2026-09-12 00:02,2026-10-04 22:30,,,https://www.youtube.com/channel/UCy0SwJQqatWy23Q5tS9tUhg
UCyKXMlUPPY7vitLUUnAVMNA,@uiui_613,6,6ヶ月,Member (6 months),,不明,,,4,11,0,2026-09-12 00:02,2026-10-02 20:00,,,https://www.youtube.com/channel/UCyKXMlUPPY7vitLUUnAVMNA
UCqIGhWZww8X4vIodHKFyfLg,@こまや-v2i,6,6ヶ月,Member (6 months),,不明,,,4,4,1,2026-09-12 23:00,2026-09-26 21:33,,,https://www.youtube.com/channel/UCqIGhWZww8X4vIodHKFyfLg
UCW9h_8cee5X_lA6Oscfjjmg,@にみどり,6,6ヶ月,Member (6 months),,不明,,,4,16,0,2026-09-12 23:00,2026-10-02 20:00,,,https://www.youtube.com/channel/UCW9h_8cee5X_lA6Oscfjjmg
UCQSC-TB1jsF3_2_ZNYe4YZA,@ゆゆyu-x2j,6,6ヶ月,Member (6 months),,不明,,,4,65,0,2026-09-12 23:00,2026-10-04 22:30,,,https://www.youtube.com/channel/UCQSC-TB1jsF3_2_ZNYe4YZA
UCp-JWq-sTSs7OIxcZRqZabw,@higebaron,6,6ヶ月,Member (6 months),,不明,,,4,5,0,2026-09-15 22:00,2026-10-04 22:30,,,https://www.youtube.com/channel/UCp-JWq-sTSs7OIxcZRqZabw
UCJlt9nPwGjc6VOSnWIHXdTA,@hockeshima-i5p,6,6ヶ月,Member (6 months),,不明,,,4,4,0,2026-09-15 22:00,2026-10-05 22:30,,,https://www.youtube.com/channel/UCJlt9nPwGjc6VOSnWIHXdTA
UCpjRLnoNSJjitSiemk5ROPg,@もゆる-0w0,6,6ヶ月,Member (6 months),,不明,,,4,28,0,2026-09-15 22:00,2026-09-22 14:02,,,https://www.youtube.com/channel/UCpjRLnoNSJjitSiemk5ROPg
UCCU_xkN98v6SZFLmYOl6Zpw,@with.y.u.k.i,6,6ヶ月,Member (6 months),,不明,,,4,4,4,2026-09-15 22:00,2026-10-05 22:30,,,https://www.youtube.com/channel/UCCU_xkN98v6SZFLmYOl6Zpw
UC4tal9vl3mI7JyhZOkkO8xA,@mitakase2611,6,6ヶ月,Member (6 months),,不明,,,4,27,1,2026-09-15 22:00,2026-10-02 22:30,,,https://www.youtube.com/channel/UC4tal9vl3mI7JyhZOkkO8xA
UCh5syD624uDqQK7030Hd1NQ,@Kisaragi_ruri,6,6ヶ月,Member (6 months),,不明,,,4,99,0,2026-09-17 07:30,2026-10-02 22:30,,,https://www.youtube.com/channel/UCh5syD624uDqQK7030Hd1NQ
UCxxZ_oLEKZx37WJLoLzcIuQ,@mo_oncyan,6,6ヶ月,Member (6 months),,不明,,,4,8,0,2026-09-17 22:05,2026-10-05 22:30,,,https://www.youtube.com/channel/UCxxZ_oLEKZx37WJLoLzcIuQ
UCVj580Q67sjmSyjE3sASdkw,@りお太ろう,6,6ヶ月,Member (6 months),,不明,,,4,9,0,2026-09-17 22:05,2026-10-04 22:30,,,https://www.youtube.com/channel/UCVj580Q67sjmSyjE3sASdkw
UChyriQ9TelkQ8892mVlXm0w,@わむ-p3j,6,6ヶ月,Member (6 months),,不明,,,4,11,0,2026-09-22 14:02,2026-10-05 22:30,,,https://www.youtube.com/channel/UChyriQ9TelkQ8892mVlXm0w
UC4AlsJD7ICj_TZ5KF-zTuXA,@あまがみ-g6g,6,6ヶ月,Member (6 months),,不明,,,4,7,0,2026-09-22 14:02,2026-10-04 22:30,,,https://www.youtube.com/channel/UC4AlsJD7ICj_TZ5KF-zTuXA
UCBjqk1ZxXwirCegKpJCNdGw,@なかのよしの,6,6ヶ月,Member (6 months),,不明,,,3,3,0,2026-09-08 22:31,2026-09-24 23:01,,,https://www.youtube.com/channel/UCBjqk1ZxXwirCegKpJCNdGw
UCcnCqwemZNzi24K6df8-HVQ,@ラム-x4l,6,6ヶ月,Member (6 months),,不明,,,3,19,0,2026-09-08 22:31,2026-10-02 22:30,,,https://www.youtube.com/channel/UCcnCqwemZNzi24K6df8-HVQ
UCBI621ZpyDtXNPQKDuetB6A,@ひらひら-q2v,6,6ヶ月,Member (6 months),,不明,,,3,3,0,2026-09-08 22:31,2026-10-05 22:30,,,https://www.youtube.com/channel/UCBI621ZpyDtXNPQKDuetB6A
UCvvsW5Iowym4rH9SoY2IXfQ,@ch-ve9br,6,6ヶ月,Member (6 months),,不明,,,3,3,0,2026-09-08 22:31,2026-09-17 07:30,,,https://www.youtube.com/channel/UCvvsW5Iowym4rH9SoY2IXfQ
UCSCEobfwrm7u2jnp73WAGHw,@おはぎゃーら,6,6ヶ月,Member (6 months),,不明,,,3,44,0,2026-09-08 22:31,2026-09-24 23:01,,,https://www.youtube.com/channel/UCSCEobfwrm7u2jnp73WAGHw
UCodXpsIdp8oJIW2oO5IJqeg,@さお_68,6,6ヶ月,Member (6 months),,不明,,,3,4,0,2026-09-08 22:31,2026-09-27 23:00,,,https://www.youtube.com/channel/UCodXpsIdp8oJIW2oO5IJqeg
UCBkXw5GjZcbOs8dWfpu1hIw,@Solphy567,6,6ヶ月,Member (6 months),,不明,,,3,7,0,2026-09-08 22:31,2026-09-17 22:05,,,https://www.youtube.com/channel/UCBkXw5GjZcbOs8dWfpu1hIw
UCtZ7AJz7NO3SFfTciVCPu1A,@mill-m2,6,6ヶ月,Member (6 months),,不明,,,3,7,0,2026-09-08 22:31,2026-09-17 22:05,,,https://www.youtube.com/channel/UCtZ7AJz7NO3SFfTciVCPu1A
UC4Jx2CyKC648HQ2xCTZE0gw,@ときえだいろは,6,6ヶ月,Member (6 months),,不明,,,3,3,0,2026-09-10 22:00,2026-10-04 22:30,,,https://www.youtube.com/channel/UC4Jx2CyKC648HQ2xCTZE0gw
UC2weAdKSFuEvnfouoDYCSRQ,@ななここさん,6,6ヶ月,Member (6 months),,不明,,,3,3,0,2026-09-10 22:00,2026-10-04 22:30,,,https://www.youtube.com/channel/UC2weAdKSFuEvnfouoDYCSRQ
UCMKfSgaaj1JKp9RwccJpELQ,@LOTUS-1026,6,6ヶ月,Member (6 months),,不明,,,3,11,0,2026-09-10 22:00,2026-10-02 22:30,,,https://www.youtube.com/channel/UCMKfSgaaj1JKp9RwccJpELQ
UCwfKm4GBlMKh4QsqqbPSPpA,@風-b1q,6,6ヶ月,Member (6 months),,不明,,,3,11,0,2026-09-10 22:00,2026-09-24 23:01,,,https://www.youtube.com/channel/UCwfKm4GBlMKh4QsqqbPSPpA
UC9hwZv7AUuCW2p9JwhzyCOQ,@軍手-v4d,6,6ヶ月,Member (6 months),,不明,,,3,5,0,2026-09-10 22:00,2026-10-04 22:30,,,https://www.youtube.com/channel/UC9hwZv7AUuCW2p9JwhzyCOQ
UC9oAFoOGTrrtkey8L7l4cjA,@てぃらみす_くらしこ,6,6ヶ月,Member (6 months),,不明,,,3,18,0,2026-09-10 22:00,2026-09-24 23:01,,,https://www.youtube.com/channel/UC9oAFoOGTrrtkey8L7l4cjA
UC1bQP3_RUxlMs9IVTmxsTVA,@meganejyogi,6,6ヶ月,Member (6 months),,不明,,,3,14,0,2026-09-10 22:00,2026-10-02 22:30,,,https://www.youtube.com/channel/UC1bQP3_RUxlMs9IVTmxsTVA
UCAocawGKOM92ZEkjhAcbzDg,@やみねこ-s7h,6,6ヶ月,Member (6 months),,不明,,,3,3,0,2026-09-10 22:00,2026-10-05 22:30,,,https://www.youtube.com/channel/UCAocawGKOM92ZEkjhAcbzDg
UCi6D_1d0vjgVMGI9RdXyC_Q,@みーさんM.e,6,6ヶ月,Member (6 months),,不明,,,3,10,0,2026-09-12 00:02,2026-09-26 21:33,,,https://www.youtube.com/channel/UCi6D_1d0vjgVMGI9RdXyC_Q
UCOxBldRBbLehD18Rife-vvQ,@ほのか-r1h,6,6ヶ月,Member (6 months),,不明,,,3,5,0,2026-09-12 00:02,2026-10-04 22:30,,,https://www.youtube.com/channel/UCOxBldRBbLehD18Rife-vvQ
UCyKxkdrjmgiEh8uNHbdUaKQ,@秋冬春夏-h6s,6,6ヶ月,Member (6 months),,不明,,,3,8,0,2026-09-12 00:02,2026-10-04 22:30,,,https://www.youtube.com/channel/UCyKxkdrjmgiEh8uNHbdUaKQ
UCUZZm33qqbyPMF_Ke8MLFAg,@まよ-f2x,6,6ヶ月,Member (6 months),,不明,,,3,3,3,2026-09-12 00:02,2026-10-04 22:30,,,https://www.youtube.com/channel/UCUZZm33qqbyPMF_Ke8MLFAg
UCms0FPzeEbl-bumcnHxCfzA,@時松,6,6ヶ月,Member (6 months),,不明,,,3,5,0,2026-09-12 00:02,2026-09-24 23:01,,,https://www.youtube.com/channel/UCms0FPzeEbl-bumcnHxCfzA
UCcsSX3ybvnsHifwENtaO0Sw,@musu-k8p,6,6ヶ月,Member (6 months),,不明,,,3,4,2,2026-09-12 00:02,2026-09-22 14:02,,,https://www.youtube.com/channel/UCcsSX3ybvnsHifwENtaO0Sw
UC19o-OwaaqjPAJwcNbkoblA,@tomato-san,6,6ヶ月,Member (6 months),,不明,,,3,6,0,2026-09-12 00:02,2026-10-04 22:30,,,https://www.youtube.com/channel/UC19o-OwaaqjPAJwcNbkoblA
UCQAwYBUrnAeVGq_vYCHKkRA,@しぃ-x6r,6,6ヶ月,Member (6 months),,不明,,,3,5,2,2026-09-12 00:02,2026-10-02 22:30,,,https://www.youtube.com/channel/UCQAwYBUrnAeVGq_vYCHKkRA
UCXXkHiQq_ip_xUx_MMGEFVg,@ナス-ns,6,6ヶ月,Member (6 months),,不明,,,3,17,0,2026-09-12 23:00,2026-09-24 23:01,,,https://www.youtube.com/channel/UCXXkHiQq_ip_xUx_MMGEFVg
UCl_pI8sw2hQ7gRoUkWBBvqQ,@なきり-j7z,6,6ヶ月,Member (6 months),,不明,,,3,35,0,2026-09-12 23:00,2026-10-02 22:30,,,https://www.youtube.com/channel/UCl_pI8sw2hQ7gRoUkWBBvqQ
UC3OkV6upPvaSJD00SMOhP-g,@りりお_sakura,6,6ヶ月,Member (6 months),,不明,,,3,27,1,2026-09-12 23:00,2026-10-02 22:30,,,https://www.youtube.com/channel/UC3OkV6upPvaSJD00SMOhP-g
UC5221S-cSITWN5PkbFjK4-w,@metamon6917,6,6ヶ月,Member (6 months),,不明,,,3,10,0,2026-09-15 22:00,2026-10-02 22:30,,,https://www.youtube.com/channel/UC5221S-cSITWN5PkbFjK4-w
UCZkKCoBACSG3MV1kzdFfNjQ,@IbaraKiHinaT,6,6ヶ月,Member (6 months),,不明,,,3,6,0,2026-09-15 22:00,2026-10-04 22:30,,,https://www.youtube.com/channel/UCZkKCoBACSG3MV1kzdFfNjQ
UCyUHJp1qIKJDsUaN18682_A,@さば丸,6,6ヶ月,Member (6 months),,不明,,,3,4,0,2026-09-17 07:30,2026-09-26 21:33,,,https://www.youtube.com/channel/UCyUHJp1qIKJDsUaN18682_A
UC1U5ypWr_LytD6dCW0HBXGg,@まいちー-z4u,6,6ヶ月,Member (6 months),,不明,,,3,4,0,2026-09-17 07:30,2026-10-05 22:30,,,https://www.youtube.com/channel/UC1U5ypWr_LytD6dCW0HBXGg
UCpZxIa-p0DDmscyW_v6D23A,@ponpon_pecorina,6,6ヶ月,Member (6 months),,不明,,,3,23,0,2026-09-17 07:30,2026-10-05 22:30,,,https://www.youtube.com/channel/UCpZxIa-p0DDmscyW_v6D23A
UCxwgmIleCjrmjdiSmJ9N-lQ,@壺800,6,6ヶ月,Member (6 months),,不明,,,3,6,0,2026-09-17 22:05,2026-10-04 22:30,,,https://www.youtube.com/channel/UCxwgmIleCjrmjdiSmJ9N-lQ
UCCzDAJTFJ4yPXR_jsUw8EkQ,@かなこ-o8i,6,6ヶ月,Member (6 months),,不明,,,3,4,0,2026-09-17 22:05,2026-10-04 22:30,,,https://www.youtube.com/channel/UCCzDAJTFJ4yPXR_jsUw8EkQ
UCvSZfKdf6XEu5l_Lp7xa8DA,@赤めがね_8,6,6ヶ月,Member (6 months),,不明,,,3,14,0,2026-09-17 22:05,2026-10-04 22:30,,,https://www.youtube.com/channel/UCvSZfKdf6XEu5l_Lp7xa8DA
UCdLjtsDl_-smShn8qLP2U0Q,@さじ太-x7y,6,6ヶ月,Member (6 months),,不明,,,3,5,0,2026-09-18 21:30,2026-10-02 20:00,,,https://www.youtube.com/channel/UCdLjtsDl_-smShn8qLP2U0Q
UCeZt8wSOUoEWGH8ro--_DUg,@Osio-f,6,6ヶ月,Member (6 months),,不明,,,3,15,0,2026-09-18 21:30,2026-10-02 22:30,,,https://www.youtube.com/channel/UCeZt8wSOUoEWGH8ro--_DUg
UCHWbvgYSCX5-lZg9euw8PpA,@イケユカ,6,6ヶ月,Member (6 months),,不明,,,3,4,1,2026-09-22 10:02,2026-10-05 22:30,,,https://www.youtube.com/channel/UCHWbvgYSCX5-lZg9euw8PpA
UCLquz_kL_F2g1pgEnINy4tg,@こんぺいtoy,6,6ヶ月,Member (6 months),,不明,,,3,32,0,2026-09-22 14:02,2026-10-04 22:30,,,https://www.youtube.com/channel/UCLquz_kL_F2g1pgEnINy4tg
UCDvJqoC1_R8nmZSVpgVcOwg,@がる-b8j,6,6ヶ月,Member (6 months),,不明,,,3,39,0,2026-09-22 14:02,2026-09-27 23:00,,,https://www.youtube.com/channel/UCDvJqoC1_R8nmZSVpgVcOwg
UCJTSdOMArxJlb7h_vdS2fag,@kokuto-tr4ey,6,6ヶ月,Member (6 months),,不明,,,3,9,0,2026-09-22 14:02,2026-10-02 22:30,,,https://www.youtube.com/channel/UCJTSdOMArxJlb7h_vdS2fag
UCYT9-XN1fYTd5uCA8tdPMOg,@推し事社会人,6,6ヶ月,Member (6 months),,不明,,,3,25,1,2026-09-22 14:02,2026-10-02 22:30,,,https://www.youtube.com/channel/UCYT9-XN1fYTd5uCA8tdPMOg
UCjPuT-m2rZz7Kb1mDpyNzlA,@ぺろる-o6m,6,6ヶ月,Member (6 months),,不明,,,2,2,0,2026-09-08 22:31,2026-09-12 00:02,,,https://www.youtube.com/channel/UCjPuT-m2rZz7Kb1mDpyNzlA
UCenE2GCEfuPq5TaRKh4w38A,@itisasaki9251,6,6ヶ月,Member (6 months),,不明,,,2,2,0,2026-09-08 22:31,2026-09-10 22:00,,,https://www.youtube.com/channel/UCenE2GCEfuPq5TaRKh4w38A
UCBJhy0tZCJ1FhMu69a_FJJg,@KATSUinSTEW,6,6ヶ月,Member (6 months),,不明,,,2,2,0,2026-09-08 22:31,2026-09-27 23:00,,,https://www.youtube.com/channel/UCBJhy0tZCJ1FhMu69a_FJJg
UCXpXKHlCte5XrSkHHGXNLUA,@ヌコ吉,6,6ヶ月,Member (6 months),,不明,,,2,2,0,2026-09-08 22:31,2026-09-24 23:01,,,https://www.youtube.com/channel/UCXpXKHlCte5XrSkHHGXNLUA
UCo_9YenaAhZHI4rvenD1JrQ,@空蘭_ku-ran,6,6ヶ月,Member (6 months),,不明,,,2,4,0,2026-09-08 22:31,2026-09-22 14:02,,,https://www.youtube.com/channel/UCo_9YenaAhZHI4rvenD1JrQ
UCa-bCuV2g8E5pu5oBpThXfQ,@munyu-むにゅ,6,6ヶ月,Member (6 months),,不明,,,2,2,0,2026-09-10 22:00,2026-10-05 22:30,,,https://www.youtube.com/channel/UCa-bCuV2g8E5pu5oBpThXfQ
UCqYjPjvqOLkwS2GYinf_bNw,@masagi_yue,6,6ヶ月,Member (6 months),,不明,,,2,2,0,2026-09-10 22:00,2026-09-12 23:00,,,https://www.youtube.com/channel/UCqYjPjvqOLkwS2GYinf_bNw
UCTnDFhhzGdhjSYwPqcXZU8w,@user-m_mouse,6,6ヶ月,Member (6 months),,不明,,,2,4,0,2026-09-10 22:00,2026-09-22 14:02,,,https://www.youtube.com/channel/UCTnDFhhzGdhjSYwPqcXZU8w
UCVv1cE2PuU_rG75Nsd6bVdg,@なごみ-u8x,6,6ヶ月,Member (6 months),,不明,,,2,2,0,2026-09-10 22:00,2026-09-15 22:00,,,https://www.youtube.com/channel/UCVv1cE2PuU_rG75Nsd6bVdg
UCa_ERQqS1dDolEKYOeq6Ryw,@o_o_sorano,6,6ヶ月,Member (6 months),,不明,,,2,6,0,2026-09-10 22:00,2026-10-02 22:30,,,https://www.youtube.com/channel/UCa_ERQqS1dDolEKYOeq6Ryw
UCcPjG4vHUZM6os7ME1B8dNQ,@葛-kazura,6,6ヶ月,Member (6 months),,不明,,,2,19,0,2026-09-10 22:00,2026-09-12 23:00,,,https://www.youtube.com/channel/UCcPjG4vHUZM6os7ME1B8dNQ
UCAMkMS9gj8sHExJGHspEC3A,@ゆう-v4g3u,6,6ヶ月,Member (6 months),,不明,,,2,2,1,2026-09-12 00:02,2026-10-02 22:30,,,https://www.youtube.com/channel/UCAMkMS9gj8sHExJGHspEC3A
UCrXz47iUGm6EE3X9oHDnpSQ,@りくいがらし,6,6ヶ月,Member (6 months),,不明,,,2,55,0,2026-09-12 00:02,2026-10-02 22:30,,,https://www.youtube.com/channel/UCrXz47iUGm6EE3X9oHDnpSQ
UCiiG9rkURvCZ7AQVMp-KNKA,@つつじ-n5v,6,6ヶ月,Member (6 months),,不明,,,2,2,0,2026-09-12 00:02,2026-09-17 22:05,,,https://www.youtube.com/channel/UCiiG9rkURvCZ7AQVMp-KNKA
UCmYANtLHqIK_DzaTA9_X0fg,@いちたろう-l8n,6,6ヶ月,Member (6 months),,不明,,,2,3,1,2026-09-12 00:02,2026-09-12 23:00,,,https://www.youtube.com/channel/UCmYANtLHqIK_DzaTA9_X0fg
UCQTjnjnUAbxUcb2dCSieyZw,@野李湖_のりこ,6,6ヶ月,Member (6 months),,不明,,,2,10,0,2026-09-12 00:02,2026-09-24 23:01,,,https://www.youtube.com/channel/UCQTjnjnUAbxUcb2dCSieyZw
UC3XvRY0NIRfuApFG70o06oQ,@ルカ-2分が美味しいんですか部,6,6ヶ月,Member (6 months),,不明,,,2,44,1,2026-09-12 00:02,2026-09-17 22:05,,,https://www.youtube.com/channel/UC3XvRY0NIRfuApFG70o06oQ
UCJAYGMa_WHn8yJ5gU3ZGjlQ,@moca_3101,6,6ヶ月,Member (6 months),,不明,,,2,3,0,2026-09-12 00:02,2026-09-24 23:01,,,https://www.youtube.com/channel/UCJAYGMa_WHn8yJ5gU3ZGjlQ
UCcr4isopjsBLUJXWc0E7IxQ,@花翠-sui,6,6ヶ月,Member (6 months),,不明,,,2,3,1,2026-09-12 00:02,2026-09-12 23:00,,,https://www.youtube.com/channel/UCcr4isopjsBLUJXWc0E7IxQ
UCD5XmsqGwbV16OOAEW_R7aQ,@neko480,6,6ヶ月,Member (6 months),,不明,,,2,2,0,2026-09-12 00:02,2026-10-02 22:30,,,https://www.youtube.com/channel/UCD5XmsqGwbV16OOAEW_R7aQ
UCNdij-N-xGtEWBap19cgvRA,@arissaitako7945,6,6ヶ月,Member (6 months),,不明,,,2,15,0,2026-09-12 00:02,2026-09-17 07:30,,,https://www.youtube.com/channel/UCNdij-N-xGtEWBap19cgvRA
UC1DAKRhSxSyI1sBKafRf7LA,@ぽむ_pomppp,6,6ヶ月,Member (6 months),,不明,,,2,2,0,2026-09-12 23:00,2026-10-02 20:00,,,https://www.youtube.com/channel/UC1DAKRhSxSyI1sBKafRf7LA
UCuwVfAEKi2Ox11ZuQ60xoLQ,@くろえび2819,6,6ヶ月,Member (6 months),,不明,,,2,2,2,2026-09-12 23:00,2026-10-02 22:30,,,https://www.youtube.com/channel/UCuwVfAEKi2Ox11ZuQ60xoLQ
UCmQD3uLLn87AMhsczU85meg,@パープル-z2g,6,6ヶ月,Member (6 months),,不明,,,2,4,0,2026-09-12 23:00,2026-09-24 23:01,,,https://www.youtube.com/channel/UCmQD3uLLn87AMhsczU85meg
UCCyEJ0lcVrgtH6xxmtAnZ3Q,@meg-w1v7y,6,6ヶ月,Member (6 months),,不明,,,2,3,0,2026-09-12 23:00,2026-09-17 07:30,,,https://www.youtube.com/channel/UCCyEJ0lcVrgtH6xxmtAnZ3Q
UC4nkx3MQBMox5iY4Sf6L5pQ,@tsumugi_y,6,6ヶ月,Member (6 months),,不明,,,2,2,0,2026-09-12 23:00,2026-09-22 14:02,,,https://www.youtube.com/channel/UC4nkx3MQBMox5iY4Sf6L5pQ
UC3ISXBhwzZYQnfpit7C1H8A,@椿桜-b7i,6,6ヶ月,Member (6 months),,不明,,,2,2,0,2026-09-12 23:00,2026-09-17 07:30,,,https://www.youtube.com/channel/UC3ISXBhwzZYQnfpit7C1H8A
UCj4ZsaU0Ota8eAym2zQtl_g,@ray_0923,6,6ヶ月,Member (6 months),,不明,,,2,2,0,2026-09-15 22:00,2026-09-26 21:33,,,https://www.youtube.com/channel/UCj4ZsaU0Ota8eAym2zQtl_g
UCox3KaNc18BbhhC6tsdtQNQ,@ララボウ-LaLa,6,6ヶ月,Member (6 months),,不明,,,2,3,0,2026-09-15 22:00,2026-09-22 10:02,,,https://www.youtube.com/channel/UCox3KaNc18BbhhC6tsdtQNQ
UCK5YYR5-Lq-aTTZyqB7NH5Q,@ひじり-e8x,6,6ヶ月,Member (6 months),,不明,,,2,7,0,2026-09-17 07:30,2026-09-22 14:02,,,https://www.youtube.com/channel/UCK5YYR5-Lq-aTTZyqB7NH5Q
UCUH1oFmpCzBJt-6Ei2O36iw,@chia-n8v,6,6ヶ月,Member (6 months),,不明,,,2,3,0,2026-09-17 22:05,2026-10-05 22:30,,,https://www.youtube.com/channel/UCUH1oFmpCzBJt-6Ei2O36iw
UClR9L4oUmb0tUzG0Exss2DA,@FieGaruda1011,6,6ヶ月,Member (6 months),,不明,,,2,2,0,2026-09-18 21:30,2026-10-04 22:30,,,https://www.youtube.com/channel/UClR9L4oUmb0tUzG0Exss2DA
UC4mN6xbKPtQl76yID-W4C_A,@si_ba___,6,6ヶ月,Member (6 months),,不明,,,2,3,0,2026-09-18 21:30,2026-09-22 14:02,,,https://www.youtube.com/channel/UC4mN6xbKPtQl76yID-W4C_A
UCoeg1P62BhRKyhqNDI--1jg,@ちあき-y8z,6,6ヶ月,Member (6 months),,不明,,,2,2,2,2026-09-22 10:02,2026-09-22 14:02,,,https://www.youtube.com/channel/UCoeg1P62BhRKyhqNDI--1jg
UCYKBd4raceiZTjNEQ8vXURg,@nana77659,6,6ヶ月,Member (6 months),,不明,,,2,4,0,2026-09-22 14:02,2026-10-02 22:30,,,https://www.youtube.com/channel/UCYKBd4raceiZTjNEQ8vXURg
UCATNHwL1w5pNXnaIya8oNvw,@FcrT_GkwF,6,6ヶ月,Member (6 months),,不明,,,2,5,0,2026-09-22 14:02,2026-09-24 23:01,,,https://www.youtube.com/channel/UCATNHwL1w5pNXnaIya8oNvw
UCP9estLOQg9oDdnd56eu9sA,@TUNA-y1x,6,6ヶ月,Member (6 months),,不明,,,2,4,0,2026-09-22 14:02,2026-09-24 23:01,,,https://www.youtube.com/channel/UCP9estLOQg9oDdnd56eu9sA
UCJX-c8r18eDDoBWuBkelzZQ,@Edmond.oya2umai,6,6ヶ月,Member (6 months),,不明,,,2,18,0,2026-09-22 14:02,2026-10-04 22:30,,,https://www.youtube.com/channel/UCJX-c8r18eDDoBWuBkelzZQ
UCphFnqIZQfOC2tPZdbwipFw,@くろ-q1f,6,6ヶ月,Member (6 months),,不明,,,2,2,0,2026-09-22 14:02,2026-10-02 22:30,,,https://www.youtube.com/channel/UCphFnqIZQfOC2tPZdbwipFw
UCKwbNUpzvPiIAIdQCSiuMlQ,@楓瀬ふわせみゆなんですなんですか,6,6ヶ月,Member (6 months),,不明,,,2,3,1,2026-09-24 23:01,2026-10-02 22:30,,,https://www.youtube.com/channel/UCKwbNUpzvPiIAIdQCSiuMlQ
UCrIkNj1y8dS-BmIegCYEPSw,@禄音,6,6ヶ月,Member (6 months),,不明,,,2,3,0,2026-09-24 23:01,2026-10-04 22:30,,,https://www.youtube.com/channel/UCrIkNj1y8dS-BmIegCYEPSw
UCk5b3n6XmILNLXeEGZAu2qw,@daizu-q3u,6,6ヶ月,Member (6 months),,不明,,,2,38,0,2026-09-24 23:01,2026-09-27 23:00,,,https://www.youtube.com/channel/UCk5b3n6XmILNLXeEGZAu2qw
UCRlZEdH1DTjf74frKftIWvg,@ハルサキ-ハルカ,6,6ヶ月,Member (6 months),,不明,,,2,12,0,2026-09-24 23:01,2026-10-02 22:30,,,https://www.youtube.com/channel/UCRlZEdH1DTjf74frKftIWvg
UCJqtpbNNLSKZLmBP1QjrXbg,@彩月朱,6,6ヶ月,Member (6 months),,不明,,,2,2,0,2026-09-24 23:01,2026-09-27 23:00,,,https://www.youtube.com/channel/UCJqtpbNNLSKZLmBP1QjrXbg
UC2q7Y4IDYs-CWhrFf50NIDw,@n____ia,6,6ヶ月,Member (6 months),,不明,,,2,2,0,2026-09-24 23:01,2026-10-02 22:30,,,https://www.youtube.com/channel/UC2q7Y4IDYs-CWhrFf50NIDw
UCtTquiYs6zRIy0dcQ_xFkqw,@夜宮yky,6,6ヶ月,Member (6 months),,不明,,,2,4,0,2026-09-26 21:33,2026-10-02 22:30,,,https://www.youtube.com/channel/UCtTquiYs6zRIy0dcQ_xFkqw
UC7L10fmzgfxs4eAw4exxpxg,@五条義勇加賀美推し,6,6ヶ月,Member (6 months),,不明,,,2,7,0,2026-09-27 23:00,2026-10-05 22:30,,,https://www.youtube.com/channel/UC7L10fmzgfxs4eAw4exxpxg
UCB6KMTkmtSkPndT3_akqbFQ,@GreatGiantGrape,6,6ヶ月,Member (6 months),,不明,,,2,37,0,2026-09-27 23:00,2026-10-05 22:30,,,https://www.youtube.com/channel/UCB6KMTkmtSkPndT3_akqbFQ
UCBg1FVNCcFTogzA5kv3mqoA,@あんみつ-a32,6,6ヶ月,Member (6 months),,不明,,,2,2,0,2026-09-27 23:00,2026-10-04 22:30,,,https://www.youtube.com/channel/UCBg1FVNCcFTogzA5kv3mqoA
UC1REkdDrd_NTvcl4ntJFuZQ,@腹-s3n,6,6ヶ月,Member (6 months),,不明,,,2,5,0,2026-09-27 23:00,2026-10-02 22:30,,,https://www.youtube.com/channel/UC1REkdDrd_NTvcl4ntJFuZQ
UCvSqtm3T2V5UVFfeWq2DzxA,@かえるぴょこぴょこ-r1w,6,6ヶ月,Member (6 months),,不明,,,2,6,0,2026-10-02 22:30,2026-10-05 22:30,,,https://www.youtube.com/channel/UCvSqtm3T2V5UVFfeWq2DzxA
UCAu9QMiXJp-qARKwntbLsNQ,@森-t7y,6,6ヶ月,Member (6 months),,不明,,,2,2,0,2026-10-04 22:30,2026-10-05 22:30,,,https://www.youtube.com/channel/UCAu9QMiXJp-qARKwntbLsNQ
UCXzKlxf5aQyrCPQok228Sfw,@かいり-v2s,6,6ヶ月,Member (6 months),,不明,,,1,1,0,2026-09-08 22:31,2026-09-08 22:31,,,https://www.youtube.com/channel/UCXzKlxf5aQyrCPQok228Sfw
UCIdPZLEvHni3ZO5VRxjHqAw,@hinayuy8882,6,6ヶ月,Member (6 months),,不明,,,1,1,0,2026-09-08 22:31,2026-09-08 22:31,,,https://www.youtube.com/channel/UCIdPZLEvHni3ZO5VRxjHqAw
UC7XmIHIKu8vIXsqY6Rmrwww,@はっち-u4c-x9g,6,6ヶ月,Member (6 months),,不明,,,1,1,0,2026-09-10 22:00,2026-09-10 22:00,,,https://www.youtube.com/channel/UC7XmIHIKu8vIXsqY6Rmrwww
UC7ors7Jd9x-mBoxvwYL0mbA,@みみみかん-g4i7b,6,6ヶ月,Member (6 months),,不明,,,1,4,0,2026-09-10 22:00,2026-09-10 22:00,,,https://www.youtube.com/channel/UC7ors7Jd9x-mBoxvwYL0mbA
UC85oPOTbY6fqcPOk8vvGB2A,@まかろん-d5q,6,6ヶ月,Member (6 months),,不明,,,1,4,0,2026-09-10 22:00,2026-09-10 22:00,,,https://www.youtube.com/channel/UC85oPOTbY6fqcPOk8vvGB2A
UCQfrt7K2oZ0z4fo6zZ7HKgQ,@12h_k02,6,6ヶ月,Member (6 months),,不明,,,1,1,1,2026-09-10 22:00,2026-09-10 22:00,,,https://www.youtube.com/channel/UCQfrt7K2oZ0z4fo6zZ7HKgQ
UCj42Z7dHm1A2PXGDrAo5Z-w,@hachihachi7852,6,6ヶ月,Member (6 months),,不明,,,1,1,0,2026-09-10 22:00,2026-09-10 22:00,,,https://www.youtube.com/channel/UCj42Z7dHm1A2PXGDrAo5Z-w
UCef0vIntt_ad15nX2POKmYw,@せたりあ-s3n,6,6ヶ月,Member (6 months),,不明,,,1,1,0,2026-09-10 22:00,2026-09-10 22:00,,,https://www.youtube.com/channel/UCef0vIntt_ad15nX2POKmYw
UCka9HCQHu2ioc-LJKVAdYDA,@ほのか-h5i7n,6,6ヶ月,Member (6 months),,不明,,,1,3,0,2026-09-12 00:02,2026-09-12 00:02,,,https://www.youtube.com/channel/UCka9HCQHu2ioc-LJKVAdYDA
UC37ZWjp0eN-Qxq5aFGEuzOw,@てるいくん-g6x,6,6ヶ月,Member (6 months),,不明,,,1,1,1,2026-09-12 00:02,2026-09-12 00:02,,,https://www.youtube.com/channel/UC37ZWjp0eN-Qxq5aFGEuzOw
UCbRocXKzZRh22-hxqA1540A,@くままゆう,6,6ヶ月,Member (6 months),,不明,,,1,3,0,2026-09-12 00:02,2026-09-12 00:02,,,https://www.youtube.com/channel/UCbRocXKzZRh22-hxqA1540A
UCr1szoG-DkzDuFiUxFzp4CQ,@はれ-sp,6,6ヶ月,Member (6 months),,不明,,,1,1,0,2026-09-12 00:02,2026-09-12 00:02,,,https://www.youtube.com/channel/UCr1szoG-DkzDuFiUxFzp4CQ
UC9kuAdxgDAX56U60rmANj9Q,@Kokoa_gogomilk,6,6ヶ月,Member (6 months),,不明,,,1,1,0,2026-09-12 00:02,2026-09-12 00:02,,,https://www.youtube.com/channel/UC9kuAdxgDAX56U60rmANj9Q
UCkfkASZUb_8bAHkC2FZ5MtA,@さくらもち_328,6,6ヶ月,Member (6 months),,不明,,,1,1,0,2026-09-12 00:02,2026-09-12 00:02,,,https://www.youtube.com/channel/UCkfkASZUb_8bAHkC2FZ5MtA
UCkT9KrTv9jyAAkZuGOUaBQQ,@やた-w6x,6,6ヶ月,Member (6 months),,不明,,,1,1,0,2026-09-12 00:02,2026-09-12 00:02,,,https://www.youtube.com/channel/UCkT9KrTv9jyAAkZuGOUaBQQ
UC2b0Q-410R465jCKObRCbDA,@だいふく-b2b,6,6ヶ月,Member (6 months),,不明,,,1,1,0,2026-09-12 00:02,2026-09-12 00:02,,,https://www.youtube.com/channel/UC2b0Q-410R465jCKObRCbDA
UCiylOw4V7ZcPdlt_kAh3RcQ,@笹かまぼこ-k9o,6,6ヶ月,Member (6 months),,不明,,,1,3,0,2026-09-12 00:02,2026-09-12 00:02,,,https://www.youtube.com/channel/UCiylOw4V7ZcPdlt_kAh3RcQ
UCEsowr99auLOZ8YlpxMoH6w,@ayuhazharu,6,6ヶ月,Member (6 months),,不明,,,1,1,0,2026-09-12 00:02,2026-09-12 00:02,,,https://www.youtube.com/channel/UCEsowr99auLOZ8YlpxMoH6w
UC9VBjMbpEjBisAOCaztj07g,@sumire_12,6,6ヶ月,Member (6 months),,不明,,,1,1,0,2026-09-12 00:02,2026-09-12 00:02,,,https://www.youtube.com/channel/UC9VBjMbpEjBisAOCaztj07g
UCvDFFuj3QKJbQv0DtUztdJA,@さきの_02,6,6ヶ月,Member (6 months),,不明,,,1,1,0,2026-09-12 00:02,2026-09-12 00:02,,,https://www.youtube.com/channel/UCvDFFuj3QKJbQv0DtUztdJA
UCVWdA7rwmeuyPwWnJv20kPg,@ゆずしおつ,6,6ヶ月,Member (6 months),,不明,,,1,1,0,2026-09-12 00:02,2026-09-12 00:02,,,https://www.youtube.com/channel/UCVWdA7rwmeuyPwWnJv20kPg
UCVHePRwTH3_bsQZN9moXbIw,@萩峰とわ,6,6ヶ月,Member (6 months),,不明,,,1,11,0,2026-09-12 00:02,2026-09-12 00:02,,,https://www.youtube.com/channel/UCVHePRwTH3_bsQZN9moXbIw
UCLVvHEPW-_YKqxKOk-Ev-Sg,@野生のオカピ,6,6ヶ月,Member (6 months),,不明,,,1,4,0,2026-09-12 00:02,2026-09-12 00:02,,,https://www.youtube.com/channel/UCLVvHEPW-_YKqxKOk-Ev-Sg
UC19Gu9rpB8GmI-zlFC4AMCw,@anurahtera1941,6,6ヶ月,Member (6 months),,不明,,,1,1,0,2026-09-12 00:02,2026-09-12 00:02,,,https://www.youtube.com/channel/UC19Gu9rpB8GmI-zlFC4AMCw
UCuj9d4JzE53sDe9UVaUJoig,@みーちゃ-q7l,6,6ヶ月,Member (6 months),,不明,,,1,5,0,2026-09-12 00:02,2026-09-12 00:02,,,https://www.youtube.com/channel/UCuj9d4JzE53sDe9UVaUJoig
UCPi_ixDrdyWgz-OTTzcmxqA,@涼-y1x,6,6ヶ月,Member (6 months),,不明,,,1,1,0,2026-09-12 00:02,2026-09-12 00:02,,,https://www.youtube.com/channel/UCPi_ixDrdyWgz-OTTzcmxqA
UCMYKMQuv3S6yOd_Oz7bsmpQ,@クラルテ-x4y,6,6ヶ月,Member (6 months),,不明,,,1,1,0,2026-09-12 00:02,2026-09-12 00:02,,,https://www.youtube.com/channel/UCMYKMQuv3S6yOd_Oz7bsmpQ
UCWdPSWr_8CdX8Bh7YXeOJ7A,@nananabani,6,6ヶ月,Member (6 months),,加賀美ハヤトのメンバーシップ,再加入/レベル変更,,1,0,0,2026-09-12 00:02,2026-09-12 00:02,,,https://www.youtube.com/channel/UCWdPSWr_8CdX8Bh7YXeOJ7A
UCILHRUYH3WvFE-EFEpXS4Gw,@momiya7621,6,6ヶ月,Member (6 months),,不明,,,1,1,0,2026-09-12 23:00,2026-09-12 23:00,,,https://www.youtube.com/channel/UCILHRUYH3WvFE-EFEpXS4Gw
UCYZNKADIqVMczHYo_yWFVbw,@ぼぼんご,6,6ヶ月,Member (6 months),,不明,,,1,1,0,2026-09-12 23:00,2026-09-12 23:00,,,https://www.youtube.com/channel/UCYZNKADIqVMczHYo_yWFVbw
UCqQ8_UMr9qAf0DneA1YQ2Ew,@YT-cw7os,6,6ヶ月,Member (6 months),,不明,,,1,4,0,2026-09-12 23:00,2026-09-12 23:00,,,https://www.youtube.com/channel/UCqQ8_UMr9qAf0DneA1YQ2Ew
UCvgziaPrpBGM3YbFiARqb9Q,@ねあ-ngtk,6,6ヶ月,Member (6 months),,不明,,,1,1,0,2026-09-12 23:00,2026-09-12 23:00,,,https://www.youtube.com/channel/UCvgziaPrpBGM3YbFiARqb9Q
UCLJTV7CZXqhi39NoeLPYMoQ,@ベアアイス,6,6ヶ月,Member (6 months),,不明,,,1,1,1,2026-09-12 23:00,2026-09-12 23:00,,,https://www.youtube.com/channel/UCLJTV7CZXqhi39NoeLPYMoQ
UCIW0P8RLKuAgcF57gSbSYOA,@独居老人-u3c,6,6ヶ月,Member (6 months),,不明,,,1,3,1,2026-09-12 23:00,2026-09-12 23:00,,,https://www.youtube.com/channel/UCIW0P8RLKuAgcF57gSbSYOA
UC8OkCDSO8p9bpmVKGMhg9Pw,@本くん,6,6ヶ月,Member (6 months),,不明,,,1,1,0,2026-09-15 22:00,2026-09-15 22:00,,,https://www.youtube.com/channel/UC8OkCDSO8p9bpmVKGMhg9Pw
UCx0jkaEnwQ89U9y-siA1JzQ,@緋倶利伽羅天蓋,6,6ヶ月,Member (6 months),,不明,,,1,1,0,2026-09-15 22:00,2026-09-15 22:00,,,https://www.youtube.com/channel/UCx0jkaEnwQ89U9y-siA1JzQ
UCb1iExuUHhjwFP_OZXtw9BA,@fuyuno-フユノ,6,6ヶ月,Member (6 months),,不明,,,1,1,0,2026-09-15 22:00,2026-09-15 22:00,,,https://www.youtube.com/channel/UCb1iExuUHhjwFP_OZXtw9BA
UCsuMlFX0RHupc4KR_tw8m7g,@malib00power,6,6ヶ月,Member (6 months),,不明,,,1,1,0,2026-09-15 22:00,2026-09-15 22:00,,,https://www.youtube.com/channel/UCsuMlFX0RHupc4KR_tw8m7g
UC6gQkGoWQE-Fj3CFswMzRkw,@はせ-n9d,6,6ヶ月,Member (6 months),,不明,,,1,1,0,2026-09-15 22:00,2026-09-15 22:00,,,https://www.youtube.com/channel/UC6gQkGoWQE-Fj3CFswMzRkw
UCg6_TouSrMiKEhevMQOJ7JQ,@猫好きのあや-x8b6j,6,6ヶ月,Member (6 months),,不明,,,1,1,0,2026-09-15 22:00,2026-09-15 22:00,,,https://www.youtube.com/channel/UCg6_TouSrMiKEhevMQOJ7JQ
UCmJSzjGd8UJUs6lvRE4GaNA,@inside_circle,6,6ヶ月,Member (6 months),,不明,,,1,1,0,2026-09-17 07:30,2026-09-17 07:30,,,https://www.youtube.com/channel/UCmJSzjGd8UJUs6lvRE4GaNA
UCKCK-OmGh2s9xg0B9tsSYXw,@ぴよ-skh,6,6ヶ月,Member (6 months),,不明,,,1,1,0,2026-09-17 07:30,2026-09-17 07:30,,,https://www.youtube.com/channel/UCKCK-OmGh2s9xg0B9tsSYXw
UC1B7-_3CIzf_sdflCBbfPag,@梁井_やない,6,6ヶ月,Member (6 months),,不明,,,1,1,0,2026-09-17 07:30,2026-09-17 07:30,,,https://www.youtube.com/channel/UC1B7-_3CIzf_sdflCBbfPag
UCY3t1aYaDme0K1tOqFVPFTg,@庚-kanoe,6,6ヶ月,Member (6 months),,不明,,,1,1,0,2026-09-17 07:30,2026-09-17 07:30,,,https://www.youtube.com/channel/UCY3t1aYaDme0K1tOqFVPFTg
UC7ohdBmCBu3NV0cc9vIkuGg,@mk_marun,6,6ヶ月,Member (6 months),,不明,,,1,1,0,2026-09-17 22:05,2026-09-17 22:05,,,https://www.youtube.com/channel/UC7ohdBmCBu3NV0cc9vIkuGg
UCGAvr2DIg_LkhSFaMqfCqlQ,@三色団子-q7w,6,6ヶ月,Member (6 months),,不明,,,1,1,0,2026-09-17 22:05,2026-09-17 22:05,,,https://www.youtube.com/channel/UCGAvr2DIg_LkhSFaMqfCqlQ
UCIwD_tMXvNl4f71pG7nlFCw,@yuki-fe5ug,6,6ヶ月,Member (6 months),,不明,,,1,4,0,2026-09-17 22:05,2026-09-17 22:05,,,https://www.youtube.com/channel/UCIwD_tMXvNl4f71pG7nlFCw
UCM7SmjMeI6mpqm-G9DG7xnQ,@ちゃっちゃん-122,6,6ヶ月,Member (6 months),,不明,,,1,1,0,2026-09-17 22:05,2026-09-17 22:05,,,https://www.youtube.com/channel/UCM7SmjMeI6mpqm-G9DG7xnQ
UCdEtJ1uTPIGoPilttFx_7FQ,@原-j8y9w,6,6ヶ月,Member (6 months),,加賀美ハヤトのメンバーシップ,再加入/レベル変更,,1,0,0,2026-09-17 22:05,2026-09-17 22:05,,,https://www.youtube.com/channel/UCdEtJ1uTPIGoPilttFx_7FQ
UCEPmIpFyoSWHNKxrk6ub6zg,@ばるたん_ru,6,6ヶ月,Member (6 months),,不明,,,1,1,0,2026-09-22 14:02,2026-09-22 14:02,,,https://www.youtube.com/channel/UCEPmIpFyoSWHNKxrk6ub6zg
UCf761XUvPfoxTiTE9Mj0SRg,@ukurere4021,6,6ヶ月,Member (6 months),,不明,,,1,1,0,2026-09-22 14:02,2026-09-22 14:02,,,https://www.youtube.com/channel/UCf761XUvPfoxTiTE9Mj0SRg
UCiS_zx2u3UHfwpRtyEaiQUQ,@susu-s12s,6,6ヶ月,Member (6 months),,不明,,,1,1,0,2026-09-22 14:02,2026-09-22 14:02,,,https://www.youtube.com/channel/UCiS_zx2u3UHfwpRtyEaiQUQ
UCr6stNFzJWgODdocv6Urqkw,@なしな-GOGO,6,6ヶ月,Member (6 months),,不明,,,1,1,0,2026-09-22 14:02,2026-09-22 14:02,,,https://www.youtube.com/channel/UCr6stNFzJWgODdocv6Urqkw
UC9d09iwIAwr5JmPCIGjqQIw,@ゆた-k7f,6,6ヶ月,Member (6 months),,不明,,,1,1,0,2026-09-22 14:02,2026-09-22 14:02,,,https://www.youtube.com/channel/UC9d09iwIAwr5JmPCIGjqQIw
UCRw_MGqFaDwYc9uqBVREgeg,@Momomo-x8l,6,6ヶ月,Member (6 months),,不明,,,1,1,0,2026-09-22 14:02,2026-09-22 14:02,,,https://www.youtube.com/channel/UCRw_MGqFaDwYc9uqBVREgeg
UC4p0YrvGBdG0izIj5x_0pmg,@mimiharusame9575,6,6ヶ月,Member (6 months),,不明,,,1,1,0,2026-09-22 14:02,2026-09-22 14:02,,,https://www.youtube.com/channel/UC4p0YrvGBdG0izIj5x_0pmg
UC5-x9tUQ4vhJuMtbEVcPhNA,@tea.9287,6,6ヶ月,Member (6 months),,不明,,,1,3,0,2026-09-22 14:02,2026-09-22 14:02,,,https://www.youtube.com/channel/UC5-x9tUQ4vhJuMtbEVcPhNA
UCodHfDy0-07vaVUpSJg0q1g,@なつ-e1y2i,6,6ヶ月,Member (6 months),,不明,,,1,1,0,2026-09-22 14:02,2026-09-22 14:02,,,https://www.youtube.com/channel/UCodHfDy0-07vaVUpSJg0q1g
UC-xj3njxzBcMSnmdu0YCw3Q,@クマノあおい,6,6ヶ月,Member (6 months),,不明,,,1,2,0,2026-09-22 14:02,2026-09-22 14:02,,,https://www.youtube.com/channel/UC-xj3njxzBcMSnmdu0YCw3Q
UCXs4GXppzDwXA2Xpw8jXxRA,@わんだら-k8w,6,6ヶ月,Member (6 months),,不明,,,1,1,0,2026-09-24 23:01,2026-09-24 23:01,,,https://www.youtube.com/channel/UCXs4GXppzDwXA2Xpw8jXxRA
UCNC8MyZgLZbOkSzcWeAO_Zg,@七咲紫桜,6,6ヶ月,Member (6 months),,不明,,,1,3,0,2026-09-24 23:01,2026-09-24 23:01,,,https://www.youtube.com/channel/UCNC8MyZgLZbOkSzcWeAO_Zg
UChcgaf4SOjb-Htjk5MdpIFA,@autumn83,6,6ヶ月,Member (6 months),,不明,,,1,4,0,2026-09-24 23:01,2026-09-24 23:01,,,https://www.youtube.com/channel/UChcgaf4SOjb-Htjk5MdpIFA
UCuOOSy0LKPxzty-XbdUcO8A,@うめささみちーず-h9c,6,6ヶ月,Member (6 months),,不明,,,1,2,0,2026-09-24 23:01,2026-09-24 23:01,,,https://www.youtube.com/channel/UCuOOSy0LKPxzty-XbdUcO8A
UCVsEAqKi12YRpmk8gXsGHnQ,@とも-k2l6r,6,6ヶ月,Member (6 months),,不明,,,1,1,0,2026-09-24 23:01,2026-09-24 23:01,,,https://www.youtube.com/channel/UCVsEAqKi12YRpmk8gXsGHnQ
UCgWU51vALhMfuE-_Cg2e8Pw,@アイ-p9p,6,6ヶ月,Member (6 months),,不明,,,1,1,0,2026-09-24 23:01,2026-09-24 23:01,,,https://www.youtube.com/channel/UCgWU51vALhMfuE-_Cg2e8Pw
UCXtoQzzQk3_G-01QGjwcRzg,@にゅったりかめ,6,6ヶ月,Member (6 months),,不明,,,1,1,0,2026-09-24 23:01,2026-09-24 23:01,,,https://www.youtube.com/channel/UCXtoQzzQk3_G-01QGjwcRzg
UCQ5ddaTG5q_fSrjIK4Lp-vg,@まいまい-u2i,6,6ヶ月,Member (6 months),,不明,,,1,1,1,2026-09-24 23:01,2026-09-24 23:01,,,https://www.youtube.com/channel/UCQ5ddaTG5q_fSrjIK4Lp-vg
UCTUkCcGtQJHfF30C5vjaUwQ,@レミギアス,6,6ヶ月,Member (6 months),,不明,,,1,1,1,2026-09-24 23:01,2026-09-24 23:01,,,https://www.youtube.com/channel/UCTUkCcGtQJHfF30C5vjaUwQ
UCmENx4rc9qzl5Nucuqn38RA,@本屋のたかはす,6,6ヶ月,Member (6 months),,不明,,,1,1,0,2026-09-26 21:33,2026-09-26 21:33,,,https://www.youtube.com/channel/UCmENx4rc9qzl5Nucuqn38RA
UCY_Hn-coVnjqqxjhHPqsC5A,@にゃお-z5t,6,6ヶ月,Member (6 months),,不明,,,1,2,0,2026-09-26 21:33,2026-09-26 21:33,,,https://www.youtube.com/channel/UCY_Hn-coVnjqqxjhHPqsC5A
UCUQtbF63126NHvwgGB2bj5g,@鍛高譚_ジン,6,6ヶ月,Member (6 months),,不明,,,1,4,0,2026-09-27 23:00,2026-09-27 23:00,,,https://www.youtube.com/channel/UCUQtbF63126NHvwgGB2bj5g
UC5AJHayzjWTHj2isabVU5Eg,@kiiyo___kiyo,6,6ヶ月,Member (6 months),,不明,,,1,3,0,2026-09-27 23:00,2026-09-27 23:00,,,https://www.youtube.com/channel/UC5AJHayzjWTHj2isabVU5Eg
UC_YfsAjRWPEfwTrzue2qdUg,@燈花,6,6ヶ月,Member (6 months),,不明,,,1,2,0,2026-09-27 23:00,2026-09-27 23:00,,,https://www.youtube.com/channel/UC_YfsAjRWPEfwTrzue2qdUg
UCm36HLTVtRIhr0wAdYJSc-Q,@ここね_s,6,6ヶ月,Member (6 months),,不明,,,1,1,0,2026-09-27 23:00,2026-09-27 23:00,,,https://www.youtube.com/channel/UCm36HLTVtRIhr0wAdYJSc-Q
UC41DK7pdPku8s7PRWz_MMGg,@tanuki0805,6,6ヶ月,Member (6 months),,不明,,,1,1,0,2026-09-27 23:00,2026-09-27 23:00,,,https://www.youtube.com/channel/UC41DK7pdPku8s7PRWz_MMGg
UCbD75wUW7C_nS-VmcatH7xQ,@常夏パイン,6,6ヶ月,Member (6 months),,不明,,,1,1,0,2026-10-02 20:00,2026-10-02 20:00,,,https://www.youtube.com/channel/UCbD75wUW7C_nS-VmcatH7xQ
UCg6GiljriQtUDg_rICK2qaA,@久留米-y7e,6,6ヶ月,Member (6 months),,不明,,,1,1,0,2026-10-02 20:00,2026-10-02 20:00,,,https://www.youtube.com/channel/UCg6GiljriQtUDg_rICK2qaA
UCYdTDEvOKonJSxdH2tIPuJw,@RFUKU8810,6,6ヶ月,Member (6 months),,不明,,,1,3,0,2026-10-02 20:00,2026-10-02 20:00,,,https://www.youtube.com/channel/UCYdTDEvOKonJSxdH2tIPuJw
UCh_PXlAnMpZe1f4yc3k5AsQ,@OBAKEDAZO_exe,6,6ヶ月,Member (6 months),,不明,,,1,1,0,2026-10-02 22:30,2026-10-02 22:30,,,https://www.youtube.com/channel/UCh_PXlAnMpZe1f4yc3k5AsQ
UCwBJ1_-g4l5xVBvSYOkCnbA,@ここのかくらい,6,6ヶ月,Member (6 months),,不明,,,1,1,0,2026-10-02 22:30,2026-10-02 22:30,,,https://www.youtube.com/channel/UCwBJ1_-g4l5xVBvSYOkCnbA
UCwvG1UM8D87RFbGe_nhZtDA,@はんぺん-b6q,6,6ヶ月,Member (6 months),,不明,,,1,1,0,2026-10-02 22:30,2026-10-02 22:30,,,https://www.youtube.com/channel/UCwvG1UM8D87RFbGe_nhZtDA
UCdKAMWY0P_qHzZGFhkPlr5w,@ここぴco,6,6ヶ月,Member (6 months),,不明,,,1,2,0,2026-10-02 22:30,2026-10-02 22:30,,,https://www.youtube.com/channel/UCdKAMWY0P_qHzZGFhkPlr5w
UCDf6OCtnRQXo2SWw886k7fg,@とり1230,6,6ヶ月,Member (6 months),,不明,,,1,1,0,2026-10-02 22:30,2026-10-02 22:30,,,https://www.youtube.com/channel/UCDf6OCtnRQXo2SWw886k7fg
UCuivE3eob7MDJ0ahsYIl1Og,@harumaki-i7e,6,6ヶ月,Member (6 months),,不明,,,1,1,0,2026-10-02 22:30,2026-10-02 22:30,,,https://www.youtube.com/channel/UCuivE3eob7MDJ0ahsYIl1Og
UCqgT2Bw6Y3Rtm0ODLfI13Mg,@へらわきん,6,6ヶ月,Member (6 months),,不明,,,1,2,0,2026-10-02 22:30,2026-10-02 22:30,,,https://www.youtube.com/channel/UCqgT2Bw6Y3Rtm0ODLfI13Mg
UC1pK3_XEptiyGTqDAoamupw,@もも-z9w4c,6,6ヶ月,Member (6 months),,不明,,,1,1,1,2026-10-02 22:30,2026-10-02 22:30,,,https://www.youtube.com/channel/UC1pK3_XEptiyGTqDAoamupw
UCfWOTO1F7trNl679BPyN2zg,@づっっ,6,6ヶ月,Member (6 months),,不明,,,1,2,0,2026-10-02 22:30,2026-10-02 22:30,,,https://www.youtube.com/channel/UCfWOTO1F7trNl679BPyN2zg
UCd6CuMaOMhvwrs5FrFqYd_A,@noborurx589,6,6ヶ月,Member (6 months),,不明,,,1,1,0,2026-10-02 22:30,2026-10-02 22:30,,,https://www.youtube.com/channel/UCd6CuMaOMhvwrs5FrFqYd_A
UCMy_3f5Xh9S7_-PN5cXjTVQ,@riri_xoxo24,6,6ヶ月,Member (6 months),,不明,,,1,2,0,2026-10-02 22:30,2026-10-02 22:30,,,https://www.youtube.com/channel/UCMy_3f5Xh9S7_-PN5cXjTVQ
UC1fih1n2si1fgd3WWeCkL5w,@ちぃたん-x6w,6,6ヶ月,Member (6 months),,不明,,,1,1,1,2026-10-02 22:30,2026-10-02 22:30,,,https://www.youtube.com/channel/UC1fih1n2si1fgd3WWeCkL5w
UCkNNhH4RQIvEUC0CvuQEJxQ,@すずかわ-v7d,6,6ヶ月,Member (6 months),,不明,,,1,17,0,2026-10-02 22:30,2026-10-02 22:30,,,https://www.youtube.com/channel/UCkNNhH4RQIvEUC0CvuQEJxQ
UCkAv2w_fHoqIj4bVBuQE3Ag,@kyabetsusaikou,6,6ヶ月,Member (6 months),,加賀美ハヤトのメンバーシップ,再加入/レベル変更,,1,0,0,2026-10-02 22:30,2026-10-02 22:30,,,https://www.youtube.com/channel/UCkAv2w_fHoqIj4bVBuQE3Ag
UCl9qsvRu9qCor601Jnpp5aQ,@izu-x3i,6,6ヶ月,Member (6 months),,不明,,,1,1,0,2026-10-04 22:30,2026-10-04 22:30,,,https://www.youtube.com/channel/UCl9qsvRu9qCor601Jnpp5aQ
UCjvX0ao_xP7yqlnkGpRFqjA,@salt-n6l,6,6ヶ月,Member (6 months),,不明,,,1,1,0,2026-10-04 22:30,2026-10-04 22:30,,,https://www.youtube.com/channel/UCjvX0ao_xP7yqlnkGpRFqjA
UCsmDepDvUBPiyBB2NpuTx7w,@ebomuu,6,6ヶ月,Member (6 months),,不明,,,1,93,0,2026-10-04 22:30,2026-10-04 22:30,,,https://www.youtube.com/channel/UCsmDepDvUBPiyBB2NpuTx7w
UCG3SS_wi14a9kQqZeN8MNOA,@mikimiki-x8p,6,6ヶ月,Member (6 months),,不明,,,1,2,1,2026-10-04 22:30,2026-10-04 22:30,,,https://www.youtube.com/channel/UCG3SS_wi14a9kQqZeN8MNOA
UC86AQNeIs3DvIMQzR9HQzwA,@slkh_mm,6,6ヶ月,Member (6 months),,不明,,,1,1,1,2026-10-04 22:30,2026-10-04 22:30,,,https://www.youtube.com/channel/UC86AQNeIs3DvIMQzR9HQzwA
UCsDP33sBUEIyVVfG00QA24g,@sorayana222,6,6ヶ月,Member (6 months),,不明,,,1,33,0,2026-10-04 22:30,2026-10-04 22:30,,,https://www.youtube.com/channel/UCsDP33sBUEIyVVfG00QA24g
UC7TEoeGvXmH89wUDCyKECUg,@白湯-u8x,6,6ヶ月,Member (6 months),,不明,,,1,1,0,2026-10-04 22:30,2026-10-04 22:30,,,https://www.youtube.com/channel/UC7TEoeGvXmH89wUDCyKECUg
UC035L5Cq3XUk35jmAK05qvA,@mu-96312,6,6ヶ月,Member (6 months),,不明,,,1,3,0,2026-10-04 22:30,2026-10-04 22:30,,,https://www.youtube.com/channel/UC035L5Cq3XUk35jmAK05qvA
UCEbaMm4AyYtByQm8rxUeC1g,@yuki-cn6uz,6,6ヶ月,Member (6 months),,不明,,,1,1,0,2026-10-04 22:30,2026-10-04 22:30,,,https://www.youtube.com/channel/UCEbaMm4AyYtByQm8rxUeC1g
UCovjB2rgwkdReRY-FFx8uWA,@葵-u1v,6,6ヶ月,Member (6 months),,不明,,,1,1,0,2026-10-04 22:30,2026-10-04 22:30,,,https://www.youtube.com/channel/UCovjB2rgwkdReRY-FFx8uWA
UCWZ0j4u3-TFH4iHW8LwwyiQ,@はるりか-mrm,6,6ヶ月,Member (6 months),,不明,,,1,1,1,2026-10-04 22:30,2026-10-04 22:30,,,https://www.youtube.com/channel/UCWZ0j4u3-TFH4iHW8LwwyiQ
UC_jUyXHNYIdW_obASzelvnQ,@ことは_hzm,6,6ヶ月,Member (6 months),,不明,,,1,1,1,2026-10-04 22:30,2026-10-04 22:30,,,https://www.youtube.com/channel/UC_jUyXHNYIdW_obASzelvnQ
UC3DXx-qkM-scB9eYN2dJicw,@白兎黒猫,6,6ヶ月,Member (6 months),,不明,,,1,1,0,2026-10-04 22:30,2026-10-04 22:30,,,https://www.youtube.com/channel/UC3DXx-qkM-scB9eYN2dJicw
UCYj71EdsRC7x6KJ8TC6rcLw,@オリバーン-b7g,6,6ヶ月,Member (6 months),,不明,,,1,1,0,2026-10-05 22:30,2026-10-05 22:30,,,https://www.youtube.com/channel/UCYj71EdsRC7x6KJ8TC6rcLw
UCr5cW7Sa1AJfvCRzbUbZiHA,@ミュウ-p7j,6,6ヶ月,Member (6 months),,不明,,,1,1,0,2026-10-05 22:30,2026-10-05 22:30,,,https://www.youtube.com/channel/UCr5cW7Sa1AJfvCRzbUbZiHA
UCDF9j0b86MHH6-qylDDOZAw,@ちょこりん-kckc,2,2ヶ月,Member (2 months),,不明,,,16,251,3,2026-09-08 22:31,2026-10-05 22:30,,,https://www.youtube.com/channel/UCDF9j0b86MHH6-qylDDOZAw
UCxqf5S5TCHeLJ6PyXMHOP2Q,@キジトラねこ_Rei,2,2ヶ月,Member (2 months),,不明,,,16,1843,10,2026-09-08 22:31,2026-10-05 22:30,,,https://www.youtube.com/channel/UCxqf5S5TCHeLJ6PyXMHOP2Q
UCZ9aBD4CD334YQop7Yz3QEw,@のる-j5f,2,2ヶ月,Member (2 months),,不明,,,16,1126,0,2026-09-08 22:31,2026-10-05 22:30,,,https://www.youtube.com/channel/UCZ9aBD4CD334YQop7Yz3QEw
UCEgricrlJf4AD5JcvwvgAlg,@だで-s2o,2,2ヶ月,Member (2 months),,不明,,,16,188,3,2026-09-08 22:31,2026-10-05 22:30,,,https://www.youtube.com/channel/UCEgricrlJf4AD5JcvwvgAlg
UCMruwWc26GqsX3XaUtp2i8w,@あわふじまい,2,2ヶ月,Member (2 months),,不明,,,16,781,0,2026-09-08 22:31,2026-10-05 22:30,,,https://www.youtube.com/channel/UCMruwWc26GqsX3XaUtp2i8w
UCfxi4m8_KPxh5XNPl9lEQ5A,@ヘザー-Heather,2,2ヶ月,Member (2 months),,不明,,,15,891,0,2026-09-08 22:31,2026-10-05 22:30,,,https://www.youtube.com/channel/UCfxi4m8_KPxh5XNPl9lEQ5A
UC_zxPUhmH9BFibOnVYgkmmw,@yuuukaaaa239,2,2ヶ月,Member (2 months),,不明,,,15,5629,0,2026-09-08 22:31,2026-10-05 22:30,,,https://www.youtube.com/channel/UC_zxPUhmH9BFibOnVYgkmmw
UC874ADvviJyW1pDyNxRbJIg,@れれれL-7vkR,2,2ヶ月,Member (2 months),,不明,,,15,157,0,2026-09-08 22:31,2026-10-05 22:30,,,https://www.youtube.com/channel/UC874ADvviJyW1pDyNxRbJIg
UCPdLh4xfkrCaOMU4j0HeW1w,@Asakura-m8,2,2ヶ月,Member (2 months),,不明,,,15,124,0,2026-09-08 22:31,2026-10-05 22:30,,,https://www.youtube.com/channel/UCPdLh4xfkrCaOMU4j0HeW1w
UCd1bYcrUub1YbFMWnGMsbhQ,@Dsga-n3j,2,2ヶ月,Member (2 months),,不明,,,15,586,0,2026-09-08 22:31,2026-10-05 22:30,,,https://www.youtube.com/channel/UCd1bYcrUub1YbFMWnGMsbhQ
UC7fpTkdT1bEPpKOvSWnIs5g,@ushi8856,2,2ヶ月,Member (2 months),,不明,,,15,204,0,2026-09-08 22:31,2026-10-05 22:30,,,https://www.youtube.com/channel/UC7fpTkdT1bEPpKOvSWnIs5g
UCCwMYiHOu1EoAPxYtbw6C0Q,@アイリス-g6m,2,2ヶ月,Member (2 months),,不明,,,14,39,0,2026-09-08 22:31,2026-10-05 22:30,,,https://www.youtube.com/channel/UCCwMYiHOu1EoAPxYtbw6C0Q
UC3JgIyOcusbjgqJkBUWFN1g,@白信紙-HakuTegami,2,2ヶ月,Member (2 months),,不明,,,14,93,0,2026-09-08 22:31,2026-10-04 22:30,,,https://www.youtube.com/channel/UC3JgIyOcusbjgqJkBUWFN1g
UCGoDbsRdZqWKAh-BbYM47fg,@マメ_sukimame,2,2ヶ月,Member (2 months),,不明,,,14,21,1,2026-09-08 22:31,2026-10-05 22:30,,,https://www.youtube.com/channel/UCGoDbsRdZqWKAh-BbYM47fg
UCdoJ2Gl5kPSiwUTc0Uz5aag,@みこちー-e2g,2,2ヶ月,Member (2 months),,不明,,,14,185,0,2026-09-10 22:00,2026-10-05 22:30,,,https://www.youtube.com/channel/UCdoJ2Gl5kPSiwUTc0Uz5aag
UCEUaz4sNcDurg2V6AXumeiA,@Ken-zzw,2,2ヶ月,Member (2 months),,不明,,,13,258,0,2026-09-08 22:31,2026-10-04 22:30,,,https://www.youtube.com/channel/UCEUaz4sNcDurg2V6AXumeiA
UCntLXO1izHVuTwaF9znyvmw,@桃々瀬122,2,2ヶ月,Member (2 months),,不明,,,13,605,0,2026-09-08 22:31,2026-10-05 22:30,,,https://www.youtube.com/channel/UCntLXO1izHVuTwaF9znyvmw
UCvNzgWrXoR60aeJH7kWBosw,@bonbon4364,2,2ヶ月,Member (2 months),,不明,,,13,83,0,2026-09-08 22:31,2026-10-05 22:30,,,https://www.youtube.com/channel/UCvNzgWrXoR60aeJH7kWBosw
UCZ8NOflrltl4AHMuycDAmNA,@青井あずき,2,2ヶ月,Member (2 months),,不明,,,13,949,0,2026-09-08 22:31,2026-10-05 22:30,,,https://www.youtube.com/channel/UCZ8NOflrltl4AHMuycDAmNA
UCr4D1jOdjru5R4RCy9QwjlQ,@7tsuki_06,2,2ヶ月,Member (2 months),,不明,,,13,88,0,2026-09-10 22:00,2026-10-05 22:30,,,https://www.youtube.com/channel/UCr4D1jOdjru5R4RCy9QwjlQ
UCd6-FgLxQDJHCZxlXMVOi6A,@くれもな_cremona,2,2ヶ月,Member (2 months),,不明,,,13,199,2,2026-09-10 22:00,2026-10-05 22:30,,,https://www.youtube.com/channel/UCd6-FgLxQDJHCZxlXMVOi6A
UC82ixRGyx85NJjCmB3AjWXg,@はるまゆ-k7k,2,2ヶ月,Member (2 months),,不明,,,13,214,12,2026-09-10 22:00,2026-10-05 22:30,,,https://www.youtube.com/channel/UC82ixRGyx85NJjCmB3AjWXg
UCXpQl-lKRyKqqBVZHaZhVrg,@シリュウ-sh,2,2ヶ月,Member (2 months),,不明,,,13,613,5,2026-09-10 22:00,2026-10-05 22:30,,,https://www.youtube.com/channel/UCXpQl-lKRyKqqBVZHaZhVrg
UC1ICUzQc0zG9aD32N3qaANw,@もちたけだ,2,2ヶ月,Member (2 months),,不明,,,12,293,0,2026-09-08 22:31,2026-10-05 22:30,,,https://www.youtube.com/channel/UC1ICUzQc0zG9aD32N3qaANw
UCx0ROrzk_0PPKzJ0MGZifeg,@レイン-r2b,2,2ヶ月,Member (2 months),,不明,,,12,63,0,2026-09-10 22:00,2026-10-05 22:30,,,https://www.youtube.com/channel/UCx0ROrzk_0PPKzJ0MGZifeg
UCYF-D0txGrYKjM76_CSYhqQ,@すぐり-h5z,2,2ヶ月,Member (2 months),,不明,,,11,27,0,2026-09-08 22:31,2026-10-05 22:30,,,https://www.youtube.com/channel/UCYF-D0txGrYKjM76_CSYhqQ
UCMo9QlBV6Dqn7WJkZ8f0zlA,@月_Luna_0,2,2ヶ月,Member (2 months),,不明,,,11,48,0,2026-09-08 22:31,2026-10-02 22:30,,,https://www.youtube.com/channel/UCMo9QlBV6Dqn7WJkZ8f0zlA
UCt_z18fH0S0HCDEatY-Xp0g,@さやえんどう_26,2,2ヶ月,Member (2 months),,不明,,,11,28,0,2026-09-08 22:31,2026-10-02 22:30,,,https://www.youtube.com/channel/UCt_z18fH0S0HCDEatY-Xp0g
UCLZKEIhiNGDUjUDn7i28Wuw,@かんな-m7v,2,2ヶ月,Member (2 months),,不明,,,11,258,2,2026-09-10 22:00,2026-10-02 22:30,,,https://www.youtube.com/channel/UCLZKEIhiNGDUjUDn7i28Wuw
UC9jUFU0wcF2x07AMIOJiMdg,@静流-i5d,2,2ヶ月,Member (2 months),,不明,,,11,454,0,2026-09-10 22:00,2026-10-05 22:30,,,https://www.youtube.com/channel/UC9jUFU0wcF2x07AMIOJiMdg
UCPdZZq4FijjnT6oiCfxOASA,@キヲさにーご,2,2ヶ月,Member (2 months),,不明,,,11,145,10,2026-09-10 22:00,2026-10-05 22:30,,,https://www.youtube.com/channel/UCPdZZq4FijjnT6oiCfxOASA
UCQf1nFcM-F254gI5mlzwNAw,@海月-y1o,2,2ヶ月,Member (2 months),,不明,,,10,83,0,2026-09-08 22:31,2026-10-02 22:30,,,https://www.youtube.com/channel/UCQf1nFcM-F254gI5mlzwNAw
UCwUX2-OW4agRONAV4R-tZJw,@如月ラミヤ,2,2ヶ月,Member (2 months),,不明,,,10,43,0,2026-09-08 22:31,2026-10-05 22:30,,,https://www.youtube.com/channel/UCwUX2-OW4agRONAV4R-tZJw
UC3ASpYWVpYy8gO3q0WxItlA,@ののの登山,2,2ヶ月,Member (2 months),,不明,,,10,154,0,2026-09-08 22:31,2026-10-05 22:30,,,https://www.youtube.com/channel/UC3ASpYWVpYy8gO3q0WxItlA
UCZkBPqaqk0m3IhqSoJkB3sw,@柘榴_zakro,2,2ヶ月,Member (2 months),,不明,,,10,258,0,2026-09-10 22:00,2026-10-05 22:30,,,https://www.youtube.com/channel/UCZkBPqaqk0m3IhqSoJkB3sw
UCJT0M7r5f6wlM3zlJyTzCXg,@生ハムごはん,2,2ヶ月,Member (2 months),,不明,,,10,36,0,2026-09-10 22:00,2026-10-05 22:30,,,https://www.youtube.com/channel/UCJT0M7r5f6wlM3zlJyTzCXg
UCF5b0_8FNuwaXjsUR77GxqQ,@みどり-t7n9l,2,2ヶ月,Member (2 months),,不明,,,9,261,0,2026-09-15 22:00,2026-10-05 22:30,,,https://www.youtube.com/channel/UCF5b0_8FNuwaXjsUR77GxqQ
UC5WEor0PqhSaZPg-_QsN26w,@おこた堕天使,2,2ヶ月,Member (2 months),,不明,,,8,20,0,2026-09-10 22:00,2026-10-05 22:30,,,https://www.youtube.com/channel/UC5WEor0PqhSaZPg-_QsN26w
UCzfMbhliWwqFTrdTXAT2hFA,@市川ゆりなmthr,2,2ヶ月,Member (2 months),,不明,,,8,199,2,2026-09-10 22:00,2026-10-05 22:30,,,https://www.youtube.com/channel/UCzfMbhliWwqFTrdTXAT2hFA
UC5NsBB1X_ByaufvDM54EVmw,@yeahてんやわんや,2,2ヶ月,Member (2 months),,不明,,,8,33,0,2026-09-10 22:00,2026-10-05 22:30,,,https://www.youtube.com/channel/UC5NsBB1X_ByaufvDM54EVmw
UC6GWgWWQczYdbDSiUO7jLYw,@人畜無害です,2,2ヶ月,Member (2 months),,不明,,,8,262,1,2026-09-10 22:00,2026-10-05 22:30,,,https://www.youtube.com/channel/UC6GWgWWQczYdbDSiUO7jLYw
UCXlHHi0Q2tiubY7Kv64RUTw,@kisaragi0228,2,2ヶ月,Member (2 months),,不明,,,8,79,1,2026-09-12 00:02,2026-10-04 22:30,,,https://www.youtube.com/channel/UCXlHHi0Q2tiubY7Kv64RUTw
UClnqMwJB9I5erPpiAdCMWPQ,@薄荷アイス,2,2ヶ月,Member (2 months),,不明,,,8,53,0,2026-09-12 23:00,2026-10-05 22:30,,,https://www.youtube.com/channel/UClnqMwJB9I5erPpiAdCMWPQ
UCIVONaiWD1Yj2srC3Hq2yqQ,@haru_2k3,2,2ヶ月,Member (2 months),,不明,,,7,12,0,2026-09-08 22:31,2026-09-27 23:00,,,https://www.youtube.com/channel/UCIVONaiWD1Yj2srC3Hq2yqQ
UCgw0U_MWCwzTlRViXdJ0Cmw,@summer.moon72-i3n,2,2ヶ月,Member (2 months),,不明,,,7,7,0,2026-09-08 22:31,2026-10-04 22:30,,,https://www.youtube.com/channel/UCgw0U_MWCwzTlRViXdJ0Cmw
UC7EnrehXWGtsLOI_8yPn3rw,@ななみん-c8z,2,2ヶ月,Member (2 months),,不明,,,7,18,0,2026-09-08 22:31,2026-10-02 22:30,,,https://www.youtube.com/channel/UC7EnrehXWGtsLOI_8yPn3rw
UC5RXNFeAx05gceruDojud_g,@ユメコ-h8d,2,2ヶ月,Member (2 months),,不明,,,7,61,2,2026-09-10 22:00,2026-10-05 22:30,,,https://www.youtube.com/channel/UC5RXNFeAx05gceruDojud_g
UCdOxd36W__9ZcOLKcVp_4Xg,@NON-te5qs,2,2ヶ月,Member (2 months),,不明,,,7,29,0,2026-09-10 22:00,2026-10-05 22:30,,,https://www.youtube.com/channel/UCdOxd36W__9ZcOLKcVp_4Xg
UCDaIiaGtCfUz9D63IMK6BDA,@Liya_0512,2,2ヶ月,Member (2 months),,不明,,,7,13,7,2026-09-12 00:02,2026-10-04 22:30,,,https://www.youtube.com/channel/UCDaIiaGtCfUz9D63IMK6BDA
UCUaIJoRF4t4806SszvrgseA,@エレナブラヴァツキー-f8y,2,2ヶ月,Member (2 months),,不明,,,6,52,0,2026-09-08 22:31,2026-10-05 22:30,,,https://www.youtube.com/channel/UCUaIJoRF4t4806SszvrgseA
UCZLWCb1CzWq6O7bHW1FyQPQ,@sirofaasymn,2,2ヶ月,Member (2 months),,不明,,,6,57,0,2026-09-10 22:00,2026-10-05 22:30,,,https://www.youtube.com/channel/UCZLWCb1CzWq6O7bHW1FyQPQ
UCTGI_35glAFcinOGHJtDR8g,@りさ_1182,2,2ヶ月,Member (2 months),,不明,,,6,62,2,2026-09-12 00:02,2026-10-05 22:30,,,https://www.youtube.com/channel/UCTGI_35glAFcinOGHJtDR8g
UC86gWNGTDq5rXWnqbNFGpfQ,@藤麿-fujimaro,2,2ヶ月,Member (2 months),,不明,,,6,165,0,2026-09-12 00:02,2026-10-02 22:30,,,https://www.youtube.com/channel/UC86gWNGTDq5rXWnqbNFGpfQ
UCjyDaoLGY0KKyzmU9g3e9sA,@nxnlq,2,2ヶ月,Member (2 months),,不明,,,6,15,0,2026-09-12 00:02,2026-10-02 22:30,,,https://www.youtube.com/channel/UCjyDaoLGY0KKyzmU9g3e9sA
UCLqZRm7Fjki-NBEspvIcvrw,@わいわいけー,2,2ヶ月,Member (2 months),,不明,,,6,10,0,2026-09-12 00:02,2026-10-04 22:30,,,https://www.youtube.com/channel/UCLqZRm7Fjki-NBEspvIcvrw
UCfIJdPj9aka9EguSX7rn5HQ,@愛蛇ーカナヘビー,2,2ヶ月,Member (2 months),,不明,,,6,27,2,2026-09-17 07:30,2026-10-05 22:30,,,https://www.youtube.com/channel/UCfIJdPj9aka9EguSX7rn5HQ
UCOQObKlwcfk-L5SsTlHX3jA,@banabon-877,2,2ヶ月,Member (2 months),,不明,,,5,47,0,2026-09-08 22:31,2026-10-04 22:30,,,https://www.youtube.com/channel/UCOQObKlwcfk-L5SsTlHX3jA
UCCdEClu2LfixhBe37qrvnPg,@セイ-u6e,2,2ヶ月,Member (2 months),,不明,,,5,314,0,2026-09-08 22:31,2026-09-24 23:01,,,https://www.youtube.com/channel/UCCdEClu2LfixhBe37qrvnPg
UCj95YFdae8lTKjNCv1TNnvw,@イブキ-n5r,2,2ヶ月,Member (2 months),,不明,,,5,28,2,2026-09-08 22:31,2026-10-04 22:30,,,https://www.youtube.com/channel/UCj95YFdae8lTKjNCv1TNnvw
UCW26bdxJWrTAcR0BLfXyMzg,@自由-s1u,2,2ヶ月,Member (2 months),,不明,,,5,13,0,2026-09-08 22:31,2026-10-05 22:30,,,https://www.youtube.com/channel/UCW26bdxJWrTAcR0BLfXyMzg
UCis-QnNr02TyFOa8TtSZCIw,@湊唯-u3c,2,2ヶ月,Member (2 months),,不明,,,5,48,0,2026-09-08 22:31,2026-10-04 22:30,,,https://www.youtube.com/channel/UCis-QnNr02TyFOa8TtSZCIw
UC8towlJTCzgfmpMLKsVlYZA,@kahuyu_1202,2,2ヶ月,Member (2 months),,不明,,,5,5,0,2026-09-10 22:00,2026-10-04 22:30,,,https://www.youtube.com/channel/UC8towlJTCzgfmpMLKsVlYZA
UCIgjlciwQHe0GHHwTiMSB2Q,@Sota_hr6d,2,2ヶ月,Member (2 months),,不明,,,5,21,0,2026-09-12 00:02,2026-10-02 22:30,,,https://www.youtube.com/channel/UCIgjlciwQHe0GHHwTiMSB2Q
UCiaCsXjJdqUuN3ZMXer9xGQ,@nana_niiiiiii,2,2ヶ月,Member (2 months),,不明,,,5,40,0,2026-09-12 00:02,2026-10-04 22:30,,,https://www.youtube.com/channel/UCiaCsXjJdqUuN3ZMXer9xGQ
UC61wXSmyT7NKPfFOTwXiyVw,@トキワ-c5q,2,2ヶ月,Member (2 months),,不明,,,5,7,0,2026-09-12 00:02,2026-10-02 22:30,,,https://www.youtube.com/channel/UC61wXSmyT7NKPfFOTwXiyVw
UCuRVVDBE-ya_sYLEIR77eZw,@しるこサンド,2,2ヶ月,Member (2 months),,不明,,,5,25,0,2026-09-12 00:02,2026-10-05 22:30,,,https://www.youtube.com/channel/UCuRVVDBE-ya_sYLEIR77eZw
UCqvu2D37ACSPoFbXa8qyJ-w,@本のしおり-d3u,2,2ヶ月,Member (2 months),,不明,,,5,5,0,2026-09-12 23:00,2026-10-05 22:30,,,https://www.youtube.com/channel/UCqvu2D37ACSPoFbXa8qyJ-w
UCN5V01psqjDYG_Cd-u6sqlA,@Roru0322,2,2ヶ月,Member (2 months),,不明,,,5,9,0,2026-09-12 23:00,2026-10-05 22:30,,,https://www.youtube.com/channel/UCN5V01psqjDYG_Cd-u6sqlA
UC6_g7G6txAYN00Ka2ZOxW2g,@響-kyo23,2,2ヶ月,Member (2 months),,不明,,,5,173,0,2026-09-17 07:30,2026-10-02 20:00,,,https://www.youtube.com/channel/UC6_g7G6txAYN00Ka2ZOxW2g
UCkyi_FyYT0aZFJC3sSYS7Kw,@あまとう7,2,2ヶ月,Member (2 months),,不明,,,5,54,0,2026-09-17 22:05,2026-10-05 22:30,,,https://www.youtube.com/channel/UCkyi_FyYT0aZFJC3sSYS7Kw
UCoznnTsutCXz8HkV10rJ_QA,@uniuu667,2,2ヶ月,Member (2 months),,不明,,,5,76,0,2026-09-22 14:02,2026-10-04 22:30,,,https://www.youtube.com/channel/UCoznnTsutCXz8HkV10rJ_QA
UCb_gbEsGHzYxcTkkqYTFRag,@本宮たつき,2,2ヶ月,Member (2 months),,不明,,,4,19,0,2026-09-08 22:31,2026-10-02 22:30,,,https://www.youtube.com/channel/UCb_gbEsGHzYxcTkkqYTFRag
UClT_TQLMc5IACfFww0PHOkw,@user-il6rr9yz9i,2,2ヶ月,Member (2 months),,不明,,,4,78,0,2026-09-10 22:00,2026-09-24 23:01,,,https://www.youtube.com/channel/UClT_TQLMc5IACfFww0PHOkw
UCCAdTLvVKZNZGWlar8toiHA,@ms0126_Saki,2,2ヶ月,Member (2 months),,不明,,,4,8,1,2026-09-10 22:00,2026-10-04 22:30,,,https://www.youtube.com/channel/UCCAdTLvVKZNZGWlar8toiHA
UCMR-PZEnOcG__FGTSRO3MQw,@こいも_koimo,2,2ヶ月,Member (2 months),,不明,,,4,4,1,2026-09-10 22:00,2026-10-04 22:30,,,https://www.youtube.com/channel/UCMR-PZEnOcG__FGTSRO3MQw
UC7cBUrHUWGZcPCvxHdafXAw,@らぎたろう,2,2ヶ月,Member (2 months),,不明,,,4,7,0,2026-09-10 22:00,2026-10-02 20:00,,,https://www.youtube.com/channel/UC7cBUrHUWGZcPCvxHdafXAw
UCubO3rb0v7gLkXzsaEyyO6Q,@amnosnomm,2,2ヶ月,Member (2 months),,不明,,,4,67,0,2026-09-10 22:00,2026-10-02 22:30,,,https://www.youtube.com/channel/UCubO3rb0v7gLkXzsaEyyO6Q
UC3d0DKG8PLnl-089pqtJLtQ,@jame-son-e5x,2,2ヶ月,Member (2 months),,不明,,,4,5,0,2026-09-12 00:02,2026-10-04 22:30,,,https://www.youtube.com/channel/UC3d0DKG8PLnl-089pqtJLtQ
UC_oOmMrAYY3v1uOhXKnO1VQ,@黒瀧夏野,2,2ヶ月,Member (2 months),,不明,,,4,12,0,2026-09-12 00:02,2026-09-27 23:00,,,https://www.youtube.com/channel/UC_oOmMrAYY3v1uOhXKnO1VQ
UCL_Dm7ahmr5spmcBJsqu4Gw,@なき-u4r,2,2ヶ月,Member (2 months),,不明,,,4,16,0,2026-09-12 00:02,2026-10-04 22:30,,,https://www.youtube.com/channel/UCL_Dm7ahmr5spmcBJsqu4Gw
UCW_kc0mcUUG9Mytm47KZxRQ,@みこと叶,2,2ヶ月,Member (2 months),,不明,,,4,8,0,2026-09-12 00:02,2026-10-04 22:30,,,https://www.youtube.com/channel/UCW_kc0mcUUG9Mytm47KZxRQ
UCKGpN3aGPEw_l7FwyuLAGyQ,@ゆうみ-w6b,2,2ヶ月,Member (2 months),,不明,,,4,10,0,2026-09-12 00:02,2026-10-02 22:30,,,https://www.youtube.com/channel/UCKGpN3aGPEw_l7FwyuLAGyQ
UCBRkDPI1-xIKLf3vfcqCsXQ,@shin_nnnnnn223,2,2ヶ月,Member (2 months),,不明,,,4,8,0,2026-09-12 00:02,2026-10-04 22:30,,,https://www.youtube.com/channel/UCBRkDPI1-xIKLf3vfcqCsXQ
UC1h9aU2cHJe342NnxX-8vjg,@三河のおじぽ,2,2ヶ月,Member (2 months),,不明,,,4,71,2,2026-09-12 00:02,2026-10-05 22:30,,,https://www.youtube.com/channel/UC1h9aU2cHJe342NnxX-8vjg
UCTXDrGx3Jccw8g6EyqMSeuA,@さんご-s9q,2,2ヶ月,Member (2 months),,不明,,,4,81,0,2026-09-12 00:02,2026-09-24 23:01,,,https://www.youtube.com/channel/UCTXDrGx3Jccw8g6EyqMSeuA
UCM5RYOjdOejPNE_IqaD8vMA,@あいね-c9f,2,2ヶ月,Member (2 months),,不明,,,4,5,0,2026-09-12 23:00,2026-09-24 23:01,,,https://www.youtube.com/channel/UCM5RYOjdOejPNE_IqaD8vMA
UClL-z4Zh1rhrTFwPnOAMZbg,@やえもち,2,2ヶ月,Member (2 months),,不明,,,4,4,0,2026-09-15 22:00,2026-10-02 22:30,,,https://www.youtube.com/channel/UClL-z4Zh1rhrTFwPnOAMZbg
UCvpHHHhk-efEW1TyFvQmmlQ,@matyou-6fm0,2,2ヶ月,Member (2 months),,不明,,,4,18,0,2026-09-15 22:00,2026-09-24 23:01,,,https://www.youtube.com/channel/UCvpHHHhk-efEW1TyFvQmmlQ
UCp-vclOWFH8ELCkuXNYhvpA,@響陽菜,2,2ヶ月,Member (2 months),,不明,,,3,13,0,2026-09-08 22:31,2026-09-26 21:33,,,https://www.youtube.com/channel/UCp-vclOWFH8ELCkuXNYhvpA
UCJv8hqZrhzsmpKW8L41ScFA,@ゆ-n2l,2,2ヶ月,Member (2 months),,不明,,,3,6,0,2026-09-08 22:31,2026-10-05 22:30,,,https://www.youtube.com/channel/UCJv8hqZrhzsmpKW8L41ScFA
UCRAIA3VXsTbgnV1InDqIZ4A,@ヅカッシー,2,2ヶ月,Member (2 months),,不明,,,3,4,1,2026-09-08 22:31,2026-09-27 23:00,,,https://www.youtube.com/channel/UCRAIA3VXsTbgnV1InDqIZ4A
UCfWsHN034ZcMErj1SkVbXXA,@榧-l2b,2,2ヶ月,Member (2 months),,不明,,,3,3,0,2026-09-10 22:00,2026-10-05 22:30,,,https://www.youtube.com/channel/UCfWsHN034ZcMErj1SkVbXXA
UCUUFtItW-34lZvIRiAbtAzw,@蒼-e7f,2,2ヶ月,Member (2 months),,不明,,,3,4,0,2026-09-10 22:00,2026-10-02 22:30,,,https://www.youtube.com/channel/UCUUFtItW-34lZvIRiAbtAzw
UCqaTIQPOEJNA6DcVagUC_AA,@nameko-x8g,2,2ヶ月,Member (2 months),,不明,,,3,9,0,2026-09-10 22:00,2026-09-27 23:00,,,https://www.youtube.com/channel/UCqaTIQPOEJNA6DcVagUC_AA
UCQBYQpTG0coRcVathwf0ZGQ,@かっぱ-r7r,2,2ヶ月,Member (2 months),,不明,,,3,4,0,2026-09-10 22:00,2026-10-02 22:30,,,https://www.youtube.com/channel/UCQBYQpTG0coRcVathwf0ZGQ
UCLtXrKh9ndPcjYTzpLRGd-A,@しの荻,2,2ヶ月,Member (2 months),,不明,,,3,22,0,2026-09-10 22:00,2026-09-27 23:00,,,https://www.youtube.com/channel/UCLtXrKh9ndPcjYTzpLRGd-A
UCkoGiyWae65IXK4jtaVPKWw,@かりふりゃわー,2,2ヶ月,Member (2 months),,不明,,,3,4,0,2026-09-10 22:00,2026-10-04 22:30,,,https://www.youtube.com/channel/UCkoGiyWae65IXK4jtaVPKWw
UCqlo2SBVXythpnzhEYmYftQ,@pwgtamtj,2,2ヶ月,Member (2 months),,不明,,,3,65,0,2026-09-12 00:02,2026-10-02 20:00,,,https://www.youtube.com/channel/UCqlo2SBVXythpnzhEYmYftQ
UCkikDENcuHPEY0RKQYIhT-g,@ぬゑろぬめゑ,2,2ヶ月,Member (2 months),,不明,,,3,3,0,2026-09-12 23:00,2026-10-02 22:30,,,https://www.youtube.com/channel/UCkikDENcuHPEY0RKQYIhT-g
UC_OtuigJpB4OOjj74fayqWA,@ゅかなみ,2,2ヶ月,Member (2 months),,不明,,,3,4,1,2026-09-12 23:00,2026-10-04 22:30,,,https://www.youtube.com/channel/UC_OtuigJpB4OOjj74fayqWA
UC-VSvMTCvxbU8PItjcfKhDA,@ネギトロまき,2,2ヶ月,Member (2 months),,不明,,,3,4,0,2026-09-12 23:00,2026-09-22 14:02,,,https://www.youtube.com/channel/UC-VSvMTCvxbU8PItjcfKhDA
UCEeWKrrjZI80_SkXPEBEkjQ,@arinuko_snow,2,2ヶ月,Member (2 months),,不明,,,3,5,0,2026-09-12 23:00,2026-10-04 22:30,,,https://www.youtube.com/channel/UCEeWKrrjZI80_SkXPEBEkjQ
UCPR3OM-c4_av48a3Gfnv2cw,@chon1568,2,2ヶ月,Member (2 months),,不明,,,3,6,0,2026-09-12 23:00,2026-10-05 22:30,,,https://www.youtube.com/channel/UCPR3OM-c4_av48a3Gfnv2cw
UCmgGCGYHc8Ujpxs2ljR7wrA,@未来-kgm,2,2ヶ月,Member (2 months),,不明,,,3,44,0,2026-09-12 23:00,2026-10-02 22:30,,,https://www.youtube.com/channel/UCmgGCGYHc8Ujpxs2ljR7wrA
UCWbQjRA5hd-l8TQQLZcWUkQ,@みあ-nuk,2,2ヶ月,Member (2 months),,不明,,,3,4,0,2026-09-15 22:00,2026-09-22 14:02,,,https://www.youtube.com/channel/UCWbQjRA5hd-l8TQQLZcWUkQ
UCa7M9QizJfV_AXuAHTP43Ag,@鴉-karasu-777,2,2ヶ月,Member (2 months),,不明,,,3,2,0,2026-09-17 07:30,2026-10-02 20:00,,,https://www.youtube.com/channel/UCa7M9QizJfV_AXuAHTP43Ag
UCznGtIzeQ97iIuzsH9by1rQ,@チョリス-l7r,2,2ヶ月,Member (2 months),,不明,,,3,3,0,2026-09-17 07:30,2026-10-02 22:30,,,https://www.youtube.com/channel/UCznGtIzeQ97iIuzsH9by1rQ
UCM3LmBmqlD74f3sWC5VRyXQ,@近宮遥harcadia_konomiya,2,2ヶ月,Member (2 months),,不明,,,3,146,0,2026-09-24 23:01,2026-10-04 22:30,,,https://www.youtube.com/channel/UCM3LmBmqlD74f3sWC5VRyXQ
UCMkXW3mlSxoxYuQRXE2nL-g,@みや_yk6626,2,2ヶ月,Member (2 months),,不明,,,3,4,1,2026-09-24 23:01,2026-10-02 22:30,,,https://www.youtube.com/channel/UCMkXW3mlSxoxYuQRXE2nL-g
UCGVk35T9SyH3y8gRiFvWbVg,@步夏あゆか,2,2ヶ月,Member (2 months),,不明,,,3,3,0,2026-10-02 20:00,2026-10-05 22:30,,,https://www.youtube.com/channel/UCGVk35T9SyH3y8gRiFvWbVg
UCXck0LCFcR7pOxpQL62XuCg,@オーブレッド,2,2ヶ月,Member (2 months),,不明,,,2,119,0,2026-09-08 22:31,2026-10-04 22:30,,,https://www.youtube.com/channel/UCXck0LCFcR7pOxpQL62XuCg
UC0zbd0uJBsEFkToAxQJOPVA,@まいく-c7z,2,2ヶ月,Member (2 months),,不明,,,2,9,0,2026-09-08 22:31,2026-09-22 14:02,,,https://www.youtube.com/channel/UC0zbd0uJBsEFkToAxQJOPVA
UC1oPY70JvjDU9NgDteNqfnw,@zonorin-w1,2,2ヶ月,Member (2 months),,不明,,,2,33,0,2026-09-08 22:31,2026-10-04 22:30,,,https://www.youtube.com/channel/UC1oPY70JvjDU9NgDteNqfnw
UC2uZrIkfczNbpl2MMUzxTkQ,@hisaya_6370,2,2ヶ月,Member (2 months),,不明,,,2,2,0,2026-09-10 22:00,2026-09-15 22:00,,,https://www.youtube.com/channel/UC2uZrIkfczNbpl2MMUzxTkQ
UCn_JJcdUK7u9SkstWCk53Cw,@莉雨-ri.u,2,2ヶ月,Member (2 months),,不明,,,2,4,0,2026-09-10 22:00,2026-09-12 00:02,,,https://www.youtube.com/channel/UCn_JJcdUK7u9SkstWCk53Cw
UC2tOuBAK872ZiYhx6F8kexQ,@nkm_pice,2,2ヶ月,Member (2 months),,不明,,,2,14,0,2026-09-10 22:00,2026-09-12 23:00,,,https://www.youtube.com/channel/UC2tOuBAK872ZiYhx6F8kexQ
UCud2TshqTnglmWrOwnN092A,@ささら1,2,2ヶ月,Member (2 months),,不明,,,2,2,0,2026-09-10 22:00,2026-10-02 20:00,,,https://www.youtube.com/channel/UCud2TshqTnglmWrOwnN092A
UCtEYXudpZGxB2lbUFFhE4rg,@MMdaihuku,2,2ヶ月,Member (2 months),,不明,,,2,24,0,2026-09-10 22:00,2026-09-27 23:00,,,https://www.youtube.com/channel/UCtEYXudpZGxB2lbUFFhE4rg
UCbu2C2txvJwLQEsHxijeagg,@tomomi-28,2,2ヶ月,Member (2 months),,不明,,,2,29,0,2026-09-10 22:00,2026-09-24 23:01,,,https://www.youtube.com/channel/UCbu2C2txvJwLQEsHxijeagg
UCETe31XJbF26KlGRrghj8Qw,@shimaenaga5490,2,2ヶ月,Member (2 months),,不明,,,2,2,0,2026-09-12 00:02,2026-09-24 23:01,,,https://www.youtube.com/channel/UCETe31XJbF26KlGRrghj8Qw
UCLhQQ-Y1oLHUbvrVW_9ySHw,@ここあ-s1v,2,2ヶ月,Member (2 months),,不明,,,2,28,0,2026-09-12 00:02,2026-09-15 22:00,,,https://www.youtube.com/channel/UCLhQQ-Y1oLHUbvrVW_9ySHw
UCwgbLAUY4-VGCHXqCP20KNA,@Akise_yana,2,2ヶ月,Member (2 months),,不明,,,2,3,0,2026-09-12 00:02,2026-10-02 22:30,,,https://www.youtube.com/channel/UCwgbLAUY4-VGCHXqCP20KNA
UCrSvGjSENbVUJeO7--81HqQ,@りんこ_814,2,2ヶ月,Member (2 months),,不明,,,2,2,0,2026-09-12 00:02,2026-09-22 14:02,,,https://www.youtube.com/channel/UCrSvGjSENbVUJeO7--81HqQ
UCmI-MyFdvC8tmpN04oE6V-A,@rrrn.cnn7,2,2ヶ月,Member (2 months),,不明,,,2,3,0,2026-09-12 00:02,2026-09-22 14:02,,,https://www.youtube.com/channel/UCmI-MyFdvC8tmpN04oE6V-A
UC2bG3ZDXgctZt49tPaBV2GA,@さかなの肴,2,2ヶ月,Member (2 months),,不明,,,2,2,0,2026-09-12 00:02,2026-09-24 23:01,,,https://www.youtube.com/channel/UC2bG3ZDXgctZt49tPaBV2GA
UC3R1Bz-YI5HLGOZkkuto9sg,@える_eru,2,2ヶ月,Member (2 months),,不明,,,2,2,2,2026-09-12 00:02,2026-10-02 22:30,,,https://www.youtube.com/channel/UC3R1Bz-YI5HLGOZkkuto9sg
UCoZhxhRijdlgp5PB0BAwjhw,@レクシス841,2,2ヶ月,Member (2 months),,不明,,,2,24,0,2026-09-12 00:02,2026-10-05 22:30,,,https://www.youtube.com/channel/UCoZhxhRijdlgp5PB0BAwjhw
UCVxCKvtV_MMC8ZXCBmKw-ew,@ぺんぎん-030,2,2ヶ月,Member (2 months),,不明,,,2,3,0,2026-09-12 00:02,2026-09-24 23:01,,,https://www.youtube.com/channel/UCVxCKvtV_MMC8ZXCBmKw-ew
UCmDpiXkjajxeJ9tCH_mDfZw,@カキノキ-e6q,2,2ヶ月,Member (2 months),,不明,,,2,5,0,2026-09-12 00:02,2026-09-17 22:05,,,https://www.youtube.com/channel/UCmDpiXkjajxeJ9tCH_mDfZw
UCfdG5YmKVEaj2yLtdnFBlag,@大葉ジェノベーゼ,2,2ヶ月,Member (2 months),,不明,,,2,2,0,2026-09-12 00:02,2026-10-02 22:30,,,https://www.youtube.com/channel/UCfdG5YmKVEaj2yLtdnFBlag
UCp0pSmRNySB29eahAtx05Mg,@フローライト-o6i,2,2ヶ月,Member (2 months),,不明,,,2,2,0,2026-09-12 23:00,2026-09-24 23:01,,,https://www.youtube.com/channel/UCp0pSmRNySB29eahAtx05Mg
UCLfK5apdZbF6sjyPjgL2NRQ,@torico_1999,2,2ヶ月,Member (2 months),,不明,,,2,6,0,2026-09-15 22:00,2026-09-24 23:01,,,https://www.youtube.com/channel/UCLfK5apdZbF6sjyPjgL2NRQ
UCXzYbfl6sGeFK5G1v6aNywg,@常夏-c5z,2,2ヶ月,Member (2 months),,不明,,,2,7,0,2026-09-15 22:00,2026-10-02 22:30,,,https://www.youtube.com/channel/UCXzYbfl6sGeFK5G1v6aNywg
UCMpQWFOm8a2_IOz4bTeku1w,@Haruki_0607,2,2ヶ月,Member (2 months),,不明,,,2,2,0,2026-09-15 22:00,2026-09-17 07:30,,,https://www.youtube.com/channel/UCMpQWFOm8a2_IOz4bTeku1w
UCM5RY9ZVktZg1vLuq4_1VjQ,@ゆら-e4e9e,2,2ヶ月,Member (2 months),,不明,,,2,2,1,2026-09-17 07:30,2026-09-22 10:02,,,https://www.youtube.com/channel/UCM5RY9ZVktZg1vLuq4_1VjQ
UCSfX5ymqWcRz-EIucCM8z6Q,@時雨-u1b,2,2ヶ月,Member (2 months),,不明,,,2,3,0,2026-09-17 07:30,2026-09-24 23:01,,,https://www.youtube.com/channel/UCSfX5ymqWcRz-EIucCM8z6Q
UCIQHSfIGyCZC5BiyPJnED8Q,@N_03050,2,2ヶ月,Member (2 months),,不明,,,2,2,0,2026-09-17 22:05,2026-09-22 14:02,,,https://www.youtube.com/channel/UCIQHSfIGyCZC5BiyPJnED8Q
UCSUBIutlyGmaRRVqFBaeo1g,@ペペち31,2,2ヶ月,Member (2 months),,不明,,,2,3,0,2026-09-17 22:05,2026-10-04 22:30,,,https://www.youtube.com/channel/UCSUBIutlyGmaRRVqFBaeo1g
UCEWEr3chRUvdKAx9fmQzIBQ,@ひいろ-Kh2012,2,2ヶ月,Member (2 months),,不明,,,2,4,0,2026-09-22 10:02,2026-10-02 20:00,,,https://www.youtube.com/channel/UCEWEr3chRUvdKAx9fmQzIBQ
UCdKL_pG2LPW8T6d67CVEdDw,@至高のもち,2,2ヶ月,Member (2 months),,不明,,,2,20,0,2026-09-22 14:02,2026-10-02 20:00,,,https://www.youtube.com/channel/UCdKL_pG2LPW8T6d67CVEdDw
UCdGHRM8Lt8NTLcN3e2_Hmmw,@まちるだぴーぽー,2,2ヶ月,Member (2 months),,不明,,,2,2,2,2026-09-22 14:02,2026-10-02 22:30,,,https://www.youtube.com/channel/UCdGHRM8Lt8NTLcN3e2_Hmmw
UCcQUnVBH0I2tm4y-JePUXFw,@なかさと-o6i,2,2ヶ月,Member (2 months),,不明,,,2,4,0,2026-09-24 23:01,2026-10-05 22:30,,,https://www.youtube.com/channel/UCcQUnVBH0I2tm4y-JePUXFw
UCtARJfn9QUag40KuKJWdzDQ,@nemutqinq,2,2ヶ月,Member (2 months),,不明,,,2,12,0,2026-09-24 23:01,2026-10-02 22:30,,,https://www.youtube.com/channel/UCtARJfn9QUag40KuKJWdzDQ
UCpBUHm2k3cC8D6AB3nzU8ZA,@nonocappa,2,2ヶ月,Member (2 months),,不明,,,2,6,0,2026-09-24 23:01,2026-10-02 22:30,,,https://www.youtube.com/channel/UCpBUHm2k3cC8D6AB3nzU8ZA
UCCoZ7W01dtIGfH_DomgVXZA,@もちもちのレッサーパンダ,2,2ヶ月,Member (2 months),,不明,,,1,4,0,2026-09-08 22:31,2026-09-08 22:31,,,https://www.youtube.com/channel/UCCoZ7W01dtIGfH_DomgVXZA
UCC0mQMC8q-a0RmkQ7JdwdfQ,@モモp3v,2,2ヶ月,Member (2 months),,不明,,,1,1,0,2026-09-10 22:00,2026-09-10 22:00,,,https://www.youtube.com/channel/UCC0mQMC8q-a0RmkQ7JdwdfQ
UCmdQTPSKrX9DWJR7ZodepBA,@K-MA1102,2,2ヶ月,Member (2 months),,不明,,,1,1,0,2026-09-12 00:02,2026-09-12 00:02,,,https://www.youtube.com/channel/UCmdQTPSKrX9DWJR7ZodepBA
UCFuJlhCXe2nAyMAVYL1A3vg,@もいもい-q4p,2,2ヶ月,Member (2 months),,不明,,,1,3,0,2026-09-12 00:02,2026-09-12 00:02,,,https://www.youtube.com/channel/UCFuJlhCXe2nAyMAVYL1A3vg
UCdHku5XtH7f9CIT6t16B2dg,@よよよ-p7b,2,2ヶ月,Member (2 months),,不明,,,1,4,0,2026-09-12 00:02,2026-09-12 00:02,,,https://www.youtube.com/channel/UCdHku5XtH7f9CIT6t16B2dg
UCud4SHzJIPa0lmNLM_XTWNA,@aiai_box,2,2ヶ月,Member (2 months),,不明,,,1,2,0,2026-09-12 00:02,2026-09-12 00:02,,,https://www.youtube.com/channel/UCud4SHzJIPa0lmNLM_XTWNA
UC6SgqEKFkS-6ec0YjPDr2aQ,@アイおっとり夜,2,2ヶ月,Member (2 months),,不明,,,1,14,0,2026-09-12 00:02,2026-09-12 00:02,,,https://www.youtube.com/channel/UC6SgqEKFkS-6ec0YjPDr2aQ
UCVcFA4YTLTX7yL01INbdz5w,@んなぁーーぁぁーー,2,2ヶ月,Member (2 months),,不明,,,1,1,0,2026-09-12 00:02,2026-09-12 00:02,,,https://www.youtube.com/channel/UCVcFA4YTLTX7yL01INbdz5w
UC3V9bTLvv6jf3zG4E4jSaKQ,@migk_s3,2,2ヶ月,Member (2 months),,不明,,,1,2,0,2026-09-12 00:02,2026-09-12 00:02,,,https://www.youtube.com/channel/UC3V9bTLvv6jf3zG4E4jSaKQ
UC7XnAq2z54rWtlZRF-s0_7g,@麦茶に砂糖を入れません,2,2ヶ月,Member (2 months),,不明,,,1,1,0,2026-09-12 00:02,2026-09-12 00:02,,,https://www.youtube.com/channel/UC7XnAq2z54rWtlZRF-s0_7g
UCB5sfo3srCesy1w9rv4-U1A,@29Qまちょ,2,2ヶ月,Member (2 months),,不明,,,1,1,0,2026-09-12 00:02,2026-09-12 00:02,,,https://www.youtube.com/channel/UCB5sfo3srCesy1w9rv4-U1A
UCTFmdJJUgo_PF0lkHHCtxCQ,@potaco-v,2,2ヶ月,Member (2 months),,不明,,,1,1,0,2026-09-12 00:02,2026-09-12 00:02,,,https://www.youtube.com/channel/UCTFmdJJUgo_PF0lkHHCtxCQ
UCFW3jBE7AOJdgWWcw_A-Ukw,@恋実__xxxx,2,2ヶ月,Member (2 months),,不明,,,1,1,1,2026-09-12 00:02,2026-09-12 00:02,,,https://www.youtube.com/channel/UCFW3jBE7AOJdgWWcw_A-Ukw
UCAz5Vy4EunCON1Io4xCc3Ug,@だいみょ-y2h,2,2ヶ月,Member (2 months),,不明,,,1,1,1,2026-09-12 00:02,2026-09-12 00:02,,,https://www.youtube.com/channel/UCAz5Vy4EunCON1Io4xCc3Ug
UCbuuorGT_3CcnZGyH6VpUsg,@むーにー-b5d,2,2ヶ月,Member (2 months),,加賀美ハヤトのメンバーシップ,再加入/レベル変更,,1,0,0,2026-09-12 00:02,2026-09-12 00:02,,,https://www.youtube.com/channel/UCbuuorGT_3CcnZGyH6VpUsg
UCNhEHTGQC8fgmFaMe0qfDiQ,@xxx___na,2,2ヶ月,Member (2 months),,不明,,,1,4,0,2026-09-15 22:00,2026-09-15 22:00,,,https://www.youtube.com/channel/UCNhEHTGQC8fgmFaMe0qfDiQ
UCbFrTkasVwObtWfb31DjdYg,@ぢり-o9o,2,2ヶ月,Member (2 months),,不明,,,1,4,0,2026-09-15 22:00,2026-09-15 22:00,,,https://www.youtube.com/channel/UCbFrTkasVwObtWfb31DjdYg
UC5cPS6Sisv0mzNidXlWIw_w,@かめ-l2y2m,2,2ヶ月,Member (2 months),,不明,,,1,1,0,2026-09-15 22:00,2026-09-15 22:00,,,https://www.youtube.com/channel/UC5cPS6Sisv0mzNidXlWIw_w
UCDnYVjh6w-Ra_91PuLHZSRQ,@佐藤砂糖-k39,2,2ヶ月,Member (2 months),,不明,,,1,1,0,2026-09-17 07:30,2026-09-17 07:30,,,https://www.youtube.com/channel/UCDnYVjh6w-Ra_91PuLHZSRQ
UCf5OYsW3Zok6uACBzSjzyHg,@ふわ天,2,2ヶ月,Member (2 months),,不明,,,1,1,0,2026-09-17 07:30,2026-09-17 07:30,,,https://www.youtube.com/channel/UCf5OYsW3Zok6uACBzSjzyHg
UCCnOVIhp_BjMMFRVzWy8kyA,@yukina5917,2,2ヶ月,Member (2 months),,不明,,,1,1,0,2026-09-22 10:02,2026-09-22 10:02,,,https://www.youtube.com/channel/UCCnOVIhp_BjMMFRVzWy8kyA
UCkqy3F8qBVamuzacahBUyuw,@デッカい唐揚げ食べるンゴ,2,2ヶ月,Member (2 months),,不明,,,1,4,0,2026-09-22 14:02,2026-09-22 14:02,,,https://www.youtube.com/channel/UCkqy3F8qBVamuzacahBUyuw
UC2soZ0PXMlzW_M8V99GvlOA,@いまふる,2,2ヶ月,Member (2 months),,不明,,,1,1,0,2026-09-22 14:02,2026-09-22 14:02,,,https://www.youtube.com/channel/UC2soZ0PXMlzW_M8V99GvlOA
UC8nEtYHYsod3HPesDMrjcyw,@elix-q9k,2,2ヶ月,Member (2 months),,不明,,,1,1,0,2026-09-22 14:02,2026-09-22 14:02,,,https://www.youtube.com/channel/UC8nEtYHYsod3HPesDMrjcyw
UCLNFs0jU_9fJgmJIFQsBuDA,@ぽっぴらぱん,2,2ヶ月,Member (2 months),,不明,,,1,1,0,2026-09-22 14:02,2026-09-22 14:02,,,https://www.youtube.com/channel/UCLNFs0jU_9fJgmJIFQsBuDA
UCfeFW-U-qfUBu1zbvEb29wA,@koichimachi,2,2ヶ月,Member (2 months),,不明,,,1,7,0,2026-09-22 14:02,2026-09-22 14:02,,,https://www.youtube.com/channel/UCfeFW-U-qfUBu1zbvEb29wA
UCSaSMNpj9ubXBlJiLo9Ak7g,@斎藤新八,2,2ヶ月,Member (2 months),,不明,,,1,1,0,2026-09-22 14:02,2026-09-22 14:02,,,https://www.youtube.com/channel/UCSaSMNpj9ubXBlJiLo9Ak7g
UCkj6S95uqtXm2xbrANAYHOg,@多田たかやん,2,2ヶ月,Member (2 months),,不明,,,1,1,0,2026-09-22 14:02,2026-09-22 14:02,,,https://www.youtube.com/channel/UCkj6S95uqtXm2xbrANAYHOg
UC9BlUCpxtnpK5AP7ealmtcQ,@セオドア-z4f,2,2ヶ月,Member (2 months),,不明,,,1,12,0,2026-09-24 23:01,2026-09-24 23:01,,,https://www.youtube.com/channel/UC9BlUCpxtnpK5AP7ealmtcQ
UCgtQ5rC9uhQsVfT0VqHReIw,@まめ-nemuru,2,2ヶ月,Member (2 months),,不明,,,1,1,0,2026-09-24 23:01,2026-09-24 23:01,,,https://www.youtube.com/channel/UCgtQ5rC9uhQsVfT0VqHReIw
UC6FMXvsrkn9oGq0T4Ui573g,@ごりらうま-e6b,2,2ヶ月,Member (2 months),,不明,,,1,2,0,2026-09-24 23:01,2026-09-24 23:01,,,https://www.youtube.com/channel/UC6FMXvsrkn9oGq0T4Ui573g
UCACuLGFoKu-EMwiCgGMinMw,@182Un_nU02,2,2ヶ月,Member (2 months),,不明,,,1,2,0,2026-09-24 23:01,2026-09-24 23:01,,,https://www.youtube.com/channel/UCACuLGFoKu-EMwiCgGMinMw
UCmUG64gLEXtUjCw9WdnjW5g,@ゆづ-010,2,2ヶ月,Member (2 months),,不明,,,1,7,0,2026-09-24 23:01,2026-09-24 23:01,,,https://www.youtube.com/channel/UCmUG64gLEXtUjCw9WdnjW5g
UCBx-ucWKCMa5hIW3u82QG0A,@kotatsu755,2,2ヶ月,Member (2 months),,不明,,,1,13,0,2026-09-24 23:01,2026-09-24 23:01,,,https://www.youtube.com/channel/UCBx-ucWKCMa5hIW3u82QG0A
UC6jqIasS0l1aOvxKLDxeMFw,@ゆあ__247,2,2ヶ月,Member (2 months),,不明,,,1,1,0,2026-09-24 23:01,2026-09-24 23:01,,,https://www.youtube.com/channel/UC6jqIasS0l1aOvxKLDxeMFw
UCp4vb37Ks-6d1qA-jQmNCdw,@Leyn_12,2,2ヶ月,Member (2 months),,不明,,,1,1,0,2026-09-24 23:01,2026-09-24 23:01,,,https://www.youtube.com/channel/UCp4vb37Ks-6d1qA-jQmNCdw
UCckXvaUNoS3yi5vFdm4KAlQ,@梓月のんこ,2,2ヶ月,Member (2 months),,不明,,,1,1,0,2026-09-27 23:00,2026-09-27 23:00,,,https://www.youtube.com/channel/UCckXvaUNoS3yi5vFdm4KAlQ
UCwCM9EOUI3lEeKZHfho_Iyg,@ツキ-c9t,2,2ヶ月,Member (2 months),,不明,,,1,1,0,2026-09-27 23:00,2026-09-27 23:00,,,https://www.youtube.com/channel/UCwCM9EOUI3lEeKZHfho_Iyg
UCk8mo2BeDbCbd1AHdVifnqA,@めいぷる-z8r,2,2ヶ月,Member (2 months),,不明,,,1,2,0,2026-09-27 23:00,2026-09-27 23:00,,,https://www.youtube.com/channel/UCk8mo2BeDbCbd1AHdVifnqA
UCpZ4-DhycW6e9EzSZ22U8UA,@うに-x2f5u,2,2ヶ月,Member (2 months),,不明,,,1,2,0,2026-10-02 20:00,2026-10-02 20:00,,,https://www.youtube.com/channel/UCpZ4-DhycW6e9EzSZ22U8UA
UC48jmWyKbp9aO7B7FN87-ug,@sharo-d6v,2,2ヶ月,Member (2 months),,不明,,,1,3,0,2026-10-02 20:00,2026-10-02 20:00,,,https://www.youtube.com/channel/UC48jmWyKbp9aO7B7FN87-ug
UCxto1lcEKkGJOU5bsnX6QlQ,@ひろみ_h-d1s,2,2ヶ月,Member (2 months),,不明,,,1,3,0,2026-10-02 20:00,2026-10-02 20:00,,,https://www.youtube.com/channel/UCxto1lcEKkGJOU5bsnX6QlQ
UCwn_aiuSkBC3NVsLE7RvF8g,@zero104w,2,2ヶ月,Member (2 months),,不明,,,1,1,0,2026-10-02 20:00,2026-10-02 20:00,,,https://www.youtube.com/channel/UCwn_aiuSkBC3NVsLE7RvF8g
UCRf6_7vdrritMrOuVNIG1WA,@瑞稀凰花,2,2ヶ月,Member (2 months),,不明,,,1,1,0,2026-10-02 22:30,2026-10-02 22:30,,,https://www.youtube.com/channel/UCRf6_7vdrritMrOuVNIG1WA
UCb2ePO1CSBM-EbPXfNtcfDw,@あかり-y1o,2,2ヶ月,Member (2 months),,不明,,,1,4,0,2026-10-02 22:30,2026-10-02 22:30,,,https://www.youtube.com/channel/UCb2ePO1CSBM-EbPXfNtcfDw
UC15JqzLlGbZYEq1aQVEaGwg,@成実-hy,2,2ヶ月,Member (2 months),,不明,,,1,7,1,2026-10-02 22:30,2026-10-02 22:30,,,https://www.youtube.com/channel/UC15JqzLlGbZYEq1aQVEaGwg
UCzORX3syiB6Ga9ge7JiQ3Dg,@ドコサヘキサエン-b4w,2,2ヶ月,Member (2 months),,不明,,,1,1,1,2026-10-02 22:30,2026-10-02 22:30,,,https://www.youtube.com/channel/UCzORX3syiB6Ga9ge7JiQ3Dg
UCrEDBksB-k4W3m4OTLVzXsQ,@mayh8488,2,2ヶ月,Member (2 months),,不明,,,1,1,1,2026-10-02 22:30,2026-10-02 22:30,,,https://www.youtube.com/channel/UCrEDBksB-k4W3m4OTLVzXsQ
UCzv6TIjviYFxMJ7MMHGIopQ,@クマオ-m7m,2,2ヶ月,Member (2 months),,不明,,,1,3,0,2026-10-04 22:30,2026-10-04 22:30,,,https://www.youtube.com/channel/UCzv6TIjviYFxMJ7MMHGIopQ
UCmwMnBpZnGgyv_a1WBO-qIA,@ネレンオキレン,2,2ヶ月,Member (2 months),,不明,,,1,5,0,2026-10-04 22:30,2026-10-04 22:30,,,https://www.youtube.com/channel/UCmwMnBpZnGgyv_a1WBO-qIA
UCCGk1Uc5ug_zKJ7f53MZ27A,@youreiz00,2,2ヶ月,Member (2 months),,不明,,,1,2,0,2026-10-05 22:30,2026-10-05 22:30,,,https://www.youtube.com/channel/UCCGk1Uc5ug_zKJ7f53MZ27A
UCJgNx10iQons3QcsenETbOg,@冬海古希,2,2ヶ月,Member (2 months),,不明,,,1,102,0,2026-10-05 22:30,2026-10-05 22:30,,,https://www.youtube.com/channel/UCJgNx10iQons3QcsenETbOg
UCY5GcXOSTGY5S6VoTjyXksQ,@to-ka_1031,2,2ヶ月,Member (2 months),,不明,,,1,90,0,2026-10-05 22:30,2026-10-05 22:30,,,https://www.youtube.com/channel/UCY5GcXOSTGY5S6VoTjyXksQ
UC6UUfRHc9hcpzJMV6fjtigw,@ゆは-mmm,2,2ヶ月,Member (2 months),,不明,,,1,1,0,2026-10-05 22:30,2026-10-05 22:30,,,https://www.youtube.com/channel/UC6UUfRHc9hcpzJMV6fjtigw
UCysq_xDvZrMYg5cb4mZxatA,@カスクン,2,2ヶ月,Member (2 months),,不明,,,1,2,0,2026-10-05 22:30,2026-10-05 22:30,,,https://www.youtube.com/channel/UCysq_xDvZrMYg5cb4mZxatA
UCaRD8Hil0osZGJK5x1o4-GQ,@もちもちしんでぃ,2,2ヶ月,Member (2 months),,不明,,,1,1,1,2026-10-05 22:30,2026-10-05 22:30,,,https://www.youtube.com/channel/UCaRD8Hil0osZGJK5x1o4-GQ
UCopTQdjqPscTwriaGmGrysQ,@無香料kn,1,1ヶ月,Member (1 month),,不明,,,17,91,0,2026-09-08 22:31,2026-10-05 22:30,,,https://www.youtube.com/channel/UCopTQdjqPscTwriaGmGrysQ
UCiUrHvVnjtbepVU1IGpmRXA,@えぐいカラス,1,1ヶ月,Member (1 month),,不明,,,15,1257,0,2026-09-08 22:31,2026-10-05 22:30,,,https://www.youtube.com/channel/UCiUrHvVnjtbepVU1IGpmRXA
UCTRRxPITCcpKfHiZrK9keeg,@armarain610,1,1ヶ月,Member (1 month),,不明,,,15,157,0,2026-09-08 22:31,2026-10-05 22:30,,,https://www.youtube.com/channel/UCTRRxPITCcpKfHiZrK9keeg
UCjtnfi-lYidTSecK0ep_nZw,@ルニカ-p8o,1,1ヶ月,Member (1 month),,不明,,,15,90,0,2026-09-08 22:31,2026-10-04 22:30,,,https://www.youtube.com/channel/UCjtnfi-lYidTSecK0ep_nZw
UCVx6GRYJnG4ve-ZVpRn4RYA,@なな-k8d9b,1,1ヶ月,Member (1 month),,不明,,,14,65,0,2026-09-08 22:31,2026-10-05 22:30,,,https://www.youtube.com/channel/UCVx6GRYJnG4ve-ZVpRn4RYA
UCb__T-MM6n4MKORRD0mz6Rg,@tomo-po4kn,1,1ヶ月,Member (1 month),,不明,,,10,41,3,2026-09-10 22:00,2026-10-02 22:30,,,https://www.youtube.com/channel/UCb__T-MM6n4MKORRD0mz6Rg
UC_1x5fC8icefPerUxxaKg9A,@遅目,1,1ヶ月,Member (1 month),,不明,,,9,24,1,2026-09-08 22:31,2026-10-04 22:30,,,https://www.youtube.com/channel/UC_1x5fC8icefPerUxxaKg9A
UCtmHP6dhNw7W472yDo0wXxA,@MEI_21O_ns,1,1ヶ月,Member (1 month),,不明,,,8,1695,5,2026-09-10 22:00,2026-10-02 22:30,,,https://www.youtube.com/channel/UCtmHP6dhNw7W472yDo0wXxA
UCx_n_urSaLojL8xGjCqiFlQ,@さー_saaaaa,1,1ヶ月,Member (1 month),,不明,,,8,9,0,2026-09-12 23:00,2026-10-04 22:30,,,https://www.youtube.com/channel/UCx_n_urSaLojL8xGjCqiFlQ
UCWD2tPHnGTxKosYu_b_tAuA,@Attaka-Potto,1,1ヶ月,Member (1 month),,不明,,,7,79,0,2026-09-08 22:31,2026-10-04 22:30,,,https://www.youtube.com/channel/UCWD2tPHnGTxKosYu_b_tAuA
UC5viqBYPOKSqzOHr6j6jGdA,@seiha1207-y5g,1,1ヶ月,Member (1 month),,不明,,,7,381,0,2026-09-10 22:00,2026-10-02 22:30,,,https://www.youtube.com/channel/UC5viqBYPOKSqzOHr6j6jGdA
UCLylf-Aqr4oqhEb6G_iO56Q,@ねも-b8z,1,1ヶ月,Member (1 month),,不明,,,7,10,0,2026-09-10 22:00,2026-10-05 22:30,,,https://www.youtube.com/channel/UCLylf-Aqr4oqhEb6G_iO56Q
UCbILa9Ds-64XEzdyX3MrW4Q,@でんちゅう-d5p,1,1ヶ月,Member (1 month),,加賀美ハヤトのメンバーシップ,ギフト,ギフトで加入,7,22,0,2026-09-12 00:02,2026-10-04 22:30,○,○,https://www.youtube.com/channel/UCbILa9Ds-64XEzdyX3MrW4Q
UCBFYwqt2VwREMfw8NxpkoPA,@こよみ-12,1,1ヶ月,Member (1 month),,不明,,,6,631,4,2026-09-24 23:01,2026-10-05 22:30,,,https://www.youtube.com/channel/UCBFYwqt2VwREMfw8NxpkoPA
UC9JMtEFIztFfDp2DIflcYXA,@檸檬-t5s,1,1ヶ月,Member (1 month),,不明,,,5,38,1,2026-09-12 00:02,2026-09-22 14:02,,,https://www.youtube.com/channel/UC9JMtEFIztFfDp2DIflcYXA
UCdkipFcmAJ5wopN5tuvmRXQ,@イキソ,1,1ヶ月,Member (1 month),,加賀美ハヤトのメンバーシップ,ギフト,ギフトで加入,5,30,0,2026-09-12 00:02,2026-10-05 22:30,○,○,https://www.youtube.com/channel/UCdkipFcmAJ5wopN5tuvmRXQ
UCAskm54tSYiRybV3eupefhg,@ケッタセッタ,1,1ヶ月,Member (1 month),,不明,,,4,127,0,2026-09-10 22:00,2026-10-02 20:00,,,https://www.youtube.com/channel/UCAskm54tSYiRybV3eupefhg
UCB1xVTMyKi9EI4LVIvy38Og,@ショウ-q8j,1,1ヶ月,Member (1 month),,不明,,,4,6,0,2026-09-10 22:00,2026-09-15 22:00,,,https://www.youtube.com/channel/UCB1xVTMyKi9EI4LVIvy38Og
UChMpJBAqI6QU9_sAc5ZuYZg,@おはりの-n1o,1,1ヶ月,Member (1 month),,不明,,,4,106,0,2026-09-12 00:02,2026-09-24 23:01,,,https://www.youtube.com/channel/UChMpJBAqI6QU9_sAc5ZuYZg
UCLEKVcM9PWyWnm-GmoWMdVQ,@碓氷-usui-91,1,1ヶ月,Member (1 month),,不明,,,4,14,0,2026-09-12 23:00,2026-10-04 22:30,,,https://www.youtube.com/channel/UCLEKVcM9PWyWnm-GmoWMdVQ
UCgX5RGgXZjbSMxIRu1RC1cA,@メイプル-d7c,1,1ヶ月,Member (1 month),,不明,,,4,15,0,2026-09-15 22:00,2026-10-02 20:00,,,https://www.youtube.com/channel/UCgX5RGgXZjbSMxIRu1RC1cA
UCSkfXWP1uxVBKjFv0RnzrVA,@lojave,1,1ヶ月,Member (1 month),,不明,,,3,6,0,2026-09-18 21:30,2026-09-26 21:33,,,https://www.youtube.com/channel/UCSkfXWP1uxVBKjFv0RnzrVA
UCRQFXEzLXMw76HLxMoRkIIw,@ゆき-i3d4x,1,1ヶ月,Member (1 month),,不明,,,3,19,0,2026-09-22 14:02,2026-09-27 23:00,,,https://www.youtube.com/channel/UCRQFXEzLXMw76HLxMoRkIIw
UC114i9xPIKObbpafjkmwG0Q,@nyannyan0401,1,1ヶ月,Member (1 month),,不明,,,3,10,0,2026-09-27 23:00,2026-10-04 22:30,,,https://www.youtube.com/channel/UC114i9xPIKObbpafjkmwG0Q
UCAphEJV20CbSfjWgEpT8-QQ,@シリウス-p1m,1,1ヶ月,Member (1 month),,不明,,,2,3,0,2026-09-08 22:31,2026-09-12 00:02,,,https://www.youtube.com/channel/UCAphEJV20CbSfjWgEpT8-QQ
UCII0ZWUOV9mHeCb8rSAI9Fw,@キミカゲソウ,1,1ヶ月,Member (1 month),,不明,,,2,2,0,2026-09-10 22:00,2026-10-05 22:30,,,https://www.youtube.com/channel/UCII0ZWUOV9mHeCb8rSAI9Fw
UCHWb4oX1MwZCz665kXcuwmw,@yano_nyusankin,1,1ヶ月,Member (1 month),,不明,,,2,9,0,2026-09-12 00:02,2026-09-24 23:01,,,https://www.youtube.com/channel/UCHWb4oX1MwZCz665kXcuwmw
UC9dPlLqPQlNm4b62X0E362g,@mina_itf,1,1ヶ月,Member (1 month),,不明,,,2,2,0,2026-09-18 21:30,2026-09-27 23:00,,,https://www.youtube.com/channel/UC9dPlLqPQlNm4b62X0E362g
UCTQXMVK6fg0ZaaD5VYZsXfA,@ローリングどんぐり,1,1ヶ月,Member (1 month),,不明,,,2,3,0,2026-10-02 22:30,2026-10-05 22:30,,,https://www.youtube.com/channel/UCTQXMVK6fg0ZaaD5VYZsXfA
UCESS_IjyCQZbNw2Js6af8sg,@116airu-m3i,1,1ヶ月,Member (1 month),,不明,,,1,1,0,2026-09-12 00:02,2026-09-12 00:02,,,https://www.youtube.com/channel/UCESS_IjyCQZbNw2Js6af8sg
UCU0m4Kos5kwUSDkoPIO9M-A,@sakiri-ukx,1,1ヶ月,Member (1 month),,不明,,,1,1,0,2026-09-12 00:02,2026-09-12 00:02,,,https://www.youtube.com/channel/UCU0m4Kos5kwUSDkoPIO9M-A
UCv82YjNUnEEwp4EQHeljoGQ,@ゆい-b6p,1,1ヶ月,Member (1 month),,加賀美ハヤトのメンバーシップ,ギフト,ギフトで加入,1,2,0,2026-09-12 00:02,2026-09-12 00:02,○,○,https://www.youtube.com/channel/UCv82YjNUnEEwp4EQHeljoGQ
UCc4OhexPEWtD7-76Fdpwjtw,@y-ma-lb2bm,1,1ヶ月,Member (1 month),,不明,,,1,2,0,2026-09-12 23:00,2026-09-12 23:00,,,https://www.youtube.com/channel/UCc4OhexPEWtD7-76Fdpwjtw
UC_Rdd5ZxRcI2LElAR22bnAg,@qorgks,1,1ヶ月,Member (1 month),,不明,,,1,1,0,2026-09-17 22:05,2026-09-17 22:05,,,https://www.youtube.com/channel/UC_Rdd5ZxRcI2LElAR22bnAg
UCLthtWwYUMnuVpy2kFb5fSg,@momo-w5s8e,1,1ヶ月,Member (1 month),,不明,,,1,11,0,2026-09-24 23:01,2026-09-24 23:01,,,https://www.youtube.com/channel/UCLthtWwYUMnuVpy2kFb5fSg
UC-90I2mc1jq_G1duN8GsOMw,@uda_two,1,1ヶ月,Member (1 month),,不明,,,1,7,0,2026-09-24 23:01,2026-09-24 23:01,,,https://www.youtube.com/channel/UC-90I2mc1jq_G1duN8GsOMw
UC6Y66uDbolr8MDWL_cxP33A,@かさ_moon,1,1ヶ月,Member (1 month),,不明,,,1,6,0,2026-09-24 23:01,2026-09-24 23:01,,,https://www.youtube.com/channel/UC6Y66uDbolr8MDWL_cxP33A
UCuRL1kYlS-RvoE7LVuaHaTg,@いとう-d8r,1,1ヶ月,Member (1 month),,不明,,,1,2,0,2026-09-26 21:33,2026-09-26 21:33,,,https://www.youtube.com/channel/UCuRL1kYlS-RvoE7LVuaHaTg
UCsDo5KWEHLn6IuXenDpZX7w,@ゆきだるま-m4g,1,1ヶ月,Member (1 month),,不明,,,1,2,0,2026-09-27 23:00,2026-09-27 23:00,,,https://www.youtube.com/channel/UCsDo5KWEHLn6IuXenDpZX7w
UCMTCHia07GIJT0NLSLUaxMw,@かんみ3,1,1ヶ月,Member (1 month),,加賀美ハヤトのメンバーシップ,ギフト,ギフトで加入,1,26,0,2026-10-02 22:30,2026-10-02 22:30,○,○,https://www.youtube.com/channel/UCMTCHia07GIJT0NLSLUaxMw
UCpC6XqM39eS6AW-XsnBsW_w,@ふわふわのあかり-0208,0,新規(1ヶ月未満),New member,,不明,,,15,288,0,2026-09-08 22:31,2026-10-05 22:30,,,https://www.youtube.com/channel/UCpC6XqM39eS6AW-XsnBsW_w
UC5FyvY8KmPamZiXEYSPmDcw,@ここぴー,0,新規(1ヶ月未満),New member,,不明,,,13,430,0,2026-09-12 00:02,2026-10-05 22:30,,,https://www.youtube.com/channel/UC5FyvY8KmPamZiXEYSPmDcw
UC7B-eR_sMF9U0rNVto0JvhA,@翠玉エミ,0,新規(1ヶ月未満),New member,,不明,,,9,30,0,2026-09-12 23:00,2026-10-04 22:30,,,https://www.youtube.com/channel/UC7B-eR_sMF9U0rNVto0JvhA
UCiuJGCB3PVkjgtLQly7H_tg,@_tasora_,0,新規(1ヶ月未満),New member,,不明,,,8,16,0,2026-09-12 00:02,2026-10-05 22:30,,,https://www.youtube.com/channel/UCiuJGCB3PVkjgtLQly7H_tg
UCco-d5BzN0bIE10hK2W5W1w,@りえ-c4x,0,新規(1ヶ月未満),New member,,不明,,,7,1734,0,2026-09-12 23:00,2026-10-05 22:30,,,https://www.youtube.com/channel/UCco-d5BzN0bIE10hK2W5W1w
UCvC1RHQY4_KhzlJyn9kVhHA,@きつね-f2n,0,新規(1ヶ月未満),New member,,不明,,,7,465,0,2026-09-22 14:02,2026-10-04 22:30,,,https://www.youtube.com/channel/UCvC1RHQY4_KhzlJyn9kVhHA
UCFUtjkKBQ6-9Zy4zbhtVEmQ,@fuyukawa-m1,0,新規(1ヶ月未満),New member,,不明,,,7,204,0,2026-09-22 14:02,2026-10-05 22:30,,,https://www.youtube.com/channel/UCFUtjkKBQ6-9Zy4zbhtVEmQ
UCJQLADk1kIX3NTIqU_EsxlA,@sayupen,0,新規(1ヶ月未満),New member,,不明,,,7,338,0,2026-09-22 14:02,2026-10-05 22:30,,,https://www.youtube.com/channel/UCJQLADk1kIX3NTIqU_EsxlA
UC5LN2ibtWmU1whiAKreXW8A,@ぱにーに-p,0,新規(1ヶ月未満),New member,,不明,,,6,142,0,2026-09-10 22:00,2026-09-27 23:00,,,https://www.youtube.com/channel/UC5LN2ibtWmU1whiAKreXW8A
UCDI6ij4i9uKfXvLvKObo2uQ,@ぬぃまる,0,新規(1ヶ月未満),New member,,不明,,,6,11,0,2026-09-15 22:00,2026-10-02 22:30,,,https://www.youtube.com/channel/UCDI6ij4i9uKfXvLvKObo2uQ
UCFoPI-QI8botoDaRFIMsjIw,@夜型人間れい,0,新規(1ヶ月未満),New member,,不明,,,6,20,3,2026-09-17 22:05,2026-10-05 22:30,,,https://www.youtube.com/channel/UCFoPI-QI8botoDaRFIMsjIw
UCqRUrtGvoj8uA0Afd0B5Q2Q,@ももか-336,0,新規(1ヶ月未満),New member,,不明,,,6,90,0,2026-09-22 10:02,2026-10-05 22:30,,,https://www.youtube.com/channel/UCqRUrtGvoj8uA0Afd0B5Q2Q
UCxlLWbIyiEFOkY4YMI_F5Uw,@Ru_ru_2870,0,新規(1ヶ月未満),New member,,不明,,,6,54,0,2026-09-22 10:02,2026-10-04 22:30,,,https://www.youtube.com/channel/UCxlLWbIyiEFOkY4YMI_F5Uw
UCE4fGZ4iRRKMhBqcmNf7YnA,@ナマケモノ-x9v,0,新規(1ヶ月未満),New member,,不明,,,6,702,0,2026-09-24 23:01,2026-10-05 22:30,,,https://www.youtube.com/channel/UCE4fGZ4iRRKMhBqcmNf7YnA
UC5ec2HKa0AjSdLmFpxF7GuQ,@m_mozi,0,新規(1ヶ月未満),New member,,不明,,,5,18,0,2026-09-24 23:01,2026-10-05 22:30,,,https://www.youtube.com/channel/UC5ec2HKa0AjSdLmFpxF7GuQ
UCUv-XJ3x0Ov0Km-Lzc7wVVA,@AburuiTori,0,新規(1ヶ月未満),New member,,不明,,,4,4,0,2026-09-12 23:00,2026-09-24 23:01,,,https://www.youtube.com/channel/UCUv-XJ3x0Ov0Km-Lzc7wVVA
UCNZ7nvl1MrxF_R4jWny49vw,@チニヒミ,0,新規(1ヶ月未満),New member,,不明,,,4,23,0,2026-09-22 14:02,2026-10-02 20:00,,,https://www.youtube.com/channel/UCNZ7nvl1MrxF_R4jWny49vw
UCJ29lmFRXkMtU5dnYjxY61w,@Chiyu-yi31,0,新規(1ヶ月未満),New member,,不明,,,4,43,0,2026-09-24 23:01,2026-10-05 22:30,,,https://www.youtube.com/channel/UCJ29lmFRXkMtU5dnYjxY61w
UCUSDSsDyjfpDlUqsUECfnCQ,@ゆうな-c6q,0,新規(1ヶ月未満),New member,,不明,,,4,39,0,2026-09-27 23:00,2026-10-05 22:30,,,https://www.youtube.com/channel/UCUSDSsDyjfpDlUqsUECfnCQ
UCQJZs00y7Yxd_jW5mri1TSg,@mayrope_e,0,新規(1ヶ月未満),New member,,不明,,,4,11,0,2026-10-02 20:00,2026-10-05 22:30,,,https://www.youtube.com/channel/UCQJZs00y7Yxd_jW5mri1TSg
UCqaWbazhXVJFA7SKG_NcKxA,@どうか素敵な一日を,0,新規(1ヶ月未満),New member,,不明,,,3,4,1,2026-09-10 22:00,2026-09-15 22:00,,,https://www.youtube.com/channel/UCqaWbazhXVJFA7SKG_NcKxA
UClsGSW4IJ53iNQn7061Bb0g,@いっぬ-q7o,0,新規(1ヶ月未満),New member,,不明,,,3,8,0,2026-09-12 00:02,2026-09-27 23:00,,,https://www.youtube.com/channel/UClsGSW4IJ53iNQn7061Bb0g
UCpKzpEZs2PxvjxnD30Za8QA,@グレフルサワーです,0,新規(1ヶ月未満),New member,,加賀美ハヤトのメンバーシップ,新規加入,,3,8,0,2026-09-12 00:02,2026-10-02 22:30,○,,https://www.youtube.com/channel/UCpKzpEZs2PxvjxnD30Za8QA
UCc57foHHBoUtQF1p7XCtwFQ,@naru-u4n,0,新規(1ヶ月未満),New member,,不明,,,3,3,2,2026-09-12 23:00,2026-10-02 22:30,,,https://www.youtube.com/channel/UCc57foHHBoUtQF1p7XCtwFQ
UC62P9qB33KUXL-Bw9dg5u2w,@るあ-hlv._.a2,0,新規(1ヶ月未満),New member,,不明,,,3,3,0,2026-09-17 07:30,2026-09-22 14:02,,,https://www.youtube.com/channel/UC62P9qB33KUXL-Bw9dg5u2w
UCHSXB0gXU30AlMoG5DqCV9g,@az_mia,0,新規(1ヶ月未満),New member,,不明,,,3,25,0,2026-09-22 10:02,2026-10-04 22:30,,,https://www.youtube.com/channel/UCHSXB0gXU30AlMoG5DqCV9g
UCM0bzzGPCi8s_IhB1j8dkEw,@reijyan_ree,0,新規(1ヶ月未満),New member,,不明,,,3,17,0,2026-09-22 14:02,2026-10-02 22:30,,,https://www.youtube.com/channel/UCM0bzzGPCi8s_IhB1j8dkEw
UCo3ZPyJhrwXVJG7yRltRfEA,@Yu-n6l,0,新規(1ヶ月未満),New member,,不明,,,3,3,0,2026-09-22 14:02,2026-10-02 22:30,,,https://www.youtube.com/channel/UCo3ZPyJhrwXVJG7yRltRfEA
UC9QgMhz99EKflSDA7KHOqHg,@iceaqua1207,0,新規(1ヶ月未満),New member,,不明,,,3,12,0,2026-09-24 23:01,2026-10-04 22:30,,,https://www.youtube.com/channel/UC9QgMhz99EKflSDA7KHOqHg
UClVoW7IGUU3oXQ4aFopNF-w,@蒼馬-p6w,0,新規(1ヶ月未満),New member,,不明,,,3,5,0,2026-09-24 23:01,2026-10-02 22:30,,,https://www.youtube.com/channel/UClVoW7IGUU3oXQ4aFopNF-w
UCopAXE4tSFSHILOItVgacYQ,@mayo-e6b,0,新規(1ヶ月未満),New member,,加賀美ハヤトのメンバーシップ,新規加入,,2,3,0,2026-09-10 22:00,2026-09-24 23:01,○,,https://www.youtube.com/channel/UCopAXE4tSFSHILOItVgacYQ
UCjr9vLztYKjsiYfxF08jnCQ,@凌嵐月,0,新規(1ヶ月未満),New member,,不明,,,2,3,2,2026-09-10 22:00,2026-10-04 22:30,,,https://www.youtube.com/channel/UCjr9vLztYKjsiYfxF08jnCQ
UCo4_g-Aw9fMqFCG-BEwZ7cA,@rei.3969-tba,0,新規(1ヶ月未満),New member,,加賀美ハヤトのメンバーシップ,新規加入,,2,2,0,2026-09-10 22:00,2026-09-22 14:02,○,,https://www.youtube.com/channel/UCo4_g-Aw9fMqFCG-BEwZ7cA
UC96Gt25AWtybOea3YOzjvyg,@ゆーか-z5v,0,新規(1ヶ月未満),New member,,不明,,,2,3,1,2026-09-12 00:02,2026-09-24 23:01,,,https://www.youtube.com/channel/UC96Gt25AWtybOea3YOzjvyg
UCI7n8yVszyHF2HntVIGOxuw,@より_yoriyou,0,新規(1ヶ月未満),New member,,加賀美ハヤトのメンバーシップ,新規加入,,2,1,0,2026-09-12 00:02,2026-09-22 14:02,○,,https://www.youtube.com/channel/UCI7n8yVszyHF2HntVIGOxuw
UCXOrwyNsNUSi48n-DwfbdXA,@ばろる-c4g,0,新規(1ヶ月未満),New member,,不明,,,2,16,0,2026-09-12 23:00,2026-09-17 07:30,,,https://www.youtube.com/channel/UCXOrwyNsNUSi48n-DwfbdXA
UCGMOy8Ha4VQnmHaYNNXgEWQ,@かふぇおれ-z3m,0,新規(1ヶ月未満),New member,,不明,,,2,4,1,2026-09-12 23:00,2026-09-15 22:00,,,https://www.youtube.com/channel/UCGMOy8Ha4VQnmHaYNNXgEWQ
UCXOyrErykgX9lM7XaFupyLw,@Ni_ni711,0,新規(1ヶ月未満),New member,,不明,,,2,5,0,2026-09-12 23:00,2026-10-04 22:30,,,https://www.youtube.com/channel/UCXOyrErykgX9lM7XaFupyLw
UCYY3NPJ0Sj0gMPbTXQkm5Lw,@ひなpi0712,0,新規(1ヶ月未満),New member,,不明,,,2,6,0,2026-09-17 07:30,2026-09-22 10:02,,,https://www.youtube.com/channel/UCYY3NPJ0Sj0gMPbTXQkm5Lw
UC5o3wg3tZbhluPUfK6AO7jg,@茄子味噌umai,0,新規(1ヶ月未満),New member,,不明,,,2,4,0,2026-09-22 10:02,2026-09-22 14:02,,,https://www.youtube.com/channel/UC5o3wg3tZbhluPUfK6AO7jg
UCl91XBBkoiPYCCxUSk6KPDg,@あいちゅ-aichu,0,新規(1ヶ月未満),New member,,不明,,,2,6,0,2026-09-22 14:02,2026-09-27 23:00,,,https://www.youtube.com/channel/UCl91XBBkoiPYCCxUSk6KPDg
UCjTcVRQ4Tt7g-2KTn58t08Q,@buri.tunakan57,0,新規(1ヶ月未満),New member,,不明,,,2,2,0,2026-09-22 14:02,2026-10-04 22:30,,,https://www.youtube.com/channel/UCjTcVRQ4Tt7g-2KTn58t08Q
UCtTCrzKtVuW1Is2Nvoz9xhw,@Tsuzura_H,0,新規(1ヶ月未満),New member,,不明,,,2,3,0,2026-09-22 14:02,2026-10-04 22:30,,,https://www.youtube.com/channel/UCtTCrzKtVuW1Is2Nvoz9xhw
UCz6DcjQZ3g4woQBPIEYf0_Q,@マグロみmmayukaga,0,新規(1ヶ月未満),New member,,不明,,,2,4,0,2026-09-22 14:02,2026-10-02 20:00,,,https://www.youtube.com/channel/UCz6DcjQZ3g4woQBPIEYf0_Q
UCY_e6td__mMY1dejXnnH1lA,@Sayuri-0127,0,新規(1ヶ月未満),New member,,不明,,,2,14,0,2026-09-24 23:01,2026-10-02 20:00,,,https://www.youtube.com/channel/UCY_e6td__mMY1dejXnnH1lA
UCurEmOwPR_HBAUBp2Y5rjNA,@めたふぃ,0,新規(1ヶ月未満),New member,,不明,,,2,4,0,2026-09-24 23:01,2026-10-05 22:30,,,https://www.youtube.com/channel/UCurEmOwPR_HBAUBp2Y5rjNA
UChQZTXBnumHeMo6OG3KcDPw,@太郎丸-x8u,0,新規(1ヶ月未満),New member,,不明,,,2,3,0,2026-09-24 23:01,2026-10-02 22:30,,,https://www.youtube.com/channel/UChQZTXBnumHeMo6OG3KcDPw
UC1uIPjz4JJD_IFLeVx2H8BQ,@TK_viola17,0,新規(1ヶ月未満),New member,,不明,,,2,3,0,2026-09-24 23:01,2026-10-05 22:30,,,https://www.youtube.com/channel/UC1uIPjz4JJD_IFLeVx2H8BQ
UCNN5gGiog5y5B4_JWg995Cg,@塩むすび-z8r,0,新規(1ヶ月未満),New member,,不明,,,2,8,0,2026-09-24 23:01,2026-10-02 22:30,,,https://www.youtube.com/channel/UCNN5gGiog5y5B4_JWg995Cg
UC6vFf4M5W9472ppkYxEBeAw,@アルティメットうなぎのぼり,0,新規(1ヶ月未満),New member,,不明,,,2,3,0,2026-09-24 23:01,2026-10-02 22:30,,,https://www.youtube.com/channel/UC6vFf4M5W9472ppkYxEBeAw
UCw404WIEN4kBxiwH4Id6rSw,@ShichikawaYota-nb6k,0,新規(1ヶ月未満),New member,,加賀美ハヤトのメンバーシップ,新規加入,,2,4,0,2026-09-27 23:00,2026-10-04 22:30,○,,https://www.youtube.com/channel/UCw404WIEN4kBxiwH4Id6rSw
UCs9hY1_jVQhNK6e0M4OkLSQ,@アッズ-f6i,0,新規(1ヶ月未満),New member,,不明,,,2,8,0,2026-10-02 22:30,2026-10-05 22:30,,,https://www.youtube.com/channel/UCs9hY1_jVQhNK6e0M4OkLSQ
UCZ1za9tsbNsIPWI--1SpxcA,@はるこうハルカ·コード,0,新規(1ヶ月未満),New member,,加賀美ハヤトのメンバーシップ,ギフト,ギフトで加入,2,2,0,2026-10-02 22:30,2026-10-04 22:30,○,○,https://www.youtube.com/channel/UCZ1za9tsbNsIPWI--1SpxcA
UCTUA4pJgRn_V7KFbQKM3pNQ,@沙良-e8i,0,新規(1ヶ月未満),New member,,加賀美ハヤトのメンバーシップ,新規加入,,1,0,0,2026-09-08 22:31,2026-09-08 22:31,○,,https://www.youtube.com/channel/UCTUA4pJgRn_V7KFbQKM3pNQ
UCp0J2w2lR0FoChwsW5a2hcw,@sisk_rfskm,0,新規(1ヶ月未満),New member,,不明,,,1,1,0,2026-09-10 22:00,2026-09-10 22:00,,,https://www.youtube.com/channel/UCp0J2w2lR0FoChwsW5a2hcw
UCVQ1InqP1lMoZBX2cFDdpGA,@はるにゃ-g8k,0,新規(1ヶ月未満),New member,,不明,,,1,3,0,2026-09-10 22:00,2026-09-10 22:00,,,https://www.youtube.com/channel/UCVQ1InqP1lMoZBX2cFDdpGA
UCHSQvKRixiZyVvIyUTio36g,@652-t9x,0,新規(1ヶ月未満),New member,,加賀美ハヤトのメンバーシップ,新規加入,,1,0,0,2026-09-10 22:00,2026-09-10 22:00,○,,https://www.youtube.com/channel/UCHSQvKRixiZyVvIyUTio36g
UCzySmfolMnL2tXHRbxBOZOw,@aina.0803,0,新規(1ヶ月未満),New member,,不明,,,1,1,0,2026-09-12 00:02,2026-09-12 00:02,,,https://www.youtube.com/channel/UCzySmfolMnL2tXHRbxBOZOw
UCxCLFhICJ3ccjgQaxQLNOgQ,@お塩-z3g,0,新規(1ヶ月未満),New member,,加賀美ハヤトのメンバーシップ,ギフト,ギフトで加入,1,2,0,2026-09-12 00:02,2026-09-12 00:02,○,○,https://www.youtube.com/channel/UCxCLFhICJ3ccjgQaxQLNOgQ
UCHeZ_oh1v6YkoidC1Y7mtmw,@satougashi3104,0,新規(1ヶ月未満),New member,,不明,,,1,7,0,2026-09-12 00:02,2026-09-12 00:02,,,https://www.youtube.com/channel/UCHeZ_oh1v6YkoidC1Y7mtmw
UCvGkmMEu4RdBEaqhLHTHI0Q,@meganeoki,0,新規(1ヶ月未満),New member,,不明,,,1,16,2,2026-09-12 00:02,2026-09-12 00:02,,,https://www.youtube.com/channel/UCvGkmMEu4RdBEaqhLHTHI0Q
UCAVnXeZXJRJ9kQCFKPnNs3g,@アライグマ紅葉,0,新規(1ヶ月未満),New member,,加賀美ハヤトのメンバーシップ,ギフト,ギフトで加入,1,1,0,2026-09-12 00:02,2026-09-12 00:02,○,○,https://www.youtube.com/channel/UCAVnXeZXJRJ9kQCFKPnNs3g
UC5Gs7skEuUZhmp8lHJDk0YQ,@niwa-3110,0,新規(1ヶ月未満),New member,,加賀美ハヤトのメンバーシップ,新規加入,,1,0,0,2026-09-12 00:02,2026-09-12 00:02,○,,https://www.youtube.com/channel/UC5Gs7skEuUZhmp8lHJDk0YQ
UC8KbHpYKxFN25KjdxrucEVQ,@kwl_8713,0,新規(1ヶ月未満),New member,,加賀美ハヤトのメンバーシップ,新規加入,,1,0,0,2026-09-12 00:02,2026-09-12 00:02,○,,https://www.youtube.com/channel/UC8KbHpYKxFN25KjdxrucEVQ
UCIx4InWUFjPNEv0HkiFWPOw,@めこ_mekokoko,0,新規(1ヶ月未満),New member,,加賀美ハヤトのメンバーシップ,新規加入,,1,0,0,2026-09-12 00:02,2026-09-12 00:02,○,,https://www.youtube.com/channel/UCIx4InWUFjPNEv0HkiFWPOw
UC9W_J3kLBH9i2DDdyHfGS_Q,@HANPEN-y1k,0,新規(1ヶ月未満),,,加賀美ハヤトのメンバーシップ,ギフト,ギフトで加入,1,0,0,2026-09-12 00:02,2026-09-12 00:02,○,○,https://www.youtube.com/channel/UC9W_J3kLBH9i2DDdyHfGS_Q
UC3Edg2yLEQX5taLB9Mv1w2Q,@tomoneko1616,0,新規(1ヶ月未満),,,加賀美ハヤトのメンバーシップ,ギフト,ギフトで加入,1,0,0,2026-09-12 00:02,2026-09-12 00:02,○,○,https://www.youtube.com/channel/UC3Edg2yLEQX5taLB9Mv1w2Q
UCmsNwko9kp_YEjntgF7pN-g,@あおなのー,0,新規(1ヶ月未満),,,加賀美ハヤトのメンバーシップ,ギフト,ギフトで加入,1,0,0,2026-09-12 00:02,2026-09-12 00:02,○,○,https://www.youtube.com/channel/UCmsNwko9kp_YEjntgF7pN-g
UCDUmxsQT1AIcxJ18yqn0zaQ,@はちやま-s9d,0,新規(1ヶ月未満),,,加賀美ハヤトのメンバーシップ,ギフト,ギフトで加入,1,0,0,2026-09-12 00:02,2026-09-12 00:02,○,○,https://www.youtube.com/channel/UCDUmxsQT1AIcxJ18yqn0zaQ
UCQ30sxTsTO-Tnzc4mrl8mjQ,@ねいる-nail39,0,新規(1ヶ月未満),,,加賀美ハヤトのメンバーシップ,ギフト,ギフトで加入,1,0,0,2026-09-12 00:02,2026-09-12 00:02,○,○,https://www.youtube.com/channel/UCQ30sxTsTO-Tnzc4mrl8mjQ
UCavs7S-NCbkwXySOdN_OvoA,@にとり-k1i,0,新規(1ヶ月未満),,,加賀美ハヤトのメンバーシップ,ギフト,ギフトで加入,1,0,0,2026-09-12 00:02,2026-09-12 00:02,○,○,https://www.youtube.com/channel/UCavs7S-NCbkwXySOdN_OvoA
UCLx8F4A2lsgtqt7koVcPAnw,@takeru09013,0,新規(1ヶ月未満),,,加賀美ハヤトのメンバーシップ,ギフト,ギフトで加入,1,0,0,2026-09-12 00:02,2026-09-12 00:02,○,○,https://www.youtube.com/channel/UCLx8F4A2lsgtqt7koVcPAnw
UC_CzCBBJVXSdHdkS1tDdLUA,@すーめん-w7u,0,新規(1ヶ月未満),,,加賀美ハヤトのメンバーシップ,ギフト,ギフトで加入,1,0,0,2026-09-12 00:02,2026-09-12 00:02,○,○,https://www.youtube.com/channel/UC_CzCBBJVXSdHdkS1tDdLUA
UChVjwvdhKUzIWPjCJL1AMAw,@おびび-vivid_rabbit,0,新規(1ヶ月未満),,,加賀美ハヤトのメンバーシップ,ギフト,ギフトで加入,1,0,0,2026-09-12 00:02,2026-09-12 00:02,○,○,https://www.youtube.com/channel/UChVjwvdhKUzIWPjCJL1AMAw
UCYZNdBnY3sZfzp4plm8JVOw,@つよかん-e4s,0,新規(1ヶ月未満),,,加賀美ハヤトのメンバーシップ,ギフト,ギフトで加入,1,0,0,2026-09-12 00:02,2026-09-12 00:02,○,○,https://www.youtube.com/channel/UCYZNdBnY3sZfzp4plm8JVOw
UC7JwsXW_RMQsxFnEV2uK-Lg,@Myulia-p6x,0,新規(1ヶ月未満),,,加賀美ハヤトのメンバーシップ,ギフト,ギフトで加入,1,0,0,2026-09-12 00:02,2026-09-12 00:02,○,○,https://www.youtube.com/channel/UC7JwsXW_RMQsxFnEV2uK-Lg
UCSrKR-5GLri0WUn0j8781NQ,@Moonlight-End,0,新規(1ヶ月未満),,,加賀美ハヤトのメンバーシップ,ギフト,ギフトで加入,1,0,0,2026-09-12 00:02,2026-09-12 00:02,○,○,https://www.youtube.com/channel/UCSrKR-5GLri0WUn0j8781NQ
UC_QgNM2bHr6CgG8gcisPOag,@瑠珈るか,0,新規(1ヶ月未満),,,加賀美ハヤトのメンバーシップ,ギフト,ギフトで加入,1,0,0,2026-09-12 00:02,2026-09-12 00:02,○,○,https://www.youtube.com/channel/UC_QgNM2bHr6CgG8gcisPOag
UCafOrpxpcK65FfuhQ5-p0Pw,@user-sun3sun3,0,新規(1ヶ月未満),,,加賀美ハヤトのメンバーシップ,ギフト,ギフトで加入,1,0,0,2026-09-12 00:02,2026-09-12 00:02,○,○,https://www.youtube.com/channel/UCafOrpxpcK65FfuhQ5-p0Pw
UC-jFWd933QOF0A-vxkCgv3w,@湯どうふ26,0,新規(1ヶ月未満),,,加賀美ハヤトのメンバーシップ,ギフト,ギフトで加入,1,0,0,2026-09-12 00:02,2026-09-12 00:02,○,○,https://www.youtube.com/channel/UC-jFWd933QOF0A-vxkCgv3w
UC9gW1G-FnzFcFaXZYzzuJsA,@도담2434,0,新規(1ヶ月未満),,,加賀美ハヤトのメンバーシップ,ギフト,ギフトで加入,1,0,0,2026-09-12 00:02,2026-09-12 00:02,○,○,https://www.youtube.com/channel/UC9gW1G-FnzFcFaXZYzzuJsA
UC3ONzI1i6z2SebikZon4_sw,@星龍_アルミホイ龍,0,新規(1ヶ月未満),,,加賀美ハヤトのメンバーシップ,ギフト,ギフトで加入,1,0,0,2026-09-12 00:02,2026-09-12 00:02,○,○,https://www.youtube.com/channel/UC3ONzI1i6z2SebikZon4_sw
UC3GO8YdSh57Yx_ogjUz7yxw,@ユウ-h2h,0,新規(1ヶ月未満),,,加賀美ハヤトのメンバーシップ,ギフト,ギフトで加入,1,0,0,2026-09-12 00:02,2026-09-12 00:02,○,○,https://www.youtube.com/channel/UC3GO8YdSh57Yx_ogjUz7yxw
UCQimzCImWuUJ_qJXYs3aVQQ,@はっけんでん0701,0,新規(1ヶ月未満),,,加賀美ハヤトのメンバーシップ,ギフト,ギフトで加入,1,0,0,2026-09-12 00:02,2026-09-12 00:02,○,○,https://www.youtube.com/channel/UCQimzCImWuUJ_qJXYs3aVQQ
UCSX31ClzlFJ6XzLT-4ctazQ,@yacht5124,0,新規(1ヶ月未満),,,加賀美ハヤトのメンバーシップ,ギフト,ギフトで加入,1,0,0,2026-09-12 00:02,2026-09-12 00:02,○,○,https://www.youtube.com/channel/UCSX31ClzlFJ6XzLT-4ctazQ
UCA2_aifM_f4yDNdybTmUbaA,@あっと百万灰,0,新規(1ヶ月未満),,,加賀美ハヤトのメンバーシップ,ギフト,ギフトで加入,1,0,0,2026-09-12 00:02,2026-09-12 00:02,○,○,https://www.youtube.com/channel/UCA2_aifM_f4yDNdybTmUbaA
UCojf9MEAzuhHSvX85jLdgzQ,@クロ猫-y2z,0,新規(1ヶ月未満),,,加賀美ハヤトのメンバーシップ,ギフト,ギフトで加入,1,0,0,2026-09-12 00:02,2026-09-12 00:02,○,○,https://www.youtube.com/channel/UCojf9MEAzuhHSvX85jLdgzQ
UC6AaP-ZwyBet03_4MaauCpg,@moxi9409,0,新規(1ヶ月未満),,,加賀美ハヤトのメンバーシップ,ギフト,ギフトで加入,1,0,0,2026-09-12 00:02,2026-09-12 00:02,○,○,https://www.youtube.com/channel/UC6AaP-ZwyBet03_4MaauCpg
UC2p_H58M03GjK1oc4uzk3mQ,@lyna3717,0,新規(1ヶ月未満),,,加賀美ハヤトのメンバーシップ,ギフト,ギフトで加入,1,0,0,2026-09-12 00:02,2026-09-12 00:02,○,○,https://www.youtube.com/channel/UC2p_H58M03GjK1oc4uzk3mQ
UC2KnkFG4Wji1oQ5GNFWrzZg,@とっとと-h8z,0,新規(1ヶ月未満),,,加賀美ハヤトのメンバーシップ,ギフト,ギフトで加入,1,0,0,2026-09-12 00:02,2026-09-12 00:02,○,○,https://www.youtube.com/channel/UC2KnkFG4Wji1oQ5GNFWrzZg
UChmR7ECKvPdLuV2Dlpq76uQ,@Sidzuki-224,0,新規(1ヶ月未満),,,加賀美ハヤトのメンバーシップ,ギフト,ギフトで加入,1,0,0,2026-09-12 00:02,2026-09-12 00:02,○,○,https://www.youtube.com/channel/UChmR7ECKvPdLuV2Dlpq76uQ
UC9hqKdYAdt-evIxC0qabUNQ,@おん-m6h,0,新規(1ヶ月未満),,,加賀美ハヤトのメンバーシップ,ギフト,ギフトで加入,1,0,0,2026-09-12 00:02,2026-09-12 00:02,○,○,https://www.youtube.com/channel/UC9hqKdYAdt-evIxC0qabUNQ
UCFnEg3Vqkld5EFTwwWFtDdQ,@あちゃぽん-p4g,0,新規(1ヶ月未満),,,加賀美ハヤトのメンバーシップ,ギフト,ギフトで加入,1,0,0,2026-09-12 00:02,2026-09-12 00:02,○,○,https://www.youtube.com/channel/UCFnEg3Vqkld5EFTwwWFtDdQ
UCEl9wn_OYNV9887CkfMFMiw,@るくっぷ,0,新規(1ヶ月未満),,,加賀美ハヤトのメンバーシップ,ギフト,ギフトで加入,1,0,0,2026-09-12 00:02,2026-09-12 00:02,○,○,https://www.youtube.com/channel/UCEl9wn_OYNV9887CkfMFMiw
UCQgnr9wtOHou2pmTYQvEYkg,@すずおん-q8c,0,新規(1ヶ月未満),,,加賀美ハヤトのメンバーシップ,ギフト,ギフトで加入,1,0,0,2026-09-12 00:02,2026-09-12 00:02,○,○,https://www.youtube.com/channel/UCQgnr9wtOHou2pmTYQvEYkg
UC_sQq2lCsvfAEH1dlpg3Gwg,@はなう-y3i,0,新規(1ヶ月未満),,,加賀美ハヤトのメンバーシップ,ギフト,ギフトで加入,1,0,0,2026-09-12 00:02,2026-09-12 00:02,○,○,https://www.youtube.com/channel/UC_sQq2lCsvfAEH1dlpg3Gwg
UCx2H8Y_urHuKUmbxjuj0tVA,@XZYV_ekuze,0,新規(1ヶ月未満),,,加賀美ハヤトのメンバーシップ,ギフト,ギフトで加入,1,0,0,2026-09-12 00:02,2026-09-12 00:02,○,○,https://www.youtube.com/channel/UCx2H8Y_urHuKUmbxjuj0tVA
UCx5i20cUPKuIo6f_uZOaopQ,@mon-mooon,0,新規(1ヶ月未満),,,加賀美ハヤトのメンバーシップ,ギフト,ギフトで加入,1,0,0,2026-09-12 00:02,2026-09-12 00:02,○,○,https://www.youtube.com/channel/UCx5i20cUPKuIo6f_uZOaopQ
UCXxHjIlwkLXH-vtIa1qmgPg,@pointatinfinity51,0,新規(1ヶ月未満),,,加賀美ハヤトのメンバーシップ,ギフト,ギフトで加入,1,0,0,2026-09-12 00:02,2026-09-12 00:02,○,○,https://www.youtube.com/channel/UCXxHjIlwkLXH-vtIa1qmgPg
UCmyCnWCDiKG3quudb4USZlw,@ひな-l7v3i,0,新規(1ヶ月未満),,,加賀美ハヤトのメンバーシップ,ギフト,ギフトで加入,1,0,0,2026-09-12 00:02,2026-09-12 00:02,○,○,https://www.youtube.com/channel/UCmyCnWCDiKG3quudb4USZlw
UCj7WEMQQMQ2hyGyZQu0xteQ,@이서진-y5c,0,新規(1ヶ月未満),,,加賀美ハヤトのメンバーシップ,ギフト,ギフトで加入,1,0,0,2026-09-12 00:02,2026-09-12 00:02,○,○,https://www.youtube.com/channel/UCj7WEMQQMQ2hyGyZQu0xteQ
UCeKLm3E0PX3GdVN4c7K7pPQ,@仮称あま茶,0,新規(1ヶ月未満),,,加賀美ハヤトのメンバーシップ,ギフト,ギフトで加入,1,0,0,2026-09-12 00:02,2026-09-12 00:02,○,○,https://www.youtube.com/channel/UCeKLm3E0PX3GdVN4c7K7pPQ
UC-caipsXvUY4i8YjGgzd3kg,@お饅獣先輩,0,新規(1ヶ月未満),,,加賀美ハヤトのメンバーシップ,ギフト,ギフトで加入,1,0,0,2026-09-12 00:02,2026-09-12 00:02,○,○,https://www.youtube.com/channel/UC-caipsXvUY4i8YjGgzd3kg
UCCktio5nsLDshHfmkSf7z6w,@ボンレスキャベツ,0,新規(1ヶ月未満),,,加賀美ハヤトのメンバーシップ,ギフト,ギフトで加入,1,0,0,2026-09-12 00:02,2026-09-12 00:02,○,○,https://www.youtube.com/channel/UCCktio5nsLDshHfmkSf7z6w
UCbMzp-xzTzcEKDM-Bk6jDRg,@klorouphyl,0,新規(1ヶ月未満),,,加賀美ハヤトのメンバーシップ,ギフト,ギフトで加入,1,0,0,2026-09-12 00:02,2026-09-12 00:02,○,○,https://www.youtube.com/channel/UCbMzp-xzTzcEKDM-Bk6jDRg
UCbquSjSb5bi3m0HtRLg7ROQ,@ペンタゴンパラダイス-x8k,0,新規(1ヶ月未満),,,加賀美ハヤトのメンバーシップ,ギフト,ギフトで加入,1,0,0,2026-09-12 00:02,2026-09-12 00:02,○,○,https://www.youtube.com/channel/UCbquSjSb5bi3m0HtRLg7ROQ
UCOOHK_H2jPpdyRcsr_zk1bg,@pizzakrzy,0,新規(1ヶ月未満),,,加賀美ハヤトのメンバーシップ,ギフト,ギフトで加入,1,0,0,2026-09-12 00:02,2026-09-12 00:02,○,○,https://www.youtube.com/channel/UCOOHK_H2jPpdyRcsr_zk1bg
UC7lI4P3YvpwFSX78UUdRJlw,@ひーらぎちゃん,0,新規(1ヶ月未満),,,加賀美ハヤトのメンバーシップ,ギフト,ギフトで加入,1,0,0,2026-09-12 00:02,2026-09-12 00:02,○,○,https://www.youtube.com/channel/UC7lI4P3YvpwFSX78UUdRJlw
UCHNMjptoPvN-hcJHv00axng,@mmtw1206,0,新規(1ヶ月未満),,,加賀美ハヤトのメンバーシップ,ギフト,ギフトで加入,1,0,0,2026-09-12 00:02,2026-09-12 00:02,○,○,https://www.youtube.com/channel/UCHNMjptoPvN-hcJHv00axng
UCT6TUkurgJE7mhnczHG9MdA,@刻ヶ崎-もっち,0,新規(1ヶ月未満),,,加賀美ハヤトのメンバーシップ,ギフト,ギフトで加入,1,0,0,2026-09-12 00:02,2026-09-12 00:02,○,○,https://www.youtube.com/channel/UCT6TUkurgJE7mhnczHG9MdA
UCk7PBUDYGyY9lA3UZfEXPuA,@ta1sa,0,新規(1ヶ月未満),,,加賀美ハヤトのメンバーシップ,ギフト,ギフトで加入,1,0,0,2026-09-12 00:02,2026-09-12 00:02,○,○,https://www.youtube.com/channel/UCk7PBUDYGyY9lA3UZfEXPuA
UCx2lhNWR0WZH65JIBpBsGUQ,@アラサーレド,0,新規(1ヶ月未満),,,加賀美ハヤトのメンバーシップ,ギフト,ギフトで加入,1,0,0,2026-09-12 00:02,2026-09-12 00:02,○,○,https://www.youtube.com/channel/UCx2lhNWR0WZH65JIBpBsGUQ
UC3E7Ahg-0UYuQNp8GmR_uoA,@nemumi572,0,新規(1ヶ月未満),,,加賀美ハヤトのメンバーシップ,ギフト,ギフトで加入,1,0,0,2026-09-12 00:02,2026-09-12 00:02,○,○,https://www.youtube.com/channel/UC3E7Ahg-0UYuQNp8GmR_uoA
UCtDVhkzXQX9F-rf5uSoefdg,@大外刈りP太,0,新規(1ヶ月未満),,,加賀美ハヤトのメンバーシップ,ギフト,ギフトで加入,1,0,0,2026-09-12 00:02,2026-09-12 00:02,○,○,https://www.youtube.com/channel/UCtDVhkzXQX9F-rf5uSoefdg
UCPhwSHGpGhv6cS9GBhWjEtA,@赤スパのシャンクス,0,新規(1ヶ月未満),,,加賀美ハヤトのメンバーシップ,ギフト,ギフトで加入,1,0,0,2026-09-12 00:02,2026-09-12 00:02,○,○,https://www.youtube.com/channel/UCPhwSHGpGhv6cS9GBhWjEtA
UCGJGT5z2MTdAtTRz0KJdZXw,@jerky487,0,新規(1ヶ月未満),,,加賀美ハヤトのメンバーシップ,ギフト,ギフトで加入,1,0,0,2026-09-12 00:02,2026-09-12 00:02,○,○,https://www.youtube.com/channel/UCGJGT5z2MTdAtTRz0KJdZXw
UCAxceQyFm4K5MfFAAh9RBDQ,@lemon_juice2,0,新規(1ヶ月未満),,,加賀美ハヤトのメンバーシップ,ギフト,ギフトで加入,1,0,0,2026-09-12 00:02,2026-09-12 00:02,○,○,https://www.youtube.com/channel/UCAxceQyFm4K5MfFAAh9RBDQ
UC4Dz7ChixT0zdhSDxo41Vkg,@みらーじゅ-j7b,0,新規(1ヶ月未満),,,加賀美ハヤトのメンバーシップ,ギフト,ギフトで加入,1,0,0,2026-09-12 00:02,2026-09-12 00:02,○,○,https://www.youtube.com/channel/UC4Dz7ChixT0zdhSDxo41Vkg
UCNywCIKUkEzeFVYIdLnfPNA,@193takahasi,0,新規(1ヶ月未満),,,加賀美ハヤトのメンバーシップ,ギフト,ギフトで加入,1,0,0,2026-09-12 00:02,2026-09-12 00:02,○,○,https://www.youtube.com/channel/UCNywCIKUkEzeFVYIdLnfPNA
UC2squsT2Q64UvrhhLey1DlQ,@omoida-z3d,0,新規(1ヶ月未満),,,加賀美ハヤトのメンバーシップ,ギフト,ギフトで加入,1,0,0,2026-09-12 00:02,2026-09-12 00:02,○,○,https://www.youtube.com/channel/UC2squsT2Q64UvrhhLey1DlQ
UC4whGXhacrs4QSZ5efiKugA,@真矢クロ健康法,0,新規(1ヶ月未満),,,加賀美ハヤトのメンバーシップ,ギフト,ギフトで加入,1,0,0,2026-09-12 00:02,2026-09-12 00:02,○,○,https://www.youtube.com/channel/UC4whGXhacrs4QSZ5efiKugA
UCz02COTrhfMQvUSvX2_3Vtg,@fufufukakaka,0,新規(1ヶ月未満),,,加賀美ハヤトのメンバーシップ,ギフト,ギフトで加入,1,0,0,2026-09-12 00:02,2026-09-12 00:02,○,○,https://www.youtube.com/channel/UCz02COTrhfMQvUSvX2_3Vtg
UC_HL0vFq8yZD8_aLLJ-e3QA,@ao-cha06,0,新規(1ヶ月未満),,,加賀美ハヤトのメンバーシップ,ギフト,ギフトで加入,1,0,0,2026-09-12 00:02,2026-09-12 00:02,○,○,https://www.youtube.com/channel/UC_HL0vFq8yZD8_aLLJ-e3QA
UCXYMpVWEajDNbbVdaKAiHGg,@kobaton-nekosky,0,新規(1ヶ月未満),New member,,加賀美ハヤトのメンバーシップ,新規加入,,1,0,0,2026-09-12 00:02,2026-09-12 00:02,○,,https://www.youtube.com/channel/UCXYMpVWEajDNbbVdaKAiHGg
UC0C6mbqdP7F4Asu4XQxb_kg,@user-wb8sr5zu1f,0,新規(1ヶ月未満),,,加賀美ハヤトのメンバーシップ,ギフト,ギフトで加入,1,0,0,2026-09-12 00:02,2026-09-12 00:02,○,○,https://www.youtube.com/channel/UC0C6mbqdP7F4Asu4XQxb_kg
UCLBzqhXkHLArR1Ti88XOXvw,@JustSolUser,0,新規(1ヶ月未満),,,加賀美ハヤトのメンバーシップ,ギフト,ギフトで加入,1,0,0,2026-09-12 00:02,2026-09-12 00:02,○,○,https://www.youtube.com/channel/UCLBzqhXkHLArR1Ti88XOXvw
UCNo0F3WKxDXpsA7l1nOC65Q,@きなこもち-s9e,0,新規(1ヶ月未満),,,加賀美ハヤトのメンバーシップ,ギフト,ギフトで加入,1,0,0,2026-09-12 00:02,2026-09-12 00:02,○,○,https://www.youtube.com/channel/UCNo0F3WKxDXpsA7l1nOC65Q
UCdBwlartwZCI8GZeTak6zrA,@タイーシャ,0,新規(1ヶ月未満),,,加賀美ハヤトのメンバーシップ,ギフト,ギフトで加入,1,0,0,2026-09-12 00:02,2026-09-12 00:02,○,○,https://www.youtube.com/channel/UCdBwlartwZCI8GZeTak6zrA
UCZSpjnsVSi03hTbX5aSyrWQ,@ざしきわらし-u5c,0,新規(1ヶ月未満),,,加賀美ハヤトのメンバーシップ,ギフト,ギフトで加入,1,0,0,2026-09-12 00:02,2026-09-12 00:02,○,○,https://www.youtube.com/channel/UCZSpjnsVSi03hTbX5aSyrWQ
UCnwr315QyPDRJOu4MvURuXQ,@user-ck3eg8zk8h,0,新規(1ヶ月未満),,,加賀美ハヤトのメンバーシップ,ギフト,ギフトで加入,1,0,0,2026-09-12 00:02,2026-09-12 00:02,○,○,https://www.youtube.com/channel/UCnwr315QyPDRJOu4MvURuXQ
UCLpGYgB3gRi4dJ8Gk3thyRA,@ribu967,0,新規(1ヶ月未満),,,加賀美ハヤトのメンバーシップ,ギフト,ギフトで加入,1,0,0,2026-09-12 00:02,2026-09-12 00:02,○,○,https://www.youtube.com/channel/UCLpGYgB3gRi4dJ8Gk3thyRA
UCRZ9aZzjTczp8dcA5zH2bQQ,@ゆのんちゃんです,0,新規(1ヶ月未満),,,加賀美ハヤトのメンバーシップ,ギフト,ギフトで加入,1,0,0,2026-09-12 00:02,2026-09-12 00:02,○,○,https://www.youtube.com/channel/UCRZ9aZzjTczp8dcA5zH2bQQ
UCOopcsaZ_xUvhvbURw7xpzA,@白u.__082,0,新規(1ヶ月未満),,,加賀美ハヤトのメンバーシップ,ギフト,ギフトで加入,1,0,0,2026-09-12 00:02,2026-09-12 00:02,○,○,https://www.youtube.com/channel/UCOopcsaZ_xUvhvbURw7xpzA
UC9637--Pr9emV5gKJgLBpTg,@jdwpdwm,0,新規(1ヶ月未満),,,加賀美ハヤトのメンバーシップ,ギフト,ギフトで加入,1,0,0,2026-09-12 00:02,2026-09-12 00:02,○,○,https://www.youtube.com/channel/UC9637--Pr9emV5gKJgLBpTg
UC7YNAel-4w5I9dShgjeJ3mw,@sora_0046,0,新規(1ヶ月未満),,,加賀美ハヤトのメンバーシップ,ギフト,ギフトで加入,1,0,0,2026-09-12 00:02,2026-09-12 00:02,○,○,https://www.youtube.com/channel/UC7YNAel-4w5I9dShgjeJ3mw
UCbevqE_j8sn_mA9mV4e9hqQ,@kisado-x9s,0,新規(1ヶ月未満),,,加賀美ハヤトのメンバーシップ,ギフト,ギフトで加入,1,0,0,2026-09-12 00:02,2026-09-12 00:02,○,○,https://www.youtube.com/channel/UCbevqE_j8sn_mA9mV4e9hqQ
UCa-Pv79MGHTxZzfcOOWKP3A,@しろニキ-f6p,0,新規(1ヶ月未満),,,加賀美ハヤトのメンバーシップ,ギフト,ギフトで加入,1,0,0,2026-09-12 00:02,2026-09-12 00:02,○,○,https://www.youtube.com/channel/UCa-Pv79MGHTxZzfcOOWKP3A
UC-htbZOjVfpeLvIbDpmVZcA,@あかしおな,0,新規(1ヶ月未満),,,加賀美ハヤトのメンバーシップ,ギフト,ギフトで加入,1,0,0,2026-09-12 00:02,2026-09-12 00:02,○,○,https://www.youtube.com/channel/UC-htbZOjVfpeLvIbDpmVZcA
UChPDH2ckRely9UaSKm_-lwA,@るりまつり-cape_leadwort,0,新規(1ヶ月未満),,,加賀美ハヤトのメンバーシップ,ギフト,ギフトで加入,1,0,0,2026-09-12 00:02,2026-09-12 00:02,○,○,https://www.youtube.com/channel/UChPDH2ckRely9UaSKm_-lwA
UCQZb6lJljAkACKdk0aJBY5w,@デミー-j5f,0,新規(1ヶ月未満),,,加賀美ハヤトのメンバーシップ,ギフト,ギフトで加入,1,0,0,2026-09-12 00:02,2026-09-12 00:02,○,○,https://www.youtube.com/channel/UCQZb6lJljAkACKdk0aJBY5w
UCPdDklq1qjDVdkmLXydR8aw,@しんどう-b9d,0,新規(1ヶ月未満),,,加賀美ハヤトのメンバーシップ,ギフト,ギフトで加入,1,0,0,2026-09-12 00:02,2026-09-12 00:02,○,○,https://www.youtube.com/channel/UCPdDklq1qjDVdkmLXydR8aw
UCxBrjB_20r724bgu_42Wp1w,@Hinata-m2g3j,0,新規(1ヶ月未満),,,加賀美ハヤトのメンバーシップ,ギフト,ギフトで加入,1,0,0,2026-09-12 00:02,2026-09-12 00:02,○,○,https://www.youtube.com/channel/UCxBrjB_20r724bgu_42Wp1w
UCcWYfIH3hR48Uskya0sDCtw,@おから_0805,0,新規(1ヶ月未満),,,加賀美ハヤトのメンバーシップ,ギフト,ギフトで加入,1,0,0,2026-09-12 00:02,2026-09-12 00:02,○,○,https://www.youtube.com/channel/UCcWYfIH3hR48Uskya0sDCtw
UCqehMQtx3RYRk1FMRtf6yzg,@けきぴー_keki,0,新規(1ヶ月未満),,,加賀美ハヤトのメンバーシップ,ギフト,ギフトで加入,1,0,0,2026-09-12 00:02,2026-09-12 00:02,○,○,https://www.youtube.com/channel/UCqehMQtx3RYRk1FMRtf6yzg
UCDK8vlkk2Vm0cl23oHxCiYw,@under9393-n3g,0,新規(1ヶ月未満),,,加賀美ハヤトのメンバーシップ,ギフト,ギフトで加入,1,0,0,2026-09-12 00:02,2026-09-12 00:02,○,○,https://www.youtube.com/channel/UCDK8vlkk2Vm0cl23oHxCiYw
UCjnw-RHfeMpKMIzn_HcSiMQ,@pito5300,0,新規(1ヶ月未満),,,加賀美ハヤトのメンバーシップ,ギフト,ギフトで加入,1,0,0,2026-09-12 00:02,2026-09-12 00:02,○,○,https://www.youtube.com/channel/UCjnw-RHfeMpKMIzn_HcSiMQ
UCw0p5b3h7DGlbjaUNidnMuQ,@仮性人ふーみん,0,新規(1ヶ月未満),,,加賀美ハヤトのメンバーシップ,ギフト,ギフトで加入,1,0,0,2026-09-12 00:02,2026-09-12 00:02,○,○,https://www.youtube.com/channel/UCw0p5b3h7DGlbjaUNidnMuQ
UCsbIekn51WIzcC7Xt52_B7A,@おじさん-w1j,0,新規(1ヶ月未満),,,加賀美ハヤトのメンバーシップ,ギフト,ギフトで加入,1,0,0,2026-09-12 00:02,2026-09-12 00:02,○,○,https://www.youtube.com/channel/UCsbIekn51WIzcC7Xt52_B7A
UCNcJ07Pevb8RxOnbZo68vmw,@りんご兄さんーー,0,新規(1ヶ月未満),,,加賀美ハヤトのメンバーシップ,ギフト,ギフトで加入,1,0,0,2026-09-12 00:02,2026-09-12 00:02,○,○,https://www.youtube.com/channel/UCNcJ07Pevb8RxOnbZo68vmw
UCKCAm62li2isIjspgsqwoaQ,@れえ-ree,0,新規(1ヶ月未満),,,加賀美ハヤトのメンバーシップ,ギフト,ギフトで加入,1,0,0,2026-09-12 00:02,2026-09-12 00:02,○,○,https://www.youtube.com/channel/UCKCAm62li2isIjspgsqwoaQ
UCWVOZ1gJvh35b3r2WcKE4Tg,@sarasa_sarari,0,新規(1ヶ月未満),,,加賀美ハヤトのメンバーシップ,ギフト,ギフトで加入,1,0,0,2026-09-12 00:02,2026-09-12 00:02,○,○,https://www.youtube.com/channel/UCWVOZ1gJvh35b3r2WcKE4Tg
UCH_e4tvYtWBQPOhPSeIL1MQ,@さくら98,0,新規(1ヶ月未満),,,加賀美ハヤトのメンバーシップ,ギフト,ギフトで加入,1,0,0,2026-09-12 00:02,2026-09-12 00:02,○,○,https://www.youtube.com/channel/UCH_e4tvYtWBQPOhPSeIL1MQ
UCVUnVncIyrGf6UZYKAZ0scA,@金田ももか,0,新規(1ヶ月未満),New member,,加賀美ハヤトのメンバーシップ,新規加入,,1,0,0,2026-09-12 00:02,2026-09-12 00:02,○,,https://www.youtube.com/channel/UCVUnVncIyrGf6UZYKAZ0scA
UCcl6JbHDU3lzdIaK0EgTChA,@arI02as,0,新規(1ヶ月未満),New member,,加賀美ハヤトのメンバーシップ,新規加入,,1,0,0,2026-09-12 23:00,2026-09-12 23:00,○,,https://www.youtube.com/channel/UCcl6JbHDU3lzdIaK0EgTChA
UCDOqefrt4ImCPeQ8R3dFdnQ,@ponkotsupiroko,0,新規(1ヶ月未満),New member,,不明,,,1,2,0,2026-09-15 22:00,2026-09-15 22:00,,,https://www.youtube.com/channel/UCDOqefrt4ImCPeQ8R3dFdnQ
UCFGyv8Syb35Y2-mBjjZzPvQ,@miyuusnow,0,新規(1ヶ月未満),New member,,不明,,,1,1,1,2026-09-15 22:00,2026-09-15 22:00,,,https://www.youtube.com/channel/UCFGyv8Syb35Y2-mBjjZzPvQ
UCnSw3gr5QhGU3s5L2idqsMg,@碧音-z3f,0,新規(1ヶ月未満),New member,,加賀美ハヤトのメンバーシップ,新規加入,,1,1,1,2026-09-15 22:00,2026-09-15 22:00,○,,https://www.youtube.com/channel/UCnSw3gr5QhGU3s5L2idqsMg
UCCQlvGO2RmUknl8FYGjSaqw,@coconanatade,0,新規(1ヶ月未満),New member,,加賀美ハヤトのメンバーシップ,新規加入,,1,0,0,2026-09-15 22:00,2026-09-15 22:00,○,,https://www.youtube.com/channel/UCCQlvGO2RmUknl8FYGjSaqw
UCrAI_7jQFg_apix3xN1_f_A,@chu_natsu429,0,新規(1ヶ月未満),,,加賀美ハヤトのメンバーシップ,ギフト,ギフトで加入,1,0,0,2026-09-17 22:05,2026-09-17 22:05,○,○,https://www.youtube.com/channel/UCrAI_7jQFg_apix3xN1_f_A
UC3QG3SGqD4SS6RSI6UrkcOA,@幸運を運ぶ青いはち,0,新規(1ヶ月未満),,,加賀美ハヤトのメンバーシップ,ギフト,ギフトで加入,1,0,0,2026-09-17 22:05,2026-09-17 22:05,○,○,https://www.youtube.com/channel/UC3QG3SGqD4SS6RSI6UrkcOA
UCxfEe6FhTEoNmF8b0F5fTog,@my1m1,0,新規(1ヶ月未満),,,加賀美ハヤトのメンバーシップ,ギフト,ギフトで加入,1,0,0,2026-09-17 22:05,2026-09-17 22:05,○,○,https://www.youtube.com/channel/UCxfEe6FhTEoNmF8b0F5fTog
UCkwwrFJ1Y1qEVuS2aOp7TBg,@rose_030_yy,0,新規(1ヶ月未満),,,加賀美ハヤトのメンバーシップ,ギフト,ギフトで加入,1,0,0,2026-09-17 22:05,2026-09-17 22:05,○,○,https://www.youtube.com/channel/UCkwwrFJ1Y1qEVuS2aOp7TBg
UCd5xyfv0wZGVGVL96uwizLA,@アルヒ-z5m,0,新規(1ヶ月未満),,,加賀美ハヤトのメンバーシップ,ギフト,ギフトで加入,1,0,0,2026-09-17 22:05,2026-09-17 22:05,○,○,https://www.youtube.com/channel/UCd5xyfv0wZGVGVL96uwizLA
UCuMNol_7SInQhO2aW-tYzSA,@polyommatusicarus208,0,新規(1ヶ月未満),,,加賀美ハヤトのメンバーシップ,ギフト,ギフトで加入,1,0,0,2026-09-17 22:05,2026-09-17 22:05,○,○,https://www.youtube.com/channel/UCuMNol_7SInQhO2aW-tYzSA
UClDZ7lyvQMbAKsiwuf6SsiA,@Sanya_Ux_xU,0,新規(1ヶ月未満),,,加賀美ハヤトのメンバーシップ,ギフト,ギフトで加入,1,0,0,2026-09-17 22:05,2026-09-17 22:05,○,○,https://www.youtube.com/channel/UClDZ7lyvQMbAKsiwuf6SsiA
UCX0CClP7RsRrYQQYu6RQ_jA,@afufudayo,0,新規(1ヶ月未満),,,加賀美ハヤトのメンバーシップ,ギフト,ギフトで加入,1,0,0,2026-09-17 22:05,2026-09-17 22:05,○,○,https://www.youtube.com/channel/UCX0CClP7RsRrYQQYu6RQ_jA
UCqg1aFKPwzPpxCrB3ST60Qg,@toyo0259,0,新規(1ヶ月未満),,,加賀美ハヤトのメンバーシップ,ギフト,ギフトで加入,1,0,0,2026-09-17 22:05,2026-09-17 22:05,○,○,https://www.youtube.com/channel/UCqg1aFKPwzPpxCrB3ST60Qg
UCIkeXD7lgdzT4RNqz1lpmqA,@gerro5499,0,新規(1ヶ月未満),,,加賀美ハヤトのメンバーシップ,ギフト,ギフトで加入,1,0,0,2026-09-17 22:05,2026-09-17 22:05,○,○,https://www.youtube.com/channel/UCIkeXD7lgdzT4RNqz1lpmqA
UC0j9yNwBhK5GdLasnneyxhQ,@KIT_1794,0,新規(1ヶ月未満),,,加賀美ハヤトのメンバーシップ,ギフト,ギフトで加入,1,0,0,2026-09-17 22:05,2026-09-17 22:05,○,○,https://www.youtube.com/channel/UC0j9yNwBhK5GdLasnneyxhQ
UCrtRAJpmfyO-DgnCOBvGz6g,@納豆-natto,0,新規(1ヶ月未満),,,加賀美ハヤトのメンバーシップ,ギフト,ギフトで加入,1,0,0,2026-09-17 22:05,2026-09-17 22:05,○,○,https://www.youtube.com/channel/UCrtRAJpmfyO-DgnCOBvGz6g
UCiGY9MQhOslqTAQPXjZCDXw,@user-8888-ww,0,新規(1ヶ月未満),,,加賀美ハヤトのメンバーシップ,ギフト,ギフトで加入,1,0,0,2026-09-17 22:05,2026-09-17 22:05,○,○,https://www.youtube.com/channel/UCiGY9MQhOslqTAQPXjZCDXw
UCWXeDj0TcTlMId9VGgswhYA,@てるてる49,0,新規(1ヶ月未満),,,加賀美ハヤトのメンバーシップ,ギフト,ギフトで加入,1,0,0,2026-09-17 22:05,2026-09-17 22:05,○,○,https://www.youtube.com/channel/UCWXeDj0TcTlMId9VGgswhYA
UCElLMgtV4ptIE5ze6d4jx3Q,@ソイソース_ザビ,0,新規(1ヶ月未満),,,加賀美ハヤトのメンバーシップ,ギフト,ギフトで加入,1,0,0,2026-09-17 22:05,2026-09-17 22:05,○,○,https://www.youtube.com/channel/UCElLMgtV4ptIE5ze6d4jx3Q
UCtVSEyO06EBvB_P0q49Wm3g,@伊月-n7t,0,新規(1ヶ月未満),New member,,加賀美ハヤトのメンバーシップ,新規加入,,1,0,0,2026-09-18 21:30,2026-09-18 21:30,○,,https://www.youtube.com/channel/UCtVSEyO06EBvB_P0q49Wm3g
UCVAkZMbzMe6PC3UR_CVQYeg,@すぅ-kuro,0,新規(1ヶ月未満),New member,,不明,,,1,2,0,2026-09-22 14:02,2026-09-22 14:02,,,https://www.youtube.com/channel/UCVAkZMbzMe6PC3UR_CVQYeg
UC0_yVkViYZ_xqZm2WcxG9_g,@未風-mikaze,0,新規(1ヶ月未満),New member,,不明,,,1,4,0,2026-09-22 14:02,2026-09-22 14:02,,,https://www.youtube.com/channel/UC0_yVkViYZ_xqZm2WcxG9_g
UCa2ICRIBafAvpgS7MtW54cw,@めり-j8y,0,新規(1ヶ月未満),New member,,不明,,,1,1,0,2026-09-22 14:02,2026-09-22 14:02,,,https://www.youtube.com/channel/UCa2ICRIBafAvpgS7MtW54cw
UCWs6kjBpbX1xO2cz9KvrcZg,@ろく_SDK,0,新規(1ヶ月未満),New member,,不明,,,1,25,0,2026-09-22 14:02,2026-09-22 14:02,,,https://www.youtube.com/channel/UCWs6kjBpbX1xO2cz9KvrcZg
UCdSzP8oZ_zWIct7ke22Ju9g,@changcathay8623,0,新規(1ヶ月未満),New member,,不明,,,1,1,0,2026-09-22 14:02,2026-09-22 14:02,,,https://www.youtube.com/channel/UCdSzP8oZ_zWIct7ke22Ju9g
UCTpGaPrC2OMTFqwpTBpYdMw,@ro-derihi,0,新規(1ヶ月未満),New member,,加賀美ハヤトのメンバーシップ,新規加入,,1,0,0,2026-09-22 14:02,2026-09-22 14:02,○,,https://www.youtube.com/channel/UCTpGaPrC2OMTFqwpTBpYdMw
UCfZg8Brdv3rDnk_X_q5eqXw,@想_810,0,新規(1ヶ月未満),New member,,不明,,,1,1,0,2026-09-24 23:01,2026-09-24 23:01,,,https://www.youtube.com/channel/UCfZg8Brdv3rDnk_X_q5eqXw
UCG3nhRzWPiObP_Zb8WdWKnA,@hayaluz-s9t,0,新規(1ヶ月未満),New member,,不明,,,1,1,0,2026-09-24 23:01,2026-09-24 23:01,,,https://www.youtube.com/channel/UCG3nhRzWPiObP_Zb8WdWKnA
UCdyd7E5HxRXyLYnrWc33IMA,@りら_r19,0,新規(1ヶ月未満),New member,,不明,,,1,12,0,2026-09-24 23:01,2026-09-24 23:01,,,https://www.youtube.com/channel/UCdyd7E5HxRXyLYnrWc33IMA
UC2PFGq37HXma4trZEt71Wfw,@kmmm.0123,0,新規(1ヶ月未満),New member,,不明,,,1,2,0,2026-09-24 23:01,2026-09-24 23:01,,,https://www.youtube.com/channel/UC2PFGq37HXma4trZEt71Wfw
UC97FDfoF1VC6ygDxoz1FCdQ,@こどものおかあさん,0,新規(1ヶ月未満),New member,,不明,,,1,2,0,2026-09-24 23:01,2026-09-24 23:01,,,https://www.youtube.com/channel/UC97FDfoF1VC6ygDxoz1FCdQ
UCC9ZiajlKZ1tH329KsCAhNA,@fuyu_4441wi,0,新規(1ヶ月未満),New member,,不明,,,1,1,0,2026-09-24 23:01,2026-09-24 23:01,,,https://www.youtube.com/channel/UCC9ZiajlKZ1tH329KsCAhNA
UCH9OIeVeoZshcqjYSWuvt7g,@araiguma.anahoru,0,新規(1ヶ月未満),New member,,不明,,,1,65,0,2026-09-26 21:33,2026-09-26 21:33,,,https://www.youtube.com/channel/UCH9OIeVeoZshcqjYSWuvt7g
UCdeZaeEmTCLjWqvQMt-60fA,@kausa_niko,0,新規(1ヶ月未満),New member,,不明,,,1,1,0,2026-09-27 23:00,2026-09-27 23:00,,,https://www.youtube.com/channel/UCdeZaeEmTCLjWqvQMt-60fA
UCUnnUL6G9UTsfV8GMLSI8vA,@衣楼-える,0,新規(1ヶ月未満),,,加賀美ハヤトのメンバーシップ,ギフト,ギフトで加入,1,0,0,2026-09-27 23:00,2026-09-27 23:00,○,○,https://www.youtube.com/channel/UCUnnUL6G9UTsfV8GMLSI8vA
UCmDGZ-bUkwy_iEeN-1uHoEQ,@みけ-d4z,0,新規(1ヶ月未満),New member,,不明,,,1,4,0,2026-10-02 20:00,2026-10-02 20:00,,,https://www.youtube.com/channel/UCmDGZ-bUkwy_iEeN-1uHoEQ
UCCvdyVENjpB4WYAfV-SWcVw,@Kohaku-os,0,新規(1ヶ月未満),New member,,不明,,,1,2,0,2026-10-02 20:00,2026-10-02 20:00,,,https://www.youtube.com/channel/UCCvdyVENjpB4WYAfV-SWcVw
UCvHbb18zg2mXyQ2vj6CthCA,@枕木草子,0,新規(1ヶ月未満),,,加賀美ハヤトのメンバーシップ,ギフト,ギフトで加入,1,0,0,2026-10-02 20:00,2026-10-02 20:00,○,○,https://www.youtube.com/channel/UCvHbb18zg2mXyQ2vj6CthCA
UC_hWRkDsVY_OY0KT2err80Q,@平山来夢-v3p,0,新規(1ヶ月未満),,,加賀美ハヤトのメンバーシップ,ギフト,ギフトで加入,1,0,0,2026-10-02 20:00,2026-10-02 20:00,○,○,https://www.youtube.com/channel/UC_hWRkDsVY_OY0KT2err80Q
UCF75HpTd2kPvDPEbv1o9__A,@カカ-g7o,0,新規(1ヶ月未満),,,加賀美ハヤトのメンバーシップ,ギフト,ギフトで加入,1,0,0,2026-10-02 20:00,2026-10-02 20:00,○,○,https://www.youtube.com/channel/UCF75HpTd2kPvDPEbv1o9__A
UCGO7upBoiBPl4h36tYkXqBQ,@pikepikehouse,0,新規(1ヶ月未満),,,加賀美ハヤトのメンバーシップ,ギフト,ギフトで加入,1,0,0,2026-10-02 20:00,2026-10-02 20:00,○,○,https://www.youtube.com/channel/UCGO7upBoiBPl4h36tYkXqBQ
UCF3svcsZofC0k-82vWZNa0A,@鈴駿すずしゅん,0,新規(1ヶ月未満),,,加賀美ハヤトのメンバーシップ,ギフト,ギフトで加入,1,0,0,2026-10-02 20:00,2026-10-02 20:00,○,○,https://www.youtube.com/channel/UCF3svcsZofC0k-82vWZNa0A
UC44YguHCo4ZzbYuQx87MoPw,@くがる-r6v,0,新規(1ヶ月未満),New member,,不明,,,1,1,0,2026-10-02 22:30,2026-10-02 22:30,,,https://www.youtube.com/channel/UC44YguHCo4ZzbYuQx87MoPw
UCIZpBkn3gWNOo_P1IBA1eaw,@tou1223,0,新規(1ヶ月未満),New member,,不明,,,1,45,0,2026-10-02 22:30,2026-10-02 22:30,,,https://www.youtube.com/channel/UCIZpBkn3gWNOo_P1IBA1eaw
UCuskjtyW3sp7fRBxViWIykw,@まひ_mahi,0,新規(1ヶ月未満),New member,,不明,,,1,1,0,2026-10-02 22:30,2026-10-02 22:30,,,https://www.youtube.com/channel/UCuskjtyW3sp7fRBxViWIykw
UCdS5xDlwIvURilEoMY4VsZA,@テスタロッサFATE,0,新規(1ヶ月未満),New member,,加賀美ハヤトのメンバーシップ,新規加入,,1,0,0,2026-10-02 22:30,2026-10-02 22:30,○,,https://www.youtube.com/channel/UCdS5xDlwIvURilEoMY4VsZA
UCituJoZE1KZ0bYH8H6zO_GA,@amnesia5,0,新規(1ヶ月未満),,,加賀美ハヤトのメンバーシップ,ギフト,ギフトで加入,1,0,0,2026-10-02 22:30,2026-10-02 22:30,○,○,https://www.youtube.com/channel/UCituJoZE1KZ0bYH8H6zO_GA
UC-N_BlLFxT2ecxydijmGRzQ,@shetk,0,新規(1ヶ月未満),,,加賀美ハヤトのメンバーシップ,ギフト,ギフトで加入,1,0,0,2026-10-02 22:30,2026-10-02 22:30,○,○,https://www.youtube.com/channel/UC-N_BlLFxT2ecxydijmGRzQ
UCYpl3Ms4iWQm2m4bQBdYTWQ,@揚出豆腐-v3e,0,新規(1ヶ月未満),,,加賀美ハヤトのメンバーシップ,ギフト,ギフトで加入,1,0,0,2026-10-02 22:30,2026-10-02 22:30,○,○,https://www.youtube.com/channel/UCYpl3Ms4iWQm2m4bQBdYTWQ
UCHdz19bGS_tnkY5MTZl1QlQ,@Aokimochi,0,新規(1ヶ月未満),,,加賀美ハヤトのメンバーシップ,ギフト,ギフトで加入,1,0,0,2026-10-02 22:30,2026-10-02 22:30,○,○,https://www.youtube.com/channel/UCHdz19bGS_tnkY5MTZl1QlQ
UCvS5a4sD-WZa1LNPyTcAbHQ,@Lazlo7002,0,新規(1ヶ月未満),,,加賀美ハヤトのメンバーシップ,ギフト,ギフトで加入,1,0,0,2026-10-02 22:30,2026-10-02 22:30,○,○,https://www.youtube.com/channel/UCvS5a4sD-WZa1LNPyTcAbHQ
UCqyr3ztjn_VpLGSs1S8MB0Q,@Suwa-SX70MARK2,0,新規(1ヶ月未満),,,加賀美ハヤトのメンバーシップ,ギフト,ギフトで加入,1,0,0,2026-10-02 22:30,2026-10-02 22:30,○,○,https://www.youtube.com/channel/UCqyr3ztjn_VpLGSs1S8MB0Q
UCdiDlP3VFLou3s2-4YPssFg,@ochamiya9751,0,新規(1ヶ月未満),,,加賀美ハヤトのメンバーシップ,ギフト,ギフトで加入,1,0,0,2026-10-02 22:30,2026-10-02 22:30,○,○,https://www.youtube.com/channel/UCdiDlP3VFLou3s2-4YPssFg
UCRPUwORlNkQU0iUlthTiq2A,@srproueit,0,新規(1ヶ月未満),,,加賀美ハヤトのメンバーシップ,ギフト,ギフトで加入,1,0,0,2026-10-02 22:30,2026-10-02 22:30,○,○,https://www.youtube.com/channel/UCRPUwORlNkQU0iUlthTiq2A
UCQJbCwMLyibbyBgVnHK-lQg,@らいおん-e1z,0,新規(1ヶ月未満),New member,,加賀美ハヤトのメンバーシップ,ギフト,ギフトで加入,1,2,0,2026-10-04 22:30,2026-10-04 22:30,○,○,https://www.youtube.com/channel/UCQJbCwMLyibbyBgVnHK-lQg
UCB3Js41viLcIZWW2tAKNj4Q,@あるぱか天使クリスマス,0,新規(1ヶ月未満),New member,,不明,,,1,1,0,2026-10-05 22:30,2026-10-05 22:30,,,https://www.youtube.com/channel/UCB3Js41viLcIZWW2tAKNj4Q
UCZ5syvNQu-zw1qJyBSYn3dA,@Yuki-y9p5u,0,新規(1ヶ月未満),New member,,不明,,,1,1,0,2026-10-05 22:30,2026-10-05 22:30,,,https://www.youtube.com/channel/UCZ5syvNQu-zw1qJyBSYn3dA
