channel_id,name,badge_months,badge,badge_tooltip,milestone_months,tier,tier_source,revenue_note,streams_seen,messages,superchats,first_seen,last_seen,joined_in_period,gift_received,url
UCDc5sw7F9jdt_K4hrfolK5Q,@yui_o0725,6,6ヶ月,Member (6 months),,不明,,,37,4787,24,2026-09-09 06:32,2026-10-08 00:00,,,https://www.youtube.com/channel/UCDc5sw7F9jdt_K4hrfolK5Q
UCfwQKkLXlm9mN7ErqFEaWag,@ユズハ-518,6,6ヶ月,Member (6 months),,不明,,,37,9260,29,2026-09-09 06:32,2026-10-08 00:00,,,https://www.youtube.com/channel/UCfwQKkLXlm9mN7ErqFEaWag
UCuQKlYdNl3vLV2HMEnnNQAQ,@イチちゃん,6,6ヶ月,Member (6 months),,不明,,,37,763,50,2026-09-09 06:32,2026-10-08 00:00,,,https://www.youtube.com/channel/UCuQKlYdNl3vLV2HMEnnNQAQ
UCMFtQa1G2ezZcNZU4CPG4mA,@餅ショコラ,6,6ヶ月,Member (6 months),,不明,,,37,5860,2,2026-09-09 06:32,2026-10-08 00:00,,,https://www.youtube.com/channel/UCMFtQa1G2ezZcNZU4CPG4mA
UCY9emNPqAVdnLqV0pNl8d0g,@うちゃんzZoO,6,6ヶ月,Member (6 months),,不明,,,37,6369,4,2026-09-09 06:32,2026-10-08 00:00,,,https://www.youtube.com/channel/UCY9emNPqAVdnLqV0pNl8d0g
UCPefvxZliw5rPiHvTlyUXxw,@こるちゃ27,6,6ヶ月,Member (6 months),,不明,,,36,569,3,2026-09-09 06:32,2026-10-08 00:00,,,https://www.youtube.com/channel/UCPefvxZliw5rPiHvTlyUXxw
UCZnVvn9IV89opVqi9R180OA,@marukome-y5z,6,6ヶ月,Member (6 months),,不明,,,36,211,2,2026-09-09 06:32,2026-10-08 00:00,,,https://www.youtube.com/channel/UCZnVvn9IV89opVqi9R180OA
UCCxGrL0RKmhtV6I9ToEy43w,@サチW6P0,6,6ヶ月,Member (6 months),,不明,,,36,5554,15,2026-09-09 06:32,2026-10-08 00:00,,,https://www.youtube.com/channel/UCCxGrL0RKmhtV6I9ToEy43w
UC7FNgLYNIJQNYebNmXvo7uA,@りりりえ_1013,6,6ヶ月,Member (6 months),,不明,,,36,2615,3,2026-09-09 06:32,2026-10-08 00:00,,,https://www.youtube.com/channel/UC7FNgLYNIJQNYebNmXvo7uA
UChc0wji6tmBkY__6WoLtoGw,@じゅり_72,6,6ヶ月,Member (6 months),,不明,,,36,543,2,2026-09-09 06:32,2026-10-08 00:00,,,https://www.youtube.com/channel/UChc0wji6tmBkY__6WoLtoGw
UCWLRAGg9M43vgsWSvUGgNTw,@てえたん,6,6ヶ月,Member (6 months),,不明,,,35,4288,1,2026-09-09 06:32,2026-10-08 00:00,,,https://www.youtube.com/channel/UCWLRAGg9M43vgsWSvUGgNTw
UCQO8Dn20wCeaLJEcFzPb9HQ,@あやこ-f1,6,6ヶ月,Member (6 months),,不明,,,35,2690,32,2026-09-09 06:32,2026-10-08 00:00,,,https://www.youtube.com/channel/UCQO8Dn20wCeaLJEcFzPb9HQ
UC2bumDT9OIAm7WFvr3muSoA,@彷徨-kanata,6,6ヶ月,Member (6 months),,不明,,,35,189,2,2026-09-09 06:32,2026-10-08 00:00,,,https://www.youtube.com/channel/UC2bumDT9OIAm7WFvr3muSoA
UCulMbELzIqwIcGpZaP9fJHQ,@CHUREO0,6,6ヶ月,Member (6 months),,不明,,,34,1696,25,2026-09-09 06:32,2026-10-08 00:00,,,https://www.youtube.com/channel/UCulMbELzIqwIcGpZaP9fJHQ
UCl-I8WMORGWJfea5cOYF2xg,@菊雄みあ,6,6ヶ月,Member (6 months),,不明,,,33,365,6,2026-09-09 06:32,2026-10-08 00:00,,,https://www.youtube.com/channel/UCl-I8WMORGWJfea5cOYF2xg
UC3lEVN-5Kj79lDbr198g30Q,@とみだ-x6d,6,6ヶ月,Member (6 months),,不明,,,33,1038,30,2026-09-09 06:32,2026-10-08 00:00,,,https://www.youtube.com/channel/UC3lEVN-5Kj79lDbr198g30Q
UC57JFRFE_-xRe4yLvhNbUlQ,@おり-n1k,6,6ヶ月,Member (6 months),,不明,,,31,955,1,2026-09-09 06:32,2026-10-08 00:00,,,https://www.youtube.com/channel/UC57JFRFE_-xRe4yLvhNbUlQ
UCtSTdfpyl7GUo_j_zT-lcdw,@桜もち_o9,6,6ヶ月,Member (6 months),,不明,,,30,1720,2,2026-09-09 06:32,2026-10-08 00:00,,,https://www.youtube.com/channel/UCtSTdfpyl7GUo_j_zT-lcdw
UC4pxdMK7Ug9a61IWNeAtO1g,@Zutchan22,6,6ヶ月,Member (6 months),,不明,,,30,145,0,2026-09-09 06:32,2026-10-08 00:00,,,https://www.youtube.com/channel/UC4pxdMK7Ug9a61IWNeAtO1g
UChwXGMKXjwA_cKFUY_IIlUQ,@しほのちゃ3585,6,6ヶ月,Member (6 months),,不明,,,30,3761,8,2026-09-09 06:32,2026-10-08 00:00,,,https://www.youtube.com/channel/UChwXGMKXjwA_cKFUY_IIlUQ
UCG7QVh8a8QqUqFM_XljEY-w,@新しきtakahiro_01,6,6ヶ月,Member (6 months),,不明,,,30,470,2,2026-09-10 22:04,2026-10-08 00:00,,,https://www.youtube.com/channel/UCG7QVh8a8QqUqFM_XljEY-w
UClDhF9BRuI78XYouBAjvEUQ,@Aria.xr2,6,6ヶ月,Member (6 months),,不明,,,29,385,1,2026-09-09 06:32,2026-10-08 00:00,,,https://www.youtube.com/channel/UClDhF9BRuI78XYouBAjvEUQ
UCKfSiweVxC3r_S1KF9dNwsg,@hmwr8787,6,6ヶ月,Member (6 months),,不明,,,29,154,6,2026-09-09 06:32,2026-10-08 00:00,,,https://www.youtube.com/channel/UCKfSiweVxC3r_S1KF9dNwsg
UCYdpiWZHf8ygXzShOGJWytg,@YKPkum,6,6ヶ月,Member (6 months),,不明,,,29,2297,0,2026-09-09 06:32,2026-10-08 00:00,,,https://www.youtube.com/channel/UCYdpiWZHf8ygXzShOGJWytg
UCkD3_WPVStLT_auuwvLmiYg,@まーてぃん_dorayaki69,6,6ヶ月,Member (6 months),,不明,,,28,667,5,2026-09-09 06:32,2026-10-07 06:32,,,https://www.youtube.com/channel/UCkD3_WPVStLT_auuwvLmiYg
UCMLkLGUJdNSxeySTA7v0RMg,@maf__toiregirigiri,6,6ヶ月,Member (6 months),,不明,,,28,577,2,2026-09-10 22:04,2026-10-08 00:00,,,https://www.youtube.com/channel/UCMLkLGUJdNSxeySTA7v0RMg
UCKMuSa84d1bizuYCMdUEE7Q,@nemuyk206,6,6ヶ月,Member (6 months),,不明,,,27,1140,1,2026-09-09 06:32,2026-10-08 00:00,,,https://www.youtube.com/channel/UCKMuSa84d1bizuYCMdUEE7Q
UCcH_l28qdyyXndXVCaL-pzw,@karin_かりん,6,6ヶ月,Member (6 months),,不明,,,27,153,6,2026-09-10 22:04,2026-10-08 00:00,,,https://www.youtube.com/channel/UCcH_l28qdyyXndXVCaL-pzw
UCVGgOwZ9da4UD3xTGCrXFaQ,@R3Ore0o,6,6ヶ月,Member (6 months),,不明,,,26,710,2,2026-09-09 06:32,2026-10-08 00:00,,,https://www.youtube.com/channel/UCVGgOwZ9da4UD3xTGCrXFaQ
UCJrjpv96ByV7FIhyKZU2GHA,@kasumi-y8l,6,6ヶ月,Member (6 months),,不明,,,25,226,3,2026-09-09 06:32,2026-10-08 00:00,,,https://www.youtube.com/channel/UCJrjpv96ByV7FIhyKZU2GHA
UCHGJ7C5jfTxWhQg6RLvf9Kg,@saryu1521,6,6ヶ月,Member (6 months),,不明,,,25,165,0,2026-09-09 06:32,2026-10-07 06:32,,,https://www.youtube.com/channel/UCHGJ7C5jfTxWhQg6RLvf9Kg
UCILj-ekvMRq8HE089AT9qBg,@えみる-p7i,6,6ヶ月,Member (6 months),,不明,,,25,2949,4,2026-09-10 22:04,2026-10-08 00:00,,,https://www.youtube.com/channel/UCILj-ekvMRq8HE089AT9qBg
UCfItqPBJYq9fUb4FnBnlTpA,@ayano_626,6,6ヶ月,Member (6 months),,不明,,,24,168,1,2026-09-09 06:32,2026-10-08 00:00,,,https://www.youtube.com/channel/UCfItqPBJYq9fUb4FnBnlTpA
UCX3xZj8tq0u7UidXbNMEJtg,@ぴん-So0,6,6ヶ月,Member (6 months),,不明,,,24,95,1,2026-09-09 06:32,2026-10-05 06:32,,,https://www.youtube.com/channel/UCX3xZj8tq0u7UidXbNMEJtg
UC8CoUHP8zmp4vJoBhPJkBlA,@leaf_aoi1226,6,6ヶ月,Member (6 months),,不明,,,24,87,1,2026-09-10 22:04,2026-10-08 00:00,,,https://www.youtube.com/channel/UC8CoUHP8zmp4vJoBhPJkBlA
UCVuVd2BArtsBHvDAgIYV0BA,@みき-b4g,6,6ヶ月,Member (6 months),,不明,,,23,96,2,2026-09-09 06:32,2026-10-05 06:32,,,https://www.youtube.com/channel/UCVuVd2BArtsBHvDAgIYV0BA
UC_BbVyDymy8BHdfioj6RTpw,@ふゆか0o,6,6ヶ月,Member (6 months),,不明,,,22,101,0,2026-09-09 06:32,2026-10-05 21:02,,,https://www.youtube.com/channel/UC_BbVyDymy8BHdfioj6RTpw
UCJrmnBUwTSncvyRu_8uSx5Q,@まなみん6_6,6,6ヶ月,Member (6 months),,不明,,,22,98,23,2026-09-09 06:32,2026-10-06 21:02,,,https://www.youtube.com/channel/UCJrmnBUwTSncvyRu_8uSx5Q
UCYzA3D5kgrGuiBy3P3brzfw,@Cuklur-i,6,6ヶ月,Member (6 months),,不明,,,22,58,0,2026-09-10 22:04,2026-10-06 21:02,,,https://www.youtube.com/channel/UCYzA3D5kgrGuiBy3P3brzfw
UCHJjMymPtOWfRuO2-7nKdow,@inr_minchan,6,6ヶ月,Member (6 months),,不明,,,22,222,10,2026-09-10 22:04,2026-10-06 21:02,,,https://www.youtube.com/channel/UCHJjMymPtOWfRuO2-7nKdow
UCyK8lebJdNwYmdxlBkEbc6w,@purin-8-vi5,6,6ヶ月,Member (6 months),,不明,,,22,400,0,2026-09-10 22:04,2026-10-08 00:00,,,https://www.youtube.com/channel/UCyK8lebJdNwYmdxlBkEbc6w
UC15qwSjglmvqjbTQitxGfxw,@るるlu_lu,6,6ヶ月,Member (6 months),,不明,,,21,203,3,2026-09-09 06:32,2026-10-07 06:32,,,https://www.youtube.com/channel/UC15qwSjglmvqjbTQitxGfxw
UCZUgklh4oA0nX0tAMzXQjBA,@たんたたん_8ks,6,6ヶ月,Member (6 months),,不明,,,21,129,0,2026-09-09 06:32,2026-10-08 00:00,,,https://www.youtube.com/channel/UCZUgklh4oA0nX0tAMzXQjBA
UCNyvUEfmDBtQgWOXUrvPPqQ,@nayu_ta_0o,6,6ヶ月,Member (6 months),,不明,,,21,462,24,2026-09-10 22:04,2026-10-08 00:00,,,https://www.youtube.com/channel/UCNyvUEfmDBtQgWOXUrvPPqQ
UCRxRmPj7HpKs2IdQAYX2zQg,@saaameee-chan,6,6ヶ月,Member (6 months),,不明,,,21,150,1,2026-09-13 21:01,2026-10-08 00:00,,,https://www.youtube.com/channel/UCRxRmPj7HpKs2IdQAYX2zQg
UCMWiin7BOz-1aaNSYhcxWUw,@ヒメコzzz,6,6ヶ月,Member (6 months),9,れおとらいぶ,マイルストーン,,20,346,7,2026-09-09 06:32,2026-10-07 06:32,,,https://www.youtube.com/channel/UCMWiin7BOz-1aaNSYhcxWUw
UCzGzKRRlIBqeRKGRv4QTIwg,@エビエビうみ,6,6ヶ月,Member (6 months),,不明,,,20,127,7,2026-09-09 06:32,2026-10-05 06:32,,,https://www.youtube.com/channel/UCzGzKRRlIBqeRKGRv4QTIwg
UCFZBU0lBBr1zFlm-_a5EQWA,@すずかy08,6,6ヶ月,Member (6 months),,不明,,,20,201,2,2026-09-09 06:32,2026-10-08 00:00,,,https://www.youtube.com/channel/UCFZBU0lBBr1zFlm-_a5EQWA
UCsHDKgAsg1nh6USNYr1KI-A,@ちはやた,6,6ヶ月,Member (6 months),,不明,,,20,239,0,2026-09-10 22:04,2026-10-08 00:00,,,https://www.youtube.com/channel/UCsHDKgAsg1nh6USNYr1KI-A
UC8HSFOLS_T7Wte8d6eF7CIg,@ikot_イコト,6,6ヶ月,Member (6 months),,不明,,,20,725,5,2026-09-11 06:32,2026-10-08 00:00,,,https://www.youtube.com/channel/UC8HSFOLS_T7Wte8d6eF7CIg
UCRzM_F4U-bdkVD6gt49mf0w,@yoccolate,6,6ヶ月,Member (6 months),,不明,,,19,58,0,2026-09-09 06:32,2026-10-06 21:02,,,https://www.youtube.com/channel/UCRzM_F4U-bdkVD6gt49mf0w
UCs1PROTq5jk0IAzy-9CJBGw,@夜空yozora_813,6,6ヶ月,Member (6 months),,不明,,,19,50,0,2026-09-09 06:32,2026-10-05 21:02,,,https://www.youtube.com/channel/UCs1PROTq5jk0IAzy-9CJBGw
UCsYDEi4ri3kmcvpYludOiYQ,@令鳥火華,6,6ヶ月,Member (6 months),,不明,,,19,89,0,2026-09-11 06:32,2026-10-08 00:00,,,https://www.youtube.com/channel/UCsYDEi4ri3kmcvpYludOiYQ
UCyT4fGl1dM1GnBnrtUuR4iQ,@あやか-inu,6,6ヶ月,Member (6 months),,不明,,,18,301,17,2026-09-09 06:32,2026-10-07 06:32,,,https://www.youtube.com/channel/UCyT4fGl1dM1GnBnrtUuR4iQ
UCrhDt8Um8bR67wDLBHWQufQ,@mochimaki9509,6,6ヶ月,Member (6 months),,不明,,,18,97,0,2026-09-09 06:32,2026-10-07 06:32,,,https://www.youtube.com/channel/UCrhDt8Um8bR67wDLBHWQufQ
UCrf4bmItuPRJiV_JW5il7wg,@めーたん-s2z,6,6ヶ月,Member (6 months),,不明,,,18,426,0,2026-09-09 06:32,2026-10-05 06:32,,,https://www.youtube.com/channel/UCrf4bmItuPRJiV_JW5il7wg
UCPp-b4zK5qpgViHG6rjiIjA,@アサ-u2l,6,6ヶ月,Member (6 months),,不明,,,18,29,0,2026-09-11 22:10,2026-10-08 00:00,,,https://www.youtube.com/channel/UCPp-b4zK5qpgViHG6rjiIjA
UCKhv3pG9-RevDZNPxbpShzg,@S_Mat,6,6ヶ月,Member (6 months),,不明,,,17,191,2,2026-09-09 06:32,2026-10-05 21:02,,,https://www.youtube.com/channel/UCKhv3pG9-RevDZNPxbpShzg
UC9tuDDwvdoFc14E6RC8QaZQ,@knd_WAO,6,6ヶ月,Member (6 months),,不明,,,17,111,1,2026-09-10 22:04,2026-10-05 21:02,,,https://www.youtube.com/channel/UC9tuDDwvdoFc14E6RC8QaZQ
UCRzR14ntG8EfSffWUJNc-Ew,@yukimin-h6o,6,6ヶ月,Member (6 months),,不明,,,16,1214,2,2026-09-09 06:32,2026-10-07 06:32,,,https://www.youtube.com/channel/UCRzR14ntG8EfSffWUJNc-Ew
UCuY_X9w4NBndym-KbFo9qaA,@あいかちゃん_s2,6,6ヶ月,Member (6 months),,不明,,,16,378,1,2026-09-09 06:32,2026-10-07 06:32,,,https://www.youtube.com/channel/UCuY_X9w4NBndym-KbFo9qaA
UC_DcFnXTL6ptR8a6oDKWYdw,@Fushigikun,6,6ヶ月,Member (6 months),,れおとらいぶ,再加入/レベル変更（2026-09-08）,,16,73,8,2026-09-09 06:32,2026-10-05 06:32,,,https://www.youtube.com/channel/UC_DcFnXTL6ptR8a6oDKWYdw
UCeLdYrHl_cBjZBc63SUzazQ,@はむこ-t1r,6,6ヶ月,Member (6 months),,不明,,,16,116,0,2026-09-09 06:32,2026-10-08 00:00,,,https://www.youtube.com/channel/UCeLdYrHl_cBjZBc63SUzazQ
UCGU6-378wEHiOCMCbIEPexQ,@lycopene_とまと,6,6ヶ月,Member (6 months),,不明,,,16,65,4,2026-09-09 06:32,2026-10-07 06:32,,,https://www.youtube.com/channel/UCGU6-378wEHiOCMCbIEPexQ
UCcDpVCWfCHctNAjBb_4zurA,@みつキング1230-m3v,6,6ヶ月,Member (6 months),,不明,,,16,106,12,2026-09-10 22:04,2026-10-06 21:02,,,https://www.youtube.com/channel/UCcDpVCWfCHctNAjBb_4zurA
UCs-gtUzsx71YMMTw8nOOJBQ,@kico_0k,6,6ヶ月,Member (6 months),,不明,,,16,100,0,2026-09-10 22:04,2026-10-08 00:00,,,https://www.youtube.com/channel/UCs-gtUzsx71YMMTw8nOOJBQ
UCoE_el48-L4ySFWIKyw6kFg,@えゆ._.0o,6,6ヶ月,Member (6 months),,不明,,,16,232,1,2026-09-10 22:04,2026-10-08 00:00,,,https://www.youtube.com/channel/UCoE_el48-L4ySFWIKyw6kFg
UCRWFB9iUlecpDgurwHJnu8A,@ssssplare,6,6ヶ月,Member (6 months),,不明,,,16,31,0,2026-09-11 22:10,2026-10-07 06:32,,,https://www.youtube.com/channel/UCRWFB9iUlecpDgurwHJnu8A
UCZnNkJVwxnq4O4bB-rL9mFw,@user-uusan,6,6ヶ月,Member (6 months),,不明,,,16,184,0,2026-09-13 21:01,2026-10-05 06:32,,,https://www.youtube.com/channel/UCZnNkJVwxnq4O4bB-rL9mFw
UC3k8JJaUmk5deWvZojl0Ncw,@Jhe_ジェ,6,6ヶ月,Member (6 months),,不明,,,15,30,0,2026-09-10 22:04,2026-10-08 00:00,,,https://www.youtube.com/channel/UC3k8JJaUmk5deWvZojl0Ncw
UCwW2GridBl3rZPHD6XQdirQ,@つくし__oO,6,6ヶ月,Member (6 months),,不明,,,14,41,0,2026-09-09 06:32,2026-10-07 06:32,,,https://www.youtube.com/channel/UCwW2GridBl3rZPHD6XQdirQ
UC08C3-7o_-5PI4B-Wooc6cw,@tsuki_UoxoU,6,6ヶ月,Member (6 months),,不明,,,14,54,2,2026-09-10 22:04,2026-10-08 00:00,,,https://www.youtube.com/channel/UC08C3-7o_-5PI4B-Wooc6cw
UCxz6nYHJspEpGKwvJWlc1mg,@kanikama-bk,6,6ヶ月,Member (6 months),,不明,,,14,23,0,2026-09-10 22:04,2026-10-04 12:03,,,https://www.youtube.com/channel/UCxz6nYHJspEpGKwvJWlc1mg
UCVXgpMNw4YyJp1C3JTy068A,@姫猫xQx,6,6ヶ月,Member (6 months),,不明,,,13,107,1,2026-09-09 06:32,2026-10-06 21:02,,,https://www.youtube.com/channel/UCVXgpMNw4YyJp1C3JTy068A
UCVuTny22js4bUeHySJZ09gg,@uzomuzo_1214,6,6ヶ月,Member (6 months),,不明,,,13,46,0,2026-09-09 06:32,2026-10-07 06:32,,,https://www.youtube.com/channel/UCVuTny22js4bUeHySJZ09gg
UCWsgPIhSXJF0F4EyErnn6kg,@L_glutamine,6,6ヶ月,Member (6 months),,不明,,,13,90,0,2026-09-09 06:32,2026-10-03 22:03,,,https://www.youtube.com/channel/UCWsgPIhSXJF0F4EyErnn6kg
UCay_v1umWbn5eMSp-sdFz1A,@Na__1127_ra,6,6ヶ月,Member (6 months),,不明,,,13,46,2,2026-09-13 22:47,2026-10-06 21:02,,,https://www.youtube.com/channel/UCay_v1umWbn5eMSp-sdFz1A
UC4O4vataUSejVbaetU05e-A,@かすたーどくりーむたいやき,6,6ヶ月,Member (6 months),,不明,,,12,118,0,2026-09-09 06:32,2026-10-05 21:02,,,https://www.youtube.com/channel/UC4O4vataUSejVbaetU05e-A
UCvQ1VmQAIcYxtXOAZGzC48w,@実-m6g,6,6ヶ月,Member (6 months),,不明,,,12,395,2,2026-09-09 06:32,2026-10-08 00:00,,,https://www.youtube.com/channel/UCvQ1VmQAIcYxtXOAZGzC48w
UCaRi8_fPqLFFHldS8ikzPsQ,@1230まはる,6,6ヶ月,Member (6 months),,不明,,,12,282,0,2026-09-10 22:04,2026-10-06 21:02,,,https://www.youtube.com/channel/UCaRi8_fPqLFFHldS8ikzPsQ
UCQRNL7aRFhMUzOTd3C0rv_w,@HANA_702ღ,6,6ヶ月,Member (6 months),8,れおとらいぶ,マイルストーン,,12,74,1,2026-09-11 22:10,2026-09-29 21:01,,,https://www.youtube.com/channel/UCQRNL7aRFhMUzOTd3C0rv_w
UCs8QQnvlo3z_zE4j7FVDafg,@ユキたん-c7f,6,6ヶ月,Member (6 months),,不明,,,12,272,0,2026-09-11 22:10,2026-09-29 21:01,,,https://www.youtube.com/channel/UCs8QQnvlo3z_zE4j7FVDafg
UCg8LhNRIJIua0k97IDw0i8A,@ひねこ-11,6,6ヶ月,Member (6 months),,不明,,,11,41,1,2026-09-09 06:32,2026-10-08 00:00,,,https://www.youtube.com/channel/UCg8LhNRIJIua0k97IDw0i8A
UCubt2sUF0t2edl_gKNHaAFw,@さやか-u5c,6,6ヶ月,Member (6 months),,不明,,,11,68,1,2026-09-10 22:04,2026-10-08 00:00,,,https://www.youtube.com/channel/UCubt2sUF0t2edl_gKNHaAFw
UCG4vrqRdl4wAfCtkFEuwzjw,@伊ちゃんだよ,6,6ヶ月,Member (6 months),,不明,,,11,43,5,2026-09-10 22:04,2026-10-06 21:02,,,https://www.youtube.com/channel/UCG4vrqRdl4wAfCtkFEuwzjw
UCY61_QzqP8oBKUWhLqzvHsA,@夜譜-e5r,6,6ヶ月,Member (6 months),,不明,,,11,14,0,2026-09-10 22:04,2026-10-05 06:32,,,https://www.youtube.com/channel/UCY61_QzqP8oBKUWhLqzvHsA
UCgdP68bWtaBknHteJj6tdwA,@anigi777,6,6ヶ月,Member (6 months),,不明,,,11,83,1,2026-09-13 22:47,2026-10-08 00:00,,,https://www.youtube.com/channel/UCgdP68bWtaBknHteJj6tdwA
UCb16xD9fZPGSocrlYWBdfYQ,@まりん-o6d,6,6ヶ月,Member (6 months),,不明,,,10,50,1,2026-09-10 22:04,2026-10-05 06:32,,,https://www.youtube.com/channel/UCb16xD9fZPGSocrlYWBdfYQ
UCDBxGUE0n4Cz3G2-EAf-2Xg,@頑張郎-Ganbbb,6,6ヶ月,Member (6 months),,不明,,,10,20,0,2026-09-11 06:32,2026-10-08 00:00,,,https://www.youtube.com/channel/UCDBxGUE0n4Cz3G2-EAf-2Xg
UCQ8sJQozbY0e6ogQ_M8ySnw,@霧-w1p,6,6ヶ月,Member (6 months),,不明,,,10,23,0,2026-09-11 06:32,2026-10-07 06:32,,,https://www.youtube.com/channel/UCQ8sJQozbY0e6ogQ_M8ySnw
UCHRLRv2bkPU-3y5Fb9GUydQ,@ろんろん-j3y,6,6ヶ月,Member (6 months),,不明,,,10,102,1,2026-09-13 22:47,2026-10-06 21:02,,,https://www.youtube.com/channel/UCHRLRv2bkPU-3y5Fb9GUydQ
UCRVNevctxDrse6nDUL08zAQ,@Sqkurqneko,6,6ヶ月,Member (6 months),,不明,,,10,84,1,2026-09-18 20:00,2026-10-05 06:32,,,https://www.youtube.com/channel/UCRVNevctxDrse6nDUL08zAQ
UCzsQq1M8XDMOWnp_10OEgYw,@むーーー0404,6,6ヶ月,Member (6 months),,不明,,,9,13,1,2026-09-09 06:32,2026-10-06 21:02,,,https://www.youtube.com/channel/UCzsQq1M8XDMOWnp_10OEgYw
UCmKtIKwaahpSPSis8Tn88Dg,@森木林,6,6ヶ月,Member (6 months),,不明,,,9,10,0,2026-09-09 06:32,2026-10-05 21:02,,,https://www.youtube.com/channel/UCmKtIKwaahpSPSis8Tn88Dg
UC75OyGo4OoEL9usFkYZxx2A,@meloragiii,6,6ヶ月,Member (6 months),,不明,,,9,23,0,2026-09-10 22:04,2026-10-05 21:02,,,https://www.youtube.com/channel/UC75OyGo4OoEL9usFkYZxx2A
UC43RF3MQDMyXm1NrN8zDzlg,@so_yonn,6,6ヶ月,Member (6 months),,不明,,,9,11,0,2026-09-10 22:04,2026-10-05 21:02,,,https://www.youtube.com/channel/UC43RF3MQDMyXm1NrN8zDzlg
UCTamKNcVrzecIpGu54lswtw,@kisaragi_nyqn,6,6ヶ月,Member (6 months),,不明,,,9,150,2,2026-09-11 06:32,2026-10-08 00:00,,,https://www.youtube.com/channel/UCTamKNcVrzecIpGu54lswtw
UCJVAhHLHqICoEyoQeY5dIQg,@lune1004,6,6ヶ月,Member (6 months),,不明,,,9,23,0,2026-09-11 06:32,2026-10-05 21:02,,,https://www.youtube.com/channel/UCJVAhHLHqICoEyoQeY5dIQg
UCcoLW_x9lof4VE-PoLUdtbQ,@藤紫-ssr,6,6ヶ月,Member (6 months),,不明,,,9,319,1,2026-09-11 22:10,2026-10-08 00:00,,,https://www.youtube.com/channel/UCcoLW_x9lof4VE-PoLUdtbQ
UCqY2L8w_rB39sSNC1he4yuQ,@さいは_sm2,6,6ヶ月,Member (6 months),,不明,,,9,43,0,2026-09-13 22:47,2026-10-03 22:03,,,https://www.youtube.com/channel/UCqY2L8w_rB39sSNC1he4yuQ
UCps-nKAVlk-2iuu4EqDvKnQ,@IoriAmasaki601,6,6ヶ月,Member (6 months),,不明,,,9,24,1,2026-09-14 06:32,2026-10-08 00:00,,,https://www.youtube.com/channel/UCps-nKAVlk-2iuu4EqDvKnQ
UC4cV3mPcgrjyf3FCdkhXU3A,@あんころもちッ,6,6ヶ月,Member (6 months),,不明,,,8,9,0,2026-09-09 06:32,2026-10-05 06:32,,,https://www.youtube.com/channel/UC4cV3mPcgrjyf3FCdkhXU3A
UCn92qkg7AeFA0ZosJNNH1gw,@koro__mochi-d7m,6,6ヶ月,Member (6 months),,不明,,,8,11,0,2026-09-09 06:32,2026-10-07 06:32,,,https://www.youtube.com/channel/UCn92qkg7AeFA0ZosJNNH1gw
UCnhpUGt4-7QPXxQ2mJBlCNQ,@omochi_mogmog,6,6ヶ月,Member (6 months),,不明,,,8,434,0,2026-09-10 22:04,2026-10-06 21:02,,,https://www.youtube.com/channel/UCnhpUGt4-7QPXxQ2mJBlCNQ
UCHFqvcquwQ6ydJT3I-e6nsA,@るるた-w9m,6,6ヶ月,Member (6 months),,不明,,,8,44,0,2026-09-18 21:01,2026-10-06 21:02,,,https://www.youtube.com/channel/UCHFqvcquwQ6ydJT3I-e6nsA
UCCxS-Bd8Uppt0szKff-jg1A,@yuri_kuma09,6,6ヶ月,Member (6 months),,不明,,,7,12,2,2026-09-09 06:32,2026-09-29 06:32,,,https://www.youtube.com/channel/UCCxS-Bd8Uppt0szKff-jg1A
UC6seqbhOwvi9PyXpiWNZ9TA,@みはっと,6,6ヶ月,Member (6 months),,不明,,,7,64,0,2026-09-09 06:32,2026-09-23 21:01,,,https://www.youtube.com/channel/UC6seqbhOwvi9PyXpiWNZ9TA
UCWs3kP8x3wUXK8ThLzzJn-g,@きいちご-b1v,6,6ヶ月,Member (6 months),,不明,,,7,87,0,2026-09-09 06:32,2026-10-08 00:00,,,https://www.youtube.com/channel/UCWs3kP8x3wUXK8ThLzzJn-g
UCai2i0TzxSgoM7J4Z7hV7lg,@3pink_o_o1,6,6ヶ月,Member (6 months),,不明,,,7,62,0,2026-09-09 06:32,2026-10-07 06:32,,,https://www.youtube.com/channel/UCai2i0TzxSgoM7J4Z7hV7lg
UCuDgjrfQ2H0UWWns61frsRg,@ポン-q1c,6,6ヶ月,Member (6 months),,不明,,,7,10,0,2026-09-09 06:32,2026-09-25 06:32,,,https://www.youtube.com/channel/UCuDgjrfQ2H0UWWns61frsRg
UCtfy5DMer3ojzYC6fSpDODg,@しのぐ-o5I9,6,6ヶ月,Member (6 months),,不明,,,7,112,1,2026-09-10 22:04,2026-09-24 05:04,,,https://www.youtube.com/channel/UCtfy5DMer3ojzYC6fSpDODg
UCMVlO53pNbGhxBJoRax3UJQ,@piyocchi,6,6ヶ月,Member (6 months),,不明,,,7,36,0,2026-09-10 22:04,2026-10-03 22:03,,,https://www.youtube.com/channel/UCMVlO53pNbGhxBJoRax3UJQ
UC7kh_6Vc8j8_lnvckdidBOA,@さえ.72,6,6ヶ月,Member (6 months),,不明,,,7,9,2,2026-09-10 22:04,2026-09-25 22:01,,,https://www.youtube.com/channel/UC7kh_6Vc8j8_lnvckdidBOA
UCCW7lNzTT98XbsoDtn7J5QA,@モブ山モブ男-k4y,6,6ヶ月,Member (6 months),,不明,,,7,15,0,2026-09-11 06:32,2026-10-07 06:32,,,https://www.youtube.com/channel/UCCW7lNzTT98XbsoDtn7J5QA
UCzhOi_i_-4g5WaSDW8j0Usg,@りりりりり-l1m,6,6ヶ月,Member (6 months),,不明,,,7,35,0,2026-09-11 06:32,2026-10-07 06:32,,,https://www.youtube.com/channel/UCzhOi_i_-4g5WaSDW8j0Usg
UC74GLJ30eVmG2wD-arKp99Q,@ちぴちゃん-OqO,6,6ヶ月,Member (6 months),,不明,,,7,38,0,2026-09-11 22:10,2026-09-27 20:02,,,https://www.youtube.com/channel/UC74GLJ30eVmG2wD-arKp99Q
UCrorKfzQpgSQjCcvgoRgPmg,@サラ-h2e,6,6ヶ月,Member (6 months),,不明,,,7,56,0,2026-09-11 22:10,2026-09-30 06:32,,,https://www.youtube.com/channel/UCrorKfzQpgSQjCcvgoRgPmg
UCmu7ebj1_BDGRB69lfCijhw,@Loiz712,6,6ヶ月,Member (6 months),,不明,,,7,9,1,2026-09-13 21:01,2026-10-08 00:00,,,https://www.youtube.com/channel/UCmu7ebj1_BDGRB69lfCijhw
UC5kLmNOX1kPVxBoH4xVzFOw,@イェリンyerin,6,6ヶ月,Member (6 months),,不明,,,7,10,0,2026-09-16 06:32,2026-10-05 06:32,,,https://www.youtube.com/channel/UC5kLmNOX1kPVxBoH4xVzFOw
UCexmKL2yDDvUTfgRHBShgnw,@riririo_りお,6,6ヶ月,Member (6 months),,不明,,,6,6,1,2026-09-09 06:32,2026-09-30 06:32,,,https://www.youtube.com/channel/UCexmKL2yDDvUTfgRHBShgnw
UCs12QfvQaG5Uo_jMQA6V7dQ,@温-v8e,6,6ヶ月,Member (6 months),,不明,,,6,11,0,2026-09-09 06:32,2026-09-21 20:32,,,https://www.youtube.com/channel/UCs12QfvQaG5Uo_jMQA6V7dQ
UCa5NDXv9azyBKOeJ6y7MXWw,@あっきーO72,6,6ヶ月,Member (6 months),11,れおとらいぶ,マイルストーン,,6,25,0,2026-09-09 06:32,2026-10-02 06:32,,,https://www.youtube.com/channel/UCa5NDXv9azyBKOeJ6y7MXWw
UCYYsnBUSbed5PR_oXtUzTFA,@ll_nmnm2,6,6ヶ月,Member (6 months),,不明,,,6,44,0,2026-09-10 22:04,2026-09-26 21:01,,,https://www.youtube.com/channel/UCYYsnBUSbed5PR_oXtUzTFA
UC3P2ZRepaV3WKwhD-1lONEQ,@ゆゆ_7211,6,6ヶ月,Member (6 months),,不明,,,6,36,0,2026-09-10 22:04,2026-10-05 21:02,,,https://www.youtube.com/channel/UC3P2ZRepaV3WKwhD-1lONEQ
UCVDPa4nXbZAxCHZeQpUx8OA,@mm.7102,6,6ヶ月,Member (6 months),,不明,,,6,7,0,2026-09-10 22:04,2026-10-01 21:01,,,https://www.youtube.com/channel/UCVDPa4nXbZAxCHZeQpUx8OA
UCHzV7XhnWNmplEN0tkEfnYg,@Fuyuki-13,6,6ヶ月,Member (6 months),,不明,,,6,164,0,2026-09-11 22:10,2026-10-08 00:00,,,https://www.youtube.com/channel/UCHzV7XhnWNmplEN0tkEfnYg
UCH7Sdnnuk7XdUEyHPHM4Nkw,@hiiiiro_o,6,6ヶ月,Member (6 months),,不明,,,6,55,2,2026-09-13 21:01,2026-09-27 20:02,,,https://www.youtube.com/channel/UCH7Sdnnuk7XdUEyHPHM4Nkw
UCYzIkOizqABL60rJfAF0YKQ,@すう_0orr,6,6ヶ月,Member (6 months),,不明,,,6,24,3,2026-09-13 21:01,2026-09-25 22:01,,,https://www.youtube.com/channel/UCYzIkOizqABL60rJfAF0YKQ
UC_zRZoa8crnpZMOVujV3dwQ,@YOSI-z6z,6,6ヶ月,Member (6 months),,不明,,,6,8,0,2026-09-13 22:47,2026-10-02 06:32,,,https://www.youtube.com/channel/UC_zRZoa8crnpZMOVujV3dwQ
UCuHTFuODr5Y-gay4F3aTiPQ,@morio-l4t,6,6ヶ月,Member (6 months),,不明,,,6,13,1,2026-09-14 06:32,2026-10-02 06:32,,,https://www.youtube.com/channel/UCuHTFuODr5Y-gay4F3aTiPQ
UCMkR9HPJEZOgAixWXiPvVdg,@はらMi,6,6ヶ月,Member (6 months),,不明,,,6,8,0,2026-09-15 21:04,2026-10-05 21:02,,,https://www.youtube.com/channel/UCMkR9HPJEZOgAixWXiPvVdg
UCgDyDbsaau-fbcXcG1oH2tg,@-sasatuki-7491,6,6ヶ月,Member (6 months),,不明,,,6,34,0,2026-09-16 06:32,2026-10-03 22:03,,,https://www.youtube.com/channel/UCgDyDbsaau-fbcXcG1oH2tg
UCWmCiyvmcv1kAmRepzwSq8Q,@AG-gon,6,6ヶ月,Member (6 months),,不明,,,6,119,0,2026-09-16 06:32,2026-09-30 06:32,,,https://www.youtube.com/channel/UCWmCiyvmcv1kAmRepzwSq8Q
UCEWMBaGXcDGktHr5JhM6Q2g,@imust94,6,6ヶ月,Member (6 months),,不明,,,6,15,1,2026-09-18 06:32,2026-10-07 06:32,,,https://www.youtube.com/channel/UCEWMBaGXcDGktHr5JhM6Q2g
UC1bBfRY8Hsz0Ev-SFRko0Ug,@りつ-q4j,6,6ヶ月,Member (6 months),,不明,,,6,74,0,2026-09-18 21:01,2026-10-02 06:32,,,https://www.youtube.com/channel/UC1bBfRY8Hsz0Ev-SFRko0Ug
UCbDFds-pSoPM2Vwm7hHjx9w,@なっつ_Nattsu,6,6ヶ月,Member (6 months),,不明,,,5,81,0,2026-09-09 06:32,2026-10-07 06:32,,,https://www.youtube.com/channel/UCbDFds-pSoPM2Vwm7hHjx9w
UCBKI2_Ncu9w_f163WXWHupw,@もっちゃり先生,6,6ヶ月,Member (6 months),,不明,,,5,14,0,2026-09-10 22:04,2026-10-02 06:32,,,https://www.youtube.com/channel/UCBKI2_Ncu9w_f163WXWHupw
UC2HoXTCQOkDxNBNBhn3hZAg,@chipi_64,6,6ヶ月,Member (6 months),,れおとらいぶ,再加入/レベル変更,,5,12,0,2026-09-10 22:04,2026-10-02 06:32,,,https://www.youtube.com/channel/UC2HoXTCQOkDxNBNBhn3hZAg
UCA6anxM5kP1ZuQbRRSA6FnQ,@さら-upoqu_xxx,6,6ヶ月,Member (6 months),9,れおとらいぶ,マイルストーン,,5,3,2,2026-09-10 22:04,2026-10-05 21:02,,,https://www.youtube.com/channel/UCA6anxM5kP1ZuQbRRSA6FnQ
UCN4leHphhEO-pBaQSyVOEAw,@shion_krhm,6,6ヶ月,Member (6 months),,不明,,,5,10,0,2026-09-12 22:01,2026-09-26 21:01,,,https://www.youtube.com/channel/UCN4leHphhEO-pBaQSyVOEAw
UCXPbmznKWCFg0vwx7ebqzRw,@yu3939_,6,6ヶ月,Member (6 months),,不明,,,5,59,0,2026-09-12 22:01,2026-09-26 21:01,,,https://www.youtube.com/channel/UCXPbmznKWCFg0vwx7ebqzRw
UCP0pvtaeFnwaUgaGxRjJwUQ,@noe_lzzz,6,6ヶ月,Member (6 months),,不明,,,5,63,2,2026-09-13 21:01,2026-10-02 06:32,,,https://www.youtube.com/channel/UCP0pvtaeFnwaUgaGxRjJwUQ
UCoI_VgB56ZK_eYbXAk29M5g,@iZea_,6,6ヶ月,Member (6 months),,不明,,,5,11,0,2026-09-15 21:04,2026-10-08 00:00,,,https://www.youtube.com/channel/UCoI_VgB56ZK_eYbXAk29M5g
UC5WBthKvGR2wk3LsU7G8ltw,@wishful_oden,6,6ヶ月,Member (6 months),,不明,,,5,34,2,2026-09-18 20:00,2026-10-05 21:02,,,https://www.youtube.com/channel/UC5WBthKvGR2wk3LsU7G8ltw
UCAStvkuHEWAOKbaFyeTO28Q,@うみ-o0umi,6,6ヶ月,Member (6 months),,不明,,,5,15,0,2026-09-18 21:01,2026-10-05 21:02,,,https://www.youtube.com/channel/UCAStvkuHEWAOKbaFyeTO28Q
UCkB6OSPv8MU9bTMy2wVALPw,@konpeitou_1010,6,6ヶ月,Member (6 months),,不明,,,5,28,0,2026-09-21 20:32,2026-10-08 00:00,,,https://www.youtube.com/channel/UCkB6OSPv8MU9bTMy2wVALPw
UCOVD17tMWJMhDdDDsu8gKfw,@蒼井あい-s6m,6,6ヶ月,Member (6 months),,不明,,,4,15,2,2026-09-09 06:32,2026-10-07 06:32,,,https://www.youtube.com/channel/UCOVD17tMWJMhDdDDsu8gKfw
UC2GF7zErwxUB1zPMaDZg3dA,@i52317,6,6ヶ月,Member (6 months),,不明,,,4,13,0,2026-09-09 06:32,2026-10-02 06:32,,,https://www.youtube.com/channel/UC2GF7zErwxUB1zPMaDZg3dA
UC24PwWlKd_89ibDmOS89O-g,@yunhui3053,6,6ヶ月,Member (6 months),,不明,,,4,16,0,2026-09-10 22:04,2026-09-18 21:01,,,https://www.youtube.com/channel/UC24PwWlKd_89ibDmOS89O-g
UCP_J3cMdeNp7xUlgcbHswKQ,@라푸Lapu,6,6ヶ月,Member (6 months),,不明,,,4,7,0,2026-09-10 22:04,2026-10-08 00:00,,,https://www.youtube.com/channel/UCP_J3cMdeNp7xUlgcbHswKQ
UCLsBjCsOXUzCsERFtfAP29Q,@miu_s2oo,6,6ヶ月,Member (6 months),,不明,,,4,74,0,2026-09-10 22:04,2026-10-04 12:03,,,https://www.youtube.com/channel/UCLsBjCsOXUzCsERFtfAP29Q
UCzsjWiMBv6LZhwHB_BiLsmw,@にゃんにゃんねこたろう,6,6ヶ月,Member (6 months),,不明,,,4,7,0,2026-09-11 06:32,2026-10-02 06:32,,,https://www.youtube.com/channel/UCzsjWiMBv6LZhwHB_BiLsmw
UC8D_wb1f88-9iLb6F5QaYvg,@ytkn0313,6,6ヶ月,Member (6 months),,不明,,,4,13,3,2026-09-11 06:32,2026-10-07 06:32,,,https://www.youtube.com/channel/UC8D_wb1f88-9iLb6F5QaYvg
UCgqTIxWQM6IuR3TEhFdp_6w,@vgnk424,6,6ヶ月,Member (6 months),,不明,,,4,78,0,2026-09-11 22:10,2026-09-25 22:01,,,https://www.youtube.com/channel/UCgqTIxWQM6IuR3TEhFdp_6w
UCsNZx4A8QALAJ0MXqb6N04A,@una6954,6,6ヶ月,Member (6 months),,不明,,,4,9,0,2026-09-11 22:10,2026-09-26 21:01,,,https://www.youtube.com/channel/UCsNZx4A8QALAJ0MXqb6N04A
UCqdz00xhrgMj_y8btS2OF0g,@ゆせ_luv.sp08,6,6ヶ月,Member (6 months),,不明,,,4,13,0,2026-09-15 21:04,2026-09-25 06:32,,,https://www.youtube.com/channel/UCqdz00xhrgMj_y8btS2OF0g
UCZdUSmfFSnIH-NO8HvBsZ0Q,@hikari-928,6,6ヶ月,Member (6 months),,不明,,,4,79,0,2026-09-15 21:04,2026-10-06 21:02,,,https://www.youtube.com/channel/UCZdUSmfFSnIH-NO8HvBsZ0Q
UCpkJa-LEUUcr7FDKJsg8STg,@ru_kirameki,6,6ヶ月,Member (6 months),,不明,,,4,16,0,2026-09-16 06:32,2026-10-07 06:32,,,https://www.youtube.com/channel/UCpkJa-LEUUcr7FDKJsg8STg
UCIxPSN22KbEhgGsX13ZNgCQ,@sol.meronpan,6,6ヶ月,Member (6 months),,不明,,,4,127,2,2026-09-18 06:32,2026-09-30 06:32,,,https://www.youtube.com/channel/UCIxPSN22KbEhgGsX13ZNgCQ
UCIPf4xrgabTk1IuChJiVkSA,@Luka-12055,6,6ヶ月,Member (6 months),,不明,,,4,9,0,2026-09-18 06:32,2026-10-02 06:32,,,https://www.youtube.com/channel/UCIPf4xrgabTk1IuChJiVkSA
UCTBROOKh8lE5iZPfLkKG0wA,@メロンベリーニ,6,6ヶ月,Member (6 months),,不明,,,4,14,0,2026-09-18 06:32,2026-10-03 22:03,,,https://www.youtube.com/channel/UCTBROOKh8lE5iZPfLkKG0wA
UCtT4ySGkclIyU9BMgCAmZdg,@あいあい-e9k-z7w,6,6ヶ月,Member (6 months),,不明,,,4,9,3,2026-09-18 20:00,2026-09-25 06:32,,,https://www.youtube.com/channel/UCtT4ySGkclIyU9BMgCAmZdg
UCjREBSDcIqEwKv-9jFRl7pw,@miyochandesuyo,6,6ヶ月,Member (6 months),,不明,,,4,48,3,2026-09-18 21:01,2026-09-25 06:32,,,https://www.youtube.com/channel/UCjREBSDcIqEwKv-9jFRl7pw
UCOm9GC02o5ERAyeShlw-0Fg,@さゆ_ro,6,6ヶ月,Member (6 months),,不明,,,4,13,0,2026-09-18 21:01,2026-10-03 22:03,,,https://www.youtube.com/channel/UCOm9GC02o5ERAyeShlw-0Fg
UCRKTgNKWhuejuTBIAiS_syg,@kurusu-iiii,6,6ヶ月,Member (6 months),,不明,,,4,25,3,2026-09-21 20:32,2026-10-03 22:03,,,https://www.youtube.com/channel/UCRKTgNKWhuejuTBIAiS_syg
UCkrT1U2ncb_CLlUf5RUU0OQ,@ぺろ_ちゃん,6,6ヶ月,Member (6 months),,不明,,,4,50,1,2026-09-25 06:32,2026-09-30 06:32,,,https://www.youtube.com/channel/UCkrT1U2ncb_CLlUf5RUU0OQ
UC2VBH40Z3V-1qRKiBZT7riQ,@温泉たまご-x6w,6,6ヶ月,Member (6 months),,不明,,,4,21,0,2026-09-25 22:01,2026-10-08 00:00,,,https://www.youtube.com/channel/UC2VBH40Z3V-1qRKiBZT7riQ
UC14OLGhmLKNLdfZM_uSdDeg,@おやすみ-f1q,6,6ヶ月,Member (6 months),,不明,,,3,7,0,2026-09-09 06:32,2026-09-18 21:01,,,https://www.youtube.com/channel/UC14OLGhmLKNLdfZM_uSdDeg
UCJkyB5Otii8PrFV9Ciz96Lw,@kisaSsss1030,6,6ヶ月,Member (6 months),,不明,,,3,3,0,2026-09-09 06:32,2026-10-02 06:32,,,https://www.youtube.com/channel/UCJkyB5Otii8PrFV9Ciz96Lw
UCg_wu9nCw2lcF1GFfoo7qFA,@uni_udon,6,6ヶ月,Member (6 months),,不明,,,3,3,0,2026-09-09 06:32,2026-09-18 20:00,,,https://www.youtube.com/channel/UCg_wu9nCw2lcF1GFfoo7qFA
UCY7fD0KMUz_0Ajp6ta7bB5w,@うな-h6z,6,6ヶ月,Member (6 months),,不明,,,3,31,0,2026-09-10 22:04,2026-09-18 21:01,,,https://www.youtube.com/channel/UCY7fD0KMUz_0Ajp6ta7bB5w
UCH7HleAH8G2f7tiPDhnSZFw,@suishaa,6,6ヶ月,Member (6 months),,不明,,,3,4,0,2026-09-10 22:04,2026-09-22 21:00,,,https://www.youtube.com/channel/UCH7HleAH8G2f7tiPDhnSZFw
UCyqpt9k5DlTqD5J2rh8LBbQ,@0mame_ちゃんぴな,6,6ヶ月,Member (6 months),,不明,,,3,4,0,2026-09-11 06:32,2026-09-25 22:01,,,https://www.youtube.com/channel/UCyqpt9k5DlTqD5J2rh8LBbQ
UCHk1R6KxUGekZQwT6XyZiJA,@ななcham_7,6,6ヶ月,Member (6 months),,不明,,,3,3,2,2026-09-11 06:32,2026-09-29 06:32,,,https://www.youtube.com/channel/UCHk1R6KxUGekZQwT6XyZiJA
UCcW2X5Z7R4LubFh_6gb6J0g,@うに._xx,6,6ヶ月,Member (6 months),,不明,,,3,4,0,2026-09-11 06:32,2026-09-25 06:32,,,https://www.youtube.com/channel/UCcW2X5Z7R4LubFh_6gb6J0g
UCJEBu14Giwz1EUKYJOy5xXA,@かみやま-y3v,6,6ヶ月,Member (6 months),,不明,,,3,11,0,2026-09-11 22:10,2026-10-07 06:32,,,https://www.youtube.com/channel/UCJEBu14Giwz1EUKYJOy5xXA
UC7mNowtnjV9GcFnnFfzUg4w,@gachi_muchi_ぶろっkoly,6,6ヶ月,Member (6 months),,不明,,,3,9,0,2026-09-13 21:01,2026-09-25 22:01,,,https://www.youtube.com/channel/UC7mNowtnjV9GcFnnFfzUg4w
UCb5i1GCoTmrJ0dUVGk9GSgg,@ベアゴエール,6,6ヶ月,Member (6 months),,不明,,,3,3,0,2026-09-13 21:01,2026-09-18 20:00,,,https://www.youtube.com/channel/UCb5i1GCoTmrJ0dUVGk9GSgg
UCQr3Fp0uE1tFgE-d8SH0oVw,@shu_bo-25,6,6ヶ月,Member (6 months),,不明,,,3,3,0,2026-09-13 21:01,2026-09-29 06:32,,,https://www.youtube.com/channel/UCQr3Fp0uE1tFgE-d8SH0oVw
UCJeRxyMfHIDv-ReCVuSnvBg,@よっしー-f7u,6,6ヶ月,Member (6 months),11,れおとらいぶ,マイルストーン,,3,18,1,2026-09-14 06:32,2026-09-30 06:32,,,https://www.youtube.com/channel/UCJeRxyMfHIDv-ReCVuSnvBg
UCNNzdMN0o_l9fI0mDlY_SjQ,@ちょみさき,6,6ヶ月,Member (6 months),,不明,,,3,24,0,2026-09-15 21:04,2026-09-26 21:01,,,https://www.youtube.com/channel/UCNNzdMN0o_l9fI0mDlY_SjQ
UC5coo-jEfaejRe6z_DcdbEQ,@りずむ-p8v,6,6ヶ月,Member (6 months),,不明,,,3,28,0,2026-09-15 21:04,2026-10-04 12:03,,,https://www.youtube.com/channel/UC5coo-jEfaejRe6z_DcdbEQ
UCgDnkO8WdLg3uDsdyJfCpvw,@Chocolate-vine72,6,6ヶ月,Member (6 months),,不明,,,3,4,2,2026-09-16 06:32,2026-09-26 21:01,,,https://www.youtube.com/channel/UCgDnkO8WdLg3uDsdyJfCpvw
UCrJmT35nELWiDD2u8jEyvYg,@CHOCO_1170,6,6ヶ月,Member (6 months),,不明,,,3,3,1,2026-09-16 06:32,2026-10-07 06:32,,,https://www.youtube.com/channel/UCrJmT35nELWiDD2u8jEyvYg
UCwDbgptvbfl-LZh5-jTlvYA,@プレミアム甘熟王みお,6,6ヶ月,Member (6 months),11,れおとらいぶ,マイルストーン,,3,7,0,2026-09-18 06:32,2026-09-23 06:36,,,https://www.youtube.com/channel/UCwDbgptvbfl-LZh5-jTlvYA
UCiXke50a7RtXd3tAe2pu8nw,@senri_1027,6,6ヶ月,Member (6 months),,不明,,,3,13,0,2026-09-18 06:32,2026-09-22 21:00,,,https://www.youtube.com/channel/UCiXke50a7RtXd3tAe2pu8nw
UC2T8JvlIT9rlzkbTyo4ANIg,@せな_0o,6,6ヶ月,Member (6 months),11,れおとらいぶ,マイルストーン,,3,8,1,2026-09-18 20:00,2026-09-22 21:00,,,https://www.youtube.com/channel/UC2T8JvlIT9rlzkbTyo4ANIg
UCrY-VIDd82TwYt6fR1JTwpA,@sayaendo_zzz,6,6ヶ月,Member (6 months),,不明,,,3,33,0,2026-09-18 20:00,2026-09-21 20:32,,,https://www.youtube.com/channel/UCrY-VIDd82TwYt6fR1JTwpA
UCoJXiXpnda_DjwPO5EWMvKw,@Rial-mv,6,6ヶ月,Member (6 months),,不明,,,3,11,1,2026-09-18 20:00,2026-09-24 05:04,,,https://www.youtube.com/channel/UCoJXiXpnda_DjwPO5EWMvKw
UCx4pyknpRHW8y91RzKdXCcA,@reeo_0o,6,6ヶ月,Member (6 months),,不明,,,3,80,2,2026-09-18 20:00,2026-09-22 21:00,,,https://www.youtube.com/channel/UCx4pyknpRHW8y91RzKdXCcA
UCDOMJ77l2rBOkduGr5H46QQ,@ニックはぁん,6,6ヶ月,Member (6 months),,不明,,,3,17,1,2026-09-18 21:01,2026-10-03 22:03,,,https://www.youtube.com/channel/UCDOMJ77l2rBOkduGr5H46QQ
UCAiVXa7yTwMU5AJZ369GHpg,@suya____zzzzz,6,6ヶ月,Member (6 months),,不明,,,2,3,0,2026-09-09 06:32,2026-09-30 06:32,,,https://www.youtube.com/channel/UCAiVXa7yTwMU5AJZ369GHpg
UC-jtv-aknO8OijUDLpStlTw,@con__som7,6,6ヶ月,Member (6 months),,不明,,,2,22,0,2026-09-09 06:32,2026-09-10 22:04,,,https://www.youtube.com/channel/UC-jtv-aknO8OijUDLpStlTw
UC_9NrkO6eHH2aEIJsLUjj1w,@みぁUxU,6,6ヶ月,Member (6 months),,不明,,,2,2,0,2026-09-09 06:32,2026-09-21 06:34,,,https://www.youtube.com/channel/UC_9NrkO6eHH2aEIJsLUjj1w
UCuu8ZslV_uZuNzAU0LVjHAQ,@333hiyori_0o,6,6ヶ月,Member (6 months),11,れおとらいぶ,マイルストーン,,2,1,0,2026-09-11 06:32,2026-09-30 06:32,,,https://www.youtube.com/channel/UCuu8ZslV_uZuNzAU0LVjHAQ
UC3MfjnNYeSn2XczvqWvmEcA,@たまき-9v9,6,6ヶ月,Member (6 months),,不明,,,2,7,0,2026-09-11 06:32,2026-10-04 12:03,,,https://www.youtube.com/channel/UC3MfjnNYeSn2XczvqWvmEcA
UCrTiY5xWkvNSj1Y5uo5QA0A,@ひいな-17,6,6ヶ月,Member (6 months),,不明,,,2,2,0,2026-09-11 06:32,2026-09-25 06:32,,,https://www.youtube.com/channel/UCrTiY5xWkvNSj1Y5uo5QA0A
UCjMmi_I7YCgGO_KHNgafLEQ,@yuchi-t6t,6,6ヶ月,Member (6 months),,不明,,,2,2,0,2026-09-11 06:32,2026-09-18 21:01,,,https://www.youtube.com/channel/UCjMmi_I7YCgGO_KHNgafLEQ
UC332ZcCBlGPg6vPs3hIlwwQ,@てとか-ttk,6,6ヶ月,Member (6 months),,不明,,,2,4,0,2026-09-11 22:10,2026-09-14 06:32,,,https://www.youtube.com/channel/UC332ZcCBlGPg6vPs3hIlwwQ
UCRO0oQBIqlJCWiGb6IFNB0Q,@ゆあゆー,6,6ヶ月,Member (6 months),,不明,,,2,55,0,2026-09-12 22:01,2026-10-08 00:00,,,https://www.youtube.com/channel/UCRO0oQBIqlJCWiGb6IFNB0Q
UCvUWOPPcMZ1xN7cJy9trgqg,@komori-kiri,6,6ヶ月,Member (6 months),,不明,,,2,35,0,2026-09-12 22:01,2026-09-14 22:02,,,https://www.youtube.com/channel/UCvUWOPPcMZ1xN7cJy9trgqg
UCJv_pU2XMQWRDhkEytxpjow,@りすこカスP.7941,6,6ヶ月,Member (6 months),,不明,,,2,3,1,2026-09-14 06:32,2026-09-18 21:01,,,https://www.youtube.com/channel/UCJv_pU2XMQWRDhkEytxpjow
UChw1DOTAuyi9C7QmZA0jgvA,@はなまるちゃそ_b,6,6ヶ月,Member (6 months),,不明,,,2,2,0,2026-09-15 21:04,2026-09-25 06:32,,,https://www.youtube.com/channel/UChw1DOTAuyi9C7QmZA0jgvA
UCfPw-jHHwsH5VVdGDRXUAUQ,@ねの_nyq16,6,6ヶ月,Member (6 months),,不明,,,2,5,0,2026-09-15 21:04,2026-10-06 21:02,,,https://www.youtube.com/channel/UCfPw-jHHwsH5VVdGDRXUAUQ
UC23BZKrNZWUygEBPRlnWBRw,@しろくま-d4r,6,6ヶ月,Member (6 months),,不明,,,2,5,0,2026-09-16 06:32,2026-09-18 06:32,,,https://www.youtube.com/channel/UC23BZKrNZWUygEBPRlnWBRw
UCn2Jf-r8iSmT5932a8K3aZA,@miyu3279,6,6ヶ月,Member (6 months),,不明,,,2,3,0,2026-09-16 06:32,2026-09-18 20:00,,,https://www.youtube.com/channel/UCn2Jf-r8iSmT5932a8K3aZA
UCnDO12iQryKrq2ZsKzYNqQA,@おこめ-t8x,6,6ヶ月,Member (6 months),,不明,,,2,7,0,2026-09-18 06:32,2026-09-24 05:04,,,https://www.youtube.com/channel/UCnDO12iQryKrq2ZsKzYNqQA
UCfxlNy7y1AIxNSk02BX296g,@になニナ-l5q,6,6ヶ月,Member (6 months),,不明,,,2,11,0,2026-09-18 06:32,2026-09-24 05:04,,,https://www.youtube.com/channel/UCfxlNy7y1AIxNSk02BX296g
UChCDbnkIcpZA8HxfmGXuQ_w,@ふうs2_u08,6,6ヶ月,Member (6 months),,不明,,,2,8,2,2026-09-18 06:32,2026-09-18 21:01,,,https://www.youtube.com/channel/UChCDbnkIcpZA8HxfmGXuQ_w
UCph6ID9LCAmf7hwtWJ2US5A,@愛-117,6,6ヶ月,Member (6 months),,不明,,,2,7,0,2026-09-18 20:00,2026-09-25 22:01,,,https://www.youtube.com/channel/UCph6ID9LCAmf7hwtWJ2US5A
UCVOJ4V5179dMCuhgW_d3vNw,@シャチの朝,6,6ヶ月,Member (6 months),,不明,,,2,9,0,2026-09-18 20:00,2026-09-22 21:00,,,https://www.youtube.com/channel/UCVOJ4V5179dMCuhgW_d3vNw
UC5DSnmGuKI_RRwTRdb8vphg,@みぃ3393,6,6ヶ月,Member (6 months),,不明,,,2,4,0,2026-09-18 20:00,2026-09-21 06:34,,,https://www.youtube.com/channel/UC5DSnmGuKI_RRwTRdb8vphg
UC8JdS24S0OpLuJAO_FBSGxQ,@ハニ-c2o,6,6ヶ月,Member (6 months),,不明,,,2,46,0,2026-09-18 20:00,2026-09-27 20:02,,,https://www.youtube.com/channel/UC8JdS24S0OpLuJAO_FBSGxQ
UCRqApaUBuMCksxzLVj66Npg,@あやちゃん-f5j,6,6ヶ月,Member (6 months),,不明,,,2,52,2,2026-09-18 21:01,2026-09-22 21:00,,,https://www.youtube.com/channel/UCRqApaUBuMCksxzLVj66Npg
UC8Lkskvx6xPGsHpvVTsL0Hw,@すい-p9k2l,6,6ヶ月,Member (6 months),,不明,,,2,2,2,2026-09-18 21:01,2026-10-07 06:32,,,https://www.youtube.com/channel/UC8Lkskvx6xPGsHpvVTsL0Hw
UCCjvgm7jN_zUURdJwVgiowQ,@chkrrrp,6,6ヶ月,Member (6 months),,不明,,,2,4,0,2026-09-21 20:32,2026-09-26 21:01,,,https://www.youtube.com/channel/UCCjvgm7jN_zUURdJwVgiowQ
UC9gPd36q0q8LHLfBHy2HIiQ,@deboleC,6,6ヶ月,Member (6 months),,不明,,,2,2,0,2026-09-23 21:01,2026-10-03 22:03,,,https://www.youtube.com/channel/UC9gPd36q0q8LHLfBHy2HIiQ
UCDed5nJMo_HlTD4gr77fc7Q,@ななななっつん,6,6ヶ月,Member (6 months),,不明,,,2,4,0,2026-09-24 05:04,2026-09-27 20:02,,,https://www.youtube.com/channel/UCDed5nJMo_HlTD4gr77fc7Q
UCHJDCIyJg2_CDG65qVW0pDA,@すず-reo72,6,6ヶ月,Member (6 months),,不明,,,2,17,0,2026-09-24 05:04,2026-09-26 21:01,,,https://www.youtube.com/channel/UCHJDCIyJg2_CDG65qVW0pDA
UCpYdjMxwZinMlZld0DKuDEw,@すい774_s2,6,6ヶ月,Member (6 months),,不明,,,2,7,1,2026-09-25 06:32,2026-10-05 06:32,,,https://www.youtube.com/channel/UCpYdjMxwZinMlZld0DKuDEw
UCRez5wL2xzgx9cqFJnWdMdA,@ぺちゃ3,6,6ヶ月,Member (6 months),,不明,,,2,10,0,2026-09-27 20:02,2026-09-29 21:01,,,https://www.youtube.com/channel/UCRez5wL2xzgx9cqFJnWdMdA
UC1E7gUq7RQrksEwKVOD0mlA,@Nn_4n_,6,6ヶ月,Member (6 months),,不明,,,2,3,2,2026-09-27 20:02,2026-10-05 06:32,,,https://www.youtube.com/channel/UC1E7gUq7RQrksEwKVOD0mlA
UCEtAUuMn7--NZ4vhzLsvCBg,@冬夜-x6r,6,6ヶ月,Member (6 months),,不明,,,2,11,0,2026-09-29 21:01,2026-09-30 06:32,,,https://www.youtube.com/channel/UCEtAUuMn7--NZ4vhzLsvCBg
UCBDNWYPIAT2assNhkg9VUNQ,@sio-b2q,6,6ヶ月,Member (6 months),,不明,,,2,5,0,2026-09-30 06:32,2026-10-02 06:32,,,https://www.youtube.com/channel/UCBDNWYPIAT2assNhkg9VUNQ
UCpPP-np7ihaS9OC1UqOEepA,@mofu-17,6,6ヶ月,Member (6 months),,不明,,,2,7,0,2026-10-02 06:32,2026-10-07 06:32,,,https://www.youtube.com/channel/UCpPP-np7ihaS9OC1UqOEepA
UCwRrKvITU-gBZxDfn6l1Q-Q,@u_______i_3_3,6,6ヶ月,Member (6 months),,不明,,,1,1,0,2026-09-09 06:32,2026-09-09 06:32,,,https://www.youtube.com/channel/UCwRrKvITU-gBZxDfn6l1Q-Q
UC5v6yv5QIU3ANxhihEijaCg,@あゆみ-n6o,6,6ヶ月,Member (6 months),,不明,,,1,2,0,2026-09-10 22:04,2026-09-10 22:04,,,https://www.youtube.com/channel/UC5v6yv5QIU3ANxhihEijaCg
UCm9azUJCrQS1x-cpVVI0rog,@turrrudon,6,6ヶ月,Member (6 months),,不明,,,1,1,0,2026-09-12 22:01,2026-09-12 22:01,,,https://www.youtube.com/channel/UCm9azUJCrQS1x-cpVVI0rog
UCbMNOacOMYtbFmyHd6PWhUQ,@nyao_nyao72,6,6ヶ月,Member (6 months),,不明,,,1,1,0,2026-09-14 06:32,2026-09-14 06:32,,,https://www.youtube.com/channel/UCbMNOacOMYtbFmyHd6PWhUQ
UCukxQV3KD-F1rMXci2MhfIQ,@全日本デコ出せ委員会,6,6ヶ月,Member (6 months),,不明,,,1,4,0,2026-09-15 21:04,2026-09-15 21:04,,,https://www.youtube.com/channel/UCukxQV3KD-F1rMXci2MhfIQ
UCTGMTXiHR-7ZBKeozC_CG3Q,@nyuuuun,6,6ヶ月,Member (6 months),,不明,,,1,2,0,2026-09-15 21:04,2026-09-15 21:04,,,https://www.youtube.com/channel/UCTGMTXiHR-7ZBKeozC_CG3Q
UCiRA2Q2irZka7NQtTKPThOw,@kkuku_81,6,6ヶ月,Member (6 months),,不明,,,1,2,0,2026-09-15 21:04,2026-09-15 21:04,,,https://www.youtube.com/channel/UCiRA2Q2irZka7NQtTKPThOw
UClbCO84S3dmL6mnh0hhGLrg,@わん-one1,6,6ヶ月,Member (6 months),,不明,,,1,1,0,2026-09-18 06:32,2026-09-18 06:32,,,https://www.youtube.com/channel/UClbCO84S3dmL6mnh0hhGLrg
UCjYaYHbSJIYzW-ad1nsca8g,@あぷ-y9t,6,6ヶ月,Member (6 months),,不明,,,1,1,0,2026-09-18 06:32,2026-09-18 06:32,,,https://www.youtube.com/channel/UCjYaYHbSJIYzW-ad1nsca8g
UCFZeaIGiImkS9M4pz5-rD5w,@あくむ-n9h,6,6ヶ月,Member (6 months),,不明,,,1,1,0,2026-09-18 20:00,2026-09-18 20:00,,,https://www.youtube.com/channel/UCFZeaIGiImkS9M4pz5-rD5w
UCdIRk1UFlbvY_wWuVIJkDeg,@みう-o8j8u,6,6ヶ月,Member (6 months),,不明,,,1,1,0,2026-09-18 20:00,2026-09-18 20:00,,,https://www.youtube.com/channel/UCdIRk1UFlbvY_wWuVIJkDeg
UCNylWrxWH6mhfb1zdrmTKwQ,@ester-3456,6,6ヶ月,Member (6 months),,不明,,,1,2,0,2026-09-18 20:00,2026-09-18 20:00,,,https://www.youtube.com/channel/UCNylWrxWH6mhfb1zdrmTKwQ
UCPwT2Oak9QYcEMnrRY8kaYg,@しぇあい_p127,6,6ヶ月,Member (6 months),,不明,,,1,10,0,2026-09-18 20:00,2026-09-18 20:00,,,https://www.youtube.com/channel/UCPwT2Oak9QYcEMnrRY8kaYg
UCA5tZtyRJLu3uOUh47VFovw,@MikeLin-わじょごずぃ,6,6ヶ月,Member (6 months),,不明,,,1,3,0,2026-09-18 20:00,2026-09-18 20:00,,,https://www.youtube.com/channel/UCA5tZtyRJLu3uOUh47VFovw
UC-bPax-caV4exim9RA8uM7w,@hinase221b,6,6ヶ月,Member (6 months),,不明,,,1,2,0,2026-09-18 20:00,2026-09-18 20:00,,,https://www.youtube.com/channel/UC-bPax-caV4exim9RA8uM7w
UC-ZedGwgyzMMQ8H8TS2djLQ,@ゆき-07,6,6ヶ月,Member (6 months),,不明,,,1,4,0,2026-09-18 20:00,2026-09-18 20:00,,,https://www.youtube.com/channel/UC-ZedGwgyzMMQ8H8TS2djLQ
UCbsL742u_27lbz93kXghRBw,@田-1,6,6ヶ月,Member (6 months),,不明,,,1,1,0,2026-09-18 20:00,2026-09-18 20:00,,,https://www.youtube.com/channel/UCbsL742u_27lbz93kXghRBw
UCyOdbTpI6Yiq7vM3l4Pentw,@nns_san,6,6ヶ月,Member (6 months),,不明,,,1,4,0,2026-09-18 20:00,2026-09-18 20:00,,,https://www.youtube.com/channel/UCyOdbTpI6Yiq7vM3l4Pentw
UCQqzLK1gtYtTVIJ1-QAruUQ,@パフェは飲み物,6,6ヶ月,Member (6 months),,不明,,,1,1,1,2026-09-18 21:01,2026-09-18 21:01,,,https://www.youtube.com/channel/UCQqzLK1gtYtTVIJ1-QAruUQ
UCA-Ajo4cAjhHPAntabjWQUQ,@skyburuu,6,6ヶ月,Member (6 months),,不明,,,1,3,0,2026-09-18 21:01,2026-09-18 21:01,,,https://www.youtube.com/channel/UCA-Ajo4cAjhHPAntabjWQUQ
UCSttKyXipuhM60g7OgL4lww,@ルアーluann,6,6ヶ月,Member (6 months),,不明,,,1,2,0,2026-09-21 06:34,2026-09-21 06:34,,,https://www.youtube.com/channel/UCSttKyXipuhM60g7OgL4lww
UCS1YZ5CJ7n-Uk0jWI81EaQg,@fr0-beryl,6,6ヶ月,Member (6 months),,不明,,,1,1,0,2026-09-21 06:34,2026-09-21 06:34,,,https://www.youtube.com/channel/UCS1YZ5CJ7n-Uk0jWI81EaQg
UCI7l-CKMVAE4CUscoHX71NA,@みゃん_AutahceM,6,6ヶ月,Member (6 months),6,れおとらいぶ,マイルストーン,,1,0,0,2026-09-21 06:34,2026-09-21 06:34,,,https://www.youtube.com/channel/UCI7l-CKMVAE4CUscoHX71NA
UCgKzRau7a1fFbcsuUS2RDAg,@らてにゃん-oO,6,6ヶ月,Member (6 months),,不明,,,1,2,0,2026-09-21 20:32,2026-09-21 20:32,,,https://www.youtube.com/channel/UCgKzRau7a1fFbcsuUS2RDAg
UCajeMaOZGLLp04uZAVfQTlw,@バナナん_0508,6,6ヶ月,Member (6 months),,不明,,,1,2,0,2026-09-21 20:32,2026-09-21 20:32,,,https://www.youtube.com/channel/UCajeMaOZGLLp04uZAVfQTlw
UCmgUZzpAHGvy7W88y6eWncw,@awase_kyou,6,6ヶ月,Member (6 months),,不明,,,1,2,0,2026-09-21 20:32,2026-09-21 20:32,,,https://www.youtube.com/channel/UCmgUZzpAHGvy7W88y6eWncw
UCaHXcQHjtLG8vwPeZcRIs3g,@sodajelly27,6,6ヶ月,Member (6 months),,不明,,,1,1,0,2026-09-22 21:00,2026-09-22 21:00,,,https://www.youtube.com/channel/UCaHXcQHjtLG8vwPeZcRIs3g
UCdmNKiDeW0hUF2any8loz0Q,@こぽめ_dao23,6,6ヶ月,Member (6 months),,不明,,,1,1,1,2026-09-22 21:00,2026-09-22 21:00,,,https://www.youtube.com/channel/UCdmNKiDeW0hUF2any8loz0Q
UCpiNaqNCC7bXmLQQTGi-uHg,@れいは_sakai,6,6ヶ月,Member (6 months),,不明,,,1,1,0,2026-09-22 21:00,2026-09-22 21:00,,,https://www.youtube.com/channel/UCpiNaqNCC7bXmLQQTGi-uHg
UCa-rdkX1Rb8L_PN9hLTUp0g,@oracle_23.,6,6ヶ月,Member (6 months),,不明,,,1,3,1,2026-09-23 06:36,2026-09-23 06:36,,,https://www.youtube.com/channel/UCa-rdkX1Rb8L_PN9hLTUp0g
UCMHfOVXgtg5tSEyzWHvJedQ,@Am4m4ya,6,6ヶ月,Member (6 months),,不明,,,1,2,0,2026-09-23 06:36,2026-09-23 06:36,,,https://www.youtube.com/channel/UCMHfOVXgtg5tSEyzWHvJedQ
UCF9eH6CkquIxp1ejmZHLwEg,@なるちむ,6,6ヶ月,Member (6 months),,不明,,,1,1,0,2026-09-23 21:01,2026-09-23 21:01,,,https://www.youtube.com/channel/UCF9eH6CkquIxp1ejmZHLwEg
UCApKqxXFmO-o3sOya2twpgg,@からあげサイボーグ,6,6ヶ月,Member (6 months),,不明,,,1,1,0,2026-09-23 21:01,2026-09-23 21:01,,,https://www.youtube.com/channel/UCApKqxXFmO-o3sOya2twpgg
UCbnQP8jt1_h1lc8vYqqbsNw,@eu_wanyue_tw,6,6ヶ月,Member (6 months),,不明,,,1,1,0,2026-09-24 05:04,2026-09-24 05:04,,,https://www.youtube.com/channel/UCbnQP8jt1_h1lc8vYqqbsNw
UCSCMN12BjVfZriqtR0fD0cQ,@いちか-o1c,6,6ヶ月,Member (6 months),,不明,,,1,1,0,2026-09-24 05:04,2026-09-24 05:04,,,https://www.youtube.com/channel/UCSCMN12BjVfZriqtR0fD0cQ
UCV2CCf9-Ct_wuqTpiQzlHFw,@reiran_323,6,6ヶ月,Member (6 months),,不明,,,1,1,0,2026-09-24 05:04,2026-09-24 05:04,,,https://www.youtube.com/channel/UCV2CCf9-Ct_wuqTpiQzlHFw
UCGOrs0pwqydwccR5P73jP-Q,@mana__073,6,6ヶ月,Member (6 months),,不明,,,1,1,0,2026-09-24 05:04,2026-09-24 05:04,,,https://www.youtube.com/channel/UCGOrs0pwqydwccR5P73jP-Q
UCvfVkkGJXT8q2urppqCIKFQ,@めむ_a,6,6ヶ月,Member (6 months),,不明,,,1,22,0,2026-09-25 06:32,2026-09-25 06:32,,,https://www.youtube.com/channel/UCvfVkkGJXT8q2urppqCIKFQ
UCdiQeDyAxCWfU7ejzlO8v9Q,@72_kbt,6,6ヶ月,Member (6 months),,不明,,,1,1,0,2026-09-25 22:01,2026-09-25 22:01,,,https://www.youtube.com/channel/UCdiQeDyAxCWfU7ejzlO8v9Q
UClHTr5Mj_ZHYdqsyrMSygWA,@み_3_na_.9,6,6ヶ月,Member (6 months),,不明,,,1,1,0,2026-09-25 22:01,2026-09-25 22:01,,,https://www.youtube.com/channel/UClHTr5Mj_ZHYdqsyrMSygWA
UC5c8cLE4gwtejsLL226Xf1Q,@れうん_luv,6,6ヶ月,Member (6 months),,不明,,,1,17,0,2026-09-26 21:01,2026-09-26 21:01,,,https://www.youtube.com/channel/UC5c8cLE4gwtejsLL226Xf1Q
UCLeR9mrNhHoxYDWoOZ_0_YA,@KNIO72,6,6ヶ月,Member (6 months),,不明,,,1,9,0,2026-09-26 21:01,2026-09-26 21:01,,,https://www.youtube.com/channel/UCLeR9mrNhHoxYDWoOZ_0_YA
UCaXnKsQxJ6vbRrmsLLz6YNg,@sakana4120,6,6ヶ月,Member (6 months),,不明,,,1,1,0,2026-09-26 21:01,2026-09-26 21:01,,,https://www.youtube.com/channel/UCaXnKsQxJ6vbRrmsLLz6YNg
UCyv_uwMOp2PIHQQHBhr1Dhw,@ByBe_,6,6ヶ月,Member (6 months),,不明,,,1,2,0,2026-09-26 21:01,2026-09-26 21:01,,,https://www.youtube.com/channel/UCyv_uwMOp2PIHQQHBhr1Dhw
UCbYS-qAfS46N5i6CbWUkuIw,@amazu_an,6,6ヶ月,Member (6 months),,不明,,,1,12,0,2026-09-26 21:01,2026-09-26 21:01,,,https://www.youtube.com/channel/UCbYS-qAfS46N5i6CbWUkuIw
UCY0e8cc6DCrmCWkEEjgVvfw,@リオ-n5i,6,6ヶ月,Member (6 months),,不明,,,1,1,0,2026-09-26 21:01,2026-09-26 21:01,,,https://www.youtube.com/channel/UCY0e8cc6DCrmCWkEEjgVvfw
UCMNi_IQyEivNqYtYytjcnVA,@しのみや-y5x,6,6ヶ月,Member (6 months),,不明,,,1,25,0,2026-09-27 20:02,2026-09-27 20:02,,,https://www.youtube.com/channel/UCMNi_IQyEivNqYtYytjcnVA
UCcGglafG9V_BPltzneH3Zcw,@わか-i5b,6,6ヶ月,Member (6 months),,不明,,,1,2,0,2026-09-27 20:02,2026-09-27 20:02,,,https://www.youtube.com/channel/UCcGglafG9V_BPltzneH3Zcw
UCn7EMRS9ehis852UbkDL9qA,@Leon-0131,6,6ヶ月,Member (6 months),,不明,,,1,3,0,2026-09-27 20:02,2026-09-27 20:02,,,https://www.youtube.com/channel/UCn7EMRS9ehis852UbkDL9qA
UCZlO6XRRZktfIPaxsJ-XMGg,@抹茶おじさん,6,6ヶ月,Member (6 months),,れおとらいぶ,再加入/レベル変更,,1,0,0,2026-09-27 20:02,2026-09-27 20:02,,,https://www.youtube.com/channel/UCZlO6XRRZktfIPaxsJ-XMGg
UCu7DP0syOp833yZU01k6UyQ,@sensen_chan29,6,6ヶ月,Member (6 months),,不明,,,1,1,0,2026-09-29 06:32,2026-09-29 06:32,,,https://www.youtube.com/channel/UCu7DP0syOp833yZU01k6UyQ
UCafxBLwzRsYis3Y_nflsHYw,@さとち-e2p,6,6ヶ月,Member (6 months),,不明,,,1,2,0,2026-09-29 21:01,2026-09-29 21:01,,,https://www.youtube.com/channel/UCafxBLwzRsYis3Y_nflsHYw
UCni4v1TbcZPqscjO3xqWA0Q,@nana-t3h-z5f,6,6ヶ月,Member (6 months),,不明,,,1,1,0,2026-10-02 06:32,2026-10-02 06:32,,,https://www.youtube.com/channel/UCni4v1TbcZPqscjO3xqWA0Q
UCFYgCbqzQNhpvJmcbLz3ivw,@may__8,6,6ヶ月,Member (6 months),,不明,,,1,1,0,2026-10-04 12:03,2026-10-04 12:03,,,https://www.youtube.com/channel/UCFYgCbqzQNhpvJmcbLz3ivw
UCZtDCtYQaeILmb_DZeYKnRQ,@ちゃんはな-s2r,6,6ヶ月,Member (6 months),,不明,,,1,2,0,2026-10-05 06:32,2026-10-05 06:32,,,https://www.youtube.com/channel/UCZtDCtYQaeILmb_DZeYKnRQ
UCFpnc3G-NG2wYl-kOC0A8jQ,@yuragi_lksr,6,6ヶ月,Member (6 months),,不明,,,1,82,0,2026-10-05 21:02,2026-10-05 21:02,,,https://www.youtube.com/channel/UCFpnc3G-NG2wYl-kOC0A8jQ
UCKn_sIULC_DN8Qv6GvCA5CA,@키키땅,6,6ヶ月,Member (6 months),,れおとらいぶ,再加入/レベル変更,,1,0,0,2026-10-06 21:02,2026-10-06 21:02,,,https://www.youtube.com/channel/UCKn_sIULC_DN8Qv6GvCA5CA
UCeNBgEX3PgsDGON2_TzW2vQ,@h1nq__zzZ,6,6ヶ月,Member (6 months),,不明,,,1,3,1,2026-10-07 06:32,2026-10-07 06:32,,,https://www.youtube.com/channel/UCeNBgEX3PgsDGON2_TzW2vQ
UCbPPFpVOs3uY2ICIMrKzPmQ,@vamp_yzk,6,6ヶ月,Member (6 months),,不明,,,1,1,0,2026-10-07 06:32,2026-10-07 06:32,,,https://www.youtube.com/channel/UCbPPFpVOs3uY2ICIMrKzPmQ
UCOZtNWylCAgZFnTgaRIJB4g,@ヴェルマーチ,6,6ヶ月,Member (6 months),,不明,,,1,83,0,2026-10-08 00:00,2026-10-08 00:00,,,https://www.youtube.com/channel/UCOZtNWylCAgZFnTgaRIJB4g
UCBYU3oDFaGQuB_c88GVjJEA,@もちゅ_R,6,6ヶ月,Member (6 months),,不明,,,1,3,0,2026-10-08 00:00,2026-10-08 00:00,,,https://www.youtube.com/channel/UCBYU3oDFaGQuB_c88GVjJEA
UCma6vP0F0cdEHe_RaFV9eaw,@ゆーか._.72,2,2ヶ月,Member (2 months),5,れおとらいぶ,マイルストーン,,37,2253,36,2026-09-09 06:32,2026-10-08 00:00,,,https://www.youtube.com/channel/UCma6vP0F0cdEHe_RaFV9eaw
UCKZiG_bArHp9e9ja4yqGl0g,@mugi_917,2,2ヶ月,Member (2 months),,不明,,,36,985,19,2026-09-09 06:32,2026-10-08 00:00,,,https://www.youtube.com/channel/UCKZiG_bArHp9e9ja4yqGl0g
UCDOS4fdpby_Pi78_h-DSNNg,@白いの-d6z,2,2ヶ月,Member (2 months),,不明,,,36,1500,1,2026-09-09 06:32,2026-10-08 00:00,,,https://www.youtube.com/channel/UCDOS4fdpby_Pi78_h-DSNNg
UCnm54o5t758MYiQSWQDXofg,@ぼたもち-m6g,2,2ヶ月,Member (2 months),,不明,,,35,596,0,2026-09-09 06:32,2026-10-08 00:00,,,https://www.youtube.com/channel/UCnm54o5t758MYiQSWQDXofg
UCegqKWff5B4hqae7rpmb71Q,@みく-oreocookie,2,2ヶ月,Member (2 months),,不明,,,34,208,0,2026-09-09 06:32,2026-10-08 00:00,,,https://www.youtube.com/channel/UCegqKWff5B4hqae7rpmb71Q
UCsnHG1tkm2Lw4-4TDzXTsnA,@rina_422,2,2ヶ月,Member (2 months),,不明,,,34,78,0,2026-09-09 06:32,2026-10-08 00:00,,,https://www.youtube.com/channel/UCsnHG1tkm2Lw4-4TDzXTsnA
UCzcsm_tcf9swewkFOuAzyFg,@p__qoO72,2,2ヶ月,Member (2 months),,不明,,,33,2435,9,2026-09-10 22:04,2026-10-08 00:00,,,https://www.youtube.com/channel/UCzcsm_tcf9swewkFOuAzyFg
UCYc07A8-1tCaVsbfV2NZsLQ,@tao_0604,2,2ヶ月,Member (2 months),,不明,,,33,415,0,2026-09-10 22:04,2026-10-08 00:00,,,https://www.youtube.com/channel/UCYc07A8-1tCaVsbfV2NZsLQ
UCra4bi44lT0Cy-L0Ied1L7w,@ゆずreo38,2,2ヶ月,Member (2 months),,不明,,,31,854,8,2026-09-09 06:32,2026-10-08 00:00,,,https://www.youtube.com/channel/UCra4bi44lT0Cy-L0Ied1L7w
UCwzAvKkBX3iOYyS_ktoG0_A,@さくさくゆづき,2,2ヶ月,Member (2 months),,不明,,,30,230,1,2026-09-09 06:32,2026-10-08 00:00,,,https://www.youtube.com/channel/UCwzAvKkBX3iOYyS_ktoG0_A
UC_LESygpJG9XxaaHQ9MffRw,@みさと-j1c,2,2ヶ月,Member (2 months),,不明,,,27,113,9,2026-09-09 06:32,2026-10-07 06:32,,,https://www.youtube.com/channel/UC_LESygpJG9XxaaHQ9MffRw
UCLsJ7lFHdtaEQcb8NiWA18w,@桃o_o,2,2ヶ月,Member (2 months),,不明,,,26,236,22,2026-09-09 06:32,2026-10-07 06:32,,,https://www.youtube.com/channel/UCLsJ7lFHdtaEQcb8NiWA18w
UC_zm9UArvfCeeiFpYKzuVoA,@みゅう-s9172,2,2ヶ月,Member (2 months),,不明,,,25,99,0,2026-09-09 06:32,2026-10-07 06:32,,,https://www.youtube.com/channel/UC_zm9UArvfCeeiFpYKzuVoA
UCO5pqerBtxgvVn2zEUsPl8w,@72herakuresu,2,2ヶ月,Member (2 months),,不明,,,25,989,17,2026-09-09 06:32,2026-10-02 06:32,,,https://www.youtube.com/channel/UCO5pqerBtxgvVn2zEUsPl8w
UCbAxPD_U-nb4_suYPbaAJGQ,@asn_103,2,2ヶ月,Member (2 months),,不明,,,24,264,0,2026-09-10 22:04,2026-10-08 00:00,,,https://www.youtube.com/channel/UCbAxPD_U-nb4_suYPbaAJGQ
UCl4_IteHT5MmKNmBqmL4q-w,@ききょう-f5n,2,2ヶ月,Member (2 months),,れおとらいぶ,ギフト,ギフトで加入,23,111,0,2026-09-09 06:32,2026-10-07 06:32,○,○,https://www.youtube.com/channel/UCl4_IteHT5MmKNmBqmL4q-w
UCyvGdeIExHyJsxf5KVflkvA,@つなまよ_07,2,2ヶ月,Member (2 months),,不明,,,22,107,1,2026-09-10 22:04,2026-10-08 00:00,,,https://www.youtube.com/channel/UCyvGdeIExHyJsxf5KVflkvA
UC9WnKNAoR4fqt0Tq9_NAdmw,@えな0oo,2,2ヶ月,Member (2 months),,不明,,,21,52,0,2026-09-09 06:32,2026-10-08 00:00,,,https://www.youtube.com/channel/UC9WnKNAoR4fqt0Tq9_NAdmw
UCwPcnQc1nJnexW3N2O_Vltw,@えむぴ_pipi,2,2ヶ月,Member (2 months),,不明,,,20,1082,11,2026-09-09 06:32,2026-10-08 00:00,,,https://www.youtube.com/channel/UCwPcnQc1nJnexW3N2O_Vltw
UCkUeSHyq3lnZfeZiMowBCQg,@fff-z4m,2,2ヶ月,Member (2 months),,不明,,,20,109,0,2026-09-10 22:04,2026-10-06 21:02,,,https://www.youtube.com/channel/UCkUeSHyq3lnZfeZiMowBCQg
UCKO02r-TPaeA8PSyvwKkgww,@I_roas24,2,2ヶ月,Member (2 months),,不明,,,20,202,3,2026-09-11 22:10,2026-10-05 21:02,,,https://www.youtube.com/channel/UCKO02r-TPaeA8PSyvwKkgww
UCjD9sdPeaOIFdMJWOMSUyjw,@フード-u2x,2,2ヶ月,Member (2 months),,不明,,,18,283,1,2026-09-16 06:32,2026-10-07 06:32,,,https://www.youtube.com/channel/UCjD9sdPeaOIFdMJWOMSUyjw
UC7rNhuVxbLTBAoRixU9MOtA,@odgr_,2,2ヶ月,Member (2 months),,不明,,,17,486,0,2026-09-09 06:32,2026-09-29 21:01,,,https://www.youtube.com/channel/UC7rNhuVxbLTBAoRixU9MOtA
UCV2xwnVTL7nxoZ4iGdNe-3g,@魚キラキラ,2,2ヶ月,Member (2 months),,不明,,,17,30,0,2026-09-09 06:32,2026-10-07 06:32,,,https://www.youtube.com/channel/UCV2xwnVTL7nxoZ4iGdNe-3g
UCYS4H2BUILMGD7j6qnuLyFQ,@じぜ-1110,2,2ヶ月,Member (2 months),,不明,,,15,80,0,2026-09-09 06:32,2026-10-07 06:32,,,https://www.youtube.com/channel/UCYS4H2BUILMGD7j6qnuLyFQ
UChQUl8MsDhi47QvjYA_kRDQ,@0_びるまにくす_0,2,2ヶ月,Member (2 months),,不明,,,15,39,0,2026-09-09 06:32,2026-10-07 06:32,,,https://www.youtube.com/channel/UChQUl8MsDhi47QvjYA_kRDQ
UCnbwujQpMSWBUWA97ghfqzg,@みな_mina,2,2ヶ月,Member (2 months),,不明,,,14,52,0,2026-09-09 06:32,2026-10-05 21:02,,,https://www.youtube.com/channel/UCnbwujQpMSWBUWA97ghfqzg
UC2RmSTRf6iqWYCaUnu5Qdsw,@norizo_channel,2,2ヶ月,Member (2 months),,不明,,,14,502,1,2026-09-09 06:32,2026-10-07 06:32,,,https://www.youtube.com/channel/UC2RmSTRf6iqWYCaUnu5Qdsw
UCmVIPwqAsvz_VbQjHrQ7MPA,@pl_lq___ma,2,2ヶ月,Member (2 months),,不明,,,14,196,3,2026-09-09 06:32,2026-10-08 00:00,,,https://www.youtube.com/channel/UCmVIPwqAsvz_VbQjHrQ7MPA
UC86YpRYJDzbC36-b3tVUE-Q,@che7_7,2,2ヶ月,Member (2 months),,不明,,,13,54,0,2026-09-09 06:32,2026-10-06 21:02,,,https://www.youtube.com/channel/UC86YpRYJDzbC36-b3tVUE-Q
UCF33iLKr1ReQU6gdBpWDUaQ,@うゆ-lili,2,2ヶ月,Member (2 months),,不明,,,13,20,0,2026-09-10 22:04,2026-10-05 21:02,,,https://www.youtube.com/channel/UCF33iLKr1ReQU6gdBpWDUaQ
UC482CP-OiKw_21CwzmaK55A,@Omochi0730,2,2ヶ月,Member (2 months),,不明,,,13,90,13,2026-09-11 06:32,2026-10-07 06:32,,,https://www.youtube.com/channel/UC482CP-OiKw_21CwzmaK55A
UCRRQyQhc0xpHWczpq_pPxVg,@むゆ_3Il,2,2ヶ月,Member (2 months),,れおとらいぶ,再加入/レベル変更,,13,54,0,2026-09-15 21:04,2026-10-05 21:02,,,https://www.youtube.com/channel/UCRRQyQhc0xpHWczpq_pPxVg
UCt4ur9_UaCLHg7s2aUX8XCg,@Senq_0106清奈_セナ,2,2ヶ月,Member (2 months),,不明,,,12,81,0,2026-09-09 06:32,2026-10-07 06:32,,,https://www.youtube.com/channel/UCt4ur9_UaCLHg7s2aUX8XCg
UCkeJikbduZ1pk5Wl1AAbGyg,@みかどたかし,2,2ヶ月,Member (2 months),,不明,,,12,40,1,2026-09-09 06:32,2026-10-07 06:32,,,https://www.youtube.com/channel/UCkeJikbduZ1pk5Wl1AAbGyg
UCVc1wYG1bedyFW-K1bJu4kg,@1107-e9r,2,2ヶ月,Member (2 months),,不明,,,12,31,0,2026-09-09 06:32,2026-10-07 06:32,,,https://www.youtube.com/channel/UCVc1wYG1bedyFW-K1bJu4kg
UCcrnO1b1GGFzywT6CtUxnCg,@ひなた-i3n3z,2,2ヶ月,Member (2 months),,不明,,,12,118,1,2026-09-10 22:04,2026-10-04 12:03,,,https://www.youtube.com/channel/UCcrnO1b1GGFzywT6CtUxnCg
UCwjaAaxFpEVu2O4qRuIpVOQ,@しくはっく4989,2,2ヶ月,Member (2 months),,不明,,,12,46,3,2026-09-10 22:04,2026-10-05 06:32,,,https://www.youtube.com/channel/UCwjaAaxFpEVu2O4qRuIpVOQ
UCS1_YB52_pISBRmdzjlz4fA,@Yuki-li5nh,2,2ヶ月,Member (2 months),2,れおとらいぶ,マイルストーン,,12,96,1,2026-09-11 22:10,2026-10-07 06:32,,,https://www.youtube.com/channel/UCS1_YB52_pISBRmdzjlz4fA
UCr-WtW9u7z0BuxSjh0icJ6g,@ましゅ丸_wildhunt_for,2,2ヶ月,Member (2 months),,不明,,,11,28,0,2026-09-09 06:32,2026-10-07 06:32,,,https://www.youtube.com/channel/UCr-WtW9u7z0BuxSjh0icJ6g
UCj0LAtuP1ZTnFLrUYKBYWaQ,@__ahbchan_,2,2ヶ月,Member (2 months),,れおとらいぶ,再加入/レベル変更,,11,21,6,2026-09-09 06:32,2026-10-07 06:32,,,https://www.youtube.com/channel/UCj0LAtuP1ZTnFLrUYKBYWaQ
UCfPy-SPruW5sBs_Duih-tVQ,@しお-u3e4v,2,2ヶ月,Member (2 months),,不明,,,11,25,3,2026-09-16 06:32,2026-10-07 06:32,,,https://www.youtube.com/channel/UCfPy-SPruW5sBs_Duih-tVQ
UCMa23o836QIzF-gv0-QILGQ,@Noki_nn,2,2ヶ月,Member (2 months),,不明,,,10,20,0,2026-09-09 06:32,2026-09-30 06:32,,,https://www.youtube.com/channel/UCMa23o836QIzF-gv0-QILGQ
UCQ4knK0_4AYKdSousGGOe3A,@さかなx4をたべると,2,2ヶ月,Member (2 months),,不明,,,10,20,0,2026-09-09 06:32,2026-10-07 06:32,,,https://www.youtube.com/channel/UCQ4knK0_4AYKdSousGGOe3A
UCrs7eA7fM81ZNCtsfahPs9g,@冷麦_ひやむぎ,2,2ヶ月,Member (2 months),,不明,,,10,106,0,2026-09-10 22:04,2026-10-08 00:00,,,https://www.youtube.com/channel/UCrs7eA7fM81ZNCtsfahPs9g
UCZX7aFkX9GbtUokE1sqRAng,@にゃにゃぽ00012,2,2ヶ月,Member (2 months),,不明,,,10,32,1,2026-09-10 22:04,2026-09-25 22:01,,,https://www.youtube.com/channel/UCZX7aFkX9GbtUokE1sqRAng
UCIYHH84BaxgnSmc1gkzSgBA,@SALAD-3809,2,2ヶ月,Member (2 months),,不明,,,10,99,0,2026-09-11 22:10,2026-10-08 00:00,,,https://www.youtube.com/channel/UCIYHH84BaxgnSmc1gkzSgBA
UCvKRxgD8R22IpRNGBe7-TtQ,@dongdong9962,2,2ヶ月,Member (2 months),,不明,,,10,32,0,2026-09-12 22:01,2026-10-08 00:00,,,https://www.youtube.com/channel/UCvKRxgD8R22IpRNGBe7-TtQ
UCXjxM_2cMNlqMRGeXkkRgDg,@mちゃそ_rg,2,2ヶ月,Member (2 months),,不明,,,9,12,0,2026-09-09 06:32,2026-09-26 21:01,,,https://www.youtube.com/channel/UCXjxM_2cMNlqMRGeXkkRgDg
UCf-dJ7BZdGREbUZ8OvwifAw,@y_8475,2,2ヶ月,Member (2 months),1,れおとらいぶ,マイルストーン,,9,32,0,2026-09-11 22:10,2026-10-08 00:00,,,https://www.youtube.com/channel/UCf-dJ7BZdGREbUZ8OvwifAw
UCDvwsdG_M35YIaGDY8gnwxw,@甘め豆,2,2ヶ月,Member (2 months),,不明,,,9,26,0,2026-09-15 21:04,2026-10-07 06:32,,,https://www.youtube.com/channel/UCDvwsdG_M35YIaGDY8gnwxw
UCi9bOHWmN9U6etDW5QWuERw,@Kota-112,2,2ヶ月,Member (2 months),,不明,,,8,97,3,2026-09-09 06:32,2026-09-24 05:04,,,https://www.youtube.com/channel/UCi9bOHWmN9U6etDW5QWuERw
UC1_NdXYid0V_myjA_vNXowA,@tamamo-l9d,2,2ヶ月,Member (2 months),,不明,,,8,29,0,2026-09-09 06:32,2026-10-03 22:03,,,https://www.youtube.com/channel/UC1_NdXYid0V_myjA_vNXowA
UCJwYaibuHlEy2CxRzaZsGOQ,@もゆい_sakuramo,2,2ヶ月,Member (2 months),,不明,,,8,28,0,2026-09-09 06:32,2026-10-05 21:02,,,https://www.youtube.com/channel/UCJwYaibuHlEy2CxRzaZsGOQ
UCbQBQiXDbbLQ89nvL26p_Eg,@suiga00,2,2ヶ月,Member (2 months),,不明,,,8,16,0,2026-09-11 06:32,2026-10-07 06:32,,,https://www.youtube.com/channel/UCbQBQiXDbbLQ89nvL26p_Eg
UC6ZCMWYGPKYRCvr0YzaG0Tw,@SHIORI_0823,2,2ヶ月,Member (2 months),,不明,,,8,173,0,2026-09-11 22:10,2026-10-05 21:02,,,https://www.youtube.com/channel/UC6ZCMWYGPKYRCvr0YzaG0Tw
UC_XbgiOXhaWSJS3EUm7CQcQ,@rena_3107-e6w,2,2ヶ月,Member (2 months),,不明,,,8,15,0,2026-09-11 22:10,2026-10-01 21:01,,,https://www.youtube.com/channel/UC_XbgiOXhaWSJS3EUm7CQcQ
UCPb8UdrKfvdsj2Jdvt_yP_w,@ame-221,2,2ヶ月,Member (2 months),5,れおとらいぶ,マイルストーン,,7,28,0,2026-09-09 06:32,2026-09-23 06:36,,,https://www.youtube.com/channel/UCPb8UdrKfvdsj2Jdvt_yP_w
UCbRLE4Cz44wNzmE8zEa2jcw,@なちゃん313,2,2ヶ月,Member (2 months),,不明,,,7,13,0,2026-09-09 06:32,2026-09-30 06:32,,,https://www.youtube.com/channel/UCbRLE4Cz44wNzmE8zEa2jcw
UCOCbMGc7tq_B8vl-7njrbIA,@zangedeshita4,2,2ヶ月,Member (2 months),,不明,,,7,92,0,2026-09-10 22:04,2026-10-08 00:00,,,https://www.youtube.com/channel/UCOCbMGc7tq_B8vl-7njrbIA
UC-qM3oVH7X9xYsdwwAJYZuQ,@えみ-f9n,2,2ヶ月,Member (2 months),,不明,,,7,21,0,2026-09-11 06:32,2026-10-07 06:32,,,https://www.youtube.com/channel/UC-qM3oVH7X9xYsdwwAJYZuQ
UCyOleQf4ZuyODOl6k_GEZHA,@ネンネ-j8f,2,2ヶ月,Member (2 months),,不明,,,7,36,1,2026-09-11 06:32,2026-10-07 06:32,,,https://www.youtube.com/channel/UCyOleQf4ZuyODOl6k_GEZHA
UCsmw_OMi2JcVDTgg0--9CqQ,@しゅんりん-o0,2,2ヶ月,Member (2 months),,不明,,,7,12,0,2026-09-12 22:01,2026-09-25 22:01,,,https://www.youtube.com/channel/UCsmw_OMi2JcVDTgg0--9CqQ
UC-FacJYcT9aoD9f6lv9X3Eg,@M0CHI-0Z7,2,2ヶ月,Member (2 months),,不明,,,7,33,1,2026-09-13 21:01,2026-09-30 06:32,,,https://www.youtube.com/channel/UC-FacJYcT9aoD9f6lv9X3Eg
UC-rdm31EAF5w_QDX9nT2nFw,@ぺんぴゃん,2,2ヶ月,Member (2 months),,不明,,,6,6,1,2026-09-11 06:32,2026-10-03 22:03,,,https://www.youtube.com/channel/UC-rdm31EAF5w_QDX9nT2nFw
UCP4hUF2M7V0wZg4smJ0LbXA,@ゆゆuucha0o,2,2ヶ月,Member (2 months),,不明,,,6,253,0,2026-09-14 22:02,2026-10-06 21:02,,,https://www.youtube.com/channel/UCP4hUF2M7V0wZg4smJ0LbXA
UChjYXHJRVlVZpNMcs682C3g,@ららチャン___L2,2,2ヶ月,Member (2 months),,不明,,,6,20,0,2026-09-15 21:04,2026-09-29 21:01,,,https://www.youtube.com/channel/UChjYXHJRVlVZpNMcs682C3g
UCnLev58SiFOD3lDkPwNohYg,@さかなかんす,2,2ヶ月,Member (2 months),,不明,,,5,11,0,2026-09-09 06:32,2026-09-23 06:36,,,https://www.youtube.com/channel/UCnLev58SiFOD3lDkPwNohYg
UC3oEszfsjeuUW4ZLFJTBLJg,@揚げたてポテト-e8m,2,2ヶ月,Member (2 months),,不明,,,5,20,0,2026-09-09 06:32,2026-09-29 06:32,,,https://www.youtube.com/channel/UC3oEszfsjeuUW4ZLFJTBLJg
UC9RxvF4NVUK0gqHwh-kVbJQ,@ゆま72,2,2ヶ月,Member (2 months),,不明,,,5,5,0,2026-09-09 06:32,2026-09-16 06:32,,,https://www.youtube.com/channel/UC9RxvF4NVUK0gqHwh-kVbJQ
UCDzUOl0yF6suMyF1XNG0JNw,@かがや_nknk,2,2ヶ月,Member (2 months),,不明,,,5,22,0,2026-09-10 22:04,2026-09-29 21:01,,,https://www.youtube.com/channel/UCDzUOl0yF6suMyF1XNG0JNw
UC384S1C9qMcOr2Uk-94eyfg,@フィンセントのファン,2,2ヶ月,Member (2 months),,不明,,,5,47,0,2026-09-11 06:32,2026-09-26 21:01,,,https://www.youtube.com/channel/UC384S1C9qMcOr2Uk-94eyfg
UCi0iVfFeZgSbppxhXNfyQnw,@ぽとて-ptt00,2,2ヶ月,Member (2 months),,不明,,,5,18,0,2026-09-15 21:04,2026-10-01 21:01,,,https://www.youtube.com/channel/UCi0iVfFeZgSbppxhXNfyQnw
UCzI0PW4J99HHnKhcl_xaNSA,@むらたみ-v4b,2,2ヶ月,Member (2 months),,不明,,,5,12,0,2026-09-18 06:32,2026-10-02 06:32,,,https://www.youtube.com/channel/UCzI0PW4J99HHnKhcl_xaNSA
UCIDlOCQfk7Xy7h75qFq-OdA,@moku-jl9pg,2,2ヶ月,Member (2 months),,不明,,,5,20,3,2026-09-18 21:01,2026-10-07 06:32,,,https://www.youtube.com/channel/UCIDlOCQfk7Xy7h75qFq-OdA
UCUlaJlAoYuOKssVHat6vNlg,@みちやんち-n2w,2,2ヶ月,Member (2 months),,不明,,,4,11,1,2026-09-09 06:32,2026-09-11 22:10,,,https://www.youtube.com/channel/UCUlaJlAoYuOKssVHat6vNlg
UCG0099XX-VOW6WwsVHAIW5A,@びすけT_Tmlg,2,2ヶ月,Member (2 months),,不明,,,4,88,2,2026-09-10 22:04,2026-09-29 21:01,,,https://www.youtube.com/channel/UCG0099XX-VOW6WwsVHAIW5A
UC7tL-5vUbnGXcAcbq0dVkPg,@にちゃお-r2n,2,2ヶ月,Member (2 months),,不明,,,4,13,0,2026-09-13 21:01,2026-10-01 21:01,,,https://www.youtube.com/channel/UC7tL-5vUbnGXcAcbq0dVkPg
UCLZOWgYfYXaUJY-Ik6_sRCQ,@尚斗-naoto0627,2,2ヶ月,Member (2 months),,不明,,,4,8,1,2026-09-13 21:01,2026-10-08 00:00,,,https://www.youtube.com/channel/UCLZOWgYfYXaUJY-Ik6_sRCQ
UCGS_A5RXrDlVu2qyxND4BJg,@ざつようさんさん,2,2ヶ月,Member (2 months),,不明,,,4,10,0,2026-09-13 22:47,2026-10-05 21:02,,,https://www.youtube.com/channel/UCGS_A5RXrDlVu2qyxND4BJg
UCAxUj-FPEaHqOd5G4IYifmg,@るるりんちゃん,2,2ヶ月,Member (2 months),,不明,,,4,6,0,2026-09-15 21:04,2026-09-29 06:32,,,https://www.youtube.com/channel/UCAxUj-FPEaHqOd5G4IYifmg
UCveUzIWweJ3ml5jtEzCaTVg,@makyu_07x,2,2ヶ月,Member (2 months),,不明,,,4,5,1,2026-09-15 21:04,2026-10-07 06:32,,,https://www.youtube.com/channel/UCveUzIWweJ3ml5jtEzCaTVg
UCoSmZlK3f_PZ9QRfgkqgJtw,@いちか-n5u,2,2ヶ月,Member (2 months),,不明,,,4,4,1,2026-09-23 21:01,2026-09-29 06:32,,,https://www.youtube.com/channel/UCoSmZlK3f_PZ9QRfgkqgJtw
UCr1mRI1kdfGe_VvfAvZoc2w,@義_sl23,2,2ヶ月,Member (2 months),,不明,,,4,4,0,2026-09-29 06:32,2026-10-05 06:32,,,https://www.youtube.com/channel/UCr1mRI1kdfGe_VvfAvZoc2w
UCMtGMZG0I-W1LxVIqXcmrPw,@0ll0lxxx,2,2ヶ月,Member (2 months),,不明,,,3,13,0,2026-09-09 06:32,2026-10-02 06:32,,,https://www.youtube.com/channel/UCMtGMZG0I-W1LxVIqXcmrPw
UCuX--0MebO4OpZuD0Pom0Pw,@utauma-love,2,2ヶ月,Member (2 months),,不明,,,3,20,0,2026-09-09 06:32,2026-09-24 05:04,,,https://www.youtube.com/channel/UCuX--0MebO4OpZuD0Pom0Pw
UC56lRdWuH79VH3dtJojQS1w,@tasogare-hz3yz,2,2ヶ月,Member (2 months),,不明,,,3,6,0,2026-09-11 06:32,2026-09-29 06:32,,,https://www.youtube.com/channel/UC56lRdWuH79VH3dtJojQS1w
UCfvc60Ov0_p3iVDkg1rWdOw,@あおい_il,2,2ヶ月,Member (2 months),,不明,,,3,3,0,2026-09-13 21:01,2026-10-08 00:00,,,https://www.youtube.com/channel/UCfvc60Ov0_p3iVDkg1rWdOw
UCt_jhD8OXpGY5eO9HLf8OLA,@サク-uoxo_24,2,2ヶ月,Member (2 months),,不明,,,3,4,0,2026-09-16 06:32,2026-09-22 21:00,,,https://www.youtube.com/channel/UCt_jhD8OXpGY5eO9HLf8OLA
UCHC4B7qTlUhHQjuLcVfBp6Q,@r1s_hs,2,2ヶ月,Member (2 months),5,れおとらいぶ,マイルストーン,,3,3,0,2026-09-16 06:32,2026-10-03 22:03,,,https://www.youtube.com/channel/UCHC4B7qTlUhHQjuLcVfBp6Q
UCwO6-rYK6YBuhlYg4b4sxtA,@쿵-i5g,2,2ヶ月,Member (2 months),,不明,,,3,3,0,2026-09-18 06:32,2026-10-02 06:32,,,https://www.youtube.com/channel/UCwO6-rYK6YBuhlYg4b4sxtA
UCnUjHtOuJ2oprEjCXqU_5zA,@きなこもち_o3,2,2ヶ月,Member (2 months),,不明,,,3,14,0,2026-09-18 20:00,2026-09-21 20:32,,,https://www.youtube.com/channel/UCnUjHtOuJ2oprEjCXqU_5zA
UC47UvXLIg0WhBdcpkunj25A,@miitar0_72,2,2ヶ月,Member (2 months),,不明,,,3,29,1,2026-09-18 21:01,2026-09-23 06:36,,,https://www.youtube.com/channel/UC47UvXLIg0WhBdcpkunj25A
UCjaZNCh6Dya47ECjLkMnRPw,@まるるたろ,2,2ヶ月,Member (2 months),,不明,,,3,8,0,2026-09-23 21:01,2026-10-06 21:02,,,https://www.youtube.com/channel/UCjaZNCh6Dya47ECjLkMnRPw
UCQSGxbX39KYapvPhbKj9MxA,@テテ2003,2,2ヶ月,Member (2 months),,不明,,,3,4,0,2026-09-24 05:04,2026-10-08 00:00,,,https://www.youtube.com/channel/UCQSGxbX39KYapvPhbKj9MxA
UCXZFZOcND0ihetnvxC_BAjQ,@ささのこ-1129,2,2ヶ月,Member (2 months),,不明,,,3,10,0,2026-10-02 06:32,2026-10-07 06:32,,,https://www.youtube.com/channel/UCXZFZOcND0ihetnvxC_BAjQ
UCnPEnMq76Mk1FpNnA3si5qg,@yu.na0042,2,2ヶ月,Member (2 months),,不明,,,2,3,0,2026-09-09 06:32,2026-09-23 21:01,,,https://www.youtube.com/channel/UCnPEnMq76Mk1FpNnA3si5qg
UCYLuri49aTUFAk7e1vMnfGQ,@小豆-77,2,2ヶ月,Member (2 months),,不明,,,2,4,0,2026-09-09 06:32,2026-09-29 06:32,,,https://www.youtube.com/channel/UCYLuri49aTUFAk7e1vMnfGQ
UC4_ksFAUmmCdkHNqd_CNmxg,@カンナ-v4c,2,2ヶ月,Member (2 months),,不明,,,2,10,0,2026-09-10 22:04,2026-09-11 22:10,,,https://www.youtube.com/channel/UC4_ksFAUmmCdkHNqd_CNmxg
UC-aox6Cc7Z80hSE0JAvtrhA,@Kikka-sl7,2,2ヶ月,Member (2 months),,不明,,,2,4,0,2026-09-11 06:32,2026-09-24 05:04,,,https://www.youtube.com/channel/UC-aox6Cc7Z80hSE0JAvtrhA
UCJyHJYewl5kljiy2jltldBQ,@ボンクラヴォルデモート,2,2ヶ月,Member (2 months),,不明,,,2,10,1,2026-09-11 06:32,2026-09-13 21:01,,,https://www.youtube.com/channel/UCJyHJYewl5kljiy2jltldBQ
UCKrW7oDYWozDKAQC7Bx5t7w,@yuka-n8h,2,2ヶ月,Member (2 months),,不明,,,2,54,0,2026-09-13 21:01,2026-09-16 06:32,,,https://www.youtube.com/channel/UCKrW7oDYWozDKAQC7Bx5t7w
UCFby2rQBo_h7ua_To5-OkKA,@mff_04,2,2ヶ月,Member (2 months),,不明,,,2,4,0,2026-09-14 22:02,2026-10-01 21:01,,,https://www.youtube.com/channel/UCFby2rQBo_h7ua_To5-OkKA
UCdG3W0wY8XzLElRWGSnTsew,@みゃお_72,2,2ヶ月,Member (2 months),,不明,,,2,2,0,2026-09-15 21:04,2026-09-26 21:01,,,https://www.youtube.com/channel/UCdG3W0wY8XzLElRWGSnTsew
UCZYooY2EHu4jkL3ClKCq45Q,@tabetaiosusi4575,2,2ヶ月,Member (2 months),,不明,,,2,5,0,2026-09-16 06:32,2026-09-18 06:32,,,https://www.youtube.com/channel/UCZYooY2EHu4jkL3ClKCq45Q
UCvSdC7LMd6ARHt6Fa1pOZtA,@まゆげ-c3d,2,2ヶ月,Member (2 months),,不明,,,2,2,0,2026-09-16 06:32,2026-09-29 06:32,,,https://www.youtube.com/channel/UCvSdC7LMd6ARHt6Fa1pOZtA
UC-b-KL2qaY6bPF_sBx9RCqQ,@ろあ_hrt96,2,2ヶ月,Member (2 months),,不明,,,2,5,0,2026-09-16 06:32,2026-09-18 20:00,,,https://www.youtube.com/channel/UC-b-KL2qaY6bPF_sBx9RCqQ
UCj_NouMISpXL_8nZbaXrAtw,@ちぇりちゃんsi2,2,2ヶ月,Member (2 months),,不明,,,2,4,0,2026-09-16 06:32,2026-09-21 06:34,,,https://www.youtube.com/channel/UCj_NouMISpXL_8nZbaXrAtw
UCjbwVtSv2K8GZzdT-RtZTqg,@酒くず,2,2ヶ月,Member (2 months),,不明,,,2,2,0,2026-09-18 06:32,2026-09-23 06:36,,,https://www.youtube.com/channel/UCjbwVtSv2K8GZzdT-RtZTqg
UCmY5HPyzhujUThIchug0hOw,@来世は犬になる_ite,2,2ヶ月,Member (2 months),,不明,,,2,4,3,2026-09-18 06:32,2026-09-21 06:34,,,https://www.youtube.com/channel/UCmY5HPyzhujUThIchug0hOw
UCGTX0eL5TJPxOv9MtivlSxg,@mille-x6z,2,2ヶ月,Member (2 months),,不明,,,2,6,0,2026-09-21 06:34,2026-10-05 06:32,,,https://www.youtube.com/channel/UCGTX0eL5TJPxOv9MtivlSxg
UCmj04uDdi_RVVxdD0rYKfIA,@なな-Nq70o,2,2ヶ月,Member (2 months),,不明,,,2,5,0,2026-09-21 20:32,2026-10-03 22:03,,,https://www.youtube.com/channel/UCmj04uDdi_RVVxdD0rYKfIA
UCVx0yyGBCw12jxpRZQL9e8Q,@koko._.a,2,2ヶ月,Member (2 months),,不明,,,2,2,0,2026-09-22 21:00,2026-10-08 00:00,,,https://www.youtube.com/channel/UCVx0yyGBCw12jxpRZQL9e8Q
UC-NXUZK4j7dfQnAvu3Z571Q,@chati-14,2,2ヶ月,Member (2 months),,不明,,,2,2,0,2026-09-23 21:01,2026-10-03 22:03,,,https://www.youtube.com/channel/UC-NXUZK4j7dfQnAvu3Z571Q
UCZfzl9-fvhRZp7GFbl47RCw,@Ena_227,2,2ヶ月,Member (2 months),,不明,,,2,15,0,2026-09-25 06:32,2026-10-08 00:00,,,https://www.youtube.com/channel/UCZfzl9-fvhRZp7GFbl47RCw
UCyMWAoZc2OVBbv31PyX7lMQ,@CC-ze9qm,2,2ヶ月,Member (2 months),,不明,,,2,37,0,2026-09-26 21:01,2026-09-27 20:02,,,https://www.youtube.com/channel/UCyMWAoZc2OVBbv31PyX7lMQ
UC3UzahUCRFC1llpIJ86sg_g,@ちゃぬ_xx,2,2ヶ月,Member (2 months),,不明,,,2,3,0,2026-09-26 21:01,2026-09-30 06:32,,,https://www.youtube.com/channel/UC3UzahUCRFC1llpIJ86sg_g
UC5e2DgPYSyjYN6aIqlQGSQg,@あつの_221,2,2ヶ月,Member (2 months),,不明,,,2,4,0,2026-09-29 06:32,2026-10-03 22:03,,,https://www.youtube.com/channel/UC5e2DgPYSyjYN6aIqlQGSQg
UCWC8EPwA-Bw1_vOsQqSZnVQ,@yunyunn_111,2,2ヶ月,Member (2 months),,不明,,,2,5,0,2026-10-01 21:01,2026-10-05 21:02,,,https://www.youtube.com/channel/UCWC8EPwA-Bw1_vOsQqSZnVQ
UC8VM6ggMzctVuOvYvJ4GhRw,@skr_rs72,2,2ヶ月,Member (2 months),,不明,,,1,2,0,2026-09-09 06:32,2026-09-09 06:32,,,https://www.youtube.com/channel/UC8VM6ggMzctVuOvYvJ4GhRw
UCT4TYIpqaHTdiInSG6CSBoQ,@miiiiiiiiiisopi,2,2ヶ月,Member (2 months),,不明,,,1,2,0,2026-09-09 06:32,2026-09-09 06:32,,,https://www.youtube.com/channel/UCT4TYIpqaHTdiInSG6CSBoQ
UCS6eY-Gpt-h-_ETOGIIRTNA,@neko_nyn_2,2,2ヶ月,Member (2 months),,不明,,,1,4,0,2026-09-10 22:04,2026-09-10 22:04,,,https://www.youtube.com/channel/UCS6eY-Gpt-h-_ETOGIIRTNA
UC9yoKTvoJRW2pPbD5X0bIqQ,@黒瀬弥菜,2,2ヶ月,Member (2 months),,不明,,,1,1,1,2026-09-11 22:10,2026-09-11 22:10,,,https://www.youtube.com/channel/UC9yoKTvoJRW2pPbD5X0bIqQ
UCQgc11A-idhvZ_BJyVymIWA,@uruuru._.0822,2,2ヶ月,Member (2 months),,不明,,,1,1,0,2026-09-13 21:01,2026-09-13 21:01,,,https://www.youtube.com/channel/UCQgc11A-idhvZ_BJyVymIWA
UCHv0f-F7Ya0EfkqcDckkOtA,@パソワ,2,2ヶ月,Member (2 months),,不明,,,1,1,0,2026-09-13 21:01,2026-09-13 21:01,,,https://www.youtube.com/channel/UCHv0f-F7Ya0EfkqcDckkOtA
UCgEh0xJVPsVULxvP-pwB2-A,@shino1253,2,2ヶ月,Member (2 months),,不明,,,1,1,0,2026-09-13 21:01,2026-09-13 21:01,,,https://www.youtube.com/channel/UCgEh0xJVPsVULxvP-pwB2-A
UCpdNk-So0IqrqYPP01ieqKw,@ymymym_72,2,2ヶ月,Member (2 months),,不明,,,1,6,0,2026-09-13 21:01,2026-09-13 21:01,,,https://www.youtube.com/channel/UCpdNk-So0IqrqYPP01ieqKw
UC6Bgt4_ccW6RF_jFaLr4dww,@さと-w9s8k,2,2ヶ月,Member (2 months),,不明,,,1,1,0,2026-09-13 21:01,2026-09-13 21:01,,,https://www.youtube.com/channel/UC6Bgt4_ccW6RF_jFaLr4dww
UCgqdYPhfPM-e34HHolbKCuw,@ぱち_o7z,2,2ヶ月,Member (2 months),,不明,,,1,1,0,2026-09-13 21:01,2026-09-13 21:01,,,https://www.youtube.com/channel/UCgqdYPhfPM-e34HHolbKCuw
UCSCkc67xq4NKgzcw2-oirhg,@mochimogu_nikki,2,2ヶ月,Member (2 months),,不明,,,1,1,0,2026-09-14 06:32,2026-09-14 06:32,,,https://www.youtube.com/channel/UCSCkc67xq4NKgzcw2-oirhg
UC0hNXgsyci7MS8b7PCEw_6A,@aucesann,2,2ヶ月,Member (2 months),,不明,,,1,3,0,2026-09-15 21:04,2026-09-15 21:04,,,https://www.youtube.com/channel/UC0hNXgsyci7MS8b7PCEw_6A
UCjOZYzXT_Vas9IVOtsMZ2kQ,@HIROnmxxxyt,2,2ヶ月,Member (2 months),5,れおとらいぶ,マイルストーン,,1,3,0,2026-09-16 06:32,2026-09-16 06:32,,,https://www.youtube.com/channel/UCjOZYzXT_Vas9IVOtsMZ2kQ
UCGAqQU5UxryZTmYStp3EjCw,@Sora_4646,2,2ヶ月,Member (2 months),,不明,,,1,2,0,2026-09-16 06:32,2026-09-16 06:32,,,https://www.youtube.com/channel/UCGAqQU5UxryZTmYStp3EjCw
UCi3avublCzbyM6u24DEi-Lw,@たかみー-m3d,2,2ヶ月,Member (2 months),,不明,,,1,3,0,2026-09-16 06:32,2026-09-16 06:32,,,https://www.youtube.com/channel/UCi3avublCzbyM6u24DEi-Lw
UCr53QfI9EMgL23dC9f8cq7Q,@夏木煉,2,2ヶ月,Member (2 months),,不明,,,1,5,0,2026-09-18 06:32,2026-09-18 06:32,,,https://www.youtube.com/channel/UCr53QfI9EMgL23dC9f8cq7Q
UCiWnNlg2pIXG-DJMhjPJ1Qw,@Pangpong-w3g,2,2ヶ月,Member (2 months),,不明,,,1,1,0,2026-09-18 20:00,2026-09-18 20:00,,,https://www.youtube.com/channel/UCiWnNlg2pIXG-DJMhjPJ1Qw
UC4j3cbPGnTa-7iOWEaoSRfw,@qila_キラ,2,2ヶ月,Member (2 months),,不明,,,1,1,0,2026-09-18 20:00,2026-09-18 20:00,,,https://www.youtube.com/channel/UC4j3cbPGnTa-7iOWEaoSRfw
UCzYW-TS3CXB-hHHDFahTRaA,@aocha__000,2,2ヶ月,Member (2 months),,不明,,,1,1,0,2026-09-18 20:00,2026-09-18 20:00,,,https://www.youtube.com/channel/UCzYW-TS3CXB-hHHDFahTRaA
UCtm7vitF22vrGvO1OG2-L2Q,@れんり_mikan,2,2ヶ月,Member (2 months),,不明,,,1,1,0,2026-09-18 20:00,2026-09-18 20:00,,,https://www.youtube.com/channel/UCtm7vitF22vrGvO1OG2-L2Q
UC1TrqQTwQKXWvfwWe_ZIBRw,@彩-v1i9k,2,2ヶ月,Member (2 months),,不明,,,1,1,0,2026-09-18 20:00,2026-09-18 20:00,,,https://www.youtube.com/channel/UC1TrqQTwQKXWvfwWe_ZIBRw
UCDAleEm74mlpEB1ervGaWgw,@なち-c5f4g,2,2ヶ月,Member (2 months),,不明,,,1,1,1,2026-09-18 21:01,2026-09-18 21:01,,,https://www.youtube.com/channel/UCDAleEm74mlpEB1ervGaWgw
UCUn9ijeljs0_IYtrYarnalg,@yuchan623,2,2ヶ月,Member (2 months),,不明,,,1,3,1,2026-09-18 21:01,2026-09-18 21:01,,,https://www.youtube.com/channel/UCUn9ijeljs0_IYtrYarnalg
UCLniT7vGwq5woyM3Mybr6vw,@kiinkaoo,2,2ヶ月,Member (2 months),,不明,,,1,1,1,2026-09-18 21:01,2026-09-18 21:01,,,https://www.youtube.com/channel/UCLniT7vGwq5woyM3Mybr6vw
UCdfE2i49gr4_E52FeqUQVKw,@じめん_jimen,2,2ヶ月,Member (2 months),2,れおとらいぶ,マイルストーン,,1,0,0,2026-09-18 21:01,2026-09-18 21:01,,,https://www.youtube.com/channel/UCdfE2i49gr4_E52FeqUQVKw
UCmN7ewry0L1MRnya2LICEBw,@じゅりな-krt,2,2ヶ月,Member (2 months),,不明,,,1,53,0,2026-09-21 06:34,2026-09-21 06:34,,,https://www.youtube.com/channel/UCmN7ewry0L1MRnya2LICEBw
UCGirerFBY5r-N4dLSOC5urQ,@宮-d3s,2,2ヶ月,Member (2 months),,不明,,,1,1,0,2026-09-21 06:34,2026-09-21 06:34,,,https://www.youtube.com/channel/UCGirerFBY5r-N4dLSOC5urQ
UCTYwMQ6IgqVTM4g5-Gw4PjQ,@ReeeeoN,2,2ヶ月,Member (2 months),,不明,,,1,1,0,2026-09-23 06:36,2026-09-23 06:36,,,https://www.youtube.com/channel/UCTYwMQ6IgqVTM4g5-Gw4PjQ
UCVV4tEuoz44tkIzK6jwe7XQ,@みずきんぐ-x8y,2,2ヶ月,Member (2 months),,不明,,,1,2,0,2026-09-23 21:01,2026-09-23 21:01,,,https://www.youtube.com/channel/UCVV4tEuoz44tkIzK6jwe7XQ
UCItirUQNAoKyGUuSYbOhb5w,@zwrc2ii,2,2ヶ月,Member (2 months),,れおとらいぶ,再加入/レベル変更,,1,0,0,2026-09-24 05:04,2026-09-24 05:04,,,https://www.youtube.com/channel/UCItirUQNAoKyGUuSYbOhb5w
UCJslaSIDh_6llpPjpoc-YQA,@くまもり666,2,2ヶ月,Member (2 months),,不明,,,1,1,0,2026-09-25 06:32,2026-09-25 06:32,,,https://www.youtube.com/channel/UCJslaSIDh_6llpPjpoc-YQA
UCZwOqnTeX4_5WmWGb0GUP7w,@maaya-717,2,2ヶ月,Member (2 months),,不明,,,1,1,0,2026-09-25 06:32,2026-09-25 06:32,,,https://www.youtube.com/channel/UCZwOqnTeX4_5WmWGb0GUP7w
UCj2eXZBcvPsVVsq1XQruVlQ,@kuro_02525,2,2ヶ月,Member (2 months),,不明,,,1,1,0,2026-09-25 22:01,2026-09-25 22:01,,,https://www.youtube.com/channel/UCj2eXZBcvPsVVsq1XQruVlQ
UCwaxiBBfxlWhQLDYjY8SPTg,@hanaichan_n,2,2ヶ月,Member (2 months),,不明,,,1,1,0,2026-09-25 22:01,2026-09-25 22:01,,,https://www.youtube.com/channel/UCwaxiBBfxlWhQLDYjY8SPTg
UCjuxBeMbjaRphX_KKP9IrIQ,@ひねもす-t6f,2,2ヶ月,Member (2 months),,不明,,,1,1,0,2026-09-26 21:01,2026-09-26 21:01,,,https://www.youtube.com/channel/UCjuxBeMbjaRphX_KKP9IrIQ
UCE2AOJbcTZ0WMKfSfq_3Yrw,@ゆみちむ0131,2,2ヶ月,Member (2 months),,不明,,,1,7,0,2026-09-26 21:01,2026-09-26 21:01,,,https://www.youtube.com/channel/UCE2AOJbcTZ0WMKfSfq_3Yrw
UCcPVl54Cgvq7bLr1X3rex6A,@るなちrrretr,2,2ヶ月,Member (2 months),,不明,,,1,1,0,2026-09-26 21:01,2026-09-26 21:01,,,https://www.youtube.com/channel/UCcPVl54Cgvq7bLr1X3rex6A
UCaxjHQEg4oVInxr4o8iJREw,@シズsiz,2,2ヶ月,Member (2 months),,不明,,,1,3,0,2026-09-29 06:32,2026-09-29 06:32,,,https://www.youtube.com/channel/UCaxjHQEg4oVInxr4o8iJREw
UCkaaEjdcMzWA5cHWQJOklEQ,@nqtl.h,2,2ヶ月,Member (2 months),,不明,,,1,1,0,2026-09-29 06:32,2026-09-29 06:32,,,https://www.youtube.com/channel/UCkaaEjdcMzWA5cHWQJOklEQ
UCR_Nv091AHiSezqXrzd8GSA,@ふよ0,2,2ヶ月,Member (2 months),,不明,,,1,1,0,2026-09-29 06:32,2026-09-29 06:32,,,https://www.youtube.com/channel/UCR_Nv091AHiSezqXrzd8GSA
UCxJnRi61auJiWy1xcIzCNVA,@ハニュッ-0,2,2ヶ月,Member (2 months),,不明,,,1,1,0,2026-10-01 21:01,2026-10-01 21:01,,,https://www.youtube.com/channel/UCxJnRi61auJiWy1xcIzCNVA
UC2qy_3fWeKX-63p7b_wH2xA,@mhk_o421,2,2ヶ月,Member (2 months),,不明,,,1,1,0,2026-10-01 21:01,2026-10-01 21:01,,,https://www.youtube.com/channel/UC2qy_3fWeKX-63p7b_wH2xA
UC8iHMNur7gC07O1d6MKoi-g,@佐山侑,2,2ヶ月,Member (2 months),,不明,,,1,1,0,2026-10-02 06:32,2026-10-02 06:32,,,https://www.youtube.com/channel/UC8iHMNur7gC07O1d6MKoi-g
UC6WSjvhwxOvwuN_Ut2_tPQQ,@1OV3_s3rg,2,2ヶ月,Member (2 months),,れおとらいぶ,再加入/レベル変更,,1,0,0,2026-10-02 06:32,2026-10-02 06:32,,,https://www.youtube.com/channel/UC6WSjvhwxOvwuN_Ut2_tPQQ
UCBdjBzSYga2h5qKFpwF0CEQ,@chuchu8612,2,2ヶ月,Member (2 months),5,れおとらいぶ,マイルストーン,,1,0,0,2026-10-05 21:02,2026-10-05 21:02,,,https://www.youtube.com/channel/UCBdjBzSYga2h5qKFpwF0CEQ
UCoQKInxQI0otDcUJrZwOITg,@ゆえ_84,2,2ヶ月,Member (2 months),,不明,,,1,1,0,2026-10-07 06:32,2026-10-07 06:32,,,https://www.youtube.com/channel/UCoQKInxQI0otDcUJrZwOITg
UCHYZJ6nEUCs3n-aiZ-yF8pw,@rinami_m,1,1ヶ月,Member (1 month),,不明,,,35,1074,32,2026-09-09 06:32,2026-10-08 00:00,,,https://www.youtube.com/channel/UCHYZJ6nEUCs3n-aiZ-yF8pw
UCf-vaNUc94I6b4fcW9Qd8xQ,@bill_s-j6s,1,1ヶ月,Member (1 month),,不明,,,33,332,11,2026-09-09 06:32,2026-10-08 00:00,,,https://www.youtube.com/channel/UCf-vaNUc94I6b4fcW9Qd8xQ
UCF4UN3tqT6IFhc0CR252XHg,@R_momo,1,1ヶ月,Member (1 month),,不明,,,32,463,34,2026-09-10 22:04,2026-10-08 00:00,,,https://www.youtube.com/channel/UCF4UN3tqT6IFhc0CR252XHg
UCdrtMZsnTDYB_T0LKjdmNcw,@ねぎとろあんこ,1,1ヶ月,Member (1 month),,れおとらいぶ,新規加入,,30,677,8,2026-09-09 06:32,2026-10-05 21:02,○,,https://www.youtube.com/channel/UCdrtMZsnTDYB_T0LKjdmNcw
UCRF_3dEMkjPC-Z3248VRtDQ,@くろくん-w2v,1,1ヶ月,Member (1 month),,不明,,,29,125,0,2026-09-09 06:32,2026-10-08 00:00,,,https://www.youtube.com/channel/UCRF_3dEMkjPC-Z3248VRtDQ
UCWWYogAhTgeQ40dEvbNgynA,@いちごうさぎ_0x0,1,1ヶ月,Member (1 month),,れおとらいぶ,新規加入,,27,102,0,2026-09-10 22:04,2026-10-06 21:02,○,,https://www.youtube.com/channel/UCWWYogAhTgeQ40dEvbNgynA
UCy63oWVMZqp62aTx2q01JTw,@桃味,1,1ヶ月,Member (1 month),,不明,,,26,450,0,2026-09-09 06:32,2026-10-07 06:32,,,https://www.youtube.com/channel/UCy63oWVMZqp62aTx2q01JTw
UCTCKzltVB45OXPBajKP15wA,@mono_nj,1,1ヶ月,Member (1 month),,不明,,,25,965,0,2026-09-09 06:32,2026-10-08 00:00,,,https://www.youtube.com/channel/UCTCKzltVB45OXPBajKP15wA
UClW5ecmecn8tTMAJJn3lCig,@みけ-12,1,1ヶ月,Member (1 month),,不明,,,24,87,2,2026-09-09 06:32,2026-10-07 06:32,,,https://www.youtube.com/channel/UClW5ecmecn8tTMAJJn3lCig
UCjbx_xLixkZGIRp-SHXp8VA,@ゆうき坊,1,1ヶ月,Member (1 month),,不明,,,24,217,0,2026-09-11 22:10,2026-10-08 00:00,,,https://www.youtube.com/channel/UCjbx_xLixkZGIRp-SHXp8VA
UCud4SHzJIPa0lmNLM_XTWNA,@aiai_box,1,1ヶ月,Member (1 month),,不明,,,23,165,0,2026-09-09 06:32,2026-10-07 06:32,,,https://www.youtube.com/channel/UCud4SHzJIPa0lmNLM_XTWNA
UCH03RYN5cPJBAQ4zj5muxhw,@のたゃ-l7k,1,1ヶ月,Member (1 month),,不明,,,23,426,2,2026-09-10 22:04,2026-10-07 06:32,,,https://www.youtube.com/channel/UCH03RYN5cPJBAQ4zj5muxhw
UCaLNbxCGXw9MQ0kH9xcge2w,@ゆお-k4v,1,1ヶ月,Member (1 month),,不明,,,22,136,0,2026-09-09 06:32,2026-10-07 06:32,,,https://www.youtube.com/channel/UCaLNbxCGXw9MQ0kH9xcge2w
UC-6TWpZmizMeSF03N4C0AWQ,@aka7_219,1,1ヶ月,Member (1 month),,不明,,,20,240,4,2026-09-09 06:32,2026-10-08 00:00,,,https://www.youtube.com/channel/UC-6TWpZmizMeSF03N4C0AWQ
UC4__eIDxNn0ltg3_e2ho6RA,@ぱんだぱん-r2p,1,1ヶ月,Member (1 month),,不明,,,19,185,0,2026-09-09 06:32,2026-10-07 06:32,,,https://www.youtube.com/channel/UC4__eIDxNn0ltg3_e2ho6RA
UC2E3oy0CJy-oi9U1AuATBaQ,@miru_s2-u4k,1,1ヶ月,Member (1 month),1,れおとらいぶ,マイルストーン,,18,481,0,2026-09-09 06:32,2026-10-06 21:02,,,https://www.youtube.com/channel/UC2E3oy0CJy-oi9U1AuATBaQ
UC8t6Mmn1ravAQW7Zy5AFSzw,@リンセイ_o1,1,1ヶ月,Member (1 month),,不明,,,18,54,0,2026-09-09 06:32,2026-10-08 00:00,,,https://www.youtube.com/channel/UC8t6Mmn1ravAQW7Zy5AFSzw
UC70Rq48k7ZcMmlo42pv3ECA,@ゆっか工場長,1,1ヶ月,Member (1 month),,不明,,,18,227,18,2026-09-09 06:32,2026-10-07 06:32,,,https://www.youtube.com/channel/UC70Rq48k7ZcMmlo42pv3ECA
UCTcVtMhcvtHMT4Atw5tMMoA,@悠華-yuuka,1,1ヶ月,Member (1 month),,不明,,,17,411,0,2026-09-10 22:04,2026-10-08 00:00,,,https://www.youtube.com/channel/UCTcVtMhcvtHMT4Atw5tMMoA
UCT9q0O19ipBzP19JdZ-rTEw,@ナナキ_76,1,1ヶ月,Member (1 month),,不明,,,16,71,1,2026-09-09 06:32,2026-10-08 00:00,,,https://www.youtube.com/channel/UCT9q0O19ipBzP19JdZ-rTEw
UCkaLyDQmhMQTU4O5BsgYh5A,@ssusu0u,1,1ヶ月,Member (1 month),,不明,,,16,26,0,2026-09-10 22:04,2026-10-05 21:02,,,https://www.youtube.com/channel/UCkaLyDQmhMQTU4O5BsgYh5A
UCxEog4YHpURoMJDWIn0FKGg,@まぁや-r4m,1,1ヶ月,Member (1 month),,不明,,,16,38,3,2026-09-11 22:10,2026-10-05 21:02,,,https://www.youtube.com/channel/UCxEog4YHpURoMJDWIn0FKGg
UChsOMrBW912xrEt8uVZCJpQ,@なずな-821,1,1ヶ月,Member (1 month),,不明,,,15,54,2,2026-09-09 06:32,2026-10-07 06:32,,,https://www.youtube.com/channel/UChsOMrBW912xrEt8uVZCJpQ
UCCbejlMlBorz4sEBLesOq6A,@かちゅん-r9v,1,1ヶ月,Member (1 month),,不明,,,15,83,0,2026-09-11 06:32,2026-10-06 21:02,,,https://www.youtube.com/channel/UCCbejlMlBorz4sEBLesOq6A
UCXyQx0Ozqu8XPB7uh71fyzA,@ねぎしお0713,1,1ヶ月,Member (1 month),,不明,,,14,35,1,2026-09-09 06:32,2026-10-05 06:32,,,https://www.youtube.com/channel/UCXyQx0Ozqu8XPB7uh71fyzA
UCA6TSzOe-EMZkOfyrTkaE2w,@みつき0226,1,1ヶ月,Member (1 month),,不明,,,14,171,1,2026-09-11 06:32,2026-10-04 12:03,,,https://www.youtube.com/channel/UCA6TSzOe-EMZkOfyrTkaE2w
UCJt06e-MGQDEmCn0abh1zDA,@na_0osume,1,1ヶ月,Member (1 month),,不明,,,14,17,0,2026-09-16 06:32,2026-10-08 00:00,,,https://www.youtube.com/channel/UCJt06e-MGQDEmCn0abh1zDA
UC2GzXQZ-tE8qYPRVeIgpH-w,@なゆた_nayut,1,1ヶ月,Member (1 month),,不明,,,12,37,8,2026-09-09 06:32,2026-10-07 06:32,,,https://www.youtube.com/channel/UC2GzXQZ-tE8qYPRVeIgpH-w
UCnf1PcAlho5OqgVTOxnneSg,@ひかひかルン,1,1ヶ月,Member (1 month),,不明,,,12,27,1,2026-09-09 06:32,2026-10-07 06:32,,,https://www.youtube.com/channel/UCnf1PcAlho5OqgVTOxnneSg
UC8ksFBpnHVIDqBmlufntxyA,@fyuri1123,1,1ヶ月,Member (1 month),,不明,,,12,48,0,2026-09-09 06:32,2026-10-06 21:02,,,https://www.youtube.com/channel/UC8ksFBpnHVIDqBmlufntxyA
UCrtRUSoQMDu-U6zwcZhM6dg,@るね-s2j,1,1ヶ月,Member (1 month),,不明,,,12,59,1,2026-09-09 06:32,2026-10-05 21:02,,,https://www.youtube.com/channel/UCrtRUSoQMDu-U6zwcZhM6dg
UCPhzTUT5t141jQ7xbspdEfg,@hina0726-f1b,1,1ヶ月,Member (1 month),,不明,,,11,32,0,2026-09-09 06:32,2026-10-07 06:32,,,https://www.youtube.com/channel/UCPhzTUT5t141jQ7xbspdEfg
UCmwZ2pqQPRFDaQ6YPwdKAdA,@takusanmgmg3,1,1ヶ月,Member (1 month),,不明,,,10,375,0,2026-09-09 06:32,2026-10-05 06:32,,,https://www.youtube.com/channel/UCmwZ2pqQPRFDaQ6YPwdKAdA
UCFIqNHE1TrRLAEJsfXE5jow,@しろにゃUwU099,1,1ヶ月,Member (1 month),,不明,,,10,47,0,2026-09-09 06:32,2026-10-03 22:03,,,https://www.youtube.com/channel/UCFIqNHE1TrRLAEJsfXE5jow
UCKgHCq4nOsgi6MnPXQE-1VA,@sao_3Op_x,1,1ヶ月,Member (1 month),,不明,,,10,15,0,2026-09-10 22:04,2026-10-08 00:00,,,https://www.youtube.com/channel/UCKgHCq4nOsgi6MnPXQE-1VA
UCsdFxnOPHzVmlzk5MxWYcmw,@user-tomatoma10,1,1ヶ月,Member (1 month),,れおとらいぶ,新規加入,,10,206,1,2026-09-12 22:01,2026-10-06 21:02,○,,https://www.youtube.com/channel/UCsdFxnOPHzVmlzk5MxWYcmw
UCuSj83d9cuC-xP7O8ywmYgA,@suzu_usagi_san,1,1ヶ月,Member (1 month),,れおとらいぶ,新規加入,,10,124,0,2026-09-18 06:32,2026-09-29 06:32,○,,https://www.youtube.com/channel/UCuSj83d9cuC-xP7O8ywmYgA
UC1bLSGSKvLBIgTGmJKNdGxQ,@SMR-GO172,1,1ヶ月,Member (1 month),,不明,,,9,274,0,2026-09-19 21:02,2026-10-08 00:00,,,https://www.youtube.com/channel/UC1bLSGSKvLBIgTGmJKNdGxQ
UCc_DJfHsz2Xl3psUanK6_KA,@ちゃろたろ,1,1ヶ月,Member (1 month),,不明,,,9,28,0,2026-09-22 21:00,2026-10-07 06:32,,,https://www.youtube.com/channel/UCc_DJfHsz2Xl3psUanK6_KA
UCAwi-tIpABSRhQS8mdkHLMw,@まみら-g7x,1,1ヶ月,Member (1 month),,不明,,,8,48,0,2026-09-09 06:32,2026-10-05 06:32,,,https://www.youtube.com/channel/UCAwi-tIpABSRhQS8mdkHLMw
UCoGFCbW0SUcEHTy3YCF2aTg,@しいたけshiitake,1,1ヶ月,Member (1 month),,不明,,,8,110,0,2026-09-09 06:32,2026-10-02 06:32,,,https://www.youtube.com/channel/UCoGFCbW0SUcEHTy3YCF2aTg
UC1KVkBENXAQMuUDtPG5lfZw,@ゅりか_lily,1,1ヶ月,Member (1 month),,れおとらいぶ,新規加入,,8,168,2,2026-09-11 06:32,2026-10-06 21:02,○,,https://www.youtube.com/channel/UC1KVkBENXAQMuUDtPG5lfZw
UCnyo7ku8YIIINzEzfD1_ajw,@あいみん_305,1,1ヶ月,Member (1 month),,不明,,,7,33,3,2026-09-09 06:32,2026-09-26 21:01,,,https://www.youtube.com/channel/UCnyo7ku8YIIINzEzfD1_ajw
UCSumnDpFVZ2vxLY2X_ea4Og,@あすあす-p3g,1,1ヶ月,Member (1 month),,不明,,,7,131,1,2026-09-09 06:32,2026-10-05 06:32,,,https://www.youtube.com/channel/UCSumnDpFVZ2vxLY2X_ea4Og
UCvVRpMBdGHFGNDXLBKkcoyg,@つきなが-v2y,1,1ヶ月,Member (1 month),,不明,,,7,88,1,2026-09-13 21:01,2026-09-29 06:32,,,https://www.youtube.com/channel/UCvVRpMBdGHFGNDXLBKkcoyg
UC75nOW81iNFDEIbsuXzCMAA,@ににいち,1,1ヶ月,Member (1 month),,不明,,,7,13,2,2026-09-18 06:32,2026-10-08 00:00,,,https://www.youtube.com/channel/UC75nOW81iNFDEIbsuXzCMAA
UCACHZBSFpG0dOLyUAvRqSqw,@ぴよりん-0o88,1,1ヶ月,Member (1 month),,不明,,,6,110,0,2026-09-11 06:32,2026-10-05 21:02,,,https://www.youtube.com/channel/UCACHZBSFpG0dOLyUAvRqSqw
UC_0kqx5vCQRwrVKKx4NzfSw,@あやせbbj,1,1ヶ月,Member (1 month),,不明,,,6,20,0,2026-09-15 21:04,2026-10-08 00:00,,,https://www.youtube.com/channel/UC_0kqx5vCQRwrVKKx4NzfSw
UCbbtrII-P6QxtgBxzOUKvNQ,@つき-l4k,1,1ヶ月,Member (1 month),,不明,,,6,13,0,2026-10-03 22:03,2026-10-08 00:00,,,https://www.youtube.com/channel/UCbbtrII-P6QxtgBxzOUKvNQ
UCpaklDREdOhamRNK1YhywpQ,@sakkfn0025,1,1ヶ月,Member (1 month),,れおとらいぶ,ギフト,ギフトで加入,5,5,0,2026-09-09 06:32,2026-09-25 06:32,○,○,https://www.youtube.com/channel/UCpaklDREdOhamRNK1YhywpQ
UCZiHEky8XunJQIwOYAqxWiA,@まぅ-e1g,1,1ヶ月,Member (1 month),,不明,,,5,18,0,2026-09-11 06:32,2026-10-07 06:32,,,https://www.youtube.com/channel/UCZiHEky8XunJQIwOYAqxWiA
UCjM-Y6fu7Wz2UBinJqfvZ-w,@h_smdy,1,1ヶ月,Member (1 month),,不明,,,5,9,0,2026-09-19 21:02,2026-10-05 06:32,,,https://www.youtube.com/channel/UCjM-Y6fu7Wz2UBinJqfvZ-w
UCM9meVrvL2BiNeiAYSTLYxw,@ryoryo5292,1,1ヶ月,Member (1 month),,れおとらいぶ,ギフト,ギフトで加入,5,9,0,2026-09-30 06:32,2026-10-07 06:32,○,○,https://www.youtube.com/channel/UCM9meVrvL2BiNeiAYSTLYxw
UCXE1Ud7OSKh302_3ucuqyAQ,@Kozaburo,1,1ヶ月,Member (1 month),,不明,,,4,13,0,2026-09-11 22:10,2026-10-02 06:32,,,https://www.youtube.com/channel/UCXE1Ud7OSKh302_3ucuqyAQ
UC6xjjbxDk8Xjr__vcbk-5tg,@mimo.x_x,1,1ヶ月,Member (1 month),,不明,,,4,8,0,2026-09-16 06:32,2026-09-25 22:01,,,https://www.youtube.com/channel/UC6xjjbxDk8Xjr__vcbk-5tg
UC2vyTK6hkK1i7Hla-cri7Jw,@mrx6jp,1,1ヶ月,Member (1 month),,不明,,,4,12,0,2026-09-21 20:32,2026-10-05 06:32,,,https://www.youtube.com/channel/UC2vyTK6hkK1i7Hla-cri7Jw
UC3eO1qDS1gnOqa3wxaw1XiA,@mariimo11,1,1ヶ月,Member (1 month),,不明,,,3,6,0,2026-09-10 22:04,2026-10-04 12:03,,,https://www.youtube.com/channel/UC3eO1qDS1gnOqa3wxaw1XiA
UCs-1YD7EsMR_QN37OwJU_9w,@n1cose-7i,1,1ヶ月,Member (1 month),,不明,,,3,3,0,2026-09-11 06:32,2026-10-02 06:32,,,https://www.youtube.com/channel/UCs-1YD7EsMR_QN37OwJU_9w
UCDQJIJVCjmAQDjbEm7rO8dA,@りぃ-UxU,1,1ヶ月,Member (1 month),,不明,,,3,12,0,2026-09-13 22:47,2026-10-03 22:03,,,https://www.youtube.com/channel/UCDQJIJVCjmAQDjbEm7rO8dA
UCRQU1bKxOqRcSI7m77XyLPg,@きょうちゃん_ky0u0cN,1,1ヶ月,Member (1 month),,不明,,,3,68,0,2026-09-26 21:01,2026-10-02 06:32,,,https://www.youtube.com/channel/UCRQU1bKxOqRcSI7m77XyLPg
UCvFmbkZ6hQRj9pdPQJ-wPlA,@juniba613,1,1ヶ月,Member (1 month),,れおとらいぶ,ギフト,ギフトで加入,3,4,0,2026-09-30 06:32,2026-10-06 21:02,○,○,https://www.youtube.com/channel/UCvFmbkZ6hQRj9pdPQJ-wPlA
UCnRhgob6umbZn5n--6MyR1g,@user-usausagi,1,1ヶ月,Member (1 month),,不明,,,2,2,1,2026-09-13 22:47,2026-09-18 06:32,,,https://www.youtube.com/channel/UCnRhgob6umbZn5n--6MyR1g
UCP-lL6nBglKSgmJco19Z2ZQ,@れい-z8m,1,1ヶ月,Member (1 month),,不明,,,2,4,0,2026-09-18 20:00,2026-09-27 20:02,,,https://www.youtube.com/channel/UCP-lL6nBglKSgmJco19Z2ZQ
UCyGiivkyB0Hoe-9I-v-7Egg,@rr_h0709,1,1ヶ月,Member (1 month),,不明,,,2,40,0,2026-09-18 20:00,2026-10-08 00:00,,,https://www.youtube.com/channel/UCyGiivkyB0Hoe-9I-v-7Egg
UCOooIFOWJ62mc202DneRaFA,@r_0724,1,1ヶ月,Member (1 month),,れおとらいぶ,新規加入,,2,4,0,2026-09-18 21:01,2026-09-26 21:01,○,,https://www.youtube.com/channel/UCOooIFOWJ62mc202DneRaFA
UC9ITCCRA8TEN5Uz9_ZRtKew,@kiki1028-g1l,1,1ヶ月,Member (1 month),,不明,,,1,1,0,2026-09-10 22:04,2026-09-10 22:04,,,https://www.youtube.com/channel/UC9ITCCRA8TEN5Uz9_ZRtKew
UCvQzn_M5-QY6uUorVlQ8zGg,@ぽぺとっと,1,1ヶ月,Member (1 month),,不明,,,1,9,0,2026-09-10 22:04,2026-09-10 22:04,,,https://www.youtube.com/channel/UCvQzn_M5-QY6uUorVlQ8zGg
UC6Hok32sP2lXYW_-3scT6dQ,@minya_0,1,1ヶ月,Member (1 month),,不明,,,1,1,0,2026-09-16 06:32,2026-09-16 06:32,,,https://www.youtube.com/channel/UC6Hok32sP2lXYW_-3scT6dQ
UChQTH_ZzjvjS-PNVfq3eKwg,@叁玙_Sanyo,1,1ヶ月,Member (1 month),,不明,,,1,24,0,2026-09-18 20:00,2026-09-18 20:00,,,https://www.youtube.com/channel/UChQTH_ZzjvjS-PNVfq3eKwg
UCMNw4HPiJOTMDfAI3vKXQUQ,@ぱんい,1,1ヶ月,Member (1 month),,不明,,,1,1,1,2026-09-18 21:01,2026-09-18 21:01,,,https://www.youtube.com/channel/UCMNw4HPiJOTMDfAI3vKXQUQ
UC1siXVdRTWnY2-mjDg7GEtg,@ゆずまるmaru,1,1ヶ月,Member (1 month),,不明,,,1,6,0,2026-09-18 21:01,2026-09-18 21:01,,,https://www.youtube.com/channel/UC1siXVdRTWnY2-mjDg7GEtg
UC8qd2RuB2zbewlfh22ub9pQ,@あか-c4n8t,1,1ヶ月,Member (1 month),,不明,,,1,1,0,2026-09-21 20:32,2026-09-21 20:32,,,https://www.youtube.com/channel/UC8qd2RuB2zbewlfh22ub9pQ
UCTTsdp53XJRJ6-d6HAMffAg,@ふな-u7y,1,1ヶ月,Member (1 month),,不明,,,1,11,0,2026-09-24 05:04,2026-09-24 05:04,,,https://www.youtube.com/channel/UCTTsdp53XJRJ6-d6HAMffAg
UC6Qh1fTfWNYa74MrCbk0XHA,@XaelMoon,1,1ヶ月,Member (1 month),1,れおとらいぶ,マイルストーン,,1,0,0,2026-09-24 05:04,2026-09-24 05:04,,,https://www.youtube.com/channel/UC6Qh1fTfWNYa74MrCbk0XHA
UCSnhsgaIHT8wR8gwkgUgOlw,@くるくる628,1,1ヶ月,Member (1 month),,れおとらいぶ,ギフト,ギフトで加入,1,2,0,2026-09-25 06:32,2026-09-25 06:32,○,○,https://www.youtube.com/channel/UCSnhsgaIHT8wR8gwkgUgOlw
UCC6Dh7AIj8q-i3lWFGsr7FQ,@ametchii,1,1ヶ月,Member (1 month),,れおとらいぶ,新規加入,,1,0,0,2026-09-26 21:01,2026-09-26 21:01,○,,https://www.youtube.com/channel/UCC6Dh7AIj8q-i3lWFGsr7FQ
UC-a4_amU74Sa8KaQjN-K7Sg,@わかな-s9b,1,1ヶ月,Member (1 month),,不明,,,1,1,0,2026-09-30 06:32,2026-09-30 06:32,,,https://www.youtube.com/channel/UC-a4_amU74Sa8KaQjN-K7Sg
UCrh6qIYbs7PZjLXtl7w9PfQ,@Nosi_23ok,1,1ヶ月,Member (1 month),,不明,,,1,3,1,2026-09-30 06:32,2026-09-30 06:32,,,https://www.youtube.com/channel/UCrh6qIYbs7PZjLXtl7w9PfQ
UC63JcULOTu1wsLSCyAM-25w,@ほしめい-c1f,1,1ヶ月,Member (1 month),,不明,,,1,10,0,2026-10-05 06:32,2026-10-05 06:32,,,https://www.youtube.com/channel/UC63JcULOTu1wsLSCyAM-25w
UCpECkCsvf9l0AzIjL2zLRng,@maru6949,1,1ヶ月,Member (1 month),,不明,,,1,1,0,2026-10-05 06:32,2026-10-05 06:32,,,https://www.youtube.com/channel/UCpECkCsvf9l0AzIjL2zLRng
UCFPeSCd_qmLAeTRW3hEGzrg,@あづ-x6z,1,1ヶ月,Member (1 month),,不明,,,1,1,0,2026-10-07 06:32,2026-10-07 06:32,,,https://www.youtube.com/channel/UCFPeSCd_qmLAeTRW3hEGzrg
UCwuoJ_CeBFon7OYSUssC-bw,@らっこ-j3d,0,新規(1ヶ月未満),New member,,不明,,,23,746,0,2026-09-19 21:02,2026-10-08 00:00,,,https://www.youtube.com/channel/UCwuoJ_CeBFon7OYSUssC-bw
UCH9X7hbGfzbSfrRutum_Xsw,@白玉-w3g,0,新規(1ヶ月未満),New member,,れおとらいぶ,新規加入,,18,953,17,2026-09-09 06:32,2026-10-07 06:32,○,,https://www.youtube.com/channel/UCH9X7hbGfzbSfrRutum_Xsw
UC0_RBYnAEYKegOT9qNBxQzg,@marumochi_,0,新規(1ヶ月未満),New member,,不明,,,16,309,0,2026-09-19 21:02,2026-10-08 00:00,,,https://www.youtube.com/channel/UC0_RBYnAEYKegOT9qNBxQzg
UCwlw2Le56e4QAxJ8E5LdlVQ,@とりぃ__o0,0,新規(1ヶ月未満),New member,,不明,,,15,86,3,2026-09-18 20:00,2026-10-07 06:32,,,https://www.youtube.com/channel/UCwlw2Le56e4QAxJ8E5LdlVQ
UC9zv706YC5t-1S3CkHoraYA,@Keddy_notthebear,0,新規(1ヶ月未満),New member,,不明,,,14,38,0,2026-09-10 22:04,2026-10-08 00:00,,,https://www.youtube.com/channel/UC9zv706YC5t-1S3CkHoraYA
UCAd7l7XFvtgfsYniiQZTdqg,@えへた3,0,新規(1ヶ月未満),New member,,不明,,,14,208,1,2026-09-11 06:32,2026-10-07 06:32,,,https://www.youtube.com/channel/UCAd7l7XFvtgfsYniiQZTdqg
UCvZx88sBQqPxhGBpfxHsDVQ,@ヒョンジー08,0,新規(1ヶ月未満),New member,,れおとらいぶ,新規加入,,14,33,4,2026-09-16 06:32,2026-10-07 06:32,○,,https://www.youtube.com/channel/UCvZx88sBQqPxhGBpfxHsDVQ
UC7hlfbMLsBXJWUE3j26N5lw,@zgzgz1,0,新規(1ヶ月未満),New member,,不明,,,13,90,0,2026-09-15 21:04,2026-10-08 00:00,,,https://www.youtube.com/channel/UC7hlfbMLsBXJWUE3j26N5lw
UCJh2P6ScMRruwTA50cyyqOQ,@はなぺち-Ws2Xjb,0,新規(1ヶ月未満),New member,,れおとらいぶ,新規加入,,13,31,11,2026-09-18 06:32,2026-10-06 21:02,○,,https://www.youtube.com/channel/UCJh2P6ScMRruwTA50cyyqOQ
UCbqHmruwqAPpamkQI8_sf5Q,@とうかちゃん_touka,0,新規(1ヶ月未満),New member,,れおとらいぶ,新規加入,,12,342,1,2026-09-10 22:04,2026-09-30 06:32,○,,https://www.youtube.com/channel/UCbqHmruwqAPpamkQI8_sf5Q
UCdfYbEkP7FjAWRicz1UKt7w,@チョコパイ子,0,新規(1ヶ月未満),New member,,不明,,,12,13,1,2026-09-14 06:32,2026-10-05 21:02,,,https://www.youtube.com/channel/UCdfYbEkP7FjAWRicz1UKt7w
UCjVyRoV_czdDqiiISdKxXlw,@CITYMACHO,0,新規(1ヶ月未満),New member,,不明,,,12,85,0,2026-09-19 21:02,2026-10-08 00:00,,,https://www.youtube.com/channel/UCjVyRoV_czdDqiiISdKxXlw
UCV_WYWgLz5ZK4zQVTROxErg,@グミ_1221,0,新規(1ヶ月未満),New member,,不明,,,10,17,0,2026-09-10 22:04,2026-09-29 21:01,,,https://www.youtube.com/channel/UCV_WYWgLz5ZK4zQVTROxErg
UCkoZZDLaGw8bamIlwyJiQNg,@ゆち_s2,0,新規(1ヶ月未満),New member,,不明,,,10,15,0,2026-09-10 22:04,2026-10-03 22:03,,,https://www.youtube.com/channel/UCkoZZDLaGw8bamIlwyJiQNg
UCBqjtKiVgNfNbcLuM38hD6Q,@こなゆき-s7m,0,新規(1ヶ月未満),New member,,不明,,,10,38,2,2026-09-11 06:32,2026-10-02 06:32,,,https://www.youtube.com/channel/UCBqjtKiVgNfNbcLuM38hD6Q
UCb_vR5K036dTm7RUqTn7OVQ,@ロサ-1412,0,新規(1ヶ月未満),New member,,不明,,,9,33,13,2026-09-09 06:32,2026-09-23 06:36,,,https://www.youtube.com/channel/UCb_vR5K036dTm7RUqTn7OVQ
UCSPtAt1k8TF1BcdZOGHyyAA,@qwmng326,0,新規(1ヶ月未満),New member,,不明,,,9,25,0,2026-09-10 22:04,2026-09-27 20:02,,,https://www.youtube.com/channel/UCSPtAt1k8TF1BcdZOGHyyAA
UCT-Kcz0HKsOThEB0gja6gzg,@タン塩-n6b,0,新規(1ヶ月未満),New member,,れおとらいぶ,新規加入,,9,197,0,2026-09-19 21:02,2026-10-05 06:32,○,,https://www.youtube.com/channel/UCT-Kcz0HKsOThEB0gja6gzg
UCh6CSUifc6bOmNKK9XYuMjw,@この3333,0,新規(1ヶ月未満),New member,,不明,,,8,25,0,2026-09-15 21:04,2026-10-05 21:02,,,https://www.youtube.com/channel/UCh6CSUifc6bOmNKK9XYuMjw
UCv0H_CjR2RfHqWODkmWM17Q,@るふぁ_Ruf4_x,0,新規(1ヶ月未満),New member,,れおとらいぶ,新規加入,,8,13,0,2026-09-16 06:32,2026-10-04 12:03,○,,https://www.youtube.com/channel/UCv0H_CjR2RfHqWODkmWM17Q
UCj5NeMCF7YhPg-N8xdfN7GA,@ひめひめちゃんねる,0,新規(1ヶ月未満),New member,,不明,,,7,14,0,2026-09-09 06:32,2026-09-30 06:32,,,https://www.youtube.com/channel/UCj5NeMCF7YhPg-N8xdfN7GA
UCVN_KLymDiAQ8P9QRI4IelQ,@dococong,0,新規(1ヶ月未満),New member,,れおとらいぶ,新規加入（2026-09-08）,,7,11,0,2026-09-14 06:32,2026-10-04 12:03,,,https://www.youtube.com/channel/UCVN_KLymDiAQ8P9QRI4IelQ
UCpdUHCHU1JMQZSzCy2ug1Rw,@ころも_12,0,新規(1ヶ月未満),New member,,不明,,,7,40,0,2026-09-23 21:01,2026-10-02 06:32,,,https://www.youtube.com/channel/UCpdUHCHU1JMQZSzCy2ug1Rw
UC4usOwkN-FtnxTC4s1TCrsQ,@winnietang8584,0,新規(1ヶ月未満),New member,,不明,,,6,10,0,2026-09-09 06:32,2026-09-14 22:02,,,https://www.youtube.com/channel/UC4usOwkN-FtnxTC4s1TCrsQ
UCQsPwrbjeDaHgLToHixqi5A,@sora_5524,0,新規(1ヶ月未満),New member,,不明,,,6,10,0,2026-09-09 06:32,2026-10-04 12:03,,,https://www.youtube.com/channel/UCQsPwrbjeDaHgLToHixqi5A
UC2jaRiGgqBLulIulvn8JczA,@kth2oo8,0,新規(1ヶ月未満),New member,,不明,,,6,233,5,2026-09-11 06:32,2026-09-19 21:02,,,https://www.youtube.com/channel/UC2jaRiGgqBLulIulvn8JczA
UCWhitG2nah_QgvbiwyvWEnQ,@9rane_こんにゃっこ,0,新規(1ヶ月未満),New member,,不明,,,6,39,0,2026-09-14 22:02,2026-10-03 22:03,,,https://www.youtube.com/channel/UCWhitG2nah_QgvbiwyvWEnQ
UCyI1F8s6K2cVUfVgdpxh1lg,@ぐら-j6j,0,新規(1ヶ月未満),New member,,れおとらいぶ,新規加入,,6,17,0,2026-09-18 21:01,2026-10-07 06:32,○,,https://www.youtube.com/channel/UCyI1F8s6K2cVUfVgdpxh1lg
UCEHOIvX9yznXjApj7hYQBBw,@にとへ-p4j,0,新規(1ヶ月未満),New member,,不明,,,5,55,5,2026-09-11 06:32,2026-09-18 21:01,,,https://www.youtube.com/channel/UCEHOIvX9yznXjApj7hYQBBw
UCF_Ag0IFSujoJjvemrSfCsA,@たほ-p1y,0,新規(1ヶ月未満),New member,,不明,,,5,9,0,2026-09-11 22:10,2026-09-29 06:32,,,https://www.youtube.com/channel/UCF_Ag0IFSujoJjvemrSfCsA
UCuASlejHgtzTBoD7bf7Z0kQ,@a.01a1aa,0,新規(1ヶ月未満),New member,,れおとらいぶ,新規加入,,5,19,0,2026-09-13 21:01,2026-09-27 20:02,○,,https://www.youtube.com/channel/UCuASlejHgtzTBoD7bf7Z0kQ
UCaTERNX2rkIwJitaWkM1Syg,@lemonnnnnnnnnnnnnnnnnnnn,0,新規(1ヶ月未満),New member,,不明,,,5,34,0,2026-09-15 21:04,2026-10-02 06:32,,,https://www.youtube.com/channel/UCaTERNX2rkIwJitaWkM1Syg
UC3ymQJniOmtOgxRbM1Odk_Q,@セイ_31,0,新規(1ヶ月未満),New member,,れおとらいぶ,新規加入,,5,6,0,2026-09-18 06:32,2026-10-07 06:32,○,,https://www.youtube.com/channel/UC3ymQJniOmtOgxRbM1Odk_Q
UCV-E5dOhFn6Cp5loTHweNEw,@b1oomin_u,0,新規(1ヶ月未満),New member,,れおとらいぶ,新規加入,,5,150,0,2026-10-03 22:03,2026-10-08 00:00,○,,https://www.youtube.com/channel/UCV-E5dOhFn6Cp5loTHweNEw
UCtj5_4Xqa6NiXZLCADanc1g,@たなか_ta,0,新規(1ヶ月未満),New member,,不明,,,4,10,0,2026-09-10 22:04,2026-09-16 06:32,,,https://www.youtube.com/channel/UCtj5_4Xqa6NiXZLCADanc1g
UCzmRfPdG2mWSRrI6R18T6Ig,@iekaradetakunai00,0,新規(1ヶ月未満),New member,,不明,,,4,7,0,2026-09-10 22:04,2026-09-26 21:01,,,https://www.youtube.com/channel/UCzmRfPdG2mWSRrI6R18T6Ig
UCOhlzNw88x1pF2t8sD6vq0w,@mirin.125.31,0,新規(1ヶ月未満),New member,,不明,,,4,34,1,2026-09-13 21:01,2026-09-25 06:32,,,https://www.youtube.com/channel/UCOhlzNw88x1pF2t8sD6vq0w
UCePPpKEn73Zg6mv07Or96Xw,@chikihara,0,新規(1ヶ月未満),New member,,不明,,,4,81,0,2026-09-18 21:01,2026-10-02 06:32,,,https://www.youtube.com/channel/UCePPpKEn73Zg6mv07Or96Xw
UC0n7LUEFSAy5XYX6zQdm0ig,@dori--n93,0,新規(1ヶ月未満),New member,,不明,,,4,75,0,2026-10-02 06:32,2026-10-08 00:00,,,https://www.youtube.com/channel/UC0n7LUEFSAy5XYX6zQdm0ig
UCk0R_G4zZNhREfxaxIEF7RA,@今日もえらい7,0,新規(1ヶ月未満),New member,,不明,,,4,10,0,2026-10-05 06:32,2026-10-08 00:00,,,https://www.youtube.com/channel/UCk0R_G4zZNhREfxaxIEF7RA
UCxmUdCvOOOXiz16IlGP86og,@myfirstharu,0,新規(1ヶ月未満),New member,,不明,,,3,6,1,2026-09-09 06:32,2026-09-14 22:02,,,https://www.youtube.com/channel/UCxmUdCvOOOXiz16IlGP86og
UCwe9ZIQrYX8KaRypRVVNOJA,@asahiosushi,0,新規(1ヶ月未満),New member,,不明,,,3,6,2,2026-09-09 06:32,2026-09-13 22:47,,,https://www.youtube.com/channel/UCwe9ZIQrYX8KaRypRVVNOJA
UC91JRzDC2g7YBQ6Eu5nJknA,@あかあおーいお茶,0,新規(1ヶ月未満),New member,,不明,,,3,8,0,2026-09-10 22:04,2026-09-18 20:00,,,https://www.youtube.com/channel/UC91JRzDC2g7YBQ6Eu5nJknA
UCtoRD9ssgwebdWnIcwsN5MA,@ohayoudayo,0,新規(1ヶ月未満),New member,,不明,,,3,3,0,2026-09-10 22:04,2026-09-23 06:36,,,https://www.youtube.com/channel/UCtoRD9ssgwebdWnIcwsN5MA
UCeVzzmHMwhjKD8R9MjmxIag,@ゆまたん-h7o,0,新規(1ヶ月未満),New member,,不明,,,3,7,0,2026-09-11 06:32,2026-09-22 21:00,,,https://www.youtube.com/channel/UCeVzzmHMwhjKD8R9MjmxIag
UC_ACRNHOGmACK4LFZA83Yrw,@ちょん01,0,新規(1ヶ月未満),New member,,不明,,,3,3,0,2026-09-11 22:10,2026-09-25 22:01,,,https://www.youtube.com/channel/UC_ACRNHOGmACK4LFZA83Yrw
UCGs3eEsP-OqBiDTqk-7Cnpg,@rumi-t3v,0,新規(1ヶ月未満),New member,,れおとらいぶ,新規加入,,3,3,0,2026-09-15 21:04,2026-10-02 06:32,○,,https://www.youtube.com/channel/UCGs3eEsP-OqBiDTqk-7Cnpg
UCsG3Gp2byyvI32snDwAlJ0Q,@nxyxqxn,0,新規(1ヶ月未満),New member,,れおとらいぶ,新規加入,,3,6,1,2026-09-16 06:32,2026-09-22 21:00,○,,https://www.youtube.com/channel/UCsG3Gp2byyvI32snDwAlJ0Q
UCDgEK6GYZNQRWlbl5r5kZCA,@あんちょび-anchobi,0,新規(1ヶ月未満),New member,,不明,,,3,25,0,2026-09-18 21:01,2026-09-23 06:36,,,https://www.youtube.com/channel/UCDgEK6GYZNQRWlbl5r5kZCA
UCJnws_xmHv5-SdyPFt3xnMQ,@アン_nis,0,新規(1ヶ月未満),New member,,不明,,,3,9,0,2026-09-18 21:01,2026-10-01 21:01,,,https://www.youtube.com/channel/UCJnws_xmHv5-SdyPFt3xnMQ
UCB7LSHmyTtyUrGYVP93ZlpA,@腐ったちいかわさんちーむ,0,新規(1ヶ月未満),New member,,れおとらいぶ,新規加入,,3,11,1,2026-09-19 21:02,2026-10-07 06:32,○,,https://www.youtube.com/channel/UCB7LSHmyTtyUrGYVP93ZlpA
UC2NPfwWx4VMyUBXP5pXuzFQ,@M1e_chan,0,新規(1ヶ月未満),New member,,不明,,,3,6,0,2026-09-25 22:01,2026-10-08 00:00,,,https://www.youtube.com/channel/UC2NPfwWx4VMyUBXP5pXuzFQ
UCjMhX3VUjaqSpfFK5O4rntA,@hjn07,0,新規(1ヶ月未満),New member,,不明,,,3,7,0,2026-09-26 21:01,2026-10-07 06:32,,,https://www.youtube.com/channel/UCjMhX3VUjaqSpfFK5O4rntA
UCe64IN2PqoqfbD5qyySfXwg,@tokotoko_suyasuya,0,新規(1ヶ月未満),New member,,れおとらいぶ,新規加入,,3,2,0,2026-09-29 06:32,2026-10-05 06:32,○,,https://www.youtube.com/channel/UCe64IN2PqoqfbD5qyySfXwg
UCvw9alGPamUUfvWNUi1GTxQ,@smrg0o,0,新規(1ヶ月未満),New member,,不明,,,3,4,3,2026-10-03 22:03,2026-10-08 00:00,,,https://www.youtube.com/channel/UCvw9alGPamUUfvWNUi1GTxQ
UCDJXfF7cXkgHNngc-TnbSpg,@yuna-nico-r6z,0,新規(1ヶ月未満),New member,,不明,,,2,7,1,2026-09-09 06:32,2026-09-14 06:32,,,https://www.youtube.com/channel/UCDJXfF7cXkgHNngc-TnbSpg
UCpXuhKXS5Jk_T_D4te9pihg,@ひま-z7w,0,新規(1ヶ月未満),New member,,不明,,,2,16,0,2026-09-09 06:32,2026-09-14 22:02,,,https://www.youtube.com/channel/UCpXuhKXS5Jk_T_D4te9pihg
UCWyOQKJmF_n-jAVl-L60wDg,@エクスカリバー-i7m,0,新規(1ヶ月未満),New member,,不明,,,2,3,0,2026-09-09 06:32,2026-09-11 06:32,,,https://www.youtube.com/channel/UCWyOQKJmF_n-jAVl-L60wDg
UC7kX1fp_uxamKdhymoJspBA,@きよぽん-b2x,0,新規(1ヶ月未満),New member,,不明,,,2,3,0,2026-09-10 22:04,2026-09-18 20:00,,,https://www.youtube.com/channel/UC7kX1fp_uxamKdhymoJspBA
UCBe1uPujNRFubIawUuSPv7A,@米田-y5t,0,新規(1ヶ月未満),New member,,不明,,,2,2,0,2026-09-10 22:04,2026-09-11 22:10,,,https://www.youtube.com/channel/UCBe1uPujNRFubIawUuSPv7A
UC5LCOl0dMcVGCUDpf5t7Ivw,@串くし_またはダニエル,0,新規(1ヶ月未満),New member,,不明,,,2,78,0,2026-09-12 22:01,2026-09-14 22:02,,,https://www.youtube.com/channel/UC5LCOl0dMcVGCUDpf5t7Ivw
UCq6lyFQ92qS0NFBUGfEFBMw,@みなと-3710cos,0,新規(1ヶ月未満),New member,,れおとらいぶ,新規加入,,2,5,2,2026-09-12 22:01,2026-09-19 21:02,○,,https://www.youtube.com/channel/UCq6lyFQ92qS0NFBUGfEFBMw
UCTEOGviiNqkkkxHGu3kGFLw,@にな-kani_crab,0,新規(1ヶ月未満),New member,,不明,,,2,7,0,2026-09-13 21:01,2026-09-26 21:01,,,https://www.youtube.com/channel/UCTEOGviiNqkkkxHGu3kGFLw
UC0uTcx5Gzbi337AUrrY5CDQ,@Yuna-l1u4d,0,新規(1ヶ月未満),New member,,不明,,,2,3,0,2026-09-13 21:01,2026-09-15 21:04,,,https://www.youtube.com/channel/UC0uTcx5Gzbi337AUrrY5CDQ
UCBOe34TpQHCXI7_IFftTTng,@キミに夢中00,0,新規(1ヶ月未満),New member,,不明,,,2,6,0,2026-09-14 22:02,2026-09-18 21:01,,,https://www.youtube.com/channel/UCBOe34TpQHCXI7_IFftTTng
UCZ8J9a6Acra--Gn405dVFCg,@電気玉ポッチャマ,0,新規(1ヶ月未満),New member,,不明,,,2,3,0,2026-09-14 22:02,2026-09-19 21:02,,,https://www.youtube.com/channel/UCZ8J9a6Acra--Gn405dVFCg
UCMJYYTWlyFa0suGYvgVUItQ,@あらきざみ,0,新規(1ヶ月未満),New member,,不明,,,2,2,0,2026-09-15 21:04,2026-09-29 21:01,,,https://www.youtube.com/channel/UCMJYYTWlyFa0suGYvgVUItQ
UCHnKWuUQgg5ewy6Mc35dOPA,@mameko_k,0,新規(1ヶ月未満),New member,,れおとらいぶ,新規加入,,2,3,0,2026-09-16 06:32,2026-10-05 21:02,○,,https://www.youtube.com/channel/UCHnKWuUQgg5ewy6Mc35dOPA
UCSzqgC_S6Y6bk2xpxblrYFw,@さとみ-n6m,0,新規(1ヶ月未満),New member,,不明,,,2,4,0,2026-09-18 20:00,2026-09-25 06:32,,,https://www.youtube.com/channel/UCSzqgC_S6Y6bk2xpxblrYFw
UCITh9Z4ImXxMcn9sn1YLiaA,@みさき-m8b4n,0,新規(1ヶ月未満),New member,,れおとらいぶ,新規加入,,2,4,0,2026-09-18 21:01,2026-09-25 22:01,○,,https://www.youtube.com/channel/UCITh9Z4ImXxMcn9sn1YLiaA
UC68FLvgwfSaDzZd2BBRezTA,@Hareharekehare,0,新規(1ヶ月未満),New member,,れおとらいぶ,ギフト,ギフトで加入,2,1,0,2026-09-18 21:01,2026-10-04 12:03,○,○,https://www.youtube.com/channel/UC68FLvgwfSaDzZd2BBRezTA
UClO9hwzNO3xOIV7FtI_hoDg,@Kana_chan3,0,新規(1ヶ月未満),New member,,れおとらいぶ,ギフト,ギフトで加入,2,1,0,2026-09-18 21:01,2026-09-29 06:32,○,○,https://www.youtube.com/channel/UClO9hwzNO3xOIV7FtI_hoDg
UC-5WSSTDCA1gg7qZhTOYPPg,@toono7519,0,新規(1ヶ月未満),New member,,不明,,,2,16,0,2026-09-19 21:02,2026-09-22 21:00,,,https://www.youtube.com/channel/UC-5WSSTDCA1gg7qZhTOYPPg
UCu-yNchEWmmHg6Jty2EHyiw,@72_reo_o,0,新規(1ヶ月未満),New member,,不明,,,2,3,0,2026-09-21 20:32,2026-09-23 21:01,,,https://www.youtube.com/channel/UCu-yNchEWmmHg6Jty2EHyiw
UCLFEyXR-pssWt8qawTsMn3w,@せな_t09,0,新規(1ヶ月未満),New member,,不明,,,2,4,0,2026-09-22 21:00,2026-10-01 21:01,,,https://www.youtube.com/channel/UCLFEyXR-pssWt8qawTsMn3w
UCPNr-K6o6_xY6rC8C9TlBgA,@おかゆのおにぎり,0,新規(1ヶ月未満),New member,,不明,,,2,5,0,2026-09-30 06:32,2026-10-02 06:32,,,https://www.youtube.com/channel/UCPNr-K6o6_xY6rC8C9TlBgA
UCw_pP6rhOriStvy1VYa4wuQ,@たお_zZ,0,新規(1ヶ月未満),New member,,れおとらいぶ,ギフト,ギフトで加入,2,8,1,2026-09-30 06:32,2026-10-07 06:32,○,○,https://www.youtube.com/channel/UCw_pP6rhOriStvy1VYa4wuQ
UCtyUTypMv0CylnfZ5Ija-9Q,@葉月_08,0,新規(1ヶ月未満),New member,,れおとらいぶ,新規加入,,2,1,0,2026-09-30 06:32,2026-10-02 06:32,○,,https://www.youtube.com/channel/UCtyUTypMv0CylnfZ5Ija-9Q
UCfmFjg_5RYGM3iNgmBVqCfw,@yura_Nq338,0,新規(1ヶ月未満),New member,,不明,,,2,2,2,2026-10-05 21:02,2026-10-08 00:00,,,https://www.youtube.com/channel/UCfmFjg_5RYGM3iNgmBVqCfw
UCvPHJrK9iwA3DsGO9xK4grA,@haru_u3,0,新規(1ヶ月未満),New member,,不明,,,1,2,0,2026-09-09 06:32,2026-09-09 06:32,,,https://www.youtube.com/channel/UCvPHJrK9iwA3DsGO9xK4grA
UCoqaFEop1VhHft6TzVLwQUQ,@Mmomoもも,0,新規(1ヶ月未満),New member,,不明,,,1,8,0,2026-09-09 06:32,2026-09-09 06:32,,,https://www.youtube.com/channel/UCoqaFEop1VhHft6TzVLwQUQ
UCxoyE0PTv9UttEofDLnoVUA,@KateTheKittyKatXOX,0,新規(1ヶ月未満),,,れおとらいぶ,ギフト,ギフトで加入,1,0,0,2026-09-09 06:32,2026-09-09 06:32,○,○,https://www.youtube.com/channel/UCxoyE0PTv9UttEofDLnoVUA
UC_oEON7SM5qtp-gEV2NxrZw,@miku927,0,新規(1ヶ月未満),,,れおとらいぶ,ギフト,ギフトで加入,1,0,0,2026-09-09 06:32,2026-09-09 06:32,○,○,https://www.youtube.com/channel/UC_oEON7SM5qtp-gEV2NxrZw
UCNzE041LAZPDbqxJX-5ijYA,@Kana_0-0_2,0,新規(1ヶ月未満),,,れおとらいぶ,ギフト,ギフトで加入,1,0,0,2026-09-09 06:32,2026-09-09 06:32,○,○,https://www.youtube.com/channel/UCNzE041LAZPDbqxJX-5ijYA
UCem755DxSNwF-ew6IxgeayQ,@緋絽-00,0,新規(1ヶ月未満),,,れおとらいぶ,ギフト,ギフトで加入,1,0,0,2026-09-09 06:32,2026-09-09 06:32,○,○,https://www.youtube.com/channel/UCem755DxSNwF-ew6IxgeayQ
UCoX1OT14Pzan4rg90sk32tQ,@神吹雪-t3o,0,新規(1ヶ月未満),,,れおとらいぶ,ギフト,ギフトで加入,1,0,0,2026-09-09 06:32,2026-09-09 06:32,○,○,https://www.youtube.com/channel/UCoX1OT14Pzan4rg90sk32tQ
UCjdGP2JQ65J3nKxiS9_jxTA,@akirameron2671,0,新規(1ヶ月未満),,,れおとらいぶ,ギフト,ギフトで加入,1,0,0,2026-09-09 06:32,2026-09-09 06:32,○,○,https://www.youtube.com/channel/UCjdGP2JQ65J3nKxiS9_jxTA
UCGmJtxx4AXDvuKeShEjq4bw,@円-un,0,新規(1ヶ月未満),,,れおとらいぶ,ギフト,ギフトで加入,1,0,0,2026-09-09 06:32,2026-09-09 06:32,○,○,https://www.youtube.com/channel/UCGmJtxx4AXDvuKeShEjq4bw
UCefjbk17H2I6vCPVhyUR3Ag,@mung_dream,0,新規(1ヶ月未満),,,れおとらいぶ,ギフト,ギフトで加入,1,0,0,2026-09-09 06:32,2026-09-09 06:32,○,○,https://www.youtube.com/channel/UCefjbk17H2I6vCPVhyUR3Ag
UCuwMQVWIFdTXpYChgBhz25Q,@あすか-v3b,0,新規(1ヶ月未満),,,れおとらいぶ,ギフト,ギフトで加入,1,0,0,2026-09-09 06:32,2026-09-09 06:32,○,○,https://www.youtube.com/channel/UCuwMQVWIFdTXpYChgBhz25Q
UCvEnpY2JjKSjwh60jKBhXdw,@モモ11037,0,新規(1ヶ月未満),New member,,不明,,,1,2,0,2026-09-10 22:04,2026-09-10 22:04,,,https://www.youtube.com/channel/UCvEnpY2JjKSjwh60jKBhXdw
UC_XIRoW4RKzhoIYQqnxJDgQ,@八-s8s,0,新規(1ヶ月未満),New member,,不明,,,1,2,0,2026-09-10 22:04,2026-09-10 22:04,,,https://www.youtube.com/channel/UC_XIRoW4RKzhoIYQqnxJDgQ
UCUjSeUV1_VH1bLiuRfaazfg,@さり-e1o,0,新規(1ヶ月未満),New member,,不明,,,1,6,0,2026-09-11 06:32,2026-09-11 06:32,,,https://www.youtube.com/channel/UCUjSeUV1_VH1bLiuRfaazfg
UCG1jpwUfaz7gC7Xb4pXkckg,@おひろちゃん-c1e,0,新規(1ヶ月未満),New member,,不明,,,1,1,0,2026-09-11 06:32,2026-09-11 06:32,,,https://www.youtube.com/channel/UCG1jpwUfaz7gC7Xb4pXkckg
UC6ZowLsFddixKCymaxW7viA,@まいか-y1y,0,新規(1ヶ月未満),,,れおとらいぶ,ギフト,ギフトで加入,1,0,0,2026-09-11 06:32,2026-09-11 06:32,○,○,https://www.youtube.com/channel/UC6ZowLsFddixKCymaxW7viA
UCCgdVAKVMhb9B1rQTmCTO9g,@ジンジュ,0,新規(1ヶ月未満),New member,,不明,,,1,1,0,2026-09-11 22:10,2026-09-11 22:10,,,https://www.youtube.com/channel/UCCgdVAKVMhb9B1rQTmCTO9g
UCFS68gqnuzJhumGiJp8GMfg,@ちむ-r07273,0,新規(1ヶ月未満),New member,,不明,,,1,15,0,2026-09-11 22:10,2026-09-11 22:10,,,https://www.youtube.com/channel/UCFS68gqnuzJhumGiJp8GMfg
UC2UnPACZsFGQnBYr4hsiSfg,@chitta832,0,新規(1ヶ月未満),New member,,不明,,,1,1,0,2026-09-11 22:10,2026-09-11 22:10,,,https://www.youtube.com/channel/UC2UnPACZsFGQnBYr4hsiSfg
UCd85MEUqp0pQfxBgscT2ZBw,@イカ子こ,0,新規(1ヶ月未満),New member,,不明,,,1,3,0,2026-09-13 21:01,2026-09-13 21:01,,,https://www.youtube.com/channel/UCd85MEUqp0pQfxBgscT2ZBw
UC_1IanSm-TgtOZ-_G6LuJbA,@カキ太郎_999,0,新規(1ヶ月未満),New member,,不明,,,1,1,0,2026-09-15 21:04,2026-09-15 21:04,,,https://www.youtube.com/channel/UC_1IanSm-TgtOZ-_G6LuJbA
UCJSWRALQOrrefrMk7kGn6jA,@しあ-neco,0,新規(1ヶ月未満),New member,,不明,,,1,2,0,2026-09-15 21:04,2026-09-15 21:04,,,https://www.youtube.com/channel/UCJSWRALQOrrefrMk7kGn6jA
UCPbar7Km6momv34ie_rGNVg,@lai5058,0,新規(1ヶ月未満),New member,,不明,,,1,1,0,2026-09-15 21:04,2026-09-15 21:04,,,https://www.youtube.com/channel/UCPbar7Km6momv34ie_rGNVg
UC9nyzSO4_koR9DiCKSv-ZRQ,@ms2g3g,0,新規(1ヶ月未満),New member,,不明,,,1,1,0,2026-09-16 06:32,2026-09-16 06:32,,,https://www.youtube.com/channel/UC9nyzSO4_koR9DiCKSv-ZRQ
UC0ViqxBLfnaifGYgQfF9F1Q,@ここママ-z1c,0,新規(1ヶ月未満),New member,,不明,,,1,1,0,2026-09-18 06:32,2026-09-18 06:32,,,https://www.youtube.com/channel/UC0ViqxBLfnaifGYgQfF9F1Q
UCKF3BGOzrBSSumiVq1000lQ,@ゆぅは-v1o,0,新規(1ヶ月未満),New member,,不明,,,1,1,1,2026-09-18 06:32,2026-09-18 06:32,,,https://www.youtube.com/channel/UCKF3BGOzrBSSumiVq1000lQ
UCE4_QYtUSVk8GT70hPYGSow,@かにゃにゃ_7a,0,新規(1ヶ月未満),New member,,不明,,,1,1,1,2026-09-18 06:32,2026-09-18 06:32,,,https://www.youtube.com/channel/UCE4_QYtUSVk8GT70hPYGSow
UCSOeBz07omKCjRgRZg7KzMA,@ちょこ-y5f,0,新規(1ヶ月未満),New member,,れおとらいぶ,新規加入,,1,0,0,2026-09-18 06:32,2026-09-18 06:32,○,,https://www.youtube.com/channel/UCSOeBz07omKCjRgRZg7KzMA
UCXqi-0pEz3sJdDfCzs7-t8g,@sakeonigiri0,0,新規(1ヶ月未満),New member,,れおとらいぶ,新規加入,,1,0,0,2026-09-18 06:32,2026-09-18 06:32,○,,https://www.youtube.com/channel/UCXqi-0pEz3sJdDfCzs7-t8g
UCILOlLIk5LSkz-y0hPx5QGQ,@awoberu,0,新規(1ヶ月未満),New member,,れおとらいぶ,新規加入,,1,0,0,2026-09-18 06:32,2026-09-18 06:32,○,,https://www.youtube.com/channel/UCILOlLIk5LSkz-y0hPx5QGQ
UCAEscGRuOxNlgNrdsWCrBsg,@とらごんねこ,0,新規(1ヶ月未満),,,れおとらいぶ,ギフト,ギフトで加入,1,0,0,2026-09-18 06:32,2026-09-18 06:32,○,○,https://www.youtube.com/channel/UCAEscGRuOxNlgNrdsWCrBsg
UC72YTmteCbNdv9ucAC0Ekdw,@ししゃも-h9s,0,新規(1ヶ月未満),,,れおとらいぶ,ギフト,ギフトで加入,1,0,0,2026-09-18 06:32,2026-09-18 06:32,○,○,https://www.youtube.com/channel/UC72YTmteCbNdv9ucAC0Ekdw
UC60OkRE5SX9PaSQhT91iwlA,@サブレ4kg,0,新規(1ヶ月未満),,,れおとらいぶ,ギフト,ギフトで加入,1,0,0,2026-09-18 06:32,2026-09-18 06:32,○,○,https://www.youtube.com/channel/UC60OkRE5SX9PaSQhT91iwlA
UCJcPLshJWxGI2QIE1mwm4-g,@tarakopeta,0,新規(1ヶ月未満),,,れおとらいぶ,ギフト,ギフトで加入,1,0,0,2026-09-18 06:32,2026-09-18 06:32,○,○,https://www.youtube.com/channel/UCJcPLshJWxGI2QIE1mwm4-g
UCdLJslhoRx4HYva6yyNQJQA,@pikuuuuuuuuu,0,新規(1ヶ月未満),,,れおとらいぶ,ギフト,ギフトで加入,1,0,0,2026-09-18 06:32,2026-09-18 06:32,○,○,https://www.youtube.com/channel/UCdLJslhoRx4HYva6yyNQJQA
UCrQONtKZNoE-XHM5VPemdjA,@ruto_2610,0,新規(1ヶ月未満),New member,,不明,,,1,9,0,2026-09-18 20:00,2026-09-18 20:00,,,https://www.youtube.com/channel/UCrQONtKZNoE-XHM5VPemdjA
UC_YQSmf67OnOvCviJSPNAmA,@ねぎ-610,0,新規(1ヶ月未満),New member,,不明,,,1,2,0,2026-09-18 20:00,2026-09-18 20:00,,,https://www.youtube.com/channel/UC_YQSmf67OnOvCviJSPNAmA
UC3UbWQGFeN6DFzCiHUxtjlA,@ひやむぎ子,0,新規(1ヶ月未満),New member,,不明,,,1,2,0,2026-09-18 20:00,2026-09-18 20:00,,,https://www.youtube.com/channel/UC3UbWQGFeN6DFzCiHUxtjlA
UCIro0iy0skTHdHYltnBXv8g,@7Reo_pi,0,新規(1ヶ月未満),New member,,不明,,,1,1,0,2026-09-18 21:01,2026-09-18 21:01,,,https://www.youtube.com/channel/UCIro0iy0skTHdHYltnBXv8g
UC_w6Vy74xeLo9_V2yrTQ1qA,@塩握り-s9u,0,新規(1ヶ月未満),New member,,れおとらいぶ,新規加入,,1,0,0,2026-09-18 21:01,2026-09-18 21:01,○,,https://www.youtube.com/channel/UC_w6Vy74xeLo9_V2yrTQ1qA
UCyxITfMwGEMGzB2wBpVXBAw,@鱶井海乃,0,新規(1ヶ月未満),,,れおとらいぶ,ギフト,ギフトで加入,1,0,0,2026-09-18 21:01,2026-09-18 21:01,○,○,https://www.youtube.com/channel/UCyxITfMwGEMGzB2wBpVXBAw
UCMOd48iZIGN85QkcfGAgTgQ,@Am__hurinoko,0,新規(1ヶ月未満),,,れおとらいぶ,ギフト,ギフトで加入,1,0,0,2026-09-18 21:01,2026-09-18 21:01,○,○,https://www.youtube.com/channel/UCMOd48iZIGN85QkcfGAgTgQ
UCYZEP3d9q0gQeHr7Jdzz7Sg,@阿豚_z7o6,0,新規(1ヶ月未満),,,れおとらいぶ,ギフト,ギフトで加入,1,0,0,2026-09-18 21:01,2026-09-18 21:01,○,○,https://www.youtube.com/channel/UCYZEP3d9q0gQeHr7Jdzz7Sg
UCzou19Vf-BTJjftPX6OcDww,@sato_lIl,0,新規(1ヶ月未満),New member,,不明,,,1,1,0,2026-09-21 20:32,2026-09-21 20:32,,,https://www.youtube.com/channel/UCzou19Vf-BTJjftPX6OcDww
UCSMix-P5GCzN_qrjrtAAKHw,@わさび-s1o,0,新規(1ヶ月未満),New member,,れおとらいぶ,新規加入,,1,0,0,2026-09-22 21:00,2026-09-22 21:00,○,,https://www.youtube.com/channel/UCSMix-P5GCzN_qrjrtAAKHw
UCNAIK_1tVQhjidqUFXte9wA,@タンが食べたい,0,新規(1ヶ月未満),New member,,れおとらいぶ,新規加入,,1,0,0,2026-09-22 21:00,2026-09-22 21:00,○,,https://www.youtube.com/channel/UCNAIK_1tVQhjidqUFXte9wA
UCaNtXPbQG-BCPr6rW8e5XXw,@さつき-xx,0,新規(1ヶ月未満),New member,,不明,,,1,5,0,2026-09-23 21:01,2026-09-23 21:01,,,https://www.youtube.com/channel/UCaNtXPbQG-BCPr6rW8e5XXw
UCN7jWOlibd3VUMQXE_EbAPw,@たくさん寝てね,0,新規(1ヶ月未満),New member,,不明,,,1,1,0,2026-09-24 05:04,2026-09-24 05:04,,,https://www.youtube.com/channel/UCN7jWOlibd3VUMQXE_EbAPw
UCv7bmk7xZpw7z_l4u-rKEkg,@いのり_O84x,0,新規(1ヶ月未満),New member,,不明,,,1,1,0,2026-09-25 06:32,2026-09-25 06:32,,,https://www.youtube.com/channel/UCv7bmk7xZpw7z_l4u-rKEkg
UCYm9-_7bQAUygt39ftFyY6g,@r._.66s2,0,新規(1ヶ月未満),New member,,不明,,,1,1,0,2026-09-25 06:32,2026-09-25 06:32,,,https://www.youtube.com/channel/UCYm9-_7bQAUygt39ftFyY6g
UC2-rIzafbeYxO8tsbmQhEWg,@咲雲_sakumo,0,新規(1ヶ月未満),New member,,不明,,,1,1,0,2026-09-25 06:32,2026-09-25 06:32,,,https://www.youtube.com/channel/UC2-rIzafbeYxO8tsbmQhEWg
UCOPol2dJKDgdsquMNeilZdg,@ミア_30,0,新規(1ヶ月未満),New member,,れおとらいぶ,ギフト,ギフトで加入,1,6,0,2026-09-25 06:32,2026-09-25 06:32,○,○,https://www.youtube.com/channel/UCOPol2dJKDgdsquMNeilZdg
UCKzvLCfm8EAuh-i0MEyYABQ,@21号-lilium,0,新規(1ヶ月未満),New member,,れおとらいぶ,ギフト,ギフトで加入,1,2,0,2026-09-25 06:32,2026-09-25 06:32,○,○,https://www.youtube.com/channel/UCKzvLCfm8EAuh-i0MEyYABQ
UCM6MA3OEbHWxPLdm7a5-v-A,@おふみ-p3l,0,新規(1ヶ月未満),New member,,不明,,,1,1,0,2026-09-25 06:32,2026-09-25 06:32,,,https://www.youtube.com/channel/UCM6MA3OEbHWxPLdm7a5-v-A
UCHWYBI8FpHIhM1JCNruVzjA,@大福1号-o6i,0,新規(1ヶ月未満),New member,,不明,,,1,1,0,2026-09-25 06:32,2026-09-25 06:32,,,https://www.youtube.com/channel/UCHWYBI8FpHIhM1JCNruVzjA
UCXseCRJDL367DbCMw_RQeSw,@nagae_wold,0,新規(1ヶ月未満),New member,,れおとらいぶ,新規加入,,1,0,0,2026-09-25 06:32,2026-09-25 06:32,○,,https://www.youtube.com/channel/UCXseCRJDL367DbCMw_RQeSw
UCcjU9n5hq7L0gJH4v-4xwbA,@わをん-g7l,0,新規(1ヶ月未満),,,れおとらいぶ,ギフト,ギフトで加入,1,0,0,2026-09-25 06:32,2026-09-25 06:32,○,○,https://www.youtube.com/channel/UCcjU9n5hq7L0gJH4v-4xwbA
UCPG1HFWT-RbRUGXzH0DADXg,@ななみ-k3i6q,0,新規(1ヶ月未満),,,れおとらいぶ,ギフト,ギフトで加入,1,0,0,2026-09-25 06:32,2026-09-25 06:32,○,○,https://www.youtube.com/channel/UCPG1HFWT-RbRUGXzH0DADXg
UCVsBPyUgjGFrc_RZp84tlQQ,@ななし-po30,0,新規(1ヶ月未満),New member,,不明,,,1,1,0,2026-09-26 21:01,2026-09-26 21:01,,,https://www.youtube.com/channel/UCVsBPyUgjGFrc_RZp84tlQQ
UCURy4lCkaZe0_pHlImft1Hw,@あやkhas,0,新規(1ヶ月未満),New member,,不明,,,1,2,0,2026-09-26 21:01,2026-09-26 21:01,,,https://www.youtube.com/channel/UCURy4lCkaZe0_pHlImft1Hw
UCR-A8_E3HhKe950ILkh-wYQ,@akatuki-あかつき,0,新規(1ヶ月未満),New member,,不明,,,1,1,0,2026-09-30 06:32,2026-09-30 06:32,,,https://www.youtube.com/channel/UCR-A8_E3HhKe950ILkh-wYQ
UCcmajEOUv91lcYYw7BO674A,@あやみ_q6m8y,0,新規(1ヶ月未満),New member,,れおとらいぶ,新規加入,,1,2,0,2026-09-30 06:32,2026-09-30 06:32,○,,https://www.youtube.com/channel/UCcmajEOUv91lcYYw7BO674A
UCaYzozsxbSY5OHzXRPGL_OQ,@fskhyv,0,新規(1ヶ月未満),,,れおとらいぶ,ギフト,ギフトで加入,1,0,0,2026-09-30 06:32,2026-09-30 06:32,○,○,https://www.youtube.com/channel/UCaYzozsxbSY5OHzXRPGL_OQ
UCNYq_5-Spfl-01heS464vnw,@Aya-kp5cr,0,新規(1ヶ月未満),,,れおとらいぶ,ギフト,ギフトで加入,1,0,0,2026-09-30 06:32,2026-09-30 06:32,○,○,https://www.youtube.com/channel/UCNYq_5-Spfl-01heS464vnw
UCGRmAgFqn1Xjr_p8GZFXkWw,@anpareuwu,0,新規(1ヶ月未満),,,れおとらいぶ,ギフト,ギフトで加入,1,0,0,2026-09-30 06:32,2026-09-30 06:32,○,○,https://www.youtube.com/channel/UCGRmAgFqn1Xjr_p8GZFXkWw
UCqGH5bd6XogzybwOBViPrYA,@メスみる,0,新規(1ヶ月未満),,,れおとらいぶ,ギフト,ギフトで加入,1,0,0,2026-09-30 06:32,2026-09-30 06:32,○,○,https://www.youtube.com/channel/UCqGH5bd6XogzybwOBViPrYA
UC8Lrn3XgbhMF8e4IvKQhG8g,@ゆこつ_o0,0,新規(1ヶ月未満),,,れおとらいぶ,ギフト,ギフトで加入,1,0,0,2026-09-30 06:32,2026-09-30 06:32,○,○,https://www.youtube.com/channel/UC8Lrn3XgbhMF8e4IvKQhG8g
UCKObAVr7tKxBIhLSgpUyoHg,@unknown-g3g4d,0,新規(1ヶ月未満),,,れおとらいぶ,ギフト,ギフトで加入,1,0,0,2026-09-30 06:32,2026-09-30 06:32,○,○,https://www.youtube.com/channel/UCKObAVr7tKxBIhLSgpUyoHg
UCRHp9EUPrYT5yP6hZA3huYg,@rrr_____s,0,新規(1ヶ月未満),,,れおとらいぶ,ギフト,ギフトで加入,1,0,0,2026-09-30 06:32,2026-09-30 06:32,○,○,https://www.youtube.com/channel/UCRHp9EUPrYT5yP6hZA3huYg
UCaWn7vuW-fkFLFSX1GTi87A,@Rysza10,0,新規(1ヶ月未満),New member,,不明,,,1,4,0,2026-10-01 21:01,2026-10-01 21:01,,,https://www.youtube.com/channel/UCaWn7vuW-fkFLFSX1GTi87A
UCDO1KaRuS-mj5kioxUerSuQ,@saya4431,0,新規(1ヶ月未満),New member,,不明,,,1,1,0,2026-10-01 21:01,2026-10-01 21:01,,,https://www.youtube.com/channel/UCDO1KaRuS-mj5kioxUerSuQ
UC2FvNMR9rTKFE7R1ba-Z03Q,@s2_uou,0,新規(1ヶ月未満),New member,,れおとらいぶ,新規加入,,1,0,0,2026-10-01 21:01,2026-10-01 21:01,○,,https://www.youtube.com/channel/UC2FvNMR9rTKFE7R1ba-Z03Q
UCwdPnlNJvkS1cwZWGrtm5Ag,@---zr9iq,0,新規(1ヶ月未満),New member,,不明,,,1,3,0,2026-10-02 06:32,2026-10-02 06:32,,,https://www.youtube.com/channel/UCwdPnlNJvkS1cwZWGrtm5Ag
UClr9ISpptlPWCnbNanMES4A,@omochi-28,0,新規(1ヶ月未満),New member,,不明,,,1,15,1,2026-10-02 06:32,2026-10-02 06:32,,,https://www.youtube.com/channel/UClr9ISpptlPWCnbNanMES4A
UCNVI-7_Lq5osf1rID76OB8Q,@roel__o0,0,新規(1ヶ月未満),New member,,れおとらいぶ,新規加入,,1,1,1,2026-10-02 06:32,2026-10-02 06:32,○,,https://www.youtube.com/channel/UCNVI-7_Lq5osf1rID76OB8Q
UCRWNUZ5FS66zQSI1IY0EOJQ,@デメキンTV-deme,0,新規(1ヶ月未満),,,れおとらいぶ,ギフト,ギフトで加入,1,0,0,2026-10-02 06:32,2026-10-02 06:32,○,○,https://www.youtube.com/channel/UCRWNUZ5FS66zQSI1IY0EOJQ
UCfzuzBuJ5uzs5EET7o_sVbA,@WanWann_inani,0,新規(1ヶ月未満),,,れおとらいぶ,ギフト,ギフトで加入,1,0,0,2026-10-02 06:32,2026-10-02 06:32,○,○,https://www.youtube.com/channel/UCfzuzBuJ5uzs5EET7o_sVbA
UCKR-WT_-8wH_uPLsmxs11ag,@うちゃ-d6m,0,新規(1ヶ月未満),,,れおとらいぶ,ギフト,ギフトで加入,1,0,0,2026-10-02 06:32,2026-10-02 06:32,○,○,https://www.youtube.com/channel/UCKR-WT_-8wH_uPLsmxs11ag
UCbc0ylYlaoO2FcLyRRyEAjQ,@thvvaee,0,新規(1ヶ月未満),,,れおとらいぶ,ギフト,ギフトで加入,1,0,0,2026-10-02 06:32,2026-10-02 06:32,○,○,https://www.youtube.com/channel/UCbc0ylYlaoO2FcLyRRyEAjQ
UCcnlf1fHtyu18lYo8nJSTJA,@ゆま-05,0,新規(1ヶ月未満),,,れおとらいぶ,ギフト,ギフトで加入,1,0,0,2026-10-02 06:32,2026-10-02 06:32,○,○,https://www.youtube.com/channel/UCcnlf1fHtyu18lYo8nJSTJA
UCLl1x3bByGi5T_I9tCtSvSw,@cakechoco0220,0,新規(1ヶ月未満),New member,,れおとらいぶ,新規加入,,1,1,0,2026-10-03 22:03,2026-10-03 22:03,○,,https://www.youtube.com/channel/UCLl1x3bByGi5T_I9tCtSvSw
UCy9SP6VwyBKv9yhODHZG_TA,@まうたむ,0,新規(1ヶ月未満),New member,,不明,,,1,1,0,2026-10-03 22:03,2026-10-03 22:03,,,https://www.youtube.com/channel/UCy9SP6VwyBKv9yhODHZG_TA
UCvYYW55O5tqJkaiTZW81ELA,@にゃち-v8k,0,新規(1ヶ月未満),New member,,れおとらいぶ,新規加入,,1,2,0,2026-10-05 06:32,2026-10-05 06:32,○,,https://www.youtube.com/channel/UCvYYW55O5tqJkaiTZW81ELA
UCuDMyOeftJJ4lMHqHTN1NkQ,@chii12209,0,新規(1ヶ月未満),New member,,れおとらいぶ,新規加入,,1,0,0,2026-10-05 06:32,2026-10-05 06:32,○,,https://www.youtube.com/channel/UCuDMyOeftJJ4lMHqHTN1NkQ
UCHJXtSJdz_a-si_Jazsay5w,@Fleurisé0909,0,新規(1ヶ月未満),New member,,不明,,,1,1,0,2026-10-05 21:02,2026-10-05 21:02,,,https://www.youtube.com/channel/UCHJXtSJdz_a-si_Jazsay5w
UC41g2Q4JLqSaL1axzJK-YiA,@ゆにゃん_1223,0,新規(1ヶ月未満),New member,,不明,,,1,1,0,2026-10-05 21:02,2026-10-05 21:02,,,https://www.youtube.com/channel/UC41g2Q4JLqSaL1axzJK-YiA
UCnNHxV4SM1yD9QRW4h87G7A,@かや_10.3.1,0,新規(1ヶ月未満),New member,,不明,,,1,1,0,2026-10-07 06:32,2026-10-07 06:32,,,https://www.youtube.com/channel/UCnNHxV4SM1yD9QRW4h87G7A
UCQImCZc9HFWEVBkEif-D8mQ,@渡邉麗菜,0,新規(1ヶ月未満),,,れおとらいぶ,ギフト,ギフトで加入,1,0,0,2026-10-07 06:32,2026-10-07 06:32,○,○,https://www.youtube.com/channel/UCQImCZc9HFWEVBkEif-D8mQ
UCmMQ0n01xJtmmCvWsarOzbg,@えむちゃ-k3d,0,新規(1ヶ月未満),,,れおとらいぶ,ギフト,ギフトで加入,1,0,0,2026-10-07 06:32,2026-10-07 06:32,○,○,https://www.youtube.com/channel/UCmMQ0n01xJtmmCvWsarOzbg
UCLuHYtg7P8Rmc1uragXemSA,@ハナキンスカイウォーカー2525,0,新規(1ヶ月未満),,,れおとらいぶ,ギフト,ギフトで加入,1,0,0,2026-10-07 06:32,2026-10-07 06:32,○,○,https://www.youtube.com/channel/UCLuHYtg7P8Rmc1uragXemSA
UCUeBupaLSDsFcP9IVVjtX8A,@R_i___kmo,0,新規(1ヶ月未満),,,れおとらいぶ,ギフト,ギフトで加入,1,0,0,2026-10-07 06:32,2026-10-07 06:32,○,○,https://www.youtube.com/channel/UCUeBupaLSDsFcP9IVVjtX8A
UC9loef1DulBBmFXVLYruJzw,@アロースミスV-d6f,0,新規(1ヶ月未満),,,れおとらいぶ,ギフト,ギフトで加入,1,0,0,2026-10-07 06:32,2026-10-07 06:32,○,○,https://www.youtube.com/channel/UC9loef1DulBBmFXVLYruJzw
UCRIJN_9LNPX3PW5zoyjMmCA,@yestariki,0,新規(1ヶ月未満),,,れおとらいぶ,ギフト,ギフトで加入,1,0,0,2026-10-07 06:32,2026-10-07 06:32,○,○,https://www.youtube.com/channel/UCRIJN_9LNPX3PW5zoyjMmCA
UCPKayf0XTKlJkIGMihaycFA,@寝ても寝ても眠いえむこ,0,新規(1ヶ月未満),,,れおとらいぶ,ギフト,ギフトで加入,1,0,0,2026-10-07 06:32,2026-10-07 06:32,○,○,https://www.youtube.com/channel/UCPKayf0XTKlJkIGMihaycFA
UC4qut1bjDqz-6W8eElAtX_g,@麻芬-k8f,0,新規(1ヶ月未満),,,れおとらいぶ,ギフト,ギフトで加入,1,0,0,2026-10-07 06:32,2026-10-07 06:32,○,○,https://www.youtube.com/channel/UC4qut1bjDqz-6W8eElAtX_g
UCp2dDajiinKJYjmlXKDLtLw,@うゆにえんこ-n7c,0,新規(1ヶ月未満),,,れおとらいぶ,ギフト,ギフトで加入,1,0,0,2026-10-07 06:32,2026-10-07 06:32,○,○,https://www.youtube.com/channel/UCp2dDajiinKJYjmlXKDLtLw
