channel_id,name,badge_months,badge,badge_tooltip,milestone_months,tier,tier_source,revenue_note,streams_seen,messages,superchats,first_seen,last_seen,joined_in_period,gift_received,url
UCw0XxRb_fm5ORdpCwkcXJcg,@怪人ZZ,36,3年,Member (3 years),,不明,,,21,5452,3,2026-09-09 21:02,2026-10-07 16:39,,,https://www.youtube.com/channel/UCw0XxRb_fm5ORdpCwkcXJcg
UCBwDp1_s_g7FzJJNlVlDjRA,@ウメハチ,36,3年,Member (3 years),,不明,,,21,252,0,2026-09-09 21:02,2026-10-07 16:39,,,https://www.youtube.com/channel/UCBwDp1_s_g7FzJJNlVlDjRA
UCfUizgNUBBxr5_-m4TRhV_w,@haduki822,36,3年,Member (3 years),,不明,,,21,1575,1,2026-09-09 21:02,2026-10-07 16:39,,,https://www.youtube.com/channel/UCfUizgNUBBxr5_-m4TRhV_w
UC6GPZ3aSonbGwzz6DiMRatQ,@ファキナウェイ-p4h,36,3年,Member (3 years),,不明,,,21,2689,1,2026-09-09 21:02,2026-10-07 16:39,,,https://www.youtube.com/channel/UC6GPZ3aSonbGwzz6DiMRatQ
UCsIp91GJi72Ml_kjzQeTA-w,@うぃー_ずる,36,3年,Member (3 years),,不明,,,20,4781,13,2026-09-09 21:02,2026-10-07 16:39,,,https://www.youtube.com/channel/UCsIp91GJi72Ml_kjzQeTA-w
UCXWlj4cCyCzA_gfL8SHgysA,@toshi_m,36,3年,Member (3 years),,不明,,,20,1851,0,2026-09-09 21:02,2026-10-07 16:39,,,https://www.youtube.com/channel/UCXWlj4cCyCzA_gfL8SHgysA
UCq0ZtLUStuicN_Mee7QclKg,@にしき-88,36,3年,Member (3 years),,不明,,,20,176,0,2026-09-09 21:02,2026-10-04 20:37,,,https://www.youtube.com/channel/UCq0ZtLUStuicN_Mee7QclKg
UCNvPyi7cXc6B9e45AwhBBpg,@ありおねUS,36,3年,Member (3 years),,不明,,,20,2376,12,2026-09-09 21:02,2026-10-07 16:39,,,https://www.youtube.com/channel/UCNvPyi7cXc6B9e45AwhBBpg
UCkkecQ_eGj4L6M8F8sma2ug,@ルソラ-e2o,36,3年,Member (3 years),,不明,,,19,2300,1,2026-09-09 21:02,2026-10-04 20:37,,,https://www.youtube.com/channel/UCkkecQ_eGj4L6M8F8sma2ug
UCP8khHVNZRKWiZBcckMGcPQ,@フェケテリコ630,36,3年,Member (3 years),,不明,,,19,523,1,2026-09-09 21:02,2026-10-04 20:37,,,https://www.youtube.com/channel/UCP8khHVNZRKWiZBcckMGcPQ
UCHHM_S3E4T70utAleT1POGQ,@orz3140,36,3年,Member (3 years),,不明,,,19,926,3,2026-09-09 21:02,2026-10-04 20:37,,,https://www.youtube.com/channel/UCHHM_S3E4T70utAleT1POGQ
UC_rBnpjpzsdUuA3OaA52tqg,@卡美拉-y2m,36,3年,Member (3 years),,不明,,,19,67,0,2026-09-09 21:02,2026-10-07 16:39,,,https://www.youtube.com/channel/UC_rBnpjpzsdUuA3OaA52tqg
UCO8tiWtcLbvxRSYw8656ZsA,@絶句-n8n,36,3年,Member (3 years),,不明,,,19,5715,11,2026-09-11 21:02,2026-10-07 16:39,,,https://www.youtube.com/channel/UCO8tiWtcLbvxRSYw8656ZsA
UC0DK6yBsqkPxCbFn_T8pPHQ,@アウルス,36,3年,Member (3 years),,不明,,,19,1674,1,2026-09-11 21:02,2026-10-07 16:39,,,https://www.youtube.com/channel/UC0DK6yBsqkPxCbFn_T8pPHQ
UC8IY7e_kVTs8O_CrzL1esRA,@ホシゾラフグ,36,3年,Member (3 years),,不明,,,19,1197,1,2026-09-11 21:02,2026-10-07 16:39,,,https://www.youtube.com/channel/UC8IY7e_kVTs8O_CrzL1esRA
UCAURGhdF9CF1UvIW4UgSOnA,@あきやん-r1c,36,3年,Member (3 years),,不明,,,18,3651,3,2026-09-09 21:02,2026-10-04 20:37,,,https://www.youtube.com/channel/UCAURGhdF9CF1UvIW4UgSOnA
UCQxiJTvorEREvU3KppQX6OA,@80式-m5s,36,3年,Member (3 years),,不明,,,18,215,1,2026-09-09 21:02,2026-10-07 16:39,,,https://www.youtube.com/channel/UCQxiJTvorEREvU3KppQX6OA
UCCsHvDBkCTY5-UoGDXNT6HA,@Takuya_0920,36,3年,Member (3 years),,不明,,,18,512,0,2026-09-09 21:02,2026-10-04 20:37,,,https://www.youtube.com/channel/UCCsHvDBkCTY5-UoGDXNT6HA
UCIqojoy0S2xZyCzdzc69TYQ,@スナイプ-A-バレット,36,3年,Member (3 years),,不明,,,17,2606,5,2026-09-09 21:02,2026-10-04 20:37,,,https://www.youtube.com/channel/UCIqojoy0S2xZyCzdzc69TYQ
UC4vJH-RH6rjGz1dYRyVTFsQ,@しおのん-0219,36,3年,Member (3 years),,不明,,,17,357,0,2026-09-09 21:02,2026-10-04 20:37,,,https://www.youtube.com/channel/UC4vJH-RH6rjGz1dYRyVTFsQ
UCYJ4RUjjSUoiS9V-4Ykdzxw,@シャルローネ,36,3年,Member (3 years),,不明,,,17,126,0,2026-09-09 21:02,2026-10-04 20:37,,,https://www.youtube.com/channel/UCYJ4RUjjSUoiS9V-4Ykdzxw
UCFkQoKDxvv1FRw09OC8UNFA,@samuelao8378,36,3年,Member (3 years),,不明,,,17,651,0,2026-09-09 21:02,2026-10-07 16:39,,,https://www.youtube.com/channel/UCFkQoKDxvv1FRw09OC8UNFA
UCoL6iBZ7PWXdUrAdzp_i_mQ,@よー_yo,36,3年,Member (3 years),,不明,,,17,948,1,2026-09-09 21:02,2026-10-04 20:37,,,https://www.youtube.com/channel/UCoL6iBZ7PWXdUrAdzp_i_mQ
UCM017admnqtNJxq67sDFIlQ,@sigma-シグマ,36,3年,Member (3 years),,不明,,,17,307,3,2026-09-09 21:02,2026-10-07 16:39,,,https://www.youtube.com/channel/UCM017admnqtNJxq67sDFIlQ
UCRTOfxhLWeFFUuM5KHF7anQ,@ひさふみ-u5u,36,3年,Member (3 years),,不明,,,17,198,1,2026-09-09 21:02,2026-10-04 20:37,,,https://www.youtube.com/channel/UCRTOfxhLWeFFUuM5KHF7anQ
UCJROrA0lQP6UTeo2S8FIX-A,@あーくさいん,36,3年,Member (3 years),,不明,,,16,478,0,2026-09-09 21:02,2026-10-07 16:39,,,https://www.youtube.com/channel/UCJROrA0lQP6UTeo2S8FIX-A
UCikbS3QWL2e42nLMnxIOV0w,@もっち-x8x,36,3年,Member (3 years),,不明,,,16,474,0,2026-09-09 21:02,2026-10-04 20:37,,,https://www.youtube.com/channel/UCikbS3QWL2e42nLMnxIOV0w
UC--GAE5cn_NWE1wAGtj4icw,@おは-08,36,3年,Member (3 years),,不明,,,16,594,0,2026-09-09 21:02,2026-10-07 16:39,,,https://www.youtube.com/channel/UC--GAE5cn_NWE1wAGtj4icw
UCPA2PFgokChU_ODLbipCKyw,@志乃-Shino-p1j,36,3年,Member (3 years),,不明,,,15,291,0,2026-09-09 21:02,2026-10-04 20:37,,,https://www.youtube.com/channel/UCPA2PFgokChU_ODLbipCKyw
UCsIwULqOwuAT8UQMDqbokCA,@冷たいコーヒー_ブラック,36,3年,Member (3 years),,不明,,,15,726,0,2026-09-09 21:02,2026-10-04 20:37,,,https://www.youtube.com/channel/UCsIwULqOwuAT8UQMDqbokCA
UCTAyhsINJepy4EQyE5awYvQ,@ゆさ_jailgrant,36,3年,Member (3 years),,不明,,,15,451,0,2026-09-09 21:02,2026-10-04 20:37,,,https://www.youtube.com/channel/UCTAyhsINJepy4EQyE5awYvQ
UCOG3pp2EtDOt93b864sVZNg,@ばんぶーbamboo007,36,3年,Member (3 years),,不明,,,15,235,0,2026-09-09 21:02,2026-10-01 20:00,,,https://www.youtube.com/channel/UCOG3pp2EtDOt93b864sVZNg
UCZUdvmTzjYmGiN-kAqErWZA,@アルテマ-x,36,3年,Member (3 years),,不明,,,15,48,1,2026-09-09 21:02,2026-10-07 16:39,,,https://www.youtube.com/channel/UCZUdvmTzjYmGiN-kAqErWZA
UCCDO95Ocx0WcF6O58QFiHWQ,@カボス-o5u,36,3年,Member (3 years),,不明,,,15,2306,6,2026-09-11 21:02,2026-10-07 16:39,,,https://www.youtube.com/channel/UCCDO95Ocx0WcF6O58QFiHWQ
UCf4Rbwqbove4wpYovbv331w,@ubk6777,36,3年,Member (3 years),,不明,,,15,302,0,2026-09-11 21:02,2026-10-07 16:39,,,https://www.youtube.com/channel/UCf4Rbwqbove4wpYovbv331w
UCqt2e2m6LWqXqqX-5MMBofg,@ひろ-x9p,36,3年,Member (3 years),,不明,,,14,429,2,2026-09-09 21:02,2026-10-07 16:39,,,https://www.youtube.com/channel/UCqt2e2m6LWqXqqX-5MMBofg
UC5EieTeDzwf71e50a3RHW7Q,@みどりのチカチカ,36,3年,Member (3 years),,不明,,,14,86,0,2026-09-11 21:02,2026-10-04 20:37,,,https://www.youtube.com/channel/UC5EieTeDzwf71e50a3RHW7Q
UC4yEDOXW_wgb3JoU1vH9Q_A,@ままんじゅう-mk,36,3年,Member (3 years),,不明,,,13,212,0,2026-09-09 21:02,2026-10-07 16:39,,,https://www.youtube.com/channel/UC4yEDOXW_wgb3JoU1vH9Q_A
UCsvzXzI373OOMhOcmhH24Zg,@Natsu......,36,3年,Member (3 years),,不明,,,13,177,1,2026-09-09 21:02,2026-10-04 20:37,,,https://www.youtube.com/channel/UCsvzXzI373OOMhOcmhH24Zg
UCK54WuTBk1JmbPFaAU4EuNA,@あきさめ-p4j,36,3年,Member (3 years),,不明,,,13,221,0,2026-09-09 21:02,2026-09-28 20:04,,,https://www.youtube.com/channel/UCK54WuTBk1JmbPFaAU4EuNA
UCMr_OGm7Ymo93WHkONDLzlg,@バーバリbb,36,3年,Member (3 years),,不明,,,13,201,2,2026-09-09 21:02,2026-10-04 20:37,,,https://www.youtube.com/channel/UCMr_OGm7Ymo93WHkONDLzlg
UC-67CbAPupS6N6iX7NZWOAg,@YYMM-ik,36,3年,Member (3 years),,不明,,,13,206,1,2026-09-11 21:02,2026-10-07 16:39,,,https://www.youtube.com/channel/UC-67CbAPupS6N6iX7NZWOAg
UC_02h2yCYJprezkXTXcl82g,@なりこう-b4q,36,3年,Member (3 years),,不明,,,13,414,1,2026-09-11 21:02,2026-10-04 20:37,,,https://www.youtube.com/channel/UC_02h2yCYJprezkXTXcl82g
UCv2Jjv9dIicohpdlu6JWGCA,@nanonanonanoC,36,3年,Member (3 years),,不明,,,13,312,0,2026-09-11 21:02,2026-10-07 16:39,,,https://www.youtube.com/channel/UCv2Jjv9dIicohpdlu6JWGCA
UCpSQB1U4R8Ygrd66LMTZAbA,@ぞひ-zohi,36,3年,Member (3 years),,不明,,,13,266,2,2026-09-12 13:08,2026-10-07 16:39,,,https://www.youtube.com/channel/UCpSQB1U4R8Ygrd66LMTZAbA
UC_PQI6NTPwoN9XJR9Gi_7Zg,@twinkle_MWW,36,3年,Member (3 years),,不明,,,13,186,1,2026-09-12 13:08,2026-10-04 20:37,,,https://www.youtube.com/channel/UC_PQI6NTPwoN9XJR9Gi_7Zg
UCAX9G3EsAXJldh7oLRtRFXQ,@すぅは56,36,3年,Member (3 years),,不明,,,13,268,0,2026-09-12 19:01,2026-10-04 20:37,,,https://www.youtube.com/channel/UCAX9G3EsAXJldh7oLRtRFXQ
UCaFYL6FKP4ETDPreY7Hzqog,@玉響-x5n,36,3年,Member (3 years),,不明,,,12,155,0,2026-09-09 21:02,2026-10-04 20:37,,,https://www.youtube.com/channel/UCaFYL6FKP4ETDPreY7Hzqog
UC7fmnO2sLKfi-eIHKBA5wqA,@habanero124,36,3年,Member (3 years),,不明,,,12,52,2,2026-09-09 21:02,2026-10-01 20:00,,,https://www.youtube.com/channel/UC7fmnO2sLKfi-eIHKBA5wqA
UCfcGBUK9eW7jesOWtE3_vFA,@狗尾草-str,36,3年,Member (3 years),,めるねいとの拳たち,再加入/レベル変更,,12,416,0,2026-09-12 13:08,2026-10-04 20:37,,,https://www.youtube.com/channel/UCfcGBUK9eW7jesOWtE3_vFA
UCQu06IbcP2QmE6vyyz5OXPg,@げんぞう-m8x,36,3年,Member (3 years),,不明,,,12,64,0,2026-09-17 21:02,2026-10-07 16:39,,,https://www.youtube.com/channel/UCQu06IbcP2QmE6vyyz5OXPg
UCrmmgGstEgLH5ouOVm6G82Q,@Yasuo_Tatara,36,3年,Member (3 years),,不明,,,11,358,0,2026-09-09 21:02,2026-09-26 21:15,,,https://www.youtube.com/channel/UCrmmgGstEgLH5ouOVm6G82Q
UCv3_fXff6E92_e2eB6862pA,@こた-t5y,36,3年,Member (3 years),,不明,,,11,31,0,2026-09-09 21:02,2026-09-28 20:04,,,https://www.youtube.com/channel/UCv3_fXff6E92_e2eB6862pA
UCFJhne2fHazyA5WTa1Ra2-g,@青山-f8n,36,3年,Member (3 years),,不明,,,11,91,1,2026-09-11 21:02,2026-10-04 20:37,,,https://www.youtube.com/channel/UCFJhne2fHazyA5WTa1Ra2-g
UC-OqRiHConVtHNYvrRMHMEg,@八重桜-h8h,36,3年,Member (3 years),,不明,,,11,73,0,2026-09-12 13:08,2026-10-01 20:00,,,https://www.youtube.com/channel/UC-OqRiHConVtHNYvrRMHMEg
UCc7VsZ5uMdwHq-MB_LSYieA,@一般通過リスナー,36,3年,Member (3 years),,不明,,,11,49,1,2026-09-12 19:01,2026-10-04 20:37,,,https://www.youtube.com/channel/UCc7VsZ5uMdwHq-MB_LSYieA
UC2CPA6sSo03z9w7g_quKl3A,@kI-fy2tn,36,3年,Member (3 years),,不明,,,11,469,0,2026-09-12 19:01,2026-10-04 20:37,,,https://www.youtube.com/channel/UC2CPA6sSo03z9w7g_quKl3A
UCFstD45hwm7NFCvIGd4fstw,@アマヤ_amaya,36,3年,Member (3 years),,不明,,,10,28,0,2026-09-09 21:02,2026-10-04 20:37,,,https://www.youtube.com/channel/UCFstD45hwm7NFCvIGd4fstw
UCJYyzmD5O8Qb5pZHpE86e5A,@ヒマジン,36,3年,Member (3 years),,不明,,,10,43,0,2026-09-09 21:02,2026-09-30 19:02,,,https://www.youtube.com/channel/UCJYyzmD5O8Qb5pZHpE86e5A
UC5pnea1zWUBsCWTWd3yxHLg,@虚無埋めエンバン2.0,36,3年,Member (3 years),,不明,,,10,63,1,2026-09-11 21:02,2026-09-26 21:15,,,https://www.youtube.com/channel/UC5pnea1zWUBsCWTWd3yxHLg
UCv3cI135FEDB3sEl_zLjVow,@雪月-ユキヅキ,36,3年,Member (3 years),,不明,,,10,150,0,2026-09-12 19:01,2026-10-04 20:37,,,https://www.youtube.com/channel/UCv3cI135FEDB3sEl_zLjVow
UCdDYXaPhFC3vqHmriTmHCfA,@しゃりすめし,36,3年,Member (3 years),,不明,,,10,139,2,2026-09-16 23:02,2026-10-04 20:37,,,https://www.youtube.com/channel/UCdDYXaPhFC3vqHmriTmHCfA
UCusGv0uQGqG0SnJZZ4tzwCg,@タク-t9k,36,3年,Member (3 years),,不明,,,9,20,0,2026-09-09 21:02,2026-09-28 20:04,,,https://www.youtube.com/channel/UCusGv0uQGqG0SnJZZ4tzwCg
UCTS6Bg9UN-pd_BwVGtgILfQ,@エイジ1537,36,3年,Member (3 years),,不明,,,9,1202,0,2026-09-11 21:02,2026-10-07 16:39,,,https://www.youtube.com/channel/UCTS6Bg9UN-pd_BwVGtgILfQ
UCf7l9svNu-rw-5qSq8K7alg,@hi-ココノアキ,36,3年,Member (3 years),,不明,,,9,581,2,2026-09-11 21:02,2026-09-28 20:04,,,https://www.youtube.com/channel/UCf7l9svNu-rw-5qSq8K7alg
UCFJ157dL41rznkMGNyEk0WA,@うるu_uru,36,3年,Member (3 years),,不明,,,9,107,0,2026-09-12 19:01,2026-10-04 20:37,,,https://www.youtube.com/channel/UCFJ157dL41rznkMGNyEk0WA
UC4RwcJGpYM77XqCmfGRAheg,@ユメノマイゴ,36,3年,Member (3 years),,不明,,,9,74,0,2026-09-17 18:02,2026-10-04 20:37,,,https://www.youtube.com/channel/UC4RwcJGpYM77XqCmfGRAheg
UCeAjJaZB9Qh_p_1jJxRyrSQ,@ザキさん-j9p,36,3年,Member (3 years),,不明,,,8,64,0,2026-09-09 21:02,2026-09-26 21:01,,,https://www.youtube.com/channel/UCeAjJaZB9Qh_p_1jJxRyrSQ
UCWhjMBDJJ9LiuKRbLXJpg8A,@ななつぼし-c7t,36,3年,Member (3 years),,不明,,,8,57,0,2026-09-09 21:02,2026-10-07 16:39,,,https://www.youtube.com/channel/UCWhjMBDJJ9LiuKRbLXJpg8A
UCfb6OhXgUD-6VT46axqyxEg,@greentea_icecream-t3f,36,3年,Member (3 years),,不明,,,8,15,0,2026-09-09 21:02,2026-10-07 16:39,,,https://www.youtube.com/channel/UCfb6OhXgUD-6VT46axqyxEg
UCn8Ms0ecPJlPpy8opxuos0A,@コジロー-w3v,36,3年,Member (3 years),,不明,,,8,111,1,2026-09-12 19:01,2026-10-04 20:37,,,https://www.youtube.com/channel/UCn8Ms0ecPJlPpy8opxuos0A
UC3rK2BSzlIYsbtcfJx3U6nA,@シンシン0533,36,3年,Member (3 years),,不明,,,8,34,1,2026-09-13 17:32,2026-10-07 16:39,,,https://www.youtube.com/channel/UC3rK2BSzlIYsbtcfJx3U6nA
UCCS42ZArIBBz36CSq02ym_A,@emoigyoza,36,3年,Member (3 years),,不明,,,8,42,1,2026-09-16 23:02,2026-10-07 16:39,,,https://www.youtube.com/channel/UCCS42ZArIBBz36CSq02ym_A
UC8w0McJkeAXuzaPTNw3aSpw,@seki2619,36,3年,Member (3 years),,不明,,,8,50,0,2026-09-19 13:12,2026-10-04 20:37,,,https://www.youtube.com/channel/UC8w0McJkeAXuzaPTNw3aSpw
UC9qV7D0DmF24jBY3UfV8gkw,@tetrapack34,36,3年,Member (3 years),,不明,,,7,41,0,2026-09-09 21:02,2026-10-01 20:00,,,https://www.youtube.com/channel/UC9qV7D0DmF24jBY3UfV8gkw
UCj2jAht3uNLizFG-2aaDAiQ,@Kazama-Ritsu,36,3年,Member (3 years),,不明,,,7,237,0,2026-09-09 21:02,2026-09-24 21:14,,,https://www.youtube.com/channel/UCj2jAht3uNLizFG-2aaDAiQ
UC69PWs4Xn7pxbvSgRtkbeGw,@ミントステーキ,36,3年,Member (3 years),,不明,,,7,25,0,2026-09-09 21:02,2026-10-04 20:37,,,https://www.youtube.com/channel/UC69PWs4Xn7pxbvSgRtkbeGw
UCKlfUvFEg7QqaZYB9ff2JFw,@都-miyako,36,3年,Member (3 years),,不明,,,7,238,0,2026-09-11 21:02,2026-09-26 21:15,,,https://www.youtube.com/channel/UCKlfUvFEg7QqaZYB9ff2JFw
UCIGE5jNQSrOMuQMMYGthYNQ,@羽田ゲル_HanedaGel,36,3年,Member (3 years),,不明,,,7,162,0,2026-09-12 13:08,2026-10-04 20:37,,,https://www.youtube.com/channel/UCIGE5jNQSrOMuQMMYGthYNQ
UCl3wK6KjsUKZlpTbT3YoPcg,@ON泉OFF呂,36,3年,Member (3 years),,不明,,,7,299,0,2026-09-12 19:01,2026-09-30 19:02,,,https://www.youtube.com/channel/UCl3wK6KjsUKZlpTbT3YoPcg
UCXoLs3OvnkxZ8DPDmK4DuAw,@てぃま-v6g,36,3年,Member (3 years),,不明,,,7,125,1,2026-09-17 18:02,2026-10-04 20:37,,,https://www.youtube.com/channel/UCXoLs3OvnkxZ8DPDmK4DuAw
UC4cALWwdznYcuc2sC2EfJRQ,@yu-ゆーしゅん-03,36,3年,Member (3 years),,不明,,,7,21,0,2026-09-21 18:01,2026-10-04 20:37,,,https://www.youtube.com/channel/UC4cALWwdznYcuc2sC2EfJRQ
UC9PMQrOzi15iKBUcZkcciMg,@菱垣廻船ひがきかいせん,36,3年,Member (3 years),,不明,,,6,51,0,2026-09-09 21:02,2026-09-27 20:02,,,https://www.youtube.com/channel/UC9PMQrOzi15iKBUcZkcciMg
UCTZMHEGCkWvtjvj5ztY1-gw,@q8g7f,36,3年,Member (3 years),,不明,,,6,75,0,2026-09-11 21:02,2026-10-07 16:39,,,https://www.youtube.com/channel/UCTZMHEGCkWvtjvj5ztY1-gw
UCd6Covhv_rJNsJ8TTbsJuJQ,@fugudoku_ttx,36,3年,Member (3 years),,不明,,,6,120,1,2026-09-12 13:08,2026-10-07 16:39,,,https://www.youtube.com/channel/UCd6Covhv_rJNsJ8TTbsJuJQ
UCk7HgWNrdrZsy5W_sS20xDQ,@ルン-u8u,36,3年,Member (3 years),,不明,,,6,25,0,2026-09-12 19:01,2026-10-04 20:37,,,https://www.youtube.com/channel/UCk7HgWNrdrZsy5W_sS20xDQ
UChvvkbtuVURTvCLEsFJyXXw,@さーもsa-m,36,3年,Member (3 years),,不明,,,6,20,1,2026-09-12 19:01,2026-09-27 20:02,,,https://www.youtube.com/channel/UChvvkbtuVURTvCLEsFJyXXw
UCCtBlRxmWb1CO8YTXMNE2sw,@三毛猫-です,36,3年,Member (3 years),,不明,,,6,57,0,2026-09-12 19:01,2026-10-04 20:37,,,https://www.youtube.com/channel/UCCtBlRxmWb1CO8YTXMNE2sw
UCkH4URxaZ-9Ixf__SCtQFig,@負け狐,36,3年,Member (3 years),,不明,,,6,61,0,2026-09-12 19:01,2026-10-07 16:39,,,https://www.youtube.com/channel/UCkH4URxaZ-9Ixf__SCtQFig
UCapmipmur7gB2j5OXih_JjQ,@れん-d6x,36,3年,Member (3 years),,不明,,,6,8,0,2026-09-13 17:32,2026-10-04 20:37,,,https://www.youtube.com/channel/UCapmipmur7gB2j5OXih_JjQ
UCqR3n1LQLg9-vTgPcENhCvg,@Lasu_ラス,36,3年,Member (3 years),,不明,,,6,14,0,2026-09-19 13:12,2026-10-01 20:00,,,https://www.youtube.com/channel/UCqR3n1LQLg9-vTgPcENhCvg
UCHKdaVrzfLXNKUIwG7hkixw,@橘都奈-タチバナミヤナ,36,3年,Member (3 years),,不明,,,5,35,0,2026-09-09 21:02,2026-09-24 21:14,,,https://www.youtube.com/channel/UCHKdaVrzfLXNKUIwG7hkixw
UC7kJ9_oCZd3miSGeIVyUWRA,@sumo-kurain,36,3年,Member (3 years),,不明,,,5,25,1,2026-09-09 21:02,2026-09-26 21:15,,,https://www.youtube.com/channel/UC7kJ9_oCZd3miSGeIVyUWRA
UCHFlrsrNqLkgAuWZravpSDQ,@そらしど-l1i,36,3年,Member (3 years),,不明,,,5,8,0,2026-09-11 21:02,2026-09-27 20:02,,,https://www.youtube.com/channel/UCHFlrsrNqLkgAuWZravpSDQ
UCM5YvvzFwhAqdg5dyBGacUA,@Noah_Akatsuki,36,3年,Member (3 years),,不明,,,5,13,0,2026-09-11 21:02,2026-09-26 21:15,,,https://www.youtube.com/channel/UCM5YvvzFwhAqdg5dyBGacUA
UCpugp8g9IAvG8QtPyAdKDaQ,@のき-t6m,36,3年,Member (3 years),,不明,,,5,14,0,2026-09-11 21:02,2026-09-24 21:14,,,https://www.youtube.com/channel/UCpugp8g9IAvG8QtPyAdKDaQ
UCW6_TPynIXQfD-cD7iDOtkg,@ココヤムヤム,36,3年,Member (3 years),,不明,,,5,22,0,2026-09-12 13:08,2026-09-26 21:01,,,https://www.youtube.com/channel/UCW6_TPynIXQfD-cD7iDOtkg
UCChFmaVOWuH3j8irjrh8wdA,@lumi1592,36,3年,Member (3 years),,不明,,,5,196,2,2026-09-19 19:03,2026-10-04 20:37,,,https://www.youtube.com/channel/UCChFmaVOWuH3j8irjrh8wdA
UCY3hx9yPzBy4rJqlUu9ubFA,@朱朱さん,36,3年,Member (3 years),,不明,,,5,68,0,2026-09-24 21:14,2026-10-01 20:00,,,https://www.youtube.com/channel/UCY3hx9yPzBy4rJqlUu9ubFA
UC5acOYthtTBXP7NnYYCxQ4A,@だむ-c7p,36,3年,Member (3 years),,不明,,,4,189,0,2026-09-11 21:02,2026-09-21 18:01,,,https://www.youtube.com/channel/UC5acOYthtTBXP7NnYYCxQ4A
UCtiukeh1po3-JPr4oZKXGAw,@ソラリネ,36,3年,Member (3 years),,不明,,,4,15,0,2026-09-12 13:08,2026-09-26 21:15,,,https://www.youtube.com/channel/UCtiukeh1po3-JPr4oZKXGAw
UCRxBitfJ0vqxVeyT6TqDMvQ,@はくろ-x3e,36,3年,Member (3 years),,不明,,,4,4,0,2026-09-12 13:08,2026-09-21 18:01,,,https://www.youtube.com/channel/UCRxBitfJ0vqxVeyT6TqDMvQ
UC2IEJm_BoR0ZQxExEu3UE6g,@ゆりそう,36,3年,Member (3 years),,不明,,,4,13,0,2026-09-16 23:02,2026-09-26 21:01,,,https://www.youtube.com/channel/UC2IEJm_BoR0ZQxExEu3UE6g
UCQuTWpzlGnWjZJghsgF7b4g,@鳴海潤-t6b,36,3年,Member (3 years),,不明,,,4,7,0,2026-09-17 18:02,2026-10-04 20:37,,,https://www.youtube.com/channel/UCQuTWpzlGnWjZJghsgF7b4g
UCZrEaVBL5a10I1L3nt9eaEw,@Yamada_Taro_Kun,36,3年,Member (3 years),,不明,,,4,4,0,2026-09-19 13:12,2026-09-27 20:02,,,https://www.youtube.com/channel/UCZrEaVBL5a10I1L3nt9eaEw
UC3fsuO3rvGgwy6llxiJXI_Q,@ナシャ-u8c,36,3年,Member (3 years),,不明,,,4,129,0,2026-09-19 19:03,2026-10-01 20:00,,,https://www.youtube.com/channel/UC3fsuO3rvGgwy6llxiJXI_Q
UC4EE_h7nClRz-LKa5Hl6T8w,@ルザLuza,36,3年,Member (3 years),,不明,,,4,35,0,2026-09-21 18:01,2026-10-01 20:00,,,https://www.youtube.com/channel/UC4EE_h7nClRz-LKa5Hl6T8w
UCuZmTlcoPPiO-fuEYaugMQQ,@アサガオ-ao,36,3年,Member (3 years),,不明,,,4,36,2,2026-09-21 18:01,2026-10-04 20:37,,,https://www.youtube.com/channel/UCuZmTlcoPPiO-fuEYaugMQQ
UCmc8nq3n-fpMet8wghITYSQ,@わんぱく_sfts,36,3年,Member (3 years),,不明,,,4,27,0,2026-09-21 18:01,2026-10-04 20:37,,,https://www.youtube.com/channel/UCmc8nq3n-fpMet8wghITYSQ
UC_a4sXJvg8-CT00ege27LwQ,@色違いレシラム,36,3年,Member (3 years),,不明,,,4,44,0,2026-09-26 21:01,2026-10-01 20:00,,,https://www.youtube.com/channel/UC_a4sXJvg8-CT00ege27LwQ
UC_6pPgTr52oI38LD4LD3GAg,@たぐ-u8d,36,3年,Member (3 years),,不明,,,4,26,0,2026-09-27 20:02,2026-10-04 20:37,,,https://www.youtube.com/channel/UC_6pPgTr52oI38LD4LD3GAg
UCjHVkLGOPGiNWyIKT4jU0gA,@リュウ-x2w,36,3年,Member (3 years),,不明,,,4,8,0,2026-09-28 20:04,2026-10-04 20:37,,,https://www.youtube.com/channel/UCjHVkLGOPGiNWyIKT4jU0gA
UCG4vyjxfov85mapYOpKA6Dg,@すがもとくん,36,3年,Member (3 years),,不明,,,3,26,0,2026-09-09 21:02,2026-09-26 21:15,,,https://www.youtube.com/channel/UCG4vyjxfov85mapYOpKA6Dg
UCDPhwj0gFqN-zzjahOMDDXw,@一葉かずは,36,3年,Member (3 years),,不明,,,3,3,1,2026-09-11 21:02,2026-10-01 20:00,,,https://www.youtube.com/channel/UCDPhwj0gFqN-zzjahOMDDXw
UCdO1e6BK5K224viLSP_HhhQ,@1ju1ju,36,3年,Member (3 years),,不明,,,3,9,0,2026-09-12 13:08,2026-09-27 20:02,,,https://www.youtube.com/channel/UCdO1e6BK5K224viLSP_HhhQ
UC2BCG-StMKNoLlv-2qKAp7g,@みかつき_Lv.3D,36,3年,Member (3 years),,不明,,,3,5,0,2026-09-12 19:01,2026-09-26 21:01,,,https://www.youtube.com/channel/UC2BCG-StMKNoLlv-2qKAp7g
UCAGzmdWcZ15pwtoznByUpQw,@ていねいな諦念,36,3年,Member (3 years),,不明,,,3,7,0,2026-09-12 19:01,2026-10-01 20:00,,,https://www.youtube.com/channel/UCAGzmdWcZ15pwtoznByUpQw
UCbWbl7xvDUeGKT5uW_v03Ug,@機神黒掌,36,3年,Member (3 years),,不明,,,3,9,1,2026-09-13 17:32,2026-09-26 21:01,,,https://www.youtube.com/channel/UCbWbl7xvDUeGKT5uW_v03Ug
UCNtUXj9jzlma5bkjb2absSA,@yuhaparadise,36,3年,Member (3 years),,不明,,,3,9,0,2026-09-17 18:02,2026-09-26 21:15,,,https://www.youtube.com/channel/UCNtUXj9jzlma5bkjb2absSA
UCF-j5B-31XF13Ewmx7QmZ2g,@kari_saku1873,36,3年,Member (3 years),,不明,,,3,6,0,2026-09-21 18:01,2026-09-28 20:04,,,https://www.youtube.com/channel/UCF-j5B-31XF13Ewmx7QmZ2g
UCroLyjBCiREUZmpYnQ74Xtg,@メアリー-z1h,36,3年,Member (3 years),,不明,,,2,2,0,2026-09-12 13:08,2026-09-13 17:32,,,https://www.youtube.com/channel/UCroLyjBCiREUZmpYnQ74Xtg
UCSFYKLtgI3UsyfPjDfKkKlA,@uruu8,36,3年,Member (3 years),,不明,,,2,5,0,2026-09-12 13:08,2026-09-19 13:12,,,https://www.youtube.com/channel/UCSFYKLtgI3UsyfPjDfKkKlA
UChElKZEamOnlWyoiJzmxlig,@詩愛_しえ,36,3年,Member (3 years),,不明,,,2,6,0,2026-09-12 13:08,2026-09-19 13:12,,,https://www.youtube.com/channel/UChElKZEamOnlWyoiJzmxlig
UCmV4LDKgxJLG3lY6dcKvZEg,@ruesan02,36,3年,Member (3 years),,不明,,,2,2,0,2026-09-12 19:01,2026-09-21 18:01,,,https://www.youtube.com/channel/UCmV4LDKgxJLG3lY6dcKvZEg
UCy9zxhxKX8UqMtN1TPSV1JQ,@ペリドットVTAositeku,36,3年,Member (3 years),,不明,,,2,2,0,2026-09-12 19:01,2026-10-01 20:00,,,https://www.youtube.com/channel/UCy9zxhxKX8UqMtN1TPSV1JQ
UCyvIv6M32r8DCQJ6vCiUFWQ,@Lizu-0_0,36,3年,Member (3 years),,不明,,,2,6,0,2026-09-13 17:32,2026-09-21 18:01,,,https://www.youtube.com/channel/UCyvIv6M32r8DCQJ6vCiUFWQ
UCWgEQBGEjHnmw0d-CuWA1Bw,@ウヴァ-c9j,36,3年,Member (3 years),,不明,,,2,3,0,2026-09-17 18:02,2026-09-26 21:15,,,https://www.youtube.com/channel/UCWgEQBGEjHnmw0d-CuWA1Bw
UClEoZiAq41yCnGP5ws9w6Dw,@歌ウサギ-q2v,36,3年,Member (3 years),,不明,,,2,6,0,2026-09-19 13:12,2026-09-19 19:03,,,https://www.youtube.com/channel/UClEoZiAq41yCnGP5ws9w6Dw
UCDoAhIf8cfxrdxUHan64K_g,@アオイカサヒトツ,36,3年,Member (3 years),,不明,,,2,17,0,2026-09-19 13:12,2026-09-21 18:01,,,https://www.youtube.com/channel/UCDoAhIf8cfxrdxUHan64K_g
UCxORJi8LNXNwjv9ONyjzMiw,@豊臣トミー,36,3年,Member (3 years),,不明,,,2,143,0,2026-09-19 19:03,2026-09-21 18:01,,,https://www.youtube.com/channel/UCxORJi8LNXNwjv9ONyjzMiw
UCbHSlxojQySlPN6XQfEdxdw,@きっくす-k1x,36,3年,Member (3 years),,不明,,,2,7,1,2026-09-21 18:01,2026-09-27 20:02,,,https://www.youtube.com/channel/UCbHSlxojQySlPN6XQfEdxdw
UCZwYXFF0yNwkywXpiv6sImg,@chibihey,36,3年,Member (3 years),,不明,,,2,3,0,2026-09-21 18:01,2026-09-26 21:01,,,https://www.youtube.com/channel/UCZwYXFF0yNwkywXpiv6sImg
UCdeydIlmernYI53qDa1_9dw,@まほ-t9k,36,3年,Member (3 years),,不明,,,2,36,0,2026-09-21 18:01,2026-09-26 21:01,,,https://www.youtube.com/channel/UCdeydIlmernYI53qDa1_9dw
UCAzChQ-Dr5tZE65ddW-tapQ,@りんたん-b7d,36,3年,Member (3 years),,不明,,,2,4,0,2026-09-21 18:01,2026-09-26 21:01,,,https://www.youtube.com/channel/UCAzChQ-Dr5tZE65ddW-tapQ
UCn18F8ZXrB0YqXUQXTQrNYQ,@at081,36,3年,Member (3 years),,不明,,,2,2,0,2026-09-21 18:01,2026-09-27 20:02,,,https://www.youtube.com/channel/UCn18F8ZXrB0YqXUQXTQrNYQ
UCXs0YTfdUbnRrUj8mqpRzqQ,@01muun,36,3年,Member (3 years),,不明,,,2,5,0,2026-09-21 18:01,2026-09-26 21:01,,,https://www.youtube.com/channel/UCXs0YTfdUbnRrUj8mqpRzqQ
UC8P4Ru-WhknoM8tIuY-bC4A,@marumero02,36,3年,Member (3 years),,不明,,,2,7,0,2026-09-21 18:01,2026-09-27 20:02,,,https://www.youtube.com/channel/UC8P4Ru-WhknoM8tIuY-bC4A
UC5HyoWOMCgP_HDd3nAXgzjw,@ろえる-mcz,36,3年,Member (3 years),,不明,,,2,3,0,2026-09-21 18:01,2026-10-07 16:39,,,https://www.youtube.com/channel/UC5HyoWOMCgP_HDd3nAXgzjw
UCkrfgcGdAackdfbrj-5cZ-Q,@もとぽんhAL,36,3年,Member (3 years),,不明,,,2,49,0,2026-09-21 18:01,2026-09-26 21:01,,,https://www.youtube.com/channel/UCkrfgcGdAackdfbrj-5cZ-Q
UClHD1B7IFoxU8atEnVzhicA,@VirtualPinkSaw,36,3年,Member (3 years),,不明,,,2,23,0,2026-09-21 18:01,2026-09-28 20:04,,,https://www.youtube.com/channel/UClHD1B7IFoxU8atEnVzhicA
UCr4LHGWkLI1BZAkNdboXzXQ,@pじろー,36,3年,Member (3 years),,不明,,,2,3,0,2026-09-21 18:01,2026-09-26 21:01,,,https://www.youtube.com/channel/UCr4LHGWkLI1BZAkNdboXzXQ
UCMDuJVP6ZZVU0C1NGykz7lA,@D-bird225,36,3年,Member (3 years),,不明,,,2,2,1,2026-09-21 18:01,2026-09-26 21:01,,,https://www.youtube.com/channel/UCMDuJVP6ZZVU0C1NGykz7lA
UCBIegc7ADsW5zITL5KYyzRg,@yuke4321,36,3年,Member (3 years),,不明,,,2,3,0,2026-09-21 18:01,2026-09-26 21:01,,,https://www.youtube.com/channel/UCBIegc7ADsW5zITL5KYyzRg
UC4D90m2S-dz9bXJdbiiTIgQ,@悠月0519,36,3年,Member (3 years),,不明,,,2,4,1,2026-09-21 18:01,2026-09-26 21:01,,,https://www.youtube.com/channel/UC4D90m2S-dz9bXJdbiiTIgQ
UC5oIkamHdUfr8Q2eXHQO85g,@タニシオ,36,3年,Member (3 years),,不明,,,2,5,1,2026-09-26 21:01,2026-09-26 21:15,,,https://www.youtube.com/channel/UC5oIkamHdUfr8Q2eXHQO85g
UCb5cv8JFUdRiS-i2Sw7lFhQ,@そとろく,36,3年,Member (3 years),,不明,,,2,3,0,2026-09-26 21:01,2026-09-26 21:15,,,https://www.youtube.com/channel/UCb5cv8JFUdRiS-i2Sw7lFhQ
UCBQCF1BedbYECP9Y8gu4oeQ,@かじゅ-725,36,3年,Member (3 years),,不明,,,2,6,0,2026-09-26 21:01,2026-09-26 21:15,,,https://www.youtube.com/channel/UCBQCF1BedbYECP9Y8gu4oeQ
UCj2wH56_M3UuGJ3SMomsDUA,@みんつ_m,36,3年,Member (3 years),,不明,,,2,2,0,2026-09-26 21:01,2026-09-30 19:02,,,https://www.youtube.com/channel/UCj2wH56_M3UuGJ3SMomsDUA
UC0mUDhdLUXB9-kqzjupDbUg,@やいない1,36,3年,Member (3 years),,不明,,,2,23,0,2026-09-26 21:01,2026-10-07 16:39,,,https://www.youtube.com/channel/UC0mUDhdLUXB9-kqzjupDbUg
UCnGxZcHFmPpu7yvQi3L0RSA,@terayama_hina,36,3年,Member (3 years),,不明,,,2,2,0,2026-09-26 21:01,2026-09-27 20:02,,,https://www.youtube.com/channel/UCnGxZcHFmPpu7yvQi3L0RSA
UCmJNuTViyPYwjs34tH8_wCA,@パッションもりもりちゃん,36,3年,Member (3 years),,不明,,,2,2,0,2026-09-27 20:02,2026-09-30 19:02,,,https://www.youtube.com/channel/UCmJNuTViyPYwjs34tH8_wCA
UCdo7wV-031IRYhdNOagEbdA,@バソールト,36,3年,Member (3 years),,不明,,,2,3,0,2026-09-30 19:02,2026-10-01 20:00,,,https://www.youtube.com/channel/UCdo7wV-031IRYhdNOagEbdA
UCly4w4AbhjuEIaQZ5nzHOTw,@北村机,36,3年,Member (3 years),,不明,,,1,1,0,2026-09-11 21:02,2026-09-11 21:02,,,https://www.youtube.com/channel/UCly4w4AbhjuEIaQZ5nzHOTw
UCGR5F6lJRwnpvj2HZIJtpMg,@ニムールニム,36,3年,Member (3 years),,不明,,,1,24,0,2026-09-12 13:08,2026-09-12 13:08,,,https://www.youtube.com/channel/UCGR5F6lJRwnpvj2HZIJtpMg
UCw-jYXOF5qYrbAqbnqrvGEw,@NMako,36,3年,Member (3 years),,不明,,,1,1,0,2026-09-12 13:08,2026-09-12 13:08,,,https://www.youtube.com/channel/UCw-jYXOF5qYrbAqbnqrvGEw
UCvR1o5SWjx4ty7WrxFjMCGQ,@ケイト玉-s7n,36,3年,Member (3 years),,不明,,,1,1,0,2026-09-12 13:08,2026-09-12 13:08,,,https://www.youtube.com/channel/UCvR1o5SWjx4ty7WrxFjMCGQ
UCipwd3dJvB5vF9KD9AD1rcg,@瑠愛-h5d,36,3年,Member (3 years),,不明,,,1,1,0,2026-09-12 13:08,2026-09-12 13:08,,,https://www.youtube.com/channel/UCipwd3dJvB5vF9KD9AD1rcg
UCwEUROaoMQi26QI3bc5JhNg,@beta-bravo,36,3年,Member (3 years),,不明,,,1,1,0,2026-09-12 19:01,2026-09-12 19:01,,,https://www.youtube.com/channel/UCwEUROaoMQi26QI3bc5JhNg
UCO2dBfiNZfndGjChGUgNNwQ,@itsutsumuri,36,3年,Member (3 years),,不明,,,1,4,0,2026-09-13 17:32,2026-09-13 17:32,,,https://www.youtube.com/channel/UCO2dBfiNZfndGjChGUgNNwQ
UCOQHTkoKO8Im3_ofhIO3D2A,@元気な睫毛,36,3年,Member (3 years),,不明,,,1,3,0,2026-09-16 23:02,2026-09-16 23:02,,,https://www.youtube.com/channel/UCOQHTkoKO8Im3_ofhIO3D2A
UCjcpdr2Wktu_kTMru94-bBA,@ティゴス,36,3年,Member (3 years),,不明,,,1,1,0,2026-09-17 18:02,2026-09-17 18:02,,,https://www.youtube.com/channel/UCjcpdr2Wktu_kTMru94-bBA
UCrsncFiPnRYt752KDKe4jrQ,@gariwind,36,3年,Member (3 years),,不明,,,1,2,0,2026-09-19 13:12,2026-09-19 13:12,,,https://www.youtube.com/channel/UCrsncFiPnRYt752KDKe4jrQ
UCQuUFe24kBrUWbbtf-LxwOg,@NoichigoKonami_Illust,36,3年,Member (3 years),,不明,,,1,2,0,2026-09-21 18:01,2026-09-21 18:01,,,https://www.youtube.com/channel/UCQuUFe24kBrUWbbtf-LxwOg
UCLm9dSgkINo2EWO0kGf1iVA,@りっっっっ,36,3年,Member (3 years),,不明,,,1,1,0,2026-09-21 18:01,2026-09-21 18:01,,,https://www.youtube.com/channel/UCLm9dSgkINo2EWO0kGf1iVA
UCXv0LCYG8tJjNj_QhAwfVKA,@milktea_00,36,3年,Member (3 years),,不明,,,1,13,0,2026-09-21 18:01,2026-09-21 18:01,,,https://www.youtube.com/channel/UCXv0LCYG8tJjNj_QhAwfVKA
UCQuOvHyuL4CEKctR1XzLb1A,@るるる-s9p,36,3年,Member (3 years),,不明,,,1,1,0,2026-09-21 18:01,2026-09-21 18:01,,,https://www.youtube.com/channel/UCQuOvHyuL4CEKctR1XzLb1A
UCr2rH0URzwl7oTPgXPFX8mw,@mr59___o,36,3年,Member (3 years),,不明,,,1,1,0,2026-09-21 18:01,2026-09-21 18:01,,,https://www.youtube.com/channel/UCr2rH0URzwl7oTPgXPFX8mw
UCIe-oV0U4REcMWXr-9ShWlg,@river_12453,36,3年,Member (3 years),,不明,,,1,15,1,2026-09-21 18:01,2026-09-21 18:01,,,https://www.youtube.com/channel/UCIe-oV0U4REcMWXr-9ShWlg
UC3PMUM9wn-1zmkA0CbFq8Ng,@sen-chi-yan,36,3年,Member (3 years),,不明,,,1,6,0,2026-09-21 18:01,2026-09-21 18:01,,,https://www.youtube.com/channel/UC3PMUM9wn-1zmkA0CbFq8Ng
UC6joPBxoN8Un1CNN3KBManw,@o_den,36,3年,Member (3 years),,不明,,,1,4,0,2026-09-21 18:01,2026-09-21 18:01,,,https://www.youtube.com/channel/UC6joPBxoN8Un1CNN3KBManw
UC4kh9b0ZLSURaqkAYhhP9dw,@yoyoto_64,36,3年,Member (3 years),,不明,,,1,13,1,2026-09-21 18:01,2026-09-21 18:01,,,https://www.youtube.com/channel/UC4kh9b0ZLSURaqkAYhhP9dw
UCLQeWjRlj_uiNX3J-sOCfnw,@もってぃ-i9v,36,3年,Member (3 years),,不明,,,1,1,0,2026-09-21 18:01,2026-09-21 18:01,,,https://www.youtube.com/channel/UCLQeWjRlj_uiNX3J-sOCfnw
UCCYlctsgfHTwCTg993vWvVw,@kuronepho,36,3年,Member (3 years),,不明,,,1,1,0,2026-09-21 18:01,2026-09-21 18:01,,,https://www.youtube.com/channel/UCCYlctsgfHTwCTg993vWvVw
UCv1sXs7ubNbky1F2TsFC4Fg,@Kashikaze-Usagi,36,3年,Member (3 years),,不明,,,1,2,1,2026-09-21 18:01,2026-09-21 18:01,,,https://www.youtube.com/channel/UCv1sXs7ubNbky1F2TsFC4Fg
UCePbn107-oSLi83JLxlI4uw,@hatopo7777,36,3年,Member (3 years),,不明,,,1,1,0,2026-09-21 18:01,2026-09-21 18:01,,,https://www.youtube.com/channel/UCePbn107-oSLi83JLxlI4uw
UCCqOE_xAm22cIXtjnPG1maA,@syao_AB3,36,3年,Member (3 years),,不明,,,1,3,0,2026-09-21 18:01,2026-09-21 18:01,,,https://www.youtube.com/channel/UCCqOE_xAm22cIXtjnPG1maA
UCzy67ELKkV8vGpzCR6dBSuA,@たけトンボ-e8r,36,3年,Member (3 years),,不明,,,1,1,1,2026-09-21 18:01,2026-09-21 18:01,,,https://www.youtube.com/channel/UCzy67ELKkV8vGpzCR6dBSuA
UCXmL2IMSQV7Asyj7zNHAK4g,@haru7619,36,3年,Member (3 years),,不明,,,1,1,0,2026-09-21 18:01,2026-09-21 18:01,,,https://www.youtube.com/channel/UCXmL2IMSQV7Asyj7zNHAK4g
UC9BCyujCHt7iRCDko1s55TQ,@hal1ban145,36,3年,Member (3 years),,不明,,,1,1,1,2026-09-21 18:01,2026-09-21 18:01,,,https://www.youtube.com/channel/UC9BCyujCHt7iRCDko1s55TQ
UCwkfG0UldGp9gpyqLbc7gDQ,@カマス-k7r,36,3年,Member (3 years),,不明,,,1,1,1,2026-09-21 18:01,2026-09-21 18:01,,,https://www.youtube.com/channel/UCwkfG0UldGp9gpyqLbc7gDQ
UC73kORlDCkCZtDfhnjaQ8TA,@ゆーきゃん-02,36,3年,Member (3 years),,不明,,,1,2,0,2026-09-21 18:01,2026-09-21 18:01,,,https://www.youtube.com/channel/UC73kORlDCkCZtDfhnjaQ8TA
UC-c1vGcPkQVYIMInir9zv9A,@瀬奈薫,36,3年,Member (3 years),,不明,,,1,1,0,2026-09-21 18:01,2026-09-21 18:01,,,https://www.youtube.com/channel/UC-c1vGcPkQVYIMInir9zv9A
UCLsA4NSfVeS3V81HsA5Fo6g,@やしおピース,36,3年,Member (3 years),,不明,,,1,1,0,2026-09-21 18:01,2026-09-21 18:01,,,https://www.youtube.com/channel/UCLsA4NSfVeS3V81HsA5Fo6g
UCOEItGosGCkgW6A7jIMkwvA,@かりんとうb,36,3年,Member (3 years),,不明,,,1,2,0,2026-09-21 18:01,2026-09-21 18:01,,,https://www.youtube.com/channel/UCOEItGosGCkgW6A7jIMkwvA
UCG3aLsaMP28980eG-ILvHdg,@藤宮san,36,3年,Member (3 years),,不明,,,1,1,1,2026-09-21 18:01,2026-09-21 18:01,,,https://www.youtube.com/channel/UCG3aLsaMP28980eG-ILvHdg
UCUIM5EvGNR2ucCbQ4LQlWFg,@てーじゃ,36,3年,Member (3 years),,不明,,,1,1,0,2026-09-21 18:01,2026-09-21 18:01,,,https://www.youtube.com/channel/UCUIM5EvGNR2ucCbQ4LQlWFg
UCKA1hfT9okXTPKbTBvC_hnQ,@A-ichi,36,3年,Member (3 years),,不明,,,1,1,0,2026-09-23 21:03,2026-09-23 21:03,,,https://www.youtube.com/channel/UCKA1hfT9okXTPKbTBvC_hnQ
UCn24pyOn8wDLHSY3y08m4BQ,@きちはち_yt,36,3年,Member (3 years),,不明,,,1,1,0,2026-09-23 21:03,2026-09-23 21:03,,,https://www.youtube.com/channel/UCn24pyOn8wDLHSY3y08m4BQ
UC6Denpfrp46nNtRFtBVz2kw,@光-c7i,36,3年,Member (3 years),,不明,,,1,1,0,2026-09-24 21:14,2026-09-24 21:14,,,https://www.youtube.com/channel/UC6Denpfrp46nNtRFtBVz2kw
UCVdQS1g1Eg43Vc9HZZUR9gA,@タケ-s5o,36,3年,Member (3 years),,不明,,,1,1,1,2026-09-26 21:01,2026-09-26 21:01,,,https://www.youtube.com/channel/UCVdQS1g1Eg43Vc9HZZUR9gA
UCy_2H43_ulqiWEcNHhl7rKQ,@おにいちご,36,3年,Member (3 years),,不明,,,1,26,0,2026-09-26 21:01,2026-09-26 21:01,,,https://www.youtube.com/channel/UCy_2H43_ulqiWEcNHhl7rKQ
UCjDJZ7WzFXzJd4cLUNTnLTg,@matu6442,36,3年,Member (3 years),,不明,,,1,2,0,2026-09-26 21:01,2026-09-26 21:01,,,https://www.youtube.com/channel/UCjDJZ7WzFXzJd4cLUNTnLTg
UCK5KYoVfSrVbexEk-GNFEbA,@ファオ-e2y,36,3年,Member (3 years),,不明,,,1,1,0,2026-09-26 21:01,2026-09-26 21:01,,,https://www.youtube.com/channel/UCK5KYoVfSrVbexEk-GNFEbA
UCtEYWkIxlg4Ui6NrjaZspng,@_hk_,36,3年,Member (3 years),,不明,,,1,1,0,2026-09-26 21:01,2026-09-26 21:01,,,https://www.youtube.com/channel/UCtEYWkIxlg4Ui6NrjaZspng
UClaozj3nr63l_EMAQ8YW3AQ,@Takuya-wd7hy,36,3年,Member (3 years),,不明,,,1,12,0,2026-09-26 21:01,2026-09-26 21:01,,,https://www.youtube.com/channel/UClaozj3nr63l_EMAQ8YW3AQ
UCI5W1JW-c7s6t2Tp7eupRpg,@msm06ジュリック,36,3年,Member (3 years),,不明,,,1,1,0,2026-09-26 21:01,2026-09-26 21:01,,,https://www.youtube.com/channel/UCI5W1JW-c7s6t2Tp7eupRpg
UCId_Ib1g8fpB5iIfo75IOeQ,@kotone_琴音,36,3年,Member (3 years),,不明,,,1,1,0,2026-09-26 21:01,2026-09-26 21:01,,,https://www.youtube.com/channel/UCId_Ib1g8fpB5iIfo75IOeQ
UCmSi_DtT9TsOWDDOra1HFug,@ちぇすたぁ,36,3年,Member (3 years),,不明,,,1,2,0,2026-09-26 21:01,2026-09-26 21:01,,,https://www.youtube.com/channel/UCmSi_DtT9TsOWDDOra1HFug
UCargToSMGTKbLaVuiXT_dQg,@teruバンビー,36,3年,Member (3 years),,不明,,,1,1,0,2026-09-26 21:01,2026-09-26 21:01,,,https://www.youtube.com/channel/UCargToSMGTKbLaVuiXT_dQg
UC9fvn2Lh3nsBXpx7041Noqw,@つくし-r5b,36,3年,Member (3 years),,不明,,,1,2,0,2026-09-26 21:01,2026-09-26 21:01,,,https://www.youtube.com/channel/UC9fvn2Lh3nsBXpx7041Noqw
UCsYEbiHXcP8WemVOG0z1XvA,@dodoqu,36,3年,Member (3 years),,不明,,,1,2,0,2026-09-27 20:02,2026-09-27 20:02,,,https://www.youtube.com/channel/UCsYEbiHXcP8WemVOG0z1XvA
UCkFntWMRCqFeBXv4RqW35yw,@pipi-w4t,36,3年,Member (3 years),,不明,,,1,2,0,2026-09-28 20:04,2026-09-28 20:04,,,https://www.youtube.com/channel/UCkFntWMRCqFeBXv4RqW35yw
UCUxAIxEFDPNO2EmTKBwwQOw,@UMA0603,36,3年,Member (3 years),,不明,,,1,1,0,2026-10-01 20:00,2026-10-01 20:00,,,https://www.youtube.com/channel/UCUxAIxEFDPNO2EmTKBwwQOw
UCzkuVVOXPLjB_6KRe90Ugcg,@ych9389,36,3年,Member (3 years),,不明,,,1,1,0,2026-10-01 20:00,2026-10-01 20:00,,,https://www.youtube.com/channel/UCzkuVVOXPLjB_6KRe90Ugcg
UCRuwsQriaZhwLzlpRTG_-oQ,@きくち-d7u,36,3年,Member (3 years),,不明,,,1,5,0,2026-10-04 20:37,2026-10-04 20:37,,,https://www.youtube.com/channel/UCRuwsQriaZhwLzlpRTG_-oQ
UCRaSy_vDMaYbXeA9NXMsWNA,@しゅーいち-i7d,36,3年,Member (3 years),,不明,,,1,1,0,2026-10-04 20:37,2026-10-04 20:37,,,https://www.youtube.com/channel/UCRaSy_vDMaYbXeA9NXMsWNA
UCGJXgBOAXGEiVNJdVHw8qZg,@しのさん-004,36,3年,Member (3 years),,不明,,,1,1,0,2026-10-07 16:39,2026-10-07 16:39,,,https://www.youtube.com/channel/UCGJXgBOAXGEiVNJdVHw8qZg
UCI-5k-aRuqpulNBW41rYLmw,@なみね-yu,24,2年,Member (2 years),,不明,,,21,2722,4,2026-09-09 21:02,2026-10-07 16:39,,,https://www.youtube.com/channel/UCI-5k-aRuqpulNBW41rYLmw
UCeq2rCbZUBeoKhIBVUqXo5w,@雪風61,24,2年,Member (2 years),,不明,,,21,799,0,2026-09-09 21:02,2026-10-07 16:39,,,https://www.youtube.com/channel/UCeq2rCbZUBeoKhIBVUqXo5w
UCsQS4kINHQ9CvcjjkQdH1KQ,@七海遥-d5z,24,2年,Member (2 years),,不明,,,21,2604,1,2026-09-09 21:02,2026-10-07 16:39,,,https://www.youtube.com/channel/UCsQS4kINHQ9CvcjjkQdH1KQ
UCjbDWYVJegMVmbyusMcxbqw,@mokishiwataモキシワタ,24,2年,Member (2 years),,不明,,,21,4247,1,2026-09-09 21:02,2026-10-07 16:39,,,https://www.youtube.com/channel/UCjbDWYVJegMVmbyusMcxbqw
UCFygCivTL-RgiWDEU3G9pHQ,@コアラ-b4m,24,2年,Member (2 years),,不明,,,20,2509,1,2026-09-09 21:02,2026-10-07 16:39,,,https://www.youtube.com/channel/UCFygCivTL-RgiWDEU3G9pHQ
UCaZRHB8Qhwv_0JUY3tw2Hsg,@Husky_Pochi38,24,2年,Member (2 years),,不明,,,20,1780,1,2026-09-09 21:02,2026-10-07 16:39,,,https://www.youtube.com/channel/UCaZRHB8Qhwv_0JUY3tw2Hsg
UCMPe5wrTIwGiCBZnJ0FZCMg,@のねほでい,24,2年,Member (2 years),,不明,,,20,5146,2,2026-09-09 21:02,2026-10-07 16:39,,,https://www.youtube.com/channel/UCMPe5wrTIwGiCBZnJ0FZCMg
UC4cC9Jih5B3JL2nT61g9eRg,@クジャ-i4v,24,2年,Member (2 years),,不明,,,20,247,0,2026-09-09 21:02,2026-10-07 16:39,,,https://www.youtube.com/channel/UC4cC9Jih5B3JL2nT61g9eRg
UCeHpONw8jzr3aMnBsiVM8ag,@みゆき74,24,2年,Member (2 years),,不明,,,20,41,0,2026-09-09 21:02,2026-10-07 16:39,,,https://www.youtube.com/channel/UCeHpONw8jzr3aMnBsiVM8ag
UCzyzh3TvHZvswUgYZkH2UbA,@ヒロスリー,24,2年,Member (2 years),,不明,,,20,153,0,2026-09-09 21:02,2026-10-07 16:39,,,https://www.youtube.com/channel/UCzyzh3TvHZvswUgYZkH2UbA
UCR_kOqPYnXX9sOSeSEG4eww,@じゅらる-q9l,24,2年,Member (2 years),,不明,,,20,110,0,2026-09-09 21:02,2026-10-07 16:39,,,https://www.youtube.com/channel/UCR_kOqPYnXX9sOSeSEG4eww
UCifbQerXquWC_rL_YtxWJDg,@ゆずぴー-d6m,24,2年,Member (2 years),,不明,,,19,976,2,2026-09-09 21:02,2026-10-07 16:39,,,https://www.youtube.com/channel/UCifbQerXquWC_rL_YtxWJDg
UCWGONpyrYmHQXgRTbNfD56Q,@とんこつ-y7i,24,2年,Member (2 years),,不明,,,19,992,11,2026-09-09 21:02,2026-10-04 20:37,,,https://www.youtube.com/channel/UCWGONpyrYmHQXgRTbNfD56Q
UC3cf59w9M9gteetLryw8DqQ,@椰子やし太郎,24,2年,Member (2 years),,不明,,,19,2099,4,2026-09-09 21:02,2026-10-04 20:37,,,https://www.youtube.com/channel/UC3cf59w9M9gteetLryw8DqQ
UCWLH7Ziv8D50YiIGRS-1Trw,@たんさん-i7w,24,2年,Member (2 years),,不明,,,19,166,0,2026-09-09 21:02,2026-10-04 20:37,,,https://www.youtube.com/channel/UCWLH7Ziv8D50YiIGRS-1Trw
UCnB8e-54-FfyZwT2zF-wNhw,@da_yu_,24,2年,Member (2 years),,不明,,,19,55,0,2026-09-09 21:02,2026-10-07 16:39,,,https://www.youtube.com/channel/UCnB8e-54-FfyZwT2zF-wNhw
UCWrBExm_uN6Og63vImj4G5Q,@naka718,24,2年,Member (2 years),,不明,,,18,460,2,2026-09-09 21:02,2026-09-30 19:02,,,https://www.youtube.com/channel/UCWrBExm_uN6Og63vImj4G5Q
UCQ2cv6g6RrG9FB4UiqHQLwQ,@くらげ-_-b,24,2年,Member (2 years),,不明,,,18,341,0,2026-09-09 21:02,2026-10-07 16:39,,,https://www.youtube.com/channel/UCQ2cv6g6RrG9FB4UiqHQLwQ
UC6dsNvCI5viXEcTQyoa7iyw,@六緑ろくろく,24,2年,Member (2 years),,不明,,,18,3086,1,2026-09-09 21:02,2026-10-07 16:39,,,https://www.youtube.com/channel/UC6dsNvCI5viXEcTQyoa7iyw
UCrnNqr_cxJZRxkgORDHL39A,@おちバター,24,2年,Member (2 years),,不明,,,18,1911,4,2026-09-09 21:02,2026-10-04 20:37,,,https://www.youtube.com/channel/UCrnNqr_cxJZRxkgORDHL39A
UCvED7dBkealg5XyXtGOIuAA,@みっきー73,24,2年,Member (2 years),,不明,,,18,264,1,2026-09-09 21:02,2026-10-04 20:37,,,https://www.youtube.com/channel/UCvED7dBkealg5XyXtGOIuAA
UCa4E4GI7HdrIsnWAI4bn3sg,@ロプ-u4u,24,2年,Member (2 years),,不明,,,18,157,0,2026-09-09 21:02,2026-10-04 20:37,,,https://www.youtube.com/channel/UCa4E4GI7HdrIsnWAI4bn3sg
UCimt3jqav0zsFVM89yrK1Sw,@かぷさいしん-cps,24,2年,Member (2 years),,不明,,,18,1304,0,2026-09-09 21:02,2026-10-07 16:39,,,https://www.youtube.com/channel/UCimt3jqav0zsFVM89yrK1Sw
UC3ObRNQ85S3K60S5CTGiwqA,@ごん-m3z,24,2年,Member (2 years),,不明,,,18,484,1,2026-09-09 21:02,2026-10-04 20:37,,,https://www.youtube.com/channel/UC3ObRNQ85S3K60S5CTGiwqA
UCKB2CKQLjNwWvvtAPSoOgHw,@tocchiii,24,2年,Member (2 years),,不明,,,17,730,0,2026-09-09 21:02,2026-10-04 20:37,,,https://www.youtube.com/channel/UCKB2CKQLjNwWvvtAPSoOgHw
UCkrI_iD9p3qhj36Cob5yPYA,@ArMe_31,24,2年,Member (2 years),,不明,,,17,104,0,2026-09-09 21:02,2026-10-04 20:37,,,https://www.youtube.com/channel/UCkrI_iD9p3qhj36Cob5yPYA
UCTrcQp8o8lRADPDm0gVOrDQ,@金剛河豚-o3o,24,2年,Member (2 years),,不明,,,17,154,0,2026-09-11 21:02,2026-10-04 20:37,,,https://www.youtube.com/channel/UCTrcQp8o8lRADPDm0gVOrDQ
UCugbt4ODy7Ak3IIdQHC4xQg,@羽_torodo,24,2年,Member (2 years),,不明,,,17,613,1,2026-09-11 21:02,2026-10-04 20:37,,,https://www.youtube.com/channel/UCugbt4ODy7Ak3IIdQHC4xQg
UCPG78SWHgcj7OKQHs_zr0sQ,@夜月めぐる,24,2年,Member (2 years),,不明,,,16,1909,0,2026-09-09 21:02,2026-10-04 20:37,,,https://www.youtube.com/channel/UCPG78SWHgcj7OKQHs_zr0sQ
UC1-QU33kfzmaNSps5DOXxbQ,@ぱにし-r2h,24,2年,Member (2 years),,不明,,,16,241,0,2026-09-09 21:02,2026-10-04 20:37,,,https://www.youtube.com/channel/UC1-QU33kfzmaNSps5DOXxbQ
UC4azIAEPgPF7ROX4JjRBo0Q,@reira_mnkrb,24,2年,Member (2 years),,不明,,,16,194,0,2026-09-09 21:02,2026-10-04 20:37,,,https://www.youtube.com/channel/UC4azIAEPgPF7ROX4JjRBo0Q
UCsWUEb9wAzysJzteicGQRCw,@ろっく_Rock,24,2年,Member (2 years),,不明,,,16,443,1,2026-09-11 21:02,2026-10-07 16:39,,,https://www.youtube.com/channel/UCsWUEb9wAzysJzteicGQRCw
UCV2L2tT_t6ylnKitp3bfb6Q,@にゃじら.c,24,2年,Member (2 years),,不明,,,16,627,1,2026-09-11 21:02,2026-10-04 20:37,,,https://www.youtube.com/channel/UCV2L2tT_t6ylnKitp3bfb6Q
UCOflrWrPIpSU7ZAp2Pgc0Gg,@fusetaka,24,2年,Member (2 years),,不明,,,15,159,0,2026-09-09 21:02,2026-10-07 16:39,,,https://www.youtube.com/channel/UCOflrWrPIpSU7ZAp2Pgc0Gg
UCsgme0J2pqGgvjT7QzGW1Mw,@しじみくん-m2b,24,2年,Member (2 years),,不明,,,15,116,0,2026-09-09 21:02,2026-10-01 20:00,,,https://www.youtube.com/channel/UCsgme0J2pqGgvjT7QzGW1Mw
UCT0mblzOZE9LN2WVrYt_0aA,@shibainu1015,24,2年,Member (2 years),,不明,,,15,242,1,2026-09-11 21:02,2026-10-07 16:39,,,https://www.youtube.com/channel/UCT0mblzOZE9LN2WVrYt_0aA
UCzZwFyPpM2lbFCNoc2jnB3w,@ハルカカナタ-b8x,24,2年,Member (2 years),,不明,,,15,225,0,2026-09-12 13:08,2026-10-04 20:37,,,https://www.youtube.com/channel/UCzZwFyPpM2lbFCNoc2jnB3w
UCKENM4pE0q7WrxlwrIaPw2A,@AKI_アキ2,24,2年,Member (2 years),,不明,,,15,585,0,2026-09-12 13:08,2026-10-04 20:37,,,https://www.youtube.com/channel/UCKENM4pE0q7WrxlwrIaPw2A
UCgs4vHhXJR1jyLb6ve1rUFQ,@さす1,24,2年,Member (2 years),,不明,,,15,452,0,2026-09-12 13:08,2026-10-07 16:39,,,https://www.youtube.com/channel/UCgs4vHhXJR1jyLb6ve1rUFQ
UC3KP89PuKjZcZnmjB1oxlZQ,@わんた-h8y,24,2年,Member (2 years),,不明,,,15,455,0,2026-09-12 19:01,2026-10-07 16:39,,,https://www.youtube.com/channel/UC3KP89PuKjZcZnmjB1oxlZQ
UCjEk-QSgGv106A8Twe33eiQ,@さなぎsangi,24,2年,Member (2 years),,不明,,,14,265,1,2026-09-09 21:02,2026-10-07 16:39,,,https://www.youtube.com/channel/UCjEk-QSgGv106A8Twe33eiQ
UCmKcuiLbDMVjgFXnvUG1JCw,@ぜぶる,24,2年,Member (2 years),,不明,,,14,1340,0,2026-09-09 21:02,2026-10-07 16:39,,,https://www.youtube.com/channel/UCmKcuiLbDMVjgFXnvUG1JCw
UC8WuAzMNqCpuI3ZDoslF73w,@翻車魚豆腐manboudofu,24,2年,Member (2 years),,不明,,,13,144,1,2026-09-09 21:02,2026-10-04 20:37,,,https://www.youtube.com/channel/UC8WuAzMNqCpuI3ZDoslF73w
UCdc_e_wMwfJWeVSyyZbXmrQ,@kobushi981,24,2年,Member (2 years),,不明,,,13,249,0,2026-09-12 13:08,2026-10-04 20:37,,,https://www.youtube.com/channel/UCdc_e_wMwfJWeVSyyZbXmrQ
UC4pJVRuj7kZe8aw2llItihg,@ふくおか-f9ok,24,2年,Member (2 years),,不明,,,12,1193,2,2026-09-09 21:02,2026-10-07 16:39,,,https://www.youtube.com/channel/UC4pJVRuj7kZe8aw2llItihg
UCEKeH4tZL9DBF2IhqrvDoNQ,@いにほ-0-かも,24,2年,Member (2 years),,不明,,,12,158,1,2026-09-09 21:02,2026-10-04 20:37,,,https://www.youtube.com/channel/UCEKeH4tZL9DBF2IhqrvDoNQ
UC0pv9k5Zy5EWA8rzR3Q9ZeA,@しぶほし,24,2年,Member (2 years),,不明,,,12,104,0,2026-09-11 21:02,2026-10-04 20:37,,,https://www.youtube.com/channel/UC0pv9k5Zy5EWA8rzR3Q9ZeA
UCbGv2EZ5HpOrdjeDoILU6UQ,@ねこむすめ-cat,24,2年,Member (2 years),,不明,,,12,588,1,2026-09-11 21:02,2026-10-07 16:39,,,https://www.youtube.com/channel/UCbGv2EZ5HpOrdjeDoILU6UQ
UC7NXFSaEhKGRxee_Y2O0Dqw,@Tulba_ghia,24,2年,Member (2 years),,不明,,,12,21,0,2026-09-12 13:08,2026-10-07 16:39,,,https://www.youtube.com/channel/UC7NXFSaEhKGRxee_Y2O0Dqw
UCvAP5iNfSfU6JU6TzLw359Q,@ロム-z8j,24,2年,Member (2 years),,不明,,,11,164,0,2026-09-09 21:02,2026-10-04 20:37,,,https://www.youtube.com/channel/UCvAP5iNfSfU6JU6TzLw359Q
UC3JZaUjWor1H8ub0pWGl8lA,@どんぶり-b9e,24,2年,Member (2 years),,不明,,,11,83,2,2026-09-09 21:02,2026-10-07 16:39,,,https://www.youtube.com/channel/UC3JZaUjWor1H8ub0pWGl8lA
UCQdfdcvfrlPQbcUR-2izeCw,@muso1350,24,2年,Member (2 years),,不明,,,11,830,1,2026-09-12 13:08,2026-10-04 20:37,,,https://www.youtube.com/channel/UCQdfdcvfrlPQbcUR-2izeCw
UCVMeoTEaeEYUYnUremSrmmA,@てててん.s,24,2年,Member (2 years),,不明,,,11,91,0,2026-09-12 19:01,2026-09-28 20:04,,,https://www.youtube.com/channel/UCVMeoTEaeEYUYnUremSrmmA
UC9boCNBY7-FPWGGfwbJHHfw,@aereal-えありある,24,2年,Member (2 years),,不明,,,10,27,0,2026-09-09 21:02,2026-10-04 20:37,,,https://www.youtube.com/channel/UC9boCNBY7-FPWGGfwbJHHfw
UC24vsO_stxjflEvawUbRIgQ,@terlisa9231,24,2年,Member (2 years),,不明,,,10,252,0,2026-09-12 13:08,2026-10-01 20:00,,,https://www.youtube.com/channel/UC24vsO_stxjflEvawUbRIgQ
UCXDAiBSzfX4tAXPf9XnGDvw,@カナン-pypy,24,2年,Member (2 years),,不明,,,10,768,1,2026-09-12 13:08,2026-10-07 16:39,,,https://www.youtube.com/channel/UCXDAiBSzfX4tAXPf9XnGDvw
UC6Ena0Tu3ME4_AWkzwRL-Sw,@ブラン-e4q,24,2年,Member (2 years),,不明,,,10,84,0,2026-09-12 19:01,2026-10-04 20:37,,,https://www.youtube.com/channel/UC6Ena0Tu3ME4_AWkzwRL-Sw
UCVN8XSKh2ZiAjzeeTtpibWg,@肉無し唐揚げ衣抜き,24,2年,Member (2 years),,不明,,,10,53,0,2026-09-13 17:32,2026-10-07 16:39,,,https://www.youtube.com/channel/UCVN8XSKh2ZiAjzeeTtpibWg
UCz5w0d-E3mURwWtgmjbTzuQ,@ソウタ-z1h,24,2年,Member (2 years),,不明,,,10,74,0,2026-09-13 17:32,2026-10-07 16:39,,,https://www.youtube.com/channel/UCz5w0d-E3mURwWtgmjbTzuQ
UC6Z54jEoSnAALrQvpCf23dw,@tsukimi_333,24,2年,Member (2 years),,不明,,,10,2632,2,2026-09-17 18:02,2026-10-07 16:39,,,https://www.youtube.com/channel/UC6Z54jEoSnAALrQvpCf23dw
UCfYl4EypNqhUCaTmpRN3OzA,@ひお-q6w,24,2年,Member (2 years),,不明,,,10,23,2,2026-09-17 21:02,2026-10-04 20:37,,,https://www.youtube.com/channel/UCfYl4EypNqhUCaTmpRN3OzA
UCUvG-I9DcxSYxJRdYMA_NDg,@ホシモリ,24,2年,Member (2 years),,不明,,,9,39,0,2026-09-09 21:02,2026-10-01 20:00,,,https://www.youtube.com/channel/UCUvG-I9DcxSYxJRdYMA_NDg
UCDwNq2bpQKVJHXB2Tbikgxg,@パール484,24,2年,Member (2 years),,不明,,,9,18,0,2026-09-11 21:02,2026-10-04 20:37,,,https://www.youtube.com/channel/UCDwNq2bpQKVJHXB2Tbikgxg
UC_TwFdtSM-wEsLTga7F6Dxw,@MK-sz1dc,24,2年,Member (2 years),,不明,,,9,127,0,2026-09-12 13:08,2026-09-26 21:15,,,https://www.youtube.com/channel/UC_TwFdtSM-wEsLTga7F6Dxw
UCYamksAxuqMaZZcidB8g-mA,@ぽとふ-w3f,24,2年,Member (2 years),,不明,,,9,483,1,2026-09-12 19:01,2026-10-01 20:00,,,https://www.youtube.com/channel/UCYamksAxuqMaZZcidB8g-mA
UCnfKhMkmxsSajdzDDp7oyqA,@しくろ-d8h,24,2年,Member (2 years),,不明,,,9,417,1,2026-09-13 17:32,2026-10-04 20:37,,,https://www.youtube.com/channel/UCnfKhMkmxsSajdzDDp7oyqA
UCqdbIwaNfSGkggZnFp0ySiQ,@へにる,24,2年,Member (2 years),,不明,,,9,10,0,2026-09-13 17:32,2026-10-04 20:37,,,https://www.youtube.com/channel/UCqdbIwaNfSGkggZnFp0ySiQ
UCu2DxQ_bflpPGTEDcOxr-eA,@Sooodaa615,24,2年,Member (2 years),,不明,,,9,58,0,2026-09-13 17:32,2026-10-04 20:37,,,https://www.youtube.com/channel/UCu2DxQ_bflpPGTEDcOxr-eA
UCxm476eRUn4uvk0Jbji7wuQ,@アオ12-ky4ky,24,2年,Member (2 years),,不明,,,9,48,0,2026-09-17 18:02,2026-10-04 20:37,,,https://www.youtube.com/channel/UCxm476eRUn4uvk0Jbji7wuQ
UCCTlTNdBBYihCWE6DXkDS6Q,@kasyopa,24,2年,Member (2 years),,不明,,,8,87,0,2026-09-12 13:08,2026-10-07 16:39,,,https://www.youtube.com/channel/UCCTlTNdBBYihCWE6DXkDS6Q
UC6BEHkSx41KPmIZsi93gJ5g,@豚太郎_Pigtarotaro,24,2年,Member (2 years),,不明,,,8,110,3,2026-09-12 13:08,2026-10-07 16:39,,,https://www.youtube.com/channel/UC6BEHkSx41KPmIZsi93gJ5g
UCFui0vmvOMOfWAfcO9vKflA,@animasteelS12,24,2年,Member (2 years),,不明,,,8,176,1,2026-09-12 19:01,2026-09-27 20:02,,,https://www.youtube.com/channel/UCFui0vmvOMOfWAfcO9vKflA
UCHFZqNeZt9d06XyGBsf-Spw,@りつか-f2d,24,2年,Member (2 years),,不明,,,8,315,1,2026-09-13 17:32,2026-09-30 19:02,,,https://www.youtube.com/channel/UCHFZqNeZt9d06XyGBsf-Spw
UCLtoKUsrAH4sLtYB2j7EGqw,@紅しょうが_528,24,2年,Member (2 years),,不明,,,8,112,1,2026-09-13 17:32,2026-10-01 20:00,,,https://www.youtube.com/channel/UCLtoKUsrAH4sLtYB2j7EGqw
UCIkLVZwuhYtSf0qNv0HGjqQ,@厳しいミント,24,2年,Member (2 years),,不明,,,8,229,1,2026-09-13 17:32,2026-10-04 20:37,,,https://www.youtube.com/channel/UCIkLVZwuhYtSf0qNv0HGjqQ
UCooUrsD6ykOg_JKY0xCSkJA,@nankotsusoki,24,2年,Member (2 years),,不明,,,8,43,0,2026-09-17 18:02,2026-10-04 20:37,,,https://www.youtube.com/channel/UCooUrsD6ykOg_JKY0xCSkJA
UC-SDpSxnFXbn3341atnmjig,@柳崎紫苑_りゅうざきしおん,24,2年,Member (2 years),,不明,,,7,133,1,2026-09-11 21:02,2026-09-27 20:02,,,https://www.youtube.com/channel/UC-SDpSxnFXbn3341atnmjig
UCu7R_k8PIcvZzm_V18lRDyA,@mio__il,24,2年,Member (2 years),,不明,,,7,53,0,2026-09-12 13:08,2026-10-07 16:39,,,https://www.youtube.com/channel/UCu7R_k8PIcvZzm_V18lRDyA
UC5aMplkT3-bUgFMcmnJh58A,@A00-xx,24,2年,Member (2 years),,不明,,,7,26,0,2026-09-12 13:08,2026-10-07 16:39,,,https://www.youtube.com/channel/UC5aMplkT3-bUgFMcmnJh58A
UCxVX83wZ82sExORABEfIQuQ,@ナオキ777,24,2年,Member (2 years),,不明,,,7,70,0,2026-09-12 13:08,2026-10-04 20:37,,,https://www.youtube.com/channel/UCxVX83wZ82sExORABEfIQuQ
UCX1GypH8GWQ-tUpCUSa_iwg,@ゆっくり-1022,24,2年,Member (2 years),,めるねいとの拳たち,再加入/レベル変更,,7,16,0,2026-09-12 19:01,2026-10-07 16:39,,,https://www.youtube.com/channel/UCX1GypH8GWQ-tUpCUSa_iwg
UCiqz_KzxOa_b-UhdB5Dq8Lw,@huzuki0229,24,2年,Member (2 years),,不明,,,7,108,1,2026-09-13 17:32,2026-10-07 16:39,,,https://www.youtube.com/channel/UCiqz_KzxOa_b-UhdB5Dq8Lw
UCtmNh_tiJlXv6kjaL-j5DZg,@アリィゼ,24,2年,Member (2 years),,不明,,,7,58,1,2026-09-16 23:02,2026-10-01 20:00,,,https://www.youtube.com/channel/UCtmNh_tiJlXv6kjaL-j5DZg
UCozemYQeS4jG0jgFZVFUwPQ,@シーチキンなまこ,24,2年,Member (2 years),,不明,,,7,43,0,2026-09-19 13:12,2026-10-04 20:37,,,https://www.youtube.com/channel/UCozemYQeS4jG0jgFZVFUwPQ
UCfnV_48766sRN5XgmbjWQyg,@誠の旗印,24,2年,Member (2 years),,不明,,,6,117,3,2026-09-09 21:02,2026-09-30 19:02,,,https://www.youtube.com/channel/UCfnV_48766sRN5XgmbjWQyg
UCTaKdycEXhY2oMGHNozoSwg,@Ys_わいず,24,2年,Member (2 years),,不明,,,6,232,1,2026-09-12 13:08,2026-10-04 20:37,,,https://www.youtube.com/channel/UCTaKdycEXhY2oMGHNozoSwg
UCcvhV2dEKgHyUGmrTlWwikQ,@うみ_519melty,24,2年,Member (2 years),,不明,,,6,14,0,2026-09-12 13:08,2026-09-26 21:15,,,https://www.youtube.com/channel/UCcvhV2dEKgHyUGmrTlWwikQ
UCUX2VWS_yA9gIBMcaXqJ-zQ,@あぽ-b4c,24,2年,Member (2 years),,不明,,,6,131,0,2026-09-12 13:08,2026-09-26 21:15,,,https://www.youtube.com/channel/UCUX2VWS_yA9gIBMcaXqJ-zQ
UCwskmHbyH7FcZhw5pSd4wbA,@ねこのまると010,24,2年,Member (2 years),,不明,,,6,181,0,2026-09-12 13:08,2026-10-04 20:37,,,https://www.youtube.com/channel/UCwskmHbyH7FcZhw5pSd4wbA
UCqHq_gw6UC84Y_PeOAVM99Q,@tentika256,24,2年,Member (2 years),,不明,,,6,58,0,2026-09-12 13:08,2026-10-01 20:00,,,https://www.youtube.com/channel/UCqHq_gw6UC84Y_PeOAVM99Q
UCcyQGCWKjUq04DGVdx0CDXA,@くうん_mi,24,2年,Member (2 years),,不明,,,6,30,0,2026-09-12 13:08,2026-10-04 20:37,,,https://www.youtube.com/channel/UCcyQGCWKjUq04DGVdx0CDXA
UCZ2upr77Xo9pBhq8fzYbTGg,@ほけ_hoke,24,2年,Member (2 years),,不明,,,6,25,0,2026-09-12 13:08,2026-09-30 19:02,,,https://www.youtube.com/channel/UCZ2upr77Xo9pBhq8fzYbTGg
UC1GvMFKW5r8_HdH4vLYxVVQ,@Bagle-f6m,24,2年,Member (2 years),,不明,,,6,12,0,2026-09-12 13:08,2026-09-30 19:02,,,https://www.youtube.com/channel/UC1GvMFKW5r8_HdH4vLYxVVQ
UCu1N60uPMYVesClZyncMdvg,@みにまむおちび,24,2年,Member (2 years),,不明,,,6,17,0,2026-09-12 13:08,2026-10-04 20:37,,,https://www.youtube.com/channel/UCu1N60uPMYVesClZyncMdvg
UCnqgXwJkKEL4p3T2w20IC2w,@ミミmimi_hobby,24,2年,Member (2 years),,不明,,,6,481,1,2026-09-12 19:01,2026-10-07 16:39,,,https://www.youtube.com/channel/UCnqgXwJkKEL4p3T2w20IC2w
UC1ID0iEksPZmERgCv_UF1Rg,@りりぃー_eee,24,2年,Member (2 years),,不明,,,6,87,2,2026-09-12 19:01,2026-10-07 16:39,,,https://www.youtube.com/channel/UC1ID0iEksPZmERgCv_UF1Rg
UCmD84vHkmGNtOADgZiTmzag,@tsuka_3,24,2年,Member (2 years),,不明,,,6,45,1,2026-09-13 17:32,2026-10-07 16:39,,,https://www.youtube.com/channel/UCmD84vHkmGNtOADgZiTmzag
UCP8B8fTH1QnS4HXpQ0obUuA,@Ma-inz,24,2年,Member (2 years),,不明,,,6,204,0,2026-09-13 17:32,2026-10-01 20:00,,,https://www.youtube.com/channel/UCP8B8fTH1QnS4HXpQ0obUuA
UCsw09AAgHNnYqj6U3zIgw2Q,@うぉる_1711,24,2年,Member (2 years),,不明,,,6,73,0,2026-09-13 17:32,2026-10-04 20:37,,,https://www.youtube.com/channel/UCsw09AAgHNnYqj6U3zIgw2Q
UCiW_skGBi1hXb6ru7snKymg,@ぐぐない,24,2年,Member (2 years),,不明,,,6,27,0,2026-09-13 17:32,2026-09-28 20:04,,,https://www.youtube.com/channel/UCiW_skGBi1hXb6ru7snKymg
UCKvQQHGesrjbPZ2e_v6yiWg,@kaja_bekkoupanda,24,2年,Member (2 years),,不明,,,6,78,0,2026-09-19 13:12,2026-10-04 20:37,,,https://www.youtube.com/channel/UCKvQQHGesrjbPZ2e_v6yiWg
UCvJJ7X_qyhH1AlpDqj-HrSg,@NAKI7979,24,2年,Member (2 years),,不明,,,6,114,1,2026-09-21 18:01,2026-10-01 20:00,,,https://www.youtube.com/channel/UCvJJ7X_qyhH1AlpDqj-HrSg
UCO4lACrK1wtfhaYo2Atj97g,@サクランボ-w4s,24,2年,Member (2 years),,不明,,,6,16,1,2026-09-21 18:01,2026-10-07 16:39,,,https://www.youtube.com/channel/UCO4lACrK1wtfhaYo2Atj97g
UCZUmgLQzTzvNvE6A8WJ7PXA,@塔宮あーる,24,2年,Member (2 years),,不明,,,6,9,0,2026-09-26 21:01,2026-10-04 20:37,,,https://www.youtube.com/channel/UCZUmgLQzTzvNvE6A8WJ7PXA
UC3x1YOKM1iJylYQaBegVZLg,@a-やすもん,24,2年,Member (2 years),,不明,,,5,39,0,2026-09-11 21:02,2026-09-23 21:03,,,https://www.youtube.com/channel/UC3x1YOKM1iJylYQaBegVZLg
UChf2mHvqnx5WJY4waHGxKOQ,@マジで乙る5秒前,24,2年,Member (2 years),,不明,,,5,20,1,2026-09-12 13:08,2026-10-07 16:39,,,https://www.youtube.com/channel/UChf2mHvqnx5WJY4waHGxKOQ
UCMIa1JLy5eakT314sFAfoPg,@小鳥y,24,2年,Member (2 years),,不明,,,5,338,0,2026-09-12 13:08,2026-09-21 18:01,,,https://www.youtube.com/channel/UCMIa1JLy5eakT314sFAfoPg
UCu5aLe92EOkIxFjd3jmwbCg,@TheBlackbirdXIII,24,2年,Member (2 years),,不明,,,5,18,0,2026-09-12 13:08,2026-09-26 21:15,,,https://www.youtube.com/channel/UCu5aLe92EOkIxFjd3jmwbCg
UC6JE-ReR0AoEDw4C3kG57bA,@無限の輪廻クーロン,24,2年,Member (2 years),,不明,,,5,97,0,2026-09-21 18:01,2026-09-28 20:04,,,https://www.youtube.com/channel/UC6JE-ReR0AoEDw4C3kG57bA
UCiZRqs_f9GNwei--yVfkL_g,@Bear_in_秋心,24,2年,Member (2 years),,不明,,,5,10,0,2026-09-21 18:01,2026-09-27 20:02,,,https://www.youtube.com/channel/UCiZRqs_f9GNwei--yVfkL_g
UCYaNT1SLylzUAvDC8QhKcZg,@skyblue4014,24,2年,Member (2 years),,不明,,,4,14,0,2026-09-09 21:02,2026-10-04 20:37,,,https://www.youtube.com/channel/UCYaNT1SLylzUAvDC8QhKcZg
UCeHn1X-uDl27qhBwFPX87ig,@morestea15,24,2年,Member (2 years),,不明,,,4,5,0,2026-09-11 21:02,2026-09-28 20:04,,,https://www.youtube.com/channel/UCeHn1X-uDl27qhBwFPX87ig
UCDcKLRdmLBX-8Ox4WQcPj1Q,@黑椿胤,24,2年,Member (2 years),,不明,,,4,25,0,2026-09-12 13:08,2026-10-07 16:39,,,https://www.youtube.com/channel/UCDcKLRdmLBX-8Ox4WQcPj1Q
UCGHSyf63NURj05MrPlJwEyQ,@みずき-omz,24,2年,Member (2 years),,不明,,,4,11,1,2026-09-12 13:08,2026-09-27 20:02,,,https://www.youtube.com/channel/UCGHSyf63NURj05MrPlJwEyQ
UChqCG1ok1oM16RpCBJs0Brw,@トールマン-u6w,24,2年,Member (2 years),,不明,,,4,103,0,2026-09-12 13:08,2026-10-01 20:00,,,https://www.youtube.com/channel/UChqCG1ok1oM16RpCBJs0Brw
UCTeM7tuIgbNaaE_JyJtuUSQ,@kaesh_かえっしゅ,24,2年,Member (2 years),,不明,,,4,12,0,2026-09-12 13:08,2026-09-28 20:04,,,https://www.youtube.com/channel/UCTeM7tuIgbNaaE_JyJtuUSQ
UCfZgn0vdSRmMLFchkwecdWQ,@わさびっス,24,2年,Member (2 years),,不明,,,4,4,1,2026-09-12 19:01,2026-09-24 21:14,,,https://www.youtube.com/channel/UCfZgn0vdSRmMLFchkwecdWQ
UCP7la_M0a55NxK8jLzRBqLg,@コンティロマネ,24,2年,Member (2 years),,不明,,,4,22,0,2026-09-13 17:32,2026-09-26 21:01,,,https://www.youtube.com/channel/UCP7la_M0a55NxK8jLzRBqLg
UCm8kzgKv4pAUndIpZYB62Ag,@るみな-z6s,24,2年,Member (2 years),,不明,,,4,24,0,2026-09-16 23:02,2026-10-01 20:00,,,https://www.youtube.com/channel/UCm8kzgKv4pAUndIpZYB62Ag
UCl3VfsYGDmsATTYCL2bOaBw,@いさと-isaisa,24,2年,Member (2 years),,不明,,,4,4,0,2026-09-17 21:02,2026-09-28 20:04,,,https://www.youtube.com/channel/UCl3VfsYGDmsATTYCL2bOaBw
UC7r26isxB95v169CwbydZfA,@usami25,24,2年,Member (2 years),,不明,,,4,10,0,2026-09-19 13:12,2026-10-04 20:37,,,https://www.youtube.com/channel/UC7r26isxB95v169CwbydZfA
UCkgawS3RVnUTrZFaSwPZfSQ,@かんら-g2o,24,2年,Member (2 years),,不明,,,4,93,0,2026-09-26 21:01,2026-10-04 20:37,,,https://www.youtube.com/channel/UCkgawS3RVnUTrZFaSwPZfSQ
UCkP4Y05AgL1nLUsrkfWVegg,@link0shin,24,2年,Member (2 years),,不明,,,4,39,0,2026-09-26 21:01,2026-10-01 20:00,,,https://www.youtube.com/channel/UCkP4Y05AgL1nLUsrkfWVegg
UCJ5Afb2E09rG48Q5hoUkT1g,@とある-d3r,24,2年,Member (2 years),,不明,,,3,9,0,2026-09-09 21:02,2026-09-24 21:14,,,https://www.youtube.com/channel/UCJ5Afb2E09rG48Q5hoUkT1g
UCvrgzXLNntVRb6AMk4ul_4g,@有閑めろう,24,2年,Member (2 years),,不明,,,3,113,1,2026-09-09 21:02,2026-09-24 21:14,,,https://www.youtube.com/channel/UCvrgzXLNntVRb6AMk4ul_4g
UC67ng3_u4cUIiauGvb0jWOQ,@M0gt4N,24,2年,Member (2 years),,不明,,,3,13,1,2026-09-09 21:02,2026-09-21 18:01,,,https://www.youtube.com/channel/UC67ng3_u4cUIiauGvb0jWOQ
UCwR56Ri9gzsEf35nJsKDyJA,@bangchan442,24,2年,Member (2 years),,不明,,,3,4,0,2026-09-09 21:02,2026-09-27 20:02,,,https://www.youtube.com/channel/UCwR56Ri9gzsEf35nJsKDyJA
UC2_o6dMrcFm3rIU9r0WrmNQ,@流季リュウキ,24,2年,Member (2 years),,不明,,,3,8,0,2026-09-12 13:08,2026-09-27 20:02,,,https://www.youtube.com/channel/UC2_o6dMrcFm3rIU9r0WrmNQ
UC-vQ3iYLuC8RO6ETYe00KTw,@りん-hy6r4n9e4,24,2年,Member (2 years),,不明,,,3,3,1,2026-09-12 13:08,2026-09-26 21:01,,,https://www.youtube.com/channel/UC-vQ3iYLuC8RO6ETYe00KTw
UC9S2JZvIespxyTv0Tr7jDEg,@gtetsu,24,2年,Member (2 years),,不明,,,3,26,0,2026-09-12 13:08,2026-09-24 21:14,,,https://www.youtube.com/channel/UC9S2JZvIespxyTv0Tr7jDEg
UCawchLQTkOP0b32xd0Pmtcw,@てるりん-hd,24,2年,Member (2 years),,不明,,,3,86,0,2026-09-12 13:08,2026-09-21 18:01,,,https://www.youtube.com/channel/UCawchLQTkOP0b32xd0Pmtcw
UCHUesAtSEGLzu-BoL1NJ8IA,@きよろ須山,24,2年,Member (2 years),,不明,,,3,52,0,2026-09-12 13:08,2026-09-26 21:01,,,https://www.youtube.com/channel/UCHUesAtSEGLzu-BoL1NJ8IA
UCWgAQWSgmysxodFD72kN_Qw,@しろむ-らさき,24,2年,Member (2 years),,不明,,,3,9,0,2026-09-12 19:01,2026-10-07 16:39,,,https://www.youtube.com/channel/UCWgAQWSgmysxodFD72kN_Qw
UCf4AApYLn0EdLNCRckZe1sQ,@vしろりv,24,2年,Member (2 years),,不明,,,3,56,0,2026-09-13 17:32,2026-09-26 21:15,,,https://www.youtube.com/channel/UCf4AApYLn0EdLNCRckZe1sQ
UCpM3z8JAn2cSBTFxKDSVHtg,@pent4n_428,24,2年,Member (2 years),,不明,,,3,8,0,2026-09-13 17:32,2026-09-26 21:15,,,https://www.youtube.com/channel/UCpM3z8JAn2cSBTFxKDSVHtg
UCr7A6PEcGESa4LQQa7-SW7w,@UNKNOWN-ts3pm,24,2年,Member (2 years),,不明,,,3,3,0,2026-09-17 18:02,2026-09-21 18:01,,,https://www.youtube.com/channel/UCr7A6PEcGESa4LQQa7-SW7w
UCUm3uNgFessY8UpkX0BvX5Q,@エモンゴ_EMONGA830,24,2年,Member (2 years),,不明,,,3,12,0,2026-09-19 19:03,2026-09-26 21:01,,,https://www.youtube.com/channel/UCUm3uNgFessY8UpkX0BvX5Q
UC9jtOq--LGioO1U8Joldg2g,@レンジx,24,2年,Member (2 years),,不明,,,3,6,0,2026-09-21 18:01,2026-09-27 20:02,,,https://www.youtube.com/channel/UC9jtOq--LGioO1U8Joldg2g
UCtGCV8YY8cHv_cSFLVvv7Xw,@amiday-o,24,2年,Member (2 years),,不明,,,3,6,0,2026-09-21 18:01,2026-09-26 21:15,,,https://www.youtube.com/channel/UCtGCV8YY8cHv_cSFLVvv7Xw
UC7-CTd7YFhNIhgt4SK8B6PA,@柊莉-o5b,24,2年,Member (2 years),,不明,,,3,86,0,2026-09-21 18:01,2026-09-26 21:15,,,https://www.youtube.com/channel/UC7-CTd7YFhNIhgt4SK8B6PA
UCfMWlj2nvNgVO9_IYaDCSDw,@ねりね-nrn,24,2年,Member (2 years),,不明,,,3,18,0,2026-09-21 18:01,2026-10-01 20:00,,,https://www.youtube.com/channel/UCfMWlj2nvNgVO9_IYaDCSDw
UCXbn-SJ16KOvPRPSvSjH9uQ,@ichi24,24,2年,Member (2 years),,不明,,,3,3,0,2026-09-21 18:01,2026-10-04 20:37,,,https://www.youtube.com/channel/UCXbn-SJ16KOvPRPSvSjH9uQ
UCXDrOhxalEwmtCzJUPXeexQ,@しっっちょー,24,2年,Member (2 years),,不明,,,3,28,0,2026-09-30 19:02,2026-10-04 20:37,,,https://www.youtube.com/channel/UCXDrOhxalEwmtCzJUPXeexQ
UCAO90_3o4m4CXvTfAG748QA,@ななはち-k6g,24,2年,Member (2 years),,不明,,,2,3,1,2026-09-09 21:02,2026-09-11 21:02,,,https://www.youtube.com/channel/UCAO90_3o4m4CXvTfAG748QA
UCvziDh4Du8-BhCNYIfd09mA,@have_a_blast,24,2年,Member (2 years),,不明,,,2,2,0,2026-09-09 21:02,2026-09-21 18:01,,,https://www.youtube.com/channel/UCvziDh4Du8-BhCNYIfd09mA
UCn0cDOG3_6gzDFXslHxwW_w,@gyoutou7476,24,2年,Member (2 years),,不明,,,2,3,0,2026-09-09 21:02,2026-09-21 18:01,,,https://www.youtube.com/channel/UCn0cDOG3_6gzDFXslHxwW_w
UC__B8JDWExxpayDhgltVBBQ,@poni-27,24,2年,Member (2 years),,不明,,,2,20,0,2026-09-12 19:01,2026-09-21 18:01,,,https://www.youtube.com/channel/UC__B8JDWExxpayDhgltVBBQ
UCMEGiztTM5yT53Sm5Rc1UWA,@真空-f3i,24,2年,Member (2 years),,不明,,,2,10,0,2026-09-12 19:01,2026-09-21 18:01,,,https://www.youtube.com/channel/UCMEGiztTM5yT53Sm5Rc1UWA
UC0IDs8oceszrWMH7nDYjuJg,@shiki2023,24,2年,Member (2 years),,不明,,,2,12,0,2026-09-12 19:01,2026-09-21 18:01,,,https://www.youtube.com/channel/UC0IDs8oceszrWMH7nDYjuJg
UCdbx7eI2J8H9h8ATt1PU0dA,@じじもん,24,2年,Member (2 years),,不明,,,2,4,0,2026-09-12 19:01,2026-09-17 18:02,,,https://www.youtube.com/channel/UCdbx7eI2J8H9h8ATt1PU0dA
UC4lSJF94WX9WaR6WQgV260w,@ゆーちょー,24,2年,Member (2 years),,不明,,,2,23,0,2026-09-12 19:01,2026-09-26 21:01,,,https://www.youtube.com/channel/UC4lSJF94WX9WaR6WQgV260w
UCzAV3zA9meDebjpZ9P5EkyQ,@みうら-c9c,24,2年,Member (2 years),,不明,,,2,3,0,2026-09-16 23:02,2026-09-26 21:01,,,https://www.youtube.com/channel/UCzAV3zA9meDebjpZ9P5EkyQ
UCQe2YZmHFlmyYHZJLyQ3m2A,@こまつ-e2e,24,2年,Member (2 years),,不明,,,2,66,0,2026-09-17 18:02,2026-09-21 18:01,,,https://www.youtube.com/channel/UCQe2YZmHFlmyYHZJLyQ3m2A
UCX3LM504EtWVwSawmgzIi_w,@あびす-e9u,24,2年,Member (2 years),,不明,,,2,5,0,2026-09-17 18:02,2026-09-21 18:01,,,https://www.youtube.com/channel/UCX3LM504EtWVwSawmgzIi_w
UCc6N1XSRtGoWRsJp243Wceg,@ぽんたろう-4696,24,2年,Member (2 years),,不明,,,2,18,1,2026-09-17 18:02,2026-09-21 18:01,,,https://www.youtube.com/channel/UCc6N1XSRtGoWRsJp243Wceg
UC1sF1hYLuK5GySTaFKiFaNg,@ゆーま-g7k,24,2年,Member (2 years),,不明,,,2,3,0,2026-09-17 18:02,2026-09-27 20:02,,,https://www.youtube.com/channel/UC1sF1hYLuK5GySTaFKiFaNg
UCOZtNWylCAgZFnTgaRIJB4g,@ヴェルマーチ,24,2年,Member (2 years),,不明,,,2,62,0,2026-09-19 13:12,2026-09-21 18:01,,,https://www.youtube.com/channel/UCOZtNWylCAgZFnTgaRIJB4g
UC5XdLiMRWMnukxOiztss3FQ,@れもくりぃと,24,2年,Member (2 years),,不明,,,2,2,0,2026-09-19 19:03,2026-09-26 21:01,,,https://www.youtube.com/channel/UC5XdLiMRWMnukxOiztss3FQ
UCHOLMd1eW3wS8kXkcXDqotg,@もず-mz8,24,2年,Member (2 years),,不明,,,2,9,0,2026-09-21 18:01,2026-09-26 21:01,,,https://www.youtube.com/channel/UCHOLMd1eW3wS8kXkcXDqotg
UCGkho0QiNU46_8SZjNi_XIQ,@mop-zc6gf,24,2年,Member (2 years),,不明,,,2,4,0,2026-09-21 18:01,2026-10-07 16:39,,,https://www.youtube.com/channel/UCGkho0QiNU46_8SZjNi_XIQ
UCjbF4s8JwuOipQypEL5sbTg,@gen8375,24,2年,Member (2 years),,不明,,,2,4,0,2026-09-21 18:01,2026-09-26 21:01,,,https://www.youtube.com/channel/UCjbF4s8JwuOipQypEL5sbTg
UCvUmWnMbPXMvkr-lt4RNKVw,@rachelluck5525,24,2年,Member (2 years),,不明,,,2,7,0,2026-09-21 18:01,2026-09-26 21:01,,,https://www.youtube.com/channel/UCvUmWnMbPXMvkr-lt4RNKVw
UCbjRacslN-ALmHQpKwoR2wA,@OrioRio65,24,2年,Member (2 years),,不明,,,2,15,1,2026-09-21 18:01,2026-09-26 21:01,,,https://www.youtube.com/channel/UCbjRacslN-ALmHQpKwoR2wA
UCwaMhFPPe8n9EULQuKZRfEg,@なー_0617,24,2年,Member (2 years),,不明,,,2,18,0,2026-09-21 18:01,2026-09-26 21:01,,,https://www.youtube.com/channel/UCwaMhFPPe8n9EULQuKZRfEg
UCFns02Ucm_Lfn_Ly2ShGMzw,@あまぐり-g9y,24,2年,Member (2 years),,不明,,,2,4,0,2026-09-21 18:01,2026-09-26 21:01,,,https://www.youtube.com/channel/UCFns02Ucm_Lfn_Ly2ShGMzw
UCy12q_N-K35DiiUR5wRCHRg,@d4y-t9t,24,2年,Member (2 years),,不明,,,2,3,0,2026-09-21 18:01,2026-09-26 21:01,,,https://www.youtube.com/channel/UCy12q_N-K35DiiUR5wRCHRg
UCfGSGssy98dlTz0rgHwxNVg,@tetsunoyume,24,2年,Member (2 years),,不明,,,2,3,0,2026-09-21 18:01,2026-09-26 21:01,,,https://www.youtube.com/channel/UCfGSGssy98dlTz0rgHwxNVg
UCubR7HxYaxAbrNRcki07JGQ,@SaSa-cx1qu,24,2年,Member (2 years),,不明,,,2,2,2,2026-09-21 18:01,2026-09-26 21:01,,,https://www.youtube.com/channel/UCubR7HxYaxAbrNRcki07JGQ
UCII9-NQchN6ng_hZhM3N4cg,@ハネツキ,24,2年,Member (2 years),,不明,,,2,5,1,2026-09-21 18:01,2026-09-26 21:01,,,https://www.youtube.com/channel/UCII9-NQchN6ng_hZhM3N4cg
UC7jwh7Gr8FwXe2VER86S3KA,@カナル_cnl,24,2年,Member (2 years),,不明,,,2,2,2,2026-09-21 18:01,2026-09-26 21:01,,,https://www.youtube.com/channel/UC7jwh7Gr8FwXe2VER86S3KA
UC4rRdxdW-j-gJobKKfBWsLw,@かばまる-d7z,24,2年,Member (2 years),,不明,,,2,6,0,2026-09-21 18:01,2026-09-26 21:01,,,https://www.youtube.com/channel/UC4rRdxdW-j-gJobKKfBWsLw
UCy7KeiFCRoKkDKtBdJz9RBg,@背後霊博識,24,2年,Member (2 years),,不明,,,2,2,1,2026-09-21 18:01,2026-09-26 21:01,,,https://www.youtube.com/channel/UCy7KeiFCRoKkDKtBdJz9RBg
UCA7VbLhDdt0CMvx0s9_3nlg,@くるみ-o5u,24,2年,Member (2 years),,不明,,,2,5,0,2026-09-21 18:01,2026-09-26 21:01,,,https://www.youtube.com/channel/UCA7VbLhDdt0CMvx0s9_3nlg
UCtT9i2h9hUN0NarsLw-vi-Q,@赤ジャン-s7d,24,2年,Member (2 years),,不明,,,2,2,0,2026-09-21 18:01,2026-09-26 21:01,,,https://www.youtube.com/channel/UCtT9i2h9hUN0NarsLw-vi-Q
UC6Cgpsa0M2eqUYKBT_1PlZw,@AKI-lm9do,24,2年,Member (2 years),,不明,,,2,4,0,2026-09-24 21:14,2026-09-26 21:01,,,https://www.youtube.com/channel/UC6Cgpsa0M2eqUYKBT_1PlZw
UCI_A5MmvNN9V6bRvMSfHwvQ,@パンプニン,24,2年,Member (2 years),,不明,,,2,7,0,2026-09-26 21:01,2026-09-26 21:15,,,https://www.youtube.com/channel/UCI_A5MmvNN9V6bRvMSfHwvQ
UCBuaYm8g2CnK3j5Q3k8cyaw,@wakamaru3636,24,2年,Member (2 years),,不明,,,2,2,0,2026-09-26 21:01,2026-09-26 21:15,,,https://www.youtube.com/channel/UCBuaYm8g2CnK3j5Q3k8cyaw
UClhKKRd0pGuxRsMnXOFO8Ug,@kumapyon6183,24,2年,Member (2 years),,不明,,,2,4,0,2026-09-26 21:01,2026-09-27 20:02,,,https://www.youtube.com/channel/UClhKKRd0pGuxRsMnXOFO8Ug
UCEXJw4P-Wguy3kyNAzLpq3w,@Lyra_1517,24,2年,Member (2 years),,不明,,,2,2,0,2026-09-27 20:02,2026-09-30 19:02,,,https://www.youtube.com/channel/UCEXJw4P-Wguy3kyNAzLpq3w
UC8DdDkAV9DOz8J6tPVklTFg,@ぬまのはた,24,2年,Member (2 years),,不明,,,2,4,0,2026-09-30 19:02,2026-10-07 16:39,,,https://www.youtube.com/channel/UC8DdDkAV9DOz8J6tPVklTFg
UCBtptJNNsje7lUOgt0bwfJw,@にゃんこそばーーーー,24,2年,Member (2 years),,不明,,,1,1,0,2026-09-12 13:08,2026-09-12 13:08,,,https://www.youtube.com/channel/UCBtptJNNsje7lUOgt0bwfJw
UCvE6icFe4jRsMPaVyMxlZbA,@Rahul-pe6bj,24,2年,Member (2 years),,不明,,,1,129,0,2026-09-12 13:08,2026-09-12 13:08,,,https://www.youtube.com/channel/UCvE6icFe4jRsMPaVyMxlZbA
UCCbZvQ4_euXY5qR4-1scKNA,@チョコミン党のてん,24,2年,Member (2 years),,不明,,,1,1,0,2026-09-12 13:08,2026-09-12 13:08,,,https://www.youtube.com/channel/UCCbZvQ4_euXY5qR4-1scKNA
UC0HDPfRTwYdRrtQEpGyvEJA,@ゆうとよssy922,24,2年,Member (2 years),,不明,,,1,2,0,2026-09-12 13:08,2026-09-12 13:08,,,https://www.youtube.com/channel/UC0HDPfRTwYdRrtQEpGyvEJA
UCqtqAGWBS6Vya5ZPhz_Ylsg,@ふらっとぱいん7373,24,2年,Member (2 years),,不明,,,1,1,0,2026-09-12 13:08,2026-09-12 13:08,,,https://www.youtube.com/channel/UCqtqAGWBS6Vya5ZPhz_Ylsg
UC93UMtN2zRrM2W0SOEaQ9zg,@pepereqq,24,2年,Member (2 years),,不明,,,1,1,0,2026-09-12 19:01,2026-09-12 19:01,,,https://www.youtube.com/channel/UC93UMtN2zRrM2W0SOEaQ9zg
UCfR3LqlH-mVjYdzGTnzZp0A,@カーネルP,24,2年,Member (2 years),,不明,,,1,3,0,2026-09-12 19:01,2026-09-12 19:01,,,https://www.youtube.com/channel/UCfR3LqlH-mVjYdzGTnzZp0A
UCaoHE4OEbxtIKW-ZJQ_ffGQ,@マルコス-m4r,24,2年,Member (2 years),,不明,,,1,1,0,2026-09-12 19:01,2026-09-12 19:01,,,https://www.youtube.com/channel/UCaoHE4OEbxtIKW-ZJQ_ffGQ
UC9ZYB4kEuqnzzhzgjWOoklw,@レモ-lemonade,24,2年,Member (2 years),,不明,,,1,23,0,2026-09-13 17:32,2026-09-13 17:32,,,https://www.youtube.com/channel/UC9ZYB4kEuqnzzhzgjWOoklw
UCsIV6pQaewhCY3qj9hrXYIg,@pr377,24,2年,Member (2 years),,不明,,,1,1,0,2026-09-13 17:32,2026-09-13 17:32,,,https://www.youtube.com/channel/UCsIV6pQaewhCY3qj9hrXYIg
UCgBqsQuIkLzUlQxAN1oXTAA,@para_03,24,2年,Member (2 years),,不明,,,1,1,0,2026-09-17 18:02,2026-09-17 18:02,,,https://www.youtube.com/channel/UCgBqsQuIkLzUlQxAN1oXTAA
UCPHwErxXBNi3cXiDLyzSPeQ,@berry-2-2,24,2年,Member (2 years),,不明,,,1,1,0,2026-09-19 13:12,2026-09-19 13:12,,,https://www.youtube.com/channel/UCPHwErxXBNi3cXiDLyzSPeQ
UC9Nm_OMgKX5XjsXbIDUXaXw,@みかげ-f3p,24,2年,Member (2 years),,不明,,,1,6,0,2026-09-19 13:12,2026-09-19 13:12,,,https://www.youtube.com/channel/UC9Nm_OMgKX5XjsXbIDUXaXw
UCqee5-PlHqIN7z9sSIPF0Yw,@あれ_ss,24,2年,Member (2 years),,不明,,,1,2,0,2026-09-21 18:01,2026-09-21 18:01,,,https://www.youtube.com/channel/UCqee5-PlHqIN7z9sSIPF0Yw
UCaxCMpbK34HIAwq2FhF-vNg,@unijax5456,24,2年,Member (2 years),,不明,,,1,1,0,2026-09-21 18:01,2026-09-21 18:01,,,https://www.youtube.com/channel/UCaxCMpbK34HIAwq2FhF-vNg
UCC7tDXjXeHz6aIicfqg3oug,@user-oq3or6qu8r,24,2年,Member (2 years),,不明,,,1,8,0,2026-09-21 18:01,2026-09-21 18:01,,,https://www.youtube.com/channel/UCC7tDXjXeHz6aIicfqg3oug
UC873shKZr2ChvMsN-YMt6NA,@ねおん-e7t,24,2年,Member (2 years),,不明,,,1,1,0,2026-09-21 18:01,2026-09-21 18:01,,,https://www.youtube.com/channel/UC873shKZr2ChvMsN-YMt6NA
UCc7TVvePO0QRPJ8QYe7PYaQ,@kebe_kebe,24,2年,Member (2 years),,不明,,,1,5,0,2026-09-21 18:01,2026-09-21 18:01,,,https://www.youtube.com/channel/UCc7TVvePO0QRPJ8QYe7PYaQ
UCA2Lqa3taumdn5j2B5PSFfA,@微糖-i1i,24,2年,Member (2 years),,不明,,,1,7,0,2026-09-21 18:01,2026-09-21 18:01,,,https://www.youtube.com/channel/UCA2Lqa3taumdn5j2B5PSFfA
UCf0eV62Qgf2JCcuvUysikcg,@negikirino,24,2年,Member (2 years),,不明,,,1,1,0,2026-09-21 18:01,2026-09-21 18:01,,,https://www.youtube.com/channel/UCf0eV62Qgf2JCcuvUysikcg
UCxfEncDz4yxxKd_zwSidg7g,@ねぎぽんづ,24,2年,Member (2 years),,不明,,,1,1,0,2026-09-21 18:01,2026-09-21 18:01,,,https://www.youtube.com/channel/UCxfEncDz4yxxKd_zwSidg7g
UClnI8ZLzt9xDGdeDeqiqoTw,@こばひっ,24,2年,Member (2 years),,不明,,,1,3,0,2026-09-21 18:01,2026-09-21 18:01,,,https://www.youtube.com/channel/UClnI8ZLzt9xDGdeDeqiqoTw
UCPHCVPAxK5xGLL8Dh-X_Iew,@SchwarzAltair,24,2年,Member (2 years),,不明,,,1,1,0,2026-09-21 18:01,2026-09-21 18:01,,,https://www.youtube.com/channel/UCPHCVPAxK5xGLL8Dh-X_Iew
UCoHSIXcw4V6W11WoZGtKA7Q,@ンチョ-r3k,24,2年,Member (2 years),,不明,,,1,1,0,2026-09-21 18:01,2026-09-21 18:01,,,https://www.youtube.com/channel/UCoHSIXcw4V6W11WoZGtKA7Q
UCHKqM-eaLplbMvICkxKagHg,@ゆい-s7n,24,2年,Member (2 years),,不明,,,1,4,0,2026-09-21 18:01,2026-09-21 18:01,,,https://www.youtube.com/channel/UCHKqM-eaLplbMvICkxKagHg
UCmzQccXFMmOfwqqu3pXM9oA,@蘇枋香織,24,2年,Member (2 years),,不明,,,1,3,0,2026-09-21 18:01,2026-09-21 18:01,,,https://www.youtube.com/channel/UCmzQccXFMmOfwqqu3pXM9oA
UCPx3g6Vu1R2c7keFldBSggw,@佐伯くろ,24,2年,Member (2 years),,不明,,,1,1,0,2026-09-21 18:01,2026-09-21 18:01,,,https://www.youtube.com/channel/UCPx3g6Vu1R2c7keFldBSggw
UC82uqgDOBYVHWlg0wvgSSLw,@Hira_14,24,2年,Member (2 years),,不明,,,1,1,0,2026-09-21 18:01,2026-09-21 18:01,,,https://www.youtube.com/channel/UC82uqgDOBYVHWlg0wvgSSLw
UCaI7oBlA2EJCWAUzbsmmCKA,@gojo6251,24,2年,Member (2 years),,不明,,,1,2,0,2026-09-21 18:01,2026-09-21 18:01,,,https://www.youtube.com/channel/UCaI7oBlA2EJCWAUzbsmmCKA
UCeafaKZ8bE682Io_ss58_iA,@シュルー,24,2年,Member (2 years),,不明,,,1,1,1,2026-09-21 18:01,2026-09-21 18:01,,,https://www.youtube.com/channel/UCeafaKZ8bE682Io_ss58_iA
UC5vlYoBan3tWlZGk6n1V8Pg,@さえり-m2s,24,2年,Member (2 years),,不明,,,1,1,1,2026-09-21 18:01,2026-09-21 18:01,,,https://www.youtube.com/channel/UC5vlYoBan3tWlZGk6n1V8Pg
UCjF37iOlY4JfGOaYWxLbFOw,@なつみ-f8f,24,2年,Member (2 years),,不明,,,1,4,0,2026-09-21 18:01,2026-09-21 18:01,,,https://www.youtube.com/channel/UCjF37iOlY4JfGOaYWxLbFOw
UCxJBOiXkbW0HhbCW7eKWkEQ,@かいり-h9z,24,2年,Member (2 years),,不明,,,1,1,0,2026-09-21 18:01,2026-09-21 18:01,,,https://www.youtube.com/channel/UCxJBOiXkbW0HhbCW7eKWkEQ
UCwlU4S3Pq-dnKhjtwPO0cBA,@kyo9891,24,2年,Member (2 years),,不明,,,1,1,1,2026-09-21 18:01,2026-09-21 18:01,,,https://www.youtube.com/channel/UCwlU4S3Pq-dnKhjtwPO0cBA
UC_hyvY4rX4lF0XLlloSLKLw,@rairaihachi,24,2年,Member (2 years),,不明,,,1,2,0,2026-09-21 18:01,2026-09-21 18:01,,,https://www.youtube.com/channel/UC_hyvY4rX4lF0XLlloSLKLw
UCWemx_eKDNnCLBao_yDbMyg,@猫しゃう,24,2年,Member (2 years),,不明,,,1,1,0,2026-09-21 18:01,2026-09-21 18:01,,,https://www.youtube.com/channel/UCWemx_eKDNnCLBao_yDbMyg
UCAN1Q1Y8sHwTAyLCROHGBHQ,@そうじ-k2e,24,2年,Member (2 years),,不明,,,1,1,1,2026-09-21 18:01,2026-09-21 18:01,,,https://www.youtube.com/channel/UCAN1Q1Y8sHwTAyLCROHGBHQ
UCyHoMoYQeFRO2BXO_hK_oiA,@酢飯-y8w,24,2年,Member (2 years),,不明,,,1,1,0,2026-09-21 18:01,2026-09-21 18:01,,,https://www.youtube.com/channel/UCyHoMoYQeFRO2BXO_hK_oiA
UCzY8NY_9gGGF1TsQ3iX33Hw,@三太黒臼0x0,24,2年,Member (2 years),,不明,,,1,1,0,2026-09-21 18:01,2026-09-21 18:01,,,https://www.youtube.com/channel/UCzY8NY_9gGGF1TsQ3iX33Hw
UCbEedyJw8zpfGdiSSPahaNA,@のぎ-x2t,24,2年,Member (2 years),,不明,,,1,1,0,2026-09-21 18:01,2026-09-21 18:01,,,https://www.youtube.com/channel/UCbEedyJw8zpfGdiSSPahaNA
UCEnZGYVKjDIRbgB529mElFg,@knyacki_sp,24,2年,Member (2 years),,不明,,,1,1,1,2026-09-21 18:01,2026-09-21 18:01,,,https://www.youtube.com/channel/UCEnZGYVKjDIRbgB529mElFg
UCghUU8QKEPjZHaZicr9ojKQ,@carry26-s1g,24,2年,Member (2 years),,不明,,,1,1,0,2026-09-21 18:01,2026-09-21 18:01,,,https://www.youtube.com/channel/UCghUU8QKEPjZHaZicr9ojKQ
UCSuye3Dq2mCdt8x4uMp71Pg,@キガるる,24,2年,Member (2 years),,不明,,,1,2,0,2026-09-21 18:01,2026-09-21 18:01,,,https://www.youtube.com/channel/UCSuye3Dq2mCdt8x4uMp71Pg
UCmAYlbxLypMLFTjyoKyoy5g,@松戸R,24,2年,Member (2 years),,不明,,,1,1,0,2026-09-21 18:01,2026-09-21 18:01,,,https://www.youtube.com/channel/UCmAYlbxLypMLFTjyoKyoy5g
UCRTnLmWYbBZ4JZsVMyLnRzA,@たぬきうどん-p9q,24,2年,Member (2 years),,不明,,,1,1,1,2026-09-26 21:01,2026-09-26 21:01,,,https://www.youtube.com/channel/UCRTnLmWYbBZ4JZsVMyLnRzA
UCpoYWd18J6RQ46LqWk44biQ,@なこえる,24,2年,Member (2 years),,不明,,,1,1,0,2026-09-26 21:01,2026-09-26 21:01,,,https://www.youtube.com/channel/UCpoYWd18J6RQ46LqWk44biQ
UCo1pvThbAa3jnA2aVq_wqGQ,@柚子もしょう,24,2年,Member (2 years),,不明,,,1,2,0,2026-09-26 21:01,2026-09-26 21:01,,,https://www.youtube.com/channel/UCo1pvThbAa3jnA2aVq_wqGQ
UCBUbPMzZuuzquZTVixxAuKg,@kirishima-u2u,24,2年,Member (2 years),,不明,,,1,3,0,2026-09-26 21:01,2026-09-26 21:01,,,https://www.youtube.com/channel/UCBUbPMzZuuzquZTVixxAuKg
UCpKqM-0UE3KnhJ3kMIiJWmg,@ずにゃ_にゃ,24,2年,Member (2 years),,不明,,,1,16,0,2026-09-26 21:01,2026-09-26 21:01,,,https://www.youtube.com/channel/UCpKqM-0UE3KnhJ3kMIiJWmg
UCrQyADwfHUZrov7q1bISnCg,@サラダ餅-t1d,24,2年,Member (2 years),,不明,,,1,15,0,2026-09-26 21:01,2026-09-26 21:01,,,https://www.youtube.com/channel/UCrQyADwfHUZrov7q1bISnCg
UCh6OKdXCTSlXI2Ij7tW_k1Q,@トリノカックーニ,24,2年,Member (2 years),,不明,,,1,4,0,2026-09-26 21:01,2026-09-26 21:01,,,https://www.youtube.com/channel/UCh6OKdXCTSlXI2Ij7tW_k1Q
UCeV3lKLdMkXZW1ExvBBYMeg,@rizeru7063,24,2年,Member (2 years),,不明,,,1,1,1,2026-09-26 21:01,2026-09-26 21:01,,,https://www.youtube.com/channel/UCeV3lKLdMkXZW1ExvBBYMeg
UCJTIWk8ddY0GDcNTUMsK4eQ,@tukumo_ugo,24,2年,Member (2 years),,不明,,,1,1,0,2026-09-26 21:01,2026-09-26 21:01,,,https://www.youtube.com/channel/UCJTIWk8ddY0GDcNTUMsK4eQ
UCYVESSPK9IMQPjzhQ-e8t-A,@ちさとovo,24,2年,Member (2 years),,不明,,,1,1,0,2026-09-26 21:01,2026-09-26 21:01,,,https://www.youtube.com/channel/UCYVESSPK9IMQPjzhQ-e8t-A
UCcvHPQ1NirW2Ke_-lzowIcw,@sei_9644,24,2年,Member (2 years),,不明,,,1,1,0,2026-09-26 21:01,2026-09-26 21:01,,,https://www.youtube.com/channel/UCcvHPQ1NirW2Ke_-lzowIcw
UCPalntoxjgAUMvQItlgE03w,@ヤマザクラヘイ,24,2年,Member (2 years),,不明,,,1,1,0,2026-09-26 21:01,2026-09-26 21:01,,,https://www.youtube.com/channel/UCPalntoxjgAUMvQItlgE03w
UCdyifLbjCRqsy-U-60IMbnw,@スカーレット-k2d,24,2年,Member (2 years),,不明,,,1,2,0,2026-09-26 21:15,2026-09-26 21:15,,,https://www.youtube.com/channel/UCdyifLbjCRqsy-U-60IMbnw
UCRrMjFbuN5SpgUi3TunW6Pw,@m33さん,24,2年,Member (2 years),,不明,,,1,2,0,2026-09-26 21:15,2026-09-26 21:15,,,https://www.youtube.com/channel/UCRrMjFbuN5SpgUi3TunW6Pw
UCyap3DHN9aJvTPZSLy1QLfA,@えぼると_きゅれね,24,2年,Member (2 years),,不明,,,1,1,0,2026-09-27 20:02,2026-09-27 20:02,,,https://www.youtube.com/channel/UCyap3DHN9aJvTPZSLy1QLfA
UCuzMLhTHkNkKC2d43JFUxzg,@りんたろう-g4z,24,2年,Member (2 years),,不明,,,1,11,0,2026-09-27 20:02,2026-09-27 20:02,,,https://www.youtube.com/channel/UCuzMLhTHkNkKC2d43JFUxzg
UCI31JNh5sbRpu0oGy96t4gg,@tentou020,24,2年,Member (2 years),,不明,,,1,1,0,2026-09-27 20:02,2026-09-27 20:02,,,https://www.youtube.com/channel/UCI31JNh5sbRpu0oGy96t4gg
UCW7yqMCvICTpPbZbQNLLEgA,@ふたご座-t5v,24,2年,Member (2 years),,不明,,,1,2,0,2026-09-28 20:04,2026-09-28 20:04,,,https://www.youtube.com/channel/UCW7yqMCvICTpPbZbQNLLEgA
UCL2KSN4GAjUBr3rmg1m-cHQ,@ぺーた-o5c,24,2年,Member (2 years),,不明,,,1,1,0,2026-09-30 19:02,2026-09-30 19:02,,,https://www.youtube.com/channel/UCL2KSN4GAjUBr3rmg1m-cHQ
UCYBJpzAVKFgElMFrrTdeo4g,@ポリスミナス,24,2年,Member (2 years),,不明,,,1,1,0,2026-10-01 20:00,2026-10-01 20:00,,,https://www.youtube.com/channel/UCYBJpzAVKFgElMFrrTdeo4g
UCtorH6uwq8AGQkrKqfkgOGw,@スカイ-f1j,24,2年,Member (2 years),,不明,,,1,4,0,2026-10-01 20:00,2026-10-01 20:00,,,https://www.youtube.com/channel/UCtorH6uwq8AGQkrKqfkgOGw
UC8gZ44OycuLV7bgDN2BU6ag,@bell_beru,12,1年,Member (1 year),,不明,,,21,2293,1,2026-09-09 21:02,2026-10-07 16:39,,,https://www.youtube.com/channel/UC8gZ44OycuLV7bgDN2BU6ag
UCMCC3jvJuByTqE0aRIVVk-w,@sorrisoro,12,1年,Member (1 year),,不明,,,21,1401,4,2026-09-09 21:02,2026-10-07 16:39,,,https://www.youtube.com/channel/UCMCC3jvJuByTqE0aRIVVk-w
UCIL2kReucJuATSqysY4W1Nw,@ふぇーと317,12,1年,Member (1 year),,不明,,,21,2506,3,2026-09-09 21:02,2026-10-07 16:39,,,https://www.youtube.com/channel/UCIL2kReucJuATSqysY4W1Nw
UCNLhiYBm-IZjMiD32B7eOYg,@ろいど_1,12,1年,Member (1 year),,不明,,,21,257,1,2026-09-09 21:02,2026-10-07 16:39,,,https://www.youtube.com/channel/UCNLhiYBm-IZjMiD32B7eOYg
UCgG6GwGxcTpLZPOKVVbpG3w,@NT-ru6kx,12,1年,Member (1 year),,不明,,,21,294,2,2026-09-09 21:02,2026-10-07 16:39,,,https://www.youtube.com/channel/UCgG6GwGxcTpLZPOKVVbpG3w
UCOOSLVkZuv5KO5Z9ZKgN0Tg,@ヨカゼ10,12,1年,Member (1 year),,不明,,,20,1997,1,2026-09-09 21:02,2026-10-04 20:37,,,https://www.youtube.com/channel/UCOOSLVkZuv5KO5Z9ZKgN0Tg
UCmE1B44E5ZdN58dFHwWwdaA,@AoiAsagi,12,1年,Member (1 year),,不明,,,20,2792,0,2026-09-09 21:02,2026-10-07 16:39,,,https://www.youtube.com/channel/UCmE1B44E5ZdN58dFHwWwdaA
UCC8R0eWel9nR-t83xne9OXQ,@のーたん-Noootan_2,12,1年,Member (1 year),,不明,,,19,1263,2,2026-09-09 21:02,2026-10-07 16:39,,,https://www.youtube.com/channel/UCC8R0eWel9nR-t83xne9OXQ
UCjlvj-tW8VgEH_dTcOojbSQ,@blue-9071,12,1年,Member (1 year),,不明,,,19,50,0,2026-09-09 21:02,2026-10-07 16:39,,,https://www.youtube.com/channel/UCjlvj-tW8VgEH_dTcOojbSQ
UCY7HYuTbeAqQG_6x-CWXNZw,@ハマフヒ,12,1年,Member (1 year),,不明,,,19,2309,2,2026-09-09 21:02,2026-10-04 20:37,,,https://www.youtube.com/channel/UCY7HYuTbeAqQG_6x-CWXNZw
UCla2GwJp695UagfeM1KF3Qw,@くらりおん,12,1年,Member (1 year),,めるねいとの拳たち,再加入/レベル変更,,19,1014,0,2026-09-09 21:02,2026-10-04 20:37,,,https://www.youtube.com/channel/UCla2GwJp695UagfeM1KF3Qw
UCrjhdbuc__d-dj-tzIV4ERQ,@sesame_lychee,12,1年,Member (1 year),,不明,,,19,131,0,2026-09-09 21:02,2026-10-04 20:37,,,https://www.youtube.com/channel/UCrjhdbuc__d-dj-tzIV4ERQ
UCR-sBcTxxxsv01lcejjmsQw,@ばんばん11,12,1年,Member (1 year),,不明,,,19,148,1,2026-09-11 21:02,2026-10-04 20:37,,,https://www.youtube.com/channel/UCR-sBcTxxxsv01lcejjmsQw
UCTcTs6xIPyYkPEVdc1zWWaQ,@iwaDAYO-,12,1年,Member (1 year),,不明,,,19,1681,2,2026-09-11 21:02,2026-10-07 16:39,,,https://www.youtube.com/channel/UCTcTs6xIPyYkPEVdc1zWWaQ
UCFDvNBG03VOnNx3xg8DCi2Q,@にしこ-a245,12,1年,Member (1 year),,不明,,,18,86,0,2026-09-09 21:02,2026-10-04 20:37,,,https://www.youtube.com/channel/UCFDvNBG03VOnNx3xg8DCi2Q
UCCN9WDOfcW69MPdOPEJ3nnA,@大声で叫べはとぽっぽ,12,1年,Member (1 year),,不明,,,18,1498,5,2026-09-09 21:02,2026-10-07 16:39,,,https://www.youtube.com/channel/UCCN9WDOfcW69MPdOPEJ3nnA
UCcvulwNnnXOD9ZOC3n7nlmg,@ルレイ04,12,1年,Member (1 year),,不明,,,18,746,0,2026-09-09 21:02,2026-10-07 16:39,,,https://www.youtube.com/channel/UCcvulwNnnXOD9ZOC3n7nlmg
UCbp2jOlUFtIwt72SbZaBnzA,@夕霧カナン,12,1年,Member (1 year),,不明,,,18,3548,2,2026-09-09 21:02,2026-10-07 16:39,,,https://www.youtube.com/channel/UCbp2jOlUFtIwt72SbZaBnzA
UCfHgoO7qUWEo-6DyRtHHjZQ,@一合_ichigou,12,1年,Member (1 year),,不明,,,18,579,0,2026-09-09 21:02,2026-10-07 16:39,,,https://www.youtube.com/channel/UCfHgoO7qUWEo-6DyRtHHjZQ
UCbJD_LCmUoazd4A7g5-B6MA,@xたすたそx,12,1年,Member (1 year),,不明,,,18,903,0,2026-09-09 21:02,2026-10-07 16:39,,,https://www.youtube.com/channel/UCbJD_LCmUoazd4A7g5-B6MA
UCuQzh_trznsrVFDlLjvy9cQ,@cherub1189,12,1年,Member (1 year),,不明,,,18,487,0,2026-09-09 21:02,2026-10-07 16:39,,,https://www.youtube.com/channel/UCuQzh_trznsrVFDlLjvy9cQ
UC9CP2TEaPE6HvzNLj8ZX2Xg,@もけむら,12,1年,Member (1 year),,不明,,,17,319,1,2026-09-09 21:02,2026-10-07 16:39,,,https://www.youtube.com/channel/UC9CP2TEaPE6HvzNLj8ZX2Xg
UCVrVUURwC0phGEpC1YZls4Q,@る助チャン,12,1年,Member (1 year),,不明,,,17,26,0,2026-09-11 21:02,2026-10-07 16:39,,,https://www.youtube.com/channel/UCVrVUURwC0phGEpC1YZls4Q
UChCZefYRcrpDzCJk068aQ5A,@Nao_virtual,12,1年,Member (1 year),,不明,,,16,77,0,2026-09-09 21:02,2026-10-07 16:39,,,https://www.youtube.com/channel/UChCZefYRcrpDzCJk068aQ5A
UC-4jfzfqxeAaoMi8gBiF2GA,@ゆりさくら-z2n,12,1年,Member (1 year),,不明,,,16,421,0,2026-09-09 21:02,2026-10-07 16:39,,,https://www.youtube.com/channel/UC-4jfzfqxeAaoMi8gBiF2GA
UC_Slx6WERQJUXQqBvuqPXag,@シリュウ-q1v,12,1年,Member (1 year),,不明,,,16,314,1,2026-09-09 21:02,2026-10-07 16:39,,,https://www.youtube.com/channel/UC_Slx6WERQJUXQqBvuqPXag
UCEs7DBelimAejOe6nwGkbMQ,@petapeta-xj2pq,12,1年,Member (1 year),,不明,,,16,3024,1,2026-09-09 21:02,2026-10-04 20:37,,,https://www.youtube.com/channel/UCEs7DBelimAejOe6nwGkbMQ
UCM5tTwZmVSvAzPY4uK4TLag,@あっくん-d1y,12,1年,Member (1 year),,不明,,,15,939,1,2026-09-09 21:02,2026-10-07 16:39,,,https://www.youtube.com/channel/UCM5tTwZmVSvAzPY4uK4TLag
UChmV-zOjWLlQtgvLN7AWlwQ,@opera_ghost-_-0,12,1年,Member (1 year),,不明,,,15,1191,4,2026-09-09 21:02,2026-10-07 16:39,,,https://www.youtube.com/channel/UChmV-zOjWLlQtgvLN7AWlwQ
UCS4a6_H0WAKi9_gP6gg-pbA,@はせのは-8,12,1年,Member (1 year),,不明,,,15,69,0,2026-09-09 21:02,2026-10-07 16:39,,,https://www.youtube.com/channel/UCS4a6_H0WAKi9_gP6gg-pbA
UC9a4M96C8m7j5oXefP39KBQ,@すみ_mrt,12,1年,Member (1 year),,不明,,,15,78,0,2026-09-09 21:02,2026-10-04 20:37,,,https://www.youtube.com/channel/UC9a4M96C8m7j5oXefP39KBQ
UCn3Z9Rox2lJ_rSWt4bSqctQ,@しらつゆ-h7w,12,1年,Member (1 year),,不明,,,15,513,0,2026-09-12 13:08,2026-10-07 16:39,,,https://www.youtube.com/channel/UCn3Z9Rox2lJ_rSWt4bSqctQ
UCiwKBV6bUDuhPk53wRUGwnA,@うお住_うおずみ,12,1年,Member (1 year),,不明,,,14,731,2,2026-09-09 21:02,2026-10-07 16:39,,,https://www.youtube.com/channel/UCiwKBV6bUDuhPk53wRUGwnA
UCAcb5j8C7T5n4IQg84qmFAw,@エルドラ-u7q,12,1年,Member (1 year),,不明,,,14,227,1,2026-09-11 21:02,2026-10-04 20:37,,,https://www.youtube.com/channel/UCAcb5j8C7T5n4IQg84qmFAw
UCBPkkZUN-k9W3q2swxC2Qug,@ノイウェン,12,1年,Member (1 year),,不明,,,14,30,0,2026-09-11 21:02,2026-10-07 16:39,,,https://www.youtube.com/channel/UCBPkkZUN-k9W3q2swxC2Qug
UCF6ebEqcJjIvbhdNWVwyRnA,@涼木ゆう,12,1年,Member (1 year),,不明,,,14,84,1,2026-09-12 13:08,2026-10-04 20:37,,,https://www.youtube.com/channel/UCF6ebEqcJjIvbhdNWVwyRnA
UCaw4lwqulKeBsbwQkfFBRZA,@淡路縞々,12,1年,Member (1 year),,不明,,,13,159,1,2026-09-09 21:02,2026-10-04 20:37,,,https://www.youtube.com/channel/UCaw4lwqulKeBsbwQkfFBRZA
UCQuM2AZ7fKTygV8iBCmUoNg,@パル_ch,12,1年,Member (1 year),,不明,,,13,537,1,2026-09-12 13:08,2026-10-07 16:39,,,https://www.youtube.com/channel/UCQuM2AZ7fKTygV8iBCmUoNg
UCtTUv3bZqHi1gx50ZwhIaMg,@ノキア0316,12,1年,Member (1 year),,不明,,,12,459,1,2026-09-09 21:02,2026-10-04 20:37,,,https://www.youtube.com/channel/UCtTUv3bZqHi1gx50ZwhIaMg
UCC6BEv_vd-n8Uzj10u1kzdw,@djr9999,12,1年,Member (1 year),,不明,,,12,110,0,2026-09-09 21:02,2026-10-07 16:39,,,https://www.youtube.com/channel/UCC6BEv_vd-n8Uzj10u1kzdw
UCQ-wQ6Ups6b5wCsh861pyAQ,@れもんこーひー,12,1年,Member (1 year),,不明,,,12,55,0,2026-09-09 21:02,2026-10-07 16:39,,,https://www.youtube.com/channel/UCQ-wQ6Ups6b5wCsh861pyAQ
UCXkhp5QE5glg24jtBZxl0kw,@彩恵紫乃,12,1年,Member (1 year),,不明,,,12,42,0,2026-09-11 21:02,2026-10-04 20:37,,,https://www.youtube.com/channel/UCXkhp5QE5glg24jtBZxl0kw
UCV8JSm75CYjXPQheEHmQFdg,@朝ギリギリまで寝てたいです,12,1年,Member (1 year),,不明,,,12,134,1,2026-09-12 13:08,2026-10-07 16:39,,,https://www.youtube.com/channel/UCV8JSm75CYjXPQheEHmQFdg
UC_vFe9mT85HriztLfhkjcMQ,@あるた_earlt,12,1年,Member (1 year),,不明,,,11,29,0,2026-09-09 21:02,2026-10-04 20:37,,,https://www.youtube.com/channel/UC_vFe9mT85HriztLfhkjcMQ
UC2dd7HTZVepP_-7p9NOFK8g,@YMD-pk8rk,12,1年,Member (1 year),,不明,,,11,354,1,2026-09-09 21:02,2026-10-04 20:37,,,https://www.youtube.com/channel/UC2dd7HTZVepP_-7p9NOFK8g
UCLg4TOf6AdF1-eqrZIpRpjw,@シロツキ-z1o,12,1年,Member (1 year),,不明,,,11,264,0,2026-09-09 21:02,2026-10-01 20:00,,,https://www.youtube.com/channel/UCLg4TOf6AdF1-eqrZIpRpjw
UCRyuvNm-8sb0m--cOXbiYig,@カルアルカ8376,12,1年,Member (1 year),,不明,,,11,317,1,2026-09-11 21:02,2026-10-01 20:00,,,https://www.youtube.com/channel/UCRyuvNm-8sb0m--cOXbiYig
UC7xaTnUneRhaV9nP7L4nWZQ,@ポスR,12,1年,Member (1 year),,不明,,,11,87,0,2026-09-12 13:08,2026-10-07 16:39,,,https://www.youtube.com/channel/UC7xaTnUneRhaV9nP7L4nWZQ
UCtGo6vvh8dik85XzIby_1EQ,@じーべ-o3j,12,1年,Member (1 year),,不明,,,11,327,1,2026-09-12 13:08,2026-10-04 20:37,,,https://www.youtube.com/channel/UCtGo6vvh8dik85XzIby_1EQ
UC6fLCSWHUiIw_mfjYWvUZZg,@ani6931,12,1年,Member (1 year),,不明,,,10,568,0,2026-09-09 21:02,2026-10-07 16:39,,,https://www.youtube.com/channel/UC6fLCSWHUiIw_mfjYWvUZZg
UCVm9faVNjilvF2d31iB3mIQ,@ああああ-p6d7t,12,1年,Member (1 year),,不明,,,10,59,0,2026-09-12 13:08,2026-10-07 16:39,,,https://www.youtube.com/channel/UCVm9faVNjilvF2d31iB3mIQ
UCibGhR9nXZtVybQS68lYYSw,@ネコツグミ,12,1年,Member (1 year),,不明,,,10,77,0,2026-09-12 19:01,2026-10-07 16:39,,,https://www.youtube.com/channel/UCibGhR9nXZtVybQS68lYYSw
UC2rG4IgYrmyVKcr_CjjCClw,@erc8500,12,1年,Member (1 year),,不明,,,10,127,1,2026-09-12 19:01,2026-10-04 20:37,,,https://www.youtube.com/channel/UC2rG4IgYrmyVKcr_CjjCClw
UC5aO2lznlg-BoYpweZAhhSQ,@きゅ-2,12,1年,Member (1 year),,不明,,,10,22,1,2026-09-13 17:32,2026-10-07 16:39,,,https://www.youtube.com/channel/UC5aO2lznlg-BoYpweZAhhSQ
UC4GlZhTnAru_LuRKCZNo_DQ,@sisnsisnsisi,12,1年,Member (1 year),,不明,,,9,18,0,2026-09-09 21:02,2026-10-07 16:39,,,https://www.youtube.com/channel/UC4GlZhTnAru_LuRKCZNo_DQ
UCa_Vi1X_uCcOEEUhgEfznGA,@Marusai_,12,1年,Member (1 year),,不明,,,9,42,0,2026-09-09 21:02,2026-10-07 16:39,,,https://www.youtube.com/channel/UCa_Vi1X_uCcOEEUhgEfznGA
UCaYCVZqITdHuD-YPetUWC-A,@わんわんおー_inu,12,1年,Member (1 year),,不明,,,9,37,0,2026-09-09 21:02,2026-10-07 16:39,,,https://www.youtube.com/channel/UCaYCVZqITdHuD-YPetUWC-A
UCke2evfmP7OqR5LT5oFHDdA,@るかてょ,12,1年,Member (1 year),,不明,,,9,147,0,2026-09-12 13:08,2026-10-04 20:37,,,https://www.youtube.com/channel/UCke2evfmP7OqR5LT5oFHDdA
UCEQWopgLypukTK3GuPFnfLQ,@ノウサギ35P,12,1年,Member (1 year),,不明,,,9,23,0,2026-09-12 19:01,2026-10-07 16:39,,,https://www.youtube.com/channel/UCEQWopgLypukTK3GuPFnfLQ
UC6kZkthc0Jn8PsZi7MHi-XQ,@buridaikon014,12,1年,Member (1 year),,不明,,,9,48,0,2026-09-12 19:01,2026-09-30 19:02,,,https://www.youtube.com/channel/UC6kZkthc0Jn8PsZi7MHi-XQ
UCX5vqyw3f2eJ4zS2vVhhKJw,@ナンチャン0225,12,1年,Member (1 year),,不明,,,9,863,1,2026-09-17 18:02,2026-10-07 16:39,,,https://www.youtube.com/channel/UCX5vqyw3f2eJ4zS2vVhhKJw
UCACobf3d0OkPyGtMfcpIGTQ,@柊餅_hiiragimochi,12,1年,Member (1 year),,不明,,,9,687,1,2026-09-19 19:03,2026-10-04 20:37,,,https://www.youtube.com/channel/UCACobf3d0OkPyGtMfcpIGTQ
UCEs8eJf-bVwFjimzsqb9NwQ,@辰井龍,12,1年,Member (1 year),,不明,,,8,181,1,2026-09-11 21:02,2026-10-07 16:39,,,https://www.youtube.com/channel/UCEs8eJf-bVwFjimzsqb9NwQ
UCKb_8d9olzCxVDhJirHCLFg,@ritz_2012,12,1年,Member (1 year),,不明,,,8,64,0,2026-09-11 21:02,2026-09-26 21:01,,,https://www.youtube.com/channel/UCKb_8d9olzCxVDhJirHCLFg
UC2a-1qmOEBGN-Z8bjFWe6_w,@りんnz1137mr,12,1年,Member (1 year),,不明,,,8,34,0,2026-09-12 13:08,2026-10-04 20:37,,,https://www.youtube.com/channel/UC2a-1qmOEBGN-Z8bjFWe6_w
UCfalvOdQyp6O7EsuJkKh7Jw,@氷川家,12,1年,Member (1 year),,不明,,,8,177,0,2026-09-12 13:08,2026-10-04 20:37,,,https://www.youtube.com/channel/UCfalvOdQyp6O7EsuJkKh7Jw
UCDRbHN5rI5pmSw-h5WM2Zjw,@みかんこおり,12,1年,Member (1 year),,不明,,,8,84,0,2026-09-12 13:08,2026-09-30 19:02,,,https://www.youtube.com/channel/UCDRbHN5rI5pmSw-h5WM2Zjw
UC43Z9LaN8TJFVpJp0WEfM_A,@佐倉ラテ,12,1年,Member (1 year),,不明,,,8,16,0,2026-09-12 13:08,2026-10-01 20:00,,,https://www.youtube.com/channel/UC43Z9LaN8TJFVpJp0WEfM_A
UC36k0iiO30xMTHmeQN9e6Uw,@ぶちょしぃ,12,1年,Member (1 year),,不明,,,8,104,2,2026-09-12 13:08,2026-10-04 20:37,,,https://www.youtube.com/channel/UC36k0iiO30xMTHmeQN9e6Uw
UCKdH41V22jSjH3UB0bBcEMA,@Selen-0m0,12,1年,Member (1 year),,不明,,,8,24,1,2026-09-13 17:32,2026-10-01 20:00,,,https://www.youtube.com/channel/UCKdH41V22jSjH3UB0bBcEMA
UCYF24cT9xx-Pdv_U7bWBdjg,@じゃくそん-3K6,12,1年,Member (1 year),,不明,,,7,14,0,2026-09-09 21:02,2026-09-30 19:02,,,https://www.youtube.com/channel/UCYF24cT9xx-Pdv_U7bWBdjg
UCpWdkqA05wSOQzx3XrBz3-A,@えのヤ,12,1年,Member (1 year),,不明,,,7,76,0,2026-09-11 21:02,2026-10-07 16:39,,,https://www.youtube.com/channel/UCpWdkqA05wSOQzx3XrBz3-A
UCHmaTSgjimjPzY_wHSaEvIA,@diz8756,12,1年,Member (1 year),,不明,,,7,35,0,2026-09-11 21:02,2026-10-07 16:39,,,https://www.youtube.com/channel/UCHmaTSgjimjPzY_wHSaEvIA
UCtXIYGmTgiIOS4XGfRmMhPA,@れのの,12,1年,Member (1 year),,不明,,,7,349,0,2026-09-12 13:08,2026-10-07 16:39,,,https://www.youtube.com/channel/UCtXIYGmTgiIOS4XGfRmMhPA
UCAITQZkjwqQOQuf2gijszqw,@guriko3550,12,1年,Member (1 year),,不明,,,7,12,0,2026-09-12 13:08,2026-10-07 16:39,,,https://www.youtube.com/channel/UCAITQZkjwqQOQuf2gijszqw
UCuXf75mcOZa6IM9Cjym5qJw,@こぐまk9m,12,1年,Member (1 year),,不明,,,7,173,2,2026-09-12 13:08,2026-09-26 21:15,,,https://www.youtube.com/channel/UCuXf75mcOZa6IM9Cjym5qJw
UChmzLPFywfl3OdxDuo-56vg,@izuki1680,12,1年,Member (1 year),,不明,,,7,19,0,2026-09-12 13:08,2026-10-07 16:39,,,https://www.youtube.com/channel/UChmzLPFywfl3OdxDuo-56vg
UCAvE46t6q5I-_P4t3Mvuv_g,@どこかの誰か22,12,1年,Member (1 year),,不明,,,7,203,0,2026-09-17 21:02,2026-10-01 20:00,,,https://www.youtube.com/channel/UCAvE46t6q5I-_P4t3Mvuv_g
UCaZCf90NxhV8-pS10EpzSFQ,@おしるこts,12,1年,Member (1 year),,不明,,,6,21,1,2026-09-09 21:02,2026-10-07 16:39,,,https://www.youtube.com/channel/UCaZCf90NxhV8-pS10EpzSFQ
UCNulENGdDyrI7Tazya__gnw,@るいりRuiri64,12,1年,Member (1 year),,不明,,,6,486,0,2026-09-11 21:02,2026-09-30 19:02,,,https://www.youtube.com/channel/UCNulENGdDyrI7Tazya__gnw
UC38jNzpbllFx70bFIxbQjBQ,@冬夜_Touya,12,1年,Member (1 year),,不明,,,6,977,1,2026-09-12 13:08,2026-09-27 20:02,,,https://www.youtube.com/channel/UC38jNzpbllFx70bFIxbQjBQ
UC4X0fMShiSyceEUrFZnIyUQ,@ocn1869,12,1年,Member (1 year),,不明,,,6,39,0,2026-09-12 13:08,2026-10-04 20:37,,,https://www.youtube.com/channel/UC4X0fMShiSyceEUrFZnIyUQ
UCOsBRX_MwRD5QYsL0pIJHCw,@からめる_c8x,12,1年,Member (1 year),,不明,,,6,128,0,2026-09-12 19:01,2026-09-26 21:15,,,https://www.youtube.com/channel/UCOsBRX_MwRD5QYsL0pIJHCw
UCoacKztWXflmselGRJ5f-Vw,@とみ.t0mi_766,12,1年,Member (1 year),,不明,,,6,190,1,2026-09-12 19:01,2026-10-07 16:39,,,https://www.youtube.com/channel/UCoacKztWXflmselGRJ5f-Vw
UCc8uwM9RH00g990BWyrPfvQ,@ぺんぺ-o,12,1年,Member (1 year),,不明,,,6,17,0,2026-09-13 17:32,2026-10-04 20:37,,,https://www.youtube.com/channel/UCc8uwM9RH00g990BWyrPfvQ
UCQHzBx5zmMUlZJod52ZgowQ,@遠野シキ-l6d,12,1年,Member (1 year),,不明,,,6,200,0,2026-09-16 23:02,2026-10-04 20:37,,,https://www.youtube.com/channel/UCQHzBx5zmMUlZJod52ZgowQ
UCvqzgei7vcrKYTzSoESyDvg,@ぶたにく-h9v,12,1年,Member (1 year),,不明,,,6,52,0,2026-09-17 18:02,2026-10-07 16:39,,,https://www.youtube.com/channel/UCvqzgei7vcrKYTzSoESyDvg
UC0pH2IBlXoJfjnUoszhwJPw,@てんま-h7o,12,1年,Member (1 year),,不明,,,6,61,0,2026-09-19 13:12,2026-10-04 20:37,,,https://www.youtube.com/channel/UC0pH2IBlXoJfjnUoszhwJPw
UC5O1LuT4w9F8p8J1UzbkRFQ,@ジョン太郎-m6w,12,1年,Member (1 year),,不明,,,6,21,0,2026-09-19 19:03,2026-10-04 20:37,,,https://www.youtube.com/channel/UC5O1LuT4w9F8p8J1UzbkRFQ
UCttqhBtNvaA9fQb8u-BPw2Q,@gari6563,12,1年,Member (1 year),,不明,,,6,172,0,2026-09-21 18:01,2026-10-04 20:37,,,https://www.youtube.com/channel/UCttqhBtNvaA9fQb8u-BPw2Q
UCS31TGGoOVSPWh0DxrcPCXQ,@ruka6273,12,1年,Member (1 year),,不明,,,6,370,0,2026-09-21 18:01,2026-10-07 16:39,,,https://www.youtube.com/channel/UCS31TGGoOVSPWh0DxrcPCXQ
UCwm-7kxDszSwMlQhplVhFQA,@こがくれ,12,1年,Member (1 year),,不明,,,5,13,0,2026-09-09 21:02,2026-10-07 16:39,,,https://www.youtube.com/channel/UCwm-7kxDszSwMlQhplVhFQA
UCXRob4V_n7aYib7aVGX8oYQ,@やけ-d7e,12,1年,Member (1 year),,不明,,,5,12,0,2026-09-09 21:02,2026-09-23 21:03,,,https://www.youtube.com/channel/UCXRob4V_n7aYib7aVGX8oYQ
UCl0hfM4Ft-lT9hZkIn5-9Sg,@沢中_0,12,1年,Member (1 year),,不明,,,5,6,5,2026-09-09 21:02,2026-09-26 21:01,,,https://www.youtube.com/channel/UCl0hfM4Ft-lT9hZkIn5-9Sg
UC9x1yCDJF6gbYJYd18bJ1Ug,@アザール-m1l,12,1年,Member (1 year),,不明,,,5,27,0,2026-09-11 21:02,2026-09-26 21:01,,,https://www.youtube.com/channel/UC9x1yCDJF6gbYJYd18bJ1Ug
UCDKr82KQHbxV0GtWObUhaEA,@柳田-t1n,12,1年,Member (1 year),,不明,,,5,6,0,2026-09-11 21:02,2026-10-01 20:00,,,https://www.youtube.com/channel/UCDKr82KQHbxV0GtWObUhaEA
UCwZ6fY9afiqNc3Pxsgy24ew,@おるむじ,12,1年,Member (1 year),,不明,,,5,14,0,2026-09-12 13:08,2026-10-07 16:39,,,https://www.youtube.com/channel/UCwZ6fY9afiqNc3Pxsgy24ew
UC4CqXfMjlkWp7z7e87KA0ng,@つくねサラダ,12,1年,Member (1 year),,不明,,,5,13,0,2026-09-12 13:08,2026-10-01 20:00,,,https://www.youtube.com/channel/UC4CqXfMjlkWp7z7e87KA0ng
UCzoRt3K-vcozvnPusNq7INw,@ノリくま,12,1年,Member (1 year),,不明,,,5,60,0,2026-09-12 19:01,2026-10-07 16:39,,,https://www.youtube.com/channel/UCzoRt3K-vcozvnPusNq7INw
UCcx4l6nz4qziyrWjZbWBb8Q,@組長-p7j,12,1年,Member (1 year),,不明,,,5,17,0,2026-09-12 19:01,2026-09-26 21:15,,,https://www.youtube.com/channel/UCcx4l6nz4qziyrWjZbWBb8Q
UCaT9_BXfKxZ49kfgABHjrLQ,@にしん329,12,1年,Member (1 year),,不明,,,5,84,0,2026-09-12 19:01,2026-09-26 21:15,,,https://www.youtube.com/channel/UCaT9_BXfKxZ49kfgABHjrLQ
UCgpa3fpJeDjwwHjF-QDj7VQ,@たっつぁん6402,12,1年,Member (1 year),,不明,,,5,79,0,2026-09-12 19:01,2026-09-28 20:04,,,https://www.youtube.com/channel/UCgpa3fpJeDjwwHjF-QDj7VQ
UCRGgSw52jR2ytnRP3bo_GSQ,@最強りむ,12,1年,Member (1 year),,不明,,,5,10,0,2026-09-12 19:01,2026-09-21 18:01,,,https://www.youtube.com/channel/UCRGgSw52jR2ytnRP3bo_GSQ
UC6LauSk4M_6N4N9L4SWMkow,@おかひじき-c4b,12,1年,Member (1 year),,不明,,,5,5,5,2026-09-17 18:02,2026-09-24 21:14,,,https://www.youtube.com/channel/UC6LauSk4M_6N4N9L4SWMkow
UC9XEmFrutirNLniiBy7lxBA,@大空-e8x,12,1年,Member (1 year),,不明,,,5,23,0,2026-09-19 13:12,2026-10-07 16:39,,,https://www.youtube.com/channel/UC9XEmFrutirNLniiBy7lxBA
UCk2WfGIGZtBMJbAMiFKmR8A,@あいす-i3k2f,12,1年,Member (1 year),,不明,,,5,11,0,2026-09-19 13:12,2026-10-01 20:00,,,https://www.youtube.com/channel/UCk2WfGIGZtBMJbAMiFKmR8A
UCkgruOD2uJE9xH0bbrDPMOw,@うああ-n,12,1年,Member (1 year),,不明,,,5,15,0,2026-09-19 19:03,2026-10-07 16:39,,,https://www.youtube.com/channel/UCkgruOD2uJE9xH0bbrDPMOw
UCDCnfPoYKXiJmbvYMu9d0aw,@かのとn,12,1年,Member (1 year),,不明,,,5,144,0,2026-09-21 18:01,2026-09-30 19:02,,,https://www.youtube.com/channel/UCDCnfPoYKXiJmbvYMu9d0aw
UC__swGODrJYrOJKMYmyn00Q,@なめNa_x_Me,12,1年,Member (1 year),,不明,,,4,81,1,2026-09-12 13:08,2026-09-27 20:02,,,https://www.youtube.com/channel/UC__swGODrJYrOJKMYmyn00Q
UCub5wzn3riQBgYenTfIMm7w,@チワワ大将軍,12,1年,Member (1 year),,不明,,,4,41,1,2026-09-12 13:08,2026-10-01 20:00,,,https://www.youtube.com/channel/UCub5wzn3riQBgYenTfIMm7w
UCiF7wUxCMrqGTj3OydYE27Q,@やみくろ-y9h,12,1年,Member (1 year),,不明,,,4,61,0,2026-09-12 13:08,2026-09-26 21:15,,,https://www.youtube.com/channel/UCiF7wUxCMrqGTj3OydYE27Q
UCTKT-BMbA-2M9aV9yjvJ-MA,@o_·̊_R.i.S.A._·̊_o,12,1年,Member (1 year),,不明,,,4,118,0,2026-09-12 13:08,2026-09-21 18:01,,,https://www.youtube.com/channel/UCTKT-BMbA-2M9aV9yjvJ-MA
UCg1VEBxGkmzuc-QbcR0kmWg,@esuesu_u,12,1年,Member (1 year),,不明,,,4,5,0,2026-09-12 19:01,2026-09-26 21:01,,,https://www.youtube.com/channel/UCg1VEBxGkmzuc-QbcR0kmWg
UC7e4ROPsaugWlPyiwGGasxw,@taiyou5626,12,1年,Member (1 year),,不明,,,4,15,0,2026-09-12 19:01,2026-10-07 16:39,,,https://www.youtube.com/channel/UC7e4ROPsaugWlPyiwGGasxw
UCOR7RFdJWx2HWDXyJ598uCg,@きらず揚げ屋,12,1年,Member (1 year),,不明,,,4,7,4,2026-09-12 19:01,2026-09-26 21:01,,,https://www.youtube.com/channel/UCOR7RFdJWx2HWDXyJ598uCg
UCu8UhTiWx0Qt_9umuLqNfZA,@mich1-725,12,1年,Member (1 year),,不明,,,4,29,0,2026-09-13 17:32,2026-09-27 20:02,,,https://www.youtube.com/channel/UCu8UhTiWx0Qt_9umuLqNfZA
UCEHau-1MExDnv_ZB2kQSm8A,@ともひさ-t4i,12,1年,Member (1 year),,不明,,,4,37,0,2026-09-13 17:32,2026-09-26 21:15,,,https://www.youtube.com/channel/UCEHau-1MExDnv_ZB2kQSm8A
UCDW8UJLIO2o6xl6SrdIrbsQ,@チロル-y6u,12,1年,Member (1 year),,不明,,,4,35,1,2026-09-13 17:32,2026-09-27 20:02,,,https://www.youtube.com/channel/UCDW8UJLIO2o6xl6SrdIrbsQ
UCkPqsaLLooVsrH1GjvwZocA,@tyosu69,12,1年,Member (1 year),,不明,,,4,26,0,2026-09-13 17:32,2026-09-27 20:02,,,https://www.youtube.com/channel/UCkPqsaLLooVsrH1GjvwZocA
UCcMMrIVgGF5N18UO7IP51rg,@fencer9267,12,1年,Member (1 year),,不明,,,4,4,0,2026-09-17 18:02,2026-10-01 20:00,,,https://www.youtube.com/channel/UCcMMrIVgGF5N18UO7IP51rg
UCZ-13x3dmD0wvYUVwjRpZ_Q,@もちまる_ナガ,12,1年,Member (1 year),,不明,,,4,178,0,2026-09-21 18:01,2026-09-26 21:15,,,https://www.youtube.com/channel/UCZ-13x3dmD0wvYUVwjRpZ_Q
UC2dbWLCAjfo_0pyNs5xoz7Q,@エイメイ-00,12,1年,Member (1 year),,不明,,,4,93,1,2026-09-21 18:01,2026-09-27 20:02,,,https://www.youtube.com/channel/UC2dbWLCAjfo_0pyNs5xoz7Q
UCkeh5fCcXNAPuBsT3suv1eA,@飴あめあめ,12,1年,Member (1 year),,不明,,,4,8,0,2026-09-21 18:01,2026-09-27 20:02,,,https://www.youtube.com/channel/UCkeh5fCcXNAPuBsT3suv1eA
UCdRgeaAulLzjLoKzUczzF8w,@3328trtn,12,1年,Member (1 year),,不明,,,4,7,1,2026-09-21 18:01,2026-10-01 20:00,,,https://www.youtube.com/channel/UCdRgeaAulLzjLoKzUczzF8w
UCy-pIqSwwESEUp0vEjB-cCg,@コマ-koma-99,12,1年,Member (1 year),,不明,,,4,4,0,2026-09-21 18:01,2026-10-01 20:00,,,https://www.youtube.com/channel/UCy-pIqSwwESEUp0vEjB-cCg
UCVByss4TAV7rbGt4ZQnq5yQ,@Over_a_Tiara,12,1年,Member (1 year),,不明,,,4,122,0,2026-09-27 20:02,2026-10-01 20:00,,,https://www.youtube.com/channel/UCVByss4TAV7rbGt4ZQnq5yQ
UCLVTi8ofe8srStJa9U3Dyqw,@ウルミシュ,12,1年,Member (1 year),,不明,,,4,17,0,2026-09-27 20:02,2026-10-04 20:37,,,https://www.youtube.com/channel/UCLVTi8ofe8srStJa9U3Dyqw
UC_DGP9VloTgzNU6P1bSa0Uw,@ムロムロ-u5c,12,1年,Member (1 year),,不明,,,3,6,0,2026-09-09 21:02,2026-09-26 21:01,,,https://www.youtube.com/channel/UC_DGP9VloTgzNU6P1bSa0Uw
UCtXj2mii2C9iRgKY4knvXsQ,@山兎_yamato,12,1年,Member (1 year),,不明,,,3,4,0,2026-09-09 21:02,2026-09-21 18:01,,,https://www.youtube.com/channel/UCtXj2mii2C9iRgKY4knvXsQ
UCU6hgdw1Qqc-_PvrpYI0sxw,@はづき-d1v,12,1年,Member (1 year),,不明,,,3,9,0,2026-09-12 13:08,2026-09-26 21:01,,,https://www.youtube.com/channel/UCU6hgdw1Qqc-_PvrpYI0sxw
UCRe7Tz8NbVs9o4i7l9tFBYg,@りょーちょー-b5z,12,1年,Member (1 year),,不明,,,3,10,0,2026-09-12 13:08,2026-10-01 20:00,,,https://www.youtube.com/channel/UCRe7Tz8NbVs9o4i7l9tFBYg
UCbqBMsC0lDr5iWe8iXwuvlg,@ユア-y1u2,12,1年,Member (1 year),,不明,,,3,15,0,2026-09-12 19:01,2026-09-27 20:02,,,https://www.youtube.com/channel/UCbqBMsC0lDr5iWe8iXwuvlg
UCt-YBOO4WRVmjFkhbEnpXwg,@メガネ科メガネ,12,1年,Member (1 year),,不明,,,3,3,2,2026-09-12 19:01,2026-09-26 21:01,,,https://www.youtube.com/channel/UCt-YBOO4WRVmjFkhbEnpXwg
UCNsE-BdJI79azWCoQocj33g,@咲洛,12,1年,Member (1 year),,不明,,,3,5,1,2026-09-13 17:32,2026-09-26 21:01,,,https://www.youtube.com/channel/UCNsE-BdJI79azWCoQocj33g
UCFcon2D8LmjJ-8Uq6lPtXSg,@いまち-r2t,12,1年,Member (1 year),,不明,,,3,12,0,2026-09-13 17:32,2026-09-28 20:04,,,https://www.youtube.com/channel/UCFcon2D8LmjJ-8Uq6lPtXSg
UCKOPbqAzb4d2kdADevqB6Aw,@かみさまよーん,12,1年,Member (1 year),,不明,,,3,10,0,2026-09-13 17:32,2026-10-07 16:39,,,https://www.youtube.com/channel/UCKOPbqAzb4d2kdADevqB6Aw
UCOh3cnppyeAWM3dHEApGyYQ,@いしころ-b3x,12,1年,Member (1 year),,不明,,,3,8,1,2026-09-13 17:32,2026-09-26 21:01,,,https://www.youtube.com/channel/UCOh3cnppyeAWM3dHEApGyYQ
UCDxm4hx_rAmjbu1DsBKZLmw,@quroペン,12,1年,Member (1 year),,不明,,,3,7,0,2026-09-13 17:32,2026-09-26 21:01,,,https://www.youtube.com/channel/UCDxm4hx_rAmjbu1DsBKZLmw
UCLmCKpSRvbwTGJS6fQ69XzQ,@サークルジーンズ,12,1年,Member (1 year),,不明,,,3,3,0,2026-09-13 17:32,2026-09-26 21:01,,,https://www.youtube.com/channel/UCLmCKpSRvbwTGJS6fQ69XzQ
UCy8EUZIDThHloUadHjx_7eA,@YK9029,12,1年,Member (1 year),,不明,,,3,5,0,2026-09-17 18:02,2026-09-26 21:01,,,https://www.youtube.com/channel/UCy8EUZIDThHloUadHjx_7eA
UCfrDpZ4Z-y57zdjm8a8Ct-A,@Pawn_WB,12,1年,Member (1 year),,不明,,,3,10,0,2026-09-17 18:02,2026-09-26 21:01,,,https://www.youtube.com/channel/UCfrDpZ4Z-y57zdjm8a8Ct-A
UCJeb7dVy4k46X7HsJgg_3gQ,@狐坂-q6q,12,1年,Member (1 year),,不明,,,3,6,0,2026-09-17 18:02,2026-09-26 21:01,,,https://www.youtube.com/channel/UCJeb7dVy4k46X7HsJgg_3gQ
UCuptR8J8ytJ7c7JEM1_gB0g,@あーく-v3,12,1年,Member (1 year),,不明,,,3,16,0,2026-09-17 18:02,2026-09-26 21:01,,,https://www.youtube.com/channel/UCuptR8J8ytJ7c7JEM1_gB0g
UC9Mi2vyX1gv0P4AwslHAsdQ,@お砂糖の塊おむ,12,1年,Member (1 year),,不明,,,3,21,0,2026-09-19 19:03,2026-09-27 20:02,,,https://www.youtube.com/channel/UC9Mi2vyX1gv0P4AwslHAsdQ
UC9kjwULndlLJOTv1VTVSJiw,@k-u-desu,12,1年,Member (1 year),,不明,,,3,61,0,2026-09-21 18:01,2026-09-26 21:15,,,https://www.youtube.com/channel/UC9kjwULndlLJOTv1VTVSJiw
UCtOxZj7fsmP3wrXYorDe4Mw,@urarakaうららか-ssr,12,1年,Member (1 year),,不明,,,3,95,1,2026-09-21 18:01,2026-09-26 21:15,,,https://www.youtube.com/channel/UCtOxZj7fsmP3wrXYorDe4Mw
UCsI40b1oOdAvahZdnL98vag,@みじゅみじゅ-s2u,12,1年,Member (1 year),,不明,,,3,14,0,2026-09-21 18:01,2026-09-26 21:15,,,https://www.youtube.com/channel/UCsI40b1oOdAvahZdnL98vag
UC3vxuTxp5rQ-qJyS_6umrJw,@ヒロミ-e7w,12,1年,Member (1 year),,不明,,,3,5,0,2026-09-21 18:01,2026-09-26 21:15,,,https://www.youtube.com/channel/UC3vxuTxp5rQ-qJyS_6umrJw
UCvwALB_vKQ1JpvaRFMPNyRQ,@massha-l5x,12,1年,Member (1 year),,不明,,,3,16,0,2026-09-21 18:01,2026-09-27 20:02,,,https://www.youtube.com/channel/UCvwALB_vKQ1JpvaRFMPNyRQ
UCu1bmDwW5TWdh1MD32x9NYQ,@ぽたろう-t8n,12,1年,Member (1 year),,不明,,,3,23,0,2026-09-21 18:01,2026-10-07 16:39,,,https://www.youtube.com/channel/UCu1bmDwW5TWdh1MD32x9NYQ
UCGK_9w1byqFQ4y7WJAWSvmQ,@ツヴァイ-l4x,12,1年,Member (1 year),,不明,,,3,14,1,2026-09-21 18:01,2026-10-07 16:39,,,https://www.youtube.com/channel/UCGK_9w1byqFQ4y7WJAWSvmQ
UCab6VjR71RSuYAmczbMWfgw,@かずん-角笛吹きのすがた,12,1年,Member (1 year),,不明,,,3,3,0,2026-09-21 18:01,2026-10-01 20:00,,,https://www.youtube.com/channel/UCab6VjR71RSuYAmczbMWfgw
UCUFye1EeWTjMOBOfdXPnqIg,@トルタツ-u1p,12,1年,Member (1 year),,不明,,,3,4,0,2026-09-21 18:01,2026-09-24 21:14,,,https://www.youtube.com/channel/UCUFye1EeWTjMOBOfdXPnqIg
UCLPYXcNfXoo2uv7E6fGX7Jg,@パール510,12,1年,Member (1 year),,不明,,,3,12,0,2026-09-26 21:01,2026-10-01 20:00,,,https://www.youtube.com/channel/UCLPYXcNfXoo2uv7E6fGX7Jg
UCWfgJZby-BK3TsQkM2QsPuQ,@蟻ケ,12,1年,Member (1 year),,不明,,,3,5,0,2026-09-28 20:04,2026-10-04 20:37,,,https://www.youtube.com/channel/UCWfgJZby-BK3TsQkM2QsPuQ
UCRJcQ7iCXdvq8MBWwk6x66w,@blur_sqr,12,1年,Member (1 year),,不明,,,3,7,0,2026-09-30 19:02,2026-10-04 20:37,,,https://www.youtube.com/channel/UCRJcQ7iCXdvq8MBWwk6x66w
UC27I5WN9n9Q-VBpvBsZEXkw,@judai9614,12,1年,Member (1 year),,不明,,,2,261,0,2026-09-12 13:08,2026-09-19 13:12,,,https://www.youtube.com/channel/UC27I5WN9n9Q-VBpvBsZEXkw
UCI16EoosafkpJ7-lIg8L9cw,@里芋うどん,12,1年,Member (1 year),,不明,,,2,82,0,2026-09-12 13:08,2026-09-19 13:12,,,https://www.youtube.com/channel/UCI16EoosafkpJ7-lIg8L9cw
UCTomG4tg7WkrCFdscYS-6lw,@アオセ,12,1年,Member (1 year),,不明,,,2,3,0,2026-09-12 13:08,2026-10-07 16:39,,,https://www.youtube.com/channel/UCTomG4tg7WkrCFdscYS-6lw
UClcCA-dTBulJ01v9NJXHQlg,@Cellen.420,12,1年,Member (1 year),,不明,,,2,5,0,2026-09-12 13:08,2026-09-26 21:01,,,https://www.youtube.com/channel/UClcCA-dTBulJ01v9NJXHQlg
UCJRYyCFayNsl9TA4e3WtRgA,@syanao-00,12,1年,Member (1 year),,不明,,,2,15,0,2026-09-12 13:08,2026-09-21 18:01,,,https://www.youtube.com/channel/UCJRYyCFayNsl9TA4e3WtRgA
UCHFkMVG52JdLa65R2GT9KRg,@絶句-t5s,12,1年,Member (1 year),,不明,,,2,341,1,2026-09-12 13:08,2026-09-12 19:01,,,https://www.youtube.com/channel/UCHFkMVG52JdLa65R2GT9KRg
UC9ppVYXgIYdjLw3HF_6X2-g,@AKKI-sl4qd,12,1年,Member (1 year),,不明,,,2,7,0,2026-09-12 19:01,2026-09-17 18:02,,,https://www.youtube.com/channel/UC9ppVYXgIYdjLw3HF_6X2-g
UCYQuQMGcj4kn4pXhlZBaTIw,@白黒の鳥bird,12,1年,Member (1 year),,不明,,,2,3,0,2026-09-13 17:32,2026-09-21 18:01,,,https://www.youtube.com/channel/UCYQuQMGcj4kn4pXhlZBaTIw
UCy3t8lSSIe75M6olgjnTy3Q,@宵町,12,1年,Member (1 year),,不明,,,2,2,0,2026-09-13 17:32,2026-09-26 21:01,,,https://www.youtube.com/channel/UCy3t8lSSIe75M6olgjnTy3Q
UClkJ_t1_DJ1n8Pf_H2t65RA,@Not_YabaiShino,12,1年,Member (1 year),,不明,,,2,6,0,2026-09-13 17:32,2026-09-21 18:01,,,https://www.youtube.com/channel/UClkJ_t1_DJ1n8Pf_H2t65RA
UCkbpWtLqTX-odsbRvSwbbqA,@はんぺん-ta,12,1年,Member (1 year),,不明,,,2,2,0,2026-09-13 17:32,2026-09-21 18:01,,,https://www.youtube.com/channel/UCkbpWtLqTX-odsbRvSwbbqA
UCANzyiZk22htbbkYBgeMYgw,@はるちゅん-v2l,12,1年,Member (1 year),,不明,,,2,2,0,2026-09-17 18:02,2026-09-26 21:01,,,https://www.youtube.com/channel/UCANzyiZk22htbbkYBgeMYgw
UCi_U5c-Hz0Ap3mPIM_i8Kvw,@key__mugi,12,1年,Member (1 year),,不明,,,2,24,0,2026-09-17 18:02,2026-09-21 18:01,,,https://www.youtube.com/channel/UCi_U5c-Hz0Ap3mPIM_i8Kvw
UClnSnQ-1XIVhDEIPxJJzPpg,@うり-f9z,12,1年,Member (1 year),,不明,,,2,10,0,2026-09-17 18:02,2026-09-21 18:01,,,https://www.youtube.com/channel/UClnSnQ-1XIVhDEIPxJJzPpg
UCiiGy8fdgxkknsdo0ANjwEg,@むらびとB-y2m,12,1年,Member (1 year),,不明,,,2,4,0,2026-09-19 13:12,2026-10-04 20:37,,,https://www.youtube.com/channel/UCiiGy8fdgxkknsdo0ANjwEg
UCQDhht856LMoSAKt4QKFN4Q,@決闘者テラちゃん46,12,1年,Member (1 year),,不明,,,2,28,0,2026-09-19 19:03,2026-09-26 21:01,,,https://www.youtube.com/channel/UCQDhht856LMoSAKt4QKFN4Q
UCznoJOJdXquDVFN2bAaWZYg,@高黄玉_ハイレモン,12,1年,Member (1 year),,不明,,,2,48,0,2026-09-21 18:01,2026-10-07 16:39,,,https://www.youtube.com/channel/UCznoJOJdXquDVFN2bAaWZYg
UCVpeo6LfNBz1IOMCNpQuhqA,@iskxlyn,12,1年,Member (1 year),,不明,,,2,11,0,2026-09-21 18:01,2026-09-26 21:01,,,https://www.youtube.com/channel/UCVpeo6LfNBz1IOMCNpQuhqA
UCP18OG_g4U7JwgOW0bMAkVg,@コッシー-n7z,12,1年,Member (1 year),,不明,,,2,2,0,2026-09-21 18:01,2026-10-01 20:00,,,https://www.youtube.com/channel/UCP18OG_g4U7JwgOW0bMAkVg
UCWiN0KureiEohLkeKlEnWKQ,@ばのo,12,1年,Member (1 year),,不明,,,2,10,1,2026-09-21 18:01,2026-10-07 16:39,,,https://www.youtube.com/channel/UCWiN0KureiEohLkeKlEnWKQ
UCiHJdvxjpXGDZJSCJIWLzew,@すずちzzznpi,12,1年,Member (1 year),,不明,,,2,3,0,2026-09-21 18:01,2026-09-26 21:01,,,https://www.youtube.com/channel/UCiHJdvxjpXGDZJSCJIWLzew
UCgaQ3uyOXPC3VSL6YZuhGzw,@お疲れ様な猫,12,1年,Member (1 year),,不明,,,2,2,0,2026-09-21 18:01,2026-09-26 21:01,,,https://www.youtube.com/channel/UCgaQ3uyOXPC3VSL6YZuhGzw
UCOM3bqbLgVAlyFWoP3vmBsg,@まつり-t3h,12,1年,Member (1 year),,不明,,,2,2,0,2026-09-21 18:01,2026-09-24 21:14,,,https://www.youtube.com/channel/UCOM3bqbLgVAlyFWoP3vmBsg
UCVRtssMhWEv9EC2os--ZuIw,@ペペロンフラペチーノ,12,1年,Member (1 year),,不明,,,2,12,1,2026-09-21 18:01,2026-09-26 21:01,,,https://www.youtube.com/channel/UCVRtssMhWEv9EC2os--ZuIw
UCqJK93WXhct-5coTgpQT-ww,@しおり紐,12,1年,Member (1 year),,不明,,,2,5,0,2026-09-21 18:01,2026-09-26 21:15,,,https://www.youtube.com/channel/UCqJK93WXhct-5coTgpQT-ww
UCufRfBgOFLQo_HGND1ko6Aw,@茶兎-mkn,12,1年,Member (1 year),,不明,,,2,14,0,2026-09-21 18:01,2026-09-26 21:01,,,https://www.youtube.com/channel/UCufRfBgOFLQo_HGND1ko6Aw
UCK6WK0YeeMxSXzOW6qWaRnw,@tag2229,12,1年,Member (1 year),,不明,,,2,6,0,2026-09-21 18:01,2026-09-26 21:01,,,https://www.youtube.com/channel/UCK6WK0YeeMxSXzOW6qWaRnw
UCkOHotUiBSL98TDx6xOPrMw,@Miyakonoko5,12,1年,Member (1 year),,不明,,,2,58,0,2026-09-21 18:01,2026-09-26 21:01,,,https://www.youtube.com/channel/UCkOHotUiBSL98TDx6xOPrMw
UC-kihmTL-lznPFkhBe5v7yA,@Akiwa4183,12,1年,Member (1 year),,不明,,,2,10,0,2026-09-21 18:01,2026-09-26 21:01,,,https://www.youtube.com/channel/UC-kihmTL-lznPFkhBe5v7yA
UCAKLvyXXXE3d8TpSLFSsjTw,@タトタトタトタト,12,1年,Member (1 year),,不明,,,2,3,0,2026-09-21 18:01,2026-09-26 21:01,,,https://www.youtube.com/channel/UCAKLvyXXXE3d8TpSLFSsjTw
UCRSyhSL2nHG-VjdXxqirSEA,@MHLee-ff3id,12,1年,Member (1 year),,不明,,,2,9,0,2026-09-21 18:01,2026-09-26 21:01,,,https://www.youtube.com/channel/UCRSyhSL2nHG-VjdXxqirSEA
UCXpPOj8goNQThHwE8rj8Miw,@mrtzniluv,12,1年,Member (1 year),,不明,,,2,5,0,2026-09-21 18:01,2026-09-26 21:01,,,https://www.youtube.com/channel/UCXpPOj8goNQThHwE8rj8Miw
UC3caqshcIhA8Fn7GxfEHZSw,@くるくる_l,12,1年,Member (1 year),,不明,,,2,63,0,2026-09-21 18:01,2026-09-26 21:01,,,https://www.youtube.com/channel/UC3caqshcIhA8Fn7GxfEHZSw
UCbEog90IF6_JmAySL1XhLAg,@ytHmISOO,12,1年,Member (1 year),,不明,,,2,9,0,2026-09-21 18:01,2026-09-26 21:01,,,https://www.youtube.com/channel/UCbEog90IF6_JmAySL1XhLAg
UCkClS83PacJroi_NXTwZI-w,@いちー-l9b,12,1年,Member (1 year),,不明,,,2,3,0,2026-09-21 18:01,2026-09-26 21:01,,,https://www.youtube.com/channel/UCkClS83PacJroi_NXTwZI-w
UC1-WLExWjGmTSRikylamhPA,@ささだんご-q1l,12,1年,Member (1 year),,不明,,,2,7,0,2026-09-21 18:01,2026-09-26 21:15,,,https://www.youtube.com/channel/UC1-WLExWjGmTSRikylamhPA
UCYwhaHnYbJ-ZIgttuJpShew,@hilamaru,12,1年,Member (1 year),,不明,,,2,5,0,2026-09-21 18:01,2026-10-07 16:39,,,https://www.youtube.com/channel/UCYwhaHnYbJ-ZIgttuJpShew
UC9cX7w5lpxYloNeN9mLt9dg,@RITZ-りっつ,12,1年,Member (1 year),,不明,,,2,2,0,2026-09-21 18:01,2026-09-26 21:01,,,https://www.youtube.com/channel/UC9cX7w5lpxYloNeN9mLt9dg
UCxw1_1arYxGXA48S2iQWfSQ,@天ぷら-y5g,12,1年,Member (1 year),,不明,,,2,3,1,2026-09-21 18:01,2026-09-26 21:01,,,https://www.youtube.com/channel/UCxw1_1arYxGXA48S2iQWfSQ
UCFQki74rPNcQz9B2F4lAxmQ,@yuusei667,12,1年,Member (1 year),,不明,,,2,3,0,2026-09-21 18:01,2026-09-26 21:01,,,https://www.youtube.com/channel/UCFQki74rPNcQz9B2F4lAxmQ
UC4_vg9lDGsxUmCzRLfvtpcw,@たんたん_bc72t8,12,1年,Member (1 year),,不明,,,2,2,0,2026-09-21 18:01,2026-09-26 21:15,,,https://www.youtube.com/channel/UC4_vg9lDGsxUmCzRLfvtpcw
UC72wONu1gPpci9NgNx1nksw,@いおり-v-b,12,1年,Member (1 year),,不明,,,2,4,0,2026-09-26 21:01,2026-09-26 21:15,,,https://www.youtube.com/channel/UC72wONu1gPpci9NgNx1nksw
UCkRd18PU1jR4luNIIme3_jw,@タトo,12,1年,Member (1 year),,不明,,,2,5,0,2026-09-26 21:01,2026-09-26 21:15,,,https://www.youtube.com/channel/UCkRd18PU1jR4luNIIme3_jw
UCLz9lN95IiCs0fcciYCHCoA,@やばみてゃン,12,1年,Member (1 year),,不明,,,2,34,0,2026-09-26 21:01,2026-10-01 20:00,,,https://www.youtube.com/channel/UCLz9lN95IiCs0fcciYCHCoA
UCaq05EAfAP_vDR8wjA-_big,@demoudonsuki,12,1年,Member (1 year),,不明,,,2,90,1,2026-09-26 21:01,2026-09-26 21:15,,,https://www.youtube.com/channel/UCaq05EAfAP_vDR8wjA-_big
UCw67wTvgr9R1hsd7ZLXAWUw,@みかんのハコ,12,1年,Member (1 year),,不明,,,2,12,0,2026-09-26 21:01,2026-09-26 21:15,,,https://www.youtube.com/channel/UCw67wTvgr9R1hsd7ZLXAWUw
UC8AqeHTl2k-noyKHPumqx6A,@おにぎり-i4u,12,1年,Member (1 year),,不明,,,2,14,0,2026-09-26 21:01,2026-09-26 21:15,,,https://www.youtube.com/channel/UC8AqeHTl2k-noyKHPumqx6A
UC1-ytTedUT2rIBV_muOZxYQ,@siroma_1219,12,1年,Member (1 year),,不明,,,2,16,0,2026-09-26 21:01,2026-09-26 21:15,,,https://www.youtube.com/channel/UC1-ytTedUT2rIBV_muOZxYQ
UCZM64DR5ZO6JKdpZ_skKAyg,@カヌヲチャン,12,1年,Member (1 year),,不明,,,2,16,0,2026-09-26 21:01,2026-10-07 16:39,,,https://www.youtube.com/channel/UCZM64DR5ZO6JKdpZ_skKAyg
UCYjFFPjmKDdba2w78SjxEkA,@ぐとたそまる,12,1年,Member (1 year),,不明,,,2,2,0,2026-09-26 21:01,2026-09-28 20:04,,,https://www.youtube.com/channel/UCYjFFPjmKDdba2w78SjxEkA
UCSGtDoeFtc6SE1Hn_7CYadg,@Kakoi_59,12,1年,Member (1 year),,不明,,,2,3,0,2026-09-26 21:01,2026-09-26 21:15,,,https://www.youtube.com/channel/UCSGtDoeFtc6SE1Hn_7CYadg
UCfIBmCDX7tJ4uBQVvkOI5tw,@オータカ_sol,12,1年,Member (1 year),,不明,,,2,4,0,2026-09-27 20:02,2026-09-28 20:04,,,https://www.youtube.com/channel/UCfIBmCDX7tJ4uBQVvkOI5tw
UCME5bPmZEkw2XTp-kYBLPaA,@黒猫_F,12,1年,Member (1 year),,不明,,,2,3,0,2026-10-01 20:00,2026-10-04 20:37,,,https://www.youtube.com/channel/UCME5bPmZEkw2XTp-kYBLPaA
UCFljF2rp_BpwoY8Nr-Ble-w,@SENA6117,12,1年,Member (1 year),,不明,,,1,1,1,2026-09-09 21:02,2026-09-09 21:02,,,https://www.youtube.com/channel/UCFljF2rp_BpwoY8Nr-Ble-w
UCq5XT1wEBXY46dsacW782Ow,@KTS_115,12,1年,Member (1 year),,不明,,,1,1,0,2026-09-09 21:02,2026-09-09 21:02,,,https://www.youtube.com/channel/UCq5XT1wEBXY46dsacW782Ow
UCn-I91GIAdJI3SkHX3XjEHw,@はっしー_ex,12,1年,Member (1 year),,不明,,,1,1,0,2026-09-11 21:02,2026-09-11 21:02,,,https://www.youtube.com/channel/UCn-I91GIAdJI3SkHX3XjEHw
UCA7hOrhWKyumv_sQxeo76nQ,@森中ゴリラ,12,1年,Member (1 year),,不明,,,1,2,0,2026-09-12 13:08,2026-09-12 13:08,,,https://www.youtube.com/channel/UCA7hOrhWKyumv_sQxeo76nQ
UCxO-fE7FCMtC0LpvjDj1ESQ,@osakanyasan,12,1年,Member (1 year),,不明,,,1,1,0,2026-09-12 13:08,2026-09-12 13:08,,,https://www.youtube.com/channel/UCxO-fE7FCMtC0LpvjDj1ESQ
UCie3Rp5xP2INLWCLsCSpxSg,@しおだいふく-i7x,12,1年,Member (1 year),,不明,,,1,1,0,2026-09-12 19:01,2026-09-12 19:01,,,https://www.youtube.com/channel/UCie3Rp5xP2INLWCLsCSpxSg
UC_2J_MbxEHEh6g1_SZxJhGA,@nirataberu-,12,1年,Member (1 year),,不明,,,1,1,0,2026-09-16 23:02,2026-09-16 23:02,,,https://www.youtube.com/channel/UC_2J_MbxEHEh6g1_SZxJhGA
UCqgi7RpMRCEt-B3hjSY5o_Q,@べれけ-r1f,12,1年,Member (1 year),,不明,,,1,1,0,2026-09-16 23:02,2026-09-16 23:02,,,https://www.youtube.com/channel/UCqgi7RpMRCEt-B3hjSY5o_Q
UCnm_Pk2WG3S-4IOorChlinA,@チィヤィヤィ,12,1年,Member (1 year),,不明,,,1,7,0,2026-09-17 18:02,2026-09-17 18:02,,,https://www.youtube.com/channel/UCnm_Pk2WG3S-4IOorChlinA
UCavjp1VCBCl_FICbztPPEpw,@小豆-s6u,12,1年,Member (1 year),,不明,,,1,1,0,2026-09-17 18:02,2026-09-17 18:02,,,https://www.youtube.com/channel/UCavjp1VCBCl_FICbztPPEpw
UC0YlMEyWjfe40SmPzoETtBA,@赤茄子-t4t,12,1年,Member (1 year),,不明,,,1,12,0,2026-09-19 13:12,2026-09-19 13:12,,,https://www.youtube.com/channel/UC0YlMEyWjfe40SmPzoETtBA
UCD8WTX8SVqDOD9mg3aVciqA,@ドラッチ-s3y,12,1年,Member (1 year),,不明,,,1,1,0,2026-09-19 13:12,2026-09-19 13:12,,,https://www.youtube.com/channel/UCD8WTX8SVqDOD9mg3aVciqA
UCp9D2PgYpPQyUd_blG8gPxA,@イルカタコ,12,1年,Member (1 year),,不明,,,1,1,0,2026-09-19 19:03,2026-09-19 19:03,,,https://www.youtube.com/channel/UCp9D2PgYpPQyUd_blG8gPxA
UC7S2ENpc_ScHWMijeFVP-ew,@うみ-kuru7,12,1年,Member (1 year),,不明,,,1,22,0,2026-09-21 18:01,2026-09-21 18:01,,,https://www.youtube.com/channel/UC7S2ENpc_ScHWMijeFVP-ew
UCq7ygdgyVK7mxyQT1esXpaQ,@Meluv_s2あめ,12,1年,Member (1 year),,不明,,,1,2,0,2026-09-21 18:01,2026-09-21 18:01,,,https://www.youtube.com/channel/UCq7ygdgyVK7mxyQT1esXpaQ
UC9Jy7V11_8PxQ0GooR0JFmw,@zaoyu461,12,1年,Member (1 year),,不明,,,1,7,0,2026-09-21 18:01,2026-09-21 18:01,,,https://www.youtube.com/channel/UC9Jy7V11_8PxQ0GooR0JFmw
UCTsImqwcoNYuYJ5kgCOqT_w,@りりまんじリベンジャーズ,12,1年,Member (1 year),,不明,,,1,13,0,2026-09-21 18:01,2026-09-21 18:01,,,https://www.youtube.com/channel/UCTsImqwcoNYuYJ5kgCOqT_w
UCcLfGuO54EUJUSDu6haafGA,@たなかがみん,12,1年,Member (1 year),,不明,,,1,5,1,2026-09-21 18:01,2026-09-21 18:01,,,https://www.youtube.com/channel/UCcLfGuO54EUJUSDu6haafGA
UC-gVQGKbcIYIPt-1H0Cl8hw,@kyon-xz6lk,12,1年,Member (1 year),,不明,,,1,3,0,2026-09-21 18:01,2026-09-21 18:01,,,https://www.youtube.com/channel/UC-gVQGKbcIYIPt-1H0Cl8hw
UCA_57sRtdY2BVtDX0ylvb2g,@さわやかさんかく_szk,12,1年,Member (1 year),,不明,,,1,11,0,2026-09-21 18:01,2026-09-21 18:01,,,https://www.youtube.com/channel/UCA_57sRtdY2BVtDX0ylvb2g
UCogOTfcdenslSqL2O6BKuDA,@メノ-0u0,12,1年,Member (1 year),,不明,,,1,2,0,2026-09-21 18:01,2026-09-21 18:01,,,https://www.youtube.com/channel/UCogOTfcdenslSqL2O6BKuDA
UCUFex7RZ2Bzf3IKujeFhyJw,@ともっち-g7c,12,1年,Member (1 year),,不明,,,1,7,0,2026-09-21 18:01,2026-09-21 18:01,,,https://www.youtube.com/channel/UCUFex7RZ2Bzf3IKujeFhyJw
UCHt8mn2bjHk94V4t7VswE-Q,@すいようび-q4r,12,1年,Member (1 year),,不明,,,1,3,0,2026-09-21 18:01,2026-09-21 18:01,,,https://www.youtube.com/channel/UCHt8mn2bjHk94V4t7VswE-Q
UCHubqQe6Cxc9r3ye5KNwbJA,@ネギ侍,12,1年,Member (1 year),,不明,,,1,1,0,2026-09-21 18:01,2026-09-21 18:01,,,https://www.youtube.com/channel/UCHubqQe6Cxc9r3ye5KNwbJA
UCnalvrghp9J4QzjX5nPcHBA,@だし白,12,1年,Member (1 year),,不明,,,1,5,0,2026-09-21 18:01,2026-09-21 18:01,,,https://www.youtube.com/channel/UCnalvrghp9J4QzjX5nPcHBA
UCog-M2dpY-Q-soEg6CPo76A,@2ma4GameChannel,12,1年,Member (1 year),,不明,,,1,1,0,2026-09-21 18:01,2026-09-21 18:01,,,https://www.youtube.com/channel/UCog-M2dpY-Q-soEg6CPo76A
UC_BW0sjD7NFvioBJEwdVJTQ,@haru9987,12,1年,Member (1 year),,不明,,,1,1,0,2026-09-21 18:01,2026-09-21 18:01,,,https://www.youtube.com/channel/UC_BW0sjD7NFvioBJEwdVJTQ
UCoHR-gD2qnth-BACM-fBnnw,@aqrre,12,1年,Member (1 year),,不明,,,1,1,0,2026-09-21 18:01,2026-09-21 18:01,,,https://www.youtube.com/channel/UCoHR-gD2qnth-BACM-fBnnw
UC3bNa2bJJ1Qyj3KxVPzJEKw,@shine-S2-02,12,1年,Member (1 year),,不明,,,1,6,0,2026-09-21 18:01,2026-09-21 18:01,,,https://www.youtube.com/channel/UC3bNa2bJJ1Qyj3KxVPzJEKw
UCuvsMiVcBvta12q7eYstOEw,@ヨコアルキ,12,1年,Member (1 year),,不明,,,1,3,0,2026-09-21 18:01,2026-09-21 18:01,,,https://www.youtube.com/channel/UCuvsMiVcBvta12q7eYstOEw
UCoHskrqvdMyG1ySl47yTUOA,@想蘭,12,1年,Member (1 year),,不明,,,1,3,0,2026-09-21 18:01,2026-09-21 18:01,,,https://www.youtube.com/channel/UCoHskrqvdMyG1ySl47yTUOA
UCDjo86XpIPVBHHPnxov1Ojw,@寒武玄,12,1年,Member (1 year),,不明,,,1,2,1,2026-09-21 18:01,2026-09-21 18:01,,,https://www.youtube.com/channel/UCDjo86XpIPVBHHPnxov1Ojw
UCupO9sC99aOOHc9veLG2MWA,@もやしすわお,12,1年,Member (1 year),,不明,,,1,5,1,2026-09-21 18:01,2026-09-21 18:01,,,https://www.youtube.com/channel/UCupO9sC99aOOHc9veLG2MWA
UCKWiL5CtElmNDIW_JAq0ASw,@みう_1130,12,1年,Member (1 year),,不明,,,1,2,0,2026-09-21 18:01,2026-09-21 18:01,,,https://www.youtube.com/channel/UCKWiL5CtElmNDIW_JAq0ASw
UCbrdd9e3Ieg0ZzkEsdnB2Ug,@jujuju_05,12,1年,Member (1 year),,不明,,,1,10,0,2026-09-21 18:01,2026-09-21 18:01,,,https://www.youtube.com/channel/UCbrdd9e3Ieg0ZzkEsdnB2Ug
UCTmZ7DylvSMU3ZmGQyvKxXg,@しぐ゚,12,1年,Member (1 year),,不明,,,1,6,0,2026-09-21 18:01,2026-09-21 18:01,,,https://www.youtube.com/channel/UCTmZ7DylvSMU3ZmGQyvKxXg
UCyRSNd9I4Lo7Mj9L_6Iusig,@Stargazer0506,12,1年,Member (1 year),,不明,,,1,1,0,2026-09-21 18:01,2026-09-21 18:01,,,https://www.youtube.com/channel/UCyRSNd9I4Lo7Mj9L_6Iusig
UC7qJnTkJC0nENWXxijcQdJA,@あい-z4w8p,12,1年,Member (1 year),,不明,,,1,4,0,2026-09-21 18:01,2026-09-21 18:01,,,https://www.youtube.com/channel/UC7qJnTkJC0nENWXxijcQdJA
UCtUkiUAsi6NnsbkXOxvsIQQ,@ちゅん野郎-w7r,12,1年,Member (1 year),,不明,,,1,3,0,2026-09-21 18:01,2026-09-21 18:01,,,https://www.youtube.com/channel/UCtUkiUAsi6NnsbkXOxvsIQQ
UCctljGtaYciIa_YzZO24MUQ,@superラピス,12,1年,Member (1 year),,不明,,,1,1,0,2026-09-21 18:01,2026-09-21 18:01,,,https://www.youtube.com/channel/UCctljGtaYciIa_YzZO24MUQ
UCQVH7ZMjqcUsLP5znLQgxEA,@kumadian,12,1年,Member (1 year),,不明,,,1,1,0,2026-09-21 18:01,2026-09-21 18:01,,,https://www.youtube.com/channel/UCQVH7ZMjqcUsLP5znLQgxEA
UCQnPjZ9t8zfIOlJ-njUFhvg,@菲特-fate,12,1年,Member (1 year),,不明,,,1,6,1,2026-09-21 18:01,2026-09-21 18:01,,,https://www.youtube.com/channel/UCQnPjZ9t8zfIOlJ-njUFhvg
UC4wfeeq0mEOSCqOko4h_qFA,@user-k9r_ru,12,1年,Member (1 year),,不明,,,1,1,0,2026-09-21 18:01,2026-09-21 18:01,,,https://www.youtube.com/channel/UC4wfeeq0mEOSCqOko4h_qFA
UCx8xw9pq1Li2M0PG6TF3t6w,@じゃがバター-q7t,12,1年,Member (1 year),,不明,,,1,1,0,2026-09-21 18:01,2026-09-21 18:01,,,https://www.youtube.com/channel/UCx8xw9pq1Li2M0PG6TF3t6w
UCjPe_yWL-rb_eBoaYDpoO6Q,@idiossaiko,12,1年,Member (1 year),,不明,,,1,3,0,2026-09-21 18:01,2026-09-21 18:01,,,https://www.youtube.com/channel/UCjPe_yWL-rb_eBoaYDpoO6Q
UCqLmCtrVBaXmUUVF9JsoR8Q,@アユム-h5y,12,1年,Member (1 year),,不明,,,1,2,0,2026-09-21 18:01,2026-09-21 18:01,,,https://www.youtube.com/channel/UCqLmCtrVBaXmUUVF9JsoR8Q
UC7kQjHOZrYOu_-5tQlWL_EQ,@なり-k3w,12,1年,Member (1 year),,不明,,,1,1,0,2026-09-21 18:01,2026-09-21 18:01,,,https://www.youtube.com/channel/UC7kQjHOZrYOu_-5tQlWL_EQ
UCwK1isiOyAzxlbEQQKdS4oA,@カビゴン-h5s,12,1年,Member (1 year),,不明,,,1,1,0,2026-09-21 18:01,2026-09-21 18:01,,,https://www.youtube.com/channel/UCwK1isiOyAzxlbEQQKdS4oA
UCWUUuhezmQ-FHura5l2eQow,@ここのかエル,12,1年,Member (1 year),,不明,,,1,1,0,2026-09-21 18:01,2026-09-21 18:01,,,https://www.youtube.com/channel/UCWUUuhezmQ-FHura5l2eQow
UCPDC_Zu1rJez6Fs-tDLGA3g,@カシス-r2o,12,1年,Member (1 year),,不明,,,1,1,0,2026-09-21 18:01,2026-09-21 18:01,,,https://www.youtube.com/channel/UCPDC_Zu1rJez6Fs-tDLGA3g
UCkk-lxnIH5IsBaRfz2lyvfg,@shian_1739,12,1年,Member (1 year),,不明,,,1,1,1,2026-09-21 18:01,2026-09-21 18:01,,,https://www.youtube.com/channel/UCkk-lxnIH5IsBaRfz2lyvfg
UCHWevr06scZvIbjrEzIPz7Q,@madokamoto1003,12,1年,Member (1 year),,不明,,,1,2,0,2026-09-21 18:01,2026-09-21 18:01,,,https://www.youtube.com/channel/UCHWevr06scZvIbjrEzIPz7Q
UCoVP6ezjhMgpcUolkSEzejA,@まっくろくろすけ-o4u,12,1年,Member (1 year),,不明,,,1,1,0,2026-09-21 18:01,2026-09-21 18:01,,,https://www.youtube.com/channel/UCoVP6ezjhMgpcUolkSEzejA
UCNakYmMSVI6GNIOt--AmsIQ,@フォードロイ,12,1年,Member (1 year),,不明,,,1,1,0,2026-09-21 18:01,2026-09-21 18:01,,,https://www.youtube.com/channel/UCNakYmMSVI6GNIOt--AmsIQ
UC3LCzT7hNnHaffMW5QdgtHA,@koto1982,12,1年,Member (1 year),,不明,,,1,1,1,2026-09-21 18:01,2026-09-21 18:01,,,https://www.youtube.com/channel/UC3LCzT7hNnHaffMW5QdgtHA
UC3vQBOrFAw44-IKgfb8r3fQ,@yori-tn9eu,12,1年,Member (1 year),,不明,,,1,2,0,2026-09-21 18:01,2026-09-21 18:01,,,https://www.youtube.com/channel/UC3vQBOrFAw44-IKgfb8r3fQ
UC9IrsHM6vd1eaIv74019rZA,@なっとぽた,12,1年,Member (1 year),,不明,,,1,1,0,2026-09-21 18:01,2026-09-21 18:01,,,https://www.youtube.com/channel/UC9IrsHM6vd1eaIv74019rZA
UCfIR16uh7XxVwBMAB_E_10A,@もりの-j2l,12,1年,Member (1 year),,不明,,,1,7,0,2026-09-23 21:03,2026-09-23 21:03,,,https://www.youtube.com/channel/UCfIR16uh7XxVwBMAB_E_10A
UCEB539j0A_qhTlxi-so6vww,@evian33,12,1年,Member (1 year),,不明,,,1,5,0,2026-09-26 21:01,2026-09-26 21:01,,,https://www.youtube.com/channel/UCEB539j0A_qhTlxi-so6vww
UCJRXuITlr9Y0AcT0oZOLrvg,@Ryin_Channel,12,1年,Member (1 year),,不明,,,1,4,0,2026-09-26 21:01,2026-09-26 21:01,,,https://www.youtube.com/channel/UCJRXuITlr9Y0AcT0oZOLrvg
UCKnsMUHpH0OmG7kUjAmwaIQ,@るるる-e3x,12,1年,Member (1 year),,不明,,,1,1,0,2026-09-26 21:01,2026-09-26 21:01,,,https://www.youtube.com/channel/UCKnsMUHpH0OmG7kUjAmwaIQ
UCLns03fq_EFLgWConX7D3Rw,@リュンヌlune,12,1年,Member (1 year),,不明,,,1,1,0,2026-09-26 21:01,2026-09-26 21:01,,,https://www.youtube.com/channel/UCLns03fq_EFLgWConX7D3Rw
UCTLd4VPTjgGETzj9l0g9P8w,@栗が好き,12,1年,Member (1 year),,不明,,,1,5,0,2026-09-26 21:01,2026-09-26 21:01,,,https://www.youtube.com/channel/UCTLd4VPTjgGETzj9l0g9P8w
UCmUXgPMQbSxykEAz8kYxceA,@kyoffle,12,1年,Member (1 year),,めるねいとの拳たち,ギフト,ギフトで加入,1,1,0,2026-09-26 21:01,2026-09-26 21:01,○,○,https://www.youtube.com/channel/UCmUXgPMQbSxykEAz8kYxceA
UC8v5E3ILkBNVCYb18YyqbJQ,@zenttoms9533,12,1年,Member (1 year),,不明,,,1,1,0,2026-09-26 21:01,2026-09-26 21:01,,,https://www.youtube.com/channel/UC8v5E3ILkBNVCYb18YyqbJQ
UCprbsHZlBCjO7n2TVLfV5Qw,@ザコス-xakoss,12,1年,Member (1 year),,めるねいとの拳たち,再加入/レベル変更,,1,6,0,2026-09-26 21:01,2026-09-26 21:01,,,https://www.youtube.com/channel/UCprbsHZlBCjO7n2TVLfV5Qw
UChxKBYG7c9uvcU6AXXhDgXw,@ぱぴ_ぷーまる,12,1年,Member (1 year),,不明,,,1,14,0,2026-09-26 21:01,2026-09-26 21:01,,,https://www.youtube.com/channel/UChxKBYG7c9uvcU6AXXhDgXw
UCZbG-b8bpU5RyUhsXbrZAmQ,@とちお-swae,12,1年,Member (1 year),,不明,,,1,2,0,2026-09-26 21:01,2026-09-26 21:01,,,https://www.youtube.com/channel/UCZbG-b8bpU5RyUhsXbrZAmQ
UCk8bEIYmthlXRkfsB-LvErg,@えいき-c4s,12,1年,Member (1 year),,不明,,,1,2,0,2026-09-26 21:01,2026-09-26 21:01,,,https://www.youtube.com/channel/UCk8bEIYmthlXRkfsB-LvErg
UCT4N-QUOcJnmzsDH0yhZjKg,@tatsuki_924_,12,1年,Member (1 year),,不明,,,1,2,0,2026-09-26 21:01,2026-09-26 21:01,,,https://www.youtube.com/channel/UCT4N-QUOcJnmzsDH0yhZjKg
UCWtH_laYPWxPGg3Ag70GyeQ,@ぽこ517,12,1年,Member (1 year),,不明,,,1,3,0,2026-09-26 21:01,2026-09-26 21:01,,,https://www.youtube.com/channel/UCWtH_laYPWxPGg3Ag70GyeQ
UCR5wrV8KAgZSbeVkb52HzZg,@ビーンズ提督Admiral-BeanZ,12,1年,Member (1 year),,めるねいとの拳たち,再加入/レベル変更,,1,8,1,2026-09-26 21:01,2026-09-26 21:01,,,https://www.youtube.com/channel/UCR5wrV8KAgZSbeVkb52HzZg
UC9rA6Q6UUSjphhQkEV1cMcQ,@翠蘭の覇者,12,1年,Member (1 year),,不明,,,1,1,0,2026-09-26 21:01,2026-09-26 21:01,,,https://www.youtube.com/channel/UC9rA6Q6UUSjphhQkEV1cMcQ
UC1bzOo4l05LUwbDS1U_q5cQ,@nu__e1,12,1年,Member (1 year),,不明,,,1,2,0,2026-09-26 21:01,2026-09-26 21:01,,,https://www.youtube.com/channel/UC1bzOo4l05LUwbDS1U_q5cQ
UCLck6N3cHHW9YD38viHnKYw,@kikyo_0103,12,1年,Member (1 year),,不明,,,1,1,0,2026-09-26 21:01,2026-09-26 21:01,,,https://www.youtube.com/channel/UCLck6N3cHHW9YD38viHnKYw
UC5ZH7M8mRWHgA-oJeN049uA,@カビゴン-e2t,12,1年,Member (1 year),,不明,,,1,1,0,2026-09-26 21:01,2026-09-26 21:01,,,https://www.youtube.com/channel/UC5ZH7M8mRWHgA-oJeN049uA
UCYAO0CJAP_fDKOkZyjxrlrw,@monsho1977,12,1年,Member (1 year),,不明,,,1,1,0,2026-09-26 21:01,2026-09-26 21:01,,,https://www.youtube.com/channel/UCYAO0CJAP_fDKOkZyjxrlrw
UC9OppOeVRuUlSslsYZpq5HQ,@しゃけ-o4y,12,1年,Member (1 year),,不明,,,1,1,0,2026-09-26 21:01,2026-09-26 21:01,,,https://www.youtube.com/channel/UC9OppOeVRuUlSslsYZpq5HQ
UCiTUmX6Raey8kJaMP-gKczA,@酉島,12,1年,Member (1 year),,不明,,,1,1,0,2026-09-26 21:15,2026-09-26 21:15,,,https://www.youtube.com/channel/UCiTUmX6Raey8kJaMP-gKczA
UC4WixrNvIf3DYkvfVoQZG8Q,@rich-lb6dm,12,1年,Member (1 year),,不明,,,1,1,0,2026-09-27 20:02,2026-09-27 20:02,,,https://www.youtube.com/channel/UC4WixrNvIf3DYkvfVoQZG8Q
UCMUycuutkUYkZNh0asA8a8w,@TheTomo998,12,1年,Member (1 year),,不明,,,1,1,0,2026-09-27 20:02,2026-09-27 20:02,,,https://www.youtube.com/channel/UCMUycuutkUYkZNh0asA8a8w
UCp4WcCbeWFwU6RN6bnQAu8A,@けた-e5l,12,1年,Member (1 year),,不明,,,1,1,0,2026-09-28 20:04,2026-09-28 20:04,,,https://www.youtube.com/channel/UCp4WcCbeWFwU6RN6bnQAu8A
UCHLOmT9w6ufWqKvunBLhxOA,@トーキ005,12,1年,Member (1 year),,不明,,,1,1,0,2026-09-30 19:02,2026-09-30 19:02,,,https://www.youtube.com/channel/UCHLOmT9w6ufWqKvunBLhxOA
UC4faCX1O5Z6wGDoSI0mw_Og,@nk-mp6vg,12,1年,Member (1 year),,不明,,,1,1,0,2026-10-01 20:00,2026-10-01 20:00,,,https://www.youtube.com/channel/UC4faCX1O5Z6wGDoSI0mw_Og
UCSCBfqxQ00uTuob2qft-Zxg,@こいてや,12,1年,Member (1 year),,不明,,,1,2,0,2026-10-07 16:39,2026-10-07 16:39,,,https://www.youtube.com/channel/UCSCBfqxQ00uTuob2qft-Zxg
UC-VkysbCv-8yp-gdz8Pf79A,@carcre666,12,1年,Member (1 year),,不明,,,1,2,0,2026-10-07 16:39,2026-10-07 16:39,,,https://www.youtube.com/channel/UC-VkysbCv-8yp-gdz8Pf79A
UC3WPOlrSM5UQGi2YtQG_rfQ,@通りすがり-g6g,6,6ヶ月,Member (6 months),,不明,,,21,2240,5,2026-09-09 21:02,2026-10-07 16:39,,,https://www.youtube.com/channel/UC3WPOlrSM5UQGi2YtQG_rfQ
UCJIyOBCbECLdXeTpXpYB2CQ,@ダイナマイト-v7q,6,6ヶ月,Member (6 months),,不明,,,21,3483,1,2026-09-09 21:02,2026-10-07 16:39,,,https://www.youtube.com/channel/UCJIyOBCbECLdXeTpXpYB2CQ
UCgnYNgBjzFIKi03HPcFt8YA,@ぷさい-psi,6,6ヶ月,Member (6 months),,不明,,,20,705,0,2026-09-09 21:02,2026-10-04 20:37,,,https://www.youtube.com/channel/UCgnYNgBjzFIKi03HPcFt8YA
UCSzl8okbw0RDieJ7os1UkcQ,@OolongLatte_OuOb,6,6ヶ月,Member (6 months),,不明,,,20,394,0,2026-09-09 21:02,2026-10-07 16:39,,,https://www.youtube.com/channel/UCSzl8okbw0RDieJ7os1UkcQ
UCElWl4a6ABJn32rRPu85nIg,@サキホコル,6,6ヶ月,Member (6 months),,不明,,,19,588,2,2026-09-09 21:02,2026-10-07 16:39,,,https://www.youtube.com/channel/UCElWl4a6ABJn32rRPu85nIg
UCjPbSPSEuGf4EWSw_oOioyA,@皐月マリ,6,6ヶ月,Member (6 months),,不明,,,19,174,0,2026-09-09 21:02,2026-10-04 20:37,,,https://www.youtube.com/channel/UCjPbSPSEuGf4EWSw_oOioyA
UCmoeAxfWwE5_Bgg_xlUam9w,@すいま_ねむい,6,6ヶ月,Member (6 months),,不明,,,19,519,0,2026-09-09 21:02,2026-10-04 20:37,,,https://www.youtube.com/channel/UCmoeAxfWwE5_Bgg_xlUam9w
UCxCPEvr7Ir2nuD4nH8wIu5w,@じゅに_ch,6,6ヶ月,Member (6 months),,不明,,,18,483,0,2026-09-09 21:02,2026-10-04 20:37,,,https://www.youtube.com/channel/UCxCPEvr7Ir2nuD4nH8wIu5w
UCo5JWZSnoRiUORsCaEg73Iw,@摘みたてライチ,6,6ヶ月,Member (6 months),,不明,,,17,915,0,2026-09-09 21:02,2026-10-04 20:37,,,https://www.youtube.com/channel/UCo5JWZSnoRiUORsCaEg73Iw
UCj95YFdae8lTKjNCv1TNnvw,@イブキ-n5r,6,6ヶ月,Member (6 months),,不明,,,16,280,1,2026-09-09 21:02,2026-10-04 20:37,,,https://www.youtube.com/channel/UCj95YFdae8lTKjNCv1TNnvw
UCiOYvoJMIC0_yYecy9SBiBg,@takaryang,6,6ヶ月,Member (6 months),,不明,,,15,508,0,2026-09-09 21:02,2026-10-04 20:37,,,https://www.youtube.com/channel/UCiOYvoJMIC0_yYecy9SBiBg
UCXHOvrnC5I1UMvYKNz-Eeng,@怪獣になりたい,6,6ヶ月,Member (6 months),,不明,,,14,976,2,2026-09-09 21:02,2026-10-04 20:37,,,https://www.youtube.com/channel/UCXHOvrnC5I1UMvYKNz-Eeng
UCdAJveZBJlqBQUcsJ4LJ_Xw,@sn0wytown616,6,6ヶ月,Member (6 months),,不明,,,14,61,1,2026-09-09 21:02,2026-10-04 20:37,,,https://www.youtube.com/channel/UCdAJveZBJlqBQUcsJ4LJ_Xw
UCXsD-R6Du38kR711ESDe-gg,@kumasyake_熊川亭鮭太郎,6,6ヶ月,Member (6 months),,不明,,,14,768,5,2026-09-12 13:08,2026-10-07 16:39,,,https://www.youtube.com/channel/UCXsD-R6Du38kR711ESDe-gg
UCiTDgmuL2n9fsPPqZU0U57A,@あずさ-azs0201,6,6ヶ月,Member (6 months),,不明,,,13,200,1,2026-09-09 21:02,2026-10-07 16:39,,,https://www.youtube.com/channel/UCiTDgmuL2n9fsPPqZU0U57A
UCulMSS4Ud5fz-VjJDa_FHAg,@ei_umiii,6,6ヶ月,Member (6 months),,不明,,,13,37,0,2026-09-12 13:08,2026-10-07 16:39,,,https://www.youtube.com/channel/UCulMSS4Ud5fz-VjJDa_FHAg
UCH6F9ZiHUelX32zV-dvXYlQ,@torimiso_とりのみそかつ,6,6ヶ月,Member (6 months),,不明,,,13,545,1,2026-09-12 13:08,2026-10-04 20:37,,,https://www.youtube.com/channel/UCH6F9ZiHUelX32zV-dvXYlQ
UCqn0bo4mXyDZMqKomuEUNqw,@ria-ssb,6,6ヶ月,Member (6 months),,不明,,,12,47,0,2026-09-11 21:02,2026-10-04 20:37,,,https://www.youtube.com/channel/UCqn0bo4mXyDZMqKomuEUNqw
UChqKlRdD9UgI0eioQj1wQfA,@美月_mitsuki_81,6,6ヶ月,Member (6 months),,不明,,,12,209,0,2026-09-11 21:02,2026-10-01 20:00,,,https://www.youtube.com/channel/UChqKlRdD9UgI0eioQj1wQfA
UCuZfIfIgq1t3XzOVqeRHq-w,@愛知ダグウェル,6,6ヶ月,Member (6 months),,不明,,,12,109,0,2026-09-11 21:02,2026-10-07 16:39,,,https://www.youtube.com/channel/UCuZfIfIgq1t3XzOVqeRHq-w
UCaAw99Sv6QBtGa-iGrmi3tQ,@ひぐれに,6,6ヶ月,Member (6 months),,不明,,,11,41,0,2026-09-09 21:02,2026-10-07 16:39,,,https://www.youtube.com/channel/UCaAw99Sv6QBtGa-iGrmi3tQ
UCt2GD6rj7NLnWTQjhuRy-Rw,@コロラドの謎はまだ謎なのだぞ,6,6ヶ月,Member (6 months),,不明,,,11,308,0,2026-09-12 13:08,2026-10-07 16:39,,,https://www.youtube.com/channel/UCt2GD6rj7NLnWTQjhuRy-Rw
UCNDiE0VFlKfDJzsbKclG0Vw,@りあ-b8o,6,6ヶ月,Member (6 months),,めるねいとの拳たち,再加入/レベル変更,,11,31,0,2026-09-12 13:08,2026-10-04 20:37,,,https://www.youtube.com/channel/UCNDiE0VFlKfDJzsbKclG0Vw
UCv-r_pehPvIPHaG3JAnbJcA,@オルト-m8c,6,6ヶ月,Member (6 months),,不明,,,11,213,0,2026-09-12 13:08,2026-10-07 16:39,,,https://www.youtube.com/channel/UCv-r_pehPvIPHaG3JAnbJcA
UCCM6bENXj_xPxiQrmIlvv7g,@setsujitsu,6,6ヶ月,Member (6 months),,不明,,,10,62,0,2026-09-09 21:02,2026-10-07 16:39,,,https://www.youtube.com/channel/UCCM6bENXj_xPxiQrmIlvv7g
UChb3V6QS6v62_utyX8hjYrQ,@ゆっず-o3oy,6,6ヶ月,Member (6 months),,不明,,,10,217,1,2026-09-11 21:02,2026-10-01 20:00,,,https://www.youtube.com/channel/UChb3V6QS6v62_utyX8hjYrQ
UCuV0o5vAqe_uIsJQitDHL7w,@misiki4722,6,6ヶ月,Member (6 months),,不明,,,10,337,0,2026-09-12 13:08,2026-10-04 20:37,,,https://www.youtube.com/channel/UCuV0o5vAqe_uIsJQitDHL7w
UCWId3SR1V9N49OK_PbFs2dQ,@南部馨介,6,6ヶ月,Member (6 months),,不明,,,10,424,1,2026-09-12 19:01,2026-10-07 16:39,,,https://www.youtube.com/channel/UCWId3SR1V9N49OK_PbFs2dQ
UCVoxRpzceMhtj1sgJ1FKKzQ,@ituki.k,6,6ヶ月,Member (6 months),,不明,,,10,66,1,2026-09-13 17:32,2026-10-04 20:37,,,https://www.youtube.com/channel/UCVoxRpzceMhtj1sgJ1FKKzQ
UCZUCEU4ZeiE2aTQ1wNxckmA,@ぜろぱか,6,6ヶ月,Member (6 months),,めるねいとの拳たち,再加入/レベル変更,,10,285,0,2026-09-21 18:01,2026-10-04 20:37,,,https://www.youtube.com/channel/UCZUCEU4ZeiE2aTQ1wNxckmA
UC_XcmmYlP4tfyBo1-9Vv-rw,@Otako_desu,6,6ヶ月,Member (6 months),,不明,,,9,446,0,2026-09-12 13:08,2026-10-04 20:37,,,https://www.youtube.com/channel/UC_XcmmYlP4tfyBo1-9Vv-rw
UCU83iyl9J_02xj4rTxzWeZw,@たいたしき,6,6ヶ月,Member (6 months),,不明,,,9,40,0,2026-09-12 13:08,2026-10-07 16:39,,,https://www.youtube.com/channel/UCU83iyl9J_02xj4rTxzWeZw
UCrZgoEw54tO5tTNyj04ETMQ,@愛_poporon1119,6,6ヶ月,Member (6 months),,不明,,,8,196,0,2026-09-09 21:02,2026-10-04 20:37,,,https://www.youtube.com/channel/UCrZgoEw54tO5tTNyj04ETMQ
UCGxaHjPm6ZkM1NvJqG2epew,@えぬまる-z8z,6,6ヶ月,Member (6 months),,不明,,,8,18,0,2026-09-09 21:02,2026-10-04 20:37,,,https://www.youtube.com/channel/UCGxaHjPm6ZkM1NvJqG2epew
UCrpZ0lB1gXwd-1p92uE0-LQ,@くりまる-e1e,6,6ヶ月,Member (6 months),,不明,,,8,304,0,2026-09-11 21:02,2026-10-01 20:00,,,https://www.youtube.com/channel/UCrpZ0lB1gXwd-1p92uE0-LQ
UCqvMiLJSI7v7YlYKKWjJv1A,@脂身のなぎさ,6,6ヶ月,Member (6 months),,不明,,,8,380,1,2026-09-12 19:01,2026-09-28 20:04,,,https://www.youtube.com/channel/UCqvMiLJSI7v7YlYKKWjJv1A
UCudMawXbtcHBMSdPJB3slAw,@カタカナン,6,6ヶ月,Member (6 months),,不明,,,7,33,0,2026-09-09 21:02,2026-09-28 20:04,,,https://www.youtube.com/channel/UCudMawXbtcHBMSdPJB3slAw
UCwQMCPCcIsTvQp1qqqjG4yg,@趣味の闇鍋,6,6ヶ月,Member (6 months),,不明,,,7,75,0,2026-09-09 21:02,2026-10-07 16:39,,,https://www.youtube.com/channel/UCwQMCPCcIsTvQp1qqqjG4yg
UCWL0DPneDcjrdJqO2j1mD9Q,@まらさこ,6,6ヶ月,Member (6 months),,不明,,,7,111,2,2026-09-13 17:32,2026-10-07 16:39,,,https://www.youtube.com/channel/UCWL0DPneDcjrdJqO2j1mD9Q
UC4VaF6HtiBT0rLEVuy5wolw,@寝る寝るコーヒー,6,6ヶ月,Member (6 months),,不明,,,7,278,1,2026-09-13 17:32,2026-09-28 20:04,,,https://www.youtube.com/channel/UC4VaF6HtiBT0rLEVuy5wolw
UCp-We6Wl5UKjXZQaxUbDS6w,@Kaya_310,6,6ヶ月,Member (6 months),,不明,,,6,19,0,2026-09-11 21:02,2026-09-26 21:01,,,https://www.youtube.com/channel/UCp-We6Wl5UKjXZQaxUbDS6w
UClW0KVyClciWGlbPaagSvrQ,@サム_11,6,6ヶ月,Member (6 months),,不明,,,6,17,0,2026-09-12 13:08,2026-09-27 20:02,,,https://www.youtube.com/channel/UClW0KVyClciWGlbPaagSvrQ
UC-HLR8Atg77lPu3-gra9PhQ,@オムそばテルマ,6,6ヶ月,Member (6 months),,不明,,,6,86,0,2026-09-12 13:08,2026-10-04 20:37,,,https://www.youtube.com/channel/UC-HLR8Atg77lPu3-gra9PhQ
UCC731vdiv4wmmGgbidwsnow,@望朔クリア,6,6ヶ月,Member (6 months),,不明,,,6,11,0,2026-09-12 19:01,2026-10-07 16:39,,,https://www.youtube.com/channel/UCC731vdiv4wmmGgbidwsnow
UC5-gFxUoJXgiZopjUtryT8A,@hal9k801,6,6ヶ月,Member (6 months),,不明,,,6,76,0,2026-09-16 23:02,2026-09-26 21:15,,,https://www.youtube.com/channel/UC5-gFxUoJXgiZopjUtryT8A
UCgqpMpZrl53D9BreK9wKE5w,@とみたまこと-トミタ良,6,6ヶ月,Member (6 months),,不明,,,6,44,0,2026-09-16 23:02,2026-10-04 20:37,,,https://www.youtube.com/channel/UCgqpMpZrl53D9BreK9wKE5w
UChL_U2RApJEnkMBtokQhD8Q,@えいちゃんやで,6,6ヶ月,Member (6 months),,不明,,,6,35,0,2026-09-17 18:02,2026-10-07 16:39,,,https://www.youtube.com/channel/UChL_U2RApJEnkMBtokQhD8Q
UCpVAj_jf3U2vSGS8aloRlZQ,@DreamAir350,6,6ヶ月,Member (6 months),,不明,,,6,20,0,2026-09-26 21:01,2026-10-04 20:37,,,https://www.youtube.com/channel/UCpVAj_jf3U2vSGS8aloRlZQ
UCU65odIaMQsvCdUNBh_fmjw,@しょうちゃん-w4u,6,6ヶ月,Member (6 months),,不明,,,5,13,0,2026-09-11 21:02,2026-09-21 18:01,,,https://www.youtube.com/channel/UCU65odIaMQsvCdUNBh_fmjw
UCaJN_rkgx5QK8IhEjZvqaYg,@fuみ,6,6ヶ月,Member (6 months),,不明,,,5,88,1,2026-09-12 13:08,2026-09-27 20:02,,,https://www.youtube.com/channel/UCaJN_rkgx5QK8IhEjZvqaYg
UCJUnBlbP0QmgJJ0RpJkPjbw,@GN_XIV,6,6ヶ月,Member (6 months),,不明,,,5,48,0,2026-09-12 19:01,2026-09-30 19:02,,,https://www.youtube.com/channel/UCJUnBlbP0QmgJJ0RpJkPjbw
UCMJESy38PXXY_021esACPGA,@矢島好喜,6,6ヶ月,Member (6 months),,不明,,,5,88,0,2026-09-13 17:32,2026-09-26 21:15,,,https://www.youtube.com/channel/UCMJESy38PXXY_021esACPGA
UCROsLv71LUlA4Oo8FQJibcg,@Irohasu11,6,6ヶ月,Member (6 months),,不明,,,5,13,1,2026-09-19 13:12,2026-10-04 20:37,,,https://www.youtube.com/channel/UCROsLv71LUlA4Oo8FQJibcg
UCPCt4c-4OELRFX2KzlfHvMQ,@ニカイドウ-s1v,6,6ヶ月,Member (6 months),,不明,,,5,10,0,2026-09-21 18:01,2026-10-01 20:00,,,https://www.youtube.com/channel/UCPCt4c-4OELRFX2KzlfHvMQ
UCZfNnDBlLJLwzPOKP64JlAw,@ちるむ-s2,6,6ヶ月,Member (6 months),,不明,,,5,79,0,2026-09-21 18:01,2026-10-07 16:39,,,https://www.youtube.com/channel/UCZfNnDBlLJLwzPOKP64JlAw
UCPYeLogfZ7yP38RIkKHaAaQ,@リノン-s8r,6,6ヶ月,Member (6 months),,不明,,,5,16,0,2026-09-26 21:01,2026-10-04 20:37,,,https://www.youtube.com/channel/UCPYeLogfZ7yP38RIkKHaAaQ
UCLGAX23lO59YUjM7cFR4TAA,@しろいとら-byko,6,6ヶ月,Member (6 months),,不明,,,4,11,0,2026-09-16 23:02,2026-09-26 21:01,,,https://www.youtube.com/channel/UCLGAX23lO59YUjM7cFR4TAA
UC-lmcPyfIefhSdEHhamENjw,@doll2808,6,6ヶ月,Member (6 months),,不明,,,4,137,0,2026-09-16 23:02,2026-09-27 20:02,,,https://www.youtube.com/channel/UC-lmcPyfIefhSdEHhamENjw
UCwCCwjR-zpYygXfcnYty13A,@ronron-san,6,6ヶ月,Member (6 months),,不明,,,4,20,0,2026-09-19 19:03,2026-09-26 21:15,,,https://www.youtube.com/channel/UCwCCwjR-zpYygXfcnYty13A
UCftMtWwTEg1gAFPRXflZoqQ,@上総-l6r,6,6ヶ月,Member (6 months),,不明,,,4,9,0,2026-09-19 19:03,2026-10-07 16:39,,,https://www.youtube.com/channel/UCftMtWwTEg1gAFPRXflZoqQ
UC40VfjL3rKYciv1tFa7L7Fw,@きょろ-s5c,6,6ヶ月,Member (6 months),,不明,,,4,12,0,2026-09-21 18:01,2026-10-01 20:00,,,https://www.youtube.com/channel/UC40VfjL3rKYciv1tFa7L7Fw
UC-wnajOgxM-EW_Z_0nXu4Lw,@とら-p8j,6,6ヶ月,Member (6 months),,不明,,,4,18,0,2026-09-21 18:01,2026-09-28 20:04,,,https://www.youtube.com/channel/UC-wnajOgxM-EW_Z_0nXu4Lw
UCzEZP2yPr19JjphbINAvpfA,@はるぽっぽこ,6,6ヶ月,Member (6 months),,不明,,,3,7,0,2026-09-12 13:08,2026-09-26 21:15,,,https://www.youtube.com/channel/UCzEZP2yPr19JjphbINAvpfA
UCe1mJSZ8fXknBdm4BoVD2iw,@銀髪ロング好きのオタク,6,6ヶ月,Member (6 months),,不明,,,3,15,0,2026-09-12 19:01,2026-09-26 21:01,,,https://www.youtube.com/channel/UCe1mJSZ8fXknBdm4BoVD2iw
UCov4z5_uEdSVJiE2ZJjtCcA,@Tuna_mayo____,6,6ヶ月,Member (6 months),,不明,,,3,14,0,2026-09-12 19:01,2026-09-21 18:01,,,https://www.youtube.com/channel/UCov4z5_uEdSVJiE2ZJjtCcA
UCT8zgOG2lqrxXQo3UVYNOpw,@Mnnnny-i,6,6ヶ月,Member (6 months),,不明,,,3,8,0,2026-09-12 19:01,2026-10-07 16:39,,,https://www.youtube.com/channel/UCT8zgOG2lqrxXQo3UVYNOpw
UCSLHcYp8afYzIXr9mvWkjQg,@hakoniwa-箱庭,6,6ヶ月,Member (6 months),,不明,,,3,11,0,2026-09-12 19:01,2026-09-26 21:01,,,https://www.youtube.com/channel/UCSLHcYp8afYzIXr9mvWkjQg
UCiIuyaj1TSNzVk_PvWpz2YQ,@にぺるち,6,6ヶ月,Member (6 months),,不明,,,3,6,0,2026-09-13 17:32,2026-09-26 21:01,,,https://www.youtube.com/channel/UCiIuyaj1TSNzVk_PvWpz2YQ
UCUk_2G5NsK6iLLgJLDo7QmQ,@ねてる-c,6,6ヶ月,Member (6 months),,不明,,,3,3,0,2026-09-13 17:32,2026-09-26 21:01,,,https://www.youtube.com/channel/UCUk_2G5NsK6iLLgJLDo7QmQ
UCaSRKVGNZxfFqN8w_kmRd_A,@ゼノ_zeno31,6,6ヶ月,Member (6 months),,不明,,,3,5,0,2026-09-16 23:02,2026-09-26 21:15,,,https://www.youtube.com/channel/UCaSRKVGNZxfFqN8w_kmRd_A
UC3rkxZ41956WGjdUN5hRJXA,@うたまぴー-v8z,6,6ヶ月,Member (6 months),,不明,,,3,58,0,2026-09-21 18:01,2026-09-26 21:15,,,https://www.youtube.com/channel/UC3rkxZ41956WGjdUN5hRJXA
UC3A6D7z-Qbfia1S8YXwcErg,@shi__k.2,6,6ヶ月,Member (6 months),,不明,,,3,6,0,2026-09-21 18:01,2026-09-30 19:02,,,https://www.youtube.com/channel/UC3A6D7z-Qbfia1S8YXwcErg
UCiTvoJrXiKM4eR9dcIwJQ4g,@アサイーフルーツ,6,6ヶ月,Member (6 months),,不明,,,3,7,0,2026-09-21 18:01,2026-10-07 16:39,,,https://www.youtube.com/channel/UCiTvoJrXiKM4eR9dcIwJQ4g
UC2rBpjEc6vbbaUbe1etSRaw,@お猫様君ちゃん,6,6ヶ月,Member (6 months),,めるねいとの拳たち,再加入/レベル変更,,3,7,0,2026-09-21 18:01,2026-10-01 20:00,,,https://www.youtube.com/channel/UC2rBpjEc6vbbaUbe1etSRaw
UCe0yEsSZgCk7g1VLERqgQ4A,@カエデ-g9y,6,6ヶ月,Member (6 months),,不明,,,3,3,0,2026-09-26 21:01,2026-10-04 20:37,,,https://www.youtube.com/channel/UCe0yEsSZgCk7g1VLERqgQ4A
UCFhksMwbCxe0CYnBAfuD0TA,@くつした-t7d,6,6ヶ月,Member (6 months),,不明,,,2,3,0,2026-09-09 21:02,2026-09-23 21:03,,,https://www.youtube.com/channel/UCFhksMwbCxe0CYnBAfuD0TA
UC5HmgpIfd2HnMnYeAJaequw,@okaki_c104,6,6ヶ月,Member (6 months),,不明,,,2,3,0,2026-09-12 19:01,2026-09-19 19:03,,,https://www.youtube.com/channel/UC5HmgpIfd2HnMnYeAJaequw
UC3H83KMJHgl4cLA72Wk7wmQ,@ケンジさん-x7c,6,6ヶ月,Member (6 months),,不明,,,2,3,0,2026-09-12 19:01,2026-09-26 21:01,,,https://www.youtube.com/channel/UC3H83KMJHgl4cLA72Wk7wmQ
UC0Ejwkp61s7XzM3oq-YOwJg,@なかち-m8f,6,6ヶ月,Member (6 months),,不明,,,2,8,0,2026-09-13 17:32,2026-09-21 18:01,,,https://www.youtube.com/channel/UC0Ejwkp61s7XzM3oq-YOwJg
UC1JZsWYfmq6LhPQHmuo5HYg,@DarkTemplarism,6,6ヶ月,Member (6 months),,不明,,,2,2,0,2026-09-13 17:32,2026-09-21 18:01,,,https://www.youtube.com/channel/UC1JZsWYfmq6LhPQHmuo5HYg
UCTkkurj6DG63G_vI8Z4koLA,@kai8442,6,6ヶ月,Member (6 months),,不明,,,2,2,0,2026-09-17 18:02,2026-09-26 21:01,,,https://www.youtube.com/channel/UCTkkurj6DG63G_vI8Z4koLA
UCxK6Qtcz1bapByZd0PsYu7A,@最弱ディーラー檸檬,6,6ヶ月,Member (6 months),,不明,,,2,2,0,2026-09-19 13:12,2026-09-26 21:01,,,https://www.youtube.com/channel/UCxK6Qtcz1bapByZd0PsYu7A
UCV1oaOZQxmrN2ln0LC92-CA,@グミ固め渋め粉舐める派,6,6ヶ月,Member (6 months),,不明,,,2,5,0,2026-09-19 13:12,2026-09-21 18:01,,,https://www.youtube.com/channel/UCV1oaOZQxmrN2ln0LC92-CA
UCBIvkNdZ8ny3_6beLyiQ6NA,@くりーぷ7i,6,6ヶ月,Member (6 months),,不明,,,2,30,0,2026-09-19 13:12,2026-09-21 18:01,,,https://www.youtube.com/channel/UCBIvkNdZ8ny3_6beLyiQ6NA
UC4BIfzctbeF0R4oFTat9lOg,@ミート-g4t,6,6ヶ月,Member (6 months),,不明,,,2,4,0,2026-09-21 18:01,2026-09-26 21:15,,,https://www.youtube.com/channel/UC4BIfzctbeF0R4oFTat9lOg
UCEmMRR9-OWsMk9j4I_Rb5Cw,@freedomjin-10,6,6ヶ月,Member (6 months),,不明,,,2,5,1,2026-09-21 18:01,2026-09-26 21:01,,,https://www.youtube.com/channel/UCEmMRR9-OWsMk9j4I_Rb5Cw
UCC2IE8g6rqva7LklNzVvqbw,@めるちがすきなもち,6,6ヶ月,Member (6 months),,不明,,,2,7,1,2026-09-21 18:01,2026-09-26 21:01,,,https://www.youtube.com/channel/UCC2IE8g6rqva7LklNzVvqbw
UC9P77xA276cMb2rigyR5U7Q,@はいさた,6,6ヶ月,Member (6 months),,不明,,,2,3,0,2026-09-21 18:01,2026-09-26 21:01,,,https://www.youtube.com/channel/UC9P77xA276cMb2rigyR5U7Q
UCN8zZB5zYkOJDXJb5Oqdplg,@mochimochimo333,6,6ヶ月,Member (6 months),,不明,,,2,57,0,2026-09-21 18:01,2026-09-26 21:01,,,https://www.youtube.com/channel/UCN8zZB5zYkOJDXJb5Oqdplg
UCixW5BoH6W9vPNznoLALAQA,@あいうえお-aiueO92,6,6ヶ月,Member (6 months),,不明,,,2,2,0,2026-09-21 18:01,2026-10-07 16:39,,,https://www.youtube.com/channel/UCixW5BoH6W9vPNznoLALAQA
UCGeMdmVTsp5F6iEeCQMO8Qg,@バウムクーヘン9,6,6ヶ月,Member (6 months),,不明,,,2,2,0,2026-09-21 18:01,2026-09-28 20:04,,,https://www.youtube.com/channel/UCGeMdmVTsp5F6iEeCQMO8Qg
UCnnz6VAr54WlvmdaFw9DCyg,@NoName-nu2kh,6,6ヶ月,Member (6 months),,不明,,,2,2,0,2026-09-21 18:01,2026-10-07 16:39,,,https://www.youtube.com/channel/UCnnz6VAr54WlvmdaFw9DCyg
UCIsX3bl2KzK5KVeNJdL-_tA,@七人-nanato,6,6ヶ月,Member (6 months),,不明,,,2,3,0,2026-09-23 21:03,2026-09-26 21:01,,,https://www.youtube.com/channel/UCIsX3bl2KzK5KVeNJdL-_tA
UCafcdiHFUMJzWsOk_lQmXAQ,@カムカム_Lemon,6,6ヶ月,Member (6 months),,不明,,,2,266,0,2026-09-26 21:01,2026-09-27 20:02,,,https://www.youtube.com/channel/UCafcdiHFUMJzWsOk_lQmXAQ
UCY0V1Mk3aKv-jSQP03IEPhg,@サラダポテト-q3m,6,6ヶ月,Member (6 months),,不明,,,2,32,0,2026-09-26 21:01,2026-09-26 21:15,,,https://www.youtube.com/channel/UCY0V1Mk3aKv-jSQP03IEPhg
UCBBXz_QlxaNxIkKDnYQMCzw,@nami4957,6,6ヶ月,Member (6 months),,不明,,,2,3,0,2026-09-26 21:01,2026-09-27 20:02,,,https://www.youtube.com/channel/UCBBXz_QlxaNxIkKDnYQMCzw
UCsrB1t9qQ_15V5kUqt-82DA,@ShiranUika,6,6ヶ月,Member (6 months),,不明,,,2,5,0,2026-09-30 19:02,2026-10-01 20:00,,,https://www.youtube.com/channel/UCsrB1t9qQ_15V5kUqt-82DA
UCHx3ZYqk7m4h-HfcgP_KIVg,@しょも-1006,6,6ヶ月,Member (6 months),,不明,,,1,1,0,2026-09-12 13:08,2026-09-12 13:08,,,https://www.youtube.com/channel/UCHx3ZYqk7m4h-HfcgP_KIVg
UCdDa776OFhdqIgWiilh2CGw,@mochi-f3c,6,6ヶ月,Member (6 months),,不明,,,1,9,0,2026-09-12 19:01,2026-09-12 19:01,,,https://www.youtube.com/channel/UCdDa776OFhdqIgWiilh2CGw
UC-NOukLeD-X74dN7yn3RbdQ,@Jinrai3007,6,6ヶ月,Member (6 months),,不明,,,1,6,0,2026-09-17 18:02,2026-09-17 18:02,,,https://www.youtube.com/channel/UC-NOukLeD-X74dN7yn3RbdQ
UCD8_kHAQY1fcWPtcg6rMsXg,@shirasu_suki,6,6ヶ月,Member (6 months),,不明,,,1,1,0,2026-09-17 18:02,2026-09-17 18:02,,,https://www.youtube.com/channel/UCD8_kHAQY1fcWPtcg6rMsXg
UCb6D3udlTqyBFmSPLmeOh7g,@hellohey9256,6,6ヶ月,Member (6 months),,不明,,,1,1,0,2026-09-17 18:02,2026-09-17 18:02,,,https://www.youtube.com/channel/UCb6D3udlTqyBFmSPLmeOh7g
UCcZp-Wl1Aj7bC6Ktf13isgQ,@澁澤志穂,6,6ヶ月,Member (6 months),,不明,,,1,1,0,2026-09-19 13:12,2026-09-19 13:12,,,https://www.youtube.com/channel/UCcZp-Wl1Aj7bC6Ktf13isgQ
UCKd_6zfWkmn1vjZuK2E7BWQ,@ライブ-j359j,6,6ヶ月,Member (6 months),,不明,,,1,3,0,2026-09-21 18:01,2026-09-21 18:01,,,https://www.youtube.com/channel/UCKd_6zfWkmn1vjZuK2E7BWQ
UCqW8TQHu2Ns-UwOooaTqrxg,@es6394,6,6ヶ月,Member (6 months),,不明,,,1,2,0,2026-09-21 18:01,2026-09-21 18:01,,,https://www.youtube.com/channel/UCqW8TQHu2Ns-UwOooaTqrxg
UC2MNji21PMnNPBeWjcaetkg,@キクットハイパー,6,6ヶ月,Member (6 months),,不明,,,1,5,0,2026-09-21 18:01,2026-09-21 18:01,,,https://www.youtube.com/channel/UC2MNji21PMnNPBeWjcaetkg
UCrFXfewY3NqGcnzwjWzrYLQ,@はりね-n3n,6,6ヶ月,Member (6 months),,不明,,,1,3,0,2026-09-21 18:01,2026-09-21 18:01,,,https://www.youtube.com/channel/UCrFXfewY3NqGcnzwjWzrYLQ
UC-_6z1M23NxniJMCkcjQvhQ,@ソウメン-l6k,6,6ヶ月,Member (6 months),,不明,,,1,4,0,2026-09-21 18:01,2026-09-21 18:01,,,https://www.youtube.com/channel/UC-_6z1M23NxniJMCkcjQvhQ
UCELBzZ4s8q2qyZyUp_9pneg,@haru0386_1,6,6ヶ月,Member (6 months),,不明,,,1,2,0,2026-09-21 18:01,2026-09-21 18:01,,,https://www.youtube.com/channel/UCELBzZ4s8q2qyZyUp_9pneg
UCY6cYHWmYhTtF8JnV_94TvA,@エスティーボップ,6,6ヶ月,Member (6 months),,不明,,,1,5,0,2026-09-21 18:01,2026-09-21 18:01,,,https://www.youtube.com/channel/UCY6cYHWmYhTtF8JnV_94TvA
UCi7XM0JSQkw-GOk0pC4BJPQ,@Kanapeko2256,6,6ヶ月,Member (6 months),,不明,,,1,1,0,2026-09-21 18:01,2026-09-21 18:01,,,https://www.youtube.com/channel/UCi7XM0JSQkw-GOk0pC4BJPQ
UCymA_rM4063d4tPVRc2cIxQ,@mjr3gdmi1,6,6ヶ月,Member (6 months),,不明,,,1,1,0,2026-09-21 18:01,2026-09-21 18:01,,,https://www.youtube.com/channel/UCymA_rM4063d4tPVRc2cIxQ
UCmmHFbIXqyV_-IOetC8n8BQ,@あざみ519,6,6ヶ月,Member (6 months),,不明,,,1,2,0,2026-09-21 18:01,2026-09-21 18:01,,,https://www.youtube.com/channel/UCmmHFbIXqyV_-IOetC8n8BQ
UC5rhYlNU9iuubg480e3c9Ag,@towanowa_,6,6ヶ月,Member (6 months),,不明,,,1,5,0,2026-09-21 18:01,2026-09-21 18:01,,,https://www.youtube.com/channel/UC5rhYlNU9iuubg480e3c9Ag
UC5BrKOcm7orrFDenxPrkdYg,@けい-v5e8q,6,6ヶ月,Member (6 months),,不明,,,1,3,0,2026-09-21 18:01,2026-09-21 18:01,,,https://www.youtube.com/channel/UC5BrKOcm7orrFDenxPrkdYg
UCe6uy8GAVkoZG3999KbrYBQ,@ゆーゆ-yuyu,6,6ヶ月,Member (6 months),,不明,,,1,1,0,2026-09-21 18:01,2026-09-21 18:01,,,https://www.youtube.com/channel/UCe6uy8GAVkoZG3999KbrYBQ
UCacIEyv-lIXs2hs28gGVcDw,@ゆずプラ,6,6ヶ月,Member (6 months),,不明,,,1,5,1,2026-09-21 18:01,2026-09-21 18:01,,,https://www.youtube.com/channel/UCacIEyv-lIXs2hs28gGVcDw
UCmsnJ29mxVuZLiRB-eh471A,@shiganai_wotaku,6,6ヶ月,Member (6 months),,不明,,,1,1,0,2026-09-21 18:01,2026-09-21 18:01,,,https://www.youtube.com/channel/UCmsnJ29mxVuZLiRB-eh471A
UC_SdtPiUDtGkvaqfs6onccg,@先生のツメ,6,6ヶ月,Member (6 months),,不明,,,1,1,0,2026-09-21 18:01,2026-09-21 18:01,,,https://www.youtube.com/channel/UC_SdtPiUDtGkvaqfs6onccg
UCC7I_mDhskmd3Z7xDx1pWkA,@テッチャン-j4q,6,6ヶ月,Member (6 months),,不明,,,1,1,0,2026-09-21 18:01,2026-09-21 18:01,,,https://www.youtube.com/channel/UCC7I_mDhskmd3Z7xDx1pWkA
UCdTBqx9OKPt7LFmMCeUauWg,@暇人-j9i,6,6ヶ月,Member (6 months),,不明,,,1,2,0,2026-09-21 18:01,2026-09-21 18:01,,,https://www.youtube.com/channel/UCdTBqx9OKPt7LFmMCeUauWg
UCcPyI_OCMhiALbiz2h4G06A,@こっぺ-g2t,6,6ヶ月,Member (6 months),,不明,,,1,1,0,2026-09-21 18:01,2026-09-21 18:01,,,https://www.youtube.com/channel/UCcPyI_OCMhiALbiz2h4G06A
UCwOW6M7fZ5fZ9cEARtF2UuQ,@睡眠不足-u4l,6,6ヶ月,Member (6 months),,不明,,,1,1,0,2026-09-21 18:01,2026-09-21 18:01,,,https://www.youtube.com/channel/UCwOW6M7fZ5fZ9cEARtF2UuQ
UCXt8A1EUutNJCqMewHgQ8qA,@まーいーよ,6,6ヶ月,Member (6 months),,不明,,,1,1,0,2026-09-21 18:01,2026-09-21 18:01,,,https://www.youtube.com/channel/UCXt8A1EUutNJCqMewHgQ8qA
UCQGjoeu1Uof8UTYlc657Y7g,@えび-u7z,6,6ヶ月,Member (6 months),,不明,,,1,1,0,2026-09-26 21:01,2026-09-26 21:01,,,https://www.youtube.com/channel/UCQGjoeu1Uof8UTYlc657Y7g
UCf9Qw4knL2yx3vM0i2PJ9wA,@ミツネ-l9d,6,6ヶ月,Member (6 months),,不明,,,1,1,0,2026-09-26 21:01,2026-09-26 21:01,,,https://www.youtube.com/channel/UCf9Qw4knL2yx3vM0i2PJ9wA
UCJFqhcc6xeIVHV-dGmlh3AA,@倉間だいすけ,6,6ヶ月,Member (6 months),,不明,,,1,7,0,2026-09-26 21:01,2026-09-26 21:01,,,https://www.youtube.com/channel/UCJFqhcc6xeIVHV-dGmlh3AA
UCrfwgqZ1AuFrx4-ePKnzmMw,@亮華-b4y,6,6ヶ月,Member (6 months),,不明,,,1,1,0,2026-09-26 21:01,2026-09-26 21:01,,,https://www.youtube.com/channel/UCrfwgqZ1AuFrx4-ePKnzmMw
UCwbfF2E1GtUNAxTWLMfEzSQ,@はるすぅ,6,6ヶ月,Member (6 months),,不明,,,1,2,0,2026-09-26 21:01,2026-09-26 21:01,,,https://www.youtube.com/channel/UCwbfF2E1GtUNAxTWLMfEzSQ
UCUS33DfcUv-veb3OwuYQ0Qw,@太郎キオスク,6,6ヶ月,Member (6 months),,不明,,,1,1,1,2026-09-26 21:01,2026-09-26 21:01,,,https://www.youtube.com/channel/UCUS33DfcUv-veb3OwuYQ0Qw
UCrUAKSINiOqjBcsvFXNhAJA,@3BKnzmrTK,6,6ヶ月,Member (6 months),,不明,,,1,1,0,2026-09-26 21:01,2026-09-26 21:01,,,https://www.youtube.com/channel/UCrUAKSINiOqjBcsvFXNhAJA
UCZL-MlODg3lJPQ05GZuAYiw,@Gyaradus,6,6ヶ月,Member (6 months),,不明,,,1,1,0,2026-09-27 20:02,2026-09-27 20:02,,,https://www.youtube.com/channel/UCZL-MlODg3lJPQ05GZuAYiw
UCQrIT3CEYS8VXZxS5lSIkxw,@モリリン-s3b,6,6ヶ月,Member (6 months),,不明,,,1,6,0,2026-09-27 20:02,2026-09-27 20:02,,,https://www.youtube.com/channel/UCQrIT3CEYS8VXZxS5lSIkxw
UCpu152LE0vS48ITPrCGwnqg,@ワニ山さんFC会員,6,6ヶ月,Member (6 months),,不明,,,1,1,0,2026-10-04 20:37,2026-10-04 20:37,,,https://www.youtube.com/channel/UCpu152LE0vS48ITPrCGwnqg
UCLV59mIbyYghWikKrXShaww,@ごとにゃん,6,6ヶ月,Member (6 months),,不明,,,1,7,0,2026-10-07 16:39,2026-10-07 16:39,,,https://www.youtube.com/channel/UCLV59mIbyYghWikKrXShaww
UCR5lfvgUnWAlu5c9pktIUuw,@まっちゃ-x5i,6,6ヶ月,Member (6 months),,不明,,,1,2,0,2026-10-07 16:39,2026-10-07 16:39,,,https://www.youtube.com/channel/UCR5lfvgUnWAlu5c9pktIUuw
UCQb0xJv_zfvmLCysknY5GpA,@オラテラオ,2,2ヶ月,Member (2 months),,不明,,,20,240,1,2026-09-09 21:02,2026-10-04 20:37,,,https://www.youtube.com/channel/UCQb0xJv_zfvmLCysknY5GpA
UCA9MBR68MIWHfYiYyMhdvuQ,@nara_carbo,2,2ヶ月,Member (2 months),,不明,,,18,342,1,2026-09-09 21:02,2026-10-07 16:39,,,https://www.youtube.com/channel/UCA9MBR68MIWHfYiYyMhdvuQ
UCfKI6ntuYAxkurx0BJZcEGw,@んがよッぱ,2,2ヶ月,Member (2 months),,不明,,,16,793,2,2026-09-09 21:02,2026-10-04 20:37,,,https://www.youtube.com/channel/UCfKI6ntuYAxkurx0BJZcEGw
UC1moTKDHdPB37EWIBkOHuDQ,@すずけろ-u7g,2,2ヶ月,Member (2 months),,不明,,,16,280,1,2026-09-09 21:02,2026-10-04 20:37,,,https://www.youtube.com/channel/UC1moTKDHdPB37EWIBkOHuDQ
UCJskfxhVNqaCnOhIaHOKfrg,@ポンスケ-p,2,2ヶ月,Member (2 months),,不明,,,16,987,1,2026-09-09 21:02,2026-10-04 20:37,,,https://www.youtube.com/channel/UCJskfxhVNqaCnOhIaHOKfrg
UCJBwZn_dFIaNDFBbHInDA0g,@たくてぃす0118,2,2ヶ月,Member (2 months),,不明,,,15,138,0,2026-09-09 21:02,2026-10-07 16:39,,,https://www.youtube.com/channel/UCJBwZn_dFIaNDFBbHInDA0g
UC8G17T7CvsvXUCMaFZP_0cw,@chime_19,2,2ヶ月,Member (2 months),,不明,,,13,42,0,2026-09-09 21:02,2026-10-07 16:39,,,https://www.youtube.com/channel/UC8G17T7CvsvXUCMaFZP_0cw
UC4QCJXmlNKjHDpen7C2XmPg,@拳持トウジ,2,2ヶ月,Member (2 months),,不明,,,12,27,0,2026-09-12 19:01,2026-10-04 20:37,,,https://www.youtube.com/channel/UC4QCJXmlNKjHDpen7C2XmPg
UCAhVYk02ABSOIrdQrEjA-0g,@h_rtk,2,2ヶ月,Member (2 months),,不明,,,12,83,0,2026-09-13 17:32,2026-10-07 16:39,,,https://www.youtube.com/channel/UCAhVYk02ABSOIrdQrEjA-0g
UC5oIIHlyPccbuLGydTsbboA,@抹茶どらどら,2,2ヶ月,Member (2 months),,不明,,,11,717,0,2026-09-12 19:01,2026-10-04 20:37,,,https://www.youtube.com/channel/UC5oIIHlyPccbuLGydTsbboA
UCI1o84z2100u9wEw0rIPgpw,@SeagullArc,2,2ヶ月,Member (2 months),,不明,,,10,65,0,2026-09-12 13:08,2026-10-04 20:37,,,https://www.youtube.com/channel/UCI1o84z2100u9wEw0rIPgpw
UCD9w9rI1vuFdgHEXFFgf1FQ,@ほげ_ほげほげふがふが,2,2ヶ月,Member (2 months),,不明,,,10,840,5,2026-09-12 13:08,2026-10-04 20:37,,,https://www.youtube.com/channel/UCD9w9rI1vuFdgHEXFFgf1FQ
UCdo-SvANKFe5DcQgp4kwD6w,@tamayura42,2,2ヶ月,Member (2 months),,不明,,,10,107,1,2026-09-13 17:32,2026-10-01 20:00,,,https://www.youtube.com/channel/UCdo-SvANKFe5DcQgp4kwD6w
UC8jTjT-hItg-yjuKXnj3vKQ,@ぴーた09,2,2ヶ月,Member (2 months),,不明,,,9,319,1,2026-09-09 21:02,2026-09-30 19:02,,,https://www.youtube.com/channel/UC8jTjT-hItg-yjuKXnj3vKQ
UCU657zqXzjSo4aS6IHDDhfQ,@田中-b4k,2,2ヶ月,Member (2 months),,不明,,,9,219,0,2026-09-12 13:08,2026-10-07 16:39,,,https://www.youtube.com/channel/UCU657zqXzjSo4aS6IHDDhfQ
UCK_dxuDC7zJYHi-erwnbq8g,@赤貝-k3z,2,2ヶ月,Member (2 months),,不明,,,9,31,0,2026-09-13 17:32,2026-10-04 20:37,,,https://www.youtube.com/channel/UCK_dxuDC7zJYHi-erwnbq8g
UClwHjg3-ovMd9CrIKt7lxmg,@エビ.ちり,2,2ヶ月,Member (2 months),,不明,,,8,38,0,2026-09-09 21:02,2026-09-27 20:02,,,https://www.youtube.com/channel/UClwHjg3-ovMd9CrIKt7lxmg
UC2vWkFR9yjeJJ4LsilSMkSA,@わらじてい,2,2ヶ月,Member (2 months),,不明,,,8,800,1,2026-09-12 13:08,2026-10-07 16:39,,,https://www.youtube.com/channel/UC2vWkFR9yjeJJ4LsilSMkSA
UCh3bgQOm36-AsORj0lL4oMA,@まーべらす-mah178,2,2ヶ月,Member (2 months),,不明,,,8,22,0,2026-09-12 13:08,2026-10-04 20:37,,,https://www.youtube.com/channel/UCh3bgQOm36-AsORj0lL4oMA
UCF5oyWFhB23Mb3OolRptffw,@とんぬら2世,2,2ヶ月,Member (2 months),,不明,,,8,32,0,2026-09-12 19:01,2026-10-07 16:39,,,https://www.youtube.com/channel/UCF5oyWFhB23Mb3OolRptffw
UCDi4WSC8PbVVVCldoT11A5A,@座間oo,2,2ヶ月,Member (2 months),,めるねいとの拳たち,ギフト,ギフトで加入,8,19,0,2026-09-21 18:01,2026-10-07 16:39,○,○,https://www.youtube.com/channel/UCDi4WSC8PbVVVCldoT11A5A
UCI9pTEJqrPb5HbaADl8lr2Q,@山葵-v7g,2,2ヶ月,Member (2 months),,不明,,,7,18,0,2026-09-09 21:02,2026-10-04 20:37,,,https://www.youtube.com/channel/UCI9pTEJqrPb5HbaADl8lr2Q
UCLZVUsLAcgdeQOyXoPKgGVQ,@トムトム-r1z,2,2ヶ月,Member (2 months),,不明,,,7,44,0,2026-09-09 21:02,2026-10-04 20:37,,,https://www.youtube.com/channel/UCLZVUsLAcgdeQOyXoPKgGVQ
UCZmyGBK2kO7iGoQA-1-pI8g,@Noelange,2,2ヶ月,Member (2 months),,不明,,,7,20,0,2026-09-12 13:08,2026-10-04 20:37,,,https://www.youtube.com/channel/UCZmyGBK2kO7iGoQA-1-pI8g
UCr9_kDQ2afbejZtBT2oBxQg,@モサパン,2,2ヶ月,Member (2 months),,不明,,,6,303,0,2026-09-09 21:02,2026-10-04 20:37,,,https://www.youtube.com/channel/UCr9_kDQ2afbejZtBT2oBxQg
UC7E4eDC5mVpk2sy4X7sar5w,@七瀬セナ-ナナセセナ,2,2ヶ月,Member (2 months),,不明,,,6,42,0,2026-09-12 13:08,2026-10-07 16:39,,,https://www.youtube.com/channel/UC7E4eDC5mVpk2sy4X7sar5w
UCUKWDLUiP6-XEOSRGV1rlYg,@kusunoki_yukihiro,2,2ヶ月,Member (2 months),,不明,,,6,64,1,2026-09-12 13:08,2026-09-28 20:04,,,https://www.youtube.com/channel/UCUKWDLUiP6-XEOSRGV1rlYg
UCHV2XNNqG0XP4u2g2G41PNw,@natsuume-dev,2,2ヶ月,Member (2 months),,不明,,,5,11,0,2026-09-11 21:02,2026-10-01 20:00,,,https://www.youtube.com/channel/UCHV2XNNqG0XP4u2g2G41PNw
UC7LMgfSxE2YoMtbKV38MfuQ,@はたらくくるま-j6d,2,2ヶ月,Member (2 months),,不明,,,5,34,0,2026-09-12 13:08,2026-10-01 20:00,,,https://www.youtube.com/channel/UC7LMgfSxE2YoMtbKV38MfuQ
UC0hBkXhumigny9s2p5Wo7wg,@ライチュウNNギン次郎,2,2ヶ月,Member (2 months),,不明,,,5,28,0,2026-09-12 19:01,2026-10-01 20:00,,,https://www.youtube.com/channel/UC0hBkXhumigny9s2p5Wo7wg
UCehZfxLkTv4trQJP0asLa8g,@Kotori-y5i,2,2ヶ月,Member (2 months),,不明,,,5,29,0,2026-09-13 17:32,2026-09-27 20:02,,,https://www.youtube.com/channel/UCehZfxLkTv4trQJP0asLa8g
UCIuEn9TTvBwjiEi0xzGI1bw,@五目ゴ_ハーン,2,2ヶ月,Member (2 months),,不明,,,4,30,0,2026-09-09 21:02,2026-09-26 21:01,,,https://www.youtube.com/channel/UCIuEn9TTvBwjiEi0xzGI1bw
UC0DAlgl314ELq1YXAqVs7PQ,@hoyinalanhung4429,2,2ヶ月,Member (2 months),,不明,,,4,6,0,2026-09-11 21:02,2026-09-21 18:01,,,https://www.youtube.com/channel/UC0DAlgl314ELq1YXAqVs7PQ
UClXpOsYXNqag_pyuwUz67GQ,@ウル-t1d,2,2ヶ月,Member (2 months),,不明,,,4,10,0,2026-09-12 13:08,2026-10-04 20:37,,,https://www.youtube.com/channel/UClXpOsYXNqag_pyuwUz67GQ
UC-xT0M5ISTt8aJehUyD7Gmw,@ゆるギナ-w8u,2,2ヶ月,Member (2 months),,めるねいとの拳たち,再加入/レベル変更,,4,178,1,2026-09-21 18:01,2026-09-26 21:15,,,https://www.youtube.com/channel/UC-xT0M5ISTt8aJehUyD7Gmw
UCrBXHeeuOfEE4jxoN-Ur0CQ,@やましげ7002,2,2ヶ月,Member (2 months),,不明,,,3,20,0,2026-09-11 21:02,2026-09-24 21:14,,,https://www.youtube.com/channel/UCrBXHeeuOfEE4jxoN-Ur0CQ
UCiuHwYqsIsSR7NA7NGiLD_Q,@n_087,2,2ヶ月,Member (2 months),,不明,,,3,18,0,2026-09-12 19:01,2026-09-26 21:01,,,https://www.youtube.com/channel/UCiuHwYqsIsSR7NA7NGiLD_Q
UCYx_yWyMhfXvX4NdngDll9Q,@weixinglin3215,2,2ヶ月,Member (2 months),,不明,,,3,4,0,2026-09-12 19:01,2026-09-26 21:01,,,https://www.youtube.com/channel/UCYx_yWyMhfXvX4NdngDll9Q
UCJY51RIHWJptZtAXnakF1MQ,@ひーろー0505,2,2ヶ月,Member (2 months),,不明,,,3,67,0,2026-09-12 19:01,2026-09-21 18:01,,,https://www.youtube.com/channel/UCJY51RIHWJptZtAXnakF1MQ
UCYtfr43F-VTHd_lWmnkesOA,@ちゃい-r8l,2,2ヶ月,Member (2 months),,不明,,,3,24,0,2026-09-21 18:01,2026-10-07 16:39,,,https://www.youtube.com/channel/UCYtfr43F-VTHd_lWmnkesOA
UC-fYeJMUQ9Vqp7M8-LChGFQ,@おかかマル,2,2ヶ月,Member (2 months),,不明,,,3,48,0,2026-09-21 18:01,2026-09-27 20:02,,,https://www.youtube.com/channel/UC-fYeJMUQ9Vqp7M8-LChGFQ
UC48f6ehV13JFrdS5FaXY2Pg,@のり8b,2,2ヶ月,Member (2 months),,不明,,,3,13,0,2026-09-21 18:01,2026-10-04 20:37,,,https://www.youtube.com/channel/UC48f6ehV13JFrdS5FaXY2Pg
UCiQEqQffIxIGhDXz3kiPCGA,@さく爺-e9p,2,2ヶ月,Member (2 months),,不明,,,3,6,0,2026-09-21 18:01,2026-09-26 21:15,,,https://www.youtube.com/channel/UCiQEqQffIxIGhDXz3kiPCGA
UCrFUke63cZaGFFwD-KHrFGg,@けぇくろ,2,2ヶ月,Member (2 months),,不明,,,3,7,0,2026-09-21 18:01,2026-09-26 21:15,,,https://www.youtube.com/channel/UCrFUke63cZaGFFwD-KHrFGg
UCh3YFWP7XTuPyfjjvo3-ylQ,@さるは,2,2ヶ月,Member (2 months),,不明,,,3,13,0,2026-09-21 18:01,2026-10-01 20:00,,,https://www.youtube.com/channel/UCh3YFWP7XTuPyfjjvo3-ylQ
UC9vFz13R1l1p5VfmnoQXJ1Q,@焼くも,2,2ヶ月,Member (2 months),,不明,,,3,13,0,2026-09-21 18:01,2026-09-26 21:15,,,https://www.youtube.com/channel/UC9vFz13R1l1p5VfmnoQXJ1Q
UC6_ERlU9cjJt4lMPYVKwuAw,@あお-y8d8t,2,2ヶ月,Member (2 months),,不明,,,3,3,0,2026-09-26 21:01,2026-09-30 19:02,,,https://www.youtube.com/channel/UC6_ERlU9cjJt4lMPYVKwuAw
UC-XcBsVUTpaZSHXb3xOJ1iA,@やそん-w7j,2,2ヶ月,Member (2 months),,不明,,,2,8,0,2026-09-09 21:02,2026-09-21 18:01,,,https://www.youtube.com/channel/UC-XcBsVUTpaZSHXb3xOJ1iA
UCJo7Tq5TgH2UUlbzq_sWV6Q,@WARDOG-DRILLA,2,2ヶ月,Member (2 months),,不明,,,2,4,0,2026-09-11 21:02,2026-09-16 23:02,,,https://www.youtube.com/channel/UCJo7Tq5TgH2UUlbzq_sWV6Q
UClZAnP2f_TTND1tBS_L6Euw,@天狗丸-e5b,2,2ヶ月,Member (2 months),,不明,,,2,3,0,2026-09-12 13:08,2026-09-26 21:01,,,https://www.youtube.com/channel/UClZAnP2f_TTND1tBS_L6Euw
UCH0dA9BkX5s-ZF_2ke1s2wg,@いご-15o,2,2ヶ月,Member (2 months),,不明,,,2,3,0,2026-09-12 13:08,2026-09-21 18:01,,,https://www.youtube.com/channel/UCH0dA9BkX5s-ZF_2ke1s2wg
UC5V1zLZ793T0H_zyBmO2kqQ,@フージd2f,2,2ヶ月,Member (2 months),,不明,,,2,3,0,2026-09-12 19:01,2026-09-21 18:01,,,https://www.youtube.com/channel/UC5V1zLZ793T0H_zyBmO2kqQ
UCZj-yx_W32RmI8TszP3v_7w,@sabamiso12,2,2ヶ月,Member (2 months),,不明,,,2,4,0,2026-09-12 19:01,2026-09-24 21:14,,,https://www.youtube.com/channel/UCZj-yx_W32RmI8TszP3v_7w
UCvLPo5RZ9gi_-7DFCS7LZMg,@1039_,2,2ヶ月,Member (2 months),,不明,,,2,2,0,2026-09-13 17:32,2026-09-21 18:01,,,https://www.youtube.com/channel/UCvLPo5RZ9gi_-7DFCS7LZMg
UC7vLWOjeD3aJZDytLTQ-SVA,@るぐれい,2,2ヶ月,Member (2 months),,不明,,,2,6,0,2026-09-21 18:01,2026-09-26 21:01,,,https://www.youtube.com/channel/UC7vLWOjeD3aJZDytLTQ-SVA
UCM0kVFBRQmDUKhcV68e5IXw,@有坂紫-t8f,2,2ヶ月,Member (2 months),,不明,,,2,12,0,2026-09-21 18:01,2026-09-26 21:01,,,https://www.youtube.com/channel/UCM0kVFBRQmDUKhcV68e5IXw
UCoa9MLfb3IV0GVZJ_Ufvt9Q,@kazane37,2,2ヶ月,Member (2 months),,不明,,,2,7,0,2026-09-21 18:01,2026-09-26 21:01,,,https://www.youtube.com/channel/UCoa9MLfb3IV0GVZJ_Ufvt9Q
UC8BuVYNdKPqiyRjsMuJq9KA,@橘みかん-y3j,2,2ヶ月,Member (2 months),,不明,,,2,6,0,2026-09-21 18:01,2026-09-26 21:01,,,https://www.youtube.com/channel/UC8BuVYNdKPqiyRjsMuJq9KA
UC6pPKwpmVpkOxEHaj6BlHug,@lily570,2,2ヶ月,Member (2 months),,不明,,,2,71,1,2026-09-21 18:01,2026-09-30 19:02,,,https://www.youtube.com/channel/UC6pPKwpmVpkOxEHaj6BlHug
UCaGAio6ESeZUimfSTEs9W7w,@コーセー_ko,2,2ヶ月,Member (2 months),,不明,,,2,7,1,2026-09-21 18:01,2026-09-30 19:02,,,https://www.youtube.com/channel/UCaGAio6ESeZUimfSTEs9W7w
UCv2mlxWk8KYIQJawjf7e6ZA,@yakosalty9996,2,2ヶ月,Member (2 months),,不明,,,2,3,0,2026-09-21 18:01,2026-10-07 16:39,,,https://www.youtube.com/channel/UCv2mlxWk8KYIQJawjf7e6ZA
UCbPsZjS0475829mhcgLJgmA,@めろろん-x3o,2,2ヶ月,Member (2 months),,不明,,,2,6,0,2026-09-21 18:01,2026-09-26 21:01,,,https://www.youtube.com/channel/UCbPsZjS0475829mhcgLJgmA
UCUXR4CtXrDH9LCPFJ4YOAkA,@みどうすじ,2,2ヶ月,Member (2 months),,不明,,,2,5,0,2026-09-21 18:01,2026-09-26 21:01,,,https://www.youtube.com/channel/UCUXR4CtXrDH9LCPFJ4YOAkA
UCrm934niCe5JTG5vWmk9Q7g,@ぱっつん前髪-x1p,2,2ヶ月,Member (2 months),,不明,,,2,5,0,2026-09-21 18:01,2026-09-26 21:01,,,https://www.youtube.com/channel/UCrm934niCe5JTG5vWmk9Q7g
UCoUGoi8I-GkZAACM-K7FoKg,@たなましん-h9t,2,2ヶ月,Member (2 months),,不明,,,2,12,0,2026-09-23 21:03,2026-09-26 21:01,,,https://www.youtube.com/channel/UCoUGoi8I-GkZAACM-K7FoKg
UCjONHgznX5VFTz6JuttEYgA,@べり-v1p,2,2ヶ月,Member (2 months),,不明,,,2,7,0,2026-09-26 21:01,2026-09-26 21:15,,,https://www.youtube.com/channel/UCjONHgznX5VFTz6JuttEYgA
UC8aG4BwkYp5Eyt1WjZwPHDA,@Kurosiro_usagi,2,2ヶ月,Member (2 months),,不明,,,2,98,0,2026-09-26 21:01,2026-09-26 21:15,,,https://www.youtube.com/channel/UC8aG4BwkYp5Eyt1WjZwPHDA
UCiqyPAdbbPxOlsmzFEPUB6g,@wotacook,2,2ヶ月,Member (2 months),,不明,,,2,50,0,2026-09-26 21:01,2026-09-26 21:15,,,https://www.youtube.com/channel/UCiqyPAdbbPxOlsmzFEPUB6g
UC0R7rxv3b3VQF2b0GREDUrg,@umitanu,2,2ヶ月,Member (2 months),,不明,,,2,8,0,2026-10-01 20:00,2026-10-04 20:37,,,https://www.youtube.com/channel/UC0R7rxv3b3VQF2b0GREDUrg
UCqAfDSN_SueIppWJNuN7xMw,@デラロッチャ-b4d,2,2ヶ月,Member (2 months),,不明,,,1,2,0,2026-09-12 13:08,2026-09-12 13:08,,,https://www.youtube.com/channel/UCqAfDSN_SueIppWJNuN7xMw
UCmP5hahCE3-_Iuq4nWoOq4g,@T-sssss,2,2ヶ月,Member (2 months),,不明,,,1,1,0,2026-09-19 13:12,2026-09-19 13:12,,,https://www.youtube.com/channel/UCmP5hahCE3-_Iuq4nWoOq4g
UCvXPhMaaghyTA0rr-29G4uA,@とらくしい,2,2ヶ月,Member (2 months),,不明,,,1,103,0,2026-09-21 18:01,2026-09-21 18:01,,,https://www.youtube.com/channel/UCvXPhMaaghyTA0rr-29G4uA
UCVN3OhMF1quVtDkSsFCdSJw,@霞0410,2,2ヶ月,Member (2 months),,不明,,,1,10,0,2026-09-21 18:01,2026-09-21 18:01,,,https://www.youtube.com/channel/UCVN3OhMF1quVtDkSsFCdSJw
UCB3THDaIg31pyWTQ28__83Q,@ハタナカタロウ,2,2ヶ月,Member (2 months),,不明,,,1,2,0,2026-09-21 18:01,2026-09-21 18:01,,,https://www.youtube.com/channel/UCB3THDaIg31pyWTQ28__83Q
UCUCxDB_XiHhlHNVUIYU6KwA,@声優オタク-m1s,2,2ヶ月,Member (2 months),,不明,,,1,31,0,2026-09-21 18:01,2026-09-21 18:01,,,https://www.youtube.com/channel/UCUCxDB_XiHhlHNVUIYU6KwA
UCW8tlzH2PmytiRwMInf37Hg,@たかし-g1rr,2,2ヶ月,Member (2 months),,不明,,,1,3,0,2026-09-21 18:01,2026-09-21 18:01,,,https://www.youtube.com/channel/UCW8tlzH2PmytiRwMInf37Hg
UCbSz4SRNyL2GY_ngiZI0ksg,@82mukai,2,2ヶ月,Member (2 months),,不明,,,1,5,0,2026-09-21 18:01,2026-09-21 18:01,,,https://www.youtube.com/channel/UCbSz4SRNyL2GY_ngiZI0ksg
UCR8x0ADlN4pcwAwB-f-32-g,@あやたか-86,2,2ヶ月,Member (2 months),,不明,,,1,2,1,2026-09-21 18:01,2026-09-21 18:01,,,https://www.youtube.com/channel/UCR8x0ADlN4pcwAwB-f-32-g
UCvLEVWsBzUPy9NgXJO1fBFQ,@無存_774,2,2ヶ月,Member (2 months),,不明,,,1,2,0,2026-09-21 18:01,2026-09-21 18:01,,,https://www.youtube.com/channel/UCvLEVWsBzUPy9NgXJO1fBFQ
UCPPD7l1sXKKFmsoORTjB8Bw,@kaquniman,2,2ヶ月,Member (2 months),,不明,,,1,2,1,2026-09-21 18:01,2026-09-21 18:01,,,https://www.youtube.com/channel/UCPPD7l1sXKKFmsoORTjB8Bw
UCjs09xmVS1VUmgDQGr35Pfg,@ソレイユ-z9l,2,2ヶ月,Member (2 months),,不明,,,1,2,0,2026-09-21 18:01,2026-09-21 18:01,,,https://www.youtube.com/channel/UCjs09xmVS1VUmgDQGr35Pfg
UCbqwSA2CASWa2xvBQwDfF3w,@アキ-y8d,2,2ヶ月,Member (2 months),,不明,,,1,1,0,2026-09-21 18:01,2026-09-21 18:01,,,https://www.youtube.com/channel/UCbqwSA2CASWa2xvBQwDfF3w
UCIubjXT5-b7SOSvOu-3r5Jg,@わたねこ-b7f,2,2ヶ月,Member (2 months),,不明,,,1,17,0,2026-09-21 18:01,2026-09-21 18:01,,,https://www.youtube.com/channel/UCIubjXT5-b7SOSvOu-3r5Jg
UCcfpPElnYTiUBF2PUbfuJdw,@vice4825,2,2ヶ月,Member (2 months),,不明,,,1,1,0,2026-09-21 18:01,2026-09-21 18:01,,,https://www.youtube.com/channel/UCcfpPElnYTiUBF2PUbfuJdw
UCZNxSDTARl6pyXsAE2w_LLw,@メロン定食_0402,2,2ヶ月,Member (2 months),,不明,,,1,1,1,2026-09-21 18:01,2026-09-21 18:01,,,https://www.youtube.com/channel/UCZNxSDTARl6pyXsAE2w_LLw
UCY0e8cc6DCrmCWkEEjgVvfw,@リオ-n5i,2,2ヶ月,Member (2 months),,めるねいとの拳たち,再加入/レベル変更,,1,0,0,2026-09-21 18:01,2026-09-21 18:01,,,https://www.youtube.com/channel/UCY0e8cc6DCrmCWkEEjgVvfw
UCCZot5vDtl5W3uni20Xb3Ug,@vizayumu3323,2,2ヶ月,Member (2 months),,不明,,,1,1,0,2026-09-23 21:03,2026-09-23 21:03,,,https://www.youtube.com/channel/UCCZot5vDtl5W3uni20Xb3Ug
UCJutyUy8hl7sS2_ymi7L6Dw,@midori_6214,2,2ヶ月,Member (2 months),,めるねいとの拳たち,再加入/レベル変更,,1,0,0,2026-09-23 21:03,2026-09-23 21:03,,,https://www.youtube.com/channel/UCJutyUy8hl7sS2_ymi7L6Dw
UCC-QhSsbrqlSUEQyuTn6coQ,@白鮪-e3p,2,2ヶ月,Member (2 months),,不明,,,1,1,0,2026-09-26 21:01,2026-09-26 21:01,,,https://www.youtube.com/channel/UCC-QhSsbrqlSUEQyuTn6coQ
UCzi72cTwdFe1makeOT973Pg,@木皮,2,2ヶ月,Member (2 months),,不明,,,1,3,0,2026-09-26 21:01,2026-09-26 21:01,,,https://www.youtube.com/channel/UCzi72cTwdFe1makeOT973Pg
UCuxeoH6CFlThguuWINKBCEA,@Ast-緋色,2,2ヶ月,Member (2 months),,不明,,,1,2,0,2026-09-26 21:01,2026-09-26 21:01,,,https://www.youtube.com/channel/UCuxeoH6CFlThguuWINKBCEA
UCauJ-O_961cwnWAiDTJjCGw,@Manato23,2,2ヶ月,Member (2 months),,不明,,,1,1,0,2026-09-26 21:01,2026-09-26 21:01,,,https://www.youtube.com/channel/UCauJ-O_961cwnWAiDTJjCGw
UCHaWdOyFHqxsMO01oL1dVmw,@さいとう-jinbe_s,2,2ヶ月,Member (2 months),,不明,,,1,1,0,2026-09-26 21:01,2026-09-26 21:01,,,https://www.youtube.com/channel/UCHaWdOyFHqxsMO01oL1dVmw
UCDQ1N3wI4z_8Zwl2BXr6y4g,@WaW_13579,2,2ヶ月,Member (2 months),,不明,,,1,3,0,2026-09-26 21:01,2026-09-26 21:01,,,https://www.youtube.com/channel/UCDQ1N3wI4z_8Zwl2BXr6y4g
UCjfJogQYAQQw_LJfRXs2ddw,@レボ825,2,2ヶ月,Member (2 months),,不明,,,1,2,0,2026-09-26 21:01,2026-09-26 21:01,,,https://www.youtube.com/channel/UCjfJogQYAQQw_LJfRXs2ddw
UCf4PGiq5PB9FrPQ8EFp9kYw,@dan_0327,2,2ヶ月,Member (2 months),,不明,,,1,2,0,2026-09-26 21:01,2026-09-26 21:01,,,https://www.youtube.com/channel/UCf4PGiq5PB9FrPQ8EFp9kYw
UCyQgUkH-VD5U7deFvNWlx_Q,@N.o.2.5,2,2ヶ月,Member (2 months),,めるねいとの拳たち,再加入/レベル変更,,1,2,0,2026-09-26 21:01,2026-09-26 21:01,,,https://www.youtube.com/channel/UCyQgUkH-VD5U7deFvNWlx_Q
UCMWEUMkuiHOmWR_962VrX9A,@抹茶剣士,2,2ヶ月,Member (2 months),,不明,,,1,1,0,2026-09-26 21:01,2026-09-26 21:01,,,https://www.youtube.com/channel/UCMWEUMkuiHOmWR_962VrX9A
UCFjO4oDYz3a4RQyCCI6Wjkg,@runahamu0615,2,2ヶ月,Member (2 months),,不明,,,1,1,0,2026-09-26 21:01,2026-09-26 21:01,,,https://www.youtube.com/channel/UCFjO4oDYz3a4RQyCCI6Wjkg
UCXtQiUx8eFcFLZMj3TAwUnQ,@カイジャリスイギョ-j1t,2,2ヶ月,Member (2 months),,めるねいとの拳たち,再加入/レベル変更,,1,0,0,2026-09-26 21:01,2026-09-26 21:01,,,https://www.youtube.com/channel/UCXtQiUx8eFcFLZMj3TAwUnQ
UCCBm-SOehPx-xVaE8-EuDbQ,@黒色鍵盤,2,2ヶ月,Member (2 months),,不明,,,1,1,0,2026-10-04 20:37,2026-10-04 20:37,,,https://www.youtube.com/channel/UCCBm-SOehPx-xVaE8-EuDbQ
UCN_35I1WhKL78mWtHFuy4jA,@フジマル-r9c,1,1ヶ月,Member (1 month),,不明,,,21,422,13,2026-09-09 21:02,2026-10-07 16:39,,,https://www.youtube.com/channel/UCN_35I1WhKL78mWtHFuy4jA
UCFXR8wI4ApQ7794hISIgLwQ,@生パスタ-_-I,1,1ヶ月,Member (1 month),,不明,,,20,394,0,2026-09-09 21:02,2026-10-07 16:39,,,https://www.youtube.com/channel/UCFXR8wI4ApQ7794hISIgLwQ
UCOqUYE1_P92FuOQkIfyr0AQ,@ぷりんせすあやの,1,1ヶ月,Member (1 month),,不明,,,19,667,0,2026-09-09 21:02,2026-10-04 20:37,,,https://www.youtube.com/channel/UCOqUYE1_P92FuOQkIfyr0AQ
UCw12kUWzVFT3XeW6vdjzBoA,@キリソン-p6q,1,1ヶ月,Member (1 month),,不明,,,18,2187,0,2026-09-09 21:02,2026-10-04 20:37,,,https://www.youtube.com/channel/UCw12kUWzVFT3XeW6vdjzBoA
UCVYS4zftb_T4eCOqIrfLbag,@狭霧-o2c,1,1ヶ月,Member (1 month),,不明,,,17,70,0,2026-09-09 21:02,2026-10-07 16:39,,,https://www.youtube.com/channel/UCVYS4zftb_T4eCOqIrfLbag
UCzMihRpuA9xdAayp2Bysl1A,@家守ゆき_3,1,1ヶ月,Member (1 month),,不明,,,10,419,0,2026-09-09 21:02,2026-09-27 20:02,,,https://www.youtube.com/channel/UCzMihRpuA9xdAayp2Bysl1A
UCtkktOjC7cOKMqVOMjI9J9A,@KAKU_7melt,1,1ヶ月,Member (1 month),,不明,,,8,132,0,2026-09-12 19:01,2026-10-04 20:37,,,https://www.youtube.com/channel/UCtkktOjC7cOKMqVOMjI9J9A
UCgikuLIhuwNSyXzu_UzBfwA,@百合太郎A,1,1ヶ月,Member (1 month),,不明,,,6,282,0,2026-09-12 13:08,2026-10-07 16:39,,,https://www.youtube.com/channel/UCgikuLIhuwNSyXzu_UzBfwA
UCzMXqwDmeMoOKoHNEqSX2Ag,@青いお空がぽかぽか,1,1ヶ月,Member (1 month),,めるねいとの拳たち,ギフト,ギフトで加入,6,177,0,2026-09-26 21:01,2026-10-04 20:37,○,○,https://www.youtube.com/channel/UCzMXqwDmeMoOKoHNEqSX2Ag
UCxOfRiTcmgKA5hrg6WrSNqw,@uzura4,1,1ヶ月,Member (1 month),,不明,,,4,94,0,2026-09-21 18:01,2026-10-01 20:00,,,https://www.youtube.com/channel/UCxOfRiTcmgKA5hrg6WrSNqw
UC5GwXkny0I3HE-rEenxOGpw,@だぁ-m3e,1,1ヶ月,Member (1 month),,不明,,,2,3,0,2026-09-11 21:02,2026-09-21 18:01,,,https://www.youtube.com/channel/UC5GwXkny0I3HE-rEenxOGpw
UCr5U5sQj9uBjPN4RnKpa-Hw,@しろうさぎ_4848,1,1ヶ月,Member (1 month),,不明,,,2,23,0,2026-09-12 13:08,2026-09-19 13:12,,,https://www.youtube.com/channel/UCr5U5sQj9uBjPN4RnKpa-Hw
UCDC2J1TKurMnb3a-KzJZ-RA,@ゆう-0318yu,1,1ヶ月,Member (1 month),,不明,,,2,24,0,2026-09-12 13:08,2026-09-19 13:12,,,https://www.youtube.com/channel/UCDC2J1TKurMnb3a-KzJZ-RA
UCQb4ywwzrqutlAxV-vs81rw,@saku_lily0,1,1ヶ月,Member (1 month),,不明,,,2,32,0,2026-09-12 19:01,2026-09-21 18:01,,,https://www.youtube.com/channel/UCQb4ywwzrqutlAxV-vs81rw
UCvpmc_q0WT9-pBIm15QULWA,@C0smOs-d6l,1,1ヶ月,Member (1 month),,不明,,,2,4,0,2026-09-13 17:32,2026-09-21 18:01,,,https://www.youtube.com/channel/UCvpmc_q0WT9-pBIm15QULWA
UCajiOucQ7ZUHFgBJuQ8CoNw,@おちゃづけうまい,1,1ヶ月,Member (1 month),,不明,,,2,5,1,2026-09-21 18:01,2026-09-26 21:01,,,https://www.youtube.com/channel/UCajiOucQ7ZUHFgBJuQ8CoNw
UCnajPIOcJxCwb3jGeUznJIA,@mizuki-hal0412,1,1ヶ月,Member (1 month),,めるねいとの拳たち,ギフト,ギフトで加入,2,160,0,2026-09-26 21:01,2026-09-26 21:15,○,○,https://www.youtube.com/channel/UCnajPIOcJxCwb3jGeUznJIA
UCUP__yVPhm98eGZdqZ7qJIA,@モズカッチャン-c9j,1,1ヶ月,Member (1 month),,不明,,,1,6,0,2026-09-12 19:01,2026-09-12 19:01,,,https://www.youtube.com/channel/UCUP__yVPhm98eGZdqZ7qJIA
UCw1jtWt8uqgfPxk4H8YVL0Q,@あすた-l8f,1,1ヶ月,Member (1 month),,不明,,,1,1,0,2026-09-21 18:01,2026-09-21 18:01,,,https://www.youtube.com/channel/UCw1jtWt8uqgfPxk4H8YVL0Q
UCUGzuXkOQoOvecTkKAxqHFQ,@であと,1,1ヶ月,Member (1 month),,不明,,,1,1,0,2026-09-21 18:01,2026-09-21 18:01,,,https://www.youtube.com/channel/UCUGzuXkOQoOvecTkKAxqHFQ
UCnCnQfaCmraHMC3WCjdolGQ,@お酒は20歳から,1,1ヶ月,Member (1 month),,めるねいとの拳たち,新規加入,,1,1,0,2026-09-21 18:01,2026-09-21 18:01,○,,https://www.youtube.com/channel/UCnCnQfaCmraHMC3WCjdolGQ
UCW0p6tbR2OabMRAxPjphuOQ,@てん13,1,1ヶ月,Member (1 month),,不明,,,1,1,0,2026-09-21 18:01,2026-09-21 18:01,,,https://www.youtube.com/channel/UCW0p6tbR2OabMRAxPjphuOQ
UCs2APY63CZiDOx5kLRIYPkQ,@domo128,1,1ヶ月,Member (1 month),,不明,,,1,1,0,2026-09-21 18:01,2026-09-21 18:01,,,https://www.youtube.com/channel/UCs2APY63CZiDOx5kLRIYPkQ
UCkU1dp4uLF-3esR4459GsIw,@bunkyokucom,1,1ヶ月,Member (1 month),,不明,,,1,7,0,2026-09-26 21:01,2026-09-26 21:01,,,https://www.youtube.com/channel/UCkU1dp4uLF-3esR4459GsIw
UCHD5Epyuanh6Ni9ewdTPfsw,@NamineYua,1,1ヶ月,Member (1 month),,不明,,,1,1,0,2026-09-26 21:01,2026-09-26 21:01,,,https://www.youtube.com/channel/UCHD5Epyuanh6Ni9ewdTPfsw
UCBF-dYtCMnYA-uQvKySw7rw,@Tolusea,1,1ヶ月,Member (1 month),,めるねいとの拳たち,新規加入,,1,0,0,2026-09-26 21:01,2026-09-26 21:01,○,,https://www.youtube.com/channel/UCBF-dYtCMnYA-uQvKySw7rw
UC9CcCHBpSkZANfTZjDyD74Q,@リゲル-u5i,1,1ヶ月,Member (1 month),,不明,,,1,1,0,2026-10-01 20:00,2026-10-01 20:00,,,https://www.youtube.com/channel/UC9CcCHBpSkZANfTZjDyD74Q
UCfN-VD4GxbMgO2xMkjCP5Ww,@グレイチワワ,1,1ヶ月,Member (1 month),,めるねいとの拳たち,新規加入,,1,0,0,2026-10-01 20:00,2026-10-01 20:00,○,,https://www.youtube.com/channel/UCfN-VD4GxbMgO2xMkjCP5Ww
UCIm3BfCY_SwHv2yJaqN7fWA,@かず-k5j,0,新規(1ヶ月未満),New member,,不明,,,13,586,4,2026-09-16 23:02,2026-10-04 20:37,,,https://www.youtube.com/channel/UCIm3BfCY_SwHv2yJaqN7fWA
UC8DCWYyKVOSneEleBKewOgw,@tasuku0_0,0,新規(1ヶ月未満),New member,,めるねいとの拳たち,新規加入,,13,938,1,2026-09-16 23:02,2026-10-04 20:37,○,,https://www.youtube.com/channel/UC8DCWYyKVOSneEleBKewOgw
UC0OB54dHl3RYWCVRJgZ0hgw,@今日人,0,新規(1ヶ月未満),New member,,不明,,,12,698,1,2026-09-12 13:08,2026-10-07 16:39,,,https://www.youtube.com/channel/UC0OB54dHl3RYWCVRJgZ0hgw
UCFCbu-2MjrPp1NO_RWaJOvg,@イレーネ真澄,0,新規(1ヶ月未満),New member,,めるねいとの拳たち,ギフト,ギフトで加入,11,289,0,2026-09-21 18:01,2026-10-07 16:39,○,○,https://www.youtube.com/channel/UCFCbu-2MjrPp1NO_RWaJOvg
UCk1fgq4x6VNj1LrsJgoqUdg,@おぜぜ,0,新規(1ヶ月未満),New member,,めるねいとの拳たち,新規加入,,10,54,0,2026-09-12 19:01,2026-10-04 20:37,○,,https://www.youtube.com/channel/UCk1fgq4x6VNj1LrsJgoqUdg
UCm1U55AJXGyO0HKBBKNG9jg,@太郎-1110,0,新規(1ヶ月未満),New member,,不明,,,10,493,2,2026-09-17 21:02,2026-10-07 16:39,,,https://www.youtube.com/channel/UCm1U55AJXGyO0HKBBKNG9jg
UCiwbxQfzXSJVArOOXjGGblQ,@竜田-y2m,0,新規(1ヶ月未満),New member,,不明,,,10,1181,0,2026-09-23 21:03,2026-10-07 16:39,,,https://www.youtube.com/channel/UCiwbxQfzXSJVArOOXjGGblQ
UC4TdISgWR8yTBvnGZasZuXw,@SurfingTurtle66,0,新規(1ヶ月未満),New member,,不明,,,9,412,0,2026-09-21 18:01,2026-10-04 20:37,,,https://www.youtube.com/channel/UC4TdISgWR8yTBvnGZasZuXw
UCaQYlIVlaq_BKP5ogdKqnag,@みゅさ-myusa,0,新規(1ヶ月未満),New member,,不明,,,8,233,0,2026-09-17 18:02,2026-10-04 20:37,,,https://www.youtube.com/channel/UCaQYlIVlaq_BKP5ogdKqnag
UCHAPNQPx0cbbOrnqILfCCXA,@詩人なおだんご,0,新規(1ヶ月未満),New member,,めるねいとの拳たち,新規加入,,8,121,0,2026-09-21 18:01,2026-10-01 20:00,○,,https://www.youtube.com/channel/UCHAPNQPx0cbbOrnqILfCCXA
UCHjzn9aIcM8QWrie5DqHHeA,@tomy2804,0,新規(1ヶ月未満),New member,,不明,,,8,132,0,2026-09-21 18:01,2026-10-01 20:00,,,https://www.youtube.com/channel/UCHjzn9aIcM8QWrie5DqHHeA
UCLHt9zbNOFkccAS9YkrSYww,@ケルビン_K,0,新規(1ヶ月未満),New member,,不明,,,7,39,0,2026-09-09 21:02,2026-09-24 21:14,,,https://www.youtube.com/channel/UCLHt9zbNOFkccAS9YkrSYww
UCU33f_T2FzoDoc871RUR5kA,@園田ゆ,0,新規(1ヶ月未満),New member,,めるねいとの拳たち,新規加入,,6,42,0,2026-09-09 21:02,2026-09-28 20:04,○,,https://www.youtube.com/channel/UCU33f_T2FzoDoc871RUR5kA
UCwKJkHqd-VRMMdL5bDpGmwg,@ヨリイ-3y3s,0,新規(1ヶ月未満),New member,,不明,,,5,28,0,2026-09-17 18:02,2026-10-07 16:39,,,https://www.youtube.com/channel/UCwKJkHqd-VRMMdL5bDpGmwg
UCIL8_pRfRhiQNm9M8YJpLbA,@CECILIA-z6i7b,0,新規(1ヶ月未満),New member,,不明,,,5,91,0,2026-09-21 18:01,2026-10-07 16:39,,,https://www.youtube.com/channel/UCIL8_pRfRhiQNm9M8YJpLbA
UCJDtFtXzDA0_0CWALzL_r_A,@時給255円,0,新規(1ヶ月未満),New member,,不明,,,5,21,0,2026-09-21 18:01,2026-10-07 16:39,,,https://www.youtube.com/channel/UCJDtFtXzDA0_0CWALzL_r_A
UCZVDGo9OmtldAkp3bB85T3w,@Kinokobang,0,新規(1ヶ月未満),New member,,不明,,,5,15,0,2026-09-21 18:01,2026-10-04 20:37,,,https://www.youtube.com/channel/UCZVDGo9OmtldAkp3bB85T3w
UC0vFy2oCLl-3apHpgNTE8Wg,@Tsumumi-mua,0,新規(1ヶ月未満),New member,,不明,,,4,47,0,2026-09-19 13:12,2026-09-26 21:15,,,https://www.youtube.com/channel/UC0vFy2oCLl-3apHpgNTE8Wg
UCSZSmzQPJjfOQSBI859ilLw,@mutturi-ni,0,新規(1ヶ月未満),New member,,めるねいとの拳たち,新規加入,,4,4,0,2026-09-21 18:01,2026-10-04 20:37,○,,https://www.youtube.com/channel/UCSZSmzQPJjfOQSBI859ilLw
UCeXioHd8BnPQ3tLDHFpBO4w,@Mei-wc6uw,0,新規(1ヶ月未満),New member,,不明,,,4,129,0,2026-09-28 20:04,2026-10-07 16:39,,,https://www.youtube.com/channel/UCeXioHd8BnPQ3tLDHFpBO4w
UCl3TcKQHaSVOZBcXcQTXepA,@twmpgatt,0,新規(1ヶ月未満),New member,,不明,,,3,8,0,2026-09-21 18:01,2026-10-07 16:39,,,https://www.youtube.com/channel/UCl3TcKQHaSVOZBcXcQTXepA
UCAMUt6vc6jaWJL2G_EyPjpA,@うるふみー,0,新規(1ヶ月未満),New member,,不明,,,3,39,0,2026-09-21 18:01,2026-10-07 16:39,,,https://www.youtube.com/channel/UCAMUt6vc6jaWJL2G_EyPjpA
UCAtE1RRhfE9MU0piq9E-bug,@f_r_o_k,0,新規(1ヶ月未満),New member,,めるねいとの拳たち,ギフト,ギフトで加入,3,7,0,2026-09-26 21:01,2026-10-04 20:37,○,○,https://www.youtube.com/channel/UCAtE1RRhfE9MU0piq9E-bug
UCljACOkv2oP8qysCXmfub4A,@zoq932,0,新規(1ヶ月未満),New member,,不明,,,3,4,0,2026-09-27 20:02,2026-10-01 20:00,,,https://www.youtube.com/channel/UCljACOkv2oP8qysCXmfub4A
UCjA72cuuna614UIl7Z4oKYQ,@だいこくやこうだゆう,0,新規(1ヶ月未満),New member,,不明,,,3,6,0,2026-09-27 20:02,2026-10-01 20:00,,,https://www.youtube.com/channel/UCjA72cuuna614UIl7Z4oKYQ
UCpFLa1KH8NMDBI7wyFgZjrg,@law_ss4144,0,新規(1ヶ月未満),New member,,不明,,,3,68,0,2026-10-01 20:00,2026-10-07 16:39,,,https://www.youtube.com/channel/UCpFLa1KH8NMDBI7wyFgZjrg
UCTZCQUjGpXwovleX5O1r90Q,@ひぜ-z5bq,0,新規(1ヶ月未満),New member,,不明,,,2,4,0,2026-09-11 21:02,2026-09-19 13:12,,,https://www.youtube.com/channel/UCTZCQUjGpXwovleX5O1r90Q
UCLGZMpQc7XA9ix2AO7VsTnA,@Kryidusk,0,新規(1ヶ月未満),New member,,めるねいとの拳たち,ギフト,ギフトで加入,2,2,0,2026-09-13 17:32,2026-09-26 21:01,○,○,https://www.youtube.com/channel/UCLGZMpQc7XA9ix2AO7VsTnA
UC3lpmzSp09nR9rlgGHoD89A,@SolNa0911,0,新規(1ヶ月未満),New member,,不明,,,2,15,0,2026-09-13 17:32,2026-09-21 18:01,,,https://www.youtube.com/channel/UC3lpmzSp09nR9rlgGHoD89A
UCMtCFQmUJl__BM9cPrwD-WQ,@bbbbbbbbot,0,新規(1ヶ月未満),New member,,めるねいとの拳たち,新規加入,,2,1,0,2026-09-13 17:32,2026-09-21 18:01,○,,https://www.youtube.com/channel/UCMtCFQmUJl__BM9cPrwD-WQ
UCW6wy-LFNjJjQsR3nsL0pXA,@ななこーーん,0,新規(1ヶ月未満),New member,,めるねいとの拳たち,ギフト,ギフトで加入,2,12,0,2026-09-21 18:01,2026-09-26 21:01,○,○,https://www.youtube.com/channel/UCW6wy-LFNjJjQsR3nsL0pXA
UC6mnQGXm7qAjNijhpLQ70CQ,@はるまき-d6y,0,新規(1ヶ月未満),New member,,不明,,,2,19,0,2026-09-21 18:01,2026-09-26 21:01,,,https://www.youtube.com/channel/UC6mnQGXm7qAjNijhpLQ70CQ
UCOuW8x3FL6FDJDKnKR8xsmA,@たーばぁ,0,新規(1ヶ月未満),New member,,不明,,,2,2,0,2026-09-21 18:01,2026-09-26 21:01,,,https://www.youtube.com/channel/UCOuW8x3FL6FDJDKnKR8xsmA
UC-mWTRm1w8ykGwFcXi2DFLw,@三銀翁屋,0,新規(1ヶ月未満),New member,,めるねいとの拳たち,新規加入,,2,2,0,2026-09-21 18:01,2026-09-26 21:01,○,,https://www.youtube.com/channel/UC-mWTRm1w8ykGwFcXi2DFLw
UCabN_nX_Vv7kdCn1w4_6ZSA,@英知さんH3,0,新規(1ヶ月未満),New member,,めるねいとの拳たち,ギフト,ギフトで加入,2,1,0,2026-09-21 18:01,2026-09-26 21:01,○,○,https://www.youtube.com/channel/UCabN_nX_Vv7kdCn1w4_6ZSA
UCnEpw1dbQmXfts5wu-G8kPw,@きくお07,0,新規(1ヶ月未満),New member,,めるねいとの拳たち,ギフト,ギフトで加入,2,1,0,2026-09-21 18:01,2026-10-01 20:00,○,○,https://www.youtube.com/channel/UCnEpw1dbQmXfts5wu-G8kPw
UCRZLOaKPTd9YHdk4Uc0Z6Zw,@ogatayoshiaki,0,新規(1ヶ月未満),New member,,めるねいとの拳たち,ギフト,ギフトで加入,2,1,0,2026-09-21 18:01,2026-09-26 21:01,○,○,https://www.youtube.com/channel/UCRZLOaKPTd9YHdk4Uc0Z6Zw
UCnalo6lI2oJs_49raBHjruQ,@蜂蜜一気飲み太郎,0,新規(1ヶ月未満),New member,,めるねいとの拳たち,ギフト,ギフトで加入,2,6,0,2026-09-21 18:01,2026-10-04 20:37,○,○,https://www.youtube.com/channel/UCnalo6lI2oJs_49raBHjruQ
UCzHcbIFJW3OlcnAtHY8DQwA,@J-xiaohong,0,新規(1ヶ月未満),New member,,不明,,,2,6,0,2026-09-26 21:01,2026-09-27 20:02,,,https://www.youtube.com/channel/UCzHcbIFJW3OlcnAtHY8DQwA
UCdX9ofoJmq-MIsPQehpJ2mg,@アーボック,0,新規(1ヶ月未満),New member,,めるねいとの拳たち,ギフト,ギフトで加入,2,34,0,2026-09-26 21:01,2026-09-26 21:15,○,○,https://www.youtube.com/channel/UCdX9ofoJmq-MIsPQehpJ2mg
UCW46aUS26yVW0wqDBH52Gyw,@カンパリ_cp,0,新規(1ヶ月未満),New member,,めるねいとの拳たち,ギフト,ギフトで加入,2,9,0,2026-09-26 21:01,2026-09-26 21:15,○,○,https://www.youtube.com/channel/UCW46aUS26yVW0wqDBH52Gyw
UC0JjREcdBoy6urdGjkOjlLQ,@NSZW_ニシザワ,0,新規(1ヶ月未満),New member,,めるねいとの拳たち,新規加入,,2,5,0,2026-09-26 21:01,2026-10-01 20:00,○,,https://www.youtube.com/channel/UC0JjREcdBoy6urdGjkOjlLQ
UCRxWOoKDZqmb8z0yNtxmy_g,@KDS009DS,0,新規(1ヶ月未満),New member,,めるねいとの拳たち,ギフト,ギフトで加入,2,1,0,2026-09-26 21:01,2026-09-27 20:02,○,○,https://www.youtube.com/channel/UCRxWOoKDZqmb8z0yNtxmy_g
UCkjgz7pMxNf0aOqiTnsW4aA,@rarara722,0,新規(1ヶ月未満),New member,,めるねいとの拳たち,ギフト,ギフトで加入,2,1,0,2026-09-26 21:01,2026-09-28 20:04,○,○,https://www.youtube.com/channel/UCkjgz7pMxNf0aOqiTnsW4aA
UCVen6U71uVU-Nq3UN8fjl0w,@うなlol,0,新規(1ヶ月未満),New member,,めるねいとの拳たち,ギフト,ギフトで加入,2,1,0,2026-09-26 21:01,2026-09-28 20:04,○,○,https://www.youtube.com/channel/UCVen6U71uVU-Nq3UN8fjl0w
UC1sGcbh6ehVGaPHWI11CSOA,@ぽこちゃま_s2,0,新規(1ヶ月未満),New member,,めるねいとの拳たち,新規加入,,2,3,0,2026-09-27 20:02,2026-10-07 16:39,○,,https://www.youtube.com/channel/UC1sGcbh6ehVGaPHWI11CSOA
UCpdiAqvH95NEh65qtQyIXoQ,@月城-rs10,0,新規(1ヶ月未満),New member,,めるねいとの拳たち,新規加入,,2,45,0,2026-09-27 20:02,2026-10-01 20:00,○,,https://www.youtube.com/channel/UCpdiAqvH95NEh65qtQyIXoQ
UCJdn-Dt89R5so_MRKJo4zpQ,@前川_maekawaziisanP,0,新規(1ヶ月未満),New member,,めるねいとの拳たち,新規加入,,2,6,0,2026-09-27 20:02,2026-09-28 20:04,○,,https://www.youtube.com/channel/UCJdn-Dt89R5so_MRKJo4zpQ
UCqPnbbUFX5s6VbemULF0_OQ,@ありた-r2u,0,新規(1ヶ月未満),New member,,めるねいとの拳たち,新規加入,,2,5,0,2026-09-30 19:02,2026-10-04 20:37,○,,https://www.youtube.com/channel/UCqPnbbUFX5s6VbemULF0_OQ
UCco9zANvQN21fxwqHIMpOuQ,@yutagon9608,0,新規(1ヶ月未満),New member,,不明,,,2,3,0,2026-10-01 20:00,2026-10-04 20:37,,,https://www.youtube.com/channel/UCco9zANvQN21fxwqHIMpOuQ
UCI1jN7GWcXqAyGKpPv-LmSQ,@FL3974,0,新規(1ヶ月未満),New member,,不明,,,1,1,0,2026-09-12 19:01,2026-09-12 19:01,,,https://www.youtube.com/channel/UCI1jN7GWcXqAyGKpPv-LmSQ
UCpWzkjOe4Ud2zczNoPvFkkQ,@maki_dayo0307,0,新規(1ヶ月未満),New member,,不明,,,1,5,0,2026-09-13 17:32,2026-09-13 17:32,,,https://www.youtube.com/channel/UCpWzkjOe4Ud2zczNoPvFkkQ
UCU0Jln9rsrmehtaRB76aK2g,@きよさだ-r1b,0,新規(1ヶ月未満),New member,,不明,,,1,1,0,2026-09-13 17:32,2026-09-13 17:32,,,https://www.youtube.com/channel/UCU0Jln9rsrmehtaRB76aK2g
UC2vpxOuwX_KFjd4DZqmP3_Q,@れみぃ8,0,新規(1ヶ月未満),New member,,不明,,,1,1,0,2026-09-17 18:02,2026-09-17 18:02,,,https://www.youtube.com/channel/UC2vpxOuwX_KFjd4DZqmP3_Q
UCsXHRGuOI6fuXR4z6N156Yg,@ドギークッキー,0,新規(1ヶ月未満),New member,,不明,,,1,2,0,2026-09-19 13:12,2026-09-19 13:12,,,https://www.youtube.com/channel/UCsXHRGuOI6fuXR4z6N156Yg
UCJTFqHeVxDHPu6krd8QIFHQ,@Loro_66,0,新規(1ヶ月未満),New member,,めるねいとの拳たち,ギフト,ギフトで加入,1,1,0,2026-09-21 18:01,2026-09-21 18:01,○,○,https://www.youtube.com/channel/UCJTFqHeVxDHPu6krd8QIFHQ
UC4zAWWVuFowtk9B8zj1w1JA,@ng_ryu7156,0,新規(1ヶ月未満),New member,,不明,,,1,2,1,2026-09-21 18:01,2026-09-21 18:01,,,https://www.youtube.com/channel/UC4zAWWVuFowtk9B8zj1w1JA
UCWgJKalWSIU0pTnvrQYcDtw,@LeoGomeZ.17,0,新規(1ヶ月未満),New member,,めるねいとの拳たち,ギフト,ギフトで加入,1,1,0,2026-09-21 18:01,2026-09-21 18:01,○,○,https://www.youtube.com/channel/UCWgJKalWSIU0pTnvrQYcDtw
UCSt4BQbZXcXGMSruB9MR3Ew,@azinohiraki38,0,新規(1ヶ月未満),New member,,めるねいとの拳たち,ギフト,ギフトで加入,1,24,0,2026-09-21 18:01,2026-09-21 18:01,○,○,https://www.youtube.com/channel/UCSt4BQbZXcXGMSruB9MR3Ew
UCmipivo8ZJ6DAt4nfAPyxOQ,@lutes07,0,新規(1ヶ月未満),New member,,めるねいとの拳たち,ギフト,ギフトで加入,1,4,0,2026-09-21 18:01,2026-09-21 18:01,○,○,https://www.youtube.com/channel/UCmipivo8ZJ6DAt4nfAPyxOQ
UCM95UnM5NQPZfHWWdTtnkdA,@kyanopoto0315,0,新規(1ヶ月未満),New member,,不明,,,1,1,0,2026-09-21 18:01,2026-09-21 18:01,,,https://www.youtube.com/channel/UCM95UnM5NQPZfHWWdTtnkdA
UCNq2z-JKSBrNU9AFbTaH4aQ,@猫-c1n,0,新規(1ヶ月未満),New member,,不明,,,1,1,0,2026-09-21 18:01,2026-09-21 18:01,,,https://www.youtube.com/channel/UCNq2z-JKSBrNU9AFbTaH4aQ
UCnkub_Y4I_9oajBA20Ae9lw,@たけゆう-i5g,0,新規(1ヶ月未満),New member,,めるねいとの拳たち,新規加入,,1,14,2,2026-09-21 18:01,2026-09-21 18:01,○,,https://www.youtube.com/channel/UCnkub_Y4I_9oajBA20Ae9lw
UCy4YqXDX-3ndP99V88n8n6w,@exst111,0,新規(1ヶ月未満),New member,,めるねいとの拳たち,ギフト,ギフトで加入,1,1,0,2026-09-21 18:01,2026-09-21 18:01,○,○,https://www.youtube.com/channel/UCy4YqXDX-3ndP99V88n8n6w
UCnH3aKLACVDwMs9RAMDRNng,@せつな_419,0,新規(1ヶ月未満),New member,,不明,,,1,1,0,2026-09-21 18:01,2026-09-21 18:01,,,https://www.youtube.com/channel/UCnH3aKLACVDwMs9RAMDRNng
UCQVerztJzmEGPEABMUWHTLw,@七星するが-g1m,0,新規(1ヶ月未満),New member,,不明,,,1,1,0,2026-09-21 18:01,2026-09-21 18:01,,,https://www.youtube.com/channel/UCQVerztJzmEGPEABMUWHTLw
UCLaNqHnVNL52aF60mkyAz2Q,@花園ーー,0,新規(1ヶ月未満),New member,,不明,,,1,1,0,2026-09-21 18:01,2026-09-21 18:01,,,https://www.youtube.com/channel/UCLaNqHnVNL52aF60mkyAz2Q
UCMJM4zsexM5klnONRod67BQ,@rokki4821,0,新規(1ヶ月未満),New member,,めるねいとの拳たち,ギフト,ギフトで加入,1,1,0,2026-09-21 18:01,2026-09-21 18:01,○,○,https://www.youtube.com/channel/UCMJM4zsexM5klnONRod67BQ
UC-1Yd1xOl4vxfbPFI0EqOKA,@かなた-r8p,0,新規(1ヶ月未満),New member,,めるねいとの拳たち,新規加入,,1,2,0,2026-09-21 18:01,2026-09-21 18:01,○,,https://www.youtube.com/channel/UC-1Yd1xOl4vxfbPFI0EqOKA
UCr3X8wUaC8AObIN3HHUDnPg,@ぞの-q4g,0,新規(1ヶ月未満),New member,,めるねいとの拳たち,新規加入,,1,1,1,2026-09-21 18:01,2026-09-21 18:01,○,,https://www.youtube.com/channel/UCr3X8wUaC8AObIN3HHUDnPg
UCEFJBwjEGfvc7mEBXSZ967Q,@みこ-u9g,0,新規(1ヶ月未満),New member,,めるねいとの拳たち,ギフト,ギフトで加入,1,1,0,2026-09-21 18:01,2026-09-21 18:01,○,○,https://www.youtube.com/channel/UCEFJBwjEGfvc7mEBXSZ967Q
UC6ylkRaeFET51qRt1Av4U8Q,@魚弓,0,新規(1ヶ月未満),,,めるねいとの拳たち,ギフト,ギフトで加入,1,0,0,2026-09-21 18:01,2026-09-21 18:01,○,○,https://www.youtube.com/channel/UC6ylkRaeFET51qRt1Av4U8Q
UCWBz5OstnvoBn0CYY0-KoZg,@蘋果-g8c,0,新規(1ヶ月未満),,,めるねいとの拳たち,ギフト,ギフトで加入,1,0,0,2026-09-21 18:01,2026-09-21 18:01,○,○,https://www.youtube.com/channel/UCWBz5OstnvoBn0CYY0-KoZg
UCCuZWADw75Xnf2PY0BJfNJQ,@ツボンヌ2世,0,新規(1ヶ月未満),,,めるねいとの拳たち,ギフト,ギフトで加入,1,0,0,2026-09-21 18:01,2026-09-21 18:01,○,○,https://www.youtube.com/channel/UCCuZWADw75Xnf2PY0BJfNJQ
UC81t47-CT1KOU6n0QGxTXag,@noyanoyayayayaya111,0,新規(1ヶ月未満),,,めるねいとの拳たち,ギフト,ギフトで加入,1,0,0,2026-09-21 18:01,2026-09-21 18:01,○,○,https://www.youtube.com/channel/UC81t47-CT1KOU6n0QGxTXag
UCT_BSGIQ7Sgt9-U6SwrFQnQ,@TAKAHARA3,0,新規(1ヶ月未満),,,めるねいとの拳たち,ギフト,ギフトで加入,1,0,0,2026-09-21 18:01,2026-09-21 18:01,○,○,https://www.youtube.com/channel/UCT_BSGIQ7Sgt9-U6SwrFQnQ
UCR6JtIfjq_5D8yoczlpg4Ew,@シェアル-syerle,0,新規(1ヶ月未満),,,めるねいとの拳たち,ギフト,ギフトで加入,1,0,0,2026-09-21 18:01,2026-09-21 18:01,○,○,https://www.youtube.com/channel/UCR6JtIfjq_5D8yoczlpg4Ew
UCFhA12i1iiaQnPOwycR7QHA,@たきこみ-omochi,0,新規(1ヶ月未満),,,めるねいとの拳たち,ギフト,ギフトで加入,1,0,0,2026-09-21 18:01,2026-09-21 18:01,○,○,https://www.youtube.com/channel/UCFhA12i1iiaQnPOwycR7QHA
UCIvJTXdc8albosu_sDzqIzQ,@n1ghtdesu880,0,新規(1ヶ月未満),,,めるねいとの拳たち,ギフト,ギフトで加入,1,0,0,2026-09-21 18:01,2026-09-21 18:01,○,○,https://www.youtube.com/channel/UCIvJTXdc8albosu_sDzqIzQ
UCLvaz1pM-U0BtM3fj-brVRg,@FUJIYAmiku0128,0,新規(1ヶ月未満),,,めるねいとの拳たち,ギフト,ギフトで加入,1,0,0,2026-09-21 18:01,2026-09-21 18:01,○,○,https://www.youtube.com/channel/UCLvaz1pM-U0BtM3fj-brVRg
UCq9I7UyPP8PaAQt67KJNY-w,@violet9001,0,新規(1ヶ月未満),,,めるねいとの拳たち,ギフト,ギフトで加入,1,0,0,2026-09-21 18:01,2026-09-21 18:01,○,○,https://www.youtube.com/channel/UCq9I7UyPP8PaAQt67KJNY-w
UCpWA19NP-mixv-JO_iV6NEw,@ばんぶーすのー,0,新規(1ヶ月未満),,,めるねいとの拳たち,ギフト,ギフトで加入,1,0,0,2026-09-21 18:01,2026-09-21 18:01,○,○,https://www.youtube.com/channel/UCpWA19NP-mixv-JO_iV6NEw
UCl2K-DVIFekmZubP6zHsdHw,@cobodo,0,新規(1ヶ月未満),,,めるねいとの拳たち,ギフト,ギフトで加入,1,0,0,2026-09-21 18:01,2026-09-21 18:01,○,○,https://www.youtube.com/channel/UCl2K-DVIFekmZubP6zHsdHw
UCHXEEi4I1LPjfcNqbb5p-fA,@ぴるくるまみー,0,新規(1ヶ月未満),,,めるねいとの拳たち,ギフト,ギフトで加入,1,0,0,2026-09-21 18:01,2026-09-21 18:01,○,○,https://www.youtube.com/channel/UCHXEEi4I1LPjfcNqbb5p-fA
UC9QFCahsYDhJMz_bvXEy9ew,@あちん-w2q,0,新規(1ヶ月未満),,,めるねいとの拳たち,ギフト,ギフトで加入,1,0,0,2026-09-21 18:01,2026-09-21 18:01,○,○,https://www.youtube.com/channel/UC9QFCahsYDhJMz_bvXEy9ew
UCuLUnNcR8gjNhqk-W_DZuCg,@koha-qg9gq,0,新規(1ヶ月未満),,,めるねいとの拳たち,ギフト,ギフトで加入,1,0,0,2026-09-21 18:01,2026-09-21 18:01,○,○,https://www.youtube.com/channel/UCuLUnNcR8gjNhqk-W_DZuCg
UCKFctCC5ZDPcmoxuQjIjz0Q,@kwknsdy,0,新規(1ヶ月未満),,,めるねいとの拳たち,ギフト,ギフトで加入,1,0,0,2026-09-21 18:01,2026-09-21 18:01,○,○,https://www.youtube.com/channel/UCKFctCC5ZDPcmoxuQjIjz0Q
UCgR2XzUAQQIoSvHxgXCXgDA,@ねっころん,0,新規(1ヶ月未満),,,めるねいとの拳たち,ギフト,ギフトで加入,1,0,0,2026-09-21 18:01,2026-09-21 18:01,○,○,https://www.youtube.com/channel/UCgR2XzUAQQIoSvHxgXCXgDA
UC8RfOo-tFHBI_jOFzo0HQNw,@gu_dayo,0,新規(1ヶ月未満),,,めるねいとの拳たち,ギフト,ギフトで加入,1,0,0,2026-09-21 18:01,2026-09-21 18:01,○,○,https://www.youtube.com/channel/UC8RfOo-tFHBI_jOFzo0HQNw
UCI3AXWp9AK4Bt1OmfWTcPng,@うゆb,0,新規(1ヶ月未満),,,めるねいとの拳たち,ギフト,ギフトで加入,1,0,0,2026-09-21 18:01,2026-09-21 18:01,○,○,https://www.youtube.com/channel/UCI3AXWp9AK4Bt1OmfWTcPng
UCyqlj6tSzR6pMMoVOvlliDw,@hassenocafe,0,新規(1ヶ月未満),,,めるねいとの拳たち,ギフト,ギフトで加入,1,0,0,2026-09-21 18:01,2026-09-21 18:01,○,○,https://www.youtube.com/channel/UCyqlj6tSzR6pMMoVOvlliDw
UCHScj7DT1blbL3UzVYQ2arg,@seanprit8106,0,新規(1ヶ月未満),,,めるねいとの拳たち,ギフト,ギフトで加入,1,0,0,2026-09-21 18:01,2026-09-21 18:01,○,○,https://www.youtube.com/channel/UCHScj7DT1blbL3UzVYQ2arg
UC7UrMfz026NkqNHGfLjCAXA,@sewi5156,0,新規(1ヶ月未満),,,めるねいとの拳たち,ギフト,ギフトで加入,1,0,0,2026-09-21 18:01,2026-09-21 18:01,○,○,https://www.youtube.com/channel/UC7UrMfz026NkqNHGfLjCAXA
UCYhdf1hObgEuJDze2qGVNYA,@yn._.07,0,新規(1ヶ月未満),,,めるねいとの拳たち,ギフト,ギフトで加入,1,0,0,2026-09-21 18:01,2026-09-21 18:01,○,○,https://www.youtube.com/channel/UCYhdf1hObgEuJDze2qGVNYA
UCDS5YtTeweePhgiPDl0yOOA,@りんご-x7r5r,0,新規(1ヶ月未満),,,めるねいとの拳たち,ギフト,ギフトで加入,1,0,0,2026-09-21 18:01,2026-09-21 18:01,○,○,https://www.youtube.com/channel/UCDS5YtTeweePhgiPDl0yOOA
UC1hamcIJUVLVWGmuq8qfYWA,@ringo_honeydip,0,新規(1ヶ月未満),,,めるねいとの拳たち,ギフト,ギフトで加入,1,0,0,2026-09-21 18:01,2026-09-21 18:01,○,○,https://www.youtube.com/channel/UC1hamcIJUVLVWGmuq8qfYWA
UCPEHa4eI4-VMAO8XYfohH7w,@御花見,0,新規(1ヶ月未満),,,めるねいとの拳たち,ギフト,ギフトで加入,1,0,0,2026-09-21 18:01,2026-09-21 18:01,○,○,https://www.youtube.com/channel/UCPEHa4eI4-VMAO8XYfohH7w
UChBf9kelHp71orw2kRaxGVw,@煌めくチョコチップ,0,新規(1ヶ月未満),,,めるねいとの拳たち,ギフト,ギフトで加入,1,0,0,2026-09-21 18:01,2026-09-21 18:01,○,○,https://www.youtube.com/channel/UChBf9kelHp71orw2kRaxGVw
UCZVuIr3-6-Qxp8SDXgLqmIg,@itsuki7571,0,新規(1ヶ月未満),,,めるねいとの拳たち,ギフト,ギフトで加入,1,0,0,2026-09-21 18:01,2026-09-21 18:01,○,○,https://www.youtube.com/channel/UCZVuIr3-6-Qxp8SDXgLqmIg
UCgn2CbVFzZH1W6L3TzkmUjg,@SabaranEyrou,0,新規(1ヶ月未満),,,めるねいとの拳たち,ギフト,ギフトで加入,1,0,0,2026-09-21 18:01,2026-09-21 18:01,○,○,https://www.youtube.com/channel/UCgn2CbVFzZH1W6L3TzkmUjg
UCY4tz2z3DWwESyOGWSF4FUQ,@libra-q9k,0,新規(1ヶ月未満),,,めるねいとの拳たち,ギフト,ギフトで加入,1,0,0,2026-09-21 18:01,2026-09-21 18:01,○,○,https://www.youtube.com/channel/UCY4tz2z3DWwESyOGWSF4FUQ
UC1yenWi6SkkjZk6VEUkbc8g,@Liz-yj2vw,0,新規(1ヶ月未満),,,めるねいとの拳たち,ギフト,ギフトで加入,1,0,0,2026-09-21 18:01,2026-09-21 18:01,○,○,https://www.youtube.com/channel/UC1yenWi6SkkjZk6VEUkbc8g
UCBxWnWLipZ7rfKEs9yDb4lA,@jenniferge,0,新規(1ヶ月未満),,,めるねいとの拳たち,ギフト,ギフトで加入,1,0,0,2026-09-21 18:01,2026-09-21 18:01,○,○,https://www.youtube.com/channel/UCBxWnWLipZ7rfKEs9yDb4lA
UC6lIeD-YvVGvyGIlJU9O57g,@XenaVoid,0,新規(1ヶ月未満),,,めるねいとの拳たち,ギフト,ギフトで加入,1,0,0,2026-09-21 18:01,2026-09-21 18:01,○,○,https://www.youtube.com/channel/UC6lIeD-YvVGvyGIlJU9O57g
UCM1WVwwY5vd4PlKwdfeSP6g,@浮雲空,0,新規(1ヶ月未満),,,めるねいとの拳たち,ギフト,ギフトで加入,1,0,0,2026-09-21 18:01,2026-09-21 18:01,○,○,https://www.youtube.com/channel/UCM1WVwwY5vd4PlKwdfeSP6g
UCmIKL_qJwChYVYgTrBNfizQ,@野森佳,0,新規(1ヶ月未満),,,めるねいとの拳たち,ギフト,ギフトで加入,1,0,0,2026-09-21 18:01,2026-09-21 18:01,○,○,https://www.youtube.com/channel/UCmIKL_qJwChYVYgTrBNfizQ
UCwztPWw0qanNSjjNqmeYFgA,@VAXEL_33,0,新規(1ヶ月未満),,,めるねいとの拳たち,ギフト,ギフトで加入,1,0,0,2026-09-21 18:01,2026-09-21 18:01,○,○,https://www.youtube.com/channel/UCwztPWw0qanNSjjNqmeYFgA
UCmp9jITbb3d3AzG0jIXjN2Q,@yumeyumeuyumeumeyume9636,0,新規(1ヶ月未満),,,めるねいとの拳たち,ギフト,ギフトで加入,1,0,0,2026-09-21 18:01,2026-09-21 18:01,○,○,https://www.youtube.com/channel/UCmp9jITbb3d3AzG0jIXjN2Q
UCBpIUHXD-mo4ZtN7f8tSOqA,@ろーずまりーCi,0,新規(1ヶ月未満),,,めるねいとの拳たち,ギフト,ギフトで加入,1,0,0,2026-09-21 18:01,2026-09-21 18:01,○,○,https://www.youtube.com/channel/UCBpIUHXD-mo4ZtN7f8tSOqA
UCyAcxz2lshfAZ3C-aVqVo-g,@ペンタ-b5g,0,新規(1ヶ月未満),,,めるねいとの拳たち,ギフト,ギフトで加入,1,0,0,2026-09-21 18:01,2026-09-21 18:01,○,○,https://www.youtube.com/channel/UCyAcxz2lshfAZ3C-aVqVo-g
UC4lBPM5Nnm7zpi10zlDbiVA,@鈴りんな,0,新規(1ヶ月未満),,,めるねいとの拳たち,ギフト,ギフトで加入,1,0,0,2026-09-21 18:01,2026-09-21 18:01,○,○,https://www.youtube.com/channel/UC4lBPM5Nnm7zpi10zlDbiVA
UCc59vNEDp060kcczs62UbAw,@みつき08,0,新規(1ヶ月未満),,,めるねいとの拳たち,ギフト,ギフトで加入,1,0,0,2026-09-21 18:01,2026-09-21 18:01,○,○,https://www.youtube.com/channel/UCc59vNEDp060kcczs62UbAw
UC0KcgIT8Updg9ZgXz93-nHw,@下衆753,0,新規(1ヶ月未満),,,めるねいとの拳たち,ギフト,ギフトで加入,1,0,0,2026-09-21 18:01,2026-09-21 18:01,○,○,https://www.youtube.com/channel/UC0KcgIT8Updg9ZgXz93-nHw
UCmbHArgLpND5X27Kkzt47Lw,@羽賀純,0,新規(1ヶ月未満),,,めるねいとの拳たち,ギフト,ギフトで加入,1,0,0,2026-09-21 18:01,2026-09-21 18:01,○,○,https://www.youtube.com/channel/UCmbHArgLpND5X27Kkzt47Lw
UCQx00_kr5Z_zG3TMY22LA0w,@恭太郎__x1,0,新規(1ヶ月未満),,,めるねいとの拳たち,ギフト,ギフトで加入,1,0,0,2026-09-21 18:01,2026-09-21 18:01,○,○,https://www.youtube.com/channel/UCQx00_kr5Z_zG3TMY22LA0w
UC0g8xH5RdXxoxKpa7ITd3Tg,@hsiangyuchung5648,0,新規(1ヶ月未満),,,めるねいとの拳たち,ギフト,ギフトで加入,1,0,0,2026-09-21 18:01,2026-09-21 18:01,○,○,https://www.youtube.com/channel/UC0g8xH5RdXxoxKpa7ITd3Tg
UCXTD_xYIkYGsQROKbFFGmDA,@neofelis363,0,新規(1ヶ月未満),,,めるねいとの拳たち,ギフト,ギフトで加入,1,0,0,2026-09-21 18:01,2026-09-21 18:01,○,○,https://www.youtube.com/channel/UCXTD_xYIkYGsQROKbFFGmDA
UCewFZPKJCNAI0YUg7bIlb6g,@澄海_とうか,0,新規(1ヶ月未満),,,めるねいとの拳たち,ギフト,ギフトで加入,1,0,0,2026-09-21 18:01,2026-09-21 18:01,○,○,https://www.youtube.com/channel/UCewFZPKJCNAI0YUg7bIlb6g
UCtElccAW94yJvZ4ZoskrEmw,@湊-v9x,0,新規(1ヶ月未満),,,めるねいとの拳たち,ギフト,ギフトで加入,1,0,0,2026-09-21 18:01,2026-09-21 18:01,○,○,https://www.youtube.com/channel/UCtElccAW94yJvZ4ZoskrEmw
UCwHHdCc_OKgH6CO4FEYduTA,@ぷりん-t3b6s,0,新規(1ヶ月未満),,,めるねいとの拳たち,ギフト,ギフトで加入,1,0,0,2026-09-21 18:01,2026-09-21 18:01,○,○,https://www.youtube.com/channel/UCwHHdCc_OKgH6CO4FEYduTA
UClJBd-YhQTP70doELQQn1mg,@reltukatai,0,新規(1ヶ月未満),,,めるねいとの拳たち,ギフト,ギフトで加入,1,0,0,2026-09-21 18:01,2026-09-21 18:01,○,○,https://www.youtube.com/channel/UClJBd-YhQTP70doELQQn1mg
UCBDQvLaeXwUpK6D2qYG5mZw,@ニンハイ,0,新規(1ヶ月未満),,,めるねいとの拳たち,ギフト,ギフトで加入,1,0,0,2026-09-21 18:01,2026-09-21 18:01,○,○,https://www.youtube.com/channel/UCBDQvLaeXwUpK6D2qYG5mZw
UCfrnHiTm1fEN06U_UvK8jaw,@魏-ウェイ,0,新規(1ヶ月未満),,,めるねいとの拳たち,ギフト,ギフトで加入,1,0,0,2026-09-21 18:01,2026-09-21 18:01,○,○,https://www.youtube.com/channel/UCfrnHiTm1fEN06U_UvK8jaw
UCq8jsmCq9dHufgUrNyNT_og,@まはのん,0,新規(1ヶ月未満),,,めるねいとの拳たち,ギフト,ギフトで加入,1,0,0,2026-09-21 18:01,2026-09-21 18:01,○,○,https://www.youtube.com/channel/UCq8jsmCq9dHufgUrNyNT_og
UC85zDFTOfYWpWEC6mkivuhg,@ななな-f7i2f,0,新規(1ヶ月未満),,,めるねいとの拳たち,ギフト,ギフトで加入,1,0,0,2026-09-21 18:01,2026-09-21 18:01,○,○,https://www.youtube.com/channel/UC85zDFTOfYWpWEC6mkivuhg
UCG3Dx68ILHa2RtOiR4IGNXg,@ぶたたろう_JOJI,0,新規(1ヶ月未満),,,めるねいとの拳たち,ギフト,ギフトで加入,1,0,0,2026-09-21 18:01,2026-09-21 18:01,○,○,https://www.youtube.com/channel/UCG3Dx68ILHa2RtOiR4IGNXg
UCKDjweAcoFB83Vt2Goa6I0w,@yamamo__93,0,新規(1ヶ月未満),,,めるねいとの拳たち,ギフト,ギフトで加入,1,0,0,2026-09-21 18:01,2026-09-21 18:01,○,○,https://www.youtube.com/channel/UCKDjweAcoFB83Vt2Goa6I0w
UC8ml8SuO04MPNIrf0Zpl7wA,@elva6999,0,新規(1ヶ月未満),,,めるねいとの拳たち,ギフト,ギフトで加入,1,0,0,2026-09-21 18:01,2026-09-21 18:01,○,○,https://www.youtube.com/channel/UC8ml8SuO04MPNIrf0Zpl7wA
UCjOGbTw5OOJooLB8UuTGeKA,@Okineko7,0,新規(1ヶ月未満),,,めるねいとの拳たち,ギフト,ギフトで加入,1,0,0,2026-09-21 18:01,2026-09-21 18:01,○,○,https://www.youtube.com/channel/UCjOGbTw5OOJooLB8UuTGeKA
UCifsCrVbRt5IU7wg_n_rjBQ,@よもぎうり,0,新規(1ヶ月未満),,,めるねいとの拳たち,ギフト,ギフトで加入,1,0,0,2026-09-21 18:01,2026-09-21 18:01,○,○,https://www.youtube.com/channel/UCifsCrVbRt5IU7wg_n_rjBQ
UCClGQH-Q0HXHfWLZboGUX0Q,@ivuruGG,0,新規(1ヶ月未満),,,めるねいとの拳たち,ギフト,ギフトで加入,1,0,0,2026-09-21 18:01,2026-09-21 18:01,○,○,https://www.youtube.com/channel/UCClGQH-Q0HXHfWLZboGUX0Q
UCGk00peKc5tQZyEPbAx44rg,@Viola_key,0,新規(1ヶ月未満),,,めるねいとの拳たち,ギフト,ギフトで加入,1,0,0,2026-09-21 18:01,2026-09-21 18:01,○,○,https://www.youtube.com/channel/UCGk00peKc5tQZyEPbAx44rg
UCSyH2odycjzc6ef68ySuL-A,@むむp_q,0,新規(1ヶ月未満),,,めるねいとの拳たち,ギフト,ギフトで加入,1,0,0,2026-09-21 18:01,2026-09-21 18:01,○,○,https://www.youtube.com/channel/UCSyH2odycjzc6ef68ySuL-A
UCyeU3mFEM0yjsZlY9Hb7-FQ,@かなとま-l6j,0,新規(1ヶ月未満),,,めるねいとの拳たち,ギフト,ギフトで加入,1,0,0,2026-09-21 18:01,2026-09-21 18:01,○,○,https://www.youtube.com/channel/UCyeU3mFEM0yjsZlY9Hb7-FQ
UCpAwZqv1O4M3TLNYt3-rBqA,@NKYSMC,0,新規(1ヶ月未満),,,めるねいとの拳たち,ギフト,ギフトで加入,1,0,0,2026-09-21 18:01,2026-09-21 18:01,○,○,https://www.youtube.com/channel/UCpAwZqv1O4M3TLNYt3-rBqA
UCE1g3uBdJhTvDNZFi1qGyBA,@korokorokke,0,新規(1ヶ月未満),,,めるねいとの拳たち,ギフト,ギフトで加入,1,0,0,2026-09-21 18:01,2026-09-21 18:01,○,○,https://www.youtube.com/channel/UCE1g3uBdJhTvDNZFi1qGyBA
UCVbOFkCzkQidutzZtJzRAiw,@belial4056,0,新規(1ヶ月未満),,,めるねいとの拳たち,ギフト,ギフトで加入,1,0,0,2026-09-21 18:01,2026-09-21 18:01,○,○,https://www.youtube.com/channel/UCVbOFkCzkQidutzZtJzRAiw
UCPj9GaJj1FRSbZoMP24XNzA,@ツーウエイ,0,新規(1ヶ月未満),,,めるねいとの拳たち,ギフト,ギフトで加入,1,0,0,2026-09-21 18:01,2026-09-21 18:01,○,○,https://www.youtube.com/channel/UCPj9GaJj1FRSbZoMP24XNzA
UCTHpYPIxjClnBGZi1lYBdbQ,@tsuneninemuina_jp,0,新規(1ヶ月未満),,,めるねいとの拳たち,ギフト,ギフトで加入,1,0,0,2026-09-21 18:01,2026-09-21 18:01,○,○,https://www.youtube.com/channel/UCTHpYPIxjClnBGZi1lYBdbQ
UC45Oq0PydfzAzmuL8DhHrdg,@みんごす_mmm,0,新規(1ヶ月未満),,,めるねいとの拳たち,ギフト,ギフトで加入,1,0,0,2026-09-21 18:01,2026-09-21 18:01,○,○,https://www.youtube.com/channel/UC45Oq0PydfzAzmuL8DhHrdg
UCFrfgutNpJMl_BKJwJQEiqA,@林檎-m5o,0,新規(1ヶ月未満),,,めるねいとの拳たち,ギフト,ギフトで加入,1,0,0,2026-09-21 18:01,2026-09-21 18:01,○,○,https://www.youtube.com/channel/UCFrfgutNpJMl_BKJwJQEiqA
UChIB9JRb6iZJtI8vQEEMzHQ,@たそt,0,新規(1ヶ月未満),,,めるねいとの拳たち,ギフト,ギフトで加入,1,0,0,2026-09-21 18:01,2026-09-21 18:01,○,○,https://www.youtube.com/channel/UChIB9JRb6iZJtI8vQEEMzHQ
UCiTDlteCnU9gefVK_BqVnrw,@3qy_ch1,0,新規(1ヶ月未満),,,めるねいとの拳たち,ギフト,ギフトで加入,1,0,0,2026-09-21 18:01,2026-09-21 18:01,○,○,https://www.youtube.com/channel/UCiTDlteCnU9gefVK_BqVnrw
UCAvNDofD4q3BiRoH6DuXi0Q,@manslang3961,0,新規(1ヶ月未満),,,めるねいとの拳たち,ギフト,ギフトで加入,1,0,0,2026-09-21 18:01,2026-09-21 18:01,○,○,https://www.youtube.com/channel/UCAvNDofD4q3BiRoH6DuXi0Q
UCGjVkbfBWnLvO6gjWjqYqmw,@まこまこ-t4f,0,新規(1ヶ月未満),,,めるねいとの拳たち,ギフト,ギフトで加入,1,0,0,2026-09-21 18:01,2026-09-21 18:01,○,○,https://www.youtube.com/channel/UCGjVkbfBWnLvO6gjWjqYqmw
UCLVvSP31r4cY4ACmGuR3SOw,@おフランス製,0,新規(1ヶ月未満),,,めるねいとの拳たち,ギフト,ギフトで加入,1,0,0,2026-09-21 18:01,2026-09-21 18:01,○,○,https://www.youtube.com/channel/UCLVvSP31r4cY4ACmGuR3SOw
UC0mBPfIHFAsjBjNPd95rDyw,@iroha9723,0,新規(1ヶ月未満),,,めるねいとの拳たち,ギフト,ギフトで加入,1,0,0,2026-09-21 18:01,2026-09-21 18:01,○,○,https://www.youtube.com/channel/UC0mBPfIHFAsjBjNPd95rDyw
UCfMiIVz6ywcERsvAj6wO85Q,@mohris99,0,新規(1ヶ月未満),,,めるねいとの拳たち,ギフト,ギフトで加入,1,0,0,2026-09-21 18:01,2026-09-21 18:01,○,○,https://www.youtube.com/channel/UCfMiIVz6ywcERsvAj6wO85Q
UCRzFr79_KsJlXfN_-A4kqcg,@日向夏-g8i,0,新規(1ヶ月未満),,,めるねいとの拳たち,ギフト,ギフトで加入,1,0,0,2026-09-21 18:01,2026-09-21 18:01,○,○,https://www.youtube.com/channel/UCRzFr79_KsJlXfN_-A4kqcg
UCvTeVVYgZ_X3L0iNKrTeTug,@Luoluoluoluoluoq,0,新規(1ヶ月未満),,,めるねいとの拳たち,ギフト,ギフトで加入,1,0,0,2026-09-21 18:01,2026-09-21 18:01,○,○,https://www.youtube.com/channel/UCvTeVVYgZ_X3L0iNKrTeTug
UCKCE9LC8duPjjVQgLJfk67Q,@k1ngbula,0,新規(1ヶ月未満),,,めるねいとの拳たち,ギフト,ギフトで加入,1,0,0,2026-09-21 18:01,2026-09-21 18:01,○,○,https://www.youtube.com/channel/UCKCE9LC8duPjjVQgLJfk67Q
UCYq7Mmcol7pCrT0pohqboiQ,@こっきー-z6u,0,新規(1ヶ月未満),,,めるねいとの拳たち,ギフト,ギフトで加入,1,0,0,2026-09-21 18:01,2026-09-21 18:01,○,○,https://www.youtube.com/channel/UCYq7Mmcol7pCrT0pohqboiQ
UCOAEd9DsiBYMRoFcQbeMTGg,@のろまのうさぎ,0,新規(1ヶ月未満),,,めるねいとの拳たち,ギフト,ギフトで加入,1,0,0,2026-09-21 18:01,2026-09-21 18:01,○,○,https://www.youtube.com/channel/UCOAEd9DsiBYMRoFcQbeMTGg
UCPZD0kioq220CAnCcBYp-Ig,@セルケト-w7u,0,新規(1ヶ月未満),,,めるねいとの拳たち,ギフト,ギフトで加入,1,0,0,2026-09-21 18:01,2026-09-21 18:01,○,○,https://www.youtube.com/channel/UCPZD0kioq220CAnCcBYp-Ig
UCSECina1Vrmhwtv4By1tBVg,@田中太郎-y4d1v,0,新規(1ヶ月未満),,,めるねいとの拳たち,ギフト,ギフトで加入,1,0,0,2026-09-21 18:01,2026-09-21 18:01,○,○,https://www.youtube.com/channel/UCSECina1Vrmhwtv4By1tBVg
UCDb4WylB1Y6gEMh05VHApRg,@あもすssss,0,新規(1ヶ月未満),,,めるねいとの拳たち,ギフト,ギフトで加入,1,0,0,2026-09-21 18:01,2026-09-21 18:01,○,○,https://www.youtube.com/channel/UCDb4WylB1Y6gEMh05VHApRg
UCTIKgg9UulqtD1nBhT6IoCg,@くみたん-rin,0,新規(1ヶ月未満),,,めるねいとの拳たち,ギフト,ギフトで加入,1,0,0,2026-09-21 18:01,2026-09-21 18:01,○,○,https://www.youtube.com/channel/UCTIKgg9UulqtD1nBhT6IoCg
UCpNhwGWUZKpQzTVQdJOUqtg,@チョンもらび,0,新規(1ヶ月未満),,,めるねいとの拳たち,ギフト,ギフトで加入,1,0,0,2026-09-21 18:01,2026-09-21 18:01,○,○,https://www.youtube.com/channel/UCpNhwGWUZKpQzTVQdJOUqtg
UCd56diVNEkgUNh2y1s0dyRw,@ika_jelly,0,新規(1ヶ月未満),,,めるねいとの拳たち,ギフト,ギフトで加入,1,0,0,2026-09-21 18:01,2026-09-21 18:01,○,○,https://www.youtube.com/channel/UCd56diVNEkgUNh2y1s0dyRw
UCN8H2M0NGg5JQ31iPoOMOSQ,@アズマ777,0,新規(1ヶ月未満),,,めるねいとの拳たち,ギフト,ギフトで加入,1,0,0,2026-09-21 18:01,2026-09-21 18:01,○,○,https://www.youtube.com/channel/UCN8H2M0NGg5JQ31iPoOMOSQ
UCda9EDaU87Q9uYcgD-l1euQ,@詩-f3u,0,新規(1ヶ月未満),,,めるねいとの拳たち,ギフト,ギフトで加入,1,0,0,2026-09-21 18:01,2026-09-21 18:01,○,○,https://www.youtube.com/channel/UCda9EDaU87Q9uYcgD-l1euQ
UCZSJo56FkQkztSUZHOE9QJA,@ぜら-m3q,0,新規(1ヶ月未満),,,めるねいとの拳たち,ギフト,ギフトで加入,1,0,0,2026-09-21 18:01,2026-09-21 18:01,○,○,https://www.youtube.com/channel/UCZSJo56FkQkztSUZHOE9QJA
UC4JcO5eBJmOLLHFLO2aWipw,@りりんのおう,0,新規(1ヶ月未満),,,めるねいとの拳たち,ギフト,ギフトで加入,1,0,0,2026-09-21 18:01,2026-09-21 18:01,○,○,https://www.youtube.com/channel/UC4JcO5eBJmOLLHFLO2aWipw
UCYTjeme2IxiRK5WG6B3dFBg,@ゆゆゆゆ-g7t,0,新規(1ヶ月未満),,,めるねいとの拳たち,ギフト,ギフトで加入,1,0,0,2026-09-21 18:01,2026-09-21 18:01,○,○,https://www.youtube.com/channel/UCYTjeme2IxiRK5WG6B3dFBg
UCjJ7imks5VMYwgpd7iYU6qg,@mrsho7399,0,新規(1ヶ月未満),,,めるねいとの拳たち,ギフト,ギフトで加入,1,0,0,2026-09-21 18:01,2026-09-21 18:01,○,○,https://www.youtube.com/channel/UCjJ7imks5VMYwgpd7iYU6qg
UCq9ff3dQCnOiSdg80Azixwg,@ぷりけつ-z8j,0,新規(1ヶ月未満),,,めるねいとの拳たち,ギフト,ギフトで加入,1,0,0,2026-09-21 18:01,2026-09-21 18:01,○,○,https://www.youtube.com/channel/UCq9ff3dQCnOiSdg80Azixwg
UCwroa1RGmX-yD8WmPcyaueg,@志ミノタケ,0,新規(1ヶ月未満),,,めるねいとの拳たち,ギフト,ギフトで加入,1,0,0,2026-09-21 18:01,2026-09-21 18:01,○,○,https://www.youtube.com/channel/UCwroa1RGmX-yD8WmPcyaueg
UCGi4qN_QOSYWrrOakGSYUWA,@溝口駿介,0,新規(1ヶ月未満),,,めるねいとの拳たち,ギフト,ギフトで加入,1,0,0,2026-09-21 18:01,2026-09-21 18:01,○,○,https://www.youtube.com/channel/UCGi4qN_QOSYWrrOakGSYUWA
UCKZyKZLebpJw2bLNcHIOGuA,@miayawn,0,新規(1ヶ月未満),,,めるねいとの拳たち,ギフト,ギフトで加入,1,0,0,2026-09-21 18:01,2026-09-21 18:01,○,○,https://www.youtube.com/channel/UCKZyKZLebpJw2bLNcHIOGuA
UCmO_AI1gpbOk1yXc-pHk3ZQ,@ab-rs5mb,0,新規(1ヶ月未満),,,めるねいとの拳たち,ギフト,ギフトで加入,1,0,0,2026-09-21 18:01,2026-09-21 18:01,○,○,https://www.youtube.com/channel/UCmO_AI1gpbOk1yXc-pHk3ZQ
UCUqlW8UcHSdenhr8F08Pw3w,@とっき-q5r,0,新規(1ヶ月未満),,,めるねいとの拳たち,ギフト,ギフトで加入,1,0,0,2026-09-21 18:01,2026-09-21 18:01,○,○,https://www.youtube.com/channel/UCUqlW8UcHSdenhr8F08Pw3w
UCTef6pMMFzCBtyijTD4hIIQ,@komainu4515,0,新規(1ヶ月未満),,,めるねいとの拳たち,ギフト,ギフトで加入,1,0,0,2026-09-21 18:01,2026-09-21 18:01,○,○,https://www.youtube.com/channel/UCTef6pMMFzCBtyijTD4hIIQ
UCpBNMl7EbMqbc_NGQOjgizg,@秋分-しゅうぶん-のななくさ,0,新規(1ヶ月未満),,,めるねいとの拳たち,ギフト,ギフトで加入,1,0,0,2026-09-21 18:01,2026-09-21 18:01,○,○,https://www.youtube.com/channel/UCpBNMl7EbMqbc_NGQOjgizg
UClFEMIETo6I3QprBcas1wMQ,@サトウシオ-h5l,0,新規(1ヶ月未満),,,めるねいとの拳たち,ギフト,ギフトで加入,1,0,0,2026-09-21 18:01,2026-09-21 18:01,○,○,https://www.youtube.com/channel/UClFEMIETo6I3QprBcas1wMQ
UChJ5w7H-kUgpnUpptU3_Euw,@りの-e3n,0,新規(1ヶ月未満),,,めるねいとの拳たち,ギフト,ギフトで加入,1,0,0,2026-09-21 18:01,2026-09-21 18:01,○,○,https://www.youtube.com/channel/UChJ5w7H-kUgpnUpptU3_Euw
UCbu8zW-1t1651pjW-bhHZyw,@Nosuura,0,新規(1ヶ月未満),,,めるねいとの拳たち,ギフト,ギフトで加入,1,0,0,2026-09-21 18:01,2026-09-21 18:01,○,○,https://www.youtube.com/channel/UCbu8zW-1t1651pjW-bhHZyw
UCHBKIouzZ6u3lXyFH1F-MNA,@ネノモネナノモナネス-u5t,0,新規(1ヶ月未満),,,めるねいとの拳たち,ギフト,ギフトで加入,1,0,0,2026-09-21 18:01,2026-09-21 18:01,○,○,https://www.youtube.com/channel/UCHBKIouzZ6u3lXyFH1F-MNA
UChi285VxwYbXMoEV6s7-owA,@輪ゴムです,0,新規(1ヶ月未満),,,めるねいとの拳たち,ギフト,ギフトで加入,1,0,0,2026-09-21 18:01,2026-09-21 18:01,○,○,https://www.youtube.com/channel/UChi285VxwYbXMoEV6s7-owA
UCpvq9aVAkjB_RJN6FoTL_1g,@bonbon46582,0,新規(1ヶ月未満),,,めるねいとの拳たち,ギフト,ギフトで加入,1,0,0,2026-09-21 18:01,2026-09-21 18:01,○,○,https://www.youtube.com/channel/UCpvq9aVAkjB_RJN6FoTL_1g
UCvmg5ukRvQHfr53rzVDg0Yg,@フンババ-z2s,0,新規(1ヶ月未満),,,めるねいとの拳たち,ギフト,ギフトで加入,1,0,0,2026-09-21 18:01,2026-09-21 18:01,○,○,https://www.youtube.com/channel/UCvmg5ukRvQHfr53rzVDg0Yg
UChfX0Hr7oCHUWIaeGWxFltw,@ほしうめ-y2n,0,新規(1ヶ月未満),,,めるねいとの拳たち,ギフト,ギフトで加入,1,0,0,2026-09-21 18:01,2026-09-21 18:01,○,○,https://www.youtube.com/channel/UChfX0Hr7oCHUWIaeGWxFltw
UCQkcawPM_HRsBKFbU7FsiQQ,@にいみ-t1e,0,新規(1ヶ月未満),,,めるねいとの拳たち,ギフト,ギフトで加入,1,0,0,2026-09-21 18:01,2026-09-21 18:01,○,○,https://www.youtube.com/channel/UCQkcawPM_HRsBKFbU7FsiQQ
UC-27ow2JL1CrmlXkICBtJsg,@shibawata,0,新規(1ヶ月未満),,,めるねいとの拳たち,ギフト,ギフトで加入,1,0,0,2026-09-21 18:01,2026-09-21 18:01,○,○,https://www.youtube.com/channel/UC-27ow2JL1CrmlXkICBtJsg
UCfDqx9378uzkOQ-KJPz-7zQ,@青リンゴゼリー,0,新規(1ヶ月未満),,,めるねいとの拳たち,ギフト,ギフトで加入,1,0,0,2026-09-21 18:01,2026-09-21 18:01,○,○,https://www.youtube.com/channel/UCfDqx9378uzkOQ-KJPz-7zQ
UCfzoWqresZhPJsLRmLsPHjw,@sugarl3ss605,0,新規(1ヶ月未満),,,めるねいとの拳たち,ギフト,ギフトで加入,1,0,0,2026-09-21 18:01,2026-09-21 18:01,○,○,https://www.youtube.com/channel/UCfzoWqresZhPJsLRmLsPHjw
UC4Z2Acg5J5AcVRJbmLXdJHw,@フの人,0,新規(1ヶ月未満),,,めるねいとの拳たち,ギフト,ギフトで加入,1,0,0,2026-09-21 18:01,2026-09-21 18:01,○,○,https://www.youtube.com/channel/UC4Z2Acg5J5AcVRJbmLXdJHw
UC5m3UaVI1Q_RuRt2_-ZgHkA,@46wata_sleepy,0,新規(1ヶ月未満),,,めるねいとの拳たち,ギフト,ギフトで加入,1,0,0,2026-09-21 18:01,2026-09-21 18:01,○,○,https://www.youtube.com/channel/UC5m3UaVI1Q_RuRt2_-ZgHkA
UC6VZLg9i08a56XfOS9G4JTg,@テルミ-w5e,0,新規(1ヶ月未満),,,めるねいとの拳たち,ギフト,ギフトで加入,1,0,0,2026-09-21 18:01,2026-09-21 18:01,○,○,https://www.youtube.com/channel/UC6VZLg9i08a56XfOS9G4JTg
UCB1GoqYKY6qp6g6iyjlFmJg,@byeongyunkang2762,0,新規(1ヶ月未満),,,めるねいとの拳たち,ギフト,ギフトで加入,1,0,0,2026-09-21 18:01,2026-09-21 18:01,○,○,https://www.youtube.com/channel/UCB1GoqYKY6qp6g6iyjlFmJg
UCK4CeYTPsnRtDAdt5iDY-lA,@さぶろー-q8r,0,新規(1ヶ月未満),,,めるねいとの拳たち,ギフト,ギフトで加入,1,0,0,2026-09-21 18:01,2026-09-21 18:01,○,○,https://www.youtube.com/channel/UCK4CeYTPsnRtDAdt5iDY-lA
UCXeUCcIRVE-HmmCkk8KrO9g,@うさ茶-d9r,0,新規(1ヶ月未満),,,めるねいとの拳たち,ギフト,ギフトで加入,1,0,0,2026-09-21 18:01,2026-09-21 18:01,○,○,https://www.youtube.com/channel/UCXeUCcIRVE-HmmCkk8KrO9g
UCNSeKDsT1mhrBnWSHE9XJ9w,@Vaio_tt,0,新規(1ヶ月未満),,,めるねいとの拳たち,ギフト,ギフトで加入,1,0,0,2026-09-21 18:01,2026-09-21 18:01,○,○,https://www.youtube.com/channel/UCNSeKDsT1mhrBnWSHE9XJ9w
UCAL4yiMteCwu7GJRPpxkArQ,@N-KEA,0,新規(1ヶ月未満),,,めるねいとの拳たち,ギフト,ギフトで加入,1,0,0,2026-09-21 18:01,2026-09-21 18:01,○,○,https://www.youtube.com/channel/UCAL4yiMteCwu7GJRPpxkArQ
UCVeIqEbyjFNXf_Ta7iQsF3Q,@staxarax,0,新規(1ヶ月未満),,,めるねいとの拳たち,ギフト,ギフトで加入,1,0,0,2026-09-21 18:01,2026-09-21 18:01,○,○,https://www.youtube.com/channel/UCVeIqEbyjFNXf_Ta7iQsF3Q
UCImT4WAJgDu34IciNY1HuvA,@ひよこ職人,0,新規(1ヶ月未満),,,めるねいとの拳たち,ギフト,ギフトで加入,1,0,0,2026-09-21 18:01,2026-09-21 18:01,○,○,https://www.youtube.com/channel/UCImT4WAJgDu34IciNY1HuvA
UCcKBzp7KvrcWXP6QuqIGHdg,@panjack82,0,新規(1ヶ月未満),,,めるねいとの拳たち,ギフト,ギフトで加入,1,0,0,2026-09-21 18:01,2026-09-21 18:01,○,○,https://www.youtube.com/channel/UCcKBzp7KvrcWXP6QuqIGHdg
UCIP3maqvyVnpAJwkUumYhVA,@ビリーくん5447,0,新規(1ヶ月未満),,,めるねいとの拳たち,ギフト,ギフトで加入,1,0,0,2026-09-21 18:01,2026-09-21 18:01,○,○,https://www.youtube.com/channel/UCIP3maqvyVnpAJwkUumYhVA
UCxDECrBvrcSrBlv0MFOpyiQ,@ちきんぼーい-q2m,0,新規(1ヶ月未満),,,めるねいとの拳たち,ギフト,ギフトで加入,1,0,0,2026-09-21 18:01,2026-09-21 18:01,○,○,https://www.youtube.com/channel/UCxDECrBvrcSrBlv0MFOpyiQ
UCRG6SRwlfhhCvu7zty4vLAA,@MBomb-i5k,0,新規(1ヶ月未満),,,めるねいとの拳たち,ギフト,ギフトで加入,1,0,0,2026-09-21 18:01,2026-09-21 18:01,○,○,https://www.youtube.com/channel/UCRG6SRwlfhhCvu7zty4vLAA
UCslb9_aHtrqPB--uGbAPF9Q,@una_giii33,0,新規(1ヶ月未満),,,めるねいとの拳たち,ギフト,ギフトで加入,1,0,0,2026-09-21 18:01,2026-09-21 18:01,○,○,https://www.youtube.com/channel/UCslb9_aHtrqPB--uGbAPF9Q
UCzPA5hCQfy9FJ05J3D0X2HA,@サハ-k1u,0,新規(1ヶ月未満),,,めるねいとの拳たち,ギフト,ギフトで加入,1,0,0,2026-09-21 18:01,2026-09-21 18:01,○,○,https://www.youtube.com/channel/UCzPA5hCQfy9FJ05J3D0X2HA
UCCQujryICsJ274XutJW7SUg,@yun_yun_mohu,0,新規(1ヶ月未満),,,めるねいとの拳たち,ギフト,ギフトで加入,1,0,0,2026-09-21 18:01,2026-09-21 18:01,○,○,https://www.youtube.com/channel/UCCQujryICsJ274XutJW7SUg
UCTU_lTStLCEu9_oM3CxzzEQ,@猫好き_tn,0,新規(1ヶ月未満),,,めるねいとの拳たち,ギフト,ギフトで加入,1,0,0,2026-09-21 18:01,2026-09-21 18:01,○,○,https://www.youtube.com/channel/UCTU_lTStLCEu9_oM3CxzzEQ
UC0XybgVMYqWCCkinIt44RKQ,@チラァ,0,新規(1ヶ月未満),,,めるねいとの拳たち,ギフト,ギフトで加入,1,0,0,2026-09-21 18:01,2026-09-21 18:01,○,○,https://www.youtube.com/channel/UC0XybgVMYqWCCkinIt44RKQ
UCdS-nQGIVJxZV9d2vwymG0w,@amane3136,0,新規(1ヶ月未満),,,めるねいとの拳たち,ギフト,ギフトで加入,1,0,0,2026-09-21 18:01,2026-09-21 18:01,○,○,https://www.youtube.com/channel/UCdS-nQGIVJxZV9d2vwymG0w
UCsQhR7XN-QxL7oCEKNzGmyw,@あさぎ-x6j,0,新規(1ヶ月未満),,,めるねいとの拳たち,ギフト,ギフトで加入,1,0,0,2026-09-21 18:01,2026-09-21 18:01,○,○,https://www.youtube.com/channel/UCsQhR7XN-QxL7oCEKNzGmyw
UCeAmDFtu9m-eTtdsG8IWA9w,@sikisai2254,0,新規(1ヶ月未満),,,めるねいとの拳たち,ギフト,ギフトで加入,1,0,0,2026-09-21 18:01,2026-09-21 18:01,○,○,https://www.youtube.com/channel/UCeAmDFtu9m-eTtdsG8IWA9w
UC4_O3Y9HeYVpYcMsQ962Scw,@おたまX,0,新規(1ヶ月未満),,,めるねいとの拳たち,ギフト,ギフトで加入,1,0,0,2026-09-21 18:01,2026-09-21 18:01,○,○,https://www.youtube.com/channel/UC4_O3Y9HeYVpYcMsQ962Scw
UCgdDY-_6WwIFllp1Hag4BQw,@Chromeee892,0,新規(1ヶ月未満),,,めるねいとの拳たち,ギフト,ギフトで加入,1,0,0,2026-09-21 18:01,2026-09-21 18:01,○,○,https://www.youtube.com/channel/UCgdDY-_6WwIFllp1Hag4BQw
UCikdhk9LwH2wtkKxoXSIYxg,@massshin3751,0,新規(1ヶ月未満),,,めるねいとの拳たち,ギフト,ギフトで加入,1,0,0,2026-09-21 18:01,2026-09-21 18:01,○,○,https://www.youtube.com/channel/UCikdhk9LwH2wtkKxoXSIYxg
UCkHWy6r0JIMuzXHLj0zuT_g,@Masafuji-q,0,新規(1ヶ月未満),,,めるねいとの拳たち,ギフト,ギフトで加入,1,0,0,2026-09-21 18:01,2026-09-21 18:01,○,○,https://www.youtube.com/channel/UCkHWy6r0JIMuzXHLj0zuT_g
UCAFK4A94PTyE1r4tt0DTFcg,@RA4N-j5h,0,新規(1ヶ月未満),,,めるねいとの拳たち,ギフト,ギフトで加入,1,0,0,2026-09-21 18:01,2026-09-21 18:01,○,○,https://www.youtube.com/channel/UCAFK4A94PTyE1r4tt0DTFcg
UCLCYy_v_NBV0lldDNrcq9Hw,@みはる-3hr,0,新規(1ヶ月未満),,,めるねいとの拳たち,ギフト,ギフトで加入,1,0,0,2026-09-21 18:01,2026-09-21 18:01,○,○,https://www.youtube.com/channel/UCLCYy_v_NBV0lldDNrcq9Hw
UCnCe9al1z6eShWe91xkzzmw,@さいだー-q4x,0,新規(1ヶ月未満),,,めるねいとの拳たち,ギフト,ギフトで加入,1,0,0,2026-09-21 18:01,2026-09-21 18:01,○,○,https://www.youtube.com/channel/UCnCe9al1z6eShWe91xkzzmw
UCNcyzDdunOmtp4EEckiTzqg,@まろ-y5t,0,新規(1ヶ月未満),,,めるねいとの拳たち,ギフト,ギフトで加入,1,0,0,2026-09-21 18:01,2026-09-21 18:01,○,○,https://www.youtube.com/channel/UCNcyzDdunOmtp4EEckiTzqg
UCKGs9-YDlJ12tXEDUDWuuzA,@sasanqua1993,0,新規(1ヶ月未満),,,めるねいとの拳たち,ギフト,ギフトで加入,1,0,0,2026-09-21 18:01,2026-09-21 18:01,○,○,https://www.youtube.com/channel/UCKGs9-YDlJ12tXEDUDWuuzA
UCX7zUY4BL26v0CrcsMFwfyw,@いりこ-w5r,0,新規(1ヶ月未満),,,めるねいとの拳たち,ギフト,ギフトで加入,1,0,0,2026-09-21 18:01,2026-09-21 18:01,○,○,https://www.youtube.com/channel/UCX7zUY4BL26v0CrcsMFwfyw
UCQfeeSbvyQrBOAEk5DqbfqQ,@kei-sw6ee,0,新規(1ヶ月未満),,,めるねいとの拳たち,ギフト,ギフトで加入,1,0,0,2026-09-21 18:01,2026-09-21 18:01,○,○,https://www.youtube.com/channel/UCQfeeSbvyQrBOAEk5DqbfqQ
UCD37qZ7m2j8-OQhrqkXd5mA,@木木鼠OMO,0,新規(1ヶ月未満),,,めるねいとの拳たち,ギフト,ギフトで加入,1,0,0,2026-09-21 18:01,2026-09-21 18:01,○,○,https://www.youtube.com/channel/UCD37qZ7m2j8-OQhrqkXd5mA
UCEubbMp76V8E0KX2w-hBx9w,@お肉02959,0,新規(1ヶ月未満),,,めるねいとの拳たち,ギフト,ギフトで加入,1,0,0,2026-09-21 18:01,2026-09-21 18:01,○,○,https://www.youtube.com/channel/UCEubbMp76V8E0KX2w-hBx9w
UCDGvTa7rqhl2QbRaqLLdmhg,@suba844,0,新規(1ヶ月未満),,,めるねいとの拳たち,ギフト,ギフトで加入,1,0,0,2026-09-21 18:01,2026-09-21 18:01,○,○,https://www.youtube.com/channel/UCDGvTa7rqhl2QbRaqLLdmhg
UCZaI9J3d_LuOTEyt6THOGhg,@rui98493,0,新規(1ヶ月未満),,,めるねいとの拳たち,ギフト,ギフトで加入,1,0,0,2026-09-21 18:01,2026-09-21 18:01,○,○,https://www.youtube.com/channel/UCZaI9J3d_LuOTEyt6THOGhg
UCauTVdSvZdJHLqCxNk4wcew,@ハト_ぽっぽ,0,新規(1ヶ月未満),,,めるねいとの拳たち,ギフト,ギフトで加入,1,0,0,2026-09-21 18:01,2026-09-21 18:01,○,○,https://www.youtube.com/channel/UCauTVdSvZdJHLqCxNk4wcew
UCvKmeHDGd7aH9ku-teHMfPQ,@ナズナマル,0,新規(1ヶ月未満),,,めるねいとの拳たち,ギフト,ギフトで加入,1,0,0,2026-09-21 18:01,2026-09-21 18:01,○,○,https://www.youtube.com/channel/UCvKmeHDGd7aH9ku-teHMfPQ
UClHgpuU5xZ_qi6o-ZMpN3uA,@キラー-j6s,0,新規(1ヶ月未満),,,めるねいとの拳たち,ギフト,ギフトで加入,1,0,0,2026-09-21 18:01,2026-09-21 18:01,○,○,https://www.youtube.com/channel/UClHgpuU5xZ_qi6o-ZMpN3uA
UCX0IJ4-wbQCuHBXafQX2LzA,@working_ymd,0,新規(1ヶ月未満),,,めるねいとの拳たち,ギフト,ギフトで加入,1,0,0,2026-09-21 18:01,2026-09-21 18:01,○,○,https://www.youtube.com/channel/UCX0IJ4-wbQCuHBXafQX2LzA
UC25pXS-jnEorUt4XPFQrs_w,@YuKi-lx4gw,0,新規(1ヶ月未満),,,めるねいとの拳たち,ギフト,ギフトで加入,1,0,0,2026-09-21 18:01,2026-09-21 18:01,○,○,https://www.youtube.com/channel/UC25pXS-jnEorUt4XPFQrs_w
UC_rRGLhlrNvy_b9CvD7S4Sw,@jamesji-san3358,0,新規(1ヶ月未満),,,めるねいとの拳たち,ギフト,ギフトで加入,1,0,0,2026-09-21 18:01,2026-09-21 18:01,○,○,https://www.youtube.com/channel/UC_rRGLhlrNvy_b9CvD7S4Sw
UCxm2kF1BKcc4IFW79wcB84Q,@srsube,0,新規(1ヶ月未満),,,めるねいとの拳たち,ギフト,ギフトで加入,1,0,0,2026-09-21 18:01,2026-09-21 18:01,○,○,https://www.youtube.com/channel/UCxm2kF1BKcc4IFW79wcB84Q
UCPpeURZUSvJ8qOhamT5Pbyg,@きょーごkr,0,新規(1ヶ月未満),,,めるねいとの拳たち,ギフト,ギフトで加入,1,0,0,2026-09-21 18:01,2026-09-21 18:01,○,○,https://www.youtube.com/channel/UCPpeURZUSvJ8qOhamT5Pbyg
UCPPjTMWoRUqZVnjzd5i3BUQ,@masumiii_,0,新規(1ヶ月未満),,,めるねいとの拳たち,ギフト,ギフトで加入,1,0,0,2026-09-21 18:01,2026-09-21 18:01,○,○,https://www.youtube.com/channel/UCPPjTMWoRUqZVnjzd5i3BUQ
UCl2gk_rlhlhB0XPSi_o_kGQ,@みやせ-p8q,0,新規(1ヶ月未満),,,めるねいとの拳たち,ギフト,ギフトで加入,1,0,0,2026-09-21 18:01,2026-09-21 18:01,○,○,https://www.youtube.com/channel/UCl2gk_rlhlhB0XPSi_o_kGQ
UCMu3EStaLvJ_MCUnER_fIrw,@Ittou84,0,新規(1ヶ月未満),New member,,めるねいとの拳たち,新規加入,,1,0,0,2026-09-23 21:03,2026-09-23 21:03,○,,https://www.youtube.com/channel/UCMu3EStaLvJ_MCUnER_fIrw
UCVA5TuUwLlRhxDIiMP3yPZg,@デポンマン,0,新規(1ヶ月未満),New member,,不明,,,1,4,0,2026-09-26 21:01,2026-09-26 21:01,,,https://www.youtube.com/channel/UCVA5TuUwLlRhxDIiMP3yPZg
UCXsBdHXnd1fEDM3NCQdru0g,@mato3167,0,新規(1ヶ月未満),New member,,めるねいとの拳たち,ギフト,ギフトで加入,1,2,0,2026-09-26 21:01,2026-09-26 21:01,○,○,https://www.youtube.com/channel/UCXsBdHXnd1fEDM3NCQdru0g
UCMJy09pAhebI0COx-oqDcvw,@アストラル9,0,新規(1ヶ月未満),New member,,めるねいとの拳たち,新規加入,,1,2,0,2026-09-26 21:01,2026-09-26 21:01,○,,https://www.youtube.com/channel/UCMJy09pAhebI0COx-oqDcvw
UCv2YkAzror_idS6R6gjDBOg,@りゃう-z4t,0,新規(1ヶ月未満),,,めるねいとの拳たち,ギフト,ギフトで加入,1,0,0,2026-09-26 21:01,2026-09-26 21:01,○,○,https://www.youtube.com/channel/UCv2YkAzror_idS6R6gjDBOg
UCd76tG_m233-LXmBtXjIaOQ,@都市基地_にゃも7,0,新規(1ヶ月未満),,,めるねいとの拳たち,ギフト,ギフトで加入,1,0,0,2026-09-26 21:01,2026-09-26 21:01,○,○,https://www.youtube.com/channel/UCd76tG_m233-LXmBtXjIaOQ
UCZ4DT5vLR5anbVdtiSbkVxA,@Y0HJI-Ale,0,新規(1ヶ月未満),,,めるねいとの拳たち,ギフト,ギフトで加入,1,0,0,2026-09-26 21:01,2026-09-26 21:01,○,○,https://www.youtube.com/channel/UCZ4DT5vLR5anbVdtiSbkVxA
UCQfpKFK7oHGSeDLgVNUOZgA,@schien7303,0,新規(1ヶ月未満),,,めるねいとの拳たち,ギフト,ギフトで加入,1,0,0,2026-09-26 21:01,2026-09-26 21:01,○,○,https://www.youtube.com/channel/UCQfpKFK7oHGSeDLgVNUOZgA
UC2VGDCY3sAlGeQIJ1Xq92jA,@mahirun_874,0,新規(1ヶ月未満),,,めるねいとの拳たち,ギフト,ギフトで加入,1,0,0,2026-09-26 21:01,2026-09-26 21:01,○,○,https://www.youtube.com/channel/UC2VGDCY3sAlGeQIJ1Xq92jA
UCFcBxYllVJumlQHzcCaOkgQ,@rokisin0322,0,新規(1ヶ月未満),,,めるねいとの拳たち,ギフト,ギフトで加入,1,0,0,2026-09-26 21:01,2026-09-26 21:01,○,○,https://www.youtube.com/channel/UCFcBxYllVJumlQHzcCaOkgQ
UCvrkk5UXL1XJu2lsQwOcTDg,@きり-u1n,0,新規(1ヶ月未満),,,めるねいとの拳たち,ギフト,ギフトで加入,1,0,0,2026-09-26 21:01,2026-09-26 21:01,○,○,https://www.youtube.com/channel/UCvrkk5UXL1XJu2lsQwOcTDg
UCkRUGLpeuf8WPHR1KM2sIwA,@ヘルシング-d5n,0,新規(1ヶ月未満),,,めるねいとの拳たち,ギフト,ギフトで加入,1,0,0,2026-09-26 21:01,2026-09-26 21:01,○,○,https://www.youtube.com/channel/UCkRUGLpeuf8WPHR1KM2sIwA
UCQKymboVYOlwCOqBWoAjNLA,@トバリ-q7w,0,新規(1ヶ月未満),,,めるねいとの拳たち,ギフト,ギフトで加入,1,0,0,2026-09-26 21:01,2026-09-26 21:01,○,○,https://www.youtube.com/channel/UCQKymboVYOlwCOqBWoAjNLA
UChRDLZG0IdGV5S86wlpL5xQ,@mutt-qosmanqj,0,新規(1ヶ月未満),,,めるねいとの拳たち,ギフト,ギフトで加入,1,0,0,2026-09-26 21:01,2026-09-26 21:01,○,○,https://www.youtube.com/channel/UChRDLZG0IdGV5S86wlpL5xQ
UC7moHhNPBBHoLcB-oC8ByzA,@eibun-wa,0,新規(1ヶ月未満),,,めるねいとの拳たち,ギフト,ギフトで加入,1,0,0,2026-09-26 21:01,2026-09-26 21:01,○,○,https://www.youtube.com/channel/UC7moHhNPBBHoLcB-oC8ByzA
UCWww7SVuoN9szEYjWHNJcxQ,@a.k.a.7175,0,新規(1ヶ月未満),,,めるねいとの拳たち,ギフト,ギフトで加入,1,0,0,2026-09-26 21:01,2026-09-26 21:01,○,○,https://www.youtube.com/channel/UCWww7SVuoN9szEYjWHNJcxQ
UCS1j2eIrglF1tsep7aT1BLQ,@nyoku_pi,0,新規(1ヶ月未満),,,めるねいとの拳たち,ギフト,ギフトで加入,1,0,0,2026-09-26 21:01,2026-09-26 21:01,○,○,https://www.youtube.com/channel/UCS1j2eIrglF1tsep7aT1BLQ
UCMehX_c-pWt5c4mRNqGUk1g,@一般的なファン,0,新規(1ヶ月未満),,,めるねいとの拳たち,ギフト,ギフトで加入,1,0,0,2026-09-26 21:01,2026-09-26 21:01,○,○,https://www.youtube.com/channel/UCMehX_c-pWt5c4mRNqGUk1g
UCLu7WbLR4BxBFRAWF47fpzw,@perilla__sugar,0,新規(1ヶ月未満),,,めるねいとの拳たち,ギフト,ギフトで加入,1,0,0,2026-09-26 21:01,2026-09-26 21:01,○,○,https://www.youtube.com/channel/UCLu7WbLR4BxBFRAWF47fpzw
UCan2DHyitKz4mTOisRo21Zw,@ちゃっちゃ963,0,新規(1ヶ月未満),,,めるねいとの拳たち,ギフト,ギフトで加入,1,0,0,2026-09-26 21:01,2026-09-26 21:01,○,○,https://www.youtube.com/channel/UCan2DHyitKz4mTOisRo21Zw
UCHo8iGSHbErfUtpmO4kpLzw,@포네-0411,0,新規(1ヶ月未満),,,めるねいとの拳たち,ギフト,ギフトで加入,1,0,0,2026-09-26 21:01,2026-09-26 21:01,○,○,https://www.youtube.com/channel/UCHo8iGSHbErfUtpmO4kpLzw
UCQG8gFaC7Fgkdw5vAuKKhSw,@oudondondo,0,新規(1ヶ月未満),,,めるねいとの拳たち,ギフト,ギフトで加入,1,0,0,2026-09-26 21:01,2026-09-26 21:01,○,○,https://www.youtube.com/channel/UCQG8gFaC7Fgkdw5vAuKKhSw
UCsRLS1XsExG-fTakJ0aDHfg,@イースト菌-f1d,0,新規(1ヶ月未満),,,めるねいとの拳たち,ギフト,ギフトで加入,1,0,0,2026-09-26 21:01,2026-09-26 21:01,○,○,https://www.youtube.com/channel/UCsRLS1XsExG-fTakJ0aDHfg
UCIkIKKsK6lK5PQmiwQjDtmQ,@いと-k8m,0,新規(1ヶ月未満),,,めるねいとの拳たち,ギフト,ギフトで加入,1,0,0,2026-09-26 21:01,2026-09-26 21:01,○,○,https://www.youtube.com/channel/UCIkIKKsK6lK5PQmiwQjDtmQ
UCCbiZNbbj9AjT3gVH2q7DoA,@kaname1246,0,新規(1ヶ月未満),,,めるねいとの拳たち,ギフト,ギフトで加入,1,0,0,2026-09-26 21:01,2026-09-26 21:01,○,○,https://www.youtube.com/channel/UCCbiZNbbj9AjT3gVH2q7DoA
UCLEiOZuiUOwSbhQUk7u1NxQ,@毒饅頭-x2h,0,新規(1ヶ月未満),,,めるねいとの拳たち,ギフト,ギフトで加入,1,0,0,2026-09-26 21:01,2026-09-26 21:01,○,○,https://www.youtube.com/channel/UCLEiOZuiUOwSbhQUk7u1NxQ
UCZjeSEkrB34L8iZ69VfIvpQ,@ライチ_1129,0,新規(1ヶ月未満),,,めるねいとの拳たち,ギフト,ギフトで加入,1,0,0,2026-09-26 21:01,2026-09-26 21:01,○,○,https://www.youtube.com/channel/UCZjeSEkrB34L8iZ69VfIvpQ
UC-s4lGe7qg21KThu8oQFdsA,@sprAn2,0,新規(1ヶ月未満),,,めるねいとの拳たち,ギフト,ギフトで加入,1,0,0,2026-09-26 21:01,2026-09-26 21:01,○,○,https://www.youtube.com/channel/UC-s4lGe7qg21KThu8oQFdsA
UC4W_ybmmj2zqiwbgkOC5YCg,@hayagon2372,0,新規(1ヶ月未満),,,めるねいとの拳たち,ギフト,ギフトで加入,1,0,0,2026-09-26 21:01,2026-09-26 21:01,○,○,https://www.youtube.com/channel/UC4W_ybmmj2zqiwbgkOC5YCg
UC8QYKBVJ4YQmN_tn1G1ecNA,@aitsuka_aka,0,新規(1ヶ月未満),,,めるねいとの拳たち,ギフト,ギフトで加入,1,0,0,2026-09-26 21:01,2026-09-26 21:01,○,○,https://www.youtube.com/channel/UC8QYKBVJ4YQmN_tn1G1ecNA
UCDh0Ng3y9UgJBOUsMxuAB_A,@ケイジャー,0,新規(1ヶ月未満),,,めるねいとの拳たち,ギフト,ギフトで加入,1,0,0,2026-09-26 21:01,2026-09-26 21:01,○,○,https://www.youtube.com/channel/UCDh0Ng3y9UgJBOUsMxuAB_A
UCffZZ47jNuYFe9tzum0arHA,@matyowo,0,新規(1ヶ月未満),,,めるねいとの拳たち,ギフト,ギフトで加入,1,0,0,2026-09-26 21:01,2026-09-26 21:01,○,○,https://www.youtube.com/channel/UCffZZ47jNuYFe9tzum0arHA
UCE47PxP0HjzB90EL-fM4NDQ,@Raigor91,0,新規(1ヶ月未満),,,めるねいとの拳たち,ギフト,ギフトで加入,1,0,0,2026-09-26 21:01,2026-09-26 21:01,○,○,https://www.youtube.com/channel/UCE47PxP0HjzB90EL-fM4NDQ
UCNyjB_rdtyz93UPN18SWJsA,@おいさづ,0,新規(1ヶ月未満),,,めるねいとの拳たち,ギフト,ギフトで加入,1,0,0,2026-09-26 21:01,2026-09-26 21:01,○,○,https://www.youtube.com/channel/UCNyjB_rdtyz93UPN18SWJsA
UCShKG6j0XVGouNvvFpk170w,@璃音汀-p1o,0,新規(1ヶ月未満),,,めるねいとの拳たち,ギフト,ギフトで加入,1,0,0,2026-09-26 21:01,2026-09-26 21:01,○,○,https://www.youtube.com/channel/UCShKG6j0XVGouNvvFpk170w
UC399V8IjueBStWEPYXst1Vw,@すとりーむ-y7g,0,新規(1ヶ月未満),,,めるねいとの拳たち,ギフト,ギフトで加入,1,0,0,2026-09-26 21:01,2026-09-26 21:01,○,○,https://www.youtube.com/channel/UC399V8IjueBStWEPYXst1Vw
UCuZZzIn5OUyLSqrj6jDirgw,@Wanghongzhe-5chi,0,新規(1ヶ月未満),,,めるねいとの拳たち,ギフト,ギフトで加入,1,0,0,2026-09-26 21:01,2026-09-26 21:01,○,○,https://www.youtube.com/channel/UCuZZzIn5OUyLSqrj6jDirgw
UCQxgzVXxop_dgCZ8C993WPg,@neco.67k,0,新規(1ヶ月未満),,,めるねいとの拳たち,ギフト,ギフトで加入,1,0,0,2026-09-26 21:01,2026-09-26 21:01,○,○,https://www.youtube.com/channel/UCQxgzVXxop_dgCZ8C993WPg
UCgQcy6YgH85EwcUNaIrXkCQ,@natsunyan2,0,新規(1ヶ月未満),,,めるねいとの拳たち,ギフト,ギフトで加入,1,0,0,2026-09-26 21:01,2026-09-26 21:01,○,○,https://www.youtube.com/channel/UCgQcy6YgH85EwcUNaIrXkCQ
UCi4cNB4zGA1BQ7CUHtwP0vQ,@にっきお,0,新規(1ヶ月未満),,,めるねいとの拳たち,ギフト,ギフトで加入,1,0,0,2026-09-26 21:01,2026-09-26 21:01,○,○,https://www.youtube.com/channel/UCi4cNB4zGA1BQ7CUHtwP0vQ
UCvgQt7HsSMzfehnjq4-oOJw,@まにた-s8w,0,新規(1ヶ月未満),,,めるねいとの拳たち,ギフト,ギフトで加入,1,0,0,2026-09-26 21:01,2026-09-26 21:01,○,○,https://www.youtube.com/channel/UCvgQt7HsSMzfehnjq4-oOJw
UCI7j0eVUGtwNCYY1NzYHUkw,@sylvatica13,0,新規(1ヶ月未満),,,めるねいとの拳たち,ギフト,ギフトで加入,1,0,0,2026-09-26 21:01,2026-09-26 21:01,○,○,https://www.youtube.com/channel/UCI7j0eVUGtwNCYY1NzYHUkw
UCl-0pdCWLPWDLJN5PvTAX6w,@白犬モフモフ,0,新規(1ヶ月未満),,,めるねいとの拳たち,ギフト,ギフトで加入,1,0,0,2026-09-26 21:01,2026-09-26 21:01,○,○,https://www.youtube.com/channel/UCl-0pdCWLPWDLJN5PvTAX6w
UCRQsHSsWxpZOIi1Fv9kMH5A,@kariyado-b,0,新規(1ヶ月未満),New member,,めるねいとの拳たち,新規加入,,1,0,0,2026-09-26 21:01,2026-09-26 21:01,○,,https://www.youtube.com/channel/UCRQsHSsWxpZOIi1Fv9kMH5A
UCD0MFl7fdPpbW1sijBtEWxw,@ククク-1,0,新規(1ヶ月未満),New member,,めるねいとの拳たち,新規加入,,1,0,0,2026-09-27 20:02,2026-09-27 20:02,○,,https://www.youtube.com/channel/UCD0MFl7fdPpbW1sijBtEWxw
UCj6tTaFkRqMHNwlUCttVC-A,@megative-music,0,新規(1ヶ月未満),New member,,不明,,,1,4,0,2026-09-28 20:04,2026-09-28 20:04,,,https://www.youtube.com/channel/UCj6tTaFkRqMHNwlUCttVC-A
UCJUP-IIKa1diV8qp4w9FHYA,@Kinokonoko-d1k,0,新規(1ヶ月未満),New member,,めるねいとの拳たち,新規加入,,1,0,0,2026-10-01 20:00,2026-10-01 20:00,○,,https://www.youtube.com/channel/UCJUP-IIKa1diV8qp4w9FHYA
UCp3zcqNx4_X3fZWLFzPOuWg,@楽人-j9y,0,新規(1ヶ月未満),New member,,めるねいとの拳たち,新規加入,,1,0,0,2026-10-01 20:00,2026-10-01 20:00,○,,https://www.youtube.com/channel/UCp3zcqNx4_X3fZWLFzPOuWg
UCpsua2l_NzRZJK3fn73FOow,@pisces-1029,0,新規(1ヶ月未満),New member,,めるねいとの拳たち,新規加入,,1,0,0,2026-10-01 20:00,2026-10-01 20:00,○,,https://www.youtube.com/channel/UCpsua2l_NzRZJK3fn73FOow
UCcInhBUounwO3WXVkysZIAQ,@ああ-n4q8o,0,新規(1ヶ月未満),New member,,めるねいとの拳たち,新規加入,,1,0,0,2026-10-04 20:37,2026-10-04 20:37,○,,https://www.youtube.com/channel/UCcInhBUounwO3WXVkysZIAQ
UC-7s7S-c6hHd2M2Ix_fKtyw,@うたのんu,0,新規(1ヶ月未満),New member,,めるねいとの拳たち,新規加入,,1,0,0,2026-10-04 20:37,2026-10-04 20:37,○,,https://www.youtube.com/channel/UC-7s7S-c6hHd2M2Ix_fKtyw
UCm3ONAB63b8AGCPMkyzHcEw,@かげo-o,0,新規(1ヶ月未満),New member,,不明,,,1,1,0,2026-10-07 16:39,2026-10-07 16:39,,,https://www.youtube.com/channel/UCm3ONAB63b8AGCPMkyzHcEw
