channel_id,name,badge_months,badge,badge_tooltip,milestone_months,tier,tier_source,revenue_note,streams_seen,messages,superchats,first_seen,last_seen,joined_in_period,gift_received,url
UCEsj0B1RJsA3OlmqwNZNutA,@ナインティーン.nineteen,48,4年,Member (4 years),53,the Ukiverse,マイルストーン,,18,165,0,2026-09-10 11:01,2026-10-08 00:00,,,https://www.youtube.com/channel/UCEsj0B1RJsA3OlmqwNZNutA
UCEADMhWGuAi16BqSqSX1cjg,@n00dledoodledoo,48,4年,Member (4 years),52,the Ukiverse,マイルストーン,,17,495,0,2026-09-10 11:01,2026-10-08 00:00,,,https://www.youtube.com/channel/UCEADMhWGuAi16BqSqSX1cjg
UCwhl6pifAxerjIQLL7WVXkw,@poemsano,48,4年,Member (4 years),,不明,,,17,62,0,2026-09-10 11:01,2026-10-08 00:00,,,https://www.youtube.com/channel/UCwhl6pifAxerjIQLL7WVXkw
UC6_d6U6kOPovvHt74GbdwPw,@jiajia5762,48,4年,Member (4 years),,不明,,,17,52,0,2026-09-10 11:01,2026-10-08 00:00,,,https://www.youtube.com/channel/UC6_d6U6kOPovvHt74GbdwPw
UCBXnAvFZXiYY0y1zaRJCu9g,@reesemo5877,48,4年,Member (4 years),52,the Ukiverse,マイルストーン,,16,89,12,2026-09-10 11:01,2026-10-08 00:00,,,https://www.youtube.com/channel/UCBXnAvFZXiYY0y1zaRJCu9g
UCtlHzkkLN811ZaliHZbeJow,@majo_sky,48,4年,Member (4 years),,不明,,,14,113,0,2026-09-10 11:01,2026-10-08 00:00,,,https://www.youtube.com/channel/UCtlHzkkLN811ZaliHZbeJow
UCStlNLU6JwbT1PMK46gG8Ww,@peachyunnie,48,4年,Member (4 years),54,the Ukiverse,マイルストーン,,13,214,0,2026-09-10 11:01,2026-10-08 00:00,,,https://www.youtube.com/channel/UCStlNLU6JwbT1PMK46gG8Ww
UC3Qjq6fCFJF-l4QgiDhoTug,@vvvlesley,48,4年,Member (4 years),,不明,,,12,94,0,2026-09-10 11:01,2026-10-08 00:00,,,https://www.youtube.com/channel/UC3Qjq6fCFJF-l4QgiDhoTug
UCZxmEkieV0ko57Y6SsDbmEg,@hoshiyuki88,48,4年,Member (4 years),,the Ukiverse,マイルストーン（2026-09-08）,,12,129,1,2026-09-10 11:01,2026-10-01 17:59,,,https://www.youtube.com/channel/UCZxmEkieV0ko57Y6SsDbmEg
UCuQBQ25QwdYGhsA6XE24JUA,@まりあんMarian,48,4年,Member (4 years),51,the Ukiverse,マイルストーン,,12,38,0,2026-09-12 11:17,2026-10-08 00:00,,,https://www.youtube.com/channel/UCuQBQ25QwdYGhsA6XE24JUA
UCdgw9_zKYlPpFQszENCv8xQ,@idyll-nic,48,4年,Member (4 years),54,the Ukiverse,マイルストーン,,11,123,0,2026-09-10 11:01,2026-10-06 13:01,,,https://www.youtube.com/channel/UCdgw9_zKYlPpFQszENCv8xQ
UCdeRjuvQwBPvRIOC3tKVWcA,@mmyana,48,4年,Member (4 years),,不明,,,10,59,0,2026-09-12 11:17,2026-10-06 13:01,,,https://www.youtube.com/channel/UCdeRjuvQwBPvRIOC3tKVWcA
UCqjkWilRqew3CsUkfe86gkA,@enjoyulife,48,4年,Member (4 years),52,the Ukiverse,マイルストーン,,10,40,1,2026-09-12 11:17,2026-10-08 00:00,,,https://www.youtube.com/channel/UCqjkWilRqew3CsUkfe86gkA
UCJUVEwB4K-B4Fc7XSxboujg,@Fuzzynavel_pb,48,4年,Member (4 years),54,the Ukiverse,マイルストーン,,10,23,5,2026-09-14 13:01,2026-10-08 00:00,,,https://www.youtube.com/channel/UCJUVEwB4K-B4Fc7XSxboujg
UCpRcDzGGYKZsKKXKlXsYjgA,@Glow_Zillah,48,4年,Member (4 years),,不明,,,9,33,0,2026-09-10 11:01,2026-10-01 17:59,,,https://www.youtube.com/channel/UCpRcDzGGYKZsKKXKlXsYjgA
UCBY3rGui4-E-84tSW4lFAFA,@nurai9344,48,4年,Member (4 years),49,the Ukiverse,マイルストーン,,9,81,0,2026-09-10 11:01,2026-10-06 13:01,,,https://www.youtube.com/channel/UCBY3rGui4-E-84tSW4lFAFA
UC73DBpPJvfxY2Dlkbf2HRZw,@Sls1994,48,4年,Member (4 years),,不明,,,8,9,0,2026-09-14 13:01,2026-10-08 00:00,,,https://www.youtube.com/channel/UC73DBpPJvfxY2Dlkbf2HRZw
UC7cEX_mh0c5ESNjII-cuyPg,@joycelie2016,48,4年,Member (4 years),53,the Ukiverse,マイルストーン,,8,105,1,2026-09-20 10:03,2026-10-03 14:11,,,https://www.youtube.com/channel/UC7cEX_mh0c5ESNjII-cuyPg
UC2H554xNbQBdgH2lXWfRjsA,@brigade146,48,4年,Member (4 years),50,the Ukiverse,マイルストーン,,7,22,0,2026-09-10 11:01,2026-10-08 00:00,,,https://www.youtube.com/channel/UC2H554xNbQBdgH2lXWfRjsA
UCnDIxFI_6NE3NqtoD8GIdHQ,@libertyzenobia,48,4年,Member (4 years),54,the Ukiverse,マイルストーン,,7,19,0,2026-09-12 11:17,2026-10-08 00:00,,,https://www.youtube.com/channel/UCnDIxFI_6NE3NqtoD8GIdHQ
UCIvKDha3DqABbPgPKyytcDA,@s_seraph,48,4年,Member (4 years),,不明,,,7,39,0,2026-09-13 11:03,2026-10-06 13:01,,,https://www.youtube.com/channel/UCIvKDha3DqABbPgPKyytcDA
UCQsgdM4RZ88Q5-TXvrPEcuA,@good_seup,48,4年,Member (4 years),,不明,,,7,27,0,2026-09-13 11:03,2026-10-06 13:01,,,https://www.youtube.com/channel/UCQsgdM4RZ88Q5-TXvrPEcuA
UCHQpuvuqEf8_v4tcJ9Px06w,@Yoyoliao_0810,48,4年,Member (4 years),,不明,,,7,46,0,2026-09-15 12:02,2026-10-08 00:00,,,https://www.youtube.com/channel/UCHQpuvuqEf8_v4tcJ9Px06w
UCMem1POuZHu64UUcvFmNi8w,@SharonA23,48,4年,Member (4 years),,不明,,,7,42,0,2026-09-15 12:02,2026-10-08 00:00,,,https://www.youtube.com/channel/UCMem1POuZHu64UUcvFmNi8w
UCKBP_OU8TdNq0ex4-8OtT8w,@LydiasStillHere,48,4年,Member (4 years),,不明,,,7,101,0,2026-09-18 12:02,2026-10-08 00:00,,,https://www.youtube.com/channel/UCKBP_OU8TdNq0ex4-8OtT8w
UC2pPliqN8tmLoFbCNZpGTzg,@wenpurin,48,4年,Member (4 years),,不明,,,6,18,0,2026-09-10 11:01,2026-10-08 00:00,,,https://www.youtube.com/channel/UC2pPliqN8tmLoFbCNZpGTzg
UCqXYrfbFf4AJxpXUT53VcWA,@likka1804,48,4年,Member (4 years),,不明,,,6,16,0,2026-09-10 11:01,2026-10-06 13:01,,,https://www.youtube.com/channel/UCqXYrfbFf4AJxpXUT53VcWA
UCwmQsgrXCRwoB4VD_nhoGRg,@ChenLiWu,48,4年,Member (4 years),,不明,,,6,25,0,2026-09-12 11:17,2026-10-08 00:00,,,https://www.youtube.com/channel/UCwmQsgrXCRwoB4VD_nhoGRg
UCIk1RrmX93_fMpkdPrIYMBQ,@kiaratogushi6548,48,4年,Member (4 years),,不明,,,6,8,0,2026-09-12 11:17,2026-10-06 13:01,,,https://www.youtube.com/channel/UCIk1RrmX93_fMpkdPrIYMBQ
UCfxL74Pjqise2nA1jFTVFWQ,@yakiniku3045,48,4年,Member (4 years),,不明,,,6,9,0,2026-09-13 11:03,2026-10-08 00:00,,,https://www.youtube.com/channel/UCfxL74Pjqise2nA1jFTVFWQ
UCWTr-fyvQTg85l9wFypUA6Q,@chia-yi.hua2363,48,4年,Member (4 years),52,the Ukiverse,マイルストーン,,6,17,0,2026-09-27 13:03,2026-10-03 10:11,,,https://www.youtube.com/channel/UCWTr-fyvQTg85l9wFypUA6Q
UCxi6SO-zXVNipude-qiX3UA,@mishyee,48,4年,Member (4 years),54,the Ukiverse,マイルストーン,,5,4,4,2026-09-10 11:01,2026-09-20 10:03,,,https://www.youtube.com/channel/UCxi6SO-zXVNipude-qiX3UA
UC2Nzf-Cxf1bAp4gC6jebJkg,@ULウル,48,4年,Member (4 years),,不明,,,5,8,0,2026-09-12 11:17,2026-10-03 14:11,,,https://www.youtube.com/channel/UC2Nzf-Cxf1bAp4gC6jebJkg
UCMMHCz9U6hqvlnrCe5kl-IQ,@alisa.3909,48,4年,Member (4 years),,不明,,,5,36,1,2026-09-13 11:03,2026-10-03 00:02,,,https://www.youtube.com/channel/UCMMHCz9U6hqvlnrCe5kl-IQ
UCsBSDRjEM-Ysw9eT7IYhp2w,@Rou_ira,48,4年,Member (4 years),,不明,,,4,8,0,2026-09-12 11:17,2026-10-01 17:59,,,https://www.youtube.com/channel/UCsBSDRjEM-Ysw9eT7IYhp2w
UC-rWYSKvvpIJZG6BxKvpEgQ,@this_is_CAMILLE,48,4年,Member (4 years),,不明,,,4,27,0,2026-09-13 11:03,2026-10-01 17:59,,,https://www.youtube.com/channel/UC-rWYSKvvpIJZG6BxKvpEgQ
UCPsgp3nInydsbhUvM5AgLUQ,@autleaves4818,48,4年,Member (4 years),,不明,,,4,35,1,2026-09-17 11:02,2026-09-28 13:00,,,https://www.youtube.com/channel/UCPsgp3nInydsbhUvM5AgLUQ
UCX2PDQ7HEARRDlhPQBPLoUw,@amiame422,48,4年,Member (4 years),48,the Ukiverse,マイルストーン,,4,3,0,2026-09-20 10:03,2026-10-06 13:01,,,https://www.youtube.com/channel/UCX2PDQ7HEARRDlhPQBPLoUw
UCvidsOI4d5YC5rU5nMMhibQ,@Akiko_御崎あきこ,48,4年,Member (4 years),53,the Ukiverse,マイルストーン,,3,41,0,2026-09-10 11:01,2026-10-01 17:59,,,https://www.youtube.com/channel/UCvidsOI4d5YC5rU5nMMhibQ
UCe3z5v6GfAqTNmkCAPR0mvg,@deardiv,48,4年,Member (4 years),,不明,,,3,6,0,2026-09-12 11:17,2026-10-03 14:11,,,https://www.youtube.com/channel/UCe3z5v6GfAqTNmkCAPR0mvg
UCqcA_qKj2-GUmeHGLf72YXw,@yumi0206,48,4年,Member (4 years),,不明,,,3,27,0,2026-09-18 12:02,2026-09-29 22:32,,,https://www.youtube.com/channel/UCqcA_qKj2-GUmeHGLf72YXw
UCaYeYLmFj5Fko1T61jot2aw,@rennachan3267,48,4年,Member (4 years),,不明,,,3,3,0,2026-09-24 12:00,2026-09-28 13:00,,,https://www.youtube.com/channel/UCaYeYLmFj5Fko1T61jot2aw
UCmeWm7D1sQSy3G5EHOl64tg,@elenyar,48,4年,Member (4 years),51,the Ukiverse,マイルストーン,,3,3,0,2026-09-25 12:02,2026-10-08 00:00,,,https://www.youtube.com/channel/UCmeWm7D1sQSy3G5EHOl64tg
UCUyJlGmk2wwq4__Bgx_W6Hw,@araina_hei,48,4年,Member (4 years),,不明,,,3,10,0,2026-09-29 22:32,2026-10-03 00:02,,,https://www.youtube.com/channel/UCUyJlGmk2wwq4__Bgx_W6Hw
UCiVsHC13axPAfwT6xu0-TtQ,@charlott.e0130,48,4年,Member (4 years),50,the Ukiverse,マイルストーン,,2,10,0,2026-09-10 11:01,2026-09-12 11:17,,,https://www.youtube.com/channel/UCiVsHC13axPAfwT6xu0-TtQ
UCn8r3Jf3xR0H35x6ch7rVTg,@hsuanhsuan1497,48,4年,Member (4 years),50,the Ukiverse,マイルストーン,,2,0,0,2026-09-10 11:01,2026-09-12 11:17,,,https://www.youtube.com/channel/UCn8r3Jf3xR0H35x6ch7rVTg
UCu-NWMhbniZ3CK2rucEP3mw,@あると-altokoroni,48,4年,Member (4 years),51,the Ukiverse,マイルストーン,,2,3,0,2026-09-10 11:01,2026-09-27 13:03,,,https://www.youtube.com/channel/UCu-NWMhbniZ3CK2rucEP3mw
UCMPEPDSme46rIzLkOnx33cQ,@zeeartem,48,4年,Member (4 years),,不明,,,2,8,0,2026-09-12 11:17,2026-09-15 12:02,,,https://www.youtube.com/channel/UCMPEPDSme46rIzLkOnx33cQ
UCLOzjaOHxKlTHGD9y9u_diA,@veryperi3532,48,4年,Member (4 years),,不明,,,2,10,0,2026-09-13 11:03,2026-09-29 22:32,,,https://www.youtube.com/channel/UCLOzjaOHxKlTHGD9y9u_diA
UCKCaODhUIXRloW-ABGnmLTg,@fujila365,48,4年,Member (4 years),,不明,,,2,2,0,2026-09-13 11:03,2026-10-08 00:00,,,https://www.youtube.com/channel/UCKCaODhUIXRloW-ABGnmLTg
UCD4BLYXMkQHE8LqNgZtCrww,@りぃにゃん_ri-nyan,48,4年,Member (4 years),48,the Ukiverse,マイルストーン,,2,1,0,2026-09-13 11:03,2026-09-29 14:02,,,https://www.youtube.com/channel/UCD4BLYXMkQHE8LqNgZtCrww
UCpuqz7_gOx83dp4d04UVzbw,@暄_Xuan0401,48,4年,Member (4 years),48,the Ukiverse,マイルストーン,,2,1,0,2026-09-14 13:01,2026-10-06 13:01,,,https://www.youtube.com/channel/UCpuqz7_gOx83dp4d04UVzbw
UCFJGfap2aouJIyL6HzRceFA,@hannahe1999,48,4年,Member (4 years),54,the Ukiverse,マイルストーン,,2,3,0,2026-09-14 13:01,2026-10-06 13:01,,,https://www.youtube.com/channel/UCFJGfap2aouJIyL6HzRceFA
UCQ78T-bMyKtnUNvja2F9Avw,@fizziieee,48,4年,Member (4 years),,不明,,,2,3,0,2026-09-14 13:01,2026-10-01 17:59,,,https://www.youtube.com/channel/UCQ78T-bMyKtnUNvja2F9Avw
UCxJ9t85ymoAFau6TlEnyHGw,@noirlyn_noween,48,4年,Member (4 years),54,the Ukiverse,マイルストーン,,2,1,0,2026-09-14 13:01,2026-09-29 14:02,,,https://www.youtube.com/channel/UCxJ9t85ymoAFau6TlEnyHGw
UCBIrZpdU_DBHB4NY5e9RcyA,@Kai_3番,48,4年,Member (4 years),,不明,,,2,3,0,2026-09-18 12:02,2026-10-01 17:59,,,https://www.youtube.com/channel/UCBIrZpdU_DBHB4NY5e9RcyA
UC5GmP98eTuAfkTU4Aqc1fiw,@susie3905,48,4年,Member (4 years),,不明,,,2,2,0,2026-09-24 12:00,2026-10-01 17:59,,,https://www.youtube.com/channel/UC5GmP98eTuAfkTU4Aqc1fiw
UCxtutPJYfyrdU1DjpT9LvzA,@毛天-MaoTian,48,4年,Member (4 years),,不明,,,2,15,0,2026-09-25 12:02,2026-09-29 22:32,,,https://www.youtube.com/channel/UCxtutPJYfyrdU1DjpT9LvzA
UCG_6D5gVGfr4uODalLfJY9g,@花トラ-Hanatora,48,4年,Member (4 years),51,the Ukiverse,マイルストーン,,2,28,0,2026-09-27 13:03,2026-09-28 13:00,,,https://www.youtube.com/channel/UCG_6D5gVGfr4uODalLfJY9g
UC59fzsXLpCHXyzjxl7zlwDA,@AtsuChen,48,4年,Member (4 years),,不明,,,2,2,0,2026-09-28 13:00,2026-10-01 17:59,,,https://www.youtube.com/channel/UC59fzsXLpCHXyzjxl7zlwDA
UC00vqMkhGvojf4bFqXfz0Cw,@sakuracheru222,48,4年,Member (4 years),,不明,,,2,8,0,2026-10-01 17:59,2026-10-03 14:11,,,https://www.youtube.com/channel/UC00vqMkhGvojf4bFqXfz0Cw
UCCwESepstmeq31axi4gGnIw,@wumi19,48,4年,Member (4 years),,不明,,,2,2,0,2026-10-03 00:02,2026-10-08 00:00,,,https://www.youtube.com/channel/UCCwESepstmeq31axi4gGnIw
UCM7zMJ-ljz33iIxKMEmGttg,@misterzoo0219,48,4年,Member (4 years),53,the Ukiverse,マイルストーン,,2,4,0,2026-10-08 00:00,2026-10-08 00:00,,,https://www.youtube.com/channel/UCM7zMJ-ljz33iIxKMEmGttg
UCUJhlxOs_MTpmQpCzQj5N0Q,@emi-vb4tr,48,4年,Member (4 years),,不明,,,1,4,0,2026-09-10 11:01,2026-09-10 11:01,,,https://www.youtube.com/channel/UCUJhlxOs_MTpmQpCzQj5N0Q
UCd3zNE23nLi-FGWpWpj9QcQ,@oatmeal9678,48,4年,Member (4 years),,不明,,,1,1,0,2026-09-10 11:01,2026-09-10 11:01,,,https://www.youtube.com/channel/UCd3zNE23nLi-FGWpWpj9QcQ
UCSXzZTjHuDIpgpldoS6q40Q,@laanmao,48,4年,Member (4 years),,不明,,,1,1,0,2026-09-10 11:01,2026-09-10 11:01,,,https://www.youtube.com/channel/UCSXzZTjHuDIpgpldoS6q40Q
UCTmTDAbOsfHq_VgdbMM6kdQ,@francesc231,48,4年,Member (4 years),,不明,,,1,1,0,2026-09-10 11:01,2026-09-10 11:01,,,https://www.youtube.com/channel/UCTmTDAbOsfHq_VgdbMM6kdQ
UCBsIct-2czEXC6GUjrdDp9Q,@eggfish8651,48,4年,Member (4 years),,不明,,,1,1,0,2026-09-10 11:01,2026-09-10 11:01,,,https://www.youtube.com/channel/UCBsIct-2czEXC6GUjrdDp9Q
UCzea7SzHOpbmp0-7TL6VJSg,@GabrielOnLive,48,4年,Member (4 years),48,the Ukiverse,マイルストーン,,1,0,0,2026-09-14 13:01,2026-09-14 13:01,,,https://www.youtube.com/channel/UCzea7SzHOpbmp0-7TL6VJSg
UC4deYRLaoeOR5-Abk39Vtlw,@はる-g4y7k,48,4年,Member (4 years),48,the Ukiverse,マイルストーン,,1,0,0,2026-09-14 13:01,2026-09-14 13:01,,,https://www.youtube.com/channel/UC4deYRLaoeOR5-Abk39Vtlw
UCUrSXgv-bd-02_EqTyD0X1g,@starjellies,48,4年,Member (4 years),,不明,,,1,1,0,2026-09-15 12:02,2026-09-15 12:02,,,https://www.youtube.com/channel/UCUrSXgv-bd-02_EqTyD0X1g
UCPZuwTsnTQ95OpHig407ohw,@sherylbunny5871,48,4年,Member (4 years),53,the Ukiverse,マイルストーン,,1,0,0,2026-09-15 12:02,2026-09-15 12:02,,,https://www.youtube.com/channel/UCPZuwTsnTQ95OpHig407ohw
UCBNjz0l2_v2K7ZiOf9tZ1Jw,@maomam5674,48,4年,Member (4 years),50,the Ukiverse,マイルストーン,,1,9,0,2026-09-17 11:02,2026-09-17 11:02,,,https://www.youtube.com/channel/UCBNjz0l2_v2K7ZiOf9tZ1Jw
UCabzIR1035yafUrn6-q1CPw,@hello_yueya,48,4年,Member (4 years),,不明,,,1,1,0,2026-09-17 11:02,2026-09-17 11:02,,,https://www.youtube.com/channel/UCabzIR1035yafUrn6-q1CPw
UCTgvdCdqnVLA9yssVbI__lg,@violetcharlize7719,48,4年,Member (4 years),54,the Ukiverse,マイルストーン,,1,0,0,2026-09-17 11:02,2026-09-17 11:02,,,https://www.youtube.com/channel/UCTgvdCdqnVLA9yssVbI__lg
UChmvfX1MQUg7bpTuRk3YNjQ,@fuwafi1728,48,4年,Member (4 years),,不明,,,1,1,0,2026-09-18 12:02,2026-09-18 12:02,,,https://www.youtube.com/channel/UChmvfX1MQUg7bpTuRk3YNjQ
UCxB9IdwjPB8dJAtgQa5z80A,@RuRuTheSnail,48,4年,Member (4 years),53,the Ukiverse,マイルストーン,,1,9,0,2026-09-18 12:02,2026-09-18 12:02,,,https://www.youtube.com/channel/UCxB9IdwjPB8dJAtgQa5z80A
UCJVdEAox9jA8E1rcpSDV8TQ,@grayh5166,48,4年,Member (4 years),,不明,,,1,1,0,2026-09-18 12:02,2026-09-18 12:02,,,https://www.youtube.com/channel/UCJVdEAox9jA8E1rcpSDV8TQ
UCHbNZvlk4KgJ63DDn4jR1zw,@yx9926,48,4年,Member (4 years),53,the Ukiverse,マイルストーン,,1,0,0,2026-09-18 12:02,2026-09-18 12:02,,,https://www.youtube.com/channel/UCHbNZvlk4KgJ63DDn4jR1zw
UCkjNM2Sma9bDHBIde0Ey8Yg,@しんな_sinnya27,48,4年,Member (4 years),49,the Ukiverse,マイルストーン,,1,2,0,2026-09-20 10:03,2026-09-20 10:03,,,https://www.youtube.com/channel/UCkjNM2Sma9bDHBIde0Ey8Yg
UCX1JmTZ-4Y-SL2OY0BvJXrA,@cassie_ha,48,4年,Member (4 years),51,the Ukiverse,マイルストーン,,1,0,0,2026-09-20 10:03,2026-09-20 10:03,,,https://www.youtube.com/channel/UCX1JmTZ-4Y-SL2OY0BvJXrA
UCyI4ZJW5h-LQs48cXNi3g3g,@Sorapi8542,48,4年,Member (4 years),,不明,,,1,1,0,2026-09-27 13:03,2026-09-27 13:03,,,https://www.youtube.com/channel/UCyI4ZJW5h-LQs48cXNi3g3g
UCYur73DKdRoPfEQne3IsXGA,@xue_69,48,4年,Member (4 years),,不明,,,1,4,0,2026-09-27 13:03,2026-09-27 13:03,,,https://www.youtube.com/channel/UCYur73DKdRoPfEQne3IsXGA
UCBF5L6LkCtnKBTUlfyBQ4cw,@kii_0214_,48,4年,Member (4 years),,不明,,,1,2,0,2026-09-27 13:03,2026-09-27 13:03,,,https://www.youtube.com/channel/UCBF5L6LkCtnKBTUlfyBQ4cw
UCg3qz2I--d5DlfhJ1MvlMUQ,@orangeyyyy0034,48,4年,Member (4 years),,不明,,,1,1,0,2026-09-27 13:03,2026-09-27 13:03,,,https://www.youtube.com/channel/UCg3qz2I--d5DlfhJ1MvlMUQ
UCLR5RLp1_UWZ1AcyPw5Bnhg,@KallaHalle,48,4年,Member (4 years),48,the Ukiverse,マイルストーン,,1,1,0,2026-09-27 13:03,2026-09-27 13:03,,,https://www.youtube.com/channel/UCLR5RLp1_UWZ1AcyPw5Bnhg
UCLoad_1HosquHFGSkWq8Wow,@SusanChang30,48,4年,Member (4 years),53,the Ukiverse,マイルストーン,,1,1,0,2026-09-28 13:00,2026-09-28 13:00,,,https://www.youtube.com/channel/UCLoad_1HosquHFGSkWq8Wow
UCk3bcAkcMkstFtbQXqkzKRw,@tina4090,48,4年,Member (4 years),,不明,,,1,2,0,2026-09-28 13:00,2026-09-28 13:00,,,https://www.youtube.com/channel/UCk3bcAkcMkstFtbQXqkzKRw
UCHtoVSAoY7DyEmKoJi2guXA,@zoroxluffy81221,48,4年,Member (4 years),48,the Ukiverse,マイルストーン,,1,3,0,2026-09-28 13:00,2026-09-28 13:00,,,https://www.youtube.com/channel/UCHtoVSAoY7DyEmKoJi2guXA
UCd8R51louHvqCbSPHjHuHbg,@imeulbsuu,48,4年,Member (4 years),,不明,,,1,1,0,2026-09-29 14:02,2026-09-29 14:02,,,https://www.youtube.com/channel/UCd8R51louHvqCbSPHjHuHbg
UCuY_z3qJP6CyK9-7wJTjo7A,@ChenYaYa_OwO,48,4年,Member (4 years),,不明,,,1,1,0,2026-09-29 14:02,2026-09-29 14:02,,,https://www.youtube.com/channel/UCuY_z3qJP6CyK9-7wJTjo7A
UC1fUK8JPTQGRcTmPyiVztCw,@WoWaterr,48,4年,Member (4 years),,不明,,,1,6,0,2026-10-01 17:59,2026-10-01 17:59,,,https://www.youtube.com/channel/UC1fUK8JPTQGRcTmPyiVztCw
UC11WIImBz1mKwe_qYWlpIMg,@belisa1909,48,4年,Member (4 years),,不明,,,1,13,0,2026-10-01 17:59,2026-10-01 17:59,,,https://www.youtube.com/channel/UC11WIImBz1mKwe_qYWlpIMg
UCigfew-TGGvDWsQujf49KJw,@Lilia_vvv,48,4年,Member (4 years),54,the Ukiverse,マイルストーン,,1,1,0,2026-10-01 17:59,2026-10-01 17:59,,,https://www.youtube.com/channel/UCigfew-TGGvDWsQujf49KJw
UCyaG2FPfgjsWMwTjUTDeh-Q,@sakio_hayo,48,4年,Member (4 years),,不明,,,1,2,0,2026-10-01 17:59,2026-10-01 17:59,,,https://www.youtube.com/channel/UCyaG2FPfgjsWMwTjUTDeh-Q
UCSWta-22_fg5eBF6Ia1GnFA,@sugar0308,48,4年,Member (4 years),50,the Ukiverse,マイルストーン,,1,6,0,2026-10-01 17:59,2026-10-01 17:59,,,https://www.youtube.com/channel/UCSWta-22_fg5eBF6Ia1GnFA
UCdUKxU6wZa5XPKfxvagtvJQ,@ivon4252,48,4年,Member (4 years),,不明,,,1,4,0,2026-10-01 17:59,2026-10-01 17:59,,,https://www.youtube.com/channel/UCdUKxU6wZa5XPKfxvagtvJQ
UCg6bW7cN-f0hez52yQAy_UA,@SR_dera,48,4年,Member (4 years),,不明,,,1,2,0,2026-10-01 17:59,2026-10-01 17:59,,,https://www.youtube.com/channel/UCg6bW7cN-f0hez52yQAy_UA
UC5ZfSgLW4eFAmCRS_ulVMPg,@kyeneen,48,4年,Member (4 years),,不明,,,1,1,0,2026-10-01 17:59,2026-10-01 17:59,,,https://www.youtube.com/channel/UC5ZfSgLW4eFAmCRS_ulVMPg
UCfQ_Nbg1VjklcM1JDZZlPAQ,@RR_11_22_zz,48,4年,Member (4 years),,不明,,,1,1,0,2026-10-01 17:59,2026-10-01 17:59,,,https://www.youtube.com/channel/UCfQ_Nbg1VjklcM1JDZZlPAQ
UCwIoehsT12thZBVvTNjF0SA,@ald..,48,4年,Member (4 years),,不明,,,1,4,0,2026-10-03 10:11,2026-10-03 10:11,,,https://www.youtube.com/channel/UCwIoehsT12thZBVvTNjF0SA
UCKpQMR8bBUrI_w1bntFA_KA,@tarow.,48,4年,Member (4 years),,不明,,,1,1,0,2026-10-03 14:11,2026-10-03 14:11,,,https://www.youtube.com/channel/UCKpQMR8bBUrI_w1bntFA_KA
UCUwVHdVWo039f7r3zZPffKA,@itsme_Ginger,48,4年,Member (4 years),,不明,,,1,5,0,2026-10-06 13:01,2026-10-06 13:01,,,https://www.youtube.com/channel/UCUwVHdVWo039f7r3zZPffKA
UC611Zsr6gLTA6I7aajKjgig,@ayapie8478,48,4年,Member (4 years),,不明,,,1,1,0,2026-10-08 00:00,2026-10-08 00:00,,,https://www.youtube.com/channel/UC611Zsr6gLTA6I7aajKjgig
UCpSud3JCqGNB4D4Kt8jGQDg,@Meleto39,48,4年,Member (4 years),,不明,,,1,5,0,2026-10-08 00:00,2026-10-08 00:00,,,https://www.youtube.com/channel/UCpSud3JCqGNB4D4Kt8jGQDg
UCa78SWP0B0zy_Xntj_KGpSQ,@mralbeezievt,48,4年,Member (4 years),,不明,,,1,1,0,2026-10-08 00:00,2026-10-08 00:00,,,https://www.youtube.com/channel/UCa78SWP0B0zy_Xntj_KGpSQ
UCmpAyLuWNdgjmzd_rI1DA5w,@ReinTheBibbleClubVicePrez,36,3年,Member (3 years),43,the Ukiverse,マイルストーン,,21,507,0,2026-09-10 11:01,2026-10-08 00:00,,,https://www.youtube.com/channel/UCmpAyLuWNdgjmzd_rI1DA5w
UCYF7K-d2NVfuIN2d5MKpynA,@milou_ଳ,36,3年,Member (3 years),,不明,,,20,1217,0,2026-09-10 11:01,2026-10-08 00:00,,,https://www.youtube.com/channel/UCYF7K-d2NVfuIN2d5MKpynA
UCgG8Ft104qWdDt8yvypAjdQ,@muhe_chilling,36,3年,Member (3 years),47,the Ukiverse,マイルストーン,,19,220,0,2026-09-10 11:01,2026-10-08 00:00,,,https://www.youtube.com/channel/UCgG8Ft104qWdDt8yvypAjdQ
UCu6k64IT6L3OoPpbD-hx3eg,@Ms.Dalia0894,36,3年,Member (3 years),,不明,,,19,557,0,2026-09-10 11:01,2026-10-08 00:00,,,https://www.youtube.com/channel/UCu6k64IT6L3OoPpbD-hx3eg
UCQMfn5RzQ4g1Hzb13sXTlAQ,@Catfeine512,36,3年,Member (3 years),,不明,,,18,167,0,2026-09-10 11:01,2026-10-08 00:00,,,https://www.youtube.com/channel/UCQMfn5RzQ4g1Hzb13sXTlAQ
UCfptJmm-gCcN4JhX8yR7DNQ,@jennyjiu0728,36,3年,Member (3 years),47,the Ukiverse,マイルストーン,,18,592,15,2026-09-10 11:01,2026-10-06 13:01,,,https://www.youtube.com/channel/UCfptJmm-gCcN4JhX8yR7DNQ
UCChOt5fgF1MasrLZVw285Jw,@52-hertz48,36,3年,Member (3 years),38,the Ukiverse,マイルストーン,,18,406,0,2026-09-10 11:01,2026-10-08 00:00,,,https://www.youtube.com/channel/UCChOt5fgF1MasrLZVw285Jw
UCtnciSM9njI-hntBsnD3-Lw,@さやんぬ-Sayannu,36,3年,Member (3 years),,不明,,,18,189,3,2026-09-10 11:01,2026-10-08 00:00,,,https://www.youtube.com/channel/UCtnciSM9njI-hntBsnD3-Lw
UC1VXhrxBAODF8aGpPJgocRw,@nicoleknacks,36,3年,Member (3 years),42,the Ukiverse,マイルストーン,,17,249,0,2026-09-10 11:01,2026-10-08 00:00,,,https://www.youtube.com/channel/UC1VXhrxBAODF8aGpPJgocRw
UCF43Y92833HA4tSEXAl911Q,@Jade-Yen,36,3年,Member (3 years),,不明,,,17,35,0,2026-09-12 11:17,2026-10-08 00:00,,,https://www.youtube.com/channel/UCF43Y92833HA4tSEXAl911Q
UC23LnCMOHYxhzSi_zYh0IFA,@Elleeee129,36,3年,Member (3 years),,不明,,,15,133,0,2026-09-10 11:01,2026-10-08 00:00,,,https://www.youtube.com/channel/UC23LnCMOHYxhzSi_zYh0IFA
UCQQoUocZ2bc0u5th8k0B3UA,@inakikudozaki9665,36,3年,Member (3 years),,不明,,,15,72,0,2026-09-10 11:01,2026-10-08 00:00,,,https://www.youtube.com/channel/UCQQoUocZ2bc0u5th8k0B3UA
UChqP9cuoUlAV31NsjDEPbaQ,@Len_yum,36,3年,Member (3 years),39,the Ukiverse,マイルストーン,,15,258,0,2026-09-10 11:01,2026-10-08 00:00,,,https://www.youtube.com/channel/UChqP9cuoUlAV31NsjDEPbaQ
UChEZRaAzF2k5tLbCd3Xc4HQ,@Jhinvt,36,3年,Member (3 years),,不明,,,15,76,0,2026-09-12 11:17,2026-10-03 14:11,,,https://www.youtube.com/channel/UChEZRaAzF2k5tLbCd3Xc4HQ
UCpsRJiNqKY1uZ7sZoH7YJlQ,@vivy_annn,36,3年,Member (3 years),,不明,,,14,101,0,2026-09-10 11:01,2026-10-08 00:00,,,https://www.youtube.com/channel/UCpsRJiNqKY1uZ7sZoH7YJlQ
UCL3aOcQkpla7u3PDjJTH_Nw,@KAPASORA,36,3年,Member (3 years),,不明,,,13,222,0,2026-09-10 11:01,2026-10-08 00:00,,,https://www.youtube.com/channel/UCL3aOcQkpla7u3PDjJTH_Nw
UC5w3xVlRNcE35pkjHxZ8CzA,@theycallmejasca,36,3年,Member (3 years),46,the Ukiverse,マイルストーン,,11,67,0,2026-09-10 11:01,2026-10-08 00:00,,,https://www.youtube.com/channel/UC5w3xVlRNcE35pkjHxZ8CzA
UCSsDFiRho3Y1GH9jV5qwBEw,@Tsukasa_sz,36,3年,Member (3 years),36,the Ukiverse,マイルストーン,,11,22,0,2026-09-15 12:02,2026-10-08 00:00,,,https://www.youtube.com/channel/UCSsDFiRho3Y1GH9jV5qwBEw
UC44pp8gsiAx0Ni-dJjo06rQ,@rinchan_03,36,3年,Member (3 years),39,the Ukiverse,マイルストーン,,10,80,0,2026-09-10 11:01,2026-10-03 14:11,,,https://www.youtube.com/channel/UC44pp8gsiAx0Ni-dJjo06rQ
UCBEsMJnh9kxgB78HGM_IA_A,@ちめchan,36,3年,Member (3 years),,不明,,,10,63,0,2026-09-10 11:01,2026-10-06 13:01,,,https://www.youtube.com/channel/UCBEsMJnh9kxgB78HGM_IA_A
UCYp2GKRJDOxSugBbF8-lIuQ,@dane3828,36,3年,Member (3 years),42,the Ukiverse,マイルストーン,,9,19,0,2026-09-10 11:01,2026-10-01 10:03,,,https://www.youtube.com/channel/UCYp2GKRJDOxSugBbF8-lIuQ
UCvSrF0pCxX2H9Vxw4PGxPuw,@luaa__,36,3年,Member (3 years),46,the Ukiverse,マイルストーン,,9,225,0,2026-09-20 10:03,2026-10-06 13:01,,,https://www.youtube.com/channel/UCvSrF0pCxX2H9Vxw4PGxPuw
UCRrmhNNvzvUFafVIovmBsNg,@katsuo_3322,36,3年,Member (3 years),,不明,,,8,64,1,2026-09-10 11:01,2026-10-06 13:01,,,https://www.youtube.com/channel/UCRrmhNNvzvUFafVIovmBsNg
UC13iLo6SavOfwUHA37bv4pQ,@0kojichan0,36,3年,Member (3 years),43,the Ukiverse,マイルストーン,,8,39,0,2026-09-10 11:01,2026-10-06 13:01,,,https://www.youtube.com/channel/UC13iLo6SavOfwUHA37bv4pQ
UC2G5uotLfcx4xWq9AgqcHng,@Aeron-Scott,36,3年,Member (3 years),47,the Ukiverse,マイルストーン,,7,73,1,2026-09-10 11:01,2026-09-28 13:00,,,https://www.youtube.com/channel/UC2G5uotLfcx4xWq9AgqcHng
UC9NOc0aH6VNZnhrlP8n2ZVg,@kokosmos,36,3年,Member (3 years),,不明,,,6,35,0,2026-09-10 11:01,2026-10-06 13:01,,,https://www.youtube.com/channel/UC9NOc0aH6VNZnhrlP8n2ZVg
UCE5LZtizkwoey_QZsOWem9g,@user-pf1jq6pn1jC,36,3年,Member (3 years),,不明,,,6,54,0,2026-09-20 10:03,2026-10-06 13:01,,,https://www.youtube.com/channel/UCE5LZtizkwoey_QZsOWem9g
UCNODr_XP1IElIAvTQWdHwkA,@SakuraCatマリ,36,3年,Member (3 years),44,the Ukiverse,マイルストーン,,5,35,0,2026-09-10 11:01,2026-09-28 13:00,,,https://www.youtube.com/channel/UCNODr_XP1IElIAvTQWdHwkA
UCRdKKmy9SDCgmrw4sRXkXdw,@stina-c206,36,3年,Member (3 years),37,the Ukiverse,マイルストーン,,5,22,0,2026-09-10 11:01,2026-09-29 14:02,,,https://www.youtube.com/channel/UCRdKKmy9SDCgmrw4sRXkXdw
UCYmuY9aHWjnsowTLjrZZ3XQ,@sharberries,36,3年,Member (3 years),45,the Ukiverse,マイルストーン,,5,5,0,2026-09-12 11:17,2026-09-25 12:02,,,https://www.youtube.com/channel/UCYmuY9aHWjnsowTLjrZZ3XQ
UCBynzgiQU-0t6vQrGCoY7UA,@Patty_Satuy,36,3年,Member (3 years),36,the Ukiverse,マイルストーン,,5,4,0,2026-09-13 11:03,2026-10-02 10:14,,,https://www.youtube.com/channel/UCBynzgiQU-0t6vQrGCoY7UA
UCEnLJSQ93Ht620TXiEmDG-g,@peichen3907,36,3年,Member (3 years),,不明,,,5,28,0,2026-09-14 13:01,2026-10-03 14:11,,,https://www.youtube.com/channel/UCEnLJSQ93Ht620TXiEmDG-g
UCAxSQek8Ah6N7VTiyO3uaBQ,@meorin,36,3年,Member (3 years),,不明,,,4,12,0,2026-09-13 11:03,2026-10-03 10:11,,,https://www.youtube.com/channel/UCAxSQek8Ah6N7VTiyO3uaBQ
UCnNj4ipI0jE7u4yVn9OFUtg,@Akagikasumi,36,3年,Member (3 years),,不明,,,4,6,0,2026-09-15 12:02,2026-10-03 14:11,,,https://www.youtube.com/channel/UCnNj4ipI0jE7u4yVn9OFUtg
UC70sIY6sch4R5Nze0asU4cw,@Narusechimken,36,3年,Member (3 years),38,the Ukiverse,マイルストーン,,4,15,0,2026-09-28 13:00,2026-10-06 13:01,,,https://www.youtube.com/channel/UC70sIY6sch4R5Nze0asU4cw
UC-qaJ3UtFGs13-Yw_em0KFQ,@KORU-167,36,3年,Member (3 years),,不明,,,3,18,0,2026-09-12 11:17,2026-09-20 10:03,,,https://www.youtube.com/channel/UC-qaJ3UtFGs13-Yw_em0KFQ
UCSDsQo91fK35jloupEKMlIg,@bawrbmat,36,3年,Member (3 years),45,the Ukiverse,マイルストーン,,3,6,0,2026-09-18 12:02,2026-10-08 00:00,,,https://www.youtube.com/channel/UCSDsQo91fK35jloupEKMlIg
UCIfhUqfcY3wuww4q7CG8QEA,@bobaa3941,36,3年,Member (3 years),43,the Ukiverse,マイルストーン,,3,6,0,2026-09-27 13:03,2026-09-29 14:02,,,https://www.youtube.com/channel/UCIfhUqfcY3wuww4q7CG8QEA
UCuwdFfE0LJtWpACeb9pjwqg,@dragonsarenotextinct,36,3年,Member (3 years),41,the Ukiverse,マイルストーン,,3,5,0,2026-09-28 13:00,2026-10-08 00:00,,,https://www.youtube.com/channel/UCuwdFfE0LJtWpACeb9pjwqg
UCrSffPbK7QxDHDTM4UvMhTA,@carp-142,36,3年,Member (3 years),45,the Ukiverse,マイルストーン,,3,43,0,2026-09-29 22:32,2026-10-08 00:00,,,https://www.youtube.com/channel/UCrSffPbK7QxDHDTM4UvMhTA
UC0I4InYfUEMBH848Lzs7cYg,@yuting114,36,3年,Member (3 years),,不明,,,2,11,0,2026-09-13 11:03,2026-10-01 17:59,,,https://www.youtube.com/channel/UC0I4InYfUEMBH848Lzs7cYg
UCLlwlfiQktibfIJSNT65XyA,@cymrushadw3681,36,3年,Member (3 years),,不明,,,2,12,0,2026-09-29 22:32,2026-10-08 00:00,,,https://www.youtube.com/channel/UCLlwlfiQktibfIJSNT65XyA
UCc3oaU2VkbEEy6DUHMOMiCQ,@gengarify,36,3年,Member (3 years),36,the Ukiverse,マイルストーン,,2,1,0,2026-10-01 10:03,2026-10-06 13:01,,,https://www.youtube.com/channel/UCc3oaU2VkbEEy6DUHMOMiCQ
UCDkeLSHgU7A4q5az1_iC0-g,@_haiyu_fui1jyu528,36,3年,Member (3 years),,不明,,,2,2,0,2026-10-01 17:59,2026-10-03 00:02,,,https://www.youtube.com/channel/UCDkeLSHgU7A4q5az1_iC0-g
UCCLswMFZzS2AzgO57YmU7lg,@Eesha_the_office_lady,36,3年,Member (3 years),,不明,,,2,16,0,2026-10-01 17:59,2026-10-06 13:01,,,https://www.youtube.com/channel/UCCLswMFZzS2AzgO57YmU7lg
UC3gUf_P_z0w9L2P7PDpumpA,@help_welp,36,3年,Member (3 years),,不明,,,2,16,0,2026-10-02 10:14,2026-10-06 13:01,,,https://www.youtube.com/channel/UC3gUf_P_z0w9L2P7PDpumpA
UCEiwJ31wAnxyGUAynlfmxCQ,@gayforestgod,36,3年,Member (3 years),,不明,,,2,2,0,2026-10-02 10:14,2026-10-03 10:11,,,https://www.youtube.com/channel/UCEiwJ31wAnxyGUAynlfmxCQ
UC7FKnorw5-bFsh8hok645GQ,@naoobunny,36,3年,Member (3 years),42,the Ukiverse,マイルストーン,,1,6,0,2026-09-13 11:03,2026-09-13 11:03,,,https://www.youtube.com/channel/UC7FKnorw5-bFsh8hok645GQ
UCUUfFHW8NC1YQAGI1B5S9JA,@baronschmaron252,36,3年,Member (3 years),,不明,,,1,6,0,2026-09-15 12:02,2026-09-15 12:02,,,https://www.youtube.com/channel/UCUUfFHW8NC1YQAGI1B5S9JA
UCXUNLKWMGeI3-U7G-8illWw,@mihawk2787,36,3年,Member (3 years),47,the Ukiverse,マイルストーン,,1,0,0,2026-09-17 11:02,2026-09-17 11:02,,,https://www.youtube.com/channel/UCXUNLKWMGeI3-U7G-8illWw
UCMk9mgiqrjVGz5UGvdkE_pw,@ぴょす_pyos,36,3年,Member (3 years),,不明,,,1,1,0,2026-09-27 13:03,2026-09-27 13:03,,,https://www.youtube.com/channel/UCMk9mgiqrjVGz5UGvdkE_pw
UC7frTBgPfPCPkra2xFWL9fg,@peachtart_16,36,3年,Member (3 years),,不明,,,1,1,0,2026-09-27 13:03,2026-09-27 13:03,,,https://www.youtube.com/channel/UC7frTBgPfPCPkra2xFWL9fg
UCnsXZyj7wf7rVc3_LXYpa9w,@PIERU_GRYN,36,3年,Member (3 years),38,the Ukiverse,マイルストーン,,1,5,0,2026-09-27 13:03,2026-09-27 13:03,,,https://www.youtube.com/channel/UCnsXZyj7wf7rVc3_LXYpa9w
UCoEAD2kheD-cr0blOvYbY3w,@jessicaj13,36,3年,Member (3 years),,不明,,,1,2,0,2026-09-28 13:00,2026-09-28 13:00,,,https://www.youtube.com/channel/UCoEAD2kheD-cr0blOvYbY3w
UC00-1EG5A0mqg-9yL8Ds7mw,@らざにあ-j3p,36,3年,Member (3 years),,不明,,,1,1,0,2026-09-28 13:00,2026-09-28 13:00,,,https://www.youtube.com/channel/UC00-1EG5A0mqg-9yL8Ds7mw
UCZNHKvWo3THIkgIeZjLxrnQ,@YUA_1700,36,3年,Member (3 years),,不明,,,1,1,0,2026-09-29 14:02,2026-09-29 14:02,,,https://www.youtube.com/channel/UCZNHKvWo3THIkgIeZjLxrnQ
UCtWx0LqBih9if75iH8n1ZuQ,@YUIkusakabe,36,3年,Member (3 years),,不明,,,1,4,0,2026-09-29 14:02,2026-09-29 14:02,,,https://www.youtube.com/channel/UCtWx0LqBih9if75iH8n1ZuQ
UCt9qB2G2VEYFJw5T20TRy7g,@KetixoOrion,36,3年,Member (3 years),,不明,,,1,1,0,2026-09-29 14:02,2026-09-29 14:02,,,https://www.youtube.com/channel/UCt9qB2G2VEYFJw5T20TRy7g
UC-0c-JEcZfmgPEYl4_OPikA,@lunasa3557,36,3年,Member (3 years),,不明,,,1,1,0,2026-09-29 22:32,2026-09-29 22:32,,,https://www.youtube.com/channel/UC-0c-JEcZfmgPEYl4_OPikA
UCsCnzhNedWe8qhXbSToRYsA,@lisaceui4946,36,3年,Member (3 years),,不明,,,1,2,0,2026-09-29 22:32,2026-09-29 22:32,,,https://www.youtube.com/channel/UCsCnzhNedWe8qhXbSToRYsA
UCSH-q0sS8b4CXY39HwcdZbg,@Sushii52,36,3年,Member (3 years),38,the Ukiverse,マイルストーン,,1,0,0,2026-10-01 10:03,2026-10-01 10:03,,,https://www.youtube.com/channel/UCSH-q0sS8b4CXY39HwcdZbg
UCrInrGCbNcWZyweHAetT4nQ,@sweetpork05,36,3年,Member (3 years),38,the Ukiverse,マイルストーン,,1,0,0,2026-10-01 10:03,2026-10-01 10:03,,,https://www.youtube.com/channel/UCrInrGCbNcWZyweHAetT4nQ
UC31Fpy69dUr8tXVVAu9OEdA,@leia_52,36,3年,Member (3 years),47,the Ukiverse,マイルストーン,,1,58,0,2026-10-01 17:59,2026-10-01 17:59,,,https://www.youtube.com/channel/UC31Fpy69dUr8tXVVAu9OEdA
UCZMnZ-pXGiyUvyf07-lZKgw,@Lynx-Lynxx,36,3年,Member (3 years),,不明,,,1,1,0,2026-10-01 17:59,2026-10-01 17:59,,,https://www.youtube.com/channel/UCZMnZ-pXGiyUvyf07-lZKgw
UCd_LPi0KssCjiPwhLoYkqBQ,@rabbiTBC,36,3年,Member (3 years),,不明,,,1,9,0,2026-10-01 17:59,2026-10-01 17:59,,,https://www.youtube.com/channel/UCd_LPi0KssCjiPwhLoYkqBQ
UCQCCsT4Z7xsT49XEn0_hAPw,@wooya5802,36,3年,Member (3 years),,不明,,,1,7,0,2026-10-01 17:59,2026-10-01 17:59,,,https://www.youtube.com/channel/UCQCCsT4Z7xsT49XEn0_hAPw
UCgc5m2IYPx63PdHkYcrRdyg,@Sil-lk,36,3年,Member (3 years),,不明,,,1,17,0,2026-10-01 17:59,2026-10-01 17:59,,,https://www.youtube.com/channel/UCgc5m2IYPx63PdHkYcrRdyg
UCGKEjmUIPg_zFGOqqqKoz7g,@lolynn1103,36,3年,Member (3 years),,不明,,,1,12,0,2026-10-01 17:59,2026-10-01 17:59,,,https://www.youtube.com/channel/UCGKEjmUIPg_zFGOqqqKoz7g
UCgs2rBvrFlysVZBm7e9XqWg,@neeeeeneuro,36,3年,Member (3 years),,不明,,,1,2,0,2026-10-01 17:59,2026-10-01 17:59,,,https://www.youtube.com/channel/UCgs2rBvrFlysVZBm7e9XqWg
UC7uTm6ajHFcU_UmyYABwZmw,@yuting_rabbit,36,3年,Member (3 years),,不明,,,1,1,0,2026-10-01 17:59,2026-10-01 17:59,,,https://www.youtube.com/channel/UC7uTm6ajHFcU_UmyYABwZmw
UC6IuJc0n60sd1eNHA6CJpGg,@syuanya2655,36,3年,Member (3 years),,不明,,,1,1,0,2026-10-01 17:59,2026-10-01 17:59,,,https://www.youtube.com/channel/UC6IuJc0n60sd1eNHA6CJpGg
UCntAvOun-upIv_6M93ZOI_w,@tingcheny,36,3年,Member (3 years),,不明,,,1,1,0,2026-10-01 17:59,2026-10-01 17:59,,,https://www.youtube.com/channel/UCntAvOun-upIv_6M93ZOI_w
UCi7SlCIIZwOXgCNdCHJxh_w,@ひよこまめhiyokomame,36,3年,Member (3 years),,不明,,,1,1,0,2026-10-01 17:59,2026-10-01 17:59,,,https://www.youtube.com/channel/UCi7SlCIIZwOXgCNdCHJxh_w
UCPzqpAyHnLeD-Ry_FcXMyxQ,@葉子梨,36,3年,Member (3 years),,不明,,,1,1,0,2026-10-01 17:59,2026-10-01 17:59,,,https://www.youtube.com/channel/UCPzqpAyHnLeD-Ry_FcXMyxQ
UCo9ieLWCelL1gBYn4jQD2nw,@Garcia-says-cheese,36,3年,Member (3 years),,不明,,,1,5,0,2026-10-01 17:59,2026-10-01 17:59,,,https://www.youtube.com/channel/UCo9ieLWCelL1gBYn4jQD2nw
UC9FxSVyNaGHq1RoX2HCVGqA,@fatwahwahalice8127,36,3年,Member (3 years),,不明,,,1,3,0,2026-10-03 14:11,2026-10-03 14:11,,,https://www.youtube.com/channel/UC9FxSVyNaGHq1RoX2HCVGqA
UCUJHC-TF_xker5pyYRSQCrQ,@RinieChii,36,3年,Member (3 years),,the Ukiverse,再加入/レベル変更,,1,1,0,2026-10-06 13:01,2026-10-06 13:01,,,https://www.youtube.com/channel/UCUJHC-TF_xker5pyYRSQCrQ
UCxALwwG9G0B9ELISGLqn55w,@YasmineTria,36,3年,Member (3 years),47,the Ukiverse,マイルストーン,,1,0,0,2026-10-08 00:00,2026-10-08 00:00,,,https://www.youtube.com/channel/UCxALwwG9G0B9ELISGLqn55w
UC8I9FgMUzOg-SvQhYRfZnZQ,@amo-x_x,24,2年,Member (2 years),,不明,,,22,829,0,2026-09-10 11:01,2026-10-08 00:00,,,https://www.youtube.com/channel/UC8I9FgMUzOg-SvQhYRfZnZQ
UCioL2DVS_Xiq0N6wZVZ886w,@_ivulnerable_,24,2年,Member (2 years),,不明,,,19,1897,0,2026-09-15 12:02,2026-10-08 00:00,,,https://www.youtube.com/channel/UCioL2DVS_Xiq0N6wZVZ886w
UC51z0WiYIR1Th3MazRziD2g,@pino0205,24,2年,Member (2 years),24,the Ukiverse,マイルストーン,,11,40,0,2026-09-15 12:02,2026-10-08 00:00,,,https://www.youtube.com/channel/UC51z0WiYIR1Th3MazRziD2g
UCI9IdSQyStKy6aBNBKusFAA,@さやぴ_sayapi,24,2年,Member (2 years),32,the Ukiverse,マイルストーン,,10,308,1,2026-09-10 11:01,2026-10-08 00:00,,,https://www.youtube.com/channel/UCI9IdSQyStKy6aBNBKusFAA
UCVQL71Vxo3BwW3a2XS1zXcw,@Julio-ジュリオ,24,2年,Member (2 years),,不明,,,10,79,0,2026-09-10 11:01,2026-10-06 13:01,,,https://www.youtube.com/channel/UCVQL71Vxo3BwW3a2XS1zXcw
UCDn0NLZR6IceG7_eK01YeyQ,@YuiKagamine143,24,2年,Member (2 years),25,the Ukiverse,マイルストーン,,8,78,0,2026-09-12 11:17,2026-10-08 00:00,,,https://www.youtube.com/channel/UCDn0NLZR6IceG7_eK01YeyQ
UClpTNKKBkNrc6JfeWE0lGqg,@payaciteVT,24,2年,Member (2 years),,不明,,,6,144,0,2026-09-10 11:01,2026-10-01 10:03,,,https://www.youtube.com/channel/UClpTNKKBkNrc6JfeWE0lGqg
UCjR-T03OuMsJkHo5jwgF1yA,@cuddlymikasa,24,2年,Member (2 years),,不明,,,6,27,0,2026-09-13 11:03,2026-10-08 00:00,,,https://www.youtube.com/channel/UCjR-T03OuMsJkHo5jwgF1yA
UCp2Pi3nOeMu_SiYA1ATL9pw,@うしゃぎ-g9g,24,2年,Member (2 years),,不明,,,5,14,0,2026-09-12 11:17,2026-10-06 13:01,,,https://www.youtube.com/channel/UCp2Pi3nOeMu_SiYA1ATL9pw
UCEmrqzsYobElz7awvR7eDVA,@甘酢_amazu,24,2年,Member (2 years),,不明,,,5,88,0,2026-09-12 11:17,2026-10-08 00:00,,,https://www.youtube.com/channel/UCEmrqzsYobElz7awvR7eDVA
UCgnsXwMIQDyod6BZjQ1Bsyw,@starsailorix,24,2年,Member (2 years),,不明,,,5,18,0,2026-09-13 11:03,2026-10-03 14:11,,,https://www.youtube.com/channel/UCgnsXwMIQDyod6BZjQ1Bsyw
UCVmQimZ81NfNgnMSLz3R54A,@Sophia_ソフィア,24,2年,Member (2 years),,不明,,,5,6,0,2026-09-24 12:00,2026-10-08 00:00,,,https://www.youtube.com/channel/UCVmQimZ81NfNgnMSLz3R54A
UCZ65-Kt8IH8eyQ8yeTJHItA,@caratgazer,24,2年,Member (2 years),,the Ukiverse,再加入/レベル変更,,5,23,0,2026-10-01 17:59,2026-10-08 00:00,,,https://www.youtube.com/channel/UCZ65-Kt8IH8eyQ8yeTJHItA
UC4-ONtlNMOwgwRpHpw5NjVA,@satsuki0196,24,2年,Member (2 years),,不明,,,4,25,0,2026-09-12 11:17,2026-09-27 13:03,,,https://www.youtube.com/channel/UC4-ONtlNMOwgwRpHpw5NjVA
UCFAQ4wQ84QwrjEC92pxpbpA,@Shizuka_静N0222,24,2年,Member (2 years),32,the Ukiverse,マイルストーン,,4,21,0,2026-09-14 13:01,2026-10-01 17:59,,,https://www.youtube.com/channel/UCFAQ4wQ84QwrjEC92pxpbpA
UCUmFXWB_1Wc1tQS38w2a3pw,@rin_kiki,24,2年,Member (2 years),,不明,,,4,4,0,2026-09-24 12:00,2026-10-03 00:02,,,https://www.youtube.com/channel/UCUmFXWB_1Wc1tQS38w2a3pw
UC3Z0RazZf4evcE6lpgaI4MA,@RinRinりんりん,24,2年,Member (2 years),,不明,,,3,10,0,2026-09-12 11:17,2026-10-01 17:59,,,https://www.youtube.com/channel/UC3Z0RazZf4evcE6lpgaI4MA
UCWMD7445B3K8bOe_ejqiaQg,@icecreamyummycookie,24,2年,Member (2 years),,不明,,,3,6,0,2026-09-12 11:17,2026-09-15 12:02,,,https://www.youtube.com/channel/UCWMD7445B3K8bOe_ejqiaQg
UCNowWvigd_hlb0i2Jyjjjtg,@minatsu_yumesaki,24,2年,Member (2 years),34,the Ukiverse,マイルストーン,,3,9,0,2026-09-13 11:03,2026-09-20 10:03,,,https://www.youtube.com/channel/UCNowWvigd_hlb0i2Jyjjjtg
UCgigYKm-_ZGo8trfiQCcHZg,@YaN_CO_,24,2年,Member (2 years),31,the Ukiverse,マイルストーン,,3,69,3,2026-09-13 11:03,2026-10-01 17:59,,,https://www.youtube.com/channel/UCgigYKm-_ZGo8trfiQCcHZg
UCfMUnmmfIIyyftRLW9Z_FfQ,@ahu2800,24,2年,Member (2 years),,不明,,,3,7,0,2026-09-17 11:02,2026-10-01 17:59,,,https://www.youtube.com/channel/UCfMUnmmfIIyyftRLW9Z_FfQ
UC9YHOj_GQuMn0AiKPtZ7U1g,@Syen-x4r,24,2年,Member (2 years),,不明,,,3,17,0,2026-09-17 11:02,2026-10-01 17:59,,,https://www.youtube.com/channel/UC9YHOj_GQuMn0AiKPtZ7U1g
UCirpgtr-AlIr8AyYnwtrSEw,@nesamacaron619,24,2年,Member (2 years),,不明,,,3,3,0,2026-09-17 11:02,2026-10-03 14:11,,,https://www.youtube.com/channel/UCirpgtr-AlIr8AyYnwtrSEw
UCsjIipeehb4ztSNcqwWY-hg,@moshi_chi,24,2年,Member (2 years),,不明,,,3,3,0,2026-09-28 13:00,2026-10-01 17:59,,,https://www.youtube.com/channel/UCsjIipeehb4ztSNcqwWY-hg
UCGIxDnCE4jEAlivxgWib9nQ,@herelieshope,24,2年,Member (2 years),,不明,,,3,18,0,2026-10-01 10:03,2026-10-03 10:11,,,https://www.youtube.com/channel/UCGIxDnCE4jEAlivxgWib9nQ
UC6FJmk7w2RwrhzoA0D0zIwA,@Tekt_ntry,24,2年,Member (2 years),,不明,,,2,2,0,2026-09-10 11:01,2026-10-02 10:14,,,https://www.youtube.com/channel/UC6FJmk7w2RwrhzoA0D0zIwA
UCYFsNaFcu7MgyjVJoxCxVPQ,@vald08,24,2年,Member (2 years),,不明,,,2,3,0,2026-09-10 11:01,2026-10-03 10:11,,,https://www.youtube.com/channel/UCYFsNaFcu7MgyjVJoxCxVPQ
UC7EfFBQYWJjMxs3Al-WE9Tw,@prayer_drizzle,24,2年,Member (2 years),,不明,,,2,5,0,2026-09-10 11:01,2026-09-24 12:00,,,https://www.youtube.com/channel/UC7EfFBQYWJjMxs3Al-WE9Tw
UCwNXJrnuxImNKlNk8V3v9pA,@makat_z,24,2年,Member (2 years),,不明,,,2,20,0,2026-09-10 11:01,2026-10-01 17:59,,,https://www.youtube.com/channel/UCwNXJrnuxImNKlNk8V3v9pA
UCmj1NB2ZFw6IMgDHMaYiNjA,@LumieraNight,24,2年,Member (2 years),32,the Ukiverse,マイルストーン,,2,1,0,2026-09-10 11:01,2026-09-27 13:03,,,https://www.youtube.com/channel/UCmj1NB2ZFw6IMgDHMaYiNjA
UCg2vGDjVh0v67yeO6b3hnQQ,@Yes-HOTSAUCE,24,2年,Member (2 years),28,the Ukiverse,マイルストーン,,2,6,0,2026-09-12 11:17,2026-09-13 11:03,,,https://www.youtube.com/channel/UCg2vGDjVh0v67yeO6b3hnQQ
UCsZ0WmUOWsje2nWVkeDk9kA,@MiturouM,24,2年,Member (2 years),,不明,,,2,3,0,2026-09-12 11:17,2026-09-13 11:03,,,https://www.youtube.com/channel/UCsZ0WmUOWsje2nWVkeDk9kA
UCAlQyNHPD0-9rp5jmwgvaBA,@Winniewynter3,24,2年,Member (2 years),32,the Ukiverse,マイルストーン,,2,1,0,2026-09-14 13:01,2026-09-24 12:00,,,https://www.youtube.com/channel/UCAlQyNHPD0-9rp5jmwgvaBA
UCPIyEhQMLlcikB4QarWiaEw,@れうこ_Leuko,24,2年,Member (2 years),,不明,,,2,2,0,2026-09-17 11:02,2026-09-29 14:02,,,https://www.youtube.com/channel/UCPIyEhQMLlcikB4QarWiaEw
UCxRt7D1_h-gXE7hVS2Xoy0A,@比安UwU,24,2年,Member (2 years),,不明,,,2,2,0,2026-09-17 11:02,2026-10-01 17:59,,,https://www.youtube.com/channel/UCxRt7D1_h-gXE7hVS2Xoy0A
UCyOkC2A3UPWU-gOqlJ502FQ,@komine_dejapu,24,2年,Member (2 years),,不明,,,2,2,0,2026-09-18 12:02,2026-09-27 13:03,,,https://www.youtube.com/channel/UCyOkC2A3UPWU-gOqlJ502FQ
UCCkcL_f5Oyc4WjUcmHypWpw,@Miri_0161,24,2年,Member (2 years),,不明,,,2,6,0,2026-09-24 12:00,2026-09-27 13:03,,,https://www.youtube.com/channel/UCCkcL_f5Oyc4WjUcmHypWpw
UCKVUzv8sJKxcFxZxZLppMag,@mae-chii,24,2年,Member (2 years),29,the Ukiverse,マイルストーン,,2,2,0,2026-09-24 12:00,2026-10-02 10:14,,,https://www.youtube.com/channel/UCKVUzv8sJKxcFxZxZLppMag
UCJdVY-IVc8fcVG3WF3qlwtQ,@toukimi,24,2年,Member (2 years),30,the Ukiverse,マイルストーン,,2,2,0,2026-09-27 13:03,2026-10-01 17:59,,,https://www.youtube.com/channel/UCJdVY-IVc8fcVG3WF3qlwtQ
UCWBirpPcnRalSoKSlkF3LsQ,@Kotoha028,24,2年,Member (2 years),,不明,,,2,5,0,2026-09-28 13:00,2026-10-01 10:03,,,https://www.youtube.com/channel/UCWBirpPcnRalSoKSlkF3LsQ
UCfSKylnHr9qkAF9qX1OrFWg,@Maddy.マディ,24,2年,Member (2 years),,不明,,,2,3,0,2026-10-02 10:14,2026-10-08 00:00,,,https://www.youtube.com/channel/UCfSKylnHr9qkAF9qX1OrFWg
UCsm2oAldOoZUigB4VW4UFEw,@stargazerajax,24,2年,Member (2 years),,不明,,,1,1,0,2026-09-12 11:17,2026-09-12 11:17,,,https://www.youtube.com/channel/UCsm2oAldOoZUigB4VW4UFEw
UC-IqcFPLywmaddwp3qs8D1Q,@graezia,24,2年,Member (2 years),,不明,,,1,3,0,2026-09-13 11:03,2026-09-13 11:03,,,https://www.youtube.com/channel/UC-IqcFPLywmaddwp3qs8D1Q
UCEQhGzdIfFSiJSuW14_qXtA,@Mayu-vz2kn,24,2年,Member (2 years),,不明,,,1,1,0,2026-09-13 11:03,2026-09-13 11:03,,,https://www.youtube.com/channel/UCEQhGzdIfFSiJSuW14_qXtA
UC3XEzfXT1xTUB7QfyWNGKcg,@nicolap8596,24,2年,Member (2 years),,不明,,,1,1,0,2026-09-15 12:02,2026-09-15 12:02,,,https://www.youtube.com/channel/UC3XEzfXT1xTUB7QfyWNGKcg
UCtl2MlNqoJWMmu8bq1yxFMw,@katiecsw,24,2年,Member (2 years),,不明,,,1,1,0,2026-09-17 11:02,2026-09-17 11:02,,,https://www.youtube.com/channel/UCtl2MlNqoJWMmu8bq1yxFMw
UCYR9u5gbEVsEAAjdKb5Qsiw,@merong0nom,24,2年,Member (2 years),,不明,,,1,1,0,2026-09-17 11:02,2026-09-17 11:02,,,https://www.youtube.com/channel/UCYR9u5gbEVsEAAjdKb5Qsiw
UCVFkdEFYRTCkVihYV3LXEvQ,@Lissi_Doll,24,2年,Member (2 years),,不明,,,1,5,0,2026-09-18 12:02,2026-09-18 12:02,,,https://www.youtube.com/channel/UCVFkdEFYRTCkVihYV3LXEvQ
UCqiLh9wEcDpCPWiQyWK7R4Q,@Chocosuns,24,2年,Member (2 years),,the Ukiverse,マイルストーン（2026-09-09）,,1,3,0,2026-09-27 13:03,2026-09-27 13:03,,,https://www.youtube.com/channel/UCqiLh9wEcDpCPWiQyWK7R4Q
UC0JzOWsQtoBP6iCoL_XK2PA,@jjjgm8967,24,2年,Member (2 years),,不明,,,1,1,0,2026-09-27 13:03,2026-09-27 13:03,,,https://www.youtube.com/channel/UC0JzOWsQtoBP6iCoL_XK2PA
UCZIk5MjA_e0oA7ahKxB7mxg,@timpanpan,24,2年,Member (2 years),,不明,,,1,1,0,2026-09-27 13:03,2026-09-27 13:03,,,https://www.youtube.com/channel/UCZIk5MjA_e0oA7ahKxB7mxg
UCg7Lb-qGJoc-KAEeWmdzI-w,@Yohirax2x,24,2年,Member (2 years),,不明,,,1,1,0,2026-09-27 13:03,2026-09-27 13:03,,,https://www.youtube.com/channel/UCg7Lb-qGJoc-KAEeWmdzI-w
UC_EnG021fMPA_pqTapTqKPA,@過保護のかほ,24,2年,Member (2 years),,不明,,,1,4,0,2026-09-28 13:00,2026-09-28 13:00,,,https://www.youtube.com/channel/UC_EnG021fMPA_pqTapTqKPA
UCcYEmu0-NBORVXRE5O7yN5A,@Dorothy_Lu_030,24,2年,Member (2 years),,不明,,,1,1,0,2026-09-28 13:00,2026-09-28 13:00,,,https://www.youtube.com/channel/UCcYEmu0-NBORVXRE5O7yN5A
UCA-1y1e1lYpucKoDx4zivUA,@なつみーNatsumiー,24,2年,Member (2 years),,不明,,,1,1,0,2026-09-28 13:00,2026-09-28 13:00,,,https://www.youtube.com/channel/UCA-1y1e1lYpucKoDx4zivUA
UC4TSyNNV5s0BEC8D20HQObA,@blackangel561,24,2年,Member (2 years),,不明,,,1,3,0,2026-09-29 14:02,2026-09-29 14:02,,,https://www.youtube.com/channel/UC4TSyNNV5s0BEC8D20HQObA
UC0Y72sYPKqL9JbnJE19gWrg,@J_findingnotkeeping,24,2年,Member (2 years),,不明,,,1,4,0,2026-09-29 22:32,2026-09-29 22:32,,,https://www.youtube.com/channel/UC0Y72sYPKqL9JbnJE19gWrg
UCz_qVPIj3JDW356PoMz6aQA,@とも-y2f3i,24,2年,Member (2 years),,不明,,,1,3,0,2026-10-01 17:59,2026-10-01 17:59,,,https://www.youtube.com/channel/UCz_qVPIj3JDW356PoMz6aQA
UC7dp5NCNADVWQ0gVJuqoKXQ,@swtstars,24,2年,Member (2 years),,不明,,,1,46,0,2026-10-01 17:59,2026-10-01 17:59,,,https://www.youtube.com/channel/UC7dp5NCNADVWQ0gVJuqoKXQ
UCyn98y31oJyW5AZjjTWOVRw,@lynseoltang1183,24,2年,Member (2 years),,the Ukiverse,再加入/レベル変更,,1,18,0,2026-10-01 17:59,2026-10-01 17:59,,,https://www.youtube.com/channel/UCyn98y31oJyW5AZjjTWOVRw
UC2QhscHFgKiiQHd5_65nShg,@totopoyo,24,2年,Member (2 years),,不明,,,1,2,0,2026-10-01 17:59,2026-10-01 17:59,,,https://www.youtube.com/channel/UC2QhscHFgKiiQHd5_65nShg
UCex1a512fV7G-5pRtJGkUoA,@さおりごsatsunakan,24,2年,Member (2 years),,不明,,,1,4,0,2026-10-01 17:59,2026-10-01 17:59,,,https://www.youtube.com/channel/UCex1a512fV7G-5pRtJGkUoA
UC3gNwTViauOTmUEG0sp_73w,@elizabethrose3545,24,2年,Member (2 years),,不明,,,1,6,0,2026-10-01 17:59,2026-10-01 17:59,,,https://www.youtube.com/channel/UC3gNwTViauOTmUEG0sp_73w
UC4FJORCxcW4xlKU1zkbp_vQ,@dorsalyn,24,2年,Member (2 years),,不明,,,1,1,0,2026-10-01 17:59,2026-10-01 17:59,,,https://www.youtube.com/channel/UC4FJORCxcW4xlKU1zkbp_vQ
UCDOvOi67ktXdYbrZ6krHfFQ,@stgmiki,24,2年,Member (2 years),,不明,,,1,2,0,2026-10-01 17:59,2026-10-01 17:59,,,https://www.youtube.com/channel/UCDOvOi67ktXdYbrZ6krHfFQ
UCtHF5FXWKWKuTOEBQPGplgA,@しほshiho_xx,24,2年,Member (2 years),,不明,,,1,1,0,2026-10-01 17:59,2026-10-01 17:59,,,https://www.youtube.com/channel/UCtHF5FXWKWKuTOEBQPGplgA
UC9qOl4IJ1_DWhttaAWMStAw,@diced_kiwi,24,2年,Member (2 years),,不明,,,1,2,0,2026-10-01 17:59,2026-10-01 17:59,,,https://www.youtube.com/channel/UC9qOl4IJ1_DWhttaAWMStAw
UCOXZnoK1YjWiQ7mLpW-Envg,@Lxna-Luna,24,2年,Member (2 years),,不明,,,1,2,0,2026-10-03 10:11,2026-10-03 10:11,,,https://www.youtube.com/channel/UCOXZnoK1YjWiQ7mLpW-Envg
UCzSTiCEnebrPLQdh_NUagyg,@vtubeloverboy,24,2年,Member (2 years),,不明,,,1,1,0,2026-10-08 00:00,2026-10-08 00:00,,,https://www.youtube.com/channel/UCzSTiCEnebrPLQdh_NUagyg
UCg2MXKkZ0z96HngvIm_QkXg,@phaetniexs,24,2年,Member (2 years),,不明,,,1,2,0,2026-10-08 00:00,2026-10-08 00:00,,,https://www.youtube.com/channel/UCg2MXKkZ0z96HngvIm_QkXg
UCiZGsGIQOKnhV-VsMKT1VHQ,@utoutoshiteiru,24,2年,Member (2 years),,不明,,,1,3,0,2026-10-08 00:00,2026-10-08 00:00,,,https://www.youtube.com/channel/UCiZGsGIQOKnhV-VsMKT1VHQ
UCTzyMxqJZeCSp9FEzwHX6gw,@よっすぃーyoshika,12,1年,Member (1 year),20,the Ukiverse,マイルストーン,,23,177,2,2026-09-10 11:01,2026-10-08 00:00,,,https://www.youtube.com/channel/UCTzyMxqJZeCSp9FEzwHX6gw
UCQas8vTMRt8R3TqT4YV2p_w,@ぷろむな-promenaade,12,1年,Member (1 year),,不明,,,23,2028,1,2026-09-10 11:01,2026-10-08 00:00,,,https://www.youtube.com/channel/UCQas8vTMRt8R3TqT4YV2p_w
UCwBPU47xH68kupvnUWWMY_w,@nova_1i1y_11,12,1年,Member (1 year),,不明,,,22,117,0,2026-09-10 11:01,2026-10-08 00:00,,,https://www.youtube.com/channel/UCwBPU47xH68kupvnUWWMY_w
UCZGTsvfR_x1cJqh4aTfq3gA,@meow-yc6vi,12,1年,Member (1 year),,the Ukiverse,マイルストーン（2026-09-09）,,21,202,0,2026-09-10 11:01,2026-10-08 00:00,,,https://www.youtube.com/channel/UCZGTsvfR_x1cJqh4aTfq3gA
UClKGVlaZhXwgO9F_OUOAgYw,@KrisCherrycakecola,12,1年,Member (1 year),,不明,,,18,1849,0,2026-09-10 11:01,2026-10-06 13:01,,,https://www.youtube.com/channel/UClKGVlaZhXwgO9F_OUOAgYw
UCR-kgEmCVCI0kuOfLa6ySdA,@camelliaC09,12,1年,Member (1 year),16,the Ukiverse,マイルストーン,,11,34,0,2026-09-10 11:01,2026-10-01 17:59,,,https://www.youtube.com/channel/UCR-kgEmCVCI0kuOfLa6ySdA
UCFpJUzVJ0c_tVj2HTPUi4rA,@Crescentmoon8,12,1年,Member (1 year),,不明,,,11,29,0,2026-09-10 11:01,2026-10-06 13:01,,,https://www.youtube.com/channel/UCFpJUzVJ0c_tVj2HTPUi4rA
UC2oPalAgBKurY595sfvd5lA,@Mirrano_Yuzu,12,1年,Member (1 year),,不明,,,11,26,0,2026-09-12 11:17,2026-10-08 00:00,,,https://www.youtube.com/channel/UC2oPalAgBKurY595sfvd5lA
UCYmou3Y9FRlVza6z7iCkYfg,@Tzuhua318,12,1年,Member (1 year),,不明,,,10,28,0,2026-09-12 11:17,2026-10-03 14:11,,,https://www.youtube.com/channel/UCYmou3Y9FRlVza6z7iCkYfg
UCz5Pb0a7UQKOloKMoQ-UWiQ,@stargz-q4e-HARU,12,1年,Member (1 year),22,the Ukiverse,マイルストーン,,10,48,0,2026-09-15 12:02,2026-10-08 00:00,,,https://www.youtube.com/channel/UCz5Pb0a7UQKOloKMoQ-UWiQ
UCF00hatIB0f3XuVYy_KyN9g,@plastic-soul,12,1年,Member (1 year),,不明,,,9,13,0,2026-09-10 11:01,2026-10-08 00:00,,,https://www.youtube.com/channel/UCF00hatIB0f3XuVYy_KyN9g
UCqXLGzhovqc30vBmk_XZ8qw,@Boopwoo1,12,1年,Member (1 year),21,the Ukiverse,マイルストーン,,8,53,0,2026-09-10 11:01,2026-10-06 13:01,,,https://www.youtube.com/channel/UCqXLGzhovqc30vBmk_XZ8qw
UC-nlTDyxESKFztscLKp_9cQ,@Ummy_umemayo,12,1年,Member (1 year),,不明,,,8,39,0,2026-09-13 11:03,2026-10-03 00:02,,,https://www.youtube.com/channel/UC-nlTDyxESKFztscLKp_9cQ
UCQzvGsliH3HUflSNFvj0eag,@pity0226,12,1年,Member (1 year),,不明,,,8,19,0,2026-09-13 11:03,2026-10-06 13:01,,,https://www.youtube.com/channel/UCQzvGsliH3HUflSNFvj0eag
UC1h6JcGXtH2ZqJSirP7fF1g,@Expresso.StarRoxy,12,1年,Member (1 year),14,the Ukiverse,マイルストーン,,8,51,0,2026-09-14 13:01,2026-10-06 13:01,,,https://www.youtube.com/channel/UC1h6JcGXtH2ZqJSirP7fF1g
UCIOkRnDpAt7Kr5d7h0ut50A,@kaineko11,12,1年,Member (1 year),,不明,,,7,134,0,2026-09-10 11:01,2026-09-18 12:02,,,https://www.youtube.com/channel/UCIOkRnDpAt7Kr5d7h0ut50A
UCUdE1qzHrKXPn1ae35qwBRA,@violetstargazer,12,1年,Member (1 year),,不明,,,7,13,0,2026-09-10 11:01,2026-10-03 10:11,,,https://www.youtube.com/channel/UCUdE1qzHrKXPn1ae35qwBRA
UCOblBLqJyBYfeFouAQVuR0g,@きらちゃん-kirachan,12,1年,Member (1 year),,不明,,,7,8,0,2026-09-10 11:01,2026-10-01 17:59,,,https://www.youtube.com/channel/UCOblBLqJyBYfeFouAQVuR0g
UCmkh77LAtHKnmR31qOZoywg,@ぷりちゃん02,12,1年,Member (1 year),,不明,,,7,19,0,2026-09-13 11:03,2026-10-08 00:00,,,https://www.youtube.com/channel/UCmkh77LAtHKnmR31qOZoywg
UCjcHCQ3LEap7Q6mmVfOq3-g,@Ochiku73,12,1年,Member (1 year),20,the Ukiverse,マイルストーン,,6,37,0,2026-09-10 11:01,2026-10-08 00:00,,,https://www.youtube.com/channel/UCjcHCQ3LEap7Q6mmVfOq3-g
UCgU9CxcHOlwSMHyo9FuYucg,@Nela_ishJelly,12,1年,Member (1 year),16,the Ukiverse,マイルストーン,,6,159,0,2026-09-10 11:01,2026-10-08 00:00,,,https://www.youtube.com/channel/UCgU9CxcHOlwSMHyo9FuYucg
UC6ucv1Kol7ZB4vWO4S8yrlg,@EBiChiRi_Chann,12,1年,Member (1 year),,不明,,,6,46,0,2026-09-12 11:17,2026-10-01 17:59,,,https://www.youtube.com/channel/UC6ucv1Kol7ZB4vWO4S8yrlg
UCKYdFbneBmlLgm6QFsRJKkw,@はろちゃん86,12,1年,Member (1 year),,不明,,,6,23,0,2026-09-12 11:17,2026-10-03 14:11,,,https://www.youtube.com/channel/UCKYdFbneBmlLgm6QFsRJKkw
UCmzdLSkcBxZzls0d1NOUueQ,@punchy8153,12,1年,Member (1 year),,不明,,,5,44,0,2026-09-10 11:01,2026-09-24 12:00,,,https://www.youtube.com/channel/UCmzdLSkcBxZzls0d1NOUueQ
UC6BJTr74tocRpXsXN_XSNGg,@luv_Vivii,12,1年,Member (1 year),14,the Ukiverse,マイルストーン,,5,27,0,2026-09-10 11:01,2026-10-06 13:01,,,https://www.youtube.com/channel/UC6BJTr74tocRpXsXN_XSNGg
UC1HwDpRZbOqRaHXFTCDQREQ,@せんば_senba,12,1年,Member (1 year),,不明,,,5,12,0,2026-09-10 11:01,2026-10-03 00:02,,,https://www.youtube.com/channel/UC1HwDpRZbOqRaHXFTCDQREQ
UC_F_f5ALallsQzXpdY1w_Ng,@megtual,12,1年,Member (1 year),,不明,,,5,59,0,2026-09-10 11:01,2026-09-29 14:02,,,https://www.youtube.com/channel/UC_F_f5ALallsQzXpdY1w_Ng
UCoS4RphAKhpwVq0Ecnv1ArQ,@しちみ-x2r,12,1年,Member (1 year),22,the Ukiverse,マイルストーン,,5,5,0,2026-09-12 11:17,2026-10-01 17:59,,,https://www.youtube.com/channel/UCoS4RphAKhpwVq0Ecnv1ArQ
UCCvS_Lt1JWdD1TCq8qvbKqA,@MikaAkatsuka,12,1年,Member (1 year),,the Ukiverse,再加入/レベル変更,,5,44,1,2026-09-12 11:17,2026-09-28 13:00,,,https://www.youtube.com/channel/UCCvS_Lt1JWdD1TCq8qvbKqA
UCH_DxQ_lecbpns9q5qKemsA,@acemusic_va,12,1年,Member (1 year),19,the Ukiverse,マイルストーン,,5,10,0,2026-09-12 11:17,2026-10-02 10:14,,,https://www.youtube.com/channel/UCH_DxQ_lecbpns9q5qKemsA
UCmODYU6fz6aj9mnfcuQvMPw,@Lavi_book01,12,1年,Member (1 year),,不明,,,5,12,0,2026-09-13 11:03,2026-10-06 13:01,,,https://www.youtube.com/channel/UCmODYU6fz6aj9mnfcuQvMPw
UC56F2vlf0fohPBnPso3sGog,@amy_hime,12,1年,Member (1 year),,不明,,,5,6,0,2026-09-17 11:02,2026-10-08 00:00,,,https://www.youtube.com/channel/UC56F2vlf0fohPBnPso3sGog
UCTIELIjsI5ntNsEKB5-sF3g,@uu_stern,12,1年,Member (1 year),,不明,,,5,20,0,2026-09-27 13:03,2026-10-06 13:01,,,https://www.youtube.com/channel/UCTIELIjsI5ntNsEKB5-sF3g
UCV0o6AL0SjnCQQFscjsxamA,@Blueleaf11,12,1年,Member (1 year),13,the Ukiverse,マイルストーン,,4,66,0,2026-09-10 11:01,2026-10-02 10:14,,,https://www.youtube.com/channel/UCV0o6AL0SjnCQQFscjsxamA
UCT7qW2Vi0GnyWZ8LcD9bfpA,@towa_kasiwazaki1430,12,1年,Member (1 year),,不明,,,4,4,0,2026-09-10 11:01,2026-10-03 10:11,,,https://www.youtube.com/channel/UCT7qW2Vi0GnyWZ8LcD9bfpA
UCgLPXgPW2VIeeYhdqUg1LBA,@asachan_o717,12,1年,Member (1 year),,不明,,,4,9,0,2026-09-12 11:17,2026-10-03 10:11,,,https://www.youtube.com/channel/UCgLPXgPW2VIeeYhdqUg1LBA
UCOEGop6Fz_GoKmQu0D9-qxw,@RAM_chaaaaa,12,1年,Member (1 year),,不明,,,4,6,0,2026-09-12 11:17,2026-10-03 14:11,,,https://www.youtube.com/channel/UCOEGop6Fz_GoKmQu0D9-qxw
UCjv2SeTn8tEktFYinr-Q6MQ,@Jennifer_multifandom,12,1年,Member (1 year),16,the Ukiverse,マイルストーン,,4,289,1,2026-09-27 13:03,2026-10-08 00:00,,,https://www.youtube.com/channel/UCjv2SeTn8tEktFYinr-Q6MQ
UC9QLaCGN8TT3hj4DXpSzT5Q,@いっちゃん-p5s,12,1年,Member (1 year),20,the Ukiverse,マイルストーン,,4,22,0,2026-09-28 13:00,2026-10-03 14:11,,,https://www.youtube.com/channel/UC9QLaCGN8TT3hj4DXpSzT5Q
UCz1U5TxK_Swu4EoWop7CBHQ,@tyobi0515,12,1年,Member (1 year),,不明,,,4,5,0,2026-09-28 13:00,2026-10-06 13:01,,,https://www.youtube.com/channel/UCz1U5TxK_Swu4EoWop7CBHQ
UC9ipiFc-C772fv0M6G8ldwQ,@natsubakiii,12,1年,Member (1 year),,不明,,,3,15,0,2026-09-10 11:01,2026-09-14 13:01,,,https://www.youtube.com/channel/UC9ipiFc-C772fv0M6G8ldwQ
UCcWbSPcVdLto4DW6Pa7hLJg,@an-nin_杏仁豆腐,12,1年,Member (1 year),,不明,,,3,7,1,2026-09-10 11:01,2026-10-06 13:01,,,https://www.youtube.com/channel/UCcWbSPcVdLto4DW6Pa7hLJg
UC2fy6vsi4W7W04_AZly8CpQ,@Friendly_Cherry,12,1年,Member (1 year),,不明,,,3,44,0,2026-09-10 11:01,2026-09-27 13:03,,,https://www.youtube.com/channel/UC2fy6vsi4W7W04_AZly8CpQ
UCoaMCj6oQ1Q6DVurGx3ut6Q,@Ula_YAHAA,12,1年,Member (1 year),,不明,,,3,134,0,2026-09-12 11:17,2026-10-01 17:59,,,https://www.youtube.com/channel/UCoaMCj6oQ1Q6DVurGx3ut6Q
UCyOgz4lyihLv1ZpMjERXyJQ,@evee1105,12,1年,Member (1 year),,不明,,,3,6,0,2026-09-12 11:17,2026-10-08 00:00,,,https://www.youtube.com/channel/UCyOgz4lyihLv1ZpMjERXyJQ
UCtyjAIJdRdg_0LtO2aqNhFw,@あんこ-l5o,12,1年,Member (1 year),,不明,,,3,21,0,2026-09-12 11:17,2026-10-03 10:11,,,https://www.youtube.com/channel/UCtyjAIJdRdg_0LtO2aqNhFw
UCUqf0FVtpC25b4roiXyiNVg,@kawaii__obake,12,1年,Member (1 year),,不明,,,3,4,0,2026-09-13 11:03,2026-09-24 12:00,,,https://www.youtube.com/channel/UCUqf0FVtpC25b4roiXyiNVg
UCtDuDAJDBVz-d5PuIi6cQuQ,@alixgrayesh,12,1年,Member (1 year),,the Ukiverse,マイルストーン（2026-09-09）,,3,3,0,2026-09-14 13:01,2026-09-17 11:02,,,https://www.youtube.com/channel/UCtDuDAJDBVz-d5PuIi6cQuQ
UCCqpuXa0TwN4rT_pfdRpzgA,@minyami_みにゃみ,12,1年,Member (1 year),,不明,,,3,16,0,2026-09-14 13:01,2026-10-08 00:00,,,https://www.youtube.com/channel/UCCqpuXa0TwN4rT_pfdRpzgA
UCxCOgTk8oUJQdC8oMqdjBlw,@芮星,12,1年,Member (1 year),,不明,,,3,5,0,2026-09-20 10:03,2026-09-29 22:32,,,https://www.youtube.com/channel/UCxCOgTk8oUJQdC8oMqdjBlw
UCo8H2dN5CmmMFWTaXFCzUEg,@aviiooleta,12,1年,Member (1 year),,不明,,,3,14,0,2026-09-27 13:03,2026-10-03 14:11,,,https://www.youtube.com/channel/UCo8H2dN5CmmMFWTaXFCzUEg
UCpngOhsVGE0SWZoQhH-juVw,@dubdibz,12,1年,Member (1 year),,不明,,,2,6,0,2026-09-10 11:01,2026-10-01 17:59,,,https://www.youtube.com/channel/UCpngOhsVGE0SWZoQhH-juVw
UCBgO18DWrnGUf0nsHlgQe2g,@StarryLoveBalloon,12,1年,Member (1 year),,the Ukiverse,ギフト,ギフトで加入,2,5,0,2026-09-10 11:01,2026-09-29 22:32,○,○,https://www.youtube.com/channel/UCBgO18DWrnGUf0nsHlgQe2g
UCeSk8Y8eXUqQv-Uz8zalnKg,@toki8744,12,1年,Member (1 year),,不明,,,2,3,0,2026-09-12 11:17,2026-10-08 00:00,,,https://www.youtube.com/channel/UCeSk8Y8eXUqQv-Uz8zalnKg
UC8JcxV3TxvjbVbHtT75aTzg,@Mediro_目白硝子_めぢろがらす,12,1年,Member (1 year),22,the Ukiverse,マイルストーン,,2,6,0,2026-09-13 11:03,2026-09-17 11:02,,,https://www.youtube.com/channel/UC8JcxV3TxvjbVbHtT75aTzg
UCVPmpJLXSVTdzeFQNwe6SIw,@해현_i,12,1年,Member (1 year),,不明,,,2,5,0,2026-09-13 11:03,2026-09-27 13:03,,,https://www.youtube.com/channel/UCVPmpJLXSVTdzeFQNwe6SIw
UCUPx4nGifpM0mSRI2lLwrGA,@Zhan-v4t,12,1年,Member (1 year),,不明,,,2,4,0,2026-09-13 11:03,2026-09-17 11:02,,,https://www.youtube.com/channel/UCUPx4nGifpM0mSRI2lLwrGA
UCY0BUqCGKwIC10FNchyg8Kg,@moku_mo,12,1年,Member (1 year),,the Ukiverse,ギフト,ギフトで加入,2,1,0,2026-09-14 13:01,2026-10-01 17:59,○,○,https://www.youtube.com/channel/UCY0BUqCGKwIC10FNchyg8Kg
UCVjob1VVDco_GOX3PMvooBw,@Subagppang,12,1年,Member (1 year),,不明,,,2,2,0,2026-09-15 12:02,2026-09-27 13:03,,,https://www.youtube.com/channel/UCVjob1VVDco_GOX3PMvooBw
UCYuy702D7qTVYvv1OXLniZA,@雪紀-z7t,12,1年,Member (1 year),,不明,,,2,3,0,2026-09-17 11:02,2026-10-01 17:59,,,https://www.youtube.com/channel/UCYuy702D7qTVYvv1OXLniZA
UCCaRIWtRzNtgu5QSc4b2Yjg,@みな-jelly,12,1年,Member (1 year),,不明,,,2,7,0,2026-09-24 12:00,2026-10-01 17:59,,,https://www.youtube.com/channel/UCCaRIWtRzNtgu5QSc4b2Yjg
UCnM3rCLb5IH5_dlZVGL3mxA,@taiyo_たいよう,12,1年,Member (1 year),,不明,,,2,12,0,2026-09-27 13:03,2026-10-01 17:59,,,https://www.youtube.com/channel/UCnM3rCLb5IH5_dlZVGL3mxA
UC8KY4EATt4BPYhRf3kl834w,@cranberrymuff1n,12,1年,Member (1 year),,不明,,,2,10,0,2026-09-27 13:03,2026-10-01 17:59,,,https://www.youtube.com/channel/UC8KY4EATt4BPYhRf3kl834w
UCqau4trlZdzmQkEOl4GB3Pg,@kanigazer,12,1年,Member (1 year),,不明,,,2,4,0,2026-09-28 13:00,2026-10-03 14:11,,,https://www.youtube.com/channel/UCqau4trlZdzmQkEOl4GB3Pg
UC4G2bVZIrgxhY329K7cZb_A,@はるぁ_HaRua,12,1年,Member (1 year),,不明,,,2,2,0,2026-09-29 22:32,2026-10-08 00:00,,,https://www.youtube.com/channel/UC4G2bVZIrgxhY329K7cZb_A
UC3ZZYdHK0T9_rBjSOS7HOwg,@aegyeon,12,1年,Member (1 year),,不明,,,2,17,0,2026-09-29 22:32,2026-10-08 00:00,,,https://www.youtube.com/channel/UC3ZZYdHK0T9_rBjSOS7HOwg
UCfspMJ-H2rloLdEn4qkcJCA,@Zorbelth,12,1年,Member (1 year),17,the Ukiverse,マイルストーン,,2,30,0,2026-09-29 22:32,2026-10-08 00:00,,,https://www.youtube.com/channel/UCfspMJ-H2rloLdEn4qkcJCA
UCUWdwb3d5uiEVnYfcqGchbA,@Lily_eeeeep,12,1年,Member (1 year),,不明,,,2,11,0,2026-09-29 22:32,2026-10-01 17:59,,,https://www.youtube.com/channel/UCUWdwb3d5uiEVnYfcqGchbA
UCd5lXEki0ioFVxsgqbHT2RQ,@quillazi,12,1年,Member (1 year),,the Ukiverse,ギフト,ギフトで加入,2,21,0,2026-10-01 17:59,2026-10-03 14:11,○,○,https://www.youtube.com/channel/UCd5lXEki0ioFVxsgqbHT2RQ
UCrg6RrpAfrss_AI3gLi6vSw,@Rosé_Sakaki,12,1年,Member (1 year),,不明,,,1,1,0,2026-09-10 11:01,2026-09-10 11:01,,,https://www.youtube.com/channel/UCrg6RrpAfrss_AI3gLi6vSw
UCTLktBCstnNblPGIHS7lXgA,@つちふた,12,1年,Member (1 year),,不明,,,1,1,0,2026-09-10 11:01,2026-09-10 11:01,,,https://www.youtube.com/channel/UCTLktBCstnNblPGIHS7lXgA
UCG_3aXcuckjVrGyyE5RQKPg,@messedupdweeb,12,1年,Member (1 year),,不明,,,1,1,0,2026-09-10 11:01,2026-09-10 11:01,,,https://www.youtube.com/channel/UCG_3aXcuckjVrGyyE5RQKPg
UC7J35aTkkn-IYhaDtGXU1LA,@leiabun,12,1年,Member (1 year),,不明,,,1,6,0,2026-09-10 11:01,2026-09-10 11:01,,,https://www.youtube.com/channel/UC7J35aTkkn-IYhaDtGXU1LA
UCdTvLxYdgj3TuGJHXil_XUA,@Nnnnnnerd,12,1年,Member (1 year),,不明,,,1,1,0,2026-09-10 11:01,2026-09-10 11:01,,,https://www.youtube.com/channel/UCdTvLxYdgj3TuGJHXil_XUA
UC4siGyDR4wiscYh-Rci5BPQ,@k1rue,12,1年,Member (1 year),12,the Ukiverse,マイルストーン,,1,33,0,2026-09-12 11:17,2026-09-12 11:17,,,https://www.youtube.com/channel/UC4siGyDR4wiscYh-Rci5BPQ
UCxEHZfd8lkIOUVwg5EnsxTw,@MariStargayzer,12,1年,Member (1 year),22,the Ukiverse,マイルストーン,,1,0,0,2026-09-13 11:03,2026-09-13 11:03,,,https://www.youtube.com/channel/UCxEHZfd8lkIOUVwg5EnsxTw
UCg7R5mFVdUrpQvG8lfZXiBw,@Lanchan6w6,12,1年,Member (1 year),,不明,,,1,1,0,2026-09-17 11:02,2026-09-17 11:02,,,https://www.youtube.com/channel/UCg7R5mFVdUrpQvG8lfZXiBw
UCFrB84v4JhRyeOXDI3pXbOA,@MewoMeww,12,1年,Member (1 year),17,the Ukiverse,マイルストーン,,1,0,0,2026-09-17 11:02,2026-09-17 11:02,,,https://www.youtube.com/channel/UCFrB84v4JhRyeOXDI3pXbOA
UC_u-R1J-oBf0kzJn9gxTlcA,@LiahoListra,12,1年,Member (1 year),,不明,,,1,1,0,2026-09-18 12:02,2026-09-18 12:02,,,https://www.youtube.com/channel/UC_u-R1J-oBf0kzJn9gxTlcA
UCExTkBquj-_RrB9GH643ZSQ,@LCAgain97,12,1年,Member (1 year),,不明,,,1,3,0,2026-09-24 12:00,2026-09-24 12:00,,,https://www.youtube.com/channel/UCExTkBquj-_RrB9GH643ZSQ
UCLkIsBWywPzansoiikGVWSQ,@7hea1paca,12,1年,Member (1 year),,不明,,,1,16,0,2026-09-27 13:03,2026-09-27 13:03,,,https://www.youtube.com/channel/UCLkIsBWywPzansoiikGVWSQ
UCaJZq-yg2ZxAlFPCEaOA7BA,@さむ-c6w,12,1年,Member (1 year),,不明,,,1,3,0,2026-09-27 13:03,2026-09-27 13:03,,,https://www.youtube.com/channel/UCaJZq-yg2ZxAlFPCEaOA7BA
UCNep4Z_FodoPr8t9OkRLjNQ,@minamonnnn,12,1年,Member (1 year),17,the Ukiverse,マイルストーン,,1,1,0,2026-09-27 13:03,2026-09-27 13:03,,,https://www.youtube.com/channel/UCNep4Z_FodoPr8t9OkRLjNQ
UCKlWq1DKLGkQDBZyqGbtVog,@ClawsofShadow,12,1年,Member (1 year),,不明,,,1,3,0,2026-10-01 10:03,2026-10-01 10:03,,,https://www.youtube.com/channel/UCKlWq1DKLGkQDBZyqGbtVog
UCttEJLRymCMptwifmwLjmUg,@LunaAsena,12,1年,Member (1 year),,不明,,,1,20,0,2026-10-01 17:59,2026-10-01 17:59,,,https://www.youtube.com/channel/UCttEJLRymCMptwifmwLjmUg
UCit9THrzM-S97m5LB_c24IQ,@kleinWinWin,12,1年,Member (1 year),,不明,,,1,13,0,2026-10-01 17:59,2026-10-01 17:59,,,https://www.youtube.com/channel/UCit9THrzM-S97m5LB_c24IQ
UCE5Z7PJdL0Pjwni3YCTwTnQ,@Leoni.-.I,12,1年,Member (1 year),,不明,,,1,1,0,2026-10-01 17:59,2026-10-01 17:59,,,https://www.youtube.com/channel/UCE5Z7PJdL0Pjwni3YCTwTnQ
UCs7F18oKLw77dSH_GgBeIqg,@Tina-p5v,12,1年,Member (1 year),,不明,,,1,1,0,2026-10-01 17:59,2026-10-01 17:59,,,https://www.youtube.com/channel/UCs7F18oKLw77dSH_GgBeIqg
UCQ1iBWoslGrwYrFH8sSupxA,@neverland5269,12,1年,Member (1 year),,the Ukiverse,ギフト,ギフトで加入,1,44,0,2026-10-01 17:59,2026-10-01 17:59,○,○,https://www.youtube.com/channel/UCQ1iBWoslGrwYrFH8sSupxA
UCcFDqZl-vWHf_oy3ynUHDqg,@pwang104a,12,1年,Member (1 year),,不明,,,1,2,0,2026-10-01 17:59,2026-10-01 17:59,,,https://www.youtube.com/channel/UCcFDqZl-vWHf_oy3ynUHDqg
UC_85JS06bFBTVeeavaPm_Mg,@madinachen,12,1年,Member (1 year),,不明,,,1,1,0,2026-10-01 17:59,2026-10-01 17:59,,,https://www.youtube.com/channel/UC_85JS06bFBTVeeavaPm_Mg
UCr5wEGGSJxo7lsLNP85K6Wg,@patezz_lms,12,1年,Member (1 year),,不明,,,1,4,0,2026-10-01 17:59,2026-10-01 17:59,,,https://www.youtube.com/channel/UCr5wEGGSJxo7lsLNP85K6Wg
UCoRdJNqpDcEK0ZMq_BUQWiw,@azunyan_あずにゃん,12,1年,Member (1 year),,不明,,,1,1,0,2026-10-01 17:59,2026-10-01 17:59,,,https://www.youtube.com/channel/UCoRdJNqpDcEK0ZMq_BUQWiw
UCfOBEj8KdC7mKkwTsN7ZmVA,@shuan.an3f7u,12,1年,Member (1 year),17,the Ukiverse,マイルストーン,,1,24,0,2026-10-02 10:14,2026-10-02 10:14,,,https://www.youtube.com/channel/UCfOBEj8KdC7mKkwTsN7ZmVA
UCz0E2ZQQ2eo6EmVzH_flLZw,@GlizzyGiverJoss,12,1年,Member (1 year),17,the Ukiverse,マイルストーン,,1,1,0,2026-10-02 10:14,2026-10-02 10:14,,,https://www.youtube.com/channel/UCz0E2ZQQ2eo6EmVzH_flLZw
UCwCsyQziSfxaBa4xACBHVcA,@lawrent,12,1年,Member (1 year),,the Ukiverse,ギフト,ギフトで加入,1,1,0,2026-10-03 10:11,2026-10-03 10:11,○,○,https://www.youtube.com/channel/UCwCsyQziSfxaBa4xACBHVcA
UCVe2Jgz0YJmLcGegXQZfpiQ,@oumi-sakurapink,12,1年,Member (1 year),,不明,,,1,2,0,2026-10-06 13:01,2026-10-06 13:01,,,https://www.youtube.com/channel/UCVe2Jgz0YJmLcGegXQZfpiQ
UC9rjUchnX0kOLjLxsRNrIjw,@kiri4lu,6,6ヶ月,Member (6 months),10,the Ukiverse,マイルストーン,,18,627,1,2026-09-10 11:01,2026-10-08 00:00,,,https://www.youtube.com/channel/UC9rjUchnX0kOLjLxsRNrIjw
UCI5FlF_3SfmvRnoyILrWaWQ,@悠米_Youmi-0828,6,6ヶ月,Member (6 months),,不明,,,16,112,0,2026-09-10 11:01,2026-10-03 14:11,,,https://www.youtube.com/channel/UCI5FlF_3SfmvRnoyILrWaWQ
UCK5S57ZXT1r-8thx6RDdc8A,@roselulu23,6,6ヶ月,Member (6 months),,不明,,,16,333,0,2026-09-10 11:01,2026-10-08 00:00,,,https://www.youtube.com/channel/UCK5S57ZXT1r-8thx6RDdc8A
UCNpA1ZoNsDFicfc2EpH5uYg,@Kritichew,6,6ヶ月,Member (6 months),6,the Ukiverse,マイルストーン,,14,321,0,2026-09-10 11:01,2026-10-06 13:01,,,https://www.youtube.com/channel/UCNpA1ZoNsDFicfc2EpH5uYg
UChZFwgSbwcwoLBNimF0Cf5A,@yandahyuk_顏大赫,6,6ヶ月,Member (6 months),,不明,,,11,453,1,2026-09-15 12:02,2026-10-08 00:00,,,https://www.youtube.com/channel/UChZFwgSbwcwoLBNimF0Cf5A
UCwosv0gnCkJ3Jb6xo_8S8lg,@piku0507,6,6ヶ月,Member (6 months),,不明,,,10,94,0,2026-09-10 11:01,2026-09-29 14:02,,,https://www.youtube.com/channel/UCwosv0gnCkJ3Jb6xo_8S8lg
UCZmARHdYq-qTVaikGq9crXw,@shio_ryly,6,6ヶ月,Member (6 months),,不明,,,10,321,3,2026-09-10 11:01,2026-10-08 00:00,,,https://www.youtube.com/channel/UCZmARHdYq-qTVaikGq9crXw
UC2_SBy0NgDZd4eU80qWTjIA,@nako_kmc,6,6ヶ月,Member (6 months),,不明,,,10,75,1,2026-09-12 11:17,2026-10-03 10:11,,,https://www.youtube.com/channel/UC2_SBy0NgDZd4eU80qWTjIA
UCrP_zstJaRqSe8RRDXu2xSA,@せんたろう-m4h,6,6ヶ月,Member (6 months),5,the Ukiverse,マイルストーン,,9,84,0,2026-09-13 11:03,2026-10-08 00:00,,,https://www.youtube.com/channel/UCrP_zstJaRqSe8RRDXu2xSA
UCOKvxcqHwi0trNKLFGcYc8A,@みでぃあむれあ0717,6,6ヶ月,Member (6 months),10,the Ukiverse,マイルストーン,,7,60,0,2026-09-13 11:03,2026-10-08 00:00,,,https://www.youtube.com/channel/UCOKvxcqHwi0trNKLFGcYc8A
UC9U6XJunomQkf5jd-QakDCQ,@じゅんあ10,6,6ヶ月,Member (6 months),10,the Ukiverse,マイルストーン,,6,16,0,2026-09-12 11:17,2026-10-01 17:59,,,https://www.youtube.com/channel/UC9U6XJunomQkf5jd-QakDCQ
UCzKd5ZBPE3C4nIXLOgm1NNg,@yunagi_uwu,6,6ヶ月,Member (6 months),,不明,,,6,23,0,2026-09-13 11:03,2026-10-03 14:11,,,https://www.youtube.com/channel/UCzKd5ZBPE3C4nIXLOgm1NNg
UCjpN1cz7dhuBQppfIQW2llg,@lenofaus,6,6ヶ月,Member (6 months),10,the Ukiverse,マイルストーン,,5,20,0,2026-09-24 12:00,2026-10-06 13:01,,,https://www.youtube.com/channel/UCjpN1cz7dhuBQppfIQW2llg
UCyp7Z4R29B8veHJVm_oZ5Fg,@nuecifraga,6,6ヶ月,Member (6 months),,不明,,,5,103,1,2026-09-27 13:03,2026-10-08 00:00,,,https://www.youtube.com/channel/UCyp7Z4R29B8veHJVm_oZ5Fg
UCaWKoKaZQmfIf1-0ap21Yuw,@arisuuuu-owo,6,6ヶ月,Member (6 months),,不明,,,4,13,0,2026-09-10 11:01,2026-10-01 17:59,,,https://www.youtube.com/channel/UCaWKoKaZQmfIf1-0ap21Yuw
UCSHyHAI8Hk0A1luHEdP1Tbg,@ぴえ-n7o,6,6ヶ月,Member (6 months),,不明,,,3,9,0,2026-09-12 11:17,2026-10-03 10:11,,,https://www.youtube.com/channel/UCSHyHAI8Hk0A1luHEdP1Tbg
UCKic_ciKIJqvAC1sDRI5WRA,@alexis_jelly鯉魚,6,6ヶ月,Member (6 months),,不明,,,3,18,0,2026-09-13 11:03,2026-10-01 17:59,,,https://www.youtube.com/channel/UCKic_ciKIJqvAC1sDRI5WRA
UCw3W9v6XmgdS1SsIG7JAGzQ,@たこさ3333,6,6ヶ月,Member (6 months),7,the Ukiverse,マイルストーン,,3,2,0,2026-09-13 11:03,2026-09-27 13:03,,,https://www.youtube.com/channel/UCw3W9v6XmgdS1SsIG7JAGzQ
UCwwR1a8bEoXcSERSG4lbnrg,@ポニー_ppwp,6,6ヶ月,Member (6 months),,不明,,,3,8,0,2026-09-18 12:02,2026-09-29 22:32,,,https://www.youtube.com/channel/UCwwR1a8bEoXcSERSG4lbnrg
UC1NbDJsEsPSz6L8OvYd-hlw,@あやかAYAKA-a3,6,6ヶ月,Member (6 months),,不明,,,3,4,0,2026-09-24 12:00,2026-10-08 00:00,,,https://www.youtube.com/channel/UC1NbDJsEsPSz6L8OvYd-hlw
UCSIdLjVh3H4s4sdRQFj_q2g,@veemiyus,6,6ヶ月,Member (6 months),,不明,,,2,2,0,2026-09-10 11:01,2026-10-01 17:59,,,https://www.youtube.com/channel/UCSIdLjVh3H4s4sdRQFj_q2g
UCTSI1BrIyiVnmgBMCxvVTug,@kairirice,6,6ヶ月,Member (6 months),,不明,,,2,6,0,2026-09-13 11:03,2026-09-27 13:03,,,https://www.youtube.com/channel/UCTSI1BrIyiVnmgBMCxvVTug
UC9iU_vxuR1aA3HTDVXrL7OQ,@Hlia-is-Alse,6,6ヶ月,Member (6 months),,不明,,,2,3,0,2026-09-13 11:03,2026-09-28 13:00,,,https://www.youtube.com/channel/UC9iU_vxuR1aA3HTDVXrL7OQ
UCvxtYYmjaGKIK6QQOzsOH8w,@珞雲-g2p,6,6ヶ月,Member (6 months),,不明,,,2,17,0,2026-09-20 10:03,2026-10-02 10:14,,,https://www.youtube.com/channel/UCvxtYYmjaGKIK6QQOzsOH8w
UC8kXZ8twt-ylgDhB0nea3mg,@AlisonLoise199x,6,6ヶ月,Member (6 months),11,the Ukiverse,マイルストーン,,2,5,0,2026-09-25 12:02,2026-10-01 10:03,,,https://www.youtube.com/channel/UC8kXZ8twt-ylgDhB0nea3mg
UCoiS0lkAZWraMfuPD7BarSg,@LittleDouFoo,6,6ヶ月,Member (6 months),,the Ukiverse,ギフト,ギフトで加入,2,1,0,2026-09-29 14:02,2026-10-08 00:00,○,○,https://www.youtube.com/channel/UCoiS0lkAZWraMfuPD7BarSg
UCucb29DDYJzhYJ0wqF2VwlA,@ちよ-Chiyo07,6,6ヶ月,Member (6 months),,不明,,,1,2,0,2026-09-10 11:01,2026-09-10 11:01,,,https://www.youtube.com/channel/UCucb29DDYJzhYJ0wqF2VwlA
UCSiXYktg3k6bwjPHVHqcSJA,@Rannie_154,6,6ヶ月,Member (6 months),,不明,,,1,2,0,2026-09-13 11:03,2026-09-13 11:03,,,https://www.youtube.com/channel/UCSiXYktg3k6bwjPHVHqcSJA
UCgb1wAKPWCCn_txtH2C6a5A,@DevilLittleAssassin,6,6ヶ月,Member (6 months),,the Ukiverse,再加入/レベル変更,,1,4,0,2026-10-01 10:03,2026-10-01 10:03,,,https://www.youtube.com/channel/UCgb1wAKPWCCn_txtH2C6a5A
UC0IDi9AffTzYMCkL8pqfdSQ,@miyuki_july0711,6,6ヶ月,Member (6 months),,不明,,,1,2,0,2026-10-01 17:59,2026-10-01 17:59,,,https://www.youtube.com/channel/UC0IDi9AffTzYMCkL8pqfdSQ
UCv7F6qUWYOaVfnKMDDmae4Q,@mii3469,6,6ヶ月,Member (6 months),,不明,,,1,15,0,2026-10-01 17:59,2026-10-01 17:59,,,https://www.youtube.com/channel/UCv7F6qUWYOaVfnKMDDmae4Q
UCYfAQ8ZZoWpkeshlM1fIZUQ,@harmondayo7,6,6ヶ月,Member (6 months),,不明,,,1,2,0,2026-10-01 17:59,2026-10-01 17:59,,,https://www.youtube.com/channel/UCYfAQ8ZZoWpkeshlM1fIZUQ
UCfh1oXK3TxpcblACtxk0i8Q,@あああ-m1q5n,6,6ヶ月,Member (6 months),,不明,,,1,1,0,2026-10-01 17:59,2026-10-01 17:59,,,https://www.youtube.com/channel/UCfh1oXK3TxpcblACtxk0i8Q
UCmaNJ5DqRIddVyc1-sr5dBg,@520LunaCy,2,2ヶ月,Member (2 months),5,the Ukiverse,マイルストーン,,22,612,0,2026-09-10 11:01,2026-10-08 00:00,,,https://www.youtube.com/channel/UCmaNJ5DqRIddVyc1-sr5dBg
UCjquqWUnLeXbQB6T26SI61g,@cj_illust,2,2ヶ月,Member (2 months),5,the Ukiverse,マイルストーン,,21,736,0,2026-09-10 11:01,2026-10-08 00:00,,,https://www.youtube.com/channel/UCjquqWUnLeXbQB6T26SI61g
UC_awrlnkU6kSyl80fHOBANw,@Ryokokokeko,2,2ヶ月,Member (2 months),,不明,,,18,225,0,2026-09-10 11:01,2026-10-08 00:00,,,https://www.youtube.com/channel/UC_awrlnkU6kSyl80fHOBANw
UCjVXxL-w9GSfsj6DFzsWUOQ,@SHALALAIM-BER-MONTHS-NA,2,2ヶ月,Member (2 months),,不明,,,16,308,0,2026-09-10 11:01,2026-10-03 14:11,,,https://www.youtube.com/channel/UCjVXxL-w9GSfsj6DFzsWUOQ
UCabcpZNd0LGMhm0yNibhXDA,@summercat2216,2,2ヶ月,Member (2 months),2,the Ukiverse,マイルストーン,,16,39,0,2026-09-14 13:01,2026-10-08 00:00,,,https://www.youtube.com/channel/UCabcpZNd0LGMhm0yNibhXDA
UCECumRzUNpMwgAhrtynR72w,@あかねAkane,2,2ヶ月,Member (2 months),,不明,,,10,40,0,2026-09-10 11:01,2026-10-02 10:14,,,https://www.youtube.com/channel/UCECumRzUNpMwgAhrtynR72w
UCKpE8jWhIuUmX0nO68C4Z5w,@LillianWilliams4943,2,2ヶ月,Member (2 months),,the Ukiverse,再加入/レベル変更,,10,62,0,2026-09-10 11:01,2026-10-06 13:01,,,https://www.youtube.com/channel/UCKpE8jWhIuUmX0nO68C4Z5w
UCe8LDCM6Ydx-r40c66l45UQ,@ミントティーうまし_mint,2,2ヶ月,Member (2 months),2,the Ukiverse,マイルストーン,,9,123,0,2026-09-10 11:01,2026-10-03 14:11,,,https://www.youtube.com/channel/UCe8LDCM6Ydx-r40c66l45UQ
UC6FEALp5RLOeASRF8xdku0g,@hiraeth_mercy,2,2ヶ月,Member (2 months),3,the Ukiverse,マイルストーン,,6,81,2,2026-09-15 12:02,2026-10-08 00:00,,,https://www.youtube.com/channel/UC6FEALp5RLOeASRF8xdku0g
UCC-JptfHaU81KnnpEwfyp_Q,@Cl0udyLuvs333,2,2ヶ月,Member (2 months),,不明,,,5,39,0,2026-09-10 11:01,2026-10-06 13:01,,,https://www.youtube.com/channel/UCC-JptfHaU81KnnpEwfyp_Q
UCSZg6bpwVRUkVedATFMd_0A,@malice9445,2,2ヶ月,Member (2 months),,不明,,,5,11,0,2026-09-10 11:01,2026-10-01 17:59,,,https://www.youtube.com/channel/UCSZg6bpwVRUkVedATFMd_0A
UCfCT6Z-0Ufy0mcSsJvMB-tQ,@norii_ノリィ,2,2ヶ月,Member (2 months),,不明,,,5,8,0,2026-09-14 13:01,2026-10-08 00:00,,,https://www.youtube.com/channel/UCfCT6Z-0Ufy0mcSsJvMB-tQ
UC0UWfAcjcHNXMUxr0FAIy1g,@NORA_yyy,2,2ヶ月,Member (2 months),,the Ukiverse,再加入/レベル変更,,5,48,0,2026-09-15 12:02,2026-10-01 17:59,,,https://www.youtube.com/channel/UC0UWfAcjcHNXMUxr0FAIy1g
UC3qz4KW7KIx8P8YNUTeVkmw,@YC-is-stargazing,2,2ヶ月,Member (2 months),,不明,,,5,7,0,2026-09-18 12:02,2026-10-01 17:59,,,https://www.youtube.com/channel/UC3qz4KW7KIx8P8YNUTeVkmw
UC_BXbwILyAUjxCqMT0vhp5Q,@jiefei,2,2ヶ月,Member (2 months),,不明,,,5,39,0,2026-09-29 22:32,2026-10-08 00:00,,,https://www.youtube.com/channel/UC_BXbwILyAUjxCqMT0vhp5Q
UCnHWGXTCPQ0C3e2rXdmR_YA,@とりそぼろ-t0r1_s0b0r0,2,2ヶ月,Member (2 months),,不明,,,4,85,0,2026-09-10 11:01,2026-10-01 17:59,,,https://www.youtube.com/channel/UCnHWGXTCPQ0C3e2rXdmR_YA
UC0e4Z7GrNJqHcLpNl_V27nw,@Drowsy_Dilo,2,2ヶ月,Member (2 months),,不明,,,4,72,0,2026-09-12 11:17,2026-10-06 13:01,,,https://www.youtube.com/channel/UC0e4Z7GrNJqHcLpNl_V27nw
UC7on0d5dHOupjn4EuukJbbw,@nanaaa-desu,2,2ヶ月,Member (2 months),,the Ukiverse,ギフト,ギフトで加入,3,5,0,2026-09-14 13:01,2026-09-29 14:02,○,○,https://www.youtube.com/channel/UC7on0d5dHOupjn4EuukJbbw
UCj8RUm0VHhUI1zZoky6wHgQ,@Izume-36,2,2ヶ月,Member (2 months),,不明,,,3,13,0,2026-09-20 10:03,2026-10-02 10:14,,,https://www.youtube.com/channel/UCj8RUm0VHhUI1zZoky6wHgQ
UCndSg_i1JbRonHsoFiXuRAg,@Sorin784,2,2ヶ月,Member (2 months),,不明,,,3,16,0,2026-09-27 13:03,2026-09-29 22:32,,,https://www.youtube.com/channel/UCndSg_i1JbRonHsoFiXuRAg
UC2Bsg8SgJooepqr2PXPd53g,@ponsu-mi,2,2ヶ月,Member (2 months),,不明,,,3,6,0,2026-09-27 13:03,2026-10-01 17:59,,,https://www.youtube.com/channel/UC2Bsg8SgJooepqr2PXPd53g
UCguJ2f8ztsJQZUh9Dkswnmg,@yosmei494,2,2ヶ月,Member (2 months),,不明,,,3,10,0,2026-10-01 17:59,2026-10-03 14:11,,,https://www.youtube.com/channel/UCguJ2f8ztsJQZUh9Dkswnmg
UCK9grL8ljGQV9C7d6BuMBlA,@蒼の月0419,2,2ヶ月,Member (2 months),,the Ukiverse,再加入/レベル変更,,3,7,0,2026-10-03 00:02,2026-10-08 00:00,,,https://www.youtube.com/channel/UCK9grL8ljGQV9C7d6BuMBlA
UCJnEIWrCTYaWNrp-pmIZIeg,@そらち_sorachi,2,2ヶ月,Member (2 months),,不明,,,2,35,0,2026-09-13 11:03,2026-10-01 17:59,,,https://www.youtube.com/channel/UCJnEIWrCTYaWNrp-pmIZIeg
UCHetLDDH1YAyOX-Rc1ADpLg,@lynn__0511,2,2ヶ月,Member (2 months),,the Ukiverse,ギフト,ギフトで加入,2,2,0,2026-09-25 12:02,2026-09-27 13:03,○,○,https://www.youtube.com/channel/UCHetLDDH1YAyOX-Rc1ADpLg
UCE1bLlpd8dMAOxN_RAhfCFw,@Vale309x,2,2ヶ月,Member (2 months),,不明,,,2,2,0,2026-09-27 13:03,2026-10-01 10:03,,,https://www.youtube.com/channel/UCE1bLlpd8dMAOxN_RAhfCFw
UClSSU_6bSigFximxqca7hcw,@negi_yu,2,2ヶ月,Member (2 months),,不明,,,2,4,0,2026-09-28 13:00,2026-09-29 22:32,,,https://www.youtube.com/channel/UClSSU_6bSigFximxqca7hcw
UCf9FzaRJYi2d7u2S0gk16wQ,@みつみつ-x8w,2,2ヶ月,Member (2 months),,不明,,,2,2,0,2026-09-28 13:00,2026-10-02 10:14,,,https://www.youtube.com/channel/UCf9FzaRJYi2d7u2S0gk16wQ
UC7KQxhJ5RAW7JQ6DtGnRNnA,@Liu_yun,2,2ヶ月,Member (2 months),,不明,,,2,2,0,2026-09-29 22:32,2026-10-01 17:59,,,https://www.youtube.com/channel/UC7KQxhJ5RAW7JQ6DtGnRNnA
UCtXts5HOfOwhAEE1OrEEsQA,@ririnyan67,2,2ヶ月,Member (2 months),,the Ukiverse,ギフト,ギフトで加入,2,21,0,2026-10-01 17:59,2026-10-03 10:11,○,○,https://www.youtube.com/channel/UCtXts5HOfOwhAEE1OrEEsQA
UCjKIneLGLvfLKrYwIqaULfg,@berned285,2,2ヶ月,Member (2 months),,不明,,,1,1,0,2026-09-10 11:01,2026-09-10 11:01,,,https://www.youtube.com/channel/UCjKIneLGLvfLKrYwIqaULfg
UC_tyJ8Ji5V5picqQpiJVcmQ,@hey-aca-nya,2,2ヶ月,Member (2 months),,不明,,,1,79,0,2026-09-12 11:17,2026-09-12 11:17,,,https://www.youtube.com/channel/UC_tyJ8Ji5V5picqQpiJVcmQ
UCS8gRQRmk7ARn_0nO11fM-Q,@jin_ghostingmode,2,2ヶ月,Member (2 months),,不明,,,1,1,0,2026-09-13 11:03,2026-09-13 11:03,,,https://www.youtube.com/channel/UCS8gRQRmk7ARn_0nO11fM-Q
UCbzHGoCSmcaKF5CEqmwha1g,@かる_sd172,2,2ヶ月,Member (2 months),,不明,,,1,1,0,2026-09-15 12:02,2026-09-15 12:02,,,https://www.youtube.com/channel/UCbzHGoCSmcaKF5CEqmwha1g
UCZ7QW4gTtg54AYhmFkDpBxA,@Juri_暁月,2,2ヶ月,Member (2 months),,不明,,,1,1,0,2026-09-17 11:02,2026-09-17 11:02,,,https://www.youtube.com/channel/UCZ7QW4gTtg54AYhmFkDpBxA
UCvQWt_21nvgy8_-X6EAkCcA,@てるミ_teru_me_101,2,2ヶ月,Member (2 months),,the Ukiverse,マイルストーン（2026-09-08）,,1,7,1,2026-09-20 10:03,2026-09-20 10:03,,,https://www.youtube.com/channel/UCvQWt_21nvgy8_-X6EAkCcA
UCXxRmYZT3GzUHOdqL7KyFhA,@vigor3608,2,2ヶ月,Member (2 months),,不明,,,1,1,0,2026-09-28 13:00,2026-09-28 13:00,,,https://www.youtube.com/channel/UCXxRmYZT3GzUHOdqL7KyFhA
UColuw8E3LqFZ5EGFtoOPabw,@asamnation,2,2ヶ月,Member (2 months),,the Ukiverse,ギフト,ギフトで加入,1,1,0,2026-09-29 14:02,2026-09-29 14:02,○,○,https://www.youtube.com/channel/UColuw8E3LqFZ5EGFtoOPabw
UC08BnlHG0mbUN7NKxtf1c3g,@BagpipeYordle,2,2ヶ月,Member (2 months),5,the Ukiverse,マイルストーン,,1,0,0,2026-09-29 22:32,2026-09-29 22:32,,,https://www.youtube.com/channel/UC08BnlHG0mbUN7NKxtf1c3g
UCFHlj9v93gBdm8t4fs4DWVg,@テディ28-d5n,2,2ヶ月,Member (2 months),,the Ukiverse,再加入/レベル変更,,1,190,0,2026-10-01 17:59,2026-10-01 17:59,,,https://www.youtube.com/channel/UCFHlj9v93gBdm8t4fs4DWVg
UCkPTGRm-3bCkbwudce7GIew,@haobiaoyi,2,2ヶ月,Member (2 months),,the Ukiverse,ギフト,ギフトで加入,1,111,0,2026-10-01 17:59,2026-10-01 17:59,○,○,https://www.youtube.com/channel/UCkPTGRm-3bCkbwudce7GIew
UCHvalKgNt3WY0jOaPL03Xag,@enviedfiend,2,2ヶ月,Member (2 months),,不明,,,1,5,0,2026-10-01 17:59,2026-10-01 17:59,,,https://www.youtube.com/channel/UCHvalKgNt3WY0jOaPL03Xag
UCRpsj4B57uTItZMeI9bX7Ww,@Rumiel_25,2,2ヶ月,Member (2 months),,the Ukiverse,ギフト,ギフトで加入,1,65,0,2026-10-01 17:59,2026-10-01 17:59,○,○,https://www.youtube.com/channel/UCRpsj4B57uTItZMeI9bX7Ww
UCnTgHkHeD7JKcAYDe4Q_zzQ,@レイreilei,2,2ヶ月,Member (2 months),,the Ukiverse,再加入/レベル変更,,1,5,0,2026-10-01 17:59,2026-10-01 17:59,,,https://www.youtube.com/channel/UCnTgHkHeD7JKcAYDe4Q_zzQ
UCoaRfNWIfUdmCuzn1WMDBCg,@baga487,2,2ヶ月,Member (2 months),,the Ukiverse,ギフト,ギフトで加入,1,13,0,2026-10-01 17:59,2026-10-01 17:59,○,○,https://www.youtube.com/channel/UCoaRfNWIfUdmCuzn1WMDBCg
UCxmZjuCI8goTs2QizHQTOTg,@DaCatLady84,2,2ヶ月,Member (2 months),,不明,,,1,1,0,2026-10-02 10:14,2026-10-02 10:14,,,https://www.youtube.com/channel/UCxmZjuCI8goTs2QizHQTOTg
UCBNW2DeAswMfTnG_K0zDVPA,@kneedeep59,1,1ヶ月,Member (1 month),,不明,,,8,48,0,2026-09-10 11:01,2026-09-25 12:02,,,https://www.youtube.com/channel/UCBNW2DeAswMfTnG_K0zDVPA
UCR0yq32aufJ7A8JQu-8qM-w,@justMonohere,1,1ヶ月,Member (1 month),1,the Ukiverse,マイルストーン,,7,33,0,2026-09-15 12:02,2026-10-08 00:00,○,○,https://www.youtube.com/channel/UCR0yq32aufJ7A8JQu-8qM-w
UCCx2A8jGGrDNWP9eWYNrJNA,@Yukiぽ,1,1ヶ月,Member (1 month),1,the Ukiverse,マイルストーン,,5,11,0,2026-09-13 11:03,2026-10-03 00:02,,,https://www.youtube.com/channel/UCCx2A8jGGrDNWP9eWYNrJNA
UCgg5NJ1FsgaZpPZAUH8bYAQ,@BuckleyDiaz20,1,1ヶ月,Member (1 month),,不明,,,5,119,0,2026-09-13 11:03,2026-10-08 00:00,,,https://www.youtube.com/channel/UCgg5NJ1FsgaZpPZAUH8bYAQ
UC9ewCGNUBr6VrV0S0MtZzzA,@wina_lin,1,1ヶ月,Member (1 month),,不明,,,3,5,0,2026-09-10 11:01,2026-10-01 17:59,,,https://www.youtube.com/channel/UC9ewCGNUBr6VrV0S0MtZzzA
UCgF1kJZjI-VonfuKT7TfOsA,@kuon0430,1,1ヶ月,Member (1 month),,the Ukiverse,ギフト,ギフトで加入,2,1,0,2026-09-10 11:01,2026-09-14 13:01,○,○,https://www.youtube.com/channel/UCgF1kJZjI-VonfuKT7TfOsA
UC7nMEBlbF6mnnMqSGvX_B6g,@ねね-nene-ne,1,1ヶ月,Member (1 month),,the Ukiverse,ギフト,ギフトで加入,2,147,0,2026-10-01 17:59,2026-10-02 10:14,○,○,https://www.youtube.com/channel/UC7nMEBlbF6mnnMqSGvX_B6g
UC4vpTXfzSy7a_mj9SX4_jlQ,@4VIIIXi,1,1ヶ月,Member (1 month),,不明,,,1,4,0,2026-09-10 11:01,2026-09-10 11:01,,,https://www.youtube.com/channel/UC4vpTXfzSy7a_mj9SX4_jlQ
UC5iEybP07XvtlUWholkBSZQ,@Zoenicolasa,1,1ヶ月,Member (1 month),,不明,,,1,8,0,2026-09-10 11:01,2026-09-10 11:01,,,https://www.youtube.com/channel/UC5iEybP07XvtlUWholkBSZQ
UCcNAzCTU1FqW_wkhQtvo2hw,@かなとん-n4i,1,1ヶ月,Member (1 month),,不明,,,1,2,0,2026-09-18 12:02,2026-09-18 12:02,,,https://www.youtube.com/channel/UCcNAzCTU1FqW_wkhQtvo2hw
UClv-D_RnXrJlIqUuNIqdVBw,@imasleepzzz,1,1ヶ月,Member (1 month),,不明,,,1,1,0,2026-09-27 13:03,2026-09-27 13:03,,,https://www.youtube.com/channel/UClv-D_RnXrJlIqUuNIqdVBw
UCMGwGagRCkXOBs_UI8P__PQ,@Roé-Hyacinth,1,1ヶ月,Member (1 month),,不明,,,1,2,0,2026-09-29 22:32,2026-09-29 22:32,,,https://www.youtube.com/channel/UCMGwGagRCkXOBs_UI8P__PQ
UCMWa6HZjf-ddxwfrkgZrM6A,@x-もやし-x,1,1ヶ月,Member (1 month),,the Ukiverse,ギフト,ギフトで加入,1,23,0,2026-10-01 17:59,2026-10-01 17:59,○,○,https://www.youtube.com/channel/UCMWa6HZjf-ddxwfrkgZrM6A
UCVmtkD1PymrZg6JB38NWgow,@るあ_107,0,新規(1ヶ月未満),New member,,不明,,,11,151,0,2026-09-10 11:01,2026-09-29 22:32,,,https://www.youtube.com/channel/UCVmtkD1PymrZg6JB38NWgow
UCqrTJGygE2bCOnybYlEt4zA,@OuO-uwu-f5z,0,新規(1ヶ月未満),New member,,the Ukiverse,新規加入,,5,25,0,2026-09-13 11:03,2026-10-01 17:59,○,,https://www.youtube.com/channel/UCqrTJGygE2bCOnybYlEt4zA
UC-rqWxbr3JQtz9jtZkBDMxg,@rein.a3akura,0,新規(1ヶ月未満),New member,,不明,,,4,5,0,2026-09-18 12:02,2026-10-01 17:59,,,https://www.youtube.com/channel/UC-rqWxbr3JQtz9jtZkBDMxg
UCvibVUungiT_iEGML_IjdEQ,@adomin1225,0,新規(1ヶ月未満),New member,,the Ukiverse,ギフト,ギフトで加入,4,11,0,2026-10-01 17:59,2026-10-08 00:00,○,○,https://www.youtube.com/channel/UCvibVUungiT_iEGML_IjdEQ
UCTAk-46M5_bUadMesP0JZOw,@mei_0610,0,新規(1ヶ月未満),New member,,不明,,,3,3,0,2026-09-13 11:03,2026-10-02 10:14,,,https://www.youtube.com/channel/UCTAk-46M5_bUadMesP0JZOw
UCLdAoG4dPMzVFLwf7K9aO_g,@sleepybear5149,0,新規(1ヶ月未満),New member,,the Ukiverse,ギフト,ギフトで加入,3,2,0,2026-09-13 11:03,2026-10-08 00:00,○,○,https://www.youtube.com/channel/UCLdAoG4dPMzVFLwf7K9aO_g
UC7wUSmPaeUOjIrIWPW3Medg,@だぁそん,0,新規(1ヶ月未満),New member,,the Ukiverse,新規加入（2026-09-09）,,3,6,0,2026-09-14 13:01,2026-09-25 12:02,,,https://www.youtube.com/channel/UC7wUSmPaeUOjIrIWPW3Medg
UCGieFdb5TWOjHokGkliYERw,@moon_n18,0,新規(1ヶ月未満),New member,,不明,,,3,5,0,2026-10-03 00:02,2026-10-08 00:00,,,https://www.youtube.com/channel/UCGieFdb5TWOjHokGkliYERw
UCUzRiZSqvG7APfngsHDBKbg,@maxvilr,0,新規(1ヶ月未満),New member,,不明,,,2,7,0,2026-09-10 11:01,2026-09-17 11:02,,,https://www.youtube.com/channel/UCUzRiZSqvG7APfngsHDBKbg
UCP89JLXOPa1U3LVc4P9VRJw,@clavius_16,0,新規(1ヶ月未満),New member,,the Ukiverse,ギフト,ギフトで加入,2,1,0,2026-09-13 11:03,2026-09-29 14:02,○,○,https://www.youtube.com/channel/UCP89JLXOPa1U3LVc4P9VRJw
UCX7Tfkj4wPFkEKpBiSgKfNg,@Coconut_Berry,0,新規(1ヶ月未満),New member,,不明,,,2,45,0,2026-09-25 12:02,2026-10-02 10:14,,,https://www.youtube.com/channel/UCX7Tfkj4wPFkEKpBiSgKfNg
UCjZG7l--xdHfaAlHWjQ1IMg,@quietpotatolover,0,新規(1ヶ月未満),New member,,the Ukiverse,新規加入,,2,17,0,2026-09-27 13:03,2026-10-01 17:59,○,,https://www.youtube.com/channel/UCjZG7l--xdHfaAlHWjQ1IMg
UCtJgUoiUKM5HVhHKUpHyjwQ,@adore1221,0,新規(1ヶ月未満),New member,,the Ukiverse,新規加入,,2,4,0,2026-09-27 13:03,2026-10-01 17:59,○,,https://www.youtube.com/channel/UCtJgUoiUKM5HVhHKUpHyjwQ
UCI7ytwdiPS4YEBNB0sCHmug,@matsuri-d5l,0,新規(1ヶ月未満),New member,,the Ukiverse,ギフト,ギフトで加入,2,26,0,2026-09-29 22:32,2026-10-01 17:59,○,○,https://www.youtube.com/channel/UCI7ytwdiPS4YEBNB0sCHmug
UCGKO-raSflNWbX3BhG8zz4g,@Eulalia-vca,0,新規(1ヶ月未満),New member,,不明,,,2,3,0,2026-10-06 13:01,2026-10-08 00:00,,,https://www.youtube.com/channel/UCGKO-raSflNWbX3BhG8zz4g
UCnyuxDK8stoI2uBZa-BacWg,@violunette,0,新規(1ヶ月未満),New member,,the Ukiverse,ギフト,ギフトで加入,2,17,0,2026-10-06 13:01,2026-10-08 00:00,○,○,https://www.youtube.com/channel/UCnyuxDK8stoI2uBZa-BacWg
UC3K2xPorMmmkVS8p0jRtitw,@Guーgu,0,新規(1ヶ月未満),,,the Ukiverse,ギフト,ギフトで加入,1,0,0,2026-09-10 11:01,2026-09-10 11:01,○,○,https://www.youtube.com/channel/UC3K2xPorMmmkVS8p0jRtitw
UCqUGU-sNODmecKLxT0YhfdQ,@4myoctober,0,新規(1ヶ月未満),,,the Ukiverse,ギフト,ギフトで加入,1,0,0,2026-09-10 11:01,2026-09-10 11:01,○,○,https://www.youtube.com/channel/UCqUGU-sNODmecKLxT0YhfdQ
UCD5oJZRlpogE6hO2RBmFD4g,@celura191,0,新規(1ヶ月未満),,,the Ukiverse,ギフト,ギフトで加入,1,0,0,2026-09-10 11:01,2026-09-10 11:01,○,○,https://www.youtube.com/channel/UCD5oJZRlpogE6hO2RBmFD4g
UCtAdOfdUBdoionNj-kZpuiA,@maythekkbewithyou,0,新規(1ヶ月未満),,,the Ukiverse,ギフト,ギフトで加入,1,0,0,2026-09-10 11:01,2026-09-10 11:01,○,○,https://www.youtube.com/channel/UCtAdOfdUBdoionNj-kZpuiA
UC9XVtOehUZye6Ve4ywh_twA,@LonelyBranch_,0,新規(1ヶ月未満),,,the Ukiverse,ギフト,ギフトで加入,1,0,0,2026-09-10 11:01,2026-09-10 11:01,○,○,https://www.youtube.com/channel/UC9XVtOehUZye6Ve4ywh_twA
UCaBw6c-0K43nlK306pufz0Q,@huyeoony,0,新規(1ヶ月未満),,,the Ukiverse,ギフト,ギフトで加入,1,0,0,2026-09-10 11:01,2026-09-10 11:01,○,○,https://www.youtube.com/channel/UCaBw6c-0K43nlK306pufz0Q
UCikj9yA4D9SAYdeK-Hcv6Yg,@선아_소나,0,新規(1ヶ月未満),,,the Ukiverse,ギフト,ギフトで加入,1,0,0,2026-09-10 11:01,2026-09-10 11:01,○,○,https://www.youtube.com/channel/UCikj9yA4D9SAYdeK-Hcv6Yg
UCeibjDWxNAoL4MBHEMaX4BQ,@どぶづら,0,新規(1ヶ月未満),,,the Ukiverse,ギフト,ギフトで加入,1,0,0,2026-09-10 11:01,2026-09-10 11:01,○,○,https://www.youtube.com/channel/UCeibjDWxNAoL4MBHEMaX4BQ
UCNdoUS7O2pFy9wpdtvMBRow,@mao2216,0,新規(1ヶ月未満),,,the Ukiverse,ギフト,ギフトで加入,1,0,0,2026-09-10 11:01,2026-09-10 11:01,○,○,https://www.youtube.com/channel/UCNdoUS7O2pFy9wpdtvMBRow
UC2GV5-hwwSjVw2hmmTl8ayw,@薯仔-419,0,新規(1ヶ月未満),,,the Ukiverse,ギフト,ギフトで加入,1,0,0,2026-09-10 11:01,2026-09-10 11:01,○,○,https://www.youtube.com/channel/UC2GV5-hwwSjVw2hmmTl8ayw
UC-Z20DFwlmUVTzfjYJza7Fg,@walnut-p3i,0,新規(1ヶ月未満),,,the Ukiverse,ギフト,ギフトで加入,1,0,0,2026-09-10 11:01,2026-09-10 11:01,○,○,https://www.youtube.com/channel/UC-Z20DFwlmUVTzfjYJza7Fg
UCSuNvNiANChbjoT8QAV55Uw,@angelcreamy3954,0,新規(1ヶ月未満),,,the Ukiverse,ギフト,ギフトで加入,1,0,0,2026-09-10 11:01,2026-09-10 11:01,○,○,https://www.youtube.com/channel/UCSuNvNiANChbjoT8QAV55Uw
UCwNuTnuRchvDYfNBL15uMBw,@Quackquackducky-w6c,0,新規(1ヶ月未満),,,the Ukiverse,ギフト,ギフトで加入,1,0,0,2026-09-10 11:01,2026-09-10 11:01,○,○,https://www.youtube.com/channel/UCwNuTnuRchvDYfNBL15uMBw
UCwU2YtTAb98Xc11_u7U4WGg,@ましゅまろ_chan,0,新規(1ヶ月未満),,,the Ukiverse,ギフト,ギフトで加入,1,0,0,2026-09-10 11:01,2026-09-10 11:01,○,○,https://www.youtube.com/channel/UCwU2YtTAb98Xc11_u7U4WGg
UCMJYkamTrinMCIef6ilIzGg,@ぷにこ-p1v,0,新規(1ヶ月未満),,,the Ukiverse,ギフト,ギフトで加入,1,0,0,2026-09-12 11:17,2026-09-12 11:17,○,○,https://www.youtube.com/channel/UCMJYkamTrinMCIef6ilIzGg
UCBs_nFpzE2fzh5yCCSc6rvQ,@matcha_latte-294,0,新規(1ヶ月未満),,,the Ukiverse,ギフト,ギフトで加入,1,0,0,2026-09-13 11:03,2026-09-13 11:03,○,○,https://www.youtube.com/channel/UCBs_nFpzE2fzh5yCCSc6rvQ
UCHlt1bwW9gYFZq3niq1YHOw,@sss10701,0,新規(1ヶ月未満),,,the Ukiverse,ギフト,ギフトで加入,1,0,0,2026-09-13 11:03,2026-09-13 11:03,○,○,https://www.youtube.com/channel/UCHlt1bwW9gYFZq3niq1YHOw
UCi2FMPge0n0pXv4EuVyZw5Q,@Zzy-yu,0,新規(1ヶ月未満),,,the Ukiverse,ギフト,ギフトで加入,1,0,0,2026-09-13 11:03,2026-09-13 11:03,○,○,https://www.youtube.com/channel/UCi2FMPge0n0pXv4EuVyZw5Q
UC7cwi8Zau_r7xbJ2zQV0qIA,@ゆうひさん3,0,新規(1ヶ月未満),,,the Ukiverse,ギフト,ギフトで加入,1,0,0,2026-09-13 11:03,2026-09-13 11:03,○,○,https://www.youtube.com/channel/UC7cwi8Zau_r7xbJ2zQV0qIA
UC73_eSgeEHwZDJLPlgMJ_4g,@Kuroneko_Noir,0,新規(1ヶ月未満),,,the Ukiverse,ギフト,ギフトで加入,1,0,0,2026-09-13 11:03,2026-09-13 11:03,○,○,https://www.youtube.com/channel/UC73_eSgeEHwZDJLPlgMJ_4g
UCtvXIAQ45g-6X6mItP9EP6Q,@chepzxqrach3399,0,新規(1ヶ月未満),,,the Ukiverse,ギフト,ギフトで加入,1,0,0,2026-09-13 11:03,2026-09-13 11:03,○,○,https://www.youtube.com/channel/UCtvXIAQ45g-6X6mItP9EP6Q
UCj4pvLLJLAFoy7GbuUeh6ag,@sarino1906,0,新規(1ヶ月未満),,,the Ukiverse,ギフト,ギフトで加入,1,0,0,2026-09-13 11:03,2026-09-13 11:03,○,○,https://www.youtube.com/channel/UCj4pvLLJLAFoy7GbuUeh6ag
UChIVReEIAXiiiDAfjJ8OYbQ,@varyteproducts1461,0,新規(1ヶ月未満),,,the Ukiverse,ギフト,ギフトで加入,1,0,0,2026-09-13 11:03,2026-09-13 11:03,○,○,https://www.youtube.com/channel/UChIVReEIAXiiiDAfjJ8OYbQ
UC8Ir8aTdGRs2Eokbr6NJn3w,@yuiyui.0825,0,新規(1ヶ月未満),,,the Ukiverse,ギフト,ギフトで加入,1,0,0,2026-09-13 11:03,2026-09-13 11:03,○,○,https://www.youtube.com/channel/UC8Ir8aTdGRs2Eokbr6NJn3w
UC0edt2FLbTzkwO7beAwgpHQ,@malitchii,0,新規(1ヶ月未満),,,the Ukiverse,ギフト,ギフトで加入,1,0,0,2026-09-14 13:01,2026-09-14 13:01,○,○,https://www.youtube.com/channel/UC0edt2FLbTzkwO7beAwgpHQ
UCI2xFxHvnG-aJVbF1PE1Ing,@coffeelover0790,0,新規(1ヶ月未満),,,the Ukiverse,ギフト,ギフトで加入,1,0,0,2026-09-14 13:01,2026-09-14 13:01,○,○,https://www.youtube.com/channel/UCI2xFxHvnG-aJVbF1PE1Ing
UC7Q0FxKpSl3wI8MMMQlwKjQ,@ittoes5577,0,新規(1ヶ月未満),,,the Ukiverse,ギフト,ギフトで加入,1,0,0,2026-09-14 13:01,2026-09-14 13:01,○,○,https://www.youtube.com/channel/UC7Q0FxKpSl3wI8MMMQlwKjQ
UCqUMqGlo9nCYJZOIinZSplA,@HaNa-bu4rs,0,新規(1ヶ月未満),,,the Ukiverse,ギフト,ギフトで加入,1,0,0,2026-09-14 13:01,2026-09-14 13:01,○,○,https://www.youtube.com/channel/UCqUMqGlo9nCYJZOIinZSplA
UC55flGvTFJmEJIHiS-ptzCw,@墨柩,0,新規(1ヶ月未満),,,the Ukiverse,ギフト,ギフトで加入,1,0,0,2026-09-14 13:01,2026-09-14 13:01,○,○,https://www.youtube.com/channel/UC55flGvTFJmEJIHiS-ptzCw
UC1iGc5Djl4DmOgr4jim4xFA,@midnightcheriez,0,新規(1ヶ月未満),New member,,不明,,,1,1,0,2026-09-17 11:02,2026-09-17 11:02,,,https://www.youtube.com/channel/UC1iGc5Djl4DmOgr4jim4xFA
UC8EAZUxEfFXzYdWCwz7LOdw,@itRinni,0,新規(1ヶ月未満),New member,,不明,,,1,7,0,2026-09-18 12:02,2026-09-18 12:02,,,https://www.youtube.com/channel/UC8EAZUxEfFXzYdWCwz7LOdw
UCWLz1wqsyxF6YGX6u6Y9vUA,@elle_mmelonpan,0,新規(1ヶ月未満),New member,,不明,,,1,2,0,2026-09-18 12:02,2026-09-18 12:02,,,https://www.youtube.com/channel/UCWLz1wqsyxF6YGX6u6Y9vUA
UCVmD-H5SLrNx2vL4_fUyupA,@Hohohoho66,0,新規(1ヶ月未満),New member,,不明,,,1,2,1,2026-09-20 10:03,2026-09-20 10:03,,,https://www.youtube.com/channel/UCVmD-H5SLrNx2vL4_fUyupA
UCMVmO4GlSTLAvPWE_lZl-jg,@みーo4o,0,新規(1ヶ月未満),,,the Ukiverse,ギフト,ギフトで加入,1,0,0,2026-09-20 10:03,2026-09-20 10:03,○,○,https://www.youtube.com/channel/UCMVmO4GlSTLAvPWE_lZl-jg
UCLp-uhkqSMmANqCi0SkHmsw,@dadangan,0,新規(1ヶ月未満),,,the Ukiverse,ギフト,ギフトで加入,1,0,0,2026-09-25 12:02,2026-09-25 12:02,○,○,https://www.youtube.com/channel/UCLp-uhkqSMmANqCi0SkHmsw
UCPznnsv-a_EVAW-1MqkbLaw,@tifasenpai,0,新規(1ヶ月未満),,,the Ukiverse,ギフト,ギフトで加入,1,0,0,2026-09-25 12:02,2026-09-25 12:02,○,○,https://www.youtube.com/channel/UCPznnsv-a_EVAW-1MqkbLaw
UC69WMxb1KrWd4f8t4b1sy1w,@ataka-mm4dw,0,新規(1ヶ月未満),,,the Ukiverse,ギフト,ギフトで加入,1,0,0,2026-09-25 12:02,2026-09-25 12:02,○,○,https://www.youtube.com/channel/UC69WMxb1KrWd4f8t4b1sy1w
UC_teDk0Vfwsp9uislnOBqGw,@marydigiuseppi8482,0,新規(1ヶ月未満),,,the Ukiverse,ギフト,ギフトで加入,1,0,0,2026-09-25 12:02,2026-09-25 12:02,○,○,https://www.youtube.com/channel/UC_teDk0Vfwsp9uislnOBqGw
UChy8Ca3Mu45ls9K8MSegF5g,@りなlinai_105,0,新規(1ヶ月未満),,,the Ukiverse,ギフト,ギフトで加入,1,0,0,2026-09-25 12:02,2026-09-25 12:02,○,○,https://www.youtube.com/channel/UChy8Ca3Mu45ls9K8MSegF5g
UC0PTPJHhCvp2jipsFRM6WCw,@nozomi0123,0,新規(1ヶ月未満),,,the Ukiverse,ギフト,ギフトで加入,1,0,0,2026-09-25 12:02,2026-09-25 12:02,○,○,https://www.youtube.com/channel/UC0PTPJHhCvp2jipsFRM6WCw
UCIEDfb2Yw0ToSIcswtuRNAA,@fernb2417,0,新規(1ヶ月未満),,,the Ukiverse,ギフト,ギフトで加入,1,0,0,2026-09-25 12:02,2026-09-25 12:02,○,○,https://www.youtube.com/channel/UCIEDfb2Yw0ToSIcswtuRNAA
UCGD6kV392iTD7bTNIJ5jGEg,@nadaamr3887,0,新規(1ヶ月未満),,,the Ukiverse,ギフト,ギフトで加入,1,0,0,2026-09-25 12:02,2026-09-25 12:02,○,○,https://www.youtube.com/channel/UCGD6kV392iTD7bTNIJ5jGEg
UCvZLPL84Cq_xXn6KP52xo3w,@AndreYosua,0,新規(1ヶ月未満),,,the Ukiverse,ギフト,ギフトで加入,1,0,0,2026-09-25 12:02,2026-09-25 12:02,○,○,https://www.youtube.com/channel/UCvZLPL84Cq_xXn6KP52xo3w
UCufUJxcOiTfcakPqrTV1eBg,@おばけヰ,0,新規(1ヶ月未満),,,the Ukiverse,ギフト,ギフトで加入,1,0,0,2026-09-25 12:02,2026-09-25 12:02,○,○,https://www.youtube.com/channel/UCufUJxcOiTfcakPqrTV1eBg
UCU0hLD8TwiCq6LABNRHT3fw,@enticorex,0,新規(1ヶ月未満),New member,,the Ukiverse,新規加入,,1,6,0,2026-09-28 13:00,2026-09-28 13:00,○,,https://www.youtube.com/channel/UCU0hLD8TwiCq6LABNRHT3fw
UC9zaf0pxMpbNO7al3CtucCA,@SharonVioleta,0,新規(1ヶ月未満),New member,,不明,,,1,1,0,2026-09-28 13:00,2026-09-28 13:00,,,https://www.youtube.com/channel/UC9zaf0pxMpbNO7al3CtucCA
UCtLSi8NnSXqeroe6I3Vc58g,@hoshinomeidou,0,新規(1ヶ月未満),New member,,the Ukiverse,新規加入,,1,0,0,2026-09-28 13:00,2026-09-28 13:00,○,,https://www.youtube.com/channel/UCtLSi8NnSXqeroe6I3Vc58g
UCNVOud3wWyY51q4_p9iDviQ,@loopyme,0,新規(1ヶ月未満),New member,,the Ukiverse,新規加入,,1,0,0,2026-09-28 13:00,2026-09-28 13:00,○,,https://www.youtube.com/channel/UCNVOud3wWyY51q4_p9iDviQ
UCSK-R40rThZtP3lHfc0BxwA,@stelli_izumi,0,新規(1ヶ月未満),New member,,the Ukiverse,ギフト,ギフトで加入,1,11,0,2026-09-29 14:02,2026-09-29 14:02,○,○,https://www.youtube.com/channel/UCSK-R40rThZtP3lHfc0BxwA
UCkN7i4FNzA2EQiPxZH1yNMg,@NightLightZoru,0,新規(1ヶ月未満),,,the Ukiverse,ギフト,ギフトで加入,1,0,0,2026-09-29 14:02,2026-09-29 14:02,○,○,https://www.youtube.com/channel/UCkN7i4FNzA2EQiPxZH1yNMg
UCyc3bdVXbBO4o01sfgqMN1A,@Aria_0629,0,新規(1ヶ月未満),,,the Ukiverse,ギフト,ギフトで加入,1,0,0,2026-09-29 14:02,2026-09-29 14:02,○,○,https://www.youtube.com/channel/UCyc3bdVXbBO4o01sfgqMN1A
UCWg4EEt4Usxt-hRuobk4Tew,@mono5530,0,新規(1ヶ月未満),,,the Ukiverse,ギフト,ギフトで加入,1,0,0,2026-09-29 14:02,2026-09-29 14:02,○,○,https://www.youtube.com/channel/UCWg4EEt4Usxt-hRuobk4Tew
UC7cp8hysO6lnyJFBSaUu-Lg,@msy.0123.,0,新規(1ヶ月未満),,,the Ukiverse,ギフト,ギフトで加入,1,0,0,2026-09-29 14:02,2026-09-29 14:02,○,○,https://www.youtube.com/channel/UC7cp8hysO6lnyJFBSaUu-Lg
UCigXV1Xjz3SYH5cRVSXxLHA,@Shofy,0,新規(1ヶ月未満),,,the Ukiverse,ギフト,ギフトで加入,1,0,0,2026-09-29 14:02,2026-09-29 14:02,○,○,https://www.youtube.com/channel/UCigXV1Xjz3SYH5cRVSXxLHA
UC0mSH4tQMtdltsvEVALgZqw,@婕婕婕-f1y,0,新規(1ヶ月未満),,,the Ukiverse,ギフト,ギフトで加入,1,0,0,2026-09-29 14:02,2026-09-29 14:02,○,○,https://www.youtube.com/channel/UC0mSH4tQMtdltsvEVALgZqw
UCecjqndFbNtRQGChH5oNlPQ,@Marenako_n,0,新規(1ヶ月未満),,,the Ukiverse,ギフト,ギフトで加入,1,0,0,2026-09-29 14:02,2026-09-29 14:02,○,○,https://www.youtube.com/channel/UCecjqndFbNtRQGChH5oNlPQ
UCaPcJ5bKYwqCh0vLBztXqag,@uuuuu-q7n,0,新規(1ヶ月未満),,,the Ukiverse,ギフト,ギフトで加入,1,0,0,2026-09-29 14:02,2026-09-29 14:02,○,○,https://www.youtube.com/channel/UCaPcJ5bKYwqCh0vLBztXqag
UCMrIO11xVbIBiqOMI0DpCgw,@ruru4461,0,新規(1ヶ月未満),,,the Ukiverse,ギフト,ギフトで加入,1,0,0,2026-09-29 14:02,2026-09-29 14:02,○,○,https://www.youtube.com/channel/UCMrIO11xVbIBiqOMI0DpCgw
UCdGgL4kyI4HBzfKT41v8z5w,@Nunyum-j7t,0,新規(1ヶ月未満),,,the Ukiverse,ギフト,ギフトで加入,1,0,0,2026-09-29 14:02,2026-09-29 14:02,○,○,https://www.youtube.com/channel/UCdGgL4kyI4HBzfKT41v8z5w
UCqBj7uGtGcABS7VHOAlJIeA,@Cainical,0,新規(1ヶ月未満),,,the Ukiverse,ギフト,ギフトで加入,1,0,0,2026-09-29 14:02,2026-09-29 14:02,○,○,https://www.youtube.com/channel/UCqBj7uGtGcABS7VHOAlJIeA
UCeoBuEH5BQkZSpZl9fAgyBg,@ru_koumori,0,新規(1ヶ月未満),,,the Ukiverse,ギフト,ギフトで加入,1,0,0,2026-09-29 14:02,2026-09-29 14:02,○,○,https://www.youtube.com/channel/UCeoBuEH5BQkZSpZl9fAgyBg
UCc5k4MSoeulrmrk4HZTxABg,@Alemia8432,0,新規(1ヶ月未満),,,the Ukiverse,ギフト,ギフトで加入,1,0,0,2026-09-29 14:02,2026-09-29 14:02,○,○,https://www.youtube.com/channel/UCc5k4MSoeulrmrk4HZTxABg
UCePvIL-togURBy5WzREh_Aw,@yamyam7037,0,新規(1ヶ月未満),,,the Ukiverse,ギフト,ギフトで加入,1,0,0,2026-09-29 14:02,2026-09-29 14:02,○,○,https://www.youtube.com/channel/UCePvIL-togURBy5WzREh_Aw
UCrJftUx3Jf1eTvsKELhWXFQ,@椰蓉海-shiori,0,新規(1ヶ月未満),,,the Ukiverse,ギフト,ギフトで加入,1,0,0,2026-09-29 14:02,2026-09-29 14:02,○,○,https://www.youtube.com/channel/UCrJftUx3Jf1eTvsKELhWXFQ
UCqlotIKS_lUfv4tKl3lkQYg,@ころぶち,0,新規(1ヶ月未満),,,the Ukiverse,ギフト,ギフトで加入,1,0,0,2026-09-29 14:02,2026-09-29 14:02,○,○,https://www.youtube.com/channel/UCqlotIKS_lUfv4tKl3lkQYg
UCsdEQ_zQP0huCVcq47H7WkQ,@kavoik,0,新規(1ヶ月未満),,,the Ukiverse,ギフト,ギフトで加入,1,0,0,2026-09-29 14:02,2026-09-29 14:02,○,○,https://www.youtube.com/channel/UCsdEQ_zQP0huCVcq47H7WkQ
UCUdTY56RHJbfXNZJeihEWdQ,@lazyurie,0,新規(1ヶ月未満),,,the Ukiverse,ギフト,ギフトで加入,1,0,0,2026-09-29 14:02,2026-09-29 14:02,○,○,https://www.youtube.com/channel/UCUdTY56RHJbfXNZJeihEWdQ
UCDOJcFu5xWwPcsZC8c-1pCQ,@ághyscm,0,新規(1ヶ月未満),New member,,不明,,,1,1,0,2026-09-29 22:32,2026-09-29 22:32,,,https://www.youtube.com/channel/UCDOJcFu5xWwPcsZC8c-1pCQ
UCrzzm-mEC_1QRwjrF3z2Y4A,@yenpyon,0,新規(1ヶ月未満),,,the Ukiverse,ギフト,ギフトで加入,1,0,0,2026-09-29 22:32,2026-09-29 22:32,○,○,https://www.youtube.com/channel/UCrzzm-mEC_1QRwjrF3z2Y4A
UC09rmePFPxwzRCRB4hdwYTQ,@某某人-j5c,0,新規(1ヶ月未満),,,the Ukiverse,ギフト,ギフトで加入,1,0,0,2026-09-29 22:32,2026-09-29 22:32,○,○,https://www.youtube.com/channel/UC09rmePFPxwzRCRB4hdwYTQ
UCAJDxTHfXsgsklDlRTX3NBQ,@조커왕-t1i,0,新規(1ヶ月未満),,,the Ukiverse,ギフト,ギフトで加入,1,0,0,2026-09-29 22:32,2026-09-29 22:32,○,○,https://www.youtube.com/channel/UCAJDxTHfXsgsklDlRTX3NBQ
UCZS_X92u98iz2p2JufGgQFA,@sn-yw8dc,0,新規(1ヶ月未満),,,the Ukiverse,ギフト,ギフトで加入,1,0,0,2026-09-29 22:32,2026-09-29 22:32,○,○,https://www.youtube.com/channel/UCZS_X92u98iz2p2JufGgQFA
UCzOGXeEdLZnl-CHITz4de4g,@葉Las,0,新規(1ヶ月未満),New member,,the Ukiverse,ギフト,ギフトで加入,1,64,0,2026-10-01 17:59,2026-10-01 17:59,○,○,https://www.youtube.com/channel/UCzOGXeEdLZnl-CHITz4de4g
UCTDWKpM8vZI_uQuJlCAfLNQ,@Mia-wcy32ik,0,新規(1ヶ月未満),New member,,the Ukiverse,ギフト,ギフトで加入,1,6,0,2026-10-01 17:59,2026-10-01 17:59,○,○,https://www.youtube.com/channel/UCTDWKpM8vZI_uQuJlCAfLNQ
UCGSGQymOckyymZs8kxmhOsg,@furuふる,0,新規(1ヶ月未満),New member,,the Ukiverse,ギフト,ギフトで加入,1,44,0,2026-10-01 17:59,2026-10-01 17:59,○,○,https://www.youtube.com/channel/UCGSGQymOckyymZs8kxmhOsg
UCDQwgatrPwdP82wk3Hpgifg,@itsnanamaru16,0,新規(1ヶ月未満),New member,,the Ukiverse,ギフト,ギフトで加入,1,75,0,2026-10-01 17:59,2026-10-01 17:59,○,○,https://www.youtube.com/channel/UCDQwgatrPwdP82wk3Hpgifg
UC87cOO06Gs3njMV6Qlcm2AQ,@zeepawdeepvoice,0,新規(1ヶ月未満),New member,,the Ukiverse,ギフト,ギフトで加入,1,45,0,2026-10-01 17:59,2026-10-01 17:59,○,○,https://www.youtube.com/channel/UC87cOO06Gs3njMV6Qlcm2AQ
UCAl6dUk0G-1oLd9q5TvuGjw,@arevuwa,0,新規(1ヶ月未満),New member,,the Ukiverse,ギフト,ギフトで加入,1,1,0,2026-10-01 17:59,2026-10-01 17:59,○,○,https://www.youtube.com/channel/UCAl6dUk0G-1oLd9q5TvuGjw
UC9Rq74SBltcJUX1icz9ZuJg,@onebitterboy,0,新規(1ヶ月未満),New member,,the Ukiverse,ギフト,ギフトで加入,1,36,0,2026-10-01 17:59,2026-10-01 17:59,○,○,https://www.youtube.com/channel/UC9Rq74SBltcJUX1icz9ZuJg
UC8_l8V6euglfJrQeD2yuHZg,@miyAkAwA_o7,0,新規(1ヶ月未満),New member,,the Ukiverse,ギフト,ギフトで加入,1,35,0,2026-10-01 17:59,2026-10-01 17:59,○,○,https://www.youtube.com/channel/UC8_l8V6euglfJrQeD2yuHZg
UCsm8nXlUZ8Y3b9wqIX1_-9g,@tiff8138,0,新規(1ヶ月未満),New member,,the Ukiverse,ギフト,ギフトで加入,1,5,0,2026-10-01 17:59,2026-10-01 17:59,○,○,https://www.youtube.com/channel/UCsm8nXlUZ8Y3b9wqIX1_-9g
UC4K941IQ3xPMmYHWy1E1yuw,@meztliexe,0,新規(1ヶ月未満),New member,,the Ukiverse,ギフト,ギフトで加入,1,6,0,2026-10-01 17:59,2026-10-01 17:59,○,○,https://www.youtube.com/channel/UC4K941IQ3xPMmYHWy1E1yuw
UCEKB3Gqggsf6K56d_75EY5g,@Circle_cc.k,0,新規(1ヶ月未満),New member,,the Ukiverse,ギフト,ギフトで加入,1,75,0,2026-10-01 17:59,2026-10-01 17:59,○,○,https://www.youtube.com/channel/UCEKB3Gqggsf6K56d_75EY5g
UCgeETAUxaOnum1L7bRl7vTg,@miromiro山雀,0,新規(1ヶ月未満),New member,,不明,,,1,1,0,2026-10-01 17:59,2026-10-01 17:59,,,https://www.youtube.com/channel/UCgeETAUxaOnum1L7bRl7vTg
UCmIu7FfJfT5NY0orPa_mzXQ,@aya_05_11,0,新規(1ヶ月未満),New member,,the Ukiverse,ギフト,ギフトで加入,1,6,0,2026-10-01 17:59,2026-10-01 17:59,○,○,https://www.youtube.com/channel/UCmIu7FfJfT5NY0orPa_mzXQ
UC5Azzx4RYnXOceyQZcRvC6g,@xindesu.,0,新規(1ヶ月未満),New member,,the Ukiverse,ギフト,ギフトで加入,1,8,0,2026-10-01 17:59,2026-10-01 17:59,○,○,https://www.youtube.com/channel/UC5Azzx4RYnXOceyQZcRvC6g
UCwza13oW-H-Cma_RHdgg6LQ,@Raine_raine-ing,0,新規(1ヶ月未満),New member,,the Ukiverse,ギフト,ギフトで加入,1,17,0,2026-10-01 17:59,2026-10-01 17:59,○,○,https://www.youtube.com/channel/UCwza13oW-H-Cma_RHdgg6LQ
UCvHgfop7roKC3sWXLSplkhQ,@R0_Mim,0,新規(1ヶ月未満),New member,,the Ukiverse,ギフト,ギフトで加入,1,5,0,2026-10-01 17:59,2026-10-01 17:59,○,○,https://www.youtube.com/channel/UCvHgfop7roKC3sWXLSplkhQ
UCBUjKsf2Pcke8kJ-0JSsydA,@劉晉豪-d6s,0,新規(1ヶ月未満),,,the Ukiverse,ギフト,ギフトで加入,1,0,0,2026-10-01 17:59,2026-10-01 17:59,○,○,https://www.youtube.com/channel/UCBUjKsf2Pcke8kJ-0JSsydA
UCYVObzXOjeYBvK_qj_WHUZw,@peacharuna,0,新規(1ヶ月未満),,,the Ukiverse,ギフト,ギフトで加入,1,0,0,2026-10-01 17:59,2026-10-01 17:59,○,○,https://www.youtube.com/channel/UCYVObzXOjeYBvK_qj_WHUZw
UC6P6YKy8xgG0M2Bh_7yiUUQ,@Cathycheniopp,0,新規(1ヶ月未満),,,the Ukiverse,ギフト,ギフトで加入,1,0,0,2026-10-01 17:59,2026-10-01 17:59,○,○,https://www.youtube.com/channel/UC6P6YKy8xgG0M2Bh_7yiUUQ
UCscrqrAEr0BfifeGaeB6GEA,@gomama26,0,新規(1ヶ月未満),,,the Ukiverse,ギフト,ギフトで加入,1,0,0,2026-10-01 17:59,2026-10-01 17:59,○,○,https://www.youtube.com/channel/UCscrqrAEr0BfifeGaeB6GEA
UCPVbPO_jAH_1BqKi8MXJ4bA,@AriiiLuvsU,0,新規(1ヶ月未満),,,the Ukiverse,ギフト,ギフトで加入,1,0,0,2026-10-01 17:59,2026-10-01 17:59,○,○,https://www.youtube.com/channel/UCPVbPO_jAH_1BqKi8MXJ4bA
UCJ58fU5Vz2GH1x9WQGdlrVQ,@hyojinb,0,新規(1ヶ月未満),,,the Ukiverse,ギフト,ギフトで加入,1,0,0,2026-10-01 17:59,2026-10-01 17:59,○,○,https://www.youtube.com/channel/UCJ58fU5Vz2GH1x9WQGdlrVQ
UCOi8EP_GomkBfxs3wpGXJHQ,@zerpenheirs,0,新規(1ヶ月未満),,,the Ukiverse,ギフト,ギフトで加入,1,0,0,2026-10-01 17:59,2026-10-01 17:59,○,○,https://www.youtube.com/channel/UCOi8EP_GomkBfxs3wpGXJHQ
UC-B61nVgvmpt43Ao5gU1NIQ,@Taiga_Chama,0,新規(1ヶ月未満),,,the Ukiverse,ギフト,ギフトで加入,1,0,0,2026-10-01 17:59,2026-10-01 17:59,○,○,https://www.youtube.com/channel/UC-B61nVgvmpt43Ao5gU1NIQ
UCAL5TyVzvp9hYtO9O82F8sA,@neko_neko_9,0,新規(1ヶ月未満),,,the Ukiverse,ギフト,ギフトで加入,1,0,0,2026-10-01 17:59,2026-10-01 17:59,○,○,https://www.youtube.com/channel/UCAL5TyVzvp9hYtO9O82F8sA
UCaHQeE2hjjqJ0xvQAMg_PGA,@orilalaz,0,新規(1ヶ月未満),,,the Ukiverse,ギフト,ギフトで加入,1,0,0,2026-10-01 17:59,2026-10-01 17:59,○,○,https://www.youtube.com/channel/UCaHQeE2hjjqJ0xvQAMg_PGA
UCw_4xArOLQcdwGyvD1-Iqaw,@happychiwawadog,0,新規(1ヶ月未満),,,the Ukiverse,ギフト,ギフトで加入,1,0,0,2026-10-01 17:59,2026-10-01 17:59,○,○,https://www.youtube.com/channel/UCw_4xArOLQcdwGyvD1-Iqaw
UCcRtq48lJZaOqSrkPDlAIJQ,@アキキミン,0,新規(1ヶ月未満),,,the Ukiverse,ギフト,ギフトで加入,1,0,0,2026-10-01 17:59,2026-10-01 17:59,○,○,https://www.youtube.com/channel/UCcRtq48lJZaOqSrkPDlAIJQ
UCWbQuA9o-aOkKELlV7AysGg,@ping1621,0,新規(1ヶ月未満),,,the Ukiverse,ギフト,ギフトで加入,1,0,0,2026-10-01 17:59,2026-10-01 17:59,○,○,https://www.youtube.com/channel/UCWbQuA9o-aOkKELlV7AysGg
UCV4qYCTdbC28mGwYGYTEZKg,@Lostia-p1w,0,新規(1ヶ月未満),,,the Ukiverse,ギフト,ギフトで加入,1,0,0,2026-10-01 17:59,2026-10-01 17:59,○,○,https://www.youtube.com/channel/UCV4qYCTdbC28mGwYGYTEZKg
UC-TLo88CZdLsf7YRn3E_4LQ,@momo_9944,0,新規(1ヶ月未満),,,the Ukiverse,ギフト,ギフトで加入,1,0,0,2026-10-01 17:59,2026-10-01 17:59,○,○,https://www.youtube.com/channel/UC-TLo88CZdLsf7YRn3E_4LQ
UCgTQyqVNC2gvk616DGEBEfg,@새싹-n9k,0,新規(1ヶ月未満),,,the Ukiverse,ギフト,ギフトで加入,1,0,0,2026-10-01 17:59,2026-10-01 17:59,○,○,https://www.youtube.com/channel/UCgTQyqVNC2gvk616DGEBEfg
UCAbyUQOAVNGaqaMHoUIeWeg,@エルド-e5y,0,新規(1ヶ月未満),,,the Ukiverse,ギフト,ギフトで加入,1,0,0,2026-10-01 17:59,2026-10-01 17:59,○,○,https://www.youtube.com/channel/UCAbyUQOAVNGaqaMHoUIeWeg
UCIjaJCIY4z53wxKrwiRQBWg,@Myunoa06,0,新規(1ヶ月未満),,,the Ukiverse,ギフト,ギフトで加入,1,0,0,2026-10-01 17:59,2026-10-01 17:59,○,○,https://www.youtube.com/channel/UCIjaJCIY4z53wxKrwiRQBWg
UC_P2I3RvT2zQR3Fr2DQMIHw,@人間-e2d,0,新規(1ヶ月未満),,,the Ukiverse,ギフト,ギフトで加入,1,0,0,2026-10-01 17:59,2026-10-01 17:59,○,○,https://www.youtube.com/channel/UC_P2I3RvT2zQR3Fr2DQMIHw
UCupmCpKS0ncQi0B5uhTYqbw,@Fufuri-q7i,0,新規(1ヶ月未満),,,the Ukiverse,ギフト,ギフトで加入,1,0,0,2026-10-01 17:59,2026-10-01 17:59,○,○,https://www.youtube.com/channel/UCupmCpKS0ncQi0B5uhTYqbw
UC_qzrzUNlkfdMh4SF12PM1Q,@fiiin,0,新規(1ヶ月未満),,,the Ukiverse,ギフト,ギフトで加入,1,0,0,2026-10-01 17:59,2026-10-01 17:59,○,○,https://www.youtube.com/channel/UC_qzrzUNlkfdMh4SF12PM1Q
UCps5PBI76fy0HEH7ix3KCAg,@RisaKuma11,0,新規(1ヶ月未満),,,the Ukiverse,ギフト,ギフトで加入,1,0,0,2026-10-01 17:59,2026-10-01 17:59,○,○,https://www.youtube.com/channel/UCps5PBI76fy0HEH7ix3KCAg
UCkFTCxeDoarb1moB971v3AA,@lurkingcat9205,0,新規(1ヶ月未満),,,the Ukiverse,ギフト,ギフトで加入,1,0,0,2026-10-01 17:59,2026-10-01 17:59,○,○,https://www.youtube.com/channel/UCkFTCxeDoarb1moB971v3AA
UCkVucWOmrFmyRY-swW-LrTw,@吖狐fox,0,新規(1ヶ月未満),,,the Ukiverse,ギフト,ギフトで加入,1,0,0,2026-10-01 17:59,2026-10-01 17:59,○,○,https://www.youtube.com/channel/UCkVucWOmrFmyRY-swW-LrTw
UCXiS_R4hIcjEhWBf7BBIh3w,@cynical1214,0,新規(1ヶ月未満),,,the Ukiverse,ギフト,ギフトで加入,1,0,0,2026-10-01 17:59,2026-10-01 17:59,○,○,https://www.youtube.com/channel/UCXiS_R4hIcjEhWBf7BBIh3w
UCp9Agj6Yih3GUqJw2-KGGuQ,@watabe1815,0,新規(1ヶ月未満),,,the Ukiverse,ギフト,ギフトで加入,1,0,0,2026-10-01 17:59,2026-10-01 17:59,○,○,https://www.youtube.com/channel/UCp9Agj6Yih3GUqJw2-KGGuQ
UC6rLmBx0_DVPhMAeMvMxYMA,@aislbasil,0,新規(1ヶ月未満),,,the Ukiverse,ギフト,ギフトで加入,1,0,0,2026-10-01 17:59,2026-10-01 17:59,○,○,https://www.youtube.com/channel/UC6rLmBx0_DVPhMAeMvMxYMA
UCFyxfPn5nTMSwi6OU5wmJCA,@yummystew2,0,新規(1ヶ月未満),,,the Ukiverse,ギフト,ギフトで加入,1,0,0,2026-10-01 17:59,2026-10-01 17:59,○,○,https://www.youtube.com/channel/UCFyxfPn5nTMSwi6OU5wmJCA
UCnKmVogOfOJUsvf08LbGrvA,@_roseeq_,0,新規(1ヶ月未満),,,the Ukiverse,ギフト,ギフトで加入,1,0,0,2026-10-01 17:59,2026-10-01 17:59,○,○,https://www.youtube.com/channel/UCnKmVogOfOJUsvf08LbGrvA
UCmnMn8kO4Lm_cpj3Mr-nh4A,@mintstea,0,新規(1ヶ月未満),,,the Ukiverse,ギフト,ギフトで加入,1,0,0,2026-10-01 17:59,2026-10-01 17:59,○,○,https://www.youtube.com/channel/UCmnMn8kO4Lm_cpj3Mr-nh4A
UCzqKghe3YUtBExCGU775THQ,@dmiraculous5513,0,新規(1ヶ月未満),,,the Ukiverse,ギフト,ギフトで加入,1,0,0,2026-10-01 17:59,2026-10-01 17:59,○,○,https://www.youtube.com/channel/UCzqKghe3YUtBExCGU775THQ
UCLhB66U5JViEps8g6vhql7w,@LeevineVT,0,新規(1ヶ月未満),,,the Ukiverse,ギフト,ギフトで加入,1,0,0,2026-10-01 17:59,2026-10-01 17:59,○,○,https://www.youtube.com/channel/UCLhB66U5JViEps8g6vhql7w
UCMHNvY5D8bdlh5UC3eYmIvg,@Cindy-tw3rd,0,新規(1ヶ月未満),,,the Ukiverse,ギフト,ギフトで加入,1,0,0,2026-10-01 17:59,2026-10-01 17:59,○,○,https://www.youtube.com/channel/UCMHNvY5D8bdlh5UC3eYmIvg
UCPziBiqy338RHWlnaSkYQFw,@sa-wat-dee2507,0,新規(1ヶ月未満),,,the Ukiverse,ギフト,ギフトで加入,1,0,0,2026-10-01 17:59,2026-10-01 17:59,○,○,https://www.youtube.com/channel/UCPziBiqy338RHWlnaSkYQFw
UCl4aiHpa-if5SGMqcWOQrmQ,@まいち-f4z,0,新規(1ヶ月未満),,,the Ukiverse,ギフト,ギフトで加入,1,0,0,2026-10-01 17:59,2026-10-01 17:59,○,○,https://www.youtube.com/channel/UCl4aiHpa-if5SGMqcWOQrmQ
UC8vyyBRUUu3fD3Hx7gpErsg,@凜冬_0316,0,新規(1ヶ月未満),,,the Ukiverse,ギフト,ギフトで加入,1,0,0,2026-10-01 17:59,2026-10-01 17:59,○,○,https://www.youtube.com/channel/UC8vyyBRUUu3fD3Hx7gpErsg
UCD1kcYD0HBYL3DS65Ud_TKg,@ゴボウ抜き,0,新規(1ヶ月未満),,,the Ukiverse,ギフト,ギフトで加入,1,0,0,2026-10-01 17:59,2026-10-01 17:59,○,○,https://www.youtube.com/channel/UCD1kcYD0HBYL3DS65Ud_TKg
UC2ls72vfJO3p4kq0iMpeaEQ,@KutoCaine,0,新規(1ヶ月未満),,,the Ukiverse,ギフト,ギフトで加入,1,0,0,2026-10-01 17:59,2026-10-01 17:59,○,○,https://www.youtube.com/channel/UC2ls72vfJO3p4kq0iMpeaEQ
UCMnTfIf1KuUJLkKD_aHKR7Q,@miyu8376,0,新規(1ヶ月未満),,,the Ukiverse,ギフト,ギフトで加入,1,0,0,2026-10-01 17:59,2026-10-01 17:59,○,○,https://www.youtube.com/channel/UCMnTfIf1KuUJLkKD_aHKR7Q
UCmrPm8IUEY1ZcMpp9WCUzMQ,@yuri225,0,新規(1ヶ月未満),,,the Ukiverse,ギフト,ギフトで加入,1,0,0,2026-10-01 17:59,2026-10-01 17:59,○,○,https://www.youtube.com/channel/UCmrPm8IUEY1ZcMpp9WCUzMQ
UCvUq3eEIBmWVWSyHxZJTX8Q,@晚笼,0,新規(1ヶ月未満),,,the Ukiverse,ギフト,ギフトで加入,1,0,0,2026-10-01 17:59,2026-10-01 17:59,○,○,https://www.youtube.com/channel/UCvUq3eEIBmWVWSyHxZJTX8Q
UCaKBFw7FOvYB5X4jUfyvmzQ,@Ging_ggingg,0,新規(1ヶ月未満),,,the Ukiverse,ギフト,ギフトで加入,1,0,0,2026-10-01 17:59,2026-10-01 17:59,○,○,https://www.youtube.com/channel/UCaKBFw7FOvYB5X4jUfyvmzQ
UCv6yA2CYuy4ECAFFB_LqA0w,@ichijiku-m1x,0,新規(1ヶ月未満),,,the Ukiverse,ギフト,ギフトで加入,1,0,0,2026-10-01 17:59,2026-10-01 17:59,○,○,https://www.youtube.com/channel/UCv6yA2CYuy4ECAFFB_LqA0w
UCvdB-4INAqlKiAbkLpKaW9A,@urimingggg,0,新規(1ヶ月未満),,,the Ukiverse,ギフト,ギフトで加入,1,0,0,2026-10-01 17:59,2026-10-01 17:59,○,○,https://www.youtube.com/channel/UCvdB-4INAqlKiAbkLpKaW9A
UCemJMoxc0LDzhtN6ToFFPxQ,@bruhh6054,0,新規(1ヶ月未満),,,the Ukiverse,ギフト,ギフトで加入,1,0,0,2026-10-01 17:59,2026-10-01 17:59,○,○,https://www.youtube.com/channel/UCemJMoxc0LDzhtN6ToFFPxQ
UCrHJ-J_yvKeTdQfKFkPnM3Q,@babymeowz_,0,新規(1ヶ月未満),,,the Ukiverse,ギフト,ギフトで加入,1,0,0,2026-10-01 17:59,2026-10-01 17:59,○,○,https://www.youtube.com/channel/UCrHJ-J_yvKeTdQfKFkPnM3Q
UC4_eZ1gYpmVnahssB3bX8qA,@Yuki-rt7en,0,新規(1ヶ月未満),,,the Ukiverse,ギフト,ギフトで加入,1,0,0,2026-10-02 10:14,2026-10-02 10:14,○,○,https://www.youtube.com/channel/UC4_eZ1gYpmVnahssB3bX8qA
UC8ASwhNs7DPIWLwfiE1oDNQ,@beanysama,0,新規(1ヶ月未満),,,the Ukiverse,ギフト,ギフトで加入,1,0,0,2026-10-02 10:14,2026-10-02 10:14,○,○,https://www.youtube.com/channel/UC8ASwhNs7DPIWLwfiE1oDNQ
UC8QX1g0GsCOKYDzsBoXGBGA,@zerahsu7734,0,新規(1ヶ月未満),,,the Ukiverse,ギフト,ギフトで加入,1,0,0,2026-10-02 10:14,2026-10-02 10:14,○,○,https://www.youtube.com/channel/UC8QX1g0GsCOKYDzsBoXGBGA
UCdeLPFr2ojRs0yxfQ86EEGg,@silt4411,0,新規(1ヶ月未満),,,the Ukiverse,ギフト,ギフトで加入,1,0,0,2026-10-02 10:14,2026-10-02 10:14,○,○,https://www.youtube.com/channel/UCdeLPFr2ojRs0yxfQ86EEGg
UC7ySCW3hOzNAIMr94jKCaEA,@ddaemo_n,0,新規(1ヶ月未満),,,the Ukiverse,ギフト,ギフトで加入,1,0,0,2026-10-02 10:14,2026-10-02 10:14,○,○,https://www.youtube.com/channel/UC7ySCW3hOzNAIMr94jKCaEA
UCafqXyKfdhQOnU1Z8tLtR0Q,@Tamarahehehe,0,新規(1ヶ月未満),,,the Ukiverse,ギフト,ギフトで加入,1,0,0,2026-10-02 10:14,2026-10-02 10:14,○,○,https://www.youtube.com/channel/UCafqXyKfdhQOnU1Z8tLtR0Q
UCQkmoLzL4mxSGAhzNrJOvLA,@suesueb,0,新規(1ヶ月未満),,,the Ukiverse,ギフト,ギフトで加入,1,0,0,2026-10-02 10:14,2026-10-02 10:14,○,○,https://www.youtube.com/channel/UCQkmoLzL4mxSGAhzNrJOvLA
UCg5smahkSZHbxz-KxJxXziQ,@pipidayo,0,新規(1ヶ月未満),,,the Ukiverse,ギフト,ギフトで加入,1,0,0,2026-10-02 10:14,2026-10-02 10:14,○,○,https://www.youtube.com/channel/UCg5smahkSZHbxz-KxJxXziQ
UCl1bUyD4S1danCFEhOAhtIw,@haileespilman103,0,新規(1ヶ月未満),,,the Ukiverse,ギフト,ギフトで加入,1,0,0,2026-10-02 10:14,2026-10-02 10:14,○,○,https://www.youtube.com/channel/UCl1bUyD4S1danCFEhOAhtIw
UCL2b5asubgBGU7wXs2w3gqQ,@wishiewishh,0,新規(1ヶ月未満),,,the Ukiverse,ギフト,ギフトで加入,1,0,0,2026-10-02 10:14,2026-10-02 10:14,○,○,https://www.youtube.com/channel/UCL2b5asubgBGU7wXs2w3gqQ
UCXTg6VShd0t5oeWs1uO5wNw,@BixieBearQiii,0,新規(1ヶ月未満),,,the Ukiverse,ギフト,ギフトで加入,1,0,0,2026-10-02 10:14,2026-10-02 10:14,○,○,https://www.youtube.com/channel/UCXTg6VShd0t5oeWs1uO5wNw
UCd6r6Yn3S4XXhaJvLG8Qz1w,@呱呱kuakua,0,新規(1ヶ月未満),,,the Ukiverse,ギフト,ギフトで加入,1,0,0,2026-10-02 10:14,2026-10-02 10:14,○,○,https://www.youtube.com/channel/UCd6r6Yn3S4XXhaJvLG8Qz1w
UC0YJ0zRyqy91rJpBDB2W1Pg,@gwendolynfaye,0,新規(1ヶ月未満),,,the Ukiverse,ギフト,ギフトで加入,1,0,0,2026-10-02 10:14,2026-10-02 10:14,○,○,https://www.youtube.com/channel/UC0YJ0zRyqy91rJpBDB2W1Pg
UCK0z4lSDvqRfAnStUv-boNQ,@Onna.a,0,新規(1ヶ月未満),,,the Ukiverse,ギフト,ギフトで加入,1,0,0,2026-10-02 10:14,2026-10-02 10:14,○,○,https://www.youtube.com/channel/UCK0z4lSDvqRfAnStUv-boNQ
UC9Gi0RSJ73uxfWptNxdneZg,@ao-b7o,0,新規(1ヶ月未満),,,the Ukiverse,ギフト,ギフトで加入,1,0,0,2026-10-02 10:14,2026-10-02 10:14,○,○,https://www.youtube.com/channel/UC9Gi0RSJ73uxfWptNxdneZg
UCc3HXX_PKHAizED1UG4ZVFw,@Ha_ku0,0,新規(1ヶ月未満),,,the Ukiverse,ギフト,ギフトで加入,1,0,0,2026-10-02 10:14,2026-10-02 10:14,○,○,https://www.youtube.com/channel/UCc3HXX_PKHAizED1UG4ZVFw
UCetG6NhQdi1S81Ss0DwaSlA,@yutSunshine,0,新規(1ヶ月未満),New member,,不明,,,1,3,0,2026-10-03 10:11,2026-10-03 10:11,,,https://www.youtube.com/channel/UCetG6NhQdi1S81Ss0DwaSlA
UC2oCJ84JWGELlWBqBetP10g,@mars_9842,0,新規(1ヶ月未満),,,the Ukiverse,ギフト,ギフトで加入,1,0,0,2026-10-06 13:01,2026-10-06 13:01,○,○,https://www.youtube.com/channel/UC2oCJ84JWGELlWBqBetP10g
UCispRk8bCXt6soze5sQ2e0w,@livegeriksen6118,0,新規(1ヶ月未満),,,the Ukiverse,ギフト,ギフトで加入,1,0,0,2026-10-08 00:00,2026-10-08 00:00,○,○,https://www.youtube.com/channel/UCispRk8bCXt6soze5sQ2e0w
UC4RmMpJn9lKs7Z085mk0onw,@psansurin1255,0,新規(1ヶ月未満),,,the Ukiverse,ギフト,ギフトで加入,1,0,0,2026-10-08 00:00,2026-10-08 00:00,○,○,https://www.youtube.com/channel/UC4RmMpJn9lKs7Z085mk0onw
UChoYvrFJabe4QEDgOzQ031Q,@Nyu_ne,0,新規(1ヶ月未満),,,the Ukiverse,ギフト,ギフトで加入,1,0,0,2026-10-08 00:00,2026-10-08 00:00,○,○,https://www.youtube.com/channel/UChoYvrFJabe4QEDgOzQ031Q
UCeFk4PJl8nczUTmgzJkL7WA,@yu-aby,0,新規(1ヶ月未満),,,the Ukiverse,ギフト,ギフトで加入,1,0,0,2026-10-08 00:00,2026-10-08 00:00,○,○,https://www.youtube.com/channel/UCeFk4PJl8nczUTmgzJkL7WA
UCFYz3DrH7hS5fkCeb1Mrckg,@izzy_svs,0,新規(1ヶ月未満),,,the Ukiverse,ギフト,ギフトで加入,1,0,0,2026-10-08 00:00,2026-10-08 00:00,○,○,https://www.youtube.com/channel/UCFYz3DrH7hS5fkCeb1Mrckg
UCgoBP4qeVjD_4LTsp5GRarA,@김성화-g8v,0,新規(1ヶ月未満),,,the Ukiverse,ギフト,ギフトで加入,1,0,0,2026-10-08 00:00,2026-10-08 00:00,○,○,https://www.youtube.com/channel/UCgoBP4qeVjD_4LTsp5GRarA
UCNGW0T315AN4BRvz-JdlHOw,@やまだもんじゃ,0,新規(1ヶ月未満),,,the Ukiverse,ギフト,ギフトで加入,1,0,0,2026-10-08 00:00,2026-10-08 00:00,○,○,https://www.youtube.com/channel/UCNGW0T315AN4BRvz-JdlHOw
