channel_id,name,badge_months,badge,badge_tooltip,milestone_months,tier,tier_source,revenue_note,streams_seen,messages,superchats,first_seen,last_seen,joined_in_period,gift_received,url
UCeiXwmQXknNggm78elGjIYw,@九尾_9bi,12,1年,Member (1 year),,不明,,,14,1016,0,2026-09-12 21:35,2026-10-09 17:45,,,https://www.youtube.com/channel/UCeiXwmQXknNggm78elGjIYw
UCkM1bjzMsgVrV-q4sWZfjgQ,@sakae-wj9,12,1年,Member (1 year),,不明,,,14,1038,0,2026-09-12 21:35,2026-10-09 17:45,,,https://www.youtube.com/channel/UCkM1bjzMsgVrV-q4sWZfjgQ
UCK7ohZmz3CZno2xBlcwSTYA,@ゆあゆ_みなかみ,12,1年,Member (1 year),,不明,,,14,3283,0,2026-09-12 21:35,2026-10-09 17:45,,,https://www.youtube.com/channel/UCK7ohZmz3CZno2xBlcwSTYA
UCKkgfXXwNKUgj4agIDRPNSw,@ゆうと_yuzukaoru789,12,1年,Member (1 year),,不明,,,14,2203,1,2026-09-12 21:35,2026-10-09 17:45,,,https://www.youtube.com/channel/UCKkgfXXwNKUgj4agIDRPNSw
UCZYV87_aEy2nz5nvZBEb_Ig,@Narqissa,12,1年,Member (1 year),,不明,,,14,583,0,2026-09-12 21:35,2026-10-09 17:45,,,https://www.youtube.com/channel/UCZYV87_aEy2nz5nvZBEb_Ig
UCV8ZID80BFuBsUAQ8CCdyMw,@ななひ_sinamo,12,1年,Member (1 year),,不明,,,14,996,0,2026-09-12 21:35,2026-10-09 17:45,,,https://www.youtube.com/channel/UCV8ZID80BFuBsUAQ8CCdyMw
UC7ii5QgEVA-kingnPOvlFRw,@手強いフクロウfeat.Dr.ヒルルク,12,1年,Member (1 year),,不明,,,14,447,0,2026-09-12 21:35,2026-10-09 17:45,,,https://www.youtube.com/channel/UC7ii5QgEVA-kingnPOvlFRw
UCb82e_O0j8umN7PWd5YqrGQ,@そゆ_luv1221,12,1年,Member (1 year),,不明,,,14,168,0,2026-09-12 21:35,2026-10-09 17:45,,,https://www.youtube.com/channel/UCb82e_O0j8umN7PWd5YqrGQ
UCqIKBw0Eo2d7_XneNKxbqGA,@ちーすけ-x6k,12,1年,Member (1 year),,不明,,,14,670,1,2026-09-12 21:35,2026-10-09 17:45,,,https://www.youtube.com/channel/UCqIKBw0Eo2d7_XneNKxbqGA
UCqHZCfkUO5EYFpAQ9X7Ms9g,@piyrljgd,12,1年,Member (1 year),,不明,,,14,221,0,2026-09-12 21:35,2026-10-09 17:45,,,https://www.youtube.com/channel/UCqHZCfkUO5EYFpAQ9X7Ms9g
UCiFdf09hfRdFgp29h0AYqGQ,@Kiri_hanahuda_KK,12,1年,Member (1 year),,不明,,,13,320,0,2026-09-12 21:35,2026-10-09 17:45,,,https://www.youtube.com/channel/UCiFdf09hfRdFgp29h0AYqGQ
UCOGhAATMPdAY7BSQIPkAQjw,@ちちゃん-sm,12,1年,Member (1 year),,不明,,,13,156,0,2026-09-12 21:35,2026-10-05 15:47,,,https://www.youtube.com/channel/UCOGhAATMPdAY7BSQIPkAQjw
UC5Ur8UQYHMb3O4PkPSCCPhg,@ぱぽんけーき,12,1年,Member (1 year),,不明,,,13,177,9,2026-09-12 21:35,2026-10-09 17:45,,,https://www.youtube.com/channel/UC5Ur8UQYHMb3O4PkPSCCPhg
UChP6onllYadWreamxAB_gLw,@ねぎとろ-b4v,12,1年,Member (1 year),,不明,,,13,626,0,2026-09-12 21:35,2026-10-09 17:45,,,https://www.youtube.com/channel/UChP6onllYadWreamxAB_gLw
UCdk9qLSIzhcWnd1_QI_JfTw,@re__50_e,12,1年,Member (1 year),,不明,,,13,757,0,2026-09-12 21:35,2026-10-09 17:45,,,https://www.youtube.com/channel/UCdk9qLSIzhcWnd1_QI_JfTw
UC-E8dbRcpgSoDMCmIMMEIRA,@ゆう-q3u3j,12,1年,Member (1 year),,不明,,,12,32,0,2026-09-12 21:35,2026-10-09 17:45,,,https://www.youtube.com/channel/UC-E8dbRcpgSoDMCmIMMEIRA
UCZBuhsNNzvFkvl6Mkh7FOSA,@一翔_ichika,12,1年,Member (1 year),,不明,,,12,262,2,2026-09-12 21:35,2026-10-09 17:45,,,https://www.youtube.com/channel/UCZBuhsNNzvFkvl6Mkh7FOSA
UC__ozTVAAbuagTJd7JdoWMw,@ほうまか,12,1年,Member (1 year),,不明,,,12,707,1,2026-09-12 21:35,2026-10-09 17:45,,,https://www.youtube.com/channel/UC__ozTVAAbuagTJd7JdoWMw
UCfaHlTpOipc7MznHq8fDrhA,@らこなつ,12,1年,Member (1 year),,不明,,,12,573,0,2026-09-12 21:35,2026-10-09 17:45,,,https://www.youtube.com/channel/UCfaHlTpOipc7MznHq8fDrhA
UC40np4e6-jSqOyBaj1icguw,@はちみつ-h8m2ss,12,1年,Member (1 year),,不明,,,12,110,0,2026-09-12 21:35,2026-10-09 17:45,,,https://www.youtube.com/channel/UC40np4e6-jSqOyBaj1icguw
UCfav8mvcu_CxWKRZCzth1Zg,@ゆかさく,12,1年,Member (1 year),,不明,,,12,629,0,2026-09-16 21:01,2026-10-09 17:45,,,https://www.youtube.com/channel/UCfav8mvcu_CxWKRZCzth1Zg
UC9tWTAuW_I9MkR3WaSyVGMw,@shiro_._._,12,1年,Member (1 year),,不明,,,11,402,0,2026-09-12 21:35,2026-10-05 15:47,,,https://www.youtube.com/channel/UC9tWTAuW_I9MkR3WaSyVGMw
UCy_LiQXuUjTVAm6_kkzH0cA,@hachiware-bee,12,1年,Member (1 year),,不明,,,11,117,0,2026-09-12 21:35,2026-10-09 17:45,,,https://www.youtube.com/channel/UCy_LiQXuUjTVAm6_kkzH0cA
UCxfTKnqjZVDz_r8sPP-KKzA,@또이.toitoi,12,1年,Member (1 year),,不明,,,11,57,1,2026-09-12 21:35,2026-10-09 17:45,,,https://www.youtube.com/channel/UCxfTKnqjZVDz_r8sPP-KKzA
UC_Bs08k4HQ5ODnIMcw74cYQ,@新米コシヒカリyeah,12,1年,Member (1 year),,不明,,,11,93,0,2026-09-12 21:35,2026-10-09 17:45,,,https://www.youtube.com/channel/UC_Bs08k4HQ5ODnIMcw74cYQ
UCNDEFC0zxdPuEX9x7Z3YTNw,@ちきちきれーす,12,1年,Member (1 year),,不明,,,11,128,0,2026-09-12 21:35,2026-10-09 17:45,,,https://www.youtube.com/channel/UCNDEFC0zxdPuEX9x7Z3YTNw
UCzrrQIuwgxTzUR80SAyq2_w,@煮込ふかひれ,12,1年,Member (1 year),,不明,,,11,126,0,2026-09-12 21:35,2026-10-09 17:45,,,https://www.youtube.com/channel/UCzrrQIuwgxTzUR80SAyq2_w
UCYE-B1rvzuSlp-FfPgnJnpA,@にぎりちゃん3,12,1年,Member (1 year),,不明,,,10,352,0,2026-09-12 21:35,2026-10-05 15:47,,,https://www.youtube.com/channel/UCYE-B1rvzuSlp-FfPgnJnpA
UCSAGGsd8Okgka9i_dl4kH-Q,@はぐりん-q1y,12,1年,Member (1 year),,酒寄颯馬のメンバーシップ,再加入/レベル変更,,10,450,0,2026-09-12 21:35,2026-10-09 17:45,,,https://www.youtube.com/channel/UCSAGGsd8Okgka9i_dl4kH-Q
UCuKmKMPwjpz13Sm0MqNYdpw,@般若-hny,12,1年,Member (1 year),,不明,,,10,268,0,2026-09-12 21:35,2026-10-09 17:45,,,https://www.youtube.com/channel/UCuKmKMPwjpz13Sm0MqNYdpw
UCQsa4Vas5yfZ3xA_nmRBdWQ,@りすニベア,12,1年,Member (1 year),,不明,,,10,347,0,2026-09-12 21:35,2026-10-09 17:45,,,https://www.youtube.com/channel/UCQsa4Vas5yfZ3xA_nmRBdWQ
UCFaYbhSsW_KshgV8vXKMdpg,@もなふる,12,1年,Member (1 year),,不明,,,10,556,0,2026-09-12 21:35,2026-10-03 16:10,,,https://www.youtube.com/channel/UCFaYbhSsW_KshgV8vXKMdpg
UCx_XIy_gdiwRPI29XGo1qBQ,@まるむ3,12,1年,Member (1 year),,不明,,,10,27,0,2026-09-12 21:35,2026-10-09 17:45,,,https://www.youtube.com/channel/UCx_XIy_gdiwRPI29XGo1qBQ
UCLw1jpViPhquIKHqDKXcNNA,@はちこ江藤,12,1年,Member (1 year),,不明,,,10,190,0,2026-09-12 21:35,2026-10-09 17:45,,,https://www.youtube.com/channel/UCLw1jpViPhquIKHqDKXcNNA
UCSn3xRZNgwEvl9d9jr0rD0A,@トランポリン馬術,12,1年,Member (1 year),,不明,,,10,97,0,2026-09-12 21:35,2026-10-09 17:45,,,https://www.youtube.com/channel/UCSn3xRZNgwEvl9d9jr0rD0A
UCyB6wtnejVJMUZsgB-9ZaBA,@osssushi,12,1年,Member (1 year),,不明,,,10,230,0,2026-09-12 21:35,2026-10-09 17:45,,,https://www.youtube.com/channel/UCyB6wtnejVJMUZsgB-9ZaBA
UC0_jXVcws1Jam4yFLvg9k1Q,@こはる_haru4,12,1年,Member (1 year),,不明,,,9,122,0,2026-09-12 21:35,2026-10-09 17:45,,,https://www.youtube.com/channel/UC0_jXVcws1Jam4yFLvg9k1Q
UCib7vY6ndUb_ahal_efN3JQ,@みうさんsO_Onyan,12,1年,Member (1 year),,不明,,,9,27,0,2026-09-12 21:35,2026-10-09 17:45,,,https://www.youtube.com/channel/UCib7vY6ndUb_ahal_efN3JQ
UC-51paNHSMn_dcykG4IDJag,@mido_dayo,12,1年,Member (1 year),,不明,,,9,274,0,2026-09-12 21:35,2026-10-09 17:45,,,https://www.youtube.com/channel/UC-51paNHSMn_dcykG4IDJag
UC6Qh1fTfWNYa74MrCbk0XHA,@XaelMoon,12,1年,Member (1 year),,不明,,,9,132,0,2026-09-12 21:35,2026-10-09 17:45,,,https://www.youtube.com/channel/UC6Qh1fTfWNYa74MrCbk0XHA
UC3yABEJD_Y6hGqfP5v5Impg,@きの-v3p,12,1年,Member (1 year),,不明,,,9,30,0,2026-09-13 20:01,2026-10-09 17:45,,,https://www.youtube.com/channel/UC3yABEJD_Y6hGqfP5v5Impg
UCvIGDctcVbROz5la8mA8MEQ,@ぷーすけ-3,12,1年,Member (1 year),,不明,,,9,10,8,2026-09-16 21:01,2026-10-09 17:45,,,https://www.youtube.com/channel/UCvIGDctcVbROz5la8mA8MEQ
UCcYsKTPnEAeuXxfYmgIGjGA,@parumu_1221,12,1年,Member (1 year),,不明,,,8,59,0,2026-09-12 21:35,2026-10-09 17:45,,,https://www.youtube.com/channel/UCcYsKTPnEAeuXxfYmgIGjGA
UCrHwgWfjrQ8b1By8BuWrg6g,@kotori_s3,12,1年,Member (1 year),,不明,,,8,58,0,2026-09-12 21:35,2026-10-09 17:45,,,https://www.youtube.com/channel/UCrHwgWfjrQ8b1By8BuWrg6g
UCAawY_KkE-BRod2u5Nh0wAg,@み_mi_yu,12,1年,Member (1 year),,不明,,,8,151,0,2026-09-12 21:35,2026-10-09 17:45,,,https://www.youtube.com/channel/UCAawY_KkE-BRod2u5Nh0wAg
UC2GSn6h-Vr6CqCeocGUgbCw,@大メ,12,1年,Member (1 year),,不明,,,8,220,0,2026-09-12 21:35,2026-10-09 17:45,,,https://www.youtube.com/channel/UC2GSn6h-Vr6CqCeocGUgbCw
UCRsb6eTvbrjKuqLv6z8JaWg,@あの日のキツネ,12,1年,Member (1 year),,不明,,,8,615,0,2026-09-12 21:35,2026-10-09 17:45,,,https://www.youtube.com/channel/UCRsb6eTvbrjKuqLv6z8JaWg
UCe2eqlujn38yLKtNaPS2keg,@あざらし-m7c,12,1年,Member (1 year),,不明,,,8,32,0,2026-09-12 21:35,2026-10-09 17:45,,,https://www.youtube.com/channel/UCe2eqlujn38yLKtNaPS2keg
UCEgvkkeMgy3-0CCJbOTeeuQ,@まお-sm12,12,1年,Member (1 year),,不明,,,8,226,1,2026-09-12 21:35,2026-10-03 22:02,,,https://www.youtube.com/channel/UCEgvkkeMgy3-0CCJbOTeeuQ
UCCnEQSH3g9mWDrShmMf-ZhQ,@chiisa_iyu,12,1年,Member (1 year),,不明,,,8,255,1,2026-09-16 21:01,2026-10-09 17:45,,,https://www.youtube.com/channel/UCCnEQSH3g9mWDrShmMf-ZhQ
UCEHFph1aERH2Y60MX6stncQ,@ラムネ-q4l,12,1年,Member (1 year),,不明,,,8,32,0,2026-09-16 21:01,2026-10-09 17:45,,,https://www.youtube.com/channel/UCEHFph1aERH2Y60MX6stncQ
UCmtRKOf7z-ddZFFl23HKv0g,@りほりほちゃん,12,1年,Member (1 year),,不明,,,7,33,0,2026-09-12 21:35,2026-10-09 17:45,,,https://www.youtube.com/channel/UCmtRKOf7z-ddZFFl23HKv0g
UCnWjpjLYWto1iowDPCwvwag,@玲音-i7r,12,1年,Member (1 year),,不明,,,7,35,0,2026-09-12 21:35,2026-10-09 17:45,,,https://www.youtube.com/channel/UCnWjpjLYWto1iowDPCwvwag
UCtPIvoiy9qnjLSyWjYALrzA,@晴-はる-Haru,12,1年,Member (1 year),,不明,,,7,8,0,2026-09-12 21:35,2026-10-05 15:47,,,https://www.youtube.com/channel/UCtPIvoiy9qnjLSyWjYALrzA
UCPeuje734BMsFhET8AcCcxQ,@あまね-lzzl,12,1年,Member (1 year),,不明,,,7,113,0,2026-09-12 21:35,2026-09-24 14:36,,,https://www.youtube.com/channel/UCPeuje734BMsFhET8AcCcxQ
UC6Kq3yswN3xlnzca6w72WCA,@きなこ-ねじり,12,1年,Member (1 year),,不明,,,7,28,0,2026-09-12 21:35,2026-10-09 17:45,,,https://www.youtube.com/channel/UC6Kq3yswN3xlnzca6w72WCA
UCgLEU4rT0VX3uOaYe373pbw,@ささき.sqqq3,12,1年,Member (1 year),,不明,,,7,25,0,2026-09-12 21:35,2026-10-09 17:45,,,https://www.youtube.com/channel/UCgLEU4rT0VX3uOaYe373pbw
UCPBF29UnhqEBk2uf0xKv2zw,@BOSS-Mikan,12,1年,Member (1 year),,不明,,,7,673,0,2026-09-12 21:35,2026-10-05 15:47,,,https://www.youtube.com/channel/UCPBF29UnhqEBk2uf0xKv2zw
UCc9fxdWSoFp0ttDrVVFxQzw,@アサヌノ,12,1年,Member (1 year),,不明,,,7,669,1,2026-09-12 21:35,2026-10-09 17:45,,,https://www.youtube.com/channel/UCc9fxdWSoFp0ttDrVVFxQzw
UCiD1azM9UE2BoxEeqmCr7vw,@さかい_khr,12,1年,Member (1 year),,不明,,,7,434,0,2026-09-12 21:35,2026-10-09 17:45,,,https://www.youtube.com/channel/UCiD1azM9UE2BoxEeqmCr7vw
UC8K8rLM1GSc4KZpsLlBo35A,@もやあかり,12,1年,Member (1 year),,不明,,,7,154,0,2026-09-12 21:35,2026-10-09 17:45,,,https://www.youtube.com/channel/UC8K8rLM1GSc4KZpsLlBo35A
UCeXvwyT7JLLpWeDgFKKovfw,@urunir,12,1年,Member (1 year),,不明,,,7,16,0,2026-09-12 21:35,2026-10-09 17:45,,,https://www.youtube.com/channel/UCeXvwyT7JLLpWeDgFKKovfw
UCYCycJ3fXCk68bv0q56Y4uQ,@雨芽-Ame,12,1年,Member (1 year),,不明,,,7,46,0,2026-09-12 21:35,2026-10-09 17:45,,,https://www.youtube.com/channel/UCYCycJ3fXCk68bv0q56Y4uQ
UCJggPVkER91_q_Po7uQGhnA,@aka-z2x-y9y,12,1年,Member (1 year),,不明,,,7,58,0,2026-09-12 21:35,2026-10-09 17:45,,,https://www.youtube.com/channel/UCJggPVkER91_q_Po7uQGhnA
UCApoi-MArBHZQ7qg0lAIsTQ,@ma_ppp,12,1年,Member (1 year),,不明,,,7,71,0,2026-09-12 21:35,2026-10-09 17:45,,,https://www.youtube.com/channel/UCApoi-MArBHZQ7qg0lAIsTQ
UCeSVHQusXhXUi4bE1o-9CHQ,@かーきぃ-112,12,1年,Member (1 year),,不明,,,7,103,0,2026-09-12 21:35,2026-10-09 17:45,,,https://www.youtube.com/channel/UCeSVHQusXhXUi4bE1o-9CHQ
UCzaaIj0kbSs5Va_gpe9a7zA,@Yui-d6n,12,1年,Member (1 year),,不明,,,7,13,2,2026-09-12 21:35,2026-10-09 17:45,,,https://www.youtube.com/channel/UCzaaIj0kbSs5Va_gpe9a7zA
UCr-EsBI6GoXt60WEceOoMpA,@サーラ-v1j,12,1年,Member (1 year),,不明,,,7,43,0,2026-09-13 20:01,2026-10-03 22:02,,,https://www.youtube.com/channel/UCr-EsBI6GoXt60WEceOoMpA
UCP764mmdFPvhMIhICp75Tyw,@麦茶1228,12,1年,Member (1 year),,不明,,,7,109,0,2026-09-13 20:01,2026-10-09 17:45,,,https://www.youtube.com/channel/UCP764mmdFPvhMIhICp75Tyw
UCR_matEDsS-yM4qJ0pedFyA,@chico_tan,12,1年,Member (1 year),,不明,,,7,34,0,2026-09-13 20:01,2026-10-09 17:45,,,https://www.youtube.com/channel/UCR_matEDsS-yM4qJ0pedFyA
UCxe8dXcd3KMBaVY5MrPmfiQ,@meiya0813,12,1年,Member (1 year),,不明,,,7,46,0,2026-09-13 20:01,2026-10-03 22:02,,,https://www.youtube.com/channel/UCxe8dXcd3KMBaVY5MrPmfiQ
UC1bADdikWlr2Nl6GVajqS5Q,@睦月ゆうま,12,1年,Member (1 year),,不明,,,7,18,0,2026-09-13 20:01,2026-10-09 17:45,,,https://www.youtube.com/channel/UC1bADdikWlr2Nl6GVajqS5Q
UCaDIxEFLnLLEdCpgAo33PJQ,@さーめ-04,12,1年,Member (1 year),,不明,,,7,16,0,2026-09-16 21:01,2026-10-05 15:47,,,https://www.youtube.com/channel/UCaDIxEFLnLLEdCpgAo33PJQ
UCmtUDjbKucLyS1sgJXP1MtA,@Kocochan._.v,12,1年,Member (1 year),,不明,,,7,89,6,2026-09-16 21:01,2026-10-09 17:45,,,https://www.youtube.com/channel/UCmtUDjbKucLyS1sgJXP1MtA
UCzS6OmdqXB18OqrI6KOTwNA,@torakk-k7d,12,1年,Member (1 year),,不明,,,7,18,0,2026-09-16 21:01,2026-10-05 15:47,,,https://www.youtube.com/channel/UCzS6OmdqXB18OqrI6KOTwNA
UCShl9h6jK9dXq9Pqs2CdHCw,@wkjds1,12,1年,Member (1 year),,不明,,,7,14,0,2026-09-22 20:02,2026-10-09 17:45,,,https://www.youtube.com/channel/UCShl9h6jK9dXq9Pqs2CdHCw
UCcGglafG9V_BPltzneH3Zcw,@わか-i5b,12,1年,Member (1 year),,不明,,,6,288,1,2026-09-12 21:35,2026-09-23 21:00,,,https://www.youtube.com/channel/UCcGglafG9V_BPltzneH3Zcw
UCgjmDy1r1lPoqA2sKfmUZ4A,@いぬ-mg,12,1年,Member (1 year),,不明,,,6,18,0,2026-09-12 21:35,2026-10-09 17:45,,,https://www.youtube.com/channel/UCgjmDy1r1lPoqA2sKfmUZ4A
UCjD9sdPeaOIFdMJWOMSUyjw,@フード-u2x,12,1年,Member (1 year),,不明,,,6,87,1,2026-09-12 21:35,2026-10-05 15:47,,,https://www.youtube.com/channel/UCjD9sdPeaOIFdMJWOMSUyjw
UC72wONu1gPpci9NgNx1nksw,@いおり-v-b,12,1年,Member (1 year),,不明,,,6,9,4,2026-09-12 21:35,2026-10-09 17:45,,,https://www.youtube.com/channel/UC72wONu1gPpci9NgNx1nksw
UCLK_efrYXIc68Jk3v-aEdOw,@mika-ss3,12,1年,Member (1 year),,不明,,,6,21,0,2026-09-12 21:35,2026-10-09 17:45,,,https://www.youtube.com/channel/UCLK_efrYXIc68Jk3v-aEdOw
UCvEFAJkUMaVRjYyWDdVmuMw,@SUNAO_722,12,1年,Member (1 year),,不明,,,6,330,0,2026-09-12 21:35,2026-10-09 17:45,,,https://www.youtube.com/channel/UCvEFAJkUMaVRjYyWDdVmuMw
UCDeBz2wDwivenGbWnBLu6rw,@ゆぴ_somax12,12,1年,Member (1 year),,不明,,,6,11,1,2026-09-12 21:35,2026-10-03 16:10,,,https://www.youtube.com/channel/UCDeBz2wDwivenGbWnBLu6rw
UCFf5hMOv5xFlB5PREWIG0lg,@くるミん,12,1年,Member (1 year),,不明,,,6,230,0,2026-09-13 20:01,2026-10-03 22:02,,,https://www.youtube.com/channel/UCFf5hMOv5xFlB5PREWIG0lg
UCZPJfAk-XTnbbgUZ5RoVg6Q,@kohakuto-rc3,12,1年,Member (1 year),,不明,,,6,52,1,2026-09-13 20:01,2026-10-05 15:47,,,https://www.youtube.com/channel/UCZPJfAk-XTnbbgUZ5RoVg6Q
UCABBeXA60q2J2yWIigySk6g,@ぬ-b5g,12,1年,Member (1 year),,不明,,,6,66,0,2026-09-13 20:01,2026-10-09 17:45,,,https://www.youtube.com/channel/UCABBeXA60q2J2yWIigySk6g
UCIjMSIn_QFrZdDRXO-wGOBQ,@ハルキ-k5p,12,1年,Member (1 year),,不明,,,6,17,0,2026-09-13 20:01,2026-10-09 17:45,,,https://www.youtube.com/channel/UCIjMSIn_QFrZdDRXO-wGOBQ
UCQUBQALUZIZvYzayWK9XT4A,@むらさき-picoudon,12,1年,Member (1 year),,不明,,,6,96,0,2026-09-13 20:01,2026-10-09 17:45,,,https://www.youtube.com/channel/UCQUBQALUZIZvYzayWK9XT4A
UCR6lqCq9Ofl6Vtbc8zEyUPw,@diclowholy8357,12,1年,Member (1 year),,不明,,,6,38,0,2026-09-13 20:01,2026-10-09 17:45,,,https://www.youtube.com/channel/UCR6lqCq9Ofl6Vtbc8zEyUPw
UCvC1GcvmyuDccf538DQCX6Q,@みとゆな,12,1年,Member (1 year),,不明,,,6,25,0,2026-09-16 21:01,2026-10-09 17:45,,,https://www.youtube.com/channel/UCvC1GcvmyuDccf538DQCX6Q
UCEWw2kNyCfAgG1C6Modaq4Q,@かるぱっちょ_O12,12,1年,Member (1 year),,不明,,,6,15,0,2026-09-22 20:02,2026-10-09 17:45,,,https://www.youtube.com/channel/UCEWw2kNyCfAgG1C6Modaq4Q
UCRRnz5w3aiZsL-mTfk1E0Qg,@まる.8121,12,1年,Member (1 year),,不明,,,5,17,0,2026-09-12 21:35,2026-09-24 14:36,,,https://www.youtube.com/channel/UCRRnz5w3aiZsL-mTfk1E0Qg
UCcuxJ4JrwCjjTUzlFe5A7Lg,@はちまんティッキー,12,1年,Member (1 year),,不明,,,5,272,1,2026-09-12 21:35,2026-10-03 16:10,,,https://www.youtube.com/channel/UCcuxJ4JrwCjjTUzlFe5A7Lg
UCq3Dnnqevo1CSmiLArjhDXg,@s_じゃがころもち,12,1年,Member (1 year),,不明,,,5,72,0,2026-09-12 21:35,2026-09-24 14:36,,,https://www.youtube.com/channel/UCq3Dnnqevo1CSmiLArjhDXg
UCqu3vkSO4T6SNCYay2Fzr4A,@やどかり1123,12,1年,Member (1 year),,不明,,,5,25,0,2026-09-12 21:35,2026-09-23 21:00,,,https://www.youtube.com/channel/UCqu3vkSO4T6SNCYay2Fzr4A
UCBMVmoZKb0wsMAR7ETCEKyw,@reki5618,12,1年,Member (1 year),,不明,,,5,12,0,2026-09-12 21:35,2026-10-09 17:45,,,https://www.youtube.com/channel/UCBMVmoZKb0wsMAR7ETCEKyw
UCNvg_43kuHsz12RIhIn6i6g,@はるな_UuxuU,12,1年,Member (1 year),,不明,,,5,186,0,2026-09-12 21:35,2026-09-23 21:00,,,https://www.youtube.com/channel/UCNvg_43kuHsz12RIhIn6i6g
UC0wbgk2VonZX3W2gyzZILRw,@宮下君,12,1年,Member (1 year),,不明,,,5,5,0,2026-09-12 21:35,2026-10-09 17:45,,,https://www.youtube.com/channel/UC0wbgk2VonZX3W2gyzZILRw
UC5kRdW0tHhNpTHDTbEWujNw,@なえ_o2,12,1年,Member (1 year),,不明,,,5,108,0,2026-09-12 21:35,2026-10-03 22:02,,,https://www.youtube.com/channel/UC5kRdW0tHhNpTHDTbEWujNw
UCQOP58_A8rZHXIivuUsDacg,@時折しゃべる壁,12,1年,Member (1 year),,不明,,,5,581,5,2026-09-12 21:35,2026-10-09 17:45,,,https://www.youtube.com/channel/UCQOP58_A8rZHXIivuUsDacg
UCyUbO_6sBf5HvBBx2yQrM8g,@ファンタジスタ斉藤,12,1年,Member (1 year),,不明,,,5,70,0,2026-09-12 21:35,2026-10-09 17:45,,,https://www.youtube.com/channel/UCyUbO_6sBf5HvBBx2yQrM8g
UCWlWDfYadTfSemQS_JznuOQ,@fortuna.foruru,12,1年,Member (1 year),,不明,,,5,60,0,2026-09-13 20:01,2026-10-03 22:02,,,https://www.youtube.com/channel/UCWlWDfYadTfSemQS_JznuOQ
UCHMha_tU1b7hoL-Lx6ipxqg,@ほたる-f2s,12,1年,Member (1 year),,不明,,,5,13,0,2026-09-13 20:01,2026-10-05 15:47,,,https://www.youtube.com/channel/UCHMha_tU1b7hoL-Lx6ipxqg
UCHEuLteJn9lBfGWiOUdElXg,@49ret,12,1年,Member (1 year),,不明,,,5,26,0,2026-09-13 20:01,2026-09-23 21:00,,,https://www.youtube.com/channel/UCHEuLteJn9lBfGWiOUdElXg
UC4fr2H3tbj2tv_NwHi6-h4g,@種無しぶどう,12,1年,Member (1 year),,不明,,,5,13,0,2026-09-13 20:01,2026-09-26 19:06,,,https://www.youtube.com/channel/UC4fr2H3tbj2tv_NwHi6-h4g
UCDPIBksBVck43p79wq887yw,@totaro5942,12,1年,Member (1 year),,不明,,,5,7,0,2026-09-13 20:01,2026-10-09 17:45,,,https://www.youtube.com/channel/UCDPIBksBVck43p79wq887yw
UC0I6cd68CsnEHMASldpYH-Q,@rusk_gamemix,12,1年,Member (1 year),,不明,,,5,39,0,2026-09-16 21:01,2026-10-03 22:02,,,https://www.youtube.com/channel/UC0I6cd68CsnEHMASldpYH-Q
UC54WH_wMAsWv1rcsW1BMVdg,@しろぱん-m1u5e,12,1年,Member (1 year),,不明,,,5,17,0,2026-09-19 16:47,2026-10-03 16:10,,,https://www.youtube.com/channel/UC54WH_wMAsWv1rcsW1BMVdg
UCb1HDhBC42jyscmmyVbMfxQ,@nordia37,12,1年,Member (1 year),,不明,,,5,8,0,2026-09-20 22:01,2026-10-09 17:45,,,https://www.youtube.com/channel/UCb1HDhBC42jyscmmyVbMfxQ
UCQASDwLkuDxEMD_CjHplzcQ,@なかゆう_ty,12,1年,Member (1 year),,不明,,,5,213,0,2026-09-21 16:30,2026-10-05 15:47,,,https://www.youtube.com/channel/UCQASDwLkuDxEMD_CjHplzcQ
UCiJ-nsXAo-Sh7qAktHJsxzw,@m_m108,12,1年,Member (1 year),,不明,,,4,4,0,2026-09-12 21:35,2026-10-05 15:47,,,https://www.youtube.com/channel/UCiJ-nsXAo-Sh7qAktHJsxzw
UC5LCOl0dMcVGCUDpf5t7Ivw,@串くし_またはダニエル,12,1年,Member (1 year),,不明,,,4,55,0,2026-09-12 21:35,2026-09-20 22:01,,,https://www.youtube.com/channel/UC5LCOl0dMcVGCUDpf5t7Ivw
UC5xq6EY-sZbS8ff0_6ULTPQ,@ひ_oooc,12,1年,Member (1 year),,不明,,,4,8,0,2026-09-12 21:35,2026-10-03 16:10,,,https://www.youtube.com/channel/UC5xq6EY-sZbS8ff0_6ULTPQ
UCIKAK8RhqGRewz5c-XMyLrQ,@あまがえる-y8v,12,1年,Member (1 year),,不明,,,4,25,0,2026-09-12 21:35,2026-09-23 21:00,,,https://www.youtube.com/channel/UCIKAK8RhqGRewz5c-XMyLrQ
UCppCR5-LSiN17rC-IYyfP7A,@sua_l22l,12,1年,Member (1 year),,不明,,,4,6,1,2026-09-12 21:35,2026-09-26 19:06,,,https://www.youtube.com/channel/UCppCR5-LSiN17rC-IYyfP7A
UC-G3aXlD5GFdSgfjgRBwDjg,@ao2024-w9f,12,1年,Member (1 year),,不明,,,4,22,0,2026-09-12 21:35,2026-10-09 17:45,,,https://www.youtube.com/channel/UC-G3aXlD5GFdSgfjgRBwDjg
UCp6gRwB62RNGFefnjQWYucw,@なぁちゃんS2,12,1年,Member (1 year),,不明,,,4,20,0,2026-09-13 20:01,2026-09-23 21:00,,,https://www.youtube.com/channel/UCp6gRwB62RNGFefnjQWYucw
UCzXSWzJM8OB86vjfTZbimRA,@まりー-m1p,12,1年,Member (1 year),,不明,,,4,64,0,2026-09-13 20:01,2026-10-09 17:45,,,https://www.youtube.com/channel/UCzXSWzJM8OB86vjfTZbimRA
UCDjDfVUgSA5qzPE-8aEDxCA,@nagaruchan,12,1年,Member (1 year),,不明,,,4,4,0,2026-09-13 20:01,2026-10-05 15:47,,,https://www.youtube.com/channel/UCDjDfVUgSA5qzPE-8aEDxCA
UC3Wr5IEbH5mB_7eZrkhmMag,@x_からあげ_x,12,1年,Member (1 year),,不明,,,4,5,0,2026-09-16 21:01,2026-10-09 17:45,,,https://www.youtube.com/channel/UC3Wr5IEbH5mB_7eZrkhmMag
UC4j3cbPGnTa-7iOWEaoSRfw,@qila_キラ,12,1年,Member (1 year),,不明,,,4,8,0,2026-09-16 21:01,2026-09-26 19:06,,,https://www.youtube.com/channel/UC4j3cbPGnTa-7iOWEaoSRfw
UC32CP8Yl5MNrffYz1vFwybw,@なべちゃんこ-l6l,12,1年,Member (1 year),,不明,,,4,7,0,2026-09-16 21:01,2026-09-23 21:00,,,https://www.youtube.com/channel/UC32CP8Yl5MNrffYz1vFwybw
UCnlS4MKCYzQ348WxCeqS4BQ,@あおと-w5x,12,1年,Member (1 year),,不明,,,4,9,0,2026-09-16 21:01,2026-10-09 17:45,,,https://www.youtube.com/channel/UCnlS4MKCYzQ348WxCeqS4BQ
UCwprTpyrLyBIahrQcDN_HJA,@kajiki_octopuseeer,12,1年,Member (1 year),,不明,,,4,6,0,2026-09-19 16:47,2026-10-05 15:47,,,https://www.youtube.com/channel/UCwprTpyrLyBIahrQcDN_HJA
UCB0yJY2mL0lLaKz0QJRGwUg,@コメダ_p11,12,1年,Member (1 year),,不明,,,4,48,0,2026-09-19 16:47,2026-10-09 17:45,,,https://www.youtube.com/channel/UCB0yJY2mL0lLaKz0QJRGwUg
UCfeil8YALsXnF0kjEBJcNxQ,@monena-h6o,12,1年,Member (1 year),,不明,,,4,8,0,2026-09-20 22:01,2026-10-09 17:45,,,https://www.youtube.com/channel/UCfeil8YALsXnF0kjEBJcNxQ
UC6FISUxr02m41XLZlMghpyg,@cheeze_24,12,1年,Member (1 year),,不明,,,4,10,0,2026-09-20 22:01,2026-10-09 17:45,,,https://www.youtube.com/channel/UC6FISUxr02m41XLZlMghpyg
UCbQdYtuTqxcNN6yznuKEhRw,@しい.carbon_cha,12,1年,Member (1 year),,不明,,,4,14,0,2026-09-21 16:30,2026-10-09 17:45,,,https://www.youtube.com/channel/UCbQdYtuTqxcNN6yznuKEhRw
UCIHwX94zuKIIvnzZA23tqww,@いれあ12,12,1年,Member (1 year),,不明,,,4,0,0,2026-09-21 16:30,2026-09-26 19:06,,,https://www.youtube.com/channel/UCIHwX94zuKIIvnzZA23tqww
UCPcWMyhkAaRtM1Xjnzn9SKw,@あちゃん_25,12,1年,Member (1 year),,不明,,,4,16,1,2026-09-24 14:36,2026-10-09 17:45,,,https://www.youtube.com/channel/UCPcWMyhkAaRtM1Xjnzn9SKw
UChVbK9Y0btB1iv8svfFqCgg,@あいぷーー,12,1年,Member (1 year),,不明,,,3,9,0,2026-09-12 21:35,2026-10-09 17:45,,,https://www.youtube.com/channel/UChVbK9Y0btB1iv8svfFqCgg
UC5X9BJCVtIseQvqSuxr9ZRA,@ジョン.S,12,1年,Member (1 year),,不明,,,3,11,0,2026-09-12 21:35,2026-09-20 22:01,,,https://www.youtube.com/channel/UC5X9BJCVtIseQvqSuxr9ZRA
UCnkT221tPKstFV2kz7MExrA,@みづき-mzk,12,1年,Member (1 year),,不明,,,3,15,0,2026-09-12 21:35,2026-09-19 16:47,,,https://www.youtube.com/channel/UCnkT221tPKstFV2kz7MExrA
UC_86JSTHAQ87yo0cK2LyNHQ,@myasech.0623,12,1年,Member (1 year),,不明,,,3,5,0,2026-09-12 21:35,2026-10-03 16:10,,,https://www.youtube.com/channel/UC_86JSTHAQ87yo0cK2LyNHQ
UC1r4I6ZNvaPgt-parvDGYeQ,@酒の精,12,1年,Member (1 year),,不明,,,3,4,0,2026-09-12 21:35,2026-10-09 17:45,,,https://www.youtube.com/channel/UC1r4I6ZNvaPgt-parvDGYeQ
UCWsq3r8diJ5clmFSLbDZ-bQ,@みのりooo,12,1年,Member (1 year),,不明,,,3,39,0,2026-09-12 21:35,2026-09-24 14:36,,,https://www.youtube.com/channel/UCWsq3r8diJ5clmFSLbDZ-bQ
UCu4DKKgRpPTkY5DyT_oWeWQ,@クロワッさん08,12,1年,Member (1 year),,不明,,,3,47,0,2026-09-12 21:35,2026-09-20 22:01,,,https://www.youtube.com/channel/UCu4DKKgRpPTkY5DyT_oWeWQ
UC0mCbpSarG9odN60nbGYNjQ,@みんとまく,12,1年,Member (1 year),,不明,,,3,26,0,2026-09-12 21:35,2026-09-20 22:01,,,https://www.youtube.com/channel/UC0mCbpSarG9odN60nbGYNjQ
UCEc1keGCj6poAmc-Em8QYwg,@ゆーなo3o1,12,1年,Member (1 year),,不明,,,3,7,0,2026-09-12 21:35,2026-09-26 19:06,,,https://www.youtube.com/channel/UCEc1keGCj6poAmc-Em8QYwg
UCb2UMw2bDQIqz9cp0jHpbRA,@ゆきな_maso_21,12,1年,Member (1 year),,不明,,,3,20,0,2026-09-13 20:01,2026-09-23 21:00,,,https://www.youtube.com/channel/UCb2UMw2bDQIqz9cp0jHpbRA
UCrE4ARw3R7sGeWSok8FF4cg,@ましゅまろろん-c3w,12,1年,Member (1 year),,不明,,,3,19,0,2026-09-13 20:01,2026-09-19 16:47,,,https://www.youtube.com/channel/UCrE4ARw3R7sGeWSok8FF4cg
UCZbIojBVOz7pPrjYjr-vTpQ,@みみみ-v2r,12,1年,Member (1 year),,不明,,,3,4,0,2026-09-13 20:01,2026-09-20 22:01,,,https://www.youtube.com/channel/UCZbIojBVOz7pPrjYjr-vTpQ
UCq9RmmYpD4Bbpb8cab7Fa_Q,@Lisa-sp6il,12,1年,Member (1 year),,不明,,,3,37,0,2026-09-13 20:01,2026-09-23 21:00,,,https://www.youtube.com/channel/UCq9RmmYpD4Bbpb8cab7Fa_Q
UCDz5wnlRsu3yYefIAvV7puQ,@あきさめ-t8c,12,1年,Member (1 year),,不明,,,3,3,0,2026-09-13 20:01,2026-09-23 21:00,,,https://www.youtube.com/channel/UCDz5wnlRsu3yYefIAvV7puQ
UCG8C-99ixjrKuC9kvWLw8jA,@rex-vl.t,12,1年,Member (1 year),,不明,,,3,7,1,2026-09-16 21:01,2026-10-03 22:02,,,https://www.youtube.com/channel/UCG8C-99ixjrKuC9kvWLw8jA
UCzpvbz3he2doVMzUXzx63vg,@ちよこ-q1n,12,1年,Member (1 year),,不明,,,3,8,0,2026-09-16 21:01,2026-09-23 21:00,,,https://www.youtube.com/channel/UCzpvbz3he2doVMzUXzx63vg
UCK5FzxyKLF8Ju3lhSyCmhig,@mana___sz,12,1年,Member (1 year),,不明,,,3,6,0,2026-09-16 21:01,2026-10-03 22:02,,,https://www.youtube.com/channel/UCK5FzxyKLF8Ju3lhSyCmhig
UCG7QVh8a8QqUqFM_XljEY-w,@新しきtakahiro_01,12,1年,Member (1 year),,不明,,,3,34,0,2026-09-16 21:01,2026-09-20 22:01,,,https://www.youtube.com/channel/UCG7QVh8a8QqUqFM_XljEY-w
UCu-mPjJ3J5Nu-NEFiehgBJw,@きっくゆっくん,12,1年,Member (1 year),,不明,,,3,31,0,2026-09-19 16:47,2026-09-23 21:00,,,https://www.youtube.com/channel/UCu-mPjJ3J5Nu-NEFiehgBJw
UCSFvKEW6i3VVzDok0Ur13EA,@ささやか-s0816,12,1年,Member (1 year),,不明,,,3,7,0,2026-09-19 16:47,2026-10-05 15:47,,,https://www.youtube.com/channel/UCSFvKEW6i3VVzDok0Ur13EA
UCW_ongSYvG83HkuTXSUJbsQ,@Rico-りこ,12,1年,Member (1 year),,不明,,,3,7,0,2026-09-19 16:47,2026-10-09 17:45,,,https://www.youtube.com/channel/UCW_ongSYvG83HkuTXSUJbsQ
UC3FN4Z41NfdOmew8nQd7qUA,@サ-drp,12,1年,Member (1 year),,不明,,,3,39,0,2026-09-19 16:47,2026-10-09 17:45,,,https://www.youtube.com/channel/UC3FN4Z41NfdOmew8nQd7qUA
UCU4cm0kNY0Uq_Uh-dnAibMQ,@ゆいな_0bn,12,1年,Member (1 year),,不明,,,3,3,0,2026-09-21 16:30,2026-10-09 17:45,,,https://www.youtube.com/channel/UCU4cm0kNY0Uq_Uh-dnAibMQ
UCKS8IHP2_vpFHa2CJeb_ssw,@hanna_21s2,12,1年,Member (1 year),,不明,,,3,29,0,2026-09-22 20:02,2026-09-24 14:36,,,https://www.youtube.com/channel/UCKS8IHP2_vpFHa2CJeb_ssw
UC-VbH3tqMpWWZnXhykMGKTg,@harashi000,12,1年,Member (1 year),,不明,,,3,3,0,2026-09-23 21:00,2026-10-09 17:45,,,https://www.youtube.com/channel/UC-VbH3tqMpWWZnXhykMGKTg
UCU_EDZXomqtGI8cLQ572d0w,@mochi_iri_kinchaku,12,1年,Member (1 year),,不明,,,3,9,0,2026-09-26 19:06,2026-10-09 17:45,,,https://www.youtube.com/channel/UCU_EDZXomqtGI8cLQ572d0w
UCgLO5PHxCoFV5gNur4grX7g,@みさな_m,12,1年,Member (1 year),,不明,,,3,28,0,2026-09-26 19:06,2026-10-09 17:45,,,https://www.youtube.com/channel/UCgLO5PHxCoFV5gNur4grX7g
UCQw17ozYgBmpbEJTZImsF0w,@ちゃこちぃ_c8,12,1年,Member (1 year),,不明,,,2,2,0,2026-09-12 21:35,2026-09-19 16:47,,,https://www.youtube.com/channel/UCQw17ozYgBmpbEJTZImsF0w
UCbRaCah275JW_qR5HnvssOA,@ois_afRami,12,1年,Member (1 year),,不明,,,2,52,0,2026-09-12 21:35,2026-09-20 22:01,,,https://www.youtube.com/channel/UCbRaCah275JW_qR5HnvssOA
UCUoq-xSfr_4kpaca6v9lkig,@lnna-n1209,12,1年,Member (1 year),,不明,,,2,58,0,2026-09-12 21:35,2026-09-22 20:02,,,https://www.youtube.com/channel/UCUoq-xSfr_4kpaca6v9lkig
UCCxFQ4N2F65BJkeQxT_KDcw,@文旦1220,12,1年,Member (1 year),,不明,,,2,177,0,2026-09-12 21:35,2026-09-20 22:01,,,https://www.youtube.com/channel/UCCxFQ4N2F65BJkeQxT_KDcw
UCltXhwZW5ytPMXqA01qoIBQ,@myb_みやび,12,1年,Member (1 year),,不明,,,2,4,0,2026-09-12 21:35,2026-10-03 22:02,,,https://www.youtube.com/channel/UCltXhwZW5ytPMXqA01qoIBQ
UCDaXi3HKnWKYGFfzuiIw40g,@sayuki_18,12,1年,Member (1 year),,不明,,,2,4,0,2026-09-12 21:35,2026-09-23 21:00,,,https://www.youtube.com/channel/UCDaXi3HKnWKYGFfzuiIw40g
UC2omaOQMraqPHcWkg5BtrdQ,@Aoi_cty,12,1年,Member (1 year),,不明,,,2,48,0,2026-09-12 21:35,2026-09-19 16:47,,,https://www.youtube.com/channel/UC2omaOQMraqPHcWkg5BtrdQ
UC-EdZ-lGKjAxiXhmIP_7q8g,@あいい-v8s,12,1年,Member (1 year),,不明,,,2,2,0,2026-09-12 21:35,2026-09-23 21:00,,,https://www.youtube.com/channel/UC-EdZ-lGKjAxiXhmIP_7q8g
UC4VP1-YvGNacThu9B_E9fRg,@りーの-x8o,12,1年,Member (1 year),,不明,,,2,5,0,2026-09-12 21:35,2026-09-23 21:00,,,https://www.youtube.com/channel/UC4VP1-YvGNacThu9B_E9fRg
UCtRmDo9aReX8u4Ea66Nyf4w,@mei_see,12,1年,Member (1 year),,不明,,,2,8,0,2026-09-12 21:35,2026-09-26 19:06,,,https://www.youtube.com/channel/UCtRmDo9aReX8u4Ea66Nyf4w
UCuTENRgg1kjKdEaYwiN3jfg,@bousi_jg,12,1年,Member (1 year),,不明,,,2,2,0,2026-09-12 21:35,2026-09-20 22:01,,,https://www.youtube.com/channel/UCuTENRgg1kjKdEaYwiN3jfg
UCzjVVzVFtOj0S_ZIL76rRhA,@まりも-san3,12,1年,Member (1 year),,不明,,,2,5,0,2026-09-12 21:35,2026-09-19 16:47,,,https://www.youtube.com/channel/UCzjVVzVFtOj0S_ZIL76rRhA
UCbnGR9jccme4HGvuzqWVfTA,@トキトーキ,12,1年,Member (1 year),,不明,,,2,5,0,2026-09-12 21:35,2026-09-22 20:02,,,https://www.youtube.com/channel/UCbnGR9jccme4HGvuzqWVfTA
UCpnDJdASf5lBK68lCf7Lcbg,@きゅーかんばーv7i,12,1年,Member (1 year),,不明,,,2,4,0,2026-09-13 20:01,2026-09-20 22:01,,,https://www.youtube.com/channel/UCpnDJdASf5lBK68lCf7Lcbg
UCvDNnYjjmrZ7pBP2FUGoQfw,@にゃあ_nya-h7s,12,1年,Member (1 year),,不明,,,2,2,0,2026-09-13 20:01,2026-09-23 21:00,,,https://www.youtube.com/channel/UCvDNnYjjmrZ7pBP2FUGoQfw
UCMtRnvLEUeMkZl-pdMjjcxA,@Nettaiya_705,12,1年,Member (1 year),,不明,,,2,3,0,2026-09-13 20:01,2026-09-22 20:02,,,https://www.youtube.com/channel/UCMtRnvLEUeMkZl-pdMjjcxA
UCdGxDmbB_XyDhDsf4ewcabg,@ぱにょーる,12,1年,Member (1 year),,不明,,,2,2,0,2026-09-13 20:01,2026-10-03 22:02,,,https://www.youtube.com/channel/UCdGxDmbB_XyDhDsf4ewcabg
UCoz6Q18CCYKy7rpkoxyqVsQ,@もとこ-m6y,12,1年,Member (1 year),,不明,,,2,2,0,2026-09-13 20:01,2026-09-22 20:02,,,https://www.youtube.com/channel/UCoz6Q18CCYKy7rpkoxyqVsQ
UCLa9efuJXKs_OdRnhS28x1w,@なご-k5c,12,1年,Member (1 year),,不明,,,2,31,0,2026-09-13 20:01,2026-10-09 17:45,,,https://www.youtube.com/channel/UCLa9efuJXKs_OdRnhS28x1w
UCA4tis6pf9yKJ8bAWcvhqrg,@sanjou_ryou,12,1年,Member (1 year),,不明,,,2,7,0,2026-09-13 20:01,2026-09-20 22:01,,,https://www.youtube.com/channel/UCA4tis6pf9yKJ8bAWcvhqrg
UCjHh7ZAiXY9HLsyFhjdvh1w,@user-dq7tu8oc7o,12,1年,Member (1 year),,不明,,,2,9,0,2026-09-13 20:01,2026-10-03 16:10,,,https://www.youtube.com/channel/UCjHh7ZAiXY9HLsyFhjdvh1w
UCQLBG_EDKdPpqkf88flPFVg,@おやじ-o9i,12,1年,Member (1 year),,不明,,,2,6,0,2026-09-16 21:01,2026-10-09 17:45,,,https://www.youtube.com/channel/UCQLBG_EDKdPpqkf88flPFVg
UCzeek8tp5UPphPM6qZRqVrA,@TTDK-w5j,12,1年,Member (1 year),,不明,,,2,3,0,2026-09-16 21:01,2026-10-03 22:02,,,https://www.youtube.com/channel/UCzeek8tp5UPphPM6qZRqVrA
UCyhXI_9z98OKMNTYfxVPdkA,@れもん-Tea,12,1年,Member (1 year),,不明,,,2,2,0,2026-09-19 16:47,2026-09-23 21:00,,,https://www.youtube.com/channel/UCyhXI_9z98OKMNTYfxVPdkA
UCK2gp-o5kxbg0xx6KiiSi3w,@蒼-v7f,12,1年,Member (1 year),,不明,,,2,18,0,2026-09-19 16:47,2026-09-20 22:01,,,https://www.youtube.com/channel/UCK2gp-o5kxbg0xx6KiiSi3w
UC7Xn3kYUOP8v1i_QMvsvRRg,@レイ_Rei2,12,1年,Member (1 year),,不明,,,2,11,0,2026-09-19 16:47,2026-09-20 22:01,,,https://www.youtube.com/channel/UC7Xn3kYUOP8v1i_QMvsvRRg
UChCRyg0WAYBzVl-Bau6QVCQ,@ゆう-c9f21,12,1年,Member (1 year),,不明,,,2,5,0,2026-09-19 16:47,2026-09-21 16:30,,,https://www.youtube.com/channel/UChCRyg0WAYBzVl-Bau6QVCQ
UCcxj7b8DLjukDCPilroH1bA,@もんすけ-i2s,12,1年,Member (1 year),,不明,,,2,3,0,2026-09-19 16:47,2026-09-21 16:30,,,https://www.youtube.com/channel/UCcxj7b8DLjukDCPilroH1bA
UCIH_0m2keusydottTfI0NMw,@まんぼぅ08,12,1年,Member (1 year),,不明,,,2,3,0,2026-09-19 16:47,2026-09-23 21:00,,,https://www.youtube.com/channel/UCIH_0m2keusydottTfI0NMw
UCl68q4aTepj097SPn7m9BNw,@ふて-1003,12,1年,Member (1 year),,不明,,,2,3,0,2026-09-19 16:47,2026-09-26 19:06,,,https://www.youtube.com/channel/UCl68q4aTepj097SPn7m9BNw
UC23BZKrNZWUygEBPRlnWBRw,@しろくま-d4r,12,1年,Member (1 year),,不明,,,2,18,0,2026-09-19 16:47,2026-10-09 17:45,,,https://www.youtube.com/channel/UC23BZKrNZWUygEBPRlnWBRw
UCrMd1BdIO1SgV6qC_SGNCng,@いぬすき-krr,12,1年,Member (1 year),,不明,,,2,2,0,2026-09-19 16:47,2026-09-21 16:30,,,https://www.youtube.com/channel/UCrMd1BdIO1SgV6qC_SGNCng
UCFF5q8_f1YiieQ8XpdhTTxw,@さくpi,12,1年,Member (1 year),,不明,,,2,7,0,2026-09-19 16:47,2026-09-23 21:00,,,https://www.youtube.com/channel/UCFF5q8_f1YiieQ8XpdhTTxw
UCEH3cuTXaFkQd-RDcJnwZgw,@penguin_nok1221,12,1年,Member (1 year),,不明,,,2,2,0,2026-09-20 22:01,2026-10-03 22:02,,,https://www.youtube.com/channel/UCEH3cuTXaFkQd-RDcJnwZgw
UC6DBg1NTEJJ-SpN0f6H2Sew,@suimi-すいみー,12,1年,Member (1 year),,不明,,,2,5,0,2026-09-20 22:01,2026-10-09 17:45,,,https://www.youtube.com/channel/UC6DBg1NTEJJ-SpN0f6H2Sew
UCzIBnkX-AUF_6TH_A8oSpaQ,@太宰れぇす,12,1年,Member (1 year),,不明,,,2,12,0,2026-09-20 22:01,2026-09-22 20:02,,,https://www.youtube.com/channel/UCzIBnkX-AUF_6TH_A8oSpaQ
UCg1-3OEeZ5yZvenrKg1GtaQ,@毬藻73,12,1年,Member (1 year),,不明,,,2,2,0,2026-09-20 22:01,2026-09-24 14:36,,,https://www.youtube.com/channel/UCg1-3OEeZ5yZvenrKg1GtaQ
UCH71Ii0bpCrunhX8RCSoj_Q,@Kuzyo_x,12,1年,Member (1 year),,不明,,,2,4,0,2026-09-22 20:02,2026-10-05 15:47,,,https://www.youtube.com/channel/UCH71Ii0bpCrunhX8RCSoj_Q
UC6R9LlRygTztqEaNkizZisQ,@咲樹いりあ_sk213,12,1年,Member (1 year),,不明,,,2,6,0,2026-09-23 21:00,2026-10-09 17:45,,,https://www.youtube.com/channel/UC6R9LlRygTztqEaNkizZisQ
UCOAA_DEjj1Ae7u8HMfAOMnw,@ぐり_ilili,12,1年,Member (1 year),,不明,,,2,3,0,2026-09-23 21:00,2026-10-09 17:45,,,https://www.youtube.com/channel/UCOAA_DEjj1Ae7u8HMfAOMnw
UCyWMeBBkk1HfTkoAuYOHDZg,@余白_489,12,1年,Member (1 year),,不明,,,2,2,0,2026-10-03 16:10,2026-10-05 15:47,,,https://www.youtube.com/channel/UCyWMeBBkk1HfTkoAuYOHDZg
UCZm3F8rVCj2QQsk3h_1xVhQ,@あむ-j1r,12,1年,Member (1 year),,不明,,,2,3,0,2026-10-03 22:02,2026-10-09 17:45,,,https://www.youtube.com/channel/UCZm3F8rVCj2QQsk3h_1xVhQ
UCKbAvyASpRerkEgtFTNZh4Q,@さわ-p6y4j,12,1年,Member (1 year),,不明,,,2,3,0,2026-10-03 22:02,2026-10-09 17:45,,,https://www.youtube.com/channel/UCKbAvyASpRerkEgtFTNZh4Q
UC2VOTpXZrIZzcNIjaDBJqog,@shoumc116,12,1年,Member (1 year),,不明,,,2,139,0,2026-10-03 22:02,2026-10-09 17:45,,,https://www.youtube.com/channel/UC2VOTpXZrIZzcNIjaDBJqog
UCl8ybTcVwnVi4PIIXwAWmhg,@まいごこずえ,12,1年,Member (1 year),,不明,,,1,4,0,2026-09-12 21:35,2026-09-12 21:35,,,https://www.youtube.com/channel/UCl8ybTcVwnVi4PIIXwAWmhg
UCPCYJiI9t5VBbVdViha6Tpg,@みかんじゅーす-s4s,12,1年,Member (1 year),,不明,,,1,1,0,2026-09-12 21:35,2026-09-12 21:35,,,https://www.youtube.com/channel/UCPCYJiI9t5VBbVdViha6Tpg
UCgSKEWPI40BOZjmcy-FzAwg,@りり_19310,12,1年,Member (1 year),,不明,,,1,13,0,2026-09-12 21:35,2026-09-12 21:35,,,https://www.youtube.com/channel/UCgSKEWPI40BOZjmcy-FzAwg
UCkWTYiETJCw2bWtZ8pHurZg,@ぽっけ-f1c,12,1年,Member (1 year),,不明,,,1,9,0,2026-09-12 21:35,2026-09-12 21:35,,,https://www.youtube.com/channel/UCkWTYiETJCw2bWtZ8pHurZg
UCJEbjRlPahHxU1RtDyZX9zg,@sakisaki__l,12,1年,Member (1 year),,不明,,,1,1,0,2026-09-12 21:35,2026-09-12 21:35,,,https://www.youtube.com/channel/UCJEbjRlPahHxU1RtDyZX9zg
UCcoLW_x9lof4VE-PoLUdtbQ,@藤紫-ssr,12,1年,Member (1 year),,不明,,,1,15,0,2026-09-12 21:35,2026-09-12 21:35,,,https://www.youtube.com/channel/UCcoLW_x9lof4VE-PoLUdtbQ
UCNo8e8Yl1j6pTTYGj0kx65w,@うの花-obb,12,1年,Member (1 year),,不明,,,1,1,0,2026-09-12 21:35,2026-09-12 21:35,,,https://www.youtube.com/channel/UCNo8e8Yl1j6pTTYGj0kx65w
UCelGx_6zc7MDK0tTns3bptg,@hydrangea_skrmc,12,1年,Member (1 year),,不明,,,1,4,0,2026-09-12 21:35,2026-09-12 21:35,,,https://www.youtube.com/channel/UCelGx_6zc7MDK0tTns3bptg
UCxxyWVJ1L4zI2q8tpNJh7lQ,@すあま_ich1g0,12,1年,Member (1 year),,不明,,,1,32,0,2026-09-12 21:35,2026-09-12 21:35,,,https://www.youtube.com/channel/UCxxyWVJ1L4zI2q8tpNJh7lQ
UCu6UQmfEuTp9Wecu4bDBONg,@ramune10,12,1年,Member (1 year),,不明,,,1,8,0,2026-09-12 21:35,2026-09-12 21:35,,,https://www.youtube.com/channel/UCu6UQmfEuTp9Wecu4bDBONg
UClJQCnegsHit5yd-KZWdbAg,@もゆひさ,12,1年,Member (1 year),,不明,,,1,1,0,2026-09-12 21:35,2026-09-12 21:35,,,https://www.youtube.com/channel/UClJQCnegsHit5yd-KZWdbAg
UCGAHwIkH6gJsRtrCrE_7GGw,@user-arisa737,12,1年,Member (1 year),,不明,,,1,21,1,2026-09-13 20:01,2026-09-13 20:01,,,https://www.youtube.com/channel/UCGAHwIkH6gJsRtrCrE_7GGw
UC6UrQeRXuDpNDCG5Ty1iEhQ,@さちゃん-69,12,1年,Member (1 year),,不明,,,1,1,0,2026-09-13 20:01,2026-09-13 20:01,,,https://www.youtube.com/channel/UC6UrQeRXuDpNDCG5Ty1iEhQ
UCc3oW5PPaEWKidR8cFxx0hA,@柊ユキナ,12,1年,Member (1 year),,不明,,,1,44,0,2026-09-13 20:01,2026-09-13 20:01,,,https://www.youtube.com/channel/UCc3oW5PPaEWKidR8cFxx0hA
UCDed_fQie10O6L2d7Tkoqxg,@シモン-q3i,12,1年,Member (1 year),,不明,,,1,2,0,2026-09-13 20:01,2026-09-13 20:01,,,https://www.youtube.com/channel/UCDed_fQie10O6L2d7Tkoqxg
UChXox7X6Wiiq31I6OKSMorw,@u._.uぴぴ,12,1年,Member (1 year),,不明,,,1,3,0,2026-09-13 20:01,2026-09-13 20:01,,,https://www.youtube.com/channel/UChXox7X6Wiiq31I6OKSMorw
UCTL8ux6uC-Sjcy_9OgqBEjg,@ぽちゃ-r6c,12,1年,Member (1 year),,不明,,,1,3,0,2026-09-13 20:01,2026-09-13 20:01,,,https://www.youtube.com/channel/UCTL8ux6uC-Sjcy_9OgqBEjg
UC9xqMrax5TxGNxwHtTls_9Q,@桜井美咲3,12,1年,Member (1 year),,不明,,,1,1,0,2026-09-16 21:01,2026-09-16 21:01,,,https://www.youtube.com/channel/UC9xqMrax5TxGNxwHtTls_9Q
UCosztpISFvPcxBjKISovrSg,@七苺-715,12,1年,Member (1 year),,不明,,,1,1,0,2026-09-16 21:01,2026-09-16 21:01,,,https://www.youtube.com/channel/UCosztpISFvPcxBjKISovrSg
UCvSAwlNAhqpUMzhmY0P6O4g,@ぴよょてゃ,12,1年,Member (1 year),,不明,,,1,1,0,2026-09-16 21:01,2026-09-16 21:01,,,https://www.youtube.com/channel/UCvSAwlNAhqpUMzhmY0P6O4g
UCve1nvfew1klzjMAaQ6qrdg,@しぇり_ssd,12,1年,Member (1 year),,不明,,,1,1,1,2026-09-16 21:01,2026-09-16 21:01,,,https://www.youtube.com/channel/UCve1nvfew1klzjMAaQ6qrdg
UCuyJ6REhRdcmaUqbcN6O-Gw,@にゃんち_塩分,12,1年,Member (1 year),,不明,,,1,1,0,2026-09-16 21:01,2026-09-16 21:01,,,https://www.youtube.com/channel/UCuyJ6REhRdcmaUqbcN6O-Gw
UCDzLQZXz1P9VzrF6cnYj3lg,@リササ,12,1年,Member (1 year),,不明,,,1,1,0,2026-09-16 21:01,2026-09-16 21:01,,,https://www.youtube.com/channel/UCDzLQZXz1P9VzrF6cnYj3lg
UCDy0dHT-c6k8CF0iyJuZGjg,@んがが_んが,12,1年,Member (1 year),,不明,,,1,1,0,2026-09-19 16:47,2026-09-19 16:47,,,https://www.youtube.com/channel/UCDy0dHT-c6k8CF0iyJuZGjg
UCEooxSl1x7UhIkoGsO7sL0g,@ねあせさらさ,12,1年,Member (1 year),,不明,,,1,1,0,2026-09-19 16:47,2026-09-19 16:47,,,https://www.youtube.com/channel/UCEooxSl1x7UhIkoGsO7sL0g
UCi_LUFxKEk-YlOvGdla0hMA,@bizibizi01,12,1年,Member (1 year),,不明,,,1,1,0,2026-09-19 16:47,2026-09-19 16:47,,,https://www.youtube.com/channel/UCi_LUFxKEk-YlOvGdla0hMA
UCbT2Ep116-Qzn_DTaBPGTHg,@Temariテマリ,12,1年,Member (1 year),,不明,,,1,4,0,2026-09-19 16:47,2026-09-19 16:47,,,https://www.youtube.com/channel/UCbT2Ep116-Qzn_DTaBPGTHg
UC3_t1cuMq5TPadauEdYfNSg,@ふじっこのお豆,12,1年,Member (1 year),,不明,,,1,29,0,2026-09-19 16:47,2026-09-19 16:47,,,https://www.youtube.com/channel/UC3_t1cuMq5TPadauEdYfNSg
UCrB-VTvmCMIlZ2SdA8C0frA,@watao_crew,12,1年,Member (1 year),,不明,,,1,1,0,2026-09-19 16:47,2026-09-19 16:47,,,https://www.youtube.com/channel/UCrB-VTvmCMIlZ2SdA8C0frA
UChOCZMukdGeoSc6df2SZiwQ,@シウン-4,12,1年,Member (1 year),,不明,,,1,1,0,2026-09-19 16:47,2026-09-19 16:47,,,https://www.youtube.com/channel/UChOCZMukdGeoSc6df2SZiwQ
UC73S4wPRX-JetqIQYwULoJw,@カメリ-j5o,12,1年,Member (1 year),,不明,,,1,1,0,2026-09-19 16:47,2026-09-19 16:47,,,https://www.youtube.com/channel/UC73S4wPRX-JetqIQYwULoJw
UCHaHeNt0mBd8VrrZR9TU07g,@となりのメロンパン,12,1年,Member (1 year),,不明,,,1,1,0,2026-09-19 16:47,2026-09-19 16:47,,,https://www.youtube.com/channel/UCHaHeNt0mBd8VrrZR9TU07g
UCxFQ1wvcxnbv0iy4iUrBXNg,@もりゅぱんた,12,1年,Member (1 year),,不明,,,1,1,0,2026-09-19 16:47,2026-09-19 16:47,,,https://www.youtube.com/channel/UCxFQ1wvcxnbv0iy4iUrBXNg
UCS7ALs1E_eal8fLN8npIl4g,@kazupeso88,12,1年,Member (1 year),,不明,,,1,1,0,2026-09-19 16:47,2026-09-19 16:47,,,https://www.youtube.com/channel/UCS7ALs1E_eal8fLN8npIl4g
UCw7rgdf7qPSwon6eUIZ6dJw,@user-no4rc6ox3j,12,1年,Member (1 year),,不明,,,1,1,0,2026-09-19 16:47,2026-09-19 16:47,,,https://www.youtube.com/channel/UCw7rgdf7qPSwon6eUIZ6dJw
UCBFBnF1W1zdI_4u8AsKmloQ,@優姫-g2s,12,1年,Member (1 year),,不明,,,1,1,0,2026-09-19 16:47,2026-09-19 16:47,,,https://www.youtube.com/channel/UCBFBnF1W1zdI_4u8AsKmloQ
UCU6pMZQyqTDxQym5doPVcTw,@しずく-e12,12,1年,Member (1 year),,不明,,,1,2,0,2026-09-19 16:47,2026-09-19 16:47,,,https://www.youtube.com/channel/UCU6pMZQyqTDxQym5doPVcTw
UCXdth72Qeqiry-4lfWZPquQ,@aruiroi,12,1年,Member (1 year),,不明,,,1,1,0,2026-09-20 22:01,2026-09-20 22:01,,,https://www.youtube.com/channel/UCXdth72Qeqiry-4lfWZPquQ
UCAOA_gQcS-D_CiGJI1rpi0g,@みゃほ_mya.o,12,1年,Member (1 year),,不明,,,1,26,0,2026-09-20 22:01,2026-09-20 22:01,,,https://www.youtube.com/channel/UCAOA_gQcS-D_CiGJI1rpi0g
UCPyrJ8kekEx-6J0NiMQfbFg,@てて_chan,12,1年,Member (1 year),,不明,,,1,5,0,2026-09-20 22:01,2026-09-20 22:01,,,https://www.youtube.com/channel/UCPyrJ8kekEx-6J0NiMQfbFg
UCSmoOamvVF41FitWXBMf5Fg,@ichigo_jing,12,1年,Member (1 year),,不明,,,1,1,0,2026-09-20 22:01,2026-09-20 22:01,,,https://www.youtube.com/channel/UCSmoOamvVF41FitWXBMf5Fg
UC6A8fj945-MXFz8AxvqFT4g,@くぅちゃん_c,12,1年,Member (1 year),,不明,,,1,7,0,2026-09-20 22:01,2026-09-20 22:01,,,https://www.youtube.com/channel/UC6A8fj945-MXFz8AxvqFT4g
UCSkww6UPk24dHF6MgyWP7Ug,@ワシの心が美しくてため息が出る,12,1年,Member (1 year),,不明,,,1,33,0,2026-09-20 22:01,2026-09-20 22:01,,,https://www.youtube.com/channel/UCSkww6UPk24dHF6MgyWP7Ug
UCvi3EY9_kS4pkIfvJvrhs0Q,@わかめ-1010,12,1年,Member (1 year),,不明,,,1,3,0,2026-09-20 22:01,2026-09-20 22:01,,,https://www.youtube.com/channel/UCvi3EY9_kS4pkIfvJvrhs0Q
UCRS6d1Tym9HLkQlYHP0xSVQ,@あお-x5w,12,1年,Member (1 year),,不明,,,1,2,0,2026-09-20 22:01,2026-09-20 22:01,,,https://www.youtube.com/channel/UCRS6d1Tym9HLkQlYHP0xSVQ
UCibwGQPvtik4mmGTevnGHtA,@ゆゆーひ,12,1年,Member (1 year),,不明,,,1,2,0,2026-09-20 22:01,2026-09-20 22:01,,,https://www.youtube.com/channel/UCibwGQPvtik4mmGTevnGHtA
UC7_5sRodGqU8J0XBuq3CnDw,@CartaKatharsis,12,1年,Member (1 year),,不明,,,1,1,0,2026-09-21 16:30,2026-09-21 16:30,,,https://www.youtube.com/channel/UC7_5sRodGqU8J0XBuq3CnDw
UCX9SFfKExn5RwmqAuO-jVQA,@こうkun,12,1年,Member (1 year),,不明,,,1,1,0,2026-09-21 16:30,2026-09-21 16:30,,,https://www.youtube.com/channel/UCX9SFfKExn5RwmqAuO-jVQA
UCN95itqbEMAYCWiI9mm8jDQ,@零桃れいもも,12,1年,Member (1 year),,不明,,,1,1,0,2026-09-22 20:02,2026-09-22 20:02,,,https://www.youtube.com/channel/UCN95itqbEMAYCWiI9mm8jDQ
UCKK4Gr_75X5U-SPa6iS7MQw,@ゆきのじ-u9s,12,1年,Member (1 year),,不明,,,1,6,0,2026-09-22 20:02,2026-09-22 20:02,,,https://www.youtube.com/channel/UCKK4Gr_75X5U-SPa6iS7MQw
UCnSvMTYfxR3aXf2jckDDedg,@おさらだ-sr28,12,1年,Member (1 year),,不明,,,1,1,0,2026-09-22 20:02,2026-09-22 20:02,,,https://www.youtube.com/channel/UCnSvMTYfxR3aXf2jckDDedg
UC4xUlGXh8jT7xBRM87kJayQ,@Mozzarella_oishii,12,1年,Member (1 year),,不明,,,1,1,0,2026-09-22 20:02,2026-09-22 20:02,,,https://www.youtube.com/channel/UC4xUlGXh8jT7xBRM87kJayQ
UC3BfFibR8rH89sxVUGX4ggg,@hana_spsrn,12,1年,Member (1 year),,不明,,,1,1,0,2026-09-23 21:00,2026-09-23 21:00,,,https://www.youtube.com/channel/UC3BfFibR8rH89sxVUGX4ggg
UCLoWj8iA9S9tUNhr3_TcPgw,@yupimaru_21,12,1年,Member (1 year),,不明,,,1,1,0,2026-09-23 21:00,2026-09-23 21:00,,,https://www.youtube.com/channel/UCLoWj8iA9S9tUNhr3_TcPgw
UC76pgevPEmW8TaY1KyDyPOA,@湯時._.yutoki,12,1年,Member (1 year),,不明,,,1,2,0,2026-09-23 21:00,2026-09-23 21:00,,,https://www.youtube.com/channel/UC76pgevPEmW8TaY1KyDyPOA
UCdQwBdzzWbM800s6SpingOA,@momolatte517,12,1年,Member (1 year),,不明,,,1,14,0,2026-09-23 21:00,2026-09-23 21:00,,,https://www.youtube.com/channel/UCdQwBdzzWbM800s6SpingOA
UCNjK55ZcMEsvyq56M-GHYSg,@夏目黎_Rei.N_0321,12,1年,Member (1 year),,不明,,,1,5,0,2026-09-23 21:00,2026-09-23 21:00,,,https://www.youtube.com/channel/UCNjK55ZcMEsvyq56M-GHYSg
UCh5xkELh3s4EkKJN-3VzOwQ,@紗々-さーちゃん,12,1年,Member (1 year),,不明,,,1,5,0,2026-09-23 21:00,2026-09-23 21:00,,,https://www.youtube.com/channel/UCh5xkELh3s4EkKJN-3VzOwQ
UCAdg6mmFBJCMQAOLmIe-xcQ,@あいくま3,12,1年,Member (1 year),,不明,,,1,33,0,2026-09-23 21:00,2026-09-23 21:00,,,https://www.youtube.com/channel/UCAdg6mmFBJCMQAOLmIe-xcQ
UC2tOc68H7PH9a0Gfdf47OAg,@buti-neko,12,1年,Member (1 year),,不明,,,1,1,1,2026-09-23 21:00,2026-09-23 21:00,,,https://www.youtube.com/channel/UC2tOc68H7PH9a0Gfdf47OAg
UCn12LSqH51ApobRX_05uT1w,@ゆっちゃん-xsm,12,1年,Member (1 year),,不明,,,1,2,0,2026-09-23 21:00,2026-09-23 21:00,,,https://www.youtube.com/channel/UCn12LSqH51ApobRX_05uT1w
UCh7QnRbBa97_Ks69LEZR8cQ,@こむっパン,12,1年,Member (1 year),,不明,,,1,4,0,2026-09-23 21:00,2026-09-23 21:00,,,https://www.youtube.com/channel/UCh7QnRbBa97_Ks69LEZR8cQ
UCLzz6LjI9xDSUvV4TxsTEzw,@kisaki_f0x0a,12,1年,Member (1 year),,不明,,,1,4,0,2026-09-23 21:00,2026-09-23 21:00,,,https://www.youtube.com/channel/UCLzz6LjI9xDSUvV4TxsTEzw
UCRg-dGDh9R-xNzmENeI86qQ,@トイレまめつぶ,12,1年,Member (1 year),,不明,,,1,1,0,2026-09-23 21:00,2026-09-23 21:00,,,https://www.youtube.com/channel/UCRg-dGDh9R-xNzmENeI86qQ
UC5AOcR-0vl9_DE3rugbHZWQ,@らん-r4nsm,12,1年,Member (1 year),,不明,,,1,1,0,2026-09-23 21:00,2026-09-23 21:00,,,https://www.youtube.com/channel/UC5AOcR-0vl9_DE3rugbHZWQ
UCUTUMPPBWAcaSUVxC0y8hQw,@ふじしろ-fv,12,1年,Member (1 year),,不明,,,1,1,0,2026-09-23 21:00,2026-09-23 21:00,,,https://www.youtube.com/channel/UCUTUMPPBWAcaSUVxC0y8hQw
UCGtrQ4CVV7V-XQHNemggX-A,@sumeshu-x2n,12,1年,Member (1 year),,不明,,,1,1,0,2026-09-23 21:00,2026-09-23 21:00,,,https://www.youtube.com/channel/UCGtrQ4CVV7V-XQHNemggX-A
UCm6bupckluZlZsNyIoHsqeg,@天音̊̇-k6x,12,1年,Member (1 year),,不明,,,1,1,0,2026-09-23 21:00,2026-09-23 21:00,,,https://www.youtube.com/channel/UCm6bupckluZlZsNyIoHsqeg
UCTPReXPVzmA69jpPfQVYjHA,@チェウォン_8,12,1年,Member (1 year),,不明,,,1,1,0,2026-09-26 19:06,2026-09-26 19:06,,,https://www.youtube.com/channel/UCTPReXPVzmA69jpPfQVYjHA
UCIKfkOmtf5s5aw5n7hmJlBQ,@凛音_Rion_114,12,1年,Member (1 year),,不明,,,1,3,0,2026-10-03 16:10,2026-10-03 16:10,,,https://www.youtube.com/channel/UCIKfkOmtf5s5aw5n7hmJlBQ
UC-iAOple8Zr0VZcwPQ7qLBQ,@kura8382,12,1年,Member (1 year),,不明,,,1,1,0,2026-10-03 16:10,2026-10-03 16:10,,,https://www.youtube.com/channel/UC-iAOple8Zr0VZcwPQ7qLBQ
UC3Du6_X-aCwXoj-cgf0nfiw,@ミシ口_misirorororo,12,1年,Member (1 year),,不明,,,1,1,0,2026-10-03 22:02,2026-10-03 22:02,,,https://www.youtube.com/channel/UC3Du6_X-aCwXoj-cgf0nfiw
UC9so41n5HLredbl3aGc_ZPw,@メビー-h6g,12,1年,Member (1 year),,不明,,,1,2,0,2026-10-03 22:02,2026-10-03 22:02,,,https://www.youtube.com/channel/UC9so41n5HLredbl3aGc_ZPw
UCwcWOMdWnt542MBNucRFCSQ,@711emueai2,12,1年,Member (1 year),,不明,,,1,2,0,2026-10-03 22:02,2026-10-03 22:02,,,https://www.youtube.com/channel/UCwcWOMdWnt542MBNucRFCSQ
UCb_nb-Mpzez1dP37Pr_CwiA,@ゆゆ_y_y_u_u_y,12,1年,Member (1 year),,不明,,,1,1,0,2026-10-05 15:47,2026-10-05 15:47,,,https://www.youtube.com/channel/UCb_nb-Mpzez1dP37Pr_CwiA
UCWC8EPwA-Bw1_vOsQqSZnVQ,@yunyunn_111,12,1年,Member (1 year),,酒寄颯馬のメンバーシップ,再加入/レベル変更,,1,0,0,2026-10-05 15:47,2026-10-05 15:47,,,https://www.youtube.com/channel/UCWC8EPwA-Bw1_vOsQqSZnVQ
UCfA-92fGuiVC0M5cXMRMZgQ,@ヒナセアキ,12,1年,Member (1 year),,不明,,,1,37,0,2026-10-09 17:45,2026-10-09 17:45,,,https://www.youtube.com/channel/UCfA-92fGuiVC0M5cXMRMZgQ
UCJCBuu8Gvq98ADp_us26JbA,@しちくろくじゅー,12,1年,Member (1 year),,不明,,,1,5,0,2026-10-09 17:45,2026-10-09 17:45,,,https://www.youtube.com/channel/UCJCBuu8Gvq98ADp_us26JbA
UCmWa200wAVEVF9lgYnYDPPA,@wkshiroma2106,12,1年,Member (1 year),,不明,,,1,3,0,2026-10-09 17:45,2026-10-09 17:45,,,https://www.youtube.com/channel/UCmWa200wAVEVF9lgYnYDPPA
UCPM5h5ZAbSl6pTCayvzP5-Q,@375ーみなこー,12,1年,Member (1 year),,不明,,,1,121,0,2026-10-09 17:45,2026-10-09 17:45,,,https://www.youtube.com/channel/UCPM5h5ZAbSl6pTCayvzP5-Q
UCqnuG7THv7ojQSigkYQxfPQ,@chichan__,12,1年,Member (1 year),,不明,,,1,1,0,2026-10-09 17:45,2026-10-09 17:45,,,https://www.youtube.com/channel/UCqnuG7THv7ojQSigkYQxfPQ
UCFsdhzmBXkyF7F-BXkw8rTg,@さつきめい-eup,12,1年,Member (1 year),,不明,,,1,2,0,2026-10-09 17:45,2026-10-09 17:45,,,https://www.youtube.com/channel/UCFsdhzmBXkyF7F-BXkw8rTg
UC6cPLWkVdkql1aNRbXqz-cg,@赤月メイ,12,1年,Member (1 year),,不明,,,1,3,0,2026-10-09 17:45,2026-10-09 17:45,,,https://www.youtube.com/channel/UC6cPLWkVdkql1aNRbXqz-cg
UCxtCU-S-XJOgzdppcaOw4RQ,@shimico_chan,12,1年,Member (1 year),,不明,,,1,1,0,2026-10-09 17:45,2026-10-09 17:45,,,https://www.youtube.com/channel/UCxtCU-S-XJOgzdppcaOw4RQ
UC6X-zdNtcNSRuR2Klb40MMg,@じゅん-3n,12,1年,Member (1 year),,不明,,,1,3,0,2026-10-09 17:45,2026-10-09 17:45,,,https://www.youtube.com/channel/UC6X-zdNtcNSRuR2Klb40MMg
UCuudYL25CAC4OYVSYmuMctQ,@Chirin-s7w,12,1年,Member (1 year),,不明,,,1,1,0,2026-10-09 17:45,2026-10-09 17:45,,,https://www.youtube.com/channel/UCuudYL25CAC4OYVSYmuMctQ
UCkg0zpiNf_n7__BQ8AywdVw,@まゆみ_oq,6,6ヶ月,Member (6 months),,不明,,,14,118,0,2026-09-12 21:35,2026-10-09 17:45,,,https://www.youtube.com/channel/UCkg0zpiNf_n7__BQ8AywdVw
UCXyQpfeyKW4bc7H3tUeaBTQ,@ととたろ__22,6,6ヶ月,Member (6 months),,不明,,,13,957,2,2026-09-12 21:35,2026-10-09 17:45,,,https://www.youtube.com/channel/UCXyQpfeyKW4bc7H3tUeaBTQ
UChpqjQZQq4ZYECllcGicL2Q,@はくx,6,6ヶ月,Member (6 months),,不明,,,13,136,0,2026-09-12 21:35,2026-10-09 17:45,,,https://www.youtube.com/channel/UChpqjQZQq4ZYECllcGicL2Q
UCwg6E8d6PpDZf-b9qHfnKmQ,@山で拾った牛タン,6,6ヶ月,Member (6 months),,不明,,,12,315,1,2026-09-12 21:35,2026-10-09 17:45,,,https://www.youtube.com/channel/UCwg6E8d6PpDZf-b9qHfnKmQ
UC4zOMZuQ6rFEvZrPegTMPKg,@御茶おーい,6,6ヶ月,Member (6 months),,不明,,,12,123,0,2026-09-12 21:35,2026-10-09 17:45,,,https://www.youtube.com/channel/UC4zOMZuQ6rFEvZrPegTMPKg
UCgRuYzP48k1ROQEmiJJbG3A,@Rame1231,6,6ヶ月,Member (6 months),,酒寄颯馬のメンバーシップ,再加入/レベル変更,,12,1294,3,2026-09-12 21:35,2026-10-09 17:45,,,https://www.youtube.com/channel/UCgRuYzP48k1ROQEmiJJbG3A
UCG-94QkKGE2-v0k0PrDDLbA,@eeeeee-p7c6j,6,6ヶ月,Member (6 months),,不明,,,11,652,0,2026-09-12 21:35,2026-10-09 17:45,,,https://www.youtube.com/channel/UCG-94QkKGE2-v0k0PrDDLbA
UCIGaDm4ZMEullaRtr8oQ4Ug,@くぅ_Rs,6,6ヶ月,Member (6 months),,不明,,,11,462,0,2026-09-12 21:35,2026-10-09 17:45,,,https://www.youtube.com/channel/UCIGaDm4ZMEullaRtr8oQ4Ug
UCSu_oZy0GmD45eZ7Ytn_ddw,@しほ-shiho,6,6ヶ月,Member (6 months),,不明,,,11,45,0,2026-09-12 21:35,2026-10-05 15:47,,,https://www.youtube.com/channel/UCSu_oZy0GmD45eZ7Ytn_ddw
UCY93fjnFUtNyGn1B_oPUdew,@774ななし3,6,6ヶ月,Member (6 months),,不明,,,10,163,0,2026-09-12 21:35,2026-10-03 16:10,,,https://www.youtube.com/channel/UCY93fjnFUtNyGn1B_oPUdew
UCw7_rXD8G72fDUyWje-331A,@ナエトル-c2y,6,6ヶ月,Member (6 months),,不明,,,9,1155,5,2026-09-12 21:35,2026-10-09 17:45,,,https://www.youtube.com/channel/UCw7_rXD8G72fDUyWje-331A
UC3GfKojdI9nqi-LrQbWj4Bw,@軍曹No9,6,6ヶ月,Member (6 months),,不明,,,9,133,0,2026-09-12 21:35,2026-10-09 17:45,,,https://www.youtube.com/channel/UC3GfKojdI9nqi-LrQbWj4Bw
UCLpNUQ_kSRmrpdd946KNzmQ,@tibimame,6,6ヶ月,Member (6 months),,不明,,,8,137,2,2026-09-12 21:35,2026-09-23 21:00,,,https://www.youtube.com/channel/UCLpNUQ_kSRmrpdd946KNzmQ
UCQY3-i7GXxwHXEMJ0ypnQ2Q,@うちやFs,6,6ヶ月,Member (6 months),,不明,,,8,72,0,2026-09-13 20:01,2026-10-09 17:45,,,https://www.youtube.com/channel/UCQY3-i7GXxwHXEMJ0ypnQ2Q
UC7Sv-8WrW9b1-2lwlCvSzWg,@もも_sa,6,6ヶ月,Member (6 months),,不明,,,8,113,0,2026-09-13 20:01,2026-10-09 17:45,,,https://www.youtube.com/channel/UC7Sv-8WrW9b1-2lwlCvSzWg
UCahmn9R_Qa8n12RmxkU9FqA,@ぺーしゃ,6,6ヶ月,Member (6 months),,不明,,,7,266,0,2026-09-12 21:35,2026-10-05 15:47,,,https://www.youtube.com/channel/UCahmn9R_Qa8n12RmxkU9FqA
UCjdi7R4isOCKn3llL-_x_Hw,@なぁう3,6,6ヶ月,Member (6 months),,不明,,,7,71,1,2026-09-12 21:35,2026-10-05 15:47,,,https://www.youtube.com/channel/UCjdi7R4isOCKn3llL-_x_Hw
UCrRF_68YyxmWWJ3Us1QAP2A,@ゆみ-n1o,6,6ヶ月,Member (6 months),,不明,,,7,11,0,2026-09-12 21:35,2026-10-09 17:45,,,https://www.youtube.com/channel/UCrRF_68YyxmWWJ3Us1QAP2A
UC9Fx5qZUAdp5mealzAtZgAg,@akaringo-21s,6,6ヶ月,Member (6 months),,不明,,,7,93,0,2026-09-12 21:35,2026-10-09 17:45,,,https://www.youtube.com/channel/UC9Fx5qZUAdp5mealzAtZgAg
UC7qPirZNB73JW5xkpr9axDQ,@hukuro_k,6,6ヶ月,Member (6 months),,不明,,,7,38,0,2026-09-12 21:35,2026-10-03 22:02,,,https://www.youtube.com/channel/UC7qPirZNB73JW5xkpr9axDQ
UCKEg42Jy19jqYjxBkNAistg,@たつみ-r5o,6,6ヶ月,Member (6 months),,不明,,,7,56,0,2026-09-12 21:35,2026-10-05 15:47,,,https://www.youtube.com/channel/UCKEg42Jy19jqYjxBkNAistg
UCcvm9ayJ_jMbD521mMxxXDg,@uatrabae,6,6ヶ月,Member (6 months),,不明,,,7,9,0,2026-09-16 21:01,2026-10-09 17:45,,,https://www.youtube.com/channel/UCcvm9ayJ_jMbD521mMxxXDg
UCBwPt2CBf2UJpRUMIu5ZQfQ,@ぼうや_12,6,6ヶ月,Member (6 months),,不明,,,6,58,0,2026-09-12 21:35,2026-10-09 17:45,,,https://www.youtube.com/channel/UCBwPt2CBf2UJpRUMIu5ZQfQ
UCrLS31H5Yalj3jzUq-nKndw,@miyuko0930,6,6ヶ月,Member (6 months),,不明,,,6,77,0,2026-09-12 21:35,2026-10-09 17:45,,,https://www.youtube.com/channel/UCrLS31H5Yalj3jzUq-nKndw
UCBryst51zwA1rJ0fvwI6lIQ,@ayahono_1521,6,6ヶ月,Member (6 months),,不明,,,6,32,0,2026-09-12 21:35,2026-10-09 17:45,,,https://www.youtube.com/channel/UCBryst51zwA1rJ0fvwI6lIQ
UCCfcQjOCpQzUklHVkynuZAA,@taikyokukento,6,6ヶ月,Member (6 months),,不明,,,6,6,0,2026-09-13 20:01,2026-10-03 22:02,,,https://www.youtube.com/channel/UCCfcQjOCpQzUklHVkynuZAA
UCKXvORlSVi26nayb1cyHsDg,@かたほたる,6,6ヶ月,Member (6 months),,不明,,,6,172,0,2026-09-16 21:01,2026-10-09 17:45,,,https://www.youtube.com/channel/UCKXvORlSVi26nayb1cyHsDg
UCv4rZAUxqG8RgSkWJ79kJUw,@らねまるまる,6,6ヶ月,Member (6 months),,不明,,,5,26,0,2026-09-12 21:35,2026-10-03 16:10,,,https://www.youtube.com/channel/UCv4rZAUxqG8RgSkWJ79kJUw
UCCsLIJML_5d-QNvnap0Flcw,@く_ら_く_ら_げ,6,6ヶ月,Member (6 months),,不明,,,5,32,0,2026-09-12 21:35,2026-09-23 21:00,,,https://www.youtube.com/channel/UCCsLIJML_5d-QNvnap0Flcw
UCvO6HVBb8Vs5goKcY1Qh-0g,@あず-pome,6,6ヶ月,Member (6 months),,不明,,,5,11,0,2026-09-16 21:01,2026-10-09 17:45,,,https://www.youtube.com/channel/UCvO6HVBb8Vs5goKcY1Qh-0g
UCgZ_RaUeB3FaysU50PmrG7Q,@blueranko,6,6ヶ月,Member (6 months),,不明,,,4,15,0,2026-09-12 21:35,2026-09-19 16:47,,,https://www.youtube.com/channel/UCgZ_RaUeB3FaysU50PmrG7Q
UCn74O0C4hCF37hNINEe-7mg,@かぴかぴかぴばら,6,6ヶ月,Member (6 months),,不明,,,4,11,0,2026-09-12 21:35,2026-09-23 21:00,,,https://www.youtube.com/channel/UCn74O0C4hCF37hNINEe-7mg
UCKrFqn_d32pw3F7_Qkczx9w,@もち_xx,6,6ヶ月,Member (6 months),,不明,,,4,7,0,2026-09-12 21:35,2026-10-09 17:45,,,https://www.youtube.com/channel/UCKrFqn_d32pw3F7_Qkczx9w
UCc2hyB7fBcAEzNytBikHpvg,@ゆさ_256,6,6ヶ月,Member (6 months),,不明,,,4,14,0,2026-09-12 21:35,2026-09-23 21:00,,,https://www.youtube.com/channel/UCc2hyB7fBcAEzNytBikHpvg
UChtDP3YikrK5guGJaye2OLQ,@すえ-v6e,6,6ヶ月,Member (6 months),,不明,,,4,4,2,2026-09-12 21:35,2026-10-05 15:47,,,https://www.youtube.com/channel/UChtDP3YikrK5guGJaye2OLQ
UCED-fOJ27_2cDQ0jjAYiHEQ,@るあたろー,6,6ヶ月,Member (6 months),,不明,,,4,77,0,2026-09-13 20:01,2026-10-05 15:47,,,https://www.youtube.com/channel/UCED-fOJ27_2cDQ0jjAYiHEQ
UCrC1l5wq6d4QJr--kDVP4uw,@りちゃ-f1w,6,6ヶ月,Member (6 months),,不明,,,4,13,0,2026-09-13 20:01,2026-10-09 17:45,,,https://www.youtube.com/channel/UCrC1l5wq6d4QJr--kDVP4uw
UCyGVNx5FFOB70SN9SrypIXQ,@八尋-yashiro,6,6ヶ月,Member (6 months),,不明,,,4,34,0,2026-09-19 16:47,2026-10-09 17:45,,,https://www.youtube.com/channel/UCyGVNx5FFOB70SN9SrypIXQ
UCFbQ5h2ByztWB3WmvQlhFtw,@piman03,6,6ヶ月,Member (6 months),,不明,,,4,64,0,2026-09-24 14:36,2026-10-09 17:45,,,https://www.youtube.com/channel/UCFbQ5h2ByztWB3WmvQlhFtw
UCzArHhqLrbnncwkigu53JtA,@sora___xX_Xx,6,6ヶ月,Member (6 months),,不明,,,3,3,3,2026-09-12 21:35,2026-09-23 21:00,,,https://www.youtube.com/channel/UCzArHhqLrbnncwkigu53JtA
UCuUmuZqjTmv1_AkS6N1YhKg,@positionex,6,6ヶ月,Member (6 months),,不明,,,3,4,0,2026-09-12 21:35,2026-09-26 19:06,,,https://www.youtube.com/channel/UCuUmuZqjTmv1_AkS6N1YhKg
UCxBZTrfnIKoSXX6BEGmludQ,@てんてこ米米_10105,6,6ヶ月,Member (6 months),,不明,,,3,4,0,2026-09-13 20:01,2026-09-20 22:01,,,https://www.youtube.com/channel/UCxBZTrfnIKoSXX6BEGmludQ
UCx9S0yfQjIQG1lWBK-vOGxg,@チョガスOTP,6,6ヶ月,Member (6 months),,不明,,,3,38,0,2026-09-13 20:01,2026-09-24 14:36,,,https://www.youtube.com/channel/UCx9S0yfQjIQG1lWBK-vOGxg
UCWvG_ofhlnGBSWpXTGrcBig,@鮎の塩焼き04,6,6ヶ月,Member (6 months),,不明,,,3,7,0,2026-09-19 16:47,2026-09-22 20:02,,,https://www.youtube.com/channel/UCWvG_ofhlnGBSWpXTGrcBig
UCxa63avM5DJnKLEbXL7HnQA,@にーなな-f7i,6,6ヶ月,Member (6 months),,不明,,,3,3,0,2026-09-20 22:01,2026-09-22 20:02,,,https://www.youtube.com/channel/UCxa63avM5DJnKLEbXL7HnQA
UCUpw-A_SMzEhr_NUAFePznA,@beer0033,6,6ヶ月,Member (6 months),,不明,,,3,11,0,2026-09-21 16:30,2026-10-05 15:47,,,https://www.youtube.com/channel/UCUpw-A_SMzEhr_NUAFePznA
UCMCLH4HpfjmXRlC5NXeuawg,@ゆん-yyu_ui5,6,6ヶ月,Member (6 months),,不明,,,3,8,0,2026-10-03 16:10,2026-10-09 17:45,,,https://www.youtube.com/channel/UCMCLH4HpfjmXRlC5NXeuawg
UCy45piXvSw4Pch--XeW4JaQ,@ほしの_hoshino,6,6ヶ月,Member (6 months),,不明,,,3,6,1,2026-10-03 16:10,2026-10-09 17:45,,,https://www.youtube.com/channel/UCy45piXvSw4Pch--XeW4JaQ
UCz_n3qvkbHxH1JNXlSfM0VA,@ひな-x8h5m,6,6ヶ月,Member (6 months),,不明,,,2,5,0,2026-09-12 21:35,2026-09-19 16:47,,,https://www.youtube.com/channel/UCz_n3qvkbHxH1JNXlSfM0VA
UCum-Jd3L8iCdsxcgU1Lo4fA,@ミハ_r,6,6ヶ月,Member (6 months),,不明,,,2,7,0,2026-09-12 21:35,2026-09-20 22:01,,,https://www.youtube.com/channel/UCum-Jd3L8iCdsxcgU1Lo4fA
UC--OmvFBe2w9qeCZbSHV4mA,@とみおぢ,6,6ヶ月,Member (6 months),,不明,,,2,7,0,2026-09-12 21:35,2026-09-21 16:30,,,https://www.youtube.com/channel/UC--OmvFBe2w9qeCZbSHV4mA
UCQvhU1HlGcaaZWQ4hrj3rSA,@あおちゃん_ss,6,6ヶ月,Member (6 months),,不明,,,2,2,0,2026-09-12 21:35,2026-09-20 22:01,,,https://www.youtube.com/channel/UCQvhU1HlGcaaZWQ4hrj3rSA
UC0op92WciBOIh7AJP1EUK0Q,@kia-w9f9d,6,6ヶ月,Member (6 months),,不明,,,2,3,0,2026-09-16 21:01,2026-09-21 16:30,,,https://www.youtube.com/channel/UC0op92WciBOIh7AJP1EUK0Q
UChyBaAHLbmelQeWD9ZSkI6w,@にとnnn10,6,6ヶ月,Member (6 months),,不明,,,2,28,0,2026-09-16 21:01,2026-10-09 17:45,,,https://www.youtube.com/channel/UChyBaAHLbmelQeWD9ZSkI6w
UCeKJJYj8tqRP4wqOhAH4tXw,@mio_x1qz,6,6ヶ月,Member (6 months),,不明,,,2,2,0,2026-09-19 16:47,2026-09-26 19:06,,,https://www.youtube.com/channel/UCeKJJYj8tqRP4wqOhAH4tXw
UCOIaDLVt0tVIsoRJSrqGQVg,@ちゃみ-d9q,6,6ヶ月,Member (6 months),,不明,,,2,51,0,2026-09-20 22:01,2026-10-05 15:47,,,https://www.youtube.com/channel/UCOIaDLVt0tVIsoRJSrqGQVg
UC0SMUDZhTKOzoK2oPRQJKKg,@もちもち-v7d-p2j,6,6ヶ月,Member (6 months),,不明,,,2,3,0,2026-09-20 22:01,2026-09-22 20:02,,,https://www.youtube.com/channel/UC0SMUDZhTKOzoK2oPRQJKKg
UCK44P5-2QZ6tJTNBiMPRpsw,@shu2246,6,6ヶ月,Member (6 months),,不明,,,2,2,0,2026-10-03 16:10,2026-10-09 17:45,,,https://www.youtube.com/channel/UCK44P5-2QZ6tJTNBiMPRpsw
UC9luPuDFSM5iYKusiQIS8QQ,@ちいさなはな-r1y,6,6ヶ月,Member (6 months),,不明,,,2,5,0,2026-10-03 16:10,2026-10-03 22:02,,,https://www.youtube.com/channel/UC9luPuDFSM5iYKusiQIS8QQ
UCxNIpJET_I5z-y8mN64ZTzA,@セレン-02,6,6ヶ月,Member (6 months),,不明,,,2,10,0,2026-10-03 22:02,2026-10-09 17:45,,,https://www.youtube.com/channel/UCxNIpJET_I5z-y8mN64ZTzA
UCicML9xn2gKZb-KCj5vRBDQ,@あおなつ_aonatsu,6,6ヶ月,Member (6 months),,不明,,,2,6,0,2026-10-05 15:47,2026-10-09 17:45,,,https://www.youtube.com/channel/UCicML9xn2gKZb-KCj5vRBDQ
UC55IP5ABKp7VFevLQf8PRBw,@dhu23,6,6ヶ月,Member (6 months),,不明,,,1,86,0,2026-09-12 21:35,2026-09-12 21:35,,,https://www.youtube.com/channel/UC55IP5ABKp7VFevLQf8PRBw
UCUOhsjw3zGRKrFhXNF8aYjQ,@aya_629mmc,6,6ヶ月,Member (6 months),,不明,,,1,2,1,2026-09-12 21:35,2026-09-12 21:35,,,https://www.youtube.com/channel/UCUOhsjw3zGRKrFhXNF8aYjQ
UCg3Ik1M-zCNb_Ypee6ydN0A,@さやくmzi,6,6ヶ月,Member (6 months),,不明,,,1,1,0,2026-09-12 21:35,2026-09-12 21:35,,,https://www.youtube.com/channel/UCg3Ik1M-zCNb_Ypee6ydN0A
UCKY3C3WEpV2jAgRn_Ucn82Q,@mapletea2,6,6ヶ月,Member (6 months),,不明,,,1,1,0,2026-09-12 21:35,2026-09-12 21:35,,,https://www.youtube.com/channel/UCKY3C3WEpV2jAgRn_Ucn82Q
UCT3PoSHTsvbdza79bede4Og,@7月はジュライ,6,6ヶ月,Member (6 months),,不明,,,1,3,0,2026-09-12 21:35,2026-09-12 21:35,,,https://www.youtube.com/channel/UCT3PoSHTsvbdza79bede4Og
UCPqVMROOsP7J5I1eSHofssQ,@もっちもち-m,6,6ヶ月,Member (6 months),,不明,,,1,9,0,2026-09-12 21:35,2026-09-12 21:35,,,https://www.youtube.com/channel/UCPqVMROOsP7J5I1eSHofssQ
UCveV9k2h3tC32CwH5_GNsHw,@しーあ-chi_n12,6,6ヶ月,Member (6 months),,不明,,,1,1,0,2026-09-12 21:35,2026-09-12 21:35,,,https://www.youtube.com/channel/UCveV9k2h3tC32CwH5_GNsHw
UCQ4k0JEYmR980gNuQvOjKTg,@SAaCHA_1,6,6ヶ月,Member (6 months),,不明,,,1,4,1,2026-09-12 21:35,2026-09-12 21:35,,,https://www.youtube.com/channel/UCQ4k0JEYmR980gNuQvOjKTg
UC5WZfg9MpMm_ig0xKczoJfw,@Fuyu_V_I,6,6ヶ月,Member (6 months),,不明,,,1,1,0,2026-09-12 21:35,2026-09-12 21:35,,,https://www.youtube.com/channel/UC5WZfg9MpMm_ig0xKczoJfw
UCQlpiJM9kJ9pquf8TQmLQhA,@saーra.n,6,6ヶ月,Member (6 months),,不明,,,1,104,0,2026-09-13 20:01,2026-09-13 20:01,,,https://www.youtube.com/channel/UCQlpiJM9kJ9pquf8TQmLQhA
UCGfzEJGxt2okcRXZ3bJh04g,@いずたろす-h5m,6,6ヶ月,Member (6 months),,不明,,,1,2,0,2026-09-13 20:01,2026-09-13 20:01,,,https://www.youtube.com/channel/UCGfzEJGxt2okcRXZ3bJh04g
UCYJfeD_fpuxe0Son5eodTMw,@Haru830___1,6,6ヶ月,Member (6 months),,不明,,,1,1,0,2026-09-13 20:01,2026-09-13 20:01,,,https://www.youtube.com/channel/UCYJfeD_fpuxe0Son5eodTMw
UCBVPaeSCoalxxdp_jHW11JQ,@Ux_xU_iyu,6,6ヶ月,Member (6 months),,不明,,,1,11,0,2026-09-13 20:01,2026-09-13 20:01,,,https://www.youtube.com/channel/UCBVPaeSCoalxxdp_jHW11JQ
UC9wVCzwBQ2EVW4wB4l7o27g,@りんりん_g_zz22,6,6ヶ月,Member (6 months),,不明,,,1,1,0,2026-09-19 16:47,2026-09-19 16:47,,,https://www.youtube.com/channel/UC9wVCzwBQ2EVW4wB4l7o27g
UCZAxaM3HPtde1S4CTNcRd6A,@しょう蘭,6,6ヶ月,Member (6 months),,不明,,,1,21,0,2026-09-19 16:47,2026-09-19 16:47,,,https://www.youtube.com/channel/UCZAxaM3HPtde1S4CTNcRd6A
UCygQlAIZDN3255Ier-mCQdQ,@sekka.雪花,6,6ヶ月,Member (6 months),,不明,,,1,5,0,2026-09-19 16:47,2026-09-19 16:47,,,https://www.youtube.com/channel/UCygQlAIZDN3255Ier-mCQdQ
UCKaP9WKb2Y1NHD-eoN8CESw,@miruyou_desu,6,6ヶ月,Member (6 months),,不明,,,1,11,0,2026-09-19 16:47,2026-09-19 16:47,,,https://www.youtube.com/channel/UCKaP9WKb2Y1NHD-eoN8CESw
UCuTqizlrEB4fMp1G04ajuFA,@佐藤千恵美-y2j,6,6ヶ月,Member (6 months),,不明,,,1,1,0,2026-09-19 16:47,2026-09-19 16:47,,,https://www.youtube.com/channel/UCuTqizlrEB4fMp1G04ajuFA
UCFe2VADi9GAO5xWdbBzWysw,@屡嘩くん,6,6ヶ月,Member (6 months),,不明,,,1,1,0,2026-09-19 16:47,2026-09-19 16:47,,,https://www.youtube.com/channel/UCFe2VADi9GAO5xWdbBzWysw
UCtpU7j0F5Vx0YTVDhT899ug,@Know_no25,6,6ヶ月,Member (6 months),,不明,,,1,5,0,2026-09-19 16:47,2026-09-19 16:47,,,https://www.youtube.com/channel/UCtpU7j0F5Vx0YTVDhT899ug
UCbWUQMTqHJBXX2ou6N5iWbg,@はるち-n8r,6,6ヶ月,Member (6 months),,不明,,,1,1,0,2026-09-19 16:47,2026-09-19 16:47,,,https://www.youtube.com/channel/UCbWUQMTqHJBXX2ou6N5iWbg
UCXonAvpcWZoVmhPAx4bQ2qQ,@かこたン,6,6ヶ月,Member (6 months),,不明,,,1,1,0,2026-09-19 16:47,2026-09-19 16:47,,,https://www.youtube.com/channel/UCXonAvpcWZoVmhPAx4bQ2qQ
UCHEjTJyUDXySgmQoNsg5icw,@さく-sakumaru1018,6,6ヶ月,Member (6 months),,不明,,,1,2,0,2026-09-20 22:01,2026-09-20 22:01,,,https://www.youtube.com/channel/UCHEjTJyUDXySgmQoNsg5icw
UCoI_VgB56ZK_eYbXAk29M5g,@iZea_,6,6ヶ月,Member (6 months),,不明,,,1,2,0,2026-09-20 22:01,2026-09-20 22:01,,,https://www.youtube.com/channel/UCoI_VgB56ZK_eYbXAk29M5g
UCw7S9lvbNR6jIpNoSD0obLw,@しのだ-r0k,6,6ヶ月,Member (6 months),,不明,,,1,1,0,2026-09-20 22:01,2026-09-20 22:01,,,https://www.youtube.com/channel/UCw7S9lvbNR6jIpNoSD0obLw
UCDl3Zt6YglQf5vUV4MC5eAA,@onm2434,6,6ヶ月,Member (6 months),,不明,,,1,4,0,2026-09-20 22:01,2026-09-20 22:01,,,https://www.youtube.com/channel/UCDl3Zt6YglQf5vUV4MC5eAA
UCjd6sh5brZXMAa8ENEBF2Mw,@おもち__nko0,6,6ヶ月,Member (6 months),,不明,,,1,1,0,2026-09-20 22:01,2026-09-20 22:01,,,https://www.youtube.com/channel/UCjd6sh5brZXMAa8ENEBF2Mw
UC9zgBxV-zSCEw5oEJUM4aPg,@mika-g1r4g,6,6ヶ月,Member (6 months),,不明,,,1,1,0,2026-09-22 20:02,2026-09-22 20:02,,,https://www.youtube.com/channel/UC9zgBxV-zSCEw5oEJUM4aPg
UCCnpMMP33esl5M8_HQX-TXg,@ねこみ-q6d,6,6ヶ月,Member (6 months),,不明,,,1,18,0,2026-09-23 21:00,2026-09-23 21:00,,,https://www.youtube.com/channel/UCCnpMMP33esl5M8_HQX-TXg
UCU8oS1lxMitgrf7spsrJ4-Q,@ねるこ-h3c,6,6ヶ月,Member (6 months),,不明,,,1,2,0,2026-09-23 21:00,2026-09-23 21:00,,,https://www.youtube.com/channel/UCU8oS1lxMitgrf7spsrJ4-Q
UC2Z5Wn9Zcku-QgdTAtJdsWg,@暁月_aka2ki,6,6ヶ月,Member (6 months),,不明,,,1,2,0,2026-09-23 21:00,2026-09-23 21:00,,,https://www.youtube.com/channel/UC2Z5Wn9Zcku-QgdTAtJdsWg
UCmyvDE3I38bu70iRy6vxlYQ,@tatuminけけぴ,6,6ヶ月,Member (6 months),,不明,,,1,20,0,2026-09-23 21:00,2026-09-23 21:00,,,https://www.youtube.com/channel/UCmyvDE3I38bu70iRy6vxlYQ
UCXQ0jxCEJh_k04AdErIfkHg,@おぴ-z2z,6,6ヶ月,Member (6 months),,不明,,,1,1,0,2026-09-23 21:00,2026-09-23 21:00,,,https://www.youtube.com/channel/UCXQ0jxCEJh_k04AdErIfkHg
UCgcXmrLNRxqRcu-XJfx1YuQ,@LemonE-id0,6,6ヶ月,Member (6 months),,不明,,,1,1,0,2026-09-23 21:00,2026-09-23 21:00,,,https://www.youtube.com/channel/UCgcXmrLNRxqRcu-XJfx1YuQ
UC0gD_VY2fcDtw4PaFl7P8Ow,@smallwolf5,6,6ヶ月,Member (6 months),,不明,,,1,2,0,2026-09-24 14:36,2026-09-24 14:36,,,https://www.youtube.com/channel/UC0gD_VY2fcDtw4PaFl7P8Ow
UC2N-joF8vItE7NnEMImZ0lQ,@カミソリ-n6y,6,6ヶ月,Member (6 months),,不明,,,1,1,0,2026-10-03 16:10,2026-10-03 16:10,,,https://www.youtube.com/channel/UC2N-joF8vItE7NnEMImZ0lQ
UCAMbeSNDVCLH_p5ME3CrKcQ,@あかねるる-l9h,6,6ヶ月,Member (6 months),,不明,,,1,1,0,2026-10-03 22:02,2026-10-03 22:02,,,https://www.youtube.com/channel/UCAMbeSNDVCLH_p5ME3CrKcQ
UCDVQlAqNpfAvvYSAbgF5sHA,@Eain319,6,6ヶ月,Member (6 months),,不明,,,1,1,0,2026-10-03 22:02,2026-10-03 22:02,,,https://www.youtube.com/channel/UCDVQlAqNpfAvvYSAbgF5sHA
UCq1PjlphFmbeyrDwxmVoD2g,@kano9901,6,6ヶ月,Member (6 months),,不明,,,1,2,0,2026-10-05 15:47,2026-10-05 15:47,,,https://www.youtube.com/channel/UCq1PjlphFmbeyrDwxmVoD2g
UCLTqi_p4481xrcF5EQcn6dQ,@fkrk63,6,6ヶ月,Member (6 months),,不明,,,1,1,0,2026-10-09 17:45,2026-10-09 17:45,,,https://www.youtube.com/channel/UCLTqi_p4481xrcF5EQcn6dQ
UC3kfQLCKxK_fko8ZsghKCeQ,@紫翠_1015,6,6ヶ月,Member (6 months),,不明,,,1,1,0,2026-10-09 17:45,2026-10-09 17:45,,,https://www.youtube.com/channel/UC3kfQLCKxK_fko8ZsghKCeQ
UCu_43ytd-By5C4RrrNPoMQA,@hana-xv2zq,6,6ヶ月,Member (6 months),,不明,,,1,2,0,2026-10-09 17:45,2026-10-09 17:45,,,https://www.youtube.com/channel/UCu_43ytd-By5C4RrrNPoMQA
UCCO0iYXP6n36JaczTGnV9Wg,@リアルガチ黒崎,2,2ヶ月,Member (2 months),,不明,,,14,3987,0,2026-09-12 21:35,2026-10-09 17:45,,,https://www.youtube.com/channel/UCCO0iYXP6n36JaczTGnV9Wg
UCdaemDCjsQ8DGbjSveGMJlg,@---tx4cj,2,2ヶ月,Member (2 months),,不明,,,12,1508,0,2026-09-12 21:35,2026-10-09 17:45,,,https://www.youtube.com/channel/UCdaemDCjsQ8DGbjSveGMJlg
UCYcuhfY2H89trrlCA8cgP1Q,@xきなこだまx,2,2ヶ月,Member (2 months),,不明,,,12,1118,0,2026-09-12 21:35,2026-10-09 17:45,,,https://www.youtube.com/channel/UCYcuhfY2H89trrlCA8cgP1Q
UCsHBgbBWDo-zpinYDrjeRlg,@ちまち_Haru0215,2,2ヶ月,Member (2 months),,不明,,,12,240,0,2026-09-12 21:35,2026-10-09 17:45,,,https://www.youtube.com/channel/UCsHBgbBWDo-zpinYDrjeRlg
UCSfil1WKkBN8Zi84sqgpxtQ,@はなしのタネ,2,2ヶ月,Member (2 months),,不明,,,12,962,0,2026-09-12 21:35,2026-10-03 22:02,,,https://www.youtube.com/channel/UCSfil1WKkBN8Zi84sqgpxtQ
UCXAt5CVNsvMAHUxNfRBxIKA,@nikuman-s5y,2,2ヶ月,Member (2 months),,不明,,,12,138,0,2026-09-12 21:35,2026-10-09 17:45,,,https://www.youtube.com/channel/UCXAt5CVNsvMAHUxNfRBxIKA
UCofJq7GRzOKTtBCfPbNzMjA,@ぱよこrottencl,2,2ヶ月,Member (2 months),,不明,,,12,108,0,2026-09-12 21:35,2026-10-09 17:45,,,https://www.youtube.com/channel/UCofJq7GRzOKTtBCfPbNzMjA
UCn4TLQf23yZi9cSH78PCYCQ,@natuki-k1p,2,2ヶ月,Member (2 months),,不明,,,11,19,0,2026-09-13 20:01,2026-10-09 17:45,,,https://www.youtube.com/channel/UCn4TLQf23yZi9cSH78PCYCQ
UCBaQNOOqa9Op8RnMvZ4spPA,@せちがらい-i1q,2,2ヶ月,Member (2 months),,不明,,,11,77,0,2026-09-16 21:01,2026-10-09 17:45,,,https://www.youtube.com/channel/UCBaQNOOqa9Op8RnMvZ4spPA
UCDlGnUDj7am59LTXlu-FpIw,@かりん-c4j9d,2,2ヶ月,Member (2 months),,不明,,,10,127,1,2026-09-12 21:35,2026-10-09 17:45,,,https://www.youtube.com/channel/UCDlGnUDj7am59LTXlu-FpIw
UC6bTFrq5CQJ5YPkX2HTGtCA,@kir4-0310,2,2ヶ月,Member (2 months),,不明,,,9,11,0,2026-09-12 21:35,2026-10-03 22:02,,,https://www.youtube.com/channel/UC6bTFrq5CQJ5YPkX2HTGtCA
UC7-EooGcJxSPTmoziUHSl4w,@mktW2,2,2ヶ月,Member (2 months),,不明,,,9,80,0,2026-09-12 21:35,2026-10-09 17:45,,,https://www.youtube.com/channel/UC7-EooGcJxSPTmoziUHSl4w
UClvdYDMCTmIs3PvyULscJtw,@aiaoi6197,2,2ヶ月,Member (2 months),,不明,,,9,38,0,2026-09-12 21:35,2026-10-09 17:45,,,https://www.youtube.com/channel/UClvdYDMCTmIs3PvyULscJtw
UCUBBlaMkedAcxCqu9QDytqQ,@tsuki819,2,2ヶ月,Member (2 months),,不明,,,9,76,0,2026-09-16 21:01,2026-10-09 17:45,,,https://www.youtube.com/channel/UCUBBlaMkedAcxCqu9QDytqQ
UCek0SV7yNoXM1cHBhUaQTIA,@蒼井夏姫aoinatuki,2,2ヶ月,Member (2 months),,不明,,,8,25,7,2026-09-12 21:35,2026-10-05 15:47,,,https://www.youtube.com/channel/UCek0SV7yNoXM1cHBhUaQTIA
UCThCfhTbMo7dPzcpY0qXQQw,@ふち_e1ennofuti,2,2ヶ月,Member (2 months),,不明,,,8,43,0,2026-09-12 21:35,2026-10-03 22:02,,,https://www.youtube.com/channel/UCThCfhTbMo7dPzcpY0qXQQw
UCE10qHmyVLmXCxEyZkkmzWQ,@nyanななぁ,2,2ヶ月,Member (2 months),,不明,,,8,33,0,2026-09-12 21:35,2026-10-05 15:47,,,https://www.youtube.com/channel/UCE10qHmyVLmXCxEyZkkmzWQ
UC3SrCh8xZOfvFN8F1QtdY1A,@いあ-o2w,2,2ヶ月,Member (2 months),,不明,,,8,43,0,2026-09-12 21:35,2026-10-09 17:45,,,https://www.youtube.com/channel/UC3SrCh8xZOfvFN8F1QtdY1A
UCbrhBu_aR-1DhTteLtlfS_w,@rimfa3445,2,2ヶ月,Member (2 months),,不明,,,8,117,0,2026-09-16 21:01,2026-10-09 17:45,,,https://www.youtube.com/channel/UCbrhBu_aR-1DhTteLtlfS_w
UCct2VSgN-aivToRSHNEOCsg,@れい奈-238,2,2ヶ月,Member (2 months),,不明,,,7,874,0,2026-09-12 21:35,2026-09-26 19:06,,,https://www.youtube.com/channel/UCct2VSgN-aivToRSHNEOCsg
UCTUD402I3PR6j1j7dOnllDw,@ハレカゼ-y5s,2,2ヶ月,Member (2 months),,不明,,,6,498,0,2026-09-12 21:35,2026-10-03 22:02,,,https://www.youtube.com/channel/UCTUD402I3PR6j1j7dOnllDw
UCsgn1vp7vs4JkA2rd8W3Rmw,@あずみ-g7o,2,2ヶ月,Member (2 months),,不明,,,6,20,0,2026-09-12 21:35,2026-09-26 19:06,,,https://www.youtube.com/channel/UCsgn1vp7vs4JkA2rd8W3Rmw
UChuDZOYInbdVDz_4_S1Wx-g,@hino_umesaki,2,2ヶ月,Member (2 months),,不明,,,6,30,0,2026-09-12 21:35,2026-10-09 17:45,,,https://www.youtube.com/channel/UChuDZOYInbdVDz_4_S1Wx-g
UC8ocfvOZUNtBUOeDDJap0Rg,@kora-ken,2,2ヶ月,Member (2 months),,不明,,,6,20,0,2026-09-12 21:35,2026-10-05 15:47,,,https://www.youtube.com/channel/UC8ocfvOZUNtBUOeDDJap0Rg
UCvR1Dy6aJjAL23p5lmUjY4w,@hirot4447,2,2ヶ月,Member (2 months),,不明,,,6,36,0,2026-09-12 21:35,2026-10-09 17:45,,,https://www.youtube.com/channel/UCvR1Dy6aJjAL23p5lmUjY4w
UCUm8s-OcJL5wWyZfEE7uahg,@osora.h,2,2ヶ月,Member (2 months),,不明,,,5,7,0,2026-09-12 21:35,2026-10-03 22:02,,,https://www.youtube.com/channel/UCUm8s-OcJL5wWyZfEE7uahg
UCziZYqWKo0ax9PcNO2KTd3w,@かなこ-3,2,2ヶ月,Member (2 months),,不明,,,5,34,1,2026-09-12 21:35,2026-10-03 22:02,,,https://www.youtube.com/channel/UCziZYqWKo0ax9PcNO2KTd3w
UCirZwxNn2hLi7ZHIvO9k75A,@chioo00-6,2,2ヶ月,Member (2 months),,不明,,,5,18,0,2026-09-12 21:35,2026-10-09 17:45,,,https://www.youtube.com/channel/UCirZwxNn2hLi7ZHIvO9k75A
UC3RJXa8uUMil6n5iMGXpdIQ,@うささん-t2e,2,2ヶ月,Member (2 months),,不明,,,5,35,0,2026-09-12 21:35,2026-10-09 17:45,,,https://www.youtube.com/channel/UC3RJXa8uUMil6n5iMGXpdIQ
UC9FQvSgEss3DqfkYqjSWRtg,@sakusakuyura,2,2ヶ月,Member (2 months),,不明,,,5,32,0,2026-09-12 21:35,2026-10-03 16:10,,,https://www.youtube.com/channel/UC9FQvSgEss3DqfkYqjSWRtg
UCUMYdel3dvECjTincpZPBsA,@来須望,2,2ヶ月,Member (2 months),,不明,,,5,79,0,2026-09-13 20:01,2026-10-09 17:45,,,https://www.youtube.com/channel/UCUMYdel3dvECjTincpZPBsA
UCtt30EuQ9zY1i3IU8ZrhEnQ,@tsuba.tsubasa,2,2ヶ月,Member (2 months),,不明,,,5,5,0,2026-09-16 21:01,2026-10-05 15:47,,,https://www.youtube.com/channel/UCtt30EuQ9zY1i3IU8ZrhEnQ
UCHX72pj-ObVw0K1RpBMhaVg,@沙也奈_sayana,2,2ヶ月,Member (2 months),,不明,,,5,16,0,2026-09-16 21:01,2026-10-09 17:45,,,https://www.youtube.com/channel/UCHX72pj-ObVw0K1RpBMhaVg
UCRILq6FEO2lg7wY7SCe14gA,@きちゃん-g8e,2,2ヶ月,Member (2 months),,不明,,,5,64,0,2026-09-19 16:47,2026-10-05 15:47,,,https://www.youtube.com/channel/UCRILq6FEO2lg7wY7SCe14gA
UC-FleTl16MPXwiqkc6kNKUQ,@micchuu-v3i,2,2ヶ月,Member (2 months),,不明,,,4,28,0,2026-09-12 21:35,2026-09-22 20:02,,,https://www.youtube.com/channel/UC-FleTl16MPXwiqkc6kNKUQ
UCvD6MiCeWOo2h7WVD2rXjHw,@秋Aki-v7j,2,2ヶ月,Member (2 months),,不明,,,4,97,0,2026-09-12 21:35,2026-10-09 17:45,,,https://www.youtube.com/channel/UCvD6MiCeWOo2h7WVD2rXjHw
UCr7wHKen_f0ce5kE53tbQUA,@you.nagare,2,2ヶ月,Member (2 months),,不明,,,4,23,0,2026-09-16 21:01,2026-10-09 17:45,,,https://www.youtube.com/channel/UCr7wHKen_f0ce5kE53tbQUA
UCHj6IaysIEANa91fxai9pTA,@すい_aexutq6me,2,2ヶ月,Member (2 months),,不明,,,4,10,0,2026-09-19 16:47,2026-10-05 15:47,,,https://www.youtube.com/channel/UCHj6IaysIEANa91fxai9pTA
UC8siyJIWRi_-AYgyPkPq5YQ,@watapy5625,2,2ヶ月,Member (2 months),,不明,,,4,7,0,2026-09-24 14:36,2026-10-09 17:45,,,https://www.youtube.com/channel/UC8siyJIWRi_-AYgyPkPq5YQ
UCxPtI0L3xOZqwIi6Fd6_waw,@しで-l7u,2,2ヶ月,Member (2 months),,不明,,,3,12,0,2026-09-12 21:35,2026-09-20 22:01,,,https://www.youtube.com/channel/UCxPtI0L3xOZqwIi6Fd6_waw
UCMzvhSmPrG9y8YZ4jZli07A,@帝ちゃん_mikado_chan,2,2ヶ月,Member (2 months),,不明,,,3,3,0,2026-09-12 21:35,2026-10-03 22:02,,,https://www.youtube.com/channel/UCMzvhSmPrG9y8YZ4jZli07A
UCxBkmdxIaVh-uQHM2Azr5yg,@1Ne_4131,2,2ヶ月,Member (2 months),,不明,,,3,6,0,2026-09-13 20:01,2026-09-24 14:36,,,https://www.youtube.com/channel/UCxBkmdxIaVh-uQHM2Azr5yg
UCSa_zqbzwclDeOJeRSfap0g,@くろぱぐ-f9c,2,2ヶ月,Member (2 months),,不明,,,3,74,0,2026-09-13 20:01,2026-10-09 17:45,,,https://www.youtube.com/channel/UCSa_zqbzwclDeOJeRSfap0g
UC6sNcg1k9ROdfm8-GAznXtQ,@左を,2,2ヶ月,Member (2 months),,不明,,,3,29,0,2026-09-13 20:01,2026-10-09 17:45,,,https://www.youtube.com/channel/UC6sNcg1k9ROdfm8-GAznXtQ
UCqnrHOx9PFXustQRuZyJikQ,@三色団子-c9o,2,2ヶ月,Member (2 months),,不明,,,3,24,0,2026-09-16 21:01,2026-10-09 17:45,,,https://www.youtube.com/channel/UCqnrHOx9PFXustQRuZyJikQ
UCfG6-6cWlNM-qbSyHYC1_9Q,@ガパオライス-w5c,2,2ヶ月,Member (2 months),,不明,,,3,18,1,2026-09-19 16:47,2026-10-03 16:10,,,https://www.youtube.com/channel/UCfG6-6cWlNM-qbSyHYC1_9Q
UCS0xvPAR27oH3MXL4SljKvA,@もなか-i8z,2,2ヶ月,Member (2 months),,不明,,,3,33,0,2026-09-19 16:47,2026-10-05 15:47,,,https://www.youtube.com/channel/UCS0xvPAR27oH3MXL4SljKvA
UCB0-NzTLzgTggJZXgh0Aaqg,@ここ_840,2,2ヶ月,Member (2 months),,不明,,,3,8,0,2026-09-24 14:36,2026-10-05 15:47,,,https://www.youtube.com/channel/UCB0-NzTLzgTggJZXgh0Aaqg
UCXS90E7VfUti3V8xfYwEKAw,@あたしぎ-l4f,2,2ヶ月,Member (2 months),,不明,,,3,8,0,2026-09-24 14:36,2026-10-09 17:45,,,https://www.youtube.com/channel/UCXS90E7VfUti3V8xfYwEKAw
UCgGqhPv9MFHyeW6sD8iUsPQ,@おはぎ-e5t,2,2ヶ月,Member (2 months),,不明,,,3,24,0,2026-10-03 22:02,2026-10-09 17:45,,,https://www.youtube.com/channel/UCgGqhPv9MFHyeW6sD8iUsPQ
UCU-fiNt1xM7IbpSS-lZxcrw,@ひめ_1203,2,2ヶ月,Member (2 months),,不明,,,2,6,0,2026-09-12 21:35,2026-09-19 16:47,,,https://www.youtube.com/channel/UCU-fiNt1xM7IbpSS-lZxcrw
UCjUXU02HovWEcAPZkR0X8wQ,@ma1cha_1ue,2,2ヶ月,Member (2 months),,不明,,,2,16,0,2026-09-12 21:35,2026-09-16 21:01,,,https://www.youtube.com/channel/UCjUXU02HovWEcAPZkR0X8wQ
UCWFDmdR5DPmz-T4HNiYq6oA,@kahuka0712,2,2ヶ月,Member (2 months),,不明,,,2,32,0,2026-09-12 21:35,2026-09-13 20:01,,,https://www.youtube.com/channel/UCWFDmdR5DPmz-T4HNiYq6oA
UCaSKziEcWUbhEf3HYdSq0HQ,@さとり310,2,2ヶ月,Member (2 months),,不明,,,2,8,0,2026-09-12 21:35,2026-09-13 20:01,,,https://www.youtube.com/channel/UCaSKziEcWUbhEf3HYdSq0HQ
UCIWcVh8hevdMUOugm79Lvew,@nana--s0813,2,2ヶ月,Member (2 months),,不明,,,2,4,0,2026-09-12 21:35,2026-09-13 20:01,,,https://www.youtube.com/channel/UCIWcVh8hevdMUOugm79Lvew
UCaTERNX2rkIwJitaWkM1Syg,@lemonnnnnnnnnnnnnnnnnnnn,2,2ヶ月,Member (2 months),,不明,,,2,2,0,2026-09-13 20:01,2026-09-19 16:47,,,https://www.youtube.com/channel/UCaTERNX2rkIwJitaWkM1Syg
UCiaAQY4RE-MPSP1uR1xvcJA,@藍-f5c,2,2ヶ月,Member (2 months),,不明,,,2,28,0,2026-09-13 20:01,2026-09-20 22:01,,,https://www.youtube.com/channel/UCiaAQY4RE-MPSP1uR1xvcJA
UC18_pOOi_RV2pZSgJTeEJXg,@ヒロ-j8v7p,2,2ヶ月,Member (2 months),,不明,,,2,3,0,2026-09-13 20:01,2026-09-20 22:01,,,https://www.youtube.com/channel/UC18_pOOi_RV2pZSgJTeEJXg
UCpW1flhqqQPeFyxZNebib1g,@あおぞら-w1n9,2,2ヶ月,Member (2 months),,不明,,,2,2,0,2026-09-13 20:01,2026-09-23 21:00,,,https://www.youtube.com/channel/UCpW1flhqqQPeFyxZNebib1g
UC9Tcm5kfzRuLcZuUyE_XUMA,@会計系女子_mtb,2,2ヶ月,Member (2 months),,不明,,,2,6,0,2026-09-16 21:01,2026-09-20 22:01,,,https://www.youtube.com/channel/UC9Tcm5kfzRuLcZuUyE_XUMA
UCtlvX1ijTZIldDx3mSGoPOA,@rotty_maruuuu,2,2ヶ月,Member (2 months),,不明,,,2,11,0,2026-09-16 21:01,2026-10-05 15:47,,,https://www.youtube.com/channel/UCtlvX1ijTZIldDx3mSGoPOA
UCUVg0zN5JWGkDT-oqct8yPQ,@ひなた-s5pi,2,2ヶ月,Member (2 months),,不明,,,2,2,0,2026-09-20 22:01,2026-10-03 16:10,,,https://www.youtube.com/channel/UCUVg0zN5JWGkDT-oqct8yPQ
UCEhzT1qbNvmyyj_HYmjRikg,@ruppi9797,2,2ヶ月,Member (2 months),,不明,,,2,5,0,2026-09-20 22:01,2026-09-22 20:02,,,https://www.youtube.com/channel/UCEhzT1qbNvmyyj_HYmjRikg
UC53x6k9dHA_zJUNIQPR5v2g,@田崎志麻,2,2ヶ月,Member (2 months),,不明,,,2,2,0,2026-09-20 22:01,2026-09-24 14:36,,,https://www.youtube.com/channel/UC53x6k9dHA_zJUNIQPR5v2g
UC5ba_RPE7kAKVW6QFrheKww,@エイリアン愛好家さん,2,2ヶ月,Member (2 months),,不明,,,2,3,0,2026-09-20 22:01,2026-09-23 21:00,,,https://www.youtube.com/channel/UC5ba_RPE7kAKVW6QFrheKww
UCgTblm7n1llrb1gFQXzxn9w,@sukusukusoda2,2,2ヶ月,Member (2 months),,不明,,,2,3,0,2026-09-24 14:36,2026-10-05 15:47,,,https://www.youtube.com/channel/UCgTblm7n1llrb1gFQXzxn9w
UCaUEMEOzto7W4nn9vrQK26Q,@soa-i4o,2,2ヶ月,Member (2 months),,不明,,,1,1,0,2026-09-12 21:35,2026-09-12 21:35,,,https://www.youtube.com/channel/UCaUEMEOzto7W4nn9vrQK26Q
UCEvX2Y8Funba0ASJZdij4Yw,@まり-n8u4t,2,2ヶ月,Member (2 months),,不明,,,1,2,0,2026-09-12 21:35,2026-09-12 21:35,,,https://www.youtube.com/channel/UCEvX2Y8Funba0ASJZdij4Yw
UCJUsEwJK5vvs7iSxGfmSg_w,@うどつ司令官,2,2ヶ月,Member (2 months),,不明,,,1,1,0,2026-09-12 21:35,2026-09-12 21:35,,,https://www.youtube.com/channel/UCJUsEwJK5vvs7iSxGfmSg_w
UCSG3-v7LdVTPe5oRPyEZDFA,@三角州-i8l,2,2ヶ月,Member (2 months),,不明,,,1,16,0,2026-09-12 21:35,2026-09-12 21:35,,,https://www.youtube.com/channel/UCSG3-v7LdVTPe5oRPyEZDFA
UC2sBAv1M7Fvlxz4TPK-MfdA,@イジ_eazy,2,2ヶ月,Member (2 months),,不明,,,1,2,0,2026-09-12 21:35,2026-09-12 21:35,,,https://www.youtube.com/channel/UC2sBAv1M7Fvlxz4TPK-MfdA
UCqdEApDMtttYnNzmDXqukSg,@みのえだまめ,2,2ヶ月,Member (2 months),,不明,,,1,2,0,2026-09-13 20:01,2026-09-13 20:01,,,https://www.youtube.com/channel/UCqdEApDMtttYnNzmDXqukSg
UCgav70c0kNTnuX8s5uu6tEA,@そまねこちゃん,2,2ヶ月,Member (2 months),,不明,,,1,1,0,2026-09-13 20:01,2026-09-13 20:01,,,https://www.youtube.com/channel/UCgav70c0kNTnuX8s5uu6tEA
UC2NBZp-jEJ4cfTmn9eUzxWw,@じうん26,2,2ヶ月,Member (2 months),,不明,,,1,1,0,2026-09-16 21:01,2026-09-16 21:01,,,https://www.youtube.com/channel/UC2NBZp-jEJ4cfTmn9eUzxWw
UC2UlwhWgs6sCcWOHF_dKBCQ,@ぴぴまる-ovo,2,2ヶ月,Member (2 months),,不明,,,1,1,0,2026-09-16 21:01,2026-09-16 21:01,,,https://www.youtube.com/channel/UC2UlwhWgs6sCcWOHF_dKBCQ
UC-s1YhNUbD0BCDixKjcOdMg,@ありす-f9s,2,2ヶ月,Member (2 months),,不明,,,1,1,0,2026-09-16 21:01,2026-09-16 21:01,,,https://www.youtube.com/channel/UC-s1YhNUbD0BCDixKjcOdMg
UCW21Acha8eU_NTQJTGEHglA,@さくらあん-skr79,2,2ヶ月,Member (2 months),,不明,,,1,1,0,2026-09-19 16:47,2026-09-19 16:47,,,https://www.youtube.com/channel/UCW21Acha8eU_NTQJTGEHglA
UCY3cQapmHTh7hB3h2E3QhVQ,@さつきb_llo_o,2,2ヶ月,Member (2 months),,不明,,,1,2,0,2026-09-19 16:47,2026-09-19 16:47,,,https://www.youtube.com/channel/UCY3cQapmHTh7hB3h2E3QhVQ
UCMyOk3MCaFDHiov4P6t4mdQ,@SaKu_leo,2,2ヶ月,Member (2 months),,不明,,,1,98,0,2026-09-19 16:47,2026-09-19 16:47,,,https://www.youtube.com/channel/UCMyOk3MCaFDHiov4P6t4mdQ
UCnwMWpidf5AB2CNW8xrt0Tw,@どんトマトマ,2,2ヶ月,Member (2 months),,不明,,,1,2,0,2026-09-19 16:47,2026-09-19 16:47,,,https://www.youtube.com/channel/UCnwMWpidf5AB2CNW8xrt0Tw
UCp9paAk-5dDAt2KPgyfwCMQ,@強行突破_krc,2,2ヶ月,Member (2 months),,不明,,,1,10,0,2026-09-19 16:47,2026-09-19 16:47,,,https://www.youtube.com/channel/UCp9paAk-5dDAt2KPgyfwCMQ
UCuuf26LKX-Qya9YFdxJuvog,@そる-desu,2,2ヶ月,Member (2 months),,不明,,,1,1,0,2026-09-20 22:01,2026-09-20 22:01,,,https://www.youtube.com/channel/UCuuf26LKX-Qya9YFdxJuvog
UC1sw1aNlBIZeSouW5mtjlBQ,@ろん0o,2,2ヶ月,Member (2 months),,不明,,,1,1,0,2026-09-20 22:01,2026-09-20 22:01,,,https://www.youtube.com/channel/UC1sw1aNlBIZeSouW5mtjlBQ
UC0CAyJQ9ll2uV_lTZvzqubw,@かめ-d7q9y,2,2ヶ月,Member (2 months),,不明,,,1,1,0,2026-09-20 22:01,2026-09-20 22:01,,,https://www.youtube.com/channel/UC0CAyJQ9ll2uV_lTZvzqubw
UCvek2CWojqRyp7z4Hlkr_RQ,@Ijayoi,2,2ヶ月,Member (2 months),,不明,,,1,2,0,2026-09-22 20:02,2026-09-22 20:02,,,https://www.youtube.com/channel/UCvek2CWojqRyp7z4Hlkr_RQ
UC2mFNl6tmKQckR9N5vvW5Tw,@suzuran_v,2,2ヶ月,Member (2 months),,不明,,,1,1,0,2026-09-22 20:02,2026-09-22 20:02,,,https://www.youtube.com/channel/UC2mFNl6tmKQckR9N5vvW5Tw
UClnAHHQczlbJAG8N0BN5bPQ,@うる._.uruchan02,2,2ヶ月,Member (2 months),,不明,,,1,1,0,2026-09-22 20:02,2026-09-22 20:02,,,https://www.youtube.com/channel/UClnAHHQczlbJAG8N0BN5bPQ
UC29zU6HQHbb61BO3xX5qqDg,@霧rix,2,2ヶ月,Member (2 months),,不明,,,1,4,0,2026-09-22 20:02,2026-09-22 20:02,,,https://www.youtube.com/channel/UC29zU6HQHbb61BO3xX5qqDg
UCvMXPseSoH21ZoBO-_P0Nmw,@りゅーyy,2,2ヶ月,Member (2 months),,不明,,,1,5,0,2026-09-23 21:00,2026-09-23 21:00,,,https://www.youtube.com/channel/UCvMXPseSoH21ZoBO-_P0Nmw
UC5MGOJwYm3VdAF7C7x7dceQ,@ソンハ25,2,2ヶ月,Member (2 months),,不明,,,1,1,1,2026-09-23 21:00,2026-09-23 21:00,,,https://www.youtube.com/channel/UC5MGOJwYm3VdAF7C7x7dceQ
UCRLrOJLQ1DYkdsMDx2LRkKg,@Omochi22m,2,2ヶ月,Member (2 months),,酒寄颯馬のメンバーシップ,再加入/レベル変更,,1,1,1,2026-10-03 16:10,2026-10-03 16:10,,,https://www.youtube.com/channel/UCRLrOJLQ1DYkdsMDx2LRkKg
UCWoDHYlaBG3u32q_x6EIBBA,@bbann_26,2,2ヶ月,Member (2 months),,不明,,,1,1,0,2026-10-03 16:10,2026-10-03 16:10,,,https://www.youtube.com/channel/UCWoDHYlaBG3u32q_x6EIBBA
UCvTqBVNIU2oJpEiCOqCfQrg,@N4polemon,2,2ヶ月,Member (2 months),,不明,,,1,4,1,2026-10-03 22:02,2026-10-03 22:02,,,https://www.youtube.com/channel/UCvTqBVNIU2oJpEiCOqCfQrg
UCzWi5UMF374miBdsNWErIJQ,@絵具-i7e,2,2ヶ月,Member (2 months),,不明,,,1,1,0,2026-10-09 17:45,2026-10-09 17:45,,,https://www.youtube.com/channel/UCzWi5UMF374miBdsNWErIJQ
UCMi2carSsOQWq4N9i5SVLgQ,@crm9944,2,2ヶ月,Member (2 months),,不明,,,1,9,0,2026-10-09 17:45,2026-10-09 17:45,,,https://www.youtube.com/channel/UCMi2carSsOQWq4N9i5SVLgQ
UCtZEzQiHCRjQeOCVcNs4LQQ,@ゆるか-r8y,2,2ヶ月,Member (2 months),,不明,,,1,2,0,2026-10-09 17:45,2026-10-09 17:45,,,https://www.youtube.com/channel/UCtZEzQiHCRjQeOCVcNs4LQQ
UC6_E2RCl3xmX3opElJqARBQ,@botan-road,2,2ヶ月,Member (2 months),,不明,,,1,10,0,2026-10-09 17:45,2026-10-09 17:45,,,https://www.youtube.com/channel/UC6_E2RCl3xmX3opElJqARBQ
UCZlXx3ajSEfbaw3nRmGn3Kg,@ひろ-l2u9p,2,2ヶ月,Member (2 months),,不明,,,1,1,0,2026-10-09 17:45,2026-10-09 17:45,,,https://www.youtube.com/channel/UCZlXx3ajSEfbaw3nRmGn3Kg
UCytgxdMig7I5VmHWAzBTj6g,@ここポンカンツモ,2,2ヶ月,Member (2 months),,不明,,,1,2,0,2026-10-09 17:45,2026-10-09 17:45,,,https://www.youtube.com/channel/UCytgxdMig7I5VmHWAzBTj6g
UCAnMPEskjZ7Clz00OVi09sg,@井确いろは,2,2ヶ月,Member (2 months),,不明,,,1,5,0,2026-10-09 17:45,2026-10-09 17:45,,,https://www.youtube.com/channel/UCAnMPEskjZ7Clz00OVi09sg
UCgyxvwbuG0C_0kX3ghD_iVA,@ameco.,2,2ヶ月,Member (2 months),,不明,,,1,1,0,2026-10-09 17:45,2026-10-09 17:45,,,https://www.youtube.com/channel/UCgyxvwbuG0C_0kX3ghD_iVA
UC0BGLPKS1hny1EZgD_oNqnw,@くろみつknk,2,2ヶ月,Member (2 months),,不明,,,1,5,0,2026-10-09 17:45,2026-10-09 17:45,,,https://www.youtube.com/channel/UC0BGLPKS1hny1EZgD_oNqnw
UCOU8FiJhuC2w8fcIFM4aNRw,@彩花_sayaka,2,2ヶ月,Member (2 months),,不明,,,1,1,0,2026-10-09 17:45,2026-10-09 17:45,,,https://www.youtube.com/channel/UCOU8FiJhuC2w8fcIFM4aNRw
UCvUWegWlZ2tcm3dxTTU59LQ,@aa_814,1,1ヶ月,Member (1 month),,不明,,,14,2108,0,2026-09-12 21:35,2026-10-09 17:45,,,https://www.youtube.com/channel/UCvUWegWlZ2tcm3dxTTU59LQ
UCu7siN2a8L4LNaUGuAJgPOw,@coconatsu-620,1,1ヶ月,Member (1 month),,不明,,,13,278,5,2026-09-12 21:35,2026-10-09 17:45,,,https://www.youtube.com/channel/UCu7siN2a8L4LNaUGuAJgPOw
UCQ9U9YeVHLA75wvfNnQ_WIw,@37419-k,1,1ヶ月,Member (1 month),,不明,,,13,112,0,2026-09-12 21:35,2026-10-09 17:45,,,https://www.youtube.com/channel/UCQ9U9YeVHLA75wvfNnQ_WIw
UCPKrF_aCaX4q-tVASQ6a1hQ,@あいる-v8r1p,1,1ヶ月,Member (1 month),,不明,,,11,127,0,2026-09-12 21:35,2026-10-09 17:45,,,https://www.youtube.com/channel/UCPKrF_aCaX4q-tVASQ6a1hQ
UCpbD5qKQ0EKQbMdAlqCrmdQ,@aao__iiii-あおい,1,1ヶ月,Member (1 month),,不明,,,11,77,0,2026-09-13 20:01,2026-10-09 17:45,,,https://www.youtube.com/channel/UCpbD5qKQ0EKQbMdAlqCrmdQ
UColYhgk7ouMMPOLpmAPMw1A,@Mushruuuu,1,1ヶ月,Member (1 month),,不明,,,7,8,0,2026-09-12 21:35,2026-10-03 16:10,,,https://www.youtube.com/channel/UColYhgk7ouMMPOLpmAPMw1A
UCzrpoKTgduUqa_F8DWBKILg,@ひな-ss1221,1,1ヶ月,Member (1 month),,不明,,,7,48,2,2026-09-12 21:35,2026-10-03 22:02,,,https://www.youtube.com/channel/UCzrpoKTgduUqa_F8DWBKILg
UCmilyQJagEYsSvKHyzBl3zQ,@katsuki-i3y,1,1ヶ月,Member (1 month),,不明,,,7,15,1,2026-09-12 21:35,2026-09-24 14:36,,,https://www.youtube.com/channel/UCmilyQJagEYsSvKHyzBl3zQ
UCcAuxnMcHCnnlQVyhmdKHMw,@chapi-nya.143,1,1ヶ月,Member (1 month),,不明,,,7,8,0,2026-09-13 20:01,2026-10-09 17:45,,,https://www.youtube.com/channel/UCcAuxnMcHCnnlQVyhmdKHMw
UCAwi-tIpABSRhQS8mdkHLMw,@まみら-g7x,1,1ヶ月,Member (1 month),,不明,,,6,90,0,2026-09-12 21:35,2026-10-03 22:02,,,https://www.youtube.com/channel/UCAwi-tIpABSRhQS8mdkHLMw
UCZsYGujpEYKE16mrJFsWdzQ,@まい_vil_9u9,1,1ヶ月,Member (1 month),,不明,,,6,28,0,2026-09-16 21:01,2026-10-05 15:47,,,https://www.youtube.com/channel/UCZsYGujpEYKE16mrJFsWdzQ
UCJr_D1UPyr6CjLVbVZ60OvQ,@cotarou-5,1,1ヶ月,Member (1 month),,酒寄颯馬のメンバーシップ,ギフト,ギフトで加入,5,172,0,2026-09-26 19:06,2026-10-09 17:45,○,○,https://www.youtube.com/channel/UCJr_D1UPyr6CjLVbVZ60OvQ
UCtAwmulbIWWeoMFuAekpZIg,@しぇりー0i3,1,1ヶ月,Member (1 month),,不明,,,4,5,0,2026-09-12 21:35,2026-10-05 15:47,,,https://www.youtube.com/channel/UCtAwmulbIWWeoMFuAekpZIg
UCnsup8IuN8DK5WfVzW1bVdQ,@小芙777,1,1ヶ月,Member (1 month),,不明,,,4,5,0,2026-09-13 20:01,2026-10-03 16:10,,,https://www.youtube.com/channel/UCnsup8IuN8DK5WfVzW1bVdQ
UCiTctwgWV1mPHZO19uv8sgg,@ててまる0125,1,1ヶ月,Member (1 month),,不明,,,4,19,0,2026-09-19 16:47,2026-10-09 17:45,,,https://www.youtube.com/channel/UCiTctwgWV1mPHZO19uv8sgg
UC1IkplUqbhZWpni7jUau3Ng,@hina-1397,1,1ヶ月,Member (1 month),,不明,,,3,7,0,2026-09-12 21:35,2026-10-03 22:02,,,https://www.youtube.com/channel/UC1IkplUqbhZWpni7jUau3Ng
UCnae2Exbkl6sC9dPgCzsKKg,@383f,1,1ヶ月,Member (1 month),,不明,,,3,3,0,2026-09-12 21:35,2026-09-26 19:06,,,https://www.youtube.com/channel/UCnae2Exbkl6sC9dPgCzsKKg
UC13TnMjLBRe7MMkKwuU5aXA,@つきtu__118,1,1ヶ月,Member (1 month),,不明,,,3,37,2,2026-09-12 21:35,2026-09-23 21:00,,,https://www.youtube.com/channel/UC13TnMjLBRe7MMkKwuU5aXA
UC7VcKrBZyCzoX9YEUYQx9OA,@小雪ゆきね,1,1ヶ月,Member (1 month),,不明,,,3,4,0,2026-09-13 20:01,2026-09-22 20:02,,,https://www.youtube.com/channel/UC7VcKrBZyCzoX9YEUYQx9OA
UCR7DLeEXn3oswlJpy1TYT3Q,@h3r0_106,1,1ヶ月,Member (1 month),,不明,,,3,4,0,2026-09-20 22:01,2026-10-09 17:45,,,https://www.youtube.com/channel/UCR7DLeEXn3oswlJpy1TYT3Q
UC2VGDCY3sAlGeQIJ1Xq92jA,@mahirun_874,1,1ヶ月,Member (1 month),,不明,,,3,4,0,2026-09-20 22:01,2026-10-03 22:02,,,https://www.youtube.com/channel/UC2VGDCY3sAlGeQIJ1Xq92jA
UCLAzss6FwkbiAQ95EEjH-mw,@もちもちのなん,1,1ヶ月,Member (1 month),,不明,,,3,4,0,2026-09-20 22:01,2026-10-03 16:10,,,https://www.youtube.com/channel/UCLAzss6FwkbiAQ95EEjH-mw
UCYRxREF2RF8z4hfqol2Pxvg,@金木犀-p8e,1,1ヶ月,Member (1 month),,不明,,,3,4,0,2026-09-22 20:02,2026-10-09 17:45,,,https://www.youtube.com/channel/UCYRxREF2RF8z4hfqol2Pxvg
UCKaT4xUZdwCxBdWE7mF5gjg,@ご飯jp,1,1ヶ月,Member (1 month),,不明,,,3,37,0,2026-10-03 16:10,2026-10-09 17:45,,,https://www.youtube.com/channel/UCKaT4xUZdwCxBdWE7mF5gjg
UCqb55aZSkTA2yFuvBk2R5qQ,@moya6560,1,1ヶ月,Member (1 month),,不明,,,2,2,0,2026-09-12 21:35,2026-10-09 17:45,,,https://www.youtube.com/channel/UCqb55aZSkTA2yFuvBk2R5qQ
UCHksbVyFxSAMHn3HzPZ-YGA,@higetsu817,1,1ヶ月,Member (1 month),,不明,,,2,46,0,2026-09-12 21:35,2026-09-19 16:47,,,https://www.youtube.com/channel/UCHksbVyFxSAMHn3HzPZ-YGA
UCXCnr3LKYsUnZZuWTcU1JIg,@そうまくんととおるちゃんが大好きです,1,1ヶ月,Member (1 month),,不明,,,2,3,0,2026-09-16 21:01,2026-10-03 22:02,,,https://www.youtube.com/channel/UCXCnr3LKYsUnZZuWTcU1JIg
UCJjwvDVXtTLbkHHbHVjTmYQ,@ごくろう3,1,1ヶ月,Member (1 month),,不明,,,2,7,0,2026-09-19 16:47,2026-10-09 17:45,,,https://www.youtube.com/channel/UCJjwvDVXtTLbkHHbHVjTmYQ
UC1R0LFmfliwAZRM5iUSnFMw,@こちさん_21,1,1ヶ月,Member (1 month),,不明,,,2,3,0,2026-09-19 16:47,2026-09-23 21:00,,,https://www.youtube.com/channel/UC1R0LFmfliwAZRM5iUSnFMw
UChNGf3NBoQ-K_dScVGWePjQ,@user-hh4op9hn4o,1,1ヶ月,Member (1 month),,不明,,,2,8,0,2026-09-20 22:01,2026-10-09 17:45,,,https://www.youtube.com/channel/UChNGf3NBoQ-K_dScVGWePjQ
UCELQ7iNc-B0Bzf6K7bcFlHQ,@luvits2it,1,1ヶ月,Member (1 month),,不明,,,2,3,0,2026-09-20 22:01,2026-10-03 16:10,,,https://www.youtube.com/channel/UCELQ7iNc-B0Bzf6K7bcFlHQ
UCvbPYK2iZiUk1fdS0hAfYHw,@mananan3304,1,1ヶ月,Member (1 month),,不明,,,2,2,0,2026-10-05 15:47,2026-10-09 17:45,,,https://www.youtube.com/channel/UCvbPYK2iZiUk1fdS0hAfYHw
UC3Asmqp05LrOtCDIWzG2RyQ,@yuk1no_o,1,1ヶ月,Member (1 month),,不明,,,1,1,0,2026-09-12 21:35,2026-09-12 21:35,,,https://www.youtube.com/channel/UC3Asmqp05LrOtCDIWzG2RyQ
UCuIMOUt7eKW1iRCb4A3WL3g,@あすなろ-翌檜,1,1ヶ月,Member (1 month),,不明,,,1,11,0,2026-09-12 21:35,2026-09-12 21:35,,,https://www.youtube.com/channel/UCuIMOUt7eKW1iRCb4A3WL3g
UCaLku4JT3T9PfUKMfGSQndw,@あや-e6p9x,1,1ヶ月,Member (1 month),,不明,,,1,70,0,2026-09-12 21:35,2026-09-12 21:35,,,https://www.youtube.com/channel/UCaLku4JT3T9PfUKMfGSQndw
UCmzTmMKaKrhjV89hwzdHhkw,@KaraPasuuuu,1,1ヶ月,Member (1 month),,酒寄颯馬のメンバーシップ,新規加入,,1,2,0,2026-09-12 21:35,2026-09-12 21:35,○,,https://www.youtube.com/channel/UCmzTmMKaKrhjV89hwzdHhkw
UCFreAMkH2JZ46SmztjeXI_g,@hyouka-ss27,1,1ヶ月,Member (1 month),,不明,,,1,5,0,2026-09-16 21:01,2026-09-16 21:01,,,https://www.youtube.com/channel/UCFreAMkH2JZ46SmztjeXI_g
UCcAJUL21CYLTkFFKqnm_KVg,@いろは-1688,1,1ヶ月,Member (1 month),,不明,,,1,1,0,2026-09-19 16:47,2026-09-19 16:47,,,https://www.youtube.com/channel/UCcAJUL21CYLTkFFKqnm_KVg
UC-YxQPN-fuiMI5EuSlk_T8Q,@user-KOFU9696,1,1ヶ月,Member (1 month),,不明,,,1,2,0,2026-09-20 22:01,2026-09-20 22:01,,,https://www.youtube.com/channel/UC-YxQPN-fuiMI5EuSlk_T8Q
UCHv01dMmDy12VHYErBnwalg,@heliotrope__524,1,1ヶ月,Member (1 month),,不明,,,1,5,0,2026-09-20 22:01,2026-09-20 22:01,,,https://www.youtube.com/channel/UCHv01dMmDy12VHYErBnwalg
UC1X4UNEmQHnPODlZARTiiTA,@o0ちょこぷりん0o,1,1ヶ月,Member (1 month),,不明,,,1,12,0,2026-09-23 21:00,2026-09-23 21:00,,,https://www.youtube.com/channel/UC1X4UNEmQHnPODlZARTiiTA
UCxXMtCLuqcS_dIftTGaXjBQ,@ch_0205,1,1ヶ月,Member (1 month),,不明,,,1,1,0,2026-10-03 22:02,2026-10-03 22:02,,,https://www.youtube.com/channel/UCxXMtCLuqcS_dIftTGaXjBQ
UCq__7ZH8rkCeff25KPkcDlg,@momo_luv_0926,0,新規(1ヶ月未満),New member,,不明,,,12,218,5,2026-09-16 21:01,2026-10-09 17:45,,,https://www.youtube.com/channel/UCq__7ZH8rkCeff25KPkcDlg
UC4tejoiXP8Xi3x6CFDk4eMA,@koron7070,0,新規(1ヶ月未満),New member,,不明,,,5,8,0,2026-09-23 21:00,2026-10-09 17:45,,,https://www.youtube.com/channel/UC4tejoiXP8Xi3x6CFDk4eMA
UCGFWK5R_eHD0cPUqbc_lvYw,@もももみももも,0,新規(1ヶ月未満),New member,,酒寄颯馬のメンバーシップ,ギフト,ギフトで加入,5,136,0,2026-09-26 19:06,2026-10-09 17:45,○,○,https://www.youtube.com/channel/UCGFWK5R_eHD0cPUqbc_lvYw
UC1NVRQIkJnUd_LOGO-yLUfw,@s2-めめ,0,新規(1ヶ月未満),New member,,不明,,,4,14,0,2026-09-12 21:35,2026-10-09 17:45,,,https://www.youtube.com/channel/UC1NVRQIkJnUd_LOGO-yLUfw
UCVpOfg0YFCdCF64Jl42KB6Q,@qltlfdl02,0,新規(1ヶ月未満),New member,,不明,,,4,7,0,2026-09-12 21:35,2026-09-23 21:00,,,https://www.youtube.com/channel/UCVpOfg0YFCdCF64Jl42KB6Q
UCxiL8IC0sHFKv4wilZW-xaQ,@血海_ちか,0,新規(1ヶ月未満),New member,,不明,,,4,18,0,2026-09-13 20:01,2026-09-21 16:30,,,https://www.youtube.com/channel/UCxiL8IC0sHFKv4wilZW-xaQ
UCOzQ5Xu8z17sFVkfZ2buSQg,@結_yu_x,0,新規(1ヶ月未満),New member,,不明,,,4,36,0,2026-09-16 21:01,2026-09-23 21:00,,,https://www.youtube.com/channel/UCOzQ5Xu8z17sFVkfZ2buSQg
UCaJ_05sjWtYnRl10O709cfg,@akane7858,0,新規(1ヶ月未満),New member,,不明,,,4,6,0,2026-09-22 20:02,2026-10-09 17:45,,,https://www.youtube.com/channel/UCaJ_05sjWtYnRl10O709cfg
UCNoUCAMTeankN18-k-MK5NA,@tallinehorizon,0,新規(1ヶ月未満),New member,,酒寄颯馬のメンバーシップ,ギフト,ギフトで加入,4,49,0,2026-09-26 19:06,2026-10-09 17:45,○,○,https://www.youtube.com/channel/UCNoUCAMTeankN18-k-MK5NA
UCQf2Quq3QBWMuZbOcl4tw5Q,@tanununu334,0,新規(1ヶ月未満),New member,,不明,,,3,22,0,2026-09-12 21:35,2026-09-16 21:01,,,https://www.youtube.com/channel/UCQf2Quq3QBWMuZbOcl4tw5Q
UC8bJINWeZvSvidueT3yiXdg,@かんなみ-e3n,0,新規(1ヶ月未満),New member,,不明,,,3,13,0,2026-09-12 21:35,2026-09-21 16:30,,,https://www.youtube.com/channel/UC8bJINWeZvSvidueT3yiXdg
UCKBj_mhLQr-ouKPW5L98fYA,@れう-o4n,0,新規(1ヶ月未満),New member,,不明,,,3,54,0,2026-09-13 20:01,2026-09-23 21:00,,,https://www.youtube.com/channel/UCKBj_mhLQr-ouKPW5L98fYA
UC8-pveSRqYYNoF_gxjIpHIw,@おてんき_x,0,新規(1ヶ月未満),New member,,不明,,,3,8,0,2026-09-19 16:47,2026-09-23 21:00,,,https://www.youtube.com/channel/UC8-pveSRqYYNoF_gxjIpHIw
UCC_EhOt2mKN50mkmevGt-Hg,@xox_pop7,0,新規(1ヶ月未満),New member,,不明,,,3,7,0,2026-09-20 22:01,2026-10-05 15:47,,,https://www.youtube.com/channel/UCC_EhOt2mKN50mkmevGt-Hg
UCxzOcwRkWlP5DMAu8A_GZVQ,@ebebeb___000,0,新規(1ヶ月未満),New member,,酒寄颯馬のメンバーシップ,ギフト,ギフトで加入,3,197,0,2026-09-22 20:02,2026-10-09 17:45,○,○,https://www.youtube.com/channel/UCxzOcwRkWlP5DMAu8A_GZVQ
UCN0rEzsvxPLhAy70yS8NENQ,@nagi__sa__58,0,新規(1ヶ月未満),New member,,不明,,,2,56,0,2026-09-12 21:35,2026-09-20 22:01,,,https://www.youtube.com/channel/UCN0rEzsvxPLhAy70yS8NENQ
UCs1YMnmuzmtrmHHzNxDu_Qg,@元気がなくて暗い,0,新規(1ヶ月未満),New member,,不明,,,2,12,0,2026-09-12 21:35,2026-09-19 16:47,,,https://www.youtube.com/channel/UCs1YMnmuzmtrmHHzNxDu_Qg
UChIpHinZNSjPFWKYOclG4hg,@ゆいな_ooO,0,新規(1ヶ月未満),New member,,酒寄颯馬のメンバーシップ,ギフト,ギフトで加入,2,27,0,2026-09-12 21:35,2026-09-13 20:01,○,○,https://www.youtube.com/channel/UChIpHinZNSjPFWKYOclG4hg
UCr7sckA9vK9jAlYSTMhtmAw,@moumantai69420,0,新規(1ヶ月未満),New member,,酒寄颯馬のメンバーシップ,ギフト,ギフトで加入,2,1,0,2026-09-12 21:35,2026-09-19 16:47,○,○,https://www.youtube.com/channel/UCr7sckA9vK9jAlYSTMhtmAw
UCGmaUMJ5PB62lfE7OSe4lMA,@ユウ-o1j,0,新規(1ヶ月未満),New member,,不明,,,2,2,0,2026-09-13 20:01,2026-09-19 16:47,,,https://www.youtube.com/channel/UCGmaUMJ5PB62lfE7OSe4lMA
UCLUcthZOlzPML_GoKoEvXdQ,@ただのおしろ,0,新規(1ヶ月未満),New member,,不明,,,2,4,0,2026-09-19 16:47,2026-09-20 22:01,,,https://www.youtube.com/channel/UCLUcthZOlzPML_GoKoEvXdQ
UC_NfGwUIwBsHRGe_RPk3Tjw,@kibidangodayo,0,新規(1ヶ月未満),New member,,不明,,,2,3,0,2026-09-19 16:47,2026-09-21 16:30,,,https://www.youtube.com/channel/UC_NfGwUIwBsHRGe_RPk3Tjw
UCWgV-C1mk44O-cv0m5fy6KA,@りぜ__milky.0,0,新規(1ヶ月未満),New member,,酒寄颯馬のメンバーシップ,新規加入,,2,5,0,2026-09-20 22:01,2026-09-21 16:30,○,,https://www.youtube.com/channel/UCWgV-C1mk44O-cv0m5fy6KA
UCFXbZ3IWEXwxrsVNl5jru8g,@麗華-r1u,0,新規(1ヶ月未満),New member,,不明,,,2,4,0,2026-09-23 21:00,2026-09-26 19:06,,,https://www.youtube.com/channel/UCFXbZ3IWEXwxrsVNl5jru8g
UCCqQ26R3DUVdvFvD4poN2IA,@にゃ_z2,0,新規(1ヶ月未満),New member,,不明,,,1,2,0,2026-09-12 21:35,2026-09-12 21:35,,,https://www.youtube.com/channel/UCCqQ26R3DUVdvFvD4poN2IA
UCDj6d2MBC63Z8yYuVQOS7BA,@momokan7390,0,新規(1ヶ月未満),New member,,不明,,,1,2,0,2026-09-12 21:35,2026-09-12 21:35,,,https://www.youtube.com/channel/UCDj6d2MBC63Z8yYuVQOS7BA
UCP6sEobyPz0gQB3i_bfJXXw,@ねこねこ828,0,新規(1ヶ月未満),New member,,不明,,,1,2,0,2026-09-12 21:35,2026-09-12 21:35,,,https://www.youtube.com/channel/UCP6sEobyPz0gQB3i_bfJXXw
UCIY1jqxggQOagamq9MF9aKA,@いぬ-r6p,0,新規(1ヶ月未満),New member,,不明,,,1,9,0,2026-09-12 21:35,2026-09-12 21:35,,,https://www.youtube.com/channel/UCIY1jqxggQOagamq9MF9aKA
UCAolxcpgavSMyhKdbnTVlag,@守花-c3c,0,新規(1ヶ月未満),New member,,不明,,,1,1,0,2026-09-12 21:35,2026-09-12 21:35,,,https://www.youtube.com/channel/UCAolxcpgavSMyhKdbnTVlag
UC7WfUWav2nMJff6jbCgCONg,@白宮真緒_shiromiyamao,0,新規(1ヶ月未満),New member,,不明,,,1,50,0,2026-09-12 21:35,2026-09-12 21:35,,,https://www.youtube.com/channel/UC7WfUWav2nMJff6jbCgCONg
UCN4P5efDPjTo3LIYqb8OSLA,@kanonnon25,0,新規(1ヶ月未満),New member,,不明,,,1,10,0,2026-09-12 21:35,2026-09-12 21:35,,,https://www.youtube.com/channel/UCN4P5efDPjTo3LIYqb8OSLA
UCoku55_gZA8Kv72Srlg8IVQ,@Nana0707_N,0,新規(1ヶ月未満),New member,,酒寄颯馬のメンバーシップ,ギフト,ギフトで加入,1,1,0,2026-09-12 21:35,2026-09-12 21:35,○,○,https://www.youtube.com/channel/UCoku55_gZA8Kv72Srlg8IVQ
UCGGzxO_jGYOUw8VNnJ9yIKg,@carat__o,0,新規(1ヶ月未満),,,酒寄颯馬のメンバーシップ,ギフト,ギフトで加入,1,0,0,2026-09-12 21:35,2026-09-12 21:35,○,○,https://www.youtube.com/channel/UCGGzxO_jGYOUw8VNnJ9yIKg
UC3RCSj6GVHjwGASKwBqaRiw,@あやかayk-17,0,新規(1ヶ月未満),,,酒寄颯馬のメンバーシップ,ギフト,ギフトで加入,1,0,0,2026-09-12 21:35,2026-09-12 21:35,○,○,https://www.youtube.com/channel/UC3RCSj6GVHjwGASKwBqaRiw
UCR2em0XviBDWDsY7yxyt3VA,@ろいど-u2p,0,新規(1ヶ月未満),,,酒寄颯馬のメンバーシップ,ギフト,ギフトで加入,1,0,0,2026-09-12 21:35,2026-09-12 21:35,○,○,https://www.youtube.com/channel/UCR2em0XviBDWDsY7yxyt3VA
UCFhzw_xVQAgTjJ1PjClx1KA,@M1NAaaaaaA,0,新規(1ヶ月未満),,,酒寄颯馬のメンバーシップ,ギフト,ギフトで加入,1,0,0,2026-09-12 21:35,2026-09-12 21:35,○,○,https://www.youtube.com/channel/UCFhzw_xVQAgTjJ1PjClx1KA
UCR9swNtTqCktgLL2evAi1Ag,@shishou0829,0,新規(1ヶ月未満),,,酒寄颯馬のメンバーシップ,ギフト,ギフトで加入,1,0,0,2026-09-12 21:35,2026-09-12 21:35,○,○,https://www.youtube.com/channel/UCR9swNtTqCktgLL2evAi1Ag
UCdEU0hQcREQ_yYTqEybefeg,@破壊神821黒猫,0,新規(1ヶ月未満),,,酒寄颯馬のメンバーシップ,ギフト,ギフトで加入,1,0,0,2026-09-12 21:35,2026-09-12 21:35,○,○,https://www.youtube.com/channel/UCdEU0hQcREQ_yYTqEybefeg
UCtEPnFNN4rH6TqdpvEPk21g,@hinataroooooooooo,0,新規(1ヶ月未満),,,酒寄颯馬のメンバーシップ,ギフト,ギフトで加入,1,0,0,2026-09-12 21:35,2026-09-12 21:35,○,○,https://www.youtube.com/channel/UCtEPnFNN4rH6TqdpvEPk21g
UC21fPkjIXsLZZq1Z-aMfokQ,@ayuzak,0,新規(1ヶ月未満),,,酒寄颯馬のメンバーシップ,ギフト,ギフトで加入,1,0,0,2026-09-12 21:35,2026-09-12 21:35,○,○,https://www.youtube.com/channel/UC21fPkjIXsLZZq1Z-aMfokQ
UCWEnAUZOWoeeeBfVcsrsbWQ,@こっとんがーぜ,0,新規(1ヶ月未満),,,酒寄颯馬のメンバーシップ,ギフト,ギフトで加入,1,0,0,2026-09-12 21:35,2026-09-12 21:35,○,○,https://www.youtube.com/channel/UCWEnAUZOWoeeeBfVcsrsbWQ
UCsrf04pdCF9eZbYB7mxT7yQ,@hazuki1564,0,新規(1ヶ月未満),,,酒寄颯馬のメンバーシップ,ギフト,ギフトで加入,1,0,0,2026-09-12 21:35,2026-09-12 21:35,○,○,https://www.youtube.com/channel/UCsrf04pdCF9eZbYB7mxT7yQ
UCWWEiT9bmf8TwhyIWlXkDdQ,@machi_9351,0,新規(1ヶ月未満),,,酒寄颯馬のメンバーシップ,ギフト,ギフトで加入,1,0,0,2026-09-12 21:35,2026-09-12 21:35,○,○,https://www.youtube.com/channel/UCWWEiT9bmf8TwhyIWlXkDdQ
UCvSzckAU2l2Nca34x1gZvaw,@内巻き,0,新規(1ヶ月未満),,,酒寄颯馬のメンバーシップ,ギフト,ギフトで加入,1,0,0,2026-09-12 21:35,2026-09-12 21:35,○,○,https://www.youtube.com/channel/UCvSzckAU2l2Nca34x1gZvaw
UCVPL0FqkhXfGmZaDyLsV6MA,@kaijinn0810,0,新規(1ヶ月未満),,,酒寄颯馬のメンバーシップ,ギフト,ギフトで加入,1,0,0,2026-09-12 21:35,2026-09-12 21:35,○,○,https://www.youtube.com/channel/UCVPL0FqkhXfGmZaDyLsV6MA
UCId8fx7u1bIG6CBiNMppacg,@3sansanchiman,0,新規(1ヶ月未満),,,酒寄颯馬のメンバーシップ,ギフト,ギフトで加入,1,0,0,2026-09-12 21:35,2026-09-12 21:35,○,○,https://www.youtube.com/channel/UCId8fx7u1bIG6CBiNMppacg
UCssjMVoY5Jdb0wAXowK0XHw,@旬のちくわ,0,新規(1ヶ月未満),,,酒寄颯馬のメンバーシップ,ギフト,ギフトで加入,1,0,0,2026-09-12 21:35,2026-09-12 21:35,○,○,https://www.youtube.com/channel/UCssjMVoY5Jdb0wAXowK0XHw
UCX_XFNAsWsM6NJ0tBwamoRA,@そらt2v-i4t,0,新規(1ヶ月未満),,,酒寄颯馬のメンバーシップ,ギフト,ギフトで加入,1,0,0,2026-09-12 21:35,2026-09-12 21:35,○,○,https://www.youtube.com/channel/UCX_XFNAsWsM6NJ0tBwamoRA
UCbMhF66HIfY-P2q3Kt3JdVQ,@itsuka-xm5lz,0,新規(1ヶ月未満),,,酒寄颯馬のメンバーシップ,ギフト,ギフトで加入,1,0,0,2026-09-12 21:35,2026-09-12 21:35,○,○,https://www.youtube.com/channel/UCbMhF66HIfY-P2q3Kt3JdVQ
UCbazvh9DX-BZ404Ul66-7aQ,@tg_hina0609,0,新規(1ヶ月未満),New member,,不明,,,1,2,0,2026-09-13 20:01,2026-09-13 20:01,,,https://www.youtube.com/channel/UCbazvh9DX-BZ404Ul66-7aQ
UCktkT2WXBwCUh2ARn2A0iCQ,@ごまあざらし-k1v,0,新規(1ヶ月未満),New member,,不明,,,1,1,0,2026-09-13 20:01,2026-09-13 20:01,,,https://www.youtube.com/channel/UCktkT2WXBwCUh2ARn2A0iCQ
UCZ-jtJ1YjETSsQdursdRq_g,@ふぃるむFILM,0,新規(1ヶ月未満),New member,,不明,,,1,1,0,2026-09-13 20:01,2026-09-13 20:01,,,https://www.youtube.com/channel/UCZ-jtJ1YjETSsQdursdRq_g
UCNw4oNdrQOnFwvZjk1wHDfQ,@FISH_531,0,新規(1ヶ月未満),New member,,不明,,,1,2,1,2026-09-16 21:01,2026-09-16 21:01,,,https://www.youtube.com/channel/UCNw4oNdrQOnFwvZjk1wHDfQ
UC8U-GtE4JpVqS0KWyTq65Ww,@lislu4661,0,新規(1ヶ月未満),New member,,不明,,,1,1,0,2026-09-19 16:47,2026-09-19 16:47,,,https://www.youtube.com/channel/UC8U-GtE4JpVqS0KWyTq65Ww
UCCWq6PL-c78KVYmezbrZXIA,@shioriiiiiii,0,新規(1ヶ月未満),New member,,不明,,,1,1,0,2026-09-20 22:01,2026-09-20 22:01,,,https://www.youtube.com/channel/UCCWq6PL-c78KVYmezbrZXIA
UCCM3SSDmvVDXTjeg_4xJhxg,@ちーずたると-s9f,0,新規(1ヶ月未満),New member,,不明,,,1,6,0,2026-09-20 22:01,2026-09-20 22:01,,,https://www.youtube.com/channel/UCCM3SSDmvVDXTjeg_4xJhxg
UCEprIccojLdre3Un4KL5AWg,@メイ-l8p9x,0,新規(1ヶ月未満),New member,,不明,,,1,1,0,2026-09-20 22:01,2026-09-20 22:01,,,https://www.youtube.com/channel/UCEprIccojLdre3Un4KL5AWg
UCh84roLqedHHJzN0pw3nlMQ,@ruo-m1y,0,新規(1ヶ月未満),New member,,不明,,,1,1,0,2026-09-20 22:01,2026-09-20 22:01,,,https://www.youtube.com/channel/UCh84roLqedHHJzN0pw3nlMQ
UCLzmc_WYL-ftyRkDuh54hwg,@pxn_s2,0,新規(1ヶ月未満),New member,,不明,,,1,3,0,2026-09-20 22:01,2026-09-20 22:01,,,https://www.youtube.com/channel/UCLzmc_WYL-ftyRkDuh54hwg
UCJU3szZt1zS6KgL8pX5RNCg,@kon-n2n,0,新規(1ヶ月未満),New member,,酒寄颯馬のメンバーシップ,新規加入,,1,0,0,2026-09-20 22:01,2026-09-20 22:01,○,,https://www.youtube.com/channel/UCJU3szZt1zS6KgL8pX5RNCg
UCJA5CGWKffMlvM_xaA1erEA,@cielo3908,0,新規(1ヶ月未満),,,酒寄颯馬のメンバーシップ,ギフト,ギフトで加入,1,0,0,2026-09-21 16:30,2026-09-21 16:30,○,○,https://www.youtube.com/channel/UCJA5CGWKffMlvM_xaA1erEA
UCl2OFqgSLN-mye0zkj_vB8g,@水曜日sy_b,0,新規(1ヶ月未満),,,酒寄颯馬のメンバーシップ,ギフト,ギフトで加入,1,0,0,2026-09-21 16:30,2026-09-21 16:30,○,○,https://www.youtube.com/channel/UCl2OFqgSLN-mye0zkj_vB8g
UCH_sydU929yUGVpK5oBT45Q,@ずみ-k5p,0,新規(1ヶ月未満),,,酒寄颯馬のメンバーシップ,ギフト,ギフトで加入,1,0,0,2026-09-21 16:30,2026-09-21 16:30,○,○,https://www.youtube.com/channel/UCH_sydU929yUGVpK5oBT45Q
UCHsM0tXskb4lPWNkoYPC_SQ,@kazupo0614,0,新規(1ヶ月未満),,,酒寄颯馬のメンバーシップ,ギフト,ギフトで加入,1,0,0,2026-09-21 16:30,2026-09-21 16:30,○,○,https://www.youtube.com/channel/UCHsM0tXskb4lPWNkoYPC_SQ
UCuuuSmhd30JAvrw1DLw2HSQ,@rei.kurose_cat,0,新規(1ヶ月未満),,,酒寄颯馬のメンバーシップ,ギフト,ギフトで加入,1,0,0,2026-09-21 16:30,2026-09-21 16:30,○,○,https://www.youtube.com/channel/UCuuuSmhd30JAvrw1DLw2HSQ
UCaR1eZgZvI_Kk2O5EOZphyA,@零-b2d,0,新規(1ヶ月未満),,,酒寄颯馬のメンバーシップ,ギフト,ギフトで加入,1,0,0,2026-09-22 20:02,2026-09-22 20:02,○,○,https://www.youtube.com/channel/UCaR1eZgZvI_Kk2O5EOZphyA
UC2g-1nTniXJg4qVP8HH7dkg,@浅葱ハルヒみほみん幸せにし隊,0,新規(1ヶ月未満),,,酒寄颯馬のメンバーシップ,ギフト,ギフトで加入,1,0,0,2026-09-22 20:02,2026-09-22 20:02,○,○,https://www.youtube.com/channel/UC2g-1nTniXJg4qVP8HH7dkg
UCVKGylMkjOY1Rqz7h48w25g,@wreak6268,0,新規(1ヶ月未満),,,酒寄颯馬のメンバーシップ,ギフト,ギフトで加入,1,0,0,2026-09-22 20:02,2026-09-22 20:02,○,○,https://www.youtube.com/channel/UCVKGylMkjOY1Rqz7h48w25g
UC7ZbmCYmDtKfB7qohoorMSw,@まじん-z8x,0,新規(1ヶ月未満),,,酒寄颯馬のメンバーシップ,ギフト,ギフトで加入,1,0,0,2026-09-22 20:02,2026-09-22 20:02,○,○,https://www.youtube.com/channel/UC7ZbmCYmDtKfB7qohoorMSw
UCsG7-7f21FxCYLiWVZ4vxvg,@slime-536,0,新規(1ヶ月未満),New member,,不明,,,1,1,0,2026-09-23 21:00,2026-09-23 21:00,,,https://www.youtube.com/channel/UCsG7-7f21FxCYLiWVZ4vxvg
UC8BBIH0amdo9TZlvqnuU_2w,@ソウ-135,0,新規(1ヶ月未満),New member,,不明,,,1,1,0,2026-09-23 21:00,2026-09-23 21:00,,,https://www.youtube.com/channel/UC8BBIH0amdo9TZlvqnuU_2w
UCEwy_MUHn4I6WMtxfU9VqWg,@potamato,0,新規(1ヶ月未満),New member,,不明,,,1,1,0,2026-09-23 21:00,2026-09-23 21:00,,,https://www.youtube.com/channel/UCEwy_MUHn4I6WMtxfU9VqWg
UCgpJw5TWM6N68EXh7dfxJWA,@ポル-w5o,0,新規(1ヶ月未満),,,酒寄颯馬のメンバーシップ,ギフト,ギフトで加入,1,0,0,2026-09-23 21:00,2026-09-23 21:00,○,○,https://www.youtube.com/channel/UCgpJw5TWM6N68EXh7dfxJWA
UCa18pYzl8EWehUfoYMbk5Yw,@moguzerii,0,新規(1ヶ月未満),,,酒寄颯馬のメンバーシップ,ギフト,ギフトで加入,1,0,0,2026-09-23 21:00,2026-09-23 21:00,○,○,https://www.youtube.com/channel/UCa18pYzl8EWehUfoYMbk5Yw
UCU5AqXghEi2gFDyb46eyjVw,@sei3253,0,新規(1ヶ月未満),,,酒寄颯馬のメンバーシップ,ギフト,ギフトで加入,1,0,0,2026-09-23 21:00,2026-09-23 21:00,○,○,https://www.youtube.com/channel/UCU5AqXghEi2gFDyb46eyjVw
UCusiBQH2xIsHmzdLvXTe7ig,@なすびー-z6f,0,新規(1ヶ月未満),,,酒寄颯馬のメンバーシップ,ギフト,ギフトで加入,1,0,0,2026-09-23 21:00,2026-09-23 21:00,○,○,https://www.youtube.com/channel/UCusiBQH2xIsHmzdLvXTe7ig
UCWgSXKM6gcoLayCV_KRVrUg,@panda94212,0,新規(1ヶ月未満),,,酒寄颯馬のメンバーシップ,ギフト,ギフトで加入,1,0,0,2026-09-23 21:00,2026-09-23 21:00,○,○,https://www.youtube.com/channel/UCWgSXKM6gcoLayCV_KRVrUg
UCFqY-pkL55ySYIkHebrxcmg,@blue_con,0,新規(1ヶ月未満),New member,,不明,,,1,1,0,2026-09-24 14:36,2026-09-24 14:36,,,https://www.youtube.com/channel/UCFqY-pkL55ySYIkHebrxcmg
UCOwIZolxB1sHamwZq4xxcug,@Cajetan316,0,新規(1ヶ月未満),New member,,不明,,,1,6,0,2026-09-24 14:36,2026-09-24 14:36,,,https://www.youtube.com/channel/UCOwIZolxB1sHamwZq4xxcug
UCsp4dT1WDNZmXdT7S0L4WTA,@v0llm0nd,0,新規(1ヶ月未満),,,酒寄颯馬のメンバーシップ,ギフト,ギフトで加入,1,0,0,2026-09-26 19:06,2026-09-26 19:06,○,○,https://www.youtube.com/channel/UCsp4dT1WDNZmXdT7S0L4WTA
UCbK2fI504LPJT9I1ft2yy5Q,@あんずあめ5,0,新規(1ヶ月未満),,,酒寄颯馬のメンバーシップ,ギフト,ギフトで加入,1,0,0,2026-09-26 19:06,2026-09-26 19:06,○,○,https://www.youtube.com/channel/UCbK2fI504LPJT9I1ft2yy5Q
UCRLYaDAXJPo5R5LkOUwVSXg,@ロコ-l9o,0,新規(1ヶ月未満),New member,,不明,,,1,1,0,2026-10-03 16:10,2026-10-03 16:10,,,https://www.youtube.com/channel/UCRLYaDAXJPo5R5LkOUwVSXg
UCgP64LKAifRD5zfXWW_Zs6g,@Jin_Makino,0,新規(1ヶ月未満),New member,,不明,,,1,1,0,2026-10-09 17:45,2026-10-09 17:45,,,https://www.youtube.com/channel/UCgP64LKAifRD5zfXWW_Zs6g
UCZFCWmYf6n_qaft7rZmHe4Q,@萤火虫-z2v6f,0,新規(1ヶ月未満),New member,,酒寄颯馬のメンバーシップ,新規加入,,1,1,0,2026-10-09 17:45,2026-10-09 17:45,○,,https://www.youtube.com/channel/UCZFCWmYf6n_qaft7rZmHe4Q
UCrOdbMU0pav5O93pGK1TXvQ,@1_tou_reisyou,0,新規(1ヶ月未満),New member,,酒寄颯馬のメンバーシップ,新規加入,,1,0,0,2026-10-09 17:45,2026-10-09 17:45,○,,https://www.youtube.com/channel/UCrOdbMU0pav5O93pGK1TXvQ
UC9yYzoRzYwaSJvB5QAeQGzg,@ゆっきーちゃん-m2f,0,新規(1ヶ月未満),New member,,酒寄颯馬のメンバーシップ,新規加入,,1,0,0,2026-10-09 17:45,2026-10-09 17:45,○,,https://www.youtube.com/channel/UC9yYzoRzYwaSJvB5QAeQGzg
