channel_id,name,badge_months,badge,badge_tooltip,milestone_months,tier,tier_source,revenue_note,streams_seen,messages,superchats,first_seen,last_seen,joined_in_period,gift_received,url
UC-KPTOlVCvtLG3G5FJe3SPQ,@user-tt3rs1mq8r,48,4年,Member (4 years),,不明,,,19,297,1,2026-09-09 05:37,2026-10-08 00:00,,,https://www.youtube.com/channel/UC-KPTOlVCvtLG3G5FJe3SPQ
UCkEiIuwbC0PVQ7odjkTP-sw,@るかる-s5f,48,4年,Member (4 years),,不明,,,19,1515,0,2026-09-09 05:37,2026-10-08 00:00,,,https://www.youtube.com/channel/UCkEiIuwbC0PVQ7odjkTP-sw
UCi7Y_wrG_re7nQSs3t_xnnA,@まり-m8t,48,4年,Member (4 years),,不明,,,19,1221,0,2026-09-09 05:37,2026-10-08 00:00,,,https://www.youtube.com/channel/UCi7Y_wrG_re7nQSs3t_xnnA
UCqt2e2m6LWqXqqX-5MMBofg,@ひろ-x9p,48,4年,Member (4 years),,不明,,,19,2377,0,2026-09-09 05:37,2026-10-08 00:00,,,https://www.youtube.com/channel/UCqt2e2m6LWqXqqX-5MMBofg
UCn4sSj1GO1KwWAov2eJCoWg,@sie333,48,4年,Member (4 years),,不明,,,19,1108,0,2026-09-09 05:37,2026-10-08 00:00,,,https://www.youtube.com/channel/UCn4sSj1GO1KwWAov2eJCoWg
UCUNimgHgxmhJpSQ1kbNTRQA,@kpこっぺぱん,48,4年,Member (4 years),,不明,,,19,2448,0,2026-09-09 05:37,2026-10-08 00:00,,,https://www.youtube.com/channel/UCUNimgHgxmhJpSQ1kbNTRQA
UC7ydhk5BOStY64Yl1_phQCQ,@rara-ug7wf,48,4年,Member (4 years),,不明,,,19,671,0,2026-09-09 05:37,2026-10-08 00:00,,,https://www.youtube.com/channel/UC7ydhk5BOStY64Yl1_phQCQ
UC80WBhW-CRlomZF9wgx7wYA,@kururu7975,48,4年,Member (4 years),,不明,,,19,1552,0,2026-09-09 05:37,2026-10-08 00:00,,,https://www.youtube.com/channel/UC80WBhW-CRlomZF9wgx7wYA
UCNVfuYpQjjAXmXgCNDHf0lA,@kurumipan,48,4年,Member (4 years),,不明,,,19,2148,0,2026-09-09 05:37,2026-10-08 00:00,,,https://www.youtube.com/channel/UCNVfuYpQjjAXmXgCNDHf0lA
UCMH23D2riMYAe9Gx3LzftOA,@りず_mnt,48,4年,Member (4 years),,不明,,,19,275,0,2026-09-09 05:37,2026-10-08 00:00,,,https://www.youtube.com/channel/UCMH23D2riMYAe9Gx3LzftOA
UCOPoS7FIPDgZI-BTqSXO3ow,@母上.v,48,4年,Member (4 years),,不明,,,19,3988,1,2026-09-09 05:37,2026-10-08 00:00,,,https://www.youtube.com/channel/UCOPoS7FIPDgZI-BTqSXO3ow
UCsNVmFljeQfoVlBm1-cgdBw,@ぎゅうひ-n2d,48,4年,Member (4 years),,不明,,,19,243,0,2026-09-09 05:37,2026-10-08 00:00,,,https://www.youtube.com/channel/UCsNVmFljeQfoVlBm1-cgdBw
UCVo7KjHkeurEjZgmdYxp56g,@あきハル-o5g,48,4年,Member (4 years),,不明,,,19,353,0,2026-09-09 05:37,2026-10-08 00:00,,,https://www.youtube.com/channel/UCVo7KjHkeurEjZgmdYxp56g
UCWeWpMszvlTrOi59pG6Dm4g,@rarara_24pe,48,4年,Member (4 years),,不明,,,19,1098,0,2026-09-09 05:37,2026-10-08 00:00,,,https://www.youtube.com/channel/UCWeWpMszvlTrOi59pG6Dm4g
UCB6kEO3askwEGO60ESHr9gw,@もんちmonchan,48,4年,Member (4 years),,不明,,,19,235,1,2026-09-09 05:37,2026-10-08 00:00,,,https://www.youtube.com/channel/UCB6kEO3askwEGO60ESHr9gw
UCDz7_aNKsZbid6tqTfWhGRg,@ポックル-p,48,4年,Member (4 years),,不明,,,19,3255,0,2026-09-09 05:37,2026-10-08 00:00,,,https://www.youtube.com/channel/UCDz7_aNKsZbid6tqTfWhGRg
UCm_gMl6CsprS83Ph_F7t-BQ,@mame-gon,48,4年,Member (4 years),,不明,,,19,1265,0,2026-09-09 05:37,2026-10-08 00:00,,,https://www.youtube.com/channel/UCm_gMl6CsprS83Ph_F7t-BQ
UCgc6UWcjmvNQc98VxsjM_6Q,@こま666,48,4年,Member (4 years),,不明,,,19,230,0,2026-09-09 05:37,2026-10-08 00:00,,,https://www.youtube.com/channel/UCgc6UWcjmvNQc98VxsjM_6Q
UCzs40XAxoEnaQ_tp6bybN-A,@ココア_28,48,4年,Member (4 years),,不明,,,19,2252,0,2026-09-09 05:37,2026-10-08 00:00,,,https://www.youtube.com/channel/UCzs40XAxoEnaQ_tp6bybN-A
UCs77ns3EhMS3r1sOWuN9jqA,@オムむ,48,4年,Member (4 years),,不明,,,19,1428,0,2026-09-09 05:37,2026-10-08 00:00,,,https://www.youtube.com/channel/UCs77ns3EhMS3r1sOWuN9jqA
UCBiyeMfPyKbLrhNHD8Gx6qg,@ヒナちゃU._.U,48,4年,Member (4 years),,不明,,,19,2133,0,2026-09-09 05:37,2026-10-08 00:00,,,https://www.youtube.com/channel/UCBiyeMfPyKbLrhNHD8Gx6qg
UCBGBHZ-zrTnvX8yrrIkEqlw,@まーぼーどーふ-i8k,48,4年,Member (4 years),,不明,,,19,414,0,2026-09-09 05:37,2026-10-08 00:00,,,https://www.youtube.com/channel/UCBGBHZ-zrTnvX8yrrIkEqlw
UCSgsHTCN1PLQt9KcpwrwNyw,@INa-bp7cx,48,4年,Member (4 years),,不明,,,19,949,0,2026-09-09 05:37,2026-10-08 00:00,,,https://www.youtube.com/channel/UCSgsHTCN1PLQt9KcpwrwNyw
UCaH-Y_Nf1CtGahmskuyruVw,@B3.びーすりー,48,4年,Member (4 years),,不明,,,19,1821,0,2026-09-09 05:37,2026-10-08 00:00,,,https://www.youtube.com/channel/UCaH-Y_Nf1CtGahmskuyruVw
UCCEZnkrFgbsyg0fJkHTRQxQ,@lu-kp1xp,48,4年,Member (4 years),,不明,,,18,977,0,2026-09-09 05:37,2026-10-08 00:00,,,https://www.youtube.com/channel/UCCEZnkrFgbsyg0fJkHTRQxQ
UCKgbts8texw6Ugded_eiiSA,@もりのo,48,4年,Member (4 years),,不明,,,18,389,1,2026-09-09 05:37,2026-10-08 00:00,,,https://www.youtube.com/channel/UCKgbts8texw6Ugded_eiiSA
UCZX7wAOGKFvWqSXee4McSGg,@o0めいたろ,48,4年,Member (4 years),,不明,,,18,3336,0,2026-09-09 05:37,2026-10-08 00:00,,,https://www.youtube.com/channel/UCZX7wAOGKFvWqSXee4McSGg
UCycqc54YB2nWpQW-Hg48WaQ,@Chiaki_k217,48,4年,Member (4 years),,不明,,,18,1561,2,2026-09-09 05:37,2026-10-08 00:00,,,https://www.youtube.com/channel/UCycqc54YB2nWpQW-Hg48WaQ
UCFx8T1RHl23JHSYPajtS5-w,@たまぴよ-28,48,4年,Member (4 years),,不明,,,18,159,0,2026-09-09 05:37,2026-10-08 00:00,,,https://www.youtube.com/channel/UCFx8T1RHl23JHSYPajtS5-w
UCBP8g_x3S0BxGgJUgObT8HQ,@あかね-p5r,48,4年,Member (4 years),,不明,,,18,404,0,2026-09-09 05:37,2026-10-08 00:00,,,https://www.youtube.com/channel/UCBP8g_x3S0BxGgJUgObT8HQ
UCcGsH04KEZnYgmm_bIDPxoA,@すももo_o,48,4年,Member (4 years),,不明,,,18,979,0,2026-09-09 05:37,2026-10-06 20:31,,,https://www.youtube.com/channel/UCcGsH04KEZnYgmm_bIDPxoA
UCRV_wB2lzADvVnFbBjnID_A,@ふう-gri,48,4年,Member (4 years),,不明,,,18,3307,0,2026-09-09 05:37,2026-10-08 00:00,,,https://www.youtube.com/channel/UCRV_wB2lzADvVnFbBjnID_A
UC3JWo1fgNuxUHWhU-Iq65Ag,@M4GU_R,48,4年,Member (4 years),,不明,,,18,411,0,2026-09-09 05:37,2026-10-08 00:00,,,https://www.youtube.com/channel/UC3JWo1fgNuxUHWhU-Iq65Ag
UC3wWaTVo75wdqJEEGengDDA,@麗_Rei,48,4年,Member (4 years),,不明,,,18,1219,0,2026-09-09 05:37,2026-10-08 00:00,,,https://www.youtube.com/channel/UC3wWaTVo75wdqJEEGengDDA
UCS2kG0AGdwCUV3kIiOnmQQw,@あやね-d7e,48,4年,Member (4 years),,不明,,,18,181,0,2026-09-09 05:37,2026-10-08 00:00,,,https://www.youtube.com/channel/UCS2kG0AGdwCUV3kIiOnmQQw
UCICe7bs_-eJ5dtipxaUXY4g,@バけ,48,4年,Member (4 years),,不明,,,18,1220,0,2026-09-09 05:37,2026-10-08 00:00,,,https://www.youtube.com/channel/UCICe7bs_-eJ5dtipxaUXY4g
UCkbuc998ByMbv_2ElCcji2w,@みしろくん,48,4年,Member (4 years),,不明,,,18,375,0,2026-09-09 05:37,2026-10-06 20:31,,,https://www.youtube.com/channel/UCkbuc998ByMbv_2ElCcji2w
UC1tiSU55dgna6teLR3YgeTg,@nuuどる,48,4年,Member (4 years),,不明,,,18,450,0,2026-09-09 05:37,2026-10-08 00:00,,,https://www.youtube.com/channel/UC1tiSU55dgna6teLR3YgeTg
UCKP-VyVkZuYfm1Qfnj4nCLQ,@ささみ-3710,48,4年,Member (4 years),,不明,,,18,1151,0,2026-09-09 05:37,2026-10-08 00:00,,,https://www.youtube.com/channel/UCKP-VyVkZuYfm1Qfnj4nCLQ
UCDA7Z7BeWNUDkCfQhWkLD0A,@goron_nyao-n,48,4年,Member (4 years),,不明,,,18,2736,1,2026-09-09 05:37,2026-10-06 20:31,,,https://www.youtube.com/channel/UCDA7Z7BeWNUDkCfQhWkLD0A
UCAhvs9OF4wF8gb501BCvUtw,@ぱなきち-28,48,4年,Member (4 years),,不明,,,18,2453,18,2026-09-09 05:37,2026-10-08 00:00,,,https://www.youtube.com/channel/UCAhvs9OF4wF8gb501BCvUtw
UC3vB70bLFPkzHWTx5mYHKjQ,@璃音-rion,48,4年,Member (4 years),,不明,,,18,144,0,2026-09-09 05:37,2026-10-08 00:00,,,https://www.youtube.com/channel/UC3vB70bLFPkzHWTx5mYHKjQ
UCny0KtTATvouR6jzA5lxZAg,@ムウ-svg,48,4年,Member (4 years),,不明,,,18,1627,0,2026-09-09 05:37,2026-10-08 00:00,,,https://www.youtube.com/channel/UCny0KtTATvouR6jzA5lxZAg
UCQjgwIfRttB7An-5sbURoIg,@もえみゅん_oO,48,4年,Member (4 years),,不明,,,18,1728,0,2026-09-09 05:37,2026-10-08 00:00,,,https://www.youtube.com/channel/UCQjgwIfRttB7An-5sbURoIg
UCqST1SFEpxGyIjMsSpnUhPw,@すう-x9d,48,4年,Member (4 years),,不明,,,18,442,0,2026-09-09 05:37,2026-10-08 00:00,,,https://www.youtube.com/channel/UCqST1SFEpxGyIjMsSpnUhPw
UCpqJkPNCJsEbQ8ZbMi5cLKg,@回転寿司-d2b,48,4年,Member (4 years),,不明,,,18,514,0,2026-09-09 05:37,2026-10-08 00:00,,,https://www.youtube.com/channel/UCpqJkPNCJsEbQ8ZbMi5cLKg
UCmzN455RYKxQYpzkfUXMZSw,@oOあやかちゃん,48,4年,Member (4 years),,不明,,,18,1373,0,2026-09-09 05:37,2026-10-08 00:00,,,https://www.youtube.com/channel/UCmzN455RYKxQYpzkfUXMZSw
UCqoJABj34fXqs1bx0Mu2_lw,@あさasaa,48,4年,Member (4 years),,不明,,,18,137,0,2026-09-09 05:37,2026-10-08 00:00,,,https://www.youtube.com/channel/UCqoJABj34fXqs1bx0Mu2_lw
UCkx8jL-1znHDd4l-ey64F_A,@ぴよる,48,4年,Member (4 years),,不明,,,18,3825,0,2026-09-09 05:37,2026-10-08 00:00,,,https://www.youtube.com/channel/UCkx8jL-1znHDd4l-ey64F_A
UC0fXJwA80zp3St97LFvruRQ,@如月雫-d3b,48,4年,Member (4 years),,不明,,,18,1541,0,2026-09-14 07:00,2026-10-08 00:00,,,https://www.youtube.com/channel/UC0fXJwA80zp3St97LFvruRQ
UCY3ioBC3eaSd07l-MCCIzEw,@pもたぬp,48,4年,Member (4 years),,不明,,,18,2451,0,2026-09-14 07:00,2026-10-08 00:00,,,https://www.youtube.com/channel/UCY3ioBC3eaSd07l-MCCIzEw
UC3KtQxMBI7eqYTKGtUJldTw,@さちゃん-fw,48,4年,Member (4 years),,不明,,,18,1837,0,2026-09-14 07:00,2026-10-08 00:00,,,https://www.youtube.com/channel/UC3KtQxMBI7eqYTKGtUJldTw
UC6zlfXkBdcsQhDFp-czz_yw,@アサギ-28,48,4年,Member (4 years),,不明,,,17,3162,0,2026-09-09 05:37,2026-10-08 00:00,,,https://www.youtube.com/channel/UC6zlfXkBdcsQhDFp-czz_yw
UCCwJ24iz2zm1HiLE6RpQLqQ,@しゃーのあーーる,48,4年,Member (4 years),,不明,,,17,212,0,2026-09-09 05:37,2026-10-08 00:00,,,https://www.youtube.com/channel/UCCwJ24iz2zm1HiLE6RpQLqQ
UCNHDpOWn26MWsJY8acUjeNQ,@ミーユ_369,48,4年,Member (4 years),,不明,,,17,71,0,2026-09-09 05:37,2026-10-08 00:00,,,https://www.youtube.com/channel/UCNHDpOWn26MWsJY8acUjeNQ
UCkNOgLDFeL6aU37Nzg5VwYQ,@えぬも-g6g,48,4年,Member (4 years),,不明,,,17,820,0,2026-09-09 05:37,2026-10-08 00:00,,,https://www.youtube.com/channel/UCkNOgLDFeL6aU37Nzg5VwYQ
UCcIeacd4uY8uoi3rRiK15sQ,@ニア-x4l,48,4年,Member (4 years),,不明,,,17,479,0,2026-09-09 05:37,2026-10-08 00:00,,,https://www.youtube.com/channel/UCcIeacd4uY8uoi3rRiK15sQ
UCiUAxyFksO_4abbyeN5OQMw,@たんこぶ-p8e,48,4年,Member (4 years),,不明,,,17,189,0,2026-09-09 05:37,2026-10-08 00:00,,,https://www.youtube.com/channel/UCiUAxyFksO_4abbyeN5OQMw
UCLMPVxHB3UfR5FaenQWUc6Q,@373-h7g,48,4年,Member (4 years),,不明,,,17,219,0,2026-09-09 05:37,2026-10-06 20:31,,,https://www.youtube.com/channel/UCLMPVxHB3UfR5FaenQWUc6Q
UC8LSfQGNjpYPWyOQZjaQ3qQ,@shiroi_fuwafuwano_curry,48,4年,Member (4 years),,不明,,,17,183,0,2026-09-09 05:37,2026-10-08 00:00,,,https://www.youtube.com/channel/UC8LSfQGNjpYPWyOQZjaQ3qQ
UC7_00QyLgAi95nvM9AxIPRA,@トムサンキュー,48,4年,Member (4 years),,不明,,,17,142,0,2026-09-09 05:37,2026-10-08 00:00,,,https://www.youtube.com/channel/UC7_00QyLgAi95nvM9AxIPRA
UCP-QSTpNUa3Fx_RffA6d_jA,@てんてん-f,48,4年,Member (4 years),,不明,,,17,1852,1,2026-09-09 05:37,2026-10-08 00:00,,,https://www.youtube.com/channel/UCP-QSTpNUa3Fx_RffA6d_jA
UC1o5aPaNX6REhoA-zq6VPPw,@ありあ-m8c,48,4年,Member (4 years),,不明,,,17,851,0,2026-09-09 05:37,2026-10-08 00:00,,,https://www.youtube.com/channel/UC1o5aPaNX6REhoA-zq6VPPw
UCDggHhvPYJSdpySf7SmLxUw,@まこ-s7w,48,4年,Member (4 years),,不明,,,17,6879,0,2026-09-09 05:37,2026-10-08 00:00,,,https://www.youtube.com/channel/UCDggHhvPYJSdpySf7SmLxUw
UC1VVFAi_OPUQ8wS-QsgMkmQ,@sachin__0418,48,4年,Member (4 years),,不明,,,17,954,0,2026-09-09 05:37,2026-10-08 00:00,,,https://www.youtube.com/channel/UC1VVFAi_OPUQ8wS-QsgMkmQ
UCdIsr3y21hzvOyDuK6ZBINQ,@らすかる大倉,48,4年,Member (4 years),,不明,,,17,916,0,2026-09-09 05:37,2026-10-08 00:00,,,https://www.youtube.com/channel/UCdIsr3y21hzvOyDuK6ZBINQ
UC1qanpRql6DgIyXfyIHfo1w,@かなで08,48,4年,Member (4 years),,不明,,,17,157,0,2026-09-09 05:37,2026-10-08 00:00,,,https://www.youtube.com/channel/UC1qanpRql6DgIyXfyIHfo1w
UCyrwegXQSqzHDBs7PfRXilQ,@ゆましゅ-r5m,48,4年,Member (4 years),,不明,,,17,419,0,2026-09-09 05:37,2026-10-08 00:00,,,https://www.youtube.com/channel/UCyrwegXQSqzHDBs7PfRXilQ
UCZLXXHmRLt45qch7etQjcQw,@senatan0827,48,4年,Member (4 years),,不明,,,17,38,0,2026-09-09 05:37,2026-10-08 00:00,,,https://www.youtube.com/channel/UCZLXXHmRLt45qch7etQjcQw
UCzhZXEJcpEIcup_AFh2PEFA,@爽sawa,48,4年,Member (4 years),,不明,,,17,2639,0,2026-09-14 07:00,2026-10-06 20:31,,,https://www.youtube.com/channel/UCzhZXEJcpEIcup_AFh2PEFA
UCQXpGhTMykiz817TOezkTHg,@限界就活生から脱した人,48,4年,Member (4 years),,不明,,,17,372,0,2026-09-15 20:06,2026-10-08 00:00,,,https://www.youtube.com/channel/UCQXpGhTMykiz817TOezkTHg
UCMUNWpVRZPYRY0AkDcoqHzw,@こやんい_やおん,48,4年,Member (4 years),,不明,,,16,2360,0,2026-09-09 05:37,2026-10-08 00:00,,,https://www.youtube.com/channel/UCMUNWpVRZPYRY0AkDcoqHzw
UCIC6ehKy6FlRlxzVLLQob0w,@hara3321,48,4年,Member (4 years),,不明,,,16,149,0,2026-09-09 05:37,2026-10-08 00:00,,,https://www.youtube.com/channel/UCIC6ehKy6FlRlxzVLLQob0w
UC_ORFE40f43SNwMEJYniIpQ,@あづ3,48,4年,Member (4 years),,不明,,,16,825,0,2026-09-09 05:37,2026-10-08 00:00,,,https://www.youtube.com/channel/UC_ORFE40f43SNwMEJYniIpQ
UCxxJWyKTynEj0vng69bnaPA,@onei992,48,4年,Member (4 years),,不明,,,16,385,0,2026-09-09 05:37,2026-10-08 00:00,,,https://www.youtube.com/channel/UCxxJWyKTynEj0vng69bnaPA
UCH24QrrqygvblXq_siYSq4A,@みえーるん-r5w,48,4年,Member (4 years),,不明,,,16,178,0,2026-09-09 05:37,2026-10-08 00:00,,,https://www.youtube.com/channel/UCH24QrrqygvblXq_siYSq4A
UC0PRUZGqMTwE3QVG9D33GUw,@mahiro3794,48,4年,Member (4 years),,不明,,,16,360,0,2026-09-09 05:37,2026-10-08 00:00,,,https://www.youtube.com/channel/UC0PRUZGqMTwE3QVG9D33GUw
UCGenlfvxuBNdMOVnW2dUoeQ,@ayumi3710,48,4年,Member (4 years),,不明,,,16,1819,0,2026-09-09 05:37,2026-10-08 00:00,,,https://www.youtube.com/channel/UCGenlfvxuBNdMOVnW2dUoeQ
UCevaeMMFXOgtEIr7xQ6NIdw,@ポセイ丼-y3k,48,4年,Member (4 years),,不明,,,16,582,0,2026-09-09 05:37,2026-10-08 00:00,,,https://www.youtube.com/channel/UCevaeMMFXOgtEIr7xQ6NIdw
UCrGcLvxivWAiyABbX1R6BXA,@mika-np3no,48,4年,Member (4 years),,不明,,,16,459,0,2026-09-09 05:37,2026-10-08 00:00,,,https://www.youtube.com/channel/UCrGcLvxivWAiyABbX1R6BXA
UCa4YCPs3e4D2dXvcTu2aYYQ,@miimaru0418,48,4年,Member (4 years),,不明,,,16,616,1,2026-09-09 05:37,2026-10-08 00:00,,,https://www.youtube.com/channel/UCa4YCPs3e4D2dXvcTu2aYYQ
UCXc43PXhA1oFkrba6bRjjdA,@なの-l5j,48,4年,Member (4 years),,不明,,,16,232,0,2026-09-09 05:37,2026-10-08 00:00,,,https://www.youtube.com/channel/UCXc43PXhA1oFkrba6bRjjdA
UCOuJi_hirR9AU9tD1WHHOZQ,@nemuri__oO,48,4年,Member (4 years),,不明,,,16,268,0,2026-09-09 05:37,2026-10-08 00:00,,,https://www.youtube.com/channel/UCOuJi_hirR9AU9tD1WHHOZQ
UC9jLBlL5ePMJz-LQnkWRjpQ,@キア-k8n,48,4年,Member (4 years),,不明,,,16,81,0,2026-09-09 05:37,2026-10-08 00:00,,,https://www.youtube.com/channel/UC9jLBlL5ePMJz-LQnkWRjpQ
UC_N7joga7_sMoi8fPKl-YNA,@梅-fw,48,4年,Member (4 years),,不明,,,16,478,0,2026-09-09 05:37,2026-10-08 00:00,,,https://www.youtube.com/channel/UC_N7joga7_sMoi8fPKl-YNA
UCE8eHL5Hhg9kLs3Vp9m1_RA,@夜空-z4s,48,4年,Member (4 years),,不明,,,16,280,0,2026-09-09 05:37,2026-10-08 00:00,,,https://www.youtube.com/channel/UCE8eHL5Hhg9kLs3Vp9m1_RA
UCImrQNvVK3y3p3P7NaF2t3A,@天春-tenparu,48,4年,Member (4 years),,不明,,,16,233,0,2026-09-09 05:37,2026-10-08 00:00,,,https://www.youtube.com/channel/UCImrQNvVK3y3p3P7NaF2t3A
UCjXCXWZ5fO0TSNpVo2AxHdw,@神無月-l3m,48,4年,Member (4 years),,不明,,,16,402,0,2026-09-09 05:37,2026-10-08 00:00,,,https://www.youtube.com/channel/UCjXCXWZ5fO0TSNpVo2AxHdw
UC1y9DQtfFL10usehINIkrJQ,@ちょまてよ-t8j,48,4年,Member (4 years),,不明,,,16,75,0,2026-09-14 07:00,2026-10-08 00:00,,,https://www.youtube.com/channel/UC1y9DQtfFL10usehINIkrJQ
UCD0NNSCpWO7Grt_YwG77WFg,@おにぎり-m4n,48,4年,Member (4 years),,不明,,,16,630,0,2026-09-14 07:00,2026-10-08 00:00,,,https://www.youtube.com/channel/UCD0NNSCpWO7Grt_YwG77WFg
UC04T5h0W_0GxnEKpqNlrVoQ,@うちたろー,48,4年,Member (4 years),,不明,,,16,1039,1,2026-09-15 20:06,2026-10-08 00:00,,,https://www.youtube.com/channel/UC04T5h0W_0GxnEKpqNlrVoQ
UCYNw1eI8gK_NCYhh9eWmSqg,@mekamaru0,48,4年,Member (4 years),,不明,,,16,207,0,2026-09-15 20:06,2026-10-08 00:00,,,https://www.youtube.com/channel/UCYNw1eI8gK_NCYhh9eWmSqg
UCm8kAr2SqN0vE-UOeAEv3Lg,@たろ-o6p3b,48,4年,Member (4 years),,不明,,,16,1197,0,2026-09-15 20:06,2026-10-08 00:00,,,https://www.youtube.com/channel/UCm8kAr2SqN0vE-UOeAEv3Lg
UCeOtrYtUNarDU22tjtoe_Xg,@紺-i2t,48,4年,Member (4 years),,不明,,,15,3828,0,2026-09-09 05:37,2026-10-04 17:40,,,https://www.youtube.com/channel/UCeOtrYtUNarDU22tjtoe_Xg
UCnBndytyWG0zEQFaaxpgXCw,@honey-wah,48,4年,Member (4 years),,不明,,,15,77,0,2026-09-09 05:37,2026-10-08 00:00,,,https://www.youtube.com/channel/UCnBndytyWG0zEQFaaxpgXCw
UCv05q5YzakpXhSIWmav3AkA,@ておbane2-10,48,4年,Member (4 years),,不明,,,15,952,0,2026-09-09 05:37,2026-10-08 00:00,,,https://www.youtube.com/channel/UCv05q5YzakpXhSIWmav3AkA
UCP9Iuw81U0XEJjOQocMBQCw,@すし-l6r,48,4年,Member (4 years),,不明,,,15,257,0,2026-09-09 05:37,2026-10-08 00:00,,,https://www.youtube.com/channel/UCP9Iuw81U0XEJjOQocMBQCw
UCdsFwO_1LIX86FWf9xDeFpw,@雑草-t4b,48,4年,Member (4 years),,不明,,,15,453,0,2026-09-09 05:37,2026-10-08 00:00,,,https://www.youtube.com/channel/UCdsFwO_1LIX86FWf9xDeFpw
UCKf2PYSjkWCzdhw2kr116_A,@とーます-s9r,48,4年,Member (4 years),,不明,,,15,114,0,2026-09-09 05:37,2026-10-08 00:00,,,https://www.youtube.com/channel/UCKf2PYSjkWCzdhw2kr116_A
UCXmyg6StSo-BSrO85ir6ceA,@ありのままありま,48,4年,Member (4 years),,不明,,,15,59,0,2026-09-09 05:37,2026-10-06 20:31,,,https://www.youtube.com/channel/UCXmyg6StSo-BSrO85ir6ceA
UCccNgKyAyg_lMxG1NBkpOiA,@ゆう-z3t,48,4年,Member (4 years),,不明,,,15,197,0,2026-09-09 05:37,2026-10-08 00:00,,,https://www.youtube.com/channel/UCccNgKyAyg_lMxG1NBkpOiA
UCoFRJiD4CeKeYXcaqFKANAg,@もものは-p8n,48,4年,Member (4 years),,不明,,,15,359,0,2026-09-09 05:37,2026-10-08 00:00,,,https://www.youtube.com/channel/UCoFRJiD4CeKeYXcaqFKANAg
UCpuZxpb2EMeMJWnGeWuNxTA,@まるまり-moon,48,4年,Member (4 years),,不明,,,15,1071,0,2026-09-09 05:37,2026-10-08 00:00,,,https://www.youtube.com/channel/UCpuZxpb2EMeMJWnGeWuNxTA
UCQr0Viy67n4NyJRG-59Cdwg,@みすけ0u0,48,4年,Member (4 years),,不明,,,15,149,0,2026-09-09 05:37,2026-10-08 00:00,,,https://www.youtube.com/channel/UCQr0Viy67n4NyJRG-59Cdwg
UCN9hzQXmjfa0wSoORDpAQpg,@もちなぎ-q,48,4年,Member (4 years),,不明,,,15,941,0,2026-09-09 05:37,2026-10-06 20:31,,,https://www.youtube.com/channel/UCN9hzQXmjfa0wSoORDpAQpg
UCmeYkHBbklJFVoIgYHz1tVw,@蓮花_れんか,48,4年,Member (4 years),,不明,,,15,742,0,2026-09-14 07:00,2026-10-08 00:00,,,https://www.youtube.com/channel/UCmeYkHBbklJFVoIgYHz1tVw
UC2VcvvUEZcdz2wabanI41kQ,@シソ茶廊,48,4年,Member (4 years),,不明,,,14,24,0,2026-09-09 05:37,2026-10-08 00:00,,,https://www.youtube.com/channel/UC2VcvvUEZcdz2wabanI41kQ
UCM-CNmngYqeL6TFm3bWaRkg,@次郎太郎-gogo,48,4年,Member (4 years),,不明,,,14,898,0,2026-09-09 05:37,2026-10-08 00:00,,,https://www.youtube.com/channel/UCM-CNmngYqeL6TFm3bWaRkg
UCLEPF3W2NX77sB_-CAc50Vg,@らぐの,48,4年,Member (4 years),,不明,,,14,636,0,2026-09-09 05:37,2026-10-08 00:00,,,https://www.youtube.com/channel/UCLEPF3W2NX77sB_-CAc50Vg
UCzw_exOQKr1Aj5xd37u6MTw,@さかな-f6m,48,4年,Member (4 years),,不明,,,14,894,0,2026-09-09 05:37,2026-10-06 20:31,,,https://www.youtube.com/channel/UCzw_exOQKr1Aj5xd37u6MTw
UCO5qLKpppyawjYwCw7HlxIA,@べっろべろ,48,4年,Member (4 years),,不明,,,14,675,0,2026-09-09 05:37,2026-10-06 20:31,,,https://www.youtube.com/channel/UCO5qLKpppyawjYwCw7HlxIA
UCL3qaC1KlusBs6LvpFUfAXA,@岬0319,48,4年,Member (4 years),,不明,,,14,26,0,2026-09-09 05:37,2026-10-06 20:31,,,https://www.youtube.com/channel/UCL3qaC1KlusBs6LvpFUfAXA
UCBuN4HD5eC4lqTVLqIFxULA,@もや-m5p,48,4年,Member (4 years),,不明,,,14,90,0,2026-09-09 05:37,2026-10-08 00:00,,,https://www.youtube.com/channel/UCBuN4HD5eC4lqTVLqIFxULA
UCzD8yS88_-9eJSf94T4WdHA,@みや-m6y,48,4年,Member (4 years),,不明,,,14,264,0,2026-09-09 05:37,2026-10-08 00:00,,,https://www.youtube.com/channel/UCzD8yS88_-9eJSf94T4WdHA
UCLkdskF_F_Wia8GVeBd9zGQ,@ぽぽち2,48,4年,Member (4 years),,不明,,,14,785,0,2026-09-09 05:37,2026-10-08 00:00,,,https://www.youtube.com/channel/UCLkdskF_F_Wia8GVeBd9zGQ
UCYMDH-hqOGucVEogxx7pf1g,@しよまめ,48,4年,Member (4 years),,不明,,,14,1204,0,2026-09-09 05:37,2026-10-06 20:31,,,https://www.youtube.com/channel/UCYMDH-hqOGucVEogxx7pf1g
UCO7lt1eizEFMKI5e79X66Nw,@あんたろう-n7z,48,4年,Member (4 years),,不明,,,14,183,0,2026-09-09 05:37,2026-10-06 20:31,,,https://www.youtube.com/channel/UCO7lt1eizEFMKI5e79X66Nw
UC0LiLs1rZkTMc5q_k48gcqA,@110みみみ,48,4年,Member (4 years),,不明,,,14,70,0,2026-09-09 05:37,2026-10-08 00:00,,,https://www.youtube.com/channel/UC0LiLs1rZkTMc5q_k48gcqA
UCKvPd5HsySqYShCz79h9_Jg,@O_orange_O,48,4年,Member (4 years),,不明,,,14,431,0,2026-09-09 05:37,2026-10-06 20:31,,,https://www.youtube.com/channel/UCKvPd5HsySqYShCz79h9_Jg
UCCtknOI70rBul2vpPjjjgFg,@haru_nasubi,48,4年,Member (4 years),,不明,,,14,66,0,2026-09-09 05:37,2026-10-08 00:00,,,https://www.youtube.com/channel/UCCtknOI70rBul2vpPjjjgFg
UCFm84wGKzPJ-Q5_eLQShNYA,@あーみ-r9r,48,4年,Member (4 years),,不明,,,14,302,0,2026-09-09 05:37,2026-10-08 00:00,,,https://www.youtube.com/channel/UCFm84wGKzPJ-Q5_eLQShNYA
UC4N12dThZxYtaT55Cja33MQ,@やろく-l5h,48,4年,Member (4 years),,不明,,,14,676,0,2026-09-09 05:37,2026-10-08 00:00,,,https://www.youtube.com/channel/UC4N12dThZxYtaT55Cja33MQ
UCVCRdVn0V0NMP05mTWlpaSg,@vivi_kani,48,4年,Member (4 years),,不明,,,14,71,0,2026-09-09 05:37,2026-10-06 20:31,,,https://www.youtube.com/channel/UCVCRdVn0V0NMP05mTWlpaSg
UCIvm5d8anKuN3yJvS1KE-qw,@深-m1w,48,4年,Member (4 years),,不明,,,14,225,0,2026-09-14 07:00,2026-10-06 20:31,,,https://www.youtube.com/channel/UCIvm5d8anKuN3yJvS1KE-qw
UCfgaKa8JgaVAm53h0tQ0bGw,@久暇,48,4年,Member (4 years),,不明,,,14,64,0,2026-09-14 07:00,2026-10-08 00:00,,,https://www.youtube.com/channel/UCfgaKa8JgaVAm53h0tQ0bGw
UCVupnMUsTllHnI97z2c8RbQ,@なおx_x,48,4年,Member (4 years),,不明,,,14,53,0,2026-09-14 07:00,2026-10-08 00:00,,,https://www.youtube.com/channel/UCVupnMUsTllHnI97z2c8RbQ
UCm_HQ6YaJtKE_6H_zap73EQ,@秋桜-c3u,48,4年,Member (4 years),,不明,,,14,953,0,2026-09-14 07:00,2026-10-08 00:00,,,https://www.youtube.com/channel/UCm_HQ6YaJtKE_6H_zap73EQ
UCU2RFJFxhTG5qqgEyqjFdlg,@ペソ-s7u,48,4年,Member (4 years),,不明,,,14,373,0,2026-09-15 20:06,2026-10-08 00:00,,,https://www.youtube.com/channel/UCU2RFJFxhTG5qqgEyqjFdlg
UC_1sdsATGJ5dzhgbou-cLbg,@naghi75,48,4年,Member (4 years),,不明,,,14,116,0,2026-09-15 20:06,2026-10-08 00:00,,,https://www.youtube.com/channel/UC_1sdsATGJ5dzhgbou-cLbg
UCppfi3St6thgynTAXi0JJqQ,@shigure-時雨-o71I,48,4年,Member (4 years),,不明,,,14,696,0,2026-09-15 20:06,2026-10-06 20:31,,,https://www.youtube.com/channel/UCppfi3St6thgynTAXi0JJqQ
UCgflKYbRz3hYkIHq695orRg,@0_ovo,48,4年,Member (4 years),,不明,,,14,61,0,2026-09-15 20:06,2026-10-08 00:00,,,https://www.youtube.com/channel/UCgflKYbRz3hYkIHq695orRg
UCCfwX_eX1Mw7nbCQIjec7fw,@96wowow,48,4年,Member (4 years),,不明,,,14,133,0,2026-09-16 05:01,2026-10-06 20:31,,,https://www.youtube.com/channel/UCCfwX_eX1Mw7nbCQIjec7fw
UC5FFF61xDciz1UHACxUwv8w,@かえで-PUWA0418,48,4年,Member (4 years),,不明,,,13,386,0,2026-09-09 05:37,2026-10-08 00:00,,,https://www.youtube.com/channel/UC5FFF61xDciz1UHACxUwv8w
UCvCXlYxGVasFsjL74LRpUKw,@tamanooh,48,4年,Member (4 years),,不明,,,13,2449,0,2026-09-09 05:37,2026-10-06 20:31,,,https://www.youtube.com/channel/UCvCXlYxGVasFsjL74LRpUKw
UCGEZumGJKAz88Nd-JZqSExw,@黒色_333,48,4年,Member (4 years),,不明,,,13,642,0,2026-09-09 05:37,2026-10-08 00:00,,,https://www.youtube.com/channel/UCGEZumGJKAz88Nd-JZqSExw
UCVvwRKbh3BwHgAAdbaL3YkA,@くおん-Benijake,48,4年,Member (4 years),,不明,,,13,440,0,2026-09-09 05:37,2026-10-06 20:31,,,https://www.youtube.com/channel/UCVvwRKbh3BwHgAAdbaL3YkA
UC5RAsArTfCOOG20FMYGK6GQ,@kanoaaa8,48,4年,Member (4 years),,不明,,,13,96,0,2026-09-09 05:37,2026-10-08 00:00,,,https://www.youtube.com/channel/UC5RAsArTfCOOG20FMYGK6GQ
UCL5KQ6Ed-IMLO6XRuQM87Tg,@iwaco4021,48,4年,Member (4 years),,不明,,,13,136,0,2026-09-09 05:37,2026-10-08 00:00,,,https://www.youtube.com/channel/UCL5KQ6Ed-IMLO6XRuQM87Tg
UCsOAU3N98UkaqWRo2pFyP2Q,@ささめささみ,48,4年,Member (4 years),,不明,,,13,151,0,2026-09-09 05:37,2026-10-06 20:31,,,https://www.youtube.com/channel/UCsOAU3N98UkaqWRo2pFyP2Q
UCC6Gxv6dlazcaWYM0ia-HFQ,@一日分のゴリラ,48,4年,Member (4 years),,不明,,,13,70,0,2026-09-09 05:37,2026-10-08 00:00,,,https://www.youtube.com/channel/UCC6Gxv6dlazcaWYM0ia-HFQ
UCWcMDR-LLTqKvTxSGwAWDWQ,@いぬ-n7u,48,4年,Member (4 years),,不明,,,13,50,0,2026-09-09 05:37,2026-10-08 00:00,,,https://www.youtube.com/channel/UCWcMDR-LLTqKvTxSGwAWDWQ
UC9GUppOUzUn6LpNJKtTStDw,@ひよっこ-b2f,48,4年,Member (4 years),,不明,,,13,28,0,2026-09-09 05:37,2026-10-08 00:00,,,https://www.youtube.com/channel/UC9GUppOUzUn6LpNJKtTStDw
UCLzKXuXOpT13pzP4rgmTBYA,@user6549,48,4年,Member (4 years),,不明,,,13,40,0,2026-09-09 05:37,2026-10-08 00:00,,,https://www.youtube.com/channel/UCLzKXuXOpT13pzP4rgmTBYA
UCIhNjmqgZ9JK1lSnG3I9YBQ,@もちちょこ-y1l,48,4年,Member (4 years),,不明,,,13,46,0,2026-09-09 05:37,2026-10-08 00:00,,,https://www.youtube.com/channel/UCIhNjmqgZ9JK1lSnG3I9YBQ
UCmwbc1QAe-Q7Uw8VDvDjDhw,@たこ-k1k,48,4年,Member (4 years),,不明,,,13,93,0,2026-09-14 07:00,2026-10-08 00:00,,,https://www.youtube.com/channel/UCmwbc1QAe-Q7Uw8VDvDjDhw
UCPBElH03ZmWzXK0IidibC1w,@banana.t6016,48,4年,Member (4 years),,不明,,,13,128,0,2026-09-14 07:00,2026-10-08 00:00,,,https://www.youtube.com/channel/UCPBElH03ZmWzXK0IidibC1w
UCEFtxhHIKdMd9LTC5Hq3SQQ,@めねぎ_fwt,48,4年,Member (4 years),,不明,,,13,1114,0,2026-09-14 07:00,2026-10-08 00:00,,,https://www.youtube.com/channel/UCEFtxhHIKdMd9LTC5Hq3SQQ
UCiEetkzpq1xY6WBldYHjBMg,@りりあん-i3j,48,4年,Member (4 years),,不明,,,13,79,0,2026-09-15 20:06,2026-10-04 17:40,,,https://www.youtube.com/channel/UCiEetkzpq1xY6WBldYHjBMg
UCw3VtKA1BQFizX1iPku5pGA,@なつみかん28,48,4年,Member (4 years),,不明,,,13,103,0,2026-09-15 20:06,2026-10-06 20:31,,,https://www.youtube.com/channel/UCw3VtKA1BQFizX1iPku5pGA
UCy6UXjlA21Ywf3_Gh893eNQ,@biss_k_mnt,48,4年,Member (4 years),,不明,,,12,1147,0,2026-09-09 05:37,2026-10-08 00:00,,,https://www.youtube.com/channel/UCy6UXjlA21Ywf3_Gh893eNQ
UCb2uZWRRgEYgipi1zrzpV5g,@ぶんちゃん-g1z,48,4年,Member (4 years),,不明,,,12,100,0,2026-09-09 05:37,2026-10-08 00:00,,,https://www.youtube.com/channel/UCb2uZWRRgEYgipi1zrzpV5g
UCyba4wOQJgHPEkBQnY1MaKg,@やきそば2,48,4年,Member (4 years),,不明,,,12,425,0,2026-09-09 05:37,2026-10-01 20:48,,,https://www.youtube.com/channel/UCyba4wOQJgHPEkBQnY1MaKg
UC32Fl8WmAFcI2XVmGQgJ41A,@瀬谷-j1f,48,4年,Member (4 years),,不明,,,12,259,0,2026-09-09 05:37,2026-10-08 00:00,,,https://www.youtube.com/channel/UC32Fl8WmAFcI2XVmGQgJ41A
UCtsgsO4lvCy2iyjdIPKzEow,@るた_m,48,4年,Member (4 years),,不明,,,12,77,0,2026-09-09 05:37,2026-10-08 00:00,,,https://www.youtube.com/channel/UCtsgsO4lvCy2iyjdIPKzEow
UCb04YrKLIdpbn8BCHILHvZA,@nagisa_ma,48,4年,Member (4 years),,不明,,,12,314,0,2026-09-09 05:37,2026-10-04 17:40,,,https://www.youtube.com/channel/UCb04YrKLIdpbn8BCHILHvZA
UCsH689JbUzT3uSSEoPCsRJQ,@ひよたん-724,48,4年,Member (4 years),,不明,,,12,254,0,2026-09-09 05:37,2026-10-03 20:59,,,https://www.youtube.com/channel/UCsH689JbUzT3uSSEoPCsRJQ
UCxHyMffRIYbdscmaiILp17g,@user-Livl,48,4年,Member (4 years),,不明,,,12,92,0,2026-09-14 07:00,2026-10-06 20:31,,,https://www.youtube.com/channel/UCxHyMffRIYbdscmaiILp17g
UCeFTSmnfsBxRxQLMIEuHoNA,@mari-pe4ly,48,4年,Member (4 years),,不明,,,12,151,0,2026-09-14 07:00,2026-10-08 00:00,,,https://www.youtube.com/channel/UCeFTSmnfsBxRxQLMIEuHoNA
UC_4MpeCmqRcMi8OSWhKA3rw,@majikaru-3,48,4年,Member (4 years),,不明,,,12,363,0,2026-09-14 07:00,2026-10-08 00:00,,,https://www.youtube.com/channel/UC_4MpeCmqRcMi8OSWhKA3rw
UC6hQHNTMNRIK75p6pEZeD1A,@みーちゃん-m7t0,48,4年,Member (4 years),,不明,,,12,1552,9,2026-09-15 20:06,2026-10-08 00:00,,,https://www.youtube.com/channel/UC6hQHNTMNRIK75p6pEZeD1A
UCIzClPUrBYCjAqPdb6Ff9uA,@SAMI_173,48,4年,Member (4 years),,不明,,,12,334,0,2026-09-15 20:06,2026-10-06 20:31,,,https://www.youtube.com/channel/UCIzClPUrBYCjAqPdb6Ff9uA
UCGw2TSlRFcC_7AfJQdVKzFA,@クロとネコ,48,4年,Member (4 years),,不明,,,12,27,0,2026-09-15 20:06,2026-10-08 00:00,,,https://www.youtube.com/channel/UCGw2TSlRFcC_7AfJQdVKzFA
UCG5HC7cdtRcLtoKjy_kSOUg,@まち.5,48,4年,Member (4 years),,不明,,,12,48,0,2026-09-15 20:06,2026-10-06 20:31,,,https://www.youtube.com/channel/UCG5HC7cdtRcLtoKjy_kSOUg
UC850W4hsTXSe8k7sM1yHD7w,@えぬ男_219,48,4年,Member (4 years),,不明,,,11,127,0,2026-09-09 05:37,2026-10-04 17:40,,,https://www.youtube.com/channel/UC850W4hsTXSe8k7sM1yHD7w
UCEPuhe58tsDy0HAme-Hvz6g,@だいふく-e5l1f,48,4年,Member (4 years),,不明,,,11,150,0,2026-09-09 05:37,2026-10-08 00:00,,,https://www.youtube.com/channel/UCEPuhe58tsDy0HAme-Hvz6g
UCKwW7Vf9AsY8SkKXDxWRsQw,@saji_saji_desuyou,48,4年,Member (4 years),,不明,,,11,39,0,2026-09-09 05:37,2026-10-04 17:40,,,https://www.youtube.com/channel/UCKwW7Vf9AsY8SkKXDxWRsQw
UCrkoYHgYbNpVl3G3xm3-SEQ,@INU_dog5,48,4年,Member (4 years),,不明,,,11,129,0,2026-09-09 05:37,2026-10-08 00:00,,,https://www.youtube.com/channel/UCrkoYHgYbNpVl3G3xm3-SEQ
UCy87u_j6U-XFUlqeInVsWCg,@ゆう-e5v4c,48,4年,Member (4 years),,不明,,,11,307,0,2026-09-09 05:37,2026-10-04 17:40,,,https://www.youtube.com/channel/UCy87u_j6U-XFUlqeInVsWCg
UCJjaPOTIEyOCKkmzXATtY-g,@_iroha,48,4年,Member (4 years),,不明,,,11,84,0,2026-09-09 05:37,2026-10-06 20:31,,,https://www.youtube.com/channel/UCJjaPOTIEyOCKkmzXATtY-g
UCB2Ej8dgX-BXTrTsdd6q4lg,@ひ_ん_ひん,48,4年,Member (4 years),,不明,,,11,47,0,2026-09-09 05:37,2026-10-08 00:00,,,https://www.youtube.com/channel/UCB2Ej8dgX-BXTrTsdd6q4lg
UCDbxUiclaOB-z3zVL5ivloQ,@すしらいす_shilalala,48,4年,Member (4 years),,不明,,,11,25,0,2026-09-09 05:37,2026-10-08 00:00,,,https://www.youtube.com/channel/UCDbxUiclaOB-z3zVL5ivloQ
UCMfo7p77MbDCUy9k-gexmxw,@まーさちちゃん,48,4年,Member (4 years),,不明,,,11,274,0,2026-09-09 05:37,2026-10-08 00:00,,,https://www.youtube.com/channel/UCMfo7p77MbDCUy9k-gexmxw
UCfvXGnROXxC5G5SPTHZoqCQ,@まめつぶ-p1b,48,4年,Member (4 years),,不明,,,11,21,0,2026-09-14 07:00,2026-10-04 17:40,,,https://www.youtube.com/channel/UCfvXGnROXxC5G5SPTHZoqCQ
UCBgkyVLpKzO3ze_DVpBlp_w,@おふとん-h9y,48,4年,Member (4 years),,不明,,,11,158,0,2026-09-14 07:00,2026-10-08 00:00,,,https://www.youtube.com/channel/UCBgkyVLpKzO3ze_DVpBlp_w
UC1ennglPgSFnCwS3-Z2oN1Q,@匿名ちゃん-s5d,48,4年,Member (4 years),,不明,,,11,126,0,2026-09-14 07:00,2026-10-08 00:00,,,https://www.youtube.com/channel/UC1ennglPgSFnCwS3-Z2oN1Q
UCdFj0AYrk9w9A5rPZXz92PA,@しらひるぴよ,48,4年,Member (4 years),,不明,,,11,108,0,2026-09-14 07:00,2026-10-06 20:31,,,https://www.youtube.com/channel/UCdFj0AYrk9w9A5rPZXz92PA
UC8SVmqLU3kPdNsEQOxkeYLA,@hal4409,48,4年,Member (4 years),,不明,,,11,66,0,2026-09-14 07:00,2026-10-08 00:00,,,https://www.youtube.com/channel/UC8SVmqLU3kPdNsEQOxkeYLA
UCTpXpXbFF98FP0zwl8uqu5A,@みっきち-u3s,48,4年,Member (4 years),,不明,,,11,73,0,2026-09-15 20:06,2026-10-08 00:00,,,https://www.youtube.com/channel/UCTpXpXbFF98FP0zwl8uqu5A
UCT6SBwHaH3_jRcyMeFBFG0w,@でんまる太郎,48,4年,Member (4 years),,不明,,,11,1709,4,2026-09-15 20:06,2026-10-08 00:00,,,https://www.youtube.com/channel/UCT6SBwHaH3_jRcyMeFBFG0w
UCqRT38h1F_pKDKPWeyhsV4Q,@なっちゃん-n3y,48,4年,Member (4 years),,不明,,,11,280,0,2026-09-15 20:06,2026-10-08 00:00,,,https://www.youtube.com/channel/UCqRT38h1F_pKDKPWeyhsV4Q
UCKd4X5O1jEO0eIUC9GGVxjQ,@さわー.t,48,4年,Member (4 years),,不明,,,11,117,0,2026-09-15 20:06,2026-10-06 20:31,,,https://www.youtube.com/channel/UCKd4X5O1jEO0eIUC9GGVxjQ
UCiiGy8fdgxkknsdo0ANjwEg,@むらびとB-y2m,48,4年,Member (4 years),,不明,,,11,38,0,2026-09-15 20:06,2026-10-08 00:00,,,https://www.youtube.com/channel/UCiiGy8fdgxkknsdo0ANjwEg
UCZXmMM_tfqDm0LHTP7OVlbw,@そうごちゃん,48,4年,Member (4 years),,不明,,,11,14,0,2026-09-17 05:05,2026-10-04 17:40,,,https://www.youtube.com/channel/UCZXmMM_tfqDm0LHTP7OVlbw
UCRh2O_BFAgWKwetxQxzoG1Q,@白鴉.はくあ,48,4年,Member (4 years),,不明,,,11,183,0,2026-09-20 18:55,2026-10-08 00:00,,,https://www.youtube.com/channel/UCRh2O_BFAgWKwetxQxzoG1Q
UCvU6-AENIWepnzPxdGn68PA,@しい-i1f,48,4年,Member (4 years),,不明,,,11,558,0,2026-09-20 18:55,2026-10-08 00:00,,,https://www.youtube.com/channel/UCvU6-AENIWepnzPxdGn68PA
UChqvnBH--jS3f33QpSYIoxQ,@おかゆ-x8w,48,4年,Member (4 years),,不明,,,11,26,0,2026-09-20 18:55,2026-10-06 20:31,,,https://www.youtube.com/channel/UChqvnBH--jS3f33QpSYIoxQ
UCHxq2kc9Nsstr9hkyq0qt6A,@sn_rzm,48,4年,Member (4 years),,不明,,,10,24,0,2026-09-09 05:37,2026-10-04 17:40,,,https://www.youtube.com/channel/UCHxq2kc9Nsstr9hkyq0qt6A
UCgxlPqRLWvP2t-Vrie0xvnQ,@calnwink,48,4年,Member (4 years),,不明,,,10,20,0,2026-09-09 05:37,2026-10-08 00:00,,,https://www.youtube.com/channel/UCgxlPqRLWvP2t-Vrie0xvnQ
UCjjXKRSLaI0T-B4PP9K8aJg,@来-m8b,48,4年,Member (4 years),,不明,,,10,47,0,2026-09-09 05:37,2026-10-04 17:40,,,https://www.youtube.com/channel/UCjjXKRSLaI0T-B4PP9K8aJg
UCLDa8DJd9gFPLoA_XP6OvSw,@user-fb9rk5wx1e,48,4年,Member (4 years),,不明,,,10,99,0,2026-09-09 05:37,2026-10-06 20:31,,,https://www.youtube.com/channel/UCLDa8DJd9gFPLoA_XP6OvSw
UCcBuOx5P9MJ6-lQ7rWfxScw,@ふびんないぬ,48,4年,Member (4 years),,不明,,,10,25,0,2026-09-09 05:37,2026-10-04 17:40,,,https://www.youtube.com/channel/UCcBuOx5P9MJ6-lQ7rWfxScw
UCeuor_0MdB0O-nS4Fsx_61g,@もなか_cha,48,4年,Member (4 years),,不明,,,10,17,0,2026-09-09 05:37,2026-10-04 17:40,,,https://www.youtube.com/channel/UCeuor_0MdB0O-nS4Fsx_61g
UC9aRYrThozGk_wQSWEO2GuQ,@ゼリ_xelichika,48,4年,Member (4 years),,不明,,,10,41,0,2026-09-09 05:37,2026-09-30 21:03,,,https://www.youtube.com/channel/UC9aRYrThozGk_wQSWEO2GuQ
UCUbEN5X7Vd1EM2ILd_J0s5Q,@ろい-f1k,48,4年,Member (4 years),,不明,,,10,113,0,2026-09-09 05:37,2026-10-08 00:00,,,https://www.youtube.com/channel/UCUbEN5X7Vd1EM2ILd_J0s5Q
UCr1M5PwmPneNihnL_5fGSkQ,@nana_2828,48,4年,Member (4 years),,不明,,,10,140,0,2026-09-09 05:37,2026-10-04 17:40,,,https://www.youtube.com/channel/UCr1M5PwmPneNihnL_5fGSkQ
UCt5qr6sZsypS4ysZZFqJ7MQ,@みさき_555,48,4年,Member (4 years),,不明,,,10,33,0,2026-09-15 20:06,2026-10-08 00:00,,,https://www.youtube.com/channel/UCt5qr6sZsypS4ysZZFqJ7MQ
UCxja9uoR_KwXCPPMjcnw7Qg,@ぽー0621,48,4年,Member (4 years),,不明,,,10,37,0,2026-09-15 20:06,2026-10-04 17:40,,,https://www.youtube.com/channel/UCxja9uoR_KwXCPPMjcnw7Qg
UCD6dEZWHY-mAgSyQSFDgpVA,@とむ-g9q,48,4年,Member (4 years),,不明,,,10,24,0,2026-09-15 20:06,2026-10-03 20:59,,,https://www.youtube.com/channel/UCD6dEZWHY-mAgSyQSFDgpVA
UCjtNXcgVYzkviqiB3ZjSiuA,@もりはっと,48,4年,Member (4 years),,不明,,,10,43,0,2026-09-15 20:06,2026-10-08 00:00,,,https://www.youtube.com/channel/UCjtNXcgVYzkviqiB3ZjSiuA
UC6OKzHVHP3c8qnKzshh0QoQ,@xojyan,48,4年,Member (4 years),,不明,,,10,48,0,2026-09-15 20:06,2026-10-04 17:40,,,https://www.youtube.com/channel/UC6OKzHVHP3c8qnKzshh0QoQ
UCRaw7e9ZqF8gohSoiR8LLFQ,@happy_love_cat_333,48,4年,Member (4 years),,不明,,,10,112,0,2026-09-16 05:01,2026-10-08 00:00,,,https://www.youtube.com/channel/UCRaw7e9ZqF8gohSoiR8LLFQ
UCW_k-ZvR5FLY_c2T1yNGpYg,@まこ-q5t,48,4年,Member (4 years),,不明,,,10,37,0,2026-09-17 05:05,2026-10-08 00:00,,,https://www.youtube.com/channel/UCW_k-ZvR5FLY_c2T1yNGpYg
UCsGGbmXfhxeAGJ21ul_KBTg,@みくちゃ-n5e,48,4年,Member (4 years),,不明,,,10,252,0,2026-09-17 05:05,2026-10-06 20:31,,,https://www.youtube.com/channel/UCsGGbmXfhxeAGJ21ul_KBTg
UCTE57nZDrWdDTUBijtNdPMA,@ぬぬた-x6i,48,4年,Member (4 years),,不明,,,10,600,0,2026-09-20 18:55,2026-10-08 00:00,,,https://www.youtube.com/channel/UCTE57nZDrWdDTUBijtNdPMA
UCrx-64hirl6wKvnWuxEk8bA,@太陽-s8r,48,4年,Member (4 years),,不明,,,9,35,0,2026-09-09 05:37,2026-10-06 20:31,,,https://www.youtube.com/channel/UCrx-64hirl6wKvnWuxEk8bA
UCuGoTXsWUGh-mfWLY6UqTKQ,@S1R0_46,48,4年,Member (4 years),,不明,,,9,220,0,2026-09-09 05:37,2026-10-08 00:00,,,https://www.youtube.com/channel/UCuGoTXsWUGh-mfWLY6UqTKQ
UCHL1YBqbGE-V7FoevrlMYOw,@代々橙,48,4年,Member (4 years),,不明,,,9,24,0,2026-09-09 05:37,2026-10-08 00:00,,,https://www.youtube.com/channel/UCHL1YBqbGE-V7FoevrlMYOw
UC7umeRUexKPlsVrRlsCFNmQ,@むぎはる-z3b,48,4年,Member (4 years),,不明,,,9,44,0,2026-09-09 05:37,2026-10-08 00:00,,,https://www.youtube.com/channel/UC7umeRUexKPlsVrRlsCFNmQ
UCpKZbnYTFfBct03dervsNSg,@ひよ-w2k,48,4年,Member (4 years),,不明,,,9,209,0,2026-09-09 05:37,2026-10-06 20:31,,,https://www.youtube.com/channel/UCpKZbnYTFfBct03dervsNSg
UCv82YjNUnEEwp4EQHeljoGQ,@ゆい-b6p,48,4年,Member (4 years),,不明,,,9,46,0,2026-09-09 05:37,2026-10-02 21:00,,,https://www.youtube.com/channel/UCv82YjNUnEEwp4EQHeljoGQ
UCpcHPDm-yr8TZC3S-xfgxug,@ヒカル-y9v,48,4年,Member (4 years),,不明,,,9,50,0,2026-09-09 05:37,2026-10-08 00:00,,,https://www.youtube.com/channel/UCpcHPDm-yr8TZC3S-xfgxug
UCMtiA5S8DTh4gzK5eZnkDVQ,@わかめ-z5g,48,4年,Member (4 years),,不明,,,9,44,0,2026-09-09 05:37,2026-10-08 00:00,,,https://www.youtube.com/channel/UCMtiA5S8DTh4gzK5eZnkDVQ
UC6hHK6MRrV1RO7vyYWaX8cw,@篠崎-q1k,48,4年,Member (4 years),,不明,,,9,23,0,2026-09-14 07:00,2026-10-08 00:00,,,https://www.youtube.com/channel/UC6hHK6MRrV1RO7vyYWaX8cw
UC_OqiABfgHPpToIli-SE4Yg,@shu_ruri,48,4年,Member (4 years),,不明,,,9,23,0,2026-09-14 07:00,2026-10-08 00:00,,,https://www.youtube.com/channel/UC_OqiABfgHPpToIli-SE4Yg
UCExLbgz2dNPmjPixc4xSZcg,@ちーやん_v3,48,4年,Member (4 years),,不明,,,9,35,0,2026-09-14 07:00,2026-10-06 20:31,,,https://www.youtube.com/channel/UCExLbgz2dNPmjPixc4xSZcg
UCfjdPcU7xDBFAALzwWqT5CQ,@pu_あじゅにゃん,48,4年,Member (4 years),,不明,,,9,45,0,2026-09-15 20:06,2026-10-08 00:00,,,https://www.youtube.com/channel/UCfjdPcU7xDBFAALzwWqT5CQ
UCmCHslQhMsQYJBzCEA0BcMg,@おもちこわ,48,4年,Member (4 years),,不明,,,9,191,0,2026-09-15 20:06,2026-10-08 00:00,,,https://www.youtube.com/channel/UCmCHslQhMsQYJBzCEA0BcMg
UCZrwjdRiD-5Y9z3HMiTfg2w,@ぎちゃ-d8t,48,4年,Member (4 years),,不明,,,9,24,0,2026-09-15 20:06,2026-10-04 17:40,,,https://www.youtube.com/channel/UCZrwjdRiD-5Y9z3HMiTfg2w
UCe0eRiBsGc9Hg799qMJi6WQ,@ごーやたんEX,48,4年,Member (4 years),,不明,,,9,88,0,2026-09-16 05:01,2026-10-08 00:00,,,https://www.youtube.com/channel/UCe0eRiBsGc9Hg799qMJi6WQ
UCBp5wAVSGPOVErgHiWj3I1A,@ラパン-k4j,48,4年,Member (4 years),,不明,,,9,441,0,2026-09-17 05:05,2026-10-04 17:40,,,https://www.youtube.com/channel/UCBp5wAVSGPOVErgHiWj3I1A
UCJazoRHF7da5NYEGcs2Avkw,@ユエ_ywf,48,4年,Member (4 years),,不明,,,9,71,0,2026-09-20 18:55,2026-10-08 00:00,,,https://www.youtube.com/channel/UCJazoRHF7da5NYEGcs2Avkw
UCNBi8Hdo-nEemXbBguMuRGw,@kurose5651,48,4年,Member (4 years),,不明,,,9,147,0,2026-09-21 05:00,2026-10-04 17:40,,,https://www.youtube.com/channel/UCNBi8Hdo-nEemXbBguMuRGw
UCL-R6MKK7drB96k7d5QvzpA,@しろめし-t9l,48,4年,Member (4 years),,不明,,,8,10,0,2026-09-09 05:37,2026-10-06 20:31,,,https://www.youtube.com/channel/UCL-R6MKK7drB96k7d5QvzpA
UCEM_WReVLg3CckrsV69Lyyw,@ぬこむすめ-n9c,48,4年,Member (4 years),,不明,,,8,470,0,2026-09-09 05:37,2026-09-30 21:03,,,https://www.youtube.com/channel/UCEM_WReVLg3CckrsV69Lyyw
UCMrR5JEXuGTz3SBBqQJouVA,@tkn0924,48,4年,Member (4 years),,不明,,,8,16,0,2026-09-09 05:37,2026-10-08 00:00,,,https://www.youtube.com/channel/UCMrR5JEXuGTz3SBBqQJouVA
UC45waJhOsZhRUrJzSFo5NDg,@りんごちゃん-l7x,48,4年,Member (4 years),,不明,,,8,15,0,2026-09-09 05:37,2026-10-06 20:31,,,https://www.youtube.com/channel/UC45waJhOsZhRUrJzSFo5NDg
UC49y6JOthNxYM3zK6yT6usw,@出社ショーン,48,4年,Member (4 years),,不明,,,8,53,0,2026-09-09 05:37,2026-10-08 00:00,,,https://www.youtube.com/channel/UC49y6JOthNxYM3zK6yT6usw
UCb1uGk9Sexv6tZG6ysD3pCA,@餃子_forever,48,4年,Member (4 years),,不明,,,8,259,0,2026-09-09 05:37,2026-10-06 20:31,,,https://www.youtube.com/channel/UCb1uGk9Sexv6tZG6ysD3pCA
UC2lZA_Wk9y29WyC-ckdXtAQ,@junjun_ni_kyunkyun,48,4年,Member (4 years),,不明,,,8,41,0,2026-09-09 05:37,2026-10-08 00:00,,,https://www.youtube.com/channel/UC2lZA_Wk9y29WyC-ckdXtAQ
UCd2_08BiJylCMI4jy-8NbMA,@SAWsaiko2,48,4年,Member (4 years),,不明,,,8,16,0,2026-09-09 05:37,2026-10-06 20:31,,,https://www.youtube.com/channel/UCd2_08BiJylCMI4jy-8NbMA
UCDvlSOmOwK69Upqc6qrnJkQ,@nagomi78-y1g,48,4年,Member (4 years),,不明,,,8,27,0,2026-09-09 05:37,2026-10-08 00:00,,,https://www.youtube.com/channel/UCDvlSOmOwK69Upqc6qrnJkQ
UCIQx7RzhyQX1RY6glyrDcHA,@makoto762,48,4年,Member (4 years),,不明,,,8,27,0,2026-09-09 05:37,2026-10-08 00:00,,,https://www.youtube.com/channel/UCIQx7RzhyQX1RY6glyrDcHA
UCFEflZ-pRIIRzvBQG3KKQRA,@こもも_106,48,4年,Member (4 years),,不明,,,8,12,0,2026-09-14 07:00,2026-10-06 20:31,,,https://www.youtube.com/channel/UCFEflZ-pRIIRzvBQG3KKQRA
UCEivWcgLOy-yWvqm6SDIM4w,@おむれつ侍,48,4年,Member (4 years),,不明,,,8,459,0,2026-09-14 07:00,2026-10-08 00:00,,,https://www.youtube.com/channel/UCEivWcgLOy-yWvqm6SDIM4w
UCSIsGp2kF5W9QGTB-Lr-Dbw,@りつ-o9n,48,4年,Member (4 years),,不明,,,8,21,0,2026-09-14 07:00,2026-10-06 20:31,,,https://www.youtube.com/channel/UCSIsGp2kF5W9QGTB-Lr-Dbw
UCMLJP7ghAqnlxChtEuHkKxg,@simawo,48,4年,Member (4 years),,不明,,,8,53,0,2026-09-14 07:00,2026-10-08 00:00,,,https://www.youtube.com/channel/UCMLJP7ghAqnlxChtEuHkKxg
UCfeNpHAC0u0kQb0KNPEX72w,@shino7j,48,4年,Member (4 years),,不明,,,8,9,0,2026-09-14 07:00,2026-10-08 00:00,,,https://www.youtube.com/channel/UCfeNpHAC0u0kQb0KNPEX72w
UCWoVlH6UV9dAYRoT3570M2w,@どすこい五右衛門,48,4年,Member (4 years),,不明,,,8,153,0,2026-09-14 07:00,2026-10-06 20:31,,,https://www.youtube.com/channel/UCWoVlH6UV9dAYRoT3570M2w
UCRjo6hJwoh0JYjiK5TrdNJg,@aokawa,48,4年,Member (4 years),,不明,,,8,54,0,2026-09-14 07:00,2026-10-06 20:31,,,https://www.youtube.com/channel/UCRjo6hJwoh0JYjiK5TrdNJg
UCZ3wOhYpoBELp5LDmANhPgw,@kkkyuu0418,48,4年,Member (4 years),,不明,,,8,13,0,2026-09-14 07:00,2026-10-06 20:31,,,https://www.youtube.com/channel/UCZ3wOhYpoBELp5LDmANhPgw
UCv7er0DvmsucBEMhkyiAakw,@みなみ-u5t4e,48,4年,Member (4 years),,不明,,,8,30,1,2026-09-14 07:00,2026-10-08 00:00,,,https://www.youtube.com/channel/UCv7er0DvmsucBEMhkyiAakw
UCQdcLIRlWQfy7F1m6erQ5og,@heyABC,48,4年,Member (4 years),,不明,,,8,19,0,2026-09-14 07:00,2026-10-01 20:48,,,https://www.youtube.com/channel/UCQdcLIRlWQfy7F1m6erQ5og
UChHlyE3E4jpjxRXmhyoLJmA,@sz1021nao,48,4年,Member (4 years),,不明,,,8,27,0,2026-09-14 07:00,2026-10-08 00:00,,,https://www.youtube.com/channel/UChHlyE3E4jpjxRXmhyoLJmA
UCssztKrMcRW4-8htO-8XhhA,@はるるす,48,4年,Member (4 years),,不明,,,8,54,0,2026-09-14 07:00,2026-10-08 00:00,,,https://www.youtube.com/channel/UCssztKrMcRW4-8htO-8XhhA
UCCLYuAQqPNVOuUAyCXbtz-g,@nishidaaaaa629,48,4年,Member (4 years),,不明,,,8,38,0,2026-09-15 20:06,2026-10-08 00:00,,,https://www.youtube.com/channel/UCCLYuAQqPNVOuUAyCXbtz-g
UC8uoxEyI0uDFVES9chn_Kag,@ゆるぷ-e6g,48,4年,Member (4 years),,不明,,,8,18,0,2026-09-15 20:06,2026-10-08 00:00,,,https://www.youtube.com/channel/UC8uoxEyI0uDFVES9chn_Kag
UCEKEbZqZt37iFhlbPljAXjg,@user-bk8op9tc8k,48,4年,Member (4 years),,不明,,,8,80,0,2026-09-15 20:06,2026-10-06 20:31,,,https://www.youtube.com/channel/UCEKEbZqZt37iFhlbPljAXjg
UCFjOf4nf8iypKpaYDyotKUQ,@おじ-n1r,48,4年,Member (4 years),,不明,,,8,23,2,2026-09-15 20:06,2026-10-08 00:00,,,https://www.youtube.com/channel/UCFjOf4nf8iypKpaYDyotKUQ
UC0V27QXgP7dXs8bPci5jHpQ,@みちゃ_mimimi.s,48,4年,Member (4 years),,不明,,,8,166,0,2026-09-15 20:06,2026-10-04 17:40,,,https://www.youtube.com/channel/UC0V27QXgP7dXs8bPci5jHpQ
UCxAr6j3yRPAVWgsiMnYcTTg,@そるべ_368,48,4年,Member (4 years),,不明,,,8,283,0,2026-09-15 20:06,2026-10-06 20:31,,,https://www.youtube.com/channel/UCxAr6j3yRPAVWgsiMnYcTTg
UC9CWd9DJyUm5rSRVRWIOaew,@oimoda-isuki,48,4年,Member (4 years),,不明,,,8,35,0,2026-09-15 20:06,2026-10-06 20:31,,,https://www.youtube.com/channel/UC9CWd9DJyUm5rSRVRWIOaew
UCAmcJO-b-X8NghkdeH5GfNA,@user-nxumelon,48,4年,Member (4 years),,不明,,,8,19,0,2026-09-15 20:06,2026-10-08 00:00,,,https://www.youtube.com/channel/UCAmcJO-b-X8NghkdeH5GfNA
UChNrjlOJWYas1K-Huv3hW6g,@brain5555,48,4年,Member (4 years),,不明,,,8,33,0,2026-09-15 20:06,2026-10-08 00:00,,,https://www.youtube.com/channel/UChNrjlOJWYas1K-Huv3hW6g
UCgmJwWJVet0C58ZKU8XFe4w,@まよ-n25,48,4年,Member (4 years),,不明,,,8,124,0,2026-09-15 20:06,2026-10-06 20:31,,,https://www.youtube.com/channel/UCgmJwWJVet0C58ZKU8XFe4w
UCGEJRDvTodlBXdlhAt-Zc-w,@孤独のむらちゃん,48,4年,Member (4 years),,不明,,,8,26,0,2026-09-16 05:01,2026-10-06 20:31,,,https://www.youtube.com/channel/UCGEJRDvTodlBXdlhAt-Zc-w
UCHs8n7wYsbXwWDDUIj2RS7Q,@saia_0e0,48,4年,Member (4 years),,不明,,,8,286,0,2026-09-20 18:55,2026-10-04 17:40,,,https://www.youtube.com/channel/UCHs8n7wYsbXwWDDUIj2RS7Q
UCh5OMp_7LM8EHrZcGeRi2jg,@R-GQ-Soubi,48,4年,Member (4 years),,不明,,,8,67,0,2026-09-20 18:55,2026-10-06 20:31,,,https://www.youtube.com/channel/UCh5OMp_7LM8EHrZcGeRi2jg
UCTCn2v8exHE5JoilwT2n_wQ,@かんぱり-x4o,48,4年,Member (4 years),,不明,,,8,49,0,2026-09-20 18:55,2026-10-06 20:31,,,https://www.youtube.com/channel/UCTCn2v8exHE5JoilwT2n_wQ
UCDaV--j5tIyj_fL8sHU5NuA,@猫又BBA,48,4年,Member (4 years),,不明,,,8,212,0,2026-09-22 22:33,2026-10-08 00:00,,,https://www.youtube.com/channel/UCDaV--j5tIyj_fL8sHU5NuA
UCicTg48IMueniC-DFdlBWGg,@りゆたろさん,48,4年,Member (4 years),,不明,,,7,71,0,2026-09-09 05:37,2026-10-08 00:00,,,https://www.youtube.com/channel/UCicTg48IMueniC-DFdlBWGg
UCL52zRj2e1o7aMeF93f6CFA,@hrrchaaaan_0102,48,4年,Member (4 years),,不明,,,7,30,0,2026-09-09 05:37,2026-09-26 05:01,,,https://www.youtube.com/channel/UCL52zRj2e1o7aMeF93f6CFA
UCulg6Y_AKTr8AC77fqhQ-Fw,@oyu__cham,48,4年,Member (4 years),,不明,,,7,10,0,2026-09-09 05:37,2026-10-04 17:40,,,https://www.youtube.com/channel/UCulg6Y_AKTr8AC77fqhQ-Fw
UCE3hFtVxHJuZVjScCf-iU4w,@Kkuuhaku,48,4年,Member (4 years),,不明,,,7,27,0,2026-09-09 05:37,2026-10-06 20:31,,,https://www.youtube.com/channel/UCE3hFtVxHJuZVjScCf-iU4w
UCiVtXESHGYBD3dKdDQdLJCw,@分裂式生命体,48,4年,Member (4 years),,不明,,,7,9,0,2026-09-09 05:37,2026-10-08 00:00,,,https://www.youtube.com/channel/UCiVtXESHGYBD3dKdDQdLJCw
UCU5R4nSVE9zkjluKRC4gNvw,@jun306,48,4年,Member (4 years),,不明,,,7,54,0,2026-09-09 05:37,2026-10-08 00:00,,,https://www.youtube.com/channel/UCU5R4nSVE9zkjluKRC4gNvw
UCOH6Xfl1S_pDF5zk6uknzrg,@ponpyon,48,4年,Member (4 years),,不明,,,7,24,0,2026-09-09 05:37,2026-10-06 20:31,,,https://www.youtube.com/channel/UCOH6Xfl1S_pDF5zk6uknzrg
UCLOUWljlbQ5VLR4dF6X00YA,@佐藤-t6f,48,4年,Member (4 years),,不明,,,7,22,0,2026-09-09 05:37,2026-10-06 20:31,,,https://www.youtube.com/channel/UCLOUWljlbQ5VLR4dF6X00YA
UCYOlBhUfxv7rgS74OJ-xKVQ,@ゆおた-d5s,48,4年,Member (4 years),,不明,,,7,79,0,2026-09-09 05:37,2026-10-08 00:00,,,https://www.youtube.com/channel/UCYOlBhUfxv7rgS74OJ-xKVQ
UCj_a4hEJjD-Ga4uVEgLgLHw,@wawoooon,48,4年,Member (4 years),,不明,,,7,22,0,2026-09-09 05:37,2026-10-06 20:31,,,https://www.youtube.com/channel/UCj_a4hEJjD-Ga4uVEgLgLHw
UCHV26bH7euWAJpta0qvEP3w,@銀河A,48,4年,Member (4 years),,不明,,,7,28,0,2026-09-14 07:00,2026-10-08 00:00,,,https://www.youtube.com/channel/UCHV26bH7euWAJpta0qvEP3w
UCPd9YiqSva2s0NiUFArPlWg,@shirocket,48,4年,Member (4 years),,不明,,,7,78,0,2026-09-14 07:00,2026-10-04 17:40,,,https://www.youtube.com/channel/UCPd9YiqSva2s0NiUFArPlWg
UCa03_lhveFvyhJih6oYZdGA,@alioth-chang,48,4年,Member (4 years),,不明,,,7,66,0,2026-09-14 07:00,2026-10-06 20:31,,,https://www.youtube.com/channel/UCa03_lhveFvyhJih6oYZdGA
UCTdChTYUT1oBFwkVy4BvQCg,@ゆる_138,48,4年,Member (4 years),,不明,,,7,8,0,2026-09-14 07:00,2026-10-08 00:00,,,https://www.youtube.com/channel/UCTdChTYUT1oBFwkVy4BvQCg
UCkCM0UCXTuX0qVrAqSN9Fkw,@さきと-skt312,48,4年,Member (4 years),,不明,,,7,11,0,2026-09-14 07:00,2026-10-06 20:31,,,https://www.youtube.com/channel/UCkCM0UCXTuX0qVrAqSN9Fkw
UCHSGvvwi6FRQ6BsnP8G5liw,@satou_ib,48,4年,Member (4 years),,不明,,,7,96,0,2026-09-15 20:06,2026-10-04 17:40,,,https://www.youtube.com/channel/UCHSGvvwi6FRQ6BsnP8G5liw
UCriC00xGkk1nkmPmbvuHrzA,@わび-r6b,48,4年,Member (4 years),,不明,,,7,53,0,2026-09-15 20:06,2026-10-08 00:00,,,https://www.youtube.com/channel/UCriC00xGkk1nkmPmbvuHrzA
UCVVycQUchbk0u8lZdExoCIg,@nnnuuu5,48,4年,Member (4 years),,不明,,,7,17,0,2026-09-16 05:01,2026-10-02 21:00,,,https://www.youtube.com/channel/UCVVycQUchbk0u8lZdExoCIg
UCbS6VWiaGi5jdSaK2JfzYog,@ままま-f2s,48,4年,Member (4 years),,不明,,,7,8,0,2026-09-16 05:01,2026-10-04 17:40,,,https://www.youtube.com/channel/UCbS6VWiaGi5jdSaK2JfzYog
UCvMxj_OlhvLb4xVQe_aswqw,@ながつき-y7u,48,4年,Member (4 years),,不明,,,7,35,0,2026-09-17 05:05,2026-10-06 20:31,,,https://www.youtube.com/channel/UCvMxj_OlhvLb4xVQe_aswqw
UCvNBIObKl5lGS00Bd6ccWVA,@ゆーー-b1k,48,4年,Member (4 years),,不明,,,7,42,0,2026-09-20 18:55,2026-10-04 17:40,,,https://www.youtube.com/channel/UCvNBIObKl5lGS00Bd6ccWVA
UC5GNCjxSwepcPMC9ceyYM-Q,@oまりりんもんろー,48,4年,Member (4 years),,不明,,,7,101,0,2026-09-29 05:00,2026-10-08 00:00,,,https://www.youtube.com/channel/UC5GNCjxSwepcPMC9ceyYM-Q
UCnZhlbSxH-uX6NgMZQ1TArQ,@sasikochan,48,4年,Member (4 years),,不明,,,6,251,0,2026-09-09 05:37,2026-09-29 05:00,,,https://www.youtube.com/channel/UCnZhlbSxH-uX6NgMZQ1TArQ
UCMNKWrgKuObRnDa_Qzbg1vg,@cw-lf8fr,48,4年,Member (4 years),,不明,,,6,13,0,2026-09-09 05:37,2026-10-08 00:00,,,https://www.youtube.com/channel/UCMNKWrgKuObRnDa_Qzbg1vg
UC315A96f8YCJrZx926fDV-w,@ゆLIんこ,48,4年,Member (4 years),,不明,,,6,21,0,2026-09-09 05:37,2026-09-29 05:00,,,https://www.youtube.com/channel/UC315A96f8YCJrZx926fDV-w
UCJ_fPSgtSkVIH5aosBS1ZyQ,@カナリア-r3f,48,4年,Member (4 years),,不明,,,6,7,0,2026-09-09 05:37,2026-10-06 20:31,,,https://www.youtube.com/channel/UCJ_fPSgtSkVIH5aosBS1ZyQ
UCp2M2zNtt4LoW835eTDAzYw,@あいり_o8,48,4年,Member (4 years),,不明,,,6,43,0,2026-09-09 05:37,2026-10-08 00:00,,,https://www.youtube.com/channel/UCp2M2zNtt4LoW835eTDAzYw
UCN6TQzX_CffnM1-kGW6Z6-A,@シソ-u3n,48,4年,Member (4 years),,不明,,,6,21,0,2026-09-14 07:00,2026-10-08 00:00,,,https://www.youtube.com/channel/UCN6TQzX_CffnM1-kGW6Z6-A
UC8aJLJcd4qxvErvCcA4CTvw,@みずぴちvV,48,4年,Member (4 years),,不明,,,6,30,0,2026-09-14 07:00,2026-10-08 00:00,,,https://www.youtube.com/channel/UC8aJLJcd4qxvErvCcA4CTvw
UCRYxyQCAc2EZpTIJlACnNUw,@あめ-c2c,48,4年,Member (4 years),,不明,,,6,13,0,2026-09-14 07:00,2026-10-08 00:00,,,https://www.youtube.com/channel/UCRYxyQCAc2EZpTIJlACnNUw
UC0AatgtopI7PbaEgze_iStg,@mixyatexi,48,4年,Member (4 years),,不明,,,6,147,0,2026-09-14 07:00,2026-10-04 17:40,,,https://www.youtube.com/channel/UC0AatgtopI7PbaEgze_iStg
UCVNehy4f-JYwaV-YHYQFzXg,@グチョ氏,48,4年,Member (4 years),,不明,,,6,25,0,2026-09-14 07:00,2026-10-04 17:40,,,https://www.youtube.com/channel/UCVNehy4f-JYwaV-YHYQFzXg
UCkM7cFPe0VQDBXS8IAya4Pg,@Oo_さかな_oO,48,4年,Member (4 years),,不明,,,6,7,0,2026-09-14 07:00,2026-10-06 20:31,,,https://www.youtube.com/channel/UCkM7cFPe0VQDBXS8IAya4Pg
UCiGTCWXoiwvVNX6UWQoncSg,@光-ひろ,48,4年,Member (4 years),,不明,,,6,8,0,2026-09-14 07:00,2026-10-01 20:48,,,https://www.youtube.com/channel/UCiGTCWXoiwvVNX6UWQoncSg
UCXIdM1Gnq6zGCID59u9Tt6g,@なっちゃ26,48,4年,Member (4 years),,不明,,,6,11,0,2026-09-14 07:00,2026-09-30 21:03,,,https://www.youtube.com/channel/UCXIdM1Gnq6zGCID59u9Tt6g
UCSMi2r647wahCEfBGcvQHXw,@チャキ-u1n,48,4年,Member (4 years),,不明,,,6,41,0,2026-09-15 20:06,2026-10-08 00:00,,,https://www.youtube.com/channel/UCSMi2r647wahCEfBGcvQHXw
UCiU1zXUDe5Y-9SDNYNpkpGA,@お寿司ちゃん-h5t,48,4年,Member (4 years),,不明,,,6,42,0,2026-09-15 20:06,2026-10-06 20:31,,,https://www.youtube.com/channel/UCiU1zXUDe5Y-9SDNYNpkpGA
UCGTAT9MFW2TD9smxJ3NFl-w,@いおりx,48,4年,Member (4 years),,不明,,,6,41,0,2026-09-15 20:06,2026-10-08 00:00,,,https://www.youtube.com/channel/UCGTAT9MFW2TD9smxJ3NFl-w
UC_0j8jDb_vZG1B0fsGNgz6w,@io_nemui,48,4年,Member (4 years),,不明,,,6,25,0,2026-09-15 20:06,2026-09-29 05:00,,,https://www.youtube.com/channel/UC_0j8jDb_vZG1B0fsGNgz6w
UCC3MlLNqO7pa_NlyngmrlUQ,@pickles_panic,48,4年,Member (4 years),,不明,,,6,11,0,2026-09-15 20:06,2026-10-06 20:31,,,https://www.youtube.com/channel/UCC3MlLNqO7pa_NlyngmrlUQ
UC_TGKsvATALtM18iookDfMA,@とり-l7z,48,4年,Member (4 years),,不明,,,6,51,0,2026-09-15 20:06,2026-10-04 17:40,,,https://www.youtube.com/channel/UC_TGKsvATALtM18iookDfMA
UCrs7llJVPW9nVITlpk787Iw,@ごまま-gomama,48,4年,Member (4 years),,不明,,,6,18,0,2026-09-15 20:06,2026-10-06 20:31,,,https://www.youtube.com/channel/UCrs7llJVPW9nVITlpk787Iw
UC12NzxPTCQyGTvS6V7RCxIQ,@kairu_ren,48,4年,Member (4 years),,不明,,,6,32,0,2026-09-15 20:06,2026-10-04 17:40,,,https://www.youtube.com/channel/UC12NzxPTCQyGTvS6V7RCxIQ
UCa_voJUZx0IzawGlYYzHUag,@5ちゃいのあいる,48,4年,Member (4 years),,不明,,,6,9,0,2026-09-15 20:06,2026-10-06 20:31,,,https://www.youtube.com/channel/UCa_voJUZx0IzawGlYYzHUag
UC0aYklzwDak-dIjhSXclSEw,@stpri_arigt,48,4年,Member (4 years),,不明,,,6,7,0,2026-09-15 20:06,2026-09-29 05:00,,,https://www.youtube.com/channel/UC0aYklzwDak-dIjhSXclSEw
UCpd9DwSbBjOgpq9_UBVbYqA,@user-Donut.,48,4年,Member (4 years),,不明,,,6,52,0,2026-09-15 20:06,2026-10-08 00:00,,,https://www.youtube.com/channel/UCpd9DwSbBjOgpq9_UBVbYqA
UCn1lu0HRUlmSd3OGSv8CiUw,@おこめ-f.s,48,4年,Member (4 years),,不明,,,6,25,0,2026-09-15 20:06,2026-10-06 20:31,,,https://www.youtube.com/channel/UCn1lu0HRUlmSd3OGSv8CiUw
UCRfbE4uQpNQTJGNb2rAsTdA,@ピリpili,48,4年,Member (4 years),,不明,,,6,11,0,2026-09-15 20:06,2026-10-08 00:00,,,https://www.youtube.com/channel/UCRfbE4uQpNQTJGNb2rAsTdA
UCPsW7cCpxNZL7lmiF0GmPng,@八木-d9v,48,4年,Member (4 years),,不明,,,6,7,0,2026-09-15 20:06,2026-09-30 21:03,,,https://www.youtube.com/channel/UCPsW7cCpxNZL7lmiF0GmPng
UC-HuHg3-XQoeveyV--j12bw,@namiheykinoko,48,4年,Member (4 years),,不明,,,6,7,0,2026-09-16 05:01,2026-10-08 00:00,,,https://www.youtube.com/channel/UC-HuHg3-XQoeveyV--j12bw
UCEY1lP3Iahz7ZJJQ0bxOFdg,@蔗_さとうきび,48,4年,Member (4 years),,不明,,,6,12,0,2026-09-16 05:01,2026-09-30 21:03,,,https://www.youtube.com/channel/UCEY1lP3Iahz7ZJJQ0bxOFdg
UCFZB3cp7I9G1XUkN-loXjuw,@みゃあ-o4h,48,4年,Member (4 years),,不明,,,6,16,0,2026-09-16 05:01,2026-10-06 20:31,,,https://www.youtube.com/channel/UCFZB3cp7I9G1XUkN-loXjuw
UCMFUWpogv3MTgaWT3QekKbA,@ももはな-c2p,48,4年,Member (4 years),,不明,,,6,42,0,2026-09-17 05:05,2026-10-03 20:59,,,https://www.youtube.com/channel/UCMFUWpogv3MTgaWT3QekKbA
UCKi0wtqTagePLtJzhZA4K7g,@zo1uz,48,4年,Member (4 years),,不明,,,6,18,0,2026-09-20 18:55,2026-10-06 20:31,,,https://www.youtube.com/channel/UCKi0wtqTagePLtJzhZA4K7g
UC47T--l8HhbL-HNtvNSu-hQ,@ほあ_ほあ,48,4年,Member (4 years),,不明,,,6,26,0,2026-09-20 18:55,2026-10-06 20:31,,,https://www.youtube.com/channel/UC47T--l8HhbL-HNtvNSu-hQ
UCbyeRMvw4AHEthUBQRiX7Sw,@アマ子,48,4年,Member (4 years),,不明,,,6,275,0,2026-09-20 18:55,2026-10-04 17:40,,,https://www.youtube.com/channel/UCbyeRMvw4AHEthUBQRiX7Sw
UCZWOKKyD5yMjkVLCBERlnPQ,@睡眠-l5s,48,4年,Member (4 years),,不明,,,6,16,0,2026-09-20 18:55,2026-10-04 17:40,,,https://www.youtube.com/channel/UCZWOKKyD5yMjkVLCBERlnPQ
UCSspDG64JR4OBLgO_kkS-Tg,@momoko_321,48,4年,Member (4 years),,不明,,,6,13,0,2026-09-20 18:55,2026-10-04 17:40,,,https://www.youtube.com/channel/UCSspDG64JR4OBLgO_kkS-Tg
UCEfavqLd4aLKWF9uEB48D5w,@ヴィ-t1t,48,4年,Member (4 years),,不明,,,6,24,0,2026-09-20 18:55,2026-10-06 20:31,,,https://www.youtube.com/channel/UCEfavqLd4aLKWF9uEB48D5w
UC_6WPq3gYaQfbz-r6Go9hzw,@minimum_lv,48,4年,Member (4 years),,不明,,,6,15,0,2026-09-20 18:55,2026-10-04 17:40,,,https://www.youtube.com/channel/UC_6WPq3gYaQfbz-r6Go9hzw
UCMhJcfXTELarNoMD2kYW3CA,@chi_ミズシマ,48,4年,Member (4 years),,不明,,,6,16,0,2026-09-21 05:00,2026-10-03 20:59,,,https://www.youtube.com/channel/UCMhJcfXTELarNoMD2kYW3CA
UCRdnkUwLq1q-SVXc2-tY-eQ,@しーたん-y8y,48,4年,Member (4 years),,不明,,,6,78,0,2026-09-22 22:33,2026-10-04 17:40,,,https://www.youtube.com/channel/UCRdnkUwLq1q-SVXc2-tY-eQ
UCgfLewvwcZaNmq86PaLKIAg,@おしゃけn_n,48,4年,Member (4 years),,不明,,,6,20,0,2026-09-22 22:33,2026-10-08 00:00,,,https://www.youtube.com/channel/UCgfLewvwcZaNmq86PaLKIAg
UCUKaoirIoAs8y-OS-YhdhQQ,@SHHH-x5f,48,4年,Member (4 years),,不明,,,6,65,0,2026-09-24 05:04,2026-10-04 17:40,,,https://www.youtube.com/channel/UCUKaoirIoAs8y-OS-YhdhQQ
UC9avlCtZmQDc-ZDHUqez3Bw,@aayanno,48,4年,Member (4 years),,不明,,,5,6,0,2026-09-09 05:37,2026-10-06 20:31,,,https://www.youtube.com/channel/UC9avlCtZmQDc-ZDHUqez3Bw
UCkfuNuWg_QvOVZvBHu3fJjQ,@ねねぴnene-chan,48,4年,Member (4 years),,不明,,,5,12,0,2026-09-09 05:37,2026-10-06 20:31,,,https://www.youtube.com/channel/UCkfuNuWg_QvOVZvBHu3fJjQ
UCd7BhWnm6mKS8PlhX8NkyYA,@ilyana19,48,4年,Member (4 years),,不明,,,5,31,0,2026-09-09 05:37,2026-09-29 05:00,,,https://www.youtube.com/channel/UCd7BhWnm6mKS8PlhX8NkyYA
UCeF11RhypwFStMHd4idPc4A,@凪-dayo,48,4年,Member (4 years),,不明,,,5,15,0,2026-09-09 05:37,2026-09-29 05:00,,,https://www.youtube.com/channel/UCeF11RhypwFStMHd4idPc4A
UClEKkdzOCx1yBoYSvDbl62Q,@おひるね_ofton,48,4年,Member (4 years),,不明,,,5,51,0,2026-09-09 05:37,2026-10-08 00:00,,,https://www.youtube.com/channel/UClEKkdzOCx1yBoYSvDbl62Q
UCjchGAkRXcMlD7PulhSRM0Q,@かなえ-rk,48,4年,Member (4 years),,不明,,,5,55,0,2026-09-14 07:00,2026-09-24 05:04,,,https://www.youtube.com/channel/UCjchGAkRXcMlD7PulhSRM0Q
UCSujkAJ6CejZBDSPSHotC6Q,@RIKO_0408,48,4年,Member (4 years),,不明,,,5,11,0,2026-09-14 07:00,2026-10-02 21:00,,,https://www.youtube.com/channel/UCSujkAJ6CejZBDSPSHotC6Q
UCPRzigIxKBW1nWXHipmVHxg,@ichika3team,48,4年,Member (4 years),,不明,,,5,116,0,2026-09-14 07:00,2026-09-29 05:00,,,https://www.youtube.com/channel/UCPRzigIxKBW1nWXHipmVHxg
UCE8KTVVsBeKpInhxm7wREnw,@noko406,48,4年,Member (4 years),,不明,,,5,186,0,2026-09-14 07:00,2026-09-29 05:00,,,https://www.youtube.com/channel/UCE8KTVVsBeKpInhxm7wREnw
UCV-FIWoHhMbQX7t0uCbO_7A,@shiomeru,48,4年,Member (4 years),,不明,,,5,11,0,2026-09-14 07:00,2026-10-08 00:00,,,https://www.youtube.com/channel/UCV-FIWoHhMbQX7t0uCbO_7A
UCx6IVbHIr_ofO8GimjZpX0A,@りりか-e1v,48,4年,Member (4 years),,不明,,,5,54,0,2026-09-14 07:00,2026-10-06 20:31,,,https://www.youtube.com/channel/UCx6IVbHIr_ofO8GimjZpX0A
UC_Ywxarl4xW3ZYaUOd-UyRA,@あやふじ-e5r,48,4年,Member (4 years),,不明,,,5,7,0,2026-09-14 07:00,2026-09-29 05:00,,,https://www.youtube.com/channel/UC_Ywxarl4xW3ZYaUOd-UyRA
UCPC-kx_H71G8EwnxHvMGwAg,@オードソックス-b8s,48,4年,Member (4 years),,不明,,,5,5,0,2026-09-14 07:00,2026-10-06 20:31,,,https://www.youtube.com/channel/UCPC-kx_H71G8EwnxHvMGwAg
UCU5PKRwlW365YP1nHSi1-Vg,@ysmn-m9i,48,4年,Member (4 years),,不明,,,5,143,0,2026-09-15 20:06,2026-10-08 00:00,,,https://www.youtube.com/channel/UCU5PKRwlW365YP1nHSi1-Vg
UC_CMGts7my33un5su3wMDXw,@にこにこの3年生,48,4年,Member (4 years),,不明,,,5,89,0,2026-09-15 20:06,2026-10-08 00:00,,,https://www.youtube.com/channel/UC_CMGts7my33un5su3wMDXw
UCd-mn_H68GGQxt0-6gITflQ,@aStar14,48,4年,Member (4 years),,不明,,,5,73,0,2026-09-15 20:06,2026-10-08 00:00,,,https://www.youtube.com/channel/UCd-mn_H68GGQxt0-6gITflQ
UCHPu4BIIkmu1GHWNidSapsQ,@幻質等比,48,4年,Member (4 years),,不明,,,5,35,0,2026-09-15 20:06,2026-10-08 00:00,,,https://www.youtube.com/channel/UCHPu4BIIkmu1GHWNidSapsQ
UChKx_df4cnHBOJQ6y-uCPJQ,@u-n1i,48,4年,Member (4 years),,不明,,,5,26,0,2026-09-15 20:06,2026-10-02 21:00,,,https://www.youtube.com/channel/UChKx_df4cnHBOJQ6y-uCPJQ
UCxiHI5Ub2rJVL3Ph5XuDbqA,@ぽむ-QvQ,48,4年,Member (4 years),,不明,,,5,22,0,2026-09-15 20:06,2026-10-03 20:59,,,https://www.youtube.com/channel/UCxiHI5Ub2rJVL3Ph5XuDbqA
UC-UV-AE2FzXCR-NGpeiF-Vg,@mi5008,48,4年,Member (4 years),,不明,,,5,14,0,2026-09-15 20:06,2026-10-04 17:40,,,https://www.youtube.com/channel/UC-UV-AE2FzXCR-NGpeiF-Vg
UCNHNov12-uG5DtIyJ-7VH1w,@nonono-p8,48,4年,Member (4 years),,不明,,,5,9,0,2026-09-15 20:06,2026-10-06 20:31,,,https://www.youtube.com/channel/UCNHNov12-uG5DtIyJ-7VH1w
UCIM3ZytSZvshx4wo3WWiyAw,@さきさか-y1k,48,4年,Member (4 years),,不明,,,5,9,0,2026-09-15 20:06,2026-10-08 00:00,,,https://www.youtube.com/channel/UCIM3ZytSZvshx4wo3WWiyAw
UCA_1wNIOFBIznniGKUgT1sA,@akebi_214,48,4年,Member (4 years),,不明,,,5,35,0,2026-09-15 20:06,2026-10-08 00:00,,,https://www.youtube.com/channel/UCA_1wNIOFBIznniGKUgT1sA
UCwWK-zLF-v4UGy1jgRyut0A,@サキ.-saki.2525,48,4年,Member (4 years),,不明,,,5,31,0,2026-09-15 20:06,2026-09-29 05:00,,,https://www.youtube.com/channel/UCwWK-zLF-v4UGy1jgRyut0A
UC90vX4_jT7o_H0wpFM2oubA,@ヤキナスrf4,48,4年,Member (4 years),,不明,,,5,5,0,2026-09-16 05:01,2026-10-06 20:31,,,https://www.youtube.com/channel/UC90vX4_jT7o_H0wpFM2oubA
UCD_LOofxgOGapCXj0DKIY0Q,@_______.o0O,48,4年,Member (4 years),,不破狂,再加入/レベル変更,,5,22,0,2026-09-16 05:01,2026-10-06 20:31,,,https://www.youtube.com/channel/UCD_LOofxgOGapCXj0DKIY0Q
UCV1LmBnENWymIh8F9KjG7qg,@jun-ps6xi,48,4年,Member (4 years),,不明,,,5,48,0,2026-09-16 05:01,2026-10-04 17:40,,,https://www.youtube.com/channel/UCV1LmBnENWymIh8F9KjG7qg
UCQ_BgnN43pBy-uJI5b2HR7Q,@mao6636,48,4年,Member (4 years),,不明,,,5,10,0,2026-09-16 05:01,2026-10-06 20:31,,,https://www.youtube.com/channel/UCQ_BgnN43pBy-uJI5b2HR7Q
UC2Zo8dU3HVOoTB3ctLvyVXA,@ひるごはん-q5d,48,4年,Member (4 years),,不明,,,5,7,0,2026-09-17 05:05,2026-10-04 17:40,,,https://www.youtube.com/channel/UC2Zo8dU3HVOoTB3ctLvyVXA
UCoVy_bYHU__vqpEdhPj8QMQ,@ohe7953,48,4年,Member (4 years),,不明,,,5,9,0,2026-09-17 05:05,2026-10-03 20:59,,,https://www.youtube.com/channel/UCoVy_bYHU__vqpEdhPj8QMQ
UC7bNGaGkZs9LCDxnt1Qiaug,@一旦天津飯,48,4年,Member (4 years),,不明,,,5,8,0,2026-09-20 18:55,2026-10-04 17:40,,,https://www.youtube.com/channel/UC7bNGaGkZs9LCDxnt1Qiaug
UCKcIybm8JKI_DpXrn-7V28Q,@aimiya7512,48,4年,Member (4 years),,不明,,,5,8,0,2026-09-20 18:55,2026-10-03 20:59,,,https://www.youtube.com/channel/UCKcIybm8JKI_DpXrn-7V28Q
UC3oH4rXt83Grg2NhkOnS3Ag,@さろめろ,48,4年,Member (4 years),,不明,,,5,202,0,2026-09-20 18:55,2026-10-06 20:31,,,https://www.youtube.com/channel/UC3oH4rXt83Grg2NhkOnS3Ag
UCj59cM6rDpeQP4qBT2KFLhA,@ワカメカメ,48,4年,Member (4 years),,不明,,,5,62,0,2026-09-21 05:00,2026-10-04 17:40,,,https://www.youtube.com/channel/UCj59cM6rDpeQP4qBT2KFLhA
UCpJ3Sqi6tIWsPNWAnRwKejQ,@swwwtwwwk4940,48,4年,Member (4 years),,不明,,,5,6,0,2026-09-21 05:00,2026-10-06 20:31,,,https://www.youtube.com/channel/UCpJ3Sqi6tIWsPNWAnRwKejQ
UCTrlYqINnIbhECGyYd136Zg,@mikoshi-2,48,4年,Member (4 years),,不明,,,5,7,0,2026-09-21 05:00,2026-10-02 21:00,,,https://www.youtube.com/channel/UCTrlYqINnIbhECGyYd136Zg
UC5-1C1RNRJLgdgQZfMoKuhw,@翠-y7j,48,4年,Member (4 years),,不明,,,5,8,0,2026-09-22 22:33,2026-10-08 00:00,,,https://www.youtube.com/channel/UC5-1C1RNRJLgdgQZfMoKuhw
UCQ5AmDHTdmID_94UWpinpKw,@nemukkuma,48,4年,Member (4 years),,不明,,,5,13,0,2026-09-26 05:01,2026-10-04 17:40,,,https://www.youtube.com/channel/UCQ5AmDHTdmID_94UWpinpKw
UCHueX8_6dCE6XjO3F3R-hUw,@UGEM4Rro,48,4年,Member (4 years),,不明,,,5,78,0,2026-09-30 21:03,2026-10-04 17:40,,,https://www.youtube.com/channel/UCHueX8_6dCE6XjO3F3R-hUw
UCLJxlw7dAbT7Z1GInZbHvNQ,@ぷゆ82,48,4年,Member (4 years),,不明,,,4,949,0,2026-09-09 05:37,2026-09-30 21:03,,,https://www.youtube.com/channel/UCLJxlw7dAbT7Z1GInZbHvNQ
UCkIW_DsqFAZlm2lGqYvlv1Q,@水月夕,48,4年,Member (4 years),,不明,,,4,12,0,2026-09-09 05:37,2026-10-08 00:00,,,https://www.youtube.com/channel/UCkIW_DsqFAZlm2lGqYvlv1Q
UCqfzYKysjdV3Ukvn1gqY8lA,@6_q198,48,4年,Member (4 years),,不明,,,4,5,0,2026-09-09 05:37,2026-10-06 20:31,,,https://www.youtube.com/channel/UCqfzYKysjdV3Ukvn1gqY8lA
UC_oAiwrY3b8MEm_s6-HnBDg,@みさ_fm,48,4年,Member (4 years),,不明,,,4,9,0,2026-09-09 05:37,2026-10-08 00:00,,,https://www.youtube.com/channel/UC_oAiwrY3b8MEm_s6-HnBDg
UCtNfVWtsJJYUIZo9YBGzDIg,@32_pu,48,4年,Member (4 years),,不明,,,4,14,0,2026-09-09 05:37,2026-10-08 00:00,,,https://www.youtube.com/channel/UCtNfVWtsJJYUIZo9YBGzDIg
UCGOYUq2_GvWEn8k2kYJr20Q,@ゆずき-y4z,48,4年,Member (4 years),,不明,,,4,11,0,2026-09-09 05:37,2026-09-21 05:00,,,https://www.youtube.com/channel/UCGOYUq2_GvWEn8k2kYJr20Q
UCtBlM9IudMvb4cZhbSLYgGQ,@yuchandayo_puri,48,4年,Member (4 years),,不明,,,4,5,0,2026-09-09 05:37,2026-09-21 05:00,,,https://www.youtube.com/channel/UCtBlM9IudMvb4cZhbSLYgGQ
UCk_7UaEHpiQSKtNT7TA8kOQ,@sabaonigiriuma,48,4年,Member (4 years),,不明,,,4,17,0,2026-09-09 05:37,2026-10-06 20:31,,,https://www.youtube.com/channel/UCk_7UaEHpiQSKtNT7TA8kOQ
UCyt3SSU2m9quOZe56ki0xIA,@ユウヒ-t7s,48,4年,Member (4 years),,不明,,,4,9,0,2026-09-09 05:37,2026-09-26 05:01,,,https://www.youtube.com/channel/UCyt3SSU2m9quOZe56ki0xIA
UCX5K9nZxGfefq6V9SoKctPg,@ひな-h7o6z,48,4年,Member (4 years),,不明,,,4,4,0,2026-09-09 05:37,2026-10-06 20:31,,,https://www.youtube.com/channel/UCX5K9nZxGfefq6V9SoKctPg
UCA6I9oaWZ58i72SDxF_yAIw,@watagashi_ice,48,4年,Member (4 years),,不明,,,4,5,0,2026-09-09 05:37,2026-10-01 20:48,,,https://www.youtube.com/channel/UCA6I9oaWZ58i72SDxF_yAIw
UCU-doHaM3US63uXPJ4Prg8A,@-U--uk6ju,48,4年,Member (4 years),,不明,,,4,28,0,2026-09-09 05:37,2026-09-29 05:00,,,https://www.youtube.com/channel/UCU-doHaM3US63uXPJ4Prg8A
UChk-cqcytkyxMV_Wjn8lX4A,@はるか-wa,48,4年,Member (4 years),,不明,,,4,13,0,2026-09-09 05:37,2026-10-04 17:40,,,https://www.youtube.com/channel/UChk-cqcytkyxMV_Wjn8lX4A
UCFDEY8_KsXfWJ8mG4ykcrzg,@サンヒちゃん,48,4年,Member (4 years),,不明,,,4,24,0,2026-09-14 07:00,2026-10-08 00:00,,,https://www.youtube.com/channel/UCFDEY8_KsXfWJ8mG4ykcrzg
UCaW_wZIWuaqPxUGmFr7eCRw,@りてゃん-t6i,48,4年,Member (4 years),,不明,,,4,11,0,2026-09-14 07:00,2026-09-26 05:01,,,https://www.youtube.com/channel/UCaW_wZIWuaqPxUGmFr7eCRw
UCj9SIcB3uUTd_2M_gVzW_Sw,@koyom_1,48,4年,Member (4 years),,不明,,,4,7,0,2026-09-14 07:00,2026-10-08 00:00,,,https://www.youtube.com/channel/UCj9SIcB3uUTd_2M_gVzW_Sw
UCjMHy_w3k6FS_xIeBBCQtXA,@norito3,48,4年,Member (4 years),,不明,,,4,7,0,2026-09-14 07:00,2026-10-06 20:31,,,https://www.youtube.com/channel/UCjMHy_w3k6FS_xIeBBCQtXA
UC33NFSkrMVuhWVEeVCd96jg,@ぬんちゃン,48,4年,Member (4 years),,不明,,,4,12,1,2026-09-14 07:00,2026-10-04 17:40,,,https://www.youtube.com/channel/UC33NFSkrMVuhWVEeVCd96jg
UCLmCX8f6bqBs0OpNVZ48sJw,@itokon0ishi,48,4年,Member (4 years),,不明,,,4,56,0,2026-09-14 07:00,2026-10-04 17:40,,,https://www.youtube.com/channel/UCLmCX8f6bqBs0OpNVZ48sJw
UCUqqHpYNYwCawd-_UjfEKXQ,@Mar_まる,48,4年,Member (4 years),,不明,,,4,27,0,2026-09-14 07:00,2026-10-08 00:00,,,https://www.youtube.com/channel/UCUqqHpYNYwCawd-_UjfEKXQ
UCo2krJqAf5TsKKNzxyEV9JQ,@さとさと-46182,48,4年,Member (4 years),,不明,,,4,6,0,2026-09-14 07:00,2026-10-06 20:31,,,https://www.youtube.com/channel/UCo2krJqAf5TsKKNzxyEV9JQ
UC_XxTF3X2MAp7Oo_2ebCjdw,@ゆりりん·_·28,48,4年,Member (4 years),,不明,,,4,4,0,2026-09-14 07:00,2026-09-30 21:03,,,https://www.youtube.com/channel/UC_XxTF3X2MAp7Oo_2ebCjdw
UCHXBD0Qo-OpVvS9UKL7mT0w,@bobco_,48,4年,Member (4 years),,不明,,,4,5,0,2026-09-14 07:00,2026-10-04 17:40,,,https://www.youtube.com/channel/UCHXBD0Qo-OpVvS9UKL7mT0w
UCXvq4qgSCnBsM7epUoemsKg,@おふ-w8n,48,4年,Member (4 years),,不明,,,4,7,0,2026-09-14 07:00,2026-10-01 20:48,,,https://www.youtube.com/channel/UCXvq4qgSCnBsM7epUoemsKg
UCMVvoyYmUG4tbXAaF65q7dQ,@もふもふ-k3k,48,4年,Member (4 years),,不明,,,4,16,0,2026-09-14 07:00,2026-10-08 00:00,,,https://www.youtube.com/channel/UCMVvoyYmUG4tbXAaF65q7dQ
UCnpv6-JIcoDQ7KkOF5NWBBA,@miou69,48,4年,Member (4 years),,不明,,,4,14,0,2026-09-15 20:06,2026-09-29 05:00,,,https://www.youtube.com/channel/UCnpv6-JIcoDQ7KkOF5NWBBA
UCX-Yi-M3WO9blaW-ASODcHg,@ヒヨロシ,48,4年,Member (4 years),,不明,,,4,48,0,2026-09-15 20:06,2026-10-06 20:31,,,https://www.youtube.com/channel/UCX-Yi-M3WO9blaW-ASODcHg
UC7D1dHB3e0iZTKvttOM3t7g,@ccSEI,48,4年,Member (4 years),,不明,,,4,37,0,2026-09-15 20:06,2026-10-04 17:40,,,https://www.youtube.com/channel/UC7D1dHB3e0iZTKvttOM3t7g
UCwqZPmRwu3nV_kYFu8oSE7Q,@ゆちゃん-c1l,48,4年,Member (4 years),,不明,,,4,16,0,2026-09-15 20:06,2026-10-08 00:00,,,https://www.youtube.com/channel/UCwqZPmRwu3nV_kYFu8oSE7Q
UC5UcNa4kLvLAeUi1wkPU6Aw,@YuMal,48,4年,Member (4 years),,不明,,,4,9,0,2026-09-15 20:06,2026-10-06 20:31,,,https://www.youtube.com/channel/UC5UcNa4kLvLAeUi1wkPU6Aw
UCOVRchYBXE7noXwkc8Fgo6A,@ryuki734,48,4年,Member (4 years),,不明,,,4,5,0,2026-09-15 20:06,2026-10-04 17:40,,,https://www.youtube.com/channel/UCOVRchYBXE7noXwkc8Fgo6A
UCyvdHsvw1Eb2bzdmmhzQdCA,@黒滝-b2n,48,4年,Member (4 years),,不明,,,4,9,0,2026-09-15 20:06,2026-10-04 17:40,,,https://www.youtube.com/channel/UCyvdHsvw1Eb2bzdmmhzQdCA
UC7BhZP_HIp3zG37473b7x9g,@カス-i1y,48,4年,Member (4 years),,不明,,,4,5,0,2026-09-15 20:06,2026-10-08 00:00,,,https://www.youtube.com/channel/UC7BhZP_HIp3zG37473b7x9g
UCEiZRfiFevUnVKHqoX186Qg,@x6l-l7s,48,4年,Member (4 years),,不明,,,4,5,0,2026-09-15 20:06,2026-10-08 00:00,,,https://www.youtube.com/channel/UCEiZRfiFevUnVKHqoX186Qg
UCOEyxuX_nJfqThjlANFvaNA,@5847-d8r,48,4年,Member (4 years),,不明,,,4,7,0,2026-09-15 20:06,2026-10-08 00:00,,,https://www.youtube.com/channel/UCOEyxuX_nJfqThjlANFvaNA
UC3qrYYBeQl_H5TeZCLQc0YA,@yuenjoy,48,4年,Member (4 years),,不明,,,4,10,0,2026-09-16 05:01,2026-09-29 05:00,,,https://www.youtube.com/channel/UC3qrYYBeQl_H5TeZCLQc0YA
UCKFmR2ksZWwG6EFy25bVUZA,@shiota_777,48,4年,Member (4 years),,不明,,,4,4,0,2026-09-17 05:05,2026-09-29 05:00,,,https://www.youtube.com/channel/UCKFmR2ksZWwG6EFy25bVUZA
UCby05KHXYwBefunlalSH1ig,@まる-m3w4o,48,4年,Member (4 years),,不明,,,4,7,0,2026-09-20 18:55,2026-10-03 20:59,,,https://www.youtube.com/channel/UCby05KHXYwBefunlalSH1ig
UCtH7PGKeNrbADmkXrjq1Jiw,@あーたんさん,48,4年,Member (4 years),,不明,,,4,5,0,2026-09-20 18:55,2026-10-06 20:31,,,https://www.youtube.com/channel/UCtH7PGKeNrbADmkXrjq1Jiw
UCbHg13478LL1B0jffSbprJA,@ざらめ-q9h,48,4年,Member (4 years),,不明,,,4,53,0,2026-09-22 22:33,2026-10-08 00:00,,,https://www.youtube.com/channel/UCbHg13478LL1B0jffSbprJA
UCiwE2t2GbRe71RITyu5Khhg,@こと-i2u,48,4年,Member (4 years),,不明,,,4,5,0,2026-09-22 22:33,2026-10-03 20:59,,,https://www.youtube.com/channel/UCiwE2t2GbRe71RITyu5Khhg
UCBODbn4LXEGD6FJ2sG-UHPQ,@ごしにじゅう-y9g,48,4年,Member (4 years),,不明,,,4,130,0,2026-09-22 22:33,2026-10-06 20:31,,,https://www.youtube.com/channel/UCBODbn4LXEGD6FJ2sG-UHPQ
UCzqYRbzAKkY7w1DyqH3pfDg,@しまむうう,48,4年,Member (4 years),,不明,,,4,31,0,2026-09-30 21:03,2026-10-08 00:00,,,https://www.youtube.com/channel/UCzqYRbzAKkY7w1DyqH3pfDg
UCtMiTcBGiS63N7GRXyxIcfg,@icns_pw,48,4年,Member (4 years),,不明,,,3,3,0,2026-09-09 05:37,2026-09-21 05:00,,,https://www.youtube.com/channel/UCtMiTcBGiS63N7GRXyxIcfg
UCCYMgQDdbmloaAIZc1vSUng,@まお_zZ,48,4年,Member (4 years),,不明,,,3,5,0,2026-09-09 05:37,2026-09-22 22:33,,,https://www.youtube.com/channel/UCCYMgQDdbmloaAIZc1vSUng
UCZTkrXVRuaLLV4J_MFbILqw,@_m_m_l,48,4年,Member (4 years),,不明,,,3,18,0,2026-09-09 05:37,2026-09-26 05:01,,,https://www.youtube.com/channel/UCZTkrXVRuaLLV4J_MFbILqw
UC_KBo-EHhXedI567i_tmbbQ,@yy_3710,48,4年,Member (4 years),,不明,,,3,5,0,2026-09-09 05:37,2026-10-03 20:59,,,https://www.youtube.com/channel/UC_KBo-EHhXedI567i_tmbbQ
UCmZzJPJszOGsommf6PRkuVw,@chococo04,48,4年,Member (4 years),,不明,,,3,44,0,2026-09-09 05:37,2026-09-17 05:05,,,https://www.youtube.com/channel/UCmZzJPJszOGsommf6PRkuVw
UCepZm4TZtpmLmiO2QzkurBw,@natsusukedayo,48,4年,Member (4 years),,不明,,,3,5,0,2026-09-09 05:37,2026-09-16 05:01,,,https://www.youtube.com/channel/UCepZm4TZtpmLmiO2QzkurBw
UCtPGEOU7OI138li68Hi164g,@うい-e9m,48,4年,Member (4 years),,不明,,,3,69,0,2026-09-09 05:37,2026-09-22 22:33,,,https://www.youtube.com/channel/UCtPGEOU7OI138li68Hi164g
UCJvOxSJUgHDyTookXUDjQ-w,@まにたゆ,48,4年,Member (4 years),,不明,,,3,6,0,2026-09-09 05:37,2026-10-08 00:00,,,https://www.youtube.com/channel/UCJvOxSJUgHDyTookXUDjQ-w
UCoz6Q18CCYKy7rpkoxyqVsQ,@もとこ-m6y,48,4年,Member (4 years),,不明,,,3,6,0,2026-09-09 05:37,2026-09-21 05:00,,,https://www.youtube.com/channel/UCoz6Q18CCYKy7rpkoxyqVsQ
UC3XYGSKnrJpfZ_0mpC4Lgtw,@35kg_migokiro,48,4年,Member (4 years),,不明,,,3,5,0,2026-09-14 07:00,2026-10-01 20:48,,,https://www.youtube.com/channel/UC3XYGSKnrJpfZ_0mpC4Lgtw
UCJmffp9VfgSaTB-5ggXgLOA,@mirindesu3,48,4年,Member (4 years),,不明,,,3,31,0,2026-09-14 07:00,2026-09-27 06:00,,,https://www.youtube.com/channel/UCJmffp9VfgSaTB-5ggXgLOA
UC4D6ccuxlI676sFTCewNFdw,@octopustraveler2502,48,4年,Member (4 years),,不明,,,3,19,0,2026-09-14 07:00,2026-09-29 05:00,,,https://www.youtube.com/channel/UC4D6ccuxlI676sFTCewNFdw
UCaRKYzkjr612GCowUqIUP7A,@なつきchi,48,4年,Member (4 years),,不明,,,3,10,0,2026-09-14 07:00,2026-09-29 05:00,,,https://www.youtube.com/channel/UCaRKYzkjr612GCowUqIUP7A
UCb3GBpYludT4dAfGIK_BhzA,@らて-h8e,48,4年,Member (4 years),,不明,,,3,4,0,2026-09-14 07:00,2026-10-08 00:00,,,https://www.youtube.com/channel/UCb3GBpYludT4dAfGIK_BhzA
UCBMU1N7oW8-IWXl0xgXlxJQ,@hsp_toya,48,4年,Member (4 years),,不明,,,3,4,0,2026-09-14 07:00,2026-10-04 17:40,,,https://www.youtube.com/channel/UCBMU1N7oW8-IWXl0xgXlxJQ
UC8VP96QakpE-GQFx0Up9gvg,@fragment96,48,4年,Member (4 years),,不明,,,3,7,0,2026-09-14 07:00,2026-10-06 20:31,,,https://www.youtube.com/channel/UC8VP96QakpE-GQFx0Up9gvg
UCAen__8G7cUldtwVbRJZ4OA,@mol2194,48,4年,Member (4 years),,不明,,,3,27,0,2026-09-14 07:00,2026-10-04 17:40,,,https://www.youtube.com/channel/UCAen__8G7cUldtwVbRJZ4OA
UCw23fDO8I-w6zUsk_KZfxCA,@タコ飯-d5z,48,4年,Member (4 years),,不明,,,3,6,0,2026-09-14 07:00,2026-09-21 05:00,,,https://www.youtube.com/channel/UCw23fDO8I-w6zUsk_KZfxCA
UCzlAReXY4waDvL49zxD_NCA,@たくみ-b3r2b,48,4年,Member (4 years),,不明,,,3,4,0,2026-09-14 07:00,2026-09-30 21:03,,,https://www.youtube.com/channel/UCzlAReXY4waDvL49zxD_NCA
UCd3PSu2hs349ZCtf08iE2RA,@あいか-c5y1d,48,4年,Member (4 years),,不明,,,3,4,0,2026-09-14 07:00,2026-10-06 20:31,,,https://www.youtube.com/channel/UCd3PSu2hs349ZCtf08iE2RA
UCGb1McrGCDBpeLrvBQRV_AA,@おもち-q4s3q,48,4年,Member (4 years),,不明,,,3,3,0,2026-09-14 07:00,2026-10-01 20:48,,,https://www.youtube.com/channel/UCGb1McrGCDBpeLrvBQRV_AA
UCZtjklbkuzYqlj2Q_YqgmBQ,@らっちょ-g2l,48,4年,Member (4 years),,不明,,,3,16,0,2026-09-15 20:06,2026-10-06 20:31,,,https://www.youtube.com/channel/UCZtjklbkuzYqlj2Q_YqgmBQ
UC42318V4Xo8NKzitYmwsw9Q,@ゆずり_Useriri_ri,48,4年,Member (4 years),,不明,,,3,96,0,2026-09-15 20:06,2026-09-17 05:05,,,https://www.youtube.com/channel/UC42318V4Xo8NKzitYmwsw9Q
UC-L-F8P2YpI51oyjUDtKL_A,@mugi_1045,48,4年,Member (4 years),,不明,,,3,28,0,2026-09-15 20:06,2026-09-30 21:03,,,https://www.youtube.com/channel/UC-L-F8P2YpI51oyjUDtKL_A
UCIRteeKHti_LlkJTR_XNpjA,@しおぷりん-m7q,48,4年,Member (4 years),,不明,,,3,7,0,2026-09-15 20:06,2026-10-04 17:40,,,https://www.youtube.com/channel/UCIRteeKHti_LlkJTR_XNpjA
UCNtCBKCIGxA8JDJxbIeTk8Q,@matchaaay,48,4年,Member (4 years),,不明,,,3,49,0,2026-09-15 20:06,2026-09-22 22:33,,,https://www.youtube.com/channel/UCNtCBKCIGxA8JDJxbIeTk8Q
UC_i7z9iCrZfL7wPx4WdddLA,@Inoriiii,48,4年,Member (4 years),,不明,,,3,3,0,2026-09-15 20:06,2026-09-29 05:00,,,https://www.youtube.com/channel/UC_i7z9iCrZfL7wPx4WdddLA
UCvaAXKxMxZuz10Ly4qrhJew,@0001_blubDANE,48,4年,Member (4 years),,不明,,,3,10,0,2026-09-15 20:06,2026-10-04 17:40,,,https://www.youtube.com/channel/UCvaAXKxMxZuz10Ly4qrhJew
UCcSjhDLGtGBHVl7YKGUp2-g,@あま_no__fg,48,4年,Member (4 years),,不明,,,3,5,0,2026-09-15 20:06,2026-09-29 05:00,,,https://www.youtube.com/channel/UCcSjhDLGtGBHVl7YKGUp2-g
UC04f93lH2LgBQi2piK_WC7g,@たんやお-b3i,48,4年,Member (4 years),,不明,,,3,8,0,2026-09-15 20:06,2026-10-04 17:40,,,https://www.youtube.com/channel/UC04f93lH2LgBQi2piK_WC7g
UCzjeW5v5TssvaYZneD0KG5Q,@うぐいすもち-z4x,48,4年,Member (4 years),,不明,,,3,3,0,2026-09-15 20:06,2026-10-08 00:00,,,https://www.youtube.com/channel/UCzjeW5v5TssvaYZneD0KG5Q
UC1zGD20pJ01x3cLhVsY_fTw,@吉野-s6l,48,4年,Member (4 years),,不破狂,再加入/レベル変更,,3,2,0,2026-09-15 20:06,2026-10-04 17:40,,,https://www.youtube.com/channel/UC1zGD20pJ01x3cLhVsY_fTw
UCb3UE4hb8r32F-iezqZu29A,@ぷりんせすななちゃん,48,4年,Member (4 years),,不明,,,3,7,0,2026-09-16 05:01,2026-10-06 20:31,,,https://www.youtube.com/channel/UCb3UE4hb8r32F-iezqZu29A
UCorTyxpPqILedcbK9dAK7-Q,@ganbarenaiyo,48,4年,Member (4 years),,不明,,,3,13,0,2026-09-16 05:01,2026-09-24 05:04,,,https://www.youtube.com/channel/UCorTyxpPqILedcbK9dAK7-Q
UCteEQJusJ7ifobjW3Nd5eiQ,@まんぷくてんとうむし,48,4年,Member (4 years),,不明,,,3,5,0,2026-09-16 05:01,2026-10-06 20:31,,,https://www.youtube.com/channel/UCteEQJusJ7ifobjW3Nd5eiQ
UCUq6aV_MX4M1sxbu-FP4DFw,@yy-ln2yx,48,4年,Member (4 years),,不明,,,3,3,0,2026-09-16 05:01,2026-10-01 20:48,,,https://www.youtube.com/channel/UCUq6aV_MX4M1sxbu-FP4DFw
UC78pZjvCQ7s__LAV4Fcq7ww,@Omz-v7x,48,4年,Member (4 years),,不明,,,3,5,0,2026-09-16 05:01,2026-09-20 18:55,,,https://www.youtube.com/channel/UC78pZjvCQ7s__LAV4Fcq7ww
UCPiWafWdyKhU57tlRKzJ-fg,@なぎチャン-r2x,48,4年,Member (4 years),,不明,,,3,34,0,2026-09-16 05:01,2026-10-04 17:40,,,https://www.youtube.com/channel/UCPiWafWdyKhU57tlRKzJ-fg
UCpmrxPzMhXLxKVQSZa6SOcA,@たまなっつ,48,4年,Member (4 years),,不明,,,3,4,0,2026-09-17 05:05,2026-10-01 20:48,,,https://www.youtube.com/channel/UCpmrxPzMhXLxKVQSZa6SOcA
UC1uhchOcNcSIgaKZ2nJSIaQ,@okome-p1,48,4年,Member (4 years),,不明,,,3,36,0,2026-09-20 18:55,2026-10-08 00:00,,,https://www.youtube.com/channel/UC1uhchOcNcSIgaKZ2nJSIaQ
UCjIk4sZMytlO048vS-Wszjg,@まこ-h7u,48,4年,Member (4 years),,不明,,,3,86,0,2026-09-20 18:55,2026-09-22 22:33,,,https://www.youtube.com/channel/UCjIk4sZMytlO048vS-Wszjg
UCbJhnICaFH-XT300r65QrTg,@わらこ-p3g,48,4年,Member (4 years),,不明,,,3,11,0,2026-09-20 18:55,2026-10-01 20:48,,,https://www.youtube.com/channel/UCbJhnICaFH-XT300r65QrTg
UCPnjMu6J0y0rfbPjV9enctA,@あいはる-j6c,48,4年,Member (4 years),,不明,,,3,10,0,2026-09-20 18:55,2026-10-04 17:40,,,https://www.youtube.com/channel/UCPnjMu6J0y0rfbPjV9enctA
UCvRRvuUbxNy7Ah9cZBQmM4g,@ぷー子_わさび,48,4年,Member (4 years),,不明,,,3,3,0,2026-09-20 18:55,2026-10-04 17:40,,,https://www.youtube.com/channel/UCvRRvuUbxNy7Ah9cZBQmM4g
UCspFuF5Ttdjg-u83JYBac1A,@ふたば-s2l,48,4年,Member (4 years),,不明,,,3,4,0,2026-09-21 05:00,2026-10-04 17:40,,,https://www.youtube.com/channel/UCspFuF5Ttdjg-u83JYBac1A
UCxnDKkDFZI-dbXMz2yBr0Kg,@koko_0415,48,4年,Member (4 years),,不明,,,3,4,0,2026-09-21 05:00,2026-09-29 05:00,,,https://www.youtube.com/channel/UCxnDKkDFZI-dbXMz2yBr0Kg
UC4jBXOjsq5y_y5z8-iDoxkg,@ルリアゲハ,48,4年,Member (4 years),,不明,,,3,98,0,2026-09-22 22:33,2026-10-08 00:00,,,https://www.youtube.com/channel/UC4jBXOjsq5y_y5z8-iDoxkg
UCgTailClKp8rOnFIGO7cXKQ,@あんず-12s,48,4年,Member (4 years),,不明,,,3,14,1,2026-09-22 22:33,2026-10-04 17:40,,,https://www.youtube.com/channel/UCgTailClKp8rOnFIGO7cXKQ
UCIIVtBOqbCLbWtqsJM-jqoA,@NchaRale,48,4年,Member (4 years),,不明,,,3,3,0,2026-09-22 22:33,2026-09-30 21:03,,,https://www.youtube.com/channel/UCIIVtBOqbCLbWtqsJM-jqoA
UCo8jgRlJxFaCMRbumNbqWjA,@mizuno.f,48,4年,Member (4 years),,不明,,,3,24,0,2026-09-22 22:33,2026-10-06 20:31,,,https://www.youtube.com/channel/UCo8jgRlJxFaCMRbumNbqWjA
UCDoaBkR6es2xZZrluMlWe3A,@れあり-re,48,4年,Member (4 years),,不明,,,3,8,0,2026-09-24 05:04,2026-10-04 17:40,,,https://www.youtube.com/channel/UCDoaBkR6es2xZZrluMlWe3A
UCA9kudxJ_cAuIUPMnA6bdnA,@みみ-k2z8t,48,4年,Member (4 years),,不明,,,3,12,0,2026-09-26 05:01,2026-10-04 17:40,,,https://www.youtube.com/channel/UCA9kudxJ_cAuIUPMnA6bdnA
UCzP6RMjtGVuzBLPJJxzYTYg,@がるがるきち,48,4年,Member (4 years),,不明,,,3,3,0,2026-09-27 06:00,2026-10-03 20:59,,,https://www.youtube.com/channel/UCzP6RMjtGVuzBLPJJxzYTYg
UCA24lYzPzgR5jFXa1E5gW_g,@しゅ-y2z,48,4年,Member (4 years),,不明,,,3,3,0,2026-09-29 05:00,2026-10-04 17:40,,,https://www.youtube.com/channel/UCA24lYzPzgR5jFXa1E5gW_g
UCy8qEbwa37v8Gj7Nu0_nqWQ,@しう-e9g,48,4年,Member (4 years),,不明,,,3,3,0,2026-09-30 21:03,2026-10-06 20:31,,,https://www.youtube.com/channel/UCy8qEbwa37v8Gj7Nu0_nqWQ
UC6IJ2zw1Nadn2amiw8lTJZg,@杏花-x9m,48,4年,Member (4 years),,不明,,,3,4,0,2026-09-30 21:03,2026-10-06 20:31,,,https://www.youtube.com/channel/UC6IJ2zw1Nadn2amiw8lTJZg
UC8cjy4A-P2n80tdkoT0Cqwg,@かるら-s8r,48,4年,Member (4 years),,不明,,,3,6,0,2026-09-30 21:03,2026-10-04 17:40,,,https://www.youtube.com/channel/UC8cjy4A-P2n80tdkoT0Cqwg
UCZbmoL7CgoRP6EIrxHxjklg,@gof_me,48,4年,Member (4 years),,不明,,,3,15,0,2026-09-30 21:03,2026-10-06 20:31,,,https://www.youtube.com/channel/UCZbmoL7CgoRP6EIrxHxjklg
UCsqwhEA4hUpbWNYmJcwyvPQ,@nana-xg7xi,48,4年,Member (4 years),,不明,,,3,5,0,2026-09-30 21:03,2026-10-02 21:00,,,https://www.youtube.com/channel/UCsqwhEA4hUpbWNYmJcwyvPQ
UCfVcsxywxN7-l7EPvkBHXfw,@うつろ-w3t,48,4年,Member (4 years),,不明,,,3,5,0,2026-10-01 20:48,2026-10-04 17:40,,,https://www.youtube.com/channel/UCfVcsxywxN7-l7EPvkBHXfw
UCUzZyBm9lIAO-cJ7JphdA8w,@27iz_,48,4年,Member (4 years),,不明,,,3,11,0,2026-10-01 20:48,2026-10-04 17:40,,,https://www.youtube.com/channel/UCUzZyBm9lIAO-cJ7JphdA8w
UCnfMhtLDm4gJ_LnqeZwB1_g,@amichan_xxx,48,4年,Member (4 years),,不明,,,3,16,0,2026-10-03 20:59,2026-10-06 20:31,,,https://www.youtube.com/channel/UCnfMhtLDm4gJ_LnqeZwB1_g
UCvKYJxatJxj4c6PprhvNxlQ,@羽二重餅,48,4年,Member (4 years),,不明,,,3,34,0,2026-10-04 17:40,2026-10-08 00:00,,,https://www.youtube.com/channel/UCvKYJxatJxj4c6PprhvNxlQ
UC1TqtUzTIgxrsZ1HE8iCLwA,@吠はい,48,4年,Member (4 years),,不明,,,2,2,0,2026-09-09 05:37,2026-09-21 05:00,,,https://www.youtube.com/channel/UC1TqtUzTIgxrsZ1HE8iCLwA
UCPJqYIb-yply4o3mfAFhliA,@ドチャクソスキー,48,4年,Member (4 years),,不明,,,2,3,0,2026-09-09 05:37,2026-09-21 05:00,,,https://www.youtube.com/channel/UCPJqYIb-yply4o3mfAFhliA
UCO-4cvNzLZxHooLDQUNHf2Q,@みどぺろーな_4,48,4年,Member (4 years),,不明,,,2,2,0,2026-09-09 05:37,2026-09-14 07:00,,,https://www.youtube.com/channel/UCO-4cvNzLZxHooLDQUNHf2Q
UC7reB-zJaAyJ500AZykrrjg,@Ri_fwm,48,4年,Member (4 years),,不明,,,2,2,0,2026-09-09 05:37,2026-09-22 22:33,,,https://www.youtube.com/channel/UC7reB-zJaAyJ500AZykrrjg
UC_htL1X_gXyaT8yHXRFp1Ag,@Nao5ro,48,4年,Member (4 years),,不明,,,2,3,0,2026-09-09 05:37,2026-09-15 20:06,,,https://www.youtube.com/channel/UC_htL1X_gXyaT8yHXRFp1Ag
UCjC6qMIp2CYVg2816YfQ95A,@kajikununk,48,4年,Member (4 years),,不明,,,2,2,0,2026-09-09 05:37,2026-09-14 07:00,,,https://www.youtube.com/channel/UCjC6qMIp2CYVg2816YfQ95A
UCmRV5mRK8mFzag2x2rIM7tw,@akane2935,48,4年,Member (4 years),,不明,,,2,15,0,2026-09-09 05:37,2026-09-15 20:06,,,https://www.youtube.com/channel/UCmRV5mRK8mFzag2x2rIM7tw
UCjIj2ASPRFsSv9RL-Gb3RPg,@awoi06,48,4年,Member (4 years),,不明,,,2,11,0,2026-09-09 05:37,2026-10-01 20:48,,,https://www.youtube.com/channel/UCjIj2ASPRFsSv9RL-Gb3RPg
UCzVOWjS7eddL8ew93jeSsuw,@チョコチ-nj3j,48,4年,Member (4 years),,不明,,,2,3,0,2026-09-09 05:37,2026-09-15 20:06,,,https://www.youtube.com/channel/UCzVOWjS7eddL8ew93jeSsuw
UCHBu9Nb9lEps6TRb2sqMBfQ,@ことり-r6b,48,4年,Member (4 years),,不明,,,2,48,0,2026-09-14 07:00,2026-09-15 20:06,,,https://www.youtube.com/channel/UCHBu9Nb9lEps6TRb2sqMBfQ
UCHdAfzjqJ2BmJNK_IiaPeSg,@あさばo,48,4年,Member (4 years),,不明,,,2,17,0,2026-09-14 07:00,2026-09-15 20:06,,,https://www.youtube.com/channel/UCHdAfzjqJ2BmJNK_IiaPeSg
UC48OY2jtH0EWFLheIUfz-3A,@九条-v2s,48,4年,Member (4 years),,不明,,,2,4,0,2026-09-14 07:00,2026-10-06 20:31,,,https://www.youtube.com/channel/UC48OY2jtH0EWFLheIUfz-3A
UCgSBcDKStkv9aQoAVm8AKLQ,@kuwagatakuwakuwa,48,4年,Member (4 years),,不明,,,2,4,0,2026-09-14 07:00,2026-10-04 17:40,,,https://www.youtube.com/channel/UCgSBcDKStkv9aQoAVm8AKLQ
UCeXOeiis0lVDIG0gloR6mog,@そらまめ-t7k,48,4年,Member (4 years),,不明,,,2,4,0,2026-09-14 07:00,2026-09-20 18:55,,,https://www.youtube.com/channel/UCeXOeiis0lVDIG0gloR6mog
UCr8oU94lT1xjRJeOhcB9zGA,@aNofLvsi,48,4年,Member (4 years),,不明,,,2,13,0,2026-09-14 07:00,2026-10-01 20:48,,,https://www.youtube.com/channel/UCr8oU94lT1xjRJeOhcB9zGA
UCedpV9E6x62ZV4If79TPCww,@狐々露,48,4年,Member (4 years),,不明,,,2,8,0,2026-09-14 07:00,2026-09-24 05:04,,,https://www.youtube.com/channel/UCedpV9E6x62ZV4If79TPCww
UC4WeRktIew-aZV_DOG-ZYyA,@すもち-fw3n0,48,4年,Member (4 years),,不明,,,2,3,0,2026-09-14 07:00,2026-09-24 05:04,,,https://www.youtube.com/channel/UC4WeRktIew-aZV_DOG-ZYyA
UC9x4W2tj0VEBK4YiVYf4rTg,@asupara3,48,4年,Member (4 years),,不明,,,2,2,0,2026-09-14 07:00,2026-09-29 05:00,,,https://www.youtube.com/channel/UC9x4W2tj0VEBK4YiVYf4rTg
UCJ8HvacNgz03uwzHZbYZIYA,@あやち-m8h,48,4年,Member (4 years),,不明,,,2,2,0,2026-09-14 07:00,2026-10-08 00:00,,,https://www.youtube.com/channel/UCJ8HvacNgz03uwzHZbYZIYA
UCtCygSNJr5ssaCfL2QiEKfg,@のんのん_0e0,48,4年,Member (4 years),,不明,,,2,16,0,2026-09-14 07:00,2026-10-06 20:31,,,https://www.youtube.com/channel/UCtCygSNJr5ssaCfL2QiEKfg
UCifZFua-u1gi7j_wfBJGsbg,@GORO美7403,48,4年,Member (4 years),,不明,,,2,4,0,2026-09-14 07:00,2026-09-22 22:33,,,https://www.youtube.com/channel/UCifZFua-u1gi7j_wfBJGsbg
UCoQjo6vRizq2xu0drhDuBtg,@まくらくま_28,48,4年,Member (4 years),,不明,,,2,3,0,2026-09-14 07:00,2026-09-22 22:33,,,https://www.youtube.com/channel/UCoQjo6vRizq2xu0drhDuBtg
UCgR7qFTYveRbgCVQYTI5dIw,@けゐと-k8s,48,4年,Member (4 years),,不明,,,2,3,0,2026-09-14 07:00,2026-09-24 05:04,,,https://www.youtube.com/channel/UCgR7qFTYveRbgCVQYTI5dIw
UCb4OTH57IZ3Q9C-iD3tZYPw,@konekocath,48,4年,Member (4 years),,不明,,,2,2,0,2026-09-14 07:00,2026-09-22 22:33,,,https://www.youtube.com/channel/UCb4OTH57IZ3Q9C-iD3tZYPw
UCKsDa3HW2U9EEL8QHC2dhIQ,@ゆーみん-j5u,48,4年,Member (4 years),,不明,,,2,2,0,2026-09-14 07:00,2026-09-21 05:00,,,https://www.youtube.com/channel/UCKsDa3HW2U9EEL8QHC2dhIQ
UCYCTDP_CarU8S-CxYJ5ytHQ,@nacco_75,48,4年,Member (4 years),,不明,,,2,21,0,2026-09-14 07:00,2026-09-22 22:33,,,https://www.youtube.com/channel/UCYCTDP_CarU8S-CxYJ5ytHQ
UCifcA_YMIGP5PbTbo-JjIdQ,@つづらや-k8r,48,4年,Member (4 years),,不明,,,2,2,0,2026-09-14 07:00,2026-09-29 05:00,,,https://www.youtube.com/channel/UCifcA_YMIGP5PbTbo-JjIdQ
UCuSkeiZKsTax-fpaLYS21ZA,@nonchiiii2329,48,4年,Member (4 years),,不明,,,2,26,0,2026-09-14 07:00,2026-09-17 05:05,,,https://www.youtube.com/channel/UCuSkeiZKsTax-fpaLYS21ZA
UCqTZVCxiY9dvRyXp5_5vk0Q,@すずろ1112,48,4年,Member (4 years),,不明,,,2,5,0,2026-09-14 07:00,2026-09-17 05:05,,,https://www.youtube.com/channel/UCqTZVCxiY9dvRyXp5_5vk0Q
UC125ht1uZyqJlkfRuPbz8PA,@おこめつぶ-fw,48,4年,Member (4 years),,不明,,,2,12,0,2026-09-14 07:00,2026-09-27 06:00,,,https://www.youtube.com/channel/UC125ht1uZyqJlkfRuPbz8PA
UCMylN8x9M-oHKCGLcUI1EFQ,@NOKOand,48,4年,Member (4 years),,不明,,,2,2,0,2026-09-14 07:00,2026-09-29 05:00,,,https://www.youtube.com/channel/UCMylN8x9M-oHKCGLcUI1EFQ
UCVO_Mhax-jbG0YxL8FN98Og,@PINKWHTE,48,4年,Member (4 years),,不明,,,2,2,0,2026-09-14 07:00,2026-09-24 05:04,,,https://www.youtube.com/channel/UCVO_Mhax-jbG0YxL8FN98Og
UC_LESygpJG9XxaaHQ9MffRw,@みさと-j1c,48,4年,Member (4 years),,不明,,,2,2,1,2026-09-14 07:00,2026-09-29 05:00,,,https://www.youtube.com/channel/UC_LESygpJG9XxaaHQ9MffRw
UCSMEbyxzaYMNwTF-due2gmQ,@あぴょんI,48,4年,Member (4 years),,不明,,,2,3,0,2026-09-14 07:00,2026-09-24 05:04,,,https://www.youtube.com/channel/UCSMEbyxzaYMNwTF-due2gmQ
UCMruioH57KiqGlL76czeGDA,@ルナ-j2y,48,4年,Member (4 years),,不明,,,2,2,0,2026-09-14 07:00,2026-09-21 05:00,,,https://www.youtube.com/channel/UCMruioH57KiqGlL76czeGDA
UCE4Uz7B4_bFOko_sWDPke9g,@みりん_72,48,4年,Member (4 years),,不明,,,2,34,0,2026-09-15 20:06,2026-09-20 18:55,,,https://www.youtube.com/channel/UCE4Uz7B4_bFOko_sWDPke9g
UC9_OMXEQ7na8a80NGzRdeFQ,@ひとみストレッチ,48,4年,Member (4 years),,不明,,,2,46,0,2026-09-15 20:06,2026-10-06 20:31,,,https://www.youtube.com/channel/UC9_OMXEQ7na8a80NGzRdeFQ
UCzH6A-jYzriCZZhi732cJ7w,@のんちゃん-w5s,48,4年,Member (4 years),,不明,,,2,6,0,2026-09-15 20:06,2026-09-24 05:04,,,https://www.youtube.com/channel/UCzH6A-jYzriCZZhi732cJ7w
UCP9e4w9IUWoM5ZfbHsKbcng,@ぷわおに,48,4年,Member (4 years),,不明,,,2,4,0,2026-09-15 20:06,2026-10-04 17:40,,,https://www.youtube.com/channel/UCP9e4w9IUWoM5ZfbHsKbcng
UCJ9W8twKOnVyx-34MUmzKuQ,@nagonagoaa,48,4年,Member (4 years),,不明,,,2,5,0,2026-09-15 20:06,2026-09-22 22:33,,,https://www.youtube.com/channel/UCJ9W8twKOnVyx-34MUmzKuQ
UC-htsP1-U1j-krSm6KgTJxg,@ぬぬしゃ,48,4年,Member (4 years),,不明,,,2,15,0,2026-09-15 20:06,2026-09-29 05:00,,,https://www.youtube.com/channel/UC-htsP1-U1j-krSm6KgTJxg
UCitZUDfaEdgJU5HlI4UqVcw,@ju_2j3j,48,4年,Member (4 years),,不明,,,2,4,0,2026-09-15 20:06,2026-10-08 00:00,,,https://www.youtube.com/channel/UCitZUDfaEdgJU5HlI4UqVcw
UC6xxPPbX726oYjFkKWM3yGA,@mametaro_0418,48,4年,Member (4 years),,不明,,,2,2,0,2026-09-15 20:06,2026-09-22 22:33,,,https://www.youtube.com/channel/UC6xxPPbX726oYjFkKWM3yGA
UC9DsAWRgRauajszjUBMYdog,@ゆじゃ-y,48,4年,Member (4 years),,不明,,,2,8,0,2026-09-15 20:06,2026-09-22 22:33,,,https://www.youtube.com/channel/UC9DsAWRgRauajszjUBMYdog
UC8wlJwvkplINwnh_cIpbSZA,@ゆっけ-n5m,48,4年,Member (4 years),,不明,,,2,3,0,2026-09-15 20:06,2026-10-06 20:31,,,https://www.youtube.com/channel/UC8wlJwvkplINwnh_cIpbSZA
UC2ONf0WSl4OCQR83iaW_AtA,@ゆり-x2u,48,4年,Member (4 years),,不明,,,2,17,0,2026-09-15 20:06,2026-09-20 18:55,,,https://www.youtube.com/channel/UC2ONf0WSl4OCQR83iaW_AtA
UCpJO64AHew6Ji59rro41bUw,@もち-p7o,48,4年,Member (4 years),,不明,,,2,22,0,2026-09-15 20:06,2026-10-06 20:31,,,https://www.youtube.com/channel/UCpJO64AHew6Ji59rro41bUw
UCRoyR-zcVA2BoViRpkmQkwA,@のこ-nc0,48,4年,Member (4 years),,不明,,,2,11,0,2026-09-15 20:06,2026-09-16 05:01,,,https://www.youtube.com/channel/UCRoyR-zcVA2BoViRpkmQkwA
UCXmx0aqUp6PkkoOz_w6Pf6w,@らいと_0108,48,4年,Member (4 years),,不明,,,2,3,0,2026-09-15 20:06,2026-10-01 20:48,,,https://www.youtube.com/channel/UCXmx0aqUp6PkkoOz_w6Pf6w
UCRJHIKdykHtkRUfVQdHGoNQ,@ys-fz4np,48,4年,Member (4 years),,不明,,,2,6,0,2026-09-15 20:06,2026-10-04 17:40,,,https://www.youtube.com/channel/UCRJHIKdykHtkRUfVQdHGoNQ
UCKuVAQZlos0GNIjr1iBy6YQ,@m__927,48,4年,Member (4 years),,不明,,,2,2,0,2026-09-15 20:06,2026-09-16 05:01,,,https://www.youtube.com/channel/UCKuVAQZlos0GNIjr1iBy6YQ
UCTA3DwLLSl_G_Ro3chyDRVw,@概念を飛ばす莉穂ちゃん,48,4年,Member (4 years),,不明,,,2,2,1,2026-09-15 20:06,2026-09-17 05:05,,,https://www.youtube.com/channel/UCTA3DwLLSl_G_Ro3chyDRVw
UCEhk0jcwfmDb71FaOXOtL1w,@punmchu,48,4年,Member (4 years),,不明,,,2,2,1,2026-09-15 20:06,2026-09-21 05:00,,,https://www.youtube.com/channel/UCEhk0jcwfmDb71FaOXOtL1w
UC1q3vsf479J9_dwx4cgJojw,@uuu_yi7489,48,4年,Member (4 years),,不明,,,2,2,0,2026-09-16 05:01,2026-10-08 00:00,,,https://www.youtube.com/channel/UC1q3vsf479J9_dwx4cgJojw
UCHSu3j5w1jxDij-sUPTULPw,@ner0-wz,48,4年,Member (4 years),,不明,,,2,13,0,2026-09-16 05:01,2026-09-17 05:05,,,https://www.youtube.com/channel/UCHSu3j5w1jxDij-sUPTULPw
UCG9NM89FvavP9_aXhL0yrTw,@にゃは-p8k,48,4年,Member (4 years),,不明,,,2,5,0,2026-09-16 05:01,2026-09-17 05:05,,,https://www.youtube.com/channel/UCG9NM89FvavP9_aXhL0yrTw
UCorkdis8yLkLLketc_J742Q,@みみみ-g5mmmm,48,4年,Member (4 years),,不明,,,2,2,0,2026-09-16 05:01,2026-09-21 05:00,,,https://www.youtube.com/channel/UCorkdis8yLkLLketc_J742Q
UCZAABOhVORxNTzSrP2yoe5w,@しま-neko,48,4年,Member (4 years),,不明,,,2,6,0,2026-09-16 05:01,2026-09-17 05:05,,,https://www.youtube.com/channel/UCZAABOhVORxNTzSrP2yoe5w
UCP69Y0z6mtnytORnCMKhfxw,@ku5002,48,4年,Member (4 years),,不明,,,2,2,0,2026-09-16 05:01,2026-10-06 20:31,,,https://www.youtube.com/channel/UCP69Y0z6mtnytORnCMKhfxw
UC8WJ4IuVFOztSZDNwW6q1hQ,@mikan_kandume,48,4年,Member (4 years),,不明,,,2,2,0,2026-09-17 05:05,2026-09-26 05:01,,,https://www.youtube.com/channel/UC8WJ4IuVFOztSZDNwW6q1hQ
UC6G4no8Yd3ZTfr16uAxgUJQ,@suya_tea,48,4年,Member (4 years),,不明,,,2,7,0,2026-09-17 05:05,2026-09-20 18:55,,,https://www.youtube.com/channel/UC6G4no8Yd3ZTfr16uAxgUJQ
UCSo7h7klUJ5l11fvCong2Ow,@むにゃん-q8h,48,4年,Member (4 years),,不明,,,2,4,0,2026-09-17 05:05,2026-10-01 20:48,,,https://www.youtube.com/channel/UCSo7h7klUJ5l11fvCong2Ow
UCXtbjKpIupDFXu9Nap48ogw,@sushitabetai_なー,48,4年,Member (4 years),,不明,,,2,5,0,2026-09-17 05:05,2026-09-22 22:33,,,https://www.youtube.com/channel/UCXtbjKpIupDFXu9Nap48ogw
UC0_9JmuDTckyh8lN2pc2J7Q,@shina-6359,48,4年,Member (4 years),,不明,,,2,2,0,2026-09-17 05:05,2026-09-24 05:04,,,https://www.youtube.com/channel/UC0_9JmuDTckyh8lN2pc2J7Q
UCSJ1XzyjkXWFoiHlAQ6_Xnw,@リクガメ_OW,48,4年,Member (4 years),,不明,,,2,19,0,2026-09-17 05:05,2026-10-04 17:40,,,https://www.youtube.com/channel/UCSJ1XzyjkXWFoiHlAQ6_Xnw
UCIsMO3F_eRsIdjpTdj9CF-w,@cottonrink8550,48,4年,Member (4 years),,不明,,,2,2,0,2026-09-17 05:05,2026-09-24 05:04,,,https://www.youtube.com/channel/UCIsMO3F_eRsIdjpTdj9CF-w
UCiKGH9ZpnMp9VbFsNuyJxXA,@大魔王-y7x,48,4年,Member (4 years),,不明,,,2,3,0,2026-09-17 05:05,2026-09-29 05:00,,,https://www.youtube.com/channel/UCiKGH9ZpnMp9VbFsNuyJxXA
UCUvTTUAo3Sp32hU-aBOlV2g,@nm-vr2rj,48,4年,Member (4 years),,不明,,,2,2,0,2026-09-17 05:05,2026-09-24 05:04,,,https://www.youtube.com/channel/UCUvTTUAo3Sp32hU-aBOlV2g
UCwBX9y-w3p39qtwUkxT2Y5g,@mizuki___noA,48,4年,Member (4 years),,不明,,,2,2,0,2026-09-17 05:05,2026-09-20 18:55,,,https://www.youtube.com/channel/UCwBX9y-w3p39qtwUkxT2Y5g
UCaLK2swRrGYQXanW4xrENyg,@いろせ-s6m,48,4年,Member (4 years),,不明,,,2,16,0,2026-09-17 05:05,2026-09-29 05:00,,,https://www.youtube.com/channel/UCaLK2swRrGYQXanW4xrENyg
UCKo-sqlLEfd_GiyH5FLnuAA,@JuRi2wq3,48,4年,Member (4 years),,不明,,,2,2,0,2026-09-20 18:55,2026-10-01 20:48,,,https://www.youtube.com/channel/UCKo-sqlLEfd_GiyH5FLnuAA
UCGSXnGJM8p7UawgquUCyVxQ,@namonakimobu,48,4年,Member (4 years),,不明,,,2,30,0,2026-09-20 18:55,2026-10-04 17:40,,,https://www.youtube.com/channel/UCGSXnGJM8p7UawgquUCyVxQ
UCcf_YpoPTe4eAQYMvRUgdPg,@ミラ_8,48,4年,Member (4 years),,不明,,,2,12,0,2026-09-20 18:55,2026-10-06 20:31,,,https://www.youtube.com/channel/UCcf_YpoPTe4eAQYMvRUgdPg
UC4X5QqrKiNrKmWZADgRIa5Q,@みょんmyonpi,48,4年,Member (4 years),,不明,,,2,26,0,2026-09-20 18:55,2026-10-04 17:40,,,https://www.youtube.com/channel/UC4X5QqrKiNrKmWZADgRIa5Q
UCrF4uIATbG5Hjld_TdgspDw,@udon.,48,4年,Member (4 years),,不明,,,2,5,0,2026-09-20 18:55,2026-09-24 05:04,,,https://www.youtube.com/channel/UCrF4uIATbG5Hjld_TdgspDw
UCCdSLUdAra-JclbYvxreIoA,@アイツ-p8x,48,4年,Member (4 years),,不明,,,2,2,0,2026-09-20 18:55,2026-10-04 17:40,,,https://www.youtube.com/channel/UCCdSLUdAra-JclbYvxreIoA
UCQ2FFncJzF9o6V4hAbBsj-g,@i.luv.u.6a6yy,48,4年,Member (4 years),,不明,,,2,2,0,2026-09-20 18:55,2026-09-22 22:33,,,https://www.youtube.com/channel/UCQ2FFncJzF9o6V4hAbBsj-g
UC2MmH6MDQ5ilhs8RsVPnN7w,@はくと-89100,48,4年,Member (4 years),,不明,,,2,54,0,2026-09-21 05:00,2026-10-06 20:31,,,https://www.youtube.com/channel/UC2MmH6MDQ5ilhs8RsVPnN7w
UCzQbeUCj9xyzEyvMGkE2Xuw,@るか-u8r-u6y,48,4年,Member (4 years),,不明,,,2,3,0,2026-09-21 05:00,2026-09-26 05:01,,,https://www.youtube.com/channel/UCzQbeUCj9xyzEyvMGkE2Xuw
UCQAQaafDvM9nmoOQyoYG2ig,@るちゃん-c4t,48,4年,Member (4 years),,不明,,,2,2,0,2026-09-21 05:00,2026-10-03 20:59,,,https://www.youtube.com/channel/UCQAQaafDvM9nmoOQyoYG2ig
UCxj25DjNFtoPSg1S_Jf-M0w,@nekoito_maguro,48,4年,Member (4 years),,不明,,,2,3,0,2026-09-22 22:33,2026-10-06 20:31,,,https://www.youtube.com/channel/UCxj25DjNFtoPSg1S_Jf-M0w
UCCXqoAW3rnxBsG8OsGKW9VQ,@こすけ2434,48,4年,Member (4 years),,不明,,,2,3,0,2026-09-22 22:33,2026-09-24 05:04,,,https://www.youtube.com/channel/UCCXqoAW3rnxBsG8OsGKW9VQ
UCRMtvydcAGdSQBy-7MljAXQ,@user-jo8ll6sg6r,48,4年,Member (4 years),,不明,,,2,2,0,2026-09-22 22:33,2026-10-01 20:48,,,https://www.youtube.com/channel/UCRMtvydcAGdSQBy-7MljAXQ
UC7EXCuxvtRgVcEUATpFt_qw,@hayaoki_iyada,48,4年,Member (4 years),,不明,,,2,2,0,2026-09-22 22:33,2026-10-02 21:00,,,https://www.youtube.com/channel/UC7EXCuxvtRgVcEUATpFt_qw
UCp_ybRVINBWOT06P-QYjEvg,@ぺろん-e5f,48,4年,Member (4 years),,不明,,,2,6,0,2026-09-22 22:33,2026-09-30 21:03,,,https://www.youtube.com/channel/UCp_ybRVINBWOT06P-QYjEvg
UCRXehlYU60Vk7TEWKjATiPA,@クールミントきょうこ,48,4年,Member (4 years),,不明,,,2,194,0,2026-09-22 22:33,2026-10-06 20:31,,,https://www.youtube.com/channel/UCRXehlYU60Vk7TEWKjATiPA
UCYP80wS8BfZQJ0Qucd9xB8w,@TheKajiki,48,4年,Member (4 years),,不明,,,2,2,0,2026-09-22 22:33,2026-10-06 20:31,,,https://www.youtube.com/channel/UCYP80wS8BfZQJ0Qucd9xB8w
UC9PuE79j3okQrfFnDEO7Tsw,@kazu-uv7fx,48,4年,Member (4 years),,不明,,,2,2,0,2026-09-22 22:33,2026-10-08 00:00,,,https://www.youtube.com/channel/UC9PuE79j3okQrfFnDEO7Tsw
UCGR7yWVxwk4BN9Rm93vOr6A,@コッチミンナkbo,48,4年,Member (4 years),,不明,,,2,2,0,2026-09-24 05:04,2026-09-30 21:03,,,https://www.youtube.com/channel/UCGR7yWVxwk4BN9Rm93vOr6A
UCyrdGEo3uQcnqfhDMcRdf8A,@くららな,48,4年,Member (4 years),,不明,,,2,2,0,2026-09-24 05:04,2026-09-29 05:00,,,https://www.youtube.com/channel/UCyrdGEo3uQcnqfhDMcRdf8A
UCEEk3Olstm6jmFycCK1OpOg,@こうにゃん-k9b,48,4年,Member (4 years),,不明,,,2,4,0,2026-09-24 05:04,2026-09-30 21:03,,,https://www.youtube.com/channel/UCEEk3Olstm6jmFycCK1OpOg
UCHwf9oAv9OIDtlw5sJCPAFQ,@らこ-e3b,48,4年,Member (4 years),,不明,,,2,27,0,2026-09-24 05:04,2026-09-29 05:00,,,https://www.youtube.com/channel/UCHwf9oAv9OIDtlw5sJCPAFQ
UCVhFTc87H-MB_cZVqfx3kLw,@ミサキ-t8k,48,4年,Member (4 years),,不明,,,2,12,0,2026-09-26 05:01,2026-10-06 20:31,,,https://www.youtube.com/channel/UCVhFTc87H-MB_cZVqfx3kLw
UCf0Orsz1B2Aei7MJi2IcbsA,@あんず-p6m,48,4年,Member (4 years),,不明,,,2,2,0,2026-09-26 05:01,2026-09-30 21:03,,,https://www.youtube.com/channel/UCf0Orsz1B2Aei7MJi2IcbsA
UCGTLL9Qoool73IS8NZRSUpQ,@清夏-q7e,48,4年,Member (4 years),,不明,,,2,3,0,2026-09-26 05:01,2026-09-29 05:00,,,https://www.youtube.com/channel/UCGTLL9Qoool73IS8NZRSUpQ
UCol12JprLu8KfmVA0B59N3A,@panzy_flower,48,4年,Member (4 years),,不明,,,2,2,0,2026-09-26 05:01,2026-10-04 17:40,,,https://www.youtube.com/channel/UCol12JprLu8KfmVA0B59N3A
UCYjIRHZuYTMuOOfmUIoSruA,@阿吽-p5n,48,4年,Member (4 years),,不明,,,2,2,0,2026-09-29 05:00,2026-10-08 00:00,,,https://www.youtube.com/channel/UCYjIRHZuYTMuOOfmUIoSruA
UCBNAWZewoSa5FWTdIx4P1kw,@meina_,48,4年,Member (4 years),,不明,,,2,4,0,2026-09-29 05:00,2026-10-01 20:48,,,https://www.youtube.com/channel/UCBNAWZewoSa5FWTdIx4P1kw
UC6WfLXNydDtaciUOYNSNmLg,@amaha0609,48,4年,Member (4 years),,不明,,,2,5,0,2026-09-29 05:00,2026-10-06 20:31,,,https://www.youtube.com/channel/UC6WfLXNydDtaciUOYNSNmLg
UCs381SQNMta14ZyceWuJzsA,@lino_te,48,4年,Member (4 years),,不明,,,2,7,0,2026-09-29 05:00,2026-10-06 20:31,,,https://www.youtube.com/channel/UCs381SQNMta14ZyceWuJzsA
UC5683B4lDyeDR3sdXQ3pktA,@ふっか-k3b,48,4年,Member (4 years),,不明,,,2,3,0,2026-09-29 05:00,2026-10-04 17:40,,,https://www.youtube.com/channel/UC5683B4lDyeDR3sdXQ3pktA
UCJf6FvF12pe4lRWtL4qPKyQ,@kairi_ri,48,4年,Member (4 years),,不明,,,2,10,0,2026-09-30 21:03,2026-10-04 17:40,,,https://www.youtube.com/channel/UCJf6FvF12pe4lRWtL4qPKyQ
UCQLT7WNRUJ4JZ25WBmtnD6Q,@山葵-j1i,48,4年,Member (4 years),,不明,,,2,2,0,2026-09-30 21:03,2026-10-01 20:48,,,https://www.youtube.com/channel/UCQLT7WNRUJ4JZ25WBmtnD6Q
UCqzTO-ngh97AX40CwipS45Q,@pya55,48,4年,Member (4 years),,不明,,,2,3,0,2026-09-30 21:03,2026-10-04 17:40,,,https://www.youtube.com/channel/UCqzTO-ngh97AX40CwipS45Q
UCwh4S902PUHrt-UJjokUJEw,@cindyhu7724,48,4年,Member (4 years),,不明,,,2,2,0,2026-09-30 21:03,2026-10-04 17:40,,,https://www.youtube.com/channel/UCwh4S902PUHrt-UJjokUJEw
UCwKYOG5zQ2OUYAHBeJOkGzw,@semi_11307,48,4年,Member (4 years),,不明,,,2,2,0,2026-09-30 21:03,2026-10-01 20:48,,,https://www.youtube.com/channel/UCwKYOG5zQ2OUYAHBeJOkGzw
UCYD3whK86h4TCnaHLEHVDsg,@雪の宿-fw,48,4年,Member (4 years),,不明,,,2,4,0,2026-10-01 20:48,2026-10-08 00:00,,,https://www.youtube.com/channel/UCYD3whK86h4TCnaHLEHVDsg
UCxCbI9WO1Iwk_nXCrnxdnQA,@ざっきー-s4k,48,4年,Member (4 years),,不明,,,2,2,0,2026-10-01 20:48,2026-10-04 17:40,,,https://www.youtube.com/channel/UCxCbI9WO1Iwk_nXCrnxdnQA
UCUN1tv-s_t063ouwMO1JU0A,@KawasemiAlma,48,4年,Member (4 years),,不明,,,2,5,0,2026-10-01 20:48,2026-10-04 17:40,,,https://www.youtube.com/channel/UCUN1tv-s_t063ouwMO1JU0A
UCC6B-CTTWfeHy5pMTQvUI0A,@mumi-mum,48,4年,Member (4 years),,不明,,,2,4,0,2026-10-01 20:48,2026-10-06 20:31,,,https://www.youtube.com/channel/UCC6B-CTTWfeHy5pMTQvUI0A
UCxMiPGJAWgxBWj8d2aodzhQ,@カオル-p4k,48,4年,Member (4 years),,不明,,,2,7,0,2026-10-02 21:00,2026-10-03 20:59,,,https://www.youtube.com/channel/UCxMiPGJAWgxBWj8d2aodzhQ
UCJqsI7_CzIVmMH8QbJUq3rA,@__y0mei_,48,4年,Member (4 years),,不明,,,2,14,0,2026-10-02 21:00,2026-10-04 17:40,,,https://www.youtube.com/channel/UCJqsI7_CzIVmMH8QbJUq3rA
UCstxkb_e1XgJ6_Jr403R8VA,@とろろ-i9f,48,4年,Member (4 years),,不明,,,2,2,0,2026-10-02 21:00,2026-10-06 20:31,,,https://www.youtube.com/channel/UCstxkb_e1XgJ6_Jr403R8VA
UCrlnvmcQ8XFEu90Eg8PUBrQ,@abyss7604,48,4年,Member (4 years),,不明,,,2,6,0,2026-10-03 20:59,2026-10-04 17:40,,,https://www.youtube.com/channel/UCrlnvmcQ8XFEu90Eg8PUBrQ
UC0KQiDcl9T-h2Pa0lGYcW6g,@ぴーーーさんっ,48,4年,Member (4 years),,不明,,,2,2,0,2026-10-03 20:59,2026-10-06 20:31,,,https://www.youtube.com/channel/UC0KQiDcl9T-h2Pa0lGYcW6g
UCkVJPO0R9VPcVswZWraMXyQ,@ChocoAraVocalo,48,4年,Member (4 years),,不明,,,2,119,0,2026-10-03 20:59,2026-10-04 17:40,,,https://www.youtube.com/channel/UCkVJPO0R9VPcVswZWraMXyQ
UCMkfhry_d13q-6T1s55xqCw,@0323bau,48,4年,Member (4 years),,不明,,,2,2,0,2026-10-03 20:59,2026-10-04 17:40,,,https://www.youtube.com/channel/UCMkfhry_d13q-6T1s55xqCw
UCVrLBxWBGPTie4kb1fh6aUg,@うゆ瀬,48,4年,Member (4 years),,不明,,,2,7,0,2026-10-04 17:40,2026-10-06 20:31,,,https://www.youtube.com/channel/UCVrLBxWBGPTie4kb1fh6aUg
UCTGOT8er1uBBtfCjpM5s3FA,@user-os2wx5vl8z,48,4年,Member (4 years),,不明,,,2,2,0,2026-10-04 17:40,2026-10-06 20:31,,,https://www.youtube.com/channel/UCTGOT8er1uBBtfCjpM5s3FA
UCwkdy7hl25MceuAwY33L2aw,@かなう-s5r,48,4年,Member (4 years),,不明,,,2,4,0,2026-10-06 20:31,2026-10-08 00:00,,,https://www.youtube.com/channel/UCwkdy7hl25MceuAwY33L2aw
UCviSZebdGWypBpco8sH8nFQ,@今だよ,48,4年,Member (4 years),,不明,,,2,4,0,2026-10-06 20:31,2026-10-08 00:00,,,https://www.youtube.com/channel/UCviSZebdGWypBpco8sH8nFQ
UCXCTC_PIIMkrqgb-CoQhnOg,@tsk778,48,4年,Member (4 years),,不明,,,2,16,0,2026-10-06 20:31,2026-10-08 00:00,,,https://www.youtube.com/channel/UCXCTC_PIIMkrqgb-CoQhnOg
UCvg6gFJClqOwVLfkf4di7oA,@おいしいやきべん,48,4年,Member (4 years),,不明,,,1,1,0,2026-09-09 05:37,2026-09-09 05:37,,,https://www.youtube.com/channel/UCvg6gFJClqOwVLfkf4di7oA
UCvg21lLhyFSqMwas4UDnBQA,@neon9733,48,4年,Member (4 years),,不明,,,1,21,0,2026-09-09 05:37,2026-09-09 05:37,,,https://www.youtube.com/channel/UCvg21lLhyFSqMwas4UDnBQA
UClv0l8Lvm2_CPNDXKjPP20Q,@YoPi-72,48,4年,Member (4 years),,不明,,,1,2,0,2026-09-09 05:37,2026-09-09 05:37,,,https://www.youtube.com/channel/UClv0l8Lvm2_CPNDXKjPP20Q
UCmxGZhRMHyvVmZj6R4Io8gw,@あじのしないラムネ,48,4年,Member (4 years),,不明,,,1,1,0,2026-09-09 05:37,2026-09-09 05:37,,,https://www.youtube.com/channel/UCmxGZhRMHyvVmZj6R4Io8gw
UCU2AwSO8woRmCUTGHf2XB0w,@poppoyappo,48,4年,Member (4 years),,不明,,,1,1,0,2026-09-09 05:37,2026-09-09 05:37,,,https://www.youtube.com/channel/UCU2AwSO8woRmCUTGHf2XB0w
UCcJCX1PUqFEXmK94TLXZPdw,@えだまめ-e9i,48,4年,Member (4 years),,不明,,,1,1,0,2026-09-09 05:37,2026-09-09 05:37,,,https://www.youtube.com/channel/UCcJCX1PUqFEXmK94TLXZPdw
UC-8io3I3k1uGdb0wqz_--gg,@はやて_隼颯,48,4年,Member (4 years),,不明,,,1,2,0,2026-09-09 05:37,2026-09-09 05:37,,,https://www.youtube.com/channel/UC-8io3I3k1uGdb0wqz_--gg
UC8wQwYNSBBaIoDuCf21SBew,@かぷりこ-q2g,48,4年,Member (4 years),,不明,,,1,2,0,2026-09-09 05:37,2026-09-09 05:37,,,https://www.youtube.com/channel/UC8wQwYNSBBaIoDuCf21SBew
UC9rQgINjiH1DdwqtQ2Jl1Kw,@ぱくぱく-w4v,48,4年,Member (4 years),,不明,,,1,2,0,2026-09-09 05:37,2026-09-09 05:37,,,https://www.youtube.com/channel/UC9rQgINjiH1DdwqtQ2Jl1Kw
UCWuXkPlsqv9PF-EcbbTSLjw,@なつ-j3f3m,48,4年,Member (4 years),,不明,,,1,5,0,2026-09-09 05:37,2026-09-09 05:37,,,https://www.youtube.com/channel/UCWuXkPlsqv9PF-EcbbTSLjw
UC-fhj-9PO8dtXW9kAKkFuXQ,@玉藻御膳,48,4年,Member (4 years),,不明,,,1,1,0,2026-09-09 05:37,2026-09-09 05:37,,,https://www.youtube.com/channel/UC-fhj-9PO8dtXW9kAKkFuXQ
UCpqFKhBWLDFfATfh-y64luw,@みゆきち-h2l,48,4年,Member (4 years),,不明,,,1,3,0,2026-09-09 05:37,2026-09-09 05:37,,,https://www.youtube.com/channel/UCpqFKhBWLDFfATfh-y64luw
UCVWWF6q0TgdCrD9UWolm4DA,@to-i-go0,48,4年,Member (4 years),,不明,,,1,1,0,2026-09-09 05:37,2026-09-09 05:37,,,https://www.youtube.com/channel/UCVWWF6q0TgdCrD9UWolm4DA
UCdX_AQzWy0xxps8ncsETzDQ,@まめて-p4u,48,4年,Member (4 years),,不明,,,1,1,0,2026-09-09 05:37,2026-09-09 05:37,,,https://www.youtube.com/channel/UCdX_AQzWy0xxps8ncsETzDQ
UCGZ8jKhIwM4t77chDVHfxlw,@alnilam.o,48,4年,Member (4 years),,不明,,,1,2,0,2026-09-09 05:37,2026-09-09 05:37,,,https://www.youtube.com/channel/UCGZ8jKhIwM4t77chDVHfxlw
UC52ENGDlD2OXqz4sqaDl6ew,@akikun182cm,48,4年,Member (4 years),,不明,,,1,1,0,2026-09-09 05:37,2026-09-09 05:37,,,https://www.youtube.com/channel/UC52ENGDlD2OXqz4sqaDl6ew
UC3cKNB2cF6qvn-sgrX3XaVw,@yukine307,48,4年,Member (4 years),,不明,,,1,1,0,2026-09-14 07:00,2026-09-14 07:00,,,https://www.youtube.com/channel/UC3cKNB2cF6qvn-sgrX3XaVw
UCJin79CBsnc9-qCu-vJwejA,@とーこ-i3x7k,48,4年,Member (4 years),,不明,,,1,1,0,2026-09-14 07:00,2026-09-14 07:00,,,https://www.youtube.com/channel/UCJin79CBsnc9-qCu-vJwejA
UCjWgRQOSo7vttz-gGlzvZlg,@ahrtnk,48,4年,Member (4 years),,不明,,,1,1,0,2026-09-14 07:00,2026-09-14 07:00,,,https://www.youtube.com/channel/UCjWgRQOSo7vttz-gGlzvZlg
UCaVi7v5K4lD6n3rAWtQTZ3w,@deee-bi9bm,48,4年,Member (4 years),,不明,,,1,1,0,2026-09-14 07:00,2026-09-14 07:00,,,https://www.youtube.com/channel/UCaVi7v5K4lD6n3rAWtQTZ3w
UCkNmipgwVMuJcbQlmW5BBXw,@りもた-k1g,48,4年,Member (4 years),,不明,,,1,1,0,2026-09-14 07:00,2026-09-14 07:00,,,https://www.youtube.com/channel/UCkNmipgwVMuJcbQlmW5BBXw
UC7NBAUs5yzQwa3OBW0Y5YgA,@あにゃ-m2c,48,4年,Member (4 years),,不明,,,1,2,0,2026-09-14 07:00,2026-09-14 07:00,,,https://www.youtube.com/channel/UC7NBAUs5yzQwa3OBW0Y5YgA
UCGnVt_vEJloM6MhzvyDJImQ,@huyuk0,48,4年,Member (4 years),,不明,,,1,1,0,2026-09-14 07:00,2026-09-14 07:00,,,https://www.youtube.com/channel/UCGnVt_vEJloM6MhzvyDJImQ
UCFwYxN-Tn_hIC4Tn7M__VSA,@まどか-m6q,48,4年,Member (4 years),,不明,,,1,1,0,2026-09-14 07:00,2026-09-14 07:00,,,https://www.youtube.com/channel/UCFwYxN-Tn_hIC4Tn7M__VSA
UC7ekKLdKK16mL4uyc9OZHIQ,@こんにゃく-z9p,48,4年,Member (4 years),,不明,,,1,2,0,2026-09-14 07:00,2026-09-14 07:00,,,https://www.youtube.com/channel/UC7ekKLdKK16mL4uyc9OZHIQ
UCtJs1AD0qMuN3EVO96_TvuQ,@まちさ,48,4年,Member (4 years),,不明,,,1,1,0,2026-09-14 07:00,2026-09-14 07:00,,,https://www.youtube.com/channel/UCtJs1AD0qMuN3EVO96_TvuQ
UCQ_AkglXzCVOmoTITTPJuAQ,@ねむみお,48,4年,Member (4 years),,不明,,,1,6,0,2026-09-14 07:00,2026-09-14 07:00,,,https://www.youtube.com/channel/UCQ_AkglXzCVOmoTITTPJuAQ
UCvMTLHX-GzhHA0dp8y1o7lw,@はるくまo._.o,48,4年,Member (4 years),,不明,,,1,1,0,2026-09-14 07:00,2026-09-14 07:00,,,https://www.youtube.com/channel/UCvMTLHX-GzhHA0dp8y1o7lw
UCIObO536Ow4vCqLJHmPvVLw,@しゅが-b3q,48,4年,Member (4 years),,不明,,,1,1,0,2026-09-14 07:00,2026-09-14 07:00,,,https://www.youtube.com/channel/UCIObO536Ow4vCqLJHmPvVLw
UCiuJIVUHoITikGSbou3aARw,@suzu4856,48,4年,Member (4 years),,不明,,,1,9,0,2026-09-14 07:00,2026-09-14 07:00,,,https://www.youtube.com/channel/UCiuJIVUHoITikGSbou3aARw
UCE1TTI5aSSH4SiKpKg86fhw,@ディン_xxx,48,4年,Member (4 years),,不明,,,1,1,0,2026-09-14 07:00,2026-09-14 07:00,,,https://www.youtube.com/channel/UCE1TTI5aSSH4SiKpKg86fhw
UCuMGhDVhmtEnw0rlKwRhZzg,@焼肉食べたい-j2u,48,4年,Member (4 years),,不明,,,1,14,0,2026-09-14 07:00,2026-09-14 07:00,,,https://www.youtube.com/channel/UCuMGhDVhmtEnw0rlKwRhZzg
UC6n480eW9dZlMnHE3v3sotg,@ぱぴぷぅ-n5c,48,4年,Member (4 years),,不明,,,1,1,0,2026-09-14 07:00,2026-09-14 07:00,,,https://www.youtube.com/channel/UC6n480eW9dZlMnHE3v3sotg
UCbw1T9BBziFyjmiq-hnvvZw,@ぴっぴ-piyo,48,4年,Member (4 years),,不明,,,1,2,0,2026-09-14 07:00,2026-09-14 07:00,,,https://www.youtube.com/channel/UCbw1T9BBziFyjmiq-hnvvZw
UC00Rf8VA9lCuN2ZXH1a3EfQ,@f_mnt,48,4年,Member (4 years),,不明,,,1,1,0,2026-09-14 07:00,2026-09-14 07:00,,,https://www.youtube.com/channel/UC00Rf8VA9lCuN2ZXH1a3EfQ
UCAqeyPXSgfJtwpmJXwo27Kg,@ファンデル-t7t,48,4年,Member (4 years),,不明,,,1,4,0,2026-09-14 07:00,2026-09-14 07:00,,,https://www.youtube.com/channel/UCAqeyPXSgfJtwpmJXwo27Kg
UCj4CptMZIGc91xTj54FjHLw,@ねもちーの,48,4年,Member (4 years),,不明,,,1,3,0,2026-09-14 07:00,2026-09-14 07:00,,,https://www.youtube.com/channel/UCj4CptMZIGc91xTj54FjHLw
UCwJ6oZguhMsjAkhJCZP8KCg,@OA_OAIX,48,4年,Member (4 years),,不明,,,1,1,0,2026-09-14 07:00,2026-09-14 07:00,,,https://www.youtube.com/channel/UCwJ6oZguhMsjAkhJCZP8KCg
UCFUtWxkQbpe2ipsflmF2DLg,@りーd123,48,4年,Member (4 years),,不明,,,1,1,0,2026-09-14 07:00,2026-09-14 07:00,,,https://www.youtube.com/channel/UCFUtWxkQbpe2ipsflmF2DLg
UCwtDAoEvsDgHknaRBKWW9Tw,@さゆ-q5c6w,48,4年,Member (4 years),,不明,,,1,4,0,2026-09-14 07:00,2026-09-14 07:00,,,https://www.youtube.com/channel/UCwtDAoEvsDgHknaRBKWW9Tw
UCeerb5KnaufYSKTUya82x-g,@おんゆ-j2k,48,4年,Member (4 years),,不明,,,1,2,0,2026-09-14 07:00,2026-09-14 07:00,,,https://www.youtube.com/channel/UCeerb5KnaufYSKTUya82x-g
UCcKcsaGzxrpM5A16sonCHOg,@mizukrg,48,4年,Member (4 years),,不明,,,1,1,0,2026-09-14 07:00,2026-09-14 07:00,,,https://www.youtube.com/channel/UCcKcsaGzxrpM5A16sonCHOg
UC98KWhOEvHYRP-1_Bx3JXHQ,@なるみ-x7t,48,4年,Member (4 years),,不明,,,1,5,0,2026-09-14 07:00,2026-09-14 07:00,,,https://www.youtube.com/channel/UC98KWhOEvHYRP-1_Bx3JXHQ
UCbT-stdsp-JIW8ck2YzyaCA,@na-qc2mi,48,4年,Member (4 years),,不明,,,1,3,0,2026-09-14 07:00,2026-09-14 07:00,,,https://www.youtube.com/channel/UCbT-stdsp-JIW8ck2YzyaCA
UC4Ipz44q8zeZDUmMoi4Et9Q,@ぴーる-y3v,48,4年,Member (4 years),,不明,,,1,1,0,2026-09-14 07:00,2026-09-14 07:00,,,https://www.youtube.com/channel/UC4Ipz44q8zeZDUmMoi4Et9Q
UCLhJB0MKxqaTEjym8HzO7lQ,@Pipet0510,48,4年,Member (4 years),,不明,,,1,1,0,2026-09-14 07:00,2026-09-14 07:00,,,https://www.youtube.com/channel/UCLhJB0MKxqaTEjym8HzO7lQ
UC-7Li2py7ewYOQ0o9mAj67w,@yukasaaaan,48,4年,Member (4 years),,不明,,,1,3,0,2026-09-14 07:00,2026-09-14 07:00,,,https://www.youtube.com/channel/UC-7Li2py7ewYOQ0o9mAj67w
UChxwcBDVu8GHQ3ZmrlsBarA,@okome_kamu,48,4年,Member (4 years),,不明,,,1,1,0,2026-09-14 07:00,2026-09-14 07:00,,,https://www.youtube.com/channel/UChxwcBDVu8GHQ3ZmrlsBarA
UC_8Ws9Qs9AjpYVmb_9LIIrw,@あいの-z6b,48,4年,Member (4 years),,不明,,,1,5,0,2026-09-14 07:00,2026-09-14 07:00,,,https://www.youtube.com/channel/UC_8Ws9Qs9AjpYVmb_9LIIrw
UC07xZ9RhZFNWiF8bJ2uNrNQ,@ぽよ-g7c,48,4年,Member (4 years),,不明,,,1,1,0,2026-09-14 07:00,2026-09-14 07:00,,,https://www.youtube.com/channel/UC07xZ9RhZFNWiF8bJ2uNrNQ
UC_4JPHPCBZiYTIaM3oGcWrQ,@moshimo2233,48,4年,Member (4 years),,不明,,,1,1,0,2026-09-14 07:00,2026-09-14 07:00,,,https://www.youtube.com/channel/UC_4JPHPCBZiYTIaM3oGcWrQ
UCmhvvm1NsF9qRnem4ljfnnA,@藤咲えみ-q3s,48,4年,Member (4 years),,不明,,,1,1,0,2026-09-14 07:00,2026-09-14 07:00,,,https://www.youtube.com/channel/UCmhvvm1NsF9qRnem4ljfnnA
UCT5mirk-UgAqBLuoVrPRoVA,@me-chucyu,48,4年,Member (4 years),,不明,,,1,1,0,2026-09-14 07:00,2026-09-14 07:00,,,https://www.youtube.com/channel/UCT5mirk-UgAqBLuoVrPRoVA
UCKt_goj3wNfG4JuEHVwPQMg,@Enai_u.u,48,4年,Member (4 years),,不明,,,1,1,0,2026-09-14 07:00,2026-09-14 07:00,,,https://www.youtube.com/channel/UCKt_goj3wNfG4JuEHVwPQMg
UCVJwKAjKVRC98cBshe-MzcQ,@bumpote99,48,4年,Member (4 years),,不明,,,1,1,0,2026-09-14 07:00,2026-09-14 07:00,,,https://www.youtube.com/channel/UCVJwKAjKVRC98cBshe-MzcQ
UCCSfb5fIF3IdPHhUHhE8tHA,@YTsubakikiki,48,4年,Member (4 years),,不明,,,1,9,0,2026-09-15 20:06,2026-09-15 20:06,,,https://www.youtube.com/channel/UCCSfb5fIF3IdPHhUHhE8tHA
UCsNhKKxmj5QGcuAsroW-F5Q,@墓のセイ,48,4年,Member (4 years),,不明,,,1,23,0,2026-09-15 20:06,2026-09-15 20:06,,,https://www.youtube.com/channel/UCsNhKKxmj5QGcuAsroW-F5Q
UCD8XVqPUApq_pnzM_PryeGg,@scorpion13119,48,4年,Member (4 years),,不明,,,1,2,0,2026-09-15 20:06,2026-09-15 20:06,,,https://www.youtube.com/channel/UCD8XVqPUApq_pnzM_PryeGg
UCcXyC0FpMJqNtnkwMcpbvTA,@Natsu0504,48,4年,Member (4 years),,不明,,,1,1,0,2026-09-15 20:06,2026-09-15 20:06,,,https://www.youtube.com/channel/UCcXyC0FpMJqNtnkwMcpbvTA
UCY3l8df2XLKDLmqqog6ZfVA,@まつっち-s3u,48,4年,Member (4 years),,不明,,,1,2,0,2026-09-15 20:06,2026-09-15 20:06,,,https://www.youtube.com/channel/UCY3l8df2XLKDLmqqog6ZfVA
UCrzwwUOlaCFETP9crTG4ymg,@ritoha_pr,48,4年,Member (4 years),,不明,,,1,12,0,2026-09-15 20:06,2026-09-15 20:06,,,https://www.youtube.com/channel/UCrzwwUOlaCFETP9crTG4ymg
UCnqJkc0IgZ-gDkmfTJTer7Q,@userblackTAIYAKI,48,4年,Member (4 years),,不明,,,1,6,0,2026-09-15 20:06,2026-09-15 20:06,,,https://www.youtube.com/channel/UCnqJkc0IgZ-gDkmfTJTer7Q
UC3y5NvtTFeZQW9UCcqyk_Aw,@37_UawaU_10,48,4年,Member (4 years),,不明,,,1,1,0,2026-09-15 20:06,2026-09-15 20:06,,,https://www.youtube.com/channel/UC3y5NvtTFeZQW9UCcqyk_Aw
UCIcKNUJMkVadjIbkMiNNH2g,@りいろ-r3e,48,4年,Member (4 years),,不明,,,1,2,0,2026-09-15 20:06,2026-09-15 20:06,,,https://www.youtube.com/channel/UCIcKNUJMkVadjIbkMiNNH2g
UCmT52y5Z6fCpP4hNpMRRD_g,@lala6343,48,4年,Member (4 years),,不明,,,1,1,0,2026-09-15 20:06,2026-09-15 20:06,,,https://www.youtube.com/channel/UCmT52y5Z6fCpP4hNpMRRD_g
UCG8F8jSLiIQHywlSfs7R8vA,@けいちゃみ,48,4年,Member (4 years),,不明,,,1,3,0,2026-09-15 20:06,2026-09-15 20:06,,,https://www.youtube.com/channel/UCG8F8jSLiIQHywlSfs7R8vA
UCeXAmmJzbleOndvFVG3SVzg,@まも-g9p,48,4年,Member (4 years),,不明,,,1,1,0,2026-09-15 20:06,2026-09-15 20:06,,,https://www.youtube.com/channel/UCeXAmmJzbleOndvFVG3SVzg
UCelyJtpZuYgIU-QvXU8H8Aw,@shoko_0x0,48,4年,Member (4 years),,不明,,,1,60,0,2026-09-15 20:06,2026-09-15 20:06,,,https://www.youtube.com/channel/UCelyJtpZuYgIU-QvXU8H8Aw
UCTErD65VI5ymMoEdwCtuZbA,@akasa46ngzkzk,48,4年,Member (4 years),,不明,,,1,1,0,2026-09-15 20:06,2026-09-15 20:06,,,https://www.youtube.com/channel/UCTErD65VI5ymMoEdwCtuZbA
UCKpAV3IBK_JFrqjTjyVJl2A,@shiro1558,48,4年,Member (4 years),,不明,,,1,3,0,2026-09-15 20:06,2026-09-15 20:06,,,https://www.youtube.com/channel/UCKpAV3IBK_JFrqjTjyVJl2A
UCxDIjnZqTVQPVtgQH5RRV0Q,@ちくわ-ckwckw,48,4年,Member (4 years),,不明,,,1,10,0,2026-09-15 20:06,2026-09-15 20:06,,,https://www.youtube.com/channel/UCxDIjnZqTVQPVtgQH5RRV0Q
UCQS89u8o5e-68EgFQM77wug,@セブ島で見た犬,48,4年,Member (4 years),,不明,,,1,1,0,2026-09-15 20:06,2026-09-15 20:06,,,https://www.youtube.com/channel/UCQS89u8o5e-68EgFQM77wug
UCAI7lkRvuxE633Q6i6aR6Ag,@白井猫-b5v,48,4年,Member (4 years),,不明,,,1,1,0,2026-09-15 20:06,2026-09-15 20:06,,,https://www.youtube.com/channel/UCAI7lkRvuxE633Q6i6aR6Ag
UCGuHi7BoM_tJdQtzrhwy-PQ,@gure2828,48,4年,Member (4 years),,不明,,,1,1,0,2026-09-15 20:06,2026-09-15 20:06,,,https://www.youtube.com/channel/UCGuHi7BoM_tJdQtzrhwy-PQ
UCECb82eqpt6_cU5rUAAfVKA,@---qd8pc,48,4年,Member (4 years),,不明,,,1,4,0,2026-09-15 20:06,2026-09-15 20:06,,,https://www.youtube.com/channel/UCECb82eqpt6_cU5rUAAfVKA
UCVkFHr0ZX4BJkHORbAyxxZQ,@end3481,48,4年,Member (4 years),,不明,,,1,1,0,2026-09-15 20:06,2026-09-15 20:06,,,https://www.youtube.com/channel/UCVkFHr0ZX4BJkHORbAyxxZQ
UCqQOZOgPknfL0X26cOXtIRQ,@sasami984,48,4年,Member (4 years),,不明,,,1,2,0,2026-09-15 20:06,2026-09-15 20:06,,,https://www.youtube.com/channel/UCqQOZOgPknfL0X26cOXtIRQ
UCNPDtmBRUFxix2M5tUiLkxA,@pp37ca,48,4年,Member (4 years),,不明,,,1,2,0,2026-09-15 20:06,2026-09-15 20:06,,,https://www.youtube.com/channel/UCNPDtmBRUFxix2M5tUiLkxA
UC94P6l934WuWUddHzkKWiag,@たると-g2o,48,4年,Member (4 years),,不明,,,1,1,0,2026-09-15 20:06,2026-09-15 20:06,,,https://www.youtube.com/channel/UC94P6l934WuWUddHzkKWiag
UCNS0ouO8yVXbvepSVcq6HHw,@zdko3,48,4年,Member (4 years),,不明,,,1,1,0,2026-09-15 20:06,2026-09-15 20:06,,,https://www.youtube.com/channel/UCNS0ouO8yVXbvepSVcq6HHw
UCa59BUJa1MYZXcZHZeBP6cA,@user-ee1ph9to5i,48,4年,Member (4 years),,不明,,,1,1,1,2026-09-15 20:06,2026-09-15 20:06,,,https://www.youtube.com/channel/UCa59BUJa1MYZXcZHZeBP6cA
UCZhmKsEQpZOBfnK8R7OVJJw,@O00q,48,4年,Member (4 years),,不明,,,1,1,0,2026-09-15 20:06,2026-09-15 20:06,,,https://www.youtube.com/channel/UCZhmKsEQpZOBfnK8R7OVJJw
UCMr6FnL0cK0uxucDi__PiCw,@たかか-h2v,48,4年,Member (4 years),,不明,,,1,1,0,2026-09-15 20:06,2026-09-15 20:06,,,https://www.youtube.com/channel/UCMr6FnL0cK0uxucDi__PiCw
UCqw8AMwa47D53jgl3jUYZ-g,@とり子-e8t,48,4年,Member (4 years),,不明,,,1,2,0,2026-09-15 20:06,2026-09-15 20:06,,,https://www.youtube.com/channel/UCqw8AMwa47D53jgl3jUYZ-g
UCDTN6dYz0bT8GtxFZitQDZg,@みさ太郎-b9r,48,4年,Member (4 years),,不明,,,1,1,0,2026-09-15 20:06,2026-09-15 20:06,,,https://www.youtube.com/channel/UCDTN6dYz0bT8GtxFZitQDZg
UCRfKgJqhvquKvgkHQmcLNnQ,@mob0jisalmon,48,4年,Member (4 years),,不明,,,1,13,0,2026-09-15 20:06,2026-09-15 20:06,,,https://www.youtube.com/channel/UCRfKgJqhvquKvgkHQmcLNnQ
UCGBccQZN9UkytClUgCpzF_w,@ぱぷ-g5j,48,4年,Member (4 years),,不明,,,1,5,0,2026-09-15 20:06,2026-09-15 20:06,,,https://www.youtube.com/channel/UCGBccQZN9UkytClUgCpzF_w
UCTpTFBTikdsqaxmCeVRujQw,@BlackSantaV,48,4年,Member (4 years),,不明,,,1,1,0,2026-09-15 20:06,2026-09-15 20:06,,,https://www.youtube.com/channel/UCTpTFBTikdsqaxmCeVRujQw
UCUcDQe3hNIUj9IprBBB-uHw,@もりた-g5r,48,4年,Member (4 years),,不明,,,1,1,0,2026-09-15 20:06,2026-09-15 20:06,,,https://www.youtube.com/channel/UCUcDQe3hNIUj9IprBBB-uHw
UC931I8AXhu7QCyEQ-VJBavQ,@もげら-r8m,48,4年,Member (4 years),,不明,,,1,2,0,2026-09-15 20:06,2026-09-15 20:06,,,https://www.youtube.com/channel/UC931I8AXhu7QCyEQ-VJBavQ
UCfQuyFFOOQsCBFFsUvQJACA,@限界社畜太郎,48,4年,Member (4 years),,不明,,,1,1,0,2026-09-15 20:06,2026-09-15 20:06,,,https://www.youtube.com/channel/UCfQuyFFOOQsCBFFsUvQJACA
UCDCocAXH_eIkFQyP0fBWV1Q,@sardonyx512,48,4年,Member (4 years),,不明,,,1,1,0,2026-09-15 20:06,2026-09-15 20:06,,,https://www.youtube.com/channel/UCDCocAXH_eIkFQyP0fBWV1Q
UCgoCjOaDcwiUiqRkQ0Vfw_Q,@あじしお-j4l,48,4年,Member (4 years),,不明,,,1,3,0,2026-09-15 20:06,2026-09-15 20:06,,,https://www.youtube.com/channel/UCgoCjOaDcwiUiqRkQ0Vfw_Q
UC_1nS0PizsUyB9PMbgEQwiA,@kano_xx0,48,4年,Member (4 years),,不明,,,1,2,0,2026-09-15 20:06,2026-09-15 20:06,,,https://www.youtube.com/channel/UC_1nS0PizsUyB9PMbgEQwiA
UCDZnWNlQoWsJCm5nRS43nQA,@ayaui,48,4年,Member (4 years),,不明,,,1,1,0,2026-09-15 20:06,2026-09-15 20:06,,,https://www.youtube.com/channel/UCDZnWNlQoWsJCm5nRS43nQA
UC4RfJuwqcMFug2NfV0i4TeA,@ク9ロ6キ,48,4年,Member (4 years),,不明,,,1,1,0,2026-09-15 20:06,2026-09-15 20:06,,,https://www.youtube.com/channel/UC4RfJuwqcMFug2NfV0i4TeA
UCiWpE_ZmE-DfqcX3XdmiIqw,@pefu_sham,48,4年,Member (4 years),,不明,,,1,18,0,2026-09-15 20:06,2026-09-15 20:06,,,https://www.youtube.com/channel/UCiWpE_ZmE-DfqcX3XdmiIqw
UCHAnKJh00YfpQS5StbsVv9w,@くももくもく-b2u,48,4年,Member (4 years),,不明,,,1,1,0,2026-09-15 20:06,2026-09-15 20:06,,,https://www.youtube.com/channel/UCHAnKJh00YfpQS5StbsVv9w
UCKZq88dCi9IENlT08AJ3hlw,@FQ1M7,48,4年,Member (4 years),,不明,,,1,1,0,2026-09-15 20:06,2026-09-15 20:06,,,https://www.youtube.com/channel/UCKZq88dCi9IENlT08AJ3hlw
UCBgAdpUCY1h1s0atWOjk9rw,@とり-c5j,48,4年,Member (4 years),,不明,,,1,3,0,2026-09-15 20:06,2026-09-15 20:06,,,https://www.youtube.com/channel/UCBgAdpUCY1h1s0atWOjk9rw
UCfTB-GjXwn6FfJvK98g4vAQ,@mo2o111.f,48,4年,Member (4 years),,不明,,,1,1,0,2026-09-15 20:06,2026-09-15 20:06,,,https://www.youtube.com/channel/UCfTB-GjXwn6FfJvK98g4vAQ
UCUNYwlxRxHO1bCfdYsy9q8A,@Jenna-pt3mw,48,4年,Member (4 years),,不明,,,1,1,0,2026-09-16 05:01,2026-09-16 05:01,,,https://www.youtube.com/channel/UCUNYwlxRxHO1bCfdYsy9q8A
UCAio6j9vW-WW4odtPzCi3Ig,@shalo643,48,4年,Member (4 years),,不明,,,1,4,0,2026-09-16 05:01,2026-09-16 05:01,,,https://www.youtube.com/channel/UCAio6j9vW-WW4odtPzCi3Ig
UCKgv5WpIlgeEpppi4wOSO9w,@礼儀のあるヲタク,48,4年,Member (4 years),,不明,,,1,1,0,2026-09-16 05:01,2026-09-16 05:01,,,https://www.youtube.com/channel/UCKgv5WpIlgeEpppi4wOSO9w
UCPT9KdihBUMd4mNFVJWCKTw,@min-jd9go,48,4年,Member (4 years),,不明,,,1,1,0,2026-09-16 05:01,2026-09-16 05:01,,,https://www.youtube.com/channel/UCPT9KdihBUMd4mNFVJWCKTw
UC3mOasU-cO9Szq_02OXiONQ,@なじま-g3x,48,4年,Member (4 years),,不明,,,1,1,0,2026-09-16 05:01,2026-09-16 05:01,,,https://www.youtube.com/channel/UC3mOasU-cO9Szq_02OXiONQ
UCY0zE24y84i7Q0RE7Eo5yKw,@はち-y8q8r,48,4年,Member (4 years),,不明,,,1,1,0,2026-09-16 05:01,2026-09-16 05:01,,,https://www.youtube.com/channel/UCY0zE24y84i7Q0RE7Eo5yKw
UCUu7A2h6L2jriwZRkRs84Lw,@pimocha_173,48,4年,Member (4 years),,不明,,,1,1,0,2026-09-16 05:01,2026-09-16 05:01,,,https://www.youtube.com/channel/UCUu7A2h6L2jriwZRkRs84Lw
UCne8-EkK6oM5zO2jm23mLqg,@ぬりお丸,48,4年,Member (4 years),,不明,,,1,1,0,2026-09-16 05:01,2026-09-16 05:01,,,https://www.youtube.com/channel/UCne8-EkK6oM5zO2jm23mLqg
UC7ADMEi-oiFE6_gSM3EeM1A,@cot1271,48,4年,Member (4 years),,不明,,,1,1,0,2026-09-16 05:01,2026-09-16 05:01,,,https://www.youtube.com/channel/UC7ADMEi-oiFE6_gSM3EeM1A
UCLpUa9wsvSTlROzG5aHVcxw,@直崎,48,4年,Member (4 years),,不明,,,1,1,0,2026-09-16 05:01,2026-09-16 05:01,,,https://www.youtube.com/channel/UCLpUa9wsvSTlROzG5aHVcxw
UCuIALSrafSZaMCXpyCTJTPA,@ぽんぺ-s1i,48,4年,Member (4 years),,不明,,,1,1,0,2026-09-16 05:01,2026-09-16 05:01,,,https://www.youtube.com/channel/UCuIALSrafSZaMCXpyCTJTPA
UCiFTC8ArcQkj0jO-oJgwdGQ,@おじさん-k2m,48,4年,Member (4 years),,不明,,,1,1,0,2026-09-17 05:05,2026-09-17 05:05,,,https://www.youtube.com/channel/UCiFTC8ArcQkj0jO-oJgwdGQ
UC2XiGBQISUeUFfFt67zfKAw,@かんな-l8l,48,4年,Member (4 years),,不明,,,1,1,0,2026-09-17 05:05,2026-09-17 05:05,,,https://www.youtube.com/channel/UC2XiGBQISUeUFfFt67zfKAw
UCQH_g4H-HNYJpALz9Y2S0EQ,@ぽぽ-k6g,48,4年,Member (4 years),,不明,,,1,1,0,2026-09-17 05:05,2026-09-17 05:05,,,https://www.youtube.com/channel/UCQH_g4H-HNYJpALz9Y2S0EQ
UCchlMtRe5xWSdQ5Sji6bNoA,@はにたろ-c6y,48,4年,Member (4 years),,不明,,,1,1,0,2026-09-17 05:05,2026-09-17 05:05,,,https://www.youtube.com/channel/UCchlMtRe5xWSdQ5Sji6bNoA
UCjj0f1Cxp0s_lx7Gdt4UQWQ,@くまタロウfw,48,4年,Member (4 years),,不明,,,1,2,0,2026-09-17 05:05,2026-09-17 05:05,,,https://www.youtube.com/channel/UCjj0f1Cxp0s_lx7Gdt4UQWQ
UCMAvLA1Fs-cEeKIlkB_j7Uw,@るるるん-h2l,48,4年,Member (4 years),,不明,,,1,2,0,2026-09-17 05:05,2026-09-17 05:05,,,https://www.youtube.com/channel/UCMAvLA1Fs-cEeKIlkB_j7Uw
UCuEvR7ugP9gWRuYhDuwDRLQ,@がお-q2l,48,4年,Member (4 years),,不明,,,1,1,0,2026-09-17 05:05,2026-09-17 05:05,,,https://www.youtube.com/channel/UCuEvR7ugP9gWRuYhDuwDRLQ
UCYUZsAAdOTaRjUEgtBe8tGg,@まーいまい-d1p,48,4年,Member (4 years),,不明,,,1,1,0,2026-09-17 05:05,2026-09-17 05:05,,,https://www.youtube.com/channel/UCYUZsAAdOTaRjUEgtBe8tGg
UCbS21NVjM8efm-lkCT5qssg,@hype555r,48,4年,Member (4 years),,不明,,,1,2,0,2026-09-17 05:05,2026-09-17 05:05,,,https://www.youtube.com/channel/UCbS21NVjM8efm-lkCT5qssg
UCQkHCmMOyrBPJK066C4N0Xw,@のあのあ-s6d,48,4年,Member (4 years),,不明,,,1,1,0,2026-09-17 05:05,2026-09-17 05:05,,,https://www.youtube.com/channel/UCQkHCmMOyrBPJK066C4N0Xw
UCu5EHOvhPaOI1qabMa3gaow,@masaki6313,48,4年,Member (4 years),,不明,,,1,1,0,2026-09-17 05:05,2026-09-17 05:05,,,https://www.youtube.com/channel/UCu5EHOvhPaOI1qabMa3gaow
UC6Qmtybrq0axmPGG0f0U7qQ,@うにいくら-d2v,48,4年,Member (4 years),,不明,,,1,1,0,2026-09-17 05:05,2026-09-17 05:05,,,https://www.youtube.com/channel/UC6Qmtybrq0axmPGG0f0U7qQ
UC3HmucTxbMpiuCBEL-HFdbQ,@ぽんず-u6d,48,4年,Member (4 years),,不明,,,1,1,0,2026-09-17 05:05,2026-09-17 05:05,,,https://www.youtube.com/channel/UC3HmucTxbMpiuCBEL-HFdbQ
UCHhkileSHfVe4CLOXBkzXBg,@らん-x6x9n,48,4年,Member (4 years),,不明,,,1,1,0,2026-09-17 05:05,2026-09-17 05:05,,,https://www.youtube.com/channel/UCHhkileSHfVe4CLOXBkzXBg
UCNQZN5sPUyts_MgOBxAIkaA,@ohfujigurui,48,4年,Member (4 years),,不明,,,1,2,0,2026-09-17 05:05,2026-09-17 05:05,,,https://www.youtube.com/channel/UCNQZN5sPUyts_MgOBxAIkaA
UCfwmnDx26lHnEAuCB8DzIrQ,@ちゃうねん知らんけど,48,4年,Member (4 years),,不明,,,1,1,0,2026-09-17 05:05,2026-09-17 05:05,,,https://www.youtube.com/channel/UCfwmnDx26lHnEAuCB8DzIrQ
UCWITmlGzHb0zonJ-J_USVjw,@みくみく-y1c,48,4年,Member (4 years),,不明,,,1,12,0,2026-09-20 18:55,2026-09-20 18:55,,,https://www.youtube.com/channel/UCWITmlGzHb0zonJ-J_USVjw
UCdKCQd-W6O2hcJnpWDGxbKg,@san--6257,48,4年,Member (4 years),,不明,,,1,1,0,2026-09-20 18:55,2026-09-20 18:55,,,https://www.youtube.com/channel/UCdKCQd-W6O2hcJnpWDGxbKg
UCFTmr5197BGyLY8EJTGaDog,@さっちゅん-b1z,48,4年,Member (4 years),,不明,,,1,1,0,2026-09-20 18:55,2026-09-20 18:55,,,https://www.youtube.com/channel/UCFTmr5197BGyLY8EJTGaDog
UCSKYkp0W-aAU4fN04N4RSAQ,@ひらりo0,48,4年,Member (4 years),,不明,,,1,17,0,2026-09-20 18:55,2026-09-20 18:55,,,https://www.youtube.com/channel/UCSKYkp0W-aAU4fN04N4RSAQ
UCdi7G8EECSWQOSvN4VtfBFA,@mamemame_daifuku,48,4年,Member (4 years),,不明,,,1,1,0,2026-09-20 18:55,2026-09-20 18:55,,,https://www.youtube.com/channel/UCdi7G8EECSWQOSvN4VtfBFA
UCeB5Qj_7pgfUzbENswVal6w,@すこーぴお-j6m,48,4年,Member (4 years),,不明,,,1,1,0,2026-09-20 18:55,2026-09-20 18:55,,,https://www.youtube.com/channel/UCeB5Qj_7pgfUzbENswVal6w
UCIj1KOx3OGo8C-OKGkV-NQw,@なおちん-o9c,48,4年,Member (4 years),,不明,,,1,1,0,2026-09-20 18:55,2026-09-20 18:55,,,https://www.youtube.com/channel/UCIj1KOx3OGo8C-OKGkV-NQw
UCAwIc8ueBH2HaVrNn1f2J_Q,@noname-log,48,4年,Member (4 years),,不明,,,1,2,0,2026-09-20 18:55,2026-09-20 18:55,,,https://www.youtube.com/channel/UCAwIc8ueBH2HaVrNn1f2J_Q
UCDzpWN187uaezY7ea8raRlA,@4manato,48,4年,Member (4 years),,不明,,,1,12,0,2026-09-20 18:55,2026-09-20 18:55,,,https://www.youtube.com/channel/UCDzpWN187uaezY7ea8raRlA
UCgZUloLN4CkvTpWMRJg07Hg,@taro2013,48,4年,Member (4 years),,不明,,,1,8,0,2026-09-20 18:55,2026-09-20 18:55,,,https://www.youtube.com/channel/UCgZUloLN4CkvTpWMRJg07Hg
UCvm3xBuuQ31E0pua3ACG8gg,@nekomura333,48,4年,Member (4 years),,不明,,,1,12,0,2026-09-20 18:55,2026-09-20 18:55,,,https://www.youtube.com/channel/UCvm3xBuuQ31E0pua3ACG8gg
UCAn1V6fcND0flqJJ8l5Ch2g,@user-dm2yf4vq6j,48,4年,Member (4 years),,不明,,,1,1,0,2026-09-20 18:55,2026-09-20 18:55,,,https://www.youtube.com/channel/UCAn1V6fcND0flqJJ8l5Ch2g
UC44XH9mHlZ8hDduDuKd1lEA,@ひめか-w1h,48,4年,Member (4 years),,不明,,,1,1,0,2026-09-20 18:55,2026-09-20 18:55,,,https://www.youtube.com/channel/UC44XH9mHlZ8hDduDuKd1lEA
UCywfhVOLzG_UK5KWAW3r4Tg,@riiikaaa13,48,4年,Member (4 years),,不明,,,1,1,0,2026-09-20 18:55,2026-09-20 18:55,,,https://www.youtube.com/channel/UCywfhVOLzG_UK5KWAW3r4Tg
UCFNSiY0Eoek1rX2u8Uvj8_w,@いな-x8z,48,4年,Member (4 years),,不明,,,1,1,0,2026-09-20 18:55,2026-09-20 18:55,,,https://www.youtube.com/channel/UCFNSiY0Eoek1rX2u8Uvj8_w
UCP1iyyQ7ndkF2FkoEIBFf1g,@noA_yuu,48,4年,Member (4 years),,不明,,,1,1,0,2026-09-21 05:00,2026-09-21 05:00,,,https://www.youtube.com/channel/UCP1iyyQ7ndkF2FkoEIBFf1g
UCCv_O_KR3uqd9qylg0o5giQ,@akioto_723,48,4年,Member (4 years),,不明,,,1,1,0,2026-09-21 05:00,2026-09-21 05:00,,,https://www.youtube.com/channel/UCCv_O_KR3uqd9qylg0o5giQ
UC1Y2qnkIgmUgoegMlKPn7OQ,@そらチ-f1t,48,4年,Member (4 years),,不明,,,1,1,0,2026-09-21 05:00,2026-09-21 05:00,,,https://www.youtube.com/channel/UC1Y2qnkIgmUgoegMlKPn7OQ
UCBIvVn0HD7pjL6fcEYMp_7A,@カタクリ-q2l,48,4年,Member (4 years),,不明,,,1,1,0,2026-09-21 05:00,2026-09-21 05:00,,,https://www.youtube.com/channel/UCBIvVn0HD7pjL6fcEYMp_7A
UCBpkOtm9EcyTvpi90DeWGTA,@yuzukimoti,48,4年,Member (4 years),,不明,,,1,2,0,2026-09-21 05:00,2026-09-21 05:00,,,https://www.youtube.com/channel/UCBpkOtm9EcyTvpi90DeWGTA
UCNdS5yBVGxF5GDVS0H3l_NQ,@らんか-l8b,48,4年,Member (4 years),,不明,,,1,1,0,2026-09-21 05:00,2026-09-21 05:00,,,https://www.youtube.com/channel/UCNdS5yBVGxF5GDVS0H3l_NQ
UCLRD3SUnNrrvkDalCefbkPQ,@よひら-g1g,48,4年,Member (4 years),,不明,,,1,1,0,2026-09-21 05:00,2026-09-21 05:00,,,https://www.youtube.com/channel/UCLRD3SUnNrrvkDalCefbkPQ
UCjbF4s8JwuOipQypEL5sbTg,@gen8375,48,4年,Member (4 years),,不明,,,1,1,0,2026-09-21 05:00,2026-09-21 05:00,,,https://www.youtube.com/channel/UCjbF4s8JwuOipQypEL5sbTg
UCftasRcPGJxmUe7g3wb7pew,@komanechi_nyan,48,4年,Member (4 years),,不明,,,1,1,0,2026-09-21 05:00,2026-09-21 05:00,,,https://www.youtube.com/channel/UCftasRcPGJxmUe7g3wb7pew
UCm_TI4u3HVFhrqlD6h9FCeQ,@たまごかけごはんちゃん,48,4年,Member (4 years),,不明,,,1,1,0,2026-09-21 05:00,2026-09-21 05:00,,,https://www.youtube.com/channel/UCm_TI4u3HVFhrqlD6h9FCeQ
UC2qJczpvhylRe4CZb7FUqcw,@みっきー-t4e,48,4年,Member (4 years),,不明,,,1,1,0,2026-09-21 05:00,2026-09-21 05:00,,,https://www.youtube.com/channel/UC2qJczpvhylRe4CZb7FUqcw
UC4P3YqqZcH-ovVbuXr75TzQ,@ユキシロ-n4i,48,4年,Member (4 years),,不明,,,1,1,0,2026-09-21 05:00,2026-09-21 05:00,,,https://www.youtube.com/channel/UC4P3YqqZcH-ovVbuXr75TzQ
UCswRXIfHwRiYGaldz7-u1Ig,@こだま-j9i,48,4年,Member (4 years),,不明,,,1,1,0,2026-09-21 05:00,2026-09-21 05:00,,,https://www.youtube.com/channel/UCswRXIfHwRiYGaldz7-u1Ig
UCN4OKTo05CT4DAPGA7kxtcw,@ゴンザレス-z6l,48,4年,Member (4 years),,不明,,,1,1,0,2026-09-21 05:00,2026-09-21 05:00,,,https://www.youtube.com/channel/UCN4OKTo05CT4DAPGA7kxtcw
UCZwCGfQaFVZPZJ7o8Wjwu2g,@アウターポラリス,48,4年,Member (4 years),,不明,,,1,1,1,2026-09-22 22:33,2026-09-22 22:33,,,https://www.youtube.com/channel/UCZwCGfQaFVZPZJ7o8Wjwu2g
UCGsJ0cBpwcNKJ6AOG40s3lQ,@3inashiro,48,4年,Member (4 years),,不明,,,1,1,0,2026-09-22 22:33,2026-09-22 22:33,,,https://www.youtube.com/channel/UCGsJ0cBpwcNKJ6AOG40s3lQ
UC3Zyx3-xpl1EQbnulDFb05A,@NM_0621,48,4年,Member (4 years),,不明,,,1,1,0,2026-09-22 22:33,2026-09-22 22:33,,,https://www.youtube.com/channel/UC3Zyx3-xpl1EQbnulDFb05A
UCA2n-fi_Ys7Zi2YHMZ-3QeA,@ruki-ngm.23,48,4年,Member (4 years),,不明,,,1,1,0,2026-09-22 22:33,2026-09-22 22:33,,,https://www.youtube.com/channel/UCA2n-fi_Ys7Zi2YHMZ-3QeA
UCuynTBsY1pXBkP4A1RON0gg,@やぎ-x6d,48,4年,Member (4 years),,不明,,,1,3,0,2026-09-22 22:33,2026-09-22 22:33,,,https://www.youtube.com/channel/UCuynTBsY1pXBkP4A1RON0gg
UCiH_O8B8fvzfzB45haG-Qtg,@三花貓貓樹,48,4年,Member (4 years),,不明,,,1,1,0,2026-09-22 22:33,2026-09-22 22:33,,,https://www.youtube.com/channel/UCiH_O8B8fvzfzB45haG-Qtg
UCNZ5cyT_j7pBUQdyuZnaRzA,@チキチキ気球レース,48,4年,Member (4 years),,不明,,,1,1,0,2026-09-22 22:33,2026-09-22 22:33,,,https://www.youtube.com/channel/UCNZ5cyT_j7pBUQdyuZnaRzA
UCqX7pC-mJ-dlpD-dxP0-eOA,@りいさ_105,48,4年,Member (4 years),,不明,,,1,4,0,2026-09-22 22:33,2026-09-22 22:33,,,https://www.youtube.com/channel/UCqX7pC-mJ-dlpD-dxP0-eOA
UCp_eWwytuRusVO9sNFw8Dzg,@けだま-j2y,48,4年,Member (4 years),,不明,,,1,1,0,2026-09-22 22:33,2026-09-22 22:33,,,https://www.youtube.com/channel/UCp_eWwytuRusVO9sNFw8Dzg
UCyBlwpNZu41kfHjIcZVMnTg,@哉汰_かなた,48,4年,Member (4 years),,不明,,,1,6,0,2026-09-22 22:33,2026-09-22 22:33,,,https://www.youtube.com/channel/UCyBlwpNZu41kfHjIcZVMnTg
UCCrixTDQ67EU5OEU_TUXoMA,@いまそかり-d1o,48,4年,Member (4 years),,不明,,,1,3,0,2026-09-22 22:33,2026-09-22 22:33,,,https://www.youtube.com/channel/UCCrixTDQ67EU5OEU_TUXoMA
UCythIODmKWJjkxBEBpLajkg,@しよ-u6e,48,4年,Member (4 years),,不明,,,1,2,0,2026-09-22 22:33,2026-09-22 22:33,,,https://www.youtube.com/channel/UCythIODmKWJjkxBEBpLajkg
UCzBHP_xNaVCkXNsaqPlxuGw,@虎んく,48,4年,Member (4 years),,不明,,,1,1,0,2026-09-22 22:33,2026-09-22 22:33,,,https://www.youtube.com/channel/UCzBHP_xNaVCkXNsaqPlxuGw
UCnzwFQCmKosB4dkkBxcgjmg,@Hz_iSaNa,48,4年,Member (4 years),,不明,,,1,1,0,2026-09-22 22:33,2026-09-22 22:33,,,https://www.youtube.com/channel/UCnzwFQCmKosB4dkkBxcgjmg
UCbFwzTYKuDUSUTQvhyOMmsw,@__-uu4yf,48,4年,Member (4 years),,不明,,,1,1,0,2026-09-22 22:33,2026-09-22 22:33,,,https://www.youtube.com/channel/UCbFwzTYKuDUSUTQvhyOMmsw
UCoKwkDCax7M4wCzqORpd9nQ,@みく-g3m,48,4年,Member (4 years),,不明,,,1,2,0,2026-09-22 22:33,2026-09-22 22:33,,,https://www.youtube.com/channel/UCoKwkDCax7M4wCzqORpd9nQ
UCKW_i3TMD92_5-m65LTln7g,@bleaprince_9646,48,4年,Member (4 years),,不明,,,1,1,0,2026-09-24 05:04,2026-09-24 05:04,,,https://www.youtube.com/channel/UCKW_i3TMD92_5-m65LTln7g
UC2Si8rhqAjDXym2GBWjTkFg,@これは寿司,48,4年,Member (4 years),,不明,,,1,2,0,2026-09-24 05:04,2026-09-24 05:04,,,https://www.youtube.com/channel/UC2Si8rhqAjDXym2GBWjTkFg
UCcIsA42lsF3b-YxSBFL2KFg,@mukkurinko,48,4年,Member (4 years),,不明,,,1,1,0,2026-09-24 05:04,2026-09-24 05:04,,,https://www.youtube.com/channel/UCcIsA42lsF3b-YxSBFL2KFg
UCU_nbgOIoqTTgDNe9NTRelg,@kyuri593,48,4年,Member (4 years),,不明,,,1,1,0,2026-09-24 05:04,2026-09-24 05:04,,,https://www.youtube.com/channel/UCU_nbgOIoqTTgDNe9NTRelg
UCa5D9_n17zAX1C5Py7dFtGQ,@宇野-w9x,48,4年,Member (4 years),,不明,,,1,8,0,2026-09-24 05:04,2026-09-24 05:04,,,https://www.youtube.com/channel/UCa5D9_n17zAX1C5Py7dFtGQ
UCF3yOa425C6Wx8_4BxdcTQQ,@toriso_boro,48,4年,Member (4 years),,不明,,,1,4,0,2026-09-24 05:04,2026-09-24 05:04,,,https://www.youtube.com/channel/UCF3yOa425C6Wx8_4BxdcTQQ
UCeHeZAgycw8asb4-nenEksw,@ヨモチャン,48,4年,Member (4 years),,不明,,,1,1,0,2026-09-24 05:04,2026-09-24 05:04,,,https://www.youtube.com/channel/UCeHeZAgycw8asb4-nenEksw
UChy1juMmOdPTVtNMAAcdv3w,@mu6799,48,4年,Member (4 years),,不明,,,1,1,0,2026-09-24 05:04,2026-09-24 05:04,,,https://www.youtube.com/channel/UChy1juMmOdPTVtNMAAcdv3w
UCo5irwFUPs5e5EyXpvTNT1A,@ソヨ-n7f,48,4年,Member (4 years),,不明,,,1,1,0,2026-09-24 05:04,2026-09-24 05:04,,,https://www.youtube.com/channel/UCo5irwFUPs5e5EyXpvTNT1A
UCAAZkhps2RUrzRQbDly7gUg,@ss4803,48,4年,Member (4 years),,不明,,,1,1,0,2026-09-24 05:04,2026-09-24 05:04,,,https://www.youtube.com/channel/UCAAZkhps2RUrzRQbDly7gUg
UCvUOqX7sGIw1bKUumvSsXgA,@ももちゃん-04,48,4年,Member (4 years),,不明,,,1,3,0,2026-09-24 05:04,2026-09-24 05:04,,,https://www.youtube.com/channel/UCvUOqX7sGIw1bKUumvSsXgA
UCAD6JFG5EPCDCulOU3Sw_zw,@はまち-i4i,48,4年,Member (4 years),,不明,,,1,1,0,2026-09-24 05:04,2026-09-24 05:04,,,https://www.youtube.com/channel/UCAD6JFG5EPCDCulOU3Sw_zw
UCHUsTImUrM_O_jaN-5RKKGA,@ばぶーん,48,4年,Member (4 years),,不明,,,1,1,0,2026-09-24 05:04,2026-09-24 05:04,,,https://www.youtube.com/channel/UCHUsTImUrM_O_jaN-5RKKGA
UC2dMy4BNPWMD1iKVaiy6jcg,@ばりーわーほ,48,4年,Member (4 years),,不明,,,1,1,0,2026-09-24 05:04,2026-09-24 05:04,,,https://www.youtube.com/channel/UC2dMy4BNPWMD1iKVaiy6jcg
UC0aroljwdLOPQSKAyGcKYww,@tm1042uuu,48,4年,Member (4 years),,不明,,,1,1,0,2026-09-24 05:04,2026-09-24 05:04,,,https://www.youtube.com/channel/UC0aroljwdLOPQSKAyGcKYww
UCFeoeLjO6CY4MYdNw41L6zA,@芬-ふん,48,4年,Member (4 years),,不明,,,1,3,0,2026-09-26 05:01,2026-09-26 05:01,,,https://www.youtube.com/channel/UCFeoeLjO6CY4MYdNw41L6zA
UCgifevxPQAftqgggP2TbchA,@ヒヨスb,48,4年,Member (4 years),,不明,,,1,1,0,2026-09-26 05:01,2026-09-26 05:01,,,https://www.youtube.com/channel/UCgifevxPQAftqgggP2TbchA
UCFu0c_O6ID7jRtRSH5HZC_Q,@よみまるごさい,48,4年,Member (4 years),,不明,,,1,1,0,2026-09-26 05:01,2026-09-26 05:01,,,https://www.youtube.com/channel/UCFu0c_O6ID7jRtRSH5HZC_Q
UCeDd-6hBt4hqyXsTvC_It4w,@limesquash1627,48,4年,Member (4 years),,不明,,,1,1,0,2026-09-26 05:01,2026-09-26 05:01,,,https://www.youtube.com/channel/UCeDd-6hBt4hqyXsTvC_It4w
UCEshpZn0UoE6ApEIL0XClVg,@lemonade0909,48,4年,Member (4 years),,不明,,,1,2,0,2026-09-26 05:01,2026-09-26 05:01,,,https://www.youtube.com/channel/UCEshpZn0UoE6ApEIL0XClVg
UCDv6a-51XI5oRd0F9zPIrSg,@mgmgpnd,48,4年,Member (4 years),,不明,,,1,1,0,2026-09-26 05:01,2026-09-26 05:01,,,https://www.youtube.com/channel/UCDv6a-51XI5oRd0F9zPIrSg
UCCOLMXfI5wbgeaZY6gy-5Dg,@しぇり_champagne,48,4年,Member (4 years),,不明,,,1,1,0,2026-09-26 05:01,2026-09-26 05:01,,,https://www.youtube.com/channel/UCCOLMXfI5wbgeaZY6gy-5Dg
UCaxTRplPDbEWzG2TYDreFTA,@ひつじ0u0,48,4年,Member (4 years),,不明,,,1,1,0,2026-09-26 05:01,2026-09-26 05:01,,,https://www.youtube.com/channel/UCaxTRplPDbEWzG2TYDreFTA
UCSFe7aH6rrH7BEfO7sqhkOg,@2oyz1yvy,48,4年,Member (4 years),,不明,,,1,2,0,2026-09-26 05:01,2026-09-26 05:01,,,https://www.youtube.com/channel/UCSFe7aH6rrH7BEfO7sqhkOg
UC31eQGzxIpH98rB2zw2cSnA,@ハル-e1v,48,4年,Member (4 years),,不明,,,1,1,0,2026-09-26 05:01,2026-09-26 05:01,,,https://www.youtube.com/channel/UC31eQGzxIpH98rB2zw2cSnA
UCm-NDMUdYYhV5nOLqquFpHg,@なか-f5c,48,4年,Member (4 years),,不明,,,1,1,0,2026-09-26 05:01,2026-09-26 05:01,,,https://www.youtube.com/channel/UCm-NDMUdYYhV5nOLqquFpHg
UC2mO9XzMJACdIss3dfEc5Dg,@たん-g2p,48,4年,Member (4 years),,不明,,,1,1,0,2026-09-26 05:01,2026-09-26 05:01,,,https://www.youtube.com/channel/UC2mO9XzMJACdIss3dfEc5Dg
UCwNDOHcxxz0MCpVLg87iC2A,@物部mnnb_01,48,4年,Member (4 years),,不明,,,1,1,0,2026-09-26 05:01,2026-09-26 05:01,,,https://www.youtube.com/channel/UCwNDOHcxxz0MCpVLg87iC2A
UCtvKADP1uOVRxJye8cjbt3w,@pomechandayo-ne,48,4年,Member (4 years),,不明,,,1,1,0,2026-09-26 05:01,2026-09-26 05:01,,,https://www.youtube.com/channel/UCtvKADP1uOVRxJye8cjbt3w
UCOkmYRbJo4JIEb2OzbhZyUw,@soramaru0418,48,4年,Member (4 years),,不明,,,1,1,0,2026-09-27 06:00,2026-09-27 06:00,,,https://www.youtube.com/channel/UCOkmYRbJo4JIEb2OzbhZyUw
UCfzs9Tf2E9oOg3TEmvC6f2g,@tama9618,48,4年,Member (4 years),,不明,,,1,1,0,2026-09-27 06:00,2026-09-27 06:00,,,https://www.youtube.com/channel/UCfzs9Tf2E9oOg3TEmvC6f2g
UCYGmRq0Kq-hYiHYGZdw243w,@無限白米-k8u,48,4年,Member (4 years),,不明,,,1,1,0,2026-09-27 06:00,2026-09-27 06:00,,,https://www.youtube.com/channel/UCYGmRq0Kq-hYiHYGZdw243w
UCD9me_3as9rsp8N4tbjO6aQ,@kmmxx15,48,4年,Member (4 years),,不明,,,1,1,0,2026-09-27 06:00,2026-09-27 06:00,,,https://www.youtube.com/channel/UCD9me_3as9rsp8N4tbjO6aQ
UCdPQQGyI2H-OZGKHgwx4IZQ,@kafusu0519,48,4年,Member (4 years),,不明,,,1,1,0,2026-09-27 06:00,2026-09-27 06:00,,,https://www.youtube.com/channel/UCdPQQGyI2H-OZGKHgwx4IZQ
UCV0LxEeDYv4P1neDm18of8w,@aomaruru,48,4年,Member (4 years),,不明,,,1,1,0,2026-09-27 06:00,2026-09-27 06:00,,,https://www.youtube.com/channel/UCV0LxEeDYv4P1neDm18of8w
UCzrdU9xCBCfw43v2hh9BDWQ,@わいお茶-z7b,48,4年,Member (4 years),,不明,,,1,1,0,2026-09-27 06:00,2026-09-27 06:00,,,https://www.youtube.com/channel/UCzrdU9xCBCfw43v2hh9BDWQ
UCzV_vFzKILeJugxZI7xW6kw,@ねこの飯,48,4年,Member (4 years),,不明,,,1,1,0,2026-09-27 06:00,2026-09-27 06:00,,,https://www.youtube.com/channel/UCzV_vFzKILeJugxZI7xW6kw
UC93q5xQY5QFj43HXDfptD8g,@ひろりmsykzvolt,48,4年,Member (4 years),,不明,,,1,1,0,2026-09-29 05:00,2026-09-29 05:00,,,https://www.youtube.com/channel/UC93q5xQY5QFj43HXDfptD8g
UCLQW0WylJeKPklwOcSWXCDg,@めんたいこ05,48,4年,Member (4 years),,不明,,,1,1,0,2026-09-29 05:00,2026-09-29 05:00,,,https://www.youtube.com/channel/UCLQW0WylJeKPklwOcSWXCDg
UCKE6VBi0IyIPCAxYGvzcwzg,@みそ-q4c,48,4年,Member (4 years),,不明,,,1,1,0,2026-09-29 05:00,2026-09-29 05:00,,,https://www.youtube.com/channel/UCKE6VBi0IyIPCAxYGvzcwzg
UC43KhY3vulYvQZ5eWZXYczw,@nagumokyun,48,4年,Member (4 years),,不明,,,1,2,1,2026-09-29 05:00,2026-09-29 05:00,,,https://www.youtube.com/channel/UC43KhY3vulYvQZ5eWZXYczw
UC20d8vpiBr7B4ZKhn2pLEIg,@おくおく-k5n,48,4年,Member (4 years),,不明,,,1,1,0,2026-09-29 05:00,2026-09-29 05:00,,,https://www.youtube.com/channel/UC20d8vpiBr7B4ZKhn2pLEIg
UC_Xusp3-jtT9AhgPysjzKwQ,@たま-u4t,48,4年,Member (4 years),,不明,,,1,1,0,2026-09-29 05:00,2026-09-29 05:00,,,https://www.youtube.com/channel/UC_Xusp3-jtT9AhgPysjzKwQ
UC8HMGLSyO5ZWhML_P76hoeA,@chelsy4036,48,4年,Member (4 years),,不明,,,1,1,0,2026-09-29 05:00,2026-09-29 05:00,,,https://www.youtube.com/channel/UC8HMGLSyO5ZWhML_P76hoeA
UCOXkKFIZDnvpwqKfi3pB_ew,@mana__bu,48,4年,Member (4 years),,不明,,,1,1,0,2026-09-29 05:00,2026-09-29 05:00,,,https://www.youtube.com/channel/UCOXkKFIZDnvpwqKfi3pB_ew
UCBGs1171wpwRF5LOF9Aaw2A,@てはぬ,48,4年,Member (4 years),,不明,,,1,1,0,2026-09-29 05:00,2026-09-29 05:00,,,https://www.youtube.com/channel/UCBGs1171wpwRF5LOF9Aaw2A
UC-JeJxLZQNbkoGHzPaKT_UQ,@ぐまき,48,4年,Member (4 years),,不明,,,1,2,0,2026-09-29 05:00,2026-09-29 05:00,,,https://www.youtube.com/channel/UC-JeJxLZQNbkoGHzPaKT_UQ
UCbY8epQiT1KQCf_BrfUHpTw,@はち-c5x,48,4年,Member (4 years),,不明,,,1,1,0,2026-09-29 05:00,2026-09-29 05:00,,,https://www.youtube.com/channel/UCbY8epQiT1KQCf_BrfUHpTw
UCyG5HBELZd5N-EytHJ9FcJw,@pippi5080,48,4年,Member (4 years),,不明,,,1,1,0,2026-09-29 05:00,2026-09-29 05:00,,,https://www.youtube.com/channel/UCyG5HBELZd5N-EytHJ9FcJw
UCtnXAhkUIuRpYJV_-8DuwUg,@ごみちゃん-j9e,48,4年,Member (4 years),,不明,,,1,1,0,2026-09-29 05:00,2026-09-29 05:00,,,https://www.youtube.com/channel/UCtnXAhkUIuRpYJV_-8DuwUg
UCNiIV83OA370qQ-1B3BHizw,@me_arlxx4,48,4年,Member (4 years),,不明,,,1,9,0,2026-09-29 05:00,2026-09-29 05:00,,,https://www.youtube.com/channel/UCNiIV83OA370qQ-1B3BHizw
UCPmDPNlEIDxuqjUsUEyn2UA,@いか-h9o,48,4年,Member (4 years),,不明,,,1,2,0,2026-09-29 05:00,2026-09-29 05:00,,,https://www.youtube.com/channel/UCPmDPNlEIDxuqjUsUEyn2UA
UCo2qNMBhAOTZdfGM1ar9Z-w,@てぃーみき-k4x,48,4年,Member (4 years),,不明,,,1,1,0,2026-09-29 05:00,2026-09-29 05:00,,,https://www.youtube.com/channel/UCo2qNMBhAOTZdfGM1ar9Z-w
UCPbmPDkHUCIeu65X7K2Y0Nw,@_mFw18,48,4年,Member (4 years),,不明,,,1,3,0,2026-09-29 05:00,2026-09-29 05:00,,,https://www.youtube.com/channel/UCPbmPDkHUCIeu65X7K2Y0Nw
UC2hGceZflznbJwMGjlXubXg,@キャラメル-j6x,48,4年,Member (4 years),,不明,,,1,4,0,2026-09-29 05:00,2026-09-29 05:00,,,https://www.youtube.com/channel/UC2hGceZflznbJwMGjlXubXg
UCJFrvRjsLsxjMSFUqyKWmqg,@oki__soy,48,4年,Member (4 years),,不明,,,1,2,0,2026-09-29 05:00,2026-09-29 05:00,,,https://www.youtube.com/channel/UCJFrvRjsLsxjMSFUqyKWmqg
UC3j1emZvFGLGV9Z-LEn5P0g,@ほうどうたすき,48,4年,Member (4 years),,不明,,,1,1,0,2026-09-29 05:00,2026-09-29 05:00,,,https://www.youtube.com/channel/UC3j1emZvFGLGV9Z-LEn5P0g
UC3VG3TDRSn5rIDSb7PPcRmQ,@ringo1108,48,4年,Member (4 years),,不明,,,1,5,0,2026-09-30 21:03,2026-09-30 21:03,,,https://www.youtube.com/channel/UC3VG3TDRSn5rIDSb7PPcRmQ
UCdOSiqLvWnOGXfQF5iucdaw,@yrfs_ALXD,48,4年,Member (4 years),,不明,,,1,1,0,2026-09-30 21:03,2026-09-30 21:03,,,https://www.youtube.com/channel/UCdOSiqLvWnOGXfQF5iucdaw
UC1tdPI_UOl8VeOVE8IXhHBg,@ふるいち-l2d,48,4年,Member (4 years),,不明,,,1,1,0,2026-09-30 21:03,2026-09-30 21:03,,,https://www.youtube.com/channel/UC1tdPI_UOl8VeOVE8IXhHBg
UC6FRB6XXqOPdYwH0Ji2dEng,@みゆ-x4l5w,48,4年,Member (4 years),,不明,,,1,1,0,2026-09-30 21:03,2026-09-30 21:03,,,https://www.youtube.com/channel/UC6FRB6XXqOPdYwH0Ji2dEng
UC-SP8_vmvuB2GKLtGEn1aVg,@みけな_2463,48,4年,Member (4 years),,不明,,,1,1,0,2026-09-30 21:03,2026-09-30 21:03,,,https://www.youtube.com/channel/UC-SP8_vmvuB2GKLtGEn1aVg
UCS350PQLJjNXinM5r0s8mPg,@ぷかぷか-k6x,48,4年,Member (4 years),,不明,,,1,1,0,2026-09-30 21:03,2026-09-30 21:03,,,https://www.youtube.com/channel/UCS350PQLJjNXinM5r0s8mPg
UCq97x3eJpASGqo5LpFT-UFQ,@miho8934,48,4年,Member (4 years),,不明,,,1,1,0,2026-09-30 21:03,2026-09-30 21:03,,,https://www.youtube.com/channel/UCq97x3eJpASGqo5LpFT-UFQ
UCzOO_p2vq-RW77BWHEN6SIw,@ゆい-e5w9y,48,4年,Member (4 years),,不明,,,1,1,0,2026-09-30 21:03,2026-09-30 21:03,,,https://www.youtube.com/channel/UCzOO_p2vq-RW77BWHEN6SIw
UCehGmivgyJQ91AtdMOl1WlA,@もも-z5w7u,48,4年,Member (4 years),,不明,,,1,1,0,2026-09-30 21:03,2026-09-30 21:03,,,https://www.youtube.com/channel/UCehGmivgyJQ91AtdMOl1WlA
UCp4nDcMjpDdq73P-reGAQZw,@はむ-y6p,48,4年,Member (4 years),,不明,,,1,1,0,2026-09-30 21:03,2026-09-30 21:03,,,https://www.youtube.com/channel/UCp4nDcMjpDdq73P-reGAQZw
UC5UCuD1M2XWy-25QPnaEPyg,@わとっさん,48,4年,Member (4 years),,不明,,,1,1,0,2026-09-30 21:03,2026-09-30 21:03,,,https://www.youtube.com/channel/UC5UCuD1M2XWy-25QPnaEPyg
UCIWICkyHcX2PuSbU18gvltw,@つな_27tuna,48,4年,Member (4 years),,不明,,,1,2,0,2026-10-01 20:48,2026-10-01 20:48,,,https://www.youtube.com/channel/UCIWICkyHcX2PuSbU18gvltw
UCHt9NvgnOYDOoHNf8dNTc1g,@おもしれぇ女-本物,48,4年,Member (4 years),,不明,,,1,1,0,2026-10-01 20:48,2026-10-01 20:48,,,https://www.youtube.com/channel/UCHt9NvgnOYDOoHNf8dNTc1g
UCsU9joYOvsSjSoGOOG_v1Pw,@たべこ-f5l,48,4年,Member (4 years),,不明,,,1,2,0,2026-10-01 20:48,2026-10-01 20:48,,,https://www.youtube.com/channel/UCsU9joYOvsSjSoGOOG_v1Pw
UCRIcL3BUpIiNNXKcSOhOKFA,@たんち-s8f,48,4年,Member (4 years),,不明,,,1,1,0,2026-10-01 20:48,2026-10-01 20:48,,,https://www.youtube.com/channel/UCRIcL3BUpIiNNXKcSOhOKFA
UCfjNpH9wBBnPiWnq493yaCA,@持田-x5g,48,4年,Member (4 years),,不明,,,1,1,0,2026-10-01 20:48,2026-10-01 20:48,,,https://www.youtube.com/channel/UCfjNpH9wBBnPiWnq493yaCA
UCrCYh8lwTLHYYkAEbmM3l1Q,@yamato96neko75,48,4年,Member (4 years),,不明,,,1,1,0,2026-10-02 21:00,2026-10-02 21:00,,,https://www.youtube.com/channel/UCrCYh8lwTLHYYkAEbmM3l1Q
UC9N9kyYZz44DiE8Pfl-x9RQ,@ぴょん-n5w,48,4年,Member (4 years),,不明,,,1,1,0,2026-10-02 21:00,2026-10-02 21:00,,,https://www.youtube.com/channel/UC9N9kyYZz44DiE8Pfl-x9RQ
UCymM5TNPGs4tuXIXWLtNUZg,@パン-e8r,48,4年,Member (4 years),,不明,,,1,19,0,2026-10-03 20:59,2026-10-03 20:59,,,https://www.youtube.com/channel/UCymM5TNPGs4tuXIXWLtNUZg
UC02X3ONDjRDfDUfRsj_jlGQ,@もぐちゃん0x0,48,4年,Member (4 years),,不明,,,1,1,0,2026-10-04 17:40,2026-10-04 17:40,,,https://www.youtube.com/channel/UC02X3ONDjRDfDUfRsj_jlGQ
UC3lrlrN537MNnO4rjIMmRSg,@朔月-z9q,48,4年,Member (4 years),,不明,,,1,4,0,2026-10-04 17:40,2026-10-04 17:40,,,https://www.youtube.com/channel/UC3lrlrN537MNnO4rjIMmRSg
UCKNzrSJtrUFPikpL5pQHE9Q,@なないろ-y2t,48,4年,Member (4 years),,不明,,,1,2,0,2026-10-04 17:40,2026-10-04 17:40,,,https://www.youtube.com/channel/UCKNzrSJtrUFPikpL5pQHE9Q
UC-ajVwRJHj7mFnWrdbib-pw,@araraufufu,48,4年,Member (4 years),,不明,,,1,2,0,2026-10-04 17:40,2026-10-04 17:40,,,https://www.youtube.com/channel/UC-ajVwRJHj7mFnWrdbib-pw
UCWRdb5ZzpBqikqXfiiqudAw,@炙りネギトロ,48,4年,Member (4 years),,不明,,,1,1,0,2026-10-04 17:40,2026-10-04 17:40,,,https://www.youtube.com/channel/UCWRdb5ZzpBqikqXfiiqudAw
UCyZmoZNPq74ZKfXiul302Gw,@那みNamiViolet,48,4年,Member (4 years),,不明,,,1,7,0,2026-10-04 17:40,2026-10-04 17:40,,,https://www.youtube.com/channel/UCyZmoZNPq74ZKfXiul302Gw
UClp-5eqV_VtFvlJzOVLBs9Q,@xxxxxあーちゃん,48,4年,Member (4 years),,不明,,,1,6,1,2026-10-04 17:40,2026-10-04 17:40,,,https://www.youtube.com/channel/UClp-5eqV_VtFvlJzOVLBs9Q
UCLDCjDiHXSa2J-6ue7QrLYA,@uku_chan3,48,4年,Member (4 years),,不明,,,1,1,0,2026-10-04 17:40,2026-10-04 17:40,,,https://www.youtube.com/channel/UCLDCjDiHXSa2J-6ue7QrLYA
UC-3s1tdPauAWXNPCfehFkwQ,@らいてふ-t3j,48,4年,Member (4 years),,不明,,,1,4,0,2026-10-04 17:40,2026-10-04 17:40,,,https://www.youtube.com/channel/UC-3s1tdPauAWXNPCfehFkwQ
UCknxyaeVeZHRrVfT2v8QbUQ,@てと-teto,48,4年,Member (4 years),,不明,,,1,1,0,2026-10-04 17:40,2026-10-04 17:40,,,https://www.youtube.com/channel/UCknxyaeVeZHRrVfT2v8QbUQ
UC59C0hxA5iYzTZjyZ2IfcgQ,@ぽにぽ-n7y,48,4年,Member (4 years),,不明,,,1,1,0,2026-10-04 17:40,2026-10-04 17:40,,,https://www.youtube.com/channel/UC59C0hxA5iYzTZjyZ2IfcgQ
UCVeufDsxpVkvAi-_MTE_M-A,@macaroni--,48,4年,Member (4 years),,不明,,,1,1,0,2026-10-04 17:40,2026-10-04 17:40,,,https://www.youtube.com/channel/UCVeufDsxpVkvAi-_MTE_M-A
UCB6uDgIr-AMuT9BdA-cLxTA,@peko_cruller411,48,4年,Member (4 years),,不明,,,1,5,0,2026-10-04 17:40,2026-10-04 17:40,,,https://www.youtube.com/channel/UCB6uDgIr-AMuT9BdA-cLxTA
UCcr-NeazP-ZuD2RXIQ4vCow,@くらん-p9d,48,4年,Member (4 years),,不明,,,1,1,0,2026-10-04 17:40,2026-10-04 17:40,,,https://www.youtube.com/channel/UCcr-NeazP-ZuD2RXIQ4vCow
UC3W8wgU1ch6ZQiPXg0xXR9Q,@ろここ-x3d,48,4年,Member (4 years),,不明,,,1,1,0,2026-10-04 17:40,2026-10-04 17:40,,,https://www.youtube.com/channel/UC3W8wgU1ch6ZQiPXg0xXR9Q
UCA-lEZEuLdNw-TAV6PsD3JQ,@7500075,48,4年,Member (4 years),,不明,,,1,1,0,2026-10-04 17:40,2026-10-04 17:40,,,https://www.youtube.com/channel/UCA-lEZEuLdNw-TAV6PsD3JQ
UCtvu98CDPDXQUTZMLzMH65g,@ふちぴ,48,4年,Member (4 years),,不明,,,1,1,0,2026-10-04 17:40,2026-10-04 17:40,,,https://www.youtube.com/channel/UCtvu98CDPDXQUTZMLzMH65g
UCBoC3PJ8Lf5K27-IHStCziQ,@みあ-n3g,48,4年,Member (4 years),,不明,,,1,12,0,2026-10-06 20:31,2026-10-06 20:31,,,https://www.youtube.com/channel/UCBoC3PJ8Lf5K27-IHStCziQ
UC4MAOoHiJ-n8rLHTPoa9UMA,@コッペパン野田,48,4年,Member (4 years),,不明,,,1,1,0,2026-10-06 20:31,2026-10-06 20:31,,,https://www.youtube.com/channel/UC4MAOoHiJ-n8rLHTPoa9UMA
UCeyV4Yqo-Uzs9TJ2bYFGmsQ,@yoi_vivi,48,4年,Member (4 years),,不明,,,1,1,0,2026-10-06 20:31,2026-10-06 20:31,,,https://www.youtube.com/channel/UCeyV4Yqo-Uzs9TJ2bYFGmsQ
UC0mEO4x5UIk4J3yumcJPkDw,@takomaruV,48,4年,Member (4 years),,不明,,,1,1,0,2026-10-06 20:31,2026-10-06 20:31,,,https://www.youtube.com/channel/UC0mEO4x5UIk4J3yumcJPkDw
UC7faksy4a5yUC5kjcB0S3LA,@nya12s,48,4年,Member (4 years),,不明,,,1,1,0,2026-10-06 20:31,2026-10-06 20:31,,,https://www.youtube.com/channel/UC7faksy4a5yUC5kjcB0S3LA
UCPYydzXQnQQ3cuJZwya5-Hg,@アコ-l2x,48,4年,Member (4 years),,不明,,,1,1,0,2026-10-06 20:31,2026-10-06 20:31,,,https://www.youtube.com/channel/UCPYydzXQnQQ3cuJZwya5-Hg
UCj1qDsbLh3zfL8An5SCAirw,@31kyo_puwachicken,48,4年,Member (4 years),,不明,,,1,2,0,2026-10-06 20:31,2026-10-06 20:31,,,https://www.youtube.com/channel/UCj1qDsbLh3zfL8An5SCAirw
UCmOmfMEBK9lrK-1P-T595sw,@kirin0715,48,4年,Member (4 years),,不明,,,1,1,0,2026-10-06 20:31,2026-10-06 20:31,,,https://www.youtube.com/channel/UCmOmfMEBK9lrK-1P-T595sw
UCjUk4exhyZIV7koy4pBdvGA,@けふけふ-tdk,48,4年,Member (4 years),,不明,,,1,1,0,2026-10-06 20:31,2026-10-06 20:31,,,https://www.youtube.com/channel/UCjUk4exhyZIV7koy4pBdvGA
UC9xjwHD2kLvFUkONRS5SxAQ,@ギル-o3v,48,4年,Member (4 years),,不明,,,1,1,0,2026-10-06 20:31,2026-10-06 20:31,,,https://www.youtube.com/channel/UC9xjwHD2kLvFUkONRS5SxAQ
UC1RMvBTqJZc7xRTUButr3rw,@kurogo_ma,48,4年,Member (4 years),,不明,,,1,1,0,2026-10-06 20:31,2026-10-06 20:31,,,https://www.youtube.com/channel/UC1RMvBTqJZc7xRTUButr3rw
UCsRRJymoAlQz9qKc3LAvBOA,@miiio5885,48,4年,Member (4 years),,不明,,,1,1,0,2026-10-06 20:31,2026-10-06 20:31,,,https://www.youtube.com/channel/UCsRRJymoAlQz9qKc3LAvBOA
UCE78BxsxK__DIJ2Tticq-sQ,@和なご,48,4年,Member (4 years),,不明,,,1,3,0,2026-10-06 20:31,2026-10-06 20:31,,,https://www.youtube.com/channel/UCE78BxsxK__DIJ2Tticq-sQ
UCCdEClu2LfixhBe37qrvnPg,@セイ-u6e,48,4年,Member (4 years),,不明,,,1,1,0,2026-10-06 20:31,2026-10-06 20:31,,,https://www.youtube.com/channel/UCCdEClu2LfixhBe37qrvnPg
UCUkjAGp7LgVv3Q87ywwYoYg,@こげゆ,48,4年,Member (4 years),,不明,,,1,1,0,2026-10-06 20:31,2026-10-06 20:31,,,https://www.youtube.com/channel/UCUkjAGp7LgVv3Q87ywwYoYg
UCaOagZR2EvC08FotyCGx66g,@こふしお,48,4年,Member (4 years),,不明,,,1,2,0,2026-10-06 20:31,2026-10-06 20:31,,,https://www.youtube.com/channel/UCaOagZR2EvC08FotyCGx66g
UCLYZ1pIDTamFqtACS-CatMg,@こい-f4e,48,4年,Member (4 years),,不明,,,1,1,0,2026-10-06 20:31,2026-10-06 20:31,,,https://www.youtube.com/channel/UCLYZ1pIDTamFqtACS-CatMg
UCnP_ffaekcPBDUIitiy827w,@yokky5620,48,4年,Member (4 years),,不明,,,1,1,0,2026-10-06 20:31,2026-10-06 20:31,,,https://www.youtube.com/channel/UCnP_ffaekcPBDUIitiy827w
UCbc40Gso1B3QMYgOb1vo1hQ,@ポンコ-u4x,48,4年,Member (4 years),,不明,,,1,1,0,2026-10-08 00:00,2026-10-08 00:00,,,https://www.youtube.com/channel/UCbc40Gso1B3QMYgOb1vo1hQ
UC3MD6I1sEU_980LfXeWY5zQ,@ごんぎつね-u5w,48,4年,Member (4 years),,不明,,,1,1,0,2026-10-08 00:00,2026-10-08 00:00,,,https://www.youtube.com/channel/UC3MD6I1sEU_980LfXeWY5zQ
UCN5MbaTeiD5oYNprOirTcdQ,@ああああ-e3b4b,48,4年,Member (4 years),,不明,,,1,1,0,2026-10-08 00:00,2026-10-08 00:00,,,https://www.youtube.com/channel/UCN5MbaTeiD5oYNprOirTcdQ
UCLieNKbnXRPTb9hM7MEz1vg,@seruna0113,48,4年,Member (4 years),,不明,,,1,1,0,2026-10-08 00:00,2026-10-08 00:00,,,https://www.youtube.com/channel/UCLieNKbnXRPTb9hM7MEz1vg
UCju_-jSfIA_woo4O4zIznpg,@奈緒雪,48,4年,Member (4 years),,不明,,,1,9,0,2026-10-08 00:00,2026-10-08 00:00,,,https://www.youtube.com/channel/UCju_-jSfIA_woo4O4zIznpg
UCf1qnn7VRZF2uaenmRJUe3w,@akane3857,48,4年,Member (4 years),,不明,,,1,13,0,2026-10-08 00:00,2026-10-08 00:00,,,https://www.youtube.com/channel/UCf1qnn7VRZF2uaenmRJUe3w
UCDsULmzWcj0WNilKeNUjkUg,@ピクルス-h8i,48,4年,Member (4 years),,不明,,,1,2,0,2026-10-08 00:00,2026-10-08 00:00,,,https://www.youtube.com/channel/UCDsULmzWcj0WNilKeNUjkUg
UC2hmHnaj6IbJxdq9r0WFSGQ,@くろ-g6y,48,4年,Member (4 years),,不明,,,1,1,0,2026-10-08 00:00,2026-10-08 00:00,,,https://www.youtube.com/channel/UC2hmHnaj6IbJxdq9r0WFSGQ
UCZ6v-hXNq5f6Z1dKzInx-Dw,@紫翠-d1k,48,4年,Member (4 years),,不明,,,1,1,0,2026-10-08 00:00,2026-10-08 00:00,,,https://www.youtube.com/channel/UCZ6v-hXNq5f6Z1dKzInx-Dw
UC-majdTqNssGtYeFSb2vMbA,@monyuru_,48,4年,Member (4 years),,不明,,,1,1,0,2026-10-08 00:00,2026-10-08 00:00,,,https://www.youtube.com/channel/UC-majdTqNssGtYeFSb2vMbA
UCy53MagD6JudOR_xl6zVMnA,@まどがらす,48,4年,Member (4 years),,不明,,,1,1,0,2026-10-08 00:00,2026-10-08 00:00,,,https://www.youtube.com/channel/UCy53MagD6JudOR_xl6zVMnA
UCKqkY4v830CPfnybww457ZQ,@みくに-392,24,2年,Member (2 years),,不明,,,19,4274,18,2026-09-09 05:37,2026-10-08 00:00,,,https://www.youtube.com/channel/UCKqkY4v830CPfnybww457ZQ
UCTogQyeXEM9CCF5M4BkO4fA,@むー_muu,24,2年,Member (2 years),,不明,,,19,3926,0,2026-09-09 05:37,2026-10-08 00:00,,,https://www.youtube.com/channel/UCTogQyeXEM9CCF5M4BkO4fA
UC1PBdnaGbIuYowuIKgRpEPw,@りたのあ-u4g,24,2年,Member (2 years),,不明,,,19,560,0,2026-09-09 05:37,2026-10-08 00:00,,,https://www.youtube.com/channel/UC1PBdnaGbIuYowuIKgRpEPw
UCSPgLGabO8nPt-MkP4Sgg6g,@あいしーRaN,24,2年,Member (2 years),,不明,,,19,4472,2,2026-09-09 05:37,2026-10-08 00:00,,,https://www.youtube.com/channel/UCSPgLGabO8nPt-MkP4Sgg6g
UCOcP6xm5JWnMXhaFa8kfCng,@ぱきょぴ,24,2年,Member (2 years),,不明,,,19,2085,0,2026-09-09 05:37,2026-10-08 00:00,,,https://www.youtube.com/channel/UCOcP6xm5JWnMXhaFa8kfCng
UC-gFJaehelWIwNrku4oHNVQ,@とりやき-toro,24,2年,Member (2 years),,不明,,,19,3099,0,2026-09-09 05:37,2026-10-08 00:00,,,https://www.youtube.com/channel/UC-gFJaehelWIwNrku4oHNVQ
UCD-GwcfT_pcxB2P0SxekqTg,@みゃーり_mya,24,2年,Member (2 years),,不明,,,19,420,0,2026-09-09 05:37,2026-10-08 00:00,,,https://www.youtube.com/channel/UCD-GwcfT_pcxB2P0SxekqTg
UCnhQbzyZofb7enU4j8DnVJw,@セン-pw,24,2年,Member (2 years),,不明,,,19,208,0,2026-09-09 05:37,2026-10-08 00:00,,,https://www.youtube.com/channel/UCnhQbzyZofb7enU4j8DnVJw
UCM6XIgu6ARKSWyULTf95GCg,@もも_shida,24,2年,Member (2 years),,不明,,,19,331,0,2026-09-09 05:37,2026-10-08 00:00,,,https://www.youtube.com/channel/UCM6XIgu6ARKSWyULTf95GCg
UC1qpTb2eiSapqxIYxzCdquQ,@みちゃん_s,24,2年,Member (2 years),,不明,,,19,1446,0,2026-09-09 05:37,2026-10-08 00:00,,,https://www.youtube.com/channel/UC1qpTb2eiSapqxIYxzCdquQ
UCLm9dSgkINo2EWO0kGf1iVA,@りっっっっ,24,2年,Member (2 years),,不明,,,19,1050,0,2026-09-09 05:37,2026-10-08 00:00,,,https://www.youtube.com/channel/UCLm9dSgkINo2EWO0kGf1iVA
UC3glo1HQXHmZZSdisIaYXQQ,@ぽんぽぬ,24,2年,Member (2 years),,不明,,,19,335,1,2026-09-09 05:37,2026-10-08 00:00,,,https://www.youtube.com/channel/UC3glo1HQXHmZZSdisIaYXQQ
UCJUMJMXFnytDrJ3e2HVftZQ,@いものこ57,24,2年,Member (2 years),,不明,,,19,304,1,2026-09-09 05:37,2026-10-08 00:00,,,https://www.youtube.com/channel/UCJUMJMXFnytDrJ3e2HVftZQ
UC6IdOGesmhc2CoOvZ35911w,@あやか_qf7,24,2年,Member (2 years),,不明,,,19,2090,0,2026-09-09 05:37,2026-10-08 00:00,,,https://www.youtube.com/channel/UC6IdOGesmhc2CoOvZ35911w
UCta79cZjY7W2zGFpycMP1Sg,@ドラミちゃん-m3h,24,2年,Member (2 years),,不明,,,19,2669,0,2026-09-09 05:37,2026-10-08 00:00,,,https://www.youtube.com/channel/UCta79cZjY7W2zGFpycMP1Sg
UCaSZoHnwjBrmIo9k9qqdGuw,@riaano21,24,2年,Member (2 years),,不明,,,19,1035,0,2026-09-09 05:37,2026-10-08 00:00,,,https://www.youtube.com/channel/UCaSZoHnwjBrmIo9k9qqdGuw
UCqivSt8gNYrxjEeXElZ9wZQ,@じゃわめ,24,2年,Member (2 years),,不明,,,19,504,0,2026-09-09 05:37,2026-10-08 00:00,,,https://www.youtube.com/channel/UCqivSt8gNYrxjEeXElZ9wZQ
UCIq59yJddC0s9O_M4C0KZxw,@結城-l9e,24,2年,Member (2 years),,不明,,,19,2555,0,2026-09-09 05:37,2026-10-08 00:00,,,https://www.youtube.com/channel/UCIq59yJddC0s9O_M4C0KZxw
UCQ2XuoPdttHJbZYhbYNyiag,@てんどんまん-o9p,24,2年,Member (2 years),,不明,,,19,954,1,2026-09-09 05:37,2026-10-08 00:00,,,https://www.youtube.com/channel/UCQ2XuoPdttHJbZYhbYNyiag
UCVU9P3465enyVXUx5YRtTqA,@るぱい..lv_vl,24,2年,Member (2 years),,不明,,,19,1466,1,2026-09-09 05:37,2026-10-08 00:00,,,https://www.youtube.com/channel/UCVU9P3465enyVXUx5YRtTqA
UCXEtnAJmspB8H485waSsquA,@ponkan-n3p,24,2年,Member (2 years),,不明,,,19,265,0,2026-09-09 05:37,2026-10-08 00:00,,,https://www.youtube.com/channel/UCXEtnAJmspB8H485waSsquA
UC3IlIAOYj7hFz-V0G-9jcGA,@まめまめ-v3j,24,2年,Member (2 years),,不明,,,19,1440,0,2026-09-09 05:37,2026-10-08 00:00,,,https://www.youtube.com/channel/UC3IlIAOYj7hFz-V0G-9jcGA
UCuGhI1Qkb6q5G6EtCIHqEdA,@MIMIREREF,24,2年,Member (2 years),,不明,,,19,310,0,2026-09-09 05:37,2026-10-08 00:00,,,https://www.youtube.com/channel/UCuGhI1Qkb6q5G6EtCIHqEdA
UCwAky6vsI7H6FKkyYrBNDQg,@きゅうり-d3b,24,2年,Member (2 years),,不明,,,19,678,1,2026-09-09 05:37,2026-10-08 00:00,,,https://www.youtube.com/channel/UCwAky6vsI7H6FKkyYrBNDQg
UC6yYoCf3s24xeJ06X4JDNvA,@けーやまp_q,24,2年,Member (2 years),,不明,,,19,646,0,2026-09-09 05:37,2026-10-08 00:00,,,https://www.youtube.com/channel/UC6yYoCf3s24xeJ06X4JDNvA
UCdEyk5cWjDKkzKDJKN7eUxQ,@ひーちゃん01,24,2年,Member (2 years),,不明,,,19,1207,0,2026-09-09 05:37,2026-10-08 00:00,,,https://www.youtube.com/channel/UCdEyk5cWjDKkzKDJKN7eUxQ
UC2bfMlKlOPb356dTRDRFv4Q,@絵馬.f,24,2年,Member (2 years),,不明,,,19,1607,0,2026-09-09 05:37,2026-10-08 00:00,,,https://www.youtube.com/channel/UC2bfMlKlOPb356dTRDRFv4Q
UCGCWzSAQ4Jhde2hkId12cEA,@いおりiori,24,2年,Member (2 years),,不明,,,18,4839,1,2026-09-09 05:37,2026-10-08 00:00,,,https://www.youtube.com/channel/UCGCWzSAQ4Jhde2hkId12cEA
UCSBpGPvVJCysjU_s6Jfu4eg,@とーとー-t9s,24,2年,Member (2 years),,不明,,,18,96,0,2026-09-09 05:37,2026-10-08 00:00,,,https://www.youtube.com/channel/UCSBpGPvVJCysjU_s6Jfu4eg
UCsUs7Uad-kohiSptcHrRgPw,@じゃむぱん_28,24,2年,Member (2 years),,不明,,,18,3118,0,2026-09-09 05:37,2026-10-08 00:00,,,https://www.youtube.com/channel/UCsUs7Uad-kohiSptcHrRgPw
UC-HUShbJDbOCzIXjK5A1qng,@征奈,24,2年,Member (2 years),,不明,,,18,306,0,2026-09-09 05:37,2026-10-08 00:00,,,https://www.youtube.com/channel/UC-HUShbJDbOCzIXjK5A1qng
UCNikYmZi0Gx_dF9vEjhRnlQ,@laruru-v7t,24,2年,Member (2 years),,不明,,,18,810,0,2026-09-09 05:37,2026-10-08 00:00,,,https://www.youtube.com/channel/UCNikYmZi0Gx_dF9vEjhRnlQ
UCC7SleD4upI3vLcJ8tNhPtg,@まっちろ-c3h,24,2年,Member (2 years),,不明,,,18,147,0,2026-09-09 05:37,2026-10-08 00:00,,,https://www.youtube.com/channel/UCC7SleD4upI3vLcJ8tNhPtg
UCNUPbQcb74hOYRnxu4wi8-A,@limokon_melon,24,2年,Member (2 years),,不明,,,18,577,0,2026-09-09 05:37,2026-10-08 00:00,,,https://www.youtube.com/channel/UCNUPbQcb74hOYRnxu4wi8-A
UCSjV_I44NzHCXAfchE6_xxw,@杏-S2,24,2年,Member (2 years),,不明,,,18,1749,0,2026-09-09 05:37,2026-10-08 00:00,,,https://www.youtube.com/channel/UCSjV_I44NzHCXAfchE6_xxw
UCXJK759dQ_evbPfWpFvhe6w,@nna27ちゃみこ,24,2年,Member (2 years),,不明,,,18,783,0,2026-09-09 05:37,2026-10-08 00:00,,,https://www.youtube.com/channel/UCXJK759dQ_evbPfWpFvhe6w
UCKu3DsiVCj8Dei58cuRU13g,@たぬきちゃんtanu,24,2年,Member (2 years),,不明,,,18,469,0,2026-09-09 05:37,2026-10-08 00:00,,,https://www.youtube.com/channel/UCKu3DsiVCj8Dei58cuRU13g
UCmjjsAzgb18xqq4SKvAZxqA,@___kuneko,24,2年,Member (2 years),,不明,,,18,127,0,2026-09-09 05:37,2026-10-08 00:00,,,https://www.youtube.com/channel/UCmjjsAzgb18xqq4SKvAZxqA
UCgIgwgoZMnSdkU7AuqSGAKA,@るる_Ru28,24,2年,Member (2 years),,不明,,,18,298,0,2026-09-09 05:37,2026-10-08 00:00,,,https://www.youtube.com/channel/UCgIgwgoZMnSdkU7AuqSGAKA
UCd1hRNPH1ha6M4uycGvXQlw,@りかちっち,24,2年,Member (2 years),,不明,,,18,1668,0,2026-09-09 05:37,2026-10-08 00:00,,,https://www.youtube.com/channel/UCd1hRNPH1ha6M4uycGvXQlw
UCFbpTwvKrniMmkhFOB1zL7w,@yちゃん_pw,24,2年,Member (2 years),,不明,,,18,1356,0,2026-09-09 05:37,2026-10-08 00:00,,,https://www.youtube.com/channel/UCFbpTwvKrniMmkhFOB1zL7w
UCXPLtxx-zt6xTHxk6DbSfUw,@るーこ-z5w,24,2年,Member (2 years),,不明,,,18,63,0,2026-09-09 05:37,2026-10-08 00:00,,,https://www.youtube.com/channel/UCXPLtxx-zt6xTHxk6DbSfUw
UCAkBySNpa9EPcGi9QMQChdQ,@ki2_キキ,24,2年,Member (2 years),,不明,,,18,330,0,2026-09-09 05:37,2026-10-08 00:00,,,https://www.youtube.com/channel/UCAkBySNpa9EPcGi9QMQChdQ
UCMvGSOxIwKYbAGly8ZSu-qw,@タマゴサラダ-t2x5i,24,2年,Member (2 years),,不明,,,18,1086,0,2026-09-09 05:37,2026-10-06 20:31,,,https://www.youtube.com/channel/UCMvGSOxIwKYbAGly8ZSu-qw
UCY4EfMckpeMWhzPsaKLhezw,@kakayu0,24,2年,Member (2 years),,不明,,,18,191,1,2026-09-09 05:37,2026-10-08 00:00,,,https://www.youtube.com/channel/UCY4EfMckpeMWhzPsaKLhezw
UCzXdNrRvSwymkeE3yOYkP_A,@冬崎Fuyuaki_Sora宙,24,2年,Member (2 years),,不明,,,18,426,1,2026-09-09 05:37,2026-10-08 00:00,,,https://www.youtube.com/channel/UCzXdNrRvSwymkeE3yOYkP_A
UCECX4hmpANDQ-f-b93pHDwg,@ムツキ-m1b,24,2年,Member (2 years),,不明,,,18,662,0,2026-09-09 05:37,2026-10-08 00:00,,,https://www.youtube.com/channel/UCECX4hmpANDQ-f-b93pHDwg
UCpikRrDcezbchfh8C9WyMkQ,@ちゅん-q7u,24,2年,Member (2 years),,不明,,,18,132,0,2026-09-09 05:37,2026-10-08 00:00,,,https://www.youtube.com/channel/UCpikRrDcezbchfh8C9WyMkQ
UCZ_pr30xi5z86Myzfcdn64w,@えりいc,24,2年,Member (2 years),,不明,,,18,335,0,2026-09-09 05:37,2026-10-08 00:00,,,https://www.youtube.com/channel/UCZ_pr30xi5z86Myzfcdn64w
UCn3UrkeiwhPKkkGo8n78SJw,@m7IOluv,24,2年,Member (2 years),,不明,,,18,65,0,2026-09-09 05:37,2026-10-08 00:00,,,https://www.youtube.com/channel/UCn3UrkeiwhPKkkGo8n78SJw
UCt7-AI-jNm0G609s1w_9LUw,@おひょい-b5p,24,2年,Member (2 years),,不明,,,18,359,0,2026-09-14 07:00,2026-10-08 00:00,,,https://www.youtube.com/channel/UCt7-AI-jNm0G609s1w_9LUw
UCJYHoyWXAoUfQoyT3vSZsRQ,@ぴぃ酉,24,2年,Member (2 years),,不明,,,17,105,0,2026-09-09 05:37,2026-10-08 00:00,,,https://www.youtube.com/channel/UCJYHoyWXAoUfQoyT3vSZsRQ
UCAYKY_pwxrfF2k6HBVusY9w,@honopi,24,2年,Member (2 years),,不明,,,17,118,0,2026-09-09 05:37,2026-10-08 00:00,,,https://www.youtube.com/channel/UCAYKY_pwxrfF2k6HBVusY9w
UCZY7U8TvDtkVWK64lgc9YOQ,@fumi9613,24,2年,Member (2 years),,不明,,,17,40,0,2026-09-09 05:37,2026-10-08 00:00,,,https://www.youtube.com/channel/UCZY7U8TvDtkVWK64lgc9YOQ
UCQfXdgMf6SpQEgtU9ndcIww,@るんた-v7u,24,2年,Member (2 years),,不明,,,17,348,0,2026-09-09 05:37,2026-10-08 00:00,,,https://www.youtube.com/channel/UCQfXdgMf6SpQEgtU9ndcIww
UCak9OT18R5t2FHSWfa1NnUw,@野田-c8q,24,2年,Member (2 years),,不明,,,17,618,0,2026-09-09 05:37,2026-10-06 20:31,,,https://www.youtube.com/channel/UCak9OT18R5t2FHSWfa1NnUw
UC9MbpMhODL_DQ2jizRlLHTA,@ゆか_niyaaa,24,2年,Member (2 years),,不明,,,17,55,0,2026-09-09 05:37,2026-10-06 20:31,,,https://www.youtube.com/channel/UC9MbpMhODL_DQ2jizRlLHTA
UCpYqWPKVIEB5lVm2UGudwYw,@缶-o9g,24,2年,Member (2 years),,不明,,,17,489,0,2026-09-09 05:37,2026-10-08 00:00,,,https://www.youtube.com/channel/UCpYqWPKVIEB5lVm2UGudwYw
UCsI-kOM6o3cWPbqCdlqUBDA,@ぬるかん-b9x,24,2年,Member (2 years),,不明,,,17,665,0,2026-09-09 05:37,2026-10-06 20:31,,,https://www.youtube.com/channel/UCsI-kOM6o3cWPbqCdlqUBDA
UChSbl0P3ako23XAX6zpoh5A,@カンコ-k3j,24,2年,Member (2 years),,不明,,,17,40,0,2026-09-09 05:37,2026-10-08 00:00,,,https://www.youtube.com/channel/UChSbl0P3ako23XAX6zpoh5A
UCDr-WZLoui7yaMZ1z-8JDdg,@さい-m1b,24,2年,Member (2 years),,不明,,,17,365,0,2026-09-09 05:37,2026-10-08 00:00,,,https://www.youtube.com/channel/UCDr-WZLoui7yaMZ1z-8JDdg
UCA8MfXC1gL5fFlyVeZ95e3A,@Nanaha_7,24,2年,Member (2 years),,不明,,,17,150,0,2026-09-09 05:37,2026-10-08 00:00,,,https://www.youtube.com/channel/UCA8MfXC1gL5fFlyVeZ95e3A
UCubHpCeNEJDD1FLbvNFKKGA,@クーラバ-r7i,24,2年,Member (2 years),,不明,,,17,325,0,2026-09-09 05:37,2026-10-08 00:00,,,https://www.youtube.com/channel/UCubHpCeNEJDD1FLbvNFKKGA
UCbhQ-j8EkbjeuRiqKYXSu1g,@いぬうううう,24,2年,Member (2 years),,不明,,,17,661,0,2026-09-09 05:37,2026-10-08 00:00,,,https://www.youtube.com/channel/UCbhQ-j8EkbjeuRiqKYXSu1g
UCqKK6epEm6q_gYM9-2VMLCw,@うおっち-n3k,24,2年,Member (2 years),,不明,,,17,3507,0,2026-09-09 05:37,2026-10-08 00:00,,,https://www.youtube.com/channel/UCqKK6epEm6q_gYM9-2VMLCw
UC2CTG8OYWb4M7Jhwuv5uZQg,@緋芽-ひめ,24,2年,Member (2 years),,不明,,,17,2155,0,2026-09-09 05:37,2026-10-08 00:00,,,https://www.youtube.com/channel/UC2CTG8OYWb4M7Jhwuv5uZQg
UCF9TCyV_JSwcbMDkQtsWWgA,@ちき-buu621,24,2年,Member (2 years),,不明,,,17,146,0,2026-09-09 05:37,2026-10-08 00:00,,,https://www.youtube.com/channel/UCF9TCyV_JSwcbMDkQtsWWgA
UCUw23Qq8CG6qg6bDIjvHeaw,@洸-kou-0430,24,2年,Member (2 years),,不明,,,17,1027,0,2026-09-09 05:37,2026-10-08 00:00,,,https://www.youtube.com/channel/UCUw23Qq8CG6qg6bDIjvHeaw
UCVYEj8wQutCAOSLIckEQyzA,@しす-n5v,24,2年,Member (2 years),,不明,,,17,1386,0,2026-09-09 05:37,2026-10-08 00:00,,,https://www.youtube.com/channel/UCVYEj8wQutCAOSLIckEQyzA
UC5CzGm1mAjlUXUt9_IDOkRQ,@からし-ice,24,2年,Member (2 years),,不明,,,17,46,0,2026-09-09 05:37,2026-10-08 00:00,,,https://www.youtube.com/channel/UC5CzGm1mAjlUXUt9_IDOkRQ
UCCuPHQQbAngS9tI5jnL34NA,@yuuriiiiiiiiiin,24,2年,Member (2 years),,不明,,,17,313,0,2026-09-09 05:37,2026-10-08 00:00,,,https://www.youtube.com/channel/UCCuPHQQbAngS9tI5jnL34NA
UC7VFyCip8IM5osaeSI0s-EA,@半兎人,24,2年,Member (2 years),,不明,,,17,3004,0,2026-09-09 05:37,2026-10-08 00:00,,,https://www.youtube.com/channel/UC7VFyCip8IM5osaeSI0s-EA
UCb_WnqiCrrEzTU7jFI0EhFQ,@水田ex,24,2年,Member (2 years),,不明,,,17,280,0,2026-09-09 05:37,2026-10-08 00:00,,,https://www.youtube.com/channel/UCb_WnqiCrrEzTU7jFI0EhFQ
UCAc1Jchq_5mURiU5tRmC4Xg,@mu_uu.3,24,2年,Member (2 years),,不明,,,17,803,0,2026-09-09 05:37,2026-10-08 00:00,,,https://www.youtube.com/channel/UCAc1Jchq_5mURiU5tRmC4Xg
UCy4zDlRM0B8YWGoe78qTFGA,@Tanaka_2,24,2年,Member (2 years),,不明,,,16,600,0,2026-09-09 05:37,2026-10-06 20:31,,,https://www.youtube.com/channel/UCy4zDlRM0B8YWGoe78qTFGA
UCDb4zSyE-5kQ5pzUvK6t9bA,@ある-q6g3j,24,2年,Member (2 years),,不明,,,16,49,0,2026-09-09 05:37,2026-10-08 00:00,,,https://www.youtube.com/channel/UCDb4zSyE-5kQ5pzUvK6t9bA
UCmsb_WrwI4zOUOZIIh4bXOw,@ゆず七味,24,2年,Member (2 years),,不明,,,16,279,0,2026-09-09 05:37,2026-10-04 17:40,,,https://www.youtube.com/channel/UCmsb_WrwI4zOUOZIIh4bXOw
UCnpMYOUeJuatuVSasFK395Q,@カラミ-3710,24,2年,Member (2 years),,不明,,,16,496,0,2026-09-09 05:37,2026-10-08 00:00,,,https://www.youtube.com/channel/UCnpMYOUeJuatuVSasFK395Q
UCpxiXQaoLFmKeVvgkDPpXxA,@もっつぁ-mnt,24,2年,Member (2 years),,不明,,,16,1590,0,2026-09-09 05:37,2026-10-06 20:31,,,https://www.youtube.com/channel/UCpxiXQaoLFmKeVvgkDPpXxA
UCKX9kbUQsoTydp67cKBjuJw,@あめみるみる,24,2年,Member (2 years),,不明,,,16,179,0,2026-09-09 05:37,2026-10-08 00:00,,,https://www.youtube.com/channel/UCKX9kbUQsoTydp67cKBjuJw
UC4iXWc8wtlym_4MMjvNQDUg,@こじす,24,2年,Member (2 years),,不明,,,16,60,0,2026-09-09 05:37,2026-10-08 00:00,,,https://www.youtube.com/channel/UC4iXWc8wtlym_4MMjvNQDUg
UC67S-lt3iGraZlYCxEUMazQ,@haru5to2oto3,24,2年,Member (2 years),,不明,,,16,137,0,2026-09-09 05:37,2026-10-06 20:31,,,https://www.youtube.com/channel/UC67S-lt3iGraZlYCxEUMazQ
UCysx-KSshJ4j-zjE1fseEeA,@ST0409,24,2年,Member (2 years),,不明,,,16,342,0,2026-09-09 05:37,2026-10-06 20:31,,,https://www.youtube.com/channel/UCysx-KSshJ4j-zjE1fseEeA
UCJhFwHIpWHPipWRfh-1qF4Q,@りも-s8s,24,2年,Member (2 years),,不明,,,16,709,0,2026-09-09 05:37,2026-10-08 00:00,,,https://www.youtube.com/channel/UCJhFwHIpWHPipWRfh-1qF4Q
UCCEfxIMdOi1WjXKHDKUrg0w,@Greenaaan,24,2年,Member (2 years),,不明,,,16,40,0,2026-09-09 05:37,2026-10-08 00:00,,,https://www.youtube.com/channel/UCCEfxIMdOi1WjXKHDKUrg0w
UCmiU0zNjLcvq7yiVpzgfQZA,@SÜE-sy,24,2年,Member (2 years),,不明,,,16,1165,0,2026-09-09 05:37,2026-10-08 00:00,,,https://www.youtube.com/channel/UCmiU0zNjLcvq7yiVpzgfQZA
UCPDiwN9APGnjmP5u6GqL9UA,@はちる0v0,24,2年,Member (2 years),,不明,,,16,353,0,2026-09-09 05:37,2026-10-08 00:00,,,https://www.youtube.com/channel/UCPDiwN9APGnjmP5u6GqL9UA
UCbWQlSosylH0jLBCEi1UMwQ,@さのささの,24,2年,Member (2 years),,不明,,,16,220,0,2026-09-09 05:37,2026-10-08 00:00,,,https://www.youtube.com/channel/UCbWQlSosylH0jLBCEi1UMwQ
UCqgF8SBhbbfBHmy4BEl8zXA,@くつしたバナナ,24,2年,Member (2 years),,不明,,,16,329,0,2026-09-09 05:37,2026-10-08 00:00,,,https://www.youtube.com/channel/UCqgF8SBhbbfBHmy4BEl8zXA
UCgRwIZ_0wFFQah2wUcwqsQA,@ぽむリボン,24,2年,Member (2 years),,不明,,,16,434,0,2026-09-09 05:37,2026-10-08 00:00,,,https://www.youtube.com/channel/UCgRwIZ_0wFFQah2wUcwqsQA
UCMlrza6zPwraJPmKfXjOe8w,@moncun_o,24,2年,Member (2 years),,不明,,,16,23,0,2026-09-09 05:37,2026-10-08 00:00,,,https://www.youtube.com/channel/UCMlrza6zPwraJPmKfXjOe8w
UCF-AIywgGKLfryNTYOssKsw,@qr8mkn,24,2年,Member (2 years),,不明,,,16,757,0,2026-09-14 07:00,2026-10-08 00:00,,,https://www.youtube.com/channel/UCF-AIywgGKLfryNTYOssKsw
UC4QcRSVqitUK_DVklstdrTg,@user-qr2hb3fe1g,24,2年,Member (2 years),,不明,,,16,464,0,2026-09-14 07:00,2026-10-08 00:00,,,https://www.youtube.com/channel/UC4QcRSVqitUK_DVklstdrTg
UCFaVMS2W6rqy7q2UYn8ffKQ,@kom-gi,24,2年,Member (2 years),,不明,,,16,67,0,2026-09-14 07:00,2026-10-08 00:00,,,https://www.youtube.com/channel/UCFaVMS2W6rqy7q2UYn8ffKQ
UCtIMt6w1M_Jvy-SvdEPORsQ,@0_Y-u-I_0,24,2年,Member (2 years),,不明,,,16,122,0,2026-09-14 07:00,2026-10-08 00:00,,,https://www.youtube.com/channel/UCtIMt6w1M_Jvy-SvdEPORsQ
UCMrRm1KYe8d3pQ_xb-ImL0g,@まどち-t2m,24,2年,Member (2 years),,不明,,,16,138,0,2026-09-15 20:06,2026-10-08 00:00,,,https://www.youtube.com/channel/UCMrRm1KYe8d3pQ_xb-ImL0g
UC0USjRXOFdgnRVcpMURztCQ,@N4meko-r2n,24,2年,Member (2 years),,不明,,,15,780,0,2026-09-09 05:37,2026-10-02 21:00,,,https://www.youtube.com/channel/UC0USjRXOFdgnRVcpMURztCQ
UCjKdQldhTcxMkQNsLvm08cg,@かっぱ-i1d,24,2年,Member (2 years),,不明,,,15,95,0,2026-09-09 05:37,2026-10-08 00:00,,,https://www.youtube.com/channel/UCjKdQldhTcxMkQNsLvm08cg
UC_8749oS1mTbFvGgTnh_Cbw,@ポリンキー山田,24,2年,Member (2 years),,不明,,,15,266,0,2026-09-09 05:37,2026-10-08 00:00,,,https://www.youtube.com/channel/UC_8749oS1mTbFvGgTnh_Cbw
UCbjL2lYv3C3dLqRTG-xkwNA,@うりーあんどまりー,24,2年,Member (2 years),,不明,,,15,51,0,2026-09-09 05:37,2026-10-08 00:00,,,https://www.youtube.com/channel/UCbjL2lYv3C3dLqRTG-xkwNA
UCvADhdR_lmcUQjG6uhMRfXA,@蒼空-t1x,24,2年,Member (2 years),,不明,,,15,518,0,2026-09-09 05:37,2026-10-04 17:40,,,https://www.youtube.com/channel/UCvADhdR_lmcUQjG6uhMRfXA
UCdqxErGMFVrunyu2oiPEjXQ,@まりな-r8f,24,2年,Member (2 years),,不明,,,15,286,0,2026-09-09 05:37,2026-10-08 00:00,,,https://www.youtube.com/channel/UCdqxErGMFVrunyu2oiPEjXQ
UCqdgdcBruMqAyrIXrZOkWFg,@ココアがうめぇ,24,2年,Member (2 years),,不明,,,15,364,0,2026-09-09 05:37,2026-10-08 00:00,,,https://www.youtube.com/channel/UCqdgdcBruMqAyrIXrZOkWFg
UCr7a0quVPJF-cr1zlocAuqQ,@ねお-w8c,24,2年,Member (2 years),,不明,,,15,289,0,2026-09-09 05:37,2026-10-08 00:00,,,https://www.youtube.com/channel/UCr7a0quVPJF-cr1zlocAuqQ
UCvodfY4d4yYHOBhGKOci6wg,@puwapuwa3710,24,2年,Member (2 years),,不明,,,15,199,0,2026-09-09 05:37,2026-10-06 20:31,,,https://www.youtube.com/channel/UCvodfY4d4yYHOBhGKOci6wg
UChHDNtH4QPVbaYDEgEDmTfg,@ゆきんこ_m,24,2年,Member (2 years),,不明,,,15,159,0,2026-09-09 05:37,2026-10-08 00:00,,,https://www.youtube.com/channel/UChHDNtH4QPVbaYDEgEDmTfg
UCONm24hew5ByjwqN8kbbYxA,@にへ-s4c,24,2年,Member (2 years),,不明,,,15,1225,0,2026-09-09 05:37,2026-10-08 00:00,,,https://www.youtube.com/channel/UCONm24hew5ByjwqN8kbbYxA
UC5AUPjJ0EqQXOxx6CIwyt7Q,@rinmaru4086,24,2年,Member (2 years),,不明,,,15,1285,0,2026-09-09 05:37,2026-10-08 00:00,,,https://www.youtube.com/channel/UC5AUPjJ0EqQXOxx6CIwyt7Q
UC6_fzF4Xyr0YmKi4aTVOCdA,@Kao-s16,24,2年,Member (2 years),,不明,,,15,90,0,2026-09-09 05:37,2026-10-08 00:00,,,https://www.youtube.com/channel/UC6_fzF4Xyr0YmKi4aTVOCdA
UCn-sKJkNLInEVtDgYg0ZRCw,@hizuki_a5_0711,24,2年,Member (2 years),,不明,,,15,1174,0,2026-09-14 07:00,2026-10-08 00:00,,,https://www.youtube.com/channel/UCn-sKJkNLInEVtDgYg0ZRCw
UCMJcXhrzmaiqIkTt45rqEoQ,@コウ-w7p,24,2年,Member (2 years),,不明,,,15,1091,0,2026-09-14 07:00,2026-10-08 00:00,,,https://www.youtube.com/channel/UCMJcXhrzmaiqIkTt45rqEoQ
UCyKFry47c3VbBrBKEFgAKHA,@ぴより-j4v,24,2年,Member (2 years),,不明,,,15,58,0,2026-09-15 20:06,2026-10-08 00:00,,,https://www.youtube.com/channel/UCyKFry47c3VbBrBKEFgAKHA
UCTeHpDjuVGYgeqvVOwifFaw,@みぃたん_mi_tan,24,2年,Member (2 years),,不明,,,14,144,0,2026-09-09 05:37,2026-10-03 20:59,,,https://www.youtube.com/channel/UCTeHpDjuVGYgeqvVOwifFaw
UCpJMUmcqjrNZX_-ZfwJv1rA,@アサ-d3g,24,2年,Member (2 years),,不明,,,14,69,0,2026-09-09 05:37,2026-10-04 17:40,,,https://www.youtube.com/channel/UCpJMUmcqjrNZX_-ZfwJv1rA
UC8oGMmSvdjDRcA2JYB-ylzw,@henri_sa106,24,2年,Member (2 years),,不明,,,14,73,0,2026-09-09 05:37,2026-10-08 00:00,,,https://www.youtube.com/channel/UC8oGMmSvdjDRcA2JYB-ylzw
UCeb5KQrEwJA29Xt7ZnN_CqQ,@あん_ちょび,24,2年,Member (2 years),,不明,,,14,34,0,2026-09-09 05:37,2026-10-06 20:31,,,https://www.youtube.com/channel/UCeb5KQrEwJA29Xt7ZnN_CqQ
UCUsHSkkWtMfuF2JPgxWKVCQ,@にこだ,24,2年,Member (2 years),,不明,,,14,61,0,2026-09-09 05:37,2026-10-06 20:31,,,https://www.youtube.com/channel/UCUsHSkkWtMfuF2JPgxWKVCQ
UCbcVIVTSJivTqCTS2T2uNew,@やた_iw,24,2年,Member (2 years),,不明,,,14,363,0,2026-09-09 05:37,2026-10-04 17:40,,,https://www.youtube.com/channel/UCbcVIVTSJivTqCTS2T2uNew
UCMBYa2ZWbYGh8R9WpxVeiCA,@セドミサ,24,2年,Member (2 years),,不明,,,14,59,0,2026-09-09 05:37,2026-10-08 00:00,,,https://www.youtube.com/channel/UCMBYa2ZWbYGh8R9WpxVeiCA
UCYbfIzPOcwCqfeFilA-trOQ,@sakulalala,24,2年,Member (2 years),,不明,,,14,410,0,2026-09-09 05:37,2026-10-08 00:00,,,https://www.youtube.com/channel/UCYbfIzPOcwCqfeFilA-trOQ
UCvg037-rTf8_TJV34QE8Dnw,@ERI-ri6,24,2年,Member (2 years),,不明,,,14,1565,0,2026-09-09 05:37,2026-10-04 17:40,,,https://www.youtube.com/channel/UCvg037-rTf8_TJV34QE8Dnw
UCDSd9qzdidGv1qC_xeDK7FA,@Bianchi_ケイ,24,2年,Member (2 years),,不明,,,14,221,0,2026-09-09 05:37,2026-10-08 00:00,,,https://www.youtube.com/channel/UCDSd9qzdidGv1qC_xeDK7FA
UCG1LY2EHx9gvwVUtJME2P4g,@ゆゆんがゆ,24,2年,Member (2 years),,不明,,,14,261,0,2026-09-09 05:37,2026-10-08 00:00,,,https://www.youtube.com/channel/UCG1LY2EHx9gvwVUtJME2P4g
UC57drKbxpYg_KR69ejya8QQ,@ぽむる-c5w,24,2年,Member (2 years),,不明,,,14,859,0,2026-09-09 05:37,2026-10-06 20:31,,,https://www.youtube.com/channel/UC57drKbxpYg_KR69ejya8QQ
UCHCzdgcqqZXWnV7kIjyv4qg,@ちくわぶ-u1r,24,2年,Member (2 years),,不明,,,14,50,0,2026-09-09 05:37,2026-10-06 20:31,,,https://www.youtube.com/channel/UCHCzdgcqqZXWnV7kIjyv4qg
UCLnAMr6HcKQU8OAzARfEb3w,@yupicooo,24,2年,Member (2 years),,不明,,,14,90,0,2026-09-09 05:37,2026-10-06 20:31,,,https://www.youtube.com/channel/UCLnAMr6HcKQU8OAzARfEb3w
UCywjnOEfThHUV3npkll-ZBA,@ももな茶_28,24,2年,Member (2 years),,不明,,,14,1172,0,2026-09-09 05:37,2026-10-06 20:31,,,https://www.youtube.com/channel/UCywjnOEfThHUV3npkll-ZBA
UCakI8yDaksgksW9o5ncKyyQ,@ここ掘れ鈴木,24,2年,Member (2 years),,不明,,,14,1063,0,2026-09-14 07:00,2026-10-08 00:00,,,https://www.youtube.com/channel/UCakI8yDaksgksW9o5ncKyyQ
UCuFW2xDSYLyf8SfNueHMgqQ,@totemomarui,24,2年,Member (2 years),,不明,,,14,633,0,2026-09-15 20:06,2026-10-08 00:00,,,https://www.youtube.com/channel/UCuFW2xDSYLyf8SfNueHMgqQ
UCy_Al5Dd2fYTk0uAMGEQTlQ,@haru-zh9ou,24,2年,Member (2 years),,不明,,,14,221,0,2026-09-15 20:06,2026-10-08 00:00,,,https://www.youtube.com/channel/UCy_Al5Dd2fYTk0uAMGEQTlQ
UCQWbHk9opq6uLUn_6m4jCyw,@まちゃ-w6f,24,2年,Member (2 years),,不明,,,14,35,0,2026-09-15 20:06,2026-10-08 00:00,,,https://www.youtube.com/channel/UCQWbHk9opq6uLUn_6m4jCyw
UCwgSI6zT4Dqb6xCdBpRwO9Q,@こけ-d8b,24,2年,Member (2 years),,不明,,,14,229,0,2026-09-15 20:06,2026-10-04 17:40,,,https://www.youtube.com/channel/UCwgSI6zT4Dqb6xCdBpRwO9Q
UCMtuHDVUXpp4jVy7RFMKOQg,@ゆきまるもちた,24,2年,Member (2 years),,不明,,,13,406,0,2026-09-09 05:37,2026-10-08 00:00,,,https://www.youtube.com/channel/UCMtuHDVUXpp4jVy7RFMKOQg
UCj842vi_2LQZc1hRIRO494w,@aki41825,24,2年,Member (2 years),,不明,,,13,124,0,2026-09-09 05:37,2026-10-08 00:00,,,https://www.youtube.com/channel/UCj842vi_2LQZc1hRIRO494w
UCz7NxC-PWF_X3fw7HvfvITw,@ATM-ppp,24,2年,Member (2 years),,不明,,,13,69,0,2026-09-09 05:37,2026-10-04 17:40,,,https://www.youtube.com/channel/UCz7NxC-PWF_X3fw7HvfvITw
UCdYT8fhQcLWRyi6yN7cqtZA,@poyuwa_to_00,24,2年,Member (2 years),,不明,,,13,49,0,2026-09-09 05:37,2026-10-08 00:00,,,https://www.youtube.com/channel/UCdYT8fhQcLWRyi6yN7cqtZA
UCdRM-HR4exkaakg2qBpKf4Q,@kemapi-t4k,24,2年,Member (2 years),,不明,,,13,71,0,2026-09-09 05:37,2026-10-06 20:31,,,https://www.youtube.com/channel/UCdRM-HR4exkaakg2qBpKf4Q
UCCujqoLSv2O4lvs_zbAIDWw,@あき-g6r5l,24,2年,Member (2 years),,不明,,,13,541,0,2026-09-09 05:37,2026-10-08 00:00,,,https://www.youtube.com/channel/UCCujqoLSv2O4lvs_zbAIDWw
UCzwKeMFvL3rKoQYDhGaPmnw,@drowsy3131,24,2年,Member (2 years),,不明,,,13,239,0,2026-09-09 05:37,2026-10-08 00:00,,,https://www.youtube.com/channel/UCzwKeMFvL3rKoQYDhGaPmnw
UCFcVd2i83cxo_dqCNZTK7WQ,@つばめex,24,2年,Member (2 years),,不明,,,13,324,0,2026-09-09 05:37,2026-10-06 20:31,,,https://www.youtube.com/channel/UCFcVd2i83cxo_dqCNZTK7WQ
UCSsdIrTjl_gQ0veafCyQgDw,@けまたん-l4g,24,2年,Member (2 years),,不明,,,13,92,0,2026-09-09 05:37,2026-10-04 17:40,,,https://www.youtube.com/channel/UCSsdIrTjl_gQ0veafCyQgDw
UCoz6vra1fmUTRBB1QjSjvAg,@くろーばー221,24,2年,Member (2 years),,不明,,,13,213,0,2026-09-09 05:37,2026-10-06 20:31,,,https://www.youtube.com/channel/UCoz6vra1fmUTRBB1QjSjvAg
UCdgg0jqICIiT73TYOiXIggw,@ゆなぴ-3710,24,2年,Member (2 years),,不明,,,13,40,0,2026-09-09 05:37,2026-10-08 00:00,,,https://www.youtube.com/channel/UCdgg0jqICIiT73TYOiXIggw
UCebNlSjrXxHuU9g36Sa32qw,@ななし_xxx,24,2年,Member (2 years),,不明,,,13,141,2,2026-09-09 05:37,2026-10-04 17:40,,,https://www.youtube.com/channel/UCebNlSjrXxHuU9g36Sa32qw
UCHhLyVG0XXMi3RCZ8ARz1LA,@tamayan2010,24,2年,Member (2 years),,不明,,,13,1344,0,2026-09-09 05:37,2026-10-08 00:00,,,https://www.youtube.com/channel/UCHhLyVG0XXMi3RCZ8ARz1LA
UCq5jlxwR2JhbES_9C0IIFCw,@ディエゴch7,24,2年,Member (2 years),,不明,,,13,350,0,2026-09-14 07:00,2026-10-08 00:00,,,https://www.youtube.com/channel/UCq5jlxwR2JhbES_9C0IIFCw
UCfuKK5bzvCL8xq31JnzdDGA,@lxqr1nn,24,2年,Member (2 years),,不明,,,13,812,0,2026-09-14 07:00,2026-10-08 00:00,,,https://www.youtube.com/channel/UCfuKK5bzvCL8xq31JnzdDGA
UC065Ldcvbq6Uc0Ym9JA2kfg,@双葉-b4m,24,2年,Member (2 years),,不明,,,13,80,0,2026-09-14 07:00,2026-10-08 00:00,,,https://www.youtube.com/channel/UC065Ldcvbq6Uc0Ym9JA2kfg
UC9d1OP-slFuXNbvBHzU-dtA,@rixxxxxxx,24,2年,Member (2 years),,不明,,,13,40,0,2026-09-14 07:00,2026-10-08 00:00,,,https://www.youtube.com/channel/UC9d1OP-slFuXNbvBHzU-dtA
UCu6UQXB_swru60JDluuIM_Q,@annin-f4n,24,2年,Member (2 years),,不明,,,13,140,0,2026-09-14 07:00,2026-10-06 20:31,,,https://www.youtube.com/channel/UCu6UQXB_swru60JDluuIM_Q
UCut8G6q4ezZt6PNW9qw3tnQ,@えすてぃんとぉおお,24,2年,Member (2 years),,不明,,,13,621,0,2026-09-15 20:06,2026-10-08 00:00,,,https://www.youtube.com/channel/UCut8G6q4ezZt6PNW9qw3tnQ
UC1AWzoa0ytCH1m5g3WBep3Q,@おけいちゃん-p6d,24,2年,Member (2 years),,不明,,,12,99,0,2026-09-09 05:37,2026-10-06 20:31,,,https://www.youtube.com/channel/UC1AWzoa0ytCH1m5g3WBep3Q
UCRut5tkUy33WaEsxXXEh_nQ,@ヨッシー-k1g,24,2年,Member (2 years),,不明,,,12,29,0,2026-09-09 05:37,2026-10-04 17:40,,,https://www.youtube.com/channel/UCRut5tkUy33WaEsxXXEh_nQ
UC2CmRfd_vp1768o3DkQdoKw,@user-pl7yw6fo7i,24,2年,Member (2 years),,不明,,,12,53,0,2026-09-09 05:37,2026-10-06 20:31,,,https://www.youtube.com/channel/UC2CmRfd_vp1768o3DkQdoKw
UC_iccgPlob52Px0zbHlK78Q,@らいは-u4h,24,2年,Member (2 years),,不明,,,12,191,0,2026-09-09 05:37,2026-10-08 00:00,,,https://www.youtube.com/channel/UC_iccgPlob52Px0zbHlK78Q
UCDD__QfxOhG7YSwwKdsSbhA,@あーりおおーりおー,24,2年,Member (2 years),,不明,,,12,106,0,2026-09-09 05:37,2026-10-06 20:31,,,https://www.youtube.com/channel/UCDD__QfxOhG7YSwwKdsSbhA
UC1YmeTtVoy41gnyg8akaUrQ,@もちもち-2718,24,2年,Member (2 years),,不明,,,12,45,0,2026-09-09 05:37,2026-10-06 20:31,,,https://www.youtube.com/channel/UC1YmeTtVoy41gnyg8akaUrQ
UCrkYcJ5QjKOt2xskUp_-m8g,@_uniinu,24,2年,Member (2 years),,不明,,,12,617,0,2026-09-09 05:37,2026-10-06 20:31,,,https://www.youtube.com/channel/UCrkYcJ5QjKOt2xskUp_-m8g
UC2qkFXhXRKXdlR6M6SweD2Q,@あすか_O24,24,2年,Member (2 years),,不明,,,12,107,0,2026-09-09 05:37,2026-10-08 00:00,,,https://www.youtube.com/channel/UC2qkFXhXRKXdlR6M6SweD2Q
UCceZLu_4ZJaEeGwdPUDbGjg,@おかき_28333,24,2年,Member (2 years),,不明,,,12,288,0,2026-09-09 05:37,2026-10-08 00:00,,,https://www.youtube.com/channel/UCceZLu_4ZJaEeGwdPUDbGjg
UCl_ca7Vc1xdreGYg3jIjytw,@はつゆ-q7e,24,2年,Member (2 years),,不明,,,12,68,0,2026-09-09 05:37,2026-10-08 00:00,,,https://www.youtube.com/channel/UCl_ca7Vc1xdreGYg3jIjytw
UCtFUghYhyse1u4vqrEJZM9g,@hortensia__,24,2年,Member (2 years),,不明,,,12,35,0,2026-09-14 07:00,2026-10-08 00:00,,,https://www.youtube.com/channel/UCtFUghYhyse1u4vqrEJZM9g
UCfkxz2PpievKqsvl24Dd5eA,@akira-q5q,24,2年,Member (2 years),,不明,,,12,176,0,2026-09-14 07:00,2026-10-06 20:31,,,https://www.youtube.com/channel/UCfkxz2PpievKqsvl24Dd5eA
UCeoA57qScB7bY9d94xWDi8Q,@mmmfff3734,24,2年,Member (2 years),,不明,,,12,49,0,2026-09-14 07:00,2026-10-08 00:00,,,https://www.youtube.com/channel/UCeoA57qScB7bY9d94xWDi8Q
UCaR1KGuKzQUu4QML7PS2ChA,@悠星-y28,24,2年,Member (2 years),,不明,,,12,2160,0,2026-09-15 20:06,2026-10-08 00:00,,,https://www.youtube.com/channel/UCaR1KGuKzQUu4QML7PS2ChA
UCwCEq2gdmRdLarSWbu86p1w,@ちー_oO,24,2年,Member (2 years),,不明,,,12,2430,0,2026-09-15 20:06,2026-10-06 20:31,,,https://www.youtube.com/channel/UCwCEq2gdmRdLarSWbu86p1w
UCM7NU7ZO4J7uaaA_0wFrkGA,@すいら_fea,24,2年,Member (2 years),,不明,,,12,221,0,2026-09-16 05:01,2026-10-08 00:00,,,https://www.youtube.com/channel/UCM7NU7ZO4J7uaaA_0wFrkGA
UCSSz1uFQxc_7Zcvs19amWdQ,@T_Tえりちゃん,24,2年,Member (2 years),,不明,,,11,14,3,2026-09-09 05:37,2026-10-02 21:00,,,https://www.youtube.com/channel/UCSSz1uFQxc_7Zcvs19amWdQ
UCSpYYawmMLqRXtQd1mN1tZg,@OomisakioO0913,24,2年,Member (2 years),,不明,,,11,159,0,2026-09-09 05:37,2026-10-08 00:00,,,https://www.youtube.com/channel/UCSpYYawmMLqRXtQd1mN1tZg
UCiN9y97Uw4jyXy0LWKkiUMg,@mu-mimiy,24,2年,Member (2 years),,不明,,,11,24,0,2026-09-09 05:37,2026-10-08 00:00,,,https://www.youtube.com/channel/UCiN9y97Uw4jyXy0LWKkiUMg
UCdGMQtp53Q8F8iIFdInqR3w,@あっきぃ15,24,2年,Member (2 years),,不明,,,11,71,0,2026-09-09 05:37,2026-10-08 00:00,,,https://www.youtube.com/channel/UCdGMQtp53Q8F8iIFdInqR3w
UClw89E4YEaHITHKH1249Q1A,@suipoya,24,2年,Member (2 years),,不明,,,11,36,0,2026-09-09 05:37,2026-10-08 00:00,,,https://www.youtube.com/channel/UClw89E4YEaHITHKH1249Q1A
UCWI95_Bo7Jx5bXXQshcvd1w,@serico0408,24,2年,Member (2 years),,不明,,,11,104,0,2026-09-09 05:37,2026-10-08 00:00,,,https://www.youtube.com/channel/UCWI95_Bo7Jx5bXXQshcvd1w
UCU9OMJSOwi3IebMQ19JljJw,@azalea_418,24,2年,Member (2 years),,不明,,,11,127,0,2026-09-09 05:37,2026-10-08 00:00,,,https://www.youtube.com/channel/UCU9OMJSOwi3IebMQ19JljJw
UCW2AWKK2E1st7w8m-Ypwuvg,@oimo_suki,24,2年,Member (2 years),,不明,,,11,113,0,2026-09-09 05:37,2026-10-06 20:31,,,https://www.youtube.com/channel/UCW2AWKK2E1st7w8m-Ypwuvg
UCHHo22gDNPI9JpjW-3t3HGg,@りょくちゃ-mng,24,2年,Member (2 years),,不明,,,11,120,0,2026-09-09 05:37,2026-10-08 00:00,,,https://www.youtube.com/channel/UCHHo22gDNPI9JpjW-3t3HGg
UCPJT9YbCT-MFVaxYUYbiEVw,@のぞむ-p9l,24,2年,Member (2 years),,不明,,,11,35,0,2026-09-09 05:37,2026-10-08 00:00,,,https://www.youtube.com/channel/UCPJT9YbCT-MFVaxYUYbiEVw
UCT0T6T49f8tPuzMbvnX35kg,@mimiko_CaramElle,24,2年,Member (2 years),,不明,,,11,422,0,2026-09-09 05:37,2026-10-08 00:00,,,https://www.youtube.com/channel/UCT0T6T49f8tPuzMbvnX35kg
UCNdsvwmuy1uyKnAYwt7e_Lg,@ぽぬん-u4b,24,2年,Member (2 years),,不明,,,11,60,0,2026-09-14 07:00,2026-10-08 00:00,,,https://www.youtube.com/channel/UCNdsvwmuy1uyKnAYwt7e_Lg
UCkgMReW8vU8qi_dotMxjXCg,@わんこつ_nkt152,24,2年,Member (2 years),,不明,,,11,238,0,2026-09-14 07:00,2026-10-06 20:31,,,https://www.youtube.com/channel/UCkgMReW8vU8qi_dotMxjXCg
UCehoImhberdBe9vtv6vSshw,@希-f2n,24,2年,Member (2 years),,不明,,,11,163,0,2026-09-14 07:00,2026-10-08 00:00,,,https://www.youtube.com/channel/UCehoImhberdBe9vtv6vSshw
UCAkOpLysgp9p3usvvIeuTXQ,@黒猫-q1p,24,2年,Member (2 years),,不明,,,11,2040,0,2026-09-15 20:06,2026-10-08 00:00,,,https://www.youtube.com/channel/UCAkOpLysgp9p3usvvIeuTXQ
UCe7mIeitLFqseFm620cb2Eg,@やち-28fw,24,2年,Member (2 years),,不明,,,11,52,0,2026-09-15 20:06,2026-10-08 00:00,,,https://www.youtube.com/channel/UCe7mIeitLFqseFm620cb2Eg
UC-9hha12rMiDbM5fFeYtXSw,@たけまみ-k4y,24,2年,Member (2 years),,不明,,,11,187,0,2026-09-15 20:06,2026-10-08 00:00,,,https://www.youtube.com/channel/UC-9hha12rMiDbM5fFeYtXSw
UCS4BgK7vcVm4GIHgbxIGNOA,@ツツリ22,24,2年,Member (2 years),,不明,,,11,576,0,2026-09-15 20:06,2026-10-08 00:00,,,https://www.youtube.com/channel/UCS4BgK7vcVm4GIHgbxIGNOA
UCzPQgUCD7cwHd5Zmx5rUgEQ,@mp_wa,24,2年,Member (2 years),,不明,,,11,123,0,2026-09-15 20:06,2026-10-06 20:31,,,https://www.youtube.com/channel/UCzPQgUCD7cwHd5Zmx5rUgEQ
UCFAO_X8fuKuVXMmIc9xBB5w,@8m993,24,2年,Member (2 years),,不明,,,11,27,0,2026-09-15 20:06,2026-10-08 00:00,,,https://www.youtube.com/channel/UCFAO_X8fuKuVXMmIc9xBB5w
UCncw4M3fYn1gj3d9PUNo6wg,@ナカリ_28,24,2年,Member (2 years),,不明,,,11,36,0,2026-09-16 05:01,2026-10-08 00:00,,,https://www.youtube.com/channel/UCncw4M3fYn1gj3d9PUNo6wg
UCLGJNoOtRSWzLwh70iXBPZw,@はなちゃpuwa_0214,24,2年,Member (2 years),,不明,,,10,129,0,2026-09-09 05:37,2026-10-08 00:00,,,https://www.youtube.com/channel/UCLGJNoOtRSWzLwh70iXBPZw
UCEMAihvE3jljJ5gCRJzMHDg,@くまのすけ-j8h,24,2年,Member (2 years),,不明,,,10,32,0,2026-09-09 05:37,2026-10-08 00:00,,,https://www.youtube.com/channel/UCEMAihvE3jljJ5gCRJzMHDg
UCXNvAn-CUB3ax6iR_IZBiaA,@すず-e2d,24,2年,Member (2 years),,不明,,,10,15,0,2026-09-09 05:37,2026-10-08 00:00,,,https://www.youtube.com/channel/UCXNvAn-CUB3ax6iR_IZBiaA
UC9VJDfE67-FzPk0XXyJbBog,@ゆす-fw28,24,2年,Member (2 years),,不明,,,10,21,0,2026-09-09 05:37,2026-10-06 20:31,,,https://www.youtube.com/channel/UC9VJDfE67-FzPk0XXyJbBog
UClR2ykp2b1LeJRbuiB25oRg,@つな006,24,2年,Member (2 years),,不明,,,10,85,0,2026-09-09 05:37,2026-10-06 20:31,,,https://www.youtube.com/channel/UClR2ykp2b1LeJRbuiB25oRg
UCO62knTZHUbvJcUYna7tj8g,@寝床-x8l,24,2年,Member (2 years),,不明,,,10,22,0,2026-09-09 05:37,2026-10-08 00:00,,,https://www.youtube.com/channel/UCO62knTZHUbvJcUYna7tj8g
UCRdamDKki1u62LEkwWM7MgQ,@yu_uy384,24,2年,Member (2 years),,不明,,,10,18,0,2026-09-09 05:37,2026-10-06 20:31,,,https://www.youtube.com/channel/UCRdamDKki1u62LEkwWM7MgQ
UChBlD9v8rFxEDsYMcvhBKzw,@相撲初段,24,2年,Member (2 years),,不明,,,10,142,0,2026-09-09 05:37,2026-10-06 20:31,,,https://www.youtube.com/channel/UChBlD9v8rFxEDsYMcvhBKzw
UCTClRJiTFxsVxHr_xpfy1Gw,@情緒ちゃん,24,2年,Member (2 years),,不明,,,10,79,0,2026-09-09 05:37,2026-10-08 00:00,,,https://www.youtube.com/channel/UCTClRJiTFxsVxHr_xpfy1Gw
UCI1G1dtGVQWqfO6546DalVA,@nちゃん-f3h,24,2年,Member (2 years),,不明,,,10,339,0,2026-09-09 05:37,2026-10-08 00:00,,,https://www.youtube.com/channel/UCI1G1dtGVQWqfO6546DalVA
UC53BcPOC9hVcFpiQ-2jbbVw,@海星-n5n,24,2年,Member (2 years),,不明,,,10,23,0,2026-09-14 07:00,2026-10-06 20:31,,,https://www.youtube.com/channel/UC53BcPOC9hVcFpiQ-2jbbVw
UC4FXVxpF7ZIpkLapgvF-aZg,@りょこたん,24,2年,Member (2 years),,不明,,,10,57,0,2026-09-14 07:00,2026-10-06 20:31,,,https://www.youtube.com/channel/UC4FXVxpF7ZIpkLapgvF-aZg
UChyriQ9TelkQ8892mVlXm0w,@わむ-p3j,24,2年,Member (2 years),,不明,,,10,75,0,2026-09-14 07:00,2026-10-04 17:40,,,https://www.youtube.com/channel/UChyriQ9TelkQ8892mVlXm0w
UCBG13iLntvkQm0Fg8H4XbtQ,@oyster-salmon,24,2年,Member (2 years),,不明,,,10,16,0,2026-09-14 07:00,2026-10-08 00:00,,,https://www.youtube.com/channel/UCBG13iLntvkQm0Fg8H4XbtQ
UCSHiK12KwR7AQ-81UHXJQ7g,@みにゃ___418,24,2年,Member (2 years),,不明,,,10,110,0,2026-09-14 07:00,2026-10-08 00:00,,,https://www.youtube.com/channel/UCSHiK12KwR7AQ-81UHXJQ7g
UCgUbhfNgBsQ5EXVwp--3WPw,@fy8013,24,2年,Member (2 years),,不明,,,10,102,0,2026-09-14 07:00,2026-10-06 20:31,,,https://www.youtube.com/channel/UCgUbhfNgBsQ5EXVwp--3WPw
UCDfpUOBR5s11kGv5dpgMoSA,@笹瀬_s,24,2年,Member (2 years),,不明,,,10,39,0,2026-09-14 07:00,2026-10-08 00:00,,,https://www.youtube.com/channel/UCDfpUOBR5s11kGv5dpgMoSA
UC6Xsz7ZRK8UuVEBDsy7n2_g,@user-mc4yz8qy5g,24,2年,Member (2 years),,不明,,,10,25,0,2026-09-14 07:00,2026-10-06 20:31,,,https://www.youtube.com/channel/UC6Xsz7ZRK8UuVEBDsy7n2_g
UC0eVA2dqNmKLoAlw-tyUCww,@かずかず-x6m,24,2年,Member (2 years),,不明,,,10,59,0,2026-09-15 20:06,2026-10-08 00:00,,,https://www.youtube.com/channel/UC0eVA2dqNmKLoAlw-tyUCww
UCZIX4-cPI-X135HXEA7iHjQ,@BluemoonMari75,24,2年,Member (2 years),,不明,,,10,52,0,2026-09-15 20:06,2026-10-06 20:31,,,https://www.youtube.com/channel/UCZIX4-cPI-X135HXEA7iHjQ
UCoAmPKGeuzhAyr1ooxRDOig,@user-jo5pe2np6y,24,2年,Member (2 years),,不明,,,10,723,0,2026-09-15 20:06,2026-10-08 00:00,,,https://www.youtube.com/channel/UCoAmPKGeuzhAyr1ooxRDOig
UCkV0q0WxQxgphg_B2xrHQWw,@なちゅ-g7x,24,2年,Member (2 years),,不明,,,10,510,0,2026-09-15 20:06,2026-10-08 00:00,,,https://www.youtube.com/channel/UCkV0q0WxQxgphg_B2xrHQWw
UChP_3_Ir2Re0XATam105waA,@陸_r1ku,24,2年,Member (2 years),,不明,,,10,103,0,2026-09-15 20:06,2026-10-08 00:00,,,https://www.youtube.com/channel/UChP_3_Ir2Re0XATam105waA
UCI597hmP859A_Z86E1iGJYQ,@fwqz96,24,2年,Member (2 years),,不明,,,10,14,0,2026-09-15 20:06,2026-10-06 20:31,,,https://www.youtube.com/channel/UCI597hmP859A_Z86E1iGJYQ
UCdCGle0tNrQPS4gj2Pdd8Qw,@fuwagusa2434,24,2年,Member (2 years),,不明,,,10,27,0,2026-09-15 20:06,2026-10-04 17:40,,,https://www.youtube.com/channel/UCdCGle0tNrQPS4gj2Pdd8Qw
UC8JmUd-cFcXYUM15GR1FRpw,@sonapipipi,24,2年,Member (2 years),,不明,,,10,13,0,2026-09-15 20:06,2026-10-06 20:31,,,https://www.youtube.com/channel/UC8JmUd-cFcXYUM15GR1FRpw
UCVzxZZFACYYjBwnRbYDGZNw,@あいみ-n1h,24,2年,Member (2 years),,不明,,,10,153,0,2026-09-15 20:06,2026-10-06 20:31,,,https://www.youtube.com/channel/UCVzxZZFACYYjBwnRbYDGZNw
UCvobhEmcMzGj0GrqAZHQe9g,@えむ-s6k,24,2年,Member (2 years),,不明,,,10,124,0,2026-09-15 20:06,2026-10-06 20:31,,,https://www.youtube.com/channel/UCvobhEmcMzGj0GrqAZHQe9g
UCLINXlJWWcSGTq3ltLSZruQ,@helloja1800,24,2年,Member (2 years),,不明,,,9,42,0,2026-09-09 05:37,2026-10-03 20:59,,,https://www.youtube.com/channel/UCLINXlJWWcSGTq3ltLSZruQ
UCXYHvssUbfJ8yuIlUveihow,@aya__o0,24,2年,Member (2 years),,不明,,,9,148,0,2026-09-09 05:37,2026-10-02 21:00,,,https://www.youtube.com/channel/UCXYHvssUbfJ8yuIlUveihow
UCJIVj37ztLI6ZwjT2brtLkA,@Chi_wa_,24,2年,Member (2 years),,不明,,,9,31,0,2026-09-09 05:37,2026-10-08 00:00,,,https://www.youtube.com/channel/UCJIVj37ztLI6ZwjT2brtLkA
UCmu3SAlaB-PvAFR4lOqijEQ,@nara37dayo,24,2年,Member (2 years),,不明,,,9,41,0,2026-09-09 05:37,2026-10-08 00:00,,,https://www.youtube.com/channel/UCmu3SAlaB-PvAFR4lOqijEQ
UCa-vFuKfDTLmk_5slYeZl7g,@もえこ_tan,24,2年,Member (2 years),,不明,,,9,20,0,2026-09-09 05:37,2026-10-04 17:40,,,https://www.youtube.com/channel/UCa-vFuKfDTLmk_5slYeZl7g
UCtOyoUK9uZK_DtkGxxyi7sQ,@まやかし_v,24,2年,Member (2 years),,不明,,,9,51,0,2026-09-09 05:37,2026-10-08 00:00,,,https://www.youtube.com/channel/UCtOyoUK9uZK_DtkGxxyi7sQ
UCZoZxnayFfC2Emt4qlDKlfA,@mippy33,24,2年,Member (2 years),,不明,,,9,59,0,2026-09-09 05:37,2026-09-30 21:03,,,https://www.youtube.com/channel/UCZoZxnayFfC2Emt4qlDKlfA
UCWW2ZTkhizJeRtEJLIBevqA,@Molu-bo8if,24,2年,Member (2 years),,不明,,,9,11,0,2026-09-09 05:37,2026-10-04 17:40,,,https://www.youtube.com/channel/UCWW2ZTkhizJeRtEJLIBevqA
UCkPqsaLLooVsrH1GjvwZocA,@tyosu69,24,2年,Member (2 years),,不明,,,9,25,0,2026-09-09 05:37,2026-10-06 20:31,,,https://www.youtube.com/channel/UCkPqsaLLooVsrH1GjvwZocA
UC9gC5xeD1P1E7of6hauo7vw,@iiiiiiichigomochi,24,2年,Member (2 years),,不明,,,9,132,0,2026-09-09 05:37,2026-10-08 00:00,,,https://www.youtube.com/channel/UC9gC5xeD1P1E7of6hauo7vw
UCoQwBkfRWqSEImsWnPdderQ,@猫てぇてぇ,24,2年,Member (2 years),,不明,,,9,15,0,2026-09-09 05:37,2026-10-08 00:00,,,https://www.youtube.com/channel/UCoQwBkfRWqSEImsWnPdderQ
UCeYno9zd6EnkvXWU6tgbFKQ,@しょうか-u5j,24,2年,Member (2 years),,不明,,,9,327,0,2026-09-09 05:37,2026-10-08 00:00,,,https://www.youtube.com/channel/UCeYno9zd6EnkvXWU6tgbFKQ
UCa2jPzHBTY9dBcbuVBYeU6w,@takashina-o0,24,2年,Member (2 years),,不明,,,9,149,0,2026-09-14 07:00,2026-10-06 20:31,,,https://www.youtube.com/channel/UCa2jPzHBTY9dBcbuVBYeU6w
UCQt22Ep4i2Qsc07gwJEtX1g,@やみぃ-w9g,24,2年,Member (2 years),,不明,,,9,51,0,2026-09-14 07:00,2026-10-06 20:31,,,https://www.youtube.com/channel/UCQt22Ep4i2Qsc07gwJEtX1g
UCOy3SLvFxj9kzbf-cmvEyJQ,@すけ-b2d,24,2年,Member (2 years),,不明,,,9,45,0,2026-09-14 07:00,2026-10-02 21:00,,,https://www.youtube.com/channel/UCOy3SLvFxj9kzbf-cmvEyJQ
UCysxpoie2Tf5Woq146kHSOA,@bebe9552,24,2年,Member (2 years),,不明,,,9,71,0,2026-09-14 07:00,2026-10-04 17:40,,,https://www.youtube.com/channel/UCysxpoie2Tf5Woq146kHSOA
UCSyLBdTTJruIukw7yp2q91A,@uni_chan.,24,2年,Member (2 years),,不明,,,9,15,1,2026-09-14 07:00,2026-10-08 00:00,,,https://www.youtube.com/channel/UCSyLBdTTJruIukw7yp2q91A
UCDJRpq50MwBrNa16tp8nvKw,@ぷぷまる-j7i,24,2年,Member (2 years),,不明,,,9,54,0,2026-09-14 07:00,2026-10-04 17:40,,,https://www.youtube.com/channel/UCDJRpq50MwBrNa16tp8nvKw
UC4FEa7aX3dgPN59CAhiGiwA,@Nasyu_nasi,24,2年,Member (2 years),,不明,,,9,14,0,2026-09-15 20:06,2026-10-06 20:31,,,https://www.youtube.com/channel/UC4FEa7aX3dgPN59CAhiGiwA
UCy-53uifn-ph9V5u6sXpFqw,@もこたん-k5l,24,2年,Member (2 years),,不明,,,9,65,0,2026-09-15 20:06,2026-10-06 20:31,,,https://www.youtube.com/channel/UCy-53uifn-ph9V5u6sXpFqw
UC899GofWrnYFvaeXjr4bDQQ,@kaaaa03,24,2年,Member (2 years),,不明,,,9,10,0,2026-09-15 20:06,2026-10-08 00:00,,,https://www.youtube.com/channel/UC899GofWrnYFvaeXjr4bDQQ
UC_1uTpRSCjP1bSDFa_CwhsQ,@nole6226,24,2年,Member (2 years),,不明,,,9,349,0,2026-09-15 20:06,2026-10-06 20:31,,,https://www.youtube.com/channel/UC_1uTpRSCjP1bSDFa_CwhsQ
UCK41WGCtPBA5VIroEsWHcqA,@まみや-j8y,24,2年,Member (2 years),,不明,,,9,167,0,2026-09-15 20:06,2026-10-08 00:00,,,https://www.youtube.com/channel/UCK41WGCtPBA5VIroEsWHcqA
UCHzg9ZlcEHMqFwmkVf9WrcA,@むぎ-0k_ooz,24,2年,Member (2 years),,不明,,,9,140,0,2026-09-15 20:06,2026-10-08 00:00,,,https://www.youtube.com/channel/UCHzg9ZlcEHMqFwmkVf9WrcA
UCHC2T_XihnpiISoo4X7pgaA,@ikkan-1,24,2年,Member (2 years),,不明,,,9,35,0,2026-09-15 20:06,2026-10-04 17:40,,,https://www.youtube.com/channel/UCHC2T_XihnpiISoo4X7pgaA
UCysA6JV8Zd6Kv5Ioz983Irw,@あおこ-i7b,24,2年,Member (2 years),,不明,,,9,12,0,2026-09-20 18:55,2026-10-04 17:40,,,https://www.youtube.com/channel/UCysA6JV8Zd6Kv5Ioz983Irw
UCzfcM5YOTaynK9PeE9_wmqw,@gomadango7,24,2年,Member (2 years),,不明,,,9,225,0,2026-09-20 18:55,2026-10-06 20:31,,,https://www.youtube.com/channel/UCzfcM5YOTaynK9PeE9_wmqw
UCL7RTDc1DM7x9EM1z3aFiag,@ゆげ-p9t,24,2年,Member (2 years),,不明,,,9,37,0,2026-09-22 22:33,2026-10-08 00:00,,,https://www.youtube.com/channel/UCL7RTDc1DM7x9EM1z3aFiag
UCL7A_n4YAuzyjazlYBYsGug,@リン-m9n,24,2年,Member (2 years),,不明,,,8,31,0,2026-09-09 05:37,2026-10-08 00:00,,,https://www.youtube.com/channel/UCL7A_n4YAuzyjazlYBYsGug
UCi4hnNiKei6RNl6b1UZIz0g,@ゆめもんた,24,2年,Member (2 years),,不明,,,8,19,0,2026-09-09 05:37,2026-10-04 17:40,,,https://www.youtube.com/channel/UCi4hnNiKei6RNl6b1UZIz0g
UCDM3xrBHCMUORnhgWcUZMhw,@マミー5959,24,2年,Member (2 years),,不明,,,8,21,0,2026-09-09 05:37,2026-09-30 21:03,,,https://www.youtube.com/channel/UCDM3xrBHCMUORnhgWcUZMhw
UCir_upqRAQAvUUg4dKpIEYw,@メリン_Me_ring,24,2年,Member (2 years),,不明,,,8,190,0,2026-09-09 05:37,2026-10-06 20:31,,,https://www.youtube.com/channel/UCir_upqRAQAvUUg4dKpIEYw
UCEzFsaUVlLcxejVDUtRtVVA,@鹿波-かなみ,24,2年,Member (2 years),,不明,,,8,83,0,2026-09-09 05:37,2026-10-04 17:40,,,https://www.youtube.com/channel/UCEzFsaUVlLcxejVDUtRtVVA
UCJeL9NW71lHh7-iisEuuSyQ,@ポテト-d2n,24,2年,Member (2 years),,不明,,,8,28,0,2026-09-09 05:37,2026-10-06 20:31,,,https://www.youtube.com/channel/UCJeL9NW71lHh7-iisEuuSyQ
UCtIV178E9JbndvYFgdUwFpg,@clothes_kinu,24,2年,Member (2 years),,不明,,,8,11,0,2026-09-09 05:37,2026-10-04 17:40,,,https://www.youtube.com/channel/UCtIV178E9JbndvYFgdUwFpg
UCAX1cPSNT-x9YCrSLGnyXEw,@おてむ6v6,24,2年,Member (2 years),,不明,,,8,179,0,2026-09-09 05:37,2026-10-06 20:31,,,https://www.youtube.com/channel/UCAX1cPSNT-x9YCrSLGnyXEw
UCi3OHJuazpP2m3h2LzIxbwA,@me____m28,24,2年,Member (2 years),,不明,,,8,31,0,2026-09-14 07:00,2026-10-08 00:00,,,https://www.youtube.com/channel/UCi3OHJuazpP2m3h2LzIxbwA
UCD71ubavQQ_q5MWqZHWbO5w,@久遠-v7k,24,2年,Member (2 years),,不明,,,8,302,0,2026-09-14 07:00,2026-10-08 00:00,,,https://www.youtube.com/channel/UCD71ubavQQ_q5MWqZHWbO5w
UCBcAcx0fOud1oRBn6igPQgQ,@もなか奏-m,24,2年,Member (2 years),,不明,,,8,825,0,2026-09-14 07:00,2026-10-08 00:00,,,https://www.youtube.com/channel/UCBcAcx0fOud1oRBn6igPQgQ
UC7VgehUPWHjSLJV_acmMzog,@yukko_0000,24,2年,Member (2 years),,不明,,,8,48,0,2026-09-14 07:00,2026-10-06 20:31,,,https://www.youtube.com/channel/UC7VgehUPWHjSLJV_acmMzog
UC9JVn_XFfUHguGuXqAArejQ,@iかりんi,24,2年,Member (2 years),,不明,,,8,11,0,2026-09-14 07:00,2026-10-08 00:00,,,https://www.youtube.com/channel/UC9JVn_XFfUHguGuXqAArejQ
UCYQ4lxyRphwkwQi3eOLd9yQ,@Hiro-mif,24,2年,Member (2 years),,不明,,,8,16,0,2026-09-14 07:00,2026-10-06 20:31,,,https://www.youtube.com/channel/UCYQ4lxyRphwkwQi3eOLd9yQ
UCAfIKX-NwgrfjRHet8sN1AQ,@Shiu_しぅ,24,2年,Member (2 years),,不明,,,8,178,0,2026-09-15 20:06,2026-10-08 00:00,,,https://www.youtube.com/channel/UCAfIKX-NwgrfjRHet8sN1AQ
UC6jqIasS0l1aOvxKLDxeMFw,@ゆあ__247,24,2年,Member (2 years),,不明,,,8,24,0,2026-09-15 20:06,2026-10-08 00:00,,,https://www.youtube.com/channel/UC6jqIasS0l1aOvxKLDxeMFw
UC2Owg4EE-OuvIcp-VyVlE4g,@yiyuma-z1w,24,2年,Member (2 years),,不明,,,8,45,0,2026-09-15 20:06,2026-10-04 17:40,,,https://www.youtube.com/channel/UC2Owg4EE-OuvIcp-VyVlE4g
UCRaZt898aafFwrPrWj0FuCQ,@c_yu_,24,2年,Member (2 years),,不明,,,8,201,0,2026-09-15 20:06,2026-10-06 20:31,,,https://www.youtube.com/channel/UCRaZt898aafFwrPrWj0FuCQ
UCPSHb5d4ZeqINZ8IfvFTb9Q,@めいたろう-l3w,24,2年,Member (2 years),,不明,,,8,15,0,2026-09-16 05:01,2026-10-08 00:00,,,https://www.youtube.com/channel/UCPSHb5d4ZeqINZ8IfvFTb9Q
UCFpw82Y_R0BJ6zuVJ5dsnuA,@けちゃっぷ恭介,24,2年,Member (2 years),,不明,,,8,21,0,2026-09-16 05:01,2026-10-03 20:59,,,https://www.youtube.com/channel/UCFpw82Y_R0BJ6zuVJ5dsnuA
UC9p9sbItHSSED4e8tkOcrFA,@mercredihw,24,2年,Member (2 years),,不明,,,8,16,0,2026-09-17 05:05,2026-10-08 00:00,,,https://www.youtube.com/channel/UC9p9sbItHSSED4e8tkOcrFA
UCAXKueTppmxrRg4A0HopWJw,@さしすせそsss,24,2年,Member (2 years),,不明,,,8,255,0,2026-09-17 05:05,2026-10-03 20:59,,,https://www.youtube.com/channel/UCAXKueTppmxrRg4A0HopWJw
UCb-PaVlT10vVXvH_W2apesg,@fuwafuwamayuge,24,2年,Member (2 years),,不明,,,8,35,0,2026-09-17 05:05,2026-10-08 00:00,,,https://www.youtube.com/channel/UCb-PaVlT10vVXvH_W2apesg
UCUiVugCunv0ethKptTh_GDg,@rion022,24,2年,Member (2 years),,不明,,,8,156,0,2026-09-20 18:55,2026-10-08 00:00,,,https://www.youtube.com/channel/UCUiVugCunv0ethKptTh_GDg
UCTGLbM6godx__Hm4_9tDnfQ,@しの-d5l,24,2年,Member (2 years),,不明,,,8,19,0,2026-09-21 05:00,2026-10-08 00:00,,,https://www.youtube.com/channel/UCTGLbM6godx__Hm4_9tDnfQ
UCpSl-bQMNgVjXcL9ZWm2Jcw,@また-sga,24,2年,Member (2 years),,不明,,,7,17,0,2026-09-09 05:37,2026-10-06 20:31,,,https://www.youtube.com/channel/UCpSl-bQMNgVjXcL9ZWm2Jcw
UCjhj05acEZXyOFsfW7cDs4Q,@きょん-i9e,24,2年,Member (2 years),,不明,,,7,38,0,2026-09-09 05:37,2026-10-02 21:00,,,https://www.youtube.com/channel/UCjhj05acEZXyOFsfW7cDs4Q
UCr6V9pGL2K36T_AxRZI6SkA,@有-ゆう,24,2年,Member (2 years),,不明,,,7,20,0,2026-09-09 05:37,2026-10-08 00:00,,,https://www.youtube.com/channel/UCr6V9pGL2K36T_AxRZI6SkA
UCGH82J4U2WBuhq2wxv91o7Q,@つひら,24,2年,Member (2 years),,不明,,,7,19,0,2026-09-09 05:37,2026-10-06 20:31,,,https://www.youtube.com/channel/UCGH82J4U2WBuhq2wxv91o7Q
UCSO0MVjBf2-OfDg0FNT3fFw,@12フレイア01,24,2年,Member (2 years),,不明,,,7,55,0,2026-09-09 05:37,2026-10-08 00:00,,,https://www.youtube.com/channel/UCSO0MVjBf2-OfDg0FNT3fFw
UCiZo8kqm6fnMuzFnxHkU2zA,@そぼろ-u6v,24,2年,Member (2 years),,不明,,,7,103,0,2026-09-09 05:37,2026-09-29 05:00,,,https://www.youtube.com/channel/UCiZo8kqm6fnMuzFnxHkU2zA
UCSDpSx4PhAzU3hEKjzYydzw,@みょん-28,24,2年,Member (2 years),,不明,,,7,11,0,2026-09-09 05:37,2026-09-29 05:00,,,https://www.youtube.com/channel/UCSDpSx4PhAzU3hEKjzYydzw
UCHbkFKb_2YHzlW4-eG24P9Q,@道盛,24,2年,Member (2 years),,不明,,,7,13,0,2026-09-09 05:37,2026-10-08 00:00,,,https://www.youtube.com/channel/UCHbkFKb_2YHzlW4-eG24P9Q
UCUopPEjTBUo0bwLDzmxJ1mA,@こせち_UoxoU,24,2年,Member (2 years),,不明,,,7,14,0,2026-09-09 05:37,2026-10-03 20:59,,,https://www.youtube.com/channel/UCUopPEjTBUo0bwLDzmxJ1mA
UCDvHNHoOnRsoljinkRRa2_w,@よるる-n8v,24,2年,Member (2 years),,不明,,,7,165,0,2026-09-09 05:37,2026-10-04 17:40,,,https://www.youtube.com/channel/UCDvHNHoOnRsoljinkRRa2_w
UCGxnPavoAwcw_B-zNefbdmg,@なる_333,24,2年,Member (2 years),,不明,,,7,10,0,2026-09-14 07:00,2026-09-29 05:00,,,https://www.youtube.com/channel/UCGxnPavoAwcw_B-zNefbdmg
UCyyvvvigjTRRP3aQKC1-0jA,@Egg_paan,24,2年,Member (2 years),,不明,,,7,29,0,2026-09-14 07:00,2026-10-08 00:00,,,https://www.youtube.com/channel/UCyyvvvigjTRRP3aQKC1-0jA
UC7dXn8yFUpmKM-VknpD6aFA,@タンスの角と和解,24,2年,Member (2 years),,不明,,,7,237,0,2026-09-14 07:00,2026-10-08 00:00,,,https://www.youtube.com/channel/UC7dXn8yFUpmKM-VknpD6aFA
UCFgLYo2zl53brxZBzewM3xA,@イモのタネ,24,2年,Member (2 years),,不明,,,7,10,0,2026-09-14 07:00,2026-10-08 00:00,,,https://www.youtube.com/channel/UCFgLYo2zl53brxZBzewM3xA
UCwRFEPObThHeFy3jAlL1LOQ,@hainennen,24,2年,Member (2 years),,不明,,,7,76,0,2026-09-14 07:00,2026-10-06 20:31,,,https://www.youtube.com/channel/UCwRFEPObThHeFy3jAlL1LOQ
UCqVtKGBGLm0uoJnDuWJJHQQ,@ぺち428,24,2年,Member (2 years),,不明,,,7,17,0,2026-09-14 07:00,2026-10-06 20:31,,,https://www.youtube.com/channel/UCqVtKGBGLm0uoJnDuWJJHQQ
UCp0ZfHNr5g4jUZPEtCNENqA,@rey4557,24,2年,Member (2 years),,不明,,,7,34,0,2026-09-15 20:06,2026-10-08 00:00,,,https://www.youtube.com/channel/UCp0ZfHNr5g4jUZPEtCNENqA
UCi6sVv4lOOm_HWiES4nSmUg,@ビスコッティ-r5r,24,2年,Member (2 years),,不明,,,7,70,0,2026-09-15 20:06,2026-10-08 00:00,,,https://www.youtube.com/channel/UCi6sVv4lOOm_HWiES4nSmUg
UClKwNK6yd71Z7aveX54up2A,@ゆちゃまる-r2j,24,2年,Member (2 years),,不明,,,7,67,0,2026-09-15 20:06,2026-10-08 00:00,,,https://www.youtube.com/channel/UClKwNK6yd71Z7aveX54up2A
UCYWEhg42-vS68jszxxAKiIA,@OKOMEisSAIKOU.,24,2年,Member (2 years),,不明,,,7,95,0,2026-09-15 20:06,2026-10-08 00:00,,,https://www.youtube.com/channel/UCYWEhg42-vS68jszxxAKiIA
UCO1nYCwtV6G-kE0Mki5zZXA,@mIku-h6b,24,2年,Member (2 years),,不明,,,7,21,0,2026-09-15 20:06,2026-10-06 20:31,,,https://www.youtube.com/channel/UCO1nYCwtV6G-kE0Mki5zZXA
UCT03eAEdZuzDmMm1rhtgEEg,@Eliot-xj2nu,24,2年,Member (2 years),,不明,,,7,49,0,2026-09-20 18:55,2026-10-06 20:31,,,https://www.youtube.com/channel/UCT03eAEdZuzDmMm1rhtgEEg
UC5vqZ1oLwOA6wL9G-mFVJaQ,@ステルスおばさん,24,2年,Member (2 years),,不明,,,7,23,0,2026-09-22 22:33,2026-10-06 20:31,,,https://www.youtube.com/channel/UC5vqZ1oLwOA6wL9G-mFVJaQ
UCeiGr_jPxwEInLc3Q-MoJjQ,@pico-min,24,2年,Member (2 years),,不明,,,6,7,0,2026-09-09 05:37,2026-10-06 20:31,,,https://www.youtube.com/channel/UCeiGr_jPxwEInLc3Q-MoJjQ
UCq-Fn4Hhm0Nf1vKsGMqM2yw,@ぷわぼん-f2v,24,2年,Member (2 years),,不明,,,6,13,0,2026-09-09 05:37,2026-10-08 00:00,,,https://www.youtube.com/channel/UCq-Fn4Hhm0Nf1vKsGMqM2yw
UCgM8dx35F5aIO077Uav-KNg,@yoikotaro_,24,2年,Member (2 years),,不明,,,6,6,0,2026-09-09 05:37,2026-09-30 21:03,,,https://www.youtube.com/channel/UCgM8dx35F5aIO077Uav-KNg
UC36-N2dyB93CFr-9vH41lMQ,@ぷれ-c3h,24,2年,Member (2 years),,不明,,,6,82,0,2026-09-09 05:37,2026-10-08 00:00,,,https://www.youtube.com/channel/UC36-N2dyB93CFr-9vH41lMQ
UCQx0715Lyg1cklvjtifc49g,@sasatu1120,24,2年,Member (2 years),,不明,,,6,12,0,2026-09-09 05:37,2026-10-06 20:31,,,https://www.youtube.com/channel/UCQx0715Lyg1cklvjtifc49g
UCtwzswyBP1XQ3tzgj_dLHOw,@user-bb7lu4dz6x,24,2年,Member (2 years),,不明,,,6,9,0,2026-09-09 05:37,2026-10-04 17:40,,,https://www.youtube.com/channel/UCtwzswyBP1XQ3tzgj_dLHOw
UCSevYXmSOC3uvDK4QNh8x-A,@さしゆ-f3e,24,2年,Member (2 years),,不明,,,6,17,0,2026-09-09 05:37,2026-10-08 00:00,,,https://www.youtube.com/channel/UCSevYXmSOC3uvDK4QNh8x-A
UCH9hIwxHx36lCT0awY1Jasw,@さっちん-w6i,24,2年,Member (2 years),,不明,,,6,30,0,2026-09-09 05:37,2026-10-03 20:59,,,https://www.youtube.com/channel/UCH9hIwxHx36lCT0awY1Jasw
UCLFTkuKEl4No9jMSUIwgWiA,@sui_rou,24,2年,Member (2 years),,不明,,,6,40,0,2026-09-09 05:37,2026-10-06 20:31,,,https://www.youtube.com/channel/UCLFTkuKEl4No9jMSUIwgWiA
UC1GP_C3onDXRMakaI882siA,@yuu-m21,24,2年,Member (2 years),,不明,,,6,8,0,2026-09-09 05:37,2026-10-08 00:00,,,https://www.youtube.com/channel/UC1GP_C3onDXRMakaI882siA
UChYRbbMBvHlmWAU8j_RL2mw,@aya_54128,24,2年,Member (2 years),,不明,,,6,110,0,2026-09-09 05:37,2026-10-06 20:31,,,https://www.youtube.com/channel/UChYRbbMBvHlmWAU8j_RL2mw
UCKujMp-3MT-GbpnPXofz-qw,@つづる-d6h,24,2年,Member (2 years),,不明,,,6,18,0,2026-09-09 05:37,2026-10-08 00:00,,,https://www.youtube.com/channel/UCKujMp-3MT-GbpnPXofz-qw
UCpqeRBhp8OeG09ArIPieEEQ,@ひい-o9g,24,2年,Member (2 years),,不明,,,6,51,0,2026-09-14 07:00,2026-10-04 17:40,,,https://www.youtube.com/channel/UCpqeRBhp8OeG09ArIPieEEQ
UC--nMMYIKCBpEbNvcdsh0ZQ,@tsuki632,24,2年,Member (2 years),,不明,,,6,37,0,2026-09-14 07:00,2026-10-08 00:00,,,https://www.youtube.com/channel/UC--nMMYIKCBpEbNvcdsh0ZQ
UCJj-tXdJBS5UlAABrpdAaeA,@mmm_2108,24,2年,Member (2 years),,不明,,,6,8,0,2026-09-14 07:00,2026-10-06 20:31,,,https://www.youtube.com/channel/UCJj-tXdJBS5UlAABrpdAaeA
UCiThunfgYBPeJs1tyCG1WMQ,@しゅうりsyuri_camellia,24,2年,Member (2 years),,不明,,,6,43,0,2026-09-14 07:00,2026-10-08 00:00,,,https://www.youtube.com/channel/UCiThunfgYBPeJs1tyCG1WMQ
UCBQwz2k088UpFzqcTohQX5w,@Ikaayaki,24,2年,Member (2 years),,不明,,,6,33,0,2026-09-14 07:00,2026-10-04 17:40,,,https://www.youtube.com/channel/UCBQwz2k088UpFzqcTohQX5w
UCJeNiY7SJT_e6_85mMPptuQ,@fuwapinch,24,2年,Member (2 years),,不明,,,6,23,0,2026-09-14 07:00,2026-10-08 00:00,,,https://www.youtube.com/channel/UCJeNiY7SJT_e6_85mMPptuQ
UCMrost4bDec8FLe9oiN7_9g,@みやび-l6f,24,2年,Member (2 years),,不明,,,6,31,0,2026-09-15 20:06,2026-10-04 17:40,,,https://www.youtube.com/channel/UCMrost4bDec8FLe9oiN7_9g
UCw76HdBnKx4Ko9IkJwEZqdA,@Rin-ih7ks,24,2年,Member (2 years),,不明,,,6,7,0,2026-09-15 20:06,2026-10-04 17:40,,,https://www.youtube.com/channel/UCw76HdBnKx4Ko9IkJwEZqdA
UC7FXG-lTvKyg4cRxFDXtHtg,@Yuki-ed7qn,24,2年,Member (2 years),,不明,,,6,228,0,2026-09-15 20:06,2026-10-06 20:31,,,https://www.youtube.com/channel/UC7FXG-lTvKyg4cRxFDXtHtg
UCaZKWhGVC_zCE3ABVYuf-vA,@furawa_0901,24,2年,Member (2 years),,不明,,,6,8,0,2026-09-15 20:06,2026-10-04 17:40,,,https://www.youtube.com/channel/UCaZKWhGVC_zCE3ABVYuf-vA
UCBJOq_XLvaWH9xyKE8cUKmg,@hime_ka_0,24,2年,Member (2 years),,不明,,,6,6,0,2026-09-15 20:06,2026-10-04 17:40,,,https://www.youtube.com/channel/UCBJOq_XLvaWH9xyKE8cUKmg
UC9sFQMiLzrAB1891q4NgS1g,@reonnuuu,24,2年,Member (2 years),,不明,,,6,9,0,2026-09-16 05:01,2026-10-06 20:31,,,https://www.youtube.com/channel/UC9sFQMiLzrAB1891q4NgS1g
UCMEOyyaBgCQsVLbUrVOEmUw,@みき-f4h,24,2年,Member (2 years),,不明,,,6,19,0,2026-09-16 05:01,2026-10-04 17:40,,,https://www.youtube.com/channel/UCMEOyyaBgCQsVLbUrVOEmUw
UCMbj8cLHxOg4vHCns-V92rg,@nana-eo3nd,24,2年,Member (2 years),,不明,,,6,9,0,2026-09-17 05:05,2026-10-06 20:31,,,https://www.youtube.com/channel/UCMbj8cLHxOg4vHCns-V92rg
UCK8gyy7tKwms0cpcXtDLR-A,@ver6911,24,2年,Member (2 years),,不明,,,6,16,0,2026-09-17 05:05,2026-10-06 20:31,,,https://www.youtube.com/channel/UCK8gyy7tKwms0cpcXtDLR-A
UCfl_uRXYntL3Pq8KYSspaEQ,@Sugar_418.,24,2年,Member (2 years),,不明,,,6,6,0,2026-09-20 18:55,2026-10-08 00:00,,,https://www.youtube.com/channel/UCfl_uRXYntL3Pq8KYSspaEQ
UCVOAGvwo9hi1MkIpCW6WBQw,@あいたなちゃん,24,2年,Member (2 years),,不明,,,6,9,0,2026-09-21 05:00,2026-10-06 20:31,,,https://www.youtube.com/channel/UCVOAGvwo9hi1MkIpCW6WBQw
UCyxCipqhsMO9a1YMsFkN-zQ,@milmil_0418,24,2年,Member (2 years),,不明,,,6,44,0,2026-09-22 22:33,2026-10-08 00:00,,,https://www.youtube.com/channel/UCyxCipqhsMO9a1YMsFkN-zQ
UCZzgFJXinCy7ufDtnPfqiWg,@runana_o3,24,2年,Member (2 years),,不明,,,5,12,0,2026-09-09 05:37,2026-09-29 05:00,,,https://www.youtube.com/channel/UCZzgFJXinCy7ufDtnPfqiWg
UCxnptfISGMXF9Sj8HVRQlAQ,@evミルフィーユ1121,24,2年,Member (2 years),,不明,,,5,27,0,2026-09-09 05:37,2026-10-06 20:31,,,https://www.youtube.com/channel/UCxnptfISGMXF9Sj8HVRQlAQ
UCcT4-7uIXthUZdRWD8w0xJA,@adachi_taro,24,2年,Member (2 years),,不明,,,5,27,0,2026-09-09 05:37,2026-10-04 17:40,,,https://www.youtube.com/channel/UCcT4-7uIXthUZdRWD8w0xJA
UCBP--CkPfwzVC6M9z3Py2gQ,@さよsa-yo38,24,2年,Member (2 years),,不明,,,5,45,0,2026-09-14 07:00,2026-10-08 00:00,,,https://www.youtube.com/channel/UCBP--CkPfwzVC6M9z3Py2gQ
UCq2Rmif0HoixFUOJQ6cTJDQ,@ユキ-p8d,24,2年,Member (2 years),,不明,,,5,17,0,2026-09-14 07:00,2026-10-04 17:40,,,https://www.youtube.com/channel/UCq2Rmif0HoixFUOJQ6cTJDQ
UCzTiEfGxLqNera5HEx4Fepg,@ねぷむ,24,2年,Member (2 years),,不明,,,5,14,0,2026-09-14 07:00,2026-10-08 00:00,,,https://www.youtube.com/channel/UCzTiEfGxLqNera5HEx4Fepg
UC1BIgudwPrGtngN2KjfjMhA,@芥子ch,24,2年,Member (2 years),,不明,,,5,6,0,2026-09-14 07:00,2026-10-04 17:40,,,https://www.youtube.com/channel/UC1BIgudwPrGtngN2KjfjMhA
UC3HPo4bszpU6TlRf0rpXUQA,@ヒナタ-i5y,24,2年,Member (2 years),,不明,,,5,10,0,2026-09-14 07:00,2026-10-06 20:31,,,https://www.youtube.com/channel/UC3HPo4bszpU6TlRf0rpXUQA
UCQZ-LYoGanMBMUc-KQUeaVA,@梨亜_ria0126,24,2年,Member (2 years),,不明,,,5,10,0,2026-09-14 07:00,2026-10-03 20:59,,,https://www.youtube.com/channel/UCQZ-LYoGanMBMUc-KQUeaVA
UCtWmiKqDtl4syuRLWHzVpcQ,@おにくpw,24,2年,Member (2 years),,不明,,,5,8,0,2026-09-14 07:00,2026-09-26 05:01,,,https://www.youtube.com/channel/UCtWmiKqDtl4syuRLWHzVpcQ
UCwBJx3gVQ7gIqqEsCaXb5bQ,@ふさ-fu,24,2年,Member (2 years),,不明,,,5,178,0,2026-09-14 07:00,2026-10-08 00:00,,,https://www.youtube.com/channel/UCwBJx3gVQ7gIqqEsCaXb5bQ
UCbf3_cZ6qiy08UY7dLR5dVA,@p-s4j,24,2年,Member (2 years),,不明,,,5,13,0,2026-09-14 07:00,2026-10-06 20:31,,,https://www.youtube.com/channel/UCbf3_cZ6qiy08UY7dLR5dVA
UChSKUHEyyMYzGUwdstu7h6g,@ひつじ-j7j5r,24,2年,Member (2 years),,不明,,,5,8,0,2026-09-14 07:00,2026-10-06 20:31,,,https://www.youtube.com/channel/UChSKUHEyyMYzGUwdstu7h6g
UCNBvh7umLM7oTUtN8f4lfCA,@bemysalmon,24,2年,Member (2 years),,不明,,,5,18,0,2026-09-14 07:00,2026-09-29 05:00,,,https://www.youtube.com/channel/UCNBvh7umLM7oTUtN8f4lfCA
UCW43zb9u65KkJzSWf54370g,@にゃにゃ-h4f,24,2年,Member (2 years),,不明,,,5,26,0,2026-09-15 20:06,2026-10-08 00:00,,,https://www.youtube.com/channel/UCW43zb9u65KkJzSWf54370g
UClaB6XzNWW0WwbSnz2FMSPA,@おさかな一等賞,24,2年,Member (2 years),,不明,,,5,50,0,2026-09-15 20:06,2026-10-06 20:31,,,https://www.youtube.com/channel/UClaB6XzNWW0WwbSnz2FMSPA
UCN9J0OQcn_NCPBkHKBtB_SQ,@fua9525,24,2年,Member (2 years),,不明,,,5,10,0,2026-09-15 20:06,2026-10-06 20:31,,,https://www.youtube.com/channel/UCN9J0OQcn_NCPBkHKBtB_SQ
UCUgfSu1qc3x8GYqckFLcvLA,@ののここ.0,24,2年,Member (2 years),,不明,,,5,63,0,2026-09-15 20:06,2026-10-06 20:31,,,https://www.youtube.com/channel/UCUgfSu1qc3x8GYqckFLcvLA
UCtOqU_txAIkcXgDoEE8tRJw,@ももも-t5c,24,2年,Member (2 years),,不明,,,5,17,0,2026-09-15 20:06,2026-10-08 00:00,,,https://www.youtube.com/channel/UCtOqU_txAIkcXgDoEE8tRJw
UC33nq9YMvfqT1s3WaaKHDIw,@Lo-cn8ic,24,2年,Member (2 years),,不明,,,5,7,0,2026-09-15 20:06,2026-10-06 20:31,,,https://www.youtube.com/channel/UC33nq9YMvfqT1s3WaaKHDIw
UCYT2NXziE8Cb72ycxHkVF_A,@goriramtd4524,24,2年,Member (2 years),,不明,,,5,14,0,2026-09-16 05:01,2026-09-29 05:00,,,https://www.youtube.com/channel/UCYT2NXziE8Cb72ycxHkVF_A
UCoXtFPUVlUac8kvVnzf6GnA,@おからまる,24,2年,Member (2 years),,不明,,,5,5,0,2026-09-17 05:05,2026-09-30 21:03,,,https://www.youtube.com/channel/UCoXtFPUVlUac8kvVnzf6GnA
UCbZzcXFV0kiPFfmVYCA1rsw,@African_corn_lily,24,2年,Member (2 years),,不明,,,5,19,0,2026-09-17 05:05,2026-10-04 17:40,,,https://www.youtube.com/channel/UCbZzcXFV0kiPFfmVYCA1rsw
UCl0pIlDP-jaZ_PcEnCkNy5A,@R1n0_23,24,2年,Member (2 years),,不明,,,5,8,0,2026-09-17 05:05,2026-10-06 20:31,,,https://www.youtube.com/channel/UCl0pIlDP-jaZ_PcEnCkNy5A
UC9m4ctEFszMsJPqHee06AIw,@malico2579,24,2年,Member (2 years),,不明,,,5,7,0,2026-09-17 05:05,2026-10-06 20:31,,,https://www.youtube.com/channel/UC9m4ctEFszMsJPqHee06AIw
UCfgqiy83WUH-x_yamXtKBiw,@のぞみ-h7e,24,2年,Member (2 years),,不明,,,5,11,0,2026-09-20 18:55,2026-10-04 17:40,,,https://www.youtube.com/channel/UCfgqiy83WUH-x_yamXtKBiw
UCZBDjHnleLLYGpPOpSih-6Q,@ゆか_1O8,24,2年,Member (2 years),,不明,,,5,138,0,2026-09-22 22:33,2026-10-08 00:00,,,https://www.youtube.com/channel/UCZBDjHnleLLYGpPOpSih-6Q
UCcuR4rr7bpyeVvA9b8v4rkg,@きら_もも,24,2年,Member (2 years),,不明,,,5,12,0,2026-09-22 22:33,2026-10-03 20:59,,,https://www.youtube.com/channel/UCcuR4rr7bpyeVvA9b8v4rkg
UC7RYD5dnc01e6B8Qm5YXHcw,@Daifuku7584,24,2年,Member (2 years),,不明,,,5,19,0,2026-09-30 21:03,2026-10-08 00:00,,,https://www.youtube.com/channel/UC7RYD5dnc01e6B8Qm5YXHcw
UCyw92bryNFa_mlVMZxpsqiA,@あすか-r3w,24,2年,Member (2 years),,不明,,,4,9,0,2026-09-09 05:37,2026-09-30 21:03,,,https://www.youtube.com/channel/UCyw92bryNFa_mlVMZxpsqiA
UCfJKnP7qprPOdyrYDU56NFw,@greenmaple-w8x,24,2年,Member (2 years),,不明,,,4,13,0,2026-09-09 05:37,2026-09-30 21:03,,,https://www.youtube.com/channel/UCfJKnP7qprPOdyrYDU56NFw
UCoZr1rsDwUvE_SBU4q2iXIg,@ethaneulune,24,2年,Member (2 years),,不明,,,4,52,0,2026-09-09 05:37,2026-09-29 05:00,,,https://www.youtube.com/channel/UCoZr1rsDwUvE_SBU4q2iXIg
UCRLmmBxP54roNldVpYxJOIQ,@namu9502,24,2年,Member (2 years),,不明,,,4,5,0,2026-09-09 05:37,2026-09-22 22:33,,,https://www.youtube.com/channel/UCRLmmBxP54roNldVpYxJOIQ
UCYajAqf8oL0HhEN4KNb_4_Q,@いあちゃん222,24,2年,Member (2 years),,不明,,,4,5,0,2026-09-09 05:37,2026-10-06 20:31,,,https://www.youtube.com/channel/UCYajAqf8oL0HhEN4KNb_4_Q
UCL4E1YunFg3UkyNbWsjgkkA,@ゃご,24,2年,Member (2 years),,不明,,,4,11,0,2026-09-09 05:37,2026-09-26 05:01,,,https://www.youtube.com/channel/UCL4E1YunFg3UkyNbWsjgkkA
UCARlLRiji93OXet3oYmHgMQ,@midwifeprince1515,24,2年,Member (2 years),,不明,,,4,11,0,2026-09-09 05:37,2026-09-26 05:01,,,https://www.youtube.com/channel/UCARlLRiji93OXet3oYmHgMQ
UCpfgvJmqN5YjN43iumO7gsg,@まいたけ-s7c,24,2年,Member (2 years),,不明,,,4,5,0,2026-09-09 05:37,2026-09-17 05:05,,,https://www.youtube.com/channel/UCpfgvJmqN5YjN43iumO7gsg
UCLD1pgnU6vXnSYJPGGCMb2w,@nanebiozouni1333,24,2年,Member (2 years),,不明,,,4,14,0,2026-09-09 05:37,2026-09-21 05:00,,,https://www.youtube.com/channel/UCLD1pgnU6vXnSYJPGGCMb2w
UC9bL21UOfwTZ8dFy4qhf4Fw,@s1ro926,24,2年,Member (2 years),,不明,,,4,53,0,2026-09-09 05:37,2026-09-17 05:05,,,https://www.youtube.com/channel/UC9bL21UOfwTZ8dFy4qhf4Fw
UChkRicMglh0v1Vd0EpHVQ1w,@ありんこんこ,24,2年,Member (2 years),,不明,,,4,7,0,2026-09-09 05:37,2026-10-04 17:40,,,https://www.youtube.com/channel/UChkRicMglh0v1Vd0EpHVQ1w
UCZIpNqPbEsiIMT2A1Q9qLWA,@もんもん-i1y,24,2年,Member (2 years),,不明,,,4,12,0,2026-09-09 05:37,2026-09-20 18:55,,,https://www.youtube.com/channel/UCZIpNqPbEsiIMT2A1Q9qLWA
UCMwmRozF7zVOvgweugOQg3g,@Risa_x_x,24,2年,Member (2 years),,不明,,,4,95,0,2026-09-09 05:37,2026-10-08 00:00,,,https://www.youtube.com/channel/UCMwmRozF7zVOvgweugOQg3g
UC4TI9mNbvM5pmsqN6RuQyFw,@りる_r2,24,2年,Member (2 years),,不明,,,4,37,0,2026-09-09 05:37,2026-09-30 21:03,,,https://www.youtube.com/channel/UC4TI9mNbvM5pmsqN6RuQyFw
UCuYSSXDk0QNzgS5eyTUt_Lg,@まいなす_B,24,2年,Member (2 years),,不明,,,4,6,0,2026-09-09 05:37,2026-09-17 05:05,,,https://www.youtube.com/channel/UCuYSSXDk0QNzgS5eyTUt_Lg
UC3_6AfrZ7cAFlu9sIoEfl7g,@niko0maru0,24,2年,Member (2 years),,不明,,,4,8,0,2026-09-09 05:37,2026-10-01 20:48,,,https://www.youtube.com/channel/UC3_6AfrZ7cAFlu9sIoEfl7g
UCGrdBUuKWfQq9JSVsXAUOpw,@yukikosnow210,24,2年,Member (2 years),,不明,,,4,13,0,2026-09-09 05:37,2026-10-06 20:31,,,https://www.youtube.com/channel/UCGrdBUuKWfQq9JSVsXAUOpw
UCteE22Ks-tcRBSdlIn-wlKw,@opheliamadamada,24,2年,Member (2 years),,不明,,,4,64,0,2026-09-09 05:37,2026-10-04 17:40,,,https://www.youtube.com/channel/UCteE22Ks-tcRBSdlIn-wlKw
UCBPJKzTzI5pbq-S4iTztiRw,@kokukyo001,24,2年,Member (2 years),,不明,,,4,14,0,2026-09-09 05:37,2026-10-08 00:00,,,https://www.youtube.com/channel/UCBPJKzTzI5pbq-S4iTztiRw
UCHfKvmuzmefxlRmfExSNs0Q,@Qwe9we,24,2年,Member (2 years),,不明,,,4,23,0,2026-09-14 07:00,2026-09-21 05:00,,,https://www.youtube.com/channel/UCHfKvmuzmefxlRmfExSNs0Q
UCf-MF44K9OzTGtzCV5npuJQ,@ナナナ_78,24,2年,Member (2 years),,不明,,,4,4,0,2026-09-14 07:00,2026-10-02 21:00,,,https://www.youtube.com/channel/UCf-MF44K9OzTGtzCV5npuJQ
UC55CUbvPVWGX6B1PajAMRKQ,@shucreamdal,24,2年,Member (2 years),,不明,,,4,5,0,2026-09-14 07:00,2026-10-06 20:31,,,https://www.youtube.com/channel/UC55CUbvPVWGX6B1PajAMRKQ
UCwg5IgeSktv8WI-RFcPfdUA,@日色-f8r,24,2年,Member (2 years),,不明,,,4,8,0,2026-09-14 07:00,2026-10-04 17:40,,,https://www.youtube.com/channel/UCwg5IgeSktv8WI-RFcPfdUA
UChfW7JOPW--9HNwQnJhVMHA,@mikuro-rabbit,24,2年,Member (2 years),,不明,,,4,17,0,2026-09-14 07:00,2026-09-22 22:33,,,https://www.youtube.com/channel/UChfW7JOPW--9HNwQnJhVMHA
UC-TO7sqAD2zThUZhnjobKxQ,@myammas,24,2年,Member (2 years),,不明,,,4,6,0,2026-09-14 07:00,2026-10-06 20:31,,,https://www.youtube.com/channel/UC-TO7sqAD2zThUZhnjobKxQ
UCbFt-tVg3JruF4McdUUCzLw,@とまとまとまと-k7k,24,2年,Member (2 years),,不明,,,4,15,0,2026-09-14 07:00,2026-10-06 20:31,,,https://www.youtube.com/channel/UCbFt-tVg3JruF4McdUUCzLw
UCxaGIRWZGdZh24_YfmVtDNw,@sakkusaku_9,24,2年,Member (2 years),,不明,,,4,13,0,2026-09-14 07:00,2026-10-06 20:31,,,https://www.youtube.com/channel/UCxaGIRWZGdZh24_YfmVtDNw
UCcU6mhp4OoAYacfiAzR9Wlw,@placenta-oi3qr,24,2年,Member (2 years),,不明,,,4,8,0,2026-09-14 07:00,2026-09-26 05:01,,,https://www.youtube.com/channel/UCcU6mhp4OoAYacfiAzR9Wlw
UCdgWlaFJR1rwnQIzXrRqZrQ,@いぬねこ星の民,24,2年,Member (2 years),,不明,,,4,21,0,2026-09-14 07:00,2026-09-22 22:33,,,https://www.youtube.com/channel/UCdgWlaFJR1rwnQIzXrRqZrQ
UCKz-OiQom92Dze82ONaiyPA,@無の廊下-w9w,24,2年,Member (2 years),,不明,,,4,7,0,2026-09-14 07:00,2026-10-02 21:00,,,https://www.youtube.com/channel/UCKz-OiQom92Dze82ONaiyPA
UCNlZGLfW9b8yrEfGKuqbe8Q,@ゆんゆんゆんず,24,2年,Member (2 years),,不明,,,4,8,0,2026-09-14 07:00,2026-10-04 17:40,,,https://www.youtube.com/channel/UCNlZGLfW9b8yrEfGKuqbe8Q
UC8nG5cuk7gsqLd7Lub9k93w,@めめ-n8r1h,24,2年,Member (2 years),,不明,,,4,4,0,2026-09-14 07:00,2026-10-08 00:00,,,https://www.youtube.com/channel/UC8nG5cuk7gsqLd7Lub9k93w
UC9H60CyQmn8FzSSxG2f213g,@きゅん_O2,24,2年,Member (2 years),,不明,,,4,59,0,2026-09-14 07:00,2026-10-06 20:31,,,https://www.youtube.com/channel/UC9H60CyQmn8FzSSxG2f213g
UC7YoqvOB9JIt1gioYIS7rWA,@りぃ-s6j,24,2年,Member (2 years),,不明,,,4,7,0,2026-09-14 07:00,2026-09-29 05:00,,,https://www.youtube.com/channel/UC7YoqvOB9JIt1gioYIS7rWA
UCD0KEUFeTBz_p8GOwDXwA9w,@ten-ten02,24,2年,Member (2 years),,不明,,,4,10,0,2026-09-14 07:00,2026-09-29 05:00,,,https://www.youtube.com/channel/UCD0KEUFeTBz_p8GOwDXwA9w
UCPfuYMiL6j10IE6S175_xXg,@blight_IF,24,2年,Member (2 years),,不明,,,4,10,0,2026-09-14 07:00,2026-10-04 17:40,,,https://www.youtube.com/channel/UCPfuYMiL6j10IE6S175_xXg
UCyr8bhEEZLusv9iZalY5BLg,@くるぶしdayo,24,2年,Member (2 years),,不明,,,4,6,0,2026-09-14 07:00,2026-10-08 00:00,,,https://www.youtube.com/channel/UCyr8bhEEZLusv9iZalY5BLg
UC3jFVGU4Fito5-Wy-HJVIvA,@rito-no,24,2年,Member (2 years),,不明,,,4,46,0,2026-09-15 20:06,2026-10-08 00:00,,,https://www.youtube.com/channel/UC3jFVGU4Fito5-Wy-HJVIvA
UC4Pr5kGiylevfqd6NFxs1fQ,@なぎ-t5w,24,2年,Member (2 years),,不明,,,4,22,0,2026-09-15 20:06,2026-10-08 00:00,,,https://www.youtube.com/channel/UC4Pr5kGiylevfqd6NFxs1fQ
UCY6I9Mo8IkTQlIucVvpLhPA,@より_y0,24,2年,Member (2 years),,不明,,,4,83,0,2026-09-15 20:06,2026-10-08 00:00,,,https://www.youtube.com/channel/UCY6I9Mo8IkTQlIucVvpLhPA
UC9ftvnxFGZcbskjXnvjPTGA,@ばけつ-z4g,24,2年,Member (2 years),,不明,,,4,20,0,2026-09-15 20:06,2026-10-06 20:31,,,https://www.youtube.com/channel/UC9ftvnxFGZcbskjXnvjPTGA
UCuzqLi8ARdzp5wNX599808Q,@るな0911,24,2年,Member (2 years),,不明,,,4,303,0,2026-09-15 20:06,2026-10-06 20:31,,,https://www.youtube.com/channel/UCuzqLi8ARdzp5wNX599808Q
UCBh0wBP78xY-jv_VcRWi63w,@かなめ-p9q,24,2年,Member (2 years),,不明,,,4,9,0,2026-09-15 20:06,2026-10-04 17:40,,,https://www.youtube.com/channel/UCBh0wBP78xY-jv_VcRWi63w
UC7mEUUWIb924QVadnsHtknQ,@Ringoamechan221B,24,2年,Member (2 years),,不明,,,4,9,0,2026-09-15 20:06,2026-10-06 20:31,,,https://www.youtube.com/channel/UC7mEUUWIb924QVadnsHtknQ
UCA20MT3xbfLol07cn1magfw,@ペス-v3t,24,2年,Member (2 years),,不明,,,4,6,0,2026-09-15 20:06,2026-10-04 17:40,,,https://www.youtube.com/channel/UCA20MT3xbfLol07cn1magfw
UC9eVNTmKOue1iZY_hjXoFSA,@ぽんぽん-f4i,24,2年,Member (2 years),,不明,,,4,6,0,2026-09-15 20:06,2026-09-29 05:00,,,https://www.youtube.com/channel/UC9eVNTmKOue1iZY_hjXoFSA
UCZc-SLge7amZCpMjLpANa4w,@お砂糖ミルク,24,2年,Member (2 years),,不明,,,4,9,0,2026-09-15 20:06,2026-09-30 21:03,,,https://www.youtube.com/channel/UCZc-SLge7amZCpMjLpANa4w
UC5Z_v9pnSj-HwYNGSlNeK5w,@ぷー子-e2x,24,2年,Member (2 years),,不明,,,4,22,0,2026-09-15 20:06,2026-10-04 17:40,,,https://www.youtube.com/channel/UC5Z_v9pnSj-HwYNGSlNeK5w
UC3j5PyXD3KFp39MieRvF0mw,@sorurira,24,2年,Member (2 years),,不明,,,4,6,0,2026-09-15 20:06,2026-10-08 00:00,,,https://www.youtube.com/channel/UC3j5PyXD3KFp39MieRvF0mw
UCA46m6eAmdJMYMof4igWZtQ,@mikujpn139,24,2年,Member (2 years),,不明,,,4,5,0,2026-09-15 20:06,2026-10-06 20:31,,,https://www.youtube.com/channel/UCA46m6eAmdJMYMof4igWZtQ
UCJ_ufZcPdIf5yioM8ghYQWw,@にのまえ-q4b,24,2年,Member (2 years),,不明,,,4,43,0,2026-09-15 20:06,2026-09-24 05:04,,,https://www.youtube.com/channel/UCJ_ufZcPdIf5yioM8ghYQWw
UCFgiy3irVNSQVvxu4ecvCeA,@つむぎ-q6b,24,2年,Member (2 years),,不明,,,4,4,0,2026-09-15 20:06,2026-10-06 20:31,,,https://www.youtube.com/channel/UCFgiy3irVNSQVvxu4ecvCeA
UCeTsUdcUHExNhXgieUA1QLg,@桂-o6h,24,2年,Member (2 years),,不明,,,4,17,0,2026-09-15 20:06,2026-10-04 17:40,,,https://www.youtube.com/channel/UCeTsUdcUHExNhXgieUA1QLg
UCeEvpAutBd0dc0hwkf4MtSA,@Fuwari_hoshiko,24,2年,Member (2 years),,不明,,,4,12,0,2026-09-15 20:06,2026-10-08 00:00,,,https://www.youtube.com/channel/UCeEvpAutBd0dc0hwkf4MtSA
UCxvukqIA68iiS25uKVppyQw,@ぴぷ-p3v,24,2年,Member (2 years),,不明,,,4,6,0,2026-09-15 20:06,2026-09-30 21:03,,,https://www.youtube.com/channel/UCxvukqIA68iiS25uKVppyQw
UCKFqNUoK-WUyQxwuLE4oTPw,@なにがし-p7d,24,2年,Member (2 years),,不明,,,4,5,0,2026-09-16 05:01,2026-10-04 17:40,,,https://www.youtube.com/channel/UCKFqNUoK-WUyQxwuLE4oTPw
UCj5GoIVCAVuBYzjJfMUaqtQ,@chee2978,24,2年,Member (2 years),,不明,,,4,12,0,2026-09-16 05:01,2026-10-04 17:40,,,https://www.youtube.com/channel/UCj5GoIVCAVuBYzjJfMUaqtQ
UCGkaoKLi7QefBlqDUmPnsQw,@結城ゆうき真琴,24,2年,Member (2 years),,不明,,,4,4,0,2026-09-16 05:01,2026-10-06 20:31,,,https://www.youtube.com/channel/UCGkaoKLi7QefBlqDUmPnsQw
UCGFORxxLoP4PaDZg52pFi3g,@ももな-c6y,24,2年,Member (2 years),,不明,,,4,19,0,2026-09-16 05:01,2026-09-29 05:00,,,https://www.youtube.com/channel/UCGFORxxLoP4PaDZg52pFi3g
UCiAYXwwQkQLX4Tcpr5kLH1Q,@みずき-c4j,24,2年,Member (2 years),,不明,,,4,8,0,2026-09-16 05:01,2026-10-06 20:31,,,https://www.youtube.com/channel/UCiAYXwwQkQLX4Tcpr5kLH1Q
UCKLprCEEWazrLFqFjQjIA2w,@ぽん-w7i-v4y,24,2年,Member (2 years),,不明,,,4,30,0,2026-09-17 05:05,2026-10-08 00:00,,,https://www.youtube.com/channel/UCKLprCEEWazrLFqFjQjIA2w
UCcx2WRc2jJ4aCnuEmBIUAdQ,@めろv_v,24,2年,Member (2 years),,不明,,,4,10,0,2026-09-17 05:05,2026-10-04 17:40,,,https://www.youtube.com/channel/UCcx2WRc2jJ4aCnuEmBIUAdQ
UCTzmElxLrIan2tM_HsvoltA,@nqo410,24,2年,Member (2 years),,不明,,,4,19,0,2026-09-17 05:05,2026-10-06 20:31,,,https://www.youtube.com/channel/UCTzmElxLrIan2tM_HsvoltA
UCzQ2a-GGMSLX-gPgQO_7gOw,@あむ-mq,24,2年,Member (2 years),,不明,,,4,8,0,2026-09-17 05:05,2026-09-29 05:00,,,https://www.youtube.com/channel/UCzQ2a-GGMSLX-gPgQO_7gOw
UCM5Y2UJioan-lPSKC5q5qFw,@Okamot__,24,2年,Member (2 years),,不明,,,4,11,0,2026-09-20 18:55,2026-09-24 05:04,,,https://www.youtube.com/channel/UCM5Y2UJioan-lPSKC5q5qFw
UCxZ6cNXgj-x2wQennj2Hvhg,@あや-c7s,24,2年,Member (2 years),,不明,,,4,8,0,2026-09-20 18:55,2026-10-08 00:00,,,https://www.youtube.com/channel/UCxZ6cNXgj-x2wQennj2Hvhg
UC-BVlWB37iPicBMXGUk_FGw,@みなつき_fw_v,24,2年,Member (2 years),,不明,,,4,29,0,2026-09-21 05:00,2026-09-30 21:03,,,https://www.youtube.com/channel/UC-BVlWB37iPicBMXGUk_FGw
UClYbqRm7C1KJ0Inpjr37ZVg,@ゆぴてぃ22,24,2年,Member (2 years),,不明,,,4,26,0,2026-09-21 05:00,2026-10-06 20:31,,,https://www.youtube.com/channel/UClYbqRm7C1KJ0Inpjr37ZVg
UC50-ZL-_5D6mEvyE_D10kmw,@Sim4800_k,24,2年,Member (2 years),,不明,,,4,9,0,2026-09-21 05:00,2026-10-04 17:40,,,https://www.youtube.com/channel/UC50-ZL-_5D6mEvyE_D10kmw
UCjC6Qiod7LI2TlJdCreYqAw,@airflic,24,2年,Member (2 years),,不明,,,4,9,0,2026-09-21 05:00,2026-10-08 00:00,,,https://www.youtube.com/channel/UCjC6Qiod7LI2TlJdCreYqAw
UCskPfrZvWHOYxbd_MVp1FfQ,@鎌樹-renju,24,2年,Member (2 years),,不明,,,4,4,0,2026-09-22 22:33,2026-10-08 00:00,,,https://www.youtube.com/channel/UCskPfrZvWHOYxbd_MVp1FfQ
UCVxqemc0cPiVB56zVeohXbw,@しろやで,24,2年,Member (2 years),,不明,,,4,22,0,2026-09-22 22:33,2026-10-08 00:00,,,https://www.youtube.com/channel/UCVxqemc0cPiVB56zVeohXbw
UCBbOJTjPNhYU7ywzaOt002A,@371O8,24,2年,Member (2 years),,不明,,,3,24,0,2026-09-09 05:37,2026-09-24 05:04,,,https://www.youtube.com/channel/UCBbOJTjPNhYU7ywzaOt002A
UCZVGFn9oyiinILyWdcw-IBQ,@なーん-s8y,24,2年,Member (2 years),,不明,,,3,8,0,2026-09-09 05:37,2026-09-17 05:05,,,https://www.youtube.com/channel/UCZVGFn9oyiinILyWdcw-IBQ
UCpcgoE-vCAZFkBcdhTIIjwA,@ぱんだち-z3b,24,2年,Member (2 years),,不明,,,3,3,0,2026-09-09 05:37,2026-09-17 05:05,,,https://www.youtube.com/channel/UCpcgoE-vCAZFkBcdhTIIjwA
UCgSYjGqsxjWfgnNvNoe9BSA,@NACOuO,24,2年,Member (2 years),,不明,,,3,5,0,2026-09-09 05:37,2026-09-29 05:00,,,https://www.youtube.com/channel/UCgSYjGqsxjWfgnNvNoe9BSA
UC4ebyRuukjDk37iOh7T3tMQ,@燈-e4b,24,2年,Member (2 years),,不明,,,3,6,0,2026-09-09 05:37,2026-10-01 20:48,,,https://www.youtube.com/channel/UC4ebyRuukjDk37iOh7T3tMQ
UClbP2HLHGB6szD701LScdTQ,@inunu-one,24,2年,Member (2 years),,不明,,,3,3,0,2026-09-09 05:37,2026-09-29 05:00,,,https://www.youtube.com/channel/UClbP2HLHGB6szD701LScdTQ
UCr9jLCtATZ-mhPfVmfxJ-Og,@ミナ-fw3710,24,2年,Member (2 years),,不明,,,3,4,0,2026-09-09 05:37,2026-10-01 20:48,,,https://www.youtube.com/channel/UCr9jLCtATZ-mhPfVmfxJ-Og
UCAZ7MZXtVPI7PT-wUSFEJcw,@さら-q2f,24,2年,Member (2 years),,不明,,,3,3,0,2026-09-09 05:37,2026-09-26 05:01,,,https://www.youtube.com/channel/UCAZ7MZXtVPI7PT-wUSFEJcw
UCRoqwuN0udTb6VmQ4NS8OaQ,@ぽぽ-k7c,24,2年,Member (2 years),,不明,,,3,4,0,2026-09-09 05:37,2026-09-15 20:06,,,https://www.youtube.com/channel/UCRoqwuN0udTb6VmQ4NS8OaQ
UCM3KXvge7jVTtvQA7gKE4VA,@亜麻-ama-y8l,24,2年,Member (2 years),,不明,,,3,8,0,2026-09-09 05:37,2026-10-06 20:31,,,https://www.youtube.com/channel/UCM3KXvge7jVTtvQA7gKE4VA
UCBspWAm1VKACPP67CyADvjQ,@risako0328,24,2年,Member (2 years),,不明,,,3,3,0,2026-09-09 05:37,2026-09-17 05:05,,,https://www.youtube.com/channel/UCBspWAm1VKACPP67CyADvjQ
UCEUVkoRWV-1L1Mm1oY-IcjQ,@味噌ミソラーメン,24,2年,Member (2 years),,不明,,,3,61,0,2026-09-09 05:37,2026-10-08 00:00,,,https://www.youtube.com/channel/UCEUVkoRWV-1L1Mm1oY-IcjQ
UC343FYuDQO2NwgEcYKa3xZg,@juuchiruru,24,2年,Member (2 years),,不明,,,3,6,0,2026-09-09 05:37,2026-10-04 17:40,,,https://www.youtube.com/channel/UC343FYuDQO2NwgEcYKa3xZg
UCqOQlBCj9sALekyY2JKRgRA,@ひとみ-j9r,24,2年,Member (2 years),,不明,,,3,4,0,2026-09-09 05:37,2026-10-02 21:00,,,https://www.youtube.com/channel/UCqOQlBCj9sALekyY2JKRgRA
UCfD_lL-pYJT8dqYbXfDdVGA,@月咲_rito,24,2年,Member (2 years),,不明,,,3,5,0,2026-09-14 07:00,2026-10-02 21:00,,,https://www.youtube.com/channel/UCfD_lL-pYJT8dqYbXfDdVGA
UCvjj2Gk2gDzgvXttZuRMs-w,@べべ丸be,24,2年,Member (2 years),,不明,,,3,54,0,2026-09-14 07:00,2026-09-22 22:33,,,https://www.youtube.com/channel/UCvjj2Gk2gDzgvXttZuRMs-w
UCJlxMKjmfYq6DM6cqvntlHQ,@あい-g5o7v,24,2年,Member (2 years),,不明,,,3,7,0,2026-09-14 07:00,2026-10-06 20:31,,,https://www.youtube.com/channel/UCJlxMKjmfYq6DM6cqvntlHQ
UCoK6z9ocsWDrGdjP3WWY6Zg,@いちごわたあめ-u9c,24,2年,Member (2 years),,不明,,,3,5,0,2026-09-14 07:00,2026-10-04 17:40,,,https://www.youtube.com/channel/UCoK6z9ocsWDrGdjP3WWY6Zg
UCzTEimqu7IxY7k-zLAm2scg,@くろわっさん.n,24,2年,Member (2 years),,不明,,,3,3,0,2026-09-14 07:00,2026-09-17 05:05,,,https://www.youtube.com/channel/UCzTEimqu7IxY7k-zLAm2scg
UCUj_-FgSPSblsy8wBiaChRQ,@さおっち1117,24,2年,Member (2 years),,不明,,,3,13,0,2026-09-14 07:00,2026-09-17 05:05,,,https://www.youtube.com/channel/UCUj_-FgSPSblsy8wBiaChRQ
UCeEW8o4N68irKMt8HPcedyQ,@すゆ_minya,24,2年,Member (2 years),,不明,,,3,3,0,2026-09-14 07:00,2026-09-29 05:00,,,https://www.youtube.com/channel/UCeEW8o4N68irKMt8HPcedyQ
UCM5T8Bz9nOeRBK8LanBEvAA,@hatoriderax21,24,2年,Member (2 years),,不明,,,3,7,0,2026-09-14 07:00,2026-09-22 22:33,,,https://www.youtube.com/channel/UCM5T8Bz9nOeRBK8LanBEvAA
UC4S2Pa5Y2uN8ZAxja2bdkAQ,@ポニョのうろこ,24,2年,Member (2 years),,不明,,,3,6,0,2026-09-14 07:00,2026-10-02 21:00,,,https://www.youtube.com/channel/UC4S2Pa5Y2uN8ZAxja2bdkAQ
UCer7IHLdhB5PqRhByjgAong,@ゆま_ym,24,2年,Member (2 years),,不明,,,3,12,0,2026-09-14 07:00,2026-10-08 00:00,,,https://www.youtube.com/channel/UCer7IHLdhB5PqRhByjgAong
UC9l49tZuGuKe2b-AioLyVaA,@ドナちゃん-i3d,24,2年,Member (2 years),,不明,,,3,4,0,2026-09-14 07:00,2026-09-29 05:00,,,https://www.youtube.com/channel/UC9l49tZuGuKe2b-AioLyVaA
UC5jr5FraYRMT063zMtNkglw,@さく__75s_km,24,2年,Member (2 years),,不明,,,3,3,0,2026-09-14 07:00,2026-09-29 05:00,,,https://www.youtube.com/channel/UC5jr5FraYRMT063zMtNkglw
UCPJqywNLN731gp0sGHtLUNg,@いなのぞ,24,2年,Member (2 years),,不明,,,3,35,0,2026-09-14 07:00,2026-09-22 22:33,,,https://www.youtube.com/channel/UCPJqywNLN731gp0sGHtLUNg
UCthDHpC8JN1-fqUSV_0GHlA,@uuma_,24,2年,Member (2 years),,不明,,,3,3,0,2026-09-14 07:00,2026-09-21 05:00,,,https://www.youtube.com/channel/UCthDHpC8JN1-fqUSV_0GHlA
UCSGpT5z-dmIRWLlaWSQCX3A,@wan_inu,24,2年,Member (2 years),,不明,,,3,3,0,2026-09-14 07:00,2026-10-08 00:00,,,https://www.youtube.com/channel/UCSGpT5z-dmIRWLlaWSQCX3A
UCRsn8Ofn_3eSahle5neOO_w,@なか-o7b1u,24,2年,Member (2 years),,不明,,,3,11,0,2026-09-14 07:00,2026-09-29 05:00,,,https://www.youtube.com/channel/UCRsn8Ofn_3eSahle5neOO_w
UCt4NteJjPhfrsmv4LJktoOw,@ikaring215,24,2年,Member (2 years),,不明,,,3,116,0,2026-09-14 07:00,2026-09-21 05:00,,,https://www.youtube.com/channel/UCt4NteJjPhfrsmv4LJktoOw
UCJtpcrXfJcGIwVOu_Qr2FkA,@miwa_gurui,24,2年,Member (2 years),,不明,,,3,3,0,2026-09-14 07:00,2026-10-04 17:40,,,https://www.youtube.com/channel/UCJtpcrXfJcGIwVOu_Qr2FkA
UCpASDdma9DfzHHDk1VEVbwA,@milky00039,24,2年,Member (2 years),,不明,,,3,8,0,2026-09-14 07:00,2026-10-08 00:00,,,https://www.youtube.com/channel/UCpASDdma9DfzHHDk1VEVbwA
UCgP0-ikqkKQm8kVbyXFmBIQ,@ksrgngt,24,2年,Member (2 years),,不明,,,3,3,0,2026-09-15 20:06,2026-10-04 17:40,,,https://www.youtube.com/channel/UCgP0-ikqkKQm8kVbyXFmBIQ
UCq4rQPjPhS4p5inBUzu_FLw,@akio_tty,24,2年,Member (2 years),,不明,,,3,6,0,2026-09-15 20:06,2026-09-30 21:03,,,https://www.youtube.com/channel/UCq4rQPjPhS4p5inBUzu_FLw
UCHk4RiQniyP47d9ZWpHRvqQ,@ほの-fh0,24,2年,Member (2 years),,不明,,,3,3,0,2026-09-15 20:06,2026-09-30 21:03,,,https://www.youtube.com/channel/UCHk4RiQniyP47d9ZWpHRvqQ
UCQ4erJtQIXZo07dsLeKBAKA,@きき-f5f,24,2年,Member (2 years),,不明,,,3,104,0,2026-09-15 20:06,2026-09-22 22:33,,,https://www.youtube.com/channel/UCQ4erJtQIXZo07dsLeKBAKA
UCn0ZBrq5jlcNuTauqSUuqWg,@りんか-x1o,24,2年,Member (2 years),,不明,,,3,9,0,2026-09-15 20:06,2026-10-04 17:40,,,https://www.youtube.com/channel/UCn0ZBrq5jlcNuTauqSUuqWg
UCW2yuCLy2MRA_1n8wq4z-5w,@るいりす,24,2年,Member (2 years),,不明,,,3,68,0,2026-09-15 20:06,2026-10-06 20:31,,,https://www.youtube.com/channel/UCW2yuCLy2MRA_1n8wq4z-5w
UCeWv_osVKF1r_hep5ynAWeg,@7723-p3o,24,2年,Member (2 years),,不明,,,3,4,0,2026-09-15 20:06,2026-09-22 22:33,,,https://www.youtube.com/channel/UCeWv_osVKF1r_hep5ynAWeg
UCnP9BeIWUsWEKlRJVJMh81g,@あさのよる,24,2年,Member (2 years),,不明,,,3,7,0,2026-09-15 20:06,2026-10-06 20:31,,,https://www.youtube.com/channel/UCnP9BeIWUsWEKlRJVJMh81g
UCMhmfcXog-IOyri2bQ2ia7A,@oya1128,24,2年,Member (2 years),,不明,,,3,9,0,2026-09-15 20:06,2026-09-20 18:55,,,https://www.youtube.com/channel/UCMhmfcXog-IOyri2bQ2ia7A
UC02hmCdoCfi5T151jCq-NbA,@fuwa_04,24,2年,Member (2 years),,不明,,,3,6,0,2026-09-15 20:06,2026-09-26 05:01,,,https://www.youtube.com/channel/UC02hmCdoCfi5T151jCq-NbA
UCdscylLIesFotVGQS4Ree8Q,@yumeume483,24,2年,Member (2 years),,不明,,,3,3,0,2026-09-15 20:06,2026-10-08 00:00,,,https://www.youtube.com/channel/UCdscylLIesFotVGQS4Ree8Q
UCYphm9dw7vTO1u_OlMlSejA,@7lpfaa,24,2年,Member (2 years),,不明,,,3,3,0,2026-09-15 20:06,2026-10-06 20:31,,,https://www.youtube.com/channel/UCYphm9dw7vTO1u_OlMlSejA
UC-71x5ppYNbcbD3GuHNIeSA,@肇-m2g,24,2年,Member (2 years),,不明,,,3,8,0,2026-09-15 20:06,2026-09-17 05:05,,,https://www.youtube.com/channel/UC-71x5ppYNbcbD3GuHNIeSA
UCDLvzuY9WWegWfpEDLrUoLA,@kapiis1732,24,2年,Member (2 years),,不明,,,3,3,0,2026-09-15 20:06,2026-10-08 00:00,,,https://www.youtube.com/channel/UCDLvzuY9WWegWfpEDLrUoLA
UCQE__0dr96S3RW0DpsnmWvw,@momo_qv,24,2年,Member (2 years),,不明,,,3,7,0,2026-09-15 20:06,2026-10-08 00:00,,,https://www.youtube.com/channel/UCQE__0dr96S3RW0DpsnmWvw
UCWiDTqltZBm79W2nxRhqfIg,@sugi687,24,2年,Member (2 years),,不明,,,3,4,0,2026-09-15 20:06,2026-09-22 22:33,,,https://www.youtube.com/channel/UCWiDTqltZBm79W2nxRhqfIg
UCULouOownFHIeKaTbg72Qeg,@宮奈-myn,24,2年,Member (2 years),,不明,,,3,5,0,2026-09-15 20:06,2026-10-04 17:40,,,https://www.youtube.com/channel/UCULouOownFHIeKaTbg72Qeg
UCxgL1bamS0R1uSI7RDO6nOQ,@cero-mn2en,24,2年,Member (2 years),,不明,,,3,5,0,2026-09-15 20:06,2026-10-01 20:48,,,https://www.youtube.com/channel/UCxgL1bamS0R1uSI7RDO6nOQ
UCrsySH1Faz30p3FZ0whg0bg,@まっさん-r3q,24,2年,Member (2 years),,不明,,,3,5,0,2026-09-15 20:06,2026-10-08 00:00,,,https://www.youtube.com/channel/UCrsySH1Faz30p3FZ0whg0bg
UCRuLT_XiDUkHpdpVNC3ztWA,@bamboo456,24,2年,Member (2 years),,不明,,,3,6,0,2026-09-16 05:01,2026-10-06 20:31,,,https://www.youtube.com/channel/UCRuLT_XiDUkHpdpVNC3ztWA
UCWq1jO9Zvk9kYoae1BL5Fwg,@きゃな-m7y,24,2年,Member (2 years),,不明,,,3,5,0,2026-09-16 05:01,2026-09-29 05:00,,,https://www.youtube.com/channel/UCWq1jO9Zvk9kYoae1BL5Fwg
UCEbdgQ_RZim-kHCYWTZgufA,@りう_.s3,24,2年,Member (2 years),,不明,,,3,3,0,2026-09-16 05:01,2026-09-29 05:00,,,https://www.youtube.com/channel/UCEbdgQ_RZim-kHCYWTZgufA
UCAS1MU4rbfTKzgoBl1TsnTw,@まゆみ-i2e,24,2年,Member (2 years),,不明,,,3,4,0,2026-09-16 05:01,2026-09-26 05:01,,,https://www.youtube.com/channel/UCAS1MU4rbfTKzgoBl1TsnTw
UC2ppMi7-woRUinzmnm09h7g,@EMKat10,24,2年,Member (2 years),,不明,,,3,14,0,2026-09-16 05:01,2026-10-04 17:40,,,https://www.youtube.com/channel/UC2ppMi7-woRUinzmnm09h7g
UCwpjfNzERV0iVLuzpwSdHmw,@koshinostar333,24,2年,Member (2 years),,不明,,,3,3,0,2026-09-16 05:01,2026-10-03 20:59,,,https://www.youtube.com/channel/UCwpjfNzERV0iVLuzpwSdHmw
UCoK4APTdISFKOZirWlShW6g,@まちゅ-b7z,24,2年,Member (2 years),,不明,,,3,3,0,2026-09-17 05:05,2026-09-24 05:04,,,https://www.youtube.com/channel/UCoK4APTdISFKOZirWlShW6g
UCbXKtm6_lSJX2XBt1q0Q5ew,@ぽんぽこまるb,24,2年,Member (2 years),,不明,,,3,5,0,2026-09-17 05:05,2026-09-30 21:03,,,https://www.youtube.com/channel/UCbXKtm6_lSJX2XBt1q0Q5ew
UCuE2hDBP8gw43PNHqXffM_g,@ピィ-i9i,24,2年,Member (2 years),,不明,,,3,5,0,2026-09-17 05:05,2026-09-29 05:00,,,https://www.youtube.com/channel/UCuE2hDBP8gw43PNHqXffM_g
UCFEK5nvZU__W5mHaevzcr1Q,@らちゃらちゃ.xx418,24,2年,Member (2 years),,不明,,,3,24,0,2026-09-17 05:05,2026-10-04 17:40,,,https://www.youtube.com/channel/UCFEK5nvZU__W5mHaevzcr1Q
UCNlciFHhnEZzIQuks711h0A,@monnnako,24,2年,Member (2 years),,不明,,,3,4,0,2026-09-17 05:05,2026-10-08 00:00,,,https://www.youtube.com/channel/UCNlciFHhnEZzIQuks711h0A
UCX0IOtJewdecOyT9j5Kou5Q,@蒼依-q8k,24,2年,Member (2 years),,不明,,,3,4,0,2026-09-20 18:55,2026-09-30 21:03,,,https://www.youtube.com/channel/UCX0IOtJewdecOyT9j5Kou5Q
UCPOm-bcDscGEgGl0ZyTFo6Q,@めんま-b5k,24,2年,Member (2 years),,不明,,,3,4,0,2026-09-20 18:55,2026-10-06 20:31,,,https://www.youtube.com/channel/UCPOm-bcDscGEgGl0ZyTFo6Q
UCDdKvYPmhK_83LL1L0NcNZQ,@BF69F4FW,24,2年,Member (2 years),,不明,,,3,53,0,2026-09-20 18:55,2026-10-08 00:00,,,https://www.youtube.com/channel/UCDdKvYPmhK_83LL1L0NcNZQ
UC6VPeuC0tEc27LR7AH2jZig,@ぽのえc,24,2年,Member (2 years),,不明,,,3,3,0,2026-09-20 18:55,2026-10-06 20:31,,,https://www.youtube.com/channel/UC6VPeuC0tEc27LR7AH2jZig
UCgaXH5y7QWT5v_4pepmp73g,@みみみ-c1f,24,2年,Member (2 years),,不明,,,3,25,0,2026-09-20 18:55,2026-10-04 17:40,,,https://www.youtube.com/channel/UCgaXH5y7QWT5v_4pepmp73g
UCWogEgN5o1X5KER3pvqq65g,@miy8064,24,2年,Member (2 years),,不明,,,3,6,0,2026-09-21 05:00,2026-10-08 00:00,,,https://www.youtube.com/channel/UCWogEgN5o1X5KER3pvqq65g
UCU10wSxj_OsYNoQxsPuN8Zw,@ビタキ,24,2年,Member (2 years),,不明,,,3,3,0,2026-09-21 05:00,2026-10-04 17:40,,,https://www.youtube.com/channel/UCU10wSxj_OsYNoQxsPuN8Zw
UCEnKCgypeDE2Ec1mxO1SSjg,@imaimai_x,24,2年,Member (2 years),,不明,,,3,10,0,2026-09-21 05:00,2026-10-04 17:40,,,https://www.youtube.com/channel/UCEnKCgypeDE2Ec1mxO1SSjg
UC-0Sd2OnXoDZv4cjPrs11bg,@べにざけ,24,2年,Member (2 years),,不明,,,3,10,0,2026-09-22 22:33,2026-09-30 21:03,,,https://www.youtube.com/channel/UC-0Sd2OnXoDZv4cjPrs11bg
UCXuvAvqCRVXr05PW6JJDd3Q,@aykwsmpart2,24,2年,Member (2 years),,不明,,,3,6,0,2026-09-22 22:33,2026-10-08 00:00,,,https://www.youtube.com/channel/UCXuvAvqCRVXr05PW6JJDd3Q
UC4yvJvKDDZbEx0qJocF2D5Q,@さりたん-p9m,24,2年,Member (2 years),,不明,,,3,42,0,2026-09-22 22:33,2026-09-30 21:03,,,https://www.youtube.com/channel/UC4yvJvKDDZbEx0qJocF2D5Q
UCSUJwyVSgwrX2WOzTCSFb2Q,@Riririri__27,24,2年,Member (2 years),,不明,,,3,5,0,2026-09-24 05:04,2026-10-01 20:48,,,https://www.youtube.com/channel/UCSUJwyVSgwrX2WOzTCSFb2Q
UCZVigpkfB7P3J0DPTAKamtg,@ダル-y5r,24,2年,Member (2 years),,不明,,,3,42,0,2026-09-24 05:04,2026-09-29 05:00,,,https://www.youtube.com/channel/UCZVigpkfB7P3J0DPTAKamtg
UCxjwoJVEhMw3pmszLyb6vEg,@YumiT-ye9rh,24,2年,Member (2 years),,不明,,,3,6,0,2026-09-26 05:01,2026-10-08 00:00,,,https://www.youtube.com/channel/UCxjwoJVEhMw3pmszLyb6vEg
UCrmSBuCHQ2tPa8DQ-1MAJRg,@r1sec1-j3q,24,2年,Member (2 years),,不明,,,3,7,0,2026-09-26 05:01,2026-10-06 20:31,,,https://www.youtube.com/channel/UCrmSBuCHQ2tPa8DQ-1MAJRg
UCbRMaHOGprvZrihPbBwnSgg,@anmitsu-oishiine,24,2年,Member (2 years),,不明,,,3,4,0,2026-09-29 05:00,2026-10-04 17:40,,,https://www.youtube.com/channel/UCbRMaHOGprvZrihPbBwnSgg
UChyQA-Wrp0bPocXHBHc_9nw,@fujik00,24,2年,Member (2 years),,不明,,,3,18,0,2026-09-29 05:00,2026-10-03 20:59,,,https://www.youtube.com/channel/UChyQA-Wrp0bPocXHBHc_9nw
UCUYGhjBbjTp_tSwMREvtPQA,@fwfwmochi,24,2年,Member (2 years),,不明,,,3,6,0,2026-09-29 05:00,2026-10-04 17:40,,,https://www.youtube.com/channel/UCUYGhjBbjTp_tSwMREvtPQA
UCAXsReVVJ4Ieq8hQp6an-6w,@さんぴ-s2j,24,2年,Member (2 years),,不明,,,3,13,0,2026-10-01 20:48,2026-10-04 17:40,,,https://www.youtube.com/channel/UCAXsReVVJ4Ieq8hQp6an-6w
UC8U39z-Hkulvm9t7mQBhB2A,@sriri1640,24,2年,Member (2 years),,不明,,,3,4,0,2026-10-03 20:59,2026-10-08 00:00,,,https://www.youtube.com/channel/UC8U39z-Hkulvm9t7mQBhB2A
UC5xb8hD0FoeYrt7y0pqrXsg,@たばち-r6f,24,2年,Member (2 years),,不明,,,2,17,0,2026-09-09 05:37,2026-09-20 18:55,,,https://www.youtube.com/channel/UC5xb8hD0FoeYrt7y0pqrXsg
UCIRO2RihkiUYk5arq-aiFBQ,@nicole_315,24,2年,Member (2 years),,不明,,,2,3,0,2026-09-09 05:37,2026-09-17 05:05,,,https://www.youtube.com/channel/UCIRO2RihkiUYk5arq-aiFBQ
UCxbbLtX2IGGTTnnyTCWXoaQ,@るちゃん_kn___1o,24,2年,Member (2 years),,不明,,,2,3,0,2026-09-09 05:37,2026-09-27 06:00,,,https://www.youtube.com/channel/UCxbbLtX2IGGTTnnyTCWXoaQ
UCzKa0nWciO1FX9GwlGIsXbQ,@yuuu-w2f,24,2年,Member (2 years),,不明,,,2,4,0,2026-09-09 05:37,2026-09-24 05:04,,,https://www.youtube.com/channel/UCzKa0nWciO1FX9GwlGIsXbQ
UC6eJiM6a0gbEm0BvrC00oVQ,@pw-nx,24,2年,Member (2 years),,不明,,,2,7,0,2026-09-09 05:37,2026-10-06 20:31,,,https://www.youtube.com/channel/UC6eJiM6a0gbEm0BvrC00oVQ
UCeFmwJlV-Pfs0fUrMZjUC2w,@ヨーグリーナ-k3l,24,2年,Member (2 years),,不明,,,2,2,0,2026-09-09 05:37,2026-09-22 22:33,,,https://www.youtube.com/channel/UCeFmwJlV-Pfs0fUrMZjUC2w
UCrn3a6r8Ymqs_xDyv9Pe42w,@liyu28,24,2年,Member (2 years),,不明,,,2,7,0,2026-09-09 05:37,2026-09-24 05:04,,,https://www.youtube.com/channel/UCrn3a6r8Ymqs_xDyv9Pe42w
UCwFj-WJM6QHQil88qwFI9Pg,@fwheidi,24,2年,Member (2 years),,不明,,,2,4,0,2026-09-09 05:37,2026-09-14 07:00,,,https://www.youtube.com/channel/UCwFj-WJM6QHQil88qwFI9Pg
UCEbb5TKLaSQET7l7IgwXwlw,@まめだいふく-u3e,24,2年,Member (2 years),,不明,,,2,2,0,2026-09-09 05:37,2026-09-26 05:01,,,https://www.youtube.com/channel/UCEbb5TKLaSQET7l7IgwXwlw
UCmK8k0zpMrznzqb0rdavVjA,@b2Gr8,24,2年,Member (2 years),,不明,,,2,4,0,2026-09-09 05:37,2026-09-21 05:00,,,https://www.youtube.com/channel/UCmK8k0zpMrznzqb0rdavVjA
UCWI26vfwalN6Y9XoB4ViMpQ,@55ほほ,24,2年,Member (2 years),,不明,,,2,2,0,2026-09-09 05:37,2026-09-15 20:06,,,https://www.youtube.com/channel/UCWI26vfwalN6Y9XoB4ViMpQ
UCu8-9NrTGUKLcoBR9WcCyNg,@ゆ-km17,24,2年,Member (2 years),,不明,,,2,4,0,2026-09-09 05:37,2026-10-04 17:40,,,https://www.youtube.com/channel/UCu8-9NrTGUKLcoBR9WcCyNg
UCePty79DCIeWo4n-9ykESUQ,@こんたんこ-o6s,24,2年,Member (2 years),,不明,,,2,2,0,2026-09-14 07:00,2026-09-21 05:00,,,https://www.youtube.com/channel/UCePty79DCIeWo4n-9ykESUQ
UCVchwB9NZw4ofuUwC49le-g,@nnnねい,24,2年,Member (2 years),,不明,,,2,5,0,2026-09-14 07:00,2026-09-17 05:05,,,https://www.youtube.com/channel/UCVchwB9NZw4ofuUwC49le-g
UCRcsXiKN0ZjtkOGZ5GGltEQ,@あじたま_mr25st,24,2年,Member (2 years),,不明,,,2,5,0,2026-09-14 07:00,2026-10-04 17:40,,,https://www.youtube.com/channel/UCRcsXiKN0ZjtkOGZ5GGltEQ
UCOTSqYHU7XMmg5yDc0s-hLQ,@さやえんどう-p1z,24,2年,Member (2 years),,不明,,,2,5,0,2026-09-14 07:00,2026-09-15 20:06,,,https://www.youtube.com/channel/UCOTSqYHU7XMmg5yDc0s-hLQ
UCDNQPaCBiqJBxd_ZCjQs_qw,@ma8388,24,2年,Member (2 years),,不明,,,2,2,0,2026-09-14 07:00,2026-09-16 05:01,,,https://www.youtube.com/channel/UCDNQPaCBiqJBxd_ZCjQs_qw
UCONfhb5QhNxlyOSr-1l-0KQ,@つち花,24,2年,Member (2 years),,不明,,,2,4,0,2026-09-14 07:00,2026-09-20 18:55,,,https://www.youtube.com/channel/UCONfhb5QhNxlyOSr-1l-0KQ
UCESFHWA5F6aH-mIBLZ8tP0g,@Mai-4444,24,2年,Member (2 years),,不明,,,2,2,0,2026-09-14 07:00,2026-10-06 20:31,,,https://www.youtube.com/channel/UCESFHWA5F6aH-mIBLZ8tP0g
UCAVHiAFVPzJA1lQ03XHiv5Q,@すんすん-u2m,24,2年,Member (2 years),,不明,,,2,3,0,2026-09-14 07:00,2026-09-16 05:01,,,https://www.youtube.com/channel/UCAVHiAFVPzJA1lQ03XHiv5Q
UC2s6UUUaMizMijKf8Z2VHmA,@makiron601,24,2年,Member (2 years),,不明,,,2,6,0,2026-09-14 07:00,2026-09-22 22:33,,,https://www.youtube.com/channel/UC2s6UUUaMizMijKf8Z2VHmA
UCEjMQiFtlIDv5j6SlERFxjQ,@まるお-u7e,24,2年,Member (2 years),,不明,,,2,20,0,2026-09-14 07:00,2026-09-22 22:33,,,https://www.youtube.com/channel/UCEjMQiFtlIDv5j6SlERFxjQ
UCpq2mYux4O6_njDoUp9kl4w,@ひなっち-c2b,24,2年,Member (2 years),,不明,,,2,3,0,2026-09-14 07:00,2026-09-29 05:00,,,https://www.youtube.com/channel/UCpq2mYux4O6_njDoUp9kl4w
UCOJheokRW08Iomzna0S-tDQ,@真白おもち-u3r,24,2年,Member (2 years),,不明,,,2,4,0,2026-09-14 07:00,2026-09-17 05:05,,,https://www.youtube.com/channel/UCOJheokRW08Iomzna0S-tDQ
UCuiuYvvv_3RX5uBvWBkzW1g,@mochimochi-l3d,24,2年,Member (2 years),,不明,,,2,4,0,2026-09-14 07:00,2026-09-15 20:06,,,https://www.youtube.com/channel/UCuiuYvvv_3RX5uBvWBkzW1g
UCl_bjCIhweITIKW9jNpBNMg,@おしまい人間,24,2年,Member (2 years),,不明,,,2,6,0,2026-09-14 07:00,2026-09-15 20:06,,,https://www.youtube.com/channel/UCl_bjCIhweITIKW9jNpBNMg
UCS3fnK3i0AwE3Uz2ZeposyQ,@ラフティア,24,2年,Member (2 years),,不明,,,2,2,0,2026-09-14 07:00,2026-09-15 20:06,,,https://www.youtube.com/channel/UCS3fnK3i0AwE3Uz2ZeposyQ
UCGTN6jjh8xloEc9aq64pubA,@109B_B,24,2年,Member (2 years),,不明,,,2,2,0,2026-09-14 07:00,2026-09-21 05:00,,,https://www.youtube.com/channel/UCGTN6jjh8xloEc9aq64pubA
UCr3xazKGoIWjEkzak42JoIA,@はちみつれもん-f3k,24,2年,Member (2 years),,不明,,,2,3,0,2026-09-14 07:00,2026-10-08 00:00,,,https://www.youtube.com/channel/UCr3xazKGoIWjEkzak42JoIA
UCEOgZV6t9Sn_25W8eBqtoVw,@shin_1210,24,2年,Member (2 years),,不明,,,2,4,0,2026-09-14 07:00,2026-09-21 05:00,,,https://www.youtube.com/channel/UCEOgZV6t9Sn_25W8eBqtoVw
UCq_RMRXJne8osMo4XWGI4SQ,@みんちょS2,24,2年,Member (2 years),,不明,,,2,66,0,2026-09-14 07:00,2026-09-15 20:06,,,https://www.youtube.com/channel/UCq_RMRXJne8osMo4XWGI4SQ
UCZmBTV_wov1E6LeqKBvzHRw,@おーいさぉ茶,24,2年,Member (2 years),,不明,,,2,62,0,2026-09-14 07:00,2026-09-15 20:06,,,https://www.youtube.com/channel/UCZmBTV_wov1E6LeqKBvzHRw
UCtrYTJZeVN1FkVI42kXPY2w,@mitsuyuki-.0v0.,24,2年,Member (2 years),,不明,,,2,2,0,2026-09-14 07:00,2026-10-08 00:00,,,https://www.youtube.com/channel/UCtrYTJZeVN1FkVI42kXPY2w
UCcp-9qTHPGVQa6pAmbMYERw,@kyocyann,24,2年,Member (2 years),,不明,,,2,7,0,2026-09-14 07:00,2026-10-08 00:00,,,https://www.youtube.com/channel/UCcp-9qTHPGVQa6pAmbMYERw
UCSLUDQ4FZiygs0UEupAWByQ,@HARU-qo1cb,24,2年,Member (2 years),,不明,,,2,3,0,2026-09-14 07:00,2026-09-16 05:01,,,https://www.youtube.com/channel/UCSLUDQ4FZiygs0UEupAWByQ
UCkkZZfDX9dnWXGblqdUxrFQ,@ずずず-v5e,24,2年,Member (2 years),,不明,,,2,2,0,2026-09-14 07:00,2026-09-15 20:06,,,https://www.youtube.com/channel/UCkkZZfDX9dnWXGblqdUxrFQ
UCs6cI9gNH-i0i6bmspYsfcQ,@わんわん_w,24,2年,Member (2 years),,不明,,,2,67,0,2026-09-15 20:06,2026-09-30 21:03,,,https://www.youtube.com/channel/UCs6cI9gNH-i0i6bmspYsfcQ
UCubq5aE78RcoXj5lJNDRXRA,@らちゃにこる,24,2年,Member (2 years),,不明,,,2,19,0,2026-09-15 20:06,2026-09-24 05:04,,,https://www.youtube.com/channel/UCubq5aE78RcoXj5lJNDRXRA
UCgdYRfRdSn8mLrHL0qstl0Q,@ようとん331,24,2年,Member (2 years),,不明,,,2,3,0,2026-09-15 20:06,2026-09-17 05:05,,,https://www.youtube.com/channel/UCgdYRfRdSn8mLrHL0qstl0Q
UCU_5PnO7WM0XFw4DbY63YeQ,@すず-18fa,24,2年,Member (2 years),,不明,,,2,5,0,2026-09-15 20:06,2026-09-16 05:01,,,https://www.youtube.com/channel/UCU_5PnO7WM0XFw4DbY63YeQ
UCMB6gLxRHcChG4K_KDVQksg,@ラン-r2t,24,2年,Member (2 years),,不明,,,2,10,0,2026-09-15 20:06,2026-09-30 21:03,,,https://www.youtube.com/channel/UCMB6gLxRHcChG4K_KDVQksg
UCCD_mJeq0K_Sl4n-dIvXKRw,@とりとり-z2y,24,2年,Member (2 years),,不明,,,2,33,0,2026-09-15 20:06,2026-10-06 20:31,,,https://www.youtube.com/channel/UCCD_mJeq0K_Sl4n-dIvXKRw
UCk1EmW74fh6_H7YqYgRIs0A,@eeeeeechannnn,24,2年,Member (2 years),,不明,,,2,12,0,2026-09-15 20:06,2026-09-17 05:05,,,https://www.youtube.com/channel/UCk1EmW74fh6_H7YqYgRIs0A
UCHu5JUKnykGxJliRJexrgAw,@ぴ-z1p7,24,2年,Member (2 years),,不明,,,2,7,1,2026-09-15 20:06,2026-09-21 05:00,,,https://www.youtube.com/channel/UCHu5JUKnykGxJliRJexrgAw
UCp2rCorZdQ5cLREHpU2uljg,@thkusuku,24,2年,Member (2 years),,不明,,,2,4,0,2026-09-15 20:06,2026-10-06 20:31,,,https://www.youtube.com/channel/UCp2rCorZdQ5cLREHpU2uljg
UCWwuof1Z9rksRXRrusSptXQ,@おももちぃ,24,2年,Member (2 years),,不明,,,2,2,0,2026-09-15 20:06,2026-10-06 20:31,,,https://www.youtube.com/channel/UCWwuof1Z9rksRXRrusSptXQ
UCZPwDeSKrKSoPX3pysMBoTA,@あみは-t2l,24,2年,Member (2 years),,不明,,,2,3,0,2026-09-15 20:06,2026-09-17 05:05,,,https://www.youtube.com/channel/UCZPwDeSKrKSoPX3pysMBoTA
UCYNOrmhin8wXLtcH0Wp-38A,@28ily__x,24,2年,Member (2 years),,不明,,,2,3,0,2026-09-15 20:06,2026-09-20 18:55,,,https://www.youtube.com/channel/UCYNOrmhin8wXLtcH0Wp-38A
UCPjt-xi5MiGx7WtkbtFHlcQ,@miyu7629,24,2年,Member (2 years),,不明,,,2,6,0,2026-09-15 20:06,2026-09-16 05:01,,,https://www.youtube.com/channel/UCPjt-xi5MiGx7WtkbtFHlcQ
UCHqCdKJ6OkSFUfJ-9iLJugg,@どんちゃん-b7i,24,2年,Member (2 years),,不明,,,2,2,0,2026-09-15 20:06,2026-09-29 05:00,,,https://www.youtube.com/channel/UCHqCdKJ6OkSFUfJ-9iLJugg
UCePA5dK3MQd-5UfDvevqxcg,@みずほ___hbrist,24,2年,Member (2 years),,不明,,,2,8,0,2026-09-15 20:06,2026-09-21 05:00,,,https://www.youtube.com/channel/UCePA5dK3MQd-5UfDvevqxcg
UC_Rre2iezsguV9jn4cHuIZA,@のん-u7f8n,24,2年,Member (2 years),,不明,,,2,4,0,2026-09-15 20:06,2026-09-16 05:01,,,https://www.youtube.com/channel/UC_Rre2iezsguV9jn4cHuIZA
UCKHs4LMzpRaV16sM0lGgJTQ,@みいやん-u4n,24,2年,Member (2 years),,不明,,,2,9,0,2026-09-15 20:06,2026-09-22 22:33,,,https://www.youtube.com/channel/UCKHs4LMzpRaV16sM0lGgJTQ
UC9dc0_uBr4-tIO4eQ5W9KHA,@skoijg9983_gaseu,24,2年,Member (2 years),,不明,,,2,8,0,2026-09-15 20:06,2026-09-22 22:33,,,https://www.youtube.com/channel/UC9dc0_uBr4-tIO4eQ5W9KHA
UC_ni3J63KubWR334hFGYing,@金平糖0407,24,2年,Member (2 years),,不明,,,2,14,0,2026-09-15 20:06,2026-09-21 05:00,,,https://www.youtube.com/channel/UC_ni3J63KubWR334hFGYing
UCOIj00gi0bpyUMXF9WQBZoQ,@むぎごはん-c6l,24,2年,Member (2 years),,不明,,,2,2,0,2026-09-15 20:06,2026-09-17 05:05,,,https://www.youtube.com/channel/UCOIj00gi0bpyUMXF9WQBZoQ
UC4lP_8sQ-9tGnjQziHEipmQ,@ひな-b7w,24,2年,Member (2 years),,不明,,,2,16,0,2026-09-15 20:06,2026-09-22 22:33,,,https://www.youtube.com/channel/UC4lP_8sQ-9tGnjQziHEipmQ
UCfoyBYYEP0fBJJWe6xNvCfg,@Hachimiya_,24,2年,Member (2 years),,不明,,,2,8,0,2026-09-15 20:06,2026-10-04 17:40,,,https://www.youtube.com/channel/UCfoyBYYEP0fBJJWe6xNvCfg
UCdzMRAq6dOa2L7Q1CfJ2i8g,@いぶ_tty,24,2年,Member (2 years),,不明,,,2,30,0,2026-09-15 20:06,2026-09-22 22:33,,,https://www.youtube.com/channel/UCdzMRAq6dOa2L7Q1CfJ2i8g
UCPRv4vdeylAxa6KFuPQZ4kg,@oak_ey,24,2年,Member (2 years),,不明,,,2,6,0,2026-09-15 20:06,2026-09-20 18:55,,,https://www.youtube.com/channel/UCPRv4vdeylAxa6KFuPQZ4kg
UCA4vbOmXoILX05Bsq43nOYg,@ぴちさ-k1w,24,2年,Member (2 years),,不明,,,2,4,0,2026-09-15 20:06,2026-10-03 20:59,,,https://www.youtube.com/channel/UCA4vbOmXoILX05Bsq43nOYg
UCG7gCQLErLV-46TDO0qLu8A,@まみっ,24,2年,Member (2 years),,不明,,,2,4,0,2026-09-15 20:06,2026-09-22 22:33,,,https://www.youtube.com/channel/UCG7gCQLErLV-46TDO0qLu8A
UCIH43DEUAtBvSWKyUKU3Mtg,@もちぺったん-haru,24,2年,Member (2 years),,不明,,,2,4,0,2026-09-15 20:06,2026-09-22 22:33,,,https://www.youtube.com/channel/UCIH43DEUAtBvSWKyUKU3Mtg
UC2fHLUhhzXevYv5EkLHMpNA,@ぞうりえ,24,2年,Member (2 years),,不明,,,2,3,0,2026-09-15 20:06,2026-09-22 22:33,,,https://www.youtube.com/channel/UC2fHLUhhzXevYv5EkLHMpNA
UCFF3C3z8sGrWP3tamQ1xsBQ,@りんご4yan,24,2年,Member (2 years),,不明,,,2,4,0,2026-09-15 20:06,2026-10-06 20:31,,,https://www.youtube.com/channel/UCFF3C3z8sGrWP3tamQ1xsBQ
UClkrzeEX3ujYDZ_e4ZWELaA,@rui_41218,24,2年,Member (2 years),,不破狂,再加入/レベル変更,,2,2,0,2026-09-15 20:06,2026-09-17 05:05,,,https://www.youtube.com/channel/UClkrzeEX3ujYDZ_e4ZWELaA
UCD6CIuvjQFec_ASx-NKgLCQ,@pwpwtime418,24,2年,Member (2 years),,不明,,,2,2,0,2026-09-16 05:01,2026-10-04 17:40,,,https://www.youtube.com/channel/UCD6CIuvjQFec_ASx-NKgLCQ
UCdOvR_6Ml8umkOKNsABtuYg,@3nya1oO,24,2年,Member (2 years),,不明,,,2,2,0,2026-09-16 05:01,2026-10-03 20:59,,,https://www.youtube.com/channel/UCdOvR_6Ml8umkOKNsABtuYg
UC2r0GHdj7F7YZVasfFgumfA,@ゆう-l5y,24,2年,Member (2 years),,不明,,,2,4,0,2026-09-16 05:01,2026-10-04 17:40,,,https://www.youtube.com/channel/UC2r0GHdj7F7YZVasfFgumfA
UC3StbDAcPI-UdZm_mX8f9MQ,@軽やかジャスティス,24,2年,Member (2 years),,不明,,,2,2,0,2026-09-16 05:01,2026-09-29 05:00,,,https://www.youtube.com/channel/UC3StbDAcPI-UdZm_mX8f9MQ
UC-ZDANW1q5fGK0MjP0JWVWA,@にとろんろん,24,2年,Member (2 years),,不明,,,2,3,0,2026-09-16 05:01,2026-09-26 05:01,,,https://www.youtube.com/channel/UC-ZDANW1q5fGK0MjP0JWVWA
UCZPeHJDPAmCC9Y_teSChzPw,@AAAAAAA-no9us,24,2年,Member (2 years),,不明,,,2,5,0,2026-09-16 05:01,2026-09-24 05:04,,,https://www.youtube.com/channel/UCZPeHJDPAmCC9Y_teSChzPw
UCh_dBJswqXYE4feipZvUWVA,@HAKKA323,24,2年,Member (2 years),,不明,,,2,4,0,2026-09-17 05:05,2026-09-29 05:00,,,https://www.youtube.com/channel/UCh_dBJswqXYE4feipZvUWVA
UCCRuX77ZsvcKx85i7jQ1ejA,@ふたば-x4k,24,2年,Member (2 years),,不明,,,2,3,0,2026-09-17 05:05,2026-10-06 20:31,,,https://www.youtube.com/channel/UCCRuX77ZsvcKx85i7jQ1ejA
UCPmS2QLwkSM0b0aZjt3oD-Q,@まるみめろ-48,24,2年,Member (2 years),,不明,,,2,17,0,2026-09-17 05:05,2026-09-22 22:33,,,https://www.youtube.com/channel/UCPmS2QLwkSM0b0aZjt3oD-Q
UCyelRroc-L-4VUj-ul-vxXQ,@nono_adore,24,2年,Member (2 years),,不明,,,2,4,0,2026-09-17 05:05,2026-09-29 05:00,,,https://www.youtube.com/channel/UCyelRroc-L-4VUj-ul-vxXQ
UCn-wKv1T_bS2nm265VwNKLQ,@YONApyoi,24,2年,Member (2 years),,不明,,,2,3,0,2026-09-17 05:05,2026-09-21 05:00,,,https://www.youtube.com/channel/UCn-wKv1T_bS2nm265VwNKLQ
UCmiVj7EaWeaSzBrz1wKYMow,@しおる_xx,24,2年,Member (2 years),,不明,,,2,3,0,2026-09-17 05:05,2026-09-24 05:04,,,https://www.youtube.com/channel/UCmiVj7EaWeaSzBrz1wKYMow
UClQYjqbjZCM6z87Mvdu8E0w,@ma38-,24,2年,Member (2 years),,不明,,,2,36,0,2026-09-17 05:05,2026-09-29 05:00,,,https://www.youtube.com/channel/UClQYjqbjZCM6z87Mvdu8E0w
UCCuVoVE8v5qN7WZwXNLmhFw,@mahiro-kn8qk,24,2年,Member (2 years),,不明,,,2,2,0,2026-09-17 05:05,2026-09-26 05:01,,,https://www.youtube.com/channel/UCCuVoVE8v5qN7WZwXNLmhFw
UCKCtnoPsBCAeRuxsk98RrQg,@あいな-c7h,24,2年,Member (2 years),,不明,,,2,2,0,2026-09-17 05:05,2026-10-04 17:40,,,https://www.youtube.com/channel/UCKCtnoPsBCAeRuxsk98RrQg
UCpKhbQmRlYQo4x0C6VICFpw,@aki-niji,24,2年,Member (2 years),,不明,,,2,33,0,2026-09-20 18:55,2026-09-26 05:01,,,https://www.youtube.com/channel/UCpKhbQmRlYQo4x0C6VICFpw
UCs9h2ygl9oRFzUM1H5lHszA,@ちょうろ,24,2年,Member (2 years),,不明,,,2,7,0,2026-09-20 18:55,2026-10-08 00:00,,,https://www.youtube.com/channel/UCs9h2ygl9oRFzUM1H5lHszA
UCbAN4mYrN7JvQv7PnzRUlQA,@かーりん-t2i,24,2年,Member (2 years),,不明,,,2,2,0,2026-09-20 18:55,2026-09-24 05:04,,,https://www.youtube.com/channel/UCbAN4mYrN7JvQv7PnzRUlQA
UCrwz8wdM3LEg7_ERGQDiUyA,@もももんもん-k8y,24,2年,Member (2 years),,不明,,,2,2,0,2026-09-20 18:55,2026-10-03 20:59,,,https://www.youtube.com/channel/UCrwz8wdM3LEg7_ERGQDiUyA
UCSYW7VhQamiQOdeTwb69DrA,@おなみ-g3v,24,2年,Member (2 years),,不明,,,2,2,0,2026-09-20 18:55,2026-10-06 20:31,,,https://www.youtube.com/channel/UCSYW7VhQamiQOdeTwb69DrA
UCu4bxzFwnFQQ28i5QvxlXjw,@ひざし_HIZASHI,24,2年,Member (2 years),,不明,,,2,3,0,2026-09-21 05:00,2026-10-08 00:00,,,https://www.youtube.com/channel/UCu4bxzFwnFQQ28i5QvxlXjw
UCS-8vxbyxNh33oljWrfNrcQ,@みかん-mi-g2n,24,2年,Member (2 years),,不明,,,2,3,0,2026-09-21 05:00,2026-09-29 05:00,,,https://www.youtube.com/channel/UCS-8vxbyxNh33oljWrfNrcQ
UCSP1m7uSiYGJaAKBpH3albg,@みゅてゃ,24,2年,Member (2 years),,不明,,,2,2,0,2026-09-21 05:00,2026-09-22 22:33,,,https://www.youtube.com/channel/UCSP1m7uSiYGJaAKBpH3albg
UC2rkvL_F-k2YNUoObEBOT8g,@kasumi8800,24,2年,Member (2 years),,不明,,,2,9,0,2026-09-21 05:00,2026-10-06 20:31,,,https://www.youtube.com/channel/UC2rkvL_F-k2YNUoObEBOT8g
UC1GEvbnGOqtATtvx1ODF75w,@user-oy7bl4rd3n,24,2年,Member (2 years),,不明,,,2,2,0,2026-09-21 05:00,2026-10-06 20:31,,,https://www.youtube.com/channel/UC1GEvbnGOqtATtvx1ODF75w
UCCgv6x0MM4k8W_mhJkn3oUQ,@nono-lii,24,2年,Member (2 years),,不明,,,2,10,0,2026-09-21 05:00,2026-09-29 05:00,,,https://www.youtube.com/channel/UCCgv6x0MM4k8W_mhJkn3oUQ
UCVYykJyL6xYBy9qki6lvXZg,@SakuraLatte22,24,2年,Member (2 years),,不明,,,2,2,0,2026-09-21 05:00,2026-09-24 05:04,,,https://www.youtube.com/channel/UCVYykJyL6xYBy9qki6lvXZg
UClVoW7IGUU3oXQ4aFopNF-w,@蒼馬-p6w,24,2年,Member (2 years),,不明,,,2,2,0,2026-09-21 05:00,2026-09-22 22:33,,,https://www.youtube.com/channel/UClVoW7IGUU3oXQ4aFopNF-w
UCV2gCugMv173kF0T2GeIczw,@汐-37,24,2年,Member (2 years),,不明,,,2,2,0,2026-09-21 05:00,2026-10-06 20:31,,,https://www.youtube.com/channel/UCV2gCugMv173kF0T2GeIczw
UCm_VRK1Ff9OFdu4aSCxWgmA,@きゃんでぃ-p1y,24,2年,Member (2 years),,不明,,,2,3,0,2026-09-21 05:00,2026-09-24 05:04,,,https://www.youtube.com/channel/UCm_VRK1Ff9OFdu4aSCxWgmA
UCrMDYLTRSshIJ5IcMU3-v2A,@pwmn_307,24,2年,Member (2 years),,不明,,,2,8,0,2026-09-22 22:33,2026-10-04 17:40,,,https://www.youtube.com/channel/UCrMDYLTRSshIJ5IcMU3-v2A
UCZZ5OaNuZA1qaMWI6aGmkNA,@きらりん-o2k,24,2年,Member (2 years),,不明,,,2,2,0,2026-09-22 22:33,2026-10-08 00:00,,,https://www.youtube.com/channel/UCZZ5OaNuZA1qaMWI6aGmkNA
UCMqDsdoI9C_OVNlvmDNr4MQ,@double6329,24,2年,Member (2 years),,不明,,,2,4,0,2026-09-22 22:33,2026-10-01 20:48,,,https://www.youtube.com/channel/UCMqDsdoI9C_OVNlvmDNr4MQ
UCpA9rugUc_3N_wRB6KFbfVg,@munya_inu_wan,24,2年,Member (2 years),,不明,,,2,5,0,2026-09-22 22:33,2026-09-30 21:03,,,https://www.youtube.com/channel/UCpA9rugUc_3N_wRB6KFbfVg
UC42Uin6brZJ2ONKFnofztVw,@rena_oO,24,2年,Member (2 years),,不明,,,2,2,0,2026-09-22 22:33,2026-09-30 21:03,,,https://www.youtube.com/channel/UC42Uin6brZJ2ONKFnofztVw
UCY6qCCMlZXL2WjgrWC_Pauw,@KDUCTS4,24,2年,Member (2 years),,不明,,,2,5,0,2026-09-22 22:33,2026-10-03 20:59,,,https://www.youtube.com/channel/UCY6qCCMlZXL2WjgrWC_Pauw
UCfGQQU6VJ4dkIGDMf-Fq-KA,@fuwafuwa_s2,24,2年,Member (2 years),,不明,,,2,2,0,2026-09-22 22:33,2026-10-04 17:40,,,https://www.youtube.com/channel/UCfGQQU6VJ4dkIGDMf-Fq-KA
UCvr7V6NS4JoL6IqvQJn2zMg,@ria0309,24,2年,Member (2 years),,不明,,,2,9,0,2026-09-22 22:33,2026-10-01 20:48,,,https://www.youtube.com/channel/UCvr7V6NS4JoL6IqvQJn2zMg
UCVOETF8kxXDvhsriaLpVCQQ,@zzz眠zzz,24,2年,Member (2 years),,不明,,,2,3,0,2026-09-22 22:33,2026-09-24 05:04,,,https://www.youtube.com/channel/UCVOETF8kxXDvhsriaLpVCQQ
UCXAuiGHZYd7eGe-FUK0DCmQ,@jyouyousya,24,2年,Member (2 years),,不明,,,2,2,0,2026-09-22 22:33,2026-10-08 00:00,,,https://www.youtube.com/channel/UCXAuiGHZYd7eGe-FUK0DCmQ
UCe0MqioY6wtWa1vY5-szFCw,@nanachan8359,24,2年,Member (2 years),,不明,,,2,8,0,2026-09-24 05:04,2026-09-29 05:00,,,https://www.youtube.com/channel/UCe0MqioY6wtWa1vY5-szFCw
UC7KDoCIB3JnOsBlYEesXDbg,@朝倉-d1w,24,2年,Member (2 years),,不明,,,2,2,0,2026-09-24 05:04,2026-10-04 17:40,,,https://www.youtube.com/channel/UC7KDoCIB3JnOsBlYEesXDbg
UC6GsAgYvzlNs4qHBSuQa2Uw,@Lw_nm0170,24,2年,Member (2 years),,不明,,,2,7,0,2026-09-24 05:04,2026-09-29 05:00,,,https://www.youtube.com/channel/UC6GsAgYvzlNs4qHBSuQa2Uw
UCnCsjrjixL_zBHZVsWayM4A,@かにはんぺん,24,2年,Member (2 years),,不明,,,2,4,0,2026-09-24 05:04,2026-10-06 20:31,,,https://www.youtube.com/channel/UCnCsjrjixL_zBHZVsWayM4A
UCFNE9nuY7-xXOuT87A_E6qQ,@Yufu_subsub,24,2年,Member (2 years),,不明,,,2,4,0,2026-09-24 05:04,2026-09-26 05:01,,,https://www.youtube.com/channel/UCFNE9nuY7-xXOuT87A_E6qQ
UCmwiLpdqY1bWY5mPz6H3-Ag,@ちむ28,24,2年,Member (2 years),,不明,,,2,16,0,2026-09-24 05:04,2026-09-29 05:00,,,https://www.youtube.com/channel/UCmwiLpdqY1bWY5mPz6H3-Ag
UCRanRLrXND0xITIovxVixuA,@うーdesuga_nanika,24,2年,Member (2 years),,不明,,,2,3,0,2026-09-24 05:04,2026-09-26 05:01,,,https://www.youtube.com/channel/UCRanRLrXND0xITIovxVixuA
UCSq_Sx9QN4g02F441Nwxi6A,@rutsu_xx,24,2年,Member (2 years),,不明,,,2,2,0,2026-09-26 05:01,2026-10-01 20:48,,,https://www.youtube.com/channel/UCSq_Sx9QN4g02F441Nwxi6A
UCMlEezKNibvkuOTJ6w5eUFg,@やのゆ_yy9n6ef,24,2年,Member (2 years),,不明,,,2,2,0,2026-09-26 05:01,2026-10-06 20:31,,,https://www.youtube.com/channel/UCMlEezKNibvkuOTJ6w5eUFg
UC4Ob0oQpL0Jpfp0QGMs6t_A,@haru5777,24,2年,Member (2 years),,不明,,,2,2,0,2026-09-26 05:01,2026-09-29 05:00,,,https://www.youtube.com/channel/UC4Ob0oQpL0Jpfp0QGMs6t_A
UC8EnFni3px8sCXJpqsnyCBg,@PBF69F4,24,2年,Member (2 years),,不明,,,2,2,0,2026-09-26 05:01,2026-10-04 17:40,,,https://www.youtube.com/channel/UC8EnFni3px8sCXJpqsnyCBg
UCrK5jHohu7zLJXtNX_fKRhQ,@371O46_もる,24,2年,Member (2 years),,不明,,,2,2,0,2026-09-26 05:01,2026-10-08 00:00,,,https://www.youtube.com/channel/UCrK5jHohu7zLJXtNX_fKRhQ
UC3eSjMxIrDwUCk2yFaiowvA,@--1056,24,2年,Member (2 years),,不明,,,2,3,0,2026-09-27 06:00,2026-09-29 05:00,,,https://www.youtube.com/channel/UC3eSjMxIrDwUCk2yFaiowvA
UCd3PNHaDyar_03YJFvE2p2g,@こむら返り-i2q,24,2年,Member (2 years),,不明,,,2,4,0,2026-09-27 06:00,2026-10-06 20:31,,,https://www.youtube.com/channel/UCd3PNHaDyar_03YJFvE2p2g
UCTXSy2Hi3o-fegQ7ijh_BKA,@める-g7l,24,2年,Member (2 years),,不明,,,2,4,0,2026-09-27 06:00,2026-10-06 20:31,,,https://www.youtube.com/channel/UCTXSy2Hi3o-fegQ7ijh_BKA
UCweSWfJrwVMG-qTz_IbBLEA,@me2me1me3,24,2年,Member (2 years),,不明,,,2,2,0,2026-09-29 05:00,2026-10-06 20:31,,,https://www.youtube.com/channel/UCweSWfJrwVMG-qTz_IbBLEA
UCHgb4i5iCNohHKuOl8ULI_Q,@桜餅-mochi,24,2年,Member (2 years),,不明,,,2,2,0,2026-09-29 05:00,2026-10-02 21:00,,,https://www.youtube.com/channel/UCHgb4i5iCNohHKuOl8ULI_Q
UCSFiioCLE4SG0LDeGpmF0qQ,@Tuaner0418,24,2年,Member (2 years),,不明,,,2,2,0,2026-09-29 05:00,2026-10-06 20:31,,,https://www.youtube.com/channel/UCSFiioCLE4SG0LDeGpmF0qQ
UCTohgXeFV9Jdll47aTylSGw,@nnyannyaaa,24,2年,Member (2 years),,不明,,,2,3,0,2026-09-30 21:03,2026-10-04 17:40,,,https://www.youtube.com/channel/UCTohgXeFV9Jdll47aTylSGw
UCj4A5RM2Nwd6H60qfaAS7EA,@minerva_athene,24,2年,Member (2 years),,不明,,,2,2,0,2026-09-30 21:03,2026-10-04 17:40,,,https://www.youtube.com/channel/UCj4A5RM2Nwd6H60qfaAS7EA
UCQv-z00Hfi3FDwB-cYxx42Q,@mame3399,24,2年,Member (2 years),,不明,,,2,9,0,2026-09-30 21:03,2026-10-01 20:48,,,https://www.youtube.com/channel/UCQv-z00Hfi3FDwB-cYxx42Q
UCCEIdU1QSaQAQyF1HZtV4Ow,@na_na_na7,24,2年,Member (2 years),,不明,,,2,3,0,2026-10-01 20:48,2026-10-06 20:31,,,https://www.youtube.com/channel/UCCEIdU1QSaQAQyF1HZtV4Ow
UCpSY2AFIc0S5K-MfrS-R3LA,@shim_izu,24,2年,Member (2 years),,不明,,,2,5,0,2026-10-01 20:48,2026-10-02 21:00,,,https://www.youtube.com/channel/UCpSY2AFIc0S5K-MfrS-R3LA
UCmQnvStv8PYLradoUCiHUtg,@raki5771,24,2年,Member (2 years),,不明,,,2,4,0,2026-10-01 20:48,2026-10-04 17:40,,,https://www.youtube.com/channel/UCmQnvStv8PYLradoUCiHUtg
UC8qlVsV0gBbjT9O04M7UdVQ,@yukke_9578,24,2年,Member (2 years),,不明,,,2,5,0,2026-10-01 20:48,2026-10-04 17:40,,,https://www.youtube.com/channel/UC8qlVsV0gBbjT9O04M7UdVQ
UCxFjRcXocZksQkTFax4bFFQ,@vv-nt5md,24,2年,Member (2 years),,不明,,,2,2,0,2026-10-02 21:00,2026-10-04 17:40,,,https://www.youtube.com/channel/UCxFjRcXocZksQkTFax4bFFQ
UCwFA5ke0u9-Er_UgKxFFUEQ,@きき-n9z,24,2年,Member (2 years),,不明,,,2,4,0,2026-10-02 21:00,2026-10-04 17:40,,,https://www.youtube.com/channel/UCwFA5ke0u9-Er_UgKxFFUEQ
UCzPr16FG4-lGswj-Uggi8Uw,@mementos_28,24,2年,Member (2 years),,不明,,,2,2,0,2026-10-02 21:00,2026-10-06 20:31,,,https://www.youtube.com/channel/UCzPr16FG4-lGswj-Uggi8Uw
UCAoUD3IyflGhKkZ3XGxUXVA,@tkgr5186,24,2年,Member (2 years),,不明,,,2,2,0,2026-10-02 21:00,2026-10-04 17:40,,,https://www.youtube.com/channel/UCAoUD3IyflGhKkZ3XGxUXVA
UC80HoHaOOt4whaP8MARCq3A,@ともこ豊358,24,2年,Member (2 years),,不明,,,2,7,0,2026-10-03 20:59,2026-10-08 00:00,,,https://www.youtube.com/channel/UC80HoHaOOt4whaP8MARCq3A
UC1r-rXlKM41Zsg5gVmivDBQ,@いろは-u5l,24,2年,Member (2 years),,不明,,,2,2,0,2026-10-04 17:40,2026-10-06 20:31,,,https://www.youtube.com/channel/UC1r-rXlKM41Zsg5gVmivDBQ
UCvupB_PW8raMi0ig5N-o2hA,@れん-p6e2z,24,2年,Member (2 years),,不明,,,2,2,0,2026-10-04 17:40,2026-10-06 20:31,,,https://www.youtube.com/channel/UCvupB_PW8raMi0ig5N-o2hA
UCLtP3b2FLnXLrl5MrWqrZGg,@o1sumi07,24,2年,Member (2 years),,不明,,,2,2,0,2026-10-04 17:40,2026-10-06 20:31,,,https://www.youtube.com/channel/UCLtP3b2FLnXLrl5MrWqrZGg
UC31sgA5JF_-Ob8NLqIwa6mA,@sinonome_kanata,24,2年,Member (2 years),,不明,,,2,5,0,2026-10-06 20:31,2026-10-08 00:00,,,https://www.youtube.com/channel/UC31sgA5JF_-Ob8NLqIwa6mA
UC2DHu9LJQyRoIBP88muf3YA,@みぃ-r2r5d,24,2年,Member (2 years),,不明,,,1,2,0,2026-09-09 05:37,2026-09-09 05:37,,,https://www.youtube.com/channel/UC2DHu9LJQyRoIBP88muf3YA
UCoQC6doH7XITQul1Tg6L8XQ,@ひちャーん,24,2年,Member (2 years),,不明,,,1,3,0,2026-09-09 05:37,2026-09-09 05:37,,,https://www.youtube.com/channel/UCoQC6doH7XITQul1Tg6L8XQ
UCrvRSt15TXMc0FsBBx_bzfg,@gerbera6524,24,2年,Member (2 years),,不明,,,1,1,0,2026-09-09 05:37,2026-09-09 05:37,,,https://www.youtube.com/channel/UCrvRSt15TXMc0FsBBx_bzfg
UCMIlxE3O3JHcBQAeaHpnoHQ,@fuya_m,24,2年,Member (2 years),,不明,,,1,5,0,2026-09-09 05:37,2026-09-09 05:37,,,https://www.youtube.com/channel/UCMIlxE3O3JHcBQAeaHpnoHQ
UCGAjlzFFfP3iho1JXS4CTvQ,@はちめ-i2m,24,2年,Member (2 years),,不明,,,1,1,0,2026-09-09 05:37,2026-09-09 05:37,,,https://www.youtube.com/channel/UCGAjlzFFfP3iho1JXS4CTvQ
UCgDRInicOSxvD8jCMzrm-uA,@yori3_nm,24,2年,Member (2 years),,不明,,,1,1,0,2026-09-09 05:37,2026-09-09 05:37,,,https://www.youtube.com/channel/UCgDRInicOSxvD8jCMzrm-uA
UCICMPnrpDwQmLitBPy6d0mg,@mrng__f,24,2年,Member (2 years),,不明,,,1,1,0,2026-09-09 05:37,2026-09-09 05:37,,,https://www.youtube.com/channel/UCICMPnrpDwQmLitBPy6d0mg
UCARNEPcXFzA4OXlk6T1xNGA,@ぴのこ-g2y,24,2年,Member (2 years),,不明,,,1,2,0,2026-09-09 05:37,2026-09-09 05:37,,,https://www.youtube.com/channel/UCARNEPcXFzA4OXlk6T1xNGA
UCwZVzQuf9Mai07sM5GnPXFQ,@kano3440,24,2年,Member (2 years),,不明,,,1,1,0,2026-09-09 05:37,2026-09-09 05:37,,,https://www.youtube.com/channel/UCwZVzQuf9Mai07sM5GnPXFQ
UCHM-2rVvu2GEUJSC0Hbjcew,@みり-f,24,2年,Member (2 years),,不明,,,1,1,0,2026-09-09 05:37,2026-09-09 05:37,,,https://www.youtube.com/channel/UCHM-2rVvu2GEUJSC0Hbjcew
UCKs2CSuQOLOa8ATVH5PGmPA,@ロmi,24,2年,Member (2 years),,不明,,,1,1,0,2026-09-09 05:37,2026-09-09 05:37,,,https://www.youtube.com/channel/UCKs2CSuQOLOa8ATVH5PGmPA
UCt6XR2-SdMfWDoWje8KmDfw,@おはな-g7y,24,2年,Member (2 years),,不明,,,1,1,0,2026-09-09 05:37,2026-09-09 05:37,,,https://www.youtube.com/channel/UCt6XR2-SdMfWDoWje8KmDfw
UCi6uCtJqJ6ss02ARmw_lfww,@杏仁豆腐oO,24,2年,Member (2 years),,不明,,,1,1,0,2026-09-09 05:37,2026-09-09 05:37,,,https://www.youtube.com/channel/UCi6uCtJqJ6ss02ARmw_lfww
UCerqKV6oQKUXnvwJ-hijEEg,@ゆっち-y3f,24,2年,Member (2 years),,不明,,,1,1,0,2026-09-09 05:37,2026-09-09 05:37,,,https://www.youtube.com/channel/UCerqKV6oQKUXnvwJ-hijEEg
UClbDiZ31Xf8ED-_a5Pp2Gkw,@rarawagu,24,2年,Member (2 years),,不明,,,1,1,0,2026-09-09 05:37,2026-09-09 05:37,,,https://www.youtube.com/channel/UClbDiZ31Xf8ED-_a5Pp2Gkw
UClmFurvBSzsOiKR7kOC9Y5Q,@ぷみみ-o9i,24,2年,Member (2 years),,不明,,,1,1,0,2026-09-09 05:37,2026-09-09 05:37,,,https://www.youtube.com/channel/UClmFurvBSzsOiKR7kOC9Y5Q
UCRsurvG8P-KkaVKi1I1rD7w,@えびちり-f6j5x,24,2年,Member (2 years),,不明,,,1,1,0,2026-09-09 05:37,2026-09-09 05:37,,,https://www.youtube.com/channel/UCRsurvG8P-KkaVKi1I1rD7w
UC_zk6NM6IENm9g_RKf2pcMQ,@あかさたなUxU,24,2年,Member (2 years),,不明,,,1,1,0,2026-09-09 05:37,2026-09-09 05:37,,,https://www.youtube.com/channel/UC_zk6NM6IENm9g_RKf2pcMQ
UComScFfqUUVOh5UOfeczBjA,@ai_870,24,2年,Member (2 years),,不明,,,1,1,0,2026-09-09 05:37,2026-09-09 05:37,,,https://www.youtube.com/channel/UComScFfqUUVOh5UOfeczBjA
UCoWKA7YzTAgvubUS9Cuh1Ig,@きゃ-v8r,24,2年,Member (2 years),,不明,,,1,1,0,2026-09-09 05:37,2026-09-09 05:37,,,https://www.youtube.com/channel/UCoWKA7YzTAgvubUS9Cuh1Ig
UCQasTT3-Zv7xyCQ48PGZqSA,@さぎのs,24,2年,Member (2 years),,不明,,,1,1,0,2026-09-09 05:37,2026-09-09 05:37,,,https://www.youtube.com/channel/UCQasTT3-Zv7xyCQ48PGZqSA
UCZbupO_RINPfbIsVYzBRpeQ,@poyonpoyonpo,24,2年,Member (2 years),,不明,,,1,1,0,2026-09-09 05:37,2026-09-09 05:37,,,https://www.youtube.com/channel/UCZbupO_RINPfbIsVYzBRpeQ
UCI4NJx6nF5iftnaKTCBUoEQ,@紫音-g3t,24,2年,Member (2 years),,不明,,,1,1,0,2026-09-14 07:00,2026-09-14 07:00,,,https://www.youtube.com/channel/UCI4NJx6nF5iftnaKTCBUoEQ
UCAPTFL09XroiLOLhBGO4Hdw,@千景-z3u,24,2年,Member (2 years),,不明,,,1,1,0,2026-09-14 07:00,2026-09-14 07:00,,,https://www.youtube.com/channel/UCAPTFL09XroiLOLhBGO4Hdw
UC0CXQlfh4q3Hn-cmP2JwmlQ,@12Helen12,24,2年,Member (2 years),,不明,,,1,4,0,2026-09-14 07:00,2026-09-14 07:00,,,https://www.youtube.com/channel/UC0CXQlfh4q3Hn-cmP2JwmlQ
UC1DwVw_xf5qtjpxCcdMrqhA,@mimi_23-m6e,24,2年,Member (2 years),,不明,,,1,1,0,2026-09-14 07:00,2026-09-14 07:00,,,https://www.youtube.com/channel/UC1DwVw_xf5qtjpxCcdMrqhA
UC0ViqxBLfnaifGYgQfF9F1Q,@ここママ-z1c,24,2年,Member (2 years),,不明,,,1,2,0,2026-09-14 07:00,2026-09-14 07:00,,,https://www.youtube.com/channel/UC0ViqxBLfnaifGYgQfF9F1Q
UCMcEmeWzmbHogdqm-adKw-g,@たりな_N24,24,2年,Member (2 years),,不明,,,1,1,0,2026-09-14 07:00,2026-09-14 07:00,,,https://www.youtube.com/channel/UCMcEmeWzmbHogdqm-adKw-g
UCXtbFpKPr1emRozNFVOatGQ,@かにかに-m5c,24,2年,Member (2 years),,不明,,,1,1,0,2026-09-14 07:00,2026-09-14 07:00,,,https://www.youtube.com/channel/UCXtbFpKPr1emRozNFVOatGQ
UCf77sSkY0VH_qR2_YQtzkWA,@りか-t9v,24,2年,Member (2 years),,不明,,,1,1,0,2026-09-14 07:00,2026-09-14 07:00,,,https://www.youtube.com/channel/UCf77sSkY0VH_qR2_YQtzkWA
UCkeUiMHVdOfiasvAo_MGuew,@ねこのnn,24,2年,Member (2 years),,不明,,,1,1,0,2026-09-14 07:00,2026-09-14 07:00,,,https://www.youtube.com/channel/UCkeUiMHVdOfiasvAo_MGuew
UCkezEi_U419DQtwufd07Y6Q,@紫音-シオン-m3,24,2年,Member (2 years),,不明,,,1,7,0,2026-09-14 07:00,2026-09-14 07:00,,,https://www.youtube.com/channel/UCkezEi_U419DQtwufd07Y6Q
UCvYSR0unLFOClb8FwCpI9NA,@なの-g8b,24,2年,Member (2 years),,不明,,,1,20,0,2026-09-14 07:00,2026-09-14 07:00,,,https://www.youtube.com/channel/UCvYSR0unLFOClb8FwCpI9NA
UCfLsPBxqCnn-c-ToIZW3ZoQ,@やふか-u3o,24,2年,Member (2 years),,不明,,,1,1,0,2026-09-14 07:00,2026-09-14 07:00,,,https://www.youtube.com/channel/UCfLsPBxqCnn-c-ToIZW3ZoQ
UCAh5CtViDtH4yHMSSu2GpaQ,@ひひ-d8x,24,2年,Member (2 years),,不明,,,1,1,0,2026-09-14 07:00,2026-09-14 07:00,,,https://www.youtube.com/channel/UCAh5CtViDtH4yHMSSu2GpaQ
UC4dCJyKVAGLK0RK11DxmeLw,@れもん_2525v,24,2年,Member (2 years),,不明,,,1,2,0,2026-09-14 07:00,2026-09-14 07:00,,,https://www.youtube.com/channel/UC4dCJyKVAGLK0RK11DxmeLw
UCgepd51LJn5uS8xfIKhk_fQ,@pe_nachu,24,2年,Member (2 years),,不明,,,1,9,0,2026-09-14 07:00,2026-09-14 07:00,,,https://www.youtube.com/channel/UCgepd51LJn5uS8xfIKhk_fQ
UCVf3N7o9LpN35Wf3o3lYH2g,@pto_ff3,24,2年,Member (2 years),,不明,,,1,2,0,2026-09-14 07:00,2026-09-14 07:00,,,https://www.youtube.com/channel/UCVf3N7o9LpN35Wf3o3lYH2g
UC8ggVtEIPc4GWeH3zudM1qA,@いもいも-n8b,24,2年,Member (2 years),,不明,,,1,1,0,2026-09-14 07:00,2026-09-14 07:00,,,https://www.youtube.com/channel/UC8ggVtEIPc4GWeH3zudM1qA
UCeFCCaCijPdP6-DGoQkG0-w,@ねこ-g8l1i,24,2年,Member (2 years),,不明,,,1,1,0,2026-09-14 07:00,2026-09-14 07:00,,,https://www.youtube.com/channel/UCeFCCaCijPdP6-DGoQkG0-w
UCknxDO3zWZN1WBYu2waJrQw,@reagenlai220,24,2年,Member (2 years),,不明,,,1,25,0,2026-09-14 07:00,2026-09-14 07:00,,,https://www.youtube.com/channel/UCknxDO3zWZN1WBYu2waJrQw
UCcrEyLFSNTF5b0kpmwL8-kw,@Yちゃ0,24,2年,Member (2 years),,不明,,,1,3,0,2026-09-14 07:00,2026-09-14 07:00,,,https://www.youtube.com/channel/UCcrEyLFSNTF5b0kpmwL8-kw
UC28TDCIu0-_H7pyNbK3bctg,@べンヌ,24,2年,Member (2 years),,不明,,,1,17,0,2026-09-14 07:00,2026-09-14 07:00,,,https://www.youtube.com/channel/UC28TDCIu0-_H7pyNbK3bctg
UC7rorFgzErLBkCSDZ5lN5rg,@unagi-l3n,24,2年,Member (2 years),,不明,,,1,3,0,2026-09-14 07:00,2026-09-14 07:00,,,https://www.youtube.com/channel/UC7rorFgzErLBkCSDZ5lN5rg
UCd5STugpWz9XONc_FWgt76Q,@kasen__25,24,2年,Member (2 years),,不明,,,1,1,0,2026-09-14 07:00,2026-09-14 07:00,,,https://www.youtube.com/channel/UCd5STugpWz9XONc_FWgt76Q
UCfPLT_HGKdTWQUGQMBRrl0g,@리오-h1r,24,2年,Member (2 years),,不明,,,1,4,0,2026-09-14 07:00,2026-09-14 07:00,,,https://www.youtube.com/channel/UCfPLT_HGKdTWQUGQMBRrl0g
UCgL1rxY889AJdNZWIciVUXg,@ri6840,24,2年,Member (2 years),,不明,,,1,2,0,2026-09-14 07:00,2026-09-14 07:00,,,https://www.youtube.com/channel/UCgL1rxY889AJdNZWIciVUXg
UClPJL_xHv-dDF3MxRy6WzpQ,@Haruko_はるこ,24,2年,Member (2 years),,不明,,,1,9,0,2026-09-14 07:00,2026-09-14 07:00,,,https://www.youtube.com/channel/UClPJL_xHv-dDF3MxRy6WzpQ
UCTlVQKkrmZGswpZdC2xut7A,@ぱいせん-c1q,24,2年,Member (2 years),,不明,,,1,1,0,2026-09-14 07:00,2026-09-14 07:00,,,https://www.youtube.com/channel/UCTlVQKkrmZGswpZdC2xut7A
UCQDO0r-nUXExDFgNTNtn4EA,@ポテロング3,24,2年,Member (2 years),,不明,,,1,2,0,2026-09-14 07:00,2026-09-14 07:00,,,https://www.youtube.com/channel/UCQDO0r-nUXExDFgNTNtn4EA
UC_rxYLcfpc3c0O3nJF0CViQ,@こと-f3h,24,2年,Member (2 years),,不明,,,1,2,0,2026-09-14 07:00,2026-09-14 07:00,,,https://www.youtube.com/channel/UC_rxYLcfpc3c0O3nJF0CViQ
UC5krtZzqzAAEYCA0mntIgxA,@矢野-z6e,24,2年,Member (2 years),,不明,,,1,2,0,2026-09-14 07:00,2026-09-14 07:00,,,https://www.youtube.com/channel/UC5krtZzqzAAEYCA0mntIgxA
UCJljVBiLB9zhEc7iPK7nIBw,@ゆうな-s9h,24,2年,Member (2 years),,不明,,,1,1,0,2026-09-14 07:00,2026-09-14 07:00,,,https://www.youtube.com/channel/UCJljVBiLB9zhEc7iPK7nIBw
UCcC-0Lykgm9ELwGbfUVMUyQ,@porin0418,24,2年,Member (2 years),,不明,,,1,3,0,2026-09-14 07:00,2026-09-14 07:00,,,https://www.youtube.com/channel/UCcC-0Lykgm9ELwGbfUVMUyQ
UCJSWRALQOrrefrMk7kGn6jA,@しあ-neco,24,2年,Member (2 years),,不明,,,1,1,0,2026-09-14 07:00,2026-09-14 07:00,,,https://www.youtube.com/channel/UCJSWRALQOrrefrMk7kGn6jA
UCE-gjjmczN_gKZtgXePsmgw,@なあ-naa,24,2年,Member (2 years),,不明,,,1,1,0,2026-09-14 07:00,2026-09-14 07:00,,,https://www.youtube.com/channel/UCE-gjjmczN_gKZtgXePsmgw
UCeYhuNfEyri10Nf8FR4n6dg,@soppy_w,24,2年,Member (2 years),,不明,,,1,1,0,2026-09-14 07:00,2026-09-14 07:00,,,https://www.youtube.com/channel/UCeYhuNfEyri10Nf8FR4n6dg
UCI30pGkACSysj4Yg2bljDKg,@わだくん,24,2年,Member (2 years),,不明,,,1,1,0,2026-09-14 07:00,2026-09-14 07:00,,,https://www.youtube.com/channel/UCI30pGkACSysj4Yg2bljDKg
UCqsK-ypsDLzD742sP_L7MJQ,@Sco-machacha,24,2年,Member (2 years),,不明,,,1,1,0,2026-09-14 07:00,2026-09-14 07:00,,,https://www.youtube.com/channel/UCqsK-ypsDLzD742sP_L7MJQ
UC1hw232PlRkV7GN74_F9agw,@Aai0452,24,2年,Member (2 years),,不明,,,1,1,0,2026-09-14 07:00,2026-09-14 07:00,,,https://www.youtube.com/channel/UC1hw232PlRkV7GN74_F9agw
UCbezxbga9AhNL-d4yW9E_Ng,@海月-h7j,24,2年,Member (2 years),,不明,,,1,1,0,2026-09-14 07:00,2026-09-14 07:00,,,https://www.youtube.com/channel/UCbezxbga9AhNL-d4yW9E_Ng
UCXX1CJfzZd9ysEtuV5-mQdg,@yu-orz07,24,2年,Member (2 years),,不明,,,1,1,0,2026-09-14 07:00,2026-09-14 07:00,,,https://www.youtube.com/channel/UCXX1CJfzZd9ysEtuV5-mQdg
UCusnRDErH-FOAuK4hri0qsA,@user-yukyari_oO,24,2年,Member (2 years),,不明,,,1,1,0,2026-09-14 07:00,2026-09-14 07:00,,,https://www.youtube.com/channel/UCusnRDErH-FOAuK4hri0qsA
UCpqfhDebuh9h6vccXXwdMvw,@つむ-e6p,24,2年,Member (2 years),,不明,,,1,2,0,2026-09-14 07:00,2026-09-14 07:00,,,https://www.youtube.com/channel/UCpqfhDebuh9h6vccXXwdMvw
UCA-m__shKyhvSEuS7A29Qvg,@あるひと-x1h,24,2年,Member (2 years),,不明,,,1,2,0,2026-09-14 07:00,2026-09-14 07:00,,,https://www.youtube.com/channel/UCA-m__shKyhvSEuS7A29Qvg
UCU_gVkJCRvQQBnrHi_4YhQQ,@wachilaa,24,2年,Member (2 years),,不明,,,1,1,0,2026-09-14 07:00,2026-09-14 07:00,,,https://www.youtube.com/channel/UCU_gVkJCRvQQBnrHi_4YhQQ
UC1mSXcVweAAHy2fS710ZBIw,@user-bb4yi9ud6g,24,2年,Member (2 years),,不明,,,1,1,0,2026-09-14 07:00,2026-09-14 07:00,,,https://www.youtube.com/channel/UC1mSXcVweAAHy2fS710ZBIw
UCqi3Sz4Z5bA_sX7qLCc_w4A,@eringi_0,24,2年,Member (2 years),,不明,,,1,1,0,2026-09-14 07:00,2026-09-14 07:00,,,https://www.youtube.com/channel/UCqi3Sz4Z5bA_sX7qLCc_w4A
UCduTFYT-8eyQvFDoVYsLXsA,@ぱんでみっく,24,2年,Member (2 years),,不明,,,1,1,0,2026-09-14 07:00,2026-09-14 07:00,,,https://www.youtube.com/channel/UCduTFYT-8eyQvFDoVYsLXsA
UC21gTfgLW4ntRTSW-WKsdlw,@かっぴ-u4r,24,2年,Member (2 years),,不明,,,1,1,0,2026-09-14 07:00,2026-09-14 07:00,,,https://www.youtube.com/channel/UC21gTfgLW4ntRTSW-WKsdlw
UCmswBaF0FZYHC3hm8MvQSvQ,@しろ-o6o-g2r,24,2年,Member (2 years),,不明,,,1,1,0,2026-09-14 07:00,2026-09-14 07:00,,,https://www.youtube.com/channel/UCmswBaF0FZYHC3hm8MvQSvQ
UCrUt_HlvnvGc92Is_pJ4RFg,@bisakurai9149,24,2年,Member (2 years),,不明,,,1,1,0,2026-09-14 07:00,2026-09-14 07:00,,,https://www.youtube.com/channel/UCrUt_HlvnvGc92Is_pJ4RFg
UCuHVNF5ZvocVzenfpuh3d4g,@hinako7865,24,2年,Member (2 years),,不明,,,1,1,0,2026-09-14 07:00,2026-09-14 07:00,,,https://www.youtube.com/channel/UCuHVNF5ZvocVzenfpuh3d4g
UCnlQ02vlKis2-6Tvvyo3yYA,@mako3720,24,2年,Member (2 years),,不明,,,1,1,0,2026-09-14 07:00,2026-09-14 07:00,,,https://www.youtube.com/channel/UCnlQ02vlKis2-6Tvvyo3yYA
UCl_QHv2YWDtRVs0KFqUS_7w,@kira-z1d,24,2年,Member (2 years),,不明,,,1,7,0,2026-09-15 20:06,2026-09-15 20:06,,,https://www.youtube.com/channel/UCl_QHv2YWDtRVs0KFqUS_7w
UC3UibRzHbAIQQWVyJj0rYTQ,@ぽme,24,2年,Member (2 years),,不明,,,1,2,0,2026-09-15 20:06,2026-09-15 20:06,,,https://www.youtube.com/channel/UC3UibRzHbAIQQWVyJj0rYTQ
UCd2_Ra3JAiJwuoVoS_UPkfw,@moonblue-love,24,2年,Member (2 years),,不明,,,1,21,0,2026-09-15 20:06,2026-09-15 20:06,,,https://www.youtube.com/channel/UCd2_Ra3JAiJwuoVoS_UPkfw
UCIv5mcOnONqmX9g0VohxvYg,@かなまる-28,24,2年,Member (2 years),,不明,,,1,9,0,2026-09-15 20:06,2026-09-15 20:06,,,https://www.youtube.com/channel/UCIv5mcOnONqmX9g0VohxvYg
UCFHiDHpLTzclP-HO2jD9JEg,@メル-h5n,24,2年,Member (2 years),,不明,,,1,1,0,2026-09-15 20:06,2026-09-15 20:06,,,https://www.youtube.com/channel/UCFHiDHpLTzclP-HO2jD9JEg
UC1Fd6l1UaHlJarC5OxIAbVA,@miogi8412,24,2年,Member (2 years),,不明,,,1,2,0,2026-09-15 20:06,2026-09-15 20:06,,,https://www.youtube.com/channel/UC1Fd6l1UaHlJarC5OxIAbVA
UCvb4kLgqXnOC6NG2zPXljyA,@晃__oO,24,2年,Member (2 years),,不明,,,1,4,0,2026-09-15 20:06,2026-09-15 20:06,,,https://www.youtube.com/channel/UCvb4kLgqXnOC6NG2zPXljyA
UCZHD58evDlRMKfc02QukZyg,@user-ov6bo3yo2g,24,2年,Member (2 years),,不明,,,1,2,0,2026-09-15 20:06,2026-09-15 20:06,,,https://www.youtube.com/channel/UCZHD58evDlRMKfc02QukZyg
UCv9Ih1Bj1_AqbgZpPkYAhDg,@omidayo-u,24,2年,Member (2 years),,不明,,,1,16,0,2026-09-15 20:06,2026-09-15 20:06,,,https://www.youtube.com/channel/UCv9Ih1Bj1_AqbgZpPkYAhDg
UCJ_8TR4vWImMRHn80Ell0Jw,@zzz_suyasuya_zzz,24,2年,Member (2 years),,不明,,,1,1,0,2026-09-15 20:06,2026-09-15 20:06,,,https://www.youtube.com/channel/UCJ_8TR4vWImMRHn80Ell0Jw
UCnF5Nd8S_IEm8B87Ubrq8_A,@ぼせき,24,2年,Member (2 years),,不明,,,1,6,0,2026-09-15 20:06,2026-09-15 20:06,,,https://www.youtube.com/channel/UCnF5Nd8S_IEm8B87Ubrq8_A
UCQJO4PcCXQxIJe5IW0X-nyg,@あきらo-g5z,24,2年,Member (2 years),,不明,,,1,1,0,2026-09-15 20:06,2026-09-15 20:06,,,https://www.youtube.com/channel/UCQJO4PcCXQxIJe5IW0X-nyg
UC_ACRNHOGmACK4LFZA83Yrw,@ちょん01,24,2年,Member (2 years),,不明,,,1,1,0,2026-09-15 20:06,2026-09-15 20:06,,,https://www.youtube.com/channel/UC_ACRNHOGmACK4LFZA83Yrw
UCAvEJQf3KDac5_Wm0hNTxjw,@タキ-XX,24,2年,Member (2 years),,不明,,,1,7,0,2026-09-15 20:06,2026-09-15 20:06,,,https://www.youtube.com/channel/UCAvEJQf3KDac5_Wm0hNTxjw
UCA8-g62AHOcx_eZqfAlZv8A,@MIU_MIYU,24,2年,Member (2 years),,不明,,,1,8,0,2026-09-15 20:06,2026-09-15 20:06,,,https://www.youtube.com/channel/UCA8-g62AHOcx_eZqfAlZv8A
UCJvOmg80VDYQ_HCHVfCmm7w,@turarattyo,24,2年,Member (2 years),,不明,,,1,12,0,2026-09-15 20:06,2026-09-15 20:06,,,https://www.youtube.com/channel/UCJvOmg80VDYQ_HCHVfCmm7w
UCWrNUVKR0pvOF8ogboA-1kw,@唯月_itsuki,24,2年,Member (2 years),,不明,,,1,6,0,2026-09-15 20:06,2026-09-15 20:06,,,https://www.youtube.com/channel/UCWrNUVKR0pvOF8ogboA-1kw
UCrMxTnS_zvjwsElO5DNGMLg,@青冬-aoto,24,2年,Member (2 years),,不明,,,1,1,0,2026-09-15 20:06,2026-09-15 20:06,,,https://www.youtube.com/channel/UCrMxTnS_zvjwsElO5DNGMLg
UCOvkCSDZzEedYIrzXYu78fw,@a_tannanda,24,2年,Member (2 years),,不明,,,1,1,0,2026-09-15 20:06,2026-09-15 20:06,,,https://www.youtube.com/channel/UCOvkCSDZzEedYIrzXYu78fw
UCcy2vda8FfFljfh1epMlTbg,@confetti0413,24,2年,Member (2 years),,不明,,,1,2,0,2026-09-15 20:06,2026-09-15 20:06,,,https://www.youtube.com/channel/UCcy2vda8FfFljfh1epMlTbg
UCQP66lhUYXoyJAaZDGHkBXg,@シュガースクラブ,24,2年,Member (2 years),,不明,,,1,1,0,2026-09-15 20:06,2026-09-15 20:06,,,https://www.youtube.com/channel/UCQP66lhUYXoyJAaZDGHkBXg
UC7FuBG4fmtu-AeCFA4ax09g,@shita_0626,24,2年,Member (2 years),,不明,,,1,1,0,2026-09-15 20:06,2026-09-15 20:06,,,https://www.youtube.com/channel/UC7FuBG4fmtu-AeCFA4ax09g
UCuw415KN7kQH_li9JxHU8eA,@callisto7596,24,2年,Member (2 years),,不明,,,1,2,0,2026-09-15 20:06,2026-09-15 20:06,,,https://www.youtube.com/channel/UCuw415KN7kQH_li9JxHU8eA
UCZIFgUxDHKHggLijvc-Rgzw,@nnj9677,24,2年,Member (2 years),,不明,,,1,1,0,2026-09-15 20:06,2026-09-15 20:06,,,https://www.youtube.com/channel/UCZIFgUxDHKHggLijvc-Rgzw
UCkpH6gv1IsthB70yaOceMjQ,@みつめ-b7p,24,2年,Member (2 years),,不明,,,1,1,0,2026-09-15 20:06,2026-09-15 20:06,,,https://www.youtube.com/channel/UCkpH6gv1IsthB70yaOceMjQ
UCqwDZXAGUO3kHktcB1dUsuw,@みほ-h2g,24,2年,Member (2 years),,不明,,,1,1,0,2026-09-15 20:06,2026-09-15 20:06,,,https://www.youtube.com/channel/UCqwDZXAGUO3kHktcB1dUsuw
UCmNoR7J9F_O7Tl2qZZbNqxQ,@らら-h3l,24,2年,Member (2 years),,不明,,,1,2,0,2026-09-15 20:06,2026-09-15 20:06,,,https://www.youtube.com/channel/UCmNoR7J9F_O7Tl2qZZbNqxQ
UCTonzrTwBHwILn7MDzqxoVw,@養命酒-o3r,24,2年,Member (2 years),,不明,,,1,1,0,2026-09-15 20:06,2026-09-15 20:06,,,https://www.youtube.com/channel/UCTonzrTwBHwILn7MDzqxoVw
UCXXGJzF7z1pCXLQGipvwE2w,@nemuru01,24,2年,Member (2 years),,不明,,,1,4,0,2026-09-15 20:06,2026-09-15 20:06,,,https://www.youtube.com/channel/UCXXGJzF7z1pCXLQGipvwE2w
UCaYXnICsRdpqgBQ4pUkDqrw,@maronnnnnn,24,2年,Member (2 years),,不明,,,1,1,0,2026-09-15 20:06,2026-09-15 20:06,,,https://www.youtube.com/channel/UCaYXnICsRdpqgBQ4pUkDqrw
UCxiYojcJ0NUdyPWhSRXpFKw,@alikuridon,24,2年,Member (2 years),,不明,,,1,10,0,2026-09-15 20:06,2026-09-15 20:06,,,https://www.youtube.com/channel/UCxiYojcJ0NUdyPWhSRXpFKw
UCmIBuxrfMSByj50JeeDdJaw,@りと45,24,2年,Member (2 years),,不明,,,1,3,0,2026-09-15 20:06,2026-09-15 20:06,,,https://www.youtube.com/channel/UCmIBuxrfMSByj50JeeDdJaw
UC9ioPs6Fb3ZfKX32KnN7MLw,@AA-hq3kl,24,2年,Member (2 years),,不明,,,1,4,0,2026-09-15 20:06,2026-09-15 20:06,,,https://www.youtube.com/channel/UC9ioPs6Fb3ZfKX32KnN7MLw
UCst0GoDDMxRaAJvleEFpTow,@pi-su8us,24,2年,Member (2 years),,不明,,,1,3,0,2026-09-15 20:06,2026-09-15 20:06,,,https://www.youtube.com/channel/UCst0GoDDMxRaAJvleEFpTow
UCkN-w5hMLGMYht6d3CUG9bQ,@pukappa,24,2年,Member (2 years),,不明,,,1,1,0,2026-09-15 20:06,2026-09-15 20:06,,,https://www.youtube.com/channel/UCkN-w5hMLGMYht6d3CUG9bQ
UC9hoBCArqAYMRKEjHBlrfvw,@おぽめ_opopo,24,2年,Member (2 years),,不明,,,1,2,0,2026-09-15 20:06,2026-09-15 20:06,,,https://www.youtube.com/channel/UC9hoBCArqAYMRKEjHBlrfvw
UCRPVzLws6QmQEikG68hkUag,@fbm413,24,2年,Member (2 years),,不明,,,1,1,0,2026-09-15 20:06,2026-09-15 20:06,,,https://www.youtube.com/channel/UCRPVzLws6QmQEikG68hkUag
UCJl8aR9mX2_2yBDIx9TqfRA,@さくらもち-r3c,24,2年,Member (2 years),,不明,,,1,2,0,2026-09-15 20:06,2026-09-15 20:06,,,https://www.youtube.com/channel/UCJl8aR9mX2_2yBDIx9TqfRA
UCZ7WNYGcct5wNKryiYB3nww,@もく-h6q,24,2年,Member (2 years),,不明,,,1,1,0,2026-09-15 20:06,2026-09-15 20:06,,,https://www.youtube.com/channel/UCZ7WNYGcct5wNKryiYB3nww
UCxw_oZQDRZ9DU-EAv1cOwww,@ぷんちゃん-f9p,24,2年,Member (2 years),,不明,,,1,1,0,2026-09-15 20:06,2026-09-15 20:06,,,https://www.youtube.com/channel/UCxw_oZQDRZ9DU-EAv1cOwww
UClq3kLeYdjcIT3WZa1q9QZw,@ほかほかほか弁当,24,2年,Member (2 years),,不明,,,1,1,1,2026-09-15 20:06,2026-09-15 20:06,,,https://www.youtube.com/channel/UClq3kLeYdjcIT3WZa1q9QZw
UCWsR_Xr2Z87o8kaompoZ-6A,@maruri7,24,2年,Member (2 years),,不明,,,1,1,0,2026-09-15 20:06,2026-09-15 20:06,,,https://www.youtube.com/channel/UCWsR_Xr2Z87o8kaompoZ-6A
UC1hyj-2qQuHc9WszUfYipJw,@たごさく-c6v,24,2年,Member (2 years),,不明,,,1,1,0,2026-09-15 20:06,2026-09-15 20:06,,,https://www.youtube.com/channel/UC1hyj-2qQuHc9WszUfYipJw
UClEQhbG0GmvsMknQN7Qxaww,@ywtkwif,24,2年,Member (2 years),,不明,,,1,2,0,2026-09-15 20:06,2026-09-15 20:06,,,https://www.youtube.com/channel/UClEQhbG0GmvsMknQN7Qxaww
UCIgWB0Qve2V62DDDuQ54ByA,@乙葉-t1n,24,2年,Member (2 years),,不明,,,1,7,0,2026-09-15 20:06,2026-09-15 20:06,,,https://www.youtube.com/channel/UCIgWB0Qve2V62DDDuQ54ByA
UCv0WufSTzHsFO8ukJRSvlcw,@im_mi7,24,2年,Member (2 years),,不明,,,1,1,0,2026-09-15 20:06,2026-09-15 20:06,,,https://www.youtube.com/channel/UCv0WufSTzHsFO8ukJRSvlcw
UCEbCLOszTC0Bq4tVNN4MdkA,@ときれいな,24,2年,Member (2 years),,不明,,,1,2,0,2026-09-15 20:06,2026-09-15 20:06,,,https://www.youtube.com/channel/UCEbCLOszTC0Bq4tVNN4MdkA
UCh8aWMQuc22yNNne5ztjajw,@ミラクルみづきチャン,24,2年,Member (2 years),,不明,,,1,1,0,2026-09-15 20:06,2026-09-15 20:06,,,https://www.youtube.com/channel/UCh8aWMQuc22yNNne5ztjajw
UCgpkOjUtKfPL4VzzT8jbyIA,@noka6341,24,2年,Member (2 years),,不明,,,1,1,0,2026-09-15 20:06,2026-09-15 20:06,,,https://www.youtube.com/channel/UCgpkOjUtKfPL4VzzT8jbyIA
UC4sYasJk7sSiX2gsTeSaQRw,@しゃんしゃん_hm,24,2年,Member (2 years),,不明,,,1,1,0,2026-09-15 20:06,2026-09-15 20:06,,,https://www.youtube.com/channel/UC4sYasJk7sSiX2gsTeSaQRw
UC-DzBF42gnTsakb_MoYPcdA,@youko_1294,24,2年,Member (2 years),,不明,,,1,1,0,2026-09-15 20:06,2026-09-15 20:06,,,https://www.youtube.com/channel/UC-DzBF42gnTsakb_MoYPcdA
UC6LYJYrBxWz5S-jxX9xfwUQ,@mutuyu,24,2年,Member (2 years),,不明,,,1,1,0,2026-09-15 20:06,2026-09-15 20:06,,,https://www.youtube.com/channel/UC6LYJYrBxWz5S-jxX9xfwUQ
UCju_4LDnu7x-_KHNqXCD51Q,@音-q2t,24,2年,Member (2 years),,不明,,,1,2,0,2026-09-15 20:06,2026-09-15 20:06,,,https://www.youtube.com/channel/UCju_4LDnu7x-_KHNqXCD51Q
UCAPW7dmf1WZ5BJj2Zlxp5_Q,@かやこなつ,24,2年,Member (2 years),,不明,,,1,1,0,2026-09-15 20:06,2026-09-15 20:06,,,https://www.youtube.com/channel/UCAPW7dmf1WZ5BJj2Zlxp5_Q
UCyqD306y3RgEzKSHkKX0Ziw,@蚕-z5u,24,2年,Member (2 years),,不明,,,1,1,0,2026-09-15 20:06,2026-09-15 20:06,,,https://www.youtube.com/channel/UCyqD306y3RgEzKSHkKX0Ziw
UCNpm_dyQ6A4x2eWnTTHXmqg,@atari001,24,2年,Member (2 years),,不明,,,1,1,0,2026-09-15 20:06,2026-09-15 20:06,,,https://www.youtube.com/channel/UCNpm_dyQ6A4x2eWnTTHXmqg
UCoodIDDu-BEZIllPUGzEq1g,@f8w-かずは,24,2年,Member (2 years),,不明,,,1,1,0,2026-09-15 20:06,2026-09-15 20:06,,,https://www.youtube.com/channel/UCoodIDDu-BEZIllPUGzEq1g
UC6sV93drKgd_TGiFko1m_Ag,@RinchaU·x·U,24,2年,Member (2 years),,不明,,,1,1,0,2026-09-15 20:06,2026-09-15 20:06,,,https://www.youtube.com/channel/UC6sV93drKgd_TGiFko1m_Ag
UCrl15ZLRzQJdjC2606hdTuA,@sumomooooooo,24,2年,Member (2 years),,不明,,,1,1,0,2026-09-15 20:06,2026-09-15 20:06,,,https://www.youtube.com/channel/UCrl15ZLRzQJdjC2606hdTuA
UCJ3IXs6_QCMAguLOxhZssOw,@nyon-q6x,24,2年,Member (2 years),,不明,,,1,3,0,2026-09-16 05:01,2026-09-16 05:01,,,https://www.youtube.com/channel/UCJ3IXs6_QCMAguLOxhZssOw
UCrQc3o2t8IG_s2awi5tiRpQ,@パイナップル-j3h,24,2年,Member (2 years),,不明,,,1,1,0,2026-09-16 05:01,2026-09-16 05:01,,,https://www.youtube.com/channel/UCrQc3o2t8IG_s2awi5tiRpQ
UC1RmTk56uOgcljwspD3GtvQ,@fw_mn17,24,2年,Member (2 years),,不明,,,1,1,0,2026-09-16 05:01,2026-09-16 05:01,,,https://www.youtube.com/channel/UC1RmTk56uOgcljwspD3GtvQ
UCg4zKhwHya1wWE971_WjIow,@milk_1139,24,2年,Member (2 years),,不明,,,1,1,0,2026-09-16 05:01,2026-09-16 05:01,,,https://www.youtube.com/channel/UCg4zKhwHya1wWE971_WjIow
UC08zcrJUlLL0SZ9DatSq9jQ,@みぽりーーーん,24,2年,Member (2 years),,不明,,,1,7,0,2026-09-16 05:01,2026-09-16 05:01,,,https://www.youtube.com/channel/UC08zcrJUlLL0SZ9DatSq9jQ
UCLyF3PO_iOizBDBv1hQ-Pzg,@ぱメた,24,2年,Member (2 years),,不明,,,1,1,0,2026-09-16 05:01,2026-09-16 05:01,,,https://www.youtube.com/channel/UCLyF3PO_iOizBDBv1hQ-Pzg
UCQWZUTmpdLeNxAQkgWmZRyw,@miki_tea_1113,24,2年,Member (2 years),,不明,,,1,1,0,2026-09-16 05:01,2026-09-16 05:01,,,https://www.youtube.com/channel/UCQWZUTmpdLeNxAQkgWmZRyw
UCxoxdiGzJN0649GzDYmI_hA,@Amutanmen,24,2年,Member (2 years),,不明,,,1,1,0,2026-09-16 05:01,2026-09-16 05:01,,,https://www.youtube.com/channel/UCxoxdiGzJN0649GzDYmI_hA
UCumUak1FdfY8fExYUOvNsjw,@yychihibb,24,2年,Member (2 years),,不明,,,1,1,0,2026-09-16 05:01,2026-09-16 05:01,,,https://www.youtube.com/channel/UCumUak1FdfY8fExYUOvNsjw
UCYe7gd9NNfF1FvPjklSGsFQ,@あんずてゃてゃ,24,2年,Member (2 years),,不破狂,再加入/レベル変更,,1,57,0,2026-09-16 05:01,2026-09-16 05:01,,,https://www.youtube.com/channel/UCYe7gd9NNfF1FvPjklSGsFQ
UCOxIxViCLIpSzafNm2dK4ww,@user-dom_2002_alex,24,2年,Member (2 years),,不明,,,1,1,0,2026-09-16 05:01,2026-09-16 05:01,,,https://www.youtube.com/channel/UCOxIxViCLIpSzafNm2dK4ww
UCecdSTpwZBP3e31DwkJ_5RQ,@ten_0v0_,24,2年,Member (2 years),,不明,,,1,3,0,2026-09-16 05:01,2026-09-16 05:01,,,https://www.youtube.com/channel/UCecdSTpwZBP3e31DwkJ_5RQ
UC27mH0IEChCw7o6p86BopCg,@みさ-z2m,24,2年,Member (2 years),,不明,,,1,1,0,2026-09-16 05:01,2026-09-16 05:01,,,https://www.youtube.com/channel/UC27mH0IEChCw7o6p86BopCg
UCr_RTfCGLBf0ET5UNvCH1Wg,@さやまやま,24,2年,Member (2 years),,不明,,,1,1,0,2026-09-16 05:01,2026-09-16 05:01,,,https://www.youtube.com/channel/UCr_RTfCGLBf0ET5UNvCH1Wg
UCKIH8e5kVrUjYTl8ZDwiwxg,@jeli7670,24,2年,Member (2 years),,不明,,,1,1,0,2026-09-16 05:01,2026-09-16 05:01,,,https://www.youtube.com/channel/UCKIH8e5kVrUjYTl8ZDwiwxg
UC0reIj3voLQpWsohrpRxMgQ,@ユラ-f7i,24,2年,Member (2 years),,不明,,,1,1,0,2026-09-16 05:01,2026-09-16 05:01,,,https://www.youtube.com/channel/UC0reIj3voLQpWsohrpRxMgQ
UCiT7YYGzwXAcIsiF1YQbwZw,@あやか-f6g,24,2年,Member (2 years),,不明,,,1,1,0,2026-09-16 05:01,2026-09-16 05:01,,,https://www.youtube.com/channel/UCiT7YYGzwXAcIsiF1YQbwZw
UC7ocFyvnP3HcINo1Ls8A4sA,@りな-k3i2o,24,2年,Member (2 years),,不明,,,1,1,0,2026-09-16 05:01,2026-09-16 05:01,,,https://www.youtube.com/channel/UC7ocFyvnP3HcINo1Ls8A4sA
UCvoU6ZJV9ybR8O3Z3MEkUUw,@fuwa_poyn_1113,24,2年,Member (2 years),,不明,,,1,1,0,2026-09-16 05:01,2026-09-16 05:01,,,https://www.youtube.com/channel/UCvoU6ZJV9ybR8O3Z3MEkUUw
UChl3i6nqNj1f_k23iIkC8qg,@nk3418,24,2年,Member (2 years),,不明,,,1,1,0,2026-09-16 05:01,2026-09-16 05:01,,,https://www.youtube.com/channel/UChl3i6nqNj1f_k23iIkC8qg
UCz2TQXaWh4v-BZpgovAWz8A,@おひるね-h7p,24,2年,Member (2 years),,不明,,,1,1,0,2026-09-17 05:05,2026-09-17 05:05,,,https://www.youtube.com/channel/UCz2TQXaWh4v-BZpgovAWz8A
UCKV33GWLrjAjMJzBO-0jgJA,@puwammmm,24,2年,Member (2 years),,不明,,,1,1,0,2026-09-17 05:05,2026-09-17 05:05,,,https://www.youtube.com/channel/UCKV33GWLrjAjMJzBO-0jgJA
UCltH8mIzEZIXxfqsL34_Reg,@fu_ry4as,24,2年,Member (2 years),,不明,,,1,1,0,2026-09-17 05:05,2026-09-17 05:05,,,https://www.youtube.com/channel/UCltH8mIzEZIXxfqsL34_Reg
UCNtqAy_Kzp1KJMa_eUHf-eg,@6a6ywan,24,2年,Member (2 years),,不明,,,1,4,0,2026-09-17 05:05,2026-09-17 05:05,,,https://www.youtube.com/channel/UCNtqAy_Kzp1KJMa_eUHf-eg
UC07k4SKxv84lPGvydhacyxQ,@もなみ-77,24,2年,Member (2 years),,不明,,,1,1,0,2026-09-17 05:05,2026-09-17 05:05,,,https://www.youtube.com/channel/UC07k4SKxv84lPGvydhacyxQ
UC0Xk4VggJsJ1eTcmbIZDJfg,@るぶ-l5s,24,2年,Member (2 years),,不明,,,1,2,0,2026-09-17 05:05,2026-09-17 05:05,,,https://www.youtube.com/channel/UC0Xk4VggJsJ1eTcmbIZDJfg
UCW03JikwYRVqL64qEQCU1Jw,@nyanyanni,24,2年,Member (2 years),,不明,,,1,1,0,2026-09-17 05:05,2026-09-17 05:05,,,https://www.youtube.com/channel/UCW03JikwYRVqL64qEQCU1Jw
UCoYeyejUP1tuFMS7lXEYQGg,@ぷわぴよ,24,2年,Member (2 years),,不明,,,1,1,0,2026-09-17 05:05,2026-09-17 05:05,,,https://www.youtube.com/channel/UCoYeyejUP1tuFMS7lXEYQGg
UCfnkuueDOg-FHtDObNeg4jA,@桜月那結,24,2年,Member (2 years),,不明,,,1,1,0,2026-09-17 05:05,2026-09-17 05:05,,,https://www.youtube.com/channel/UCfnkuueDOg-FHtDObNeg4jA
UCImK1M3sie5KEzpkSsytkMg,@PoMePoYa,24,2年,Member (2 years),,不明,,,1,1,0,2026-09-17 05:05,2026-09-17 05:05,,,https://www.youtube.com/channel/UCImK1M3sie5KEzpkSsytkMg
UCZ2XYFtng2wVT7AsDVt2qNw,@ひめみや-s1m,24,2年,Member (2 years),,不明,,,1,1,0,2026-09-17 05:05,2026-09-17 05:05,,,https://www.youtube.com/channel/UCZ2XYFtng2wVT7AsDVt2qNw
UCAxahEovIRc3vY_ygePxQtA,@おーーーさん,24,2年,Member (2 years),,不明,,,1,1,0,2026-09-17 05:05,2026-09-17 05:05,,,https://www.youtube.com/channel/UCAxahEovIRc3vY_ygePxQtA
UCuvYqvTv8w7xCO3nI19C9vA,@mo1.p_life,24,2年,Member (2 years),,不明,,,1,1,0,2026-09-17 05:05,2026-09-17 05:05,,,https://www.youtube.com/channel/UCuvYqvTv8w7xCO3nI19C9vA
UCh5nXnbki039Eidg_LKtVuQ,@C0UPY,24,2年,Member (2 years),,不明,,,1,2,0,2026-09-17 05:05,2026-09-17 05:05,,,https://www.youtube.com/channel/UCh5nXnbki039Eidg_LKtVuQ
UCdbweESShE8eJIniwa_K-0w,@あんちょ516,24,2年,Member (2 years),,不明,,,1,1,0,2026-09-17 05:05,2026-09-17 05:05,,,https://www.youtube.com/channel/UCdbweESShE8eJIniwa_K-0w
UCoSGWgEYe528Sse8cDgKn4w,@77aki90,24,2年,Member (2 years),,不明,,,1,1,0,2026-09-17 05:05,2026-09-17 05:05,,,https://www.youtube.com/channel/UCoSGWgEYe528Sse8cDgKn4w
UC7b9YsXntED-z6VqRdnO_wQ,@f3710w,24,2年,Member (2 years),,不明,,,1,1,0,2026-09-17 05:05,2026-09-17 05:05,,,https://www.youtube.com/channel/UC7b9YsXntED-z6VqRdnO_wQ
UCbdbvxyH-Sw7MmqVFkcEI6g,@CUSUDV,24,2年,Member (2 years),,不明,,,1,1,0,2026-09-17 05:05,2026-09-17 05:05,,,https://www.youtube.com/channel/UCbdbvxyH-Sw7MmqVFkcEI6g
UCH9noiecObPmrd2qaETCYYg,@retsuk0_7,24,2年,Member (2 years),,不明,,,1,7,0,2026-09-20 18:55,2026-09-20 18:55,,,https://www.youtube.com/channel/UCH9noiecObPmrd2qaETCYYg
UCitFJ2Xzgp1FiOPh88t0tbw,@chan-28,24,2年,Member (2 years),,不明,,,1,1,0,2026-09-20 18:55,2026-09-20 18:55,,,https://www.youtube.com/channel/UCitFJ2Xzgp1FiOPh88t0tbw
UCzHWbaQoYStDOFrRhMM3djA,@フミ-xf23,24,2年,Member (2 years),,不明,,,1,1,0,2026-09-20 18:55,2026-09-20 18:55,,,https://www.youtube.com/channel/UCzHWbaQoYStDOFrRhMM3djA
UCQ1fgkwNt-1NShN-DIym-rA,@setsuna9153,24,2年,Member (2 years),,不明,,,1,1,0,2026-09-20 18:55,2026-09-20 18:55,,,https://www.youtube.com/channel/UCQ1fgkwNt-1NShN-DIym-rA
UCa3JtP-Ed8z6iWKyGCX8QXQ,@きりゅうpu,24,2年,Member (2 years),,不明,,,1,1,0,2026-09-20 18:55,2026-09-20 18:55,,,https://www.youtube.com/channel/UCa3JtP-Ed8z6iWKyGCX8QXQ
UCsmTbJHL9_bfDGi2brFiZNw,@nat_108,24,2年,Member (2 years),,不明,,,1,2,0,2026-09-20 18:55,2026-09-20 18:55,,,https://www.youtube.com/channel/UCsmTbJHL9_bfDGi2brFiZNw
UCHxtbqPSNi6NXB9twWthxKA,@user-vm4gc9yk9k,24,2年,Member (2 years),,不明,,,1,1,0,2026-09-20 18:55,2026-09-20 18:55,,,https://www.youtube.com/channel/UCHxtbqPSNi6NXB9twWthxKA
UCY-bzGebe7YVGgz43XPRu4Q,@ゆこぴ-07,24,2年,Member (2 years),,不明,,,1,1,0,2026-09-20 18:55,2026-09-20 18:55,,,https://www.youtube.com/channel/UCY-bzGebe7YVGgz43XPRu4Q
UCEn5njKO6EGthyeNDkmYVVg,@はとムギ-g8h,24,2年,Member (2 years),,不明,,,1,4,0,2026-09-21 05:00,2026-09-21 05:00,,,https://www.youtube.com/channel/UCEn5njKO6EGthyeNDkmYVVg
UC7jQDP1vQKypbTtGZkPhmbA,@かな10,24,2年,Member (2 years),,不明,,,1,16,0,2026-09-21 05:00,2026-09-21 05:00,,,https://www.youtube.com/channel/UC7jQDP1vQKypbTtGZkPhmbA
UCUlL6dildGEP2FNbL9PuB-Q,@ちゃすけ-h3n,24,2年,Member (2 years),,不明,,,1,1,0,2026-09-21 05:00,2026-09-21 05:00,,,https://www.youtube.com/channel/UCUlL6dildGEP2FNbL9PuB-Q
UCgq6gydk9BSCGUvVSDOG4pg,@pw_o31,24,2年,Member (2 years),,不明,,,1,1,0,2026-09-21 05:00,2026-09-21 05:00,,,https://www.youtube.com/channel/UCgq6gydk9BSCGUvVSDOG4pg
UCcAuBzsKU___CdypCD3DHEA,@ねこみみしっぽ,24,2年,Member (2 years),,不明,,,1,1,0,2026-09-21 05:00,2026-09-21 05:00,,,https://www.youtube.com/channel/UCcAuBzsKU___CdypCD3DHEA
UCXIG47AxDnz4tSOxThBBZsA,@tkg1918,24,2年,Member (2 years),,不明,,,1,3,0,2026-09-21 05:00,2026-09-21 05:00,,,https://www.youtube.com/channel/UCXIG47AxDnz4tSOxThBBZsA
UCETGsVaGL5vOQocWZiowjfA,@mknrngam,24,2年,Member (2 years),,不明,,,1,3,0,2026-09-21 05:00,2026-09-21 05:00,,,https://www.youtube.com/channel/UCETGsVaGL5vOQocWZiowjfA
UC5wDFK8dwWLclcK7VhE9ldw,@mai7520,24,2年,Member (2 years),,不明,,,1,1,0,2026-09-21 05:00,2026-09-21 05:00,,,https://www.youtube.com/channel/UC5wDFK8dwWLclcK7VhE9ldw
UCSKZxt8yDuETMee2tZTGL4A,@ハッピーさん-z7t,24,2年,Member (2 years),,不明,,,1,1,0,2026-09-21 05:00,2026-09-21 05:00,,,https://www.youtube.com/channel/UCSKZxt8yDuETMee2tZTGL4A
UCvZnqM7TrZN3DQwBr4pQODg,@nasufo,24,2年,Member (2 years),,不明,,,1,1,0,2026-09-21 05:00,2026-09-21 05:00,,,https://www.youtube.com/channel/UCvZnqM7TrZN3DQwBr4pQODg
UCv0ZObBWHUBIQC_dPodRRuw,@s3rll_49,24,2年,Member (2 years),,不明,,,1,1,0,2026-09-21 05:00,2026-09-21 05:00,,,https://www.youtube.com/channel/UCv0ZObBWHUBIQC_dPodRRuw
UCqLCIb4rKkLXBXUNG0baQ4A,@サオリオ,24,2年,Member (2 years),,不明,,,1,1,0,2026-09-21 05:00,2026-09-21 05:00,,,https://www.youtube.com/channel/UCqLCIb4rKkLXBXUNG0baQ4A
UCFtzlxV_OPsQwRyGUp6aGVA,@kit-c7x,24,2年,Member (2 years),,不明,,,1,1,0,2026-09-21 05:00,2026-09-21 05:00,,,https://www.youtube.com/channel/UCFtzlxV_OPsQwRyGUp6aGVA
UCWRdlB6RomaFK4YRLm6RRcg,@0to_mee,24,2年,Member (2 years),,不明,,,1,1,0,2026-09-21 05:00,2026-09-21 05:00,,,https://www.youtube.com/channel/UCWRdlB6RomaFK4YRLm6RRcg
UC-FcXwqVF0Ala_s-aS3LBgA,@mogumogu-star,24,2年,Member (2 years),,不明,,,1,1,0,2026-09-21 05:00,2026-09-21 05:00,,,https://www.youtube.com/channel/UC-FcXwqVF0Ala_s-aS3LBgA
UCVwCaZx7DJpUr9skA-qR-Iw,@かあかあかあかあかい,24,2年,Member (2 years),,不明,,,1,2,0,2026-09-21 05:00,2026-09-21 05:00,,,https://www.youtube.com/channel/UCVwCaZx7DJpUr9skA-qR-Iw
UCD9wGjSrMP_j9KVL1jeXM8g,@comu3945,24,2年,Member (2 years),,不明,,,1,1,0,2026-09-21 05:00,2026-09-21 05:00,,,https://www.youtube.com/channel/UCD9wGjSrMP_j9KVL1jeXM8g
UC4-K-zPn_UC2izhaoLT70ug,@Ryokucha_oO,24,2年,Member (2 years),,不明,,,1,1,0,2026-09-21 05:00,2026-09-21 05:00,,,https://www.youtube.com/channel/UC4-K-zPn_UC2izhaoLT70ug
UCvu9U5BgRQugDl1ajRp55BQ,@こむすび山,24,2年,Member (2 years),,不明,,,1,1,0,2026-09-21 05:00,2026-09-21 05:00,,,https://www.youtube.com/channel/UCvu9U5BgRQugDl1ajRp55BQ
UC48iCe8JnpWv8Kl1IOognww,@Potepotedayo,24,2年,Member (2 years),,不明,,,1,1,0,2026-09-22 22:33,2026-09-22 22:33,,,https://www.youtube.com/channel/UC48iCe8JnpWv8Kl1IOognww
UCSbVY4N-BvrKymrH9fLXihA,@はんとしぶり,24,2年,Member (2 years),,不明,,,1,1,0,2026-09-22 22:33,2026-09-22 22:33,,,https://www.youtube.com/channel/UCSbVY4N-BvrKymrH9fLXihA
UCxS07QIuhm71-RyWakkDZBg,@まるこころ-l2s,24,2年,Member (2 years),,不明,,,1,1,0,2026-09-22 22:33,2026-09-22 22:33,,,https://www.youtube.com/channel/UCxS07QIuhm71-RyWakkDZBg
UCpzKZ6zxBRUmgh7g8_72JAg,@annciady,24,2年,Member (2 years),,不明,,,1,2,0,2026-09-22 22:33,2026-09-22 22:33,,,https://www.youtube.com/channel/UCpzKZ6zxBRUmgh7g8_72JAg
UCEh0lkWlA57-juYmyWHonlA,@緒方-u8z,24,2年,Member (2 years),,不明,,,1,2,0,2026-09-22 22:33,2026-09-22 22:33,,,https://www.youtube.com/channel/UCEh0lkWlA57-juYmyWHonlA
UCjiUtCIyHp1fatKM2e8z34w,@Mamemame1,24,2年,Member (2 years),,不明,,,1,1,0,2026-09-22 22:33,2026-09-22 22:33,,,https://www.youtube.com/channel/UCjiUtCIyHp1fatKM2e8z34w
UChPgdqNFvq4fzfDo0ZwrhmA,@のソ,24,2年,Member (2 years),,不明,,,1,1,0,2026-09-22 22:33,2026-09-22 22:33,,,https://www.youtube.com/channel/UChPgdqNFvq4fzfDo0ZwrhmA
UCZnY-tnBKByOC4aqqENkwsw,@黒田とも-p1t,24,2年,Member (2 years),,不明,,,1,1,0,2026-09-22 22:33,2026-09-22 22:33,,,https://www.youtube.com/channel/UCZnY-tnBKByOC4aqqENkwsw
UCqLrqYPJg9DfZSyvC3otStQ,@yuachiru7477,24,2年,Member (2 years),,不明,,,1,54,0,2026-09-22 22:33,2026-09-22 22:33,,,https://www.youtube.com/channel/UCqLrqYPJg9DfZSyvC3otStQ
UCfzw4fZ9TMUJezpe62hS9Kw,@yewtxc,24,2年,Member (2 years),,不明,,,1,1,0,2026-09-22 22:33,2026-09-22 22:33,,,https://www.youtube.com/channel/UCfzw4fZ9TMUJezpe62hS9Kw
UC67AOxNtH5DsC2zfAqftxiA,@pilkul400,24,2年,Member (2 years),,不明,,,1,1,0,2026-09-22 22:33,2026-09-22 22:33,,,https://www.youtube.com/channel/UC67AOxNtH5DsC2zfAqftxiA
UCJ5x4ItD4yAoD2IcwDaWWWg,@aka-d7t,24,2年,Member (2 years),,不明,,,1,2,0,2026-09-22 22:33,2026-09-22 22:33,,,https://www.youtube.com/channel/UCJ5x4ItD4yAoD2IcwDaWWWg
UCGdUo2UT8PfRjws95o5odPw,@みりん-c6y,24,2年,Member (2 years),,不明,,,1,1,0,2026-09-22 22:33,2026-09-22 22:33,,,https://www.youtube.com/channel/UCGdUo2UT8PfRjws95o5odPw
UCzI_qVpcwoE36CU20QZ4VpQ,@noeltedfam,24,2年,Member (2 years),,不明,,,1,1,0,2026-09-22 22:33,2026-09-22 22:33,,,https://www.youtube.com/channel/UCzI_qVpcwoE36CU20QZ4VpQ
UCJD3ISqdGYw477p70Yx5WiA,@ダヨン-f1i,24,2年,Member (2 years),,不明,,,1,1,0,2026-09-22 22:33,2026-09-22 22:33,,,https://www.youtube.com/channel/UCJD3ISqdGYw477p70Yx5WiA
UCeHsIJU-aRe-VTADQXNo7KA,@ぷうか-n3p,24,2年,Member (2 years),,不明,,,1,1,0,2026-09-22 22:33,2026-09-22 22:33,,,https://www.youtube.com/channel/UCeHsIJU-aRe-VTADQXNo7KA
UCg6lXJrxdoT2K6PxWOOnkwA,@あゆぴ-v6j,24,2年,Member (2 years),,不明,,,1,2,0,2026-09-22 22:33,2026-09-22 22:33,,,https://www.youtube.com/channel/UCg6lXJrxdoT2K6PxWOOnkwA
UCbwExzD_juSA61K8jY6Jzpw,@Dgxgigxidgxix,24,2年,Member (2 years),,不明,,,1,1,0,2026-09-22 22:33,2026-09-22 22:33,,,https://www.youtube.com/channel/UCbwExzD_juSA61K8jY6Jzpw
UCLRDlrz8daECwT84bTaIZdA,@ayaka7673,24,2年,Member (2 years),,不明,,,1,7,0,2026-09-22 22:33,2026-09-22 22:33,,,https://www.youtube.com/channel/UCLRDlrz8daECwT84bTaIZdA
UC_-BbttQY442zI6q6lu3kCg,@塩辛-o3z,24,2年,Member (2 years),,不明,,,1,8,0,2026-09-22 22:33,2026-09-22 22:33,,,https://www.youtube.com/channel/UC_-BbttQY442zI6q6lu3kCg
UCgfUYl9yLYBcPu8OKapCTCQ,@もち-minyan_1103,24,2年,Member (2 years),,不明,,,1,25,0,2026-09-22 22:33,2026-09-22 22:33,,,https://www.youtube.com/channel/UCgfUYl9yLYBcPu8OKapCTCQ
UCdsJwlmqB5MCjI5oOagziiA,@e-m6p,24,2年,Member (2 years),,不明,,,1,6,0,2026-09-22 22:33,2026-09-22 22:33,,,https://www.youtube.com/channel/UCdsJwlmqB5MCjI5oOagziiA
UCKBryvjOmDPvhdSyTehCf6Q,@たまゲーター2525,24,2年,Member (2 years),,不明,,,1,1,0,2026-09-22 22:33,2026-09-22 22:33,,,https://www.youtube.com/channel/UCKBryvjOmDPvhdSyTehCf6Q
UCZ6rL9MpsS0ogFqW--AhJRg,@jun__xxai_xx5747,24,2年,Member (2 years),,不明,,,1,1,0,2026-09-22 22:33,2026-09-22 22:33,,,https://www.youtube.com/channel/UCZ6rL9MpsS0ogFqW--AhJRg
UCP7WSnjkNoFjOYc1myFT9Dw,@pero_t,24,2年,Member (2 years),,不明,,,1,1,0,2026-09-22 22:33,2026-09-22 22:33,,,https://www.youtube.com/channel/UCP7WSnjkNoFjOYc1myFT9Dw
UC-AH1FEIB9BF-J1ilTAOdEA,@事務員マリエッティ,24,2年,Member (2 years),,不明,,,1,1,0,2026-09-22 22:33,2026-09-22 22:33,,,https://www.youtube.com/channel/UC-AH1FEIB9BF-J1ilTAOdEA
UCMjLzAkHEtDUL5maLnrIdkA,@トリトリ-u1f,24,2年,Member (2 years),,不明,,,1,8,0,2026-09-22 22:33,2026-09-22 22:33,,,https://www.youtube.com/channel/UCMjLzAkHEtDUL5maLnrIdkA
UC0Q533mGWGLKakoqQsxCYwQ,@mmmmaikeru,24,2年,Member (2 years),,不明,,,1,1,0,2026-09-22 22:33,2026-09-22 22:33,,,https://www.youtube.com/channel/UC0Q533mGWGLKakoqQsxCYwQ
UCYCiggs-CYJxkxercUJGprw,@葛城ゆな,24,2年,Member (2 years),,不明,,,1,1,0,2026-09-22 22:33,2026-09-22 22:33,,,https://www.youtube.com/channel/UCYCiggs-CYJxkxercUJGprw
UC7RQMhmHpYanmFysQsa2sbQ,@にじひつじ,24,2年,Member (2 years),,不明,,,1,1,0,2026-09-22 22:33,2026-09-22 22:33,,,https://www.youtube.com/channel/UC7RQMhmHpYanmFysQsa2sbQ
UCBnN6_8ZyBMkro9OcH2JbQg,@rio.0x0,24,2年,Member (2 years),,不明,,,1,1,0,2026-09-22 22:33,2026-09-22 22:33,,,https://www.youtube.com/channel/UCBnN6_8ZyBMkro9OcH2JbQg
UCG_TOSc0yxAI5X4i9-8bROg,@さんもり-l5n,24,2年,Member (2 years),,不明,,,1,1,0,2026-09-22 22:33,2026-09-22 22:33,,,https://www.youtube.com/channel/UCG_TOSc0yxAI5X4i9-8bROg
UC5W3Wr8DpPEGq4TJMK59P5A,@クーサマ,24,2年,Member (2 years),,不明,,,1,1,0,2026-09-22 22:33,2026-09-22 22:33,,,https://www.youtube.com/channel/UC5W3Wr8DpPEGq4TJMK59P5A
UCFVxNdwTn5CVOVOwlES4xVg,@Bibi-pan,24,2年,Member (2 years),,不明,,,1,1,0,2026-09-24 05:04,2026-09-24 05:04,,,https://www.youtube.com/channel/UCFVxNdwTn5CVOVOwlES4xVg
UC2YPkxMqzy0nB0ooxiwlDyg,@ayayan_mochi,24,2年,Member (2 years),,不明,,,1,1,0,2026-09-24 05:04,2026-09-24 05:04,,,https://www.youtube.com/channel/UC2YPkxMqzy0nB0ooxiwlDyg
UC4tXmAilktRW01pkZgd_oTA,@あや_skw,24,2年,Member (2 years),,不明,,,1,2,0,2026-09-24 05:04,2026-09-24 05:04,,,https://www.youtube.com/channel/UC4tXmAilktRW01pkZgd_oTA
UC6HlTNFxP_YLC4En9ZSF97Q,@SLOW-r2t,24,2年,Member (2 years),,不明,,,1,1,0,2026-09-24 05:04,2026-09-24 05:04,,,https://www.youtube.com/channel/UC6HlTNFxP_YLC4En9ZSF97Q
UChqeCqICEDvFAvvlOIQNDBg,@CHIYUKI_774,24,2年,Member (2 years),,不明,,,1,1,0,2026-09-24 05:04,2026-09-24 05:04,,,https://www.youtube.com/channel/UChqeCqICEDvFAvvlOIQNDBg
UCmFbVvP8grIKxAO8ZBmV1iw,@furafurappe,24,2年,Member (2 years),,不明,,,1,1,0,2026-09-24 05:04,2026-09-24 05:04,,,https://www.youtube.com/channel/UCmFbVvP8grIKxAO8ZBmV1iw
UC_l_Gq3PViZV68dGssHr1sg,@hacchiyade,24,2年,Member (2 years),,不明,,,1,1,0,2026-09-24 05:04,2026-09-24 05:04,,,https://www.youtube.com/channel/UC_l_Gq3PViZV68dGssHr1sg
UCKNhE99bvA5LSoOhJrMovAg,@きょこう,24,2年,Member (2 years),,不明,,,1,7,0,2026-09-24 05:04,2026-09-24 05:04,,,https://www.youtube.com/channel/UCKNhE99bvA5LSoOhJrMovAg
UCnj_aN9grkYaAq6aPS8HIKA,@yn_1118_nj,24,2年,Member (2 years),,不明,,,1,2,0,2026-09-24 05:04,2026-09-24 05:04,,,https://www.youtube.com/channel/UCnj_aN9grkYaAq6aPS8HIKA
UCQZQf-EVSK3KuvlqxKCNxAQ,@いく-n8g,24,2年,Member (2 years),,不明,,,1,1,0,2026-09-24 05:04,2026-09-24 05:04,,,https://www.youtube.com/channel/UCQZQf-EVSK3KuvlqxKCNxAQ
UC3sbtvqKg_5x3nkSPz7LXFA,@himawari_069,24,2年,Member (2 years),,不明,,,1,7,0,2026-09-24 05:04,2026-09-24 05:04,,,https://www.youtube.com/channel/UC3sbtvqKg_5x3nkSPz7LXFA
UCJvd-HcKKcTCvPRi0sekgGg,@kyo_momo,24,2年,Member (2 years),,不明,,,1,9,0,2026-09-24 05:04,2026-09-24 05:04,,,https://www.youtube.com/channel/UCJvd-HcKKcTCvPRi0sekgGg
UCI3FPIVH-IygHzFLVjHXqzQ,@ぽち-v9q,24,2年,Member (2 years),,不明,,,1,1,0,2026-09-24 05:04,2026-09-24 05:04,,,https://www.youtube.com/channel/UCI3FPIVH-IygHzFLVjHXqzQ
UCStuB2X5DBQNJl1aGZ_ct5w,@chii_nyangotonaki,24,2年,Member (2 years),,不明,,,1,1,0,2026-09-24 05:04,2026-09-24 05:04,,,https://www.youtube.com/channel/UCStuB2X5DBQNJl1aGZ_ct5w
UCj7ywUuSDJuXiXyBSnGkslg,@10gakky14,24,2年,Member (2 years),,不明,,,1,1,0,2026-09-24 05:04,2026-09-24 05:04,,,https://www.youtube.com/channel/UCj7ywUuSDJuXiXyBSnGkslg
UCK3Gn9GsIAL7BsKw5LqT9Aw,@orpheusy3744,24,2年,Member (2 years),,不明,,,1,1,0,2026-09-24 05:04,2026-09-24 05:04,,,https://www.youtube.com/channel/UCK3Gn9GsIAL7BsKw5LqT9Aw
UCk4DfrtzwaYfi8hBHdqkwpQ,@なち-e8w,24,2年,Member (2 years),,不明,,,1,1,0,2026-09-24 05:04,2026-09-24 05:04,,,https://www.youtube.com/channel/UCk4DfrtzwaYfi8hBHdqkwpQ
UCWuFZbm5L2N59MiesDPsCiw,@maqsang,24,2年,Member (2 years),,不明,,,1,1,0,2026-09-26 05:01,2026-09-26 05:01,,,https://www.youtube.com/channel/UCWuFZbm5L2N59MiesDPsCiw
UCzgS9x0CvWw6g7IlaLTgqzw,@mintChocolate_25,24,2年,Member (2 years),,不明,,,1,1,0,2026-09-26 05:01,2026-09-26 05:01,,,https://www.youtube.com/channel/UCzgS9x0CvWw6g7IlaLTgqzw
UC2L2_CUSdwQjDlRTBW1jXPw,@310さん,24,2年,Member (2 years),,不明,,,1,2,0,2026-09-26 05:01,2026-09-26 05:01,,,https://www.youtube.com/channel/UC2L2_CUSdwQjDlRTBW1jXPw
UCNbrzGNJnJUUdRaHWornKkg,@nbn0817,24,2年,Member (2 years),,不明,,,1,2,0,2026-09-26 05:01,2026-09-26 05:01,,,https://www.youtube.com/channel/UCNbrzGNJnJUUdRaHWornKkg
UCfDpoGAKK2SCP7rTE2D9I2A,@ごまちゃん-y8i,24,2年,Member (2 years),,不明,,,1,2,0,2026-09-26 05:01,2026-09-26 05:01,,,https://www.youtube.com/channel/UCfDpoGAKK2SCP7rTE2D9I2A
UCWGxoJkm3djPyqyOVArn47Q,@i__uiku,24,2年,Member (2 years),,不明,,,1,1,0,2026-09-26 05:01,2026-09-26 05:01,,,https://www.youtube.com/channel/UCWGxoJkm3djPyqyOVArn47Q
UCzyHfJGCXLRQ00aM-t6_x8Q,@isane4170,24,2年,Member (2 years),,不明,,,1,1,0,2026-09-26 05:01,2026-09-26 05:01,,,https://www.youtube.com/channel/UCzyHfJGCXLRQ00aM-t6_x8Q
UCGjFvWWLk-rsp-4XF-gSM2Q,@りん___24,24,2年,Member (2 years),,不明,,,1,1,0,2026-09-26 05:01,2026-09-26 05:01,,,https://www.youtube.com/channel/UCGjFvWWLk-rsp-4XF-gSM2Q
UCUVofspADW6Jf0qUZDH-gBg,@nya37lOo_,24,2年,Member (2 years),,不明,,,1,5,0,2026-09-26 05:01,2026-09-26 05:01,,,https://www.youtube.com/channel/UCUVofspADW6Jf0qUZDH-gBg
UCYq7Rr7UgagmqBgFLQ6aGdw,@紫銀-v4c,24,2年,Member (2 years),,不明,,,1,1,0,2026-09-26 05:01,2026-09-26 05:01,,,https://www.youtube.com/channel/UCYq7Rr7UgagmqBgFLQ6aGdw
UC-QY27nexZ7VLvT58KTmAqw,@mi12418-n,24,2年,Member (2 years),,不明,,,1,1,0,2026-09-26 05:01,2026-09-26 05:01,,,https://www.youtube.com/channel/UC-QY27nexZ7VLvT58KTmAqw
UCgDhrLgHiADbQPXyBPRkLOw,@あかは-w6z,24,2年,Member (2 years),,不明,,,1,1,0,2026-09-26 05:01,2026-09-26 05:01,,,https://www.youtube.com/channel/UCgDhrLgHiADbQPXyBPRkLOw
UC2z9ju3hmq8KJK15elVPY-A,@nyamikan7524,24,2年,Member (2 years),,不明,,,1,1,0,2026-09-26 05:01,2026-09-26 05:01,,,https://www.youtube.com/channel/UC2z9ju3hmq8KJK15elVPY-A
UCyVmsldb7_TOyE8ydLoJicQ,@bon_br,24,2年,Member (2 years),,不明,,,1,1,0,2026-09-26 05:01,2026-09-26 05:01,,,https://www.youtube.com/channel/UCyVmsldb7_TOyE8ydLoJicQ
UCrZSxji52lFOP9UoJPCngLA,@くみぽっけ-e3v,24,2年,Member (2 years),,不明,,,1,1,0,2026-09-26 05:01,2026-09-26 05:01,,,https://www.youtube.com/channel/UCrZSxji52lFOP9UoJPCngLA
UCuQuJXKL83MN6SUuTeSho2w,@ni-hosi,24,2年,Member (2 years),,不明,,,1,1,0,2026-09-26 05:01,2026-09-26 05:01,,,https://www.youtube.com/channel/UCuQuJXKL83MN6SUuTeSho2w
UCrywbe-QafyHPBB_rOWsDDA,@sayaendo_28,24,2年,Member (2 years),,不明,,,1,1,0,2026-09-26 05:01,2026-09-26 05:01,,,https://www.youtube.com/channel/UCrywbe-QafyHPBB_rOWsDDA
UCweTJTpoqRhwVDatRcBaoUQ,@naetoru814,24,2年,Member (2 years),,不明,,,1,1,0,2026-09-27 06:00,2026-09-27 06:00,,,https://www.youtube.com/channel/UCweTJTpoqRhwVDatRcBaoUQ
UC1pgsGV6B6LQhyjHpqBm7VQ,@YUKI0314-wow,24,2年,Member (2 years),,不明,,,1,4,0,2026-09-27 06:00,2026-09-27 06:00,,,https://www.youtube.com/channel/UC1pgsGV6B6LQhyjHpqBm7VQ
UCMmR3rUR2Iby_zDwl-M-uVg,@めぐる-h7o,24,2年,Member (2 years),,不明,,,1,1,0,2026-09-27 06:00,2026-09-27 06:00,,,https://www.youtube.com/channel/UCMmR3rUR2Iby_zDwl-M-uVg
UCmz1zoDcQnFTPInRucXovhw,@みお-h5y2y,24,2年,Member (2 years),,不明,,,1,2,0,2026-09-27 06:00,2026-09-27 06:00,,,https://www.youtube.com/channel/UCmz1zoDcQnFTPInRucXovhw
UC745GBjCZjfxTzgxZ3d6kug,@ぐれー-i8g,24,2年,Member (2 years),,不明,,,1,2,0,2026-09-27 06:00,2026-09-27 06:00,,,https://www.youtube.com/channel/UC745GBjCZjfxTzgxZ3d6kug
UCFVmasFWQfJMVLfb7AncLrw,@kotori_082,24,2年,Member (2 years),,不明,,,1,1,0,2026-09-27 06:00,2026-09-27 06:00,,,https://www.youtube.com/channel/UCFVmasFWQfJMVLfb7AncLrw
UCNqXlGNl1F2uiqXme7UlIFQ,@seuyoo,24,2年,Member (2 years),,不明,,,1,3,0,2026-09-29 05:00,2026-09-29 05:00,,,https://www.youtube.com/channel/UCNqXlGNl1F2uiqXme7UlIFQ
UCuap4SJfsFyafX8zX1J6eRw,@aおもちa,24,2年,Member (2 years),,不明,,,1,1,0,2026-09-29 05:00,2026-09-29 05:00,,,https://www.youtube.com/channel/UCuap4SJfsFyafX8zX1J6eRw
UC4g25EtnLQ15bw4f0eFZKtg,@yoko-g3c,24,2年,Member (2 years),,不明,,,1,3,1,2026-09-29 05:00,2026-09-29 05:00,,,https://www.youtube.com/channel/UC4g25EtnLQ15bw4f0eFZKtg
UCW2meP0LzHZGQu11n5bf0zg,@hinamo_3,24,2年,Member (2 years),,不明,,,1,4,0,2026-09-29 05:00,2026-09-29 05:00,,,https://www.youtube.com/channel/UCW2meP0LzHZGQu11n5bf0zg
UCGVjU5e2jln3ChXrIDyAxzA,@優海-i5b,24,2年,Member (2 years),,不明,,,1,1,0,2026-09-29 05:00,2026-09-29 05:00,,,https://www.youtube.com/channel/UCGVjU5e2jln3ChXrIDyAxzA
UCUo7iUCRl2pwJUj4VPY7Zlg,@羽-h9f,24,2年,Member (2 years),,不明,,,1,1,0,2026-09-29 05:00,2026-09-29 05:00,,,https://www.youtube.com/channel/UCUo7iUCRl2pwJUj4VPY7Zlg
UCXZqQHhhBmQee5Ol2A7ZNzA,@ごご_pm_11,24,2年,Member (2 years),,不明,,,1,1,0,2026-09-29 05:00,2026-09-29 05:00,,,https://www.youtube.com/channel/UCXZqQHhhBmQee5Ol2A7ZNzA
UCZirzAFql3NTeO7ZbM66Tsw,@きん0832,24,2年,Member (2 years),,不明,,,1,2,0,2026-09-29 05:00,2026-09-29 05:00,,,https://www.youtube.com/channel/UCZirzAFql3NTeO7ZbM66Tsw
UC6zoWewf4MyS5N3YBjOduUQ,@Nikochan_27-p8b,24,2年,Member (2 years),,不明,,,1,1,0,2026-09-29 05:00,2026-09-29 05:00,,,https://www.youtube.com/channel/UC6zoWewf4MyS5N3YBjOduUQ
UCtqSeZKiFCXFb64KzoEY_kA,@こん-l2b2w,24,2年,Member (2 years),,不明,,,1,1,0,2026-09-29 05:00,2026-09-29 05:00,,,https://www.youtube.com/channel/UCtqSeZKiFCXFb64KzoEY_kA
UCqxwRgYF-dSLuBIhNosiPaA,@haku3635,24,2年,Member (2 years),,不明,,,1,1,0,2026-09-29 05:00,2026-09-29 05:00,,,https://www.youtube.com/channel/UCqxwRgYF-dSLuBIhNosiPaA
UCK6B9Pl3JFyD8hLtk2H3hww,@ちゃそみ,24,2年,Member (2 years),,不明,,,1,1,0,2026-09-29 05:00,2026-09-29 05:00,,,https://www.youtube.com/channel/UCK6B9Pl3JFyD8hLtk2H3hww
UCwBOrbPtRgwdilWcOEjC9Zw,@sochi_s,24,2年,Member (2 years),,不明,,,1,1,0,2026-09-29 05:00,2026-09-29 05:00,,,https://www.youtube.com/channel/UCwBOrbPtRgwdilWcOEjC9Zw
UCuB9OVcBKr_1l05yQ-8qxCg,@3qil8s,24,2年,Member (2 years),,不明,,,1,1,0,2026-09-29 05:00,2026-09-29 05:00,,,https://www.youtube.com/channel/UCuB9OVcBKr_1l05yQ-8qxCg
UChTm-tMGii2NnxrjpPGdbxQ,@syunin3,24,2年,Member (2 years),,不明,,,1,1,0,2026-09-29 05:00,2026-09-29 05:00,,,https://www.youtube.com/channel/UChTm-tMGii2NnxrjpPGdbxQ
UCc0olPIzr0LmtfqlvLf6tZw,@mao3013,24,2年,Member (2 years),,不明,,,1,4,0,2026-09-29 05:00,2026-09-29 05:00,,,https://www.youtube.com/channel/UCc0olPIzr0LmtfqlvLf6tZw
UC92G7pgQ1kcZlzHz7Zp5V4Q,@mooo3458,24,2年,Member (2 years),,不明,,,1,1,0,2026-09-29 05:00,2026-09-29 05:00,,,https://www.youtube.com/channel/UC92G7pgQ1kcZlzHz7Zp5V4Q
UCc9eBgcNNYdPnKGWAv_SZ3w,@ボンボンババー,24,2年,Member (2 years),,不明,,,1,1,0,2026-09-29 05:00,2026-09-29 05:00,,,https://www.youtube.com/channel/UCc9eBgcNNYdPnKGWAv_SZ3w
UCVeBW5N_dsVYztBHvZa6r2A,@ひろみ-w3u,24,2年,Member (2 years),,不明,,,1,1,0,2026-09-29 05:00,2026-09-29 05:00,,,https://www.youtube.com/channel/UCVeBW5N_dsVYztBHvZa6r2A
UC1RrJnEsOoo1yemDox8zndA,@まつ-b6j,24,2年,Member (2 years),,不明,,,1,1,0,2026-09-29 05:00,2026-09-29 05:00,,,https://www.youtube.com/channel/UC1RrJnEsOoo1yemDox8zndA
UCuQahvp_rXvDY_b-r0N6qWw,@まっつん-o3p,24,2年,Member (2 years),,不明,,,1,1,0,2026-09-30 21:03,2026-09-30 21:03,,,https://www.youtube.com/channel/UCuQahvp_rXvDY_b-r0N6qWw
UC97uuinGnqIikQXE5IuzHrw,@ぴぴぴ-1142,24,2年,Member (2 years),,不明,,,1,1,0,2026-09-30 21:03,2026-09-30 21:03,,,https://www.youtube.com/channel/UC97uuinGnqIikQXE5IuzHrw
UCiW3clasIgmI4Gj2gLTxfsA,@ナナ-j5e5g,24,2年,Member (2 years),,不明,,,1,2,0,2026-09-30 21:03,2026-09-30 21:03,,,https://www.youtube.com/channel/UCiW3clasIgmI4Gj2gLTxfsA
UCmCzX9AwJAq1RF7mrD3CajA,@chamomilep,24,2年,Member (2 years),,不明,,,1,1,0,2026-09-30 21:03,2026-09-30 21:03,,,https://www.youtube.com/channel/UCmCzX9AwJAq1RF7mrD3CajA
UC4KdA27sl7VcLrugEVPacEA,@usero_o1123,24,2年,Member (2 years),,不明,,,1,1,0,2026-09-30 21:03,2026-09-30 21:03,,,https://www.youtube.com/channel/UC4KdA27sl7VcLrugEVPacEA
UCbwLlXDaCslf2dgqyjMOLaQ,@Shion_0418o,24,2年,Member (2 years),,不明,,,1,6,0,2026-09-30 21:03,2026-09-30 21:03,,,https://www.youtube.com/channel/UCbwLlXDaCslf2dgqyjMOLaQ
UCfNQ2XJgIPkDdOohuEnn89Q,@MEI-ou2nw,24,2年,Member (2 years),,不明,,,1,1,0,2026-10-01 20:48,2026-10-01 20:48,,,https://www.youtube.com/channel/UCfNQ2XJgIPkDdOohuEnn89Q
UCnjs5nVBS27lK7yYqBijg6A,@あやまるかぼちゃ,24,2年,Member (2 years),,不明,,,1,1,0,2026-10-01 20:48,2026-10-01 20:48,,,https://www.youtube.com/channel/UCnjs5nVBS27lK7yYqBijg6A
UC1fvUW_2Kzk4qe1omkCFVmA,@noboda1582,24,2年,Member (2 years),,不明,,,1,1,0,2026-10-01 20:48,2026-10-01 20:48,,,https://www.youtube.com/channel/UC1fvUW_2Kzk4qe1omkCFVmA
UC5CP2_r5WHvTgUmRDtblqHA,@mn_o7o7,24,2年,Member (2 years),,不明,,,1,1,0,2026-10-01 20:48,2026-10-01 20:48,,,https://www.youtube.com/channel/UC5CP2_r5WHvTgUmRDtblqHA
UCcdvpgxekqk4-MCuYWC3yaw,@kaganorisu,24,2年,Member (2 years),,不明,,,1,1,0,2026-10-01 20:48,2026-10-01 20:48,,,https://www.youtube.com/channel/UCcdvpgxekqk4-MCuYWC3yaw
UCNM97SH1eO0YmRdbXfYEOew,@nicefico,24,2年,Member (2 years),,不明,,,1,1,0,2026-10-01 20:48,2026-10-01 20:48,,,https://www.youtube.com/channel/UCNM97SH1eO0YmRdbXfYEOew
UC8IiZuFzWQq9ygTGIPaiGtw,@p3_m7o7,24,2年,Member (2 years),,不明,,,1,1,0,2026-10-02 21:00,2026-10-02 21:00,,,https://www.youtube.com/channel/UC8IiZuFzWQq9ygTGIPaiGtw
UCHsWzENBV8meLH6uR6DZoNQ,@ゆりん-yuling0312,24,2年,Member (2 years),,不明,,,1,1,0,2026-10-02 21:00,2026-10-02 21:00,,,https://www.youtube.com/channel/UCHsWzENBV8meLH6uR6DZoNQ
UCy0Lqwz5oC0UkbX_7-2uq2w,@えみちゃ-o4b,24,2年,Member (2 years),,不明,,,1,1,0,2026-10-02 21:00,2026-10-02 21:00,,,https://www.youtube.com/channel/UCy0Lqwz5oC0UkbX_7-2uq2w
UCvJRE73k56e1Q5buolwZSpQ,@Natu-ge8qp,24,2年,Member (2 years),,不明,,,1,1,0,2026-10-03 20:59,2026-10-03 20:59,,,https://www.youtube.com/channel/UCvJRE73k56e1Q5buolwZSpQ
UCq78PKjrnkhG45GyJ6OmORg,@せれ-k8k,24,2年,Member (2 years),,不明,,,1,1,0,2026-10-03 20:59,2026-10-03 20:59,,,https://www.youtube.com/channel/UCq78PKjrnkhG45GyJ6OmORg
UCrBjkNCQ8n-PT9Gmh5VvZYw,@けんぴ21,24,2年,Member (2 years),,不明,,,1,1,0,2026-10-04 17:40,2026-10-04 17:40,,,https://www.youtube.com/channel/UCrBjkNCQ8n-PT9Gmh5VvZYw
UCrpFBhW31Fl7G1VVtUXJH_w,@どっ-l1n,24,2年,Member (2 years),,不明,,,1,1,0,2026-10-04 17:40,2026-10-04 17:40,,,https://www.youtube.com/channel/UCrpFBhW31Fl7G1VVtUXJH_w
UCBwBm3oWRNhBPmERZP6zeGw,@みやもと-x8t,24,2年,Member (2 years),,不明,,,1,4,0,2026-10-04 17:40,2026-10-04 17:40,,,https://www.youtube.com/channel/UCBwBm3oWRNhBPmERZP6zeGw
UCD7iatuBEPi8YUR2aATSTVA,@2t623,24,2年,Member (2 years),,不明,,,1,2,0,2026-10-04 17:40,2026-10-04 17:40,,,https://www.youtube.com/channel/UCD7iatuBEPi8YUR2aATSTVA
UCoTEBnpF_YM9JeZLT2WSN6A,@おたろ-q4t,24,2年,Member (2 years),,不明,,,1,1,0,2026-10-04 17:40,2026-10-04 17:40,,,https://www.youtube.com/channel/UCoTEBnpF_YM9JeZLT2WSN6A
UCeKkBDnOFc1QVAXAIX0AFVQ,@ゆこチャン,24,2年,Member (2 years),,不明,,,1,1,0,2026-10-04 17:40,2026-10-04 17:40,,,https://www.youtube.com/channel/UCeKkBDnOFc1QVAXAIX0AFVQ
UCsDKwTNS3B72pkB-Aa6JoFw,@toshima-t3h,24,2年,Member (2 years),,不明,,,1,1,0,2026-10-04 17:40,2026-10-04 17:40,,,https://www.youtube.com/channel/UCsDKwTNS3B72pkB-Aa6JoFw
UCjjf3PP_l2eLYcETNAvnXzQ,@hi-taru,24,2年,Member (2 years),,不明,,,1,1,0,2026-10-04 17:40,2026-10-04 17:40,,,https://www.youtube.com/channel/UCjjf3PP_l2eLYcETNAvnXzQ
UCAlfoPY8AOesWM2qax11KeQ,@みんちょうたい,24,2年,Member (2 years),,不明,,,1,3,0,2026-10-04 17:40,2026-10-04 17:40,,,https://www.youtube.com/channel/UCAlfoPY8AOesWM2qax11KeQ
UCmUC0ezwMuQABYPEyzj5LeA,@yomei-wazuka,24,2年,Member (2 years),,不明,,,1,1,0,2026-10-04 17:40,2026-10-04 17:40,,,https://www.youtube.com/channel/UCmUC0ezwMuQABYPEyzj5LeA
UCrjuxMrCQlZ39yuiViUu7Ew,@ちゃみ-g7f,24,2年,Member (2 years),,不明,,,1,1,0,2026-10-04 17:40,2026-10-04 17:40,,,https://www.youtube.com/channel/UCrjuxMrCQlZ39yuiViUu7Ew
UC34wIOvckEYC3RYN9ByWQOQ,@YK-zq2qy,24,2年,Member (2 years),,不明,,,1,4,0,2026-10-04 17:40,2026-10-04 17:40,,,https://www.youtube.com/channel/UC34wIOvckEYC3RYN9ByWQOQ
UCDG3W3lf9xdmEB4gDZQKCsQ,@BaySands-s,24,2年,Member (2 years),,不明,,,1,3,0,2026-10-04 17:40,2026-10-04 17:40,,,https://www.youtube.com/channel/UCDG3W3lf9xdmEB4gDZQKCsQ
UCWtNrhWW2tzl54MycOWMnoQ,@ぷく-l7i,24,2年,Member (2 years),,不明,,,1,1,0,2026-10-04 17:40,2026-10-04 17:40,,,https://www.youtube.com/channel/UCWtNrhWW2tzl54MycOWMnoQ
UCnBFZKvNfkp7mNtnr6oQN-w,@あんこちやん,24,2年,Member (2 years),,不明,,,1,1,0,2026-10-04 17:40,2026-10-04 17:40,,,https://www.youtube.com/channel/UCnBFZKvNfkp7mNtnr6oQN-w
UCYp6c3fBuolruPI6D-vnsAA,@蓮根-w1d,24,2年,Member (2 years),,不明,,,1,1,0,2026-10-04 17:40,2026-10-04 17:40,,,https://www.youtube.com/channel/UCYp6c3fBuolruPI6D-vnsAA
UC5zLlVAsIEOKazW8_DZXL0Q,@e.s.1091,24,2年,Member (2 years),,不明,,,1,1,0,2026-10-04 17:40,2026-10-04 17:40,,,https://www.youtube.com/channel/UC5zLlVAsIEOKazW8_DZXL0Q
UC6vQHWMo4bUzMyT4rpnaYjg,@re___desu,24,2年,Member (2 years),,不明,,,1,1,0,2026-10-04 17:40,2026-10-04 17:40,,,https://www.youtube.com/channel/UC6vQHWMo4bUzMyT4rpnaYjg
UCA_r3IPa5ox_xXJoXWuCobA,@ああ-i3q2y,24,2年,Member (2 years),,不明,,,1,1,0,2026-10-06 20:31,2026-10-06 20:31,,,https://www.youtube.com/channel/UCA_r3IPa5ox_xXJoXWuCobA
UC8r2465uyHtg5DnW-zb3b0A,@彩華-q5x,24,2年,Member (2 years),,不明,,,1,1,0,2026-10-06 20:31,2026-10-06 20:31,,,https://www.youtube.com/channel/UC8r2465uyHtg5DnW-zb3b0A
UCWu-EnWDN1Vs7Dx2uQ0S0hQ,@せぶ-n7u,24,2年,Member (2 years),,不明,,,1,1,0,2026-10-06 20:31,2026-10-06 20:31,,,https://www.youtube.com/channel/UCWu-EnWDN1Vs7Dx2uQ0S0hQ
UCA_F-sIM8gogW9CqQ9jeWdg,@3月の茶,24,2年,Member (2 years),,不明,,,1,1,0,2026-10-06 20:31,2026-10-06 20:31,,,https://www.youtube.com/channel/UCA_F-sIM8gogW9CqQ9jeWdg
UCvW37khPQxVCaS281dI7VzA,@いつこituko,24,2年,Member (2 years),,不明,,,1,3,0,2026-10-06 20:31,2026-10-06 20:31,,,https://www.youtube.com/channel/UCvW37khPQxVCaS281dI7VzA
UCaquMmOKsxW2uNyjf94Ptsg,@佐伯-v5p,24,2年,Member (2 years),,不明,,,1,1,0,2026-10-06 20:31,2026-10-06 20:31,,,https://www.youtube.com/channel/UCaquMmOKsxW2uNyjf94Ptsg
UCEBRmoKTtLKgIs6Kh_67n8w,@あちゃんぽん-p7s,24,2年,Member (2 years),,不明,,,1,2,0,2026-10-06 20:31,2026-10-06 20:31,,,https://www.youtube.com/channel/UCEBRmoKTtLKgIs6Kh_67n8w
UCNrvzeLGRquVN3C86VlB4tg,@tenbon-matue,24,2年,Member (2 years),,不明,,,1,1,0,2026-10-06 20:31,2026-10-06 20:31,,,https://www.youtube.com/channel/UCNrvzeLGRquVN3C86VlB4tg
UCzhoBmp3X6UGOxZvb4XmX7w,@YubeshiNow,24,2年,Member (2 years),,不明,,,1,1,0,2026-10-06 20:31,2026-10-06 20:31,,,https://www.youtube.com/channel/UCzhoBmp3X6UGOxZvb4XmX7w
UCeSbaXmgnJeGtUd4p3vpsiQ,@夢野來,24,2年,Member (2 years),,不明,,,1,1,0,2026-10-06 20:31,2026-10-06 20:31,,,https://www.youtube.com/channel/UCeSbaXmgnJeGtUd4p3vpsiQ
UC2tCVgJeAQw1kZYGQXabv9Q,@芙狐-ふこ,24,2年,Member (2 years),,不明,,,1,12,0,2026-10-06 20:31,2026-10-06 20:31,,,https://www.youtube.com/channel/UC2tCVgJeAQw1kZYGQXabv9Q
UC7HD1G40iMRrfX__s2i3Okw,@kuuri_game,24,2年,Member (2 years),,不明,,,1,1,0,2026-10-06 20:31,2026-10-06 20:31,,,https://www.youtube.com/channel/UC7HD1G40iMRrfX__s2i3Okw
UCcoKk7zt9DPjc9CG1LTOjIQ,@すすき-z4d,24,2年,Member (2 years),,不明,,,1,3,0,2026-10-06 20:31,2026-10-06 20:31,,,https://www.youtube.com/channel/UCcoKk7zt9DPjc9CG1LTOjIQ
UCvuASaBGjmi5RPCla8NnL-Q,@ttmt2009,24,2年,Member (2 years),,不明,,,1,1,0,2026-10-06 20:31,2026-10-06 20:31,,,https://www.youtube.com/channel/UCvuASaBGjmi5RPCla8NnL-Q
UCnmQhtX-xy47ZHNYVRWQ5-g,@畏-KashiCo,24,2年,Member (2 years),,不明,,,1,1,0,2026-10-06 20:31,2026-10-06 20:31,,,https://www.youtube.com/channel/UCnmQhtX-xy47ZHNYVRWQ5-g
UClhHZpdvixulSvAPf35cJiQ,@kkk491m,24,2年,Member (2 years),,不明,,,1,1,0,2026-10-06 20:31,2026-10-06 20:31,,,https://www.youtube.com/channel/UClhHZpdvixulSvAPf35cJiQ
UCu4CG31v7C0jBPcL6G-ElQA,@ねこにん-e3e,24,2年,Member (2 years),,不明,,,1,1,0,2026-10-06 20:31,2026-10-06 20:31,,,https://www.youtube.com/channel/UCu4CG31v7C0jBPcL6G-ElQA
UCAiYRRq6xIZtY0rNVYsgsWQ,@user-ok8ps8db5t,24,2年,Member (2 years),,不明,,,1,1,0,2026-10-06 20:31,2026-10-06 20:31,,,https://www.youtube.com/channel/UCAiYRRq6xIZtY0rNVYsgsWQ
UCNDzzpovDFqPfKzD5yRW72w,@らぁめんさん,24,2年,Member (2 years),,不明,,,1,1,0,2026-10-06 20:31,2026-10-06 20:31,,,https://www.youtube.com/channel/UCNDzzpovDFqPfKzD5yRW72w
UCjJyaWaQHTsBOmVroB0PwYg,@bayu_1528,24,2年,Member (2 years),,不明,,,1,1,0,2026-10-06 20:31,2026-10-06 20:31,,,https://www.youtube.com/channel/UCjJyaWaQHTsBOmVroB0PwYg
UCpcn8j6FLhLFVpUmAbJzrPg,@runaaa_,24,2年,Member (2 years),,不明,,,1,2,0,2026-10-06 20:31,2026-10-06 20:31,,,https://www.youtube.com/channel/UCpcn8j6FLhLFVpUmAbJzrPg
UCeVKdPPgqu8jSLkV94kvRrA,@ゆきsnowing,24,2年,Member (2 years),,不明,,,1,1,0,2026-10-06 20:31,2026-10-06 20:31,,,https://www.youtube.com/channel/UCeVKdPPgqu8jSLkV94kvRrA
UCMuAo0L9OGYAddXexQNVj5w,@なつあぶら__.ch0,24,2年,Member (2 years),,不明,,,1,3,0,2026-10-06 20:31,2026-10-06 20:31,,,https://www.youtube.com/channel/UCMuAo0L9OGYAddXexQNVj5w
UCLVI80_OJBdWtfnkyJzAjRA,@ririco41,24,2年,Member (2 years),,不明,,,1,1,0,2026-10-06 20:31,2026-10-06 20:31,,,https://www.youtube.com/channel/UCLVI80_OJBdWtfnkyJzAjRA
UCJjwZdcs9kuyUQYlu-0OLHw,@ぷちめぐ,24,2年,Member (2 years),,不明,,,1,1,0,2026-10-06 20:31,2026-10-06 20:31,,,https://www.youtube.com/channel/UCJjwZdcs9kuyUQYlu-0OLHw
UChlXUTZ1xg6MD2Hva8QpU5g,@mic6207,24,2年,Member (2 years),,不明,,,1,1,0,2026-10-06 20:31,2026-10-06 20:31,,,https://www.youtube.com/channel/UChlXUTZ1xg6MD2Hva8QpU5g
UC145_3r9sFagfPOcey7vWUA,@noco5753,24,2年,Member (2 years),,不明,,,1,1,0,2026-10-06 20:31,2026-10-06 20:31,,,https://www.youtube.com/channel/UC145_3r9sFagfPOcey7vWUA
UCEsCYNKyycxqsZVv4F9ygRA,@haruri525,24,2年,Member (2 years),,不明,,,1,1,0,2026-10-08 00:00,2026-10-08 00:00,,,https://www.youtube.com/channel/UCEsCYNKyycxqsZVv4F9ygRA
UCgPfNPbMX_mKm2Rw7p6a55Q,@ichirinnsou,24,2年,Member (2 years),,不明,,,1,1,0,2026-10-08 00:00,2026-10-08 00:00,,,https://www.youtube.com/channel/UCgPfNPbMX_mKm2Rw7p6a55Q
UC6fm_hoTrQGdw8RQbSGmnGA,@___misuzu95,24,2年,Member (2 years),,不明,,,1,7,0,2026-10-08 00:00,2026-10-08 00:00,,,https://www.youtube.com/channel/UC6fm_hoTrQGdw8RQbSGmnGA
UCBhUichF0XbGb4GWOuCNjTg,@ゆき-k2n4z,24,2年,Member (2 years),,不明,,,1,1,0,2026-10-08 00:00,2026-10-08 00:00,,,https://www.youtube.com/channel/UCBhUichF0XbGb4GWOuCNjTg
UCyiDhJGPciUuXGt7Y9QH1oQ,@らむ-u6k,24,2年,Member (2 years),,不明,,,1,4,0,2026-10-08 00:00,2026-10-08 00:00,,,https://www.youtube.com/channel/UCyiDhJGPciUuXGt7Y9QH1oQ
UCZLBB38r2jtJPno38fs2vbg,@果て-ht,24,2年,Member (2 years),,不明,,,1,1,0,2026-10-08 00:00,2026-10-08 00:00,,,https://www.youtube.com/channel/UCZLBB38r2jtJPno38fs2vbg
UCiRf26K1h_zFaK2TlCYAbtw,@tukishiro28,24,2年,Member (2 years),,不明,,,1,1,0,2026-10-08 00:00,2026-10-08 00:00,,,https://www.youtube.com/channel/UCiRf26K1h_zFaK2TlCYAbtw
UC9KYrL49Urgi36R4aPIF2TQ,@ちーず-y8u,24,2年,Member (2 years),,不明,,,1,2,0,2026-10-08 00:00,2026-10-08 00:00,,,https://www.youtube.com/channel/UC9KYrL49Urgi36R4aPIF2TQ
UCL5sFg6SLWPKF-yH4RXl1Zg,@まるり-j2w,24,2年,Member (2 years),,不明,,,1,4,0,2026-10-08 00:00,2026-10-08 00:00,,,https://www.youtube.com/channel/UCL5sFg6SLWPKF-yH4RXl1Zg
UCw1p9EFq1TRi2c_J-nbONnA,@nyon3710,24,2年,Member (2 years),,不明,,,1,2,0,2026-10-08 00:00,2026-10-08 00:00,,,https://www.youtube.com/channel/UCw1p9EFq1TRi2c_J-nbONnA
UCkv4CQy_3eQWxkC8jahe5wA,@みすず00,24,2年,Member (2 years),,不明,,,1,1,0,2026-10-08 00:00,2026-10-08 00:00,,,https://www.youtube.com/channel/UCkv4CQy_3eQWxkC8jahe5wA
UClotm4Ik6BU6-k-mQpKWzTw,@ena_fwafwa,12,1年,Member (1 year),,不明,,,19,2398,0,2026-09-09 05:37,2026-10-08 00:00,,,https://www.youtube.com/channel/UClotm4Ik6BU6-k-mQpKWzTw
UC7C8eRKQTAyOMIXB6jHQ73g,@のな_nonq,12,1年,Member (1 year),,不明,,,19,2877,0,2026-09-09 05:37,2026-10-08 00:00,,,https://www.youtube.com/channel/UC7C8eRKQTAyOMIXB6jHQ73g
UCxb6kEczCG9v318iL_zofxw,@るりちゃん_nico,12,1年,Member (1 year),,不明,,,19,3987,2,2026-09-09 05:37,2026-10-08 00:00,,,https://www.youtube.com/channel/UCxb6kEczCG9v318iL_zofxw
UC0j2EFqDyqG-x8lEMoellWQ,@雪-28mn10,12,1年,Member (1 year),,不明,,,19,117,4,2026-09-09 05:37,2026-10-08 00:00,,,https://www.youtube.com/channel/UC0j2EFqDyqG-x8lEMoellWQ
UCX62VOik6ihgGhT_o7ulMAw,@たま-e8u,12,1年,Member (1 year),,不明,,,19,5049,17,2026-09-09 05:37,2026-10-08 00:00,,,https://www.youtube.com/channel/UCX62VOik6ihgGhT_o7ulMAw
UCTcoZSY4uVOXD_3UXhXs8Kg,@Nuu_mib,12,1年,Member (1 year),,不明,,,19,595,0,2026-09-09 05:37,2026-10-08 00:00,,,https://www.youtube.com/channel/UCTcoZSY4uVOXD_3UXhXs8Kg
UCuOPQkYTG1KFNVHXB7UgROQ,@HAGURAURI3,12,1年,Member (1 year),,不明,,,19,196,0,2026-09-09 05:37,2026-10-08 00:00,,,https://www.youtube.com/channel/UCuOPQkYTG1KFNVHXB7UgROQ
UCY58QFMyjs7396mgZJixNcQ,@isあまさき,12,1年,Member (1 year),,不明,,,19,5404,0,2026-09-09 05:37,2026-10-08 00:00,,,https://www.youtube.com/channel/UCY58QFMyjs7396mgZJixNcQ
UC92XbFZqaP-KxKnY0oKB9dg,@fkfk_sn55,12,1年,Member (1 year),,不明,,,19,165,0,2026-09-09 05:37,2026-10-08 00:00,,,https://www.youtube.com/channel/UC92XbFZqaP-KxKnY0oKB9dg
UC8Vv8mXg5lDiNONtBbFqapA,@Yoko-ようこようこ,12,1年,Member (1 year),,不明,,,18,2610,0,2026-09-09 05:37,2026-10-08 00:00,,,https://www.youtube.com/channel/UC8Vv8mXg5lDiNONtBbFqapA
UCKitXxeGdH20uFfo1GJdXAg,@ゆの-s5f,12,1年,Member (1 year),,不明,,,18,326,0,2026-09-09 05:37,2026-10-08 00:00,,,https://www.youtube.com/channel/UCKitXxeGdH20uFfo1GJdXAg
UCpfQFg2-MGLmqPIwJfK8p-A,@p0nU-kUr3,12,1年,Member (1 year),,不明,,,18,768,0,2026-09-09 05:37,2026-10-08 00:00,,,https://www.youtube.com/channel/UCpfQFg2-MGLmqPIwJfK8p-A
UCNuC15dF1P_lT9_sn9ieMPA,@晨_toki,12,1年,Member (1 year),,不明,,,18,1554,0,2026-09-09 05:37,2026-10-06 20:31,,,https://www.youtube.com/channel/UCNuC15dF1P_lT9_sn9ieMPA
UCWbrwpF2mhjH51ehPnvUlcw,@sakizawayuzuki,12,1年,Member (1 year),,不明,,,18,203,0,2026-09-09 05:37,2026-10-06 20:31,,,https://www.youtube.com/channel/UCWbrwpF2mhjH51ehPnvUlcw
UCWMACScvq7-qXWlrxCU--7A,@white_icon,12,1年,Member (1 year),,不明,,,18,747,0,2026-09-09 05:37,2026-10-08 00:00,,,https://www.youtube.com/channel/UCWMACScvq7-qXWlrxCU--7A
UCR-Ex0YfP1HV0k0I4Hxqfhw,@しずく05,12,1年,Member (1 year),,不明,,,18,772,0,2026-09-09 05:37,2026-10-08 00:00,,,https://www.youtube.com/channel/UCR-Ex0YfP1HV0k0I4Hxqfhw
UChJ_53XLZPKbWKQ5nxuLwFg,@tonli_3710,12,1年,Member (1 year),,不明,,,18,155,0,2026-09-09 05:37,2026-10-08 00:00,,,https://www.youtube.com/channel/UChJ_53XLZPKbWKQ5nxuLwFg
UCGIRZaSjkt3CDIdnscSUrug,@ねも_nm28,12,1年,Member (1 year),,不明,,,18,4560,0,2026-09-09 05:37,2026-10-08 00:00,,,https://www.youtube.com/channel/UCGIRZaSjkt3CDIdnscSUrug
UCYCWXvVo2QpCC77S1hFDb0g,@あっぷる-pie,12,1年,Member (1 year),,不明,,,18,6497,0,2026-09-09 05:37,2026-10-06 20:31,,,https://www.youtube.com/channel/UCYCWXvVo2QpCC77S1hFDb0g
UCdDZNUrv3OBF3juJS4J90Jw,@みとと-t5l3b,12,1年,Member (1 year),,不明,,,18,479,0,2026-09-09 05:37,2026-10-08 00:00,,,https://www.youtube.com/channel/UCdDZNUrv3OBF3juJS4J90Jw
UCmuxBVM5xUm4C_M_-MEUi5g,@user-fy4n1pm8,12,1年,Member (1 year),,不明,,,18,155,0,2026-09-09 05:37,2026-10-08 00:00,,,https://www.youtube.com/channel/UCmuxBVM5xUm4C_M_-MEUi5g
UC4153vQy0wWb1wXztAAunAg,@asa_nemui,12,1年,Member (1 year),,不明,,,18,142,0,2026-09-09 05:37,2026-10-08 00:00,,,https://www.youtube.com/channel/UC4153vQy0wWb1wXztAAunAg
UCnSGhenMDZy-bBdSHpVADHA,@トリケラトプスになりたい,12,1年,Member (1 year),,不明,,,18,460,1,2026-09-14 07:00,2026-10-08 00:00,,,https://www.youtube.com/channel/UCnSGhenMDZy-bBdSHpVADHA
UCTMo-CS7nH0pykaab3iNV2Q,@ピノまるる,12,1年,Member (1 year),,不明,,,17,98,0,2026-09-09 05:37,2026-10-08 00:00,,,https://www.youtube.com/channel/UCTMo-CS7nH0pykaab3iNV2Q
UCE8GgogvqXbGdoWZzc1E_JQ,@豆腐-418,12,1年,Member (1 year),,不明,,,17,83,0,2026-09-09 05:37,2026-10-04 17:40,,,https://www.youtube.com/channel/UCE8GgogvqXbGdoWZzc1E_JQ
UCCij4byzOGBHEXmqPe7pxoA,@しおちゃん-0-0,12,1年,Member (1 year),,不明,,,17,144,0,2026-09-09 05:37,2026-10-08 00:00,,,https://www.youtube.com/channel/UCCij4byzOGBHEXmqPe7pxoA
UCK7pPeM3ZUT4n2eKCZ3OSkw,@miki-qe3ce,12,1年,Member (1 year),,不明,,,17,131,1,2026-09-09 05:37,2026-10-08 00:00,,,https://www.youtube.com/channel/UCK7pPeM3ZUT4n2eKCZ3OSkw
UCbX1uWHi9cSOKfoRI1DfDyQ,@まるかいてゆ_MaruYu,12,1年,Member (1 year),,不明,,,17,2912,0,2026-09-09 05:37,2026-10-08 00:00,,,https://www.youtube.com/channel/UCbX1uWHi9cSOKfoRI1DfDyQ
UCVtEJSTFJn7yjtJ6owMAL-A,@ak1chan91,12,1年,Member (1 year),,不明,,,17,345,0,2026-09-09 05:37,2026-10-06 20:31,,,https://www.youtube.com/channel/UCVtEJSTFJn7yjtJ6owMAL-A
UCvn8KPKHJB2p9A7GxYLfYCg,@むにゅ_0,12,1年,Member (1 year),,不明,,,17,993,1,2026-09-09 05:37,2026-10-08 00:00,,,https://www.youtube.com/channel/UCvn8KPKHJB2p9A7GxYLfYCg
UCH2unAavXL3ca11U1V53yVA,@ようyou3mow3,12,1年,Member (1 year),,不明,,,17,309,0,2026-09-09 05:37,2026-10-06 20:31,,,https://www.youtube.com/channel/UCH2unAavXL3ca11U1V53yVA
UCyMUIHR0wvldtC2Yr_FkOgw,@きゅんひ,12,1年,Member (1 year),,不明,,,17,171,0,2026-09-09 05:37,2026-10-08 00:00,,,https://www.youtube.com/channel/UCyMUIHR0wvldtC2Yr_FkOgw
UCpob4uLOvUP4FD06uY1rIYg,@リリー.o0x,12,1年,Member (1 year),,不明,,,17,777,0,2026-09-09 05:37,2026-10-08 00:00,,,https://www.youtube.com/channel/UCpob4uLOvUP4FD06uY1rIYg
UCXL836Y8cLRxaN-yNPi9UiA,@hungtoypz,12,1年,Member (1 year),,不明,,,17,740,0,2026-09-09 05:37,2026-10-08 00:00,,,https://www.youtube.com/channel/UCXL836Y8cLRxaN-yNPi9UiA
UCOD9uJRzIvWB-jNPtbxfOCg,@yula7766,12,1年,Member (1 year),,不明,,,17,326,0,2026-09-14 07:00,2026-10-08 00:00,,,https://www.youtube.com/channel/UCOD9uJRzIvWB-jNPtbxfOCg
UCfAqmN9RNLI0jmUoDGuXFpA,@Asunaro_0371,12,1年,Member (1 year),,不明,,,17,271,0,2026-09-14 07:00,2026-10-08 00:00,,,https://www.youtube.com/channel/UCfAqmN9RNLI0jmUoDGuXFpA
UCk3pHZ96_kg8AhQlHzKVKmA,@みさき.nipa28,12,1年,Member (1 year),,不明,,,16,49,0,2026-09-09 05:37,2026-10-08 00:00,,,https://www.youtube.com/channel/UCk3pHZ96_kg8AhQlHzKVKmA
UCF-jY6Av8u9aIQpXiTJg0Jw,@きなこもちv-v,12,1年,Member (1 year),,不明,,,16,1688,0,2026-09-09 05:37,2026-10-08 00:00,,,https://www.youtube.com/channel/UCF-jY6Av8u9aIQpXiTJg0Jw
UCAARzuWqQEEcvWjp6yIlXmQ,@Xxx015xx,12,1年,Member (1 year),,不明,,,16,108,0,2026-09-09 05:37,2026-10-06 20:31,,,https://www.youtube.com/channel/UCAARzuWqQEEcvWjp6yIlXmQ
UCoKQ76Q75ONpj4Gvas-_4tA,@つん-n3m,12,1年,Member (1 year),,不明,,,16,742,0,2026-09-09 05:37,2026-10-08 00:00,,,https://www.youtube.com/channel/UCoKQ76Q75ONpj4Gvas-_4tA
UCc-eyUTHCmUQyJX8mhNNPOw,@三つ編み,12,1年,Member (1 year),,不明,,,16,261,0,2026-09-09 05:37,2026-10-08 00:00,,,https://www.youtube.com/channel/UCc-eyUTHCmUQyJX8mhNNPOw
UCNVNE35aVZ5HyCIGmzs-5rQ,@あいゆんご,12,1年,Member (1 year),,不明,,,16,219,0,2026-09-09 05:37,2026-10-06 20:31,,,https://www.youtube.com/channel/UCNVNE35aVZ5HyCIGmzs-5rQ
UCOeM3P-P2el3n1WVY_megoQ,@KAO_vb5jj,12,1年,Member (1 year),,不明,,,16,487,0,2026-09-09 05:37,2026-10-08 00:00,,,https://www.youtube.com/channel/UCOeM3P-P2el3n1WVY_megoQ
UCwNjHb0FlhewDPUKy2JjOtw,@ふぁふぁみるく,12,1年,Member (1 year),,不明,,,16,1965,10,2026-09-15 20:06,2026-10-08 00:00,,,https://www.youtube.com/channel/UCwNjHb0FlhewDPUKy2JjOtw
UCRVvZXt_rgo8tgmie8Yy4rw,@ちまきち-j6f,12,1年,Member (1 year),,不明,,,15,593,3,2026-09-09 05:37,2026-10-08 00:00,,,https://www.youtube.com/channel/UCRVvZXt_rgo8tgmie8Yy4rw
UCNL71fbvqKlSAo0vhBWiJhg,@rayn3956,12,1年,Member (1 year),,不明,,,15,373,0,2026-09-09 05:37,2026-10-08 00:00,,,https://www.youtube.com/channel/UCNL71fbvqKlSAo0vhBWiJhg
UCD2ps8g2K1XuhcyTxke4Xpg,@りん-n9v8n,12,1年,Member (1 year),,不明,,,15,70,0,2026-09-09 05:37,2026-10-08 00:00,,,https://www.youtube.com/channel/UCD2ps8g2K1XuhcyTxke4Xpg
UCZhR2nO0FdsDC_qag-yckRA,@れい_mini2434,12,1年,Member (1 year),,不明,,,15,130,0,2026-09-09 05:37,2026-10-08 00:00,,,https://www.youtube.com/channel/UCZhR2nO0FdsDC_qag-yckRA
UC4fSkmKL9I8hO0qP6e06h4Q,@まみっち-peach,12,1年,Member (1 year),,不明,,,15,55,0,2026-09-09 05:37,2026-10-08 00:00,,,https://www.youtube.com/channel/UC4fSkmKL9I8hO0qP6e06h4Q
UC6n2f4emxgQ8ALoYSLbuQ2A,@氷雨-tru,12,1年,Member (1 year),,不明,,,15,52,0,2026-09-09 05:37,2026-10-06 20:31,,,https://www.youtube.com/channel/UC6n2f4emxgQ8ALoYSLbuQ2A
UCZ6tMODV9nTrQQs7arscQ7w,@成瀬-k4x,12,1年,Member (1 year),,不明,,,15,281,0,2026-09-09 05:37,2026-10-08 00:00,,,https://www.youtube.com/channel/UCZ6tMODV9nTrQQs7arscQ7w
UC_5TsnXStKscrqo-o2Phkag,@ねん-nen,12,1年,Member (1 year),,不明,,,15,692,0,2026-09-14 07:00,2026-10-08 00:00,,,https://www.youtube.com/channel/UC_5TsnXStKscrqo-o2Phkag
UCkhhbsaoyRTzREhV5Ffc0XQ,@みっぜ,12,1年,Member (1 year),,不明,,,15,103,0,2026-09-14 07:00,2026-10-06 20:31,,,https://www.youtube.com/channel/UCkhhbsaoyRTzREhV5Ffc0XQ
UC45YlDxnzbsQncBaQB0dwuA,@MNM-ft1gl,12,1年,Member (1 year),,不明,,,15,184,0,2026-09-14 07:00,2026-10-08 00:00,,,https://www.youtube.com/channel/UC45YlDxnzbsQncBaQB0dwuA
UC7FmCixz51wLzQXd9ukOcIw,@RAN-524,12,1年,Member (1 year),,不明,,,14,804,0,2026-09-09 05:37,2026-10-06 20:31,,,https://www.youtube.com/channel/UC7FmCixz51wLzQXd9ukOcIw
UC7yVQHU_YnF2ugcKkcsEKew,@枕元にねこ居てほしい,12,1年,Member (1 year),,不明,,,14,57,0,2026-09-09 05:37,2026-10-08 00:00,,,https://www.youtube.com/channel/UC7yVQHU_YnF2ugcKkcsEKew
UCfoUXERwEXiMI7ov4jbAcpQ,@ぁぁぁ-d7p,12,1年,Member (1 year),,不明,,,14,32,0,2026-09-09 05:37,2026-10-08 00:00,,,https://www.youtube.com/channel/UCfoUXERwEXiMI7ov4jbAcpQ
UCVF_Mrvb9nSb52j1G5VnBQg,@まひ_fwfw,12,1年,Member (1 year),,不明,,,14,102,0,2026-09-09 05:37,2026-10-08 00:00,,,https://www.youtube.com/channel/UCVF_Mrvb9nSb52j1G5VnBQg
UCJPZa4KD_DJDdIV5vz1TTAg,@ぷ_ゎ,12,1年,Member (1 year),,不明,,,14,862,0,2026-09-09 05:37,2026-10-08 00:00,,,https://www.youtube.com/channel/UCJPZa4KD_DJDdIV5vz1TTAg
UCarvA_rr0T7vUlhyWopqkxw,@海-h8q,12,1年,Member (1 year),,不明,,,14,604,0,2026-09-09 05:37,2026-10-08 00:00,,,https://www.youtube.com/channel/UCarvA_rr0T7vUlhyWopqkxw
UCyMkxxDdCf9As0BmO3I9eEw,@peconaaaw10,12,1年,Member (1 year),,不明,,,14,168,0,2026-09-09 05:37,2026-10-08 00:00,,,https://www.youtube.com/channel/UCyMkxxDdCf9As0BmO3I9eEw
UCQ5g1XkXskOyxFbztqFX7ug,@chichan_2828,12,1年,Member (1 year),,不明,,,14,251,0,2026-09-14 07:00,2026-10-08 00:00,,,https://www.youtube.com/channel/UCQ5g1XkXskOyxFbztqFX7ug
UCCmAw5XC0ddFWTP4rr9ujoA,@みおん-l4s,12,1年,Member (1 year),,不明,,,14,55,0,2026-09-14 07:00,2026-10-08 00:00,,,https://www.youtube.com/channel/UCCmAw5XC0ddFWTP4rr9ujoA
UCD0bN-wJP0Xhc63OpgZ0fcQ,@sakiiiiika_6,12,1年,Member (1 year),,不明,,,14,147,0,2026-09-14 07:00,2026-10-08 00:00,,,https://www.youtube.com/channel/UCD0bN-wJP0Xhc63OpgZ0fcQ
UC80NKwekdq-sCTa-Ubksi2g,@にょき-s6d,12,1年,Member (1 year),,不明,,,13,96,0,2026-09-09 05:37,2026-10-08 00:00,,,https://www.youtube.com/channel/UC80NKwekdq-sCTa-Ubksi2g
UCNqL3z4-x9eaaeXjXq-k08Q,@sasuganine,12,1年,Member (1 year),,不明,,,13,14,0,2026-09-09 05:37,2026-10-04 17:40,,,https://www.youtube.com/channel/UCNqL3z4-x9eaaeXjXq-k08Q
UCDS7fjUDG9_4DfC8vzV2u0Q,@fuwabiin,12,1年,Member (1 year),,不明,,,13,101,0,2026-09-09 05:37,2026-10-08 00:00,,,https://www.youtube.com/channel/UCDS7fjUDG9_4DfC8vzV2u0Q
UCjQxv9D47mrxyvBoVzA_V_A,@ried.b.n9249,12,1年,Member (1 year),,不明,,,13,179,0,2026-09-09 05:37,2026-10-08 00:00,,,https://www.youtube.com/channel/UCjQxv9D47mrxyvBoVzA_V_A
UCZ_AUuE00YH1UXhU4EfUDDw,@よつば-d1h,12,1年,Member (1 year),,不明,,,13,80,2,2026-09-09 05:37,2026-10-08 00:00,,,https://www.youtube.com/channel/UCZ_AUuE00YH1UXhU4EfUDDw
UCpABTw1UqdIcU2PEGo1lwBA,@咲-ss,12,1年,Member (1 year),,不明,,,13,34,0,2026-09-09 05:37,2026-10-08 00:00,,,https://www.youtube.com/channel/UCpABTw1UqdIcU2PEGo1lwBA
UCghcHRAToNXrX3aRaEaFWJw,@milky002,12,1年,Member (1 year),,不明,,,13,82,0,2026-09-09 05:37,2026-10-08 00:00,,,https://www.youtube.com/channel/UCghcHRAToNXrX3aRaEaFWJw
UCjg0h8NYC4fph6hHYQgwuJw,@wkwk3_9,12,1年,Member (1 year),,不明,,,13,178,0,2026-09-09 05:37,2026-10-08 00:00,,,https://www.youtube.com/channel/UCjg0h8NYC4fph6hHYQgwuJw
UCGsSp6KvQd4H2TM4W_SQT4Q,@さかなちゃん-3710,12,1年,Member (1 year),,不明,,,13,704,0,2026-09-09 05:37,2026-10-08 00:00,,,https://www.youtube.com/channel/UCGsSp6KvQd4H2TM4W_SQT4Q
UCYMXOuyyjBbqEQ0UhDAQGHA,@みずりあ-2120,12,1年,Member (1 year),,不明,,,13,331,0,2026-09-09 05:37,2026-10-08 00:00,,,https://www.youtube.com/channel/UCYMXOuyyjBbqEQ0UhDAQGHA
UClkB5M03YppzrWNTMgq_iSg,@haruta4031,12,1年,Member (1 year),,不明,,,13,91,0,2026-09-14 07:00,2026-10-06 20:31,,,https://www.youtube.com/channel/UClkB5M03YppzrWNTMgq_iSg
UCWrwm0oGKZp7I5gmFzYjCbg,@エアロ-b8i,12,1年,Member (1 year),,不明,,,13,104,0,2026-09-14 07:00,2026-10-08 00:00,,,https://www.youtube.com/channel/UCWrwm0oGKZp7I5gmFzYjCbg
UCwVYkXClPfNLETx9VhM4oew,@ma_ki4461,12,1年,Member (1 year),,不明,,,13,436,2,2026-09-17 05:05,2026-10-04 17:40,,,https://www.youtube.com/channel/UCwVYkXClPfNLETx9VhM4oew
UCK-Wh-F9zHYNHjmptuCJW0A,@桜華-i3d,12,1年,Member (1 year),,不明,,,12,158,0,2026-09-09 05:37,2026-10-04 17:40,,,https://www.youtube.com/channel/UCK-Wh-F9zHYNHjmptuCJW0A
UCuAcgDaSnRFgAJbI2ldh0Qg,@やや-f3i,12,1年,Member (1 year),,不明,,,12,210,0,2026-09-09 05:37,2026-10-08 00:00,,,https://www.youtube.com/channel/UCuAcgDaSnRFgAJbI2ldh0Qg
UC3gkMVm-ctu_8R_ieYY8Azg,@sakkuri922,12,1年,Member (1 year),,不明,,,12,49,0,2026-09-09 05:37,2026-10-08 00:00,,,https://www.youtube.com/channel/UC3gkMVm-ctu_8R_ieYY8Azg
UCd1gHfGYBTDJ8KWTmVETkcg,@daifukuchan_dayo,12,1年,Member (1 year),,不明,,,12,34,0,2026-09-09 05:37,2026-10-08 00:00,,,https://www.youtube.com/channel/UCd1gHfGYBTDJ8KWTmVETkcg
UCKLJuPLQvzzdKQa6d5CGMhw,@moi2323-s7w,12,1年,Member (1 year),,不明,,,12,50,0,2026-09-09 05:37,2026-10-08 00:00,,,https://www.youtube.com/channel/UCKLJuPLQvzzdKQa6d5CGMhw
UCdLjgLwZsm-Q3jB5BIUFa8A,@DestinyBocchi,12,1年,Member (1 year),,不明,,,12,105,0,2026-09-09 05:37,2026-10-08 00:00,,,https://www.youtube.com/channel/UCdLjgLwZsm-Q3jB5BIUFa8A
UC-l3H7PVRVQVD38ypKVLtCQ,@NooN-723,12,1年,Member (1 year),,不明,,,12,314,0,2026-09-09 05:37,2026-10-08 00:00,,,https://www.youtube.com/channel/UC-l3H7PVRVQVD38ypKVLtCQ
UC4puI0vN6_pwcZ534Ruc4Kw,@でんせつ-c7n,12,1年,Member (1 year),,不明,,,12,97,0,2026-09-09 05:37,2026-10-04 17:40,,,https://www.youtube.com/channel/UC4puI0vN6_pwcZ534Ruc4Kw
UCTnhR36ZeDzn_u4mQF-933Q,@mya-mn99,12,1年,Member (1 year),,不明,,,12,1166,0,2026-09-14 07:00,2026-10-08 00:00,,,https://www.youtube.com/channel/UCTnhR36ZeDzn_u4mQF-933Q
UCRwJjFMM3YwpYuNj3lrlu0Q,@__viill,12,1年,Member (1 year),,不明,,,12,193,0,2026-09-14 07:00,2026-10-08 00:00,,,https://www.youtube.com/channel/UCRwJjFMM3YwpYuNj3lrlu0Q
UCepnlD1EsXkYh8dLekOmkjQ,@m1ki06,12,1年,Member (1 year),,不明,,,12,116,1,2026-09-14 07:00,2026-10-08 00:00,,,https://www.youtube.com/channel/UCepnlD1EsXkYh8dLekOmkjQ
UCyX-bDxEIcp3nCxOwNQPyug,@こりん-w6c,12,1年,Member (1 year),,不明,,,12,61,0,2026-09-14 07:00,2026-10-08 00:00,,,https://www.youtube.com/channel/UCyX-bDxEIcp3nCxOwNQPyug
UC2iqxPUYYudJCyGvCbrvLHg,@かにゃたそ,12,1年,Member (1 year),,不明,,,11,481,0,2026-09-09 05:37,2026-10-06 20:31,,,https://www.youtube.com/channel/UC2iqxPUYYudJCyGvCbrvLHg
UCkGcGe05Gg4eE_UtvXkvuTA,@ともー_miu,12,1年,Member (1 year),,不明,,,11,19,0,2026-09-09 05:37,2026-10-06 20:31,,,https://www.youtube.com/channel/UCkGcGe05Gg4eE_UtvXkvuTA
UCHD0oj95EyLCphVxvkTartw,@飴-418,12,1年,Member (1 year),,不明,,,11,31,0,2026-09-09 05:37,2026-10-04 17:40,,,https://www.youtube.com/channel/UCHD0oj95EyLCphVxvkTartw
UC-p7S4HNECz5oBF5viuqqDw,@めぎゅ-u_u,12,1年,Member (1 year),,不明,,,11,35,0,2026-09-09 05:37,2026-10-04 17:40,,,https://www.youtube.com/channel/UC-p7S4HNECz5oBF5viuqqDw
UClyHHppA_QQPwHcTE16BynQ,@こがしミルク-t7k,12,1年,Member (1 year),,不明,,,11,47,0,2026-09-09 05:37,2026-10-04 17:40,,,https://www.youtube.com/channel/UClyHHppA_QQPwHcTE16BynQ
UCA9bv3S0MTk7xJD3xmrudxw,@みにこここ,12,1年,Member (1 year),,不明,,,11,247,0,2026-09-09 05:37,2026-10-04 17:40,,,https://www.youtube.com/channel/UCA9bv3S0MTk7xJD3xmrudxw
UCbFE3gnJCelHg80-J6bpUaw,@なつはて-t7z,12,1年,Member (1 year),,不明,,,11,411,0,2026-09-09 05:37,2026-10-08 00:00,,,https://www.youtube.com/channel/UCbFE3gnJCelHg80-J6bpUaw
UCbMMjUKlBxMWQF9qCzQNdHQ,@愛恋-w3t,12,1年,Member (1 year),,不明,,,11,305,2,2026-09-15 20:06,2026-10-08 00:00,,,https://www.youtube.com/channel/UCbMMjUKlBxMWQF9qCzQNdHQ
UCiGZdIBSalpYg3end2c_82Q,@しろくてまるい_0-0,12,1年,Member (1 year),,不明,,,11,108,0,2026-09-15 20:06,2026-10-08 00:00,,,https://www.youtube.com/channel/UCiGZdIBSalpYg3end2c_82Q
UCObE9BUyJNITRm0hx6pACHw,@苔まる28,12,1年,Member (1 year),,不明,,,11,63,0,2026-09-20 18:55,2026-10-06 20:31,,,https://www.youtube.com/channel/UCObE9BUyJNITRm0hx6pACHw
UCG4ST9LnyEBN64hkMQgPkpw,@nuko2453,12,1年,Member (1 year),,不明,,,10,170,0,2026-09-09 05:37,2026-10-08 00:00,,,https://www.youtube.com/channel/UCG4ST9LnyEBN64hkMQgPkpw
UCEvCuxLN433xDdMJFgDleGw,@chikage1219,12,1年,Member (1 year),,不明,,,10,16,0,2026-09-09 05:37,2026-10-03 20:59,,,https://www.youtube.com/channel/UCEvCuxLN433xDdMJFgDleGw
UC29VS8JiGAU3MT1Dsvk93zQ,@葉月姫,12,1年,Member (1 year),,不明,,,10,63,0,2026-09-09 05:37,2026-10-08 00:00,,,https://www.youtube.com/channel/UC29VS8JiGAU3MT1Dsvk93zQ
UC-dfIwxXsBin_f4L9vY67Dg,@ねむ-b9k6n,12,1年,Member (1 year),,不明,,,10,25,0,2026-09-09 05:37,2026-10-06 20:31,,,https://www.youtube.com/channel/UC-dfIwxXsBin_f4L9vY67Dg
UCf_QkG50wqYHSx9z7qX2biA,@おむぎむぎこ,12,1年,Member (1 year),,不明,,,10,77,0,2026-09-09 05:37,2026-10-08 00:00,,,https://www.youtube.com/channel/UCf_QkG50wqYHSx9z7qX2biA
UCA_WkbdTXX8d55-uGvsp5pQ,@逆目,12,1年,Member (1 year),,不明,,,10,32,0,2026-09-09 05:37,2026-10-06 20:31,,,https://www.youtube.com/channel/UCA_WkbdTXX8d55-uGvsp5pQ
UCH7pbZGrMlHA2DtOtgMwdhA,@Edamame007,12,1年,Member (1 year),,不明,,,10,107,0,2026-09-09 05:37,2026-10-08 00:00,,,https://www.youtube.com/channel/UCH7pbZGrMlHA2DtOtgMwdhA
UC2Pt8Q8tFuoDzE2L7-6VuFA,@あっちゃん-c1l,12,1年,Member (1 year),,不明,,,10,33,0,2026-09-09 05:37,2026-10-08 00:00,,,https://www.youtube.com/channel/UC2Pt8Q8tFuoDzE2L7-6VuFA
UCMphKrvQuWc80SCAYVoa7rg,@みみみ-v5x,12,1年,Member (1 year),,不明,,,10,46,0,2026-09-09 05:37,2026-10-08 00:00,,,https://www.youtube.com/channel/UCMphKrvQuWc80SCAYVoa7rg
UCfCkVocVLhccFfUEp-Ck1xQ,@ちょろ-x8j,12,1年,Member (1 year),,不明,,,10,51,0,2026-09-09 05:37,2026-10-08 00:00,,,https://www.youtube.com/channel/UCfCkVocVLhccFfUEp-Ck1xQ
UC7ezo7ld-tpsL5VfALaOMVQ,@ささ-o5i,12,1年,Member (1 year),,不明,,,10,58,0,2026-09-09 05:37,2026-10-08 00:00,,,https://www.youtube.com/channel/UC7ezo7ld-tpsL5VfALaOMVQ
UCKKfiRiQH1UWpbMM1xcjrvw,@うらら0314,12,1年,Member (1 year),,不明,,,10,43,0,2026-09-14 07:00,2026-10-08 00:00,,,https://www.youtube.com/channel/UCKKfiRiQH1UWpbMM1xcjrvw
UCdm5keBdaqQ-5qJzcZ1gKbA,@pontikiyo5,12,1年,Member (1 year),,不明,,,10,34,0,2026-09-14 07:00,2026-10-08 00:00,,,https://www.youtube.com/channel/UCdm5keBdaqQ-5qJzcZ1gKbA
UCfVtYZr_gniX4qrYA3BhXBA,@ささ-f3v,12,1年,Member (1 year),,不明,,,10,307,0,2026-09-15 20:06,2026-10-08 00:00,,,https://www.youtube.com/channel/UCfVtYZr_gniX4qrYA3BhXBA
UCdf3XmHsSZBlU9bXz5BhTIg,@奏-c7v,12,1年,Member (1 year),,不明,,,10,441,0,2026-09-15 20:06,2026-10-06 20:31,,,https://www.youtube.com/channel/UCdf3XmHsSZBlU9bXz5BhTIg
UC_x9vY3-qC2P4HBk8_rCm4Q,@hiwada,12,1年,Member (1 year),,不明,,,10,152,0,2026-09-15 20:06,2026-10-06 20:31,,,https://www.youtube.com/channel/UC_x9vY3-qC2P4HBk8_rCm4Q
UCMyFWpteyHse0eZ3jFOrJoQ,@まふゆ-m2f,12,1年,Member (1 year),,不明,,,10,111,0,2026-09-16 05:01,2026-10-04 17:40,,,https://www.youtube.com/channel/UCMyFWpteyHse0eZ3jFOrJoQ
UC5kSt7zLtYy9BrbdkF0TZtA,@makolon,12,1年,Member (1 year),,不明,,,10,62,0,2026-09-16 05:01,2026-10-04 17:40,,,https://www.youtube.com/channel/UC5kSt7zLtYy9BrbdkF0TZtA
UCe6SbVUF9jZsOZaWXsfvqaQ,@Sobacha495,12,1年,Member (1 year),,不明,,,9,111,0,2026-09-09 05:37,2026-10-06 20:31,,,https://www.youtube.com/channel/UCe6SbVUF9jZsOZaWXsfvqaQ
UCKdrX7Mj-9O6USU8x7Kc5fA,@さーらPx_o,12,1年,Member (1 year),,不明,,,9,59,0,2026-09-09 05:37,2026-09-29 05:00,,,https://www.youtube.com/channel/UCKdrX7Mj-9O6USU8x7Kc5fA
UCAUGOZCwTL57yfoafnoKH4w,@つこみこ-vhf,12,1年,Member (1 year),,不明,,,9,47,0,2026-09-09 05:37,2026-10-08 00:00,,,https://www.youtube.com/channel/UCAUGOZCwTL57yfoafnoKH4w
UCEQmWZ8orIxFjAoxJgOm4Hw,@まここ-i3w,12,1年,Member (1 year),,不明,,,9,79,0,2026-09-09 05:37,2026-10-08 00:00,,,https://www.youtube.com/channel/UCEQmWZ8orIxFjAoxJgOm4Hw
UC-R7W_oxP1OpL5Ot6FLGnDg,@shizuki_0219,12,1年,Member (1 year),,不明,,,9,57,0,2026-09-14 07:00,2026-10-08 00:00,,,https://www.youtube.com/channel/UC-R7W_oxP1OpL5Ot6FLGnDg
UCk6mz1xFC6iD-pgPbCzTrRQ,@719__tana,12,1年,Member (1 year),,不明,,,9,11,0,2026-09-14 07:00,2026-10-06 20:31,,,https://www.youtube.com/channel/UCk6mz1xFC6iD-pgPbCzTrRQ
UCrqO3s-aJyP1MHha5gXkquQ,@月兎-c5w,12,1年,Member (1 year),,不明,,,9,25,0,2026-09-14 07:00,2026-10-02 21:00,,,https://www.youtube.com/channel/UCrqO3s-aJyP1MHha5gXkquQ
UC-_V5erC4-aBcWcTkDI5Duw,@あおい401,12,1年,Member (1 year),,不明,,,9,11,0,2026-09-14 07:00,2026-10-08 00:00,,,https://www.youtube.com/channel/UC-_V5erC4-aBcWcTkDI5Duw
UCsNRhCuV0Ss74NhR8nJyKiA,@あみ_fmt,12,1年,Member (1 year),,不明,,,9,36,0,2026-09-15 20:06,2026-10-08 00:00,,,https://www.youtube.com/channel/UCsNRhCuV0Ss74NhR8nJyKiA
UCylCU1YjzdbWovuDkAWBiWg,@chunhee9277,12,1年,Member (1 year),,不明,,,9,76,0,2026-09-15 20:06,2026-10-08 00:00,,,https://www.youtube.com/channel/UCylCU1YjzdbWovuDkAWBiWg
UCWfJAy2hoUuWAcqwFBWqnPw,@しおり-shios2,12,1年,Member (1 year),,不明,,,9,50,0,2026-09-15 20:06,2026-10-04 17:40,,,https://www.youtube.com/channel/UCWfJAy2hoUuWAcqwFBWqnPw
UC-hTFEfDA9tQ2bik9QyygPQ,@------saikoro-------,12,1年,Member (1 year),,不明,,,9,24,0,2026-09-20 18:55,2026-10-04 17:40,,,https://www.youtube.com/channel/UC-hTFEfDA9tQ2bik9QyygPQ
UC_4kTu13opltxDiBqdYQCTQ,@azu7974,12,1年,Member (1 year),,不明,,,9,30,0,2026-09-20 18:55,2026-10-06 20:31,,,https://www.youtube.com/channel/UC_4kTu13opltxDiBqdYQCTQ
UCxBCIFwSp4Qn6AE9i8Q5vZQ,@kmr9692,12,1年,Member (1 year),,不明,,,8,24,0,2026-09-09 05:37,2026-10-08 00:00,,,https://www.youtube.com/channel/UCxBCIFwSp4Qn6AE9i8Q5vZQ
UC50fF1ujagwdA_u2dZxoXsw,@したいちゃん,12,1年,Member (1 year),,不明,,,8,14,0,2026-09-09 05:37,2026-10-08 00:00,,,https://www.youtube.com/channel/UC50fF1ujagwdA_u2dZxoXsw
UCzgg9-TG3x44I--T7HXsZyw,@がっち-k7s,12,1年,Member (1 year),,不明,,,8,38,0,2026-09-09 05:37,2026-10-06 20:31,,,https://www.youtube.com/channel/UCzgg9-TG3x44I--T7HXsZyw
UCG6A3JKQRkgn9Ah69SGjL4w,@あぶりー,12,1年,Member (1 year),,不明,,,8,11,0,2026-09-09 05:37,2026-10-08 00:00,,,https://www.youtube.com/channel/UCG6A3JKQRkgn9Ah69SGjL4w
UCAlYF4XONL3mG5o_6HXrR8A,@えりも-f1d,12,1年,Member (1 year),,不明,,,8,49,0,2026-09-09 05:37,2026-10-06 20:31,,,https://www.youtube.com/channel/UCAlYF4XONL3mG5o_6HXrR8A
UCHtSxxZoP7wR1lKTEBaWsCg,@みや-g7k7k,12,1年,Member (1 year),,不明,,,8,32,0,2026-09-09 05:37,2026-10-06 20:31,,,https://www.youtube.com/channel/UCHtSxxZoP7wR1lKTEBaWsCg
UCOdl60irv39dFkSVZHH9tQQ,@ぴろしきpiroshiki,12,1年,Member (1 year),,不明,,,8,52,0,2026-09-09 05:37,2026-10-08 00:00,,,https://www.youtube.com/channel/UCOdl60irv39dFkSVZHH9tQQ
UCOyRGD-FQKenx6AolIHGCgg,@こんぺいとう_e,12,1年,Member (1 year),,不明,,,8,29,0,2026-09-09 05:37,2026-10-06 20:31,,,https://www.youtube.com/channel/UCOyRGD-FQKenx6AolIHGCgg
UC8U3GkoA8vrZox4_x397o6Q,@しお-pool,12,1年,Member (1 year),,不明,,,8,92,0,2026-09-14 07:00,2026-10-08 00:00,,,https://www.youtube.com/channel/UC8U3GkoA8vrZox4_x397o6Q
UCRWOSvwGD7uoEDEJDABJLEQ,@ろろつ-z5h,12,1年,Member (1 year),,不明,,,8,33,0,2026-09-14 07:00,2026-10-06 20:31,,,https://www.youtube.com/channel/UCRWOSvwGD7uoEDEJDABJLEQ
UCdLemrsXDwDeGYAPfevXbtg,@ふぇんふぉあ,12,1年,Member (1 year),,不明,,,8,179,0,2026-09-14 07:00,2026-10-08 00:00,,,https://www.youtube.com/channel/UCdLemrsXDwDeGYAPfevXbtg
UCkaLO7-w3jvhpqfN3y9xAQQ,@麻美-r9c,12,1年,Member (1 year),,不明,,,8,15,0,2026-09-14 07:00,2026-10-04 17:40,,,https://www.youtube.com/channel/UCkaLO7-w3jvhpqfN3y9xAQQ
UCXdMBQ1_9k2YyDarueKHPww,@se_raan18,12,1年,Member (1 year),,不明,,,8,47,0,2026-09-14 07:00,2026-10-08 00:00,,,https://www.youtube.com/channel/UCXdMBQ1_9k2YyDarueKHPww
UCiLvrgC15HbgnN7x07ET3IA,@ゆずアジ,12,1年,Member (1 year),,不明,,,8,144,0,2026-09-15 20:06,2026-10-08 00:00,,,https://www.youtube.com/channel/UCiLvrgC15HbgnN7x07ET3IA
UCMd26i7hZTDghyRv45Llp2A,@kingmu-k1s,12,1年,Member (1 year),,不明,,,8,12,0,2026-09-15 20:06,2026-10-04 17:40,,,https://www.youtube.com/channel/UCMd26i7hZTDghyRv45Llp2A
UCCc41Sshf3wwEkBqs8H3meA,@hamonihopo,12,1年,Member (1 year),,不明,,,8,75,0,2026-09-15 20:06,2026-10-08 00:00,,,https://www.youtube.com/channel/UCCc41Sshf3wwEkBqs8H3meA
UCkc8e7xuV2UcqnzUUausOTQ,@dareyanen_1s,12,1年,Member (1 year),,不明,,,8,20,0,2026-09-16 05:01,2026-10-01 20:48,,,https://www.youtube.com/channel/UCkc8e7xuV2UcqnzUUausOTQ
UCd9z3sfztzOttEdYcjFbjYg,@めぐ-p6s,12,1年,Member (1 year),,不明,,,8,47,0,2026-09-16 05:01,2026-10-06 20:31,,,https://www.youtube.com/channel/UCd9z3sfztzOttEdYcjFbjYg
UCFJyujcmcG8kG_ojVzE6WHQ,@ちや-w3z,12,1年,Member (1 year),,不明,,,8,16,0,2026-09-16 05:01,2026-10-04 17:40,,,https://www.youtube.com/channel/UCFJyujcmcG8kG_ojVzE6WHQ
UCOECmE5DmuSo5AS8zvRqGBw,@pii-ng2gf,12,1年,Member (1 year),,不明,,,8,91,0,2026-09-20 18:55,2026-10-04 17:40,,,https://www.youtube.com/channel/UCOECmE5DmuSo5AS8zvRqGBw
UCGDAHnGY_J4OoevPLTGI_gg,@こはる-w5n,12,1年,Member (1 year),,不明,,,7,81,0,2026-09-09 05:37,2026-10-04 17:40,,,https://www.youtube.com/channel/UCGDAHnGY_J4OoevPLTGI_gg
UCFVBFTVKh1d8gloVVKUP7aA,@FWFWKICHA7,12,1年,Member (1 year),,不明,,,7,31,0,2026-09-09 05:37,2026-10-04 17:40,,,https://www.youtube.com/channel/UCFVBFTVKh1d8gloVVKUP7aA
UCTJ7dRwQzkwIksiyJZhcAGw,@猫缶-nekocan,12,1年,Member (1 year),,不明,,,7,15,1,2026-09-09 05:37,2026-10-04 17:40,,,https://www.youtube.com/channel/UCTJ7dRwQzkwIksiyJZhcAGw
UCZB7A0hfSn8kONpalCNVFiA,@たましの-f9p,12,1年,Member (1 year),,不明,,,7,16,0,2026-09-09 05:37,2026-09-27 06:00,,,https://www.youtube.com/channel/UCZB7A0hfSn8kONpalCNVFiA
UCjpI8pYqE2GkROSN7BkkCsA,@ii5_r8,12,1年,Member (1 year),,不明,,,7,20,0,2026-09-09 05:37,2026-09-29 05:00,,,https://www.youtube.com/channel/UCjpI8pYqE2GkROSN7BkkCsA
UCfZ9GME1sJpQYMK1_XsV4IQ,@noname-0000w,12,1年,Member (1 year),,不明,,,7,32,0,2026-09-09 05:37,2026-10-08 00:00,,,https://www.youtube.com/channel/UCfZ9GME1sJpQYMK1_XsV4IQ
UCJFexwRa6IwoO4pXMxbE9IQ,@Ki_rA_3710,12,1年,Member (1 year),,不明,,,7,49,0,2026-09-09 05:37,2026-10-04 17:40,,,https://www.youtube.com/channel/UCJFexwRa6IwoO4pXMxbE9IQ
UC6X7-2yHwR4boIxvedmSDBQ,@こりこり-j4s,12,1年,Member (1 year),,不明,,,7,16,0,2026-09-09 05:37,2026-10-01 20:48,,,https://www.youtube.com/channel/UC6X7-2yHwR4boIxvedmSDBQ
UCh6Fu0_xQfHj1pypaOiGjqQ,@xxhnkmxx,12,1年,Member (1 year),,不明,,,7,19,0,2026-09-09 05:37,2026-10-06 20:31,,,https://www.youtube.com/channel/UCh6Fu0_xQfHj1pypaOiGjqQ
UCXnsH4jnY4eSkeQbAL33ryQ,@雪羅-setu,12,1年,Member (1 year),,不明,,,7,60,0,2026-09-14 07:00,2026-09-22 22:33,,,https://www.youtube.com/channel/UCXnsH4jnY4eSkeQbAL33ryQ
UC6nigsv-uo-V738VijWZw2w,@ぬった,12,1年,Member (1 year),,不明,,,7,31,0,2026-09-14 07:00,2026-10-06 20:31,,,https://www.youtube.com/channel/UC6nigsv-uo-V738VijWZw2w
UCzPV8wFt8m8g_uWy8QdDLOA,@bukoping,12,1年,Member (1 year),,不明,,,7,14,0,2026-09-14 07:00,2026-10-08 00:00,,,https://www.youtube.com/channel/UCzPV8wFt8m8g_uWy8QdDLOA
UCK0mjAyMHRh0JCSd9n49DfA,@HMR-0705,12,1年,Member (1 year),,不明,,,7,266,0,2026-09-14 07:00,2026-10-06 20:31,,,https://www.youtube.com/channel/UCK0mjAyMHRh0JCSd9n49DfA
UCSQJ9eaUPj6CeZbH7hGV22A,@よすが_mxxlo,12,1年,Member (1 year),,不明,,,7,69,0,2026-09-14 07:00,2026-10-08 00:00,,,https://www.youtube.com/channel/UCSQJ9eaUPj6CeZbH7hGV22A
UCiOzhXjYhiYXcJwxmecspCA,@tsugu-fk7ue,12,1年,Member (1 year),,不明,,,7,858,0,2026-09-14 07:00,2026-10-08 00:00,,,https://www.youtube.com/channel/UCiOzhXjYhiYXcJwxmecspCA
UC01QumfvmAo9oSY7w4BM15g,@maaa326,12,1年,Member (1 year),,不明,,,7,18,0,2026-09-14 07:00,2026-10-04 17:40,,,https://www.youtube.com/channel/UC01QumfvmAo9oSY7w4BM15g
UC76n6XSpp5nwTeV4fy75aYQ,@tun_super,12,1年,Member (1 year),,不明,,,7,26,0,2026-09-14 07:00,2026-10-06 20:31,,,https://www.youtube.com/channel/UC76n6XSpp5nwTeV4fy75aYQ
UCEHSrxy7qgCYRLOPhPl_h5Q,@きみ-hanjyuku,12,1年,Member (1 year),,不明,,,7,37,0,2026-09-15 20:06,2026-10-08 00:00,,,https://www.youtube.com/channel/UCEHSrxy7qgCYRLOPhPl_h5Q
UCFrHiqJkBmId7LXEtfhwgXw,@にわり_innnkz,12,1年,Member (1 year),,不明,,,7,30,0,2026-09-15 20:06,2026-10-08 00:00,,,https://www.youtube.com/channel/UCFrHiqJkBmId7LXEtfhwgXw
UC5QLOMw5AFMiqCewN70WRiw,@ひicee_v,12,1年,Member (1 year),,不明,,,7,66,0,2026-09-15 20:06,2026-10-06 20:31,,,https://www.youtube.com/channel/UC5QLOMw5AFMiqCewN70WRiw
UCaZU0DbMHajKuVd0Avb4nEQ,@ice_cream2828,12,1年,Member (1 year),,不明,,,7,12,0,2026-09-15 20:06,2026-10-03 20:59,,,https://www.youtube.com/channel/UCaZU0DbMHajKuVd0Avb4nEQ
UCo_JEh8m0dm9c-jvjWNVqZw,@ゆってぃ-e6z,12,1年,Member (1 year),,不明,,,7,25,0,2026-09-16 05:01,2026-10-08 00:00,,,https://www.youtube.com/channel/UCo_JEh8m0dm9c-jvjWNVqZw
UCCduo_lLj0fo-PYkawFAHZg,@にの-n4i,12,1年,Member (1 year),,不明,,,7,13,0,2026-09-16 05:01,2026-10-08 00:00,,,https://www.youtube.com/channel/UCCduo_lLj0fo-PYkawFAHZg
UCnKCUaFVKs3zlkyL2hX7lBQ,@tsukako-p9u,12,1年,Member (1 year),,不明,,,7,12,0,2026-09-20 18:55,2026-10-06 20:31,,,https://www.youtube.com/channel/UCnKCUaFVKs3zlkyL2hX7lBQ
UCk5Qe7NzkjroOUbVB3ZyBeQ,@牛タン殿下,12,1年,Member (1 year),,不明,,,6,15,0,2026-09-09 05:37,2026-10-01 20:48,,,https://www.youtube.com/channel/UCk5Qe7NzkjroOUbVB3ZyBeQ
UCeBhIQKANqf8Svc2GjOi9hg,@Sunny-hc5vu,12,1年,Member (1 year),,不明,,,6,9,0,2026-09-09 05:37,2026-09-27 06:00,,,https://www.youtube.com/channel/UCeBhIQKANqf8Svc2GjOi9hg
UCQrlJNLk1t33_RXv3A5dp2g,@ねむss-zg5wi,12,1年,Member (1 year),,不明,,,6,8,0,2026-09-09 05:37,2026-10-06 20:31,,,https://www.youtube.com/channel/UCQrlJNLk1t33_RXv3A5dp2g
UC0VD2yq4vl5JrPfysSID8iA,@sakusakupanda-r1r,12,1年,Member (1 year),,不明,,,6,11,0,2026-09-09 05:37,2026-09-24 05:04,,,https://www.youtube.com/channel/UC0VD2yq4vl5JrPfysSID8iA
UCfnodfoFPK3hRN74XunrO5Q,@うさぴー-o2g,12,1年,Member (1 year),,不明,,,6,173,0,2026-09-09 05:37,2026-09-26 05:01,,,https://www.youtube.com/channel/UCfnodfoFPK3hRN74XunrO5Q
UCgGPAiMlYm_P3aeb3V8yNCQ,@あけ美ちゃん,12,1年,Member (1 year),,不明,,,6,30,0,2026-09-14 07:00,2026-10-06 20:31,,,https://www.youtube.com/channel/UCgGPAiMlYm_P3aeb3V8yNCQ
UC1zAyeptTIFvMAP217ZnD_Q,@ponyo_.o0,12,1年,Member (1 year),,不明,,,6,44,0,2026-09-14 07:00,2026-10-01 20:48,,,https://www.youtube.com/channel/UC1zAyeptTIFvMAP217ZnD_Q
UCEP79vrOFW0VHsM0GkCIB0Q,@わらび餅-o2h,12,1年,Member (1 year),,不破狂,再加入/レベル変更,,6,46,0,2026-09-14 07:00,2026-10-08 00:00,,,https://www.youtube.com/channel/UCEP79vrOFW0VHsM0GkCIB0Q
UC_Wz3EGdIPjIG3D-giBgVVw,@ねこさん-fw,12,1年,Member (1 year),,不明,,,6,773,0,2026-09-14 07:00,2026-10-04 17:40,,,https://www.youtube.com/channel/UC_Wz3EGdIPjIG3D-giBgVVw
UCXWCHoFkYU7krdnv0XnsnsA,@はるを-o5m,12,1年,Member (1 year),,不明,,,6,6,0,2026-09-14 07:00,2026-10-06 20:31,,,https://www.youtube.com/channel/UCXWCHoFkYU7krdnv0XnsnsA
UCXumuZbdjmhn7zchWxH_dFQ,@mikiyama6716,12,1年,Member (1 year),,不明,,,6,24,0,2026-09-14 07:00,2026-10-08 00:00,,,https://www.youtube.com/channel/UCXumuZbdjmhn7zchWxH_dFQ
UCupOFU2efIFDfjPiht74KfA,@あい-ai-00,12,1年,Member (1 year),,不明,,,6,14,0,2026-09-15 20:06,2026-10-08 00:00,,,https://www.youtube.com/channel/UCupOFU2efIFDfjPiht74KfA
UCyr_s_ujWxyCtXzrL76I-Ow,@mira_ppp,12,1年,Member (1 year),,不明,,,6,77,0,2026-09-15 20:06,2026-10-08 00:00,,,https://www.youtube.com/channel/UCyr_s_ujWxyCtXzrL76I-Ow
UCp1XUBEkPsbkxmSjZrgYGpQ,@靈舞-o-39,12,1年,Member (1 year),,不明,,,6,55,0,2026-09-15 20:06,2026-10-06 20:31,,,https://www.youtube.com/channel/UCp1XUBEkPsbkxmSjZrgYGpQ
UC7q6VHGQnHiPgca4wQvAwXw,@ぽでぷ,12,1年,Member (1 year),,不明,,,6,13,0,2026-09-15 20:06,2026-10-06 20:31,,,https://www.youtube.com/channel/UC7q6VHGQnHiPgca4wQvAwXw
UC-dR3qgzwC1AFi03TPz6LMw,@むちゃ_o418,12,1年,Member (1 year),,不明,,,6,33,0,2026-09-15 20:06,2026-10-08 00:00,,,https://www.youtube.com/channel/UC-dR3qgzwC1AFi03TPz6LMw
UCh_mWXhRlUDGg7j6KhX7CTQ,@さく-s4h,12,1年,Member (1 year),,不明,,,6,28,0,2026-09-15 20:06,2026-10-08 00:00,,,https://www.youtube.com/channel/UCh_mWXhRlUDGg7j6KhX7CTQ
UCDOg5CetzAOrtBJ3PNmvfpw,@ずんちゃ-o8k,12,1年,Member (1 year),,不明,,,6,77,0,2026-09-16 05:01,2026-09-29 05:00,,,https://www.youtube.com/channel/UCDOg5CetzAOrtBJ3PNmvfpw
UCtRSF9r0e0GP6tCIu7Mpq5Q,@Rumiるみちゃん,12,1年,Member (1 year),,不明,,,6,27,1,2026-09-17 05:05,2026-10-06 20:31,,,https://www.youtube.com/channel/UCtRSF9r0e0GP6tCIu7Mpq5Q
UCLfdZThBzjVT6mToaO-ZpkA,@さも-h9t,12,1年,Member (1 year),,不明,,,6,33,0,2026-09-21 05:00,2026-10-03 20:59,,,https://www.youtube.com/channel/UCLfdZThBzjVT6mToaO-ZpkA
UCkE4V5XDccMbd_PKTyQkB1A,@三絃茶屋,12,1年,Member (1 year),,不明,,,5,31,0,2026-09-09 05:37,2026-09-29 05:00,,,https://www.youtube.com/channel/UCkE4V5XDccMbd_PKTyQkB1A
UCe2ruwz2SS3B4_0fLhoycHw,@ぷ__puuu_x_x,12,1年,Member (1 year),,不明,,,5,10,0,2026-09-09 05:37,2026-09-27 06:00,,,https://www.youtube.com/channel/UCe2ruwz2SS3B4_0fLhoycHw
UCJShXPwOOHPngo1ioYCOm7g,@Ria0418,12,1年,Member (1 year),,不明,,,5,43,0,2026-09-09 05:37,2026-09-29 05:00,,,https://www.youtube.com/channel/UCJShXPwOOHPngo1ioYCOm7g
UCJ-LD4M10F100CF4j2soxdQ,@mikity_75,12,1年,Member (1 year),,不明,,,5,19,0,2026-09-09 05:37,2026-09-29 05:00,,,https://www.youtube.com/channel/UCJ-LD4M10F100CF4j2soxdQ
UCsgn1vp7vs4JkA2rd8W3Rmw,@あずみ-g7o,12,1年,Member (1 year),,不明,,,5,39,0,2026-09-09 05:37,2026-10-06 20:31,,,https://www.youtube.com/channel/UCsgn1vp7vs4JkA2rd8W3Rmw
UCW8V0PN1a48I3njfJQpbuHQ,@みきうさぎ,12,1年,Member (1 year),,不明,,,5,9,0,2026-09-09 05:37,2026-09-24 05:04,,,https://www.youtube.com/channel/UCW8V0PN1a48I3njfJQpbuHQ
UCiE7q90_8rMWqwQ5UgrqofA,@sirue163,12,1年,Member (1 year),,不明,,,5,64,0,2026-09-09 05:37,2026-09-22 22:33,,,https://www.youtube.com/channel/UCiE7q90_8rMWqwQ5UgrqofA
UCwhfToodSJMscbAYFhqrqaQ,@io6134x,12,1年,Member (1 year),,不明,,,5,11,0,2026-09-09 05:37,2026-10-04 17:40,,,https://www.youtube.com/channel/UCwhfToodSJMscbAYFhqrqaQ
UCLyuIrUcFP2DyTy_OAj5GGQ,@せつこ-n9b,12,1年,Member (1 year),,不明,,,5,19,0,2026-09-09 05:37,2026-09-29 05:00,,,https://www.youtube.com/channel/UCLyuIrUcFP2DyTy_OAj5GGQ
UC4H65hnJog-vpCbdXni9wiw,@ゆゆ_07,12,1年,Member (1 year),,不明,,,5,18,0,2026-09-09 05:37,2026-10-08 00:00,,,https://www.youtube.com/channel/UC4H65hnJog-vpCbdXni9wiw
UCDB2wlDNlJfQM3OOcB2YbNQ,@nan0_928,12,1年,Member (1 year),,不明,,,5,6,0,2026-09-09 05:37,2026-10-08 00:00,,,https://www.youtube.com/channel/UCDB2wlDNlJfQM3OOcB2YbNQ
UCnHJywgo_27FnRB8uXXYgsw,@haruyellow813,12,1年,Member (1 year),,不明,,,5,30,0,2026-09-09 05:37,2026-09-22 22:33,,,https://www.youtube.com/channel/UCnHJywgo_27FnRB8uXXYgsw
UCYsF2HAjNPEXZclZafmFwBA,@shiromeshi15,12,1年,Member (1 year),,不明,,,5,48,0,2026-09-14 07:00,2026-10-06 20:31,,,https://www.youtube.com/channel/UCYsF2HAjNPEXZclZafmFwBA
UC_qFOU9VRAaYXB3WCgqSEmQ,@まいこ-pw341,12,1年,Member (1 year),,不明,,,5,20,0,2026-09-14 07:00,2026-10-08 00:00,,,https://www.youtube.com/channel/UC_qFOU9VRAaYXB3WCgqSEmQ
UCzWWHfu2GMFSwODc6q2SUfQ,@れんれん-g6g,12,1年,Member (1 year),,不明,,,5,14,0,2026-09-14 07:00,2026-10-08 00:00,,,https://www.youtube.com/channel/UCzWWHfu2GMFSwODc6q2SUfQ
UCC6rev72r3dXnl1kjnn8ixQ,@reira-kz1ke,12,1年,Member (1 year),,不明,,,5,54,0,2026-09-14 07:00,2026-10-06 20:31,,,https://www.youtube.com/channel/UCC6rev72r3dXnl1kjnn8ixQ
UCNi3nE651rdDBSWb2-syeog,@sanetomo-3366,12,1年,Member (1 year),,不明,,,5,17,0,2026-09-14 07:00,2026-10-06 20:31,,,https://www.youtube.com/channel/UCNi3nE651rdDBSWb2-syeog
UC1aTE9CwDS38nbJLF6RC4pw,@うどん2,12,1年,Member (1 year),,不明,,,5,25,0,2026-09-14 07:00,2026-09-26 05:01,,,https://www.youtube.com/channel/UC1aTE9CwDS38nbJLF6RC4pw
UCf8ndU8v0NAGpOfCVoINMpw,@yukino_yado0221sn,12,1年,Member (1 year),,不明,,,5,10,0,2026-09-14 07:00,2026-10-01 20:48,,,https://www.youtube.com/channel/UCf8ndU8v0NAGpOfCVoINMpw
UC-YtTYdpUmNbxol-Mur7zyA,@mii05miich,12,1年,Member (1 year),,不明,,,5,13,0,2026-09-14 07:00,2026-09-24 05:04,,,https://www.youtube.com/channel/UC-YtTYdpUmNbxol-Mur7zyA
UCj0YyP8GURUYxA1i9VFPk6A,@chroma4561,12,1年,Member (1 year),,不明,,,5,69,0,2026-09-14 07:00,2026-10-04 17:40,,,https://www.youtube.com/channel/UCj0YyP8GURUYxA1i9VFPk6A
UC4eCCxtcSKbfhWqGCa6MjZw,@luvdkyun,12,1年,Member (1 year),,不明,,,5,41,0,2026-09-14 07:00,2026-10-06 20:31,,,https://www.youtube.com/channel/UC4eCCxtcSKbfhWqGCa6MjZw
UC6ZxfKwe7oQDstMzHQMjJjA,@ちょこっと-o6c,12,1年,Member (1 year),,不明,,,5,48,0,2026-09-15 20:06,2026-10-06 20:31,,,https://www.youtube.com/channel/UC6ZxfKwe7oQDstMzHQMjJjA
UC4vHCMkQaH9ngD_3hgb69hg,@ふた-powa,12,1年,Member (1 year),,不明,,,5,14,0,2026-09-15 20:06,2026-10-02 21:00,,,https://www.youtube.com/channel/UC4vHCMkQaH9ngD_3hgb69hg
UCw4mYnipbT6yiDp7DoVkf2w,@ib2292,12,1年,Member (1 year),,不明,,,5,50,0,2026-09-15 20:06,2026-09-26 05:01,,,https://www.youtube.com/channel/UCw4mYnipbT6yiDp7DoVkf2w
UCHSQxhcr13g0BUxNCdTN-yg,@kuzuha_spring,12,1年,Member (1 year),,不明,,,5,6,0,2026-09-15 20:06,2026-10-08 00:00,,,https://www.youtube.com/channel/UCHSQxhcr13g0BUxNCdTN-yg
UCcmCcd8WNnsjCEjHf3RHZUw,@うりゅう-c5u,12,1年,Member (1 year),,不明,,,5,9,0,2026-09-15 20:06,2026-10-06 20:31,,,https://www.youtube.com/channel/UCcmCcd8WNnsjCEjHf3RHZUw
UCwiFOy1BmbDUq6gZYSv78pg,@天寄シュン,12,1年,Member (1 year),,不明,,,5,21,0,2026-09-15 20:06,2026-10-02 21:00,,,https://www.youtube.com/channel/UCwiFOy1BmbDUq6gZYSv78pg
UCIzJAa3OD4qMbgWE9tJkpEA,@おけまるチンギスハン,12,1年,Member (1 year),,不明,,,5,49,0,2026-09-16 05:01,2026-10-08 00:00,,,https://www.youtube.com/channel/UCIzJAa3OD4qMbgWE9tJkpEA
UCM0Vsi9279iicFNfVI0Gr3g,@na_nashi3101,12,1年,Member (1 year),,不明,,,5,5,0,2026-09-16 05:01,2026-09-29 05:00,,,https://www.youtube.com/channel/UCM0Vsi9279iicFNfVI0Gr3g
UCbwwGlxuec-c7OVhcA6WxZg,@ymmt-o6q,12,1年,Member (1 year),,不明,,,5,7,0,2026-09-20 18:55,2026-10-08 00:00,,,https://www.youtube.com/channel/UCbwwGlxuec-c7OVhcA6WxZg
UChZdxxX2oCfi2gYNywO874A,@ゆっちぃykhs-o9l,12,1年,Member (1 year),,不明,,,5,14,0,2026-09-22 22:33,2026-10-06 20:31,,,https://www.youtube.com/channel/UChZdxxX2oCfi2gYNywO874A
UCPUAqZaIBGbx6VQJfTs7o3w,@ゆきみ-nt,12,1年,Member (1 year),,不明,,,5,11,0,2026-09-22 22:33,2026-10-04 17:40,,,https://www.youtube.com/channel/UCPUAqZaIBGbx6VQJfTs7o3w
UCudlSPr9KQ12H7zemc4FkJQ,@z8371o,12,1年,Member (1 year),,不明,,,5,8,0,2026-09-22 22:33,2026-10-06 20:31,,,https://www.youtube.com/channel/UCudlSPr9KQ12H7zemc4FkJQ
UCTm7kmw5fvGvdsLQLGiHP7w,@Ruri_418,12,1年,Member (1 year),,不明,,,5,14,0,2026-09-22 22:33,2026-10-03 20:59,,,https://www.youtube.com/channel/UCTm7kmw5fvGvdsLQLGiHP7w
UCAawFLLGyRrzu2PC8GpGo5w,@夏川-p2f,12,1年,Member (1 year),,不明,,,4,7,0,2026-09-09 05:37,2026-10-01 20:48,,,https://www.youtube.com/channel/UCAawFLLGyRrzu2PC8GpGo5w
UCJF_8KBM0kKQvVSAtghYGDg,@けろり-k8t,12,1年,Member (1 year),,不明,,,4,6,0,2026-09-09 05:37,2026-10-04 17:40,,,https://www.youtube.com/channel/UCJF_8KBM0kKQvVSAtghYGDg
UCQAwYBUrnAeVGq_vYCHKkRA,@しぃ-x6r,12,1年,Member (1 year),,不明,,,4,6,0,2026-09-09 05:37,2026-10-06 20:31,,,https://www.youtube.com/channel/UCQAwYBUrnAeVGq_vYCHKkRA
UCGU1GbJrWDRxU8j_ZvaPx3A,@ぷありあ,12,1年,Member (1 year),,不明,,,4,5,0,2026-09-09 05:37,2026-10-08 00:00,,,https://www.youtube.com/channel/UCGU1GbJrWDRxU8j_ZvaPx3A
UCFxSfdVpLLRA6-FWNw-LQ-g,@yuzuki_amus,12,1年,Member (1 year),,不明,,,4,50,0,2026-09-09 05:37,2026-09-29 05:00,,,https://www.youtube.com/channel/UCFxSfdVpLLRA6-FWNw-LQ-g
UCgGVBYG1j2CWEf-t4sScktA,@もちもち大福餅-l7f,12,1年,Member (1 year),,不明,,,4,8,0,2026-09-09 05:37,2026-09-20 18:55,,,https://www.youtube.com/channel/UCgGVBYG1j2CWEf-t4sScktA
UCMWLNIgaGHXkh0E-B6dt2aw,@しょうわれもん,12,1年,Member (1 year),,不明,,,4,15,0,2026-09-09 05:37,2026-09-29 05:00,,,https://www.youtube.com/channel/UCMWLNIgaGHXkh0E-B6dt2aw
UC1PKOT2ofqtvk0Qs9t_QQVA,@Clione3,12,1年,Member (1 year),,不明,,,4,6,0,2026-09-09 05:37,2026-10-04 17:40,,,https://www.youtube.com/channel/UC1PKOT2ofqtvk0Qs9t_QQVA
UCiZqFC_56DXphbHi6qAPIdw,@よん-u9d,12,1年,Member (1 year),,不明,,,4,295,0,2026-09-14 07:00,2026-09-21 05:00,,,https://www.youtube.com/channel/UCiZqFC_56DXphbHi6qAPIdw
UCo--t10HhTSxyWFEH8C5ypw,@nice_mochimochi,12,1年,Member (1 year),,不明,,,4,6,0,2026-09-14 07:00,2026-09-30 21:03,,,https://www.youtube.com/channel/UCo--t10HhTSxyWFEH8C5ypw
UCeFMhLgpjfU2LochOaM8ESw,@ゆのみnk42,12,1年,Member (1 year),,不明,,,4,20,0,2026-09-14 07:00,2026-10-08 00:00,,,https://www.youtube.com/channel/UCeFMhLgpjfU2LochOaM8ESw
UCkIF0aPm0THD1xJ2uf5YKtQ,@みゆあ-l3v,12,1年,Member (1 year),,不明,,,4,5,0,2026-09-14 07:00,2026-09-29 05:00,,,https://www.youtube.com/channel/UCkIF0aPm0THD1xJ2uf5YKtQ
UChQ0J-DorEgXqt3o_527rFQ,@Boru_2928,12,1年,Member (1 year),,不明,,,4,73,0,2026-09-14 07:00,2026-10-08 00:00,,,https://www.youtube.com/channel/UChQ0J-DorEgXqt3o_527rFQ
UCzj0vxwdlrbq9zJ9IRe3IQw,@momino_cm,12,1年,Member (1 year),,不明,,,4,4,0,2026-09-14 07:00,2026-10-01 20:48,,,https://www.youtube.com/channel/UCzj0vxwdlrbq9zJ9IRe3IQw
UCOvizDaHqaNdOJdUHCcw4Dg,@さくの16,12,1年,Member (1 year),,不明,,,4,58,0,2026-09-15 20:06,2026-10-04 17:40,,,https://www.youtube.com/channel/UCOvizDaHqaNdOJdUHCcw4Dg
UCqXFoj8w_0ylhHLIRv9uBbg,@えあ-x1t,12,1年,Member (1 year),,不明,,,4,4,2,2026-09-15 20:06,2026-10-06 20:31,,,https://www.youtube.com/channel/UCqXFoj8w_0ylhHLIRv9uBbg
UCBywh4TUJAfCx8cPJkGcizQ,@澪華-Mioka3,12,1年,Member (1 year),,不明,,,4,22,0,2026-09-15 20:06,2026-10-06 20:31,,,https://www.youtube.com/channel/UCBywh4TUJAfCx8cPJkGcizQ
UCkpFZw36pde79l4afhb8Ktw,@aoki8984,12,1年,Member (1 year),,不明,,,4,16,0,2026-09-15 20:06,2026-09-21 05:00,,,https://www.youtube.com/channel/UCkpFZw36pde79l4afhb8Ktw
UC4lm_aB3yr3f2UXJB-XPveg,@chi99ihc,12,1年,Member (1 year),,不明,,,4,5,0,2026-09-15 20:06,2026-10-06 20:31,,,https://www.youtube.com/channel/UC4lm_aB3yr3f2UXJB-XPveg
UCa0MFi_lbxUeUbGEMX3uFFw,@komomo5352,12,1年,Member (1 year),,不明,,,4,4,0,2026-09-15 20:06,2026-10-08 00:00,,,https://www.youtube.com/channel/UCa0MFi_lbxUeUbGEMX3uFFw
UCRSfgu8OLFtCtbdsneV7LaA,@Rechan.03,12,1年,Member (1 year),,不明,,,4,10,0,2026-09-15 20:06,2026-10-06 20:31,,,https://www.youtube.com/channel/UCRSfgu8OLFtCtbdsneV7LaA
UCmpDzP3fuzzXV3Eq_3yGI8g,@はるこ-q8q,12,1年,Member (1 year),,不明,,,4,8,0,2026-09-16 05:01,2026-09-27 06:00,,,https://www.youtube.com/channel/UCmpDzP3fuzzXV3Eq_3yGI8g
UCvJLehL_c3Ry-ErdEgAJrMw,@shu7660,12,1年,Member (1 year),,不明,,,4,40,0,2026-09-16 05:01,2026-10-04 17:40,,,https://www.youtube.com/channel/UCvJLehL_c3Ry-ErdEgAJrMw
UCKXgx-yHj8O--BcYiQI9ZOw,@ぴんそん-piyo,12,1年,Member (1 year),,不明,,,4,18,0,2026-09-16 05:01,2026-09-29 05:00,,,https://www.youtube.com/channel/UCKXgx-yHj8O--BcYiQI9ZOw
UCXjx7qjUhMl4OoeEJSjpXIg,@ゆま-y9q,12,1年,Member (1 year),,不明,,,4,6,0,2026-09-16 05:01,2026-10-04 17:40,,,https://www.youtube.com/channel/UCXjx7qjUhMl4OoeEJSjpXIg
UCe6fEGuttYFgpplkacFT0vQ,@あやぴ-i1g,12,1年,Member (1 year),,不明,,,4,5,0,2026-09-20 18:55,2026-09-30 21:03,,,https://www.youtube.com/channel/UCe6fEGuttYFgpplkacFT0vQ
UCoOpJi2ojKzXJ4Gn5nFrP0w,@みどり-l7p2b,12,1年,Member (1 year),,不明,,,4,22,0,2026-09-20 18:55,2026-10-08 00:00,,,https://www.youtube.com/channel/UCoOpJi2ojKzXJ4Gn5nFrP0w
UCqdCMeKxbaulHi3kD5fEUDA,@waq2m,12,1年,Member (1 year),,不明,,,4,12,0,2026-09-20 18:55,2026-10-02 21:00,,,https://www.youtube.com/channel/UCqdCMeKxbaulHi3kD5fEUDA
UClGUWELA9JcMYjDIIwEqS9w,@りお-x8c7b,12,1年,Member (1 year),,不明,,,4,19,0,2026-09-21 05:00,2026-10-06 20:31,,,https://www.youtube.com/channel/UClGUWELA9JcMYjDIIwEqS9w
UCyIziGccwpD8pxXM3RUacHA,@rin4079,12,1年,Member (1 year),,不明,,,4,17,0,2026-09-21 05:00,2026-10-06 20:31,,,https://www.youtube.com/channel/UCyIziGccwpD8pxXM3RUacHA
UCcrVeqwqe-ubYoQdLqh9-bg,@あか-j4m,12,1年,Member (1 year),,不明,,,4,5,0,2026-09-21 05:00,2026-09-30 21:03,,,https://www.youtube.com/channel/UCcrVeqwqe-ubYoQdLqh9-bg
UCHRq9MFk7Ep6jAzrSFXKjYg,@ひぃぃ36,12,1年,Member (1 year),,不明,,,4,8,0,2026-09-22 22:33,2026-10-08 00:00,,,https://www.youtube.com/channel/UCHRq9MFk7Ep6jAzrSFXKjYg
UCGZiXLk1BckldRgUq_D8Krg,@user-xs8cy1nk6j,12,1年,Member (1 year),,不明,,,4,4,0,2026-09-22 22:33,2026-10-03 20:59,,,https://www.youtube.com/channel/UCGZiXLk1BckldRgUq_D8Krg
UC5zkTr1hBCuaSrdKyWLu2zQ,@しろ-ito,12,1年,Member (1 year),,不明,,,4,9,0,2026-09-29 05:00,2026-10-08 00:00,,,https://www.youtube.com/channel/UC5zkTr1hBCuaSrdKyWLu2zQ
UClAFuVIHVgk6WF8_D9_ex0g,@ほたる-v3z,12,1年,Member (1 year),,不明,,,4,39,0,2026-09-30 21:03,2026-10-06 20:31,,,https://www.youtube.com/channel/UClAFuVIHVgk6WF8_D9_ex0g
UCGWGCLfDjXzNwR5SiNsw9uQ,@ちとせ-0u0,12,1年,Member (1 year),,不明,,,4,34,0,2026-10-01 20:48,2026-10-06 20:31,,,https://www.youtube.com/channel/UCGWGCLfDjXzNwR5SiNsw9uQ
UCnKTZadbF6uOXio9lOpkdiA,@tikuwa10,12,1年,Member (1 year),,不明,,,3,4,0,2026-09-09 05:37,2026-10-06 20:31,,,https://www.youtube.com/channel/UCnKTZadbF6uOXio9lOpkdiA
UC3xOQQhzzQp7wPVRij2tiaw,@しぐまるまる,12,1年,Member (1 year),,不明,,,3,3,0,2026-09-09 05:37,2026-09-15 20:06,,,https://www.youtube.com/channel/UC3xOQQhzzQp7wPVRij2tiaw
UCBAr7OKwi4U-glKQGlWrQbg,@r_.xmqs2,12,1年,Member (1 year),,不明,,,3,4,0,2026-09-09 05:37,2026-09-24 05:04,,,https://www.youtube.com/channel/UCBAr7OKwi4U-glKQGlWrQbg
UComschotAvBQzaZmRZDaxIw,@komugiii.e49e61,12,1年,Member (1 year),,不明,,,3,58,0,2026-09-09 05:37,2026-09-21 05:00,,,https://www.youtube.com/channel/UComschotAvBQzaZmRZDaxIw
UCAyXV-Ekj-7ev4IgNSVkaHw,@ゆりね39,12,1年,Member (1 year),,不明,,,3,3,0,2026-09-09 05:37,2026-09-21 05:00,,,https://www.youtube.com/channel/UCAyXV-Ekj-7ev4IgNSVkaHw
UCmSRAwSm8AXSdppgNF_EqUA,@ぷくぷ-m4h,12,1年,Member (1 year),,不明,,,3,10,0,2026-09-14 07:00,2026-10-08 00:00,,,https://www.youtube.com/channel/UCmSRAwSm8AXSdppgNF_EqUA
UCCUDCjW8oOWQD3ZFBA2vFQQ,@ももざ_m1z,12,1年,Member (1 year),,不明,,,3,5,0,2026-09-14 07:00,2026-10-06 20:31,,,https://www.youtube.com/channel/UCCUDCjW8oOWQD3ZFBA2vFQQ
UCeHn091QT5KROTqF0D6rVuw,@やもり-g8c,12,1年,Member (1 year),,不明,,,3,5,0,2026-09-14 07:00,2026-09-17 05:05,,,https://www.youtube.com/channel/UCeHn091QT5KROTqF0D6rVuw
UCMOS6fsSHOrRBBCOd9XTxhw,@Emi-ws1mv,12,1年,Member (1 year),,不明,,,3,5,0,2026-09-14 07:00,2026-10-06 20:31,,,https://www.youtube.com/channel/UCMOS6fsSHOrRBBCOd9XTxhw
UCYhRAPvIeLg6Kz4Xq-fazsg,@ハミョン,12,1年,Member (1 year),,不明,,,3,24,0,2026-09-14 07:00,2026-10-08 00:00,,,https://www.youtube.com/channel/UCYhRAPvIeLg6Kz4Xq-fazsg
UCw6kTd4utzGi24s5ffka7Dw,@kana-gg3io,12,1年,Member (1 year),,不明,,,3,8,0,2026-09-14 07:00,2026-10-08 00:00,,,https://www.youtube.com/channel/UCw6kTd4utzGi24s5ffka7Dw
UC8L1yyYraF1CplCnTGxcpMQ,@ひさぎ_菊の世亭,12,1年,Member (1 year),,不明,,,3,4,0,2026-09-14 07:00,2026-09-30 21:03,,,https://www.youtube.com/channel/UC8L1yyYraF1CplCnTGxcpMQ
UC0AC7IfEUtSgJOQpUVUR3mw,@よいどれ太郎1,12,1年,Member (1 year),,不明,,,3,3,0,2026-09-14 07:00,2026-10-04 17:40,,,https://www.youtube.com/channel/UC0AC7IfEUtSgJOQpUVUR3mw
UCdxbK62himh_wQJ1EXKWfSg,@173___Sym,12,1年,Member (1 year),,不明,,,3,10,0,2026-09-14 07:00,2026-10-06 20:31,,,https://www.youtube.com/channel/UCdxbK62himh_wQJ1EXKWfSg
UCs8KwynqMDnveUYa7O5QdCw,@もち_0707,12,1年,Member (1 year),,不明,,,3,4,0,2026-09-14 07:00,2026-09-29 05:00,,,https://www.youtube.com/channel/UCs8KwynqMDnveUYa7O5QdCw
UCQO8Dn20wCeaLJEcFzPb9HQ,@あやこ-f1,12,1年,Member (1 year),,不明,,,3,10,0,2026-09-14 07:00,2026-09-22 22:33,,,https://www.youtube.com/channel/UCQO8Dn20wCeaLJEcFzPb9HQ
UCCNKieOCmL1THIG0bY5smUQ,@床の上で眠る姫君,12,1年,Member (1 year),,不明,,,3,6,0,2026-09-15 20:06,2026-09-29 05:00,,,https://www.youtube.com/channel/UCCNKieOCmL1THIG0bY5smUQ
UC2pNX5SQ07Zu8q9Zr3fMzcw,@s.h.k_htt,12,1年,Member (1 year),,不明,,,3,9,0,2026-09-15 20:06,2026-10-03 20:59,,,https://www.youtube.com/channel/UC2pNX5SQ07Zu8q9Zr3fMzcw
UCmH-gppFY175wPeUXmEQfXw,@mumi_min,12,1年,Member (1 year),,不明,,,3,12,0,2026-09-15 20:06,2026-10-06 20:31,,,https://www.youtube.com/channel/UCmH-gppFY175wPeUXmEQfXw
UCcoLW_x9lof4VE-PoLUdtbQ,@藤紫-ssr,12,1年,Member (1 year),,不明,,,3,85,0,2026-09-15 20:06,2026-10-06 20:31,,,https://www.youtube.com/channel/UCcoLW_x9lof4VE-PoLUdtbQ
UCjx0KU2TFBUMk_6s13rVMSQ,@butterfly-rose-cat,12,1年,Member (1 year),,不明,,,3,23,0,2026-09-15 20:06,2026-10-06 20:31,,,https://www.youtube.com/channel/UCjx0KU2TFBUMk_6s13rVMSQ
UCjtnfi-lYidTSecK0ep_nZw,@ルニカ-p8o,12,1年,Member (1 year),,不明,,,3,24,0,2026-09-15 20:06,2026-10-06 20:31,,,https://www.youtube.com/channel/UCjtnfi-lYidTSecK0ep_nZw
UCPnZ_v7dRoa-0xifeCCQypw,@らいら-p8r,12,1年,Member (1 year),,不明,,,3,7,0,2026-09-15 20:06,2026-10-06 20:31,,,https://www.youtube.com/channel/UCPnZ_v7dRoa-0xifeCCQypw
UCv60nbarp_PC1sFjaQWz0NA,@狐々,12,1年,Member (1 year),,不明,,,3,33,0,2026-09-15 20:06,2026-10-06 20:31,,,https://www.youtube.com/channel/UCv60nbarp_PC1sFjaQWz0NA
UCPmV1jKGJi3e3uXDcATKtsg,@ぺんはん-d7w,12,1年,Member (1 year),,不明,,,3,4,0,2026-09-15 20:06,2026-09-30 21:03,,,https://www.youtube.com/channel/UCPmV1jKGJi3e3uXDcATKtsg
UCT70dVoEkBZCJQiZRKy_0nQ,@grainsmoon2,12,1年,Member (1 year),,不明,,,3,3,0,2026-09-15 20:06,2026-10-08 00:00,,,https://www.youtube.com/channel/UCT70dVoEkBZCJQiZRKy_0nQ
UCTB5_EyDN1Pqtz6UP3S1jOA,@黒崎ルカ-q7y,12,1年,Member (1 year),,不明,,,3,16,0,2026-09-15 20:06,2026-10-06 20:31,,,https://www.youtube.com/channel/UCTB5_EyDN1Pqtz6UP3S1jOA
UC-PI5wWw7ETOUqJuZN9j7UA,@せにゃえび,12,1年,Member (1 year),,不明,,,3,3,0,2026-09-15 20:06,2026-10-06 20:31,,,https://www.youtube.com/channel/UC-PI5wWw7ETOUqJuZN9j7UA
UCxHeWAoF2g1fQPC9U65Dazw,@keiko_gitao,12,1年,Member (1 year),,不明,,,3,3,0,2026-09-15 20:06,2026-10-04 17:40,,,https://www.youtube.com/channel/UCxHeWAoF2g1fQPC9U65Dazw
UCX-np-rTZH5jyHHqYt3gpGA,@hina-f9,12,1年,Member (1 year),,不明,,,3,7,0,2026-09-15 20:06,2026-10-08 00:00,,,https://www.youtube.com/channel/UCX-np-rTZH5jyHHqYt3gpGA
UCrM-iDha2jdgKW68gHzZv1Q,@ねこゆっけ-o1v,12,1年,Member (1 year),,不明,,,3,11,0,2026-09-16 05:01,2026-10-06 20:31,,,https://www.youtube.com/channel/UCrM-iDha2jdgKW68gHzZv1Q
UCosLDBoeq9qUeUA4TmKo8RQ,@Udon食べたい,12,1年,Member (1 year),,不明,,,3,9,0,2026-09-16 05:01,2026-09-27 06:00,,,https://www.youtube.com/channel/UCosLDBoeq9qUeUA4TmKo8RQ
UCaF8TvW2_sAIv5GDNLNYOIw,@kotone_msd38,12,1年,Member (1 year),,不明,,,3,4,0,2026-09-17 05:05,2026-10-06 20:31,,,https://www.youtube.com/channel/UCaF8TvW2_sAIv5GDNLNYOIw
UC4q7pmPgK-QYITJ7P7ObTkw,@mono-y5t9n,12,1年,Member (1 year),,不明,,,3,3,0,2026-09-17 05:05,2026-10-03 20:59,,,https://www.youtube.com/channel/UC4q7pmPgK-QYITJ7P7ObTkw
UCWAcEhUmWeAjv26C02M0o5w,@mutuka_,12,1年,Member (1 year),,不明,,,3,7,0,2026-09-17 05:05,2026-10-04 17:40,,,https://www.youtube.com/channel/UCWAcEhUmWeAjv26C02M0o5w
UChQNzb5qan1uzCVVmyhJlyA,@ナナツ_nn2,12,1年,Member (1 year),,不明,,,3,60,0,2026-09-20 18:55,2026-10-08 00:00,,,https://www.youtube.com/channel/UChQNzb5qan1uzCVVmyhJlyA
UCLLceUKDbwK76ISZdlzIakw,@愛めぎゅ,12,1年,Member (1 year),,不明,,,3,22,0,2026-09-20 18:55,2026-09-29 05:00,,,https://www.youtube.com/channel/UCLLceUKDbwK76ISZdlzIakw
UCgrWCNnL6v6X8IP0FDcCBlQ,@ふゆねこ18,12,1年,Member (1 year),,不明,,,3,5,0,2026-09-20 18:55,2026-09-27 06:00,,,https://www.youtube.com/channel/UCgrWCNnL6v6X8IP0FDcCBlQ
UCErP5R33q5GP9YSGtEAtQgA,@ぺこみ08,12,1年,Member (1 year),,不明,,,3,3,0,2026-09-20 18:55,2026-10-08 00:00,,,https://www.youtube.com/channel/UCErP5R33q5GP9YSGtEAtQgA
UC4KQ66tm2csl-H3-j0QcVFA,@せつなsetsuna_25,12,1年,Member (1 year),,不明,,,3,3,0,2026-09-20 18:55,2026-10-04 17:40,,,https://www.youtube.com/channel/UC4KQ66tm2csl-H3-j0QcVFA
UCZjupqxV7tTQeg6gS3GEPCQ,@nemu_iko,12,1年,Member (1 year),,不明,,,3,5,0,2026-09-21 05:00,2026-10-04 17:40,,,https://www.youtube.com/channel/UCZjupqxV7tTQeg6gS3GEPCQ
UCRn2HwuS0XAl3ksjTT93lxA,@こばと-i7k,12,1年,Member (1 year),,不明,,,3,4,0,2026-09-22 22:33,2026-10-08 00:00,,,https://www.youtube.com/channel/UCRn2HwuS0XAl3ksjTT93lxA
UCMLkLGUJdNSxeySTA7v0RMg,@maf__toiregirigiri,12,1年,Member (1 year),,不明,,,3,20,0,2026-09-22 22:33,2026-10-08 00:00,,,https://www.youtube.com/channel/UCMLkLGUJdNSxeySTA7v0RMg
UCwg58wWmiBN73FDyyWc69gw,@yuuri9435,12,1年,Member (1 year),,不明,,,3,10,0,2026-09-22 22:33,2026-10-04 17:40,,,https://www.youtube.com/channel/UCwg58wWmiBN73FDyyWc69gw
UCqe9tjgAa2eANPUvhf7WCfw,@おしゅし-j2c,12,1年,Member (1 year),,不明,,,3,3,0,2026-09-24 05:04,2026-09-30 21:03,,,https://www.youtube.com/channel/UCqe9tjgAa2eANPUvhf7WCfw
UCw9iy3GfuT72UCQutEnV1Gg,@やぎんぬ,12,1年,Member (1 year),,不明,,,3,14,0,2026-09-24 05:04,2026-09-29 05:00,,,https://www.youtube.com/channel/UCw9iy3GfuT72UCQutEnV1Gg
UCaPReWspERIjhFoARCeVk0Q,@ゆう-p4e2w,12,1年,Member (1 year),,不明,,,3,22,0,2026-09-24 05:04,2026-09-29 05:00,,,https://www.youtube.com/channel/UCaPReWspERIjhFoARCeVk0Q
UCs8eJIqQ60J47WT83I6Qs3Q,@oo6v6o,12,1年,Member (1 year),,不明,,,3,24,0,2026-09-26 05:01,2026-09-29 05:00,,,https://www.youtube.com/channel/UCs8eJIqQ60J47WT83I6Qs3Q
UCmHCrRfQR48Aib0a25AQwAg,@lavie804,12,1年,Member (1 year),,不明,,,3,3,0,2026-09-26 05:01,2026-10-08 00:00,,,https://www.youtube.com/channel/UCmHCrRfQR48Aib0a25AQwAg
UCtG7PxbXLM1y7ZS5mbDtV6g,@おそばちゃんす,12,1年,Member (1 year),,不明,,,3,21,0,2026-09-29 05:00,2026-10-04 17:40,,,https://www.youtube.com/channel/UCtG7PxbXLM1y7ZS5mbDtV6g
UCVEYtX47ZTUZLzETyfNH6Xg,@ネコロンダーZ,12,1年,Member (1 year),,不明,,,3,3,0,2026-09-29 05:00,2026-10-04 17:40,,,https://www.youtube.com/channel/UCVEYtX47ZTUZLzETyfNH6Xg
UCNoXbTrlmhAXR2BOy6d2OwQ,@Alice_DD,12,1年,Member (1 year),,不明,,,3,5,0,2026-10-04 17:40,2026-10-08 00:00,,,https://www.youtube.com/channel/UCNoXbTrlmhAXR2BOy6d2OwQ
UC6NPKsLGeu7h-yyQ6J4RBlw,@ty-tk2ry,12,1年,Member (1 year),,不明,,,2,4,0,2026-09-09 05:37,2026-09-27 06:00,,,https://www.youtube.com/channel/UC6NPKsLGeu7h-yyQ6J4RBlw
UCpF7mMMJXuSZo7odw-_kUew,@o___o___o___o___ooo,12,1年,Member (1 year),,不明,,,2,2,0,2026-09-09 05:37,2026-09-15 20:06,,,https://www.youtube.com/channel/UCpF7mMMJXuSZo7odw-_kUew
UCDpChpcLDi1De64XCxXi0lw,@xxmore-s2,12,1年,Member (1 year),,不明,,,2,6,0,2026-09-09 05:37,2026-09-21 05:00,,,https://www.youtube.com/channel/UCDpChpcLDi1De64XCxXi0lw
UC44xSy4b0qI8KRo4HYGO_Gw,@mapod6800,12,1年,Member (1 year),,不明,,,2,4,0,2026-09-09 05:37,2026-10-06 20:31,,,https://www.youtube.com/channel/UC44xSy4b0qI8KRo4HYGO_Gw
UCPTqtwgIA28txxgCJ-SsRMw,@サクラ-p5g,12,1年,Member (1 year),,不明,,,2,3,0,2026-09-09 05:37,2026-09-16 05:01,,,https://www.youtube.com/channel/UCPTqtwgIA28txxgCJ-SsRMw
UCdE2JG5CbuBGdp3RVNSbqdw,@tamago_tojii,12,1年,Member (1 year),,不明,,,2,5,0,2026-09-09 05:37,2026-09-26 05:01,,,https://www.youtube.com/channel/UCdE2JG5CbuBGdp3RVNSbqdw
UCAr3101U67lRs1VFZMgepLg,@waka-e5b,12,1年,Member (1 year),,不明,,,2,2,0,2026-09-09 05:37,2026-09-14 07:00,,,https://www.youtube.com/channel/UCAr3101U67lRs1VFZMgepLg
UCHFHRglJJkbnqX3Yo6ojy6g,@ふぁみ-g7h,12,1年,Member (1 year),,不明,,,2,3,0,2026-09-14 07:00,2026-09-21 05:00,,,https://www.youtube.com/channel/UCHFHRglJJkbnqX3Yo6ojy6g
UCJDjHzPzcNeOuTqyyEPmm_Q,@潤子_Junko,12,1年,Member (1 year),,不明,,,2,23,0,2026-09-14 07:00,2026-10-08 00:00,,,https://www.youtube.com/channel/UCJDjHzPzcNeOuTqyyEPmm_Q
UC45udWOFLZM5cT8MWA79ARg,@ねあ-x28liv,12,1年,Member (1 year),,不明,,,2,6,0,2026-09-14 07:00,2026-09-27 06:00,,,https://www.youtube.com/channel/UC45udWOFLZM5cT8MWA79ARg
UC8ET-YnKiewcKSLNMCNfxDA,@ke_xx,12,1年,Member (1 year),,不明,,,2,3,0,2026-09-14 07:00,2026-09-24 05:04,,,https://www.youtube.com/channel/UC8ET-YnKiewcKSLNMCNfxDA
UChBMAbBVFc1vFYf-Bdhq0sw,@鮭-h6w,12,1年,Member (1 year),,不明,,,2,6,0,2026-09-14 07:00,2026-09-17 05:05,,,https://www.youtube.com/channel/UChBMAbBVFc1vFYf-Bdhq0sw
UC5J5TQPQAfedTAH3-Farieg,@fgs_0w0,12,1年,Member (1 year),,不明,,,2,2,0,2026-09-14 07:00,2026-09-16 05:01,,,https://www.youtube.com/channel/UC5J5TQPQAfedTAH3-Farieg
UCPi3JSArW0xM2q_dDjOPVPw,@まき-j6v,12,1年,Member (1 year),,不明,,,2,3,0,2026-09-14 07:00,2026-09-22 22:33,,,https://www.youtube.com/channel/UCPi3JSArW0xM2q_dDjOPVPw
UCC-cAaMsi40pnB8Br6bHTag,@seseri_cha,12,1年,Member (1 year),,不明,,,2,2,0,2026-09-14 07:00,2026-09-22 22:33,,,https://www.youtube.com/channel/UCC-cAaMsi40pnB8Br6bHTag
UCtMbMCqUbHhBrok2PlAteXA,@ちゅーる-z8x,12,1年,Member (1 year),,不明,,,2,3,0,2026-09-14 07:00,2026-09-30 21:03,,,https://www.youtube.com/channel/UCtMbMCqUbHhBrok2PlAteXA
UCe2OLiyYyCkkUiN7n7WYmMQ,@熊岡31797,12,1年,Member (1 year),,不明,,,2,2,0,2026-09-14 07:00,2026-09-26 05:01,,,https://www.youtube.com/channel/UCe2OLiyYyCkkUiN7n7WYmMQ
UCBWU_uqajxavqRZRK5sAyTA,@ぽんpoppy_ponpon,12,1年,Member (1 year),,不明,,,2,2,0,2026-09-14 07:00,2026-09-22 22:33,,,https://www.youtube.com/channel/UCBWU_uqajxavqRZRK5sAyTA
UCEqdp5B3hPloj6UqIMLavaQ,@fzkskrm0728,12,1年,Member (1 year),,不明,,,2,2,0,2026-09-14 07:00,2026-09-16 05:01,,,https://www.youtube.com/channel/UCEqdp5B3hPloj6UqIMLavaQ
UCk6v9v8H4hy7inns1EsCn2w,@チコチコ-m1s,12,1年,Member (1 year),,不明,,,2,3,0,2026-09-14 07:00,2026-09-22 22:33,,,https://www.youtube.com/channel/UCk6v9v8H4hy7inns1EsCn2w
UCosGvJIHuVgYyqvJMrmV_Sg,@こんぺいとう1009,12,1年,Member (1 year),,不明,,,2,3,0,2026-09-14 07:00,2026-09-26 05:01,,,https://www.youtube.com/channel/UCosGvJIHuVgYyqvJMrmV_Sg
UCcSIyrxzmslLU2qRywksAkQ,@ダレルモッチ白湯コ,12,1年,Member (1 year),,不明,,,2,5,0,2026-09-14 07:00,2026-09-16 05:01,,,https://www.youtube.com/channel/UCcSIyrxzmslLU2qRywksAkQ
UCD-RStahyrvFKXOSR4lCNBQ,@nk._.0418,12,1年,Member (1 year),,不明,,,2,4,0,2026-09-14 07:00,2026-09-15 20:06,,,https://www.youtube.com/channel/UCD-RStahyrvFKXOSR4lCNBQ
UC0R2kwMSiw8c4o2_M7tjLtA,@ちが-s5k,12,1年,Member (1 year),,不明,,,2,2,0,2026-09-14 07:00,2026-09-26 05:01,,,https://www.youtube.com/channel/UC0R2kwMSiw8c4o2_M7tjLtA
UC7ZEhyJmlIm2LkUa4gfG6iw,@海老ちゃま-d6r,12,1年,Member (1 year),,不明,,,2,2,0,2026-09-15 20:06,2026-09-26 05:01,,,https://www.youtube.com/channel/UC7ZEhyJmlIm2LkUa4gfG6iw
UChi3TVtJQkgV4R4rwosR98w,@rererenore016,12,1年,Member (1 year),,不明,,,2,14,0,2026-09-15 20:06,2026-09-17 05:05,,,https://www.youtube.com/channel/UChi3TVtJQkgV4R4rwosR98w
UCUKcYNHiV5EfBU09wY-SAPg,@静雨たん,12,1年,Member (1 year),,不明,,,2,12,0,2026-09-15 20:06,2026-10-08 00:00,,,https://www.youtube.com/channel/UCUKcYNHiV5EfBU09wY-SAPg
UCcffcbRBhpDALBk9eV6LGkg,@totawann5485,12,1年,Member (1 year),,不明,,,2,17,0,2026-09-15 20:06,2026-09-30 21:03,,,https://www.youtube.com/channel/UCcffcbRBhpDALBk9eV6LGkg
UCXJtXJoK3NxToiQpSSwSDuA,@ピノチーズ,12,1年,Member (1 year),,不明,,,2,3,0,2026-09-15 20:06,2026-09-20 18:55,,,https://www.youtube.com/channel/UCXJtXJoK3NxToiQpSSwSDuA
UC0VdOVTwFMQwG7gRDbEPpJw,@ぽち-y6j,12,1年,Member (1 year),,不明,,,2,8,0,2026-09-15 20:06,2026-09-17 05:05,,,https://www.youtube.com/channel/UC0VdOVTwFMQwG7gRDbEPpJw
UC1DAKRhSxSyI1sBKafRf7LA,@ぽむ_pomppp,12,1年,Member (1 year),,不明,,,2,5,0,2026-09-15 20:06,2026-10-08 00:00,,,https://www.youtube.com/channel/UC1DAKRhSxSyI1sBKafRf7LA
UCCXy5ZmGeMot3Pd_fre2ylg,@oo-bb2sp,12,1年,Member (1 year),,不明,,,2,2,0,2026-09-15 20:06,2026-09-24 05:04,,,https://www.youtube.com/channel/UCCXy5ZmGeMot3Pd_fre2ylg
UCkvemJcHc-KMOe4TR5-AQWA,@もか-p6l,12,1年,Member (1 year),,不明,,,2,2,0,2026-09-15 20:06,2026-09-30 21:03,,,https://www.youtube.com/channel/UCkvemJcHc-KMOe4TR5-AQWA
UCmxxqSCGuZQwdMURQuMLRHA,@ぷーーーっちゃん,12,1年,Member (1 year),,不明,,,2,3,0,2026-09-15 20:06,2026-09-17 05:05,,,https://www.youtube.com/channel/UCmxxqSCGuZQwdMURQuMLRHA
UCwqQUZf9mC46JUC3n9_NYXQ,@atsuki_uchimi,12,1年,Member (1 year),,不明,,,2,10,0,2026-09-15 20:06,2026-09-20 18:55,,,https://www.youtube.com/channel/UCwqQUZf9mC46JUC3n9_NYXQ
UCBjqk1ZxXwirCegKpJCNdGw,@なかのよしの,12,1年,Member (1 year),,不明,,,2,4,0,2026-09-15 20:06,2026-09-21 05:00,,,https://www.youtube.com/channel/UCBjqk1ZxXwirCegKpJCNdGw
UCi1_aFRuH7J6VNdFD7yU6MA,@くれおれお,12,1年,Member (1 year),,不明,,,2,5,0,2026-09-15 20:06,2026-09-16 05:01,,,https://www.youtube.com/channel/UCi1_aFRuH7J6VNdFD7yU6MA
UCwEaR9Wxntx8BhmWVym65lw,@しん_0911,12,1年,Member (1 year),,不明,,,2,4,0,2026-09-15 20:06,2026-09-22 22:33,,,https://www.youtube.com/channel/UCwEaR9Wxntx8BhmWVym65lw
UCfGIkWxBmETLlCV8jhPoc1g,@芙嵐ふらん,12,1年,Member (1 year),,不明,,,2,2,0,2026-09-15 20:06,2026-10-04 17:40,,,https://www.youtube.com/channel/UCfGIkWxBmETLlCV8jhPoc1g
UC9-pyc-iaPYd5pRNJ6nydAA,@ma_3710,12,1年,Member (1 year),,不明,,,2,2,0,2026-09-15 20:06,2026-09-17 05:05,,,https://www.youtube.com/channel/UC9-pyc-iaPYd5pRNJ6nydAA
UC2aCS0cl7i6gfAG5PwLDXIA,@ASH-yl3tf,12,1年,Member (1 year),,不明,,,2,2,0,2026-09-15 20:06,2026-09-30 21:03,,,https://www.youtube.com/channel/UC2aCS0cl7i6gfAG5PwLDXIA
UCx9SH4U03lPk6_f84kl_TAg,@suiseimagic,12,1年,Member (1 year),,不明,,,2,2,0,2026-09-15 20:06,2026-10-06 20:31,,,https://www.youtube.com/channel/UCx9SH4U03lPk6_f84kl_TAg
UCkakxrQmP9spkrJqC2xFT8w,@れいん99,12,1年,Member (1 year),,不明,,,2,3,0,2026-09-15 20:06,2026-09-20 18:55,,,https://www.youtube.com/channel/UCkakxrQmP9spkrJqC2xFT8w
UC604DwpNiPgQ-HNjMKVTZkA,@ひいな-q9v,12,1年,Member (1 year),,不明,,,2,5,0,2026-09-15 20:06,2026-09-24 05:04,,,https://www.youtube.com/channel/UC604DwpNiPgQ-HNjMKVTZkA
UCjONjXT3jj0fLkU9vqzEEOA,@とゆ-o1r,12,1年,Member (1 year),,不明,,,2,2,0,2026-09-15 20:06,2026-09-21 05:00,,,https://www.youtube.com/channel/UCjONjXT3jj0fLkU9vqzEEOA
UCRmkbuVVgcTlsOWmCLKQmzw,@maimai-my,12,1年,Member (1 year),,不明,,,2,5,0,2026-09-15 20:06,2026-10-08 00:00,,,https://www.youtube.com/channel/UCRmkbuVVgcTlsOWmCLKQmzw
UCcLl7pxECLifVHvBVkg92lg,@tomakai521,12,1年,Member (1 year),,不明,,,2,4,0,2026-09-16 05:01,2026-10-02 21:00,,,https://www.youtube.com/channel/UCcLl7pxECLifVHvBVkg92lg
UCyeiGnrBIUk0CqPAs5rFoSg,@おむ-f7c,12,1年,Member (1 year),,不明,,,2,2,0,2026-09-16 05:01,2026-09-26 05:01,,,https://www.youtube.com/channel/UCyeiGnrBIUk0CqPAs5rFoSg
UCMoiDY5XThxaoxLEURzmMfg,@oyasumi2025,12,1年,Member (1 year),,不明,,,2,9,0,2026-09-16 05:01,2026-09-22 22:33,,,https://www.youtube.com/channel/UCMoiDY5XThxaoxLEURzmMfg
UCcZ8lId1PlezzdcIi2rLi1Q,@なあ._.a-05,12,1年,Member (1 year),,不明,,,2,2,0,2026-09-16 05:01,2026-09-29 05:00,,,https://www.youtube.com/channel/UCcZ8lId1PlezzdcIi2rLi1Q
UCARzloyFJeOvU_4G9JJTs_w,@れちた,12,1年,Member (1 year),,不明,,,2,3,0,2026-09-16 05:01,2026-09-17 05:05,,,https://www.youtube.com/channel/UCARzloyFJeOvU_4G9JJTs_w
UCKvIQZcVTBsFzUMC9hZCyuA,@キリキリmaimai,12,1年,Member (1 year),,不明,,,2,2,0,2026-09-16 05:01,2026-10-08 00:00,,,https://www.youtube.com/channel/UCKvIQZcVTBsFzUMC9hZCyuA
UCKGW9skvQmUXiLMufy_kssg,@sana-rb2si,12,1年,Member (1 year),,不明,,,2,3,0,2026-09-17 05:05,2026-09-20 18:55,,,https://www.youtube.com/channel/UCKGW9skvQmUXiLMufy_kssg
UCc2eQY9p54G1rV8WUeCQ3-g,@ココ-z7t,12,1年,Member (1 year),,不明,,,2,6,0,2026-09-17 05:05,2026-10-06 20:31,,,https://www.youtube.com/channel/UCc2eQY9p54G1rV8WUeCQ3-g
UCGhPk13F3Twe6a3f_XQpiVg,@あかね-2号,12,1年,Member (1 year),,不明,,,2,2,0,2026-09-17 05:05,2026-09-21 05:00,,,https://www.youtube.com/channel/UCGhPk13F3Twe6a3f_XQpiVg
UCuBAT-20XTkAVCtliEDV6zQ,@usa_pi_mal,12,1年,Member (1 year),,不明,,,2,3,0,2026-09-17 05:05,2026-09-21 05:00,,,https://www.youtube.com/channel/UCuBAT-20XTkAVCtliEDV6zQ
UC1eeGBfF3dRmhPjR1CzTZWg,@梓-v5g,12,1年,Member (1 year),,不明,,,2,4,0,2026-09-17 05:05,2026-09-22 22:33,,,https://www.youtube.com/channel/UC1eeGBfF3dRmhPjR1CzTZWg
UCrCwBfejeokUFL7iBf5ZOmw,@ゆい-l7w2w,12,1年,Member (1 year),,不明,,,2,2,0,2026-09-17 05:05,2026-10-08 00:00,,,https://www.youtube.com/channel/UCrCwBfejeokUFL7iBf5ZOmw
UCqxpM7K0kF0AdJ0CUABtJXA,@braincool030,12,1年,Member (1 year),,不明,,,2,10,0,2026-09-20 18:55,2026-09-22 22:33,,,https://www.youtube.com/channel/UCqxpM7K0kF0AdJ0CUABtJXA
UCCtX02WhG3uNHv-jM8lwqjg,@くらげげ-z9k,12,1年,Member (1 year),,不明,,,2,6,0,2026-09-20 18:55,2026-10-06 20:31,,,https://www.youtube.com/channel/UCCtX02WhG3uNHv-jM8lwqjg
UCG5L2ULYv3lZZ48h1gw3I0w,@Omatcha_tea,12,1年,Member (1 year),,不明,,,2,84,0,2026-09-21 05:00,2026-09-22 22:33,,,https://www.youtube.com/channel/UCG5L2ULYv3lZZ48h1gw3I0w
UCnALT5IAONPq1czz9GIYTyg,@mmnnaa-p7n,12,1年,Member (1 year),,不明,,,2,2,0,2026-09-21 05:00,2026-10-02 21:00,,,https://www.youtube.com/channel/UCnALT5IAONPq1czz9GIYTyg
UCODtoD5FGyeU8LbRK-VKylA,@enasan923,12,1年,Member (1 year),,不明,,,2,2,0,2026-09-21 05:00,2026-09-26 05:01,,,https://www.youtube.com/channel/UCODtoD5FGyeU8LbRK-VKylA
UClc-CkZ9QB5rnGywoU7g5_Q,@meu_channn,12,1年,Member (1 year),,不明,,,2,10,0,2026-09-21 05:00,2026-09-24 05:04,,,https://www.youtube.com/channel/UClc-CkZ9QB5rnGywoU7g5_Q
UCTT3akr-kyrfLD6rtsqGvJg,@にこ-28,12,1年,Member (1 year),,不明,,,2,3,0,2026-09-21 05:00,2026-09-24 05:04,,,https://www.youtube.com/channel/UCTT3akr-kyrfLD6rtsqGvJg
UCbhiFzr8R_MR_Ci3rcvA5pQ,@sakurai.tsuki7,12,1年,Member (1 year),,不明,,,2,4,0,2026-09-22 22:33,2026-10-01 20:48,,,https://www.youtube.com/channel/UCbhiFzr8R_MR_Ci3rcvA5pQ
UCiPte-rrRAEfh-vq2TMdDxg,@ricco5514,12,1年,Member (1 year),,不明,,,2,2,0,2026-09-22 22:33,2026-10-06 20:31,,,https://www.youtube.com/channel/UCiPte-rrRAEfh-vq2TMdDxg
UCSPl2K2SwrIDTro3akrLDpQ,@わたたると,12,1年,Member (1 year),,不明,,,2,61,0,2026-09-22 22:33,2026-10-06 20:31,,,https://www.youtube.com/channel/UCSPl2K2SwrIDTro3akrLDpQ
UCXxLCMTxHvSIvN_OYITIgGw,@もちこ-k5t,12,1年,Member (1 year),,不明,,,2,14,0,2026-09-22 22:33,2026-10-04 17:40,,,https://www.youtube.com/channel/UCXxLCMTxHvSIvN_OYITIgGw
UC0WgjjBrzurxawpc8hzKiRA,@msby0307,12,1年,Member (1 year),,不明,,,2,3,0,2026-09-22 22:33,2026-09-29 05:00,,,https://www.youtube.com/channel/UC0WgjjBrzurxawpc8hzKiRA
UCI6Ud0rMfZvsOHpzoU5L6WQ,@マキ_neko,12,1年,Member (1 year),,不明,,,2,2,0,2026-09-22 22:33,2026-09-24 05:04,,,https://www.youtube.com/channel/UCI6Ud0rMfZvsOHpzoU5L6WQ
UCB9EZWo1OJBzapFnpqeqdkw,@ヨウ-r8m,12,1年,Member (1 year),,不明,,,2,2,0,2026-09-22 22:33,2026-09-24 05:04,,,https://www.youtube.com/channel/UCB9EZWo1OJBzapFnpqeqdkw
UCbWjX-lwZX_jU1yja6DyvyQ,@かをせ,12,1年,Member (1 year),,不明,,,2,2,0,2026-09-22 22:33,2026-09-29 05:00,,,https://www.youtube.com/channel/UCbWjX-lwZX_jU1yja6DyvyQ
UC7bFZwRzOhsEhAVo2vcMOJg,@sayo-j6h,12,1年,Member (1 year),,不明,,,2,2,0,2026-09-22 22:33,2026-09-24 05:04,,,https://www.youtube.com/channel/UC7bFZwRzOhsEhAVo2vcMOJg
UCK6_qwMnjCqd4VI5ZoHLw7A,@kisaragi0418,12,1年,Member (1 year),,不明,,,2,14,0,2026-09-22 22:33,2026-09-29 05:00,,,https://www.youtube.com/channel/UCK6_qwMnjCqd4VI5ZoHLw7A
UCKvZY7pvohvTZzl_Iis3W7Q,@m_6lli,12,1年,Member (1 year),,不明,,,2,4,0,2026-09-22 22:33,2026-10-03 20:59,,,https://www.youtube.com/channel/UCKvZY7pvohvTZzl_Iis3W7Q
UCwdPoCjji_nvzF65V1-65RA,@のんchoco,12,1年,Member (1 year),,不明,,,2,3,0,2026-09-24 05:04,2026-10-08 00:00,,,https://www.youtube.com/channel/UCwdPoCjji_nvzF65V1-65RA
UCoJH1kfncfQ9gDbrra8RxTA,@なつ-g7e1e,12,1年,Member (1 year),,不明,,,2,2,0,2026-09-24 05:04,2026-10-01 20:48,,,https://www.youtube.com/channel/UCoJH1kfncfQ9gDbrra8RxTA
UCcrzyDSjifsiYKQ2yHcLb5A,@イカ-j6v,12,1年,Member (1 year),,不明,,,2,2,0,2026-09-24 05:04,2026-10-01 20:48,,,https://www.youtube.com/channel/UCcrzyDSjifsiYKQ2yHcLb5A
UCWytDHSEoK2pWACmnQ23Rsg,@ひな0803,12,1年,Member (1 year),,不明,,,2,6,0,2026-09-26 05:01,2026-09-30 21:03,,,https://www.youtube.com/channel/UCWytDHSEoK2pWACmnQ23Rsg
UCG86CjzTcTujVechyf332RQ,@サンダーE,12,1年,Member (1 year),,不明,,,2,2,0,2026-09-26 05:01,2026-09-29 05:00,,,https://www.youtube.com/channel/UCG86CjzTcTujVechyf332RQ
UC5zT4BD7h7-KLjezClDr1LA,@林檎うさぎ-j6s,12,1年,Member (1 year),,不明,,,2,2,0,2026-09-27 06:00,2026-09-29 05:00,,,https://www.youtube.com/channel/UC5zT4BD7h7-KLjezClDr1LA
UCUIvUmHFql3jjS773Obymqg,@灯火-o9z,12,1年,Member (1 year),,不明,,,2,2,0,2026-09-29 05:00,2026-10-01 20:48,,,https://www.youtube.com/channel/UCUIvUmHFql3jjS773Obymqg
UC8soyrh_OWGEhCYDu35eGaA,@Noah_chan0,12,1年,Member (1 year),,不明,,,2,8,0,2026-09-29 05:00,2026-10-06 20:31,,,https://www.youtube.com/channel/UC8soyrh_OWGEhCYDu35eGaA
UC-PeaMwL9JMvQ8WeKAYrA9w,@区鳥なやの-b9e,12,1年,Member (1 year),,不明,,,2,38,0,2026-10-04 17:40,2026-10-08 00:00,,,https://www.youtube.com/channel/UC-PeaMwL9JMvQ8WeKAYrA9w
UC7bQ0iHghKaYW3TqG05OIew,@bababoi-t6r,12,1年,Member (1 year),,不破狂,再加入/レベル変更,,2,3,0,2026-10-04 17:40,2026-10-06 20:31,,,https://www.youtube.com/channel/UC7bQ0iHghKaYW3TqG05OIew
UCgx3F_u3N5IsIhBfLOxKrHA,@en5153,12,1年,Member (1 year),,不明,,,1,5,0,2026-09-09 05:37,2026-09-09 05:37,,,https://www.youtube.com/channel/UCgx3F_u3N5IsIhBfLOxKrHA
UCWzJsteOvAC2W1N-yqVoOoQ,@amazakedaisuki,12,1年,Member (1 year),,不明,,,1,14,0,2026-09-09 05:37,2026-09-09 05:37,,,https://www.youtube.com/channel/UCWzJsteOvAC2W1N-yqVoOoQ
UCbDu0cLHK1uy27f6EHh2E1Q,@okome15,12,1年,Member (1 year),,不明,,,1,1,0,2026-09-09 05:37,2026-09-09 05:37,,,https://www.youtube.com/channel/UCbDu0cLHK1uy27f6EHh2E1Q
UCSc_FE6SVMiboGqADdXGolQ,@ss_u_x_riku,12,1年,Member (1 year),,不明,,,1,1,0,2026-09-09 05:37,2026-09-09 05:37,,,https://www.youtube.com/channel/UCSc_FE6SVMiboGqADdXGolQ
UCIoQQf5qobCVnbb29JWbogQ,@ゆあーーー,12,1年,Member (1 year),,不明,,,1,4,0,2026-09-09 05:37,2026-09-09 05:37,,,https://www.youtube.com/channel/UCIoQQf5qobCVnbb29JWbogQ
UCx7YR78fha5jitJhmvLVQGw,@kmsm_tsumi,12,1年,Member (1 year),,不明,,,1,1,0,2026-09-09 05:37,2026-09-09 05:37,,,https://www.youtube.com/channel/UCx7YR78fha5jitJhmvLVQGw
UC-WXunzxq4mq0ga31Sraj-Q,@a2b4c,12,1年,Member (1 year),,不明,,,1,2,0,2026-09-09 05:37,2026-09-09 05:37,,,https://www.youtube.com/channel/UC-WXunzxq4mq0ga31Sraj-Q
UCLuhPi_NYDyUaBWG7_remlA,@たっちー25,12,1年,Member (1 year),,不明,,,1,1,0,2026-09-09 05:37,2026-09-09 05:37,,,https://www.youtube.com/channel/UCLuhPi_NYDyUaBWG7_remlA
UChN-g5KoNncn6yHpbvBKC8Q,@ぺこ-f4f,12,1年,Member (1 year),,不明,,,1,1,0,2026-09-09 05:37,2026-09-09 05:37,,,https://www.youtube.com/channel/UChN-g5KoNncn6yHpbvBKC8Q
UCSGwaCA6MfyoQ7XNcr3ka9g,@user-ez7hj1bx1q,12,1年,Member (1 year),,不明,,,1,1,0,2026-09-09 05:37,2026-09-09 05:37,,,https://www.youtube.com/channel/UCSGwaCA6MfyoQ7XNcr3ka9g
UCivjIfflGb0FQ9K-HzgNZsw,@みゆ-0o_3710,12,1年,Member (1 year),,不明,,,1,2,0,2026-09-09 05:37,2026-09-09 05:37,,,https://www.youtube.com/channel/UCivjIfflGb0FQ9K-HzgNZsw
UCcztHxeZbhnGHbQ-gK5Ylpw,@marumaru_hone,12,1年,Member (1 year),,不明,,,1,6,0,2026-09-09 05:37,2026-09-09 05:37,,,https://www.youtube.com/channel/UCcztHxeZbhnGHbQ-gK5Ylpw
UCE-YRRHkD6-Eudq3zrPC-pw,@CZ-Lycheese,12,1年,Member (1 year),,不明,,,1,1,0,2026-09-09 05:37,2026-09-09 05:37,,,https://www.youtube.com/channel/UCE-YRRHkD6-Eudq3zrPC-pw
UCRx0SOxLhIe0ln5Csz8dPuQ,@かぼす-s8,12,1年,Member (1 year),,不明,,,1,3,0,2026-09-14 07:00,2026-09-14 07:00,,,https://www.youtube.com/channel/UCRx0SOxLhIe0ln5Csz8dPuQ
UCsspnjQeah54TbuJO73kutA,@HAL_MIN,12,1年,Member (1 year),,不明,,,1,1,0,2026-09-14 07:00,2026-09-14 07:00,,,https://www.youtube.com/channel/UCsspnjQeah54TbuJO73kutA
UCdodj7thp66Z5Dlbi3g9bVQ,@pori-fwfw,12,1年,Member (1 year),,不明,,,1,6,0,2026-09-14 07:00,2026-09-14 07:00,,,https://www.youtube.com/channel/UCdodj7thp66Z5Dlbi3g9bVQ
UCRND_DA2-c68XkO-5SzToiw,@めーそん-d4h,12,1年,Member (1 year),,不明,,,1,1,0,2026-09-14 07:00,2026-09-14 07:00,,,https://www.youtube.com/channel/UCRND_DA2-c68XkO-5SzToiw
UCndVR_wqa7VCt0r0tzPVuMA,@nemuizerii,12,1年,Member (1 year),,不明,,,1,1,0,2026-09-14 07:00,2026-09-14 07:00,,,https://www.youtube.com/channel/UCndVR_wqa7VCt0r0tzPVuMA
UC_ScjEKmqfVPzeaD-0kC_Dw,@user-HANBAAAGU,12,1年,Member (1 year),,不明,,,1,4,0,2026-09-14 07:00,2026-09-14 07:00,,,https://www.youtube.com/channel/UC_ScjEKmqfVPzeaD-0kC_Dw
UCARxPSG3A5WJcZbOnatx1EQ,@すみっこ-d5p,12,1年,Member (1 year),,不明,,,1,4,0,2026-09-14 07:00,2026-09-14 07:00,,,https://www.youtube.com/channel/UCARxPSG3A5WJcZbOnatx1EQ
UCH7LtqZireSpx8QW0xhS-0w,@ny-n03,12,1年,Member (1 year),,不明,,,1,1,0,2026-09-14 07:00,2026-09-14 07:00,,,https://www.youtube.com/channel/UCH7LtqZireSpx8QW0xhS-0w
UCQidv4DAgBlRWssCj6PQ7zw,@higanbanasu,12,1年,Member (1 year),,不明,,,1,1,0,2026-09-14 07:00,2026-09-14 07:00,,,https://www.youtube.com/channel/UCQidv4DAgBlRWssCj6PQ7zw
UCd9327wUNJV3QkyxVRKZgpQ,@神様白うさぎ,12,1年,Member (1 year),,不明,,,1,1,0,2026-09-14 07:00,2026-09-14 07:00,,,https://www.youtube.com/channel/UCd9327wUNJV3QkyxVRKZgpQ
UCVHlv4FacaolZaMIh6D4Faw,@ゆいn7j-d6o,12,1年,Member (1 year),,不明,,,1,1,0,2026-09-14 07:00,2026-09-14 07:00,,,https://www.youtube.com/channel/UCVHlv4FacaolZaMIh6D4Faw
UCYtgAg6dHvZjC55gAlJQIhQ,@えむえむ0422,12,1年,Member (1 year),,不明,,,1,1,0,2026-09-14 07:00,2026-09-14 07:00,,,https://www.youtube.com/channel/UCYtgAg6dHvZjC55gAlJQIhQ
UCUvjbrg5yljSY1TyqGfktQQ,@なつくん-h8s,12,1年,Member (1 year),,不明,,,1,1,0,2026-09-14 07:00,2026-09-14 07:00,,,https://www.youtube.com/channel/UCUvjbrg5yljSY1TyqGfktQQ
UCtrsHrhSJn_ub7dNXMukyOA,@りいあにゃにゃ,12,1年,Member (1 year),,不明,,,1,1,0,2026-09-14 07:00,2026-09-14 07:00,,,https://www.youtube.com/channel/UCtrsHrhSJn_ub7dNXMukyOA
UCLF8So_80AwLaCZfzRxvIsQ,@かちゃめぅ,12,1年,Member (1 year),,不明,,,1,3,0,2026-09-14 07:00,2026-09-14 07:00,,,https://www.youtube.com/channel/UCLF8So_80AwLaCZfzRxvIsQ
UCkTPps6xxr8wXYAcUe05Hvw,@mrfmmj4,12,1年,Member (1 year),,不明,,,1,1,0,2026-09-14 07:00,2026-09-14 07:00,,,https://www.youtube.com/channel/UCkTPps6xxr8wXYAcUe05Hvw
UCsd1f6qCibB_3aUt4LtUrFA,@えむちxx,12,1年,Member (1 year),,不明,,,1,1,0,2026-09-14 07:00,2026-09-14 07:00,,,https://www.youtube.com/channel/UCsd1f6qCibB_3aUt4LtUrFA
UC6lS-A3_mJoTEi2-Xw-s0nA,@ねむ-q9x,12,1年,Member (1 year),,不明,,,1,6,0,2026-09-14 07:00,2026-09-14 07:00,,,https://www.youtube.com/channel/UC6lS-A3_mJoTEi2-Xw-s0nA
UCz-5n55hD2ygAok0dck07nA,@meme-m6x9j,12,1年,Member (1 year),,不明,,,1,1,0,2026-09-14 07:00,2026-09-14 07:00,,,https://www.youtube.com/channel/UCz-5n55hD2ygAok0dck07nA
UCV0vJ6V2UXdkUsAdAc0K-KA,@こたつ-y1p,12,1年,Member (1 year),,不明,,,1,6,0,2026-09-14 07:00,2026-09-14 07:00,,,https://www.youtube.com/channel/UCV0vJ6V2UXdkUsAdAc0K-KA
UC2cClVvsVdebNX5BO41PQfQ,@うなばたちーず,12,1年,Member (1 year),,不明,,,1,3,0,2026-09-14 07:00,2026-09-14 07:00,,,https://www.youtube.com/channel/UC2cClVvsVdebNX5BO41PQfQ
UCUnOZfraoRCnxXfm-18YaqA,@hina_n_k,12,1年,Member (1 year),,不明,,,1,1,0,2026-09-14 07:00,2026-09-14 07:00,,,https://www.youtube.com/channel/UCUnOZfraoRCnxXfm-18YaqA
UCbuoF5NFsyM4OV3ObjL7eWg,@hago_chan,12,1年,Member (1 year),,不明,,,1,4,0,2026-09-14 07:00,2026-09-14 07:00,,,https://www.youtube.com/channel/UCbuoF5NFsyM4OV3ObjL7eWg
UCMgJUUjJo1oZimouNdvd0mQ,@nashishi_nashi,12,1年,Member (1 year),,不明,,,1,3,0,2026-09-14 07:00,2026-09-14 07:00,,,https://www.youtube.com/channel/UCMgJUUjJo1oZimouNdvd0mQ
UCl93fuzGg5M_g54KLI1GbuQ,@ka6526,12,1年,Member (1 year),,不明,,,1,1,0,2026-09-14 07:00,2026-09-14 07:00,,,https://www.youtube.com/channel/UCl93fuzGg5M_g54KLI1GbuQ
UCHLPKwZv8kLJZuOsqASTLaw,@きゃんめろ-p6g,12,1年,Member (1 year),,不明,,,1,1,0,2026-09-14 07:00,2026-09-14 07:00,,,https://www.youtube.com/channel/UCHLPKwZv8kLJZuOsqASTLaw
UCEDF96HuL1zbokDCaTAZgxg,@ゆっこ-k9d,12,1年,Member (1 year),,不明,,,1,1,0,2026-09-14 07:00,2026-09-14 07:00,,,https://www.youtube.com/channel/UCEDF96HuL1zbokDCaTAZgxg
UC5MlAwxprXCy6w-YvaNqXFw,@natsu_dy,12,1年,Member (1 year),,不明,,,1,1,0,2026-09-14 07:00,2026-09-14 07:00,,,https://www.youtube.com/channel/UC5MlAwxprXCy6w-YvaNqXFw
UC0buGIg-1ZX6Skb6KcYIz3g,@MKNyaki,12,1年,Member (1 year),,不明,,,1,1,0,2026-09-14 07:00,2026-09-14 07:00,,,https://www.youtube.com/channel/UC0buGIg-1ZX6Skb6KcYIz3g
UCV7NX0ZkvhytmE2wlieOIqQ,@Vanda1557m,12,1年,Member (1 year),,不明,,,1,34,0,2026-09-15 20:06,2026-09-15 20:06,,,https://www.youtube.com/channel/UCV7NX0ZkvhytmE2wlieOIqQ
UCl6BEUVsMIj2ZQ_QHeQzgAQ,@ni-konicodouga,12,1年,Member (1 year),,不明,,,1,38,0,2026-09-15 20:06,2026-09-15 20:06,,,https://www.youtube.com/channel/UCl6BEUVsMIj2ZQ_QHeQzgAQ
UCEUx6osyqXaUgKL4sDPLw7A,@もも-r2u6i,12,1年,Member (1 year),,不明,,,1,21,0,2026-09-15 20:06,2026-09-15 20:06,,,https://www.youtube.com/channel/UCEUx6osyqXaUgKL4sDPLw7A
UCLP_PGvSq7JuWNVT-iD1XWw,@Moca-fy1cj,12,1年,Member (1 year),,不明,,,1,1,0,2026-09-15 20:06,2026-09-15 20:06,,,https://www.youtube.com/channel/UCLP_PGvSq7JuWNVT-iD1XWw
UCNTyNZ0IAmdWAA-Q5qeOORg,@さゆ-v7k,12,1年,Member (1 year),,不明,,,1,9,0,2026-09-15 20:06,2026-09-15 20:06,,,https://www.youtube.com/channel/UCNTyNZ0IAmdWAA-Q5qeOORg
UCoYl16CsMnpiRq8xa8xqepA,@葉月-i1x,12,1年,Member (1 year),,不明,,,1,8,0,2026-09-15 20:06,2026-09-15 20:06,,,https://www.youtube.com/channel/UCoYl16CsMnpiRq8xa8xqepA
UC5jdpR9lAS46w7gz2-nSYfQ,@よっしさん.-443,12,1年,Member (1 year),,不明,,,1,3,0,2026-09-15 20:06,2026-09-15 20:06,,,https://www.youtube.com/channel/UC5jdpR9lAS46w7gz2-nSYfQ
UCoWdMBkfcL8KJ3KVTsJSBiw,@はる-m8t1c,12,1年,Member (1 year),,不明,,,1,16,0,2026-09-15 20:06,2026-09-15 20:06,,,https://www.youtube.com/channel/UCoWdMBkfcL8KJ3KVTsJSBiw
UCUmj7nnt8_g13BlrmMUYZdA,@oxhiaxo,12,1年,Member (1 year),,不明,,,1,1,0,2026-09-15 20:06,2026-09-15 20:06,,,https://www.youtube.com/channel/UCUmj7nnt8_g13BlrmMUYZdA
UCQ39mcPeZiQXGvm5Dwfc4hw,@あや汰ayt75,12,1年,Member (1 year),,不明,,,1,1,0,2026-09-15 20:06,2026-09-15 20:06,,,https://www.youtube.com/channel/UCQ39mcPeZiQXGvm5Dwfc4hw
UC3cvLhOVSZ_B_REjRgfxuhg,@fuwafuwa0218,12,1年,Member (1 year),,不明,,,1,2,0,2026-09-15 20:06,2026-09-15 20:06,,,https://www.youtube.com/channel/UC3cvLhOVSZ_B_REjRgfxuhg
UC9zWGiLYJihxBdThmbHR2RQ,@ガッちゃん-s5s,12,1年,Member (1 year),,不明,,,1,3,0,2026-09-15 20:06,2026-09-15 20:06,,,https://www.youtube.com/channel/UC9zWGiLYJihxBdThmbHR2RQ
UCy3MjIFisDc9HJT2azg-XMQ,@s_fxx28,12,1年,Member (1 year),,不明,,,1,1,0,2026-09-15 20:06,2026-09-15 20:06,,,https://www.youtube.com/channel/UCy3MjIFisDc9HJT2azg-XMQ
UCNl_OvdpwxCWISqBEcTcOoQ,@kani_v_v,12,1年,Member (1 year),,不明,,,1,1,0,2026-09-15 20:06,2026-09-15 20:06,,,https://www.youtube.com/channel/UCNl_OvdpwxCWISqBEcTcOoQ
UCCmFpNcHKKLgmGcqA3XTZaw,@riverknightmol,12,1年,Member (1 year),,不明,,,1,9,0,2026-09-15 20:06,2026-09-15 20:06,,,https://www.youtube.com/channel/UCCmFpNcHKKLgmGcqA3XTZaw
UCCDu0eGrVPyuPEg_lATDjoA,@かなとろろ,12,1年,Member (1 year),,不明,,,1,2,0,2026-09-15 20:06,2026-09-15 20:06,,,https://www.youtube.com/channel/UCCDu0eGrVPyuPEg_lATDjoA
UC4a2SKtv-VU2YxjTUHDbA0g,@mya_noyo,12,1年,Member (1 year),,不明,,,1,1,0,2026-09-15 20:06,2026-09-15 20:06,,,https://www.youtube.com/channel/UC4a2SKtv-VU2YxjTUHDbA0g
UCy0WmjdNZjLeqlaX6ZyB5zw,@夏の爆食祭り,12,1年,Member (1 year),,不明,,,1,2,0,2026-09-15 20:06,2026-09-15 20:06,,,https://www.youtube.com/channel/UCy0WmjdNZjLeqlaX6ZyB5zw
UCu5DbV4DbGt42whCDfoiQPw,@_ne.moublie.pas_,12,1年,Member (1 year),,不明,,,1,2,0,2026-09-15 20:06,2026-09-15 20:06,,,https://www.youtube.com/channel/UCu5DbV4DbGt42whCDfoiQPw
UCQ-3C5hOaUSluyjOd6p1IhA,@yukiki77,12,1年,Member (1 year),,不明,,,1,3,0,2026-09-15 20:06,2026-09-15 20:06,,,https://www.youtube.com/channel/UCQ-3C5hOaUSluyjOd6p1IhA
UCKMJiLa5V40y5u-_iXJbP_g,@91.333,12,1年,Member (1 year),,不明,,,1,3,0,2026-09-15 20:06,2026-09-15 20:06,,,https://www.youtube.com/channel/UCKMJiLa5V40y5u-_iXJbP_g
UC9GQkNthmjZwlv9cpdNnq-g,@ゆに-j7s,12,1年,Member (1 year),,不明,,,1,1,0,2026-09-15 20:06,2026-09-15 20:06,,,https://www.youtube.com/channel/UC9GQkNthmjZwlv9cpdNnq-g
UCsgcayn8c3jWrSww1OCJ5-Q,@しままる-1,12,1年,Member (1 year),,不明,,,1,1,0,2026-09-15 20:06,2026-09-15 20:06,,,https://www.youtube.com/channel/UCsgcayn8c3jWrSww1OCJ5-Q
UCtcsKDQfEuvuXKtIPp9Y6zw,@奏-k1i,12,1年,Member (1 year),,不明,,,1,1,0,2026-09-15 20:06,2026-09-15 20:06,,,https://www.youtube.com/channel/UCtcsKDQfEuvuXKtIPp9Y6zw
UCaHbuK3xaaqUigscLDUOtSQ,@user-kq4fo6sq8l,12,1年,Member (1 year),,不明,,,1,1,0,2026-09-15 20:06,2026-09-15 20:06,,,https://www.youtube.com/channel/UCaHbuK3xaaqUigscLDUOtSQ
UCuYRQsv-bMAVU9VmMDnmgUw,@みーや-icg,12,1年,Member (1 year),,不明,,,1,1,0,2026-09-15 20:06,2026-09-15 20:06,,,https://www.youtube.com/channel/UCuYRQsv-bMAVU9VmMDnmgUw
UCxJV94G1OayiA9Cvv2NJn4Q,@はちみつ-n3z,12,1年,Member (1 year),,不明,,,1,2,0,2026-09-15 20:06,2026-09-15 20:06,,,https://www.youtube.com/channel/UCxJV94G1OayiA9Cvv2NJn4Q
UCTotoXQmQs1eRnFP9vBFTtQ,@oreofore,12,1年,Member (1 year),,不明,,,1,1,0,2026-09-15 20:06,2026-09-15 20:06,,,https://www.youtube.com/channel/UCTotoXQmQs1eRnFP9vBFTtQ
UCI1YceG12oRF7xs1o5VR__A,@もみさ,12,1年,Member (1 year),,不明,,,1,1,0,2026-09-15 20:06,2026-09-15 20:06,,,https://www.youtube.com/channel/UCI1YceG12oRF7xs1o5VR__A
UCg-SqIflMVjqRvvact2-7Xw,@すせほ_123,12,1年,Member (1 year),,不明,,,1,1,0,2026-09-15 20:06,2026-09-15 20:06,,,https://www.youtube.com/channel/UCg-SqIflMVjqRvvact2-7Xw
UCKqmRkdyuYYeNjSkrIX7x8w,@pen-n8s8u,12,1年,Member (1 year),,不明,,,1,2,0,2026-09-15 20:06,2026-09-15 20:06,,,https://www.youtube.com/channel/UCKqmRkdyuYYeNjSkrIX7x8w
UC2ysbzfW9AkKiR4EJQTGMCw,@佐野-p2f,12,1年,Member (1 year),,不明,,,1,1,0,2026-09-15 20:06,2026-09-15 20:06,,,https://www.youtube.com/channel/UC2ysbzfW9AkKiR4EJQTGMCw
UCNy7c0Oe6nVjdTcs9hbGCDA,@나나-y5r1c,12,1年,Member (1 year),,不明,,,1,2,0,2026-09-15 20:06,2026-09-15 20:06,,,https://www.youtube.com/channel/UCNy7c0Oe6nVjdTcs9hbGCDA
UCJmd4wSre2nPZImhCwwo92g,@otete-ry,12,1年,Member (1 year),,不明,,,1,1,0,2026-09-15 20:06,2026-09-15 20:06,,,https://www.youtube.com/channel/UCJmd4wSre2nPZImhCwwo92g
UCM-uGmuO1eOUDr8AAhm0UuA,@さい0905,12,1年,Member (1 year),,不明,,,1,3,0,2026-09-15 20:06,2026-09-15 20:06,,,https://www.youtube.com/channel/UCM-uGmuO1eOUDr8AAhm0UuA
UCwgvwP6NvimzriPgde4Mw0w,@まりん2rin138,12,1年,Member (1 year),,不明,,,1,2,0,2026-09-15 20:06,2026-09-15 20:06,,,https://www.youtube.com/channel/UCwgvwP6NvimzriPgde4Mw0w
UCGxwH0asfebTOBd_rx8dSWw,@kesa6626,12,1年,Member (1 year),,不明,,,1,1,0,2026-09-15 20:06,2026-09-15 20:06,,,https://www.youtube.com/channel/UCGxwH0asfebTOBd_rx8dSWw
UCe4ewcQI2hrNvypCm7kjtBA,@ぬっこ-28,12,1年,Member (1 year),,不明,,,1,3,0,2026-09-15 20:06,2026-09-15 20:06,,,https://www.youtube.com/channel/UCe4ewcQI2hrNvypCm7kjtBA
UCwpUFYI48fDTPB8l8vhKo5A,@きろ-x1t,12,1年,Member (1 year),,不明,,,1,3,0,2026-09-15 20:06,2026-09-15 20:06,,,https://www.youtube.com/channel/UCwpUFYI48fDTPB8l8vhKo5A
UC-8_6osiLY2lK-KF0TKmPjA,@ゆづき-m5n,12,1年,Member (1 year),,不明,,,1,1,0,2026-09-15 20:06,2026-09-15 20:06,,,https://www.youtube.com/channel/UC-8_6osiLY2lK-KF0TKmPjA
UCOByW1wEUEDXQWtXaxAfM2Q,@BBB-39,12,1年,Member (1 year),,不破狂,再加入/レベル変更,,1,0,0,2026-09-15 20:06,2026-09-15 20:06,,,https://www.youtube.com/channel/UCOByW1wEUEDXQWtXaxAfM2Q
UCJ9cE0EvomBMyDT5wiuA0Jg,@Sakusaaaan,12,1年,Member (1 year),,不明,,,1,12,0,2026-09-16 05:01,2026-09-16 05:01,,,https://www.youtube.com/channel/UCJ9cE0EvomBMyDT5wiuA0Jg
UCpH3luENXvXDTWpBwZADiUA,@ぅぃch,12,1年,Member (1 year),,不明,,,1,1,0,2026-09-16 05:01,2026-09-16 05:01,,,https://www.youtube.com/channel/UCpH3luENXvXDTWpBwZADiUA
UCRKL0LSbHK5TCsNMKPwsNSw,@nyanyanyanng,12,1年,Member (1 year),,不明,,,1,2,1,2026-09-16 05:01,2026-09-16 05:01,,,https://www.youtube.com/channel/UCRKL0LSbHK5TCsNMKPwsNSw
UCHfAZ0_7lXXlp3Uhv3uuIhg,@s5_k4g,12,1年,Member (1 year),,不明,,,1,1,0,2026-09-16 05:01,2026-09-16 05:01,,,https://www.youtube.com/channel/UCHfAZ0_7lXXlp3Uhv3uuIhg
UC8YoUUlCl07ugNJUhL6aJXQ,@iochachacha_S2,12,1年,Member (1 year),,不明,,,1,1,0,2026-09-16 05:01,2026-09-16 05:01,,,https://www.youtube.com/channel/UC8YoUUlCl07ugNJUhL6aJXQ
UCCRUKsibiGZe4LjXkit63Ug,@コタパンー,12,1年,Member (1 year),,不明,,,1,7,0,2026-09-17 05:05,2026-09-17 05:05,,,https://www.youtube.com/channel/UCCRUKsibiGZe4LjXkit63Ug
UCOh4bcG--ciXE3OlEqZHtPw,@まいぷる-w3f,12,1年,Member (1 year),,不明,,,1,1,0,2026-09-17 05:05,2026-09-17 05:05,,,https://www.youtube.com/channel/UCOh4bcG--ciXE3OlEqZHtPw
UCXFzttPibt0Rjwhmi9iV3eA,@Lily_pinklily,12,1年,Member (1 year),,不明,,,1,1,0,2026-09-17 05:05,2026-09-17 05:05,,,https://www.youtube.com/channel/UCXFzttPibt0Rjwhmi9iV3eA
UCM9S9YP6-7BTSric4gcRl3A,@ふうみ-b9m,12,1年,Member (1 year),,不明,,,1,1,0,2026-09-17 05:05,2026-09-17 05:05,,,https://www.youtube.com/channel/UCM9S9YP6-7BTSric4gcRl3A
UChFInUOXKWZ_gLUVzUlMvAw,@ぴなつ_p7.2,12,1年,Member (1 year),,不明,,,1,6,0,2026-09-17 05:05,2026-09-17 05:05,,,https://www.youtube.com/channel/UChFInUOXKWZ_gLUVzUlMvAw
UCj0qNpaMjZbyQI6SlPmN8ZQ,@白餅小豆子,12,1年,Member (1 year),,不明,,,1,1,0,2026-09-17 05:05,2026-09-17 05:05,,,https://www.youtube.com/channel/UCj0qNpaMjZbyQI6SlPmN8ZQ
UCXyU2jqcC2fsGMpCAT0feWg,@えりりん-v2k,12,1年,Member (1 year),,不明,,,1,1,0,2026-09-17 05:05,2026-09-17 05:05,,,https://www.youtube.com/channel/UCXyU2jqcC2fsGMpCAT0feWg
UCtM9Y91pdsPAj341zENlamw,@irrik3,12,1年,Member (1 year),,不明,,,1,1,0,2026-09-17 05:05,2026-09-17 05:05,,,https://www.youtube.com/channel/UCtM9Y91pdsPAj341zENlamw
UCQV3xfV_xyZPN3lOI1xL_Kg,@みなき8989,12,1年,Member (1 year),,不明,,,1,3,0,2026-09-17 05:05,2026-09-17 05:05,,,https://www.youtube.com/channel/UCQV3xfV_xyZPN3lOI1xL_Kg
UCy7eQ4qsb5NoRDlJGaGcncw,@bookmns,12,1年,Member (1 year),,不明,,,1,1,0,2026-09-17 05:05,2026-09-17 05:05,,,https://www.youtube.com/channel/UCy7eQ4qsb5NoRDlJGaGcncw
UCPEanCqBqq6uORy0GhrUUsw,@花-o6e,12,1年,Member (1 year),,不明,,,1,3,0,2026-09-17 05:05,2026-09-17 05:05,,,https://www.youtube.com/channel/UCPEanCqBqq6uORy0GhrUUsw
UCSWmvqT-oqxMr_raSVw7vhg,@hqruuu,12,1年,Member (1 year),,不明,,,1,2,0,2026-09-17 05:05,2026-09-17 05:05,,,https://www.youtube.com/channel/UCSWmvqT-oqxMr_raSVw7vhg
UCIU6dyTP3jYTQr-Uao36tUQ,@makimaki3846,12,1年,Member (1 year),,不明,,,1,2,0,2026-09-17 05:05,2026-09-17 05:05,,,https://www.youtube.com/channel/UCIU6dyTP3jYTQr-Uao36tUQ
UCUsuGtQQ6vOfcpmPvoVSJ1w,@nyan_fwluv,12,1年,Member (1 year),,不明,,,1,1,0,2026-09-17 05:05,2026-09-17 05:05,,,https://www.youtube.com/channel/UCUsuGtQQ6vOfcpmPvoVSJ1w
UCyxex6J09HlWk8SfEhk7kQg,@みなみ-r5f,12,1年,Member (1 year),,不明,,,1,1,0,2026-09-17 05:05,2026-09-17 05:05,,,https://www.youtube.com/channel/UCyxex6J09HlWk8SfEhk7kQg
UCb81KAinWEkUR95r6bJ_fJg,@りん-nmnyn,12,1年,Member (1 year),,不明,,,1,1,0,2026-09-17 05:05,2026-09-17 05:05,,,https://www.youtube.com/channel/UCb81KAinWEkUR95r6bJ_fJg
UCYKlVCFzjqsrFC5eqn3Q4pA,@xkyouka,12,1年,Member (1 year),,不明,,,1,1,0,2026-09-17 05:05,2026-09-17 05:05,,,https://www.youtube.com/channel/UCYKlVCFzjqsrFC5eqn3Q4pA
UCZoDze7NBFwbiC6jUs9J_Nw,@禁煙たなか_tanaka,12,1年,Member (1 year),,不破狂,再加入/レベル変更,,1,0,0,2026-09-17 05:05,2026-09-17 05:05,,,https://www.youtube.com/channel/UCZoDze7NBFwbiC6jUs9J_Nw
UC6fUMEtMHCjwtusWoygGMRQ,@ぽんぬ-z5u,12,1年,Member (1 year),,不明,,,1,6,0,2026-09-20 18:55,2026-09-20 18:55,,,https://www.youtube.com/channel/UC6fUMEtMHCjwtusWoygGMRQ
UCcv9DpFdJHztMKpGsxxfqFg,@ちゅん-izm,12,1年,Member (1 year),,不明,,,1,2,0,2026-09-20 18:55,2026-09-20 18:55,,,https://www.youtube.com/channel/UCcv9DpFdJHztMKpGsxxfqFg
UCrcGyfFUf60EJlHhZ0ufSzA,@おりばーa8n0,12,1年,Member (1 year),,不明,,,1,14,0,2026-09-20 18:55,2026-09-20 18:55,,,https://www.youtube.com/channel/UCrcGyfFUf60EJlHhZ0ufSzA
UCrVO9mt22TuQHjMrR1PTR4g,@Shirakiii,12,1年,Member (1 year),,不明,,,1,2,0,2026-09-20 18:55,2026-09-20 18:55,,,https://www.youtube.com/channel/UCrVO9mt22TuQHjMrR1PTR4g
UCGIKyA2T-r7aiEHlpy2bUAA,@Kotoha0302,12,1年,Member (1 year),,不明,,,1,7,0,2026-09-20 18:55,2026-09-20 18:55,,,https://www.youtube.com/channel/UCGIKyA2T-r7aiEHlpy2bUAA
UCFbQNIaXYbPIEKCS74XTlKA,@ぴぴ-t4b,12,1年,Member (1 year),,不明,,,1,1,0,2026-09-20 18:55,2026-09-20 18:55,,,https://www.youtube.com/channel/UCFbQNIaXYbPIEKCS74XTlKA
UCUCXqDJkp5Bc-pl-E0TGqLg,@nrmk1215,12,1年,Member (1 year),,不明,,,1,3,0,2026-09-20 18:55,2026-09-20 18:55,,,https://www.youtube.com/channel/UCUCXqDJkp5Bc-pl-E0TGqLg
UCfSs4JDv1YS0kHhB5n8vRxQ,@un_1841,12,1年,Member (1 year),,不明,,,1,1,0,2026-09-20 18:55,2026-09-20 18:55,,,https://www.youtube.com/channel/UCfSs4JDv1YS0kHhB5n8vRxQ
UCORovAGIUWH5t3HZIWxJczA,@しな-4lg,12,1年,Member (1 year),,不明,,,1,8,0,2026-09-21 05:00,2026-09-21 05:00,,,https://www.youtube.com/channel/UCORovAGIUWH5t3HZIWxJczA
UCpt8G9R6LSP273iooEgjVzA,@しう.0xox0,12,1年,Member (1 year),,不明,,,1,2,0,2026-09-21 05:00,2026-09-21 05:00,,,https://www.youtube.com/channel/UCpt8G9R6LSP273iooEgjVzA
UCVii6cJcT6BgKVGnRIm5CjQ,@みや-v2y,12,1年,Member (1 year),,不明,,,1,5,0,2026-09-21 05:00,2026-09-21 05:00,,,https://www.youtube.com/channel/UCVii6cJcT6BgKVGnRIm5CjQ
UC8E8sewV_tVOBu6E_502EjA,@まいぬーる,12,1年,Member (1 year),,不明,,,1,1,0,2026-09-21 05:00,2026-09-21 05:00,,,https://www.youtube.com/channel/UC8E8sewV_tVOBu6E_502EjA
UCCe4UrCnr8QJmlRf8ug3Gnw,@りQvQ,12,1年,Member (1 year),,不明,,,1,1,0,2026-09-21 05:00,2026-09-21 05:00,,,https://www.youtube.com/channel/UCCe4UrCnr8QJmlRf8ug3Gnw
UCWdKzfBojEeajjNtqIs_NUA,@奏者-p9y,12,1年,Member (1 year),,不明,,,1,1,0,2026-09-21 05:00,2026-09-21 05:00,,,https://www.youtube.com/channel/UCWdKzfBojEeajjNtqIs_NUA
UCTjL3cieaweG16HOU9EKK_g,@mgmgtimenyan,12,1年,Member (1 year),,不明,,,1,1,0,2026-09-21 05:00,2026-09-21 05:00,,,https://www.youtube.com/channel/UCTjL3cieaweG16HOU9EKK_g
UClN_VPI4b8mvjSTLvAMjehQ,@みい-g6t,12,1年,Member (1 year),,不明,,,1,1,0,2026-09-21 05:00,2026-09-21 05:00,,,https://www.youtube.com/channel/UClN_VPI4b8mvjSTLvAMjehQ
UCMistwfv_xnLP8cdox4NlIw,@みづき-u3p,12,1年,Member (1 year),,不明,,,1,1,0,2026-09-21 05:00,2026-09-21 05:00,,,https://www.youtube.com/channel/UCMistwfv_xnLP8cdox4NlIw
UCXYp3Jx02fkVlFjk2n440xg,@コーヒーゼリー_coffee,12,1年,Member (1 year),,不明,,,1,1,0,2026-09-21 05:00,2026-09-21 05:00,,,https://www.youtube.com/channel/UCXYp3Jx02fkVlFjk2n440xg
UCxv2Y7R2IncFlp6RuT8JO0A,@ponyo3100,12,1年,Member (1 year),,不明,,,1,1,0,2026-09-21 05:00,2026-09-21 05:00,,,https://www.youtube.com/channel/UCxv2Y7R2IncFlp6RuT8JO0A
UCbKeuO5T5Bahdg7Xxm7ucvA,@cyaru_5,12,1年,Member (1 year),,不明,,,1,2,0,2026-09-21 05:00,2026-09-21 05:00,,,https://www.youtube.com/channel/UCbKeuO5T5Bahdg7Xxm7ucvA
UCxTIG1OWsHF4Btb8ea2uUvw,@よこやま_ym,12,1年,Member (1 year),,不明,,,1,1,0,2026-09-22 22:33,2026-09-22 22:33,,,https://www.youtube.com/channel/UCxTIG1OWsHF4Btb8ea2uUvw
UCeTmBXb-QVxf8p8l3rkjleg,@くゆる-demo,12,1年,Member (1 year),,不明,,,1,1,0,2026-09-22 22:33,2026-09-22 22:33,,,https://www.youtube.com/channel/UCeTmBXb-QVxf8p8l3rkjleg
UCRFakHAmOCEMR8NjPaWIbqA,@perce231,12,1年,Member (1 year),,不明,,,1,1,0,2026-09-22 22:33,2026-09-22 22:33,,,https://www.youtube.com/channel/UCRFakHAmOCEMR8NjPaWIbqA
UC0HqlEyIyXMhiUTFRyBjmOQ,@daaaaaisuki,12,1年,Member (1 year),,不明,,,1,1,0,2026-09-22 22:33,2026-09-22 22:33,,,https://www.youtube.com/channel/UC0HqlEyIyXMhiUTFRyBjmOQ
UCKMgKmR3rYQbI6lXdjoX0zA,@うつろい24_3u,12,1年,Member (1 year),,不明,,,1,2,1,2026-09-22 22:33,2026-09-22 22:33,,,https://www.youtube.com/channel/UCKMgKmR3rYQbI6lXdjoX0zA
UCIdj6LAilI4UFR0Z8WmlY8A,@南夜,12,1年,Member (1 year),,不明,,,1,1,0,2026-09-22 22:33,2026-09-22 22:33,,,https://www.youtube.com/channel/UCIdj6LAilI4UFR0Z8WmlY8A
UCVg0BKX6hQJVBNbQ6hEUovw,@mmo0447,12,1年,Member (1 year),,不明,,,1,1,0,2026-09-22 22:33,2026-09-22 22:33,,,https://www.youtube.com/channel/UCVg0BKX6hQJVBNbQ6hEUovw
UCYiv4xxt1Q5VrGPDImqxWoQ,@さつき1020,12,1年,Member (1 year),,不明,,,1,1,0,2026-09-22 22:33,2026-09-22 22:33,,,https://www.youtube.com/channel/UCYiv4xxt1Q5VrGPDImqxWoQ
UCGoOh09JP7SBhSG9UwQ6XTw,@あいちゃん-f1q,12,1年,Member (1 year),,不明,,,1,6,0,2026-09-22 22:33,2026-09-22 22:33,,,https://www.youtube.com/channel/UCGoOh09JP7SBhSG9UwQ6XTw
UCqBYD_RScDAoEIpvcxPn-SQ,@ぴらぽ-x5h,12,1年,Member (1 year),,不明,,,1,3,0,2026-09-22 22:33,2026-09-22 22:33,,,https://www.youtube.com/channel/UCqBYD_RScDAoEIpvcxPn-SQ
UC27YudSsKyUw0yh00zsbEVA,@HaRU-j4p,12,1年,Member (1 year),,不明,,,1,1,0,2026-09-22 22:33,2026-09-22 22:33,,,https://www.youtube.com/channel/UC27YudSsKyUw0yh00zsbEVA
UCSN-YiCimP9RTMHbmqnk1Ng,@あぐ_666,12,1年,Member (1 year),,不明,,,1,1,0,2026-09-22 22:33,2026-09-22 22:33,,,https://www.youtube.com/channel/UCSN-YiCimP9RTMHbmqnk1Ng
UCppkh0MI6k_kOsNWUO_njhA,@nakamiyach,12,1年,Member (1 year),,不明,,,1,1,0,2026-09-22 22:33,2026-09-22 22:33,,,https://www.youtube.com/channel/UCppkh0MI6k_kOsNWUO_njhA
UC341NGjg0zBdr8k6kP8-Gxg,@まにゃ-28,12,1年,Member (1 year),,不明,,,1,1,0,2026-09-22 22:33,2026-09-22 22:33,,,https://www.youtube.com/channel/UC341NGjg0zBdr8k6kP8-Gxg
UC80zAMXUS3_A2A79wTgHfdQ,@かな-y7r6n,12,1年,Member (1 year),,不明,,,1,1,0,2026-09-22 22:33,2026-09-22 22:33,,,https://www.youtube.com/channel/UC80zAMXUS3_A2A79wTgHfdQ
UCmP16j6hcqQ__6Nq71FTRTw,@stn-n8w,12,1年,Member (1 year),,不明,,,1,1,0,2026-09-24 05:04,2026-09-24 05:04,,,https://www.youtube.com/channel/UCmP16j6hcqQ__6Nq71FTRTw
UCy6b0jMy8KKcK8Kt7EI9JIw,@フルーツポンチ侍Z,12,1年,Member (1 year),,不明,,,1,4,0,2026-09-24 05:04,2026-09-24 05:04,,,https://www.youtube.com/channel/UCy6b0jMy8KKcK8Kt7EI9JIw
UCyrEMOTjv5s-qlwdbf8cNeg,@Küken-r5k,12,1年,Member (1 year),,不明,,,1,2,0,2026-09-24 05:04,2026-09-24 05:04,,,https://www.youtube.com/channel/UCyrEMOTjv5s-qlwdbf8cNeg
UCY9XCGXdTvGcblesDlWC4Ag,@あーりー-b2e,12,1年,Member (1 year),,不明,,,1,1,0,2026-09-24 05:04,2026-09-24 05:04,,,https://www.youtube.com/channel/UCY9XCGXdTvGcblesDlWC4Ag
UCUS8jEKNjdtnrotD-Emzrug,@マユ-w5q,12,1年,Member (1 year),,不明,,,1,1,0,2026-09-24 05:04,2026-09-24 05:04,,,https://www.youtube.com/channel/UCUS8jEKNjdtnrotD-Emzrug
UCfy29gXr_a4pEEAZbaKfWDQ,@uta3784,12,1年,Member (1 year),,不明,,,1,1,0,2026-09-24 05:04,2026-09-24 05:04,,,https://www.youtube.com/channel/UCfy29gXr_a4pEEAZbaKfWDQ
UC7bwJRXiOItfJfszuk0VwDA,@Tomo-f1h,12,1年,Member (1 year),,不明,,,1,1,0,2026-09-24 05:04,2026-09-24 05:04,,,https://www.youtube.com/channel/UC7bwJRXiOItfJfszuk0VwDA
UCaAfbcL9xDpOpcnymREVghQ,@masa_1723,12,1年,Member (1 year),,不明,,,1,1,0,2026-09-24 05:04,2026-09-24 05:04,,,https://www.youtube.com/channel/UCaAfbcL9xDpOpcnymREVghQ
UCtlA8205YIMEFyxHRX1AhPw,@むすぶ-p8p,12,1年,Member (1 year),,不明,,,1,1,0,2026-09-26 05:01,2026-09-26 05:01,,,https://www.youtube.com/channel/UCtlA8205YIMEFyxHRX1AhPw
UCHWd3hNxB9Fn4uaQnV4GVCg,@ikachannnnnnnnnn,12,1年,Member (1 year),,不明,,,1,1,1,2026-09-26 05:01,2026-09-26 05:01,,,https://www.youtube.com/channel/UCHWd3hNxB9Fn4uaQnV4GVCg
UCuII6yEzDrLRnxCmfhstWAA,@luv_En.angel07,12,1年,Member (1 year),,不明,,,1,1,0,2026-09-26 05:01,2026-09-26 05:01,,,https://www.youtube.com/channel/UCuII6yEzDrLRnxCmfhstWAA
UCniodg6ua0ndD_iApPAS0yw,@user-hl4pj6tk9e,12,1年,Member (1 year),,不明,,,1,1,0,2026-09-26 05:01,2026-09-26 05:01,,,https://www.youtube.com/channel/UCniodg6ua0ndD_iApPAS0yw
UCN-G5C9OagPvsOYkb9tPaGA,@k_ij2,12,1年,Member (1 year),,不明,,,1,1,0,2026-09-26 05:01,2026-09-26 05:01,,,https://www.youtube.com/channel/UCN-G5C9OagPvsOYkb9tPaGA
UChQZZZrZoCgSHnZg9-TfObA,@Rerezou,12,1年,Member (1 year),,不明,,,1,1,0,2026-09-26 05:01,2026-09-26 05:01,,,https://www.youtube.com/channel/UChQZZZrZoCgSHnZg9-TfObA
UC8YNl2wdMDhenPY3r0D1Rcw,@ゆえゆえ-j4t,12,1年,Member (1 year),,不明,,,1,2,0,2026-09-26 05:01,2026-09-26 05:01,,,https://www.youtube.com/channel/UC8YNl2wdMDhenPY3r0D1Rcw
UC3CKJZtuCftSTLF7FG53heg,@ねこまた-p7u,12,1年,Member (1 year),,不明,,,1,2,0,2026-09-26 05:01,2026-09-26 05:01,,,https://www.youtube.com/channel/UC3CKJZtuCftSTLF7FG53heg
UCs3xX8F5Z1v7KCfZN6YoAKg,@いちまる-l2v,12,1年,Member (1 year),,不明,,,1,1,0,2026-09-27 06:00,2026-09-27 06:00,,,https://www.youtube.com/channel/UCs3xX8F5Z1v7KCfZN6YoAKg
UCsufaoo9jiJqtAkYK5XWdtg,@PURIPURI_oh,12,1年,Member (1 year),,不明,,,1,1,0,2026-09-27 06:00,2026-09-27 06:00,,,https://www.youtube.com/channel/UCsufaoo9jiJqtAkYK5XWdtg
UCE4z7w4cpTdNaD2rOGcO8Xg,@ありちゃ-t7w,12,1年,Member (1 year),,不明,,,1,1,0,2026-09-27 06:00,2026-09-27 06:00,,,https://www.youtube.com/channel/UCE4z7w4cpTdNaD2rOGcO8Xg
UCIrgVldS8v97LcQJ6DlGB5A,@ちゃんえな-y6w,12,1年,Member (1 year),,不明,,,1,2,0,2026-09-27 06:00,2026-09-27 06:00,,,https://www.youtube.com/channel/UCIrgVldS8v97LcQJ6DlGB5A
UCSGRtOr3KayHz7p1jPxH9oA,@まぬ-b3k,12,1年,Member (1 year),,不明,,,1,1,0,2026-09-27 06:00,2026-09-27 06:00,,,https://www.youtube.com/channel/UCSGRtOr3KayHz7p1jPxH9oA
UCaEfo2jmsFuR0b1pTofw0kQ,@miiiyaaah294,12,1年,Member (1 year),,不明,,,1,1,0,2026-09-29 05:00,2026-09-29 05:00,,,https://www.youtube.com/channel/UCaEfo2jmsFuR0b1pTofw0kQ
UCpC-nIATyslfjfwrq-GbXbQ,@mofukumo3,12,1年,Member (1 year),,不明,,,1,1,0,2026-09-29 05:00,2026-09-29 05:00,,,https://www.youtube.com/channel/UCpC-nIATyslfjfwrq-GbXbQ
UCjaIVIb3R02AiuMAbX-pgZw,@po_nyq,12,1年,Member (1 year),,不明,,,1,1,0,2026-09-29 05:00,2026-09-29 05:00,,,https://www.youtube.com/channel/UCjaIVIb3R02AiuMAbX-pgZw
UCSgw8boBkVg9v41q9aoeE7w,@moemoemoe_02,12,1年,Member (1 year),,不明,,,1,1,0,2026-09-29 05:00,2026-09-29 05:00,,,https://www.youtube.com/channel/UCSgw8boBkVg9v41q9aoeE7w
UCVN0HdvFKTOpMXWilX2Rkpg,@まお-r4j,12,1年,Member (1 year),,不明,,,1,1,0,2026-09-29 05:00,2026-09-29 05:00,,,https://www.youtube.com/channel/UCVN0HdvFKTOpMXWilX2Rkpg
UCfO0HsMX1ILlxbbSTFEn7IA,@ちなつつつ,12,1年,Member (1 year),,不明,,,1,1,0,2026-09-29 05:00,2026-09-29 05:00,,,https://www.youtube.com/channel/UCfO0HsMX1ILlxbbSTFEn7IA
UC7FNzyU4S_wFvxsxCig3CuQ,@oゆーりんちぃo,12,1年,Member (1 year),,不明,,,1,1,0,2026-09-29 05:00,2026-09-29 05:00,,,https://www.youtube.com/channel/UC7FNzyU4S_wFvxsxCig3CuQ
UCUvXBNnGCANMiZwFVSnhROg,@櫻井うさ吉,12,1年,Member (1 year),,不明,,,1,1,0,2026-09-30 21:03,2026-09-30 21:03,,,https://www.youtube.com/channel/UCUvXBNnGCANMiZwFVSnhROg
UChMUPY7u5-NYn60uNd4c2mA,@cocochi_926,12,1年,Member (1 year),,不明,,,1,1,0,2026-09-30 21:03,2026-09-30 21:03,,,https://www.youtube.com/channel/UChMUPY7u5-NYn60uNd4c2mA
UCAFQnODoOOjYf4FaxxaVb7w,@りこ-rk7,12,1年,Member (1 year),,不明,,,1,1,0,2026-09-30 21:03,2026-09-30 21:03,,,https://www.youtube.com/channel/UCAFQnODoOOjYf4FaxxaVb7w
UCpkmPTRvwa0uZO3bE7i9Hog,@むぎむぎ-j9t,12,1年,Member (1 year),,不明,,,1,1,0,2026-09-30 21:03,2026-09-30 21:03,,,https://www.youtube.com/channel/UCpkmPTRvwa0uZO3bE7i9Hog
UCDqsvjNnpMWygbJ2Cn4gNcA,@user-xo3nr8up6c,12,1年,Member (1 year),,不明,,,1,1,0,2026-09-30 21:03,2026-09-30 21:03,,,https://www.youtube.com/channel/UCDqsvjNnpMWygbJ2Cn4gNcA
UCmoBk2O69uk2onIPandhAVA,@cha_ugu,12,1年,Member (1 year),,不明,,,1,1,0,2026-10-01 20:48,2026-10-01 20:48,,,https://www.youtube.com/channel/UCmoBk2O69uk2onIPandhAVA
UCcNscqP7Y0d0fB5P02vBzPw,@叶奏v_28,12,1年,Member (1 year),,不明,,,1,1,0,2026-10-01 20:48,2026-10-01 20:48,,,https://www.youtube.com/channel/UCcNscqP7Y0d0fB5P02vBzPw
UCFkICJTRMPXl9CzpYI1jKDw,@あみゃあ-k1x,12,1年,Member (1 year),,不明,,,1,1,0,2026-10-01 20:48,2026-10-01 20:48,,,https://www.youtube.com/channel/UCFkICJTRMPXl9CzpYI1jKDw
UCtYhUjnpdxGGi-k6Aqp6BWQ,@ameko4617,12,1年,Member (1 year),,不明,,,1,1,0,2026-10-02 21:00,2026-10-02 21:00,,,https://www.youtube.com/channel/UCtYhUjnpdxGGi-k6Aqp6BWQ
UCzuS_bnuEyl4KzTVZ1sOlTQ,@こま-n1k,12,1年,Member (1 year),,不明,,,1,1,0,2026-10-03 20:59,2026-10-03 20:59,,,https://www.youtube.com/channel/UCzuS_bnuEyl4KzTVZ1sOlTQ
UCfnv2NbCj2PzYv9g8xoPQVg,@maple_mf,12,1年,Member (1 year),,不明,,,1,3,0,2026-10-03 20:59,2026-10-03 20:59,,,https://www.youtube.com/channel/UCfnv2NbCj2PzYv9g8xoPQVg
UCFVk2VXUGsfsQopXF_jwC_w,@う.ら.ら,12,1年,Member (1 year),,不明,,,1,1,0,2026-10-04 17:40,2026-10-04 17:40,,,https://www.youtube.com/channel/UCFVk2VXUGsfsQopXF_jwC_w
UCxyI0M8RqBKhiMitE5k9s5A,@ron_007,12,1年,Member (1 year),,不明,,,1,3,0,2026-10-04 17:40,2026-10-04 17:40,,,https://www.youtube.com/channel/UCxyI0M8RqBKhiMitE5k9s5A
UCnCIZgJBu_xwkyg3TiQ7gEA,@KAI_fwfw,12,1年,Member (1 year),,不明,,,1,3,0,2026-10-04 17:40,2026-10-04 17:40,,,https://www.youtube.com/channel/UCnCIZgJBu_xwkyg3TiQ7gEA
UCdGqRNUkheX-sU34LzvJkNQ,@ぴよぴよ-y3d,12,1年,Member (1 year),,不明,,,1,3,0,2026-10-04 17:40,2026-10-04 17:40,,,https://www.youtube.com/channel/UCdGqRNUkheX-sU34LzvJkNQ
UCxRTR6v8PmRIPDjomHOaEuw,@どんぐりぐりぐり-s6v,12,1年,Member (1 year),,不明,,,1,2,0,2026-10-04 17:40,2026-10-04 17:40,,,https://www.youtube.com/channel/UCxRTR6v8PmRIPDjomHOaEuw
UCywfVDp9pkrMLRRO9jBvb8A,@shoR32,12,1年,Member (1 year),,不明,,,1,10,0,2026-10-04 17:40,2026-10-04 17:40,,,https://www.youtube.com/channel/UCywfVDp9pkrMLRRO9jBvb8A
UCexr-L-vk_QqsSGm6qHCTjg,@れいんちゃん1123,12,1年,Member (1 year),,不明,,,1,1,0,2026-10-04 17:40,2026-10-04 17:40,,,https://www.youtube.com/channel/UCexr-L-vk_QqsSGm6qHCTjg
UCVcFA4YTLTX7yL01INbdz5w,@んなぁーーぁぁーー,12,1年,Member (1 year),,不明,,,1,2,0,2026-10-04 17:40,2026-10-04 17:40,,,https://www.youtube.com/channel/UCVcFA4YTLTX7yL01INbdz5w
UClvMXYg6dtAWl5Xymsnc4hw,@user-j6j4n,12,1年,Member (1 year),,不明,,,1,1,0,2026-10-06 20:31,2026-10-06 20:31,,,https://www.youtube.com/channel/UClvMXYg6dtAWl5Xymsnc4hw
UCDeGKa6IrGNcsLiGADn_FJw,@HY_ひつじまる,12,1年,Member (1 year),,不明,,,1,1,0,2026-10-06 20:31,2026-10-06 20:31,,,https://www.youtube.com/channel/UCDeGKa6IrGNcsLiGADn_FJw
UC9GPKM1bxa4bRDmKvjerXWQ,@ottokohamu_2239,12,1年,Member (1 year),,不明,,,1,2,0,2026-10-06 20:31,2026-10-06 20:31,,,https://www.youtube.com/channel/UC9GPKM1bxa4bRDmKvjerXWQ
UCS6CCedcXhaDzU52ookv5pQ,@えりぜ-b8h,12,1年,Member (1 year),,不明,,,1,1,0,2026-10-06 20:31,2026-10-06 20:31,,,https://www.youtube.com/channel/UCS6CCedcXhaDzU52ookv5pQ
UCfzqms9XtvK-x74wf_UWwBA,@ちぇる-mnt,12,1年,Member (1 year),,不明,,,1,5,0,2026-10-06 20:31,2026-10-06 20:31,,,https://www.youtube.com/channel/UCfzqms9XtvK-x74wf_UWwBA
UCOSlBqyiD33jTa78p9nADLw,@紫乃-z3o,12,1年,Member (1 year),,不明,,,1,2,0,2026-10-06 20:31,2026-10-06 20:31,,,https://www.youtube.com/channel/UCOSlBqyiD33jTa78p9nADLw
UC3i3iZoGJbAZA1FfQ2gcOeA,@ついし-w8f,12,1年,Member (1 year),,不明,,,1,2,0,2026-10-06 20:31,2026-10-06 20:31,,,https://www.youtube.com/channel/UC3i3iZoGJbAZA1FfQ2gcOeA
UCJ341TJFHLvg4tVRlb0qixQ,@きりのみやこ,12,1年,Member (1 year),,不明,,,1,8,0,2026-10-06 20:31,2026-10-06 20:31,,,https://www.youtube.com/channel/UCJ341TJFHLvg4tVRlb0qixQ
UC-CysJP91bQsKTIplGncEZA,@makiko2404,12,1年,Member (1 year),,不明,,,1,1,0,2026-10-06 20:31,2026-10-06 20:31,,,https://www.youtube.com/channel/UC-CysJP91bQsKTIplGncEZA
UCo2jCPffB-aK1HF4NguJEqQ,@ぴょん-k1s,12,1年,Member (1 year),,不明,,,1,2,0,2026-10-06 20:31,2026-10-06 20:31,,,https://www.youtube.com/channel/UCo2jCPffB-aK1HF4NguJEqQ
UCAusMrAaY8rtZKX4YK5fJwQ,@melodymm0,12,1年,Member (1 year),,不明,,,1,1,0,2026-10-06 20:31,2026-10-06 20:31,,,https://www.youtube.com/channel/UCAusMrAaY8rtZKX4YK5fJwQ
UCZd2Ddnj8lp7UOshCkSEcBg,@ひなた-r3e,12,1年,Member (1 year),,不明,,,1,1,0,2026-10-06 20:31,2026-10-06 20:31,,,https://www.youtube.com/channel/UCZd2Ddnj8lp7UOshCkSEcBg
UCuvxQf0GLk1900m7bpFeXsw,@chip-d7f,12,1年,Member (1 year),,不明,,,1,1,0,2026-10-06 20:31,2026-10-06 20:31,,,https://www.youtube.com/channel/UCuvxQf0GLk1900m7bpFeXsw
UCSzwJrWLIIy8BlM18Cgv-FA,@Asuparata,12,1年,Member (1 year),,不明,,,1,6,0,2026-10-06 20:31,2026-10-06 20:31,,,https://www.youtube.com/channel/UCSzwJrWLIIy8BlM18Cgv-FA
UCe4lZ9KKYYSFrAaDzMHY10Q,@hironGW,12,1年,Member (1 year),,不明,,,1,9,0,2026-10-06 20:31,2026-10-06 20:31,,,https://www.youtube.com/channel/UCe4lZ9KKYYSFrAaDzMHY10Q
UCFtmeWrFrKpYB_Ww-i1Msxw,@くれるじ,12,1年,Member (1 year),,不明,,,1,2,0,2026-10-06 20:31,2026-10-06 20:31,,,https://www.youtube.com/channel/UCFtmeWrFrKpYB_Ww-i1Msxw
UCaJRtoM953oeOPHpnxmUYnw,@マナ-fm3710,12,1年,Member (1 year),,不明,,,1,1,0,2026-10-06 20:31,2026-10-06 20:31,,,https://www.youtube.com/channel/UCaJRtoM953oeOPHpnxmUYnw
UC9Zkew2cFaXC8AMG_BmPY-g,@omochipan,12,1年,Member (1 year),,不明,,,1,1,1,2026-10-08 00:00,2026-10-08 00:00,,,https://www.youtube.com/channel/UC9Zkew2cFaXC8AMG_BmPY-g
UC-ET1uyeMuJrY-3dWUm9seg,@yuri3492-n4n,12,1年,Member (1 year),,不明,,,1,4,0,2026-10-08 00:00,2026-10-08 00:00,,,https://www.youtube.com/channel/UC-ET1uyeMuJrY-3dWUm9seg
UCTp5tNoDm2dk1H70KtFw-9A,@森野零,12,1年,Member (1 year),,不明,,,1,1,0,2026-10-08 00:00,2026-10-08 00:00,,,https://www.youtube.com/channel/UCTp5tNoDm2dk1H70KtFw-9A
UC12nX0AGNK7TNgMuboH_Tdg,@おたまろ-e2o,12,1年,Member (1 year),,不明,,,1,1,0,2026-10-08 00:00,2026-10-08 00:00,,,https://www.youtube.com/channel/UC12nX0AGNK7TNgMuboH_Tdg
UCljeaywRQUtxTGVGnaejwkw,@メアリー-c5g,6,6ヶ月,Member (6 months),,不明,,,19,1688,1,2026-09-09 05:37,2026-10-08 00:00,,,https://www.youtube.com/channel/UCljeaywRQUtxTGVGnaejwkw
UCbJp4kO1gYo8d-pSOYdmVFA,@yunn-46V,6,6ヶ月,Member (6 months),,不明,,,19,320,0,2026-09-09 05:37,2026-10-08 00:00,,,https://www.youtube.com/channel/UCbJp4kO1gYo8d-pSOYdmVFA
UC8Nd2RZ5KtdK5svxH06u0yg,@もちぷー_neko,6,6ヶ月,Member (6 months),,不明,,,19,618,0,2026-09-09 05:37,2026-10-08 00:00,,,https://www.youtube.com/channel/UC8Nd2RZ5KtdK5svxH06u0yg
UCA-4q5hFC4SH_bGANvFOfbg,@いち_itisyu,6,6ヶ月,Member (6 months),,不明,,,18,569,0,2026-09-09 05:37,2026-10-08 00:00,,,https://www.youtube.com/channel/UCA-4q5hFC4SH_bGANvFOfbg
UC8XcIzrVf_g15udXe8Pehnw,@そぴー,6,6ヶ月,Member (6 months),,不明,,,18,241,0,2026-09-09 05:37,2026-10-08 00:00,,,https://www.youtube.com/channel/UC8XcIzrVf_g15udXe8Pehnw
UCHE-FY9MkROzh4PgK7w5Kuw,@おこめまいf11,6,6ヶ月,Member (6 months),,不明,,,18,1485,0,2026-09-09 05:37,2026-10-06 20:31,,,https://www.youtube.com/channel/UCHE-FY9MkROzh4PgK7w5Kuw
UCVWqH98kgygwaVLsCYDeB1w,@ルナ-2wf8,6,6ヶ月,Member (6 months),,不明,,,18,603,0,2026-09-09 05:37,2026-10-08 00:00,,,https://www.youtube.com/channel/UCVWqH98kgygwaVLsCYDeB1w
UCVaBrxY3Ykr7Wi8oh9u2g3w,@narachicooo,6,6ヶ月,Member (6 months),,不明,,,18,98,0,2026-09-09 05:37,2026-10-08 00:00,,,https://www.youtube.com/channel/UCVaBrxY3Ykr7Wi8oh9u2g3w
UC5rbVq2BTHGHZs1YyCsArtA,@mi_wafu,6,6ヶ月,Member (6 months),,不明,,,17,487,0,2026-09-09 05:37,2026-10-08 00:00,,,https://www.youtube.com/channel/UC5rbVq2BTHGHZs1YyCsArtA
UCyMjQpizoKQVBrdX9iAp8cQ,@asamiii418,6,6ヶ月,Member (6 months),,不明,,,17,69,0,2026-09-14 07:00,2026-10-08 00:00,,,https://www.youtube.com/channel/UCyMjQpizoKQVBrdX9iAp8cQ
UCjedil-XfO00XBitt6y1AvQ,@りりり_RiRiRi_31,6,6ヶ月,Member (6 months),,不明,,,16,90,0,2026-09-09 05:37,2026-10-06 20:31,,,https://www.youtube.com/channel/UCjedil-XfO00XBitt6y1AvQ
UCHWHyXbviYJ5c6q2VYpeghg,@愛朱-i3f,6,6ヶ月,Member (6 months),,不明,,,16,260,0,2026-09-09 05:37,2026-10-08 00:00,,,https://www.youtube.com/channel/UCHWHyXbviYJ5c6q2VYpeghg
UCRZ0L3dI1jCEFAT5yjx2RKQ,@おあ-s9i,6,6ヶ月,Member (6 months),,不明,,,16,136,0,2026-09-09 05:37,2026-10-08 00:00,,,https://www.youtube.com/channel/UCRZ0L3dI1jCEFAT5yjx2RKQ
UC0S3TqB9RQuywaaa5gObIBA,@主人公のしゅき,6,6ヶ月,Member (6 months),,不明,,,16,179,0,2026-09-09 05:37,2026-10-08 00:00,,,https://www.youtube.com/channel/UC0S3TqB9RQuywaaa5gObIBA
UCKwbNUpzvPiIAIdQCSiuMlQ,@楓瀬ふわせみゆなんですなんですか,6,6ヶ月,Member (6 months),,不明,,,16,1378,4,2026-09-09 05:37,2026-10-08 00:00,,,https://www.youtube.com/channel/UCKwbNUpzvPiIAIdQCSiuMlQ
UCV7-br3e9X_LVfWxfr3_-PA,@ciikawastar-e5z,6,6ヶ月,Member (6 months),,不明,,,16,134,0,2026-09-09 05:37,2026-10-06 20:31,,,https://www.youtube.com/channel/UCV7-br3e9X_LVfWxfr3_-PA
UCT7y6qORkER_JKkVP4G4OLw,@tas_T_T-i1s,6,6ヶ月,Member (6 months),,不明,,,16,1302,0,2026-09-14 07:00,2026-10-08 00:00,,,https://www.youtube.com/channel/UCT7y6qORkER_JKkVP4G4OLw
UCHwXQYuLQz6GdndQlkI1Bwg,@猫フラ-j7w,6,6ヶ月,Member (6 months),,不明,,,16,545,0,2026-09-14 07:00,2026-10-08 00:00,,,https://www.youtube.com/channel/UCHwXQYuLQz6GdndQlkI1Bwg
UCvFYpbUomuzH-nudwAzIlag,@mochico1618,6,6ヶ月,Member (6 months),,不明,,,16,177,0,2026-09-14 07:00,2026-10-08 00:00,,,https://www.youtube.com/channel/UCvFYpbUomuzH-nudwAzIlag
UCr_Em1_4rwHy1PAjnGzixHw,@元祖元素,6,6ヶ月,Member (6 months),,不明,,,15,58,0,2026-09-09 05:37,2026-10-08 00:00,,,https://www.youtube.com/channel/UCr_Em1_4rwHy1PAjnGzixHw
UCdwUMxG9rNrX9fbvP0dfW6Q,@toki-ne-v3j,6,6ヶ月,Member (6 months),,不明,,,15,367,0,2026-09-09 05:37,2026-10-08 00:00,,,https://www.youtube.com/channel/UCdwUMxG9rNrX9fbvP0dfW6Q
UCF_dPvDvCvt4BHhxUZSvoIQ,@shiRa-Kum0,6,6ヶ月,Member (6 months),,不明,,,15,242,0,2026-09-09 05:37,2026-10-08 00:00,,,https://www.youtube.com/channel/UCF_dPvDvCvt4BHhxUZSvoIQ
UCHidAjIWqMdadl6kpQCE5bQ,@狐火69,6,6ヶ月,Member (6 months),,不明,,,15,1048,1,2026-09-14 07:00,2026-10-08 00:00,,,https://www.youtube.com/channel/UCHidAjIWqMdadl6kpQCE5bQ
UCs2C_j0Q1uZPLE7X8scASGQ,@翠-n8g,6,6ヶ月,Member (6 months),,不明,,,14,648,0,2026-09-09 05:37,2026-10-04 17:40,,,https://www.youtube.com/channel/UCs2C_j0Q1uZPLE7X8scASGQ
UCq0KD-WVWNjoyuvCnpCO6GA,@miso-sooup22,6,6ヶ月,Member (6 months),,不明,,,14,159,0,2026-09-09 05:37,2026-10-06 20:31,,,https://www.youtube.com/channel/UCq0KD-WVWNjoyuvCnpCO6GA
UCppPNWUGRCuEBuzVKyV40TA,@ももけい-b3m,6,6ヶ月,Member (6 months),,不明,,,14,77,0,2026-09-09 05:37,2026-10-06 20:31,,,https://www.youtube.com/channel/UCppPNWUGRCuEBuzVKyV40TA
UCXSIvIUbj9avIWvwKFf7X1Q,@7.kani-Btfly,6,6ヶ月,Member (6 months),,不明,,,14,223,0,2026-09-14 07:00,2026-10-08 00:00,,,https://www.youtube.com/channel/UCXSIvIUbj9avIWvwKFf7X1Q
UC5zzdcJPrfTOtFRhiF_19GA,@zouyoshiyoshizou,6,6ヶ月,Member (6 months),,不明,,,14,562,0,2026-09-15 20:06,2026-10-06 20:31,,,https://www.youtube.com/channel/UC5zzdcJPrfTOtFRhiF_19GA
UC2L9fA-J-vX0RDJUaf4gHrQ,@よもすがら-n5m,6,6ヶ月,Member (6 months),,不明,,,13,114,0,2026-09-09 05:37,2026-10-04 17:40,,,https://www.youtube.com/channel/UC2L9fA-J-vX0RDJUaf4gHrQ
UCNIEWI8S03HGp1IAno6iJWA,@宵.m,6,6ヶ月,Member (6 months),,不明,,,13,33,0,2026-09-09 05:37,2026-10-08 00:00,,,https://www.youtube.com/channel/UCNIEWI8S03HGp1IAno6iJWA
UCg15n6nTnvy-3K1rfdhV7Gg,@Ani-1130,6,6ヶ月,Member (6 months),,不明,,,13,90,2,2026-09-09 05:37,2026-10-08 00:00,,,https://www.youtube.com/channel/UCg15n6nTnvy-3K1rfdhV7Gg
UCyAvELAlUoOQMfcbYheqolQ,@さむ-f1w,6,6ヶ月,Member (6 months),,不明,,,13,67,0,2026-09-15 20:06,2026-10-08 00:00,,,https://www.youtube.com/channel/UCyAvELAlUoOQMfcbYheqolQ
UC_W3TJlz7J29kfz6c4jxHbQ,@MiichanMiruku-v8x,6,6ヶ月,Member (6 months),,不明,,,12,25,0,2026-09-09 05:37,2026-10-08 00:00,,,https://www.youtube.com/channel/UC_W3TJlz7J29kfz6c4jxHbQ
UCvKaC4sxVcegkH8Bi-YonnQ,@ぷち_4318,6,6ヶ月,Member (6 months),,不明,,,12,221,0,2026-09-09 05:37,2026-10-06 20:31,,,https://www.youtube.com/channel/UCvKaC4sxVcegkH8Bi-YonnQ
UCxSWJ8e1DnDEWDrvlixl0JA,@kiku0708,6,6ヶ月,Member (6 months),,不明,,,12,24,0,2026-09-09 05:37,2026-10-06 20:31,,,https://www.youtube.com/channel/UCxSWJ8e1DnDEWDrvlixl0JA
UCtWQ79XWFsXgTUhFdaZFToQ,@Azu-j7v,6,6ヶ月,Member (6 months),,不明,,,12,89,0,2026-09-09 05:37,2026-10-08 00:00,,,https://www.youtube.com/channel/UCtWQ79XWFsXgTUhFdaZFToQ
UC4IL8mPMASKyx5XLWoyV1EQ,@さくらん餅,6,6ヶ月,Member (6 months),,不明,,,12,150,0,2026-09-09 05:37,2026-10-04 17:40,,,https://www.youtube.com/channel/UC4IL8mPMASKyx5XLWoyV1EQ
UCXzqBQGv7X1YV60i2Q8j_YA,@いかれた猛犬,6,6ヶ月,Member (6 months),,不明,,,12,802,0,2026-09-15 20:06,2026-10-08 00:00,,,https://www.youtube.com/channel/UCXzqBQGv7X1YV60i2Q8j_YA
UCdHalzECM_nf98xvrM2Ro6Q,@fwny4n,6,6ヶ月,Member (6 months),,不明,,,11,140,0,2026-09-09 05:37,2026-10-06 20:31,,,https://www.youtube.com/channel/UCdHalzECM_nf98xvrM2Ro6Q
UCfjyTJX14D4MxXgQbSy7tLA,@Nyan-pw,6,6ヶ月,Member (6 months),,不明,,,11,81,0,2026-09-09 05:37,2026-10-04 17:40,,,https://www.youtube.com/channel/UCfjyTJX14D4MxXgQbSy7tLA
UCrHNGn54m9XnSC1DKlSGS_g,@煩悩o_8,6,6ヶ月,Member (6 months),,不明,,,11,236,0,2026-09-15 20:06,2026-10-06 20:31,,,https://www.youtube.com/channel/UCrHNGn54m9XnSC1DKlSGS_g
UCk1vZCtfmHOwM51cU9s_BDw,@うみ-se4,6,6ヶ月,Member (6 months),,不明,,,11,67,0,2026-09-21 05:00,2026-10-06 20:31,,,https://www.youtube.com/channel/UCk1vZCtfmHOwM51cU9s_BDw
UCIjbxYzV2isIgDI5dg096oQ,@pyy016_hyy,6,6ヶ月,Member (6 months),,不明,,,10,277,0,2026-09-09 05:37,2026-10-06 20:31,,,https://www.youtube.com/channel/UCIjbxYzV2isIgDI5dg096oQ
UCutUHXsLcNjX8pP5E2QrslA,@ありさsaaaaaarchan_2,6,6ヶ月,Member (6 months),,不明,,,10,109,0,2026-09-09 05:37,2026-10-08 00:00,,,https://www.youtube.com/channel/UCutUHXsLcNjX8pP5E2QrslA
UCkbOLHwYB_gtO3FHnyX1I9Q,@青木さゆり-k2d,6,6ヶ月,Member (6 months),,不明,,,10,20,1,2026-09-09 05:37,2026-10-08 00:00,,,https://www.youtube.com/channel/UCkbOLHwYB_gtO3FHnyX1I9Q
UClB6sGdF6xnpeWjGMbrusIA,@へっぽこポンコツ太郎,6,6ヶ月,Member (6 months),,不明,,,10,36,0,2026-09-09 05:37,2026-10-08 00:00,,,https://www.youtube.com/channel/UClB6sGdF6xnpeWjGMbrusIA
UCJWn0upf4awM8JIZEkJvRdA,@つき-u2v9p,6,6ヶ月,Member (6 months),,不明,,,10,20,0,2026-09-09 05:37,2026-10-06 20:31,,,https://www.youtube.com/channel/UCJWn0upf4awM8JIZEkJvRdA
UCov4vt0u14XJt_OW3RtN8fA,@めぽp_p,6,6ヶ月,Member (6 months),,不明,,,10,22,0,2026-09-14 07:00,2026-10-04 17:40,,,https://www.youtube.com/channel/UCov4vt0u14XJt_OW3RtN8fA
UCc1OfDLISjmovGqHmP6GZqg,@おれんじぺこ10,6,6ヶ月,Member (6 months),,不明,,,10,19,0,2026-09-14 07:00,2026-10-08 00:00,,,https://www.youtube.com/channel/UCc1OfDLISjmovGqHmP6GZqg
UCgS8dTPWdDO_17vKvdQtgfw,@ひかる-v3r,6,6ヶ月,Member (6 months),,不明,,,10,76,0,2026-09-15 20:06,2026-10-08 00:00,,,https://www.youtube.com/channel/UCgS8dTPWdDO_17vKvdQtgfw
UCpaoKZYTy2AIHk112h7ORng,@ふわふわな者,6,6ヶ月,Member (6 months),,不明,,,10,353,0,2026-09-16 05:01,2026-10-08 00:00,,,https://www.youtube.com/channel/UCpaoKZYTy2AIHk112h7ORng
UC8UwgjdHZyL5ovxzQELiqkQ,@しじみ-j6d,6,6ヶ月,Member (6 months),,不明,,,9,33,0,2026-09-09 05:37,2026-10-01 20:48,,,https://www.youtube.com/channel/UC8UwgjdHZyL5ovxzQELiqkQ
UC14NAheSF6dQCkEhopmFCsA,@実羅,6,6ヶ月,Member (6 months),,不明,,,9,73,0,2026-09-09 05:37,2026-09-29 05:00,,,https://www.youtube.com/channel/UC14NAheSF6dQCkEhopmFCsA
UC-AVmRZiWo1FvVfbQ-v5p9Q,@Miku-sq5xu,6,6ヶ月,Member (6 months),,不明,,,9,276,0,2026-09-09 05:37,2026-10-08 00:00,,,https://www.youtube.com/channel/UC-AVmRZiWo1FvVfbQ-v5p9Q
UCX2ot96TXRVmqsHk_fbUD9w,@ziu_trpg,6,6ヶ月,Member (6 months),,不明,,,9,29,0,2026-09-09 05:37,2026-10-06 20:31,,,https://www.youtube.com/channel/UCX2ot96TXRVmqsHk_fbUD9w
UCzgbVP1ksOvGgFGzgkBDFgg,@るしぇ-u9e,6,6ヶ月,Member (6 months),,不明,,,9,17,0,2026-09-14 07:00,2026-10-08 00:00,,,https://www.youtube.com/channel/UCzgbVP1ksOvGgFGzgkBDFgg
UCack0Q43TxB8kSj0TsKQfWQ,@miru-0210,6,6ヶ月,Member (6 months),,不明,,,9,11,0,2026-09-15 20:06,2026-10-06 20:31,,,https://www.youtube.com/channel/UCack0Q43TxB8kSj0TsKQfWQ
UCFRCFW8fSndX-qvI1-cQP5Q,@user-vw2fo1db5r,6,6ヶ月,Member (6 months),,不明,,,8,25,0,2026-09-09 05:37,2026-09-27 06:00,,,https://www.youtube.com/channel/UCFRCFW8fSndX-qvI1-cQP5Q
UCnojKC2emkux8Jk76u6VXoQ,@あみami_17l,6,6ヶ月,Member (6 months),,不明,,,8,38,0,2026-09-09 05:37,2026-10-04 17:40,,,https://www.youtube.com/channel/UCnojKC2emkux8Jk76u6VXoQ
UCFu_XSWDO6XyuzoevfSDPZg,@まぬるねこ-i1r,6,6ヶ月,Member (6 months),,不明,,,8,67,0,2026-09-09 05:37,2026-10-08 00:00,,,https://www.youtube.com/channel/UCFu_XSWDO6XyuzoevfSDPZg
UCdrA-1_ToZpxnMKG7Rlhu6g,@みーさん-m4w,6,6ヶ月,Member (6 months),,不明,,,8,34,0,2026-09-09 05:37,2026-10-08 00:00,,,https://www.youtube.com/channel/UCdrA-1_ToZpxnMKG7Rlhu6g
UCKWiqiPAvTxx0930XEuSZHg,@晴香-s6g,6,6ヶ月,Member (6 months),,不明,,,8,38,0,2026-09-14 07:00,2026-10-04 17:40,,,https://www.youtube.com/channel/UCKWiqiPAvTxx0930XEuSZHg
UCZ1YP9C0jscLHwsmvtQVWJw,@mumeishounenn,6,6ヶ月,Member (6 months),,不明,,,8,480,0,2026-09-14 07:00,2026-10-08 00:00,,,https://www.youtube.com/channel/UCZ1YP9C0jscLHwsmvtQVWJw
UCHENWUfGeWoSNGwOD2Ny27w,@nanoha_illust,6,6ヶ月,Member (6 months),,不明,,,8,13,0,2026-09-14 07:00,2026-09-30 21:03,,,https://www.youtube.com/channel/UCHENWUfGeWoSNGwOD2Ny27w
UCq4cM6oW3OXv_UyuxktjaAA,@chan-rf5ul,6,6ヶ月,Member (6 months),,不明,,,8,16,0,2026-09-14 07:00,2026-10-06 20:31,,,https://www.youtube.com/channel/UCq4cM6oW3OXv_UyuxktjaAA
UC5wSI1B_w43-kGLry2tOMuA,@mochihamusan,6,6ヶ月,Member (6 months),,不明,,,8,32,0,2026-09-14 07:00,2026-10-08 00:00,,,https://www.youtube.com/channel/UC5wSI1B_w43-kGLry2tOMuA
UCwXcmQpqKBtdS0lTw1sjDXQ,@k_tyama,6,6ヶ月,Member (6 months),,不明,,,8,432,0,2026-09-14 07:00,2026-10-08 00:00,,,https://www.youtube.com/channel/UCwXcmQpqKBtdS0lTw1sjDXQ
UCjM0v37qAES0h2mlUpHSO1Q,@sss-dt7of,6,6ヶ月,Member (6 months),,不明,,,8,94,0,2026-09-15 20:06,2026-10-08 00:00,,,https://www.youtube.com/channel/UCjM0v37qAES0h2mlUpHSO1Q
UCHOMjtCIy_5QTgdN0_RVC6A,@mochir_2,6,6ヶ月,Member (6 months),,不明,,,7,10,0,2026-09-09 05:37,2026-10-06 20:31,,,https://www.youtube.com/channel/UCHOMjtCIy_5QTgdN0_RVC6A
UCuulexHnnHNZtzzl7wOGmcA,@rss4549,6,6ヶ月,Member (6 months),,不明,,,7,22,0,2026-09-14 07:00,2026-10-08 00:00,,,https://www.youtube.com/channel/UCuulexHnnHNZtzzl7wOGmcA
UCyCY2uYXoQi7mZKkp0764KA,@人間だった葦,6,6ヶ月,Member (6 months),,不明,,,7,23,0,2026-09-14 07:00,2026-10-08 00:00,,,https://www.youtube.com/channel/UCyCY2uYXoQi7mZKkp0764KA
UCVYwhmuR5y41ZrJE5GkD5Uw,@わらぴち1117,6,6ヶ月,Member (6 months),,不明,,,7,10,0,2026-09-15 20:06,2026-10-06 20:31,,,https://www.youtube.com/channel/UCVYwhmuR5y41ZrJE5GkD5Uw
UCD_YaES_IaYfTM-iFLcACwg,@つな_tig,6,6ヶ月,Member (6 months),,不明,,,6,10,0,2026-09-09 05:37,2026-10-08 00:00,,,https://www.youtube.com/channel/UCD_YaES_IaYfTM-iFLcACwg
UCnOm22G3-jQ1gsIKwktuwaw,@HaL-fl3,6,6ヶ月,Member (6 months),,不明,,,6,19,0,2026-09-09 05:37,2026-10-08 00:00,,,https://www.youtube.com/channel/UCnOm22G3-jQ1gsIKwktuwaw
UCKQfBJnZ90Vk172IXB0aohw,@PUKUちゃん_OK,6,6ヶ月,Member (6 months),,不明,,,6,30,1,2026-09-14 07:00,2026-10-04 17:40,,,https://www.youtube.com/channel/UCKQfBJnZ90Vk172IXB0aohw
UCm7W6PCyJF1z7IqOf60ewag,@迷子1019,6,6ヶ月,Member (6 months),,不明,,,6,11,0,2026-09-14 07:00,2026-10-06 20:31,,,https://www.youtube.com/channel/UCm7W6PCyJF1z7IqOf60ewag
UCavmrqe2N8lQLZAtucShSkg,@みかんのびっちゃん,6,6ヶ月,Member (6 months),,不明,,,6,371,0,2026-09-15 20:06,2026-10-08 00:00,,,https://www.youtube.com/channel/UCavmrqe2N8lQLZAtucShSkg
UCv6g0oP-jJ3Rsbmech3Krbg,@mira_7885,6,6ヶ月,Member (6 months),,不明,,,6,501,0,2026-09-15 20:06,2026-10-08 00:00,,,https://www.youtube.com/channel/UCv6g0oP-jJ3Rsbmech3Krbg
UCrbuipssAhivGkND-nSltUA,@hy-yf5er,6,6ヶ月,Member (6 months),,不明,,,6,33,0,2026-09-15 20:06,2026-10-06 20:31,,,https://www.youtube.com/channel/UCrbuipssAhivGkND-nSltUA
UChfebYaLYyGwAHItGtA0BIg,@i1vmlu54oR,6,6ヶ月,Member (6 months),,不明,,,6,59,0,2026-09-16 05:01,2026-10-08 00:00,,,https://www.youtube.com/channel/UChfebYaLYyGwAHItGtA0BIg
UCpT2c3Rph5xQULBKHzcxMVA,@夏目カノン,6,6ヶ月,Member (6 months),,不明,,,6,7,0,2026-09-16 05:01,2026-10-06 20:31,,,https://www.youtube.com/channel/UCpT2c3Rph5xQULBKHzcxMVA
UCJyH5g9-JVljaIwvxDzo6EQ,@なちゅ-j1r,6,6ヶ月,Member (6 months),,不明,,,6,68,0,2026-09-22 22:33,2026-10-06 20:31,,,https://www.youtube.com/channel/UCJyH5g9-JVljaIwvxDzo6EQ
UCOSFZiic4yoXs3K_kXqsMXg,@mike1016a,6,6ヶ月,Member (6 months),,不明,,,5,27,0,2026-09-09 05:37,2026-10-08 00:00,,,https://www.youtube.com/channel/UCOSFZiic4yoXs3K_kXqsMXg
UCcYVGgxN-_nl-1ZhRtqJCtw,@八薙wanko,6,6ヶ月,Member (6 months),,不明,,,5,91,0,2026-09-09 05:37,2026-10-06 20:31,,,https://www.youtube.com/channel/UCcYVGgxN-_nl-1ZhRtqJCtw
UCwiOde7QAPkOSmDgfc7jZRg,@楽園の拾ったメダル,6,6ヶ月,Member (6 months),,不明,,,5,85,0,2026-09-09 05:37,2026-09-29 05:00,,,https://www.youtube.com/channel/UCwiOde7QAPkOSmDgfc7jZRg
UCx55wlJq9qBJx64v-XoP4Cg,@らら-j5o,6,6ヶ月,Member (6 months),,不明,,,5,8,0,2026-09-09 05:37,2026-10-08 00:00,,,https://www.youtube.com/channel/UCx55wlJq9qBJx64v-XoP4Cg
UCCm4WOLh7cSNIJDs14iUGlA,@カナト-h4k,6,6ヶ月,Member (6 months),,不明,,,5,10,0,2026-09-09 05:37,2026-10-08 00:00,,,https://www.youtube.com/channel/UCCm4WOLh7cSNIJDs14iUGlA
UCDU5CBA75CkNpsUiKsDziUg,@ぽんぽこ-h6p,6,6ヶ月,Member (6 months),,不破狂,再加入/レベル変更,,5,5,0,2026-09-09 05:37,2026-09-26 05:01,,,https://www.youtube.com/channel/UCDU5CBA75CkNpsUiKsDziUg
UC5GbcP9ozguEGll65f9g27A,@アケビ-h9r,6,6ヶ月,Member (6 months),,不明,,,5,12,0,2026-09-14 07:00,2026-09-22 22:33,,,https://www.youtube.com/channel/UC5GbcP9ozguEGll65f9g27A
UCOqDP7aplMbLX2fjh0YxEHg,@mogu__ton,6,6ヶ月,Member (6 months),,不明,,,5,15,0,2026-09-14 07:00,2026-10-08 00:00,,,https://www.youtube.com/channel/UCOqDP7aplMbLX2fjh0YxEHg
UC8Y65gYsnqIAXpH0gloYkQA,@まぐろ-r9b,6,6ヶ月,Member (6 months),,不明,,,5,11,0,2026-09-14 07:00,2026-09-24 05:04,,,https://www.youtube.com/channel/UC8Y65gYsnqIAXpH0gloYkQA
UC9bgYkHhtpdtFAsj5SRdtxg,@na-tr6yr,6,6ヶ月,Member (6 months),,不明,,,5,15,0,2026-09-14 07:00,2026-10-06 20:31,,,https://www.youtube.com/channel/UC9bgYkHhtpdtFAsj5SRdtxg
UCZxDQsMVDJ4urdq9SnyEdow,@io_cat5,6,6ヶ月,Member (6 months),,不明,,,5,26,0,2026-09-14 07:00,2026-10-08 00:00,,,https://www.youtube.com/channel/UCZxDQsMVDJ4urdq9SnyEdow
UCNziu1P49bBN3MGR-fdb9DQ,@ひなたま-o7l,6,6ヶ月,Member (6 months),,不明,,,5,30,0,2026-09-15 20:06,2026-09-29 05:00,,,https://www.youtube.com/channel/UCNziu1P49bBN3MGR-fdb9DQ
UCxRFJsiUMY3Ldl2TU_h5vxw,@舞雪-p5v,6,6ヶ月,Member (6 months),,不明,,,5,12,1,2026-09-15 20:06,2026-10-08 00:00,,,https://www.youtube.com/channel/UCxRFJsiUMY3Ldl2TU_h5vxw
UCoZsk1w6lbCnnhlpbCrPc-g,@user-fi4kt2or7k,6,6ヶ月,Member (6 months),,不明,,,5,8,0,2026-09-20 18:55,2026-10-08 00:00,,,https://www.youtube.com/channel/UCoZsk1w6lbCnnhlpbCrPc-g
UCD5XmsqGwbV16OOAEW_R7aQ,@neko480,6,6ヶ月,Member (6 months),,不明,,,4,4,0,2026-09-09 05:37,2026-10-06 20:31,,,https://www.youtube.com/channel/UCD5XmsqGwbV16OOAEW_R7aQ
UCLw7fIFQDAyDp90K-89ZJSQ,@あめ-q6y,6,6ヶ月,Member (6 months),,不明,,,4,22,0,2026-09-09 05:37,2026-10-06 20:31,,,https://www.youtube.com/channel/UCLw7fIFQDAyDp90K-89ZJSQ
UCU9Vq0lCD420tmqxk4-qr7A,@なみ-n7t-l6l,6,6ヶ月,Member (6 months),,不明,,,4,10,0,2026-09-09 05:37,2026-10-04 17:40,,,https://www.youtube.com/channel/UCU9Vq0lCD420tmqxk4-qr7A
UC1xobGeLWbeX0-rFyXZr6Uw,@晏慈1715,6,6ヶ月,Member (6 months),,不明,,,4,115,0,2026-09-09 05:37,2026-09-26 05:01,,,https://www.youtube.com/channel/UC1xobGeLWbeX0-rFyXZr6Uw
UCVzaTbUM6sGzTLQHHnT2nig,@3mi_3,6,6ヶ月,Member (6 months),,不明,,,4,18,0,2026-09-09 05:37,2026-10-06 20:31,,,https://www.youtube.com/channel/UCVzaTbUM6sGzTLQHHnT2nig
UC50ZE9FGA7l2XswsoecZGFQ,@solariumoon,6,6ヶ月,Member (6 months),,不明,,,4,11,0,2026-09-09 05:37,2026-09-29 05:00,,,https://www.youtube.com/channel/UC50ZE9FGA7l2XswsoecZGFQ
UCVWdA7rwmeuyPwWnJv20kPg,@ゆずしおつ,6,6ヶ月,Member (6 months),,不明,,,4,40,0,2026-09-14 07:00,2026-10-08 00:00,,,https://www.youtube.com/channel/UCVWdA7rwmeuyPwWnJv20kPg
UCgukZ8kPryBsYDYJ5ChGFzQ,@Poyoo_901,6,6ヶ月,Member (6 months),,不明,,,4,22,0,2026-09-15 20:06,2026-09-29 05:00,,,https://www.youtube.com/channel/UCgukZ8kPryBsYDYJ5ChGFzQ
UCbIR0wsijy6_BQnkCu2yreg,@tenn_chan-09,6,6ヶ月,Member (6 months),,不明,,,4,5,1,2026-09-15 20:06,2026-09-26 05:01,,,https://www.youtube.com/channel/UCbIR0wsijy6_BQnkCu2yreg
UCIWH0uJAbyPdne5qbdNe6yw,@neko2407,6,6ヶ月,Member (6 months),,不明,,,4,15,3,2026-09-15 20:06,2026-09-26 05:01,,,https://www.youtube.com/channel/UCIWH0uJAbyPdne5qbdNe6yw
UCa17_srk4T3j8ZTRKgEEhkw,@hoshiinu2525,6,6ヶ月,Member (6 months),,不明,,,4,9,0,2026-09-20 18:55,2026-10-06 20:31,,,https://www.youtube.com/channel/UCa17_srk4T3j8ZTRKgEEhkw
UCtDLTRV9no8-BhI_m-517Nw,@fu_afu_a,6,6ヶ月,Member (6 months),,不明,,,4,6,0,2026-09-20 18:55,2026-10-06 20:31,,,https://www.youtube.com/channel/UCtDLTRV9no8-BhI_m-517Nw
UCZPhVsi_ueg3HU2jcxzsgaQ,@maiko.i1472,6,6ヶ月,Member (6 months),,不明,,,4,18,0,2026-09-20 18:55,2026-10-08 00:00,,,https://www.youtube.com/channel/UCZPhVsi_ueg3HU2jcxzsgaQ
UCxdjdQodYJe4rf-71H3TUMg,@tsunachi_natsu,6,6ヶ月,Member (6 months),,不明,,,4,19,0,2026-09-20 18:55,2026-10-06 20:31,,,https://www.youtube.com/channel/UCxdjdQodYJe4rf-71H3TUMg
UC2pQuXue7Vxa0px5xl92YyA,@vobo.0_0,6,6ヶ月,Member (6 months),,不明,,,4,9,0,2026-09-29 05:00,2026-10-04 17:40,,,https://www.youtube.com/channel/UC2pQuXue7Vxa0px5xl92YyA
UC42HCWm4MkHGG6Us2YLuQUA,@gjwaj3,6,6ヶ月,Member (6 months),,不明,,,4,10,0,2026-09-30 21:03,2026-10-08 00:00,,,https://www.youtube.com/channel/UC42HCWm4MkHGG6Us2YLuQUA
UCTt3ij_MILuJmdJ2XBUJE4w,@さんすうきょうしつ,6,6ヶ月,Member (6 months),,不明,,,4,6,0,2026-10-01 20:48,2026-10-08 00:00,,,https://www.youtube.com/channel/UCTt3ij_MILuJmdJ2XBUJE4w
UCA_oewfoGzG2hPLuA3g_Msw,@user-yj7tu2qg6j,6,6ヶ月,Member (6 months),,不明,,,3,7,0,2026-09-09 05:37,2026-10-06 20:31,,,https://www.youtube.com/channel/UCA_oewfoGzG2hPLuA3g_Msw
UCPtVTGu5wr_mFYfoEar6QJA,@かやぽんた,6,6ヶ月,Member (6 months),,不明,,,3,23,0,2026-09-09 05:37,2026-09-16 05:01,,,https://www.youtube.com/channel/UCPtVTGu5wr_mFYfoEar6QJA
UCipt-gyqQizf92JTZgarG8g,@あるふぉーと_73,6,6ヶ月,Member (6 months),,不明,,,3,7,0,2026-09-09 05:37,2026-09-17 05:05,,,https://www.youtube.com/channel/UCipt-gyqQizf92JTZgarG8g
UCgIB6c3paJN7Z_LL86ZMZ1Q,@りとるみい-f4k,6,6ヶ月,Member (6 months),,不明,,,3,4,0,2026-09-09 05:37,2026-09-20 18:55,,,https://www.youtube.com/channel/UCgIB6c3paJN7Z_LL86ZMZ1Q
UCI9OpplRcT6R_EO8Kr6COiQ,@Rino_i7x,6,6ヶ月,Member (6 months),,不明,,,3,5,0,2026-09-09 05:37,2026-10-06 20:31,,,https://www.youtube.com/channel/UCI9OpplRcT6R_EO8Kr6COiQ
UCiNjhf7RoDpxAG_EqkKcYIg,@みゃぁぁぁぁぁぁ,6,6ヶ月,Member (6 months),,不明,,,3,6,0,2026-09-14 07:00,2026-09-20 18:55,,,https://www.youtube.com/channel/UCiNjhf7RoDpxAG_EqkKcYIg
UCK5YYR5-Lq-aTTZyqB7NH5Q,@ひじり-e8x,6,6ヶ月,Member (6 months),,不明,,,3,29,0,2026-09-14 07:00,2026-10-04 17:40,,,https://www.youtube.com/channel/UCK5YYR5-Lq-aTTZyqB7NH5Q
UCEyEgR2agEXF5lfykkBAJjA,@あい0122v-v,6,6ヶ月,Member (6 months),,不明,,,3,3,0,2026-09-14 07:00,2026-09-17 05:05,,,https://www.youtube.com/channel/UCEyEgR2agEXF5lfykkBAJjA
UCdyRFB_yCijYnAhvkTszcXQ,@yunomi890,6,6ヶ月,Member (6 months),,不明,,,3,5,0,2026-09-14 07:00,2026-09-21 05:00,,,https://www.youtube.com/channel/UCdyRFB_yCijYnAhvkTszcXQ
UC4sogBVLAF9Zn6N7CyIoWvQ,@miuyou8688,6,6ヶ月,Member (6 months),,不明,,,3,3,0,2026-09-14 07:00,2026-09-22 22:33,,,https://www.youtube.com/channel/UC4sogBVLAF9Zn6N7CyIoWvQ
UCGB0r1-HL9lh3o_b4IxemLA,@naru-x5v6w,6,6ヶ月,Member (6 months),,不明,,,3,5,0,2026-09-14 07:00,2026-09-24 05:04,,,https://www.youtube.com/channel/UCGB0r1-HL9lh3o_b4IxemLA
UCH5rmcxkYk5j6TpRgFkA56A,@yaezakura-d2g,6,6ヶ月,Member (6 months),,不明,,,3,6,0,2026-09-15 20:06,2026-09-30 21:03,,,https://www.youtube.com/channel/UCH5rmcxkYk5j6TpRgFkA56A
UCGQrO1Fnh9Hkz-Rs9xiONTg,@瓦礫ちゃん,6,6ヶ月,Member (6 months),,不明,,,3,3,1,2026-09-15 20:06,2026-09-30 21:03,,,https://www.youtube.com/channel/UCGQrO1Fnh9Hkz-Rs9xiONTg
UCO5CC9Z8GL5WtqG5QNHnDqg,@8oruru,6,6ヶ月,Member (6 months),,不明,,,3,5,0,2026-09-15 20:06,2026-10-08 00:00,,,https://www.youtube.com/channel/UCO5CC9Z8GL5WtqG5QNHnDqg
UC6qnTJDrTpW9-rY27-vihsg,@rarako._.0418,6,6ヶ月,Member (6 months),,不明,,,3,11,0,2026-09-15 20:06,2026-10-06 20:31,,,https://www.youtube.com/channel/UC6qnTJDrTpW9-rY27-vihsg
UCeZLx9mjW6oU8ChuT9YVpVg,@ペンギン-c1u,6,6ヶ月,Member (6 months),,不明,,,3,12,0,2026-09-15 20:06,2026-10-02 21:00,,,https://www.youtube.com/channel/UCeZLx9mjW6oU8ChuT9YVpVg
UCJwWLO8NABlgxksDJy_VjJg,@はさん4018,6,6ヶ月,Member (6 months),,不明,,,3,8,0,2026-09-15 20:06,2026-10-08 00:00,,,https://www.youtube.com/channel/UCJwWLO8NABlgxksDJy_VjJg
UC8rj3sKoehGwlhoiUlQyfpg,@shaco3525,6,6ヶ月,Member (6 months),,不明,,,3,8,0,2026-09-15 20:06,2026-10-06 20:31,,,https://www.youtube.com/channel/UC8rj3sKoehGwlhoiUlQyfpg
UCvOZLwnfaQhP31BVj3ZSw5A,@たこ-tk,6,6ヶ月,Member (6 months),,不明,,,3,68,0,2026-09-15 20:06,2026-09-27 06:00,,,https://www.youtube.com/channel/UCvOZLwnfaQhP31BVj3ZSw5A
UC0JWTzeD9VcInikF7p7CBXg,@Hinananana25,6,6ヶ月,Member (6 months),,不明,,,3,3,0,2026-09-15 20:06,2026-09-26 05:01,,,https://www.youtube.com/channel/UC0JWTzeD9VcInikF7p7CBXg
UCjHh6gJI3VwqDgF0uNTXN7A,@Nya_melo_79,6,6ヶ月,Member (6 months),,不明,,,3,10,0,2026-09-15 20:06,2026-10-08 00:00,,,https://www.youtube.com/channel/UCjHh6gJI3VwqDgF0uNTXN7A
UCLc3dLbyBZs2P40iGkUgtsA,@Lays5s5s,6,6ヶ月,Member (6 months),,不明,,,3,5,0,2026-09-15 20:06,2026-10-04 17:40,,,https://www.youtube.com/channel/UCLc3dLbyBZs2P40iGkUgtsA
UCSx0JJa4Rr69gxXavoTW3zQ,@カメリア-r1n,6,6ヶ月,Member (6 months),,不明,,,3,5,0,2026-09-15 20:06,2026-10-08 00:00,,,https://www.youtube.com/channel/UCSx0JJa4Rr69gxXavoTW3zQ
UC6sNl0LmM7SB6BQlcVLaWPw,@ぷらん-k2q,6,6ヶ月,Member (6 months),,不明,,,3,10,0,2026-09-15 20:06,2026-10-06 20:31,,,https://www.youtube.com/channel/UC6sNl0LmM7SB6BQlcVLaWPw
UC_JNxcBDVlFACqe6JnEkZhw,@nyam01,6,6ヶ月,Member (6 months),,不明,,,3,8,0,2026-09-15 20:06,2026-09-30 21:03,,,https://www.youtube.com/channel/UC_JNxcBDVlFACqe6JnEkZhw
UCI-qZG89-YxocBHuDd8kFWA,@saimizusi_osushi,6,6ヶ月,Member (6 months),,不明,,,3,3,0,2026-09-16 05:01,2026-10-06 20:31,,,https://www.youtube.com/channel/UCI-qZG89-YxocBHuDd8kFWA
UCDA4NvZgXrjbkT2Z_QPhFRg,@じゅり-r3t,6,6ヶ月,Member (6 months),,不明,,,3,5,0,2026-09-16 05:01,2026-09-26 05:01,,,https://www.youtube.com/channel/UCDA4NvZgXrjbkT2Z_QPhFRg
UCXQl-NGwZHgLFGs95YNynUA,@しおちゃん83,6,6ヶ月,Member (6 months),,不明,,,3,6,1,2026-09-17 05:05,2026-10-04 17:40,,,https://www.youtube.com/channel/UCXQl-NGwZHgLFGs95YNynUA
UCv110nn-XtR5eRhcNCweLbg,@koharu6584,6,6ヶ月,Member (6 months),,不明,,,3,4,0,2026-09-20 18:55,2026-10-06 20:31,,,https://www.youtube.com/channel/UCv110nn-XtR5eRhcNCweLbg
UCyu9zyKaDFiyktHQQj3ftkQ,@おみ-h6e,6,6ヶ月,Member (6 months),,不明,,,3,5,0,2026-09-22 22:33,2026-10-08 00:00,,,https://www.youtube.com/channel/UCyu9zyKaDFiyktHQQj3ftkQ
UCu3KCHsHeR1aFv4nHAxx69Q,@yukiusani3912,6,6ヶ月,Member (6 months),,不明,,,3,9,0,2026-09-24 05:04,2026-09-30 21:03,,,https://www.youtube.com/channel/UCu3KCHsHeR1aFv4nHAxx69Q
UCHgY30vD1P203B4HA_6O4Xg,@mew-gi5jk,6,6ヶ月,Member (6 months),,不明,,,3,18,0,2026-09-24 05:04,2026-10-06 20:31,,,https://www.youtube.com/channel/UCHgY30vD1P203B4HA_6O4Xg
UCh_XZJffxrp4S7Akdu01kTw,@雨凛-l1ly,6,6ヶ月,Member (6 months),,不明,,,3,5,0,2026-09-30 21:03,2026-10-08 00:00,,,https://www.youtube.com/channel/UCh_XZJffxrp4S7Akdu01kTw
UCcxPVzNRyQZ77XNhNW_HGXA,@__Ux_xU_s2,6,6ヶ月,Member (6 months),,不明,,,2,3,0,2026-09-09 05:37,2026-09-16 05:01,,,https://www.youtube.com/channel/UCcxPVzNRyQZ77XNhNW_HGXA
UCa30NiWfNTKS47R1_RnJ1oA,@犬-y6f,6,6ヶ月,Member (6 months),,不明,,,2,2,0,2026-09-09 05:37,2026-09-16 05:01,,,https://www.youtube.com/channel/UCa30NiWfNTKS47R1_RnJ1oA
UCjUu7AXN7polcjfSHNCneug,@桃_momota,6,6ヶ月,Member (6 months),,不明,,,2,4,0,2026-09-09 05:37,2026-09-21 05:00,,,https://www.youtube.com/channel/UCjUu7AXN7polcjfSHNCneug
UC2O1OfwbCUJai2ELd03_VAA,@puwanya,6,6ヶ月,Member (6 months),,不明,,,2,3,0,2026-09-09 05:37,2026-10-06 20:31,,,https://www.youtube.com/channel/UC2O1OfwbCUJai2ELd03_VAA
UCAtxN3jbm_b3hq8PsZlUl3w,@ようこ-i9v,6,6ヶ月,Member (6 months),,不明,,,2,2,0,2026-09-09 05:37,2026-09-17 05:05,,,https://www.youtube.com/channel/UCAtxN3jbm_b3hq8PsZlUl3w
UCf9q-27GZA1MHxxdKKFzlVA,@mi_e_sz4,6,6ヶ月,Member (6 months),,不明,,,2,4,0,2026-09-14 07:00,2026-09-15 20:06,,,https://www.youtube.com/channel/UCf9q-27GZA1MHxxdKKFzlVA
UCbqA4sLd6sT8HzT61Xakz9A,@kajikaji-6k7,6,6ヶ月,Member (6 months),,不明,,,2,7,0,2026-09-14 07:00,2026-10-06 20:31,,,https://www.youtube.com/channel/UCbqA4sLd6sT8HzT61Xakz9A
UC4ulWLB3D-xlMr4dx0gyf1A,@333Utena,6,6ヶ月,Member (6 months),,不明,,,2,2,0,2026-09-14 07:00,2026-09-16 05:01,,,https://www.youtube.com/channel/UC4ulWLB3D-xlMr4dx0gyf1A
UCKi4N54wN30QRPbVfSUd30A,@らせつ-l1j,6,6ヶ月,Member (6 months),,不明,,,2,2,0,2026-09-14 07:00,2026-09-15 20:06,,,https://www.youtube.com/channel/UCKi4N54wN30QRPbVfSUd30A
UCj5VO58_kMlhGn3WsnXK5VQ,@tekka6663,6,6ヶ月,Member (6 months),,不明,,,2,6,0,2026-09-14 07:00,2026-10-06 20:31,,,https://www.youtube.com/channel/UCj5VO58_kMlhGn3WsnXK5VQ
UCN15m6na9lhfLCM7MP_37sw,@まーかー-p3k,6,6ヶ月,Member (6 months),,不明,,,2,2,0,2026-09-14 07:00,2026-10-06 20:31,,,https://www.youtube.com/channel/UCN15m6na9lhfLCM7MP_37sw
UCay7UZTBYKexdWQ7UHy9cDQ,@jamilabgum,6,6ヶ月,Member (6 months),,不明,,,2,4,0,2026-09-15 20:06,2026-09-22 22:33,,,https://www.youtube.com/channel/UCay7UZTBYKexdWQ7UHy9cDQ
UCoXozNUUFdQ20iOGhRBhtHQ,@さくさくパンダ-j8u,6,6ヶ月,Member (6 months),,不明,,,2,7,0,2026-09-15 20:06,2026-09-27 06:00,,,https://www.youtube.com/channel/UCoXozNUUFdQ20iOGhRBhtHQ
UCXGxH9qDr9yewViQoXnpJCw,@ナノ-puwa,6,6ヶ月,Member (6 months),,不明,,,2,8,0,2026-09-15 20:06,2026-09-16 05:01,,,https://www.youtube.com/channel/UCXGxH9qDr9yewViQoXnpJCw
UCi1wcgkTc-hqfNmzCSU7r5Q,@ami_0706,6,6ヶ月,Member (6 months),,不明,,,2,32,0,2026-09-15 20:06,2026-10-06 20:31,,,https://www.youtube.com/channel/UCi1wcgkTc-hqfNmzCSU7r5Q
UCRAyv3oR0n5iy7Ejrd8JnUA,@user-lt5ks3pk6o,6,6ヶ月,Member (6 months),,不明,,,2,3,0,2026-09-15 20:06,2026-10-08 00:00,,,https://www.youtube.com/channel/UCRAyv3oR0n5iy7Ejrd8JnUA
UCGibVRdWujxPS0f2KmlvgIA,@マルチョイ,6,6ヶ月,Member (6 months),,不明,,,2,2,0,2026-09-15 20:06,2026-10-01 20:48,,,https://www.youtube.com/channel/UCGibVRdWujxPS0f2KmlvgIA
UCgd1uA72GJzQp3s5SEBXWjQ,@てんこ-m1l,6,6ヶ月,Member (6 months),,不明,,,2,2,0,2026-09-15 20:06,2026-09-29 05:00,,,https://www.youtube.com/channel/UCgd1uA72GJzQp3s5SEBXWjQ
UCK7bvV86ia96HrzJ6lb8CTQ,@なつみかん-i3r,6,6ヶ月,Member (6 months),,不明,,,2,2,0,2026-09-15 20:06,2026-09-24 05:04,,,https://www.youtube.com/channel/UCK7bvV86ia96HrzJ6lb8CTQ
UC3Ym_CvBo_0X23qL7XFskyA,@おかの-t1e,6,6ヶ月,Member (6 months),,不明,,,2,19,0,2026-09-15 20:06,2026-09-20 18:55,,,https://www.youtube.com/channel/UC3Ym_CvBo_0X23qL7XFskyA
UCNUxmz6GGyyjGA05d0nkvpA,@梅桃-j4n,6,6ヶ月,Member (6 months),,不明,,,2,3,0,2026-09-15 20:06,2026-09-29 05:00,,,https://www.youtube.com/channel/UCNUxmz6GGyyjGA05d0nkvpA
UCju47vGXhrMs8mkEc-Bh-JA,@Cofagrigus563,6,6ヶ月,Member (6 months),,不明,,,2,3,0,2026-09-15 20:06,2026-09-21 05:00,,,https://www.youtube.com/channel/UCju47vGXhrMs8mkEc-Bh-JA
UCP7la_M0a55NxK8jLzRBqLg,@コンティロマネ,6,6ヶ月,Member (6 months),,不明,,,2,11,0,2026-09-15 20:06,2026-10-06 20:31,,,https://www.youtube.com/channel/UCP7la_M0a55NxK8jLzRBqLg
UCwZWeux0f2Us-KPIPZWHyvw,@You-ak-g2s,6,6ヶ月,Member (6 months),,不明,,,2,14,0,2026-09-16 05:01,2026-09-22 22:33,,,https://www.youtube.com/channel/UCwZWeux0f2Us-KPIPZWHyvw
UCIFhKCHwaoIAUEJTHKvNc2w,@ポコ風,6,6ヶ月,Member (6 months),,不明,,,2,3,0,2026-09-17 05:05,2026-10-06 20:31,,,https://www.youtube.com/channel/UCIFhKCHwaoIAUEJTHKvNc2w
UCiplAeZH90FqC3DPn8HrUuQ,@pandamogu,6,6ヶ月,Member (6 months),,不明,,,2,16,0,2026-09-17 05:05,2026-09-21 05:00,,,https://www.youtube.com/channel/UCiplAeZH90FqC3DPn8HrUuQ
UC0UDj-zSv1qtyVJgZgJdQhQ,@ランチ013,6,6ヶ月,Member (6 months),,不明,,,2,2,0,2026-09-17 05:05,2026-09-24 05:04,,,https://www.youtube.com/channel/UC0UDj-zSv1qtyVJgZgJdQhQ
UCWO1uYvFYM9tOD4wzH-_haQ,@レモネード-s9i,6,6ヶ月,Member (6 months),,不明,,,2,7,0,2026-09-17 05:05,2026-09-26 05:01,,,https://www.youtube.com/channel/UCWO1uYvFYM9tOD4wzH-_haQ
UCDq58KEZiNiwV6XSA20lPEQ,@syu-kk,6,6ヶ月,Member (6 months),,不明,,,2,5,0,2026-09-17 05:05,2026-09-22 22:33,,,https://www.youtube.com/channel/UCDq58KEZiNiwV6XSA20lPEQ
UCFGSzqxTCQabmm5bSpLwiaw,@Fw_am,6,6ヶ月,Member (6 months),,不明,,,2,3,0,2026-09-17 05:05,2026-10-04 17:40,,,https://www.youtube.com/channel/UCFGSzqxTCQabmm5bSpLwiaw
UCkbiOSoVZLd0WG_WEm-Qi-w,@t82520-h,6,6ヶ月,Member (6 months),,不明,,,2,4,0,2026-09-17 05:05,2026-09-22 22:33,,,https://www.youtube.com/channel/UCkbiOSoVZLd0WG_WEm-Qi-w
UC5-gPoI_plyVmXbWEn4QHoA,@310ruxx,6,6ヶ月,Member (6 months),,不明,,,2,2,0,2026-09-21 05:00,2026-09-29 05:00,,,https://www.youtube.com/channel/UC5-gPoI_plyVmXbWEn4QHoA
UCqn7wR5OC9177iJqoP3rdRA,@AmoTmt_あも,6,6ヶ月,Member (6 months),,不明,,,2,12,0,2026-09-22 22:33,2026-10-06 20:31,,,https://www.youtube.com/channel/UCqn7wR5OC9177iJqoP3rdRA
UCvqU1EVek_R-6C_HGZWKjgw,@オレナ-i6x,6,6ヶ月,Member (6 months),,不明,,,2,40,0,2026-09-24 05:04,2026-09-29 05:00,,,https://www.youtube.com/channel/UCvqU1EVek_R-6C_HGZWKjgw
UC3zgHirpkzi3z_A7scwpm_g,@ありりん-j5r,6,6ヶ月,Member (6 months),,不明,,,2,5,0,2026-09-24 05:04,2026-09-30 21:03,,,https://www.youtube.com/channel/UC3zgHirpkzi3z_A7scwpm_g
UCCC1t_BxTj4yvtjflMN4y8w,@kukudu-d2j,6,6ヶ月,Member (6 months),,不明,,,2,6,0,2026-09-26 05:01,2026-10-06 20:31,,,https://www.youtube.com/channel/UCCC1t_BxTj4yvtjflMN4y8w
UCkJxmqxijjwyh-V-PuZ8Hww,@tomy6437,6,6ヶ月,Member (6 months),,不明,,,2,53,0,2026-09-30 21:03,2026-10-04 17:40,,,https://www.youtube.com/channel/UCkJxmqxijjwyh-V-PuZ8Hww
UCVcAqmFVAXstXXFhfE3NNIQ,@shiratamamk,6,6ヶ月,Member (6 months),,不明,,,2,5,0,2026-09-30 21:03,2026-10-04 17:40,,,https://www.youtube.com/channel/UCVcAqmFVAXstXXFhfE3NNIQ
UC8ZPNQ1mAEm7pbq-PCMMVZg,@ycooik,6,6ヶ月,Member (6 months),,不明,,,2,3,0,2026-10-06 20:31,2026-10-08 00:00,,,https://www.youtube.com/channel/UC8ZPNQ1mAEm7pbq-PCMMVZg
UCph0AFe4-RDTnnJNIDk14Mg,@moco_0816,6,6ヶ月,Member (6 months),,不明,,,2,3,0,2026-10-06 20:31,2026-10-08 00:00,,,https://www.youtube.com/channel/UCph0AFe4-RDTnnJNIDk14Mg
UCTjfrfNPYVXpi7Hp9ZPfMWQ,@オooO,6,6ヶ月,Member (6 months),,不明,,,1,1,0,2026-09-09 05:37,2026-09-09 05:37,,,https://www.youtube.com/channel/UCTjfrfNPYVXpi7Hp9ZPfMWQ
UC9yaYIrakt1DIBEhDJvN6LA,@minamono99,6,6ヶ月,Member (6 months),,不明,,,1,8,0,2026-09-09 05:37,2026-09-09 05:37,,,https://www.youtube.com/channel/UC9yaYIrakt1DIBEhDJvN6LA
UC2F1BFu4UY4OGEfjL8ULZCw,@しろつめ.kr.236,6,6ヶ月,Member (6 months),,不明,,,1,1,0,2026-09-09 05:37,2026-09-09 05:37,,,https://www.youtube.com/channel/UC2F1BFu4UY4OGEfjL8ULZCw
UCbUdxbh4hnMYXCKbIoy9gMA,@King-js8yi,6,6ヶ月,Member (6 months),,不明,,,1,1,0,2026-09-09 05:37,2026-09-09 05:37,,,https://www.youtube.com/channel/UCbUdxbh4hnMYXCKbIoy9gMA
UCRq_Q4Yen7vqoYJoH8XKy2w,@sor-p4d,6,6ヶ月,Member (6 months),,不明,,,1,1,0,2026-09-14 07:00,2026-09-14 07:00,,,https://www.youtube.com/channel/UCRq_Q4Yen7vqoYJoH8XKy2w
UCT6EndKAobX8m2oB8ost4ow,@kainomi_than_harami-p8t,6,6ヶ月,Member (6 months),,不明,,,1,5,0,2026-09-14 07:00,2026-09-14 07:00,,,https://www.youtube.com/channel/UCT6EndKAobX8m2oB8ost4ow
UCa6bwc6FA6EaYzZs8cu--1w,@マタル06,6,6ヶ月,Member (6 months),,不明,,,1,1,0,2026-09-14 07:00,2026-09-14 07:00,,,https://www.youtube.com/channel/UCa6bwc6FA6EaYzZs8cu--1w
UCrpBoeNxTaCMXUnEeb7rHRw,@daruuuuu87,6,6ヶ月,Member (6 months),,不明,,,1,2,0,2026-09-14 07:00,2026-09-14 07:00,,,https://www.youtube.com/channel/UCrpBoeNxTaCMXUnEeb7rHRw
UCGa2GeQeu1fLEK3Q_gEZgvw,@るな-love_rofmao,6,6ヶ月,Member (6 months),,不明,,,1,1,1,2026-09-14 07:00,2026-09-14 07:00,,,https://www.youtube.com/channel/UCGa2GeQeu1fLEK3Q_gEZgvw
UCDQ6rFH1CXNaVpoQi6mvRXA,@ななもん_1234,6,6ヶ月,Member (6 months),,不明,,,1,6,0,2026-09-14 07:00,2026-09-14 07:00,,,https://www.youtube.com/channel/UCDQ6rFH1CXNaVpoQi6mvRXA
UCIyP7kwUoKUGnToAZ9hgXfQ,@1a.o_o.i1,6,6ヶ月,Member (6 months),,不明,,,1,1,0,2026-09-14 07:00,2026-09-14 07:00,,,https://www.youtube.com/channel/UCIyP7kwUoKUGnToAZ9hgXfQ
UC0-MDV0NFwcisq6CR_-5pAw,@あーちゃん.0u0,6,6ヶ月,Member (6 months),,不明,,,1,1,0,2026-09-14 07:00,2026-09-14 07:00,,,https://www.youtube.com/channel/UC0-MDV0NFwcisq6CR_-5pAw
UCYzoLPg0a6Iv0MeFN6Oi1NQ,@ゼロ-mie3f,6,6ヶ月,Member (6 months),,不明,,,1,1,0,2026-09-14 07:00,2026-09-14 07:00,,,https://www.youtube.com/channel/UCYzoLPg0a6Iv0MeFN6Oi1NQ
UCoxJ0KjzthydWkQqEXsPWzg,@ほるもんM,6,6ヶ月,Member (6 months),,不明,,,1,2,0,2026-09-14 07:00,2026-09-14 07:00,,,https://www.youtube.com/channel/UCoxJ0KjzthydWkQqEXsPWzg
UC2M17Ti7Rbiat12LrkYCqTg,@xlc-46,6,6ヶ月,Member (6 months),,不明,,,1,1,0,2026-09-14 07:00,2026-09-14 07:00,,,https://www.youtube.com/channel/UC2M17Ti7Rbiat12LrkYCqTg
UCH4-DjpVzrSpUePJ74RQs2g,@1flower_botan,6,6ヶ月,Member (6 months),,不明,,,1,17,0,2026-09-15 20:06,2026-09-15 20:06,,,https://www.youtube.com/channel/UCH4-DjpVzrSpUePJ74RQs2g
UCIlFo80akmsfu-uR4YWdx5w,@ふわ-r8h-p7z,6,6ヶ月,Member (6 months),,不明,,,1,1,0,2026-09-15 20:06,2026-09-15 20:06,,,https://www.youtube.com/channel/UCIlFo80akmsfu-uR4YWdx5w
UCwPGUhhXyRuvjc54Iurlgsg,@マスカット-e6j,6,6ヶ月,Member (6 months),,不明,,,1,1,0,2026-09-15 20:06,2026-09-15 20:06,,,https://www.youtube.com/channel/UCwPGUhhXyRuvjc54Iurlgsg
UCc__Ny4Ewi8-ZyDCMG2D0Cw,@S-23k,6,6ヶ月,Member (6 months),,不明,,,1,1,0,2026-09-15 20:06,2026-09-15 20:06,,,https://www.youtube.com/channel/UCc__Ny4Ewi8-ZyDCMG2D0Cw
UCLP3LjDrIOYqbIkCnAZ8ONg,@つき_0606,6,6ヶ月,Member (6 months),,不明,,,1,1,0,2026-09-15 20:06,2026-09-15 20:06,,,https://www.youtube.com/channel/UCLP3LjDrIOYqbIkCnAZ8ONg
UCkdqw4jYj-uHvOce8o15xTw,@ましゅまろん-d6,6,6ヶ月,Member (6 months),,不明,,,1,15,0,2026-09-15 20:06,2026-09-15 20:06,,,https://www.youtube.com/channel/UCkdqw4jYj-uHvOce8o15xTw
UCUfm6kaKvDxTHmwX4SfFWow,@関西味噌,6,6ヶ月,Member (6 months),,不明,,,1,1,0,2026-09-15 20:06,2026-09-15 20:06,,,https://www.youtube.com/channel/UCUfm6kaKvDxTHmwX4SfFWow
UCC2HBbLo0RgTYa1awAQkcIA,@琉亜-z7g,6,6ヶ月,Member (6 months),,不明,,,1,4,0,2026-09-15 20:06,2026-09-15 20:06,,,https://www.youtube.com/channel/UCC2HBbLo0RgTYa1awAQkcIA
UCVUe7AOJKwXg5yk0X20L60Q,@陳玨璇,6,6ヶ月,Member (6 months),,不明,,,1,1,0,2026-09-15 20:06,2026-09-15 20:06,,,https://www.youtube.com/channel/UCVUe7AOJKwXg5yk0X20L60Q
UCffggQVp63f_crYid0Eknig,@もっちー-i7f,6,6ヶ月,Member (6 months),,不明,,,1,13,0,2026-09-15 20:06,2026-09-15 20:06,,,https://www.youtube.com/channel/UCffggQVp63f_crYid0Eknig
UCwDfBYjvXtK0lekYbmR2Suw,@ひよこhiyoko,6,6ヶ月,Member (6 months),,不明,,,1,1,0,2026-09-15 20:06,2026-09-15 20:06,,,https://www.youtube.com/channel/UCwDfBYjvXtK0lekYbmR2Suw
UC3kKjjKiJ9snaAddb7fgmUQ,@ゆうか-u3p,6,6ヶ月,Member (6 months),,不明,,,1,1,0,2026-09-15 20:06,2026-09-15 20:06,,,https://www.youtube.com/channel/UC3kKjjKiJ9snaAddb7fgmUQ
UCEXekhsshcZqcTN3b9Zn0sA,@なぎ-j5n,6,6ヶ月,Member (6 months),,不明,,,1,1,0,2026-09-16 05:01,2026-09-16 05:01,,,https://www.youtube.com/channel/UCEXekhsshcZqcTN3b9Zn0sA
UCyJLDGNnjmThCpaKvCBeEEg,@エルフィーナ_fina,6,6ヶ月,Member (6 months),,不明,,,1,5,0,2026-09-16 05:01,2026-09-16 05:01,,,https://www.youtube.com/channel/UCyJLDGNnjmThCpaKvCBeEEg
UCgUIToG-dkZzyQMCkX6-JOg,@penelope3356,6,6ヶ月,Member (6 months),,不明,,,1,1,1,2026-09-16 05:01,2026-09-16 05:01,,,https://www.youtube.com/channel/UCgUIToG-dkZzyQMCkX6-JOg
UC9ZOxLppkekykJjc9awvm5A,@赤メガネ-z7m,6,6ヶ月,Member (6 months),,不明,,,1,1,0,2026-09-17 05:05,2026-09-17 05:05,,,https://www.youtube.com/channel/UC9ZOxLppkekykJjc9awvm5A
UCyIsCrwu24msWXIoiCAZuYQ,@becchinesan,6,6ヶ月,Member (6 months),,不明,,,1,1,0,2026-09-17 05:05,2026-09-17 05:05,,,https://www.youtube.com/channel/UCyIsCrwu24msWXIoiCAZuYQ
UCrZgoEw54tO5tTNyj04ETMQ,@愛_poporon1119,6,6ヶ月,Member (6 months),,不明,,,1,1,0,2026-09-20 18:55,2026-09-20 18:55,,,https://www.youtube.com/channel/UCrZgoEw54tO5tTNyj04ETMQ
UCScrIlBurIU5vAe82e5taJA,@tapichaaaaaan,6,6ヶ月,Member (6 months),,不明,,,1,2,0,2026-09-20 18:55,2026-09-20 18:55,,,https://www.youtube.com/channel/UCScrIlBurIU5vAe82e5taJA
UCU1LnsaBTzUiprsgE3t21Wg,@dii-121,6,6ヶ月,Member (6 months),,不明,,,1,1,0,2026-09-20 18:55,2026-09-20 18:55,,,https://www.youtube.com/channel/UCU1LnsaBTzUiprsgE3t21Wg
UCwohT1uzmhyWOazNpt6SFZA,@ハネ9104,6,6ヶ月,Member (6 months),,不破狂,再加入/レベル変更,,1,0,0,2026-09-20 18:55,2026-09-20 18:55,,,https://www.youtube.com/channel/UCwohT1uzmhyWOazNpt6SFZA
UClyU7z-93aXRbZZV7M91sXQ,@ぼぼぼぼうし,6,6ヶ月,Member (6 months),,不明,,,1,1,0,2026-09-21 05:00,2026-09-21 05:00,,,https://www.youtube.com/channel/UClyU7z-93aXRbZZV7M91sXQ
UCh-95GSEEKRqjN7V-n49W4g,@mina_s111,6,6ヶ月,Member (6 months),,不明,,,1,1,0,2026-09-21 05:00,2026-09-21 05:00,,,https://www.youtube.com/channel/UCh-95GSEEKRqjN7V-n49W4g
UCRX4OTc3aWbSZZVchCsdSFg,@まと-s8u,6,6ヶ月,Member (6 months),,不明,,,1,1,0,2026-09-21 05:00,2026-09-21 05:00,,,https://www.youtube.com/channel/UCRX4OTc3aWbSZZVchCsdSFg
UC-BrPD0EPrDQgMGHeVVbZoQ,@yunly_09,6,6ヶ月,Member (6 months),,不明,,,1,2,0,2026-09-22 22:33,2026-09-22 22:33,,,https://www.youtube.com/channel/UC-BrPD0EPrDQgMGHeVVbZoQ
UCf-nBxHnLzC5Ny-P79s8eKw,@TGom-s5l,6,6ヶ月,Member (6 months),,不明,,,1,1,0,2026-09-22 22:33,2026-09-22 22:33,,,https://www.youtube.com/channel/UCf-nBxHnLzC5Ny-P79s8eKw
UCV-eq6Hsv9JUA67gxI5fWew,@u3ml0,6,6ヶ月,Member (6 months),,不明,,,1,8,0,2026-09-22 22:33,2026-09-22 22:33,,,https://www.youtube.com/channel/UCV-eq6Hsv9JUA67gxI5fWew
UCTpJc4cRK0NV0jJYhBSjl3w,@re_ma.q8,6,6ヶ月,Member (6 months),,不明,,,1,1,0,2026-09-22 22:33,2026-09-22 22:33,,,https://www.youtube.com/channel/UCTpJc4cRK0NV0jJYhBSjl3w
UCH3Vqbi1aE8ppdIpUdHT2yQ,@なるせのなとして生きて行くみなみ,6,6ヶ月,Member (6 months),,不明,,,1,6,0,2026-09-22 22:33,2026-09-22 22:33,,,https://www.youtube.com/channel/UCH3Vqbi1aE8ppdIpUdHT2yQ
UCiA4h9CUDUwB5XmLkeDGjoA,@mnlxp8,6,6ヶ月,Member (6 months),,不明,,,1,1,0,2026-09-22 22:33,2026-09-22 22:33,,,https://www.youtube.com/channel/UCiA4h9CUDUwB5XmLkeDGjoA
UCG3bi5Nr6QtZtq7ith_tCzA,@とめ-k1c,6,6ヶ月,Member (6 months),,不明,,,1,1,0,2026-09-22 22:33,2026-09-22 22:33,,,https://www.youtube.com/channel/UCG3bi5Nr6QtZtq7ith_tCzA
UC900_F1BtgN213L27fCoseQ,@红豆沙沙,6,6ヶ月,Member (6 months),,不明,,,1,3,0,2026-09-24 05:04,2026-09-24 05:04,,,https://www.youtube.com/channel/UC900_F1BtgN213L27fCoseQ
UCGtZGb8fgXOF3A87cJLEaNw,@honzuki-m.m,6,6ヶ月,Member (6 months),,不明,,,1,2,0,2026-09-26 05:01,2026-09-26 05:01,,,https://www.youtube.com/channel/UCGtZGb8fgXOF3A87cJLEaNw
UCl6GXusshT6vbPrRIGCr3fg,@kuroneko_11425,6,6ヶ月,Member (6 months),,不明,,,1,1,0,2026-09-26 05:01,2026-09-26 05:01,,,https://www.youtube.com/channel/UCl6GXusshT6vbPrRIGCr3fg
UCNB23rhHdVMHzkKhYu0a99Q,@fuuuuu11111,6,6ヶ月,Member (6 months),,不明,,,1,1,0,2026-09-26 05:01,2026-09-26 05:01,,,https://www.youtube.com/channel/UCNB23rhHdVMHzkKhYu0a99Q
UCqOD_Sa9fUv2zb75udKwITQ,@たまご-w7u,6,6ヶ月,Member (6 months),,不明,,,1,2,0,2026-09-26 05:01,2026-09-26 05:01,,,https://www.youtube.com/channel/UCqOD_Sa9fUv2zb75udKwITQ
UCdJ1T1jReSmknzCUYdG6K1g,@hwachen8768,6,6ヶ月,Member (6 months),,不明,,,1,1,0,2026-09-27 06:00,2026-09-27 06:00,,,https://www.youtube.com/channel/UCdJ1T1jReSmknzCUYdG6K1g
UCsOFbZsvwuT-AL4C5FSeieQ,@ゆずぽん-0,6,6ヶ月,Member (6 months),,不明,,,1,1,0,2026-09-29 05:00,2026-09-29 05:00,,,https://www.youtube.com/channel/UCsOFbZsvwuT-AL4C5FSeieQ
UC6l8KUHW29V3KqYdHcfygfQ,@kisetsutsuge5830,6,6ヶ月,Member (6 months),,不明,,,1,1,0,2026-09-30 21:03,2026-09-30 21:03,,,https://www.youtube.com/channel/UC6l8KUHW29V3KqYdHcfygfQ
UChyjJYA4olO3vvsyLWFcOSA,@kuccc815,6,6ヶ月,Member (6 months),,不明,,,1,1,0,2026-10-01 20:48,2026-10-01 20:48,,,https://www.youtube.com/channel/UChyjJYA4olO3vvsyLWFcOSA
UCv4XFNuTMgnMwmdotEIGzOA,@seabaers,6,6ヶ月,Member (6 months),,不明,,,1,2,0,2026-10-02 21:00,2026-10-02 21:00,,,https://www.youtube.com/channel/UCv4XFNuTMgnMwmdotEIGzOA
UCu7MuLzH5Ocszkhis-tyecA,@ランラン-x5h,6,6ヶ月,Member (6 months),,不破狂,再加入/レベル変更,,1,0,0,2026-10-02 21:00,2026-10-02 21:00,,,https://www.youtube.com/channel/UCu7MuLzH5Ocszkhis-tyecA
UChNyEzCbLjlsUe3oep6od3A,@芥太,6,6ヶ月,Member (6 months),,不明,,,1,1,0,2026-10-03 20:59,2026-10-03 20:59,,,https://www.youtube.com/channel/UChNyEzCbLjlsUe3oep6od3A
UCxrS22Co03bPX9fA4GPxc4A,@江佻,6,6ヶ月,Member (6 months),,不破狂,再加入/レベル変更,,1,0,0,2026-10-03 20:59,2026-10-03 20:59,,,https://www.youtube.com/channel/UCxrS22Co03bPX9fA4GPxc4A
UCY0ViyE1rLsBnmbyT21DhFA,@まり-t5x,6,6ヶ月,Member (6 months),,不破狂,再加入/レベル変更,,1,0,0,2026-10-03 20:59,2026-10-03 20:59,,,https://www.youtube.com/channel/UCY0ViyE1rLsBnmbyT21DhFA
UCrgFXG5G-BFcDuAOeEbBi8g,@fishtsukisakana5294,6,6ヶ月,Member (6 months),,不明,,,1,1,0,2026-10-04 17:40,2026-10-04 17:40,,,https://www.youtube.com/channel/UCrgFXG5G-BFcDuAOeEbBi8g
UCSuDA4Cme5w2tKmYJCMydbg,@ORaFUWa_ch,6,6ヶ月,Member (6 months),,不明,,,1,7,0,2026-10-06 20:31,2026-10-06 20:31,,,https://www.youtube.com/channel/UCSuDA4Cme5w2tKmYJCMydbg
UCjjizG4i0cZXHjPruhLEXwA,@Aoao.shikiso,6,6ヶ月,Member (6 months),,不明,,,1,2,0,2026-10-06 20:31,2026-10-06 20:31,,,https://www.youtube.com/channel/UCjjizG4i0cZXHjPruhLEXwA
UCzHAr3B0csRS2ufl9UPLy8A,@メモゃん,6,6ヶ月,Member (6 months),,不明,,,1,2,0,2026-10-06 20:31,2026-10-06 20:31,,,https://www.youtube.com/channel/UCzHAr3B0csRS2ufl9UPLy8A
UC4e1dblpzDBYcYPbAd30Olg,@るん13,6,6ヶ月,Member (6 months),,不明,,,1,1,0,2026-10-06 20:31,2026-10-06 20:31,,,https://www.youtube.com/channel/UC4e1dblpzDBYcYPbAd30Olg
UCcE6cieJ6wV5OALv81NKeJg,@水-z6x,6,6ヶ月,Member (6 months),,不明,,,1,1,0,2026-10-06 20:31,2026-10-06 20:31,,,https://www.youtube.com/channel/UCcE6cieJ6wV5OALv81NKeJg
UCnDyb0WnEkHsP59N1s6C9OQ,@ruiu111,6,6ヶ月,Member (6 months),,不明,,,1,1,0,2026-10-06 20:31,2026-10-06 20:31,,,https://www.youtube.com/channel/UCnDyb0WnEkHsP59N1s6C9OQ
UCJE0PnCukcQ9G4SLwYwf3sg,@なな-r8i2r,6,6ヶ月,Member (6 months),,不明,,,1,1,0,2026-10-06 20:31,2026-10-06 20:31,,,https://www.youtube.com/channel/UCJE0PnCukcQ9G4SLwYwf3sg
UCoHMn0ujzMeX2ToheV46Leg,@かりりんp_q,6,6ヶ月,Member (6 months),,不明,,,1,2,0,2026-10-08 00:00,2026-10-08 00:00,,,https://www.youtube.com/channel/UCoHMn0ujzMeX2ToheV46Leg
UCFZISaYsbPdFxnLU-fxPhCw,@きなこちょこ88,6,6ヶ月,Member (6 months),,不明,,,1,18,0,2026-10-08 00:00,2026-10-08 00:00,,,https://www.youtube.com/channel/UCFZISaYsbPdFxnLU-fxPhCw
UCoITkyNTlO2zFftBYCmgd6Q,@いいちこおじさん,6,6ヶ月,Member (6 months),,不明,,,1,2,0,2026-10-08 00:00,2026-10-08 00:00,,,https://www.youtube.com/channel/UCoITkyNTlO2zFftBYCmgd6Q
UCHXmwIwI42Nvr-nEImDgy8g,@まりも-t1v,6,6ヶ月,Member (6 months),,不明,,,1,7,0,2026-10-08 00:00,2026-10-08 00:00,,,https://www.youtube.com/channel/UCHXmwIwI42Nvr-nEImDgy8g
UCiUrHvVnjtbepVU1IGpmRXA,@えぐいカラス,2,2ヶ月,Member (2 months),,不明,,,19,4195,0,2026-09-09 05:37,2026-10-08 00:00,,,https://www.youtube.com/channel/UCiUrHvVnjtbepVU1IGpmRXA
UCM5hOlRiUYdFHFHXkha8Msw,@ENIi-00,2,2ヶ月,Member (2 months),,不明,,,19,1922,0,2026-09-09 05:37,2026-10-08 00:00,,,https://www.youtube.com/channel/UCM5hOlRiUYdFHFHXkha8Msw
UCErD2oi8lnR2roJouHXsbVg,@elica28_inusuki,2,2ヶ月,Member (2 months),,不明,,,19,2087,0,2026-09-09 05:37,2026-10-08 00:00,,,https://www.youtube.com/channel/UCErD2oi8lnR2roJouHXsbVg
UCiXK9uqHRN4e8WDp4_judcQ,@user_T0P4,2,2ヶ月,Member (2 months),,不明,,,18,5910,0,2026-09-09 05:37,2026-10-08 00:00,,,https://www.youtube.com/channel/UCiXK9uqHRN4e8WDp4_judcQ
UCjhbauc4XVrOjq_fhSlJZoA,@ぐりむp,2,2ヶ月,Member (2 months),,不明,,,18,2446,2,2026-09-09 05:37,2026-10-08 00:00,,,https://www.youtube.com/channel/UCjhbauc4XVrOjq_fhSlJZoA
UC7cK0ttlqX0wDpmwD19Jwag,@しぃちゃん.17,2,2ヶ月,Member (2 months),,不明,,,17,407,0,2026-09-09 05:37,2026-10-08 00:00,,,https://www.youtube.com/channel/UC7cK0ttlqX0wDpmwD19Jwag
UCnPDLa3cLp0Dr4-yTa0wXcA,@みるあ_07,2,2ヶ月,Member (2 months),,不明,,,17,246,0,2026-09-09 05:37,2026-10-08 00:00,,,https://www.youtube.com/channel/UCnPDLa3cLp0Dr4-yTa0wXcA
UCFCjP5GnSPfaxNusXCUzs4w,@あーり_AriRiiiin,2,2ヶ月,Member (2 months),,不明,,,17,641,0,2026-09-09 05:37,2026-10-08 00:00,,,https://www.youtube.com/channel/UCFCjP5GnSPfaxNusXCUzs4w
UCEGl1o0l1KwD62b9WSTe2kg,@あやまふ-m,2,2ヶ月,Member (2 months),,不明,,,17,394,0,2026-09-14 07:00,2026-10-08 00:00,,,https://www.youtube.com/channel/UCEGl1o0l1KwD62b9WSTe2kg
UCLJV0W-VqfQkRh_BJtyO4mA,@もこたろ-mokotaro,2,2ヶ月,Member (2 months),,不明,,,16,182,0,2026-09-09 05:37,2026-10-06 20:31,,,https://www.youtube.com/channel/UCLJV0W-VqfQkRh_BJtyO4mA
UCmMo6fhW29o9J2B0NkC9LkQ,@xyucchix,2,2ヶ月,Member (2 months),,不明,,,16,655,0,2026-09-09 05:37,2026-10-06 20:31,,,https://www.youtube.com/channel/UCmMo6fhW29o9J2B0NkC9LkQ
UC6BjVjR8C3GgGP09pVBIyiA,@花宮_p2p,2,2ヶ月,Member (2 months),,不明,,,16,235,0,2026-09-09 05:37,2026-10-06 20:31,,,https://www.youtube.com/channel/UC6BjVjR8C3GgGP09pVBIyiA
UC6G9MUVJAPuKP6n8geOa7vQ,@18_uww,2,2ヶ月,Member (2 months),,不明,,,16,111,0,2026-09-09 05:37,2026-10-08 00:00,,,https://www.youtube.com/channel/UC6G9MUVJAPuKP6n8geOa7vQ
UCDyg4-MOXoycA6FuX8ZgW4A,@あこち-b7v,2,2ヶ月,Member (2 months),,不明,,,16,211,0,2026-09-09 05:37,2026-10-08 00:00,,,https://www.youtube.com/channel/UCDyg4-MOXoycA6FuX8ZgW4A
UCfdlQ4OuS0rdAM3ocJ_Dceg,@みけpas,2,2ヶ月,Member (2 months),,不明,,,16,392,0,2026-09-14 07:00,2026-10-08 00:00,,,https://www.youtube.com/channel/UCfdlQ4OuS0rdAM3ocJ_Dceg
UCUWdE9UsZCSWhLjfZ9FNmKQ,@あゆま-f5y,2,2ヶ月,Member (2 months),,不明,,,16,478,0,2026-09-15 20:06,2026-10-08 00:00,,,https://www.youtube.com/channel/UCUWdE9UsZCSWhLjfZ9FNmKQ
UCwke-3Amua5NUrciQPqESww,@meownknk0,2,2ヶ月,Member (2 months),,不明,,,15,66,0,2026-09-09 05:37,2026-10-08 00:00,,,https://www.youtube.com/channel/UCwke-3Amua5NUrciQPqESww
UCFmZ4-es6Fg83vE8LA7KD7w,@わんわんおー23,2,2ヶ月,Member (2 months),,不明,,,15,83,0,2026-09-09 05:37,2026-10-06 20:31,,,https://www.youtube.com/channel/UCFmZ4-es6Fg83vE8LA7KD7w
UCHUzv6yXq3vBChcQuNtO3Pw,@すく-u8j,2,2ヶ月,Member (2 months),,不明,,,15,333,1,2026-09-09 05:37,2026-10-08 00:00,,,https://www.youtube.com/channel/UCHUzv6yXq3vBChcQuNtO3Pw
UCJd0VWrOC_GcOrmOwxWkhKQ,@ともかt0_o,2,2ヶ月,Member (2 months),,不明,,,15,472,0,2026-09-14 07:00,2026-10-08 00:00,,,https://www.youtube.com/channel/UCJd0VWrOC_GcOrmOwxWkhKQ
UCCc9qw5y5Sh5QH3lNdAa1Xg,@ゆちゃん-b2o,2,2ヶ月,Member (2 months),,不明,,,15,1455,0,2026-09-15 20:06,2026-10-08 00:00,,,https://www.youtube.com/channel/UCCc9qw5y5Sh5QH3lNdAa1Xg
UCbdgK2AOvAhMOsvUC1PSmBg,@mumeino_nanashi,2,2ヶ月,Member (2 months),,不明,,,14,164,0,2026-09-09 05:37,2026-10-06 20:31,,,https://www.youtube.com/channel/UCbdgK2AOvAhMOsvUC1PSmBg
UCUOG3x_6tidDBRv5MhCbVpA,@ぽん-q8k9q,2,2ヶ月,Member (2 months),,不明,,,14,53,0,2026-09-09 05:37,2026-10-06 20:31,,,https://www.youtube.com/channel/UCUOG3x_6tidDBRv5MhCbVpA
UC0OdeA70IaBiAgWR3tYOzPw,@RUKA_瑠花,2,2ヶ月,Member (2 months),,不明,,,14,60,0,2026-09-09 05:37,2026-10-08 00:00,,,https://www.youtube.com/channel/UC0OdeA70IaBiAgWR3tYOzPw
UC_JxC_60crT_8WJtbNiUA7A,@みやこ-mk,2,2ヶ月,Member (2 months),,不明,,,14,644,0,2026-09-09 05:37,2026-10-06 20:31,,,https://www.youtube.com/channel/UC_JxC_60crT_8WJtbNiUA7A
UCaXGt35ISPyyPPDwqjVjfQA,@ばぶ428,2,2ヶ月,Member (2 months),,不明,,,13,221,1,2026-09-09 05:37,2026-10-08 00:00,,,https://www.youtube.com/channel/UCaXGt35ISPyyPPDwqjVjfQA
UCHrXyN3Z73ptAC-e7PAPvGg,@ruri_ruri_a,2,2ヶ月,Member (2 months),,不明,,,13,146,0,2026-09-09 05:37,2026-10-08 00:00,,,https://www.youtube.com/channel/UCHrXyN3Z73ptAC-e7PAPvGg
UCQ4zKw2ERHFBGk8544eRfnA,@4y4-18,2,2ヶ月,Member (2 months),,不明,,,13,340,0,2026-09-09 05:37,2026-10-08 00:00,,,https://www.youtube.com/channel/UCQ4zKw2ERHFBGk8544eRfnA
UC_bu5t8rz2KYyr52zoKWfEA,@ひぃ-x5w,2,2ヶ月,Member (2 months),,不明,,,13,80,0,2026-09-09 05:37,2026-10-08 00:00,,,https://www.youtube.com/channel/UC_bu5t8rz2KYyr52zoKWfEA
UC_QNjqi18Dmhzmvg1iakatQ,@凪-b9m,2,2ヶ月,Member (2 months),,不明,,,13,74,0,2026-09-09 05:37,2026-10-06 20:31,,,https://www.youtube.com/channel/UC_QNjqi18Dmhzmvg1iakatQ
UC8d8MD1w_HGpTRVVezB1M5g,@karakara0_0,2,2ヶ月,Member (2 months),,不明,,,13,720,0,2026-09-15 20:06,2026-10-08 00:00,,,https://www.youtube.com/channel/UC8d8MD1w_HGpTRVVezB1M5g
UCnCFHedkBkLrIITBI6DrYtw,@とまと-e8l,2,2ヶ月,Member (2 months),,不明,,,12,38,0,2026-09-09 05:37,2026-10-08 00:00,,,https://www.youtube.com/channel/UCnCFHedkBkLrIITBI6DrYtw
UCOXVCn8IbEJqeAkOW9iGPlg,@族長-j3b,2,2ヶ月,Member (2 months),,不明,,,12,59,0,2026-09-09 05:37,2026-10-06 20:31,,,https://www.youtube.com/channel/UCOXVCn8IbEJqeAkOW9iGPlg
UCAz-iiA8nkit7MNo-XMCrfw,@popu0720,2,2ヶ月,Member (2 months),,不明,,,12,39,1,2026-09-09 05:37,2026-10-04 17:40,,,https://www.youtube.com/channel/UCAz-iiA8nkit7MNo-XMCrfw
UCo_SZTHFxytxoUrk8fitHxg,@ym_111,2,2ヶ月,Member (2 months),,不明,,,12,260,0,2026-09-09 05:37,2026-10-06 20:31,,,https://www.youtube.com/channel/UCo_SZTHFxytxoUrk8fitHxg
UCWQTGcYb1hsB12IvPwqKbZA,@fwky_o0,2,2ヶ月,Member (2 months),,不明,,,12,437,1,2026-09-09 05:37,2026-10-08 00:00,,,https://www.youtube.com/channel/UCWQTGcYb1hsB12IvPwqKbZA
UCJEhR87OUNN3y3dZgy10OGQ,@maco_om,2,2ヶ月,Member (2 months),,不明,,,12,585,0,2026-09-09 05:37,2026-10-08 00:00,,,https://www.youtube.com/channel/UCJEhR87OUNN3y3dZgy10OGQ
UCemjQDjFW61MwRFLsbLyr7A,@yorucha-w4t,2,2ヶ月,Member (2 months),,不明,,,12,446,0,2026-09-09 05:37,2026-10-08 00:00,,,https://www.youtube.com/channel/UCemjQDjFW61MwRFLsbLyr7A
UCgQ2xa5J101xzJ24S4_dsgw,@sqyufw,2,2ヶ月,Member (2 months),,不明,,,12,19,0,2026-09-14 07:00,2026-10-08 00:00,,,https://www.youtube.com/channel/UCgQ2xa5J101xzJ24S4_dsgw
UCx5xzfJ1QdLczHSwvyg4UGA,@-sena--vh5yg,2,2ヶ月,Member (2 months),,不明,,,12,42,0,2026-09-14 07:00,2026-10-08 00:00,,,https://www.youtube.com/channel/UCx5xzfJ1QdLczHSwvyg4UGA
UCdaMRKs1LySr-0Wao1S8BRw,@カンナ-x2k,2,2ヶ月,Member (2 months),,不明,,,12,41,0,2026-09-14 07:00,2026-10-08 00:00,,,https://www.youtube.com/channel/UCdaMRKs1LySr-0Wao1S8BRw
UCoXRHyUqUHkG2f_E0lfrLqg,@shioriori7277,2,2ヶ月,Member (2 months),,不明,,,12,36,0,2026-09-14 07:00,2026-10-06 20:31,,,https://www.youtube.com/channel/UCoXRHyUqUHkG2f_E0lfrLqg
UCKGpN3aGPEw_l7FwyuLAGyQ,@ゆうみ-w6b,2,2ヶ月,Member (2 months),,不明,,,12,83,0,2026-09-15 20:06,2026-10-08 00:00,,,https://www.youtube.com/channel/UCKGpN3aGPEw_l7FwyuLAGyQ
UCBq4IPEiYqRwXxfa7ozO7fg,@菜の花-w3y,2,2ヶ月,Member (2 months),,不明,,,11,402,0,2026-09-09 05:37,2026-10-06 20:31,,,https://www.youtube.com/channel/UCBq4IPEiYqRwXxfa7ozO7fg
UCFh85jivKnzszQXIWzkeXkg,@tchi4939,2,2ヶ月,Member (2 months),,不明,,,11,83,0,2026-09-09 05:37,2026-10-06 20:31,,,https://www.youtube.com/channel/UCFh85jivKnzszQXIWzkeXkg
UCFkJAPV-1VC8hHALxXdMBrA,@16-c5,2,2ヶ月,Member (2 months),,不明,,,11,145,0,2026-09-09 05:37,2026-10-01 20:48,,,https://www.youtube.com/channel/UCFkJAPV-1VC8hHALxXdMBrA
UCk9BpqY3Ne235Aq0W4RVaWQ,@ゆる_oOoO4,2,2ヶ月,Member (2 months),,不明,,,11,470,0,2026-09-09 05:37,2026-10-08 00:00,,,https://www.youtube.com/channel/UCk9BpqY3Ne235Aq0W4RVaWQ
UC3ZWXWUc85NMZoi1yAlTegA,@きい-opo,2,2ヶ月,Member (2 months),,不明,,,11,56,0,2026-09-14 07:00,2026-10-08 00:00,,,https://www.youtube.com/channel/UC3ZWXWUc85NMZoi1yAlTegA
UC4cFV2eTsuZC2c0wz5euBRA,@ももせ_ms,2,2ヶ月,Member (2 months),,不明,,,10,38,0,2026-09-09 05:37,2026-10-04 17:40,,,https://www.youtube.com/channel/UC4cFV2eTsuZC2c0wz5euBRA
UCGj2vqLuqovSAvnMFf-F4Tw,@規約守る,2,2ヶ月,Member (2 months),,不明,,,10,73,0,2026-09-09 05:37,2026-10-08 00:00,,,https://www.youtube.com/channel/UCGj2vqLuqovSAvnMFf-F4Tw
UCeEFGaMWTivnynVNe2MNeMQ,@raspberryjam4583,2,2ヶ月,Member (2 months),,不明,,,10,28,0,2026-09-09 05:37,2026-10-08 00:00,,,https://www.youtube.com/channel/UCeEFGaMWTivnynVNe2MNeMQ
UCYkRWm0qf288M6F6MZ418BA,@なつっち-m6b8d,2,2ヶ月,Member (2 months),,不明,,,10,143,0,2026-09-09 05:37,2026-10-08 00:00,,,https://www.youtube.com/channel/UCYkRWm0qf288M6F6MZ418BA
UChAk_YCXAHglAk1H87QnDcQ,@おもち-omochii,2,2ヶ月,Member (2 months),,不明,,,10,72,0,2026-09-09 05:37,2026-10-08 00:00,,,https://www.youtube.com/channel/UChAk_YCXAHglAk1H87QnDcQ
UC8Ac7dfxUi3Tpt_RpDh-2sA,@むぅち-u1r,2,2ヶ月,Member (2 months),,不明,,,10,37,0,2026-09-09 05:37,2026-10-01 20:48,,,https://www.youtube.com/channel/UC8Ac7dfxUi3Tpt_RpDh-2sA
UC-ateqc9M3LT8XaCWdHepLA,@kirsch-f3s,2,2ヶ月,Member (2 months),,不明,,,10,69,0,2026-09-15 20:06,2026-10-08 00:00,,,https://www.youtube.com/channel/UC-ateqc9M3LT8XaCWdHepLA
UCre84xXjJAHpuT4WIuAj-Og,@ライチ0111,2,2ヶ月,Member (2 months),,不明,,,10,27,0,2026-09-15 20:06,2026-10-06 20:31,,,https://www.youtube.com/channel/UCre84xXjJAHpuT4WIuAj-Og
UCFJWlg7DkzGFV1QGOWKuZug,@もももーぬ,2,2ヶ月,Member (2 months),,不明,,,9,37,0,2026-09-14 07:00,2026-10-08 00:00,,,https://www.youtube.com/channel/UCFJWlg7DkzGFV1QGOWKuZug
UCXeZ7eWTwcfcNC_fyC-xpxA,@よっしー-s5o2v,2,2ヶ月,Member (2 months),,不明,,,9,152,0,2026-09-14 07:00,2026-10-08 00:00,,,https://www.youtube.com/channel/UCXeZ7eWTwcfcNC_fyC-xpxA
UC_mFJlrtdfRXCJvlPW4Ca0Q,@ちゃろ-f4i,2,2ヶ月,Member (2 months),,不明,,,9,36,0,2026-09-14 07:00,2026-10-08 00:00,,,https://www.youtube.com/channel/UC_mFJlrtdfRXCJvlPW4Ca0Q
UCgo0qeb8kHZfZNWG_AXNwRQ,@むに_nyan,2,2ヶ月,Member (2 months),,不明,,,9,235,0,2026-09-14 07:00,2026-10-08 00:00,,,https://www.youtube.com/channel/UCgo0qeb8kHZfZNWG_AXNwRQ
UCBmsvXDlc3lEZ1b11noCLLg,@25-iuu,2,2ヶ月,Member (2 months),,不破狂,再加入/レベル変更,,9,112,1,2026-09-15 20:06,2026-10-08 00:00,,,https://www.youtube.com/channel/UCBmsvXDlc3lEZ1b11noCLLg
UCjTjW0sW9_nUr4prDOdLiSw,@ろと7,2,2ヶ月,Member (2 months),,不明,,,9,56,0,2026-09-15 20:06,2026-10-06 20:31,,,https://www.youtube.com/channel/UCjTjW0sW9_nUr4prDOdLiSw
UCWVwJ9I4Ozto3vNWEwKwzXQ,@aaaiikkk8100,2,2ヶ月,Member (2 months),,不明,,,9,27,0,2026-09-15 20:06,2026-10-08 00:00,,,https://www.youtube.com/channel/UCWVwJ9I4Ozto3vNWEwKwzXQ
UC9e_C2FBE48ov6Z0fVNi0BA,@ちなつ_623,2,2ヶ月,Member (2 months),,不明,,,8,45,0,2026-09-09 05:37,2026-10-02 21:00,,,https://www.youtube.com/channel/UC9e_C2FBE48ov6Z0fVNi0BA
UCGg7Ojy0kx8ovmUYTq5yssg,@rkykmhyf,2,2ヶ月,Member (2 months),,不明,,,8,34,1,2026-09-09 05:37,2026-10-06 20:31,,,https://www.youtube.com/channel/UCGg7Ojy0kx8ovmUYTq5yssg
UCFNTedEW9LTr7sz3vWcNTnQ,@t_f_1111,2,2ヶ月,Member (2 months),,不明,,,8,33,0,2026-09-09 05:37,2026-09-29 05:00,,,https://www.youtube.com/channel/UCFNTedEW9LTr7sz3vWcNTnQ
UCUOeb6M4HbrkPHhDQlhjopg,@りんしゃんrin,2,2ヶ月,Member (2 months),,不明,,,8,137,0,2026-09-14 07:00,2026-10-04 17:40,,,https://www.youtube.com/channel/UCUOeb6M4HbrkPHhDQlhjopg
UCC5u1r8gJjn4aUStOXzGfnw,@harusame21,2,2ヶ月,Member (2 months),,不破狂,再加入/レベル変更,,8,330,0,2026-09-14 07:00,2026-10-04 17:40,,,https://www.youtube.com/channel/UCC5u1r8gJjn4aUStOXzGfnw
UCQas8vTMRt8R3TqT4YV2p_w,@ぷろむな-promenaade,2,2ヶ月,Member (2 months),,不明,,,8,133,0,2026-09-14 07:00,2026-10-08 00:00,,,https://www.youtube.com/channel/UCQas8vTMRt8R3TqT4YV2p_w
UC4bav1D3o9UexBEFAMWxBHw,@あゆっち-d7t,2,2ヶ月,Member (2 months),,不明,,,8,97,0,2026-09-15 20:06,2026-10-08 00:00,,,https://www.youtube.com/channel/UC4bav1D3o9UexBEFAMWxBHw
UCd6CuMaOMhvwrs5FrFqYd_A,@noborurx589,2,2ヶ月,Member (2 months),,不明,,,8,29,0,2026-09-15 20:06,2026-10-08 00:00,,,https://www.youtube.com/channel/UCd6CuMaOMhvwrs5FrFqYd_A
UC87w6hZa0vbjvb79nwDIfCw,@6x624,2,2ヶ月,Member (2 months),,不明,,,8,43,0,2026-09-17 05:05,2026-10-06 20:31,,,https://www.youtube.com/channel/UC87w6hZa0vbjvb79nwDIfCw
UCSzLAMpVdFmj6atj3PfNxdg,@ヤイジ,2,2ヶ月,Member (2 months),,不明,,,7,24,0,2026-09-09 05:37,2026-09-29 05:00,,,https://www.youtube.com/channel/UCSzLAMpVdFmj6atj3PfNxdg
UCEVHzdUdAO00myZ3USuSrGw,@3au-su,2,2ヶ月,Member (2 months),,不明,,,7,16,0,2026-09-09 05:37,2026-10-08 00:00,,,https://www.youtube.com/channel/UCEVHzdUdAO00myZ3USuSrGw
UC7LwJY4TDs72YAOssdjivUw,@はる-e1v-c7p,2,2ヶ月,Member (2 months),,不明,,,7,39,0,2026-09-09 05:37,2026-09-30 21:03,,,https://www.youtube.com/channel/UC7LwJY4TDs72YAOssdjivUw
UChYf5Y4q2Wmb_64BptP9o-w,@ゆい-827,2,2ヶ月,Member (2 months),,不明,,,7,15,0,2026-09-14 07:00,2026-10-06 20:31,,,https://www.youtube.com/channel/UChYf5Y4q2Wmb_64BptP9o-w
UCCYTOCb8fmNnA7lFsdFi3jQ,@レインボー-u8o,2,2ヶ月,Member (2 months),,不明,,,7,325,0,2026-09-15 20:06,2026-10-08 00:00,,,https://www.youtube.com/channel/UCCYTOCb8fmNnA7lFsdFi3jQ
UCJVOMu7CNT4RkijFIzNwcFg,@まあら-g3r,2,2ヶ月,Member (2 months),,不明,,,7,24,0,2026-09-15 20:06,2026-10-08 00:00,,,https://www.youtube.com/channel/UCJVOMu7CNT4RkijFIzNwcFg
UCrzort-ItlFmMPjLXvr1ygg,@poncha_uwu,2,2ヶ月,Member (2 months),,不明,,,7,34,0,2026-09-15 20:06,2026-10-08 00:00,,,https://www.youtube.com/channel/UCrzort-ItlFmMPjLXvr1ygg
UC4woZhDNVjKbL73RTaUa7hQ,@タピオカミルクティー-b6q,2,2ヶ月,Member (2 months),,不明,,,7,28,0,2026-09-17 05:05,2026-10-06 20:31,,,https://www.youtube.com/channel/UC4woZhDNVjKbL73RTaUa7hQ
UC6mqFfqsJDoEV_iBvmCZKGQ,@kou8502,2,2ヶ月,Member (2 months),,不明,,,7,11,0,2026-09-20 18:55,2026-10-08 00:00,,,https://www.youtube.com/channel/UC6mqFfqsJDoEV_iBvmCZKGQ
UCqzWfg1YVWwGHhmKNe7b3wA,@をちな,2,2ヶ月,Member (2 months),,不明,,,7,10,0,2026-09-20 18:55,2026-10-08 00:00,,,https://www.youtube.com/channel/UCqzWfg1YVWwGHhmKNe7b3wA
UCcgX84-tX1_rBdmxO8zh-7g,@白黒のなぎ子,2,2ヶ月,Member (2 months),,不明,,,7,18,0,2026-09-21 05:00,2026-10-08 00:00,,,https://www.youtube.com/channel/UCcgX84-tX1_rBdmxO8zh-7g
UCyAe4V9O_gyIh7IYujzaOdA,@ぽてと-w2v,2,2ヶ月,Member (2 months),,不明,,,6,550,0,2026-09-09 05:37,2026-09-29 05:00,,,https://www.youtube.com/channel/UCyAe4V9O_gyIh7IYujzaOdA
UCsFyqW-CQtUQrAKs3A6ZMHA,@ぬぴ_nuoh_dooh,2,2ヶ月,Member (2 months),,不明,,,6,58,0,2026-09-09 05:37,2026-09-22 22:33,,,https://www.youtube.com/channel/UCsFyqW-CQtUQrAKs3A6ZMHA
UCQkZ-5CcqsnllFtETUcxbkA,@ちょまぽちゃこ,2,2ヶ月,Member (2 months),,不明,,,6,41,0,2026-09-09 05:37,2026-10-06 20:31,,,https://www.youtube.com/channel/UCQkZ-5CcqsnllFtETUcxbkA
UClFNfPvzERh8JIXHC5JOsnA,@まりまり-e9k,2,2ヶ月,Member (2 months),,不明,,,6,14,3,2026-09-09 05:37,2026-10-08 00:00,,,https://www.youtube.com/channel/UClFNfPvzERh8JIXHC5JOsnA
UCw186IfYRXz17FpzL89C30w,@桜のモンブラン,2,2ヶ月,Member (2 months),,不明,,,6,85,0,2026-09-09 05:37,2026-10-06 20:31,,,https://www.youtube.com/channel/UCw186IfYRXz17FpzL89C30w
UCt4Jr25azoqOojHAROV9OTQ,@碧もち_3,2,2ヶ月,Member (2 months),,不明,,,6,72,0,2026-09-14 07:00,2026-09-26 05:01,,,https://www.youtube.com/channel/UCt4Jr25azoqOojHAROV9OTQ
UCMt6nYZUUq6o522UK2Z-QPg,@Qu_紅ラムネ,2,2ヶ月,Member (2 months),,不明,,,6,19,0,2026-09-14 07:00,2026-09-26 05:01,,,https://www.youtube.com/channel/UCMt6nYZUUq6o522UK2Z-QPg
UCkOi_AYP2MHP3sg1DdbgQcA,@りりあ親方-h3u,2,2ヶ月,Member (2 months),,不明,,,6,181,0,2026-09-14 07:00,2026-10-08 00:00,,,https://www.youtube.com/channel/UCkOi_AYP2MHP3sg1DdbgQcA
UCjCyc-ycomJdqKa7a74gX_g,@ルカ11,2,2ヶ月,Member (2 months),,不明,,,6,11,0,2026-09-14 07:00,2026-10-08 00:00,,,https://www.youtube.com/channel/UCjCyc-ycomJdqKa7a74gX_g
UCMHMsSR2miuYkrxM4ifsp-g,@sioksyo,2,2ヶ月,Member (2 months),,不明,,,6,32,0,2026-09-14 07:00,2026-10-03 20:59,,,https://www.youtube.com/channel/UCMHMsSR2miuYkrxM4ifsp-g
UCIdqNtIxeVa-wt7efcUtt1A,@reitou5736,2,2ヶ月,Member (2 months),,不明,,,6,9,0,2026-09-14 07:00,2026-10-06 20:31,,,https://www.youtube.com/channel/UCIdqNtIxeVa-wt7efcUtt1A
UC1Z3rq-T4YbGdW8xfacq5cQ,@Yu__Regenbogen,2,2ヶ月,Member (2 months),,不明,,,6,8,0,2026-09-14 07:00,2026-09-24 05:04,,,https://www.youtube.com/channel/UC1Z3rq-T4YbGdW8xfacq5cQ
UCieD7qTgwOSz_aeWtKB89tA,@のたろう-sk7,2,2ヶ月,Member (2 months),,不明,,,6,72,0,2026-09-15 20:06,2026-10-01 20:48,,,https://www.youtube.com/channel/UCieD7qTgwOSz_aeWtKB89tA
UCrdVAHdOTio0_9NUB4i8KCQ,@炒飯4l8ZZ,2,2ヶ月,Member (2 months),,不明,,,6,27,0,2026-09-16 05:01,2026-10-02 21:00,,,https://www.youtube.com/channel/UCrdVAHdOTio0_9NUB4i8KCQ
UC0TazvKxR1DrMF--mVB_nVQ,@たゆ-f,2,2ヶ月,Member (2 months),,不明,,,5,13,0,2026-09-09 05:37,2026-10-02 21:00,,,https://www.youtube.com/channel/UC0TazvKxR1DrMF--mVB_nVQ
UC3letnQq-naLS0_R1Z_sBfA,@yoru0110,2,2ヶ月,Member (2 months),,不明,,,5,63,0,2026-09-09 05:37,2026-10-06 20:31,,,https://www.youtube.com/channel/UC3letnQq-naLS0_R1Z_sBfA
UCWa3aJSlm9PWhwiZD-7Fp7Q,@Thanya_829,2,2ヶ月,Member (2 months),,不明,,,5,24,0,2026-09-09 05:37,2026-09-22 22:33,,,https://www.youtube.com/channel/UCWa3aJSlm9PWhwiZD-7Fp7Q
UCOxzUBvmy-I0z1eNDJr997g,@さき-y1o,2,2ヶ月,Member (2 months),,不明,,,5,9,0,2026-09-14 07:00,2026-09-29 05:00,,,https://www.youtube.com/channel/UCOxzUBvmy-I0z1eNDJr997g
UCDIhjTmq6CzY-UC2wVHEhBw,@マーキ-o6u,2,2ヶ月,Member (2 months),,不明,,,5,5,0,2026-09-14 07:00,2026-10-06 20:31,,,https://www.youtube.com/channel/UCDIhjTmq6CzY-UC2wVHEhBw
UCyoqpzNvw_7eaU3fRyGmapA,@sousui.__0519,2,2ヶ月,Member (2 months),,不明,,,5,16,0,2026-09-14 07:00,2026-09-30 21:03,,,https://www.youtube.com/channel/UCyoqpzNvw_7eaU3fRyGmapA
UCguPw1t3PVwnefQrz4dLL6A,@nihe-22p,2,2ヶ月,Member (2 months),,不明,,,5,10,0,2026-09-14 07:00,2026-09-30 21:03,,,https://www.youtube.com/channel/UCguPw1t3PVwnefQrz4dLL6A
UC0Y65YiYSqSRykTpTgrV8cQ,@nemuko_v,2,2ヶ月,Member (2 months),,不明,,,5,112,0,2026-09-15 20:06,2026-10-04 17:40,,,https://www.youtube.com/channel/UC0Y65YiYSqSRykTpTgrV8cQ
UCnj3F4e1Abn5mGJqctFwWSg,@akagai_3,2,2ヶ月,Member (2 months),,不明,,,5,64,0,2026-09-15 20:06,2026-10-08 00:00,,,https://www.youtube.com/channel/UCnj3F4e1Abn5mGJqctFwWSg
UCABs_z16p7Zzi10BvLIchSQ,@nemunemunyanko214,2,2ヶ月,Member (2 months),,不明,,,5,82,0,2026-09-15 20:06,2026-10-06 20:31,,,https://www.youtube.com/channel/UCABs_z16p7Zzi10BvLIchSQ
UCiniu60rPWR6swDDUHlm_MQ,@ねゆら-puwaqrf,2,2ヶ月,Member (2 months),,不明,,,5,16,0,2026-09-15 20:06,2026-09-29 05:00,,,https://www.youtube.com/channel/UCiniu60rPWR6swDDUHlm_MQ
UC3kcTaRGZDQPcOX9IbSPAyQ,@ボマー_pw28,2,2ヶ月,Member (2 months),,不明,,,5,5,0,2026-09-22 22:33,2026-10-04 17:40,,,https://www.youtube.com/channel/UC3kcTaRGZDQPcOX9IbSPAyQ
UCqEMqS0q9FsiPN_FwnhPF6A,@wakaniya_,2,2ヶ月,Member (2 months),,不明,,,5,75,0,2026-09-24 05:04,2026-10-03 20:59,,,https://www.youtube.com/channel/UCqEMqS0q9FsiPN_FwnhPF6A
UCRxxl0Zs4cD6_Q8x2hhJJSw,@奈々瀬-n_cherry_n,2,2ヶ月,Member (2 months),,不明,,,5,33,0,2026-09-29 05:00,2026-10-08 00:00,,,https://www.youtube.com/channel/UCRxxl0Zs4cD6_Q8x2hhJJSw
UCb7Q3VWZwTXd1d5rRtofbVg,@re1s27,2,2ヶ月,Member (2 months),,不明,,,5,24,0,2026-09-29 05:00,2026-10-06 20:31,,,https://www.youtube.com/channel/UCb7Q3VWZwTXd1d5rRtofbVg
UCHEFHJxOC9sa_C7KFqpS5bg,@Sakura__73124,2,2ヶ月,Member (2 months),,不明,,,4,38,0,2026-09-14 07:00,2026-10-08 00:00,,,https://www.youtube.com/channel/UCHEFHJxOC9sa_C7KFqpS5bg
UCVmi7QWL1bfhESVg9m-dD-g,@fuwafuwa_party,2,2ヶ月,Member (2 months),,不明,,,4,12,0,2026-09-14 07:00,2026-09-27 06:00,,,https://www.youtube.com/channel/UCVmi7QWL1bfhESVg9m-dD-g
UC1AfFfHen_k6bzBnKGRT8kw,@kuroneko-q7j,2,2ヶ月,Member (2 months),,不明,,,4,5,5,2026-09-14 07:00,2026-10-08 00:00,,,https://www.youtube.com/channel/UC1AfFfHen_k6bzBnKGRT8kw
UCt_Itph4x16HhXU3KcKfS-g,@alcro7alc,2,2ヶ月,Member (2 months),,不明,,,4,4,0,2026-09-14 07:00,2026-10-06 20:31,,,https://www.youtube.com/channel/UCt_Itph4x16HhXU3KcKfS-g
UCe1h9ZqVa3hfviOsdubOBjQ,@わっか-n1b,2,2ヶ月,Member (2 months),,不明,,,4,7,0,2026-09-14 07:00,2026-10-04 17:40,,,https://www.youtube.com/channel/UCe1h9ZqVa3hfviOsdubOBjQ
UCSqlaB_TG4tTmaxFrlmf1vQ,@カフェオレ418,2,2ヶ月,Member (2 months),,不明,,,4,37,0,2026-09-14 07:00,2026-09-22 22:33,,,https://www.youtube.com/channel/UCSqlaB_TG4tTmaxFrlmf1vQ
UC-d7DlLMiGm2hu-vNpSu7vg,@ひとみ.Hitomi,2,2ヶ月,Member (2 months),,不明,,,4,84,0,2026-09-15 20:06,2026-10-08 00:00,,,https://www.youtube.com/channel/UC-d7DlLMiGm2hu-vNpSu7vg
UCg_w4sRfUxFGzoT2nlq1m3A,@Spade-i8e,2,2ヶ月,Member (2 months),,不明,,,4,319,0,2026-09-15 20:06,2026-10-04 17:40,,,https://www.youtube.com/channel/UCg_w4sRfUxFGzoT2nlq1m3A
UClBQWkGTjjxoja-QXoj7sSQ,@Dailyparadise,2,2ヶ月,Member (2 months),,不明,,,4,45,0,2026-09-15 20:06,2026-10-08 00:00,,,https://www.youtube.com/channel/UClBQWkGTjjxoja-QXoj7sSQ
UCgeQCXN_l91HAKfvZrEliPg,@ふわふわfm_418,2,2ヶ月,Member (2 months),,不明,,,4,4,0,2026-09-15 20:06,2026-10-03 20:59,,,https://www.youtube.com/channel/UCgeQCXN_l91HAKfvZrEliPg
UChIPl-hcnKgSme9S42lt-sQ,@mooe53,2,2ヶ月,Member (2 months),,不明,,,4,12,1,2026-09-15 20:06,2026-09-22 22:33,,,https://www.youtube.com/channel/UChIPl-hcnKgSme9S42lt-sQ
UCWrib9554n6Ym0mrVqUqMSg,@wattan073,2,2ヶ月,Member (2 months),,不明,,,4,10,0,2026-09-15 20:06,2026-09-29 05:00,,,https://www.youtube.com/channel/UCWrib9554n6Ym0mrVqUqMSg
UCr_-aIZhmF6eAOF0NLUmOdQ,@chooycr,2,2ヶ月,Member (2 months),,不明,,,4,10,0,2026-09-16 05:01,2026-10-04 17:40,,,https://www.youtube.com/channel/UCr_-aIZhmF6eAOF0NLUmOdQ
UCl4GaewGJWYQ7_jN4c7_9fw,@zzz-m4i9p,2,2ヶ月,Member (2 months),,不明,,,4,22,0,2026-09-16 05:01,2026-10-06 20:31,,,https://www.youtube.com/channel/UCl4GaewGJWYQ7_jN4c7_9fw
UCaEbSRCm2xhHaqquBvli2RQ,@うしまかわる,2,2ヶ月,Member (2 months),,不明,,,4,16,0,2026-09-20 18:55,2026-09-26 05:01,,,https://www.youtube.com/channel/UCaEbSRCm2xhHaqquBvli2RQ
UCb8r5faThhbGTuoAr4UD3hw,@みらい1107,2,2ヶ月,Member (2 months),,不破狂,再加入/レベル変更,,4,272,0,2026-09-22 22:33,2026-09-30 21:03,,,https://www.youtube.com/channel/UCb8r5faThhbGTuoAr4UD3hw
UCPBA81jcneH25VZIcqIUfmg,@호도-n3t,2,2ヶ月,Member (2 months),,不明,,,4,10,0,2026-09-30 21:03,2026-10-04 17:40,,,https://www.youtube.com/channel/UCPBA81jcneH25VZIcqIUfmg
UCvzlaqvanFGb_Zz8_cleVtQ,@キオ-u8m,2,2ヶ月,Member (2 months),,不明,,,3,8,0,2026-09-09 05:37,2026-10-06 20:31,,,https://www.youtube.com/channel/UCvzlaqvanFGb_Zz8_cleVtQ
UCYWDGK-r3qnKKW1WhdaaAfQ,@kirby8169,2,2ヶ月,Member (2 months),,不明,,,3,3,0,2026-09-09 05:37,2026-09-27 06:00,,,https://www.youtube.com/channel/UCYWDGK-r3qnKKW1WhdaaAfQ
UCALFvXhatXMjivI70_nL4kg,@ぷしけえ,2,2ヶ月,Member (2 months),,不明,,,3,12,0,2026-09-09 05:37,2026-09-24 05:04,,,https://www.youtube.com/channel/UCALFvXhatXMjivI70_nL4kg
UCE3DBeqIWbZugHjZqNmHxoA,@カワイ-m1h,2,2ヶ月,Member (2 months),,不明,,,3,15,0,2026-09-09 05:37,2026-09-16 05:01,,,https://www.youtube.com/channel/UCE3DBeqIWbZugHjZqNmHxoA
UCcE27XVkdUqTBlyKd6NyCPA,@ayaka_zz,2,2ヶ月,Member (2 months),,不明,,,3,6,0,2026-09-09 05:37,2026-10-04 17:40,,,https://www.youtube.com/channel/UCcE27XVkdUqTBlyKd6NyCPA
UCLwGwWH-jKtxtOfoBXarXWg,@ringo_hi_me,2,2ヶ月,Member (2 months),,不明,,,3,9,0,2026-09-09 05:37,2026-09-30 21:03,,,https://www.youtube.com/channel/UCLwGwWH-jKtxtOfoBXarXWg
UCcgYNvrP3T9GZTeLA-RQe9A,@ゆめちゃ-e6x,2,2ヶ月,Member (2 months),,不明,,,3,3,0,2026-09-14 07:00,2026-09-27 06:00,,,https://www.youtube.com/channel/UCcgYNvrP3T9GZTeLA-RQe9A
UC9wpWsPjFnrawT9Leb15hXw,@icewoitadaku,2,2ヶ月,Member (2 months),,不明,,,3,112,0,2026-09-14 07:00,2026-10-06 20:31,,,https://www.youtube.com/channel/UC9wpWsPjFnrawT9Leb15hXw
UC0C5-1UG5y6IvIctgpLyN4w,@Tkg_145,2,2ヶ月,Member (2 months),,不明,,,3,17,0,2026-09-14 07:00,2026-09-17 05:05,,,https://www.youtube.com/channel/UC0C5-1UG5y6IvIctgpLyN4w
UCih78MQCzQ3PIi7TqSgvDTg,@なあみ-d3g,2,2ヶ月,Member (2 months),,不明,,,3,302,0,2026-09-14 07:00,2026-09-24 05:04,,,https://www.youtube.com/channel/UCih78MQCzQ3PIi7TqSgvDTg
UC14Zrn5UbzJBg_r99FKkdkQ,@まるいこ-j2n,2,2ヶ月,Member (2 months),,不明,,,3,4,0,2026-09-14 07:00,2026-09-29 05:00,,,https://www.youtube.com/channel/UC14Zrn5UbzJBg_r99FKkdkQ
UCgDMPKEPY1q8G579W5_0MXA,@あぶり_029,2,2ヶ月,Member (2 months),,不明,,,3,5,0,2026-09-14 07:00,2026-09-29 05:00,,,https://www.youtube.com/channel/UCgDMPKEPY1q8G579W5_0MXA
UCZ_Nu7AoesUpWzswb9vypyg,@プライドチキン3,2,2ヶ月,Member (2 months),,不明,,,3,3,0,2026-09-14 07:00,2026-10-04 17:40,,,https://www.youtube.com/channel/UCZ_Nu7AoesUpWzswb9vypyg
UCV5FsWf2gD4AZ9Mnza--utw,@ゆゆ-l3x,2,2ヶ月,Member (2 months),,不明,,,3,5,0,2026-09-14 07:00,2026-09-22 22:33,,,https://www.youtube.com/channel/UCV5FsWf2gD4AZ9Mnza--utw
UCXoR6xljgoqnLiWvFuKvhaQ,@tq4pk4yi6m,2,2ヶ月,Member (2 months),,不明,,,3,8,0,2026-09-14 07:00,2026-09-29 05:00,,,https://www.youtube.com/channel/UCXoR6xljgoqnLiWvFuKvhaQ
UCLfvnKzt3lbW-9MUi8Aj2dw,@ayu-bg313,2,2ヶ月,Member (2 months),,不明,,,3,9,0,2026-09-15 20:06,2026-09-24 05:04,,,https://www.youtube.com/channel/UCLfvnKzt3lbW-9MUi8Aj2dw
UC_21kzsttCl6OWRFctGDaog,@una0148,2,2ヶ月,Member (2 months),,不明,,,3,109,0,2026-09-15 20:06,2026-10-04 17:40,,,https://www.youtube.com/channel/UC_21kzsttCl6OWRFctGDaog
UCI7L4syO_4RzUUXcbg-G82w,@user-jfdm384fn,2,2ヶ月,Member (2 months),,不明,,,3,11,0,2026-09-15 20:06,2026-10-06 20:31,,,https://www.youtube.com/channel/UCI7L4syO_4RzUUXcbg-G82w
UClekszgZE3GkjSsTZ2JvrUg,@user-si3ub7wk7q,2,2ヶ月,Member (2 months),,不明,,,3,3,0,2026-09-15 20:06,2026-10-06 20:31,,,https://www.youtube.com/channel/UClekszgZE3GkjSsTZ2JvrUg
UC0rF7yCuQg_Jtqv-i6OlLYw,@果物-c5q,2,2ヶ月,Member (2 months),,不明,,,3,18,0,2026-09-17 05:05,2026-09-22 22:33,,,https://www.youtube.com/channel/UC0rF7yCuQg_Jtqv-i6OlLYw
UCywoAPtdz5iwfgzN6S_yrfA,@u.u.me2,2,2ヶ月,Member (2 months),,不明,,,3,4,0,2026-09-20 18:55,2026-09-30 21:03,,,https://www.youtube.com/channel/UCywoAPtdz5iwfgzN6S_yrfA
UCrggK_eIXbAaSsrFkiSv3Ng,@んなち_25,2,2ヶ月,Member (2 months),,不明,,,3,7,0,2026-09-20 18:55,2026-10-06 20:31,,,https://www.youtube.com/channel/UCrggK_eIXbAaSsrFkiSv3Ng
UCrw40c_cPOctbEnrT7N8JLg,@ppjjp9,2,2ヶ月,Member (2 months),,不明,,,3,17,0,2026-09-20 18:55,2026-09-26 05:01,,,https://www.youtube.com/channel/UCrw40c_cPOctbEnrT7N8JLg
UCkaRSLoHfToB122n9l_JWIQ,@のるる_k,2,2ヶ月,Member (2 months),,不明,,,3,12,0,2026-09-21 05:00,2026-10-06 20:31,,,https://www.youtube.com/channel/UCkaRSLoHfToB122n9l_JWIQ
UCFGVLxxfuHc3rQtHqZa_KjA,@めぇ-ちゃ,2,2ヶ月,Member (2 months),,不明,,,3,3,0,2026-09-21 05:00,2026-09-30 21:03,,,https://www.youtube.com/channel/UCFGVLxxfuHc3rQtHqZa_KjA
UCo742KcjSVYB6I2gEb9cUNQ,@Yui_77_s2,2,2ヶ月,Member (2 months),,不明,,,3,20,0,2026-09-22 22:33,2026-09-29 05:00,,,https://www.youtube.com/channel/UCo742KcjSVYB6I2gEb9cUNQ
UCMCTBPePxXohokmfdmcQfKw,@愛ちゃん-d5g,2,2ヶ月,Member (2 months),,不明,,,3,3,0,2026-09-27 06:00,2026-10-08 00:00,,,https://www.youtube.com/channel/UCMCTBPePxXohokmfdmcQfKw
UCSQRbVHKuZtOZXX_PmkcfzQ,@ささまる-v,2,2ヶ月,Member (2 months),,不明,,,3,97,0,2026-10-03 20:59,2026-10-06 20:31,,,https://www.youtube.com/channel/UCSQRbVHKuZtOZXX_PmkcfzQ
UCe-QKu0T4_ihgGZvwt9zXkQ,@rure.4728,2,2ヶ月,Member (2 months),,不明,,,2,4,0,2026-09-09 05:37,2026-09-14 07:00,,,https://www.youtube.com/channel/UCe-QKu0T4_ihgGZvwt9zXkQ
UCAG90pHFR0z8NIOvggxzOAQ,@akeraboo,2,2ヶ月,Member (2 months),,不明,,,2,23,0,2026-09-09 05:37,2026-09-14 07:00,,,https://www.youtube.com/channel/UCAG90pHFR0z8NIOvggxzOAQ
UC0C0KdZs8siI999PP6ZALgA,@nami_55N,2,2ヶ月,Member (2 months),,不明,,,2,3,0,2026-09-09 05:37,2026-09-22 22:33,,,https://www.youtube.com/channel/UC0C0KdZs8siI999PP6ZALgA
UC3qPEbLE9K-8MZPzlHauFLw,@楪-u2l,2,2ヶ月,Member (2 months),,不明,,,2,2,0,2026-09-09 05:37,2026-09-20 18:55,,,https://www.youtube.com/channel/UC3qPEbLE9K-8MZPzlHauFLw
UCwhWhDHsKtpfSVk2Fw1nRIQ,@瀬川ゆと,2,2ヶ月,Member (2 months),,不明,,,2,3,0,2026-09-09 05:37,2026-09-14 07:00,,,https://www.youtube.com/channel/UCwhWhDHsKtpfSVk2Fw1nRIQ
UCO7RzOaCxz7C5uuZQ5h_dbw,@はちつばき,2,2ヶ月,Member (2 months),,不明,,,2,28,0,2026-09-09 05:37,2026-09-26 05:01,,,https://www.youtube.com/channel/UCO7RzOaCxz7C5uuZQ5h_dbw
UCtx06QDsc1zj4vPMtDpT2SQ,@SHION-u3b,2,2ヶ月,Member (2 months),,不明,,,2,4,0,2026-09-09 05:37,2026-09-26 05:01,,,https://www.youtube.com/channel/UCtx06QDsc1zj4vPMtDpT2SQ
UCZ4ERzPxrMLPbA5SLNnw-Og,@あみまむみ,2,2ヶ月,Member (2 months),,不明,,,2,3,0,2026-09-09 05:37,2026-09-14 07:00,,,https://www.youtube.com/channel/UCZ4ERzPxrMLPbA5SLNnw-Og
UCuUjkbD9GHWqyhoOdY5rPBA,@spooop__dogg,2,2ヶ月,Member (2 months),,不明,,,2,9,0,2026-09-14 07:00,2026-09-16 05:01,,,https://www.youtube.com/channel/UCuUjkbD9GHWqyhoOdY5rPBA
UCMbwcrahhB56mLofaSwZgpQ,@ここ_x_x,2,2ヶ月,Member (2 months),,不明,,,2,34,1,2026-09-14 07:00,2026-09-29 05:00,,,https://www.youtube.com/channel/UCMbwcrahhB56mLofaSwZgpQ
UChYkA7GRrMyJtptPycawrog,@美濃もんた,2,2ヶ月,Member (2 months),,不明,,,2,18,0,2026-09-14 07:00,2026-09-22 22:33,,,https://www.youtube.com/channel/UChYkA7GRrMyJtptPycawrog
UCBurOiAR8ZTHdaep6Rya4pw,@sugiko5809,2,2ヶ月,Member (2 months),,不明,,,2,2,0,2026-09-14 07:00,2026-10-06 20:31,,,https://www.youtube.com/channel/UCBurOiAR8ZTHdaep6Rya4pw
UCVDgBDCTSN9hjvJqAnVw33Q,@user-Curry.12ru,2,2ヶ月,Member (2 months),,不明,,,2,6,0,2026-09-14 07:00,2026-09-15 20:06,,,https://www.youtube.com/channel/UCVDgBDCTSN9hjvJqAnVw33Q
UC_3ihyXTDMaVfCRLE2iMyzQ,@ニャンたん,2,2ヶ月,Member (2 months),,不明,,,2,5,0,2026-09-14 07:00,2026-09-29 05:00,,,https://www.youtube.com/channel/UC_3ihyXTDMaVfCRLE2iMyzQ
UCtH4E9XpVLK6ax8spmR-p6g,@Shiki_AME,2,2ヶ月,Member (2 months),,不明,,,2,5,0,2026-09-14 07:00,2026-09-22 22:33,,,https://www.youtube.com/channel/UCtH4E9XpVLK6ax8spmR-p6g
UC9zJ4etggWfo1sxOFrh4NIg,@Love_3710,2,2ヶ月,Member (2 months),,不明,,,2,5,0,2026-09-14 07:00,2026-10-06 20:31,,,https://www.youtube.com/channel/UC9zJ4etggWfo1sxOFrh4NIg
UC3Io2b98cj956_HQUa20G2Q,@moe912flower,2,2ヶ月,Member (2 months),,不明,,,2,5,0,2026-09-14 07:00,2026-10-06 20:31,,,https://www.youtube.com/channel/UC3Io2b98cj956_HQUa20G2Q
UCR8H3MEq1ixWR2s168DVRfw,@yuzu2736,2,2ヶ月,Member (2 months),,不明,,,2,34,0,2026-09-14 07:00,2026-09-22 22:33,,,https://www.youtube.com/channel/UCR8H3MEq1ixWR2s168DVRfw
UCRqRpdcCKQ-bJEep8UETYCQ,@722nyqn,2,2ヶ月,Member (2 months),,不明,,,2,2,0,2026-09-14 07:00,2026-10-08 00:00,,,https://www.youtube.com/channel/UCRqRpdcCKQ-bJEep8UETYCQ
UCVPCVcfoGc7D_x0PTkuEjnQ,@るるか-rvlxnr,2,2ヶ月,Member (2 months),,不明,,,2,3,0,2026-09-14 07:00,2026-09-29 05:00,,,https://www.youtube.com/channel/UCVPCVcfoGc7D_x0PTkuEjnQ
UCcL-Jaf055FesugbQJ96kfg,@華月-1412,2,2ヶ月,Member (2 months),,不明,,,2,2,0,2026-09-14 07:00,2026-09-26 05:01,,,https://www.youtube.com/channel/UCcL-Jaf055FesugbQJ96kfg
UCCsC0BW62TTxvVTwsJzOkjw,@oimoimo-i,2,2ヶ月,Member (2 months),,不明,,,2,2,0,2026-09-15 20:06,2026-10-08 00:00,,,https://www.youtube.com/channel/UCCsC0BW62TTxvVTwsJzOkjw
UC57Sd9vGgtVEUdD2ZTDEjjg,@haru5447,2,2ヶ月,Member (2 months),,不明,,,2,5,0,2026-09-15 20:06,2026-09-27 06:00,,,https://www.youtube.com/channel/UC57Sd9vGgtVEUdD2ZTDEjjg
UCLCA3MMatkNLZSBRJNC98ig,@とっち-p6u,2,2ヶ月,Member (2 months),,不明,,,2,8,0,2026-09-15 20:06,2026-09-22 22:33,,,https://www.youtube.com/channel/UCLCA3MMatkNLZSBRJNC98ig
UC5hR1ZF9CkjgHAhQK1T6s5A,@youliii-l7z,2,2ヶ月,Member (2 months),,不破狂,再加入/レベル変更,,2,1,0,2026-09-15 20:06,2026-10-01 20:48,,,https://www.youtube.com/channel/UC5hR1ZF9CkjgHAhQK1T6s5A
UCUodmROcHEeIHHK6Jv5LZgQ,@user-dp6pm8hg8p,2,2ヶ月,Member (2 months),,不明,,,2,3,0,2026-09-15 20:06,2026-09-24 05:04,,,https://www.youtube.com/channel/UCUodmROcHEeIHHK6Jv5LZgQ
UCH9V9E6ouh_O01MfRp5bnKg,@つきff,2,2ヶ月,Member (2 months),,不明,,,2,4,0,2026-09-15 20:06,2026-10-06 20:31,,,https://www.youtube.com/channel/UCH9V9E6ouh_O01MfRp5bnKg
UCUE6bWI9A3D8o9IEdVzIVXA,@mielatte_,2,2ヶ月,Member (2 months),,不明,,,2,12,0,2026-09-15 20:06,2026-09-22 22:33,,,https://www.youtube.com/channel/UCUE6bWI9A3D8o9IEdVzIVXA
UCNM4JRpkIPwtFI6s65CHRvg,@po-qk3gz,2,2ヶ月,Member (2 months),,不明,,,2,3,0,2026-09-15 20:06,2026-10-06 20:31,,,https://www.youtube.com/channel/UCNM4JRpkIPwtFI6s65CHRvg
UCOnn42qYC2BRMA06n8IRYBg,@viqlm1,2,2ヶ月,Member (2 months),,不明,,,2,7,1,2026-09-16 05:01,2026-10-06 20:31,,,https://www.youtube.com/channel/UCOnn42qYC2BRMA06n8IRYBg
UC55ZlUWIGFisjx2TSTMCqjw,@kyk0418,2,2ヶ月,Member (2 months),,不明,,,2,6,0,2026-09-16 05:01,2026-09-17 05:05,,,https://www.youtube.com/channel/UC55ZlUWIGFisjx2TSTMCqjw
UCGqp0xB3pDBbyjBJhdij8zg,@RINGO_NEKO,2,2ヶ月,Member (2 months),,不明,,,2,3,0,2026-09-16 05:01,2026-09-21 05:00,,,https://www.youtube.com/channel/UCGqp0xB3pDBbyjBJhdij8zg
UCbazvh9DX-BZ404Ul66-7aQ,@tg_hina0609,2,2ヶ月,Member (2 months),,不明,,,2,2,0,2026-09-17 05:05,2026-09-24 05:04,,,https://www.youtube.com/channel/UCbazvh9DX-BZ404Ul66-7aQ
UCqWux8aQmqm6kFVXNMITqMg,@みお-r6r,2,2ヶ月,Member (2 months),,不明,,,2,2,0,2026-09-17 05:05,2026-09-21 05:00,,,https://www.youtube.com/channel/UCqWux8aQmqm6kFVXNMITqMg
UCELU9VCg0ombjkThwLtsofg,@nasuko_ko,2,2ヶ月,Member (2 months),,不明,,,2,37,0,2026-09-17 05:05,2026-10-06 20:31,,,https://www.youtube.com/channel/UCELU9VCg0ombjkThwLtsofg
UCZsfTMAR8fNQ2vLgtIkOjeQ,@uninightmear,2,2ヶ月,Member (2 months),,不明,,,2,2,0,2026-09-17 05:05,2026-09-21 05:00,,,https://www.youtube.com/channel/UCZsfTMAR8fNQ2vLgtIkOjeQ
UCrDt-o52J_02crOp3Dd4-Ug,@ンク-nkkk0308,2,2ヶ月,Member (2 months),,不明,,,2,2,0,2026-09-20 18:55,2026-10-06 20:31,,,https://www.youtube.com/channel/UCrDt-o52J_02crOp3Dd4-Ug
UCo2qm169VK3sjVP3mPZhvew,@ゆずりんご_05,2,2ヶ月,Member (2 months),,不明,,,2,63,0,2026-09-20 18:55,2026-09-21 05:00,,,https://www.youtube.com/channel/UCo2qm169VK3sjVP3mPZhvew
UCWe0FnTJYsBAX-ZyGW4X5vg,@konsome78,2,2ヶ月,Member (2 months),,不明,,,2,2,0,2026-09-20 18:55,2026-09-30 21:03,,,https://www.youtube.com/channel/UCWe0FnTJYsBAX-ZyGW4X5vg
UCpg9Kyr0muXuaBDmxN2PZWg,@cal2-zrio,2,2ヶ月,Member (2 months),,不明,,,2,8,0,2026-09-21 05:00,2026-09-22 22:33,,,https://www.youtube.com/channel/UCpg9Kyr0muXuaBDmxN2PZWg
UCQ4c4p1qWZj_ZXH1ZUtEIIw,@HANAparsley,2,2ヶ月,Member (2 months),,不明,,,2,3,0,2026-09-21 05:00,2026-10-02 21:00,,,https://www.youtube.com/channel/UCQ4c4p1qWZj_ZXH1ZUtEIIw
UCrYIVpz1ReELjBUSA0r0vFw,@007F89-a,2,2ヶ月,Member (2 months),,不明,,,2,13,0,2026-09-21 05:00,2026-09-26 05:01,,,https://www.youtube.com/channel/UCrYIVpz1ReELjBUSA0r0vFw
UCxG9SDmsqN6U1DcAPS00N1A,@いおう-x4p,2,2ヶ月,Member (2 months),,不明,,,2,11,0,2026-09-22 22:33,2026-10-08 00:00,,,https://www.youtube.com/channel/UCxG9SDmsqN6U1DcAPS00N1A
UCvxMeftu6KGt4-qfphdqooA,@k6_na,2,2ヶ月,Member (2 months),,不明,,,2,8,0,2026-09-24 05:04,2026-10-08 00:00,,,https://www.youtube.com/channel/UCvxMeftu6KGt4-qfphdqooA
UCxhWFUE5DElQ_uaoMzdMEAA,@TT-kq8cv,2,2ヶ月,Member (2 months),,不明,,,2,8,0,2026-09-26 05:01,2026-09-30 21:03,,,https://www.youtube.com/channel/UCxhWFUE5DElQ_uaoMzdMEAA
UC0mTwr_6aR-DZXnSAAfTm6g,@m0zuku030,2,2ヶ月,Member (2 months),,不明,,,2,2,0,2026-09-29 05:00,2026-10-08 00:00,,,https://www.youtube.com/channel/UC0mTwr_6aR-DZXnSAAfTm6g
UCWnAastWhd3CX2JO8Cwllzg,@りっさん_o18,2,2ヶ月,Member (2 months),,不明,,,2,2,0,2026-09-29 05:00,2026-10-04 17:40,,,https://www.youtube.com/channel/UCWnAastWhd3CX2JO8Cwllzg
UCx0Z-3LYDsB1_csi99U4wgw,@たなか2045,2,2ヶ月,Member (2 months),,不明,,,2,11,0,2026-09-30 21:03,2026-10-01 20:48,,,https://www.youtube.com/channel/UCx0Z-3LYDsB1_csi99U4wgw
UCt3Br25q4Gh7AH3QpkxqlYw,@雪宮_f_st,2,2ヶ月,Member (2 months),,不明,,,2,6,0,2026-09-30 21:03,2026-10-06 20:31,,,https://www.youtube.com/channel/UCt3Br25q4Gh7AH3QpkxqlYw
UC4LDrxKUcfJQeBu4CL7DAOw,@せら_7113,2,2ヶ月,Member (2 months),,不明,,,2,3,0,2026-09-30 21:03,2026-10-01 20:48,,,https://www.youtube.com/channel/UC4LDrxKUcfJQeBu4CL7DAOw
UCQl5qfQBYfD_zJ-h2TgSBfg,@user-en2xw9im3j,2,2ヶ月,Member (2 months),,不明,,,2,2,0,2026-10-02 21:00,2026-10-06 20:31,,,https://www.youtube.com/channel/UCQl5qfQBYfD_zJ-h2TgSBfg
UCzD4GwDMJCf03-VtVLL8TGA,@aya-x6j9o,2,2ヶ月,Member (2 months),,不明,,,2,2,0,2026-10-02 21:00,2026-10-08 00:00,,,https://www.youtube.com/channel/UCzD4GwDMJCf03-VtVLL8TGA
UCcQUnVBH0I2tm4y-JePUXFw,@なかさと-o6i,2,2ヶ月,Member (2 months),,不明,,,2,6,0,2026-10-06 20:31,2026-10-08 00:00,,,https://www.youtube.com/channel/UCcQUnVBH0I2tm4y-JePUXFw
UCdUR4zOwd0rRSBtSDwGMOUA,@mao_04ai,2,2ヶ月,Member (2 months),,不明,,,2,11,0,2026-10-06 20:31,2026-10-08 00:00,,,https://www.youtube.com/channel/UCdUR4zOwd0rRSBtSDwGMOUA
UC4WMql1v3nIl5UNgske2Q2Q,@のあ_ふそく,2,2ヶ月,Member (2 months),,不明,,,1,4,1,2026-09-09 05:37,2026-09-09 05:37,,,https://www.youtube.com/channel/UC4WMql1v3nIl5UNgske2Q2Q
UCWn7b7iCP1h5hneZr3OvF4w,@HANANO-u9i,2,2ヶ月,Member (2 months),,不明,,,1,14,0,2026-09-09 05:37,2026-09-09 05:37,,,https://www.youtube.com/channel/UCWn7b7iCP1h5hneZr3OvF4w
UCpC8aTImmZ3EN88VhOLAKwQ,@kiyona_i,2,2ヶ月,Member (2 months),,不明,,,1,3,0,2026-09-09 05:37,2026-09-09 05:37,,,https://www.youtube.com/channel/UCpC8aTImmZ3EN88VhOLAKwQ
UCM26xc3ptq27uNR-KTqIhzg,@aちゃん-b4o,2,2ヶ月,Member (2 months),,不明,,,1,1,0,2026-09-09 05:37,2026-09-09 05:37,,,https://www.youtube.com/channel/UCM26xc3ptq27uNR-KTqIhzg
UCCEa_ZWhZTCNZQS2hnCYvfA,@ak1023msk,2,2ヶ月,Member (2 months),,不明,,,1,4,0,2026-09-14 07:00,2026-09-14 07:00,,,https://www.youtube.com/channel/UCCEa_ZWhZTCNZQS2hnCYvfA
UCBz36ePNwqadIaC3T94NUTw,@naginamip,2,2ヶ月,Member (2 months),,不明,,,1,1,0,2026-09-14 07:00,2026-09-14 07:00,,,https://www.youtube.com/channel/UCBz36ePNwqadIaC3T94NUTw
UC_S2nxwKdo_qKvXlxNVCv_Q,@lllrrr,2,2ヶ月,Member (2 months),,不明,,,1,1,0,2026-09-14 07:00,2026-09-14 07:00,,,https://www.youtube.com/channel/UC_S2nxwKdo_qKvXlxNVCv_Q
UCVy2jT8RGU-IikendzYF3ig,@さくり-d2w,2,2ヶ月,Member (2 months),,不明,,,1,3,1,2026-09-14 07:00,2026-09-14 07:00,,,https://www.youtube.com/channel/UCVy2jT8RGU-IikendzYF3ig
UCwdh2ct9SUTyjLOshfRK1Ug,@isino236,2,2ヶ月,Member (2 months),,不明,,,1,1,0,2026-09-14 07:00,2026-09-14 07:00,,,https://www.youtube.com/channel/UCwdh2ct9SUTyjLOshfRK1Ug
UCv8H3FAdAaYBJKHCIFCj5cg,@サラミくん_srm,2,2ヶ月,Member (2 months),,不明,,,1,3,0,2026-09-14 07:00,2026-09-14 07:00,,,https://www.youtube.com/channel/UCv8H3FAdAaYBJKHCIFCj5cg
UC2a5uueyYdfnDW_-PS-h8Ww,@ひなの-w2m,2,2ヶ月,Member (2 months),,不明,,,1,1,0,2026-09-14 07:00,2026-09-14 07:00,,,https://www.youtube.com/channel/UC2a5uueyYdfnDW_-PS-h8Ww
UC8Jbn-jw0RDo-2gNZKiL75w,@nokasan1008,2,2ヶ月,Member (2 months),,不明,,,1,1,1,2026-09-14 07:00,2026-09-14 07:00,,,https://www.youtube.com/channel/UC8Jbn-jw0RDo-2gNZKiL75w
UCSKw6Chp4hwBtvVdp6DTByw,@あおい1204-h3x,2,2ヶ月,Member (2 months),,不明,,,1,1,0,2026-09-14 07:00,2026-09-14 07:00,,,https://www.youtube.com/channel/UCSKw6Chp4hwBtvVdp6DTByw
UCtR_INfjdSDm_rm0PId6uPw,@あげから-e4d,2,2ヶ月,Member (2 months),,不明,,,1,1,0,2026-09-14 07:00,2026-09-14 07:00,,,https://www.youtube.com/channel/UCtR_INfjdSDm_rm0PId6uPw
UCe77ejo86ilCs-W6HAK1Lgg,@あお-v2t3t,2,2ヶ月,Member (2 months),,不明,,,1,3,0,2026-09-15 20:06,2026-09-15 20:06,,,https://www.youtube.com/channel/UCe77ejo86ilCs-W6HAK1Lgg
UC1E3BoM3zJ_fR0LF8NitEIw,@みぞれ-272,2,2ヶ月,Member (2 months),,不明,,,1,13,0,2026-09-15 20:06,2026-09-15 20:06,,,https://www.youtube.com/channel/UC1E3BoM3zJ_fR0LF8NitEIw
UCZtcBWUZQ1f8GKEa8kbTgaA,@chuniii913,2,2ヶ月,Member (2 months),,不明,,,1,6,0,2026-09-15 20:06,2026-09-15 20:06,,,https://www.youtube.com/channel/UCZtcBWUZQ1f8GKEa8kbTgaA
UChC6W791uj8ReIZ8n4LLu5w,@しゃけが大好きしのぶ,2,2ヶ月,Member (2 months),,不明,,,1,10,0,2026-09-15 20:06,2026-09-15 20:06,,,https://www.youtube.com/channel/UChC6W791uj8ReIZ8n4LLu5w
UCzXC8OMxHI9U4Jbq4Vzt5ng,@瑞樹-o7n,2,2ヶ月,Member (2 months),,不明,,,1,1,0,2026-09-15 20:06,2026-09-15 20:06,,,https://www.youtube.com/channel/UCzXC8OMxHI9U4Jbq4Vzt5ng
UC49vH0EfNIBG0rAmo1jxixg,@0v0_wing,2,2ヶ月,Member (2 months),,不明,,,1,10,0,2026-09-15 20:06,2026-09-15 20:06,,,https://www.youtube.com/channel/UC49vH0EfNIBG0rAmo1jxixg
UCij-jTyEYLTLys7N1KGkLYw,@74sachiko,2,2ヶ月,Member (2 months),,不明,,,1,1,0,2026-09-15 20:06,2026-09-15 20:06,,,https://www.youtube.com/channel/UCij-jTyEYLTLys7N1KGkLYw
UCdeU575rYxHs-0VDbf5YUTg,@リジー-o3v,2,2ヶ月,Member (2 months),,不明,,,1,2,0,2026-09-15 20:06,2026-09-15 20:06,,,https://www.youtube.com/channel/UCdeU575rYxHs-0VDbf5YUTg
UC5TQsx3Zx7ihXvkQfSNMo6w,@琳_912,2,2ヶ月,Member (2 months),,不明,,,1,8,0,2026-09-15 20:06,2026-09-15 20:06,,,https://www.youtube.com/channel/UC5TQsx3Zx7ihXvkQfSNMo6w
UCkT4nNYnC8T64kWOErhmbmQ,@oly52726,2,2ヶ月,Member (2 months),,不明,,,1,1,0,2026-09-15 20:06,2026-09-15 20:06,,,https://www.youtube.com/channel/UCkT4nNYnC8T64kWOErhmbmQ
UC6qmNjGnkS93BHvDeNt83qw,@kkc_shi,2,2ヶ月,Member (2 months),,不明,,,1,45,0,2026-09-15 20:06,2026-09-15 20:06,,,https://www.youtube.com/channel/UC6qmNjGnkS93BHvDeNt83qw
UCiKJnwZbQ08Ys5xAHtZYBTA,@エッグベネディ-f4k,2,2ヶ月,Member (2 months),,不明,,,1,8,0,2026-09-15 20:06,2026-09-15 20:06,,,https://www.youtube.com/channel/UCiKJnwZbQ08Ys5xAHtZYBTA
UC5wH2bZCg3ephO0tOiD5Rpg,@ぐぅ-c4t,2,2ヶ月,Member (2 months),,不明,,,1,1,0,2026-09-15 20:06,2026-09-15 20:06,,,https://www.youtube.com/channel/UC5wH2bZCg3ephO0tOiD5Rpg
UC3oYm2_LJF2ThKWgmCWyNvg,@seiy5510,2,2ヶ月,Member (2 months),,不明,,,1,5,0,2026-09-15 20:06,2026-09-15 20:06,,,https://www.youtube.com/channel/UC3oYm2_LJF2ThKWgmCWyNvg
UCb9E8k4M68YxfnCz1gVzOig,@imoShiori,2,2ヶ月,Member (2 months),,不明,,,1,1,0,2026-09-15 20:06,2026-09-15 20:06,,,https://www.youtube.com/channel/UCb9E8k4M68YxfnCz1gVzOig
UC8dsgQR-NRjj6NrcWqRJMaA,@ゆきへろ,2,2ヶ月,Member (2 months),,不明,,,1,5,0,2026-09-15 20:06,2026-09-15 20:06,,,https://www.youtube.com/channel/UC8dsgQR-NRjj6NrcWqRJMaA
UCLlc-U1_gS0Y4fQTht5C_Fg,@東雲-b1h,2,2ヶ月,Member (2 months),,不明,,,1,1,0,2026-09-15 20:06,2026-09-15 20:06,,,https://www.youtube.com/channel/UCLlc-U1_gS0Y4fQTht5C_Fg
UC6wv13kx5z7fc_yVV5lR0EA,@ゆのあああああん,2,2ヶ月,Member (2 months),,不明,,,1,1,0,2026-09-15 20:06,2026-09-15 20:06,,,https://www.youtube.com/channel/UC6wv13kx5z7fc_yVV5lR0EA
UC7hsS0ki3UGXq68rMTPwtxg,@user-ns9zb9hd2p,2,2ヶ月,Member (2 months),,不明,,,1,2,0,2026-09-15 20:06,2026-09-15 20:06,,,https://www.youtube.com/channel/UC7hsS0ki3UGXq68rMTPwtxg
UCz4dXKbnqG3T20GlgZ7imHA,@はつかだ,2,2ヶ月,Member (2 months),,不明,,,1,3,1,2026-09-15 20:06,2026-09-15 20:06,,,https://www.youtube.com/channel/UCz4dXKbnqG3T20GlgZ7imHA
UCsuMlFX0RHupc4KR_tw8m7g,@malib00power,2,2ヶ月,Member (2 months),,不明,,,1,1,0,2026-09-15 20:06,2026-09-15 20:06,,,https://www.youtube.com/channel/UCsuMlFX0RHupc4KR_tw8m7g
UCUtRCG2uuhM9U1_vmOnRs1g,@rueico6907,2,2ヶ月,Member (2 months),,不明,,,1,2,0,2026-09-15 20:06,2026-09-15 20:06,,,https://www.youtube.com/channel/UCUtRCG2uuhM9U1_vmOnRs1g
UCAP8T3aV3NoGAC28K9A3_tQ,@starl1ght03,2,2ヶ月,Member (2 months),,不明,,,1,1,0,2026-09-15 20:06,2026-09-15 20:06,,,https://www.youtube.com/channel/UCAP8T3aV3NoGAC28K9A3_tQ
UCsjRScm5J7CfdYaCFL2mXWw,@胤萘,2,2ヶ月,Member (2 months),,不破狂,再加入/レベル変更,,1,0,0,2026-09-15 20:06,2026-09-15 20:06,,,https://www.youtube.com/channel/UCsjRScm5J7CfdYaCFL2mXWw
UCUBocciKgIZdniLppZyCsBA,@6ratA,2,2ヶ月,Member (2 months),,不明,,,1,1,0,2026-09-16 05:01,2026-09-16 05:01,,,https://www.youtube.com/channel/UCUBocciKgIZdniLppZyCsBA
UCuAk_s6OgwT49vUd37xn1zw,@いぬのなる木,2,2ヶ月,Member (2 months),,不明,,,1,1,0,2026-09-16 05:01,2026-09-16 05:01,,,https://www.youtube.com/channel/UCuAk_s6OgwT49vUd37xn1zw
UCorgRYJuJ3l7uDn94erlW6g,@milmil_22,2,2ヶ月,Member (2 months),,不明,,,1,1,0,2026-09-16 05:01,2026-09-16 05:01,,,https://www.youtube.com/channel/UCorgRYJuJ3l7uDn94erlW6g
UCIgqWCbMfl_gvnr4maXWZYA,@つな-p7w,2,2ヶ月,Member (2 months),,不明,,,1,1,0,2026-09-16 05:01,2026-09-16 05:01,,,https://www.youtube.com/channel/UCIgqWCbMfl_gvnr4maXWZYA
UCF7Y0eOd69-wpzR2BgISBag,@イヴァ-ss,2,2ヶ月,Member (2 months),,不明,,,1,1,0,2026-09-16 05:01,2026-09-16 05:01,,,https://www.youtube.com/channel/UCF7Y0eOd69-wpzR2BgISBag
UCxtr2unckqxK3ykK9OO_H2w,@てや-g5l,2,2ヶ月,Member (2 months),,不明,,,1,1,0,2026-09-16 05:01,2026-09-16 05:01,,,https://www.youtube.com/channel/UCxtr2unckqxK3ykK9OO_H2w
UC4EUAAF5yWqbfafDFJDXYqA,@にじょー_x2,2,2ヶ月,Member (2 months),,不明,,,1,1,0,2026-09-16 05:01,2026-09-16 05:01,,,https://www.youtube.com/channel/UC4EUAAF5yWqbfafDFJDXYqA
UCYffmmjEg-ofrTT-zckACwQ,@ああああや3,2,2ヶ月,Member (2 months),,不明,,,1,6,0,2026-09-17 05:05,2026-09-17 05:05,,,https://www.youtube.com/channel/UCYffmmjEg-ofrTT-zckACwQ
UCSpWniP5_OYF6rYn-UdOPew,@angggggg1,2,2ヶ月,Member (2 months),,不明,,,1,2,0,2026-09-17 05:05,2026-09-17 05:05,,,https://www.youtube.com/channel/UCSpWniP5_OYF6rYn-UdOPew
UCcBlcv4HwuhK6t7ofJ5YNvA,@Happy49-yu,2,2ヶ月,Member (2 months),,不明,,,1,1,0,2026-09-17 05:05,2026-09-17 05:05,,,https://www.youtube.com/channel/UCcBlcv4HwuhK6t7ofJ5YNvA
UCNXS-oqs3lOe4UAEPyydIXQ,@hihihi-khi,2,2ヶ月,Member (2 months),,不明,,,1,11,0,2026-09-17 05:05,2026-09-17 05:05,,,https://www.youtube.com/channel/UCNXS-oqs3lOe4UAEPyydIXQ
UCMtOVMDDMhX5ZYHgATzTqzw,@とうい0.-.0,2,2ヶ月,Member (2 months),,不明,,,1,1,0,2026-09-17 05:05,2026-09-17 05:05,,,https://www.youtube.com/channel/UCMtOVMDDMhX5ZYHgATzTqzw
UCXsR4ONrzPBesmeRqsqJGRA,@ゆかね-c10ver,2,2ヶ月,Member (2 months),,不明,,,1,1,0,2026-09-17 05:05,2026-09-17 05:05,,,https://www.youtube.com/channel/UCXsR4ONrzPBesmeRqsqJGRA
UC3rbghA09ESQYThBUkPV2Rw,@nAoooooNn,2,2ヶ月,Member (2 months),,不明,,,1,2,0,2026-09-20 18:55,2026-09-20 18:55,,,https://www.youtube.com/channel/UC3rbghA09ESQYThBUkPV2Rw
UCNIXC_Mo7hwFaC9UR2MFIaw,@あのね-e2z,2,2ヶ月,Member (2 months),,不明,,,1,14,0,2026-09-20 18:55,2026-09-20 18:55,,,https://www.youtube.com/channel/UCNIXC_Mo7hwFaC9UR2MFIaw
UC6Xjir9rbiCA67OKHbav9xA,@333あろんあるふぁ,2,2ヶ月,Member (2 months),,不明,,,1,1,0,2026-09-20 18:55,2026-09-20 18:55,,,https://www.youtube.com/channel/UC6Xjir9rbiCA67OKHbav9xA
UCp-JsrsoH3xE7oAHJYdijHw,@Haru_cr418,2,2ヶ月,Member (2 months),,不明,,,1,1,0,2026-09-20 18:55,2026-09-20 18:55,,,https://www.youtube.com/channel/UCp-JsrsoH3xE7oAHJYdijHw
UC9lniaAVSsHPb8EWMfckoog,@chii9958,2,2ヶ月,Member (2 months),,不明,,,1,2,0,2026-09-20 18:55,2026-09-20 18:55,,,https://www.youtube.com/channel/UC9lniaAVSsHPb8EWMfckoog
UCZzECjz2fRDla669A-hXI1A,@みみ-m4j8s,2,2ヶ月,Member (2 months),,不明,,,1,1,0,2026-09-21 05:00,2026-09-21 05:00,,,https://www.youtube.com/channel/UCZzECjz2fRDla669A-hXI1A
UCV1cilZ7lj5AmZwdl4KLcCA,@ももたると_R,2,2ヶ月,Member (2 months),,不明,,,1,3,0,2026-09-21 05:00,2026-09-21 05:00,,,https://www.youtube.com/channel/UCV1cilZ7lj5AmZwdl4KLcCA
UCPsTNYblQo9gMTwF0kW7hig,@sa_syk18,2,2ヶ月,Member (2 months),,不明,,,1,1,0,2026-09-21 05:00,2026-09-21 05:00,,,https://www.youtube.com/channel/UCPsTNYblQo9gMTwF0kW7hig
UCwvOQsDZ7xXgaY_ePwSh9Jg,@moana9654,2,2ヶ月,Member (2 months),,不明,,,1,1,0,2026-09-22 22:33,2026-09-22 22:33,,,https://www.youtube.com/channel/UCwvOQsDZ7xXgaY_ePwSh9Jg
UCgaCd3ArjO8wBYYNnDX09xg,@のき-ki,2,2ヶ月,Member (2 months),,不明,,,1,1,0,2026-09-22 22:33,2026-09-22 22:33,,,https://www.youtube.com/channel/UCgaCd3ArjO8wBYYNnDX09xg
UCJPfnnjYWSnQnCgJCNOsEiw,@みーーと-q4l,2,2ヶ月,Member (2 months),,不明,,,1,2,0,2026-09-22 22:33,2026-09-22 22:33,,,https://www.youtube.com/channel/UCJPfnnjYWSnQnCgJCNOsEiw
UCvbbGAYpHzeyOoMGTl4ul6A,@mfg-c5q,2,2ヶ月,Member (2 months),,不明,,,1,3,0,2026-09-22 22:33,2026-09-22 22:33,,,https://www.youtube.com/channel/UCvbbGAYpHzeyOoMGTl4ul6A
UC2DFnQAoSpJfe8FXbPzLLCw,@タール-103,2,2ヶ月,Member (2 months),,不明,,,1,1,0,2026-09-22 22:33,2026-09-22 22:33,,,https://www.youtube.com/channel/UC2DFnQAoSpJfe8FXbPzLLCw
UCa-yDEImz68_xiHcs9bhUkw,@sssyy0825,2,2ヶ月,Member (2 months),,不明,,,1,2,0,2026-09-22 22:33,2026-09-22 22:33,,,https://www.youtube.com/channel/UCa-yDEImz68_xiHcs9bhUkw
UCDEouAu3wQeC7su_Sei0k-w,@エミ-nikukyupuni02,2,2ヶ月,Member (2 months),,不明,,,1,1,0,2026-09-22 22:33,2026-09-22 22:33,,,https://www.youtube.com/channel/UCDEouAu3wQeC7su_Sei0k-w
UClpZUFSyhjkAkr2_DMKS2Iw,@りせ-p6m,2,2ヶ月,Member (2 months),,不明,,,1,1,0,2026-09-22 22:33,2026-09-22 22:33,,,https://www.youtube.com/channel/UClpZUFSyhjkAkr2_DMKS2Iw
UCqIn9E2pGIf1mpT7Myxo7MQ,@ねこかいたい-m7t,2,2ヶ月,Member (2 months),,不明,,,1,1,0,2026-09-22 22:33,2026-09-22 22:33,,,https://www.youtube.com/channel/UCqIn9E2pGIf1mpT7Myxo7MQ
UCC5I6mHmZFzgqWOfsENMXzw,@わかめずくし,2,2ヶ月,Member (2 months),,不明,,,1,1,0,2026-09-22 22:33,2026-09-22 22:33,,,https://www.youtube.com/channel/UCC5I6mHmZFzgqWOfsENMXzw
UC5qjprCgc-VpMAvIopfHnlQ,@りん-attorin,2,2ヶ月,Member (2 months),,不明,,,1,1,0,2026-09-24 05:04,2026-09-24 05:04,,,https://www.youtube.com/channel/UC5qjprCgc-VpMAvIopfHnlQ
UCLsyXh5JBuSiZ-ethbvBg7A,@bibicham-d3r,2,2ヶ月,Member (2 months),,不明,,,1,1,0,2026-09-24 05:04,2026-09-24 05:04,,,https://www.youtube.com/channel/UCLsyXh5JBuSiZ-ethbvBg7A
UCKz5u6Uw-ghK9i_dp0eWdPw,@moka_neko3,2,2ヶ月,Member (2 months),,不明,,,1,1,0,2026-09-24 05:04,2026-09-24 05:04,,,https://www.youtube.com/channel/UCKz5u6Uw-ghK9i_dp0eWdPw
UCf_VQ1dLYFhdPq_xAk-gT9A,@みたん-b1k,2,2ヶ月,Member (2 months),,不明,,,1,1,0,2026-09-24 05:04,2026-09-24 05:04,,,https://www.youtube.com/channel/UCf_VQ1dLYFhdPq_xAk-gT9A
UCm00emTPytpBW4OQqgZAcUw,@ちょろ-c4v,2,2ヶ月,Member (2 months),,不明,,,1,1,0,2026-09-26 05:01,2026-09-26 05:01,,,https://www.youtube.com/channel/UCm00emTPytpBW4OQqgZAcUw
UCGl2z7sU22SSQRloIn-PXjg,@どらちゃ,2,2ヶ月,Member (2 months),,不明,,,1,1,0,2026-09-26 05:01,2026-09-26 05:01,,,https://www.youtube.com/channel/UCGl2z7sU22SSQRloIn-PXjg
UC8i3oU4tl07SiXupA60t3DA,@Cozy_Cafe_Study,2,2ヶ月,Member (2 months),,不明,,,1,1,0,2026-09-26 05:01,2026-09-26 05:01,,,https://www.youtube.com/channel/UC8i3oU4tl07SiXupA60t3DA
UCXlHHi0Q2tiubY7Kv64RUTw,@kisaragi0228,2,2ヶ月,Member (2 months),,不明,,,1,2,0,2026-09-27 06:00,2026-09-27 06:00,,,https://www.youtube.com/channel/UCXlHHi0Q2tiubY7Kv64RUTw
UC8H_RBs0P-DWOOxbC_f-APg,@xoxoxoxo-pipi,2,2ヶ月,Member (2 months),,不明,,,1,1,0,2026-09-29 05:00,2026-09-29 05:00,,,https://www.youtube.com/channel/UC8H_RBs0P-DWOOxbC_f-APg
UCCVR5wYYlx-6bi-jabFnCzA,@panna_cotta-87,2,2ヶ月,Member (2 months),,不明,,,1,1,0,2026-09-29 05:00,2026-09-29 05:00,,,https://www.youtube.com/channel/UCCVR5wYYlx-6bi-jabFnCzA
UC9-JZMxDjKH21ekqz6G7u0A,@user-dd6lg7gt5v,2,2ヶ月,Member (2 months),,不明,,,1,1,0,2026-09-29 05:00,2026-09-29 05:00,,,https://www.youtube.com/channel/UC9-JZMxDjKH21ekqz6G7u0A
UCZmd_2eUdA9KjHX2WzKKN8A,@た子ちゃん,2,2ヶ月,Member (2 months),,不明,,,1,1,0,2026-09-29 05:00,2026-09-29 05:00,,,https://www.youtube.com/channel/UCZmd_2eUdA9KjHX2WzKKN8A
UC8JtsB-vICcWTH8ubrLhzYA,@user-fl9vm8ci8u,2,2ヶ月,Member (2 months),,不明,,,1,1,0,2026-09-30 21:03,2026-09-30 21:03,,,https://www.youtube.com/channel/UC8JtsB-vICcWTH8ubrLhzYA
UCGMOirCzE9KYoUXVhGjbsMw,@ひちゃ-d4n,2,2ヶ月,Member (2 months),,不明,,,1,1,0,2026-09-30 21:03,2026-09-30 21:03,,,https://www.youtube.com/channel/UCGMOirCzE9KYoUXVhGjbsMw
UCjYvKZwM5YtSVjPIQVLA7yw,@みゆきてぃ1216,2,2ヶ月,Member (2 months),,不破狂,再加入/レベル変更,,1,0,0,2026-10-01 20:48,2026-10-01 20:48,,,https://www.youtube.com/channel/UCjYvKZwM5YtSVjPIQVLA7yw
UCe6j9nuCjI9zjmJQEVPzWHQ,@おやきmfmf,2,2ヶ月,Member (2 months),,不明,,,1,1,0,2026-10-04 17:40,2026-10-04 17:40,,,https://www.youtube.com/channel/UCe6j9nuCjI9zjmJQEVPzWHQ
UCJhw7Wf3JjG54-TX3-oDKRQ,@nia_honest,2,2ヶ月,Member (2 months),,不明,,,1,1,0,2026-10-04 17:40,2026-10-04 17:40,,,https://www.youtube.com/channel/UCJhw7Wf3JjG54-TX3-oDKRQ
UCz7qdwVGf2ATKh6ecTIeClQ,@Seizan_22,2,2ヶ月,Member (2 months),,不明,,,1,1,0,2026-10-04 17:40,2026-10-04 17:40,,,https://www.youtube.com/channel/UCz7qdwVGf2ATKh6ecTIeClQ
UCJOMkNTqU7n7WNHgignipjQ,@ruku6992,2,2ヶ月,Member (2 months),,不明,,,1,1,0,2026-10-04 17:40,2026-10-04 17:40,,,https://www.youtube.com/channel/UCJOMkNTqU7n7WNHgignipjQ
UCRdE9zKNNEfmEx0pjZc-1GQ,@こんこん-kn72,2,2ヶ月,Member (2 months),,不明,,,1,8,0,2026-10-04 17:40,2026-10-04 17:40,,,https://www.youtube.com/channel/UCRdE9zKNNEfmEx0pjZc-1GQ
UCCDiyi7xSmsbjf3znxcrxjQ,@ツキミ-j1x,2,2ヶ月,Member (2 months),,不明,,,1,3,0,2026-10-06 20:31,2026-10-06 20:31,,,https://www.youtube.com/channel/UCCDiyi7xSmsbjf3znxcrxjQ
UCBtvVNGsXWHbrzH-SRsmecA,@reiha_o0,2,2ヶ月,Member (2 months),,不明,,,1,2,0,2026-10-06 20:31,2026-10-06 20:31,,,https://www.youtube.com/channel/UCBtvVNGsXWHbrzH-SRsmecA
UCB3X2GNxgqFei6eBg_o5jZw,@ごまだれぇ,2,2ヶ月,Member (2 months),,不明,,,1,1,0,2026-10-06 20:31,2026-10-06 20:31,,,https://www.youtube.com/channel/UCB3X2GNxgqFei6eBg_o5jZw
UCpqSXLEzw_TzVD-YDQCpGMw,@motimoti-h6g,2,2ヶ月,Member (2 months),,不明,,,1,4,0,2026-10-08 00:00,2026-10-08 00:00,,,https://www.youtube.com/channel/UCpqSXLEzw_TzVD-YDQCpGMw
UCm5a6hnqoC_bJ4Qt9sOrnZQ,@TvTs1eepy,2,2ヶ月,Member (2 months),,不明,,,1,6,2,2026-10-08 00:00,2026-10-08 00:00,,,https://www.youtube.com/channel/UCm5a6hnqoC_bJ4Qt9sOrnZQ
UCv5XfhYQliYkZXjn5Xf-XRQ,@ユウ-4qz02,2,2ヶ月,Member (2 months),,不明,,,1,1,0,2026-10-08 00:00,2026-10-08 00:00,,,https://www.youtube.com/channel/UCv5XfhYQliYkZXjn5Xf-XRQ
UC_CTQllCU3tWP02JJcjsjSw,@もーる-g7,1,1ヶ月,Member (1 month),,不明,,,17,64,0,2026-09-09 05:37,2026-10-08 00:00,,,https://www.youtube.com/channel/UC_CTQllCU3tWP02JJcjsjSw
UCkhbP-CqBRwB4XleCBZQ8pA,@nyau_melt,1,1ヶ月,Member (1 month),,不明,,,16,124,0,2026-09-09 05:37,2026-10-08 00:00,,,https://www.youtube.com/channel/UCkhbP-CqBRwB4XleCBZQ8pA
UCpadfb8WMRsraPlRpgVGKNw,@ぬん-s3p,1,1ヶ月,Member (1 month),,不破狂,新規加入,,15,385,0,2026-09-15 20:06,2026-10-08 00:00,○,,https://www.youtube.com/channel/UCpadfb8WMRsraPlRpgVGKNw
UCtsC0kwz8FRlwbr-3WkRZDA,@美冬11_Mifuyu,1,1ヶ月,Member (1 month),,不明,,,14,136,0,2026-09-09 05:37,2026-10-08 00:00,,,https://www.youtube.com/channel/UCtsC0kwz8FRlwbr-3WkRZDA
UC2xh50_5Kxi-lwPSHbPf4Xw,@yukimi-518,1,1ヶ月,Member (1 month),,不明,,,11,13,0,2026-09-09 05:37,2026-10-08 00:00,,,https://www.youtube.com/channel/UC2xh50_5Kxi-lwPSHbPf4Xw
UCfdOniCLSgnbxG7uECCbhwA,@たま-m9d,1,1ヶ月,Member (1 month),,不明,,,11,26,1,2026-09-14 07:00,2026-10-08 00:00,,,https://www.youtube.com/channel/UCfdOniCLSgnbxG7uECCbhwA
UC6Koj9MehcvnenvmuzLrblQ,@FuwaaYuki,1,1ヶ月,Member (1 month),,不明,,,10,129,0,2026-09-21 05:00,2026-10-08 00:00,,,https://www.youtube.com/channel/UC6Koj9MehcvnenvmuzLrblQ
UCZx7YtnJrfsy_GC6sJL6PPA,@そのちゃんsan,1,1ヶ月,Member (1 month),,不明,,,9,46,0,2026-09-15 20:06,2026-10-08 00:00,,,https://www.youtube.com/channel/UCZx7YtnJrfsy_GC6sJL6PPA
UCSJRW2H3e3rGFAF_lr7zyHQ,@こあら523,1,1ヶ月,Member (1 month),,不明,,,9,1496,0,2026-09-16 05:01,2026-10-04 17:40,,,https://www.youtube.com/channel/UCSJRW2H3e3rGFAF_lr7zyHQ
UCx3P1YUTPko94waTOh8dYgA,@ぴい0524,1,1ヶ月,Member (1 month),,不明,,,8,113,0,2026-09-09 05:37,2026-10-08 00:00,,,https://www.youtube.com/channel/UCx3P1YUTPko94waTOh8dYgA
UCnXreUhWNPC2nKJngGN6yhQ,@やぶみぃ43,1,1ヶ月,Member (1 month),,不明,,,8,46,0,2026-09-14 07:00,2026-10-08 00:00,,,https://www.youtube.com/channel/UCnXreUhWNPC2nKJngGN6yhQ
UC03BBGtMr3RW5lxCLTqi4Sw,@myu_fwfw,1,1ヶ月,Member (1 month),,不明,,,7,45,0,2026-09-09 05:37,2026-10-08 00:00,,,https://www.youtube.com/channel/UC03BBGtMr3RW5lxCLTqi4Sw
UCsMjMOLplxc29gkQnfH_GGw,@MIKU-z5s,1,1ヶ月,Member (1 month),,不明,,,6,9,0,2026-09-09 05:37,2026-10-04 17:40,,,https://www.youtube.com/channel/UCsMjMOLplxc29gkQnfH_GGw
UC1ZVRjWMQDSElhjzQj0fxng,@sou1573,1,1ヶ月,Member (1 month),,不明,,,6,15,0,2026-09-14 07:00,2026-10-06 20:31,,,https://www.youtube.com/channel/UC1ZVRjWMQDSElhjzQj0fxng
UC1-4jxsvP8_iyOiFit-sIzw,@マカロニ-t4r,1,1ヶ月,Member (1 month),,不明,,,5,10,0,2026-09-09 05:37,2026-09-29 05:00,,,https://www.youtube.com/channel/UC1-4jxsvP8_iyOiFit-sIzw
UCjBA9DqpFIGxrtLLqXznpiw,@user-pz9tm4fn2s,1,1ヶ月,Member (1 month),,不明,,,5,15,0,2026-09-15 20:06,2026-10-04 17:40,,,https://www.youtube.com/channel/UCjBA9DqpFIGxrtLLqXznpiw
UCjAMTxJS4mwj2tuk0CbTrPA,@よっし-f9c,1,1ヶ月,Member (1 month),,不明,,,4,71,0,2026-09-14 07:00,2026-10-08 00:00,,,https://www.youtube.com/channel/UCjAMTxJS4mwj2tuk0CbTrPA
UCcwX7gAGoeAyzlwneK5EhtA,@わかめ大使-y5q,1,1ヶ月,Member (1 month),,不明,,,4,5,0,2026-09-15 20:06,2026-09-30 21:03,,,https://www.youtube.com/channel/UCcwX7gAGoeAyzlwneK5EhtA
UCe5SyqBHQy3Bd92oV_xNSzA,@ノツルス,1,1ヶ月,Member (1 month),,不明,,,4,36,0,2026-09-15 20:06,2026-10-04 17:40,,,https://www.youtube.com/channel/UCe5SyqBHQy3Bd92oV_xNSzA
UCU1yjeTIaRZcBQReGg2PXxg,@rmglbmy,1,1ヶ月,Member (1 month),,不明,,,4,6,0,2026-09-15 20:06,2026-09-26 05:01,,,https://www.youtube.com/channel/UCU1yjeTIaRZcBQReGg2PXxg
UCF2Nyskz5n2HYcS-w_84fUQ,@Sananase_79,1,1ヶ月,Member (1 month),,不明,,,4,17,0,2026-09-22 22:33,2026-10-03 20:59,,,https://www.youtube.com/channel/UCF2Nyskz5n2HYcS-w_84fUQ
UChQyj3YWe1m5jSIRNaBsu6w,@AYUMI_mc,1,1ヶ月,Member (1 month),,不明,,,4,151,0,2026-09-22 22:33,2026-10-06 20:31,,,https://www.youtube.com/channel/UChQyj3YWe1m5jSIRNaBsu6w
UCaWENyZQeBpSy-04isJErJQ,@青羅,1,1ヶ月,Member (1 month),,不明,,,3,13,0,2026-09-09 05:37,2026-09-24 05:04,,,https://www.youtube.com/channel/UCaWENyZQeBpSy-04isJErJQ
UCFuScboiqYxbRXkeL16EzPg,@miu_7.12,1,1ヶ月,Member (1 month),,不明,,,3,14,0,2026-09-09 05:37,2026-09-15 20:06,,,https://www.youtube.com/channel/UCFuScboiqYxbRXkeL16EzPg
UCpGAXxrU26fz1pjaqh_P6Gw,@ゆきりんご-b4m,1,1ヶ月,Member (1 month),,不明,,,3,6,1,2026-09-14 07:00,2026-09-16 05:01,,,https://www.youtube.com/channel/UCpGAXxrU26fz1pjaqh_P6Gw
UCtJuanTuyd6ZYDgVdrZEUdg,@ゆか-q5k5h,1,1ヶ月,Member (1 month),,不明,,,3,5,0,2026-09-15 20:06,2026-10-08 00:00,,,https://www.youtube.com/channel/UCtJuanTuyd6ZYDgVdrZEUdg
UCqg_RFAw6C1zrSwJZd52sOg,@やまだ-m1g,1,1ヶ月,Member (1 month),,不明,,,3,8,0,2026-09-15 20:06,2026-10-06 20:31,,,https://www.youtube.com/channel/UCqg_RFAw6C1zrSwJZd52sOg
UCuPDanABuMksnAIP1bFH2UA,@かよ_不破狂,1,1ヶ月,Member (1 month),,不明,,,3,11,0,2026-09-26 05:01,2026-09-30 21:03,,,https://www.youtube.com/channel/UCuPDanABuMksnAIP1bFH2UA
UCHNV8gkQ2aHOBvhIigK_-Qw,@オハナミちゃん,1,1ヶ月,Member (1 month),,不明,,,3,3,0,2026-10-03 20:59,2026-10-08 00:00,,,https://www.youtube.com/channel/UCHNV8gkQ2aHOBvhIigK_-Qw
UC1j-d0pI09LJsYR6IRqFScg,@itinose1125,1,1ヶ月,Member (1 month),,不明,,,2,2,0,2026-09-09 05:37,2026-09-29 05:00,,,https://www.youtube.com/channel/UC1j-d0pI09LJsYR6IRqFScg
UCpPiSNsnU4SFZKJSCyMS3fA,@MMMM6661-n2x,1,1ヶ月,Member (1 month),,不明,,,2,2,0,2026-09-09 05:37,2026-10-03 20:59,,,https://www.youtube.com/channel/UCpPiSNsnU4SFZKJSCyMS3fA
UCKH7_IWP8MCSDg1rRCloGGg,@tukasa-s9y,1,1ヶ月,Member (1 month),,不明,,,2,4,0,2026-09-16 05:01,2026-09-20 18:55,,,https://www.youtube.com/channel/UCKH7_IWP8MCSDg1rRCloGGg
UCPvxy8PBb0SV_-zGIwGdCaw,@ミツイシさん,1,1ヶ月,Member (1 month),,不破狂,新規加入,,2,3,0,2026-09-21 05:00,2026-10-08 00:00,○,,https://www.youtube.com/channel/UCPvxy8PBb0SV_-zGIwGdCaw
UCUtvLC6fO5dJN5lIdFYFlww,@りんご0418,1,1ヶ月,Member (1 month),,不明,,,2,11,0,2026-09-26 05:01,2026-10-06 20:31,,,https://www.youtube.com/channel/UCUtvLC6fO5dJN5lIdFYFlww
UCVd3VRh8kJHuxe00BtWCzeg,@comarry8305,1,1ヶ月,Member (1 month),,不明,,,2,2,0,2026-10-04 17:40,2026-10-06 20:31,,,https://www.youtube.com/channel/UCVd3VRh8kJHuxe00BtWCzeg
UCVE2xoowUkrCHuA1M6NU3kg,@るうzzz,1,1ヶ月,Member (1 month),,不明,,,1,12,0,2026-09-15 20:06,2026-09-15 20:06,,,https://www.youtube.com/channel/UCVE2xoowUkrCHuA1M6NU3kg
UCG0UVyVrinw6GNiiYcH-KPg,@ゆゆ-h1s,1,1ヶ月,Member (1 month),,不明,,,1,4,0,2026-09-15 20:06,2026-09-15 20:06,,,https://www.youtube.com/channel/UCG0UVyVrinw6GNiiYcH-KPg
UCU-gdi-dgUH4UlgCsRUIbYA,@さえちゃんGoGo,1,1ヶ月,Member (1 month),,不明,,,1,3,0,2026-09-16 05:01,2026-09-16 05:01,,,https://www.youtube.com/channel/UCU-gdi-dgUH4UlgCsRUIbYA
UCRN-1DqWsEqxaip6gDd2t8w,@Univ6rsal,1,1ヶ月,Member (1 month),,不明,,,1,1,0,2026-09-17 05:05,2026-09-17 05:05,,,https://www.youtube.com/channel/UCRN-1DqWsEqxaip6gDd2t8w
UCrB0B0Ta6vpgpaudEpSIeYw,@たこ焼きたこなし-e4n,1,1ヶ月,Member (1 month),,不明,,,1,10,0,2026-09-17 05:05,2026-09-17 05:05,,,https://www.youtube.com/channel/UCrB0B0Ta6vpgpaudEpSIeYw
UCPnbWxkOspqa_BYnfB674tw,@Isumi-b2t,1,1ヶ月,Member (1 month),,不明,,,1,1,0,2026-09-21 05:00,2026-09-21 05:00,,,https://www.youtube.com/channel/UCPnbWxkOspqa_BYnfB674tw
UCc5xlka_IZx53c7plgjL46w,@fw_ぷっか,1,1ヶ月,Member (1 month),,不明,,,1,2,0,2026-09-22 22:33,2026-09-22 22:33,,,https://www.youtube.com/channel/UCc5xlka_IZx53c7plgjL46w
UCz6QdN4tVjvaniJCwBjz-VQ,@ゆめり_1220,1,1ヶ月,Member (1 month),,不明,,,1,1,0,2026-09-22 22:33,2026-09-22 22:33,,,https://www.youtube.com/channel/UCz6QdN4tVjvaniJCwBjz-VQ
UCJTiG8W_oppvmV0nsE7Tk3w,@ぴよ-z4m,1,1ヶ月,Member (1 month),,不明,,,1,1,0,2026-09-26 05:01,2026-09-26 05:01,,,https://www.youtube.com/channel/UCJTiG8W_oppvmV0nsE7Tk3w
UCuTre2F0X8oAThMjm4-XHtQ,@cocoakicoco,1,1ヶ月,Member (1 month),,不明,,,1,1,0,2026-10-01 20:48,2026-10-01 20:48,,,https://www.youtube.com/channel/UCuTre2F0X8oAThMjm4-XHtQ
UCvyShhJPD4d1WSbM2Y15Q-A,@fwfwvoice418,1,1ヶ月,Member (1 month),,不明,,,1,1,0,2026-10-04 17:40,2026-10-04 17:40,,,https://www.youtube.com/channel/UCvyShhJPD4d1WSbM2Y15Q-A
UCa3bhULvkMnthweEByhVX6w,@圭ちゃん-b4k,0,新規(1ヶ月未満),New member,,不明,,,16,160,0,2026-09-14 07:00,2026-10-08 00:00,,,https://www.youtube.com/channel/UCa3bhULvkMnthweEByhVX6w
UCrVZ5jHhjkhzpn3dC3abSjg,@AWAYOKUBA-寝る,0,新規(1ヶ月未満),New member,,不明,,,13,82,0,2026-09-09 05:37,2026-10-06 20:31,,,https://www.youtube.com/channel/UCrVZ5jHhjkhzpn3dC3abSjg
UCvzz3JBcC0O7XCtk7InrqhA,@琴梨-k5e,0,新規(1ヶ月未満),New member,,不明,,,13,54,0,2026-09-20 18:55,2026-10-08 00:00,,,https://www.youtube.com/channel/UCvzz3JBcC0O7XCtk7InrqhA
UC4ZiwghecrUrB-4tNp0-_8g,@曾小咖-l1h,0,新規(1ヶ月未満),New member,,不明,,,11,92,0,2026-09-20 18:55,2026-10-08 00:00,,,https://www.youtube.com/channel/UC4ZiwghecrUrB-4tNp0-_8g
UCWNQg9CfoiSoQ7I93Crimsg,@ぴゆ-d6m,0,新規(1ヶ月未満),New member,,不明,,,7,46,0,2026-09-09 05:37,2026-10-02 21:00,,,https://www.youtube.com/channel/UCWNQg9CfoiSoQ7I93Crimsg
UChsIZBXpaWEiAZdCruN22BQ,@akerabooo,0,新規(1ヶ月未満),New member,,不明,,,7,33,0,2026-09-15 20:06,2026-10-06 20:31,,,https://www.youtube.com/channel/UChsIZBXpaWEiAZdCruN22BQ
UCec9xNePUTYqnjk3xE3kpug,@Naltariel,0,新規(1ヶ月未満),New member,,不明,,,7,33,0,2026-09-17 05:05,2026-10-08 00:00,,,https://www.youtube.com/channel/UCec9xNePUTYqnjk3xE3kpug
UCTki8dP4DDlNNky9chmPA9A,@Ray_q00,0,新規(1ヶ月未満),New member,,不明,,,6,29,0,2026-09-15 20:06,2026-09-29 05:00,,,https://www.youtube.com/channel/UCTki8dP4DDlNNky9chmPA9A
UCGFVQnaJrN9uvgDBzQUEihg,@あちゃん-y8c,0,新規(1ヶ月未満),New member,,不明,,,6,17,0,2026-09-22 22:33,2026-10-08 00:00,,,https://www.youtube.com/channel/UCGFVQnaJrN9uvgDBzQUEihg
UCTAWMlVdOO0S4-aQW66a9MQ,@arisa_e9,0,新規(1ヶ月未満),New member,,不明,,,5,18,0,2026-09-09 05:37,2026-09-22 22:33,,,https://www.youtube.com/channel/UCTAWMlVdOO0S4-aQW66a9MQ
UCmB7kFS_nMFwM1KLwu6SmRQ,@藍月シエル,0,新規(1ヶ月未満),New member,,不明,,,5,35,0,2026-09-09 05:37,2026-09-29 05:00,,,https://www.youtube.com/channel/UCmB7kFS_nMFwM1KLwu6SmRQ
UCBwTm72Wvo2NtyRDQGw_7xA,@ひよこ-r3x,0,新規(1ヶ月未満),New member,,不明,,,5,25,0,2026-09-15 20:06,2026-09-29 05:00,,,https://www.youtube.com/channel/UCBwTm72Wvo2NtyRDQGw_7xA
UCeD2oV2XFrK2nMYSX2t0Cow,@にゃーん-e3g,0,新規(1ヶ月未満),New member,,不破狂,新規加入,,4,30,1,2026-09-09 05:37,2026-09-24 05:04,○,,https://www.youtube.com/channel/UCeD2oV2XFrK2nMYSX2t0Cow
UCOX5CLN2cpEMaTZT7uznt_g,@ベニ-n1e,0,新規(1ヶ月未満),New member,,不明,,,4,128,0,2026-09-14 07:00,2026-09-27 06:00,,,https://www.youtube.com/channel/UCOX5CLN2cpEMaTZT7uznt_g
UC7yOIqmfeqhkrgiSgtC3FQw,@nuan_04,0,新規(1ヶ月未満),New member,,不破狂,新規加入,,4,10,0,2026-09-14 07:00,2026-10-06 20:31,○,,https://www.youtube.com/channel/UC7yOIqmfeqhkrgiSgtC3FQw
UChnSWqkW15kqXyII50tyZ3g,@kikitegawa,0,新規(1ヶ月未満),New member,,不明,,,4,15,0,2026-09-15 20:06,2026-09-26 05:01,,,https://www.youtube.com/channel/UChnSWqkW15kqXyII50tyZ3g
UCT3yq_zubnZbhbhn02Og2JA,@264milk,0,新規(1ヶ月未満),New member,,不明,,,4,46,0,2026-09-16 05:01,2026-09-29 05:00,,,https://www.youtube.com/channel/UCT3yq_zubnZbhbhn02Og2JA
UCGws-AwlJGdYszbD0RXmq-Q,@nara_reena,0,新規(1ヶ月未満),New member,,不明,,,4,6,0,2026-09-16 05:01,2026-09-29 05:00,,,https://www.youtube.com/channel/UCGws-AwlJGdYszbD0RXmq-Q
UCHIuTEaKtzB44cjjdknkcKw,@つ-j4ltmlg,0,新規(1ヶ月未満),New member,,不明,,,4,68,0,2026-09-17 05:05,2026-10-06 20:31,,,https://www.youtube.com/channel/UCHIuTEaKtzB44cjjdknkcKw
UC2s0yBSkv6vPbBteCHSsD0g,@まり54,0,新規(1ヶ月未満),New member,,不明,,,4,126,0,2026-10-03 20:59,2026-10-08 00:00,,,https://www.youtube.com/channel/UC2s0yBSkv6vPbBteCHSsD0g
UCpX-LwUWRUGiyjcD6GQD-UA,@Milk-umauma,0,新規(1ヶ月未満),New member,,不明,,,3,13,0,2026-09-09 05:37,2026-09-22 22:33,,,https://www.youtube.com/channel/UCpX-LwUWRUGiyjcD6GQD-UA
UCfrSSjgnisYBtACcxchJBvQ,@yoinoiro,0,新規(1ヶ月未満),New member,,不明,,,3,3,0,2026-09-14 07:00,2026-10-04 17:40,,,https://www.youtube.com/channel/UCfrSSjgnisYBtACcxchJBvQ
UCQx_O6oEv617CTEj_kUTnIA,@u11.uy11,0,新規(1ヶ月未満),New member,,不明,,,3,7,0,2026-09-14 07:00,2026-09-24 05:04,,,https://www.youtube.com/channel/UCQx_O6oEv617CTEj_kUTnIA
UCdxVsEB6BrMI1WH5m1RKiEA,@hikari-vr6hs,0,新規(1ヶ月未満),New member,,不明,,,3,5,0,2026-09-16 05:01,2026-09-30 21:03,,,https://www.youtube.com/channel/UCdxVsEB6BrMI1WH5m1RKiEA
UCMfjlqhZdlw5gURUcOcABxA,@yoiamaebi,0,新規(1ヶ月未満),New member,,不明,,,3,4,0,2026-09-20 18:55,2026-10-04 17:40,,,https://www.youtube.com/channel/UCMfjlqhZdlw5gURUcOcABxA
UCYKCB4tdsQTa_16WFxuvZ5Q,@spaceout01,0,新規(1ヶ月未満),New member,,不破狂,新規加入,,3,7,0,2026-09-21 05:00,2026-09-30 21:03,○,,https://www.youtube.com/channel/UCYKCB4tdsQTa_16WFxuvZ5Q
UCPtaADjkyAdiJBWl-n_eHXQ,@茶屋巡ぐり,0,新規(1ヶ月未満),New member,,不明,,,3,49,0,2026-09-22 22:33,2026-10-08 00:00,,,https://www.youtube.com/channel/UCPtaADjkyAdiJBWl-n_eHXQ
UClURspxh9l5ZJad8kOnAGmw,@ちか-s2,0,新規(1ヶ月未満),New member,,不明,,,3,15,0,2026-09-27 06:00,2026-10-04 17:40,,,https://www.youtube.com/channel/UClURspxh9l5ZJad8kOnAGmw
UCUuOrWvC-vckJldIapmLI8Q,@flower-73,0,新規(1ヶ月未満),New member,,不明,,,3,4,0,2026-10-02 21:00,2026-10-06 20:31,,,https://www.youtube.com/channel/UCUuOrWvC-vckJldIapmLI8Q
UC9IcWEt6T2EnbUftUlnMSwg,@Rana-0523-w1k,0,新規(1ヶ月未満),New member,,不明,,,2,24,0,2026-09-09 05:37,2026-09-15 20:06,,,https://www.youtube.com/channel/UC9IcWEt6T2EnbUftUlnMSwg
UCjGfkd91h049l0PZrwGOkbA,@ゆな-l1j,0,新規(1ヶ月未満),New member,,不明,,,2,6,0,2026-09-15 20:06,2026-09-29 05:00,,,https://www.youtube.com/channel/UCjGfkd91h049l0PZrwGOkbA
UCw5n9mHC6hBMkghEwfKxa3w,@あをぃ葉,0,新規(1ヶ月未満),New member,,不破狂,新規加入,,2,1,0,2026-09-17 05:05,2026-10-08 00:00,○,,https://www.youtube.com/channel/UCw5n9mHC6hBMkghEwfKxa3w
UCwqopSlNrbBc2uzBRl-k8jQ,@Chunn_69,0,新規(1ヶ月未満),New member,,不明,,,2,10,0,2026-09-22 22:33,2026-10-06 20:31,,,https://www.youtube.com/channel/UCwqopSlNrbBc2uzBRl-k8jQ
UCdG_e0BLFIxad0wvFAV7XPw,@wasabi-bmg,0,新規(1ヶ月未満),New member,,不明,,,2,5,0,2026-09-22 22:33,2026-10-06 20:31,,,https://www.youtube.com/channel/UCdG_e0BLFIxad0wvFAV7XPw
UCCIMbXrHK4oGSiiPxdCd6aA,@Sou救小分队,0,新規(1ヶ月未満),New member,,不明,,,2,2,0,2026-09-22 22:33,2026-09-24 05:04,,,https://www.youtube.com/channel/UCCIMbXrHK4oGSiiPxdCd6aA
UCdh-TMsz7P1SJravx_Hl8BQ,@さかもとぴ,0,新規(1ヶ月未満),New member,,不明,,,2,2,0,2026-09-26 05:01,2026-09-30 21:03,,,https://www.youtube.com/channel/UCdh-TMsz7P1SJravx_Hl8BQ
UC91rmESLb00dZ4uKYd6YmbA,@ゆうな-b8o5l,0,新規(1ヶ月未満),New member,,不明,,,2,32,0,2026-09-30 21:03,2026-10-06 20:31,,,https://www.youtube.com/channel/UC91rmESLb00dZ4uKYd6YmbA
UCd6rl_GK4GmJ34GWmNA4WqA,@みれ_nya,0,新規(1ヶ月未満),New member,,不明,,,2,3,0,2026-09-30 21:03,2026-10-01 20:48,,,https://www.youtube.com/channel/UCd6rl_GK4GmJ34GWmNA4WqA
UCOZw-seK5gK3PBZQObHlrrA,@絶対負けないコンカフェ嬢,0,新規(1ヶ月未満),New member,,不明,,,1,8,0,2026-09-09 05:37,2026-09-09 05:37,,,https://www.youtube.com/channel/UCOZw-seK5gK3PBZQObHlrrA
UC25FrwLtgzH_Aas9R5Wzvog,@ぽんた-t9v7l,0,新規(1ヶ月未満),New member,,不明,,,1,1,0,2026-09-09 05:37,2026-09-09 05:37,,,https://www.youtube.com/channel/UC25FrwLtgzH_Aas9R5Wzvog
UC10s11pyIrft2JUXEJYaQ8A,@ghoullet6368,0,新規(1ヶ月未満),New member,,不明,,,1,9,0,2026-09-14 07:00,2026-09-14 07:00,,,https://www.youtube.com/channel/UC10s11pyIrft2JUXEJYaQ8A
UCy4FXEO01WYA5fi5wf52UAQ,@俺がトマトです,0,新規(1ヶ月未満),New member,,不明,,,1,2,0,2026-09-15 20:06,2026-09-15 20:06,,,https://www.youtube.com/channel/UCy4FXEO01WYA5fi5wf52UAQ
UCgcwr9gaK6JRQ2RoCVNu8Bg,@watatsumi408,0,新規(1ヶ月未満),New member,,不明,,,1,3,0,2026-09-15 20:06,2026-09-15 20:06,,,https://www.youtube.com/channel/UCgcwr9gaK6JRQ2RoCVNu8Bg
UCfW3oAKAAyGrgV1cvEeVVZg,@yumi__uuuuu,0,新規(1ヶ月未満),New member,,不明,,,1,1,0,2026-09-15 20:06,2026-09-15 20:06,,,https://www.youtube.com/channel/UCfW3oAKAAyGrgV1cvEeVVZg
UCvVHMfofgfIoezNpT1V1H2w,@fwa__04,0,新規(1ヶ月未満),New member,,不明,,,1,1,0,2026-09-15 20:06,2026-09-15 20:06,,,https://www.youtube.com/channel/UCvVHMfofgfIoezNpT1V1H2w
UCB7DVYRJlyvduqfSqQDVd4w,@ぴーちゃpigu_00,0,新規(1ヶ月未満),New member,,不明,,,1,1,0,2026-09-15 20:06,2026-09-15 20:06,,,https://www.youtube.com/channel/UCB7DVYRJlyvduqfSqQDVd4w
UCcgsecQ5magvnPeGa1eb_Og,@みみみ-t8z3h,0,新規(1ヶ月未満),New member,,不明,,,1,2,0,2026-09-15 20:06,2026-09-15 20:06,,,https://www.youtube.com/channel/UCcgsecQ5magvnPeGa1eb_Og
UCi-QTpbomQcIUTcunzuF_OQ,@lililixx1,0,新規(1ヶ月未満),New member,,不破狂,新規加入,,1,0,0,2026-09-15 20:06,2026-09-15 20:06,○,,https://www.youtube.com/channel/UCi-QTpbomQcIUTcunzuF_OQ
UCEyVH-ynlK_GwAwqQ4Rnoaw,@miu_0606,0,新規(1ヶ月未満),New member,,不破狂,新規加入,,1,0,0,2026-09-15 20:06,2026-09-15 20:06,○,,https://www.youtube.com/channel/UCEyVH-ynlK_GwAwqQ4Rnoaw
UCaOmmnLib2KLS6RS1WxF-qA,@雨禍,0,新規(1ヶ月未満),New member,,不明,,,1,1,0,2026-09-20 18:55,2026-09-20 18:55,,,https://www.youtube.com/channel/UCaOmmnLib2KLS6RS1WxF-qA
UCpqXisM_p-qIqFCU55VE5pQ,@えねぼりくん,0,新規(1ヶ月未満),New member,,不破狂,新規加入,,1,0,0,2026-09-20 18:55,2026-09-20 18:55,○,,https://www.youtube.com/channel/UCpqXisM_p-qIqFCU55VE5pQ
UCA_35d7tXvv0_9RX_rKrDxw,@Jun-m6m,0,新規(1ヶ月未満),New member,,不明,,,1,1,0,2026-09-21 05:00,2026-09-21 05:00,,,https://www.youtube.com/channel/UCA_35d7tXvv0_9RX_rKrDxw
UCXdpkLu-ouTmu02yCOOYnXw,@ぴい-k2q,0,新規(1ヶ月未満),New member,,不破狂,新規加入,,1,0,0,2026-09-21 05:00,2026-09-21 05:00,○,,https://www.youtube.com/channel/UCXdpkLu-ouTmu02yCOOYnXw
UCnAt3PkbRTiSYmhkn7l07WA,@sy1129._.,0,新規(1ヶ月未満),New member,,不破狂,新規加入,,1,0,0,2026-09-21 05:00,2026-09-21 05:00,○,,https://www.youtube.com/channel/UCnAt3PkbRTiSYmhkn7l07WA
UC5y9WbNdy4HLLCPlgLYTwaA,@kiovoan6253,0,新規(1ヶ月未満),New member,,不明,,,1,4,0,2026-09-22 22:33,2026-09-22 22:33,,,https://www.youtube.com/channel/UC5y9WbNdy4HLLCPlgLYTwaA
UCcbDUb0dv5jkIS2BkXqQZRA,@Ux_xU.ekitai,0,新規(1ヶ月未満),New member,,不明,,,1,2,0,2026-09-22 22:33,2026-09-22 22:33,,,https://www.youtube.com/channel/UCcbDUb0dv5jkIS2BkXqQZRA
UCUVYnAYKya4-cyz5LH2zaVQ,@みみみmnt,0,新規(1ヶ月未満),New member,,不明,,,1,1,0,2026-09-22 22:33,2026-09-22 22:33,,,https://www.youtube.com/channel/UCUVYnAYKya4-cyz5LH2zaVQ
UCjuRBSrOReiyDMP6b6B59dQ,@わか-n9n,0,新規(1ヶ月未満),New member,,不破狂,新規加入,,1,0,0,2026-09-22 22:33,2026-09-22 22:33,○,,https://www.youtube.com/channel/UCjuRBSrOReiyDMP6b6B59dQ
UCG6anGxTPdiP_31jBvOp8eg,@A__________6v6,0,新規(1ヶ月未満),New member,,不明,,,1,2,0,2026-09-24 05:04,2026-09-24 05:04,,,https://www.youtube.com/channel/UCG6anGxTPdiP_31jBvOp8eg
UC_8zeaQ6nyxeKHFP6GkoWzg,@user-oo3wo4uo5w,0,新規(1ヶ月未満),New member,,不明,,,1,1,0,2026-09-26 05:01,2026-09-26 05:01,,,https://www.youtube.com/channel/UC_8zeaQ6nyxeKHFP6GkoWzg
UCkm9Vpqrx4NVrPHE6qiUmlQ,@豆てる,0,新規(1ヶ月未満),New member,,不明,,,1,1,0,2026-09-27 06:00,2026-09-27 06:00,,,https://www.youtube.com/channel/UCkm9Vpqrx4NVrPHE6qiUmlQ
UCjRv3cbWIfxAA1DqrwafW9Q,@po-k2i,0,新規(1ヶ月未満),New member,,不明,,,1,5,0,2026-09-29 05:00,2026-09-29 05:00,,,https://www.youtube.com/channel/UCjRv3cbWIfxAA1DqrwafW9Q
UCQipsQ4U4ut9DZJmRghZ1wQ,@阿笙不觉筱,0,新規(1ヶ月未満),New member,,不明,,,1,1,0,2026-09-29 05:00,2026-09-29 05:00,,,https://www.youtube.com/channel/UCQipsQ4U4ut9DZJmRghZ1wQ
UCrWPJ2BBwOgBUB_rS9zEmww,@ゆーゆ-c3w,0,新規(1ヶ月未満),New member,,不明,,,1,1,0,2026-09-30 21:03,2026-09-30 21:03,,,https://www.youtube.com/channel/UCrWPJ2BBwOgBUB_rS9zEmww
UCN1B3t1GbqhI3_jW8_4rYww,@nuu_poo,0,新規(1ヶ月未満),New member,,不明,,,1,1,0,2026-10-01 20:48,2026-10-01 20:48,,,https://www.youtube.com/channel/UCN1B3t1GbqhI3_jW8_4rYww
UCMg_L7OyxWlAPpqR7uohmMg,@れあ太郎_p4p,0,新規(1ヶ月未満),New member,,不破狂,新規加入,,1,0,0,2026-10-01 20:48,2026-10-01 20:48,○,,https://www.youtube.com/channel/UCMg_L7OyxWlAPpqR7uohmMg
UCTh1MVtmdq8EfDQ9rtetXtQ,@mito__o-m8,0,新規(1ヶ月未満),New member,,不明,,,1,1,0,2026-10-03 20:59,2026-10-03 20:59,,,https://www.youtube.com/channel/UCTh1MVtmdq8EfDQ9rtetXtQ
UCwJobOvcNhakniW2J28D6ZA,@takeamito,0,新規(1ヶ月未満),New member,,不明,,,1,1,0,2026-10-03 20:59,2026-10-03 20:59,,,https://www.youtube.com/channel/UCwJobOvcNhakniW2J28D6ZA
UCxRashAMsFHufag2LvLZ25A,@core-l5o,0,新規(1ヶ月未満),New member,,不明,,,1,5,0,2026-10-04 17:40,2026-10-04 17:40,,,https://www.youtube.com/channel/UCxRashAMsFHufag2LvLZ25A
UCxGHfAIJf6iA-QNc8h3zrkw,@やきめだま-k4x,0,新規(1ヶ月未満),New member,,不明,,,1,6,0,2026-10-06 20:31,2026-10-06 20:31,,,https://www.youtube.com/channel/UCxGHfAIJf6iA-QNc8h3zrkw
UCo92PlnPAnx_jAh03gVwE9g,@Chloe-ug9ul,0,新規(1ヶ月未満),New member,,不明,,,1,1,0,2026-10-06 20:31,2026-10-06 20:31,,,https://www.youtube.com/channel/UCo92PlnPAnx_jAh03gVwE9g
UC8j9mw4H-RWzMuiPR2y0cVg,@io_ei_sun,0,新規(1ヶ月未満),New member,,不破狂,新規加入,,1,4,0,2026-10-08 00:00,2026-10-08 00:00,○,,https://www.youtube.com/channel/UC8j9mw4H-RWzMuiPR2y0cVg
UCMwXQjMnOdOhHeSAtw1xa1A,@ka777pi,0,新規(1ヶ月未満),New member,,不明,,,1,1,0,2026-10-08 00:00,2026-10-08 00:00,,,https://www.youtube.com/channel/UCMwXQjMnOdOhHeSAtw1xa1A
