channel_id,name,badge_months,badge,badge_tooltip,milestone_months,tier,tier_source,revenue_note,streams_seen,messages,superchats,first_seen,last_seen,joined_in_period,gift_received,url
UCkTYnhTTO_vuSZOaTvzuuKw,@みなつ-q3i,36,3年,Member (3 years),,不明,,,20,344,0,2026-09-10 20:01,2026-10-09 00:00,,,https://www.youtube.com/channel/UCkTYnhTTO_vuSZOaTvzuuKw
UCoJ33NJpI8FEAW-kMnWJmcg,@青空さくら-q4i,36,3年,Member (3 years),,不明,,,20,2215,0,2026-09-10 20:01,2026-10-09 00:00,,,https://www.youtube.com/channel/UCoJ33NJpI8FEAW-kMnWJmcg
UCeo0tapIrebeWvAFVzhowtw,@utena2222v,36,3年,Member (3 years),,不明,,,20,3454,0,2026-09-10 20:01,2026-10-09 00:00,,,https://www.youtube.com/channel/UCeo0tapIrebeWvAFVzhowtw
UCLmgxNqhy-pDZBYr2gpLFbQ,@柴犬_shibe,36,3年,Member (3 years),,不明,,,20,2402,0,2026-09-10 20:01,2026-10-09 00:00,,,https://www.youtube.com/channel/UCLmgxNqhy-pDZBYr2gpLFbQ
UCyhkDjvR48FU90WL7qVPzkw,@さゆ-g4n,36,3年,Member (3 years),,不明,,,20,951,0,2026-09-10 20:01,2026-10-09 00:00,,,https://www.youtube.com/channel/UCyhkDjvR48FU90WL7qVPzkw
UC_NpYNv-fsPAu_IGqWZm6FA,@だんこdango,36,3年,Member (3 years),,不明,,,20,1937,0,2026-09-10 20:01,2026-10-09 00:00,,,https://www.youtube.com/channel/UC_NpYNv-fsPAu_IGqWZm6FA
UC89G12l3iuSbcKxSpnCKB8w,@くーな-g9f,36,3年,Member (3 years),,不明,,,20,1037,1,2026-09-10 20:01,2026-10-09 00:00,,,https://www.youtube.com/channel/UC89G12l3iuSbcKxSpnCKB8w
UCc9fARilgrTo3zbcFp1mabg,@めろ_melody21kn,36,3年,Member (3 years),,不明,,,20,5091,10,2026-09-10 20:01,2026-10-09 00:00,,,https://www.youtube.com/channel/UCc9fARilgrTo3zbcFp1mabg
UCw7z_S_Eg4Q7UByBWENws7Q,@にゃにゃにゃsan,36,3年,Member (3 years),,不明,,,20,290,2,2026-09-10 20:01,2026-10-09 00:00,,,https://www.youtube.com/channel/UCw7z_S_Eg4Q7UByBWENws7Q
UCEKoePV8fygZNGuga-2v_JA,@さんがつ-u3n,36,3年,Member (3 years),,不明,,,20,756,0,2026-09-10 20:01,2026-10-09 00:00,,,https://www.youtube.com/channel/UCEKoePV8fygZNGuga-2v_JA
UCMNYuRe2fUEtHY31uBhp8Ug,@userv0l,36,3年,Member (3 years),,不明,,,20,871,2,2026-09-10 20:01,2026-10-09 00:00,,,https://www.youtube.com/channel/UCMNYuRe2fUEtHY31uBhp8Ug
UCJePClq_TmO9hhcbiX1J1Dg,@凡人-u5z,36,3年,Member (3 years),,不明,,,20,1958,0,2026-09-10 20:01,2026-10-09 00:00,,,https://www.youtube.com/channel/UCJePClq_TmO9hhcbiX1J1Dg
UCeKkBDnOFc1QVAXAIX0AFVQ,@ゆこチャン,36,3年,Member (3 years),,不明,,,20,251,0,2026-09-10 20:01,2026-10-09 00:00,,,https://www.youtube.com/channel/UCeKkBDnOFc1QVAXAIX0AFVQ
UChEtbMMTnJpa4c1z-hKrx9A,@kzm1_knt,36,3年,Member (3 years),42,Diner,マイルストーン,,20,44,0,2026-09-10 20:01,2026-10-09 00:00,,,https://www.youtube.com/channel/UChEtbMMTnJpa4c1z-hKrx9A
UCdOPkdq_taqMSRKuvmWMXcg,@暙_シュン,36,3年,Member (3 years),,不明,,,20,160,0,2026-09-10 20:01,2026-10-09 00:00,,,https://www.youtube.com/channel/UCdOPkdq_taqMSRKuvmWMXcg
UCb0pEx_LTvXUVmCEezgH5vg,@おまめ_o,36,3年,Member (3 years),,不明,,,20,1253,2,2026-09-10 20:01,2026-10-09 00:00,,,https://www.youtube.com/channel/UCb0pEx_LTvXUVmCEezgH5vg
UCglhNT1z0cFxvpL3bbF4kZQ,@subalu_t,36,3年,Member (3 years),,不明,,,20,895,0,2026-09-10 20:01,2026-10-09 00:00,,,https://www.youtube.com/channel/UCglhNT1z0cFxvpL3bbF4kZQ
UCuGHQRtfN138UqV-R-GelIA,@pkti_ti,36,3年,Member (3 years),,不明,,,20,491,2,2026-09-10 20:01,2026-10-09 00:00,,,https://www.youtube.com/channel/UCuGHQRtfN138UqV-R-GelIA
UC1YvE07oEMaeFdcvWTAd-Uw,@nananana77-77,36,3年,Member (3 years),,不明,,,20,2138,0,2026-09-10 20:01,2026-10-09 00:00,,,https://www.youtube.com/channel/UC1YvE07oEMaeFdcvWTAd-Uw
UCsDDU-reuU-2X6SR-8o4Omw,@rr_83X,36,3年,Member (3 years),46,Diner,マイルストーン,,20,526,0,2026-09-10 20:01,2026-10-09 00:00,,,https://www.youtube.com/channel/UCsDDU-reuU-2X6SR-8o4Omw
UCxW9IbD4OxmW_GhzumzozIg,@kuriko激辛料理,36,3年,Member (3 years),,不明,,,20,442,0,2026-09-10 20:01,2026-10-09 00:00,,,https://www.youtube.com/channel/UCxW9IbD4OxmW_GhzumzozIg
UC268IyYzAELg51Fu1Wrku3g,@ひかり_0000,36,3年,Member (3 years),36,Diner,マイルストーン,,20,413,0,2026-09-10 20:01,2026-10-09 00:00,,,https://www.youtube.com/channel/UC268IyYzAELg51Fu1Wrku3g
UCOCxxzobt5g8NN_ACsgJy0Q,@mocca0305,36,3年,Member (3 years),,不明,,,19,1302,1,2026-09-10 20:01,2026-10-09 00:00,,,https://www.youtube.com/channel/UCOCxxzobt5g8NN_ACsgJy0Q
UCb5iztdOOQrjdpLgFr_T8Bg,@1_ぱやし,36,3年,Member (3 years),,不明,,,19,568,0,2026-09-10 20:01,2026-10-09 00:00,,,https://www.youtube.com/channel/UCb5iztdOOQrjdpLgFr_T8Bg
UCCOpFfRLY_nA-GB1-7zcrOw,@Sa0_38,36,3年,Member (3 years),,不明,,,19,844,0,2026-09-10 20:01,2026-10-09 00:00,,,https://www.youtube.com/channel/UCCOpFfRLY_nA-GB1-7zcrOw
UCvH8JzvqnI0y3nObRo14nGA,@ユニ88,36,3年,Member (3 years),43,Diner,マイルストーン,,19,588,0,2026-09-10 20:01,2026-10-09 00:00,,,https://www.youtube.com/channel/UCvH8JzvqnI0y3nObRo14nGA
UCqAp9R-lQ6kbxz35e_3kzrQ,@らざにあ-m6t,36,3年,Member (3 years),,不明,,,19,981,1,2026-09-10 20:01,2026-10-09 00:00,,,https://www.youtube.com/channel/UCqAp9R-lQ6kbxz35e_3kzrQ
UCWpqRgWOJTHj-tbieRe6APw,@さみゅ-h7q,36,3年,Member (3 years),,不明,,,19,474,0,2026-09-10 20:01,2026-10-09 00:00,,,https://www.youtube.com/channel/UCWpqRgWOJTHj-tbieRe6APw
UCxKtGtkip_p5Xj1UTekpyDQ,@ぬい-g8r,36,3年,Member (3 years),,不明,,,19,2002,0,2026-09-10 20:01,2026-10-07 17:00,,,https://www.youtube.com/channel/UCxKtGtkip_p5Xj1UTekpyDQ
UCD0mn_psZYKklFi85nIBu1Q,@ほいほい-e4c,36,3年,Member (3 years),,不明,,,19,186,0,2026-09-10 20:01,2026-10-09 00:00,,,https://www.youtube.com/channel/UCD0mn_psZYKklFi85nIBu1Q
UCLxhtOA6tYE9xpQlVjT7dkg,@kwas0305,36,3年,Member (3 years),,不明,,,19,24,0,2026-09-10 20:01,2026-10-09 00:00,,,https://www.youtube.com/channel/UCLxhtOA6tYE9xpQlVjT7dkg
UCHQloMltsxWxXyab20uTTUw,@N-9g,36,3年,Member (3 years),,不明,,,19,853,0,2026-09-10 20:01,2026-10-09 00:00,,,https://www.youtube.com/channel/UCHQloMltsxWxXyab20uTTUw
UC49b82bPe2grBM3m4SX70rg,@あげぱん3,36,3年,Member (3 years),,不明,,,19,57,0,2026-09-10 20:01,2026-10-07 17:00,,,https://www.youtube.com/channel/UC49b82bPe2grBM3m4SX70rg
UCSQr7gqls6ZMtPhk4MuvPqw,@MARIN91m,36,3年,Member (3 years),,不明,,,19,35,0,2026-09-10 20:01,2026-10-09 00:00,,,https://www.youtube.com/channel/UCSQr7gqls6ZMtPhk4MuvPqw
UC0KA4lehlZQMO55p4U4IcrQ,@toiro5777,36,3年,Member (3 years),,不明,,,19,532,0,2026-09-10 20:01,2026-10-09 00:00,,,https://www.youtube.com/channel/UC0KA4lehlZQMO55p4U4IcrQ
UCPigdQHBeArZs4X40vZwDwQ,@ぬりこ-m5s,36,3年,Member (3 years),,不明,,,19,41,0,2026-09-10 20:01,2026-10-09 00:00,,,https://www.youtube.com/channel/UCPigdQHBeArZs4X40vZwDwQ
UC8iO3KwHOcAuC30l2lv2zNw,@ルッコラ-b7d,36,3年,Member (3 years),,不明,,,19,35,0,2026-09-10 20:01,2026-10-09 00:00,,,https://www.youtube.com/channel/UC8iO3KwHOcAuC30l2lv2zNw
UCg1CYYIHU2xMGBmqQFdB3-A,@narito10,36,3年,Member (3 years),,不明,,,19,19,0,2026-09-10 20:01,2026-10-07 17:00,,,https://www.youtube.com/channel/UCg1CYYIHU2xMGBmqQFdB3-A
UCICouo0KBWJjLTB7-WLlFhw,@蕨なつめ,36,3年,Member (3 years),,不明,,,18,520,0,2026-09-10 20:01,2026-10-09 00:00,,,https://www.youtube.com/channel/UCICouo0KBWJjLTB7-WLlFhw
UCJSlAR2hTfUbPbp7sl2mFiA,@ねこたまご丼,36,3年,Member (3 years),,不明,,,18,1819,0,2026-09-10 20:01,2026-10-09 00:00,,,https://www.youtube.com/channel/UCJSlAR2hTfUbPbp7sl2mFiA
UCidz1vU-hTjopzLFRSr-hTw,@y_m_y_m3,36,3年,Member (3 years),,不明,,,18,48,0,2026-09-10 20:01,2026-10-09 00:00,,,https://www.youtube.com/channel/UCidz1vU-hTjopzLFRSr-hTw
UCmDxZPXCgbyfd-vZkjNXZRg,@さくらの-c5k,36,3年,Member (3 years),,不明,,,18,32,0,2026-09-10 20:01,2026-10-09 00:00,,,https://www.youtube.com/channel/UCmDxZPXCgbyfd-vZkjNXZRg
UCvqzYhQ-QnPFkh3FFdezBqQ,@hn6345,36,3年,Member (3 years),,不明,,,18,66,0,2026-09-10 20:01,2026-10-09 00:00,,,https://www.youtube.com/channel/UCvqzYhQ-QnPFkh3FFdezBqQ
UCXMnZCnRkmuAI_2uKo92LLg,@marimecco610,36,3年,Member (3 years),,不明,,,18,149,0,2026-09-10 20:01,2026-10-09 00:00,,,https://www.youtube.com/channel/UCXMnZCnRkmuAI_2uKo92LLg
UCMEHY9LjmvKTY8BJNYT0AbA,@るるる-chan,36,3年,Member (3 years),,不明,,,18,273,0,2026-09-10 20:01,2026-10-09 00:00,,,https://www.youtube.com/channel/UCMEHY9LjmvKTY8BJNYT0AbA
UCjecrl79V4I_f8Xq-ysU18Q,@かのえ_02,36,3年,Member (3 years),,不明,,,17,84,0,2026-09-10 20:01,2026-10-09 00:00,,,https://www.youtube.com/channel/UCjecrl79V4I_f8Xq-ysU18Q
UCYD6CcvN86GXLZytGgn1I5g,@みそ-r3q,36,3年,Member (3 years),,不明,,,17,63,0,2026-09-10 20:01,2026-10-09 00:00,,,https://www.youtube.com/channel/UCYD6CcvN86GXLZytGgn1I5g
UClvR5a-6KOj86yRvuj2ocJA,@たる-t4q,36,3年,Member (3 years),,不明,,,17,929,0,2026-09-10 20:01,2026-10-09 00:00,,,https://www.youtube.com/channel/UClvR5a-6KOj86yRvuj2ocJA
UCbmGJNIu5N9vX7hOaL9WkRg,@くみん-f9c,36,3年,Member (3 years),,不明,,,17,53,0,2026-09-10 20:01,2026-10-09 00:00,,,https://www.youtube.com/channel/UCbmGJNIu5N9vX7hOaL9WkRg
UCevr55Pw50iWn6w130lw4UQ,@mnr_325,36,3年,Member (3 years),,不明,,,17,729,0,2026-09-10 20:01,2026-10-09 00:00,,,https://www.youtube.com/channel/UCevr55Pw50iWn6w130lw4UQ
UClL46h0xPXfnfHKrIdnthvA,@かっさん-w4h,36,3年,Member (3 years),,不明,,,17,1590,4,2026-09-10 20:01,2026-10-09 00:00,,,https://www.youtube.com/channel/UClL46h0xPXfnfHKrIdnthvA
UCi_ZkSh8DLS5UfqudTZIpBQ,@8gpmtj_g,36,3年,Member (3 years),,不明,,,17,93,0,2026-09-10 20:01,2026-10-07 17:00,,,https://www.youtube.com/channel/UCi_ZkSh8DLS5UfqudTZIpBQ
UCXGHBcEfPqlHUxatP_x-F4A,@空汰くた,36,3年,Member (3 years),,不明,,,17,1878,2,2026-09-10 20:01,2026-10-09 00:00,,,https://www.youtube.com/channel/UCXGHBcEfPqlHUxatP_x-F4A
UCu6C54NduCWEUayyTZQB3Mw,@煎茶ぁ,36,3年,Member (3 years),,不明,,,17,98,0,2026-09-10 20:01,2026-10-09 00:00,,,https://www.youtube.com/channel/UCu6C54NduCWEUayyTZQB3Mw
UC8vNLpi6TAaomfDZvAX8FIA,@小井沼わたる,36,3年,Member (3 years),49,Diner,マイルストーン,,17,1567,0,2026-09-11 19:31,2026-10-09 00:00,,,https://www.youtube.com/channel/UC8vNLpi6TAaomfDZvAX8FIA
UC-M7Gv3wi4nyMgpxdxyhvjw,@ぽたぽたz,36,3年,Member (3 years),,不明,,,16,1283,0,2026-09-10 20:01,2026-10-07 17:00,,,https://www.youtube.com/channel/UC-M7Gv3wi4nyMgpxdxyhvjw
UCdfap0Sf-A-rWVFhIngcIWA,@しお-c7c7h,36,3年,Member (3 years),,不明,,,16,218,0,2026-09-10 20:01,2026-10-09 00:00,,,https://www.youtube.com/channel/UCdfap0Sf-A-rWVFhIngcIWA
UCTkCjGlSXd5cA33ysHW-0MQ,@cch4_995,36,3年,Member (3 years),,不明,,,16,180,0,2026-09-10 20:01,2026-10-09 00:00,,,https://www.youtube.com/channel/UCTkCjGlSXd5cA33ysHW-0MQ
UCdpFdcCH4YzfLqC9UE_CX2Q,@水たまり-m8d,36,3年,Member (3 years),,不明,,,16,56,0,2026-09-10 20:01,2026-10-09 00:00,,,https://www.youtube.com/channel/UCdpFdcCH4YzfLqC9UE_CX2Q
UCHVqodGFNDq2vTRgFY6hQIA,@mirinみりん,36,3年,Member (3 years),,不明,,,16,39,0,2026-09-10 20:01,2026-10-09 00:00,,,https://www.youtube.com/channel/UCHVqodGFNDq2vTRgFY6hQIA
UCzNUBn1VXBEWVnv4Jy2QuTQ,@melomelopunch,36,3年,Member (3 years),,不明,,,16,1317,0,2026-09-10 20:01,2026-10-09 00:00,,,https://www.youtube.com/channel/UCzNUBn1VXBEWVnv4Jy2QuTQ
UCkOyzMhEDI97dIuVVUhpXhw,@hana_wa_v,36,3年,Member (3 years),,不明,,,16,45,0,2026-09-10 20:01,2026-10-09 00:00,,,https://www.youtube.com/channel/UCkOyzMhEDI97dIuVVUhpXhw
UCw9x8K6OwyIaCcZumzi_xdQ,@miou7726,36,3年,Member (3 years),,不明,,,16,16,16,2026-09-10 20:01,2026-10-09 00:00,,,https://www.youtube.com/channel/UCw9x8K6OwyIaCcZumzi_xdQ
UCjTOZC8eRSK-FugNeJuEZGQ,@らり-m5l,36,3年,Member (3 years),,不明,,,16,29,0,2026-09-11 19:31,2026-10-09 00:00,,,https://www.youtube.com/channel/UCjTOZC8eRSK-FugNeJuEZGQ
UCG6QqgXSZR-HzHhgGD4wxng,@木市予mushiyu,36,3年,Member (3 years),,不明,,,15,34,0,2026-09-10 20:01,2026-10-09 00:00,,,https://www.youtube.com/channel/UCG6QqgXSZR-HzHhgGD4wxng
UCqYtubQlrVXhWGpvkc-tPEA,@NEO麻婆豆腐,36,3年,Member (3 years),,不明,,,15,183,0,2026-09-10 20:01,2026-10-05 20:00,,,https://www.youtube.com/channel/UCqYtubQlrVXhWGpvkc-tPEA
UCxbbLtX2IGGTTnnyTCWXoaQ,@るちゃん_kn___1o,36,3年,Member (3 years),,不明,,,15,28,0,2026-09-10 20:01,2026-10-09 00:00,,,https://www.youtube.com/channel/UCxbbLtX2IGGTTnnyTCWXoaQ
UCDGXuuLvvmGCia4Sw-wF1dg,@きーと-z2p,36,3年,Member (3 years),,不明,,,15,88,0,2026-09-10 20:01,2026-10-09 00:00,,,https://www.youtube.com/channel/UCDGXuuLvvmGCia4Sw-wF1dg
UClba3GCxKCaabo9u6cBrrMg,@gorogoro_mumu,36,3年,Member (3 years),,不明,,,15,102,0,2026-09-10 20:01,2026-10-09 00:00,,,https://www.youtube.com/channel/UClba3GCxKCaabo9u6cBrrMg
UCJnhmL-dU-5_fxb0rBa5BDA,@いぬっころo0,36,3年,Member (3 years),,不明,,,15,204,0,2026-09-10 20:01,2026-10-09 00:00,,,https://www.youtube.com/channel/UCJnhmL-dU-5_fxb0rBa5BDA
UCSkUx3QSieuOOfuCRmvoHyg,@カロメ_cal,36,3年,Member (3 years),,不明,,,15,72,0,2026-09-10 20:01,2026-10-07 17:00,,,https://www.youtube.com/channel/UCSkUx3QSieuOOfuCRmvoHyg
UClI402LsNL1ie9OxmrhuYSQ,@いちゃん-c9j,36,3年,Member (3 years),,不明,,,15,27,0,2026-09-14 21:45,2026-10-09 00:00,,,https://www.youtube.com/channel/UClI402LsNL1ie9OxmrhuYSQ
UCS1-bXXriW0ul1jVQ3gkinA,@ゆうかさん-1248,36,3年,Member (3 years),,不明,,,14,182,0,2026-09-10 20:01,2026-10-09 00:00,,,https://www.youtube.com/channel/UCS1-bXXriW0ul1jVQ3gkinA
UCtzWXL9cqxNJ5GYDE_e42Sg,@smd-r2v,36,3年,Member (3 years),,不明,,,14,320,0,2026-09-10 20:01,2026-10-09 00:00,,,https://www.youtube.com/channel/UCtzWXL9cqxNJ5GYDE_e42Sg
UCrPrMmQlcam-Pja3qIx24UQ,@とうがらし梅茶,36,3年,Member (3 years),,不明,,,14,88,0,2026-09-10 20:01,2026-10-09 00:00,,,https://www.youtube.com/channel/UCrPrMmQlcam-Pja3qIx24UQ
UC2lQ_veMLpjQb1vYQiU-6tg,@---kd8kg,36,3年,Member (3 years),,不明,,,14,119,0,2026-09-10 20:01,2026-10-09 00:00,,,https://www.youtube.com/channel/UC2lQ_veMLpjQb1vYQiU-6tg
UC41wjOBiQRW5mTHfJT1PXCg,@にんじんninj1n,36,3年,Member (3 years),,不明,,,14,25,0,2026-09-11 19:31,2026-10-09 00:00,,,https://www.youtube.com/channel/UC41wjOBiQRW5mTHfJT1PXCg
UCK8AM4KvI_qQynwz62s4Vow,@ion-w,36,3年,Member (3 years),,不明,,,14,55,0,2026-09-11 19:31,2026-10-09 00:00,,,https://www.youtube.com/channel/UCK8AM4KvI_qQynwz62s4Vow
UCiuHwYqsIsSR7NA7NGiLD_Q,@n_087,36,3年,Member (3 years),,不明,,,13,296,0,2026-09-10 20:01,2026-10-09 00:00,,,https://www.youtube.com/channel/UCiuHwYqsIsSR7NA7NGiLD_Q
UClxqYlpLn7Eh9GMYToXSWhA,@りゃさ-b8h,36,3年,Member (3 years),,不明,,,13,78,0,2026-09-10 20:01,2026-10-09 00:00,,,https://www.youtube.com/channel/UClxqYlpLn7Eh9GMYToXSWhA
UC7sPTaRk5i__XkWrOFfrp7w,@su33615,36,3年,Member (3 years),50,Diner,マイルストーン,,12,782,2,2026-09-10 20:01,2026-10-09 00:00,,,https://www.youtube.com/channel/UC7sPTaRk5i__XkWrOFfrp7w
UCMtfhe6NuXXgjeDwVXwhvsQ,@まめ-m4y6y,36,3年,Member (3 years),47,Diner,マイルストーン,,12,124,0,2026-09-10 20:01,2026-10-09 00:00,,,https://www.youtube.com/channel/UCMtfhe6NuXXgjeDwVXwhvsQ
UCisjDTGzCr10dBVA-wdbsVw,@さくら-j3q6p,36,3年,Member (3 years),,不明,,,12,375,0,2026-09-10 20:01,2026-10-09 00:00,,,https://www.youtube.com/channel/UCisjDTGzCr10dBVA-wdbsVw
UCR2Jhthh8OT30q2IoTs9haA,@あおみどり-x6g,36,3年,Member (3 years),,不明,,,12,36,0,2026-09-10 20:01,2026-10-09 00:00,,,https://www.youtube.com/channel/UCR2Jhthh8OT30q2IoTs9haA
UCwf0LwBBBcDyuHxy62Jcl2g,@九咲_nin9,36,3年,Member (3 years),,不明,,,12,249,0,2026-09-10 20:01,2026-10-09 00:00,,,https://www.youtube.com/channel/UCwf0LwBBBcDyuHxy62Jcl2g
UCP8NHwahU61mLXFJnCU1l2Q,@tm_qadm,36,3年,Member (3 years),,不明,,,12,122,0,2026-09-10 20:01,2026-10-09 00:00,,,https://www.youtube.com/channel/UCP8NHwahU61mLXFJnCU1l2Q
UCJAfz3k2cUzqYAt9B3pUV5A,@tassapornj9065,36,3年,Member (3 years),,不明,,,12,116,0,2026-09-10 20:01,2026-10-09 00:00,,,https://www.youtube.com/channel/UCJAfz3k2cUzqYAt9B3pUV5A
UCH5JNxlfgwpsAj-HxjbFp_g,@杏奈-c3t,36,3年,Member (3 years),50,Diner,マイルストーン,,12,778,0,2026-09-11 19:31,2026-10-09 00:00,,,https://www.youtube.com/channel/UCH5JNxlfgwpsAj-HxjbFp_g
UCp-eX1r4kVoqvb7bviOhghA,@mamama-c3k,36,3年,Member (3 years),,不明,,,12,78,0,2026-09-11 19:31,2026-10-07 17:00,,,https://www.youtube.com/channel/UCp-eX1r4kVoqvb7bviOhghA
UCykrc02H2TJXoNkbWu3-Gwg,@とふ-Toff,36,3年,Member (3 years),,不明,,,11,78,0,2026-09-10 20:01,2026-10-05 20:00,,,https://www.youtube.com/channel/UCykrc02H2TJXoNkbWu3-Gwg
UC-kf-XMAsblBQPQpbJh-O-A,@46sickk,36,3年,Member (3 years),,不明,,,11,29,0,2026-09-10 20:01,2026-09-27 18:02,,,https://www.youtube.com/channel/UC-kf-XMAsblBQPQpbJh-O-A
UCZ32hJyDYRYAtOcpn_Fbcuw,@sanononononono,36,3年,Member (3 years),,不明,,,11,15,0,2026-09-10 20:01,2026-10-09 00:00,,,https://www.youtube.com/channel/UCZ32hJyDYRYAtOcpn_Fbcuw
UCD_9RFiNSnRvhgk21S380VQ,@なみちゃ3,36,3年,Member (3 years),,不明,,,11,42,0,2026-09-10 20:01,2026-10-09 00:00,,,https://www.youtube.com/channel/UCD_9RFiNSnRvhgk21S380VQ
UCYEs0ocjTPwhpuV2Xo26tXw,@wagduej567,36,3年,Member (3 years),,不明,,,11,93,0,2026-09-10 20:01,2026-10-07 17:00,,,https://www.youtube.com/channel/UCYEs0ocjTPwhpuV2Xo26tXw
UC3E4CSXslEsm16Z5Shu_Pbg,@yuuuura_sk,36,3年,Member (3 years),,不明,,,11,39,0,2026-09-10 20:01,2026-10-09 00:00,,,https://www.youtube.com/channel/UC3E4CSXslEsm16Z5Shu_Pbg
UCgCt9mnhDrBBQCrwh2dIbSw,@mi7848,36,3年,Member (3 years),,不明,,,11,63,0,2026-09-10 20:01,2026-10-09 00:00,,,https://www.youtube.com/channel/UCgCt9mnhDrBBQCrwh2dIbSw
UC_jGqI6GJDYBhsn4xwdXvoQ,@すこん-z9x,36,3年,Member (3 years),,不明,,,11,57,0,2026-09-10 20:01,2026-10-09 00:00,,,https://www.youtube.com/channel/UC_jGqI6GJDYBhsn4xwdXvoQ
UCtuQR7F_j_p_XrraRh-2RfA,@sayaponpon3572,36,3年,Member (3 years),,不明,,,11,17,0,2026-09-10 20:01,2026-10-07 17:00,,,https://www.youtube.com/channel/UCtuQR7F_j_p_XrraRh-2RfA
UC400tsW9kKcI9pbCk_in7PA,@Sookie_0,36,3年,Member (3 years),,不明,,,11,37,0,2026-09-11 19:31,2026-10-09 00:00,,,https://www.youtube.com/channel/UC400tsW9kKcI9pbCk_in7PA
UCy3t8lSSIe75M6olgjnTy3Q,@宵町,36,3年,Member (3 years),,不明,,,11,27,0,2026-09-11 19:31,2026-10-03 12:45,,,https://www.youtube.com/channel/UCy3t8lSSIe75M6olgjnTy3Q
UCVbAN8jGc7bXLFLs8RhdjDg,@ayun_kh,36,3年,Member (3 years),,不明,,,11,11,0,2026-09-11 19:31,2026-10-07 17:00,,,https://www.youtube.com/channel/UCVbAN8jGc7bXLFLs8RhdjDg
UCXJRIUEtJAfhlLUHSLsDGMw,@cinnamon6892,36,3年,Member (3 years),40,Diner,マイルストーン,,10,14,0,2026-09-10 20:01,2026-10-09 00:00,,,https://www.youtube.com/channel/UCXJRIUEtJAfhlLUHSLsDGMw
UCItCPA88UwbffcBDRUKZz7A,@くもれ,36,3年,Member (3 years),,不明,,,10,37,0,2026-09-10 20:01,2026-10-09 00:00,,,https://www.youtube.com/channel/UCItCPA88UwbffcBDRUKZz7A
UC8_Hpoccw16-kYXzdamsmFg,@NUtsoxum,36,3年,Member (3 years),,不明,,,10,108,0,2026-09-10 20:01,2026-10-07 17:00,,,https://www.youtube.com/channel/UC8_Hpoccw16-kYXzdamsmFg
UCs5LEt29-ItTdzpjgzH2paw,@えおあいう-b9i,36,3年,Member (3 years),,不明,,,10,79,0,2026-09-10 20:01,2026-10-09 00:00,,,https://www.youtube.com/channel/UCs5LEt29-ItTdzpjgzH2paw
UC8AiHoPpc0GdCoWVKUDaOAA,@うり-z4i,36,3年,Member (3 years),,不明,,,9,41,0,2026-09-10 20:01,2026-10-07 17:00,,,https://www.youtube.com/channel/UC8AiHoPpc0GdCoWVKUDaOAA
UC5GjAVJml_JqKwpaxkzPt4g,@るは_Yeah,36,3年,Member (3 years),,不明,,,9,29,0,2026-09-10 20:01,2026-10-09 00:00,,,https://www.youtube.com/channel/UC5GjAVJml_JqKwpaxkzPt4g
UCQEua1VceH5B4cjEnDY3pfw,@CookieAngel00,36,3年,Member (3 years),,不明,,,9,23,0,2026-09-11 19:31,2026-10-05 20:00,,,https://www.youtube.com/channel/UCQEua1VceH5B4cjEnDY3pfw
UCJ4vyFYcPa-iW4Safqm8K1A,@ao5051,36,3年,Member (3 years),,不明,,,9,47,0,2026-09-16 20:30,2026-10-09 00:00,,,https://www.youtube.com/channel/UCJ4vyFYcPa-iW4Safqm8K1A
UCGHvgH3mYfTwZA3Rjlz6Jqw,@mia_doggo,36,3年,Member (3 years),,不明,,,8,153,0,2026-09-10 20:01,2026-10-09 00:00,,,https://www.youtube.com/channel/UCGHvgH3mYfTwZA3Rjlz6Jqw
UCk1j44t8hzvIzehilijlCEQ,@どて2,36,3年,Member (3 years),,不明,,,8,11,0,2026-09-10 20:01,2026-10-09 00:00,,,https://www.youtube.com/channel/UCk1j44t8hzvIzehilijlCEQ
UCHzT7RKMqu9y8QgtlYZwkhA,@poyu_poyu,36,3年,Member (3 years),,不明,,,8,13,0,2026-09-10 20:01,2026-10-09 00:00,,,https://www.youtube.com/channel/UCHzT7RKMqu9y8QgtlYZwkhA
UCZ-_88ajG3DFq7cTsuZpWpQ,@なち623,36,3年,Member (3 years),,不明,,,8,11,0,2026-09-10 20:01,2026-10-05 20:00,,,https://www.youtube.com/channel/UCZ-_88ajG3DFq7cTsuZpWpQ
UCWArUSD1WuoQIBw5RCRoj3g,@us4o00,36,3年,Member (3 years),,不明,,,8,24,0,2026-09-11 19:31,2026-10-07 17:00,,,https://www.youtube.com/channel/UCWArUSD1WuoQIBw5RCRoj3g
UC3XP1VM-00iuxEUoh1S6qyg,@ぎね-v3w,36,3年,Member (3 years),,不明,,,8,43,0,2026-09-11 19:31,2026-10-07 17:00,,,https://www.youtube.com/channel/UC3XP1VM-00iuxEUoh1S6qyg
UCqYN_sA0zxjLwMzdmSe2PuQ,@あかな-0301,36,3年,Member (3 years),,不明,,,8,24,0,2026-09-14 21:45,2026-10-09 00:00,,,https://www.youtube.com/channel/UCqYN_sA0zxjLwMzdmSe2PuQ
UCfw9QHHigk6yOP7y5NXmzoA,@わわんこ-l2b,36,3年,Member (3 years),,不明,,,8,109,0,2026-09-14 21:45,2026-10-07 17:00,,,https://www.youtube.com/channel/UCfw9QHHigk6yOP7y5NXmzoA
UCTRXtnbPPQ4TEzbD5B9PYnQ,@椿-k4n,36,3年,Member (3 years),,不明,,,7,43,0,2026-09-10 20:01,2026-10-07 17:00,,,https://www.youtube.com/channel/UCTRXtnbPPQ4TEzbD5B9PYnQ
UCnQ3i0Dy2v5C-VW3s79tWUw,@あーみ0206,36,3年,Member (3 years),,不明,,,7,51,0,2026-09-10 20:01,2026-10-09 00:00,,,https://www.youtube.com/channel/UCnQ3i0Dy2v5C-VW3s79tWUw
UCll3oeMEYFDZzWwexSWzjTw,@MIKURI_ch1,36,3年,Member (3 years),,不明,,,7,38,0,2026-09-10 20:01,2026-09-29 17:30,,,https://www.youtube.com/channel/UCll3oeMEYFDZzWwexSWzjTw
UC7zwGNp0HOklWm6F9J14-Sg,@みつなが-i8x,36,3年,Member (3 years),,不明,,,7,11,0,2026-09-10 20:01,2026-09-30 18:00,,,https://www.youtube.com/channel/UC7zwGNp0HOklWm6F9J14-Sg
UCnAt1QGcd6EJ5xC6eXaH3pw,@よぱん,36,3年,Member (3 years),,不明,,,7,11,0,2026-09-10 20:01,2026-10-09 00:00,,,https://www.youtube.com/channel/UCnAt1QGcd6EJ5xC6eXaH3pw
UC6dbv3u9vDaFUArV_TAVr2g,@ゆりちゃん_n0,36,3年,Member (3 years),,不明,,,7,15,1,2026-09-10 20:01,2026-09-27 18:02,,,https://www.youtube.com/channel/UC6dbv3u9vDaFUArV_TAVr2g
UCPipvLFNAKHsLYIPc5ZR3MA,@127duston7,36,3年,Member (3 years),,不明,,,7,8,0,2026-09-10 20:01,2026-10-03 12:45,,,https://www.youtube.com/channel/UCPipvLFNAKHsLYIPc5ZR3MA
UCFAk_yf76b9lw5ZYN5Ze9dw,@ritsu_rinrin,36,3年,Member (3 years),,不明,,,7,20,0,2026-09-10 20:01,2026-10-03 12:45,,,https://www.youtube.com/channel/UCFAk_yf76b9lw5ZYN5Ze9dw
UCTpdDMIcFEwvL4pjcIqHePg,@はぷ-y5w,36,3年,Member (3 years),,不明,,,7,9,0,2026-09-11 19:31,2026-10-09 00:00,,,https://www.youtube.com/channel/UCTpdDMIcFEwvL4pjcIqHePg
UC2wzN08kbY_S92lRbXNIs4g,@ぴなな-z1m,36,3年,Member (3 years),,不明,,,7,23,0,2026-09-14 21:45,2026-10-09 00:00,,,https://www.youtube.com/channel/UC2wzN08kbY_S92lRbXNIs4g
UCST1XPJhqh9O-dRbfkZkoZw,@ヒナツ_hinacord,36,3年,Member (3 years),,不明,,,7,52,1,2026-09-14 21:45,2026-10-09 00:00,,,https://www.youtube.com/channel/UCST1XPJhqh9O-dRbfkZkoZw
UCXSwYFQYRu263sSNWt74OXA,@negi-soysauce,36,3年,Member (3 years),,不明,,,7,21,0,2026-09-14 21:45,2026-10-09 00:00,,,https://www.youtube.com/channel/UCXSwYFQYRu263sSNWt74OXA
UCNgFHDuewUufXJrfhGrg1ZA,@fumizuki-2434,36,3年,Member (3 years),,不明,,,7,94,0,2026-09-20 19:02,2026-10-05 20:00,,,https://www.youtube.com/channel/UCNgFHDuewUufXJrfhGrg1ZA
UCqQjX91ktLsQBZfkKhivuaA,@くろまめ-v8w,36,3年,Member (3 years),,不明,,,6,34,0,2026-09-10 20:01,2026-10-09 00:00,,,https://www.youtube.com/channel/UCqQjX91ktLsQBZfkKhivuaA
UCIP7E_9HfICQIz6VKzyeodw,@sibehusky0_0,36,3年,Member (3 years),,不明,,,6,447,0,2026-09-10 20:01,2026-10-07 17:00,,,https://www.youtube.com/channel/UCIP7E_9HfICQIz6VKzyeodw
UCnxa5kpfmOkA9LdSaxHLWqg,@ヤニカスの三毛猫,36,3年,Member (3 years),,不明,,,6,8,0,2026-09-10 20:01,2026-10-09 00:00,,,https://www.youtube.com/channel/UCnxa5kpfmOkA9LdSaxHLWqg
UCvQdyOGEfh3d3X3apyzI0mw,@AMI-sk2wt,36,3年,Member (3 years),,不明,,,6,6,0,2026-09-10 20:01,2026-10-02 20:15,,,https://www.youtube.com/channel/UCvQdyOGEfh3d3X3apyzI0mw
UCBq6EnqNIWMy7zCImpwPPNA,@まな-q7n4z,36,3年,Member (3 years),,不明,,,6,12,5,2026-09-11 19:31,2026-10-03 12:45,,,https://www.youtube.com/channel/UCBq6EnqNIWMy7zCImpwPPNA
UCC57II5Bt4lT6Fe_qigSdZQ,@m00m3s,36,3年,Member (3 years),,不明,,,6,30,1,2026-09-11 19:31,2026-10-09 00:00,,,https://www.youtube.com/channel/UCC57II5Bt4lT6Fe_qigSdZQ
UCpnfwfmWzzxMdZXptOu9XUg,@トト太郎_ttt,36,3年,Member (3 years),,不明,,,6,30,0,2026-09-11 19:31,2026-10-09 00:00,,,https://www.youtube.com/channel/UCpnfwfmWzzxMdZXptOu9XUg
UCgpuran9iJZC2L1gPSyYziQ,@焼き鮭-suki,36,3年,Member (3 years),,不明,,,6,13,0,2026-09-14 21:45,2026-10-09 00:00,,,https://www.youtube.com/channel/UCgpuran9iJZC2L1gPSyYziQ
UC6Kxp4bbFFVbHPZ6W3Yd9ow,@ゆりやさか-v8q,36,3年,Member (3 years),,不明,,,6,15,0,2026-09-14 21:45,2026-10-09 00:00,,,https://www.youtube.com/channel/UC6Kxp4bbFFVbHPZ6W3Yd9ow
UCuwMQVWIFdTXpYChgBhz25Q,@あすか-v3b,36,3年,Member (3 years),,不明,,,6,52,0,2026-09-16 20:30,2026-10-05 20:00,,,https://www.youtube.com/channel/UCuwMQVWIFdTXpYChgBhz25Q
UCoyBdeZAHgNj4Y8tOTjCvAA,@crafisica-os1hp,36,3年,Member (3 years),,不明,,,6,13,0,2026-09-19 20:00,2026-10-09 00:00,,,https://www.youtube.com/channel/UCoyBdeZAHgNj4Y8tOTjCvAA
UCY16kLa8KCmDM85Y76u82yQ,@なつ-t8x,36,3年,Member (3 years),,不明,,,6,9,0,2026-09-19 20:00,2026-10-07 17:00,,,https://www.youtube.com/channel/UCY16kLa8KCmDM85Y76u82yQ
UCf_hM-5Cz7DHEM5He0iRL3w,@mana.c,36,3年,Member (3 years),,不明,,,5,7,0,2026-09-10 20:01,2026-10-03 12:45,,,https://www.youtube.com/channel/UCf_hM-5Cz7DHEM5He0iRL3w
UCnFzf9rRVsB9H0ydEWItrUg,@umi5320,36,3年,Member (3 years),36,Diner,マイルストーン,,5,8,0,2026-09-10 20:01,2026-10-09 00:00,,,https://www.youtube.com/channel/UCnFzf9rRVsB9H0ydEWItrUg
UCu0l0JNlswG7AIQAa4zZ-pg,@2mori,36,3年,Member (3 years),,不明,,,5,8,0,2026-09-10 20:01,2026-10-09 00:00,,,https://www.youtube.com/channel/UCu0l0JNlswG7AIQAa4zZ-pg
UCDxSaQxyrCVmsD3Xz_THjkw,@seohwa666,36,3年,Member (3 years),46,Diner,マイルストーン,,5,16,0,2026-09-11 19:31,2026-10-05 20:00,,,https://www.youtube.com/channel/UCDxSaQxyrCVmsD3Xz_THjkw
UCOR_Qr5yZCoUl2LK7j4e-Vw,@みさん-b6g,36,3年,Member (3 years),,不明,,,5,30,0,2026-09-11 19:31,2026-10-09 00:00,,,https://www.youtube.com/channel/UCOR_Qr5yZCoUl2LK7j4e-Vw
UCebOvKrsFqn-tGhWt1-BB6A,@MAKI-f3m,36,3年,Member (3 years),,不明,,,5,13,0,2026-09-11 19:31,2026-10-09 00:00,,,https://www.youtube.com/channel/UCebOvKrsFqn-tGhWt1-BB6A
UCMpkjwO_fdV3V3gUpoISgog,@RUI_O_2,36,3年,Member (3 years),,不明,,,5,6,0,2026-09-14 21:45,2026-10-09 00:00,,,https://www.youtube.com/channel/UCMpkjwO_fdV3V3gUpoISgog
UCg5a9mTxGo6c3qYFYAcNZrA,@ZnNR_yuugune,36,3年,Member (3 years),,不明,,,5,6,0,2026-09-14 21:45,2026-09-30 18:00,,,https://www.youtube.com/channel/UCg5a9mTxGo6c3qYFYAcNZrA
UCVF1MyLAFnv5K-X3ttlKzsw,@rghs475ai99y1,36,3年,Member (3 years),,不明,,,5,46,0,2026-09-18 20:00,2026-10-09 00:00,,,https://www.youtube.com/channel/UCVF1MyLAFnv5K-X3ttlKzsw
UCrvVl5DGuTv2XWWDTCoDWeQ,@Lily-sd9oo,36,3年,Member (3 years),,不明,,,5,5,0,2026-09-18 20:00,2026-10-07 17:00,,,https://www.youtube.com/channel/UCrvVl5DGuTv2XWWDTCoDWeQ
UC4uSJNVRHM-VQzmN7vOfFug,@わんころり-x,36,3年,Member (3 years),,不明,,,5,22,0,2026-09-19 20:00,2026-10-05 20:00,,,https://www.youtube.com/channel/UC4uSJNVRHM-VQzmN7vOfFug
UCD2seSDnccy8F4Y994DIFAw,@saitsuyo__otaku,36,3年,Member (3 years),,不明,,,4,4,0,2026-09-10 20:01,2026-09-27 18:02,,,https://www.youtube.com/channel/UCD2seSDnccy8F4Y994DIFAw
UCAaDytugA-KzmJnJ1oIIkDw,@日本猫-z5g,36,3年,Member (3 years),,不明,,,4,121,0,2026-09-10 20:01,2026-10-09 00:00,,,https://www.youtube.com/channel/UCAaDytugA-KzmJnJ1oIIkDw
UCninqSbdSO5NQ7HXeo-4W7w,@piripirip,36,3年,Member (3 years),,不明,,,4,6,0,2026-09-10 20:01,2026-10-09 00:00,,,https://www.youtube.com/channel/UCninqSbdSO5NQ7HXeo-4W7w
UCqJMzmpdrPkJGOskvnA93UA,@88kirarazaka,36,3年,Member (3 years),,不明,,,4,4,0,2026-09-10 20:01,2026-10-09 00:00,,,https://www.youtube.com/channel/UCqJMzmpdrPkJGOskvnA93UA
UCM7DAmIDS1Y0Woj5hGZcKDg,@れな_Tukino,36,3年,Member (3 years),,不明,,,4,8,0,2026-09-11 19:31,2026-09-30 18:00,,,https://www.youtube.com/channel/UCM7DAmIDS1Y0Woj5hGZcKDg
UCjlwx79sJBAeyhFiDqthOAg,@82bee,36,3年,Member (3 years),,不明,,,4,4,0,2026-09-19 20:00,2026-10-03 12:45,,,https://www.youtube.com/channel/UCjlwx79sJBAeyhFiDqthOAg
UCnMwXRsScYurQH_1lF20itQ,@minami-fb2pt,36,3年,Member (3 years),,不明,,,4,32,0,2026-09-19 20:00,2026-10-05 20:00,,,https://www.youtube.com/channel/UCnMwXRsScYurQH_1lF20itQ
UCUMJgJh5zc1uI8elxiH79UA,@ふゆん-72,36,3年,Member (3 years),,不明,,,4,5,0,2026-09-19 20:00,2026-09-29 17:30,,,https://www.youtube.com/channel/UCUMJgJh5zc1uI8elxiH79UA
UCu3lDN6OpqvRIZ89_s3HuTw,@har8n-ezuni,36,3年,Member (3 years),,不明,,,4,4,0,2026-09-22 20:01,2026-10-09 00:00,,,https://www.youtube.com/channel/UCu3lDN6OpqvRIZ89_s3HuTw
UCNWV3zMCjPUkhLdUmlrLFJw,@me_ri_s2,36,3年,Member (3 years),,不明,,,4,11,0,2026-09-26 20:00,2026-10-09 00:00,,,https://www.youtube.com/channel/UCNWV3zMCjPUkhLdUmlrLFJw
UCiKeiAM_VST2a2ACZMZQ0jw,@sonosan_Da,36,3年,Member (3 years),,不明,,,4,222,0,2026-09-27 18:02,2026-10-09 00:00,,,https://www.youtube.com/channel/UCiKeiAM_VST2a2ACZMZQ0jw
UCiqvwnqleAavM_BeXjzcYXg,@ちづるo_o,36,3年,Member (3 years),,不明,,,4,15,0,2026-10-03 12:45,2026-10-09 00:00,,,https://www.youtube.com/channel/UCiqvwnqleAavM_BeXjzcYXg
UCdtTY2DWQrcKh-uq_oXxC8w,@豆腐-t1k,36,3年,Member (3 years),,不明,,,3,9,0,2026-09-10 20:01,2026-10-05 20:00,,,https://www.youtube.com/channel/UCdtTY2DWQrcKh-uq_oXxC8w
UCPJS8qZrrwhaI0Sf6BjoSbQ,@沙桐さぎり,36,3年,Member (3 years),,不明,,,3,3,0,2026-09-10 20:01,2026-10-05 20:00,,,https://www.youtube.com/channel/UCPJS8qZrrwhaI0Sf6BjoSbQ
UCVDH1i-GtxqojyURp6vsqIg,@てば-e6i,36,3年,Member (3 years),,不明,,,3,3,0,2026-09-10 20:01,2026-10-05 20:00,,,https://www.youtube.com/channel/UCVDH1i-GtxqojyURp6vsqIg
UCEoHpWD5b0dSPC-UgJ5C5cA,@田中ロン-x9i,36,3年,Member (3 years),,Diner,マイルストーン（2026-09-07）,,3,6,0,2026-09-10 20:01,2026-10-09 00:00,,,https://www.youtube.com/channel/UCEoHpWD5b0dSPC-UgJ5C5cA
UCmL5-ejqxEoVYCNo-292R7Q,@Aika_____0131,36,3年,Member (3 years),,不明,,,3,134,0,2026-09-10 20:01,2026-09-27 18:02,,,https://www.youtube.com/channel/UCmL5-ejqxEoVYCNo-292R7Q
UCh3WtRKiJvG0ncN57R2zuzg,@mthtyyi弥生みつひと0331,36,3年,Member (3 years),,不明,,,3,16,0,2026-09-10 20:01,2026-09-20 19:02,,,https://www.youtube.com/channel/UCh3WtRKiJvG0ncN57R2zuzg
UCUqqHpYNYwCawd-_UjfEKXQ,@Mar_まる,36,3年,Member (3 years),,不明,,,3,8,0,2026-09-11 19:31,2026-10-09 00:00,,,https://www.youtube.com/channel/UCUqqHpYNYwCawd-_UjfEKXQ
UC_we8iYHyvs0yyefMxFYvcw,@toratugumi2311,36,3年,Member (3 years),,不明,,,3,5,0,2026-09-11 19:31,2026-10-05 20:00,,,https://www.youtube.com/channel/UC_we8iYHyvs0yyefMxFYvcw
UCz1n2Nz4-XzHKytbnrEWQaQ,@べん-z1b,36,3年,Member (3 years),,不明,,,3,4,0,2026-09-11 19:31,2026-10-03 12:45,,,https://www.youtube.com/channel/UCz1n2Nz4-XzHKytbnrEWQaQ
UCExdKnUJuLPrflzhsvYga_Q,@Ao-Minaduki21,36,3年,Member (3 years),,不明,,,3,4,0,2026-09-16 20:30,2026-09-23 13:01,,,https://www.youtube.com/channel/UCExdKnUJuLPrflzhsvYga_Q
UC6--kiuwFSNRctgn4jTZLKw,@あき-h9y6d,36,3年,Member (3 years),,不明,,,3,5,0,2026-09-16 20:30,2026-09-23 13:01,,,https://www.youtube.com/channel/UC6--kiuwFSNRctgn4jTZLKw
UCifTH47U8clH28taJp4vlFw,@Chimari_,36,3年,Member (3 years),,不明,,,3,35,0,2026-09-19 20:00,2026-09-27 18:02,,,https://www.youtube.com/channel/UCifTH47U8clH28taJp4vlFw
UCSdmntnBRoTmBz6CkY6sChA,@Reikaaaa0716,36,3年,Member (3 years),,不明,,,3,3,0,2026-09-19 20:00,2026-10-05 20:00,,,https://www.youtube.com/channel/UCSdmntnBRoTmBz6CkY6sChA
UCqbqCt7_BpICQMvfIwlrWMQ,@siina2801,36,3年,Member (3 years),,不明,,,3,4,0,2026-09-20 19:02,2026-10-07 17:00,,,https://www.youtube.com/channel/UCqbqCt7_BpICQMvfIwlrWMQ
UCMscn1T8A5_rZxDEmFvHPUw,@椛-c7w,36,3年,Member (3 years),,不明,,,3,5,0,2026-09-21 21:02,2026-10-09 00:00,,,https://www.youtube.com/channel/UCMscn1T8A5_rZxDEmFvHPUw
UCZq7vXTXrCRSLJ9IqUHH39w,@geruuuusannnn,36,3年,Member (3 years),,不明,,,3,3,0,2026-09-21 21:02,2026-10-07 17:00,,,https://www.youtube.com/channel/UCZq7vXTXrCRSLJ9IqUHH39w
UCPo2hMd2xDRsUTsbQkTROCg,@あゆみ-w8b,36,3年,Member (3 years),49,Diner,マイルストーン,,3,178,0,2026-09-21 21:02,2026-10-09 00:00,,,https://www.youtube.com/channel/UCPo2hMd2xDRsUTsbQkTROCg
UCsrkVNTTVImrAR4sRflOOlw,@となり-d6n,36,3年,Member (3 years),,不明,,,3,11,0,2026-09-22 20:01,2026-10-09 00:00,,,https://www.youtube.com/channel/UCsrkVNTTVImrAR4sRflOOlw
UCE04kf8-zHTf_xY0vl6XMJw,@フォール-w1y,36,3年,Member (3 years),,不明,,,3,50,0,2026-09-22 20:01,2026-10-09 00:00,,,https://www.youtube.com/channel/UCE04kf8-zHTf_xY0vl6XMJw
UCm-ABLRXWzVeATsI8jKLz3g,@BURGER_-cx5qm,36,3年,Member (3 years),,不明,,,3,3,0,2026-09-26 20:00,2026-10-07 17:00,,,https://www.youtube.com/channel/UCm-ABLRXWzVeATsI8jKLz3g
UC9Au13-zk4Kgwj86qwPiC_A,@ぴーちゃん-k2e,36,3年,Member (3 years),,不明,,,3,3,0,2026-09-26 20:00,2026-10-09 00:00,,,https://www.youtube.com/channel/UC9Au13-zk4Kgwj86qwPiC_A
UC9obe0rNg2nEhFontfpl4rw,@佳村-z1b,36,3年,Member (3 years),,不明,,,3,9,0,2026-09-29 17:30,2026-10-09 00:00,,,https://www.youtube.com/channel/UC9obe0rNg2nEhFontfpl4rw
UClY3sRfduXLwwRtP5SVovOw,@山菜うどん-o1c,36,3年,Member (3 years),,不明,,,3,38,0,2026-09-29 17:30,2026-10-09 00:00,,,https://www.youtube.com/channel/UClY3sRfduXLwwRtP5SVovOw
UCpBQJ7ZHy-CgKeJhG4_bSdw,@mii5812,36,3年,Member (3 years),,不明,,,2,2,0,2026-09-10 20:01,2026-09-19 20:00,,,https://www.youtube.com/channel/UCpBQJ7ZHy-CgKeJhG4_bSdw
UC6YjijI704Hcpu8PCWJIsWw,@xien__3106,36,3年,Member (3 years),,不明,,,2,2,0,2026-09-10 20:01,2026-09-20 19:02,,,https://www.youtube.com/channel/UC6YjijI704Hcpu8PCWJIsWw
UC0VKEtm_qVsAQc4GoZbHx3g,@millet_u,36,3年,Member (3 years),,不明,,,2,12,0,2026-09-11 19:31,2026-09-22 20:01,,,https://www.youtube.com/channel/UC0VKEtm_qVsAQc4GoZbHx3g
UCvAsY-Je2JbPgHLKY1TYFzg,@0kita,36,3年,Member (3 years),,不明,,,2,3,0,2026-09-11 19:31,2026-09-27 18:02,,,https://www.youtube.com/channel/UCvAsY-Je2JbPgHLKY1TYFzg
UCbkG5jqAPuhJ0wwLiB48yvg,@洋人書守,36,3年,Member (3 years),,不明,,,2,4,0,2026-09-11 19:31,2026-10-05 20:00,,,https://www.youtube.com/channel/UCbkG5jqAPuhJ0wwLiB48yvg
UC7lYVQoIF_4F86w8Unhpdhg,@hami_0325,36,3年,Member (3 years),,不明,,,2,4,0,2026-09-11 19:31,2026-10-09 00:00,,,https://www.youtube.com/channel/UC7lYVQoIF_4F86w8Unhpdhg
UC9c_A6sbqi0zR5p8om49nzA,@もすけっともすもす,36,3年,Member (3 years),,不明,,,2,2,0,2026-09-14 21:45,2026-10-07 17:00,,,https://www.youtube.com/channel/UC9c_A6sbqi0zR5p8om49nzA
UC-DnTOHIOVXgAzZZT59UD5A,@コウ-n8k,36,3年,Member (3 years),,不明,,,2,2,0,2026-09-17 18:01,2026-09-30 18:00,,,https://www.youtube.com/channel/UC-DnTOHIOVXgAzZZT59UD5A
UCFTJ1tfdaji9XbmAhfEF_bQ,@だが-b4p,36,3年,Member (3 years),,不明,,,2,2,0,2026-09-19 20:00,2026-09-30 18:00,,,https://www.youtube.com/channel/UCFTJ1tfdaji9XbmAhfEF_bQ
UCaVhdaeL-I6dB1JveQ7H25Q,@kaede5543,36,3年,Member (3 years),,不明,,,2,6,0,2026-09-19 20:00,2026-09-27 18:02,,,https://www.youtube.com/channel/UCaVhdaeL-I6dB1JveQ7H25Q
UCBvgspw_J4LUS80-HCHv2Zg,@しらた_m5,36,3年,Member (3 years),,不明,,,2,2,0,2026-09-19 20:00,2026-09-22 20:01,,,https://www.youtube.com/channel/UCBvgspw_J4LUS80-HCHv2Zg
UC2DkpfER0356WyBw2jiNymQ,@雪花alpha,36,3年,Member (3 years),,不明,,,2,11,0,2026-09-20 19:02,2026-09-27 18:02,,,https://www.youtube.com/channel/UC2DkpfER0356WyBw2jiNymQ
UCKret_0O2Wl_tRuNmevDV1g,@CookieUmeww,36,3年,Member (3 years),,不明,,,2,2,1,2026-09-20 19:02,2026-09-27 18:02,,,https://www.youtube.com/channel/UCKret_0O2Wl_tRuNmevDV1g
UCHPie7O97kHmQ9PN30PhxBg,@GR4Y_Y,36,3年,Member (3 years),,不明,,,2,2,0,2026-09-20 19:02,2026-09-29 17:30,,,https://www.youtube.com/channel/UCHPie7O97kHmQ9PN30PhxBg
UCARiR4s0GeQ5em8jY3v8oUA,@ごん_428,36,3年,Member (3 years),,不明,,,2,203,0,2026-09-21 21:02,2026-10-05 20:00,,,https://www.youtube.com/channel/UCARiR4s0GeQ5em8jY3v8oUA
UCqD7llZtGbaf1c_s4FcyBDw,@チロル-c3t,36,3年,Member (3 years),41,Diner,マイルストーン,,2,1,0,2026-09-21 21:02,2026-10-03 12:45,,,https://www.youtube.com/channel/UCqD7llZtGbaf1c_s4FcyBDw
UCakdwIn6SOB1hQgVuDW7r7A,@葵衣_kie,36,3年,Member (3 years),,不明,,,2,69,0,2026-09-21 21:02,2026-10-05 20:00,,,https://www.youtube.com/channel/UCakdwIn6SOB1hQgVuDW7r7A
UCSkww6UPk24dHF6MgyWP7Ug,@ワシの心が美しくてため息が出る,36,3年,Member (3 years),,不明,,,2,2,0,2026-09-21 21:02,2026-10-05 20:00,,,https://www.youtube.com/channel/UCSkww6UPk24dHF6MgyWP7Ug
UCZQ4UfXl8zbYJBzMFAV-7yw,@usathuyo5124,36,3年,Member (3 years),38,Diner,マイルストーン,,2,0,0,2026-09-21 21:02,2026-10-09 00:00,,,https://www.youtube.com/channel/UCZQ4UfXl8zbYJBzMFAV-7yw
UC4__eIDxNn0ltg3_e2ho6RA,@ぱんだぱん-r2p,36,3年,Member (3 years),,不明,,,2,3,0,2026-09-22 20:01,2026-09-26 20:00,,,https://www.youtube.com/channel/UC4__eIDxNn0ltg3_e2ho6RA
UCtk22DLxtn5YRcAIWg39NCQ,@watanatsu715,36,3年,Member (3 years),,不明,,,2,2,0,2026-09-22 20:01,2026-09-27 18:02,,,https://www.youtube.com/channel/UCtk22DLxtn5YRcAIWg39NCQ
UCnXURLiidzUbt2OUDCNynog,@Ash1taba,36,3年,Member (3 years),,不明,,,2,4,0,2026-09-22 20:01,2026-10-05 20:00,,,https://www.youtube.com/channel/UCnXURLiidzUbt2OUDCNynog
UCZRp130-Xy6b3ArMjmeMq3Q,@ゆー-f7i,36,3年,Member (3 years),,不明,,,2,2,0,2026-09-22 20:01,2026-10-05 20:00,,,https://www.youtube.com/channel/UCZRp130-Xy6b3ArMjmeMq3Q
UCDoaBkR6es2xZZrluMlWe3A,@れあり-re,36,3年,Member (3 years),,不明,,,2,2,0,2026-09-23 13:01,2026-10-03 12:45,,,https://www.youtube.com/channel/UCDoaBkR6es2xZZrluMlWe3A
UCTRfFREkFfaitZxp19GQ-_Q,@あお-q2l,36,3年,Member (3 years),,不明,,,2,2,0,2026-09-26 20:00,2026-09-27 18:02,,,https://www.youtube.com/channel/UCTRfFREkFfaitZxp19GQ-_Q
UCuf43FZYgrWdfxVo32RiRdw,@かためのミニピン,36,3年,Member (3 years),,不明,,,2,9,1,2026-09-27 18:02,2026-10-09 00:00,,,https://www.youtube.com/channel/UCuf43FZYgrWdfxVo32RiRdw
UCYmtGdcf5ZcF_jLauCs2eCA,@aaaa-zs4qb,36,3年,Member (3 years),,不明,,,2,65,0,2026-09-27 18:02,2026-10-05 20:00,,,https://www.youtube.com/channel/UCYmtGdcf5ZcF_jLauCs2eCA
UC3oEszfsjeuUW4ZLFJTBLJg,@揚げたてポテト-e8m,36,3年,Member (3 years),,不明,,,2,2,0,2026-09-27 18:02,2026-10-05 20:00,,,https://www.youtube.com/channel/UC3oEszfsjeuUW4ZLFJTBLJg
UCcAUqUt5QCP8p1cGMenaD3w,@れん-i8n4u,36,3年,Member (3 years),,不明,,,2,2,0,2026-09-30 18:00,2026-10-03 12:45,,,https://www.youtube.com/channel/UCcAUqUt5QCP8p1cGMenaD3w
UCsaS3qDuQC-mjyB_1C-WCwA,@him-z9q,36,3年,Member (3 years),,不明,,,2,3,0,2026-10-02 20:15,2026-10-03 12:45,,,https://www.youtube.com/channel/UCsaS3qDuQC-mjyB_1C-WCwA
UCd-krxQpxN7xyz7zOtMhCJQ,@Shiki-u3y,36,3年,Member (3 years),,不明,,,2,3,0,2026-10-05 20:00,2026-10-07 17:00,,,https://www.youtube.com/channel/UCd-krxQpxN7xyz7zOtMhCJQ
UC_GFTp0AbEGDFRuLC-T4Snw,@YAKITORI_O14,36,3年,Member (3 years),,不明,,,2,6,0,2026-10-05 20:00,2026-10-09 00:00,,,https://www.youtube.com/channel/UC_GFTp0AbEGDFRuLC-T4Snw
UCHwf9oAv9OIDtlw5sJCPAFQ,@らこ-e3b,36,3年,Member (3 years),,不明,,,2,43,0,2026-10-05 20:00,2026-10-09 00:00,,,https://www.youtube.com/channel/UCHwf9oAv9OIDtlw5sJCPAFQ
UC9UpshMtrqUf5faOaBcUJLg,@めい-j9d4r,36,3年,Member (3 years),,不明,,,2,2,0,2026-10-05 20:00,2026-10-09 00:00,,,https://www.youtube.com/channel/UC9UpshMtrqUf5faOaBcUJLg
UCktwiB9H4qQLbmlgGLMVgdQ,@うどん-i9o8o,36,3年,Member (3 years),,不明,,,1,1,0,2026-09-10 20:01,2026-09-10 20:01,,,https://www.youtube.com/channel/UCktwiB9H4qQLbmlgGLMVgdQ
UCdQjJQNMgPwPtLF4z-5Q1nA,@ハル-i5v,36,3年,Member (3 years),,不明,,,1,1,0,2026-09-10 20:01,2026-09-10 20:01,,,https://www.youtube.com/channel/UCdQjJQNMgPwPtLF4z-5Q1nA
UCEh5F5aT822WcoVlhQXZoPg,@yuna4126,36,3年,Member (3 years),,不明,,,1,1,0,2026-09-10 20:01,2026-09-10 20:01,,,https://www.youtube.com/channel/UCEh5F5aT822WcoVlhQXZoPg
UCfI1D2wINnMgZHVLbSm6m-Q,@ゆずちゃん_Lv3,36,3年,Member (3 years),,不明,,,1,1,0,2026-09-10 20:01,2026-09-10 20:01,,,https://www.youtube.com/channel/UCfI1D2wINnMgZHVLbSm6m-Q
UCXjcehpf8ApjoS2_3W0ZTYw,@AcOEt,36,3年,Member (3 years),,不明,,,1,1,0,2026-09-10 20:01,2026-09-10 20:01,,,https://www.youtube.com/channel/UCXjcehpf8ApjoS2_3W0ZTYw
UC3Ycxm3ChNe_myod0wKEaPQ,@yako_mrs,36,3年,Member (3 years),,不明,,,1,1,0,2026-09-10 20:01,2026-09-10 20:01,,,https://www.youtube.com/channel/UC3Ycxm3ChNe_myod0wKEaPQ
UCqeZNY5Q7Dsy7X81Pw4FeSg,@moncha_fk,36,3年,Member (3 years),,不明,,,1,1,0,2026-09-10 20:01,2026-09-10 20:01,,,https://www.youtube.com/channel/UCqeZNY5Q7Dsy7X81Pw4FeSg
UC0LldFPhwMHtid8QZsbT1Kg,@ゆう-z4o5o,36,3年,Member (3 years),,不明,,,1,1,0,2026-09-11 19:31,2026-09-11 19:31,,,https://www.youtube.com/channel/UC0LldFPhwMHtid8QZsbT1Kg
UCb_7-iHkj2NSBb2qTvJSxWA,@くらねo0,36,3年,Member (3 years),,不明,,,1,2,0,2026-09-11 19:31,2026-09-11 19:31,,,https://www.youtube.com/channel/UCb_7-iHkj2NSBb2qTvJSxWA
UCg7pDilNqtpKSjTe7TYKbKQ,@じん-e6r,36,3年,Member (3 years),,不明,,,1,1,0,2026-09-11 19:31,2026-09-11 19:31,,,https://www.youtube.com/channel/UCg7pDilNqtpKSjTe7TYKbKQ
UCVn3PIrEoQW_sY8UeBCUtlg,@---lg2zn,36,3年,Member (3 years),,不明,,,1,1,0,2026-09-11 19:31,2026-09-11 19:31,,,https://www.youtube.com/channel/UCVn3PIrEoQW_sY8UeBCUtlg
UCwHNgcpBNppyCzbXNotYbPA,@はる-k9h,36,3年,Member (3 years),,不明,,,1,16,0,2026-09-11 19:31,2026-09-11 19:31,,,https://www.youtube.com/channel/UCwHNgcpBNppyCzbXNotYbPA
UCgPe8UkQKMo_scEiAjZk-JQ,@Nyan-coro,36,3年,Member (3 years),,不明,,,1,15,0,2026-09-11 19:31,2026-09-11 19:31,,,https://www.youtube.com/channel/UCgPe8UkQKMo_scEiAjZk-JQ
UCDcHh9os1vAcy7V04z-by-w,@huru9868,36,3年,Member (3 years),,不明,,,1,1,0,2026-09-11 19:31,2026-09-11 19:31,,,https://www.youtube.com/channel/UCDcHh9os1vAcy7V04z-by-w
UCSgstIyscOPWsr6Wv43Macg,@九ノ瀬リツ,36,3年,Member (3 years),,不明,,,1,62,0,2026-09-14 21:45,2026-09-14 21:45,,,https://www.youtube.com/channel/UCSgstIyscOPWsr6Wv43Macg
UCbp_-XaTcAsUlO_n4YdvfYQ,@かすみん-r8i,36,3年,Member (3 years),,不明,,,1,1,0,2026-09-16 20:30,2026-09-16 20:30,,,https://www.youtube.com/channel/UCbp_-XaTcAsUlO_n4YdvfYQ
UCno3-DE-exVy53ph8_OCMmw,@まりん-m1r,36,3年,Member (3 years),,不明,,,1,1,0,2026-09-16 20:30,2026-09-16 20:30,,,https://www.youtube.com/channel/UCno3-DE-exVy53ph8_OCMmw
UCqjaxY1Ew45gBKv5qFUiJDQ,@coron2573,36,3年,Member (3 years),,不明,,,1,13,0,2026-09-17 18:01,2026-09-17 18:01,,,https://www.youtube.com/channel/UCqjaxY1Ew45gBKv5qFUiJDQ
UCC5g65JLBWXD24lKDdh3IIg,@tealtealy,36,3年,Member (3 years),,不明,,,1,2,0,2026-09-17 18:01,2026-09-17 18:01,,,https://www.youtube.com/channel/UCC5g65JLBWXD24lKDdh3IIg
UCew1CTADMy1libIsn1ab5YA,@doll_3325,36,3年,Member (3 years),,不明,,,1,1,0,2026-09-18 20:00,2026-09-18 20:00,,,https://www.youtube.com/channel/UCew1CTADMy1libIsn1ab5YA
UCHDjVNMsJAiv60uK7aUIW8w,@ああお-i8k,36,3年,Member (3 years),,不明,,,1,5,0,2026-09-19 20:00,2026-09-19 20:00,,,https://www.youtube.com/channel/UCHDjVNMsJAiv60uK7aUIW8w
UCyjw7-Rx4VvcA1gICrOKHWg,@sayaka_HALTO,36,3年,Member (3 years),,不明,,,1,1,0,2026-09-19 20:00,2026-09-19 20:00,,,https://www.youtube.com/channel/UCyjw7-Rx4VvcA1gICrOKHWg
UCqTUqg4xyoCqrReqt7oPvEQ,@oya_suya,36,3年,Member (3 years),,不明,,,1,4,0,2026-09-19 20:00,2026-09-19 20:00,,,https://www.youtube.com/channel/UCqTUqg4xyoCqrReqt7oPvEQ
UCSHMrZ6CIIAttsBrpct36Pg,@ちゃこぱん,36,3年,Member (3 years),,不明,,,1,1,0,2026-09-19 20:00,2026-09-19 20:00,,,https://www.youtube.com/channel/UCSHMrZ6CIIAttsBrpct36Pg
UC1-5OVkMmCtNFVWWIyw6Gvw,@UmeAoto,36,3年,Member (3 years),,不明,,,1,1,0,2026-09-19 20:00,2026-09-19 20:00,,,https://www.youtube.com/channel/UC1-5OVkMmCtNFVWWIyw6Gvw
UCxc99TY_5AnJo2GbGbLSYkg,@ぽんず-m9w7e,36,3年,Member (3 years),,不明,,,1,1,0,2026-09-19 20:00,2026-09-19 20:00,,,https://www.youtube.com/channel/UCxc99TY_5AnJo2GbGbLSYkg
UCMM8jm3mV8CSUL0qvBVeE7w,@ぱん-y8l,36,3年,Member (3 years),,不明,,,1,1,0,2026-09-19 20:00,2026-09-19 20:00,,,https://www.youtube.com/channel/UCMM8jm3mV8CSUL0qvBVeE7w
UCdYC5o96eAIBrPzMS3P9rlg,@みずみつ霜shimo,36,3年,Member (3 years),,不明,,,1,3,0,2026-09-19 20:00,2026-09-19 20:00,,,https://www.youtube.com/channel/UCdYC5o96eAIBrPzMS3P9rlg
UCnsBfI_wxuiWRJn1ooq6w8w,@よもぎ-g4h,36,3年,Member (3 years),,不明,,,1,1,0,2026-09-20 19:02,2026-09-20 19:02,,,https://www.youtube.com/channel/UCnsBfI_wxuiWRJn1ooq6w8w
UCpuZJWsZHBJPkQWP6CJrVvA,@ちこりーた-s1n,36,3年,Member (3 years),,不明,,,1,1,0,2026-09-20 19:02,2026-09-20 19:02,,,https://www.youtube.com/channel/UCpuZJWsZHBJPkQWP6CJrVvA
UC2r763-yj_WqamnIMsUUXFQ,@アイ氏,36,3年,Member (3 years),,不明,,,1,2,0,2026-09-20 19:02,2026-09-20 19:02,,,https://www.youtube.com/channel/UC2r763-yj_WqamnIMsUUXFQ
UC2g3xmLyYqE1g-7cbe7NNrQ,@misaki1439,36,3年,Member (3 years),,不明,,,1,1,0,2026-09-20 19:02,2026-09-20 19:02,,,https://www.youtube.com/channel/UC2g3xmLyYqE1g-7cbe7NNrQ
UCGq6UCzjS6FR6d8tTNMwKVg,@MinoLisko,36,3年,Member (3 years),,不明,,,1,2,0,2026-09-20 19:02,2026-09-20 19:02,,,https://www.youtube.com/channel/UCGq6UCzjS6FR6d8tTNMwKVg
UCDOUoaHnX5Dsg4yE-8tISlg,@myomyo-t9j,36,3年,Member (3 years),,不明,,,1,1,0,2026-09-20 19:02,2026-09-20 19:02,,,https://www.youtube.com/channel/UCDOUoaHnX5Dsg4yE-8tISlg
UCrweEoOpsCpKmeRGvuZyXoA,@梅子-s5u,36,3年,Member (3 years),,不明,,,1,1,0,2026-09-21 21:02,2026-09-21 21:02,,,https://www.youtube.com/channel/UCrweEoOpsCpKmeRGvuZyXoA
UC5fo_XFQF56ZaMA-vDcotUA,@あおちゃん-n4g,36,3年,Member (3 years),,不明,,,1,1,0,2026-09-21 21:02,2026-09-21 21:02,,,https://www.youtube.com/channel/UC5fo_XFQF56ZaMA-vDcotUA
UCcQi-idYI4fT-WyvYR1seXA,@sio_v_sio,36,3年,Member (3 years),,不明,,,1,1,0,2026-09-21 21:02,2026-09-21 21:02,,,https://www.youtube.com/channel/UCcQi-idYI4fT-WyvYR1seXA
UC5vZnG-Aup5BPVC50mm6ZSA,@chima-tk1hy,36,3年,Member (3 years),,不明,,,1,1,0,2026-09-22 20:01,2026-09-22 20:01,,,https://www.youtube.com/channel/UC5vZnG-Aup5BPVC50mm6ZSA
UC2J3a6dKt_t5Ods-wGR8MIw,@Dancing豆腐,36,3年,Member (3 years),,不明,,,1,1,0,2026-09-22 20:01,2026-09-22 20:01,,,https://www.youtube.com/channel/UC2J3a6dKt_t5Ods-wGR8MIw
UCEFCgPvnWFhpz56cwLCOQiw,@sherry839,36,3年,Member (3 years),,不明,,,1,1,0,2026-09-22 20:01,2026-09-22 20:01,,,https://www.youtube.com/channel/UCEFCgPvnWFhpz56cwLCOQiw
UCIlc1IOgjsmqBnLT-tkQguQ,@ユキ-o9o,36,3年,Member (3 years),,不明,,,1,1,0,2026-09-22 20:01,2026-09-22 20:01,,,https://www.youtube.com/channel/UCIlc1IOgjsmqBnLT-tkQguQ
UCG1jpwUfaz7gC7Xb4pXkckg,@おひろちゃん-c1e,36,3年,Member (3 years),,不明,,,1,2,0,2026-09-23 13:01,2026-09-23 13:01,,,https://www.youtube.com/channel/UCG1jpwUfaz7gC7Xb4pXkckg
UCiCRutosrpqfEq9uDUuu4FA,@kjけぇじぇ,36,3年,Member (3 years),,不明,,,1,7,0,2026-09-27 18:02,2026-09-27 18:02,,,https://www.youtube.com/channel/UCiCRutosrpqfEq9uDUuu4FA
UCQYzhrPiT3CmwItTd6hrXIA,@たの-o1e,36,3年,Member (3 years),,不明,,,1,2,0,2026-09-27 18:02,2026-09-27 18:02,,,https://www.youtube.com/channel/UCQYzhrPiT3CmwItTd6hrXIA
UCM1J5ZmLDaL_S_vWWCAbvEg,@きそじx_x,36,3年,Member (3 years),,不明,,,1,2,0,2026-09-27 18:02,2026-09-27 18:02,,,https://www.youtube.com/channel/UCM1J5ZmLDaL_S_vWWCAbvEg
UCZuTvZU3Uf94h7mu3IkJ1SA,@まの-l2p,36,3年,Member (3 years),,不明,,,1,1,0,2026-09-27 18:02,2026-09-27 18:02,,,https://www.youtube.com/channel/UCZuTvZU3Uf94h7mu3IkJ1SA
UCoxi_4tboy8VMtaxT7HjXDg,@うさみみ-e6r,36,3年,Member (3 years),,不明,,,1,1,0,2026-09-27 18:02,2026-09-27 18:02,,,https://www.youtube.com/channel/UCoxi_4tboy8VMtaxT7HjXDg
UC4tXmAilktRW01pkZgd_oTA,@あや_skw,36,3年,Member (3 years),,不明,,,1,1,0,2026-09-27 18:02,2026-09-27 18:02,,,https://www.youtube.com/channel/UC4tXmAilktRW01pkZgd_oTA
UCZb-FCytL7nCvi0HImanUJQ,@yukiru06,36,3年,Member (3 years),,不明,,,1,1,0,2026-09-27 18:02,2026-09-27 18:02,,,https://www.youtube.com/channel/UCZb-FCytL7nCvi0HImanUJQ
UCxUw1SyIh6jML4uDF-SE6aw,@えれな-f_knqt,36,3年,Member (3 years),,不明,,,1,3,0,2026-09-27 18:02,2026-09-27 18:02,,,https://www.youtube.com/channel/UCxUw1SyIh6jML4uDF-SE6aw
UCqt1-W8OFmJg4YPAFLTTqfw,@amamori-xxx,36,3年,Member (3 years),,不明,,,1,1,0,2026-09-27 18:02,2026-09-27 18:02,,,https://www.youtube.com/channel/UCqt1-W8OFmJg4YPAFLTTqfw
UCretnBIOmA7NiY10IgW5d1A,@あき-p6i,36,3年,Member (3 years),,不明,,,1,1,0,2026-09-27 18:02,2026-09-27 18:02,,,https://www.youtube.com/channel/UCretnBIOmA7NiY10IgW5d1A
UCqIXPRoAfQw4LFKymepwrsg,@ゆんゆ-g1e,36,3年,Member (3 years),,不明,,,1,1,0,2026-09-27 18:02,2026-09-27 18:02,,,https://www.youtube.com/channel/UCqIXPRoAfQw4LFKymepwrsg
UCGwZOAOvSigfdEHWPL5eVhQ,@sakashi2307,36,3年,Member (3 years),,不明,,,1,2,0,2026-09-27 18:02,2026-09-27 18:02,,,https://www.youtube.com/channel/UCGwZOAOvSigfdEHWPL5eVhQ
UCHpwVMUp99Iv3PTjiPTgAzQ,@cyn108_V,36,3年,Member (3 years),,不明,,,1,1,0,2026-09-27 18:02,2026-09-27 18:02,,,https://www.youtube.com/channel/UCHpwVMUp99Iv3PTjiPTgAzQ
UCTNUda7GaSipYgP1RMSHqbQ,@Ukkigui,36,3年,Member (3 years),,不明,,,1,1,0,2026-09-29 17:30,2026-09-29 17:30,,,https://www.youtube.com/channel/UCTNUda7GaSipYgP1RMSHqbQ
UCVob4kMLWEGoQJOIaH5_DrQ,@ぽて-x1f,36,3年,Member (3 years),,不明,,,1,2,0,2026-09-30 18:00,2026-09-30 18:00,,,https://www.youtube.com/channel/UCVob4kMLWEGoQJOIaH5_DrQ
UC7Aj0cBxwTZtmrMe68FynyQ,@user-yyy3228,36,3年,Member (3 years),,不明,,,1,1,0,2026-09-30 18:00,2026-09-30 18:00,,,https://www.youtube.com/channel/UC7Aj0cBxwTZtmrMe68FynyQ
UCc-EadS5FRMVDc__KiuAy3w,@momo_k4,36,3年,Member (3 years),,不明,,,1,4,0,2026-09-30 18:00,2026-09-30 18:00,,,https://www.youtube.com/channel/UCc-EadS5FRMVDc__KiuAy3w
UC4ZvL2epjM6V5vSSBxJig-A,@ayaka_ish,36,3年,Member (3 years),49,Diner,マイルストーン,,1,0,0,2026-09-30 18:00,2026-09-30 18:00,,,https://www.youtube.com/channel/UC4ZvL2epjM6V5vSSBxJig-A
UCJ5aomToPgLc4Oca5YcipUg,@ただのぼぶ,36,3年,Member (3 years),,不明,,,1,1,0,2026-10-03 12:45,2026-10-03 12:45,,,https://www.youtube.com/channel/UCJ5aomToPgLc4Oca5YcipUg
UCSc4_tqDa3YRLOtAFVh2XGw,@くまたろう000,36,3年,Member (3 years),,不明,,,1,1,0,2026-10-03 12:45,2026-10-03 12:45,,,https://www.youtube.com/channel/UCSc4_tqDa3YRLOtAFVh2XGw
UC87cx-FwvTSQKLLxTXUTOYQ,@ここん-s5v,36,3年,Member (3 years),,不明,,,1,1,0,2026-10-03 12:45,2026-10-03 12:45,,,https://www.youtube.com/channel/UC87cx-FwvTSQKLLxTXUTOYQ
UCa3d2JH-Og3p1sZjVT1yqXg,@narumiii_763,36,3年,Member (3 years),,不明,,,1,2,0,2026-10-05 20:00,2026-10-05 20:00,,,https://www.youtube.com/channel/UCa3d2JH-Og3p1sZjVT1yqXg
UCWa9M4_Md20N2u5dqyA-NSQ,@ありな_5150,36,3年,Member (3 years),,不明,,,1,1,0,2026-10-05 20:00,2026-10-05 20:00,,,https://www.youtube.com/channel/UCWa9M4_Md20N2u5dqyA-NSQ
UC0HXi2ntgmVwLDIbJR7wGJQ,@anyu-v4c,36,3年,Member (3 years),,不明,,,1,1,0,2026-10-05 20:00,2026-10-05 20:00,,,https://www.youtube.com/channel/UC0HXi2ntgmVwLDIbJR7wGJQ
UCSO56NWrfSjJPTb7TuByYUQ,@migo__o123,36,3年,Member (3 years),,不明,,,1,1,0,2026-10-05 20:00,2026-10-05 20:00,,,https://www.youtube.com/channel/UCSO56NWrfSjJPTb7TuByYUQ
UCmydPGKBPZjnqKjZ0-XuFAg,@nqs70,36,3年,Member (3 years),,不明,,,1,1,0,2026-10-05 20:00,2026-10-05 20:00,,,https://www.youtube.com/channel/UCmydPGKBPZjnqKjZ0-XuFAg
UCv7p3JfTAME-9DkrVzbIF7g,@nemuiiiiizZ,36,3年,Member (3 years),42,Diner,マイルストーン,,1,0,0,2026-10-05 20:00,2026-10-05 20:00,,,https://www.youtube.com/channel/UCv7p3JfTAME-9DkrVzbIF7g
UC5kfMGf0rJVznVJnExVe8VA,@ri1317,36,3年,Member (3 years),,不明,,,1,2,0,2026-10-07 17:00,2026-10-07 17:00,,,https://www.youtube.com/channel/UC5kfMGf0rJVznVJnExVe8VA
UCO9h4mbph1x1VAQFF8CP2zw,@1098-owo,36,3年,Member (3 years),,不明,,,1,8,0,2026-10-09 00:00,2026-10-09 00:00,,,https://www.youtube.com/channel/UCO9h4mbph1x1VAQFF8CP2zw
UCGKU0B4zdBMVlKnrmmw-_PA,@野々-m1d,36,3年,Member (3 years),,不明,,,1,16,0,2026-10-09 00:00,2026-10-09 00:00,,,https://www.youtube.com/channel/UCGKU0B4zdBMVlKnrmmw-_PA
UCzVojyRc6lsvgpH6DO4Ocqw,@krnmtn_1228,36,3年,Member (3 years),,不明,,,1,1,0,2026-10-09 00:00,2026-10-09 00:00,,,https://www.youtube.com/channel/UCzVojyRc6lsvgpH6DO4Ocqw
UC-igM57jbKzNvHRk3HDZfHA,@さくさくもち-t3l,36,3年,Member (3 years),,不明,,,1,1,0,2026-10-09 00:00,2026-10-09 00:00,,,https://www.youtube.com/channel/UC-igM57jbKzNvHRk3HDZfHA
UClFC7gDbTXubcpZrdumIUQw,@ch4ng3i,36,3年,Member (3 years),,不明,,,1,1,0,2026-10-09 00:00,2026-10-09 00:00,,,https://www.youtube.com/channel/UClFC7gDbTXubcpZrdumIUQw
UCPvVT-lv-iT-UmRfxhE5l4A,@とわち-twt,36,3年,Member (3 years),,不明,,,1,3,0,2026-10-09 00:00,2026-10-09 00:00,,,https://www.youtube.com/channel/UCPvVT-lv-iT-UmRfxhE5l4A
UC9nbUkwLuUst4VGMEdF6PNA,@タルトタタン-g4f,36,3年,Member (3 years),,不明,,,1,4,0,2026-10-09 00:00,2026-10-09 00:00,,,https://www.youtube.com/channel/UC9nbUkwLuUst4VGMEdF6PNA
UCcOu6_MHu7j_HtYwK_ziuqQ,@あほげ-y5h,36,3年,Member (3 years),,不明,,,1,2,0,2026-10-09 00:00,2026-10-09 00:00,,,https://www.youtube.com/channel/UCcOu6_MHu7j_HtYwK_ziuqQ
UCE51PiGjV4ai36SfPhBWtcQ,@ぽみ-po00mi,36,3年,Member (3 years),,不明,,,1,11,0,2026-10-09 00:00,2026-10-09 00:00,,,https://www.youtube.com/channel/UCE51PiGjV4ai36SfPhBWtcQ
UCKgA7ow0IfUHrd7flYzkH4Q,@SpringThaw13,36,3年,Member (3 years),,不明,,,1,1,0,2026-10-09 00:00,2026-10-09 00:00,,,https://www.youtube.com/channel/UCKgA7ow0IfUHrd7flYzkH4Q
UCm2qx1eR0BEVOS8qlGeykBg,@かやむら,36,3年,Member (3 years),,不明,,,1,1,0,2026-10-09 00:00,2026-10-09 00:00,,,https://www.youtube.com/channel/UCm2qx1eR0BEVOS8qlGeykBg
UCBSTHJCelljDFWz0c_BM5qQ,@くりこ-kawauso,24,2年,Member (2 years),,不明,,,20,644,0,2026-09-10 20:01,2026-10-09 00:00,,,https://www.youtube.com/channel/UCBSTHJCelljDFWz0c_BM5qQ
UCkDpT5QQIxKMY1-_lzLrHFg,@moca_もかくろ,24,2年,Member (2 years),,不明,,,20,191,0,2026-09-10 20:01,2026-10-09 00:00,,,https://www.youtube.com/channel/UCkDpT5QQIxKMY1-_lzLrHFg
UCR8Rd25GhfTdJ074u4nEvjA,@なつきち-t5e,24,2年,Member (2 years),,不明,,,20,1851,19,2026-09-10 20:01,2026-10-09 00:00,,,https://www.youtube.com/channel/UCR8Rd25GhfTdJ074u4nEvjA
UCJ9dTag0_El9-ARBg_d7QQw,@ルーハル_LughHaru,24,2年,Member (2 years),,不明,,,20,2983,0,2026-09-10 20:01,2026-10-09 00:00,,,https://www.youtube.com/channel/UCJ9dTag0_El9-ARBg_d7QQw
UCrXAfa2EULr4vEXz-KMtA9w,@niia.x,24,2年,Member (2 years),,不明,,,20,2851,0,2026-09-10 20:01,2026-10-09 00:00,,,https://www.youtube.com/channel/UCrXAfa2EULr4vEXz-KMtA9w
UCRuloR3D-Y-t2B92KaUBmZw,@やんやこやん,24,2年,Member (2 years),,不明,,,20,508,0,2026-09-10 20:01,2026-10-09 00:00,,,https://www.youtube.com/channel/UCRuloR3D-Y-t2B92KaUBmZw
UCJ8coal4Wj0yuErNiKu6y9Q,@ややち-yyc,24,2年,Member (2 years),,不明,,,20,92,0,2026-09-10 20:01,2026-10-09 00:00,,,https://www.youtube.com/channel/UCJ8coal4Wj0yuErNiKu6y9Q
UCEI1VoB4ZCMxBqUzicvJxOg,@0101かなぴあの,24,2年,Member (2 years),,不明,,,20,133,0,2026-09-10 20:01,2026-10-09 00:00,,,https://www.youtube.com/channel/UCEI1VoB4ZCMxBqUzicvJxOg
UCpJSjQTVCfyS2lqT8DXUzNA,@白亜_39,24,2年,Member (2 years),,不明,,,20,1027,2,2026-09-10 20:01,2026-10-09 00:00,,,https://www.youtube.com/channel/UCpJSjQTVCfyS2lqT8DXUzNA
UCJJoDIkWMSERaAKof93HKMw,@鳴かないタイプの番犬,24,2年,Member (2 years),,不明,,,20,294,0,2026-09-10 20:01,2026-10-09 00:00,,,https://www.youtube.com/channel/UCJJoDIkWMSERaAKof93HKMw
UCCmrPWhlyIfOMVzmcZwW1ZA,@麗依-m1p,24,2年,Member (2 years),,不明,,,20,61,0,2026-09-10 20:01,2026-10-09 00:00,,,https://www.youtube.com/channel/UCCmrPWhlyIfOMVzmcZwW1ZA
UCdX2Q_XBLvGcCrY9EWkWY3A,@zen-禅人,24,2年,Member (2 years),,不明,,,19,1942,0,2026-09-10 20:01,2026-10-07 17:00,,,https://www.youtube.com/channel/UCdX2Q_XBLvGcCrY9EWkWY3A
UCuLwLVCQByAx5tnaUe3HFTQ,@megodayo,24,2年,Member (2 years),,不明,,,19,1223,0,2026-09-10 20:01,2026-10-09 00:00,,,https://www.youtube.com/channel/UCuLwLVCQByAx5tnaUe3HFTQ
UC0RacHxQSw-X_s_tq7mjZnA,@しゅおん-g7w,24,2年,Member (2 years),,不明,,,19,779,0,2026-09-10 20:01,2026-10-09 00:00,,,https://www.youtube.com/channel/UC0RacHxQSw-X_s_tq7mjZnA
UCPY0bfsD6fqWYBSDXQk4i-Q,@Ayami_x25,24,2年,Member (2 years),,不明,,,19,2028,15,2026-09-10 20:01,2026-10-09 00:00,,,https://www.youtube.com/channel/UCPY0bfsD6fqWYBSDXQk4i-Q
UC0DGLrg0tZalkRxtBPLLwXg,@fkch4,24,2年,Member (2 years),31,Diner,マイルストーン,,18,531,0,2026-09-10 20:01,2026-10-09 00:00,,,https://www.youtube.com/channel/UC0DGLrg0tZalkRxtBPLLwXg
UCW8fCxibgkSSsDeObGNJDDg,@ゆりじ-l8l,24,2年,Member (2 years),,不明,,,18,372,0,2026-09-10 20:01,2026-10-09 00:00,,,https://www.youtube.com/channel/UCW8fCxibgkSSsDeObGNJDDg
UCFQ6EV8sq9L5zG3qSXYksPg,@nia_325nt,24,2年,Member (2 years),,不明,,,18,54,0,2026-09-10 20:01,2026-10-09 00:00,,,https://www.youtube.com/channel/UCFQ6EV8sq9L5zG3qSXYksPg
UCNadQEjoGmz6yiYQGz5EoVw,@po_tech1,24,2年,Member (2 years),,不明,,,18,952,0,2026-09-10 20:01,2026-10-09 00:00,,,https://www.youtube.com/channel/UCNadQEjoGmz6yiYQGz5EoVw
UCIsAwYwfiBELYtVy3VRC4fw,@Ruki_x,24,2年,Member (2 years),,不明,,,18,23,0,2026-09-10 20:01,2026-10-07 17:00,,,https://www.youtube.com/channel/UCIsAwYwfiBELYtVy3VRC4fw
UC1OWU-X5EzNMD5FlbjMRY_g,@おもち-n6x,24,2年,Member (2 years),,不明,,,18,41,0,2026-09-10 20:01,2026-10-09 00:00,,,https://www.youtube.com/channel/UC1OWU-X5EzNMD5FlbjMRY_g
UCp_ra7_kj4wSfW5bmxI0giA,@rn.OvO.0,24,2年,Member (2 years),,不明,,,18,88,0,2026-09-11 19:31,2026-10-09 00:00,,,https://www.youtube.com/channel/UCp_ra7_kj4wSfW5bmxI0giA
UCilY3jEuniUcEtrNP7zHmWg,@ゆいたろう-q2e,24,2年,Member (2 years),,不明,,,17,396,0,2026-09-10 20:01,2026-10-09 00:00,,,https://www.youtube.com/channel/UCilY3jEuniUcEtrNP7zHmWg
UCPykqZWGQaBL5zTbsv2NROA,@kokokoushi,24,2年,Member (2 years),,不明,,,16,137,0,2026-09-10 20:01,2026-10-09 00:00,,,https://www.youtube.com/channel/UCPykqZWGQaBL5zTbsv2NROA
UCyNqKU9zb95_aDjxj3lamYw,@mitsuki_713,24,2年,Member (2 years),,不明,,,16,460,0,2026-09-10 20:01,2026-10-09 00:00,,,https://www.youtube.com/channel/UCyNqKU9zb95_aDjxj3lamYw
UCwhsHxEZJtcYN-BG6l82qyg,@ゆずうめ,24,2年,Member (2 years),,不明,,,16,20,0,2026-09-10 20:01,2026-10-09 00:00,,,https://www.youtube.com/channel/UCwhsHxEZJtcYN-BG6l82qyg
UCq_xEYZ8gFJnplzAK-MwUNg,@ちいせ,24,2年,Member (2 years),,不明,,,15,60,0,2026-09-10 20:01,2026-10-09 00:00,,,https://www.youtube.com/channel/UCq_xEYZ8gFJnplzAK-MwUNg
UCURx77pUMylLjM7BipUmbuQ,@すむ-b2f,24,2年,Member (2 years),,不明,,,15,277,0,2026-09-10 20:01,2026-10-09 00:00,,,https://www.youtube.com/channel/UCURx77pUMylLjM7BipUmbuQ
UCqtwRzfDTRiheN-G37DirDQ,@rei_nanase,24,2年,Member (2 years),,不明,,,14,1244,0,2026-09-11 19:31,2026-10-09 00:00,,,https://www.youtube.com/channel/UCqtwRzfDTRiheN-G37DirDQ
UCiqQsXijoe3s-SXxYqixt_A,@2593-x2p,24,2年,Member (2 years),,不明,,,13,81,0,2026-09-10 20:01,2026-10-05 20:00,,,https://www.youtube.com/channel/UCiqQsXijoe3s-SXxYqixt_A
UC3qeO36pwctaAumv6YBUxBA,@いぬ-p8h,24,2年,Member (2 years),,不明,,,13,52,0,2026-09-10 20:01,2026-10-09 00:00,,,https://www.youtube.com/channel/UC3qeO36pwctaAumv6YBUxBA
UC_Ticnw7jvnQwWVGgLCEonA,@Hiroto-z2p,24,2年,Member (2 years),,不明,,,13,118,0,2026-09-10 20:01,2026-10-09 00:00,,,https://www.youtube.com/channel/UC_Ticnw7jvnQwWVGgLCEonA
UCK-2VuM_RIrg7PzBDqahZlQ,@まちだ-u1o,24,2年,Member (2 years),,不明,,,13,80,1,2026-09-10 20:01,2026-10-03 12:45,,,https://www.youtube.com/channel/UCK-2VuM_RIrg7PzBDqahZlQ
UCGSXnGJM8p7UawgquUCyVxQ,@namonakimobu,24,2年,Member (2 years),,不明,,,13,55,0,2026-09-11 19:31,2026-10-09 00:00,,,https://www.youtube.com/channel/UCGSXnGJM8p7UawgquUCyVxQ
UCnu99IjsZ6y0lrF7hy97EMw,@みみ-g7d4w,24,2年,Member (2 years),,不明,,,13,730,0,2026-09-14 21:45,2026-10-09 00:00,,,https://www.youtube.com/channel/UCnu99IjsZ6y0lrF7hy97EMw
UCc76XNNDlbpjMNYcFzZpgdQ,@8483san,24,2年,Member (2 years),,不明,,,12,168,0,2026-09-10 20:01,2026-10-05 20:00,,,https://www.youtube.com/channel/UCc76XNNDlbpjMNYcFzZpgdQ
UCkaXczzg0myThqEqXz4g7iQ,@nyamu_mm,24,2年,Member (2 years),,不明,,,12,44,0,2026-09-10 20:01,2026-10-09 00:00,,,https://www.youtube.com/channel/UCkaXczzg0myThqEqXz4g7iQ
UC1nC-5EaRkLisAuVBzlw51g,@ゆう-e1m4l,24,2年,Member (2 years),,不明,,,12,26,0,2026-09-10 20:01,2026-10-09 00:00,,,https://www.youtube.com/channel/UC1nC-5EaRkLisAuVBzlw51g
UC4L6vmAd0j4hAF39qCXTofA,@uy_yu-mi,24,2年,Member (2 years),,不明,,,12,19,0,2026-09-10 20:01,2026-10-09 00:00,,,https://www.youtube.com/channel/UC4L6vmAd0j4hAF39qCXTofA
UCJm5m0KYzq-aG4XfZWeEPgw,@spaconk1606,24,2年,Member (2 years),,不明,,,12,69,0,2026-09-10 20:01,2026-10-09 00:00,,,https://www.youtube.com/channel/UCJm5m0KYzq-aG4XfZWeEPgw
UCNC9vN5KkI1OAYoHv-A0_zg,@イェジン-m7h,24,2年,Member (2 years),32,Diner,マイルストーン,,11,14,0,2026-09-14 21:45,2026-10-07 17:00,,,https://www.youtube.com/channel/UCNC9vN5KkI1OAYoHv-A0_zg
UChQsE4zmGp9OedeAuud2vVA,@telly-w2f,24,2年,Member (2 years),,不明,,,10,14,0,2026-09-10 20:01,2026-10-05 20:00,,,https://www.youtube.com/channel/UChQsE4zmGp9OedeAuud2vVA
UCXlYINLB9i46o76qQXEE06g,@adote2728,24,2年,Member (2 years),,不明,,,10,18,0,2026-09-10 20:01,2026-10-05 20:00,,,https://www.youtube.com/channel/UCXlYINLB9i46o76qQXEE06g
UCxFfqnle0FG5AxCTkM6u9OQ,@Nmon-F0F0F5,24,2年,Member (2 years),,不明,,,10,34,0,2026-09-10 20:01,2026-10-05 20:00,,,https://www.youtube.com/channel/UCxFfqnle0FG5AxCTkM6u9OQ
UCScxLRIkaDIuCvL1Hwc4LWA,@komakoma-komakoma,24,2年,Member (2 years),,不明,,,10,27,0,2026-09-14 21:45,2026-10-09 00:00,,,https://www.youtube.com/channel/UCScxLRIkaDIuCvL1Hwc4LWA
UClNyAGd0e1RFwiQgSLNCu3g,@ムテキな男-k1p,24,2年,Member (2 years),,不明,,,10,20,0,2026-09-14 21:45,2026-10-09 00:00,,,https://www.youtube.com/channel/UClNyAGd0e1RFwiQgSLNCu3g
UC3aGgQaVYXVbWHx58S5QNMw,@Kou.3,24,2年,Member (2 years),,不明,,,9,14,0,2026-09-10 20:01,2026-10-05 20:00,,,https://www.youtube.com/channel/UC3aGgQaVYXVbWHx58S5QNMw
UChrRAQshO5kOP6-Z3plwjOQ,@Haruko78_Taiwan,24,2年,Member (2 years),,不明,,,9,193,0,2026-09-10 20:01,2026-10-05 20:00,,,https://www.youtube.com/channel/UChrRAQshO5kOP6-Z3plwjOQ
UCAlDoSI0fJPYPdMS-qOswMA,@leaftomoya,24,2年,Member (2 years),,不明,,,9,34,0,2026-09-10 20:01,2026-10-09 00:00,,,https://www.youtube.com/channel/UCAlDoSI0fJPYPdMS-qOswMA
UCH6mtFnVqFlQkMEqTt9kLaQ,@As4kA_ts,24,2年,Member (2 years),,不明,,,9,37,0,2026-09-10 20:01,2026-10-09 00:00,,,https://www.youtube.com/channel/UCH6mtFnVqFlQkMEqTt9kLaQ
UC_Wy7MMWTPTMm2-zNKqFIbQ,@ラミィ-r4o,24,2年,Member (2 years),,Diner,再加入/レベル変更,,9,64,0,2026-09-10 20:01,2026-10-09 00:00,,,https://www.youtube.com/channel/UC_Wy7MMWTPTMm2-zNKqFIbQ
UCnfFlQtg5n4T3VY_yH8Ql7A,@raco-c8f,24,2年,Member (2 years),,不明,,,9,18,0,2026-09-19 20:00,2026-10-09 00:00,,,https://www.youtube.com/channel/UCnfFlQtg5n4T3VY_yH8Ql7A
UC5tMk_zJGdeHchJv-xcalcg,@恐竜のしっぽ-u6j,24,2年,Member (2 years),,不明,,,8,17,0,2026-09-10 20:01,2026-10-09 00:00,,,https://www.youtube.com/channel/UC5tMk_zJGdeHchJv-xcalcg
UCDNBGpGmPYUBcscjFFVE0AQ,@白米-s6d,24,2年,Member (2 years),,不明,,,8,12,0,2026-09-10 20:01,2026-10-07 17:00,,,https://www.youtube.com/channel/UCDNBGpGmPYUBcscjFFVE0AQ
UCHO30jNo2R5BLmAqavONFHQ,@ほしの-y1o,24,2年,Member (2 years),,不明,,,8,57,0,2026-09-11 19:31,2026-10-05 20:00,,,https://www.youtube.com/channel/UCHO30jNo2R5BLmAqavONFHQ
UCFv6WxHPketsG5dVCEgaXpQ,@momose352,24,2年,Member (2 years),,不明,,,8,10,0,2026-09-11 19:31,2026-10-03 12:45,,,https://www.youtube.com/channel/UCFv6WxHPketsG5dVCEgaXpQ
UC_6WPq3gYaQfbz-r6Go9hzw,@minimum_lv,24,2年,Member (2 years),,不明,,,7,16,0,2026-09-16 20:30,2026-10-09 00:00,,,https://www.youtube.com/channel/UC_6WPq3gYaQfbz-r6Go9hzw
UCG5o2jIF7QO9YwwR_qmytzw,@秋桜-y3i,24,2年,Member (2 years),,不明,,,7,7,0,2026-09-20 19:02,2026-10-09 00:00,,,https://www.youtube.com/channel/UCG5o2jIF7QO9YwwR_qmytzw
UCMTmmwC_x4qaNY48877txgg,@陳麻糬-g4p,24,2年,Member (2 years),,不明,,,6,16,0,2026-09-10 20:01,2026-10-09 00:00,,,https://www.youtube.com/channel/UCMTmmwC_x4qaNY48877txgg
UCaKbO-NLMDYJ_gRhr5V1tBQ,@nekys96,24,2年,Member (2 years),,不明,,,6,33,0,2026-09-10 20:01,2026-10-02 20:15,,,https://www.youtube.com/channel/UCaKbO-NLMDYJ_gRhr5V1tBQ
UCWK1iO0oboB1Zc0SIzqkmBA,@LEI7_393,24,2年,Member (2 years),,不明,,,6,10,0,2026-09-10 20:01,2026-10-02 20:15,,,https://www.youtube.com/channel/UCWK1iO0oboB1Zc0SIzqkmBA
UCU3M_GItE4hrZc1Eti2AB5A,@しよ-n7u,24,2年,Member (2 years),,不明,,,6,8,0,2026-09-10 20:01,2026-10-05 20:00,,,https://www.youtube.com/channel/UCU3M_GItE4hrZc1Eti2AB5A
UCylLWuUW6fylPM1k3MrdHRg,@蛍火-n4s,24,2年,Member (2 years),,不明,,,6,26,0,2026-09-11 19:31,2026-09-26 20:00,,,https://www.youtube.com/channel/UCylLWuUW6fylPM1k3MrdHRg
UCCldFc3J89BVOhp2QPTbL7Q,@かたやん-c8r,24,2年,Member (2 years),,不明,,,6,42,0,2026-09-11 19:31,2026-10-09 00:00,,,https://www.youtube.com/channel/UCCldFc3J89BVOhp2QPTbL7Q
UCC6B-CTTWfeHy5pMTQvUI0A,@mumi-mum,24,2年,Member (2 years),,不明,,,6,9,0,2026-09-11 19:31,2026-10-09 00:00,,,https://www.youtube.com/channel/UCC6B-CTTWfeHy5pMTQvUI0A
UCVbaInJPO-c4GWT49vE-m-w,@negi_mm_u,24,2年,Member (2 years),,不明,,,6,10,0,2026-09-11 19:31,2026-10-07 17:00,,,https://www.youtube.com/channel/UCVbaInJPO-c4GWT49vE-m-w
UCXYHvssUbfJ8yuIlUveihow,@aya__o0,24,2年,Member (2 years),,不明,,,6,72,0,2026-09-14 21:45,2026-10-09 00:00,,,https://www.youtube.com/channel/UCXYHvssUbfJ8yuIlUveihow
UCiOqNnUMOhehwBnf_BjY7Pw,@yukikon22,24,2年,Member (2 years),,不明,,,6,43,0,2026-09-19 20:00,2026-10-09 00:00,,,https://www.youtube.com/channel/UCiOqNnUMOhehwBnf_BjY7Pw
UCj8sxd8och-xBBi1CMSS-Qg,@せご-u8d,24,2年,Member (2 years),,不明,,,5,8,0,2026-09-10 20:01,2026-09-18 20:00,,,https://www.youtube.com/channel/UCj8sxd8och-xBBi1CMSS-Qg
UCzgK9hFRqHH3AwG-gd8S1Jg,@Natsuki-7272,24,2年,Member (2 years),,不明,,,5,7,0,2026-09-10 20:01,2026-10-05 20:00,,,https://www.youtube.com/channel/UCzgK9hFRqHH3AwG-gd8S1Jg
UCt1lM4icKzSjsWVD3U6d1sQ,@みくお-b6m,24,2年,Member (2 years),,不明,,,5,10,0,2026-09-10 20:01,2026-10-05 20:00,,,https://www.youtube.com/channel/UCt1lM4icKzSjsWVD3U6d1sQ
UClWxKdzpjK8465PMgwaqddg,@memikan,24,2年,Member (2 years),,不明,,,5,13,0,2026-09-10 20:01,2026-10-09 00:00,,,https://www.youtube.com/channel/UClWxKdzpjK8465PMgwaqddg
UCt6caQvg_1xOW5CyRwVkfPw,@omu20rice,24,2年,Member (2 years),,不明,,,5,10,0,2026-09-10 20:01,2026-10-02 20:15,,,https://www.youtube.com/channel/UCt6caQvg_1xOW5CyRwVkfPw
UCnY_DiaIgPgFJ8DJ1zQ0SwQ,@チエ_chie,24,2年,Member (2 years),,不明,,,5,23,0,2026-09-11 19:31,2026-10-09 00:00,,,https://www.youtube.com/channel/UCnY_DiaIgPgFJ8DJ1zQ0SwQ
UCyHhF4PXtBn_ZRYA56_82XA,@かなみ-0,24,2年,Member (2 years),,不明,,,5,16,0,2026-09-14 21:45,2026-09-29 17:30,,,https://www.youtube.com/channel/UCyHhF4PXtBn_ZRYA56_82XA
UC_C44sFetpd3qLctTrHFHBg,@Yanagi_oxo,24,2年,Member (2 years),,不明,,,5,9,1,2026-09-14 21:45,2026-10-09 00:00,,,https://www.youtube.com/channel/UC_C44sFetpd3qLctTrHFHBg
UCOVL5zZ_noERmhd1b2ItYDQ,@山吹色-z1l,24,2年,Member (2 years),,不明,,,5,25,0,2026-09-14 21:45,2026-10-05 20:00,,,https://www.youtube.com/channel/UCOVL5zZ_noERmhd1b2ItYDQ
UCC7CAE3F8nikmgX8COc4IVw,@みやび-q3z,24,2年,Member (2 years),,不明,,,5,36,0,2026-09-16 20:30,2026-10-05 20:00,,,https://www.youtube.com/channel/UCC7CAE3F8nikmgX8COc4IVw
UCgkxB5fZVkCCHuYroDAPKnQ,@雛-g4r,24,2年,Member (2 years),,不明,,,5,13,0,2026-09-19 20:00,2026-10-09 00:00,,,https://www.youtube.com/channel/UCgkxB5fZVkCCHuYroDAPKnQ
UCG7PoyVCh9JhRfH7uEebZCw,@爽々,24,2年,Member (2 years),,不明,,,5,23,0,2026-09-19 20:00,2026-10-09 00:00,,,https://www.youtube.com/channel/UCG7PoyVCh9JhRfH7uEebZCw
UCbnLAZX5-LoQA65NMqmwrNQ,@k710Ct,24,2年,Member (2 years),,不明,,,5,18,0,2026-09-19 20:00,2026-10-09 00:00,,,https://www.youtube.com/channel/UCbnLAZX5-LoQA65NMqmwrNQ
UCk97_HyQmdR56rsRG7RnySg,@ひのんs2,24,2年,Member (2 years),,不明,,,5,6,0,2026-09-19 20:00,2026-10-09 00:00,,,https://www.youtube.com/channel/UCk97_HyQmdR56rsRG7RnySg
UCj0udwjDY1Tja7L8BBc7QbA,@ちゃちゃ丸-j5o,24,2年,Member (2 years),,不明,,,5,25,0,2026-09-22 20:01,2026-10-09 00:00,,,https://www.youtube.com/channel/UCj0udwjDY1Tja7L8BBc7QbA
UCnWMOPm5QpuwfbOGJorhmdQ,@とりにく-0,24,2年,Member (2 years),,不明,,,4,74,0,2026-09-10 20:01,2026-09-27 18:02,,,https://www.youtube.com/channel/UCnWMOPm5QpuwfbOGJorhmdQ
UCk_0lh_GrqdGg6ej-eq8aWA,@kyo583-r9r,24,2年,Member (2 years),,不明,,,4,13,0,2026-09-10 20:01,2026-10-09 00:00,,,https://www.youtube.com/channel/UCk_0lh_GrqdGg6ej-eq8aWA
UCMQmkw2lBo1P2HvJJevDrqw,@oshi-h9i,24,2年,Member (2 years),,不明,,,4,11,0,2026-09-10 20:01,2026-09-22 20:01,,,https://www.youtube.com/channel/UCMQmkw2lBo1P2HvJJevDrqw
UCC6wh1ZK5PxTsSA8lGIEkFA,@Soooka-vm9sx,24,2年,Member (2 years),,不明,,,4,13,1,2026-09-11 19:31,2026-10-03 12:45,,,https://www.youtube.com/channel/UCC6wh1ZK5PxTsSA8lGIEkFA
UCuNucUV6RdfCn0wT8o9x3BQ,@群青ちーず,24,2年,Member (2 years),,不明,,,4,4,0,2026-09-11 19:31,2026-09-26 20:00,,,https://www.youtube.com/channel/UCuNucUV6RdfCn0wT8o9x3BQ
UCZoZxnayFfC2Emt4qlDKlfA,@mippy33,24,2年,Member (2 years),,不明,,,4,41,0,2026-09-14 21:45,2026-10-05 20:00,,,https://www.youtube.com/channel/UCZoZxnayFfC2Emt4qlDKlfA
UC-1QaV__aM9TPqR22TxSk2w,@tao0809,24,2年,Member (2 years),,不明,,,4,8,0,2026-09-14 21:45,2026-10-09 00:00,,,https://www.youtube.com/channel/UC-1QaV__aM9TPqR22TxSk2w
UCb7DpdGXHYDQuGhrYSppN6w,@shii71,24,2年,Member (2 years),,不明,,,4,7,0,2026-09-14 21:45,2026-09-26 20:00,,,https://www.youtube.com/channel/UCb7DpdGXHYDQuGhrYSppN6w
UC-cpzGQJ4OUEq9sXp8yIgvg,@とかげ-u1h,24,2年,Member (2 years),,不明,,,4,7,0,2026-09-14 21:45,2026-10-09 00:00,,,https://www.youtube.com/channel/UC-cpzGQJ4OUEq9sXp8yIgvg
UCyWkO6a1ctxQiNyerzVQLbg,@luleimon17,24,2年,Member (2 years),,不明,,,4,7,0,2026-09-16 20:30,2026-10-05 20:00,,,https://www.youtube.com/channel/UCyWkO6a1ctxQiNyerzVQLbg
UCJMssHi6i8EIjlwweQQC_fw,@jaaaa_____a,24,2年,Member (2 years),,不明,,,4,7,0,2026-09-18 20:00,2026-10-07 17:00,,,https://www.youtube.com/channel/UCJMssHi6i8EIjlwweQQC_fw
UCNM0-CXzSM3mxnvB8TB5AMw,@nc_yu,24,2年,Member (2 years),,不明,,,4,5,0,2026-09-27 18:02,2026-10-09 00:00,,,https://www.youtube.com/channel/UCNM0-CXzSM3mxnvB8TB5AMw
UCNP4yM11k_k5EnBqHcsryWA,@ぽりきぽー,24,2年,Member (2 years),,不明,,,4,39,0,2026-09-29 17:30,2026-10-09 00:00,,,https://www.youtube.com/channel/UCNP4yM11k_k5EnBqHcsryWA
UCone3mp0fXnO0Pdf6h1D-Kg,@あすちゃん-v5y,24,2年,Member (2 years),,不明,,,3,31,0,2026-09-10 20:01,2026-09-26 20:00,,,https://www.youtube.com/channel/UCone3mp0fXnO0Pdf6h1D-Kg
UCJ-CpeXv691LNRfGykfJWiA,@r2_nyaxx-みるみる,24,2年,Member (2 years),,不明,,,3,21,0,2026-09-10 20:01,2026-09-27 18:02,,,https://www.youtube.com/channel/UCJ-CpeXv691LNRfGykfJWiA
UCqSe-8iwooaNG-ooR1sxkFg,@Nira-oji,24,2年,Member (2 years),,不明,,,3,3,0,2026-09-10 20:01,2026-10-05 20:00,,,https://www.youtube.com/channel/UCqSe-8iwooaNG-ooR1sxkFg
UCUln7ttQ0nhCraT0bfSCGzg,@pome_caramel,24,2年,Member (2 years),,不明,,,3,86,0,2026-09-10 20:01,2026-10-09 00:00,,,https://www.youtube.com/channel/UCUln7ttQ0nhCraT0bfSCGzg
UC4ZxOC563rOUN0FlEAWzCLg,@紫野-f,24,2年,Member (2 years),,不明,,,3,109,0,2026-09-10 20:01,2026-10-05 20:00,,,https://www.youtube.com/channel/UC4ZxOC563rOUN0FlEAWzCLg
UCr2uaZ8muDK6ntE0ZFk5yPQ,@oyasush,24,2年,Member (2 years),,不明,,,3,36,0,2026-09-10 20:01,2026-09-27 18:02,,,https://www.youtube.com/channel/UCr2uaZ8muDK6ntE0ZFk5yPQ
UC5pOfXb1MvWPkD6XKbX60kQ,@citrus-gemma,24,2年,Member (2 years),,不明,,,3,12,0,2026-09-10 20:01,2026-10-09 00:00,,,https://www.youtube.com/channel/UC5pOfXb1MvWPkD6XKbX60kQ
UC31dPXSKHgRoO2iBSF8Vu4A,@akagire-itaiyo,24,2年,Member (2 years),,不明,,,3,5,0,2026-09-11 19:31,2026-10-05 20:00,,,https://www.youtube.com/channel/UC31dPXSKHgRoO2iBSF8Vu4A
UCd1wo-Ktd8dyMhfOb1f7Yug,@nemumu9313,24,2年,Member (2 years),,不明,,,3,8,0,2026-09-11 19:31,2026-10-05 20:00,,,https://www.youtube.com/channel/UCd1wo-Ktd8dyMhfOb1f7Yug
UCpLO0uBHT2qTesKDMmNkQvQ,@べりり_Truelove,24,2年,Member (2 years),,不明,,,3,11,0,2026-09-11 19:31,2026-10-05 20:00,,,https://www.youtube.com/channel/UCpLO0uBHT2qTesKDMmNkQvQ
UCURgCJ8TBeEacfHfvan_6Jw,@m_tsunya,24,2年,Member (2 years),,不明,,,3,5,0,2026-09-14 21:45,2026-10-09 00:00,,,https://www.youtube.com/channel/UCURgCJ8TBeEacfHfvan_6Jw
UCBzBzUkg6OEy_wPhk1qo-Gw,@もえぴ-1st,24,2年,Member (2 years),,不明,,,3,6,0,2026-09-14 21:45,2026-10-02 20:15,,,https://www.youtube.com/channel/UCBzBzUkg6OEy_wPhk1qo-Gw
UCtp74up_0f0OG4MVrXS4KAQ,@mab._.v,24,2年,Member (2 years),,不明,,,3,7,0,2026-09-14 21:45,2026-10-02 20:15,,,https://www.youtube.com/channel/UCtp74up_0f0OG4MVrXS4KAQ
UCpQPmtlcFe0lA96LTKa9Tzw,@かぬい-v1w,24,2年,Member (2 years),,不明,,,3,5,0,2026-09-14 21:45,2026-10-09 00:00,,,https://www.youtube.com/channel/UCpQPmtlcFe0lA96LTKa9Tzw
UCHi5ECdEBTJKp4IAsSbdPjQ,@花乃音-kanon,24,2年,Member (2 years),,不明,,,3,37,0,2026-09-19 20:00,2026-09-22 20:01,,,https://www.youtube.com/channel/UCHi5ECdEBTJKp4IAsSbdPjQ
UCs-NMPNyZIWdjRIftEsJTBA,@にゃーん-A,24,2年,Member (2 years),,不明,,,3,4,0,2026-09-19 20:00,2026-10-05 20:00,,,https://www.youtube.com/channel/UCs-NMPNyZIWdjRIftEsJTBA
UCyxzrWxq7YXQjksHXnzYWOA,@yanagi-g3y,24,2年,Member (2 years),,不明,,,3,3,0,2026-09-19 20:00,2026-10-09 00:00,,,https://www.youtube.com/channel/UCyxzrWxq7YXQjksHXnzYWOA
UC4KWSJUd17aCPt8Qb2xgBBw,@玄米ちゃ98,24,2年,Member (2 years),,不明,,,3,7,0,2026-09-20 19:02,2026-10-09 00:00,,,https://www.youtube.com/channel/UC4KWSJUd17aCPt8Qb2xgBBw
UCeKslMSwi-qemLe7z7vihpw,@xx双葉りんxx,24,2年,Member (2 years),,不明,,,3,53,0,2026-09-21 21:02,2026-10-05 20:00,,,https://www.youtube.com/channel/UCeKslMSwi-qemLe7z7vihpw
UCQL54sIOZB_D34kQH_AoKGQ,@pacotan923,24,2年,Member (2 years),,不明,,,3,4,0,2026-09-21 21:02,2026-10-05 20:00,,,https://www.youtube.com/channel/UCQL54sIOZB_D34kQH_AoKGQ
UCmeervxBUWtcNf99mkX4-Yg,@orca_5425,24,2年,Member (2 years),,不明,,,3,12,0,2026-09-21 21:02,2026-10-09 00:00,,,https://www.youtube.com/channel/UCmeervxBUWtcNf99mkX4-Yg
UCg1_5PqddFEV4Q_UisrE9-Q,@iiona4120,24,2年,Member (2 years),,不明,,,3,4,0,2026-09-22 20:01,2026-10-09 00:00,,,https://www.youtube.com/channel/UCg1_5PqddFEV4Q_UisrE9-Q
UC3hPyJctVGHhgTGVtMI6xjw,@まろ.maromame,24,2年,Member (2 years),,不明,,,3,6,0,2026-09-26 20:00,2026-09-30 18:00,,,https://www.youtube.com/channel/UC3hPyJctVGHhgTGVtMI6xjw
UCgqBCQpeq3PBwcSiSZU3P4w,@あげ-e7d,24,2年,Member (2 years),,不明,,,3,6,0,2026-09-27 18:02,2026-10-09 00:00,,,https://www.youtube.com/channel/UCgqBCQpeq3PBwcSiSZU3P4w
UCFfRWO_KnDXFHlA02T0sQfA,@ひ-hi3,24,2年,Member (2 years),,不明,,,2,2,0,2026-09-10 20:01,2026-09-11 19:31,,,https://www.youtube.com/channel/UCFfRWO_KnDXFHlA02T0sQfA
UCm0yl8gEancvloY05LDWNBA,@ne2066,24,2年,Member (2 years),,不明,,,2,3,0,2026-09-10 20:01,2026-09-16 20:30,,,https://www.youtube.com/channel/UCm0yl8gEancvloY05LDWNBA
UC0Ba7pNe1USZedX9q-YQVhQ,@なつみ-h1w,24,2年,Member (2 years),,不明,,,2,2,0,2026-09-11 19:31,2026-09-30 18:00,,,https://www.youtube.com/channel/UC0Ba7pNe1USZedX9q-YQVhQ
UCuz7v06oS02lZse5jo9iJag,@s2_xxo7,24,2年,Member (2 years),,不明,,,2,2,0,2026-09-11 19:31,2026-09-30 18:00,,,https://www.youtube.com/channel/UCuz7v06oS02lZse5jo9iJag
UCKrdP6LDhqITdCnVnqOOb8A,@humitomoyoriya,24,2年,Member (2 years),,不明,,,2,3,0,2026-09-14 21:45,2026-10-09 00:00,,,https://www.youtube.com/channel/UCKrdP6LDhqITdCnVnqOOb8A
UCN7a32_747RUGYUNhxU92DA,@まやめや-v,24,2年,Member (2 years),,不明,,,2,8,0,2026-09-16 20:30,2026-09-22 20:01,,,https://www.youtube.com/channel/UCN7a32_747RUGYUNhxU92DA
UCEgyTF-lv0jeY6AX-psdsJQ,@瀬乃-c6d,24,2年,Member (2 years),,不明,,,2,14,0,2026-09-16 20:30,2026-09-27 18:02,,,https://www.youtube.com/channel/UCEgyTF-lv0jeY6AX-psdsJQ
UC8-51YaP6fxtdArJKQee1LQ,@いくえ-b4v,24,2年,Member (2 years),,不明,,,2,4,0,2026-09-18 20:00,2026-09-27 18:02,,,https://www.youtube.com/channel/UC8-51YaP6fxtdArJKQee1LQ
UC4yvJvKDDZbEx0qJocF2D5Q,@さりたん-p9m,24,2年,Member (2 years),,不明,,,2,4,0,2026-09-18 20:00,2026-09-22 20:01,,,https://www.youtube.com/channel/UC4yvJvKDDZbEx0qJocF2D5Q
UCTio22esyYIxa98KBmLEDmQ,@山田しほ44,24,2年,Member (2 years),,不明,,,2,3,0,2026-09-19 20:00,2026-09-20 19:02,,,https://www.youtube.com/channel/UCTio22esyYIxa98KBmLEDmQ
UCBE2R34mQkyyX899DfnSgSA,@くずき-t6n,24,2年,Member (2 years),,不明,,,2,2,0,2026-09-19 20:00,2026-09-20 19:02,,,https://www.youtube.com/channel/UCBE2R34mQkyyX899DfnSgSA
UCk47OjXY-05pag0wOTLXHBQ,@ao_aoapo,24,2年,Member (2 years),,不明,,,2,5,0,2026-09-19 20:00,2026-10-09 00:00,,,https://www.youtube.com/channel/UCk47OjXY-05pag0wOTLXHBQ
UCZU9N8_tfgyvmQGNKIjOD9w,@はるのみじんこ,24,2年,Member (2 years),,不明,,,2,4,0,2026-09-20 19:02,2026-10-07 17:00,,,https://www.youtube.com/channel/UCZU9N8_tfgyvmQGNKIjOD9w
UCHqVDPmO3GofsZOanTO-TIw,@翔-r4z,24,2年,Member (2 years),,不明,,,2,4,0,2026-09-20 19:02,2026-10-09 00:00,,,https://www.youtube.com/channel/UCHqVDPmO3GofsZOanTO-TIw
UCdlRwyR2kLB0s5vM-EdpvxQ,@haru_はる_3,24,2年,Member (2 years),,不明,,,2,3,0,2026-09-22 20:01,2026-10-07 17:00,,,https://www.youtube.com/channel/UCdlRwyR2kLB0s5vM-EdpvxQ
UCGDsJjPTaUOr8LFFgog_3cA,@やちころ-y5o,24,2年,Member (2 years),,不明,,,2,4,0,2026-09-23 13:01,2026-10-09 00:00,,,https://www.youtube.com/channel/UCGDsJjPTaUOr8LFFgog_3cA
UCEd2RStpJPWJbcfW0aftDvg,@えぬebimayo,24,2年,Member (2 years),,不明,,,2,3,0,2026-09-27 18:02,2026-10-09 00:00,,,https://www.youtube.com/channel/UCEd2RStpJPWJbcfW0aftDvg
UCpY4_kFAz0szkPK3Wb9jexA,@user-yv7tf6du8y,24,2年,Member (2 years),,不明,,,2,2,0,2026-09-27 18:02,2026-10-09 00:00,,,https://www.youtube.com/channel/UCpY4_kFAz0szkPK3Wb9jexA
UC6mAsLRwzADfQAZHw7OVzSw,@0o_s4s1m1_o0,24,2年,Member (2 years),24,Diner,マイルストーン,,2,2,0,2026-09-27 18:02,2026-10-07 17:00,,,https://www.youtube.com/channel/UC6mAsLRwzADfQAZHw7OVzSw
UCdkVyGeBAjmIhUN6NHkF5CA,@moimoint1108,24,2年,Member (2 years),,不明,,,2,4,0,2026-09-27 18:02,2026-09-29 17:30,,,https://www.youtube.com/channel/UCdkVyGeBAjmIhUN6NHkF5CA
UCQ4W-Yu7g_bKAti2CTmNGOA,@にった-uma,24,2年,Member (2 years),,不明,,,2,17,0,2026-09-29 17:30,2026-10-09 00:00,,,https://www.youtube.com/channel/UCQ4W-Yu7g_bKAti2CTmNGOA
UCczgS-puckFFANfHHEw1lcQ,@zesprily,24,2年,Member (2 years),,不明,,,2,2,0,2026-09-30 18:00,2026-10-07 17:00,,,https://www.youtube.com/channel/UCczgS-puckFFANfHHEw1lcQ
UCowFaoRxotqKcNHjvW8208A,@におかほおずき,24,2年,Member (2 years),,不明,,,2,6,0,2026-10-03 12:45,2026-10-09 00:00,,,https://www.youtube.com/channel/UCowFaoRxotqKcNHjvW8208A
UC1V4SfFJNuDg7Ed1SYloQaA,@ake010101,24,2年,Member (2 years),,不明,,,2,2,0,2026-10-03 12:45,2026-10-09 00:00,,,https://www.youtube.com/channel/UC1V4SfFJNuDg7Ed1SYloQaA
UCQI7JAwYg7qMIpTOAGGxI4w,@マキシ田中_s5,24,2年,Member (2 years),,不明,,,1,6,0,2026-09-10 20:01,2026-09-10 20:01,,,https://www.youtube.com/channel/UCQI7JAwYg7qMIpTOAGGxI4w
UCGLs69mWJ_ByiAPt5tWpHJA,@あーす-z3g,24,2年,Member (2 years),,不明,,,1,1,0,2026-09-10 20:01,2026-09-10 20:01,,,https://www.youtube.com/channel/UCGLs69mWJ_ByiAPt5tWpHJA
UCHCwbKxfZXHQk40xvf8XfGA,@g8q7z,24,2年,Member (2 years),,不明,,,1,1,0,2026-09-11 19:31,2026-09-11 19:31,,,https://www.youtube.com/channel/UCHCwbKxfZXHQk40xvf8XfGA
UCSb7whK3WeTkq7HQAwKmVZA,@mimimi-h9h,24,2年,Member (2 years),,不明,,,1,3,0,2026-09-11 19:31,2026-09-11 19:31,,,https://www.youtube.com/channel/UCSb7whK3WeTkq7HQAwKmVZA
UCLpTc3dwuueZxxGcFHMrEiw,@sakusakupnda,24,2年,Member (2 years),,不明,,,1,1,0,2026-09-11 19:31,2026-09-11 19:31,,,https://www.youtube.com/channel/UCLpTc3dwuueZxxGcFHMrEiw
UCMJkXqhn1fZHLGFva6777AQ,@smdrskn001,24,2年,Member (2 years),,不明,,,1,1,0,2026-09-11 19:31,2026-09-11 19:31,,,https://www.youtube.com/channel/UCMJkXqhn1fZHLGFva6777AQ
UCTlpJgKlMFBr_hMgtTDZN4Q,@塩-f8v,24,2年,Member (2 years),,不明,,,1,1,1,2026-09-11 19:31,2026-09-11 19:31,,,https://www.youtube.com/channel/UCTlpJgKlMFBr_hMgtTDZN4Q
UCE3mdkDbCXGbzWg9d_JDLLA,@うに汰,24,2年,Member (2 years),,不明,,,1,1,0,2026-09-16 20:30,2026-09-16 20:30,,,https://www.youtube.com/channel/UCE3mdkDbCXGbzWg9d_JDLLA
UCbu6Kw_Jz_4Pa4mZ3BgTlRw,@Jee0_zQ,24,2年,Member (2 years),,不明,,,1,1,1,2026-09-16 20:30,2026-09-16 20:30,,,https://www.youtube.com/channel/UCbu6Kw_Jz_4Pa4mZ3BgTlRw
UCdLemrsXDwDeGYAPfevXbtg,@ふぇんふぉあ,24,2年,Member (2 years),,不明,,,1,25,0,2026-09-18 20:00,2026-09-18 20:00,,,https://www.youtube.com/channel/UCdLemrsXDwDeGYAPfevXbtg
UCc6GvIzmiuxc8qakQxooWjA,@にゃも-e1d,24,2年,Member (2 years),,不明,,,1,1,0,2026-09-18 20:00,2026-09-18 20:00,,,https://www.youtube.com/channel/UCc6GvIzmiuxc8qakQxooWjA
UCFYu0oR0425g4mutrCQceZA,@あいす-g3u,24,2年,Member (2 years),,不明,,,1,7,0,2026-09-19 20:00,2026-09-19 20:00,,,https://www.youtube.com/channel/UCFYu0oR0425g4mutrCQceZA
UCSE2-vEIqq0AHZOFUOa9UFw,@もふ-g7i,24,2年,Member (2 years),,不明,,,1,4,0,2026-09-19 20:00,2026-09-19 20:00,,,https://www.youtube.com/channel/UCSE2-vEIqq0AHZOFUOa9UFw
UCmzk4-UqEx2u4hRF1J3QBrw,@fr_osmanthus,24,2年,Member (2 years),,不明,,,1,5,0,2026-09-19 20:00,2026-09-19 20:00,,,https://www.youtube.com/channel/UCmzk4-UqEx2u4hRF1J3QBrw
UCyo2oeEVOaamuIRnBCpKtYw,@kaorin1797,24,2年,Member (2 years),,不明,,,1,3,0,2026-09-19 20:00,2026-09-19 20:00,,,https://www.youtube.com/channel/UCyo2oeEVOaamuIRnBCpKtYw
UCzxVPBB8BY9MIpewoXOtokg,@野田-y4u,24,2年,Member (2 years),,不明,,,1,1,0,2026-09-19 20:00,2026-09-19 20:00,,,https://www.youtube.com/channel/UCzxVPBB8BY9MIpewoXOtokg
UCczhXxAMuyrqX3b2GWlA0xQ,@スギナオ-i8g,24,2年,Member (2 years),,不明,,,1,2,0,2026-09-19 20:00,2026-09-19 20:00,,,https://www.youtube.com/channel/UCczhXxAMuyrqX3b2GWlA0xQ
UCXIdM1Gnq6zGCID59u9Tt6g,@なっちゃ26,24,2年,Member (2 years),,不明,,,1,1,0,2026-09-19 20:00,2026-09-19 20:00,,,https://www.youtube.com/channel/UCXIdM1Gnq6zGCID59u9Tt6g
UCiuAjN4HsArVZhSmThvmmzQ,@みみ-mimini,24,2年,Member (2 years),,不明,,,1,1,0,2026-09-21 21:02,2026-09-21 21:02,,,https://www.youtube.com/channel/UCiuAjN4HsArVZhSmThvmmzQ
UCBZxIPKA95tgk-IjVK0g3dQ,@Drinking_77,24,2年,Member (2 years),,不明,,,1,1,0,2026-09-21 21:02,2026-09-21 21:02,,,https://www.youtube.com/channel/UCBZxIPKA95tgk-IjVK0g3dQ
UCA_57sRtdY2BVtDX0ylvb2g,@さわやかさんかく_szk,24,2年,Member (2 years),,不明,,,1,1,0,2026-09-21 21:02,2026-09-21 21:02,,,https://www.youtube.com/channel/UCA_57sRtdY2BVtDX0ylvb2g
UCRV7y3D2oO_Pae-0nj1u1Cg,@naa-l9k2k3,24,2年,Member (2 years),,不明,,,1,1,0,2026-09-22 20:01,2026-09-22 20:01,,,https://www.youtube.com/channel/UCRV7y3D2oO_Pae-0nj1u1Cg
UCcLo00Qd92RmReksIgDJUbw,@suger-n7n,24,2年,Member (2 years),,不明,,,1,1,0,2026-09-22 20:01,2026-09-22 20:01,,,https://www.youtube.com/channel/UCcLo00Qd92RmReksIgDJUbw
UCHhOEQXwjfRgQ9yQW5IS8rw,@麻由o,24,2年,Member (2 years),,不明,,,1,1,0,2026-09-22 20:01,2026-09-22 20:01,,,https://www.youtube.com/channel/UCHhOEQXwjfRgQ9yQW5IS8rw
UCvjC_3TfaTpTTVFwXGVYAIA,@komoxixixi,24,2年,Member (2 years),,不明,,,1,1,0,2026-09-22 20:01,2026-09-22 20:01,,,https://www.youtube.com/channel/UCvjC_3TfaTpTTVFwXGVYAIA
UCxvw3vzQXUN2QaNLEd6vc4A,@jinanzai,24,2年,Member (2 years),,不明,,,1,1,0,2026-09-22 20:01,2026-09-22 20:01,,,https://www.youtube.com/channel/UCxvw3vzQXUN2QaNLEd6vc4A
UCA5jQ0mff0NigXfMDJ0Mv_w,@らいらい-m5i,24,2年,Member (2 years),,不明,,,1,1,0,2026-09-23 13:01,2026-09-23 13:01,,,https://www.youtube.com/channel/UCA5jQ0mff0NigXfMDJ0Mv_w
UCQstSxPjYl7UClfs36PMuKQ,@かなはん,24,2年,Member (2 years),,不明,,,1,1,0,2026-09-26 20:00,2026-09-26 20:00,,,https://www.youtube.com/channel/UCQstSxPjYl7UClfs36PMuKQ
UCK6dTu1jd1Uhd0TLnuWDpOw,@user-osobonbon,24,2年,Member (2 years),,不明,,,1,1,0,2026-09-26 20:00,2026-09-26 20:00,,,https://www.youtube.com/channel/UCK6dTu1jd1Uhd0TLnuWDpOw
UCS0lGGypBzG_Q6Mthttw0fQ,@はおん-z1l,24,2年,Member (2 years),,不明,,,1,2,0,2026-09-27 18:02,2026-09-27 18:02,,,https://www.youtube.com/channel/UCS0lGGypBzG_Q6Mthttw0fQ
UCZEGsg24flKenI0DL_2ldTg,@shino8u,24,2年,Member (2 years),,不明,,,1,1,0,2026-09-27 18:02,2026-09-27 18:02,,,https://www.youtube.com/channel/UCZEGsg24flKenI0DL_2ldTg
UCnUfzsMW21a1GP0FXho9hqg,@qi-qian,24,2年,Member (2 years),,不明,,,1,1,0,2026-09-27 18:02,2026-09-27 18:02,,,https://www.youtube.com/channel/UCnUfzsMW21a1GP0FXho9hqg
UCN213ZGY8NbXwlRXreKtbDw,@aMo73923,24,2年,Member (2 years),,不明,,,1,1,0,2026-09-27 18:02,2026-09-27 18:02,,,https://www.youtube.com/channel/UCN213ZGY8NbXwlRXreKtbDw
UCy3ooV8nvmjvXUJW1ou_u2g,@-rai-8778,24,2年,Member (2 years),,不明,,,1,1,0,2026-09-27 18:02,2026-09-27 18:02,,,https://www.youtube.com/channel/UCy3ooV8nvmjvXUJW1ou_u2g
UCiFhY0IdvrTgga3S2dW7tyQ,@いちのせ-x9u,24,2年,Member (2 years),,不明,,,1,1,0,2026-09-27 18:02,2026-09-27 18:02,,,https://www.youtube.com/channel/UCiFhY0IdvrTgga3S2dW7tyQ
UCaJA5PWBSCozSfGra_1W26g,@絹香.kikipippi,24,2年,Member (2 years),,不明,,,1,3,0,2026-09-27 18:02,2026-09-27 18:02,,,https://www.youtube.com/channel/UCaJA5PWBSCozSfGra_1W26g
UCoBekGBaloYGyMUCVt4MoMw,@せりりんぬ,24,2年,Member (2 years),,不明,,,1,1,0,2026-09-27 18:02,2026-09-27 18:02,,,https://www.youtube.com/channel/UCoBekGBaloYGyMUCVt4MoMw
UCfL7J5tDuURm2XwBH-Sk-6g,@conota_tata,24,2年,Member (2 years),,不明,,,1,1,0,2026-09-27 18:02,2026-09-27 18:02,,,https://www.youtube.com/channel/UCfL7J5tDuURm2XwBH-Sk-6g
UCEDnI2GVDS70svyfJslgEQA,@水色めんだこ,24,2年,Member (2 years),,不明,,,1,1,0,2026-09-27 18:02,2026-09-27 18:02,,,https://www.youtube.com/channel/UCEDnI2GVDS70svyfJslgEQA
UCF3IIckGaR4Pz1OWacpV8vw,@necocccc,24,2年,Member (2 years),,不明,,,1,1,0,2026-09-29 17:30,2026-09-29 17:30,,,https://www.youtube.com/channel/UCF3IIckGaR4Pz1OWacpV8vw
UCFR24bHI3MjBeiWTdxsFSNg,@higashi_e_east,24,2年,Member (2 years),,不明,,,1,3,0,2026-09-29 17:30,2026-09-29 17:30,,,https://www.youtube.com/channel/UCFR24bHI3MjBeiWTdxsFSNg
UCNcJNRhiIfZBYt1tHzKFeaQ,@mochi-mochinomi,24,2年,Member (2 years),,不明,,,1,4,0,2026-09-30 18:00,2026-09-30 18:00,,,https://www.youtube.com/channel/UCNcJNRhiIfZBYt1tHzKFeaQ
UCBW42TYKZwE_At3exGmj82Q,@mei0606,24,2年,Member (2 years),,不明,,,1,5,0,2026-10-03 12:45,2026-10-03 12:45,,,https://www.youtube.com/channel/UCBW42TYKZwE_At3exGmj82Q
UCcPqcWvQ7VDvk91RBo7_1Vw,@Enoseza,24,2年,Member (2 years),,不明,,,1,1,0,2026-10-03 12:45,2026-10-03 12:45,,,https://www.youtube.com/channel/UCcPqcWvQ7VDvk91RBo7_1Vw
UC74qZp1QdSJxqsU_RMAmiKw,@natsuri2727,24,2年,Member (2 years),31,Diner,マイルストーン,,1,0,0,2026-10-03 12:45,2026-10-03 12:45,,,https://www.youtube.com/channel/UC74qZp1QdSJxqsU_RMAmiKw
UCN2NBqQMYTWRzGH4l-W-BWg,@雪海月-r2u,24,2年,Member (2 years),,不明,,,1,1,0,2026-10-05 20:00,2026-10-05 20:00,,,https://www.youtube.com/channel/UCN2NBqQMYTWRzGH4l-W-BWg
UC3Qx7ckuVi3mzB0pkWVPLaA,@Yue_trpg_,24,2年,Member (2 years),,不明,,,1,1,0,2026-10-05 20:00,2026-10-05 20:00,,,https://www.youtube.com/channel/UC3Qx7ckuVi3mzB0pkWVPLaA
UCimRgLP7MuJTM7_2R4YQztQ,@r_aiueo,24,2年,Member (2 years),,不明,,,1,1,0,2026-10-05 20:00,2026-10-05 20:00,,,https://www.youtube.com/channel/UCimRgLP7MuJTM7_2R4YQztQ
UCBQNjnDCpfJs_dIc_M-W28Q,@さや-n2e,24,2年,Member (2 years),,不明,,,1,1,0,2026-10-05 20:00,2026-10-05 20:00,,,https://www.youtube.com/channel/UCBQNjnDCpfJs_dIc_M-W28Q
UCoY8lvUQ7m1yED1SfHp-uuQ,@BelleAile,24,2年,Member (2 years),,不明,,,1,2,0,2026-10-07 17:00,2026-10-07 17:00,,,https://www.youtube.com/channel/UCoY8lvUQ7m1yED1SfHp-uuQ
UCU39Vh3Bj9-BuoZTCbaghbg,@ももか-kZzz1l,24,2年,Member (2 years),,不明,,,1,1,0,2026-10-07 17:00,2026-10-07 17:00,,,https://www.youtube.com/channel/UCU39Vh3Bj9-BuoZTCbaghbg
UCP6gZggcwHg9jAA_b0E61xg,@nahariiii,24,2年,Member (2 years),,不明,,,1,1,0,2026-10-07 17:00,2026-10-07 17:00,,,https://www.youtube.com/channel/UCP6gZggcwHg9jAA_b0E61xg
UCSBqNIIb_2lLBRRJbx03qQA,@しののめ-g2f,24,2年,Member (2 years),,不明,,,1,1,0,2026-10-09 00:00,2026-10-09 00:00,,,https://www.youtube.com/channel/UCSBqNIIb_2lLBRRJbx03qQA
UCxbbbf8uC1QZrLKwwdvdgJQ,@kani1402,24,2年,Member (2 years),,不明,,,1,1,0,2026-10-09 00:00,2026-10-09 00:00,,,https://www.youtube.com/channel/UCxbbbf8uC1QZrLKwwdvdgJQ
UC2EIQCbxLK9uc2s-zdjOJXw,@user-kd9ws2ys7z,24,2年,Member (2 years),,不明,,,1,1,0,2026-10-09 00:00,2026-10-09 00:00,,,https://www.youtube.com/channel/UC2EIQCbxLK9uc2s-zdjOJXw
UCT6HRRnOgNSBwSi4Q4mGjww,@aaaaa-333-q3j,24,2年,Member (2 years),,不明,,,1,26,0,2026-10-09 00:00,2026-10-09 00:00,,,https://www.youtube.com/channel/UCT6HRRnOgNSBwSi4Q4mGjww
UCJ4Qa85zQ1OiU5iO6aEQaFQ,@あみ-h6v,24,2年,Member (2 years),,不明,,,1,70,0,2026-10-09 00:00,2026-10-09 00:00,,,https://www.youtube.com/channel/UCJ4Qa85zQ1OiU5iO6aEQaFQ
UCoG7ycKDn_DphXBiR3OQXuw,@uooo-o03,24,2年,Member (2 years),,不明,,,1,2,0,2026-10-09 00:00,2026-10-09 00:00,,,https://www.youtube.com/channel/UCoG7ycKDn_DphXBiR3OQXuw
UCWcJpqk2hssHmXj-40vxAbQ,@daisukisun,24,2年,Member (2 years),,不明,,,1,1,0,2026-10-09 00:00,2026-10-09 00:00,,,https://www.youtube.com/channel/UCWcJpqk2hssHmXj-40vxAbQ
UCsEmLCo9Pu_EhCKB5mCD5mw,@s.5849,24,2年,Member (2 years),,不明,,,1,4,0,2026-10-09 00:00,2026-10-09 00:00,,,https://www.youtube.com/channel/UCsEmLCo9Pu_EhCKB5mCD5mw
UCt9CQGb0ZFd84OrvquC8-EA,@ャピ,24,2年,Member (2 years),,不明,,,1,1,0,2026-10-09 00:00,2026-10-09 00:00,,,https://www.youtube.com/channel/UCt9CQGb0ZFd84OrvquC8-EA
UCzvwCxAwgHmdOCPFd19SWWg,@しお-k1h,24,2年,Member (2 years),,不明,,,1,46,0,2026-10-09 00:00,2026-10-09 00:00,,,https://www.youtube.com/channel/UCzvwCxAwgHmdOCPFd19SWWg
UCdRFkO_KeP6uqm9-Pug3Mng,@吉田-g2m,24,2年,Member (2 years),,不明,,,1,1,0,2026-10-09 00:00,2026-10-09 00:00,,,https://www.youtube.com/channel/UCdRFkO_KeP6uqm9-Pug3Mng
UCfjuSDe5DEbNvghGS_FQzlw,@asamichanu,24,2年,Member (2 years),,不明,,,1,7,0,2026-10-09 00:00,2026-10-09 00:00,,,https://www.youtube.com/channel/UCfjuSDe5DEbNvghGS_FQzlw
UCKVn0iXcipOFYn_TDNWIi-g,@さんさん-c5b,24,2年,Member (2 years),,不明,,,1,2,0,2026-10-09 00:00,2026-10-09 00:00,,,https://www.youtube.com/channel/UCKVn0iXcipOFYn_TDNWIi-g
UCiqkdGUjv-t8bkOkmYpPcVQ,@takaBBA,24,2年,Member (2 years),,不明,,,1,1,0,2026-10-09 00:00,2026-10-09 00:00,,,https://www.youtube.com/channel/UCiqkdGUjv-t8bkOkmYpPcVQ
UCw2NdIVp0KJzcxtjM48ZwGQ,@unaru4914,24,2年,Member (2 years),,不明,,,1,4,0,2026-10-09 00:00,2026-10-09 00:00,,,https://www.youtube.com/channel/UCw2NdIVp0KJzcxtjM48ZwGQ
UCdsmGDBNZZVZwxMYzhclcsQ,@きさらぎ-l6v,24,2年,Member (2 years),,不明,,,1,21,0,2026-10-09 00:00,2026-10-09 00:00,,,https://www.youtube.com/channel/UCdsmGDBNZZVZwxMYzhclcsQ
UCnpgzdYWW2jVGunlS2JeDzA,@くも-l8s,24,2年,Member (2 years),,不明,,,1,1,0,2026-10-09 00:00,2026-10-09 00:00,,,https://www.youtube.com/channel/UCnpgzdYWW2jVGunlS2JeDzA
UCB-WUGNHvSIzk3jV5JT1wWQ,@a11._.13b,24,2年,Member (2 years),,不明,,,1,1,0,2026-10-09 00:00,2026-10-09 00:00,,,https://www.youtube.com/channel/UCB-WUGNHvSIzk3jV5JT1wWQ
UCmTxV5FE6ZP2WFQorCddMXQ,@ユキ-j6u,24,2年,Member (2 years),,不明,,,1,4,0,2026-10-09 00:00,2026-10-09 00:00,,,https://www.youtube.com/channel/UCmTxV5FE6ZP2WFQorCddMXQ
UCYNpvaYhRYBPqHi_MVEnaGQ,@きる-e2k,24,2年,Member (2 years),,不明,,,1,1,0,2026-10-09 00:00,2026-10-09 00:00,,,https://www.youtube.com/channel/UCYNpvaYhRYBPqHi_MVEnaGQ
UCZA4vZ6vRg-Z1uccFN92n0Q,@nan0_on,24,2年,Member (2 years),,不明,,,1,2,0,2026-10-09 00:00,2026-10-09 00:00,,,https://www.youtube.com/channel/UCZA4vZ6vRg-Z1uccFN92n0Q
UCMuTABLCCtO8XrLpW7m0CRg,@t0m0g0_0,24,2年,Member (2 years),31,Diner,マイルストーン,,1,0,0,2026-10-09 00:00,2026-10-09 00:00,,,https://www.youtube.com/channel/UCMuTABLCCtO8XrLpW7m0CRg
UCoNQEktPO_BDJ7KFVVbjAiQ,@ame_8950,12,1年,Member (1 year),,不明,,,20,468,0,2026-09-10 20:01,2026-10-09 00:00,,,https://www.youtube.com/channel/UCoNQEktPO_BDJ7KFVVbjAiQ
UCeFMhLgpjfU2LochOaM8ESw,@ゆのみnk42,12,1年,Member (1 year),,不明,,,20,592,0,2026-09-10 20:01,2026-10-09 00:00,,,https://www.youtube.com/channel/UCeFMhLgpjfU2LochOaM8ESw
UCYobF0iV5I2pv5nanXx8w0g,@びんちょう-n7i,12,1年,Member (1 year),,不明,,,20,1148,0,2026-09-10 20:01,2026-10-09 00:00,,,https://www.youtube.com/channel/UCYobF0iV5I2pv5nanXx8w0g
UCZj5NW7xBZK_tGwLllAl2Sw,@miyuyumi0416,12,1年,Member (1 year),,不明,,,20,372,0,2026-09-10 20:01,2026-10-09 00:00,,,https://www.youtube.com/channel/UCZj5NW7xBZK_tGwLllAl2Sw
UCD43b0Sgu_OD6qDt1S2vgug,@amiko_r4Q,12,1年,Member (1 year),,不明,,,20,2741,0,2026-09-10 20:01,2026-10-09 00:00,,,https://www.youtube.com/channel/UCD43b0Sgu_OD6qDt1S2vgug
UCAxmjE-KJBX4QtZ6SqRJeCA,@はにはに-w3n,12,1年,Member (1 year),,不明,,,20,43,0,2026-09-10 20:01,2026-10-09 00:00,,,https://www.youtube.com/channel/UCAxmjE-KJBX4QtZ6SqRJeCA
UCbeQYZDSdmvWOgDgzY5fl2A,@智-x6k,12,1年,Member (1 year),,不明,,,20,1825,0,2026-09-10 20:01,2026-10-09 00:00,,,https://www.youtube.com/channel/UCbeQYZDSdmvWOgDgzY5fl2A
UCws_l46BPcR7aIaQJp0W8vA,@gagagapi,12,1年,Member (1 year),,不明,,,20,879,0,2026-09-10 20:01,2026-10-09 00:00,,,https://www.youtube.com/channel/UCws_l46BPcR7aIaQJp0W8vA
UCISgndsi0s1Qv4viARturfQ,@mao_mini_oO,12,1年,Member (1 year),,不明,,,20,1286,0,2026-09-10 20:01,2026-10-09 00:00,,,https://www.youtube.com/channel/UCISgndsi0s1Qv4viARturfQ
UCvV7CQ8rnzRVVl7zSnpd7vw,@A-gi9fe,12,1年,Member (1 year),,不明,,,20,1584,0,2026-09-10 20:01,2026-10-09 00:00,,,https://www.youtube.com/channel/UCvV7CQ8rnzRVVl7zSnpd7vw
UCi-dV-Ly-36wCyKJPZdRW_g,@すー_su-oo3,12,1年,Member (1 year),,不明,,,19,270,0,2026-09-10 20:01,2026-10-09 00:00,,,https://www.youtube.com/channel/UCi-dV-Ly-36wCyKJPZdRW_g
UC51UNbcmVjGNkopjKCMUb7g,@Hara_1001,12,1年,Member (1 year),,不明,,,19,1017,0,2026-09-10 20:01,2026-10-09 00:00,,,https://www.youtube.com/channel/UC51UNbcmVjGNkopjKCMUb7g
UC735_rpmrqIdOra9Zbs2N5Q,@しーどる3-758,12,1年,Member (1 year),,不明,,,19,1717,0,2026-09-10 20:01,2026-10-09 00:00,,,https://www.youtube.com/channel/UC735_rpmrqIdOra9Zbs2N5Q
UCeQgF8B1HtW87MpNuVYlq3Q,@kr-057,12,1年,Member (1 year),,不明,,,19,926,0,2026-09-10 20:01,2026-10-09 00:00,,,https://www.youtube.com/channel/UCeQgF8B1HtW87MpNuVYlq3Q
UCxSsvmu0RSAYyVO29DfAk8w,@さんしょ-i2h,12,1年,Member (1 year),,不明,,,19,404,0,2026-09-10 20:01,2026-10-09 00:00,,,https://www.youtube.com/channel/UCxSsvmu0RSAYyVO29DfAk8w
UCTj4Me0ZcwRvASy7_B594uw,@ruifuu,12,1年,Member (1 year),,不明,,,18,595,0,2026-09-10 20:01,2026-10-09 00:00,,,https://www.youtube.com/channel/UCTj4Me0ZcwRvASy7_B594uw
UCioAgUXQB8KKBf9Xw_oR1sg,@hanpen-f3k,12,1年,Member (1 year),,不明,,,18,1691,0,2026-09-10 20:01,2026-10-09 00:00,,,https://www.youtube.com/channel/UCioAgUXQB8KKBf9Xw_oR1sg
UCc1N0AfyjDgXhPGfDCM9xJQ,@ねね-x,12,1年,Member (1 year),,不明,,,18,1382,0,2026-09-10 20:01,2026-10-09 00:00,,,https://www.youtube.com/channel/UCc1N0AfyjDgXhPGfDCM9xJQ
UC2rYbydDtW_RGUg8_waZ1HA,@seika-t1q,12,1年,Member (1 year),,不明,,,18,328,0,2026-09-10 20:01,2026-10-09 00:00,,,https://www.youtube.com/channel/UC2rYbydDtW_RGUg8_waZ1HA
UCLdKOiZfo_pZDz0B76KTRtA,@加奈12,12,1年,Member (1 year),,不明,,,18,71,0,2026-09-10 20:01,2026-10-09 00:00,,,https://www.youtube.com/channel/UCLdKOiZfo_pZDz0B76KTRtA
UCZj7b1HU4Mza2f0num3npxA,@ののたン,12,1年,Member (1 year),,不明,,,18,569,0,2026-09-10 20:01,2026-10-05 20:00,,,https://www.youtube.com/channel/UCZj7b1HU4Mza2f0num3npxA
UCTl1IwKbztyDMOFJ_y4GMCA,@flavorcitrus8610,12,1年,Member (1 year),,不明,,,18,51,0,2026-09-10 20:01,2026-10-09 00:00,,,https://www.youtube.com/channel/UCTl1IwKbztyDMOFJ_y4GMCA
UCYvJ7TaB-eAN9n0SJPpb55g,@noa3._roe,12,1年,Member (1 year),,不明,,,18,87,0,2026-09-10 20:01,2026-10-07 17:00,,,https://www.youtube.com/channel/UCYvJ7TaB-eAN9n0SJPpb55g
UCqAKIMZsz8xF0Uc-ajEwGUQ,@ハル-1_2,12,1年,Member (1 year),,不明,,,18,390,0,2026-09-10 20:01,2026-10-09 00:00,,,https://www.youtube.com/channel/UCqAKIMZsz8xF0Uc-ajEwGUQ
UCssqcJ_X2dCuSguTrHdW5Uw,@ぽんづき_518,12,1年,Member (1 year),,不明,,,17,999,1,2026-09-10 20:01,2026-10-09 00:00,,,https://www.youtube.com/channel/UCssqcJ_X2dCuSguTrHdW5Uw
UCM1_MHsGVo82nHxZafIDz-g,@tislQkd,12,1年,Member (1 year),,不明,,,17,231,0,2026-09-10 20:01,2026-10-09 00:00,,,https://www.youtube.com/channel/UCM1_MHsGVo82nHxZafIDz-g
UCStzrGvvyCaUKFuWFhD24Qg,@34sayo-k3x,12,1年,Member (1 year),,不明,,,17,44,0,2026-09-10 20:01,2026-10-09 00:00,,,https://www.youtube.com/channel/UCStzrGvvyCaUKFuWFhD24Qg
UCquovQCQn3Ut77cTbsX2Svw,@レイ-j6o,12,1年,Member (1 year),,不明,,,17,136,0,2026-09-10 20:01,2026-10-09 00:00,,,https://www.youtube.com/channel/UCquovQCQn3Ut77cTbsX2Svw
UCKw5uJSnKLnTSyPLJTeXRbA,@ぽん-i9v1d,12,1年,Member (1 year),,不明,,,17,853,0,2026-09-10 20:01,2026-10-09 00:00,,,https://www.youtube.com/channel/UCKw5uJSnKLnTSyPLJTeXRbA
UCrL2VgyiTXbQQ8wmOhry8kQ,@Ume-918D40,12,1年,Member (1 year),,不明,,,17,161,0,2026-09-10 20:01,2026-10-09 00:00,,,https://www.youtube.com/channel/UCrL2VgyiTXbQQ8wmOhry8kQ
UCpF7fAA8461b7kJhfXQ0svQ,@にくむすめ,12,1年,Member (1 year),,不明,,,17,270,0,2026-09-10 20:01,2026-10-09 00:00,,,https://www.youtube.com/channel/UCpF7fAA8461b7kJhfXQ0svQ
UCgvJaUc64R63GolDWtK-QLA,@j0viaLBun,12,1年,Member (1 year),13,Diner,マイルストーン,,17,86,1,2026-09-10 20:01,2026-10-07 17:00,,,https://www.youtube.com/channel/UCgvJaUc64R63GolDWtK-QLA
UCCrFhyNKIlHrHi1XkVcmLHQ,@ain_1102,12,1年,Member (1 year),20,Diner,マイルストーン,,16,3637,0,2026-09-10 20:01,2026-10-09 00:00,,,https://www.youtube.com/channel/UCCrFhyNKIlHrHi1XkVcmLHQ
UCfzKHGbYsxUJPDsZchSx8Kg,@furknya,12,1年,Member (1 year),,不明,,,16,311,0,2026-09-10 20:01,2026-10-09 00:00,,,https://www.youtube.com/channel/UCfzKHGbYsxUJPDsZchSx8Kg
UCKZX8QVr49sWQXgvQZaCrIw,@社畜のao,12,1年,Member (1 year),,不明,,,16,305,0,2026-09-10 20:01,2026-10-09 00:00,,,https://www.youtube.com/channel/UCKZX8QVr49sWQXgvQZaCrIw
UCbDQ_apemtrTZbcxrkRB6Vw,@ponnrice,12,1年,Member (1 year),,不明,,,16,165,0,2026-09-10 20:01,2026-10-07 17:00,,,https://www.youtube.com/channel/UCbDQ_apemtrTZbcxrkRB6Vw
UCMWiin7BOz-1aaNSYhcxWUw,@ヒメコzzz,12,1年,Member (1 year),18,Diner,マイルストーン,,16,266,0,2026-09-11 19:31,2026-10-09 00:00,,,https://www.youtube.com/channel/UCMWiin7BOz-1aaNSYhcxWUw
UC71bb12-cwTkuc9yLF8QXEg,@どな,12,1年,Member (1 year),,不明,,,15,494,0,2026-09-10 20:01,2026-10-09 00:00,,,https://www.youtube.com/channel/UC71bb12-cwTkuc9yLF8QXEg
UCc5XE-LCKSTlGzjTULqbSaA,@ma4ma6mocku,12,1年,Member (1 year),,不明,,,15,197,0,2026-09-10 20:01,2026-10-09 00:00,,,https://www.youtube.com/channel/UCc5XE-LCKSTlGzjTULqbSaA
UCg6Z9DMnHoXJVBpdWG4e02g,@ねおん-2434,12,1年,Member (1 year),,不明,,,15,79,9,2026-09-10 20:01,2026-10-09 00:00,,,https://www.youtube.com/channel/UCg6Z9DMnHoXJVBpdWG4e02g
UCxg05tIiIxzJ4hDZ4R4c4PA,@はむはmu,12,1年,Member (1 year),,不明,,,15,389,0,2026-09-10 20:01,2026-10-09 00:00,,,https://www.youtube.com/channel/UCxg05tIiIxzJ4hDZ4R4c4PA
UCibEbGx5K2bVeTBhHRWKHCA,@柚町,12,1年,Member (1 year),,不明,,,15,142,0,2026-09-11 19:31,2026-10-09 00:00,,,https://www.youtube.com/channel/UCibEbGx5K2bVeTBhHRWKHCA
UCZgPVjIGYdcS7SIPoP9f2Kw,@らーたん-b4v,12,1年,Member (1 year),,不明,,,14,344,0,2026-09-10 20:01,2026-10-09 00:00,,,https://www.youtube.com/channel/UCZgPVjIGYdcS7SIPoP9f2Kw
UCxNGQ1nLVnSB1PUK3tG-h0g,@natsuyo717,12,1年,Member (1 year),,不明,,,14,69,0,2026-09-10 20:01,2026-10-09 00:00,,,https://www.youtube.com/channel/UCxNGQ1nLVnSB1PUK3tG-h0g
UCo6SwqvfjwmfqFd36ZRQjHQ,@chi-777ち,12,1年,Member (1 year),,不明,,,14,89,0,2026-09-10 20:01,2026-10-09 00:00,,,https://www.youtube.com/channel/UCo6SwqvfjwmfqFd36ZRQjHQ
UCfz4sHqe-45J4pEgAlK80ag,@赤崎-23,12,1年,Member (1 year),,不明,,,14,36,0,2026-09-10 20:01,2026-10-05 20:00,,,https://www.youtube.com/channel/UCfz4sHqe-45J4pEgAlK80ag
UCeL6XWJWrj3bap_LWnhy6XQ,@KK-i7c,12,1年,Member (1 year),,不明,,,14,194,0,2026-09-10 20:01,2026-10-07 17:00,,,https://www.youtube.com/channel/UCeL6XWJWrj3bap_LWnhy6XQ
UCiIy9Ch9d-X4F-EKzqoB9_Q,@tamomo33,12,1年,Member (1 year),,不明,,,14,60,0,2026-09-10 20:01,2026-10-09 00:00,,,https://www.youtube.com/channel/UCiIy9Ch9d-X4F-EKzqoB9_Q
UCypZCaRnEvUHnlngEbixlnA,@あられ_vu,12,1年,Member (1 year),,不明,,,14,217,0,2026-09-10 20:01,2026-10-09 00:00,,,https://www.youtube.com/channel/UCypZCaRnEvUHnlngEbixlnA
UCORdjQpcFARNNMiNl96WHyA,@ミー太-h5i,12,1年,Member (1 year),,不明,,,14,45,0,2026-09-10 20:01,2026-10-09 00:00,,,https://www.youtube.com/channel/UCORdjQpcFARNNMiNl96WHyA
UCjDdHIaZk5cuGlndwPIyYXw,@11hi4ri,12,1年,Member (1 year),,不明,,,14,251,0,2026-09-14 21:45,2026-10-09 00:00,,,https://www.youtube.com/channel/UCjDdHIaZk5cuGlndwPIyYXw
UCMIuVNcVJ4X9EYAe_Mbub7A,@neve-yuuyu,12,1年,Member (1 year),,不明,,,13,547,0,2026-09-10 20:01,2026-10-09 00:00,,,https://www.youtube.com/channel/UCMIuVNcVJ4X9EYAe_Mbub7A
UCg_vlfhGkW3TCZIJEa-E2OA,@のあ-g2s,12,1年,Member (1 year),,不明,,,13,90,0,2026-09-10 20:01,2026-10-09 00:00,,,https://www.youtube.com/channel/UCg_vlfhGkW3TCZIJEa-E2OA
UCbt1bL-2t02X20smA_q7LiQ,@ranka00,12,1年,Member (1 year),,不明,,,13,153,0,2026-09-10 20:01,2026-10-09 00:00,,,https://www.youtube.com/channel/UCbt1bL-2t02X20smA_q7LiQ
UCjov3cnCjo5I6CRIsC5wtyQ,@夜桜-p5z,12,1年,Member (1 year),,不明,,,13,24,0,2026-09-10 20:01,2026-10-09 00:00,,,https://www.youtube.com/channel/UCjov3cnCjo5I6CRIsC5wtyQ
UCysSHiT0QgTelwipTjKVJPA,@o00-pi8sh,12,1年,Member (1 year),,不明,,,13,72,0,2026-09-10 20:01,2026-10-09 00:00,,,https://www.youtube.com/channel/UCysSHiT0QgTelwipTjKVJPA
UCFbrSnS4Lfbn8CocZkVo67g,@mmiya3436,12,1年,Member (1 year),,不明,,,13,320,0,2026-09-10 20:01,2026-10-09 00:00,,,https://www.youtube.com/channel/UCFbrSnS4Lfbn8CocZkVo67g
UCp7gEs65LcRXfS77YSij0Hg,@poii0618,12,1年,Member (1 year),,不明,,,13,27,0,2026-09-11 19:31,2026-10-07 17:00,,,https://www.youtube.com/channel/UCp7gEs65LcRXfS77YSij0Hg
UCp5cijoF2N9RpkbegmXL_RQ,@フウ_hk_Z,12,1年,Member (1 year),,不明,,,12,78,0,2026-09-10 20:01,2026-10-09 00:00,,,https://www.youtube.com/channel/UCp5cijoF2N9RpkbegmXL_RQ
UCumBgihyZDx8S8VO21Pn-dg,@MAKI-hm7rs,12,1年,Member (1 year),,不明,,,12,166,0,2026-09-10 20:01,2026-10-09 00:00,,,https://www.youtube.com/channel/UCumBgihyZDx8S8VO21Pn-dg
UCLDXpnlKi5d9vu7L-ZJRxDQ,@cpp_5656,12,1年,Member (1 year),,不明,,,12,37,0,2026-09-10 20:01,2026-10-09 00:00,,,https://www.youtube.com/channel/UCLDXpnlKi5d9vu7L-ZJRxDQ
UCRN96FVBVdjWpXWuP3RKPEw,@かぼちゃのマーチ,12,1年,Member (1 year),,不明,,,12,22,0,2026-09-10 20:01,2026-10-09 00:00,,,https://www.youtube.com/channel/UCRN96FVBVdjWpXWuP3RKPEw
UCVPtGmXQkB6GmxDjGsGUdTA,@melon1308,12,1年,Member (1 year),,不明,,,12,24,0,2026-09-11 19:31,2026-10-09 00:00,,,https://www.youtube.com/channel/UCVPtGmXQkB6GmxDjGsGUdTA
UCb5FzduPOuCoa8t04LHVbwQ,@momomomo0503,12,1年,Member (1 year),,不明,,,12,25,0,2026-09-14 21:45,2026-10-05 20:00,,,https://www.youtube.com/channel/UCb5FzduPOuCoa8t04LHVbwQ
UCKArfpxqREKjrD-GcCMh5gQ,@あま-n8q,12,1年,Member (1 year),,不明,,,11,339,0,2026-09-10 20:01,2026-10-05 20:00,,,https://www.youtube.com/channel/UCKArfpxqREKjrD-GcCMh5gQ
UCZ9ZEqxP2EnpIXSnbmWEfgQ,@ぼっと-f7m,12,1年,Member (1 year),,不明,,,11,114,0,2026-09-10 20:01,2026-10-09 00:00,,,https://www.youtube.com/channel/UCZ9ZEqxP2EnpIXSnbmWEfgQ
UC0LMHTiB2v2XVfJXfAJhHKg,@yawayawayoi,12,1年,Member (1 year),,不明,,,11,36,0,2026-09-10 20:01,2026-10-09 00:00,,,https://www.youtube.com/channel/UC0LMHTiB2v2XVfJXfAJhHKg
UCIyNQQ4R1grsM5k91LAnMCg,@識パンダ,12,1年,Member (1 year),,不明,,,11,464,0,2026-09-11 19:31,2026-10-09 00:00,,,https://www.youtube.com/channel/UCIyNQQ4R1grsM5k91LAnMCg
UCux3VbiBJ_RaMK_Ocn1Pe1g,@mizuyl15,12,1年,Member (1 year),,不明,,,11,22,0,2026-09-11 19:31,2026-10-09 00:00,,,https://www.youtube.com/channel/UCux3VbiBJ_RaMK_Ocn1Pe1g
UCzP7n7Y3LKYzDBbzxdAD7mg,@クラゲ-i4q,12,1年,Member (1 year),,不明,,,11,460,0,2026-09-14 21:45,2026-10-07 17:00,,,https://www.youtube.com/channel/UCzP7n7Y3LKYzDBbzxdAD7mg
UCNgIS81IkodAA1OsajCGf7Q,@__-mu5tz,12,1年,Member (1 year),,不明,,,11,53,0,2026-09-14 21:45,2026-10-09 00:00,,,https://www.youtube.com/channel/UCNgIS81IkodAA1OsajCGf7Q
UC7L706gKGZoXgZ9rYCdcsxw,@toMin-e9d,12,1年,Member (1 year),,不明,,,10,48,0,2026-09-10 20:01,2026-10-09 00:00,,,https://www.youtube.com/channel/UC7L706gKGZoXgZ9rYCdcsxw
UCVR32fS74N6pvRrtmLuUxHQ,@あむ_03,12,1年,Member (1 year),,不明,,,10,158,0,2026-09-10 20:01,2026-10-09 00:00,,,https://www.youtube.com/channel/UCVR32fS74N6pvRrtmLuUxHQ
UCfQtNQqeKA3Oe1Vn_GFIE-g,@なず.325,12,1年,Member (1 year),,不明,,,10,59,0,2026-09-11 19:31,2026-10-09 00:00,,,https://www.youtube.com/channel/UCfQtNQqeKA3Oe1Vn_GFIE-g
UCVP5Oy9kXL1_Hvq745rLXow,@surumekamu,12,1年,Member (1 year),,不明,,,10,110,0,2026-09-11 19:31,2026-10-09 00:00,,,https://www.youtube.com/channel/UCVP5Oy9kXL1_Hvq745rLXow
UCkCUUVV1OdEMgE_ARLfndUw,@achapu_o29,12,1年,Member (1 year),,不明,,,9,209,0,2026-09-10 20:01,2026-10-07 17:00,,,https://www.youtube.com/channel/UCkCUUVV1OdEMgE_ARLfndUw
UCgKNxONPhfXSqG_3__3QBSw,@shiiiratama,12,1年,Member (1 year),,不明,,,9,379,0,2026-09-10 20:01,2026-10-09 00:00,,,https://www.youtube.com/channel/UCgKNxONPhfXSqG_3__3QBSw
UChcbQ5I-vjfEqbvX92Pkfkg,@yume-w31,12,1年,Member (1 year),,不明,,,9,19,0,2026-09-10 20:01,2026-10-09 00:00,,,https://www.youtube.com/channel/UChcbQ5I-vjfEqbvX92Pkfkg
UCzGmKP1VKhBnmJWnqhOLZHQ,@KNN_03,12,1年,Member (1 year),,不明,,,9,59,0,2026-09-10 20:01,2026-10-09 00:00,,,https://www.youtube.com/channel/UCzGmKP1VKhBnmJWnqhOLZHQ
UCzzo7PTG7jtNj1giVinPSxw,@chikachan_poe,12,1年,Member (1 year),,不明,,,9,135,0,2026-09-10 20:01,2026-10-02 20:15,,,https://www.youtube.com/channel/UCzzo7PTG7jtNj1giVinPSxw
UCJ9LoZjIdluNsb2YdEOXqhA,@ksxxz-ian,12,1年,Member (1 year),,不明,,,9,706,7,2026-09-11 19:31,2026-10-09 00:00,,,https://www.youtube.com/channel/UCJ9LoZjIdluNsb2YdEOXqhA
UCIwf-Z5atQ5LFjRpjZKhCIQ,@lqvkx,12,1年,Member (1 year),,不明,,,9,15,0,2026-09-11 19:31,2026-10-09 00:00,,,https://www.youtube.com/channel/UCIwf-Z5atQ5LFjRpjZKhCIQ
UCClN5vU7UYk2Dj-4d453a3g,@みなはる-mnhr,12,1年,Member (1 year),,不明,,,9,96,0,2026-09-11 19:31,2026-10-09 00:00,,,https://www.youtube.com/channel/UCClN5vU7UYk2Dj-4d453a3g
UC-Ir6rUajfHJLjSint8xy8Q,@flower_1206,12,1年,Member (1 year),,不明,,,9,13,0,2026-09-18 20:00,2026-10-05 20:00,,,https://www.youtube.com/channel/UC-Ir6rUajfHJLjSint8xy8Q
UCLixv2_1TVFKOqvhnzhe3Sg,@tmcru6,12,1年,Member (1 year),,不明,,,9,34,0,2026-09-18 20:00,2026-10-09 00:00,,,https://www.youtube.com/channel/UCLixv2_1TVFKOqvhnzhe3Sg
UCndpQziNlNcVamvpJMH4lWw,@841-やよい,12,1年,Member (1 year),,不明,,,8,185,0,2026-09-10 20:01,2026-10-09 00:00,,,https://www.youtube.com/channel/UCndpQziNlNcVamvpJMH4lWw
UCiNkEpaVVrX3kGHahX2ZqZA,@yu-wf3se6tk8c,12,1年,Member (1 year),,不明,,,8,10,0,2026-09-10 20:01,2026-10-07 17:00,,,https://www.youtube.com/channel/UCiNkEpaVVrX3kGHahX2ZqZA
UCm7E_f5iJ5-TS9-4Lct_5sA,@ちゃんちゃか-s1e,12,1年,Member (1 year),,不明,,,8,274,0,2026-09-10 20:01,2026-10-05 20:00,,,https://www.youtube.com/channel/UCm7E_f5iJ5-TS9-4Lct_5sA
UCD1SJJogP1exhUJV9NHCcdQ,@湯之宮,12,1年,Member (1 year),,不明,,,8,11,0,2026-09-10 20:01,2026-10-09 00:00,,,https://www.youtube.com/channel/UCD1SJJogP1exhUJV9NHCcdQ
UCiTFUA84amVxCPsV21k66Sg,@あかねqp1000,12,1年,Member (1 year),,不明,,,8,15,0,2026-09-10 20:01,2026-10-05 20:00,,,https://www.youtube.com/channel/UCiTFUA84amVxCPsV21k66Sg
UCW2meP0LzHZGQu11n5bf0zg,@hinamo_3,12,1年,Member (1 year),21,Diner,マイルストーン,,8,18,0,2026-09-16 20:30,2026-10-05 20:00,,,https://www.youtube.com/channel/UCW2meP0LzHZGQu11n5bf0zg
UCeRHP9ltjiuJZ8i5yE31G9w,@yuuura_fkMK,12,1年,Member (1 year),,不明,,,7,21,0,2026-09-10 20:01,2026-09-29 17:30,,,https://www.youtube.com/channel/UCeRHP9ltjiuJZ8i5yE31G9w
UCqyDJLu4mzglEUjGdg81pTA,@amaou44,12,1年,Member (1 year),,不明,,,7,10,0,2026-09-10 20:01,2026-10-09 00:00,,,https://www.youtube.com/channel/UCqyDJLu4mzglEUjGdg81pTA
UCMvgcLcm_GNLcULkXaMb5eg,@sxabia,12,1年,Member (1 year),,不明,,,7,356,0,2026-09-10 20:01,2026-10-07 17:00,,,https://www.youtube.com/channel/UCMvgcLcm_GNLcULkXaMb5eg
UCkrT1U2ncb_CLlUf5RUU0OQ,@ぺろ_ちゃん,12,1年,Member (1 year),,不明,,,7,59,0,2026-09-10 20:01,2026-10-09 00:00,,,https://www.youtube.com/channel/UCkrT1U2ncb_CLlUf5RUU0OQ
UCMrnP83s2u7SbiJCl3LIz7Q,@ぴよーよ,12,1年,Member (1 year),,不明,,,7,10,0,2026-09-11 19:31,2026-10-09 00:00,,,https://www.youtube.com/channel/UCMrnP83s2u7SbiJCl3LIz7Q
UCVXFfdVGCoPP02sHiM-ShEw,@okomebaby,12,1年,Member (1 year),,不明,,,7,21,0,2026-09-11 19:31,2026-10-05 20:00,,,https://www.youtube.com/channel/UCVXFfdVGCoPP02sHiM-ShEw
UCbACBfoRXdK6QHzK0uKY5gQ,@fukumist0125,12,1年,Member (1 year),,不明,,,7,17,0,2026-09-11 19:31,2026-10-09 00:00,,,https://www.youtube.com/channel/UCbACBfoRXdK6QHzK0uKY5gQ
UCwiY9JtYg2-PuKlDuPqctFA,@meme37879,12,1年,Member (1 year),,不明,,,7,10,0,2026-09-11 19:31,2026-10-05 20:00,,,https://www.youtube.com/channel/UCwiY9JtYg2-PuKlDuPqctFA
UCHL7fdfiVEcNvnGIb4HZ-Dw,@ちゃこい,12,1年,Member (1 year),,不明,,,7,14,0,2026-09-14 21:45,2026-10-05 20:00,,,https://www.youtube.com/channel/UCHL7fdfiVEcNvnGIb4HZ-Dw
UCKuQW96pZjk5pVFA9RkFfVA,@さくまるり,12,1年,Member (1 year),,不明,,,7,14,0,2026-09-14 21:45,2026-10-09 00:00,,,https://www.youtube.com/channel/UCKuQW96pZjk5pVFA9RkFfVA
UCJ5w97m6_VdRV_PwupnWAyQ,@13homare,12,1年,Member (1 year),,不明,,,7,10,0,2026-09-14 21:45,2026-10-05 20:00,,,https://www.youtube.com/channel/UCJ5w97m6_VdRV_PwupnWAyQ
UCDAvpCQcCuDFmwQnKrk6b-w,@ピエロ-Pierr0t,12,1年,Member (1 year),,不明,,,7,42,0,2026-09-16 20:30,2026-10-07 17:00,,,https://www.youtube.com/channel/UCDAvpCQcCuDFmwQnKrk6b-w
UCNou-JqrKq0XtC5W-_0DZYg,@saidaa_dadada,12,1年,Member (1 year),,不明,,,7,23,0,2026-09-16 20:30,2026-10-09 00:00,,,https://www.youtube.com/channel/UCNou-JqrKq0XtC5W-_0DZYg
UCSox9Iv7PruFzkFFDsYRTdw,@にょにょみら,12,1年,Member (1 year),,不明,,,6,114,0,2026-09-10 20:01,2026-10-02 20:15,,,https://www.youtube.com/channel/UCSox9Iv7PruFzkFFDsYRTdw
UCC65OFH0J88ktA1aajyRitg,@shieron-c5v,12,1年,Member (1 year),14,Diner,マイルストーン,,6,24,0,2026-09-10 20:01,2026-10-05 20:00,,,https://www.youtube.com/channel/UCC65OFH0J88ktA1aajyRitg
UCuQPuUm-JxWNJ4cPsL2NxJg,@りんご-39,12,1年,Member (1 year),,不明,,,6,31,0,2026-09-10 20:01,2026-10-09 00:00,,,https://www.youtube.com/channel/UCuQPuUm-JxWNJ4cPsL2NxJg
UCUH6vtKDOrAZpvDgPMMBAvA,@つぶ子owl,12,1年,Member (1 year),,不明,,,6,16,0,2026-09-10 20:01,2026-10-09 00:00,,,https://www.youtube.com/channel/UCUH6vtKDOrAZpvDgPMMBAvA
UCxzmyz5alvZTH4N_R_XO1ww,@marble-u5x,12,1年,Member (1 year),,不明,,,6,17,0,2026-09-10 20:01,2026-10-02 20:15,,,https://www.youtube.com/channel/UCxzmyz5alvZTH4N_R_XO1ww
UCePA5dK3MQd-5UfDvevqxcg,@みずほ___hbrist,12,1年,Member (1 year),,不明,,,6,19,0,2026-09-11 19:31,2026-10-09 00:00,,,https://www.youtube.com/channel/UCePA5dK3MQd-5UfDvevqxcg
UC2__FBlA00zOUa-0jP4YQ0A,@碧-f2d,12,1年,Member (1 year),,不明,,,6,13,0,2026-09-14 21:45,2026-10-07 17:00,,,https://www.youtube.com/channel/UC2__FBlA00zOUa-0jP4YQ0A
UCseBKQs5W_zFSzeaWObPkMw,@さしみ16,12,1年,Member (1 year),,不明,,,6,74,0,2026-09-14 21:45,2026-10-09 00:00,,,https://www.youtube.com/channel/UCseBKQs5W_zFSzeaWObPkMw
UCu6mob6kzn_53vWdOSBYXOQ,@fjlqu,12,1年,Member (1 year),,不明,,,6,11,0,2026-09-14 21:45,2026-09-29 17:30,,,https://www.youtube.com/channel/UCu6mob6kzn_53vWdOSBYXOQ
UCoZ9y-Bp_9k55Qie7MQTmGQ,@vousbonbon,12,1年,Member (1 year),,不明,,,6,8,0,2026-09-16 20:30,2026-10-09 00:00,,,https://www.youtube.com/channel/UCoZ9y-Bp_9k55Qie7MQTmGQ
UCtKF5IA4vBIcD6X7JU86WjA,@hiyonkou0516,12,1年,Member (1 year),,不明,,,6,38,0,2026-09-19 20:00,2026-10-09 00:00,,,https://www.youtube.com/channel/UCtKF5IA4vBIcD6X7JU86WjA
UCViekOxowjCCGkVfB8CZ-iA,@三井-mitsui,12,1年,Member (1 year),,不明,,,6,43,0,2026-09-20 19:02,2026-10-09 00:00,,,https://www.youtube.com/channel/UCViekOxowjCCGkVfB8CZ-iA
UCkYRCBqGIvoeMEKid9E5urQ,@のんたん-f3d,12,1年,Member (1 year),,不明,,,6,20,0,2026-09-22 20:01,2026-10-09 00:00,,,https://www.youtube.com/channel/UCkYRCBqGIvoeMEKid9E5urQ
UCEfxXg5wuvpLvQRsmaxRNfA,@あたらよ0106,12,1年,Member (1 year),,不明,,,5,7,0,2026-09-10 20:01,2026-10-05 20:00,,,https://www.youtube.com/channel/UCEfxXg5wuvpLvQRsmaxRNfA
UC124j99tfWWrV8bY5O-Vzkw,@八束-b7h,12,1年,Member (1 year),,不明,,,5,7,0,2026-09-10 20:01,2026-10-09 00:00,,,https://www.youtube.com/channel/UC124j99tfWWrV8bY5O-Vzkw
UCpMhAr9-j2ZD_cdXQrO8Y4g,@urakusa-0910,12,1年,Member (1 year),,不明,,,5,8,0,2026-09-10 20:01,2026-10-05 20:00,,,https://www.youtube.com/channel/UCpMhAr9-j2ZD_cdXQrO8Y4g
UCIT9Lelx4vz-t0fvvN1eQug,@ももももも_628,12,1年,Member (1 year),,不明,,,5,23,0,2026-09-10 20:01,2026-10-09 00:00,,,https://www.youtube.com/channel/UCIT9Lelx4vz-t0fvvN1eQug
UCNgun_z76befNBYoJB2BHCA,@zoob__osls,12,1年,Member (1 year),,不明,,,5,34,0,2026-09-10 20:01,2026-10-05 20:00,,,https://www.youtube.com/channel/UCNgun_z76befNBYoJB2BHCA
UCAeeGP5viFVnwouzVDGMILg,@沖間真琴,12,1年,Member (1 year),,不明,,,5,14,0,2026-09-11 19:31,2026-10-09 00:00,,,https://www.youtube.com/channel/UCAeeGP5viFVnwouzVDGMILg
UC3BdbjO9ZNm75a8UbhQ-O6g,@i_nioimo,12,1年,Member (1 year),,不明,,,5,14,0,2026-09-11 19:31,2026-10-09 00:00,,,https://www.youtube.com/channel/UC3BdbjO9ZNm75a8UbhQ-O6g
UC7-2buJisOca5AxSXQ6HJ_A,@ike-290,12,1年,Member (1 year),,不明,,,5,7,0,2026-09-11 19:31,2026-10-07 17:00,,,https://www.youtube.com/channel/UC7-2buJisOca5AxSXQ6HJ_A
UCbcOpz3v_RRogXfzv0dOONw,@まや-ak93,12,1年,Member (1 year),,不明,,,5,17,0,2026-09-11 19:31,2026-10-09 00:00,,,https://www.youtube.com/channel/UCbcOpz3v_RRogXfzv0dOONw
UCRMzs6KaXgs24I8gUJAYupQ,@まあちゃん-g8j,12,1年,Member (1 year),,不明,,,5,5,0,2026-09-11 19:31,2026-10-09 00:00,,,https://www.youtube.com/channel/UCRMzs6KaXgs24I8gUJAYupQ
UClxK5sYS8IyMBT3PYcRPTtQ,@こあみだよ,12,1年,Member (1 year),,不明,,,5,10,0,2026-09-11 19:31,2026-10-09 00:00,,,https://www.youtube.com/channel/UClxK5sYS8IyMBT3PYcRPTtQ
UCyam9O5EE_QOkjDIi5RnRBg,@Wtpmjgda0852,12,1年,Member (1 year),,不明,,,5,37,0,2026-09-14 21:45,2026-10-05 20:00,,,https://www.youtube.com/channel/UCyam9O5EE_QOkjDIi5RnRBg
UCm2bbLyNjnFvFboYh9EBfEw,@なかのく.rea6,12,1年,Member (1 year),,不明,,,5,27,0,2026-09-14 21:45,2026-10-09 00:00,,,https://www.youtube.com/channel/UCm2bbLyNjnFvFboYh9EBfEw
UC_HZNU8LabAYJCNWf2QR4sg,@mjb_bw10,12,1年,Member (1 year),,不明,,,5,8,0,2026-09-16 20:30,2026-10-09 00:00,,,https://www.youtube.com/channel/UC_HZNU8LabAYJCNWf2QR4sg
UCHkH8FIGg5IfJ6ILWlhB9qQ,@皐月東-d2q,12,1年,Member (1 year),,Diner,マイルストーン（2026-09-09）,,5,22,1,2026-09-17 18:01,2026-10-07 17:00,,,https://www.youtube.com/channel/UCHkH8FIGg5IfJ6ILWlhB9qQ
UCglyngpPrpjoSzK3WQdIAJQ,@しーさん-t2s,12,1年,Member (1 year),,不明,,,5,10,0,2026-09-17 18:01,2026-10-05 20:00,,,https://www.youtube.com/channel/UCglyngpPrpjoSzK3WQdIAJQ
UCSoO8TlW67gt5YLXHM_H_Wg,@ダちゃん-p6k,12,1年,Member (1 year),,不明,,,5,6,0,2026-09-18 20:00,2026-09-27 18:02,,,https://www.youtube.com/channel/UCSoO8TlW67gt5YLXHM_H_Wg
UCW6ey3I8XYLWKJVgQHxuVJg,@サバりた,12,1年,Member (1 year),,不明,,,5,8,0,2026-09-18 20:00,2026-09-27 18:02,,,https://www.youtube.com/channel/UCW6ey3I8XYLWKJVgQHxuVJg
UCaC78irr3IaA8dV_kqVHqSg,@檸檬-れもん-4n,12,1年,Member (1 year),,不明,,,5,32,0,2026-09-19 20:00,2026-10-09 00:00,,,https://www.youtube.com/channel/UCaC78irr3IaA8dV_kqVHqSg
UCnhU_npC7ER4tbSv3ws86fQ,@ふぁのふぁの,12,1年,Member (1 year),,不明,,,5,14,0,2026-09-19 20:00,2026-10-09 00:00,,,https://www.youtube.com/channel/UCnhU_npC7ER4tbSv3ws86fQ
UCN_P1ObqUFvvZbl6011bSVw,@かほ-y6r,12,1年,Member (1 year),,不明,,,5,8,0,2026-09-20 19:02,2026-10-05 20:00,,,https://www.youtube.com/channel/UCN_P1ObqUFvvZbl6011bSVw
UCYvj2d1Y-ELAF_IE-PQoMhg,@おさむ-g3o,12,1年,Member (1 year),,不明,,,5,5,0,2026-09-21 21:02,2026-10-05 20:00,,,https://www.youtube.com/channel/UCYvj2d1Y-ELAF_IE-PQoMhg
UCAJs5C1G74per3pCMP1-5sQ,@美瀬,12,1年,Member (1 year),,Diner,再加入/レベル変更,,5,20,0,2026-10-02 20:15,2026-10-09 00:00,,,https://www.youtube.com/channel/UCAJs5C1G74per3pCMP1-5sQ
UCl1-cPn8R7aOCc4J5PgvrWA,@yoi_yoina,12,1年,Member (1 year),,不明,,,4,24,0,2026-09-10 20:01,2026-09-21 21:02,,,https://www.youtube.com/channel/UCl1-cPn8R7aOCc4J5PgvrWA
UCsukjwsCqN-r05JEHRWgbNw,@Na_7723,12,1年,Member (1 year),,不明,,,4,14,0,2026-09-10 20:01,2026-09-17 18:01,,,https://www.youtube.com/channel/UCsukjwsCqN-r05JEHRWgbNw
UCF5XP3j3_bPwTlLrxX781kg,@せたゆーき,12,1年,Member (1 year),,不明,,,4,373,0,2026-09-10 20:01,2026-09-27 18:02,,,https://www.youtube.com/channel/UCF5XP3j3_bPwTlLrxX781kg
UCJtACZ81t4hsCLx_wkrgyxg,@マヒャド-v3v,12,1年,Member (1 year),,不明,,,4,25,0,2026-09-10 20:01,2026-10-09 00:00,,,https://www.youtube.com/channel/UCJtACZ81t4hsCLx_wkrgyxg
UCOBB7VIBP6wepwD20I76o3g,@フタミ23,12,1年,Member (1 year),,不明,,,4,4,0,2026-09-10 20:01,2026-10-09 00:00,,,https://www.youtube.com/channel/UCOBB7VIBP6wepwD20I76o3g
UCpLL_Ivke6vYzOeINb5yEpg,@みき-f7j,12,1年,Member (1 year),,不明,,,4,12,0,2026-09-11 19:31,2026-10-09 00:00,,,https://www.youtube.com/channel/UCpLL_Ivke6vYzOeINb5yEpg
UCh5xkELh3s4EkKJN-3VzOwQ,@紗々-さーちゃん,12,1年,Member (1 year),,不明,,,4,4,0,2026-09-11 19:31,2026-09-27 18:02,,,https://www.youtube.com/channel/UCh5xkELh3s4EkKJN-3VzOwQ
UC-kvaRewmzmW-BOaoGBUkfw,@raro_o1031,12,1年,Member (1 year),,不明,,,4,23,0,2026-09-14 21:45,2026-10-07 17:00,,,https://www.youtube.com/channel/UC-kvaRewmzmW-BOaoGBUkfw
UCQB5yss6sFwC_3Z8_Ytx8Og,@ハナ-棠棠,12,1年,Member (1 year),,不明,,,4,5,2,2026-09-14 21:45,2026-09-29 17:30,,,https://www.youtube.com/channel/UCQB5yss6sFwC_3Z8_Ytx8Og
UCymTTRCWLK3Kq5SIHIYhQzQ,@あすは_1107,12,1年,Member (1 year),,不明,,,4,11,0,2026-09-16 20:30,2026-10-09 00:00,,,https://www.youtube.com/channel/UCymTTRCWLK3Kq5SIHIYhQzQ
UCBIyBGjVdzp52-Bft3LKn8Q,@綾-f8w,12,1年,Member (1 year),,不明,,,4,5,0,2026-09-16 20:30,2026-09-29 17:30,,,https://www.youtube.com/channel/UCBIyBGjVdzp52-Bft3LKn8Q
UCfQo9Ftdqo_669o1xZPwrsA,@rhi_27,12,1年,Member (1 year),,不明,,,4,8,0,2026-09-16 20:30,2026-10-05 20:00,,,https://www.youtube.com/channel/UCfQo9Ftdqo_669o1xZPwrsA
UC5ryEX6bbT0mV_I02iM8yDQ,@konn-z8p,12,1年,Member (1 year),,不明,,,4,7,0,2026-09-19 20:00,2026-09-27 18:02,,,https://www.youtube.com/channel/UC5ryEX6bbT0mV_I02iM8yDQ
UCFI6rMRqVDgFn0ADi9abuOQ,@om-p6r,12,1年,Member (1 year),,不明,,,4,7,0,2026-09-19 20:00,2026-10-09 00:00,,,https://www.youtube.com/channel/UCFI6rMRqVDgFn0ADi9abuOQ
UCZPqBWpGtErZ1EAYrOsoMvQ,@ぷにぷにありー,12,1年,Member (1 year),,不明,,,4,15,0,2026-09-19 20:00,2026-10-07 17:00,,,https://www.youtube.com/channel/UCZPqBWpGtErZ1EAYrOsoMvQ
UCvQ1VmQAIcYxtXOAZGzC48w,@実-m6g,12,1年,Member (1 year),,不明,,,4,178,0,2026-09-20 19:02,2026-10-05 20:00,,,https://www.youtube.com/channel/UCvQ1VmQAIcYxtXOAZGzC48w
UCLYGDk9_J3AFtm7-wiNi8Ng,@なつk1,12,1年,Member (1 year),,不明,,,4,6,2,2026-09-20 19:02,2026-10-09 00:00,,,https://www.youtube.com/channel/UCLYGDk9_J3AFtm7-wiNi8Ng
UCETyk_R0ZYYuXErYdIN31Yw,@naru-oh7fs,12,1年,Member (1 year),,不明,,,4,5,0,2026-09-20 19:02,2026-10-05 20:00,,,https://www.youtube.com/channel/UCETyk_R0ZYYuXErYdIN31Yw
UCgfUYl9yLYBcPu8OKapCTCQ,@もち-minyan_1103,12,1年,Member (1 year),,不明,,,4,96,0,2026-09-22 20:01,2026-10-05 20:00,,,https://www.youtube.com/channel/UCgfUYl9yLYBcPu8OKapCTCQ
UC3kvVmSQWBHWBhbgMzdXWjQ,@たぬたぬき-tanu2ki,12,1年,Member (1 year),,不明,,,4,11,0,2026-09-27 18:02,2026-10-09 00:00,,,https://www.youtube.com/channel/UC3kvVmSQWBHWBhbgMzdXWjQ
UC8nQedaHfMgRLM55bcsAE_A,@しまこっこさん,12,1年,Member (1 year),,不明,,,3,216,0,2026-09-10 20:01,2026-10-09 00:00,,,https://www.youtube.com/channel/UC8nQedaHfMgRLM55bcsAE_A
UC11YhfLtl0ArJvsOY4NdNUw,@ねぎ-c,12,1年,Member (1 year),,不明,,,3,5,0,2026-09-10 20:01,2026-09-22 20:01,,,https://www.youtube.com/channel/UC11YhfLtl0ArJvsOY4NdNUw
UCUM1WWC8VNOK8KcUhhxD2QA,@なつよ_natsuyo,12,1年,Member (1 year),,不明,,,3,11,0,2026-09-10 20:01,2026-10-09 00:00,,,https://www.youtube.com/channel/UCUM1WWC8VNOK8KcUhhxD2QA
UCNnqRWgX6pGl7wF2t-tRBhw,@O50oisi,12,1年,Member (1 year),,不明,,,3,12,0,2026-09-10 20:01,2026-09-20 19:02,,,https://www.youtube.com/channel/UCNnqRWgX6pGl7wF2t-tRBhw
UCZsB4rCsmXfCrAjrepOen7w,@阿修羅の神童,12,1年,Member (1 year),,不明,,,3,4,0,2026-09-10 20:01,2026-10-09 00:00,,,https://www.youtube.com/channel/UCZsB4rCsmXfCrAjrepOen7w
UC7QQzC0ECD6qZUGlxctT7Pg,@pyo_nx2,12,1年,Member (1 year),,不明,,,3,4,0,2026-09-10 20:01,2026-10-09 00:00,,,https://www.youtube.com/channel/UC7QQzC0ECD6qZUGlxctT7Pg
UCOH08REtfF7OtnJgEKbP42w,@cheebupple,12,1年,Member (1 year),,不明,,,3,3,0,2026-09-11 19:31,2026-09-17 18:01,,,https://www.youtube.com/channel/UCOH08REtfF7OtnJgEKbP42w
UCGKjoylXeU6vJjnclMnxTuA,@lottieleeq,12,1年,Member (1 year),,不明,,,3,5,0,2026-09-11 19:31,2026-10-03 12:45,,,https://www.youtube.com/channel/UCGKjoylXeU6vJjnclMnxTuA
UCdEjOs4TJDgdMkE1X-B4fvg,@おにぎり-o15hi,12,1年,Member (1 year),,不明,,,3,4,0,2026-09-14 21:45,2026-10-03 12:45,,,https://www.youtube.com/channel/UCdEjOs4TJDgdMkE1X-B4fvg
UCTwIzGMU1D5yHUT08CCX2Fw,@mrt0923,12,1年,Member (1 year),,不明,,,3,4,0,2026-09-18 20:00,2026-09-27 18:02,,,https://www.youtube.com/channel/UCTwIzGMU1D5yHUT08CCX2Fw
UCIT0aoF1Gyii8VxLoAnelvg,@花菜子-g8m,12,1年,Member (1 year),,不明,,,3,6,0,2026-09-22 20:01,2026-10-09 00:00,,,https://www.youtube.com/channel/UCIT0aoF1Gyii8VxLoAnelvg
UCy5pMJbtCVUwr_WPq_YGA_A,@ちろる_u__u,12,1年,Member (1 year),,不明,,,3,6,0,2026-09-23 13:01,2026-10-09 00:00,,,https://www.youtube.com/channel/UCy5pMJbtCVUwr_WPq_YGA_A
UCITpcLpdBzh7bx6net0VsyA,@q8h6j,12,1年,Member (1 year),,不明,,,3,4,0,2026-09-26 20:00,2026-10-02 20:15,,,https://www.youtube.com/channel/UCITpcLpdBzh7bx6net0VsyA
UC7MLDua5riAIWjR2zzFEk2A,@はまち-t2w,12,1年,Member (1 year),,不明,,,3,3,0,2026-09-26 20:00,2026-10-09 00:00,,,https://www.youtube.com/channel/UC7MLDua5riAIWjR2zzFEk2A
UCiK586LsRBPkUSXKVWfZAWQ,@らむ-aao,12,1年,Member (1 year),,不明,,,3,8,1,2026-10-03 12:45,2026-10-09 00:00,,,https://www.youtube.com/channel/UCiK586LsRBPkUSXKVWfZAWQ
UCeEQNfMqprx8K2YrcTOrqhw,@やの-8aa,12,1年,Member (1 year),,不明,,,2,71,0,2026-09-10 20:01,2026-10-09 00:00,,,https://www.youtube.com/channel/UCeEQNfMqprx8K2YrcTOrqhw
UCZUowvZ7P6SX--4FfOOrl5A,@なーち123,12,1年,Member (1 year),,不明,,,2,7,0,2026-09-10 20:01,2026-10-09 00:00,,,https://www.youtube.com/channel/UCZUowvZ7P6SX--4FfOOrl5A
UCuna1PXMIrI2INosEhG-TnQ,@ぽぽぽん-j2l,12,1年,Member (1 year),,不明,,,2,3,0,2026-09-10 20:01,2026-10-09 00:00,,,https://www.youtube.com/channel/UCuna1PXMIrI2INosEhG-TnQ
UC5kKbCW7nyPbAuOpE9Ycs7g,@ぼに-j3e,12,1年,Member (1 year),,不明,,,2,2,0,2026-09-10 20:01,2026-09-19 20:00,,,https://www.youtube.com/channel/UC5kKbCW7nyPbAuOpE9Ycs7g
UCIxa9PWS3zPHO_THFuufHjw,@テキアナ,12,1年,Member (1 year),,不明,,,2,3,0,2026-09-10 20:01,2026-10-09 00:00,,,https://www.youtube.com/channel/UCIxa9PWS3zPHO_THFuufHjw
UCnl6M35mbVh0I0iNiDjDmKw,@氷雨の夜,12,1年,Member (1 year),,不明,,,2,6,0,2026-09-10 20:01,2026-09-18 20:00,,,https://www.youtube.com/channel/UCnl6M35mbVh0I0iNiDjDmKw
UCizyEzSMUZf5Gbsl9-_lP-g,@びつくり,12,1年,Member (1 year),,不明,,,2,3,0,2026-09-10 20:01,2026-09-27 18:02,,,https://www.youtube.com/channel/UCizyEzSMUZf5Gbsl9-_lP-g
UCvXzGnxjLGEyL_gAqrknnOw,@ぱら-e4q,12,1年,Member (1 year),,不明,,,2,14,0,2026-09-10 20:01,2026-09-20 19:02,,,https://www.youtube.com/channel/UCvXzGnxjLGEyL_gAqrknnOw
UCvbc-TS5yCcYODEpyu6aweQ,@うに-r5o,12,1年,Member (1 year),,不明,,,2,4,0,2026-09-10 20:01,2026-09-22 20:01,,,https://www.youtube.com/channel/UCvbc-TS5yCcYODEpyu6aweQ
UCncCqe7-2NBsGkKBGu6Zk8w,@aina_na_n,12,1年,Member (1 year),,不明,,,2,2,0,2026-09-10 20:01,2026-10-05 20:00,,,https://www.youtube.com/channel/UCncCqe7-2NBsGkKBGu6Zk8w
UCMBrRIn3zr4KQbdhnpwgHuQ,@季_kiki,12,1年,Member (1 year),,不明,,,2,3,0,2026-09-11 19:31,2026-10-05 20:00,,,https://www.youtube.com/channel/UCMBrRIn3zr4KQbdhnpwgHuQ
UCRG4jxt2Khu120fiFMOPvdA,@つつじくみ,12,1年,Member (1 year),,不明,,,2,3,0,2026-09-11 19:31,2026-09-21 21:02,,,https://www.youtube.com/channel/UCRG4jxt2Khu120fiFMOPvdA
UCZVPno94OhYDuzl5kBWPg2Q,@とも-Vwhss,12,1年,Member (1 year),,不明,,,2,4,0,2026-09-11 19:31,2026-09-16 20:30,,,https://www.youtube.com/channel/UCZVPno94OhYDuzl5kBWPg2Q
UCEAHhBayCuuZowz2qaT9uXg,@中トロ-c10r,12,1年,Member (1 year),,不明,,,2,12,0,2026-09-11 19:31,2026-09-19 20:00,,,https://www.youtube.com/channel/UCEAHhBayCuuZowz2qaT9uXg
UCufoFxVtrAM36ZGWbr8H6Nw,@4ko_1017,12,1年,Member (1 year),,不明,,,2,201,0,2026-09-11 19:31,2026-10-09 00:00,,,https://www.youtube.com/channel/UCufoFxVtrAM36ZGWbr8H6Nw
UC3sUpJOGQ9hF-jfTbnIf1Hg,@ぴすこ-q9q,12,1年,Member (1 year),,不明,,,2,5,0,2026-09-14 21:45,2026-09-30 18:00,,,https://www.youtube.com/channel/UC3sUpJOGQ9hF-jfTbnIf1Hg
UC-S6BGtA2CLjPv6gdwLJQWA,@ナxt3no2lv9t,12,1年,Member (1 year),,不明,,,2,19,0,2026-09-14 21:45,2026-10-09 00:00,,,https://www.youtube.com/channel/UC-S6BGtA2CLjPv6gdwLJQWA
UCTp2TZ-q3v6yq9fHtfK8Msg,@かのへめ,12,1年,Member (1 year),,不明,,,2,2,0,2026-09-14 21:45,2026-10-09 00:00,,,https://www.youtube.com/channel/UCTp2TZ-q3v6yq9fHtfK8Msg
UCACYnM8U-t0INBt490h4lEg,@ncnc_tttt,12,1年,Member (1 year),,不明,,,2,5,0,2026-09-14 21:45,2026-10-09 00:00,,,https://www.youtube.com/channel/UCACYnM8U-t0INBt490h4lEg
UCPV-0NT3DyrBV1mbzviK1Hw,@dashi99215,12,1年,Member (1 year),,不明,,,2,3,0,2026-09-14 21:45,2026-10-09 00:00,,,https://www.youtube.com/channel/UCPV-0NT3DyrBV1mbzviK1Hw
UCUqwZkMvUy1JJYnVh0qIkCA,@ななつぼし-f6r,12,1年,Member (1 year),,不明,,,2,2,0,2026-09-14 21:45,2026-09-21 21:02,,,https://www.youtube.com/channel/UCUqwZkMvUy1JJYnVh0qIkCA
UCwuKl-_rx6AJe03idW_sm3g,@f_依澄_m,12,1年,Member (1 year),,不明,,,2,4,0,2026-09-14 21:45,2026-09-16 20:30,,,https://www.youtube.com/channel/UCwuKl-_rx6AJe03idW_sm3g
UCTJvErn4FHCSg_B10nH4L7w,@おみかん-u7o,12,1年,Member (1 year),,不明,,,2,8,0,2026-09-16 20:30,2026-09-18 20:00,,,https://www.youtube.com/channel/UCTJvErn4FHCSg_B10nH4L7w
UCMECJAwAdxmrAr6Ye5dQf5w,@tkc_330,12,1年,Member (1 year),,不明,,,2,2,0,2026-09-16 20:30,2026-09-23 13:01,,,https://www.youtube.com/channel/UCMECJAwAdxmrAr6Ye5dQf5w
UCfRU_bYV3Baq1BXbWxORxYQ,@壱子-s1j,12,1年,Member (1 year),,不明,,,2,9,0,2026-09-19 20:00,2026-10-05 20:00,,,https://www.youtube.com/channel/UCfRU_bYV3Baq1BXbWxORxYQ
UCL4Ily_ArbPH4p7_1Efvmrw,@いち菜,12,1年,Member (1 year),,不明,,,2,3,0,2026-09-19 20:00,2026-09-27 18:02,,,https://www.youtube.com/channel/UCL4Ily_ArbPH4p7_1Efvmrw
UCvtAKHbVl50IuTxLioCn47g,@akatuki841,12,1年,Member (1 year),,不明,,,2,6,0,2026-09-19 20:00,2026-09-20 19:02,,,https://www.youtube.com/channel/UCvtAKHbVl50IuTxLioCn47g
UCJtEO1F_Swo0qAyWsqDthkw,@えど-c8zjaga45D,12,1年,Member (1 year),,不明,,,2,4,0,2026-09-19 20:00,2026-09-22 20:01,,,https://www.youtube.com/channel/UCJtEO1F_Swo0qAyWsqDthkw
UC3ik2o8UvO425hh_zKQvR6w,@chiya_0330,12,1年,Member (1 year),,不明,,,2,4,0,2026-09-19 20:00,2026-10-03 12:45,,,https://www.youtube.com/channel/UC3ik2o8UvO425hh_zKQvR6w
UCIJ9HvthPQtmpOcffhCQOIQ,@シス-m7g,12,1年,Member (1 year),,不明,,,2,4,0,2026-09-20 19:02,2026-09-27 18:02,,,https://www.youtube.com/channel/UCIJ9HvthPQtmpOcffhCQOIQ
UCO5gM99nA3TDYEHTiVVhU2g,@まのり-q8k,12,1年,Member (1 year),,不明,,,2,6,0,2026-09-20 19:02,2026-10-03 12:45,,,https://www.youtube.com/channel/UCO5gM99nA3TDYEHTiVVhU2g
UCjti0JkzD4Su57IYzMvqLrQ,@mn_k3,12,1年,Member (1 year),,不明,,,2,4,0,2026-09-21 21:02,2026-09-22 20:01,,,https://www.youtube.com/channel/UCjti0JkzD4Su57IYzMvqLrQ
UC8fqeelWa5WBr4BmBFC6X4A,@amla1504,12,1年,Member (1 year),,不明,,,2,5,0,2026-09-21 21:02,2026-10-05 20:00,,,https://www.youtube.com/channel/UC8fqeelWa5WBr4BmBFC6X4A
UCBEDhoueguN4sRtX5T6jkAw,@白うさうさ,12,1年,Member (1 year),,不明,,,2,12,0,2026-09-21 21:02,2026-09-27 18:02,,,https://www.youtube.com/channel/UCBEDhoueguN4sRtX5T6jkAw
UCshjY3J91Jz9Ta1-5mh_CXA,@詩音-Shion12,12,1年,Member (1 year),,不明,,,2,34,0,2026-09-21 21:02,2026-10-09 00:00,,,https://www.youtube.com/channel/UCshjY3J91Jz9Ta1-5mh_CXA
UCH5d0ZNeij_A2BpLQlPDx_w,@LKdmw0527MaoOsen,12,1年,Member (1 year),,不明,,,2,3,0,2026-09-22 20:01,2026-10-05 20:00,,,https://www.youtube.com/channel/UCH5d0ZNeij_A2BpLQlPDx_w
UCh9R78LP0vvG0zpARk3V75Q,@もなりうす,12,1年,Member (1 year),,不明,,,2,2,0,2026-09-22 20:01,2026-10-09 00:00,,,https://www.youtube.com/channel/UCh9R78LP0vvG0zpARk3V75Q
UCn9ysbYyWxwxNvquXwB9gUA,@ayumi1662,12,1年,Member (1 year),,不明,,,2,2,0,2026-09-23 13:01,2026-10-09 00:00,,,https://www.youtube.com/channel/UCn9ysbYyWxwxNvquXwB9gUA
UCpNZfpvLLnQu1YHI5oZJnIg,@トットこ,12,1年,Member (1 year),,不明,,,2,16,0,2026-09-26 20:00,2026-09-27 18:02,,,https://www.youtube.com/channel/UCpNZfpvLLnQu1YHI5oZJnIg
UCcnMdoRRn6hbNETKgcNsLow,@omoti.0_0.r,12,1年,Member (1 year),,不明,,,2,2,0,2026-09-27 18:02,2026-09-29 17:30,,,https://www.youtube.com/channel/UCcnMdoRRn6hbNETKgcNsLow
UCzYBNfn4w7t8Bun1PrdxkRQ,@すい-i1o,12,1年,Member (1 year),,不明,,,2,4,0,2026-09-27 18:02,2026-10-05 20:00,,,https://www.youtube.com/channel/UCzYBNfn4w7t8Bun1PrdxkRQ
UC0tlHXmr5SCIaZCtrswdHEA,@gu-n3u,12,1年,Member (1 year),,不明,,,2,3,0,2026-09-29 17:30,2026-10-03 12:45,,,https://www.youtube.com/channel/UC0tlHXmr5SCIaZCtrswdHEA
UCFaullSV2UvdvCZZQarDMEQ,@理緒1103,12,1年,Member (1 year),,不明,,,2,4,0,2026-10-03 12:45,2026-10-05 20:00,,,https://www.youtube.com/channel/UCFaullSV2UvdvCZZQarDMEQ
UC_gTIiCdlCtStkx-PsveNSQ,@kari_karina0,12,1年,Member (1 year),,不明,,,2,8,0,2026-10-03 12:45,2026-10-09 00:00,,,https://www.youtube.com/channel/UC_gTIiCdlCtStkx-PsveNSQ
UCwH0_SY8W--MMQYBfW7hC_w,@ロマンスみそしる,12,1年,Member (1 year),,不明,,,2,3,0,2026-10-03 12:45,2026-10-05 20:00,,,https://www.youtube.com/channel/UCwH0_SY8W--MMQYBfW7hC_w
UCdypDALH3i0S0Q5-xQE36qg,@ゆき-b9d1g,12,1年,Member (1 year),,不明,,,2,5,0,2026-10-05 20:00,2026-10-09 00:00,,,https://www.youtube.com/channel/UCdypDALH3i0S0Q5-xQE36qg
UC9l6FUhKLzrETfMmHs1UpqQ,@さくらk_saku_0o,12,1年,Member (1 year),,不明,,,2,5,0,2026-10-05 20:00,2026-10-09 00:00,,,https://www.youtube.com/channel/UC9l6FUhKLzrETfMmHs1UpqQ
UCTotoXQmQs1eRnFP9vBFTtQ,@oreofore,12,1年,Member (1 year),,不明,,,2,17,0,2026-10-05 20:00,2026-10-09 00:00,,,https://www.youtube.com/channel/UCTotoXQmQs1eRnFP9vBFTtQ
UClt0ouEVIIgXaLleM3E0S7A,@うえ-knt,12,1年,Member (1 year),,不明,,,2,5,0,2026-10-05 20:00,2026-10-09 00:00,,,https://www.youtube.com/channel/UClt0ouEVIIgXaLleM3E0S7A
UCOzheX4X-im3KJfF0cxu2yQ,@わたげ_0,12,1年,Member (1 year),,不明,,,2,18,0,2026-10-05 20:00,2026-10-09 00:00,,,https://www.youtube.com/channel/UCOzheX4X-im3KJfF0cxu2yQ
UCb0Z53pL2mowtXO9wkJNIYg,@hituki3582,12,1年,Member (1 year),,不明,,,2,2,0,2026-10-05 20:00,2026-10-07 17:00,,,https://www.youtube.com/channel/UCb0Z53pL2mowtXO9wkJNIYg
UCeMLeHiAvEV6zqmPhF7DGXg,@banmanju-g1i,12,1年,Member (1 year),,不明,,,2,11,1,2026-10-07 17:00,2026-10-09 00:00,,,https://www.youtube.com/channel/UCeMLeHiAvEV6zqmPhF7DGXg
UCLp4EMHQ_-TRKtdv63Xu21Q,@tsumumudayo,12,1年,Member (1 year),,不明,,,1,1,0,2026-09-10 20:01,2026-09-10 20:01,,,https://www.youtube.com/channel/UCLp4EMHQ_-TRKtdv63Xu21Q
UC_sMnoPy2Bku-Unkgy4-vwA,@sushinatto,12,1年,Member (1 year),,不明,,,1,1,0,2026-09-10 20:01,2026-09-10 20:01,,,https://www.youtube.com/channel/UC_sMnoPy2Bku-Unkgy4-vwA
UCxDqQ_76mrrGZam0117QSyw,@もげ22,12,1年,Member (1 year),,不明,,,1,1,0,2026-09-10 20:01,2026-09-10 20:01,,,https://www.youtube.com/channel/UCxDqQ_76mrrGZam0117QSyw
UCwGKV3QY48EN1SwXtmWlEwQ,@makoko_3,12,1年,Member (1 year),,不明,,,1,1,0,2026-09-11 19:31,2026-09-11 19:31,,,https://www.youtube.com/channel/UCwGKV3QY48EN1SwXtmWlEwQ
UCkAI-bqnc4YB-JcnKXn3X4w,@ぷらむる,12,1年,Member (1 year),,不明,,,1,1,0,2026-09-11 19:31,2026-09-11 19:31,,,https://www.youtube.com/channel/UCkAI-bqnc4YB-JcnKXn3X4w
UCmIIQM9pUwKyYhaDIYNxI_g,@ellissher,12,1年,Member (1 year),,不明,,,1,1,0,2026-09-14 21:45,2026-09-14 21:45,,,https://www.youtube.com/channel/UCmIIQM9pUwKyYhaDIYNxI_g
UC7KA1jTF5GlkvD71mONsB6A,@marili6335,12,1年,Member (1 year),,不明,,,1,3,0,2026-09-14 21:45,2026-09-14 21:45,,,https://www.youtube.com/channel/UC7KA1jTF5GlkvD71mONsB6A
UCqV-ObTjbHMGhhQXADIToFg,@ゆうひ-u5r,12,1年,Member (1 year),,不明,,,1,1,0,2026-09-16 20:30,2026-09-16 20:30,,,https://www.youtube.com/channel/UCqV-ObTjbHMGhhQXADIToFg
UCItAG_kKngVqNVxRNDmu3Lg,@bacon6494,12,1年,Member (1 year),,不明,,,1,1,0,2026-09-16 20:30,2026-09-16 20:30,,,https://www.youtube.com/channel/UCItAG_kKngVqNVxRNDmu3Lg
UC2Z5badDZCHQG2Ve6L0Llew,@VAmberC0327,12,1年,Member (1 year),,不明,,,1,1,0,2026-09-16 20:30,2026-09-16 20:30,,,https://www.youtube.com/channel/UC2Z5badDZCHQG2Ve6L0Llew
UCnKSruOQqFKyS8I-3DqA_XQ,@zim_snipe,12,1年,Member (1 year),,不明,,,1,2,0,2026-09-19 20:00,2026-09-19 20:00,,,https://www.youtube.com/channel/UCnKSruOQqFKyS8I-3DqA_XQ
UCVV-fQ_tylRtCdFzLzVsdOA,@ゆきm_0,12,1年,Member (1 year),,不明,,,1,1,0,2026-09-19 20:00,2026-09-19 20:00,,,https://www.youtube.com/channel/UCVV-fQ_tylRtCdFzLzVsdOA
UC-WEldQbVr4XVeWA7ayob5g,@にくきゅう.まる,12,1年,Member (1 year),,不明,,,1,2,0,2026-09-19 20:00,2026-09-19 20:00,,,https://www.youtube.com/channel/UC-WEldQbVr4XVeWA7ayob5g
UCuhtHvMGJ5v1eNgsujrjhKg,@あおい-y5z-q9c,12,1年,Member (1 year),,不明,,,1,1,0,2026-09-19 20:00,2026-09-19 20:00,,,https://www.youtube.com/channel/UCuhtHvMGJ5v1eNgsujrjhKg
UC53QnUouunR1yj6JDeeXePg,@ponrbg-hkz,12,1年,Member (1 year),,不明,,,1,2,0,2026-09-19 20:00,2026-09-19 20:00,,,https://www.youtube.com/channel/UC53QnUouunR1yj6JDeeXePg
UCS_RNYSMnqddTyKd3Jxckog,@nemui-mmm,12,1年,Member (1 year),,不明,,,1,1,0,2026-09-19 20:00,2026-09-19 20:00,,,https://www.youtube.com/channel/UCS_RNYSMnqddTyKd3Jxckog
UCjtvK4SMwKXCzejr-u0b2Rw,@zuzuzuzuzuzuzuzuu,12,1年,Member (1 year),,不明,,,1,6,0,2026-09-19 20:00,2026-09-19 20:00,,,https://www.youtube.com/channel/UCjtvK4SMwKXCzejr-u0b2Rw
UCBUZLoDiyu2byIytAcEJPAA,@satocisatoci,12,1年,Member (1 year),,不明,,,1,3,0,2026-09-19 20:00,2026-09-19 20:00,,,https://www.youtube.com/channel/UCBUZLoDiyu2byIytAcEJPAA
UCS234bO_lJt0xbcnVCh-2YA,@Diner_Salil,12,1年,Member (1 year),,不明,,,1,5,0,2026-09-19 20:00,2026-09-19 20:00,,,https://www.youtube.com/channel/UCS234bO_lJt0xbcnVCh-2YA
UCE8-tJD-8pCGLuK_lFhJ49g,@hatsu7683,12,1年,Member (1 year),,不明,,,1,1,0,2026-09-19 20:00,2026-09-19 20:00,,,https://www.youtube.com/channel/UCE8-tJD-8pCGLuK_lFhJ49g
UCauWRhT_QDIeQTSUHrCpM9g,@ちゃり-o6s,12,1年,Member (1 year),,不明,,,1,1,0,2026-09-19 20:00,2026-09-19 20:00,,,https://www.youtube.com/channel/UCauWRhT_QDIeQTSUHrCpM9g
UCQ7Do4IGLVhvPuaO_g9Re6w,@Riche-xq1fh,12,1年,Member (1 year),,不明,,,1,1,0,2026-09-19 20:00,2026-09-19 20:00,,,https://www.youtube.com/channel/UCQ7Do4IGLVhvPuaO_g9Re6w
UC0fdutZDQg5-mRcD8DpOjEA,@りお.o,12,1年,Member (1 year),,不明,,,1,1,0,2026-09-20 19:02,2026-09-20 19:02,,,https://www.youtube.com/channel/UC0fdutZDQg5-mRcD8DpOjEA
UCVBVevp7MS04GNHASGqrzkA,@hsrfurdays,12,1年,Member (1 year),,不明,,,1,1,0,2026-09-20 19:02,2026-09-20 19:02,,,https://www.youtube.com/channel/UCVBVevp7MS04GNHASGqrzkA
UCf-F5_6Y-iykGnsdDf2MtAw,@nn3434,12,1年,Member (1 year),,不明,,,1,1,0,2026-09-20 19:02,2026-09-20 19:02,,,https://www.youtube.com/channel/UCf-F5_6Y-iykGnsdDf2MtAw
UCO9GxpbRt5SlfbJSkRCHKbg,@chi-m3y9h,12,1年,Member (1 year),,不明,,,1,1,0,2026-09-21 21:02,2026-09-21 21:02,,,https://www.youtube.com/channel/UCO9GxpbRt5SlfbJSkRCHKbg
UCtmgW0zNQ0C6OFpVv68BURA,@jiadeng7836,12,1年,Member (1 year),,不明,,,1,1,0,2026-09-21 21:02,2026-09-21 21:02,,,https://www.youtube.com/channel/UCtmgW0zNQ0C6OFpVv68BURA
UCdeVOSEzTlfsiFUSDPQui6g,@Furejin-1109,12,1年,Member (1 year),,不明,,,1,2,0,2026-09-21 21:02,2026-09-21 21:02,,,https://www.youtube.com/channel/UCdeVOSEzTlfsiFUSDPQui6g
UCRlhhvMem-rBbwYp32w7qZQ,@栗栖-s7b,12,1年,Member (1 year),,不明,,,1,1,0,2026-09-21 21:02,2026-09-21 21:02,,,https://www.youtube.com/channel/UCRlhhvMem-rBbwYp32w7qZQ
UCrWDL6kUbHDB1N6eBOxqRUw,@kxsi51,12,1年,Member (1 year),,不明,,,1,1,0,2026-09-21 21:02,2026-09-21 21:02,,,https://www.youtube.com/channel/UCrWDL6kUbHDB1N6eBOxqRUw
UCQ9QNQByicJwmxLXWbuBQUg,@りよ-n9f,12,1年,Member (1 year),,不明,,,1,1,0,2026-09-22 20:01,2026-09-22 20:01,,,https://www.youtube.com/channel/UCQ9QNQByicJwmxLXWbuBQUg
UCsKiD-VBCA8FIaf2BX4UsMA,@n6ta1,12,1年,Member (1 year),,不明,,,1,1,0,2026-09-22 20:01,2026-09-22 20:01,,,https://www.youtube.com/channel/UCsKiD-VBCA8FIaf2BX4UsMA
UCApBUSKWZC6xw6WctUDLBBg,@眠くなる羊,12,1年,Member (1 year),,不明,,,1,1,0,2026-09-22 20:01,2026-09-22 20:01,,,https://www.youtube.com/channel/UCApBUSKWZC6xw6WctUDLBBg
UCGBDjslbXOoZRTAy9W-qMIg,@クロニア-z3m,12,1年,Member (1 year),,不明,,,1,1,0,2026-09-22 20:01,2026-09-22 20:01,,,https://www.youtube.com/channel/UCGBDjslbXOoZRTAy9W-qMIg
UCLiLrqyl9voEenN72H6uB-g,@satyan_さと,12,1年,Member (1 year),,不明,,,1,2,0,2026-09-22 20:01,2026-09-22 20:01,,,https://www.youtube.com/channel/UCLiLrqyl9voEenN72H6uB-g
UCk1ksA17HDkFpZ-zcTY1DlA,@ゆらs2,12,1年,Member (1 year),,Diner,再加入/レベル変更,,1,0,0,2026-09-22 20:01,2026-09-22 20:01,,,https://www.youtube.com/channel/UCk1ksA17HDkFpZ-zcTY1DlA
UCsxJtn_YhLLKZFa3XqC-ugg,@yw03y,12,1年,Member (1 year),,不明,,,1,1,0,2026-09-23 13:01,2026-09-23 13:01,,,https://www.youtube.com/channel/UCsxJtn_YhLLKZFa3XqC-ugg
UC7A3L4VTULOorJ1mFiqTvSg,@miyabi2913,12,1年,Member (1 year),,不明,,,1,1,0,2026-09-27 18:02,2026-09-27 18:02,,,https://www.youtube.com/channel/UC7A3L4VTULOorJ1mFiqTvSg
UCDKxJJLOZ84hPMAZTS-8MzQ,@ゆりな-r7u,12,1年,Member (1 year),,不明,,,1,1,0,2026-09-27 18:02,2026-09-27 18:02,,,https://www.youtube.com/channel/UCDKxJJLOZ84hPMAZTS-8MzQ
UCKRqBVdQMzFv7CxffLvELZA,@0c0-u7y,12,1年,Member (1 year),,不明,,,1,1,0,2026-09-27 18:02,2026-09-27 18:02,,,https://www.youtube.com/channel/UCKRqBVdQMzFv7CxffLvELZA
UCIMQuqEuz_pNUJvcXSeI6SA,@ひや-b1b,12,1年,Member (1 year),,不明,,,1,2,0,2026-09-27 18:02,2026-09-27 18:02,,,https://www.youtube.com/channel/UCIMQuqEuz_pNUJvcXSeI6SA
UC0Fpm44PKkisy607_XhI9gQ,@ろんぺこ,12,1年,Member (1 year),,不明,,,1,1,0,2026-09-27 18:02,2026-09-27 18:02,,,https://www.youtube.com/channel/UC0Fpm44PKkisy607_XhI9gQ
UCobUjbFSqldw02H6b-6T1oA,@PurutuAir,12,1年,Member (1 year),,不明,,,1,2,0,2026-09-27 18:02,2026-09-27 18:02,,,https://www.youtube.com/channel/UCobUjbFSqldw02H6b-6T1oA
UCu4OEQY8wfIXEARgB2SWtfA,@kn10_v,12,1年,Member (1 year),,不明,,,1,1,0,2026-09-27 18:02,2026-09-27 18:02,,,https://www.youtube.com/channel/UCu4OEQY8wfIXEARgB2SWtfA
UCTBROOKh8lE5iZPfLkKG0wA,@メロンベリーニ,12,1年,Member (1 year),,不明,,,1,7,0,2026-09-27 18:02,2026-09-27 18:02,,,https://www.youtube.com/channel/UCTBROOKh8lE5iZPfLkKG0wA
UCPNOOT0cq9qYnvsBHn5Q-sQ,@はる-h8d4m,12,1年,Member (1 year),,不明,,,1,5,0,2026-09-27 18:02,2026-09-27 18:02,,,https://www.youtube.com/channel/UCPNOOT0cq9qYnvsBHn5Q-sQ
UCuK-9gwney8osJu9ty1VZzg,@Tinc-68,12,1年,Member (1 year),,不明,,,1,1,0,2026-09-27 18:02,2026-09-27 18:02,,,https://www.youtube.com/channel/UCuK-9gwney8osJu9ty1VZzg
UCShHeL_mG1dE0OHZi5w5Qhg,@Rei-n33,12,1年,Member (1 year),,不明,,,1,1,0,2026-09-27 18:02,2026-09-27 18:02,,,https://www.youtube.com/channel/UCShHeL_mG1dE0OHZi5w5Qhg
UCrnZLZkA-IFaSHBK-mPu7dA,@ちゃた-t4k,12,1年,Member (1 year),,不明,,,1,1,0,2026-09-27 18:02,2026-09-27 18:02,,,https://www.youtube.com/channel/UCrnZLZkA-IFaSHBK-mPu7dA
UCV_JKHFkdKfl8NwVlJgGxYA,@まお-9i7,12,1年,Member (1 year),,Diner,再加入/レベル変更,,1,0,0,2026-09-27 18:02,2026-09-27 18:02,,,https://www.youtube.com/channel/UCV_JKHFkdKfl8NwVlJgGxYA
UC2mp208_NCOA2mMd3WzQ6BA,@8090au,12,1年,Member (1 year),,不明,,,1,2,0,2026-09-29 17:30,2026-09-29 17:30,,,https://www.youtube.com/channel/UC2mp208_NCOA2mMd3WzQ6BA
UC2f2LiMOsJ_HsHDl7aSJCNQ,@suu_15,12,1年,Member (1 year),,不明,,,1,2,0,2026-09-29 17:30,2026-09-29 17:30,,,https://www.youtube.com/channel/UC2f2LiMOsJ_HsHDl7aSJCNQ
UCiA3-9wV_RsE6yzeB80oQhg,@User-o7r5o,12,1年,Member (1 year),,不明,,,1,1,0,2026-09-29 17:30,2026-09-29 17:30,,,https://www.youtube.com/channel/UCiA3-9wV_RsE6yzeB80oQhg
UCH9siTO9U5A52ckQMfnbLuw,@Rinne-u7j,12,1年,Member (1 year),,Diner,再加入/レベル変更,,1,0,0,2026-09-29 17:30,2026-09-29 17:30,,,https://www.youtube.com/channel/UCH9siTO9U5A52ckQMfnbLuw
UCaeaX8v0nhnKSWWV2cOtYdw,@namazz-d4x,12,1年,Member (1 year),,不明,,,1,1,0,2026-09-30 18:00,2026-09-30 18:00,,,https://www.youtube.com/channel/UCaeaX8v0nhnKSWWV2cOtYdw
UCrO0MAVzYpykF-aJ873XuyQ,@mi-97ugi,12,1年,Member (1 year),,不明,,,1,1,0,2026-10-02 20:15,2026-10-02 20:15,,,https://www.youtube.com/channel/UCrO0MAVzYpykF-aJ873XuyQ
UC5i6eMIFnQUN3bdQhaqBdFA,@Seya_NMH,12,1年,Member (1 year),,不明,,,1,1,0,2026-10-02 20:15,2026-10-02 20:15,,,https://www.youtube.com/channel/UC5i6eMIFnQUN3bdQhaqBdFA
UCayqM6sAc-7ZWmwI5QeuqmA,@user-tc4ku7qx1s,12,1年,Member (1 year),,不明,,,1,1,0,2026-10-02 20:15,2026-10-02 20:15,,,https://www.youtube.com/channel/UCayqM6sAc-7ZWmwI5QeuqmA
UChYlbzgY4T1v8ZQE9E12O2w,@ちゃっくちゃっく,12,1年,Member (1 year),,不明,,,1,1,0,2026-10-03 12:45,2026-10-03 12:45,,,https://www.youtube.com/channel/UChYlbzgY4T1v8ZQE9E12O2w
UC2udIPJnJXx2F3D8sRcP07A,@Toiyoka,12,1年,Member (1 year),,不明,,,1,1,0,2026-10-05 20:00,2026-10-05 20:00,,,https://www.youtube.com/channel/UC2udIPJnJXx2F3D8sRcP07A
UCzxvlcSsMNuSgMd45x7Lb5w,@KN-xw8cy,12,1年,Member (1 year),,不明,,,1,1,0,2026-10-05 20:00,2026-10-05 20:00,,,https://www.youtube.com/channel/UCzxvlcSsMNuSgMd45x7Lb5w
UCGGG3NqK6qZCf4bDBvacroA,@doris4336,12,1年,Member (1 year),,不明,,,1,1,0,2026-10-05 20:00,2026-10-05 20:00,,,https://www.youtube.com/channel/UCGGG3NqK6qZCf4bDBvacroA
UCw7qpa5bDDq7oWnA5KPoJrA,@gomidesun,12,1年,Member (1 year),,不明,,,1,3,0,2026-10-05 20:00,2026-10-05 20:00,,,https://www.youtube.com/channel/UCw7qpa5bDDq7oWnA5KPoJrA
UCMwqkoxMPVKByoKtBPe5gZw,@sana0415,12,1年,Member (1 year),,不明,,,1,2,0,2026-10-05 20:00,2026-10-05 20:00,,,https://www.youtube.com/channel/UCMwqkoxMPVKByoKtBPe5gZw
UC5Tv6ECRJID476a6s-GdpfA,@ゆうぜん-h5s,12,1年,Member (1 year),,不明,,,1,1,0,2026-10-05 20:00,2026-10-05 20:00,,,https://www.youtube.com/channel/UC5Tv6ECRJID476a6s-GdpfA
UC-h-gyjCts06r0FAg1omLow,@yanspsps,12,1年,Member (1 year),,不明,,,1,1,0,2026-10-05 20:00,2026-10-05 20:00,,,https://www.youtube.com/channel/UC-h-gyjCts06r0FAg1omLow
UCZoDze7NBFwbiC6jUs9J_Nw,@禁煙たなか_tanaka,12,1年,Member (1 year),,Diner,再加入/レベル変更,,1,0,0,2026-10-05 20:00,2026-10-05 20:00,,,https://www.youtube.com/channel/UCZoDze7NBFwbiC6jUs9J_Nw
UC5di6R1GVAQOy2Jd3ZPTS4A,@ni_pa25,12,1年,Member (1 year),,不明,,,1,51,0,2026-10-09 00:00,2026-10-09 00:00,,,https://www.youtube.com/channel/UC5di6R1GVAQOy2Jd3ZPTS4A
UCx5OBbmpAoGl-BocxcCT2VA,@kaya_dc7,12,1年,Member (1 year),,不明,,,1,1,0,2026-10-09 00:00,2026-10-09 00:00,,,https://www.youtube.com/channel/UCx5OBbmpAoGl-BocxcCT2VA
UClkVeCiY_18gKQAeynoQJNA,@sorehasateoki,12,1年,Member (1 year),,不明,,,1,1,0,2026-10-09 00:00,2026-10-09 00:00,,,https://www.youtube.com/channel/UClkVeCiY_18gKQAeynoQJNA
UCO0CbSf5IUTryvNP7qrlqwQ,@りこぴ-o7l,12,1年,Member (1 year),,不明,,,1,3,0,2026-10-09 00:00,2026-10-09 00:00,,,https://www.youtube.com/channel/UCO0CbSf5IUTryvNP7qrlqwQ
UCEijojmDfNrGl2kncAJCRkA,@meriii.7982,12,1年,Member (1 year),,不明,,,1,1,0,2026-10-09 00:00,2026-10-09 00:00,,,https://www.youtube.com/channel/UCEijojmDfNrGl2kncAJCRkA
UC8sWaq0BKNlOJ-eFkFMDFiQ,@kn10_me_ry,12,1年,Member (1 year),,不明,,,1,8,0,2026-10-09 00:00,2026-10-09 00:00,,,https://www.youtube.com/channel/UC8sWaq0BKNlOJ-eFkFMDFiQ
UCSnPAq3h7lihD9Et9x1cPVg,@K4ntt_y,12,1年,Member (1 year),,不明,,,1,1,0,2026-10-09 00:00,2026-10-09 00:00,,,https://www.youtube.com/channel/UCSnPAq3h7lihD9Et9x1cPVg
UCXf2dW1F_FQZHFlhfMTCrlA,@amaba.3,12,1年,Member (1 year),,不明,,,1,1,0,2026-10-09 00:00,2026-10-09 00:00,,,https://www.youtube.com/channel/UCXf2dW1F_FQZHFlhfMTCrlA
UC1QwL5smDCEtgElxCTIVNPA,@mizuu0116,12,1年,Member (1 year),,不明,,,1,3,0,2026-10-09 00:00,2026-10-09 00:00,,,https://www.youtube.com/channel/UC1QwL5smDCEtgElxCTIVNPA
UCvLa926V7T0gAd7jd1gwKaQ,@맛밤수플레,12,1年,Member (1 year),20,Diner,マイルストーン,,1,5,0,2026-10-09 00:00,2026-10-09 00:00,,,https://www.youtube.com/channel/UCvLa926V7T0gAd7jd1gwKaQ
UCapL3IddyPQmCo7tOuAxoRg,@白兎-n4l,12,1年,Member (1 year),,不明,,,1,1,0,2026-10-09 00:00,2026-10-09 00:00,,,https://www.youtube.com/channel/UCapL3IddyPQmCo7tOuAxoRg
UCpbNlKzBKXM-b4x74rod2uQ,@Urux_x0610,12,1年,Member (1 year),,不明,,,1,3,0,2026-10-09 00:00,2026-10-09 00:00,,,https://www.youtube.com/channel/UCpbNlKzBKXM-b4x74rod2uQ
UCo5BfaM4RMUt-2yq1LYipYw,@はなまる-f8w,12,1年,Member (1 year),,不明,,,1,5,0,2026-10-09 00:00,2026-10-09 00:00,,,https://www.youtube.com/channel/UCo5BfaM4RMUt-2yq1LYipYw
UCwORy5ea3FhV1ne5XVRfJcA,@おにぎり-o7r,12,1年,Member (1 year),,不明,,,1,1,0,2026-10-09 00:00,2026-10-09 00:00,,,https://www.youtube.com/channel/UCwORy5ea3FhV1ne5XVRfJcA
UC8osnTnWL-qw3b9JHxnJOJw,@るんとん-w9e,12,1年,Member (1 year),,不明,,,1,2,0,2026-10-09 00:00,2026-10-09 00:00,,,https://www.youtube.com/channel/UC8osnTnWL-qw3b9JHxnJOJw
UCvlHlfL_ODfcMbpx1flCwJA,@こずぴ-p2g,12,1年,Member (1 year),,不明,,,1,1,0,2026-10-09 00:00,2026-10-09 00:00,,,https://www.youtube.com/channel/UCvlHlfL_ODfcMbpx1flCwJA
UC_4KlTlLDTHsZ2jw3_j3bOA,@でぐちゃ,12,1年,Member (1 year),,不明,,,1,1,0,2026-10-09 00:00,2026-10-09 00:00,,,https://www.youtube.com/channel/UC_4KlTlLDTHsZ2jw3_j3bOA
UCu90hmzyrVFGGZWTlWGRKkQ,@haku89_,12,1年,Member (1 year),,不明,,,1,2,0,2026-10-09 00:00,2026-10-09 00:00,,,https://www.youtube.com/channel/UCu90hmzyrVFGGZWTlWGRKkQ
UCZJ-mIOYNpiAzXNGmrLM4fg,@都よる,12,1年,Member (1 year),,不明,,,1,1,0,2026-10-09 00:00,2026-10-09 00:00,,,https://www.youtube.com/channel/UCZJ-mIOYNpiAzXNGmrLM4fg
UCGS12NN_KgAX47vQjrx0WKw,@えちゃん_echan,12,1年,Member (1 year),,不明,,,1,3,0,2026-10-09 00:00,2026-10-09 00:00,,,https://www.youtube.com/channel/UCGS12NN_KgAX47vQjrx0WKw
UCcQKnwCwtoXKB9v4MdUAVyQ,@korokoro0816tori,12,1年,Member (1 year),,不明,,,1,1,0,2026-10-09 00:00,2026-10-09 00:00,,,https://www.youtube.com/channel/UCcQKnwCwtoXKB9v4MdUAVyQ
UCm541RQWZM_N7i7OZ8LChcw,@きみ_kimi,12,1年,Member (1 year),,不明,,,1,1,0,2026-10-09 00:00,2026-10-09 00:00,,,https://www.youtube.com/channel/UCm541RQWZM_N7i7OZ8LChcw
UCmlnhfh0radIFFamHcyeaEw,@htoc2525,12,1年,Member (1 year),22,Diner,マイルストーン,,1,0,0,2026-10-09 00:00,2026-10-09 00:00,,,https://www.youtube.com/channel/UCmlnhfh0radIFFamHcyeaEw
UC1_qaAxKW_eG-x9nXAsz-tA,@ivylan,12,1年,Member (1 year),21,Diner,マイルストーン,,1,0,0,2026-10-09 00:00,2026-10-09 00:00,,,https://www.youtube.com/channel/UC1_qaAxKW_eG-x9nXAsz-tA
UC1olLWsBAYoTfPGdK2quVCQ,@もちまる-0m0,6,6ヶ月,Member (6 months),,不明,,,20,1199,0,2026-09-10 20:01,2026-10-09 00:00,,,https://www.youtube.com/channel/UC1olLWsBAYoTfPGdK2quVCQ
UCjsBugZJhm3squskFdRsHRQ,@もコーン,6,6ヶ月,Member (6 months),,不明,,,20,102,0,2026-09-10 20:01,2026-10-09 00:00,,,https://www.youtube.com/channel/UCjsBugZJhm3squskFdRsHRQ
UCODZq1ypS6hPQYSSRWwkdnA,@みゅーねこ-ShioN,6,6ヶ月,Member (6 months),,不明,,,20,111,0,2026-09-10 20:01,2026-10-09 00:00,,,https://www.youtube.com/channel/UCODZq1ypS6hPQYSSRWwkdnA
UCU3RXoGLRPSNG0blgdt9JDQ,@Emumumu,6,6ヶ月,Member (6 months),,不明,,,19,431,0,2026-09-10 20:01,2026-10-09 00:00,,,https://www.youtube.com/channel/UCU3RXoGLRPSNG0blgdt9JDQ
UCynM9l7fxnAVlzyjPWBDlwQ,@yooor_02,6,6ヶ月,Member (6 months),,不明,,,19,138,0,2026-09-10 20:01,2026-10-09 00:00,,,https://www.youtube.com/channel/UCynM9l7fxnAVlzyjPWBDlwQ
UCQogfM8BTvmx1XlWJpIB24Q,@りい-lvs9,6,6ヶ月,Member (6 months),,不明,,,19,155,0,2026-09-10 20:01,2026-10-09 00:00,,,https://www.youtube.com/channel/UCQogfM8BTvmx1XlWJpIB24Q
UCIIRFOsHYwUQcap86qYyIIA,@emotemode,6,6ヶ月,Member (6 months),,不明,,,18,569,0,2026-09-10 20:01,2026-10-07 17:00,,,https://www.youtube.com/channel/UCIIRFOsHYwUQcap86qYyIIA
UC6ihAqyBaGv0E-R50leUThg,@おでん8989,6,6ヶ月,Member (6 months),,不明,,,18,316,0,2026-09-10 20:01,2026-10-09 00:00,,,https://www.youtube.com/channel/UC6ihAqyBaGv0E-R50leUThg
UCbYDEd4tBuwFV_CRM3ZvXJQ,@skkspiii,6,6ヶ月,Member (6 months),,不明,,,18,171,0,2026-09-10 20:01,2026-10-09 00:00,,,https://www.youtube.com/channel/UCbYDEd4tBuwFV_CRM3ZvXJQ
UChyorTicGIeUyMh8X7my7ww,@みか569,6,6ヶ月,Member (6 months),,不明,,,18,52,0,2026-09-10 20:01,2026-10-09 00:00,,,https://www.youtube.com/channel/UChyorTicGIeUyMh8X7my7ww
UC-uf-9GfLKufgCj9mTZIfIw,@roa-muumuu,6,6ヶ月,Member (6 months),,不明,,,18,1484,0,2026-09-10 20:01,2026-10-09 00:00,,,https://www.youtube.com/channel/UC-uf-9GfLKufgCj9mTZIfIw
UCGMd9hWPHFVSLargo74Zwjg,@くま-d3n-x4m,6,6ヶ月,Member (6 months),,不明,,,17,463,0,2026-09-10 20:01,2026-10-09 00:00,,,https://www.youtube.com/channel/UCGMd9hWPHFVSLargo74Zwjg
UCiCguz5rPOqZsmmYtqKBL0g,@きゆ-e9u,6,6ヶ月,Member (6 months),,不明,,,17,136,0,2026-09-10 20:01,2026-10-09 00:00,,,https://www.youtube.com/channel/UCiCguz5rPOqZsmmYtqKBL0g
UC3a1Ul_050-kW_PKEkJQUGw,@ッッツ-oo0,6,6ヶ月,Member (6 months),,不明,,,17,151,1,2026-09-10 20:01,2026-10-09 00:00,,,https://www.youtube.com/channel/UC3a1Ul_050-kW_PKEkJQUGw
UCJ9VRI2Pt0AP-GFKSHxpx1A,@いろは-l1i,6,6ヶ月,Member (6 months),,不明,,,17,965,0,2026-09-11 19:31,2026-10-09 00:00,,,https://www.youtube.com/channel/UCJ9VRI2Pt0AP-GFKSHxpx1A
UCKFdZpteFf0Xjyb2DtsHwuA,@chicken__48,6,6ヶ月,Member (6 months),,不明,,,16,942,0,2026-09-10 20:01,2026-10-09 00:00,,,https://www.youtube.com/channel/UCKFdZpteFf0Xjyb2DtsHwuA
UCeCzKyGYOUgUInnXZ_URsww,@neun1225,6,6ヶ月,Member (6 months),,不明,,,16,32,0,2026-09-10 20:01,2026-10-07 17:00,,,https://www.youtube.com/channel/UCeCzKyGYOUgUInnXZ_URsww
UCXf3bzd_j0frbgvlP7QSTiQ,@めな-xxv,6,6ヶ月,Member (6 months),,不明,,,16,85,0,2026-09-10 20:01,2026-10-09 00:00,,,https://www.youtube.com/channel/UCXf3bzd_j0frbgvlP7QSTiQ
UCcNa6UH5Xu9SNETu139b3IQ,@suzuro_c1g3r,6,6ヶ月,Member (6 months),,不明,,,15,28,0,2026-09-10 20:01,2026-10-09 00:00,,,https://www.youtube.com/channel/UCcNa6UH5Xu9SNETu139b3IQ
UCevQzYg3LsvsgR4VeqVHJmw,@manju-umai00,6,6ヶ月,Member (6 months),,不明,,,15,115,0,2026-09-10 20:01,2026-10-09 00:00,,,https://www.youtube.com/channel/UCevQzYg3LsvsgR4VeqVHJmw
UCqjZOEJ5KeKkWj3Zn8Fpl8A,@__-gh5is,6,6ヶ月,Member (6 months),,不明,,,15,300,0,2026-09-11 19:31,2026-10-07 17:00,,,https://www.youtube.com/channel/UCqjZOEJ5KeKkWj3Zn8Fpl8A
UC8EyUm8c6_orBPs6EVWXOVA,@ティーティーウー,6,6ヶ月,Member (6 months),,不明,,,15,241,0,2026-09-11 19:31,2026-10-09 00:00,,,https://www.youtube.com/channel/UC8EyUm8c6_orBPs6EVWXOVA
UC4Q-BGHONycYbynz_os4Iag,@の-tanpopo,6,6ヶ月,Member (6 months),,不明,,,14,79,0,2026-09-10 20:01,2026-10-09 00:00,,,https://www.youtube.com/channel/UC4Q-BGHONycYbynz_os4Iag
UCCasouVbMLOq5ye_VRyi7wg,@めぐみ-c2q3j,6,6ヶ月,Member (6 months),,Diner,マイルストーン（2026-09-07）,,14,141,0,2026-09-10 20:01,2026-10-09 00:00,,,https://www.youtube.com/channel/UCCasouVbMLOq5ye_VRyi7wg
UCpPNL88RWD1RP4rYdjQ2EnQ,@あい-ponzu,6,6ヶ月,Member (6 months),,不明,,,14,398,2,2026-09-10 20:01,2026-10-09 00:00,,,https://www.youtube.com/channel/UCpPNL88RWD1RP4rYdjQ2EnQ
UCgXKD0blHmiTeV_Dm2Hct1A,@natsumo9901,6,6ヶ月,Member (6 months),,不明,,,14,218,0,2026-09-10 20:01,2026-10-09 00:00,,,https://www.youtube.com/channel/UCgXKD0blHmiTeV_Dm2Hct1A
UC-dnPIgol_2Xn-gQLOhIwVA,@モモンガ-r7z,6,6ヶ月,Member (6 months),,不明,,,14,146,0,2026-09-11 19:31,2026-10-07 17:00,,,https://www.youtube.com/channel/UC-dnPIgol_2Xn-gQLOhIwVA
UCXYiDin_DbEVgDWY_yviIdA,@め-apm,6,6ヶ月,Member (6 months),,不明,,,13,186,0,2026-09-10 20:01,2026-10-09 00:00,,,https://www.youtube.com/channel/UCXYiDin_DbEVgDWY_yviIdA
UCYmlTT1snMaKebHT_mPf2WQ,@kuu_forstar,6,6ヶ月,Member (6 months),6,Diner,マイルストーン,,13,161,0,2026-09-10 20:01,2026-10-09 00:00,,,https://www.youtube.com/channel/UCYmlTT1snMaKebHT_mPf2WQ
UCobXieXCnYuNF8RIQZ_GDlg,@MiMe-ks1fc,6,6ヶ月,Member (6 months),,不明,,,12,785,0,2026-09-10 20:01,2026-10-09 00:00,,,https://www.youtube.com/channel/UCobXieXCnYuNF8RIQZ_GDlg
UCytYHe33lpyLPoDnz-gqlfA,@ぴょんたん-h5l,6,6ヶ月,Member (6 months),,不明,,,12,66,0,2026-09-10 20:01,2026-10-09 00:00,,,https://www.youtube.com/channel/UCytYHe33lpyLPoDnz-gqlfA
UCk5IdfrRE3jDAGQnAdSLBgw,@みち-e6c,6,6ヶ月,Member (6 months),,不明,,,11,985,9,2026-09-10 20:01,2026-10-09 00:00,,,https://www.youtube.com/channel/UCk5IdfrRE3jDAGQnAdSLBgw
UCd9vME8S9rZNFslxLQVdUhA,@vuxlq,6,6ヶ月,Member (6 months),,Diner,再加入/レベル変更,,11,230,0,2026-09-10 20:01,2026-10-09 00:00,,,https://www.youtube.com/channel/UCd9vME8S9rZNFslxLQVdUhA
UCZlnRqFLrCemdc98gGp3B3w,@エルタ-b1p,6,6ヶ月,Member (6 months),,不明,,,11,37,0,2026-09-10 20:01,2026-10-09 00:00,,,https://www.youtube.com/channel/UCZlnRqFLrCemdc98gGp3B3w
UCeXYSAed8ZNNlWIjDZVb1Fg,@きい-x5p,6,6ヶ月,Member (6 months),,不明,,,11,334,0,2026-09-11 19:31,2026-10-03 12:45,,,https://www.youtube.com/channel/UCeXYSAed8ZNNlWIjDZVb1Fg
UCY0Hz-ntIEcVj4u-ufPwyLg,@あおak___1623,6,6ヶ月,Member (6 months),,不明,,,11,119,0,2026-09-14 21:45,2026-10-09 00:00,,,https://www.youtube.com/channel/UCY0Hz-ntIEcVj4u-ufPwyLg
UCoJQ5yGGS5bKZWgUlDjFGzw,@ともえ_Artemis12,6,6ヶ月,Member (6 months),,不明,,,10,1065,0,2026-09-10 20:01,2026-10-09 00:00,,,https://www.youtube.com/channel/UCoJQ5yGGS5bKZWgUlDjFGzw
UCl4vNQTlyrVkmoWR0fyEw-g,@ykktk7,6,6ヶ月,Member (6 months),,不明,,,10,75,0,2026-09-10 20:01,2026-10-09 00:00,,,https://www.youtube.com/channel/UCl4vNQTlyrVkmoWR0fyEw-g
UC6u8UZxj1InSTVIr1IOs09w,@さわさわ-h3r,6,6ヶ月,Member (6 months),,不明,,,10,16,0,2026-09-10 20:01,2026-10-09 00:00,,,https://www.youtube.com/channel/UC6u8UZxj1InSTVIr1IOs09w
UCEMZoeOn01jO6ViKw_6-WIQ,@よんぬ-i8v,6,6ヶ月,Member (6 months),,不明,,,10,246,0,2026-09-11 19:31,2026-10-09 00:00,,,https://www.youtube.com/channel/UCEMZoeOn01jO6ViKw_6-WIQ
UCNeMvT6G-aJkzRmUnD5wM2A,@melo_めろ,6,6ヶ月,Member (6 months),,不明,,,10,14,0,2026-09-11 19:31,2026-10-09 00:00,,,https://www.youtube.com/channel/UCNeMvT6G-aJkzRmUnD5wM2A
UCSzjQQHHH3o3bSCflEIVTVg,@v-xxx.01,6,6ヶ月,Member (6 months),,不明,,,10,36,0,2026-09-11 19:31,2026-10-03 12:45,,,https://www.youtube.com/channel/UCSzjQQHHH3o3bSCflEIVTVg
UC22pFELd1kElOv7oQTjQnDQ,@sakupan-k8e,6,6ヶ月,Member (6 months),6,Diner,マイルストーン,,9,22,0,2026-09-10 20:01,2026-10-09 00:00,,,https://www.youtube.com/channel/UC22pFELd1kElOv7oQTjQnDQ
UCuJgDdUkclA3BE9DGA-TEGg,@えらく美味しい塩むすび,6,6ヶ月,Member (6 months),,不明,,,9,152,0,2026-09-10 20:01,2026-10-09 00:00,,,https://www.youtube.com/channel/UCuJgDdUkclA3BE9DGA-TEGg
UCmYjBKiIM334AZs3BCArzKg,@Noco-b3v,6,6ヶ月,Member (6 months),,不明,,,9,96,0,2026-09-11 19:31,2026-10-09 00:00,,,https://www.youtube.com/channel/UCmYjBKiIM334AZs3BCArzKg
UCjr1WZg98ozK4FAeU0OyxVg,@uka.0303,6,6ヶ月,Member (6 months),,不明,,,9,73,0,2026-09-11 19:31,2026-10-09 00:00,,,https://www.youtube.com/channel/UCjr1WZg98ozK4FAeU0OyxVg
UCDcspXg2w4HZW2lEZ0_BTKQ,@mukumir,6,6ヶ月,Member (6 months),,Diner,再加入/レベル変更,,9,46,0,2026-09-11 19:31,2026-10-09 00:00,,,https://www.youtube.com/channel/UCDcspXg2w4HZW2lEZ0_BTKQ
UCEdqXAqgph5yiqI--6jWjSg,@mI-rc4ll,6,6ヶ月,Member (6 months),,不明,,,9,130,0,2026-09-14 21:45,2026-10-09 00:00,,,https://www.youtube.com/channel/UCEdqXAqgph5yiqI--6jWjSg
UCDUfARagx0Xtr9_QjagIkzw,@Detarame_1209,6,6ヶ月,Member (6 months),,不明,,,8,11,0,2026-09-10 20:01,2026-10-05 20:00,,,https://www.youtube.com/channel/UCDUfARagx0Xtr9_QjagIkzw
UCnQezNm3q388KtZWwwJo8yA,@青いドーナツ,6,6ヶ月,Member (6 months),,不明,,,8,104,0,2026-09-10 20:01,2026-10-05 20:00,,,https://www.youtube.com/channel/UCnQezNm3q388KtZWwwJo8yA
UCTXVxi-C09EoWPlLsHruGMA,@dmdmoooo,6,6ヶ月,Member (6 months),,不明,,,8,48,0,2026-09-10 20:01,2026-10-09 00:00,,,https://www.youtube.com/channel/UCTXVxi-C09EoWPlLsHruGMA
UCQTIUywYe0-xWXp8cmpC9Pg,@せんせいあのね,6,6ヶ月,Member (6 months),,不明,,,8,16,0,2026-09-10 20:01,2026-10-09 00:00,,,https://www.youtube.com/channel/UCQTIUywYe0-xWXp8cmpC9Pg
UCfxBGn9I1bYdLscKPIiycsw,@senao_3,6,6ヶ月,Member (6 months),,不明,,,8,12,0,2026-09-10 20:01,2026-10-07 17:00,,,https://www.youtube.com/channel/UCfxBGn9I1bYdLscKPIiycsw
UCMR002JzGmDUadLUFlhNUew,@toto_vltfan,6,6ヶ月,Member (6 months),,不明,,,8,61,0,2026-09-14 21:45,2026-10-07 17:00,,,https://www.youtube.com/channel/UCMR002JzGmDUadLUFlhNUew
UC736fwQr5F4HVW0uoqF8b7w,@はるぱか-s3l,6,6ヶ月,Member (6 months),,不明,,,7,28,0,2026-09-10 20:01,2026-10-09 00:00,,,https://www.youtube.com/channel/UC736fwQr5F4HVW0uoqF8b7w
UCgsIOe017TXuDSC2z2rrhTg,@るら-g5x,6,6ヶ月,Member (6 months),,不明,,,7,36,0,2026-09-14 21:45,2026-10-07 17:00,,,https://www.youtube.com/channel/UCgsIOe017TXuDSC2z2rrhTg
UCNBdIc0K-hWRRgydeZDV_yQ,@ruu_nya,6,6ヶ月,Member (6 months),,不明,,,7,28,0,2026-09-19 20:00,2026-10-09 00:00,,,https://www.youtube.com/channel/UCNBdIc0K-hWRRgydeZDV_yQ
UCzeHpOt4AAaiUPfTQew0z1w,@o3z5pom,6,6ヶ月,Member (6 months),,不明,,,7,21,0,2026-09-21 21:02,2026-10-09 00:00,,,https://www.youtube.com/channel/UCzeHpOt4AAaiUPfTQew0z1w
UCkorzWAy0E17QkUzI8oYLKg,@宮前-c7p,6,6ヶ月,Member (6 months),,不明,,,7,31,0,2026-09-29 17:30,2026-10-09 00:00,,,https://www.youtube.com/channel/UCkorzWAy0E17QkUzI8oYLKg
UC8PueWb0A72v-cU6izJli6w,@sn6345,6,6ヶ月,Member (6 months),,不明,,,6,19,0,2026-09-10 20:01,2026-10-09 00:00,,,https://www.youtube.com/channel/UC8PueWb0A72v-cU6izJli6w
UC725Fba-vxhu7l2mb-wRJ8Q,@けん-Ly93,6,6ヶ月,Member (6 months),,不明,,,6,11,0,2026-09-10 20:01,2026-09-29 17:30,,,https://www.youtube.com/channel/UC725Fba-vxhu7l2mb-wRJ8Q
UC3sOk7S-MlbFRpC5HzNkjVA,@i_ko_mi_ki08,6,6ヶ月,Member (6 months),,不明,,,6,262,0,2026-09-10 20:01,2026-10-09 00:00,,,https://www.youtube.com/channel/UC3sOk7S-MlbFRpC5HzNkjVA
UCI8p_JNR_qXqt8ySdYqq-mw,@Kukiku-z7d,6,6ヶ月,Member (6 months),,不明,,,6,13,0,2026-09-10 20:01,2026-10-07 17:00,,,https://www.youtube.com/channel/UCI8p_JNR_qXqt8ySdYqq-mw
UCv2GNiz57PDj6h81Ij1cKUg,@ミオ-d7d,6,6ヶ月,Member (6 months),,不明,,,6,55,0,2026-09-16 20:30,2026-10-09 00:00,,,https://www.youtube.com/channel/UCv2GNiz57PDj6h81Ij1cKUg
UCeHMVAaXLMmRDTnQU4e5QGQ,@pino_nuts,6,6ヶ月,Member (6 months),,不明,,,6,16,0,2026-09-16 20:30,2026-10-05 20:00,,,https://www.youtube.com/channel/UCeHMVAaXLMmRDTnQU4e5QGQ
UCHruO8IqGfxh6vwKEmkbDMQ,@chikataroow,6,6ヶ月,Member (6 months),,不明,,,6,25,0,2026-09-17 18:01,2026-10-09 00:00,,,https://www.youtube.com/channel/UCHruO8IqGfxh6vwKEmkbDMQ
UC5OaLDsQDR-ZO0JHw-_zGRg,@キノコーコ,6,6ヶ月,Member (6 months),,不明,,,6,26,0,2026-09-19 20:00,2026-10-05 20:00,,,https://www.youtube.com/channel/UC5OaLDsQDR-ZO0JHw-_zGRg
UCQN3bx2HFKaXDsyrukL30cw,@nqlxx0,6,6ヶ月,Member (6 months),,Diner,再加入/レベル変更（2026-09-07）,,5,15,0,2026-09-10 20:01,2026-10-03 12:45,,,https://www.youtube.com/channel/UCQN3bx2HFKaXDsyrukL30cw
UCsWGnaX55As9iOsRsLZhrEw,@珈琲豆-j6t,6,6ヶ月,Member (6 months),,不明,,,5,155,0,2026-09-10 20:01,2026-09-20 19:02,,,https://www.youtube.com/channel/UCsWGnaX55As9iOsRsLZhrEw
UCMjuZmrNcIJiGAHDw0uR_pA,@いつき-fk,6,6ヶ月,Member (6 months),,不明,,,5,92,0,2026-09-10 20:01,2026-10-09 00:00,,,https://www.youtube.com/channel/UCMjuZmrNcIJiGAHDw0uR_pA
UCml8CI87y6zc2wwfaSGewLQ,@ymgiiiiiiiiii,6,6ヶ月,Member (6 months),,不明,,,5,32,0,2026-09-10 20:01,2026-10-05 20:00,,,https://www.youtube.com/channel/UCml8CI87y6zc2wwfaSGewLQ
UCFy3HhYGi9TBtZ5tc3RczLA,@らぴすら-t2u,6,6ヶ月,Member (6 months),,不明,,,5,17,0,2026-09-10 20:01,2026-10-05 20:00,,,https://www.youtube.com/channel/UCFy3HhYGi9TBtZ5tc3RczLA
UCfcyj3vsH5T8SSboDX0wCeg,@緣下綠,6,6ヶ月,Member (6 months),,不明,,,5,9,0,2026-09-10 20:01,2026-10-05 20:00,,,https://www.youtube.com/channel/UCfcyj3vsH5T8SSboDX0wCeg
UC7ZSYEaIh2TVXtLWeMBUgCw,@hetapipi,6,6ヶ月,Member (6 months),,不明,,,5,11,0,2026-09-11 19:31,2026-10-07 17:00,,,https://www.youtube.com/channel/UC7ZSYEaIh2TVXtLWeMBUgCw
UCwgLr-eorwq2HaHe85zV3Ag,@ろきぷ,6,6ヶ月,Member (6 months),,不明,,,5,7,0,2026-09-11 19:31,2026-10-05 20:00,,,https://www.youtube.com/channel/UCwgLr-eorwq2HaHe85zV3Ag
UCOwEyEuJpeRSIw2-NxeGQhA,@彩翔_aya1216,6,6ヶ月,Member (6 months),,不明,,,5,129,0,2026-09-11 19:31,2026-10-09 00:00,,,https://www.youtube.com/channel/UCOwEyEuJpeRSIw2-NxeGQhA
UCoP4cNmS3Tv2RvXdOQ6LpaA,@Jの熊耳になったきょん,6,6ヶ月,Member (6 months),,不明,,,5,24,0,2026-09-11 19:31,2026-10-05 20:00,,,https://www.youtube.com/channel/UCoP4cNmS3Tv2RvXdOQ6LpaA
UCkgv6IZPqIAxwlZUZQOCXYQ,@くのくるみ,6,6ヶ月,Member (6 months),,不明,,,5,27,0,2026-09-11 19:31,2026-10-09 00:00,,,https://www.youtube.com/channel/UCkgv6IZPqIAxwlZUZQOCXYQ
UCBkFLT5HmwSN3Au9KvHK8FQ,@ぴの-j8y,6,6ヶ月,Member (6 months),,不明,,,5,28,0,2026-09-11 19:31,2026-10-09 00:00,,,https://www.youtube.com/channel/UCBkFLT5HmwSN3Au9KvHK8FQ
UCkAI7as8B9HwEzWb-bWL6zA,@ぺこ110.5,6,6ヶ月,Member (6 months),,不明,,,5,24,0,2026-09-11 19:31,2026-10-09 00:00,,,https://www.youtube.com/channel/UCkAI7as8B9HwEzWb-bWL6zA
UCXmoC1TZjkqRyFYoH-01VRA,@s1e-r9p,6,6ヶ月,Member (6 months),,不明,,,5,30,0,2026-09-14 21:45,2026-10-09 00:00,,,https://www.youtube.com/channel/UCXmoC1TZjkqRyFYoH-01VRA
UC6ljTH_8VlEw9zwCVuotYqw,@ENNN-x6v,6,6ヶ月,Member (6 months),,不明,,,5,17,0,2026-09-14 21:45,2026-10-03 12:45,,,https://www.youtube.com/channel/UC6ljTH_8VlEw9zwCVuotYqw
UCbOzPwoeuGEVq7xij1LvK4A,@SHUN-0057,6,6ヶ月,Member (6 months),,不明,,,5,10,0,2026-09-14 21:45,2026-09-23 13:01,,,https://www.youtube.com/channel/UCbOzPwoeuGEVq7xij1LvK4A
UCwCbUW2OJigX3_TEsOBrzsQ,@ikw_276,6,6ヶ月,Member (6 months),,不明,,,5,27,0,2026-09-16 20:30,2026-10-09 00:00,,,https://www.youtube.com/channel/UCwCbUW2OJigX3_TEsOBrzsQ
UC3XXrbpiF0g2rTUUm6lzRyg,@うたう_oxo,6,6ヶ月,Member (6 months),,不明,,,5,70,0,2026-09-17 18:01,2026-10-03 12:45,,,https://www.youtube.com/channel/UC3XXrbpiF0g2rTUUm6lzRyg
UCGRWTQEXebaebmkWx-CKz0w,@17号-t6c,6,6ヶ月,Member (6 months),,不明,,,5,203,0,2026-09-18 20:00,2026-10-09 00:00,,,https://www.youtube.com/channel/UCGRWTQEXebaebmkWx-CKz0w
UCkUevqjX5-YAnPJBFCTPffg,@otome4273,6,6ヶ月,Member (6 months),,不明,,,5,13,0,2026-09-19 20:00,2026-10-03 12:45,,,https://www.youtube.com/channel/UCkUevqjX5-YAnPJBFCTPffg
UCyvLKPK79YixSaiFHxKxCTA,@ちらしずし-w1j,6,6ヶ月,Member (6 months),,不明,,,4,38,0,2026-09-10 20:01,2026-10-09 00:00,,,https://www.youtube.com/channel/UCyvLKPK79YixSaiFHxKxCTA
UC2IJmB_B0amlXhY9MWHUnwQ,@ohana__,6,6ヶ月,Member (6 months),,不明,,,4,4,0,2026-09-10 20:01,2026-10-05 20:00,,,https://www.youtube.com/channel/UC2IJmB_B0amlXhY9MWHUnwQ
UC__fVmNPMCz1SfSUINDzKIA,@ととろん-l1m,6,6ヶ月,Member (6 months),,不明,,,4,4,0,2026-09-11 19:31,2026-10-09 00:00,,,https://www.youtube.com/channel/UC__fVmNPMCz1SfSUINDzKIA
UCdFsG66iukU0MDgxfL7nmmQ,@きなこもち-3,6,6ヶ月,Member (6 months),,不明,,,4,45,0,2026-09-11 19:31,2026-10-05 20:00,,,https://www.youtube.com/channel/UCdFsG66iukU0MDgxfL7nmmQ
UC_OUt_WbUXdBF8bxjtmUp2A,@iiio1723,6,6ヶ月,Member (6 months),,不明,,,4,18,0,2026-09-11 19:31,2026-09-21 21:02,,,https://www.youtube.com/channel/UC_OUt_WbUXdBF8bxjtmUp2A
UCrf_mGZgQqoLQdP_uXINlaw,@ブチャNT,6,6ヶ月,Member (6 months),,不明,,,4,64,0,2026-09-14 21:45,2026-10-07 17:00,,,https://www.youtube.com/channel/UCrf_mGZgQqoLQdP_uXINlaw
UC-nQR3XybFv60Y-MF1gHkdw,@kenchan0525,6,6ヶ月,Member (6 months),,不明,,,4,5,0,2026-09-14 21:45,2026-10-03 12:45,,,https://www.youtube.com/channel/UC-nQR3XybFv60Y-MF1gHkdw
UCUDH8ZmfM4XjzTQt1MnpVSg,@hinaaaaa-zzz,6,6ヶ月,Member (6 months),,不明,,,4,5,0,2026-09-17 18:01,2026-10-09 00:00,,,https://www.youtube.com/channel/UCUDH8ZmfM4XjzTQt1MnpVSg
UCOg8zf5ncZYG7wHOfqwGEGA,@me-toru39,6,6ヶ月,Member (6 months),,不明,,,4,32,0,2026-09-19 20:00,2026-10-09 00:00,,,https://www.youtube.com/channel/UCOg8zf5ncZYG7wHOfqwGEGA
UCc-exp9bCQ-8N_BUQ0o9Axw,@星屑ロゼ,6,6ヶ月,Member (6 months),,不明,,,4,47,0,2026-09-19 20:00,2026-10-09 00:00,,,https://www.youtube.com/channel/UCc-exp9bCQ-8N_BUQ0o9Axw
UCqmoAP-htu5ltN_dd9V43zQ,@しんゆ111,6,6ヶ月,Member (6 months),,不明,,,4,27,0,2026-09-21 21:02,2026-10-09 00:00,,,https://www.youtube.com/channel/UCqmoAP-htu5ltN_dd9V43zQ
UCPc99aFGj-WpjmuoyREXwYA,@melty2263,6,6ヶ月,Member (6 months),,不明,,,4,46,0,2026-09-30 18:00,2026-10-09 00:00,,,https://www.youtube.com/channel/UCPc99aFGj-WpjmuoyREXwYA
UCs7Z9-WXUpweDLHXJG6Qo2Q,@脇の下フェアリー,6,6ヶ月,Member (6 months),,不明,,,3,5,1,2026-09-10 20:01,2026-09-20 19:02,,,https://www.youtube.com/channel/UCs7Z9-WXUpweDLHXJG6Qo2Q
UCbbTFsi5Achk_GBrkdFKgbg,@ありぃぃ,6,6ヶ月,Member (6 months),,不明,,,3,6,0,2026-09-10 20:01,2026-10-05 20:00,,,https://www.youtube.com/channel/UCbbTFsi5Achk_GBrkdFKgbg
UCe6_4N4J83oRu8zGyr2EQEQ,@nqqqql_s2,6,6ヶ月,Member (6 months),,不明,,,3,9,0,2026-09-10 20:01,2026-09-16 20:30,,,https://www.youtube.com/channel/UCe6_4N4J83oRu8zGyr2EQEQ
UCouwW5f7HeDJZ4y5BKP3roQ,@sora-sl9jl,6,6ヶ月,Member (6 months),7,Diner,マイルストーン,,3,7,0,2026-09-10 20:01,2026-10-09 00:00,,,https://www.youtube.com/channel/UCouwW5f7HeDJZ4y5BKP3roQ
UC88AtzrglmFcc3xE8B0c5Lg,@奈琉葉_04,6,6ヶ月,Member (6 months),,不明,,,3,18,0,2026-09-10 20:01,2026-09-20 19:02,,,https://www.youtube.com/channel/UC88AtzrglmFcc3xE8B0c5Lg
UCGNTQ7bfaJoysfqZt0DDQ0w,@があらん堂,6,6ヶ月,Member (6 months),,不明,,,3,3,0,2026-09-10 20:01,2026-10-09 00:00,,,https://www.youtube.com/channel/UCGNTQ7bfaJoysfqZt0DDQ0w
UCzMGGUjKCDeIdsmgmjaN_zQ,@RITA-cd2zs,6,6ヶ月,Member (6 months),,不明,,,3,5,0,2026-09-10 20:01,2026-09-27 18:02,,,https://www.youtube.com/channel/UCzMGGUjKCDeIdsmgmjaN_zQ
UCmEXyC8dUPQPew0WlClFmvw,@Aira0325,6,6ヶ月,Member (6 months),,不明,,,3,16,0,2026-09-11 19:31,2026-10-09 00:00,,,https://www.youtube.com/channel/UCmEXyC8dUPQPew0WlClFmvw
UCMdzaM4MW70d23YUC5Muj_g,@矢島きり,6,6ヶ月,Member (6 months),,不明,,,3,4,0,2026-09-11 19:31,2026-09-21 21:02,,,https://www.youtube.com/channel/UCMdzaM4MW70d23YUC5Muj_g
UC7qvhNkp_yvA-u3BS_fs4jQ,@aoiumin,6,6ヶ月,Member (6 months),,不明,,,3,5,0,2026-09-14 21:45,2026-10-09 00:00,,,https://www.youtube.com/channel/UC7qvhNkp_yvA-u3BS_fs4jQ
UCOH_XIDQ7cgqvo6XNQGYUVg,@Nana-tkhss,6,6ヶ月,Member (6 months),,不明,,,3,3,0,2026-09-14 21:45,2026-09-27 18:02,,,https://www.youtube.com/channel/UCOH_XIDQ7cgqvo6XNQGYUVg
UCmaI0K5Lw14v-tjOwDSlvOA,@syon800,6,6ヶ月,Member (6 months),,不明,,,3,5,0,2026-09-16 20:30,2026-10-09 00:00,,,https://www.youtube.com/channel/UCmaI0K5Lw14v-tjOwDSlvOA
UCQ6n77CgKAYNhUa0f9X3uwA,@柔餅に砂糖醤油,6,6ヶ月,Member (6 months),,不明,,,3,54,3,2026-09-18 20:00,2026-09-27 18:02,,,https://www.youtube.com/channel/UCQ6n77CgKAYNhUa0f9X3uwA
UC20Ntku9FTZWaweb44i6AIA,@sora_dare,6,6ヶ月,Member (6 months),,不明,,,3,4,0,2026-09-18 20:00,2026-10-02 20:15,,,https://www.youtube.com/channel/UC20Ntku9FTZWaweb44i6AIA
UCmI5ibYEIUbBpR6Nl-WbiYQ,@みお_xxmio,6,6ヶ月,Member (6 months),,不明,,,3,16,0,2026-09-19 20:00,2026-10-09 00:00,,,https://www.youtube.com/channel/UCmI5ibYEIUbBpR6Nl-WbiYQ
UC2K9Z1ft90tZaXJOo5xVZBQ,@asakkyura,6,6ヶ月,Member (6 months),,不明,,,3,5,0,2026-09-21 21:02,2026-10-09 00:00,,,https://www.youtube.com/channel/UC2K9Z1ft90tZaXJOo5xVZBQ
UCB3xa6GMN1Wur_HbJb2W6Ww,@に宇,6,6ヶ月,Member (6 months),,不明,,,3,3,0,2026-09-22 20:01,2026-10-09 00:00,,,https://www.youtube.com/channel/UCB3xa6GMN1Wur_HbJb2W6Ww
UCBjn3AEm0e0e3q7PF0PCkKA,@ダイナマイトBIGおにぎり,6,6ヶ月,Member (6 months),,不明,,,3,6,0,2026-09-27 18:02,2026-10-09 00:00,,,https://www.youtube.com/channel/UCBjn3AEm0e0e3q7PF0PCkKA
UCUp4GS7oVajQKrp0i9tjaDw,@もみじm10-11y,6,6ヶ月,Member (6 months),,不明,,,3,10,0,2026-09-27 18:02,2026-10-09 00:00,,,https://www.youtube.com/channel/UCUp4GS7oVajQKrp0i9tjaDw
UCSTUAbuslQHgKDKehv8Osyg,@あやか-has02,6,6ヶ月,Member (6 months),,不明,,,3,7,0,2026-09-27 18:02,2026-10-09 00:00,,,https://www.youtube.com/channel/UCSTUAbuslQHgKDKehv8Osyg
UCSxF2cqdY6hqKRjMRT-L0GA,@ぱんぷきん-q9u,6,6ヶ月,Member (6 months),,不明,,,3,4,0,2026-09-29 17:30,2026-10-05 20:00,,,https://www.youtube.com/channel/UCSxF2cqdY6hqKRjMRT-L0GA
UC0LV0QYYT-q7glsycpj8pmw,@wc1496,6,6ヶ月,Member (6 months),,不明,,,3,20,0,2026-10-03 12:45,2026-10-09 00:00,,,https://www.youtube.com/channel/UC0LV0QYYT-q7glsycpj8pmw
UCQlX5cFlvQ-8Ltk29D2LUWg,@ANG9URATTI,6,6ヶ月,Member (6 months),,不明,,,3,25,0,2026-10-03 12:45,2026-10-09 00:00,,,https://www.youtube.com/channel/UCQlX5cFlvQ-8Ltk29D2LUWg
UCaCoUX_c5yFmaxY-FHl5MiQ,@紅月キサラ,6,6ヶ月,Member (6 months),,不明,,,2,8,1,2026-09-10 20:01,2026-09-20 19:02,,,https://www.youtube.com/channel/UCaCoUX_c5yFmaxY-FHl5MiQ
UCiVDQLXTF3L9aOEqhzV0yAQ,@さくれ_390,6,6ヶ月,Member (6 months),,不明,,,2,3,0,2026-09-10 20:01,2026-09-14 21:45,,,https://www.youtube.com/channel/UCiVDQLXTF3L9aOEqhzV0yAQ
UCbe6fXsU9jO1s1GabPVjVSA,@いかみそ炒め,6,6ヶ月,Member (6 months),,不明,,,2,3,0,2026-09-10 20:01,2026-10-05 20:00,,,https://www.youtube.com/channel/UCbe6fXsU9jO1s1GabPVjVSA
UCmyvDE3I38bu70iRy6vxlYQ,@tatuminけけぴ,6,6ヶ月,Member (6 months),,不明,,,2,4,1,2026-09-10 20:01,2026-09-20 19:02,,,https://www.youtube.com/channel/UCmyvDE3I38bu70iRy6vxlYQ
UCUI_0bpZor9FwU5e1noiveg,@かぼちゃの煮物いとうまし,6,6ヶ月,Member (6 months),,不明,,,2,3,0,2026-09-10 20:01,2026-09-20 19:02,,,https://www.youtube.com/channel/UCUI_0bpZor9FwU5e1noiveg
UCf263kuqnVrMVjGcqjHhW5Q,@pozimy,6,6ヶ月,Member (6 months),,不明,,,2,5,0,2026-09-10 20:01,2026-10-09 00:00,,,https://www.youtube.com/channel/UCf263kuqnVrMVjGcqjHhW5Q
UCw43S9QzgkV-IDCe8cwqsSQ,@U-j4t,6,6ヶ月,Member (6 months),,不明,,,2,2,0,2026-09-11 19:31,2026-10-09 00:00,,,https://www.youtube.com/channel/UCw43S9QzgkV-IDCe8cwqsSQ
UCEyLUhOScGKbmLXqOA_FMiA,@きゅるもち,6,6ヶ月,Member (6 months),,不明,,,2,3,0,2026-09-11 19:31,2026-09-19 20:00,,,https://www.youtube.com/channel/UCEyLUhOScGKbmLXqOA_FMiA
UCEcLpu-vatRATVnjdLpzR3g,@じじ-x8r,6,6ヶ月,Member (6 months),,不明,,,2,2,0,2026-09-14 21:45,2026-10-09 00:00,,,https://www.youtube.com/channel/UCEcLpu-vatRATVnjdLpzR3g
UCTc0fLx7upNzAy9SUbaoOVQ,@ゆきちょ-1525,6,6ヶ月,Member (6 months),,不明,,,2,2,0,2026-09-14 21:45,2026-09-29 17:30,,,https://www.youtube.com/channel/UCTc0fLx7upNzAy9SUbaoOVQ
UCGelMtL8vZ8e5nxp4NByotQ,@焼き寿司00,6,6ヶ月,Member (6 months),,不明,,,2,3,0,2026-09-16 20:30,2026-10-02 20:15,,,https://www.youtube.com/channel/UCGelMtL8vZ8e5nxp4NByotQ
UCn72Q8-nOYUaSErky_zF5Ig,@ぺちょ,6,6ヶ月,Member (6 months),,不明,,,2,3,0,2026-09-16 20:30,2026-09-20 19:02,,,https://www.youtube.com/channel/UCn72Q8-nOYUaSErky_zF5Ig
UCxjpxhNKpPe0KS4jlxq0X8Q,@sanunu-15,6,6ヶ月,Member (6 months),,不明,,,2,2,0,2026-09-16 20:30,2026-09-19 20:00,,,https://www.youtube.com/channel/UCxjpxhNKpPe0KS4jlxq0X8Q
UCTIiNaiUxtZD71lUEXQLbMg,@oshioshio_oshio,6,6ヶ月,Member (6 months),,不明,,,2,2,0,2026-09-17 18:01,2026-09-30 18:00,,,https://www.youtube.com/channel/UCTIiNaiUxtZD71lUEXQLbMg
UCLdiVDow9mTmkucLXNzrgpw,@furuペン,6,6ヶ月,Member (6 months),,不明,,,2,41,0,2026-09-18 20:00,2026-09-20 19:02,,,https://www.youtube.com/channel/UCLdiVDow9mTmkucLXNzrgpw
UC-RrGrBEAQz6JnQ27u6u5Ag,@あかり32,6,6ヶ月,Member (6 months),,不明,,,2,152,0,2026-09-19 20:00,2026-10-09 00:00,,,https://www.youtube.com/channel/UC-RrGrBEAQz6JnQ27u6u5Ag
UCR260tQAOo2XSSA0jP_skzA,@鴉-j9c,6,6ヶ月,Member (6 months),,不明,,,2,2,0,2026-09-19 20:00,2026-09-29 17:30,,,https://www.youtube.com/channel/UCR260tQAOo2XSSA0jP_skzA
UCVsz9OGqycp19lCREJgYd_g,@maya-r9r8x,6,6ヶ月,Member (6 months),,不明,,,2,3,0,2026-09-20 19:02,2026-09-26 20:00,,,https://www.youtube.com/channel/UCVsz9OGqycp19lCREJgYd_g
UCjLu2GLQXEkGj3zKJr0IdRw,@はるにゃ-g5p,6,6ヶ月,Member (6 months),,不明,,,2,2,0,2026-09-20 19:02,2026-10-09 00:00,,,https://www.youtube.com/channel/UCjLu2GLQXEkGj3zKJr0IdRw
UCD92phwOT_nb6s1AtJY8kVA,@to-ro-mi,6,6ヶ月,Member (6 months),,不明,,,2,2,0,2026-09-21 21:02,2026-09-26 20:00,,,https://www.youtube.com/channel/UCD92phwOT_nb6s1AtJY8kVA
UCih78MQCzQ3PIi7TqSgvDTg,@なあみ-d3g,6,6ヶ月,Member (6 months),,不明,,,2,136,0,2026-09-22 20:01,2026-10-09 00:00,,,https://www.youtube.com/channel/UCih78MQCzQ3PIi7TqSgvDTg
UCyWOw6OCrooKl_o02682arA,@ponzy_4,6,6ヶ月,Member (6 months),,不明,,,2,2,0,2026-09-23 13:01,2026-10-09 00:00,,,https://www.youtube.com/channel/UCyWOw6OCrooKl_o02682arA
UC_W3z7cpmro8dd2LoiFS3Yw,@ぽいぽい-c2f,6,6ヶ月,Member (6 months),,不明,,,2,14,0,2026-09-27 18:02,2026-10-05 20:00,,,https://www.youtube.com/channel/UC_W3z7cpmro8dd2LoiFS3Yw
UCsXGXsk1wS2BUhfmAgX5kmg,@いぬ-o2j,6,6ヶ月,Member (6 months),,不明,,,2,5,0,2026-09-27 18:02,2026-10-09 00:00,,,https://www.youtube.com/channel/UCsXGXsk1wS2BUhfmAgX5kmg
UCxl0ccrm6R2yRc7aVgGtgmQ,@なら__knt177,6,6ヶ月,Member (6 months),,不明,,,2,14,0,2026-10-05 20:00,2026-10-09 00:00,,,https://www.youtube.com/channel/UCxl0ccrm6R2yRc7aVgGtgmQ
UCsduZdYIz9jYyeOQwfPP65A,@chamo_tktr,6,6ヶ月,Member (6 months),,不明,,,2,155,0,2026-10-05 20:00,2026-10-09 00:00,,,https://www.youtube.com/channel/UCsduZdYIz9jYyeOQwfPP65A
UCM7cdhdnkZR6lPGcucew9sg,@ssstsuki,6,6ヶ月,Member (6 months),,不明,,,2,13,0,2026-10-05 20:00,2026-10-09 00:00,,,https://www.youtube.com/channel/UCM7cdhdnkZR6lPGcucew9sg
UC1clFJ4Qw2Kmp9faM8d81cw,@cyanです,6,6ヶ月,Member (6 months),,不明,,,2,24,0,2026-10-05 20:00,2026-10-09 00:00,,,https://www.youtube.com/channel/UC1clFJ4Qw2Kmp9faM8d81cw
UCrkbYfZKoNaIUvlWWnqeVjA,@まめるり_o,6,6ヶ月,Member (6 months),,不明,,,2,7,0,2026-10-05 20:00,2026-10-09 00:00,,,https://www.youtube.com/channel/UCrkbYfZKoNaIUvlWWnqeVjA
UCM_fA0u6nIFoiiT4u9N0MGQ,@しちもと,6,6ヶ月,Member (6 months),,不明,,,1,1,0,2026-09-10 20:01,2026-09-10 20:01,,,https://www.youtube.com/channel/UCM_fA0u6nIFoiiT4u9N0MGQ
UC-gMc6yrhFn4vJEEk93OMvQ,@a_mmm_.,6,6ヶ月,Member (6 months),,不明,,,1,5,0,2026-09-11 19:31,2026-09-11 19:31,,,https://www.youtube.com/channel/UC-gMc6yrhFn4vJEEk93OMvQ
UCRqBdYVf829aDwFNh147uwQ,@花香実-はなかみ,6,6ヶ月,Member (6 months),,不明,,,1,6,0,2026-09-11 19:31,2026-09-11 19:31,,,https://www.youtube.com/channel/UCRqBdYVf829aDwFNh147uwQ
UCaCtzF-Qyj4zYUPAZV4l9nw,@o3o-quq,6,6ヶ月,Member (6 months),,不明,,,1,4,0,2026-09-11 19:31,2026-09-11 19:31,,,https://www.youtube.com/channel/UCaCtzF-Qyj4zYUPAZV4l9nw
UC5kgHSSqZ3acdFoFw9yMWMw,@송이-x2t,6,6ヶ月,Member (6 months),,不明,,,1,1,0,2026-09-11 19:31,2026-09-11 19:31,,,https://www.youtube.com/channel/UC5kgHSSqZ3acdFoFw9yMWMw
UCkyDNkKyNx9lq5clpGLkUDg,@生姜ポン酢,6,6ヶ月,Member (6 months),,不明,,,1,1,0,2026-09-11 19:31,2026-09-11 19:31,,,https://www.youtube.com/channel/UCkyDNkKyNx9lq5clpGLkUDg
UCpXPWH4qJWEFxPh5EkKzj4Q,@yukkey3376,6,6ヶ月,Member (6 months),,不明,,,1,1,0,2026-09-11 19:31,2026-09-11 19:31,,,https://www.youtube.com/channel/UCpXPWH4qJWEFxPh5EkKzj4Q
UC0Ild80209ipC4w7ug-CsMQ,@モン-t9n,6,6ヶ月,Member (6 months),,不明,,,1,1,0,2026-09-11 19:31,2026-09-11 19:31,,,https://www.youtube.com/channel/UC0Ild80209ipC4w7ug-CsMQ
UCrpI7LoU4pY_cIN3V0EvXpQ,@x_x_lov,6,6ヶ月,Member (6 months),,不明,,,1,1,0,2026-09-14 21:45,2026-09-14 21:45,,,https://www.youtube.com/channel/UCrpI7LoU4pY_cIN3V0EvXpQ
UCKhHvTGeXUXczqqfjGrDsyA,@Kota_____tsuuuu,6,6ヶ月,Member (6 months),,不明,,,1,1,0,2026-09-14 21:45,2026-09-14 21:45,,,https://www.youtube.com/channel/UCKhHvTGeXUXczqqfjGrDsyA
UCNibl0kxfY_cFpC_QjzToKg,@じーあーるさん,6,6ヶ月,Member (6 months),,不明,,,1,2,0,2026-09-16 20:30,2026-09-16 20:30,,,https://www.youtube.com/channel/UCNibl0kxfY_cFpC_QjzToKg
UCRXUL0rUWHN_JtFqp4OFVdg,@yuki--uxu,6,6ヶ月,Member (6 months),,不明,,,1,1,0,2026-09-17 18:01,2026-09-17 18:01,,,https://www.youtube.com/channel/UCRXUL0rUWHN_JtFqp4OFVdg
UC-zEet_lEFf2TNDZH3NLp8A,@Kei615naaaa,6,6ヶ月,Member (6 months),,Diner,再加入/レベル変更,,1,0,0,2026-09-17 18:01,2026-09-17 18:01,,,https://www.youtube.com/channel/UC-zEet_lEFf2TNDZH3NLp8A
UCVveYeIGx9FNKW0qP4n1EHw,@yuっぴ,6,6ヶ月,Member (6 months),,不明,,,1,1,0,2026-09-19 20:00,2026-09-19 20:00,,,https://www.youtube.com/channel/UCVveYeIGx9FNKW0qP4n1EHw
UCgTYDtBdolE10tH6mf_FRPg,@sy-fo6jr,6,6ヶ月,Member (6 months),,不明,,,1,62,0,2026-09-19 20:00,2026-09-19 20:00,,,https://www.youtube.com/channel/UCgTYDtBdolE10tH6mf_FRPg
UCWDxaWZj3RRZ6VwA1YC_tWQ,@moriaa6,6,6ヶ月,Member (6 months),,不明,,,1,4,0,2026-09-19 20:00,2026-09-19 20:00,,,https://www.youtube.com/channel/UCWDxaWZj3RRZ6VwA1YC_tWQ
UCOPcDXtbLq6Z9xfTTKp5x8Q,@はな-e6z7f,6,6ヶ月,Member (6 months),,不明,,,1,1,0,2026-09-19 20:00,2026-09-19 20:00,,,https://www.youtube.com/channel/UCOPcDXtbLq6Z9xfTTKp5x8Q
UC1UzMHlo-yiVlMS4g_M2HEA,@lr_ro_1021,6,6ヶ月,Member (6 months),,不明,,,1,1,0,2026-09-20 19:02,2026-09-20 19:02,,,https://www.youtube.com/channel/UC1UzMHlo-yiVlMS4g_M2HEA
UCBPCK7pp_x4IvoXYGF77SWA,@absolanai,6,6ヶ月,Member (6 months),,不明,,,1,1,0,2026-09-20 19:02,2026-09-20 19:02,,,https://www.youtube.com/channel/UCBPCK7pp_x4IvoXYGF77SWA
UCGXbyqUQH6Ymr7FNKkUD4sw,@しん-xxx10ri,6,6ヶ月,Member (6 months),,不明,,,1,3,0,2026-09-21 21:02,2026-09-21 21:02,,,https://www.youtube.com/channel/UCGXbyqUQH6Ymr7FNKkUD4sw
UCbmVE1GFUcxt8MZuZ9sR15w,@snow_petalo,6,6ヶ月,Member (6 months),,不明,,,1,24,0,2026-09-22 20:01,2026-09-22 20:01,,,https://www.youtube.com/channel/UCbmVE1GFUcxt8MZuZ9sR15w
UC07cylGz9JTOMrbr5R7Rbug,@다디Dadi,6,6ヶ月,Member (6 months),,不明,,,1,1,0,2026-09-22 20:01,2026-09-22 20:01,,,https://www.youtube.com/channel/UC07cylGz9JTOMrbr5R7Rbug
UClpZUFSyhjkAkr2_DMKS2Iw,@りせ-p6m,6,6ヶ月,Member (6 months),,不明,,,1,1,0,2026-09-22 20:01,2026-09-22 20:01,,,https://www.youtube.com/channel/UClpZUFSyhjkAkr2_DMKS2Iw
UCmlczRcLEVA37OyWe37UWPg,@r1n_w0nderfu1,6,6ヶ月,Member (6 months),,不明,,,1,1,0,2026-09-26 20:00,2026-09-26 20:00,,,https://www.youtube.com/channel/UCmlczRcLEVA37OyWe37UWPg
UCWkffc4Pa3BqY15lf47hGmw,@そ_mochi,6,6ヶ月,Member (6 months),,不明,,,1,1,0,2026-09-26 20:00,2026-09-26 20:00,,,https://www.youtube.com/channel/UCWkffc4Pa3BqY15lf47hGmw
UC4BWCH_qD0s-P1HRBaPbWbw,@柘榴_z4kur0,6,6ヶ月,Member (6 months),,不明,,,1,1,0,2026-09-27 18:02,2026-09-27 18:02,,,https://www.youtube.com/channel/UC4BWCH_qD0s-P1HRBaPbWbw
UCTQlxVnpdHIv8wXTdhzoGTg,@にょんll,6,6ヶ月,Member (6 months),,不明,,,1,2,0,2026-09-27 18:02,2026-09-27 18:02,,,https://www.youtube.com/channel/UCTQlxVnpdHIv8wXTdhzoGTg
UCwc1bDOHy8fnbyRCaWCW-2A,@かじっちゅv3,6,6ヶ月,Member (6 months),,不明,,,1,1,0,2026-09-27 18:02,2026-09-27 18:02,,,https://www.youtube.com/channel/UCwc1bDOHy8fnbyRCaWCW-2A
UCfS73CMYEIdA3-84nM9Dq0A,@fuxwarin,6,6ヶ月,Member (6 months),,不明,,,1,1,0,2026-09-27 18:02,2026-09-27 18:02,,,https://www.youtube.com/channel/UCfS73CMYEIdA3-84nM9Dq0A
UCqwkTETBMJ7QR5zQki3iVew,@犬伏幸村-ゆきむら,6,6ヶ月,Member (6 months),,不明,,,1,46,0,2026-09-27 18:02,2026-09-27 18:02,,,https://www.youtube.com/channel/UCqwkTETBMJ7QR5zQki3iVew
UCH-Z0B4nvnhtTWWUq6yVNDA,@Souta__5.21,6,6ヶ月,Member (6 months),,不明,,,1,1,0,2026-09-27 18:02,2026-09-27 18:02,,,https://www.youtube.com/channel/UCH-Z0B4nvnhtTWWUq6yVNDA
UCBRsVtyYtiMKvEGuyg1TT9w,@karossene,6,6ヶ月,Member (6 months),,不明,,,1,1,0,2026-09-27 18:02,2026-09-27 18:02,,,https://www.youtube.com/channel/UCBRsVtyYtiMKvEGuyg1TT9w
UC9tBMlvJIVaV0I_Kqb4rN5Q,@あいう9s21g,6,6ヶ月,Member (6 months),,Diner,再加入/レベル変更,,1,0,0,2026-09-27 18:02,2026-09-27 18:02,,,https://www.youtube.com/channel/UC9tBMlvJIVaV0I_Kqb4rN5Q
UCfsdB0rT5RL_dTkjynwDTpw,@まなみ-r4w,6,6ヶ月,Member (6 months),,Diner,再加入/レベル変更,,1,0,0,2026-09-27 18:02,2026-09-27 18:02,,,https://www.youtube.com/channel/UCfsdB0rT5RL_dTkjynwDTpw
UCmB_VniLpavQmbOH_QyD0qA,@kuyamondo,6,6ヶ月,Member (6 months),,不明,,,1,1,0,2026-09-30 18:00,2026-09-30 18:00,,,https://www.youtube.com/channel/UCmB_VniLpavQmbOH_QyD0qA
UC0RZlHhol0-OCnaoFU3n3yw,@よくぐずる田中,6,6ヶ月,Member (6 months),,Diner,再加入/レベル変更,,1,0,0,2026-09-30 18:00,2026-09-30 18:00,,,https://www.youtube.com/channel/UC0RZlHhol0-OCnaoFU3n3yw
UC4zBAor74R2DGyYIgQ6TW_g,@sunnybear512,6,6ヶ月,Member (6 months),,不明,,,1,3,0,2026-10-02 20:15,2026-10-02 20:15,,,https://www.youtube.com/channel/UC4zBAor74R2DGyYIgQ6TW_g
UCf_LVNByz8OlsX43cegE0VQ,@현정-b9z,6,6ヶ月,Member (6 months),,Diner,再加入/レベル変更,,1,0,0,2026-10-02 20:15,2026-10-02 20:15,,,https://www.youtube.com/channel/UCf_LVNByz8OlsX43cegE0VQ
UCYuQNWS1anJ1GgsbnuusJfQ,@ffccxd,6,6ヶ月,Member (6 months),,不明,,,1,1,0,2026-10-03 12:45,2026-10-03 12:45,,,https://www.youtube.com/channel/UCYuQNWS1anJ1GgsbnuusJfQ
UCJC9FV5vRzcFjuE9NXSsm9w,@なろ-o6u,6,6ヶ月,Member (6 months),,不明,,,1,3,0,2026-10-03 12:45,2026-10-03 12:45,,,https://www.youtube.com/channel/UCJC9FV5vRzcFjuE9NXSsm9w
UCsDgBNETHFwqYmuNc4_9SqA,@tomori-15,6,6ヶ月,Member (6 months),,不明,,,1,1,0,2026-10-03 12:45,2026-10-03 12:45,,,https://www.youtube.com/channel/UCsDgBNETHFwqYmuNc4_9SqA
UCjNAkP0xy7Ia1M9NR9eIWnw,@ensama_f7,6,6ヶ月,Member (6 months),,不明,,,1,1,0,2026-10-05 20:00,2026-10-05 20:00,,,https://www.youtube.com/channel/UCjNAkP0xy7Ia1M9NR9eIWnw
UCnbUVuz98Rsbnro7rKMd5MQ,@どど-b4i,6,6ヶ月,Member (6 months),,不明,,,1,1,0,2026-10-05 20:00,2026-10-05 20:00,,,https://www.youtube.com/channel/UCnbUVuz98Rsbnro7rKMd5MQ
UCG3FzaUuLpjDVNzqz7K5L1w,@こぶちゃ-l9g,6,6ヶ月,Member (6 months),,不明,,,1,1,0,2026-10-05 20:00,2026-10-05 20:00,,,https://www.youtube.com/channel/UCG3FzaUuLpjDVNzqz7K5L1w
UCWCCbT0PXiav6lSpNG3JUsg,@みやたそtaso,6,6ヶ月,Member (6 months),,不明,,,1,1,0,2026-10-05 20:00,2026-10-05 20:00,,,https://www.youtube.com/channel/UCWCCbT0PXiav6lSpNG3JUsg
UCCSfXhBA5o_RzInYmFLTaNA,@siro-ye1qq,6,6ヶ月,Member (6 months),,不明,,,1,1,0,2026-10-05 20:00,2026-10-05 20:00,,,https://www.youtube.com/channel/UCCSfXhBA5o_RzInYmFLTaNA
UCoqPmnMiCFYVBgjg9FQxKXw,@つゆ-s9g,6,6ヶ月,Member (6 months),,不明,,,1,2,0,2026-10-05 20:00,2026-10-05 20:00,,,https://www.youtube.com/channel/UCoqPmnMiCFYVBgjg9FQxKXw
UCTx3GX2JlV5m6F9WaGjXmYA,@Uri-f7s,6,6ヶ月,Member (6 months),,不明,,,1,1,0,2026-10-05 20:00,2026-10-05 20:00,,,https://www.youtube.com/channel/UCTx3GX2JlV5m6F9WaGjXmYA
UCy_L4gSyhiJCHHM1B8PE-PA,@もちもち_Re,6,6ヶ月,Member (6 months),,不明,,,1,1,0,2026-10-07 17:00,2026-10-07 17:00,,,https://www.youtube.com/channel/UCy_L4gSyhiJCHHM1B8PE-PA
UCgsFTT1VC5mnYgNV0RyOYQQ,@御影-p7p,6,6ヶ月,Member (6 months),,不明,,,1,1,0,2026-10-07 17:00,2026-10-07 17:00,,,https://www.youtube.com/channel/UCgsFTT1VC5mnYgNV0RyOYQQ
UC9kBizGPAhjq7FPUi9N9_Jw,@おぐへん,6,6ヶ月,Member (6 months),,不明,,,1,1,0,2026-10-07 17:00,2026-10-07 17:00,,,https://www.youtube.com/channel/UC9kBizGPAhjq7FPUi9N9_Jw
UCi3QOHy2KdcLn7ciu-9Yp6Q,@りつちゃん,6,6ヶ月,Member (6 months),,不明,,,1,1,0,2026-10-07 17:00,2026-10-07 17:00,,,https://www.youtube.com/channel/UCi3QOHy2KdcLn7ciu-9Yp6Q
UCVXm4FzjmwjcCRFccAj_75Q,@みやちゃん-b1t,6,6ヶ月,Member (6 months),,不明,,,1,1,0,2026-10-07 17:00,2026-10-07 17:00,,,https://www.youtube.com/channel/UCVXm4FzjmwjcCRFccAj_75Q
UCAAfYuqLLmZ1s-eyNF9rJwQ,@user-ee1xx3fg4z,6,6ヶ月,Member (6 months),,不明,,,1,2,0,2026-10-09 00:00,2026-10-09 00:00,,,https://www.youtube.com/channel/UCAAfYuqLLmZ1s-eyNF9rJwQ
UCp57NdzWhK3xIxhkuu5jEmQ,@mohi2525nt,6,6ヶ月,Member (6 months),,不明,,,1,9,0,2026-10-09 00:00,2026-10-09 00:00,,,https://www.youtube.com/channel/UCp57NdzWhK3xIxhkuu5jEmQ
UCIiPiPvWO5oH_BVmbfqEe1A,@aiueonikuuu,6,6ヶ月,Member (6 months),,不明,,,1,2,0,2026-10-09 00:00,2026-10-09 00:00,,,https://www.youtube.com/channel/UCIiPiPvWO5oH_BVmbfqEe1A
UCbVxF7jesCGFc8r0_UoJlzw,@rabbi_ty,6,6ヶ月,Member (6 months),,不明,,,1,7,1,2026-10-09 00:00,2026-10-09 00:00,,,https://www.youtube.com/channel/UCbVxF7jesCGFc8r0_UoJlzw
UC9VXf6O8GavGQNBAaZmeX-w,@みかり-d5e,6,6ヶ月,Member (6 months),,不明,,,1,1,0,2026-10-09 00:00,2026-10-09 00:00,,,https://www.youtube.com/channel/UC9VXf6O8GavGQNBAaZmeX-w
UCif0gg2DiWmUVz10oYF3QSA,@ここなっつ-inu,6,6ヶ月,Member (6 months),,不明,,,1,9,0,2026-10-09 00:00,2026-10-09 00:00,,,https://www.youtube.com/channel/UCif0gg2DiWmUVz10oYF3QSA
UCeO-37I8v5ibx-bA2FXfrHQ,@桃羽_mmh_wing,6,6ヶ月,Member (6 months),,不明,,,1,2,0,2026-10-09 00:00,2026-10-09 00:00,,,https://www.youtube.com/channel/UCeO-37I8v5ibx-bA2FXfrHQ
UCpJUEoUltzDEx4ziqbgG2KA,@Salt_eg,6,6ヶ月,Member (6 months),,不明,,,1,1,0,2026-10-09 00:00,2026-10-09 00:00,,,https://www.youtube.com/channel/UCpJUEoUltzDEx4ziqbgG2KA
UCUwpN6taFWEpbh-crgWIPgw,@そばを食うぞ,6,6ヶ月,Member (6 months),,不明,,,1,1,0,2026-10-09 00:00,2026-10-09 00:00,,,https://www.youtube.com/channel/UCUwpN6taFWEpbh-crgWIPgw
UCNwKp5F4u2B0nuPDkF5f1QQ,@おとは-l2i,6,6ヶ月,Member (6 months),,不明,,,1,4,0,2026-10-09 00:00,2026-10-09 00:00,,,https://www.youtube.com/channel/UCNwKp5F4u2B0nuPDkF5f1QQ
UCvEHcvrEbmYoBU53Q-cFZFg,@nyan-dechu,6,6ヶ月,Member (6 months),,不明,,,1,4,0,2026-10-09 00:00,2026-10-09 00:00,,,https://www.youtube.com/channel/UCvEHcvrEbmYoBU53Q-cFZFg
UCZlihRf_ysyL9qtvBYxn_MA,@あららぎ-i3c,6,6ヶ月,Member (6 months),,不明,,,1,1,0,2026-10-09 00:00,2026-10-09 00:00,,,https://www.youtube.com/channel/UCZlihRf_ysyL9qtvBYxn_MA
UCu1YMdKpqXALV16drizEycA,@あいる-e1z,6,6ヶ月,Member (6 months),,不明,,,1,25,0,2026-10-09 00:00,2026-10-09 00:00,,,https://www.youtube.com/channel/UCu1YMdKpqXALV16drizEycA
UCthk5O-Zj5mh9GvDbfqqKeQ,@ひな-y2j6t,6,6ヶ月,Member (6 months),,不明,,,1,2,0,2026-10-09 00:00,2026-10-09 00:00,,,https://www.youtube.com/channel/UCthk5O-Zj5mh9GvDbfqqKeQ
UCkU2cU_gNQPojVMG_zH2KSg,@よまつり_dndn,6,6ヶ月,Member (6 months),,不明,,,1,1,0,2026-10-09 00:00,2026-10-09 00:00,,,https://www.youtube.com/channel/UCkU2cU_gNQPojVMG_zH2KSg
UC9puku_S1IA9Ppfl-qnQ80g,@orange0620,6,6ヶ月,Member (6 months),,不明,,,1,1,0,2026-10-09 00:00,2026-10-09 00:00,,,https://www.youtube.com/channel/UC9puku_S1IA9Ppfl-qnQ80g
UCU_gy6-261oZj6FXKxpW-6A,@みずあ,6,6ヶ月,Member (6 months),,不明,,,1,1,0,2026-10-09 00:00,2026-10-09 00:00,,,https://www.youtube.com/channel/UCU_gy6-261oZj6FXKxpW-6A
UCtf3-djPEd6VFKxTs5H8tTA,@ひより-azrs,2,2ヶ月,Member (2 months),,不明,,,20,632,0,2026-09-10 20:01,2026-10-09 00:00,,,https://www.youtube.com/channel/UCtf3-djPEd6VFKxTs5H8tTA
UCL2Ed2U2WWajKShSUHvCSkQ,@れな222,2,2ヶ月,Member (2 months),,不明,,,20,3843,0,2026-09-10 20:01,2026-10-09 00:00,,,https://www.youtube.com/channel/UCL2Ed2U2WWajKShSUHvCSkQ
UCu7j05hlal9QYHHsaruG2Mw,@なまえ-t1o,2,2ヶ月,Member (2 months),,不明,,,19,1265,0,2026-09-10 20:01,2026-10-07 17:00,,,https://www.youtube.com/channel/UCu7j05hlal9QYHHsaruG2Mw
UCrM1qM6Nu20qR3im0zQDwVw,@激辛らみょん,2,2ヶ月,Member (2 months),,不明,,,19,852,0,2026-09-10 20:01,2026-10-09 00:00,,,https://www.youtube.com/channel/UCrM1qM6Nu20qR3im0zQDwVw
UCJ-LD4M10F100CF4j2soxdQ,@mikity_75,2,2ヶ月,Member (2 months),,不明,,,19,708,0,2026-09-10 20:01,2026-10-09 00:00,,,https://www.youtube.com/channel/UCJ-LD4M10F100CF4j2soxdQ
UCY1ZbU_g68qu43P1GBIN0LA,@kibiwi-x9z,2,2ヶ月,Member (2 months),,不明,,,18,1399,0,2026-09-10 20:01,2026-10-09 00:00,,,https://www.youtube.com/channel/UCY1ZbU_g68qu43P1GBIN0LA
UCJx6CDhtNNg_9iTBxw-mwGg,@ことろ-l8i,2,2ヶ月,Member (2 months),,不明,,,18,1194,0,2026-09-10 20:01,2026-10-09 00:00,,,https://www.youtube.com/channel/UCJx6CDhtNNg_9iTBxw-mwGg
UCnTbTpGUOb47rjWi0QF6kIg,@もちこ-q9w,2,2ヶ月,Member (2 months),,不明,,,18,1115,0,2026-09-10 20:01,2026-10-09 00:00,,,https://www.youtube.com/channel/UCnTbTpGUOb47rjWi0QF6kIg
UCQeHaQ_CHr65KZ_4ed0nVXw,@ゆり-91,2,2ヶ月,Member (2 months),,不明,,,18,628,0,2026-09-10 20:01,2026-10-09 00:00,,,https://www.youtube.com/channel/UCQeHaQ_CHr65KZ_4ed0nVXw
UC63BjCfGIdHEUFiX-kYgU9w,@SAKey039,2,2ヶ月,Member (2 months),,不明,,,18,183,0,2026-09-10 20:01,2026-10-09 00:00,,,https://www.youtube.com/channel/UC63BjCfGIdHEUFiX-kYgU9w
UCwsEuDyr9O-mCQb9X7Ybgsg,@ぐる-gurupikaboc,2,2ヶ月,Member (2 months),,不明,,,18,41,0,2026-09-10 20:01,2026-10-09 00:00,,,https://www.youtube.com/channel/UCwsEuDyr9O-mCQb9X7Ybgsg
UC35meJHCPX7cjni3dszCSyg,@美味しいお肉のパスタ,2,2ヶ月,Member (2 months),,不明,,,16,74,0,2026-09-10 20:01,2026-10-09 00:00,,,https://www.youtube.com/channel/UC35meJHCPX7cjni3dszCSyg
UCgaGlrxfwiHUvsTqwZgKyWA,@わぴ-i9g,2,2ヶ月,Member (2 months),,不明,,,16,58,0,2026-09-10 20:01,2026-10-09 00:00,,,https://www.youtube.com/channel/UCgaGlrxfwiHUvsTqwZgKyWA
UCe6j9nuCjI9zjmJQEVPzWHQ,@おやきmfmf,2,2ヶ月,Member (2 months),,不明,,,15,177,0,2026-09-10 20:01,2026-10-09 00:00,,,https://www.youtube.com/channel/UCe6j9nuCjI9zjmJQEVPzWHQ
UC1C9kXRTEZhnafNgRxC0gog,@竜堂ユキ,2,2ヶ月,Member (2 months),,不明,,,15,32,0,2026-09-10 20:01,2026-10-09 00:00,,,https://www.youtube.com/channel/UC1C9kXRTEZhnafNgRxC0gog
UCQ4LsHCJekyw0506CYEZHsQ,@404ぺぺ,2,2ヶ月,Member (2 months),,不明,,,15,78,0,2026-09-10 20:01,2026-10-09 00:00,,,https://www.youtube.com/channel/UCQ4LsHCJekyw0506CYEZHsQ
UCs3LTi2qv4hSdzx8I7ztLzg,@ぷぅ-t5z,2,2ヶ月,Member (2 months),,不明,,,13,76,0,2026-09-10 20:01,2026-10-09 00:00,,,https://www.youtube.com/channel/UCs3LTi2qv4hSdzx8I7ztLzg
UCvt8lKxwCJw-WsPN_ctGVEA,@もつxyh,2,2ヶ月,Member (2 months),,不明,,,13,132,0,2026-09-10 20:01,2026-10-07 17:00,,,https://www.youtube.com/channel/UCvt8lKxwCJw-WsPN_ctGVEA
UCnhO4S-lDIkFzzmQONYYVvg,@吳悅宜,2,2ヶ月,Member (2 months),,不明,,,13,21,0,2026-09-11 19:31,2026-10-09 00:00,,,https://www.youtube.com/channel/UCnhO4S-lDIkFzzmQONYYVvg
UCogPNENrmi6jbYIIw7dtvWA,@ちくわたぬき-vol,2,2ヶ月,Member (2 months),2,Diner,マイルストーン,,12,294,0,2026-09-10 20:01,2026-10-09 00:00,,,https://www.youtube.com/channel/UCogPNENrmi6jbYIIw7dtvWA
UCTlXK0CCCsAmZ9gJyNIIuAQ,@muni0829,2,2ヶ月,Member (2 months),,不明,,,12,99,0,2026-09-10 20:01,2026-10-09 00:00,,,https://www.youtube.com/channel/UCTlXK0CCCsAmZ9gJyNIIuAQ
UCVEvwhvd-FPD125cOs912DA,@mlnclb,2,2ヶ月,Member (2 months),,不明,,,12,16,0,2026-09-11 19:31,2026-10-09 00:00,,,https://www.youtube.com/channel/UCVEvwhvd-FPD125cOs912DA
UCbRuBnKVePrgpvLaKt8YjNg,@MAYUMi-i4z,2,2ヶ月,Member (2 months),,不明,,,11,381,0,2026-09-11 19:31,2026-10-09 00:00,,,https://www.youtube.com/channel/UCbRuBnKVePrgpvLaKt8YjNg
UCdUljWhDWNWrR7U36ViktHw,@梨子-j4k,2,2ヶ月,Member (2 months),,不明,,,11,18,0,2026-09-11 19:31,2026-10-09 00:00,,,https://www.youtube.com/channel/UCdUljWhDWNWrR7U36ViktHw
UCkq88miqa3pEL5mIH_TgP5A,@knnt-1,2,2ヶ月,Member (2 months),,不明,,,10,27,0,2026-09-11 19:31,2026-10-07 17:00,,,https://www.youtube.com/channel/UCkq88miqa3pEL5mIH_TgP5A
UCoXGWZmUbZ_NfxjnIlrk-IQ,@すず-l3f,2,2ヶ月,Member (2 months),,不明,,,10,47,0,2026-09-11 19:31,2026-10-03 12:45,,,https://www.youtube.com/channel/UCoXGWZmUbZ_NfxjnIlrk-IQ
UCmlB0rVxcfJABOJQ3ik3p4g,@nnww222,2,2ヶ月,Member (2 months),,不明,,,9,19,0,2026-09-10 20:01,2026-10-09 00:00,,,https://www.youtube.com/channel/UCmlB0rVxcfJABOJQ3ik3p4g
UC7DGFaJ3u8UcS8t5Y-8fDAQ,@キイロ-e3j,2,2ヶ月,Member (2 months),,不明,,,9,123,0,2026-09-10 20:01,2026-10-09 00:00,,,https://www.youtube.com/channel/UC7DGFaJ3u8UcS8t5Y-8fDAQ
UCN2dZvYMF7rlSNL69KNvylA,@oiq0u,2,2ヶ月,Member (2 months),,不明,,,9,43,1,2026-09-11 19:31,2026-10-07 17:00,,,https://www.youtube.com/channel/UCN2dZvYMF7rlSNL69KNvylA
UCaJ2bi1brv1U1XOQdj4ReFA,@千代瀬_Chiyose,2,2ヶ月,Member (2 months),,不明,,,8,16,0,2026-09-10 20:01,2026-10-09 00:00,,,https://www.youtube.com/channel/UCaJ2bi1brv1U1XOQdj4ReFA
UCh_RTWB9jkSoYMT3SFsG6XA,@なん-i3j,2,2ヶ月,Member (2 months),,不明,,,8,30,0,2026-09-10 20:01,2026-10-09 00:00,,,https://www.youtube.com/channel/UCh_RTWB9jkSoYMT3SFsG6XA
UCksrBN9WCML1R5bYTRNr5VA,@yuki_y,2,2ヶ月,Member (2 months),,不明,,,8,196,0,2026-09-14 21:45,2026-10-09 00:00,,,https://www.youtube.com/channel/UCksrBN9WCML1R5bYTRNr5VA
UCdz01Af6DeGNfNJZah9cwWQ,@いずたに-e8c,2,2ヶ月,Member (2 months),,不明,,,7,22,0,2026-09-10 20:01,2026-10-09 00:00,,,https://www.youtube.com/channel/UCdz01Af6DeGNfNJZah9cwWQ
UCYZoXl4ou9QRaaw8uo-_h9g,@ぜっとる_zRu,2,2ヶ月,Member (2 months),,不明,,,7,113,0,2026-09-10 20:01,2026-10-09 00:00,,,https://www.youtube.com/channel/UCYZoXl4ou9QRaaw8uo-_h9g
UChNV7jBTHP-bIzDnrPwn8sw,@karaageee0,2,2ヶ月,Member (2 months),,不明,,,7,37,0,2026-09-11 19:31,2026-10-09 00:00,,,https://www.youtube.com/channel/UChNV7jBTHP-bIzDnrPwn8sw
UCxgsJSaOgF5NdzTt-XCuqGA,@mugi_91,2,2ヶ月,Member (2 months),,不明,,,7,12,0,2026-09-14 21:45,2026-10-09 00:00,,,https://www.youtube.com/channel/UCxgsJSaOgF5NdzTt-XCuqGA
UCacdW7WUY8y86XI2SKhROlQ,@user-wt7js9xm6v,2,2ヶ月,Member (2 months),,不明,,,7,13,0,2026-09-16 20:30,2026-10-02 20:15,,,https://www.youtube.com/channel/UCacdW7WUY8y86XI2SKhROlQ
UCK8Qx0mv0uwi3jVgE2UYDDA,@salk3969,2,2ヶ月,Member (2 months),,不明,,,7,10,0,2026-09-19 20:00,2026-10-09 00:00,,,https://www.youtube.com/channel/UCK8Qx0mv0uwi3jVgE2UYDDA
UCylYU7O_DMP8zexeYKv7vPg,@おのま-o2c,2,2ヶ月,Member (2 months),,不明,,,7,47,0,2026-09-20 19:02,2026-10-09 00:00,,,https://www.youtube.com/channel/UCylYU7O_DMP8zexeYKv7vPg
UCDq43OSeQbCqRQJOc54KqLg,@Shironcoron,2,2ヶ月,Member (2 months),,不明,,,6,31,0,2026-09-10 20:01,2026-10-09 00:00,,,https://www.youtube.com/channel/UCDq43OSeQbCqRQJOc54KqLg
UCAdMGWrlM_uOLJBjHkgyQjg,@いっとさんだよ,2,2ヶ月,Member (2 months),,不明,,,6,16,0,2026-09-10 20:01,2026-10-05 20:00,,,https://www.youtube.com/channel/UCAdMGWrlM_uOLJBjHkgyQjg
UCpk4-ferQCTesaKhEqFYnbA,@JIANG-owlwind1225,2,2ヶ月,Member (2 months),,不明,,,6,59,0,2026-09-14 21:45,2026-10-09 00:00,,,https://www.youtube.com/channel/UCpk4-ferQCTesaKhEqFYnbA
UCOlHXG2oLtpZcLOwxukyptw,@R_02yu,2,2ヶ月,Member (2 months),,不明,,,5,11,0,2026-09-11 19:31,2026-10-09 00:00,,,https://www.youtube.com/channel/UCOlHXG2oLtpZcLOwxukyptw
UCnvCptsYhC6ZiOTmBPLfPbQ,@Algae_08,2,2ヶ月,Member (2 months),,不明,,,5,21,0,2026-09-14 21:45,2026-10-09 00:00,,,https://www.youtube.com/channel/UCnvCptsYhC6ZiOTmBPLfPbQ
UCe4j88Eo_cPQVPpuRkoZN4w,@ももも-v6t3l,2,2ヶ月,Member (2 months),,不明,,,5,40,0,2026-09-14 21:45,2026-10-09 00:00,,,https://www.youtube.com/channel/UCe4j88Eo_cPQVPpuRkoZN4w
UCZd-D5eGPIAPT-3Dk3opDwA,@だぼくでしんだぼく-p7s,2,2ヶ月,Member (2 months),,不明,,,5,68,0,2026-09-19 20:00,2026-10-09 00:00,,,https://www.youtube.com/channel/UCZd-D5eGPIAPT-3Dk3opDwA
UCgukZ8kPryBsYDYJ5ChGFzQ,@Poyoo_901,2,2ヶ月,Member (2 months),,不明,,,5,28,0,2026-09-20 19:02,2026-10-09 00:00,,,https://www.youtube.com/channel/UCgukZ8kPryBsYDYJ5ChGFzQ
UCgbFg_w_N3AS2tpGm0hzHOg,@gwn_0104,2,2ヶ月,Member (2 months),,不明,,,5,6,0,2026-09-21 21:02,2026-10-09 00:00,,,https://www.youtube.com/channel/UCgbFg_w_N3AS2tpGm0hzHOg
UChr1fkBIkOodo4yUwXNyT3g,@ガチナイス-f9s,2,2ヶ月,Member (2 months),,不明,,,4,4,0,2026-09-10 20:01,2026-09-18 20:00,,,https://www.youtube.com/channel/UChr1fkBIkOodo4yUwXNyT3g
UCxm1oO6PQ887DF4z1FtMb9A,@violeta_613v,2,2ヶ月,Member (2 months),,不明,,,4,4,0,2026-09-10 20:01,2026-09-27 18:02,,,https://www.youtube.com/channel/UCxm1oO6PQ887DF4z1FtMb9A
UCIGvEM9Jj2vR8-vObcudAog,@yuechuu,2,2ヶ月,Member (2 months),,不明,,,4,5,0,2026-09-11 19:31,2026-09-22 20:01,,,https://www.youtube.com/channel/UCIGvEM9Jj2vR8-vObcudAog
UCMQESqItx_U_wx-CTkWAZ9g,@凛子-u2e,2,2ヶ月,Member (2 months),4,Diner,マイルストーン,,4,12,0,2026-09-11 19:31,2026-10-09 00:00,,,https://www.youtube.com/channel/UCMQESqItx_U_wx-CTkWAZ9g
UCt6yR3PnO2jHGOJQxewax5Q,@みお-30o,2,2ヶ月,Member (2 months),,不明,,,4,5,0,2026-09-11 19:31,2026-10-05 20:00,,,https://www.youtube.com/channel/UCt6yR3PnO2jHGOJQxewax5Q
UC-qSSb2JNmkAKE4hAOOAiGA,@syukyu8days,2,2ヶ月,Member (2 months),,不明,,,4,59,0,2026-09-14 21:45,2026-10-09 00:00,,,https://www.youtube.com/channel/UC-qSSb2JNmkAKE4hAOOAiGA
UC58RHKftCqTVNOFqBRP4EHQ,@rin2sounds,2,2ヶ月,Member (2 months),,不明,,,4,4,0,2026-09-14 21:45,2026-10-07 17:00,,,https://www.youtube.com/channel/UC58RHKftCqTVNOFqBRP4EHQ
UCBzVL3DwmWUm1JtXb5EHXkQ,@qneryx,2,2ヶ月,Member (2 months),,不明,,,4,5,0,2026-09-16 20:30,2026-09-27 18:02,,,https://www.youtube.com/channel/UCBzVL3DwmWUm1JtXb5EHXkQ
UCFwiYeLy5_d68Pi1Dk6qA8w,@yuzhii517,2,2ヶ月,Member (2 months),,不明,,,4,4,0,2026-09-17 18:01,2026-09-27 18:02,,,https://www.youtube.com/channel/UCFwiYeLy5_d68Pi1Dk6qA8w
UCATNujsNHQxUI5XL4c3Xl_w,@yulmu6_6,2,2ヶ月,Member (2 months),,不明,,,4,4,0,2026-09-18 20:00,2026-10-02 20:15,,,https://www.youtube.com/channel/UCATNujsNHQxUI5XL4c3Xl_w
UCVb-yIQhoYjBdxyTkH838Gg,@chinpui6055,2,2ヶ月,Member (2 months),,不明,,,4,9,0,2026-09-20 19:02,2026-10-09 00:00,,,https://www.youtube.com/channel/UCVb-yIQhoYjBdxyTkH838Gg
UCd7Iy9YNxvt4p6gf_KxvXjw,@さくた470,2,2ヶ月,Member (2 months),,不明,,,4,4,0,2026-09-20 19:02,2026-10-03 12:45,,,https://www.youtube.com/channel/UCd7Iy9YNxvt4p6gf_KxvXjw
UCzgTblc1Ds4TH7ZSdPzWLQw,@bybyboy_23,2,2ヶ月,Member (2 months),,不明,,,4,8,0,2026-09-21 21:02,2026-10-05 20:00,,,https://www.youtube.com/channel/UCzgTblc1Ds4TH7ZSdPzWLQw
UClVQX6C-bQmrHOP0qUYHg_w,@哉鳴,2,2ヶ月,Member (2 months),,不明,,,4,7,0,2026-09-21 21:02,2026-10-05 20:00,,,https://www.youtube.com/channel/UClVQX6C-bQmrHOP0qUYHg_w
UCL31icTlxQewyDkiQc7veKA,@ずい-m2w,2,2ヶ月,Member (2 months),,不明,,,4,20,0,2026-09-29 17:30,2026-10-09 00:00,,,https://www.youtube.com/channel/UCL31icTlxQewyDkiQc7veKA
UC_qGhPH5HYXFknG754yb63Q,@Yusagi_K,2,2ヶ月,Member (2 months),,不明,,,3,4,0,2026-09-10 20:01,2026-10-05 20:00,,,https://www.youtube.com/channel/UC_qGhPH5HYXFknG754yb63Q
UCUM0ucQSB0YUekMwVOy1svg,@ks_yu-ri,2,2ヶ月,Member (2 months),,不明,,,3,18,0,2026-09-10 20:01,2026-09-20 19:02,,,https://www.youtube.com/channel/UCUM0ucQSB0YUekMwVOy1svg
UC6HjuI1Ev2l3ETPdUuuDe2Q,@オカメインコ-z8z,2,2ヶ月,Member (2 months),,不明,,,3,33,0,2026-09-10 20:01,2026-10-09 00:00,,,https://www.youtube.com/channel/UC6HjuI1Ev2l3ETPdUuuDe2Q
UCWWeFuL3SnljhdsuD3ghOxQ,@りのの-chan,2,2ヶ月,Member (2 months),,不明,,,3,15,0,2026-09-10 20:01,2026-09-17 18:01,,,https://www.youtube.com/channel/UCWWeFuL3SnljhdsuD3ghOxQ
UCnAI4eeJuiJec_2US9_PgeQ,@ゆかさま,2,2ヶ月,Member (2 months),,不明,,,3,6,0,2026-09-10 20:01,2026-09-27 18:02,,,https://www.youtube.com/channel/UCnAI4eeJuiJec_2US9_PgeQ
UC5drx3KaND1BKyAPwepZykQ,@しま-n7m,2,2ヶ月,Member (2 months),,不明,,,3,18,0,2026-09-11 19:31,2026-10-09 00:00,,,https://www.youtube.com/channel/UC5drx3KaND1BKyAPwepZykQ
UC51LFkf51l7PM_mFkyH0V_g,@nya_o0o0,2,2ヶ月,Member (2 months),,不明,,,3,4,0,2026-09-14 21:45,2026-10-09 00:00,,,https://www.youtube.com/channel/UC51LFkf51l7PM_mFkyH0V_g
UCoTy8k_pwY2-LR_3PODkyoQ,@urd183,2,2ヶ月,Member (2 months),,不明,,,3,4,0,2026-09-14 21:45,2026-10-03 12:45,,,https://www.youtube.com/channel/UCoTy8k_pwY2-LR_3PODkyoQ
UCBTct5TVutYwZmyMteimWnw,@26._.rd2,2,2ヶ月,Member (2 months),,不明,,,3,16,0,2026-09-16 20:30,2026-10-05 20:00,,,https://www.youtube.com/channel/UCBTct5TVutYwZmyMteimWnw
UChLtesp4KB-H-8Yi0jwsHew,@たかねむら,2,2ヶ月,Member (2 months),,不明,,,3,3,0,2026-09-19 20:00,2026-09-27 18:02,,,https://www.youtube.com/channel/UChLtesp4KB-H-8Yi0jwsHew
UC8iEtm0m_L6CYrz7t6iX5qw,@DBmaimai,2,2ヶ月,Member (2 months),,不明,,,3,6,0,2026-09-19 20:00,2026-10-09 00:00,,,https://www.youtube.com/channel/UC8iEtm0m_L6CYrz7t6iX5qw
UCphEPunKoaFKarNkwt8qz0A,@ゆう-k_F,2,2ヶ月,Member (2 months),,不明,,,3,3,0,2026-09-20 19:02,2026-09-27 18:02,,,https://www.youtube.com/channel/UCphEPunKoaFKarNkwt8qz0A
UCOooIFOWJ62mc202DneRaFA,@r_0724,2,2ヶ月,Member (2 months),,不明,,,3,48,0,2026-09-21 21:02,2026-10-09 00:00,,,https://www.youtube.com/channel/UCOooIFOWJ62mc202DneRaFA
UChVndroTF219uLFUY-veIOQ,@蒼風-f7m,2,2ヶ月,Member (2 months),,不明,,,3,5,0,2026-09-21 21:02,2026-10-09 00:00,,,https://www.youtube.com/channel/UChVndroTF219uLFUY-veIOQ
UCvoj_iRC3La1jdtAGjeUMVA,@さ-4u,2,2ヶ月,Member (2 months),,不明,,,3,4,0,2026-09-22 20:01,2026-10-09 00:00,,,https://www.youtube.com/channel/UCvoj_iRC3La1jdtAGjeUMVA
UC-Jt_Y176WVQ_iDQjwA_gfQ,@nanana-tt8m,2,2ヶ月,Member (2 months),,Diner,再加入/レベル変更,,3,10,0,2026-09-23 13:01,2026-10-09 00:00,,,https://www.youtube.com/channel/UC-Jt_Y176WVQ_iDQjwA_gfQ
UC8lIguD35OlNlndSeW9gdmQ,@おむらいす-sn2ii1qx5c,2,2ヶ月,Member (2 months),,不明,,,3,7,0,2026-09-23 13:01,2026-10-09 00:00,,,https://www.youtube.com/channel/UC8lIguD35OlNlndSeW9gdmQ
UCuxhvEMKdsLI9p3kdx8ayZw,@kmno47,2,2ヶ月,Member (2 months),,不明,,,3,4,0,2026-10-03 12:45,2026-10-09 00:00,,,https://www.youtube.com/channel/UCuxhvEMKdsLI9p3kdx8ayZw
UCsIsbQavodSBG8cmQbRbORg,@しがらっき,2,2ヶ月,Member (2 months),,不明,,,3,4,0,2026-10-03 12:45,2026-10-09 00:00,,,https://www.youtube.com/channel/UCsIsbQavodSBG8cmQbRbORg
UCGt-H-GjM_1Q6SIgwhx5KRQ,@atarimerimeta,2,2ヶ月,Member (2 months),,不明,,,2,2,0,2026-09-10 20:01,2026-09-20 19:02,,,https://www.youtube.com/channel/UCGt-H-GjM_1Q6SIgwhx5KRQ
UCQH_e5xbp1ex5tbKlY_MoCg,@Rel7_968,2,2ヶ月,Member (2 months),,不明,,,2,2,0,2026-09-10 20:01,2026-10-09 00:00,,,https://www.youtube.com/channel/UCQH_e5xbp1ex5tbKlY_MoCg
UCFAvUUTeCwsjkLH4lZwbWAQ,@kar0n1_7,2,2ヶ月,Member (2 months),,不明,,,2,30,0,2026-09-11 19:31,2026-10-09 00:00,,,https://www.youtube.com/channel/UCFAvUUTeCwsjkLH4lZwbWAQ
UC8yTNbDEb_3w0-s-bvEvD4A,@ごりちゃひめ,2,2ヶ月,Member (2 months),,不明,,,2,5,0,2026-09-11 19:31,2026-09-27 18:02,,,https://www.youtube.com/channel/UC8yTNbDEb_3w0-s-bvEvD4A
UCUOzYbmeelO05VuS8EVN4qg,@O9_Nya,2,2ヶ月,Member (2 months),,不明,,,2,2,0,2026-09-11 19:31,2026-10-05 20:00,,,https://www.youtube.com/channel/UCUOzYbmeelO05VuS8EVN4qg
UCKqn63n-nqQ_amNXtII3loA,@ErguaQu,2,2ヶ月,Member (2 months),,不明,,,2,2,0,2026-09-14 21:45,2026-10-09 00:00,,,https://www.youtube.com/channel/UCKqn63n-nqQ_amNXtII3loA
UC0x742PILnm7yJ-Q6V5o_QQ,@confused9elaine,2,2ヶ月,Member (2 months),,Diner,マイルストーン（2026-09-09）,,2,4,0,2026-09-16 20:30,2026-09-22 20:01,,,https://www.youtube.com/channel/UC0x742PILnm7yJ-Q6V5o_QQ
UC1Tz9SLd5DlwwkaTRY3NI7Q,@koa_1027,2,2ヶ月,Member (2 months),,不明,,,2,2,0,2026-09-16 20:30,2026-10-09 00:00,,,https://www.youtube.com/channel/UC1Tz9SLd5DlwwkaTRY3NI7Q
UCz-V2eQeOTf0yV_jaNPIcdw,@yonagi25,2,2ヶ月,Member (2 months),,不明,,,2,2,0,2026-09-16 20:30,2026-10-09 00:00,,,https://www.youtube.com/channel/UCz-V2eQeOTf0yV_jaNPIcdw
UCs7wmERbBBJN0ytWFxBvQUw,@rk_nk,2,2ヶ月,Member (2 months),,不明,,,2,4,0,2026-09-16 20:30,2026-10-07 17:00,,,https://www.youtube.com/channel/UCs7wmERbBBJN0ytWFxBvQUw
UC1ye0zMKaUkeo55cS1__t-A,@炭火焼き_3,2,2ヶ月,Member (2 months),,不明,,,2,24,0,2026-09-19 20:00,2026-09-22 20:01,,,https://www.youtube.com/channel/UC1ye0zMKaUkeo55cS1__t-A
UCjHZmY8XA8rWut6vZQtRE9Q,@o.p__q.o1103,2,2ヶ月,Member (2 months),,不明,,,2,3,0,2026-09-19 20:00,2026-10-09 00:00,,,https://www.youtube.com/channel/UCjHZmY8XA8rWut6vZQtRE9Q
UChBD_LDvKJwV4g3Z8JT9l-w,@nokiwakaaaaaa,2,2ヶ月,Member (2 months),,不明,,,2,9,0,2026-09-19 20:00,2026-09-20 19:02,,,https://www.youtube.com/channel/UChBD_LDvKJwV4g3Z8JT9l-w
UC8lmXJr-DlGvQFzEv9m9oNw,@ぽんぽこ太郎-z1k,2,2ヶ月,Member (2 months),,不明,,,2,5,0,2026-09-19 20:00,2026-10-09 00:00,,,https://www.youtube.com/channel/UC8lmXJr-DlGvQFzEv9m9oNw
UCuDW5J6KAXb5Wq7-qZFZHWg,@kadomark9076,2,2ヶ月,Member (2 months),2,Diner,マイルストーン,,2,1,0,2026-09-20 19:02,2026-10-09 00:00,,,https://www.youtube.com/channel/UCuDW5J6KAXb5Wq7-qZFZHWg
UCRMrR7ksVSu4S-OqubiRuoQ,@なほ-n522,2,2ヶ月,Member (2 months),,不明,,,2,2,0,2026-09-21 21:02,2026-10-03 12:45,,,https://www.youtube.com/channel/UCRMrR7ksVSu4S-OqubiRuoQ
UCWpZYs1bfQoXH355GMzfKxQ,@サンザン子さn,2,2ヶ月,Member (2 months),,不明,,,2,5,0,2026-09-21 21:02,2026-09-27 18:02,,,https://www.youtube.com/channel/UCWpZYs1bfQoXH355GMzfKxQ
UCBnN6_8ZyBMkro9OcH2JbQg,@rio.0x0,2,2ヶ月,Member (2 months),,不明,,,2,2,0,2026-09-21 21:02,2026-10-09 00:00,,,https://www.youtube.com/channel/UCBnN6_8ZyBMkro9OcH2JbQg
UC1HUlIbPngVhPIK8CCwIjbw,@y.ommi0,2,2ヶ月,Member (2 months),,不明,,,2,2,0,2026-09-22 20:01,2026-09-23 13:01,,,https://www.youtube.com/channel/UC1HUlIbPngVhPIK8CCwIjbw
UCnWHbqfzM1xRXRJT4FwegWA,@momopurin,2,2ヶ月,Member (2 months),,不明,,,2,4,0,2026-09-23 13:01,2026-10-03 12:45,,,https://www.youtube.com/channel/UCnWHbqfzM1xRXRJT4FwegWA
UC5YB1pC9_hUHEOOrOtamBng,@moe_cafe0322,2,2ヶ月,Member (2 months),,不明,,,2,8,0,2026-09-27 18:02,2026-10-09 00:00,,,https://www.youtube.com/channel/UC5YB1pC9_hUHEOOrOtamBng
UCfgUwKEGE60pER7Qdos3kpA,@たまごともち,2,2ヶ月,Member (2 months),,不明,,,2,5,0,2026-09-29 17:30,2026-09-30 18:00,,,https://www.youtube.com/channel/UCfgUwKEGE60pER7Qdos3kpA
UCDFpYvZlxDA73hTjLY3bpyg,@miu-ov7es,2,2ヶ月,Member (2 months),,不明,,,2,13,0,2026-09-30 18:00,2026-10-09 00:00,,,https://www.youtube.com/channel/UCDFpYvZlxDA73hTjLY3bpyg
UCQYqqJ63z1WhB3Cr-Rx2YRw,@えぬ_0604,2,2ヶ月,Member (2 months),3,Diner,マイルストーン,,2,1,0,2026-10-02 20:15,2026-10-05 20:00,,,https://www.youtube.com/channel/UCQYqqJ63z1WhB3Cr-Rx2YRw
UC_n7e48IVPjdZ9DpRhKHgjg,@ななみ-d7x3j,2,2ヶ月,Member (2 months),,不明,,,2,9,0,2026-10-03 12:45,2026-10-07 17:00,,,https://www.youtube.com/channel/UC_n7e48IVPjdZ9DpRhKHgjg
UCiYOS2ys4Rsmo1OngzecpSA,@あさげ-r6m,2,2ヶ月,Member (2 months),,不明,,,2,3,0,2026-10-05 20:00,2026-10-07 17:00,,,https://www.youtube.com/channel/UCiYOS2ys4Rsmo1OngzecpSA
UCrB2F3BMYO739ke7CwgWWPg,@かほ-z9h,2,2ヶ月,Member (2 months),,不明,,,2,33,0,2026-10-05 20:00,2026-10-09 00:00,,,https://www.youtube.com/channel/UCrB2F3BMYO739ke7CwgWWPg
UC24e_PhO1_ta3bJFUtRp28g,@おみそ-v5k,2,2ヶ月,Member (2 months),,不明,,,2,9,0,2026-10-05 20:00,2026-10-09 00:00,,,https://www.youtube.com/channel/UC24e_PhO1_ta3bJFUtRp28g
UCd7DObqBz_12GMrvL-448VQ,@すず-q4w,2,2ヶ月,Member (2 months),,不明,,,2,5,0,2026-10-05 20:00,2026-10-09 00:00,,,https://www.youtube.com/channel/UCd7DObqBz_12GMrvL-448VQ
UClWV4RjnjhD_bAX3x2mFUpQ,@annie61328,2,2ヶ月,Member (2 months),,不明,,,1,1,0,2026-09-10 20:01,2026-09-10 20:01,,,https://www.youtube.com/channel/UClWV4RjnjhD_bAX3x2mFUpQ
UC1Nr2HA8nbuCwczbOOavf9A,@晴はる-d2s,2,2ヶ月,Member (2 months),,不明,,,1,1,0,2026-09-10 20:01,2026-09-10 20:01,,,https://www.youtube.com/channel/UC1Nr2HA8nbuCwczbOOavf9A
UCSGIKK8VW9QVFDHpd8ObZ6A,@なち-p8o,2,2ヶ月,Member (2 months),,不明,,,1,1,0,2026-09-10 20:01,2026-09-10 20:01,,,https://www.youtube.com/channel/UCSGIKK8VW9QVFDHpd8ObZ6A
UCV46YTHUpiovyqdUoKyofZg,@liuen5094,2,2ヶ月,Member (2 months),,不明,,,1,1,0,2026-09-10 20:01,2026-09-10 20:01,,,https://www.youtube.com/channel/UCV46YTHUpiovyqdUoKyofZg
UCQF5FT8VV2xi64IHdXrfNSg,@あっぷる_pple9,2,2ヶ月,Member (2 months),,不明,,,1,3,0,2026-09-11 19:31,2026-09-11 19:31,,,https://www.youtube.com/channel/UCQF5FT8VV2xi64IHdXrfNSg
UCBPaU5KCaF-9I0Hiq9g2csw,@ilpos2,2,2ヶ月,Member (2 months),,不明,,,1,1,0,2026-09-11 19:31,2026-09-11 19:31,,,https://www.youtube.com/channel/UCBPaU5KCaF-9I0Hiq9g2csw
UCwjaAaxFpEVu2O4qRuIpVOQ,@しくはっく4989,2,2ヶ月,Member (2 months),,不明,,,1,4,0,2026-09-11 19:31,2026-09-11 19:31,,,https://www.youtube.com/channel/UCwjaAaxFpEVu2O4qRuIpVOQ
UC6svxr9ebj4wT4jeFEYTgSA,@くもり001,2,2ヶ月,Member (2 months),,不明,,,1,1,0,2026-09-11 19:31,2026-09-11 19:31,,,https://www.youtube.com/channel/UC6svxr9ebj4wT4jeFEYTgSA
UCZ6tMODV9nTrQQs7arscQ7w,@成瀬-k4x,2,2ヶ月,Member (2 months),,不明,,,1,3,0,2026-09-11 19:31,2026-09-11 19:31,,,https://www.youtube.com/channel/UCZ6tMODV9nTrQQs7arscQ7w
UCCaYiFWgoXQm2q-UKLeIXMA,@karu-f3n,2,2ヶ月,Member (2 months),,不明,,,1,3,0,2026-09-11 19:31,2026-09-11 19:31,,,https://www.youtube.com/channel/UCCaYiFWgoXQm2q-UKLeIXMA
UCe7x90Eg5rR-5qhFeQJc2Tw,@とろろ_nq2,2,2ヶ月,Member (2 months),,不明,,,1,1,0,2026-09-11 19:31,2026-09-11 19:31,,,https://www.youtube.com/channel/UCe7x90Eg5rR-5qhFeQJc2Tw
UCapj7biJZ3uwVYwBrY1w-ig,@su_1015,2,2ヶ月,Member (2 months),,不明,,,1,3,0,2026-09-14 21:45,2026-09-14 21:45,,,https://www.youtube.com/channel/UCapj7biJZ3uwVYwBrY1w-ig
UCACkLvL4OFc3LgQ0Xtkll4A,@maa5883,2,2ヶ月,Member (2 months),,不明,,,1,1,0,2026-09-14 21:45,2026-09-14 21:45,,,https://www.youtube.com/channel/UCACkLvL4OFc3LgQ0Xtkll4A
UCmvJlMja3YsSZAI7doEm1MA,@へっぽこはむ郎,2,2ヶ月,Member (2 months),,不明,,,1,6,0,2026-09-16 20:30,2026-09-16 20:30,,,https://www.youtube.com/channel/UCmvJlMja3YsSZAI7doEm1MA
UCEEGHaOAQha8Z7h97xmQQag,@鮫田-r7e,2,2ヶ月,Member (2 months),,不明,,,1,1,0,2026-09-16 20:30,2026-09-16 20:30,,,https://www.youtube.com/channel/UCEEGHaOAQha8Z7h97xmQQag
UCEZDYHg5ZivMPzuPgoQlnzA,@unc1208,2,2ヶ月,Member (2 months),,不明,,,1,1,0,2026-09-16 20:30,2026-09-16 20:30,,,https://www.youtube.com/channel/UCEZDYHg5ZivMPzuPgoQlnzA
UCfdZ8_3U3e_Yf1NbhkNfipg,@Imyaoyou3yao,2,2ヶ月,Member (2 months),,不明,,,1,1,0,2026-09-16 20:30,2026-09-16 20:30,,,https://www.youtube.com/channel/UCfdZ8_3U3e_Yf1NbhkNfipg
UCK4NTKPzxc2ffBJSkHBaDrQ,@fytedy6906,2,2ヶ月,Member (2 months),,不明,,,1,1,0,2026-09-16 20:30,2026-09-16 20:30,,,https://www.youtube.com/channel/UCK4NTKPzxc2ffBJSkHBaDrQ
UC04kHqY7UEW1hkAW0WruHQw,@1__w7v3,2,2ヶ月,Member (2 months),,不明,,,1,1,0,2026-09-19 20:00,2026-09-19 20:00,,,https://www.youtube.com/channel/UC04kHqY7UEW1hkAW0WruHQw
UCJS25AYvb_pndAmGV7vUF3Q,@とも-l9n5e,2,2ヶ月,Member (2 months),,不明,,,1,1,0,2026-09-19 20:00,2026-09-19 20:00,,,https://www.youtube.com/channel/UCJS25AYvb_pndAmGV7vUF3Q
UCkUpY_MAZ2vY6lIJpFLCJdw,@りっつー-j8v,2,2ヶ月,Member (2 months),,不明,,,1,1,0,2026-09-19 20:00,2026-09-19 20:00,,,https://www.youtube.com/channel/UCkUpY_MAZ2vY6lIJpFLCJdw
UCeqgk8IQIU1ed2oi4hbDosQ,@きゅ-s8v,2,2ヶ月,Member (2 months),,不明,,,1,9,0,2026-09-20 19:02,2026-09-20 19:02,,,https://www.youtube.com/channel/UCeqgk8IQIU1ed2oi4hbDosQ
UCXJhjovxGfUSkOmqt5VRYpQ,@ささみ-d9b4j,2,2ヶ月,Member (2 months),,不明,,,1,1,1,2026-09-20 19:02,2026-09-20 19:02,,,https://www.youtube.com/channel/UCXJhjovxGfUSkOmqt5VRYpQ
UCd-fZMU3ysJgnLax-qSnEQA,@紗仲,2,2ヶ月,Member (2 months),,不明,,,1,1,0,2026-09-21 21:02,2026-09-21 21:02,,,https://www.youtube.com/channel/UCd-fZMU3ysJgnLax-qSnEQA
UCDTIH3Cfh656WbYHv7yNgCA,@e67ea3,2,2ヶ月,Member (2 months),,不明,,,1,1,0,2026-09-21 21:02,2026-09-21 21:02,,,https://www.youtube.com/channel/UCDTIH3Cfh656WbYHv7yNgCA
UCO-uI7AdJC5NGftY7_79uzw,@Nana_ballet7,2,2ヶ月,Member (2 months),,不明,,,1,1,0,2026-09-21 21:02,2026-09-21 21:02,,,https://www.youtube.com/channel/UCO-uI7AdJC5NGftY7_79uzw
UC5GT6Nd7Z2An4A1mFnwQs_g,@みづき-t7o,2,2ヶ月,Member (2 months),,不明,,,1,1,0,2026-09-21 21:02,2026-09-21 21:02,,,https://www.youtube.com/channel/UC5GT6Nd7Z2An4A1mFnwQs_g
UCK9LaLmWBXoIH8S2LkUK_Kg,@すーさん-k2z,2,2ヶ月,Member (2 months),,不明,,,1,5,0,2026-09-21 21:02,2026-09-21 21:02,,,https://www.youtube.com/channel/UCK9LaLmWBXoIH8S2LkUK_Kg
UCXSyNqVmMjZDRXyYxgpe0-g,@ゆわあいぽ,2,2ヶ月,Member (2 months),,不明,,,1,2,0,2026-09-22 20:01,2026-09-22 20:01,,,https://www.youtube.com/channel/UCXSyNqVmMjZDRXyYxgpe0-g
UCb_EeheOVRZ_lOXjHBcppOg,@hono-xx1iv,2,2ヶ月,Member (2 months),,不明,,,1,5,0,2026-09-22 20:01,2026-09-22 20:01,,,https://www.youtube.com/channel/UCb_EeheOVRZ_lOXjHBcppOg
UCUiP9jKz0jJuuKwiVCcL_xQ,@haiiro_69,2,2ヶ月,Member (2 months),,不明,,,1,1,0,2026-09-22 20:01,2026-09-22 20:01,,,https://www.youtube.com/channel/UCUiP9jKz0jJuuKwiVCcL_xQ
UC7a3ErPwCVT7e64gft80TkQ,@ことみ23,2,2ヶ月,Member (2 months),,不明,,,1,4,0,2026-09-22 20:01,2026-09-22 20:01,,,https://www.youtube.com/channel/UC7a3ErPwCVT7e64gft80TkQ
UCHJSaiyG9z4BWNutdQo-Okg,@よこさん-n3e,2,2ヶ月,Member (2 months),,不明,,,1,1,0,2026-09-22 20:01,2026-09-22 20:01,,,https://www.youtube.com/channel/UCHJSaiyG9z4BWNutdQo-Okg
UCmvEMd-RRqS4cUzskKV8ogA,@kasa8340,2,2ヶ月,Member (2 months),,Diner,再加入/レベル変更,,1,0,0,2026-09-29 17:30,2026-09-29 17:30,,,https://www.youtube.com/channel/UCmvEMd-RRqS4cUzskKV8ogA
UCP-OHWpOTqQtVwh9SdoSBUw,@黒羽-c6c,2,2ヶ月,Member (2 months),,Diner,再加入/レベル変更,,1,0,0,2026-09-29 17:30,2026-09-29 17:30,,,https://www.youtube.com/channel/UCP-OHWpOTqQtVwh9SdoSBUw
UCUo4FKGTu02wnNkdpksfY-w,@ponz0623,2,2ヶ月,Member (2 months),,不明,,,1,2,0,2026-10-02 20:15,2026-10-02 20:15,,,https://www.youtube.com/channel/UCUo4FKGTu02wnNkdpksfY-w
UChdDElcfOpOms6KA7iv_jBw,@ちゃま_s4d,2,2ヶ月,Member (2 months),,不明,,,1,1,0,2026-10-03 12:45,2026-10-03 12:45,,,https://www.youtube.com/channel/UChdDElcfOpOms6KA7iv_jBw
UCoZbUlzl4bmqMoBrDGSfnkA,@いぬちよマン,2,2ヶ月,Member (2 months),,不明,,,1,2,0,2026-10-03 12:45,2026-10-03 12:45,,,https://www.youtube.com/channel/UCoZbUlzl4bmqMoBrDGSfnkA
UCJNtzumhu9KW1ABOrCnyCYw,@さや-k25,2,2ヶ月,Member (2 months),,不明,,,1,2,0,2026-10-03 12:45,2026-10-03 12:45,,,https://www.youtube.com/channel/UCJNtzumhu9KW1ABOrCnyCYw
UCPNAKcJkB4XZodH_ojArCNA,@ranakai3599,2,2ヶ月,Member (2 months),,不明,,,1,1,0,2026-10-05 20:00,2026-10-05 20:00,,,https://www.youtube.com/channel/UCPNAKcJkB4XZodH_ojArCNA
UCSX3kK5DpgcMU86B5rMbgxQ,@yl_u10,2,2ヶ月,Member (2 months),,不明,,,1,1,0,2026-10-05 20:00,2026-10-05 20:00,,,https://www.youtube.com/channel/UCSX3kK5DpgcMU86B5rMbgxQ
UCt-h7G07lnrihBpgb-s_lwg,@BiG_Bro-k3o,2,2ヶ月,Member (2 months),,不明,,,1,1,0,2026-10-05 20:00,2026-10-05 20:00,,,https://www.youtube.com/channel/UCt-h7G07lnrihBpgb-s_lwg
UCL6l4rxTcp8fL4hF4w1Tlhg,@Shsnwis,2,2ヶ月,Member (2 months),,不明,,,1,3,0,2026-10-05 20:00,2026-10-05 20:00,,,https://www.youtube.com/channel/UCL6l4rxTcp8fL4hF4w1Tlhg
UCAnAgeqN1VJXnc8BZGOAwSg,@Uturobi_nonby,2,2ヶ月,Member (2 months),,不明,,,1,1,0,2026-10-07 17:00,2026-10-07 17:00,,,https://www.youtube.com/channel/UCAnAgeqN1VJXnc8BZGOAwSg
UCkgzBJBXIRTqU4sbBf6Dg3g,@cho-iy6on,2,2ヶ月,Member (2 months),,不明,,,1,2,0,2026-10-09 00:00,2026-10-09 00:00,,,https://www.youtube.com/channel/UCkgzBJBXIRTqU4sbBf6Dg3g
UC36aiFLYJTWAp8nS4dCYLDQ,@かなちゃん-d3e,2,2ヶ月,Member (2 months),,不明,,,1,5,0,2026-10-09 00:00,2026-10-09 00:00,,,https://www.youtube.com/channel/UC36aiFLYJTWAp8nS4dCYLDQ
UCmRFE9tTrk4lYTU8wZJGG_g,@らんど-u9c,2,2ヶ月,Member (2 months),,不明,,,1,2,0,2026-10-09 00:00,2026-10-09 00:00,,,https://www.youtube.com/channel/UCmRFE9tTrk4lYTU8wZJGG_g
UC4ySZdZ0mffvZ3SEv7Cp67g,@aiiiii123,2,2ヶ月,Member (2 months),,不明,,,1,2,0,2026-10-09 00:00,2026-10-09 00:00,,,https://www.youtube.com/channel/UC4ySZdZ0mffvZ3SEv7Cp67g
UCcO3_ZZ5c5w4ENpg7uIryTw,@せあちまSSR,2,2ヶ月,Member (2 months),,不明,,,1,3,0,2026-10-09 00:00,2026-10-09 00:00,,,https://www.youtube.com/channel/UCcO3_ZZ5c5w4ENpg7uIryTw
UCV02ugzah2WGRBYpDd2hn-g,@Dinerwinkxs,2,2ヶ月,Member (2 months),,不明,,,1,50,0,2026-10-09 00:00,2026-10-09 00:00,,,https://www.youtube.com/channel/UCV02ugzah2WGRBYpDd2hn-g
UCCxiFVuomTSDBZ7fNhw7REg,@ひな-mochimochi3-u8d,2,2ヶ月,Member (2 months),,不明,,,1,2,0,2026-10-09 00:00,2026-10-09 00:00,,,https://www.youtube.com/channel/UCCxiFVuomTSDBZ7fNhw7REg
UCsXT5ivw1ILUkSXYr4l5riA,@ばるばる-p1e,2,2ヶ月,Member (2 months),,不明,,,1,5,0,2026-10-09 00:00,2026-10-09 00:00,,,https://www.youtube.com/channel/UCsXT5ivw1ILUkSXYr4l5riA
UCH9V9E6ouh_O01MfRp5bnKg,@つきff,2,2ヶ月,Member (2 months),,不明,,,1,9,0,2026-10-09 00:00,2026-10-09 00:00,,,https://www.youtube.com/channel/UCH9V9E6ouh_O01MfRp5bnKg
UC89JNnjH-YeqSe4TqlTQTxQ,@すあか-suaka,2,2ヶ月,Member (2 months),,不明,,,1,1,0,2026-10-09 00:00,2026-10-09 00:00,,,https://www.youtube.com/channel/UC89JNnjH-YeqSe4TqlTQTxQ
UCJbvZswFSny2pHY-rrQ9Nqw,@mokamoka-mo,2,2ヶ月,Member (2 months),,不明,,,1,1,0,2026-10-09 00:00,2026-10-09 00:00,,,https://www.youtube.com/channel/UCJbvZswFSny2pHY-rrQ9Nqw
UCtXzFLffzBDRNkxj9HZPBJg,@Ofuton_p,2,2ヶ月,Member (2 months),,不明,,,1,4,0,2026-10-09 00:00,2026-10-09 00:00,,,https://www.youtube.com/channel/UCtXzFLffzBDRNkxj9HZPBJg
UCZHEHLTUxY0hLB-y0NuaE2g,@yuzuniya,2,2ヶ月,Member (2 months),,不明,,,1,3,0,2026-10-09 00:00,2026-10-09 00:00,,,https://www.youtube.com/channel/UCZHEHLTUxY0hLB-y0NuaE2g
UCThZwlfLlFVAElFc4kXf9-Q,@おこめ0315,2,2ヶ月,Member (2 months),,不明,,,1,1,0,2026-10-09 00:00,2026-10-09 00:00,,,https://www.youtube.com/channel/UCThZwlfLlFVAElFc4kXf9-Q
UCzVw96v3_h0liP72Evis8UA,@om1yn_zz,2,2ヶ月,Member (2 months),,不明,,,1,1,0,2026-10-09 00:00,2026-10-09 00:00,,,https://www.youtube.com/channel/UCzVw96v3_h0liP72Evis8UA
UCsBtdVi-xgy0FhY3ZS3eXow,@pooon_pn,2,2ヶ月,Member (2 months),,不明,,,1,7,1,2026-10-09 00:00,2026-10-09 00:00,,,https://www.youtube.com/channel/UCsBtdVi-xgy0FhY3ZS3eXow
UCent_7bP_y0sTCYt_joRxHQ,@sji88es,2,2ヶ月,Member (2 months),,不明,,,1,2,0,2026-10-09 00:00,2026-10-09 00:00,,,https://www.youtube.com/channel/UCent_7bP_y0sTCYt_joRxHQ
UCmjuQ3MXTr_zZdn84-5B7Lg,@SAIKA2325,2,2ヶ月,Member (2 months),,不明,,,1,1,0,2026-10-09 00:00,2026-10-09 00:00,,,https://www.youtube.com/channel/UCmjuQ3MXTr_zZdn84-5B7Lg
UCUjkq7NDvqFmq1ICD9QDpig,@だ-x9p,2,2ヶ月,Member (2 months),,不明,,,1,2,0,2026-10-09 00:00,2026-10-09 00:00,,,https://www.youtube.com/channel/UCUjkq7NDvqFmq1ICD9QDpig
UCVxzAKz2XNMR8IH3ZgbifLA,@000smoo,1,1ヶ月,Member (1 month),,不明,,,17,558,1,2026-09-10 20:01,2026-10-09 00:00,,,https://www.youtube.com/channel/UCVxzAKz2XNMR8IH3ZgbifLA
UCbfnvTEbD-62Od3zrPuNnBA,@えま-c1i,1,1ヶ月,Member (1 month),,不明,,,17,269,0,2026-09-10 20:01,2026-10-09 00:00,,,https://www.youtube.com/channel/UCbfnvTEbD-62Od3zrPuNnBA
UC75FY8kRVs8Tw0u2D7pM2KQ,@yuyu-4y,1,1ヶ月,Member (1 month),,不明,,,15,167,0,2026-09-10 20:01,2026-10-07 17:00,,,https://www.youtube.com/channel/UC75FY8kRVs8Tw0u2D7pM2KQ
UCpOMj4RDC1-Mn9CWkPt6kGA,@liuxi-cc29,1,1ヶ月,Member (1 month),,不明,,,13,32,0,2026-09-10 20:01,2026-10-07 17:00,,,https://www.youtube.com/channel/UCpOMj4RDC1-Mn9CWkPt6kGA
UCejEt6umfzo7BYQt_8IqguA,@影猫shadowscat,1,1ヶ月,Member (1 month),1,Diner,マイルストーン,,13,28,0,2026-09-11 19:31,2026-10-09 00:00,,,https://www.youtube.com/channel/UCejEt6umfzo7BYQt_8IqguA
UCXYuKBhTbRTAIiIoQsuJDWw,@4nensei,1,1ヶ月,Member (1 month),,不明,,,11,78,0,2026-09-10 20:01,2026-10-09 00:00,,,https://www.youtube.com/channel/UCXYuKBhTbRTAIiIoQsuJDWw
UCF3YWFQ-SI5heI34tKUIC0A,@nyalp_ochi3,1,1ヶ月,Member (1 month),,不明,,,9,222,0,2026-09-14 21:45,2026-10-09 00:00,,,https://www.youtube.com/channel/UCF3YWFQ-SI5heI34tKUIC0A
UC-ngG_Dbw5aukRFF-qKptmA,@l6520_,1,1ヶ月,Member (1 month),,不明,,,8,19,0,2026-09-11 19:31,2026-10-09 00:00,,,https://www.youtube.com/channel/UC-ngG_Dbw5aukRFF-qKptmA
UCEaPkoILA6RJP_x5rOL_MKw,@ペリ-86,1,1ヶ月,Member (1 month),,不明,,,7,98,0,2026-09-11 19:31,2026-10-09 00:00,,,https://www.youtube.com/channel/UCEaPkoILA6RJP_x5rOL_MKw
UCyK-F5H5STsVhWgyX6xKhgQ,@ゆで田あずき,1,1ヶ月,Member (1 month),,Diner,新規加入（2026-09-09）,,7,17,0,2026-09-18 20:00,2026-10-09 00:00,,,https://www.youtube.com/channel/UCyK-F5H5STsVhWgyX6xKhgQ
UCtXvjuPC-yxxZSV2TavaSlA,@0pi_ma__a,1,1ヶ月,Member (1 month),,不明,,,5,64,0,2026-09-21 21:02,2026-10-09 00:00,,,https://www.youtube.com/channel/UCtXvjuPC-yxxZSV2TavaSlA
UCdHaAqP6ScduRxWzZ6D-wgw,@saku-u6e,1,1ヶ月,Member (1 month),1,Diner,マイルストーン,,4,10,0,2026-09-10 20:01,2026-10-09 00:00,,,https://www.youtube.com/channel/UCdHaAqP6ScduRxWzZ6D-wgw
UCq59j_r6_XEZPTlyvQf3uow,@riria0611,1,1ヶ月,Member (1 month),,不明,,,4,15,0,2026-09-10 20:01,2026-10-05 20:00,,,https://www.youtube.com/channel/UCq59j_r6_XEZPTlyvQf3uow
UCjWlp1EYGG0dG4c8ctG_3aw,@iro_u2,1,1ヶ月,Member (1 month),,不明,,,4,10,0,2026-09-21 21:02,2026-09-29 17:30,,,https://www.youtube.com/channel/UCjWlp1EYGG0dG4c8ctG_3aw
UCnpJKs3W0otNn1pIBlGLoUw,@kusa-n4o,1,1ヶ月,Member (1 month),,不明,,,4,40,0,2026-09-21 21:02,2026-10-09 00:00,,,https://www.youtube.com/channel/UCnpJKs3W0otNn1pIBlGLoUw
UCZLF0kBJ5t8lkNIGP2HBiZg,@ぽっぴん豆川-e4p,1,1ヶ月,Member (1 month),,不明,,,4,32,0,2026-09-26 20:00,2026-10-09 00:00,,,https://www.youtube.com/channel/UCZLF0kBJ5t8lkNIGP2HBiZg
UC0idMPrSM6IbL2ahFWr51Cg,@ゆちゃ-yuchaO5,1,1ヶ月,Member (1 month),,不明,,,3,8,0,2026-09-10 20:01,2026-09-22 20:01,,,https://www.youtube.com/channel/UC0idMPrSM6IbL2ahFWr51Cg
UCYglfCNhjVfPnCP3uIuzkBA,@YotsumuraShishiba,1,1ヶ月,Member (1 month),,不明,,,3,42,0,2026-09-10 20:01,2026-09-19 20:00,,,https://www.youtube.com/channel/UCYglfCNhjVfPnCP3uIuzkBA
UCuFSMldwblJ5oRVMkg8fvlQ,@nq_shiro,1,1ヶ月,Member (1 month),,不明,,,3,3,0,2026-09-11 19:31,2026-09-27 18:02,,,https://www.youtube.com/channel/UCuFSMldwblJ5oRVMkg8fvlQ
UCQNDhOQuliIMO1X4C989D2Q,@zozzoblo,1,1ヶ月,Member (1 month),,不明,,,3,19,0,2026-09-16 20:30,2026-10-09 00:00,,,https://www.youtube.com/channel/UCQNDhOQuliIMO1X4C989D2Q
UC9cWowkH7Omn-_DVorh-AEg,@プリン1015,1,1ヶ月,Member (1 month),,Diner,新規加入（2026-09-07）,,3,213,0,2026-09-19 20:00,2026-10-09 00:00,,,https://www.youtube.com/channel/UC9cWowkH7Omn-_DVorh-AEg
UC0KiQwcynDVY48P_kyz_Lug,@Ihan-l5r,1,1ヶ月,Member (1 month),,不明,,,2,2,0,2026-09-11 19:31,2026-09-18 20:00,,,https://www.youtube.com/channel/UC0KiQwcynDVY48P_kyz_Lug
UCYMTH37qBRSGbS2_vfxIxpg,@nm-z2u,1,1ヶ月,Member (1 month),,不明,,,2,4,0,2026-09-16 20:30,2026-09-20 19:02,,,https://www.youtube.com/channel/UCYMTH37qBRSGbS2_vfxIxpg
UCLpvTJbqlEKpyekUJY1_wtA,@おみそ-v3o,1,1ヶ月,Member (1 month),,不明,,,2,8,0,2026-09-17 18:01,2026-09-27 18:02,,,https://www.youtube.com/channel/UCLpvTJbqlEKpyekUJY1_wtA
UC70Pc4SEyEnDvuNcEnm8IqQ,@rhmszk,1,1ヶ月,Member (1 month),,不明,,,2,5,0,2026-09-19 20:00,2026-10-02 20:15,,,https://www.youtube.com/channel/UC70Pc4SEyEnDvuNcEnm8IqQ
UCf_pekfAKNCGL1fyYk7rJkQ,@さんご-z8o,1,1ヶ月,Member (1 month),,不明,,,2,28,0,2026-09-19 20:00,2026-09-23 13:01,,,https://www.youtube.com/channel/UCf_pekfAKNCGL1fyYk7rJkQ
UCwjlIKtjnQruwOZw-Z7r91g,@lutyahime328,1,1ヶ月,Member (1 month),,不明,,,2,3,0,2026-09-29 17:30,2026-10-03 12:45,,,https://www.youtube.com/channel/UCwjlIKtjnQruwOZw-Z7r91g
UC5l1KkXdrwFmLYWHPkI0wjQ,@l__0w0__l,1,1ヶ月,Member (1 month),,不明,,,2,6,0,2026-10-02 20:15,2026-10-05 20:00,,,https://www.youtube.com/channel/UC5l1KkXdrwFmLYWHPkI0wjQ
UC0ZDunT4d1r6loT3Tn8uCxA,@えでゅ-k7g,1,1ヶ月,Member (1 month),,不明,,,1,1,0,2026-09-10 20:01,2026-09-10 20:01,,,https://www.youtube.com/channel/UC0ZDunT4d1r6loT3Tn8uCxA
UC1nbS75ZInHExA5rkZP7lyA,@rinan-yu,1,1ヶ月,Member (1 month),,不明,,,1,1,0,2026-09-11 19:31,2026-09-11 19:31,,,https://www.youtube.com/channel/UC1nbS75ZInHExA5rkZP7lyA
UCFk0D8gsXA9OfS5V-UZ_gJQ,@Yuki-ju1ct,1,1ヶ月,Member (1 month),,不明,,,1,4,0,2026-09-11 19:31,2026-09-11 19:31,,,https://www.youtube.com/channel/UCFk0D8gsXA9OfS5V-UZ_gJQ
UCqYIby7hmQZDzoi9sSUk2iA,@kita_nyannyan,1,1ヶ月,Member (1 month),,不明,,,1,1,0,2026-09-11 19:31,2026-09-11 19:31,,,https://www.youtube.com/channel/UCqYIby7hmQZDzoi9sSUk2iA
UC7Bo3XpzUyOrKzJ58dziH2g,@ここまか-f2h,1,1ヶ月,Member (1 month),,Diner,新規加入,,1,0,0,2026-09-16 20:30,2026-09-16 20:30,○,,https://www.youtube.com/channel/UC7Bo3XpzUyOrKzJ58dziH2g
UCOrZvMyV69pbaYVu8Uy4zJA,@ri-ko3kl,1,1ヶ月,Member (1 month),,不明,,,1,1,0,2026-09-19 20:00,2026-09-19 20:00,,,https://www.youtube.com/channel/UCOrZvMyV69pbaYVu8Uy4zJA
UCb_vR5K036dTm7RUqTn7OVQ,@ロサ-1412,1,1ヶ月,Member (1 month),,不明,,,1,1,0,2026-09-21 21:02,2026-09-21 21:02,,,https://www.youtube.com/channel/UCb_vR5K036dTm7RUqTn7OVQ
UCStAHQN--I6Lvm5vYw1pOEQ,@zahrasafira8302,1,1ヶ月,Member (1 month),,不明,,,1,1,0,2026-09-22 20:01,2026-09-22 20:01,,,https://www.youtube.com/channel/UCStAHQN--I6Lvm5vYw1pOEQ
UCaeWyCMvRajWtCXG5YaOnrQ,@ayachi-10,1,1ヶ月,Member (1 month),,不明,,,1,1,0,2026-09-27 18:02,2026-09-27 18:02,,,https://www.youtube.com/channel/UCaeWyCMvRajWtCXG5YaOnrQ
UC_Aejzc921rY-qzZw3TryPw,@7ku_ym,1,1ヶ月,Member (1 month),,不明,,,1,1,0,2026-09-27 18:02,2026-09-27 18:02,,,https://www.youtube.com/channel/UC_Aejzc921rY-qzZw3TryPw
UCvEFqSp3xeiHx9qHXQSuyhw,@24ほ-nvu,1,1ヶ月,Member (1 month),,不明,,,1,1,0,2026-09-29 17:30,2026-09-29 17:30,,,https://www.youtube.com/channel/UCvEFqSp3xeiHx9qHXQSuyhw
UCpurLHT5SLYBtCROfVOl_Sw,@rinrin_323,1,1ヶ月,Member (1 month),,不明,,,1,2,0,2026-09-29 17:30,2026-09-29 17:30,,,https://www.youtube.com/channel/UCpurLHT5SLYBtCROfVOl_Sw
UCFCrYGHLj2BOgVN32IwUvBQ,@ひろhiro1616,1,1ヶ月,Member (1 month),,Diner,新規加入,,1,0,0,2026-09-29 17:30,2026-09-29 17:30,○,,https://www.youtube.com/channel/UCFCrYGHLj2BOgVN32IwUvBQ
UC7WSFaeGtWrFACzR1qbjgQA,@さゆもち,1,1ヶ月,Member (1 month),,Diner,新規加入,,1,0,0,2026-09-29 17:30,2026-09-29 17:30,○,,https://www.youtube.com/channel/UC7WSFaeGtWrFACzR1qbjgQA
UCyDgwfsUJ9jEfoElHYEJ8Tw,@ざん.3,1,1ヶ月,Member (1 month),,Diner,新規加入,,1,0,0,2026-09-29 17:30,2026-09-29 17:30,○,,https://www.youtube.com/channel/UCyDgwfsUJ9jEfoElHYEJ8Tw
UCU7S__CZPBMypNtsRjvr_tg,@ゆきの-y9n,1,1ヶ月,Member (1 month),,不明,,,1,1,0,2026-10-03 12:45,2026-10-03 12:45,,,https://www.youtube.com/channel/UCU7S__CZPBMypNtsRjvr_tg
UCP282CxMiwhJSRJltrZNazg,@おみ-j6n,1,1ヶ月,Member (1 month),,不明,,,1,2,0,2026-10-03 12:45,2026-10-03 12:45,,,https://www.youtube.com/channel/UCP282CxMiwhJSRJltrZNazg
UC8akCl-WVlKMhajsTnr05yg,@滑蛋饭,1,1ヶ月,Member (1 month),,不明,,,1,1,0,2026-10-03 12:45,2026-10-03 12:45,,,https://www.youtube.com/channel/UC8akCl-WVlKMhajsTnr05yg
UCCHAFX07MpYAkBesLgNmHdQ,@rua_0604-h2l,1,1ヶ月,Member (1 month),,不明,,,1,76,0,2026-10-05 20:00,2026-10-05 20:00,,,https://www.youtube.com/channel/UCCHAFX07MpYAkBesLgNmHdQ
UCUTSfCixc-ENPLUtsKMhzjQ,@まめっち-fr,1,1ヶ月,Member (1 month),,不明,,,1,6,0,2026-10-05 20:00,2026-10-05 20:00,,,https://www.youtube.com/channel/UCUTSfCixc-ENPLUtsKMhzjQ
UCHd70WEs7numT1NeIXMfi4A,@Taira-x1l,1,1ヶ月,Member (1 month),,不明,,,1,14,0,2026-10-05 20:00,2026-10-05 20:00,,,https://www.youtube.com/channel/UCHd70WEs7numT1NeIXMfi4A
UC-O71pXErIJ3WAVvht2aFqw,@nyarong-u_u,1,1ヶ月,Member (1 month),,不明,,,1,1,0,2026-10-05 20:00,2026-10-05 20:00,,,https://www.youtube.com/channel/UC-O71pXErIJ3WAVvht2aFqw
UCgrL67Olt2w0nf7VXoeZMCg,@kuu-c3c,1,1ヶ月,Member (1 month),,不明,,,1,1,0,2026-10-09 00:00,2026-10-09 00:00,,,https://www.youtube.com/channel/UCgrL67Olt2w0nf7VXoeZMCg
UCizEACIxpfCRdIyxCNLfLKg,@srb.uv_,1,1ヶ月,Member (1 month),,不明,,,1,1,0,2026-10-09 00:00,2026-10-09 00:00,,,https://www.youtube.com/channel/UCizEACIxpfCRdIyxCNLfLKg
UC39Z7zY1s5Qb1-yVS-q0LiQ,@msk3312,1,1ヶ月,Member (1 month),,不明,,,1,2,0,2026-10-09 00:00,2026-10-09 00:00,,,https://www.youtube.com/channel/UC39Z7zY1s5Qb1-yVS-q0LiQ
UC3KQh-RfTPOLDfHBKJsYsTg,@SEKAIDEICHlBAN,1,1ヶ月,Member (1 month),,不明,,,1,1,0,2026-10-09 00:00,2026-10-09 00:00,,,https://www.youtube.com/channel/UC3KQh-RfTPOLDfHBKJsYsTg
UChYWSu6de2gpO-ec1ZXD-Lw,@ささみフライ-r8n,1,1ヶ月,Member (1 month),,不明,,,1,3,0,2026-10-09 00:00,2026-10-09 00:00,,,https://www.youtube.com/channel/UChYWSu6de2gpO-ec1ZXD-Lw
UCG5NXzWnabXUQsqp1Ko6NvQ,@01048701,1,1ヶ月,Member (1 month),,不明,,,1,5,0,2026-10-09 00:00,2026-10-09 00:00,,,https://www.youtube.com/channel/UCG5NXzWnabXUQsqp1Ko6NvQ
UCBipaJbkqvj-AhOCNcg6IAw,@艺琰夜-d5z,1,1ヶ月,Member (1 month),,不明,,,1,3,0,2026-10-09 00:00,2026-10-09 00:00,,,https://www.youtube.com/channel/UCBipaJbkqvj-AhOCNcg6IAw
UCZ-jtJ1YjETSsQdursdRq_g,@ふぃるむFILM,0,新規(1ヶ月未満),New member,,不明,,,7,38,0,2026-09-10 20:01,2026-09-21 21:02,,,https://www.youtube.com/channel/UCZ-jtJ1YjETSsQdursdRq_g
UCWDZEpbkNcdeem0UBZMgNgw,@miriii1629,0,新規(1ヶ月未満),New member,,不明,,,7,97,0,2026-09-29 17:30,2026-10-09 00:00,,,https://www.youtube.com/channel/UCWDZEpbkNcdeem0UBZMgNgw
UC1ZXk5OkYZrMy_u74anDSHQ,@orafuru,0,新規(1ヶ月未満),New member,,不明,,,6,22,0,2026-09-10 20:01,2026-10-03 12:45,,,https://www.youtube.com/channel/UC1ZXk5OkYZrMy_u74anDSHQ
UCcnBYXgJBNxS7bhKrNkLd8A,@amemi_2c,0,新規(1ヶ月未満),New member,,不明,,,6,7,0,2026-09-21 21:02,2026-10-09 00:00,,,https://www.youtube.com/channel/UCcnBYXgJBNxS7bhKrNkLd8A
UCOZmhs1ddTxgF8p6M29u4IA,@umeneri-r4e,0,新規(1ヶ月未満),New member,,Diner,新規加入,,6,41,0,2026-09-21 21:02,2026-10-09 00:00,○,,https://www.youtube.com/channel/UCOZmhs1ddTxgF8p6M29u4IA
UCjBYjBTZIK1MK5yi-mkFWQA,@もうダメださん,0,新規(1ヶ月未満),New member,,不明,,,6,63,0,2026-09-29 17:30,2026-10-09 00:00,,,https://www.youtube.com/channel/UCjBYjBTZIK1MK5yi-mkFWQA
UC4I3DQzZrs_WFVHi7NOsENg,@alcy7308,0,新規(1ヶ月未満),New member,,不明,,,5,35,0,2026-09-29 17:30,2026-10-07 17:00,,,https://www.youtube.com/channel/UC4I3DQzZrs_WFVHi7NOsENg
UCQP7EU9Nyu7LKKpM0hotvZg,@愛増雄三太郎,0,新規(1ヶ月未満),New member,,Diner,新規加入,,5,73,0,2026-09-30 18:00,2026-10-09 00:00,○,,https://www.youtube.com/channel/UCQP7EU9Nyu7LKKpM0hotvZg
UC9rVERsDg6qLeu-dKQo6WUw,@ななみ-e5x,0,新規(1ヶ月未満),New member,,Diner,新規加入（2026-09-07）,,4,220,0,2026-09-10 20:01,2026-09-27 18:02,,,https://www.youtube.com/channel/UC9rVERsDg6qLeu-dKQo6WUw
UC9bh6dOHC3wKAcV_0jZOp4g,@鞠林檎,0,新規(1ヶ月未満),New member,,不明,,,4,11,0,2026-09-11 19:31,2026-10-05 20:00,,,https://www.youtube.com/channel/UC9bh6dOHC3wKAcV_0jZOp4g
UCT4Ql80yF0pdwnY23t0hwsg,@ddellll_1011,0,新規(1ヶ月未満),New member,,不明,,,4,7,0,2026-09-26 20:00,2026-10-09 00:00,,,https://www.youtube.com/channel/UCT4Ql80yF0pdwnY23t0hwsg
UCPhzTUT5t141jQ7xbspdEfg,@hina0726-f1b,0,新規(1ヶ月未満),New member,,不明,,,4,9,0,2026-09-26 20:00,2026-10-09 00:00,,,https://www.youtube.com/channel/UCPhzTUT5t141jQ7xbspdEfg
UCfnodfoFPK3hRN74XunrO5Q,@うさぴー-o2g,0,新規(1ヶ月未満),New member,,不明,,,4,10,0,2026-09-29 17:30,2026-10-09 00:00,,,https://www.youtube.com/channel/UCfnodfoFPK3hRN74XunrO5Q
UCVM5gZpJuiskoT8rhKCZF8A,@UME_NERIO,0,新規(1ヶ月未満),New member,,不明,,,4,13,0,2026-09-30 18:00,2026-10-07 17:00,,,https://www.youtube.com/channel/UCVM5gZpJuiskoT8rhKCZF8A
UClXl4t2VjBQqz14m4UX2kNQ,@syuka7014,0,新規(1ヶ月未満),New member,,不明,,,4,25,0,2026-10-02 20:15,2026-10-09 00:00,,,https://www.youtube.com/channel/UClXl4t2VjBQqz14m4UX2kNQ
UCokSn0O793ZCNgOQ-Ooei7Q,@意晗5012,0,新規(1ヶ月未満),New member,,Diner,新規加入,,4,6,0,2026-10-03 12:45,2026-10-09 00:00,○,,https://www.youtube.com/channel/UCokSn0O793ZCNgOQ-Ooei7Q
UCsahwZ-saY6wKLd62RSVkCg,@amforfun-tt,0,新規(1ヶ月未満),New member,,不明,,,3,10,0,2026-09-10 20:01,2026-09-23 13:01,,,https://www.youtube.com/channel/UCsahwZ-saY6wKLd62RSVkCg
UCfOq8a6TL_WT90wD-xtJMUg,@さラんへよ,0,新規(1ヶ月未満),New member,,不明,,,3,6,0,2026-09-10 20:01,2026-09-20 19:02,,,https://www.youtube.com/channel/UCfOq8a6TL_WT90wD-xtJMUg
UCyLW0CRTJVyd-Zd9nXaKJJw,@みる-m5g-d3,0,新規(1ヶ月未満),New member,,不明,,,3,109,0,2026-09-16 20:30,2026-10-09 00:00,,,https://www.youtube.com/channel/UCyLW0CRTJVyd-Zd9nXaKJJw
UCA14_wiPiuEVPXREVRfqhvA,@u__unaym8,0,新規(1ヶ月未満),New member,,不明,,,3,92,0,2026-09-20 19:02,2026-10-09 00:00,,,https://www.youtube.com/channel/UCA14_wiPiuEVPXREVRfqhvA
UCj4ylqWspc9fAyXAysikaCg,@真夏のキリマンジャロ,0,新規(1ヶ月未満),New member,,Diner,新規加入,,3,41,0,2026-10-02 20:15,2026-10-09 00:00,○,,https://www.youtube.com/channel/UCj4ylqWspc9fAyXAysikaCg
UCMzrSpHzBAZ9WUqsyTiQxAg,@RA-sl9ru,0,新規(1ヶ月未満),New member,,不明,,,3,89,0,2026-10-05 20:00,2026-10-09 00:00,,,https://www.youtube.com/channel/UCMzrSpHzBAZ9WUqsyTiQxAg
UCHGf0mtuL9pAnBNokqDSY9A,@02..51,0,新規(1ヶ月未満),New member,,不明,,,2,2,0,2026-09-11 19:31,2026-09-19 20:00,,,https://www.youtube.com/channel/UCHGf0mtuL9pAnBNokqDSY9A
UC8rIrnp4wYd86LAKghVUdCg,@まっちゅさん,0,新規(1ヶ月未満),New member,,不明,,,2,2,0,2026-09-14 21:45,2026-09-21 21:02,,,https://www.youtube.com/channel/UC8rIrnp4wYd86LAKghVUdCg
UC9ocg2SMXQS_4aWsEKvQ1zQ,@タコミート,0,新規(1ヶ月未満),New member,,不明,,,2,3,0,2026-09-16 20:30,2026-09-21 21:02,,,https://www.youtube.com/channel/UC9ocg2SMXQS_4aWsEKvQ1zQ
UC1TaI0S57VInpPXNv3sAffA,@ちびすけ-g8v,0,新規(1ヶ月未満),New member,,不明,,,2,2,0,2026-09-16 20:30,2026-10-03 12:45,,,https://www.youtube.com/channel/UC1TaI0S57VInpPXNv3sAffA
UCXxPAhKaFZ41yN1jA5meu5Q,@Kkko-x8h,0,新規(1ヶ月未満),New member,,不明,,,2,3,0,2026-09-17 18:01,2026-09-19 20:00,,,https://www.youtube.com/channel/UCXxPAhKaFZ41yN1jA5meu5Q
UCp_zNA_6ZA-yXVh2TkUNHWQ,@dk-rf9pc,0,新規(1ヶ月未満),New member,,不明,,,2,3,0,2026-09-21 21:02,2026-09-22 20:01,,,https://www.youtube.com/channel/UCp_zNA_6ZA-yXVh2TkUNHWQ
UCzhD74-ABMmJynvw65nw8EA,@user-iy8km7ez1m,0,新規(1ヶ月未満),New member,,不明,,,2,2,0,2026-09-23 13:01,2026-10-03 12:45,,,https://www.youtube.com/channel/UCzhD74-ABMmJynvw65nw8EA
UCtAIg22kP2R2xzztnstfcGQ,@はるか-x8p3y,0,新規(1ヶ月未満),New member,,Diner,新規加入,,2,3,0,2026-09-29 17:30,2026-10-07 17:00,○,,https://www.youtube.com/channel/UCtAIg22kP2R2xzztnstfcGQ
UCPotugJsstCvzgxz5-47eLg,@o-cs6tq,0,新規(1ヶ月未満),New member,,不明,,,2,2,0,2026-10-03 12:45,2026-10-07 17:00,,,https://www.youtube.com/channel/UCPotugJsstCvzgxz5-47eLg
UCLgWhyRvi_NGK86TCgdKvZA,@みーみ-f1h9n,0,新規(1ヶ月未満),New member,,不明,,,2,18,1,2026-10-05 20:00,2026-10-09 00:00,,,https://www.youtube.com/channel/UCLgWhyRvi_NGK86TCgdKvZA
UCmlXrjHLKuBmwipknFAb-qg,@Ste_lla-v9p,0,新規(1ヶ月未満),New member,,不明,,,2,170,0,2026-10-05 20:00,2026-10-09 00:00,,,https://www.youtube.com/channel/UCmlXrjHLKuBmwipknFAb-qg
UC0TknSZlL63NcANR5aHgq2A,@ラテ-9h,0,新規(1ヶ月未満),New member,,不明,,,2,5,0,2026-10-05 20:00,2026-10-09 00:00,,,https://www.youtube.com/channel/UC0TknSZlL63NcANR5aHgq2A
UCe-lxfHZ1f28D7l3t8gD4Sw,@mayuo_kaka,0,新規(1ヶ月未満),New member,,不明,,,2,21,0,2026-10-05 20:00,2026-10-09 00:00,,,https://www.youtube.com/channel/UCe-lxfHZ1f28D7l3t8gD4Sw
UCbXbo0VA3klTR62XPiBSTKw,@shuka_091,0,新規(1ヶ月未満),New member,,不明,,,2,35,0,2026-10-05 20:00,2026-10-09 00:00,,,https://www.youtube.com/channel/UCbXbo0VA3klTR62XPiBSTKw
UCLKgLOoVYEPFlrHWXhgRB0w,@czqc0s,0,新規(1ヶ月未満),New member,,不明,,,2,10,0,2026-10-05 20:00,2026-10-09 00:00,,,https://www.youtube.com/channel/UCLKgLOoVYEPFlrHWXhgRB0w
UCkec9K9RIaKTe2Bxy2ulGzA,@neko-d6c,0,新規(1ヶ月未満),New member,,不明,,,2,29,0,2026-10-05 20:00,2026-10-09 00:00,,,https://www.youtube.com/channel/UCkec9K9RIaKTe2Bxy2ulGzA
UC62Jzh2FFWKUtyn6fjUWBLA,@milune0v0,0,新規(1ヶ月未満),New member,,不明,,,1,1,0,2026-09-10 20:01,2026-09-10 20:01,,,https://www.youtube.com/channel/UC62Jzh2FFWKUtyn6fjUWBLA
UCoFThMSN84FufZ_TqEhrbMw,@牛乳パン-p4l,0,新規(1ヶ月未満),New member,,不明,,,1,1,0,2026-09-10 20:01,2026-09-10 20:01,,,https://www.youtube.com/channel/UCoFThMSN84FufZ_TqEhrbMw
UCdPIqOIc43ZYlx0ZNfctLzw,@kf_07_as,0,新規(1ヶ月未満),New member,,Diner,新規加入,,1,0,0,2026-09-10 20:01,2026-09-10 20:01,○,,https://www.youtube.com/channel/UCdPIqOIc43ZYlx0ZNfctLzw
UCZ8r7U9snH3SGzsidTBfOXA,@梗川慧斗コウカワケイト,0,新規(1ヶ月未満),,,Diner,ギフト,ギフトで加入,1,0,0,2026-09-10 20:01,2026-09-10 20:01,○,○,https://www.youtube.com/channel/UCZ8r7U9snH3SGzsidTBfOXA
UCJLEUt2CEncy_gji062RnaA,@志紀-b9t,0,新規(1ヶ月未満),,,Diner,ギフト,ギフトで加入,1,0,0,2026-09-10 20:01,2026-09-10 20:01,○,○,https://www.youtube.com/channel/UCJLEUt2CEncy_gji062RnaA
UCL3mb9D8s5gXDlD9DUtrhUw,@Oli_ym,0,新規(1ヶ月未満),,,Diner,ギフト,ギフトで加入,1,0,0,2026-09-10 20:01,2026-09-10 20:01,○,○,https://www.youtube.com/channel/UCL3mb9D8s5gXDlD9DUtrhUw
UCrhwk_2ePUcvEYT_HYSdH_Q,@まるまんじゅう,0,新規(1ヶ月未満),,,Diner,ギフト,ギフトで加入,1,0,0,2026-09-10 20:01,2026-09-10 20:01,○,○,https://www.youtube.com/channel/UCrhwk_2ePUcvEYT_HYSdH_Q
UCJfYG0aTomczB7jJkCU3n0g,@onnen_yurei,0,新規(1ヶ月未満),,,Diner,ギフト,ギフトで加入,1,0,0,2026-09-10 20:01,2026-09-10 20:01,○,○,https://www.youtube.com/channel/UCJfYG0aTomczB7jJkCU3n0g
UCS8xKxxkAYoui9XZsIwye2w,@___nemuo,0,新規(1ヶ月未満),New member,,不明,,,1,2,0,2026-09-11 19:31,2026-09-11 19:31,,,https://www.youtube.com/channel/UCS8xKxxkAYoui9XZsIwye2w
UCGWKbwqcxzbKFFvoT76AjqQ,@s_ky-h1n,0,新規(1ヶ月未満),New member,,不明,,,1,1,0,2026-09-14 21:45,2026-09-14 21:45,,,https://www.youtube.com/channel/UCGWKbwqcxzbKFFvoT76AjqQ
UCxmIfcf9PXheJb56lnKwiiA,@chiro_k7v6,0,新規(1ヶ月未満),New member,,不明,,,1,1,0,2026-09-16 20:30,2026-09-16 20:30,,,https://www.youtube.com/channel/UCxmIfcf9PXheJb56lnKwiiA
UC_E1yltVcKlXPe972TV4NXg,@ranran_39,0,新規(1ヶ月未満),New member,,不明,,,1,1,0,2026-09-16 20:30,2026-09-16 20:30,,,https://www.youtube.com/channel/UC_E1yltVcKlXPe972TV4NXg
UCMFqelGT1YeV8_m6v4mRPIg,@ritsuka_is_a_pen,0,新規(1ヶ月未満),New member,,不明,,,1,3,0,2026-09-16 20:30,2026-09-16 20:30,,,https://www.youtube.com/channel/UCMFqelGT1YeV8_m6v4mRPIg
UCAaxDw-2Y2ZOVFcj7gU9MVg,@フランソワ-h2y,0,新規(1ヶ月未満),New member,,不明,,,1,1,0,2026-09-16 20:30,2026-09-16 20:30,,,https://www.youtube.com/channel/UCAaxDw-2Y2ZOVFcj7gU9MVg
UCHyZEX8dNJepuB4vMzi-azg,@ritori-o5p,0,新規(1ヶ月未満),New member,,不明,,,1,1,0,2026-09-18 20:00,2026-09-18 20:00,,,https://www.youtube.com/channel/UCHyZEX8dNJepuB4vMzi-azg
UCs3hcGBlF_dKuPk7oAufFfw,@li_rin9,0,新規(1ヶ月未満),New member,,不明,,,1,26,0,2026-09-19 20:00,2026-09-19 20:00,,,https://www.youtube.com/channel/UCs3hcGBlF_dKuPk7oAufFfw
UCklrUuvldUNIwajB62-tsLQ,@m_oO_S2_vv,0,新規(1ヶ月未満),New member,,不明,,,1,2,0,2026-09-19 20:00,2026-09-19 20:00,,,https://www.youtube.com/channel/UCklrUuvldUNIwajB62-tsLQ
UCDIODm04TMbXrihVW1-vF9w,@ysmiu06,0,新規(1ヶ月未満),New member,,Diner,新規加入,,1,0,0,2026-09-19 20:00,2026-09-19 20:00,○,,https://www.youtube.com/channel/UCDIODm04TMbXrihVW1-vF9w
UCOv_HNHJtn5-_mov--Qb3QQ,@ブルー-y4w,0,新規(1ヶ月未満),New member,,不明,,,1,2,0,2026-09-20 19:02,2026-09-20 19:02,,,https://www.youtube.com/channel/UCOv_HNHJtn5-_mov--Qb3QQ
UCABVyXSfi4iB2aGv70XAD5A,@月魅-k2k,0,新規(1ヶ月未満),New member,,不明,,,1,1,0,2026-09-20 19:02,2026-09-20 19:02,,,https://www.youtube.com/channel/UCABVyXSfi4iB2aGv70XAD5A
UCeUVduHrPinyZ9t0JpPh3yA,@Uccello_rosso,0,新規(1ヶ月未満),New member,,Diner,新規加入,,1,0,0,2026-09-20 19:02,2026-09-20 19:02,○,,https://www.youtube.com/channel/UCeUVduHrPinyZ9t0JpPh3yA
UCxCoayw2b31khKI-421hT3A,@yvonnelee2170,0,新規(1ヶ月未満),New member,,不明,,,1,1,0,2026-09-21 21:02,2026-09-21 21:02,,,https://www.youtube.com/channel/UCxCoayw2b31khKI-421hT3A
UC2yOOwYEQjnwwm1s-bP3XaA,@H.J-g1o,0,新規(1ヶ月未満),New member,,不明,,,1,1,0,2026-09-21 21:02,2026-09-21 21:02,,,https://www.youtube.com/channel/UC2yOOwYEQjnwwm1s-bP3XaA
UCaces-78vilI4fp6zt_BWFg,@りお-g2e2d,0,新規(1ヶ月未満),New member,,不明,,,1,1,0,2026-09-22 20:01,2026-09-22 20:01,,,https://www.youtube.com/channel/UCaces-78vilI4fp6zt_BWFg
UC_DvPRG-FBQVXLO7NhHfw9w,@あまね-l1x,0,新規(1ヶ月未満),New member,,不明,,,1,1,0,2026-09-22 20:01,2026-09-22 20:01,,,https://www.youtube.com/channel/UC_DvPRG-FBQVXLO7NhHfw9w
UC_-N2qrIg5O5bFY7SIFMl1w,@s_ayu819,0,新規(1ヶ月未満),New member,,不明,,,1,1,0,2026-09-23 13:01,2026-09-23 13:01,,,https://www.youtube.com/channel/UC_-N2qrIg5O5bFY7SIFMl1w
UCWh_N0vp2GkxgG9j_Js2l7g,@kmedhnt11428,0,新規(1ヶ月未満),New member,,不明,,,1,1,0,2026-09-26 20:00,2026-09-26 20:00,,,https://www.youtube.com/channel/UCWh_N0vp2GkxgG9j_Js2l7g
UCJDH-eCorX4Z9JNmlSArgug,@tyna-j3b,0,新規(1ヶ月未満),New member,,不明,,,1,1,0,2026-09-27 18:02,2026-09-27 18:02,,,https://www.youtube.com/channel/UCJDH-eCorX4Z9JNmlSArgug
UCvMt67x8ESL9k5ZNfSWm_wQ,@Miyakari_9,0,新規(1ヶ月未満),New member,,不明,,,1,1,0,2026-09-27 18:02,2026-09-27 18:02,,,https://www.youtube.com/channel/UCvMt67x8ESL9k5ZNfSWm_wQ
UCv2prwLwUH73UekgjvO67rw,@弌ノ屋ねこ,0,新規(1ヶ月未満),New member,,Diner,新規加入,,1,0,0,2026-09-29 17:30,2026-09-29 17:30,○,,https://www.youtube.com/channel/UCv2prwLwUH73UekgjvO67rw
UCNsg3Mp5IMycHzJcaEuKefA,@なみ-l6w,0,新規(1ヶ月未満),New member,,Diner,新規加入,,1,0,0,2026-09-29 17:30,2026-09-29 17:30,○,,https://www.youtube.com/channel/UCNsg3Mp5IMycHzJcaEuKefA
UC2Tn4X3_yWZGCcQNf1x1enw,@いれい-n8b,0,新規(1ヶ月未満),New member,,Diner,新規加入,,1,0,0,2026-09-29 17:30,2026-09-29 17:30,○,,https://www.youtube.com/channel/UC2Tn4X3_yWZGCcQNf1x1enw
UCKL0vf3ZXzPJmiNrznyVOnA,@ちゃん_k30a12,0,新規(1ヶ月未満),New member,,Diner,新規加入,,1,0,0,2026-09-29 17:30,2026-09-29 17:30,○,,https://www.youtube.com/channel/UCKL0vf3ZXzPJmiNrznyVOnA
UCWCmWCrMle51eRVC5rqXgXA,@Claraiiii763,0,新規(1ヶ月未満),New member,,Diner,新規加入,,1,0,0,2026-09-29 17:30,2026-09-29 17:30,○,,https://www.youtube.com/channel/UCWCmWCrMle51eRVC5rqXgXA
UCHWn6jaPVPKseQI1bXWlYmg,@京-alm,0,新規(1ヶ月未満),New member,,Diner,新規加入,,1,0,0,2026-09-29 17:30,2026-09-29 17:30,○,,https://www.youtube.com/channel/UCHWn6jaPVPKseQI1bXWlYmg
UCYdiPJ_DR6RSPOiJAHmCOYg,@kuromart_00,0,新規(1ヶ月未満),New member,,Diner,新規加入,,1,0,0,2026-09-29 17:30,2026-09-29 17:30,○,,https://www.youtube.com/channel/UCYdiPJ_DR6RSPOiJAHmCOYg
UCchWAyK_joqrxZytgjUHfpw,@n-re3qu,0,新規(1ヶ月未満),New member,,Diner,新規加入,,1,0,0,2026-09-29 17:30,2026-09-29 17:30,○,,https://www.youtube.com/channel/UCchWAyK_joqrxZytgjUHfpw
UCpk1hfi-9_Cleb_NZ0VBkng,@すいs2,0,新規(1ヶ月未満),New member,,Diner,新規加入,,1,0,0,2026-09-29 17:30,2026-09-29 17:30,○,,https://www.youtube.com/channel/UCpk1hfi-9_Cleb_NZ0VBkng
UCmw-S82ao2BzlC4vYQgzUhQ,@meax_02,0,新規(1ヶ月未満),New member,,Diner,新規加入,,1,0,0,2026-09-29 17:30,2026-09-29 17:30,○,,https://www.youtube.com/channel/UCmw-S82ao2BzlC4vYQgzUhQ
UCCq3g70iG5b7zWeEJWClmAA,@Yukipon1126,0,新規(1ヶ月未満),New member,,Diner,新規加入,,1,0,0,2026-09-29 17:30,2026-09-29 17:30,○,,https://www.youtube.com/channel/UCCq3g70iG5b7zWeEJWClmAA
UC9n-TmvlrM0hK1WThAm7_TQ,@けい-h6p,0,新規(1ヶ月未満),New member,,Diner,新規加入,,1,0,0,2026-09-29 17:30,2026-09-29 17:30,○,,https://www.youtube.com/channel/UC9n-TmvlrM0hK1WThAm7_TQ
UChsHZZ-CHJBZ7alfs-W8Nnw,@yolu_likran,0,新規(1ヶ月未満),New member,,Diner,新規加入,,1,0,0,2026-09-29 17:30,2026-09-29 17:30,○,,https://www.youtube.com/channel/UChsHZZ-CHJBZ7alfs-W8Nnw
UC7_EaTwq6zjFxGJUCLMc9oA,@toritori-k6p,0,新規(1ヶ月未満),New member,,Diner,新規加入,,1,0,0,2026-09-29 17:30,2026-09-29 17:30,○,,https://www.youtube.com/channel/UC7_EaTwq6zjFxGJUCLMc9oA
UCIEuIFOtBSNzjWKCRjWCiNA,@なべまめねこ,0,新規(1ヶ月未満),New member,,Diner,新規加入,,1,0,0,2026-09-29 17:30,2026-09-29 17:30,○,,https://www.youtube.com/channel/UCIEuIFOtBSNzjWKCRjWCiNA
UCff2bIR3JK-YliFH7UzXcNA,@三島香-p6z,0,新規(1ヶ月未満),New member,,Diner,新規加入,,1,0,0,2026-09-29 17:30,2026-09-29 17:30,○,,https://www.youtube.com/channel/UCff2bIR3JK-YliFH7UzXcNA
UCqBN8Zluf71vbV_J7pY_OLg,@natsu104,0,新規(1ヶ月未満),New member,,Diner,新規加入,,1,0,0,2026-09-29 17:30,2026-09-29 17:30,○,,https://www.youtube.com/channel/UCqBN8Zluf71vbV_J7pY_OLg
UCYXPRv7F0HxmsAjLWgU1NAA,@nose_ama,0,新規(1ヶ月未満),New member,,Diner,新規加入,,1,0,0,2026-09-29 17:30,2026-09-29 17:30,○,,https://www.youtube.com/channel/UCYXPRv7F0HxmsAjLWgU1NAA
UC-2VBkpg1m8HdzSlFD87pEQ,@ちゃむ-v7mn,0,新規(1ヶ月未満),New member,,Diner,新規加入,,1,0,0,2026-09-29 17:30,2026-09-29 17:30,○,,https://www.youtube.com/channel/UC-2VBkpg1m8HdzSlFD87pEQ
UC3l3wVB_ZrkNpxTFeM0nzog,@あいうえお-d7q,0,新規(1ヶ月未満),New member,,Diner,新規加入,,1,0,0,2026-09-30 18:00,2026-09-30 18:00,○,,https://www.youtube.com/channel/UC3l3wVB_ZrkNpxTFeM0nzog
UCj1lVaVjXqRLpW8H-0pTBzA,@iyopeach,0,新規(1ヶ月未満),New member,,Diner,新規加入,,1,0,0,2026-09-30 18:00,2026-09-30 18:00,○,,https://www.youtube.com/channel/UCj1lVaVjXqRLpW8H-0pTBzA
UCT1mbLQXP2k9ZJHdDL8YFqw,@まりたろ_Reddburu_inochi,0,新規(1ヶ月未満),New member,,Diner,新規加入,,1,0,0,2026-09-30 18:00,2026-09-30 18:00,○,,https://www.youtube.com/channel/UCT1mbLQXP2k9ZJHdDL8YFqw
UC5mNVXcpkoH_AeovVpdVrXQ,@かえぴーさんみゃく,0,新規(1ヶ月未満),New member,,不明,,,1,1,0,2026-10-02 20:15,2026-10-02 20:15,,,https://www.youtube.com/channel/UC5mNVXcpkoH_AeovVpdVrXQ
UC0J-WSKjLdGJTSwDqaW_7nw,@아와-f4x4o,0,新規(1ヶ月未満),New member,,Diner,新規加入,,1,1,0,2026-10-03 12:45,2026-10-03 12:45,○,,https://www.youtube.com/channel/UC0J-WSKjLdGJTSwDqaW_7nw
UCrZnNbnQI_t3i7hBVjm5cig,@isaisa-t2z,0,新規(1ヶ月未満),,,Diner,ギフト,ギフトで加入,1,0,0,2026-10-03 12:45,2026-10-03 12:45,○,○,https://www.youtube.com/channel/UCrZnNbnQI_t3i7hBVjm5cig
UCZnFLdfev2VWetH6h4nlXbg,@キリン大佐,0,新規(1ヶ月未満),,,Diner,ギフト,ギフトで加入,1,0,0,2026-10-03 12:45,2026-10-03 12:45,○,○,https://www.youtube.com/channel/UCZnFLdfev2VWetH6h4nlXbg
UCUx7asVMxoahRz1o12_32gw,@おこめ-t6o,0,新規(1ヶ月未満),,,Diner,ギフト,ギフトで加入,1,0,0,2026-10-03 12:45,2026-10-03 12:45,○,○,https://www.youtube.com/channel/UCUx7asVMxoahRz1o12_32gw
UC6gzgXT9EZm_zJ-x15YNDMg,@lis.___7.9,0,新規(1ヶ月未満),,,Diner,ギフト,ギフトで加入,1,0,0,2026-10-03 12:45,2026-10-03 12:45,○,○,https://www.youtube.com/channel/UC6gzgXT9EZm_zJ-x15YNDMg
UCCWim97vLmTLieU_zbDKmkQ,@cpf1127,0,新規(1ヶ月未満),,,Diner,ギフト,ギフトで加入,1,0,0,2026-10-03 12:45,2026-10-03 12:45,○,○,https://www.youtube.com/channel/UCCWim97vLmTLieU_zbDKmkQ
UCmi2azAtZs4W_vZOO_WurVQ,@ヨッシー0529,0,新規(1ヶ月未満),New member,,Diner,新規加入,,1,0,0,2026-10-03 12:45,2026-10-03 12:45,○,,https://www.youtube.com/channel/UCmi2azAtZs4W_vZOO_WurVQ
UC_EDtZCNjgkdHtMRnxJrGcw,@猫カフェもか支店長,0,新規(1ヶ月未満),New member,,Diner,新規加入,,1,0,0,2026-10-03 12:45,2026-10-03 12:45,○,,https://www.youtube.com/channel/UC_EDtZCNjgkdHtMRnxJrGcw
UCV-E5dOhFn6Cp5loTHweNEw,@b1oomin_u,0,新規(1ヶ月未満),New member,,不明,,,1,9,0,2026-10-05 20:00,2026-10-05 20:00,,,https://www.youtube.com/channel/UCV-E5dOhFn6Cp5loTHweNEw
UCxEJrhXpWvSQ2vg7BEMMzjA,@初霜_elle,0,新規(1ヶ月未満),New member,,不明,,,1,1,0,2026-10-05 20:00,2026-10-05 20:00,,,https://www.youtube.com/channel/UCxEJrhXpWvSQ2vg7BEMMzjA
UChKx_df4cnHBOJQ6y-uCPJQ,@u-n1i,0,新規(1ヶ月未満),New member,,不明,,,1,7,0,2026-10-07 17:00,2026-10-07 17:00,,,https://www.youtube.com/channel/UChKx_df4cnHBOJQ6y-uCPJQ
UC7keYZ2q3moZUKA-klvzdpw,@vno1222,0,新規(1ヶ月未満),New member,,不明,,,1,1,0,2026-10-07 17:00,2026-10-07 17:00,,,https://www.youtube.com/channel/UC7keYZ2q3moZUKA-klvzdpw
UCbG1Yohz8s05kTFKivlEgYg,@iOli-v6g,0,新規(1ヶ月未満),New member,,Diner,新規加入,,1,2,0,2026-10-07 17:00,2026-10-07 17:00,○,,https://www.youtube.com/channel/UCbG1Yohz8s05kTFKivlEgYg
UCD3lY4kk9pHSrUar-CV5q0g,@花かっぱ-c8i,0,新規(1ヶ月未満),New member,,不明,,,1,59,0,2026-10-09 00:00,2026-10-09 00:00,,,https://www.youtube.com/channel/UCD3lY4kk9pHSrUar-CV5q0g
UCXUqkhmajcQTJvN_bjUT-KQ,@春姐-w4w,0,新規(1ヶ月未満),New member,,不明,,,1,15,0,2026-10-09 00:00,2026-10-09 00:00,,,https://www.youtube.com/channel/UCXUqkhmajcQTJvN_bjUT-KQ
UCBfU7ltMA9lC-KtGjSYBu6A,@そい-j2s,0,新規(1ヶ月未満),New member,,不明,,,1,2,0,2026-10-09 00:00,2026-10-09 00:00,,,https://www.youtube.com/channel/UCBfU7ltMA9lC-KtGjSYBu6A
UCo1QRx5elNdOqnU-ZcqB2Gw,@あゐ-f3c,0,新規(1ヶ月未満),New member,,不明,,,1,45,0,2026-10-09 00:00,2026-10-09 00:00,,,https://www.youtube.com/channel/UCo1QRx5elNdOqnU-ZcqB2Gw
UCJUmNwLIgsJB56XIBTji-gg,@なだ-d1b,0,新規(1ヶ月未満),New member,,不明,,,1,4,0,2026-10-09 00:00,2026-10-09 00:00,,,https://www.youtube.com/channel/UCJUmNwLIgsJB56XIBTji-gg
UC5zIty7-XHXGzUEncuZLFVg,@かきくけこ_noko,0,新規(1ヶ月未満),New member,,不明,,,1,3,0,2026-10-09 00:00,2026-10-09 00:00,,,https://www.youtube.com/channel/UC5zIty7-XHXGzUEncuZLFVg
UCrWgvgE-wk3ftd4dL7iWm0Q,@紅希ーあき,0,新規(1ヶ月未満),New member,,Diner,新規加入,,1,1,0,2026-10-09 00:00,2026-10-09 00:00,○,,https://www.youtube.com/channel/UCrWgvgE-wk3ftd4dL7iWm0Q
UCey1xet9ifPaaYuLH-0OoZg,@んに-h5d,0,新規(1ヶ月未満),New member,,不明,,,1,1,0,2026-10-09 00:00,2026-10-09 00:00,,,https://www.youtube.com/channel/UCey1xet9ifPaaYuLH-0OoZg
UCft76DwCm0c50rsAwvOU_vw,@うぎur_0010,0,新規(1ヶ月未満),New member,,不明,,,1,2,0,2026-10-09 00:00,2026-10-09 00:00,,,https://www.youtube.com/channel/UCft76DwCm0c50rsAwvOU_vw
UC8dGg0lW0zvBIVtMKiU2u8Q,@みん-g8s,0,新規(1ヶ月未満),New member,,不明,,,1,2,0,2026-10-09 00:00,2026-10-09 00:00,,,https://www.youtube.com/channel/UC8dGg0lW0zvBIVtMKiU2u8Q
UC2RTpXYA1zwKmZ6BMAFKRdQ,@ふじわら-z8b,0,新規(1ヶ月未満),New member,,不明,,,1,7,0,2026-10-09 00:00,2026-10-09 00:00,,,https://www.youtube.com/channel/UC2RTpXYA1zwKmZ6BMAFKRdQ
UCH2StROyQcxmicJrfVqg_eA,@satou081233,0,新規(1ヶ月未満),New member,,不明,,,1,1,0,2026-10-09 00:00,2026-10-09 00:00,,,https://www.youtube.com/channel/UCH2StROyQcxmicJrfVqg_eA
UCLsz6irSsgDeEcCfdEwKexw,@なお-f3i8i,0,新規(1ヶ月未満),New member,,不明,,,1,1,0,2026-10-09 00:00,2026-10-09 00:00,,,https://www.youtube.com/channel/UCLsz6irSsgDeEcCfdEwKexw
UCMSP3cStQ5g0kdr9UV_JXNQ,@Rxxl070,0,新規(1ヶ月未満),New member,,Diner,新規加入,,1,0,0,2026-10-09 00:00,2026-10-09 00:00,○,,https://www.youtube.com/channel/UCMSP3cStQ5g0kdr9UV_JXNQ
UCgAj3uxZ1LUoVLObjSxHtgw,@おでんのtier1は大根だろ,0,新規(1ヶ月未満),New member,,Diner,新規加入,,1,0,0,2026-10-09 00:00,2026-10-09 00:00,○,,https://www.youtube.com/channel/UCgAj3uxZ1LUoVLObjSxHtgw
