channel_id,name,badge_months,badge,badge_tooltip,milestone_months,tier,tier_source,revenue_note,streams_seen,messages,superchats,first_seen,last_seen,joined_in_period,gift_received,url
UCnmYrZITOOFs76LANyLVCIA,@crowkumaglitter,36,3年,Member (3 years),38,Vantacrew Archives,マイルストーン,,17,554,2,2026-09-11 13:06,2026-10-07 13:06,,,https://www.youtube.com/channel/UCnmYrZITOOFs76LANyLVCIA
UCBHcowGCvSZupN2TymAKygw,@Garnet-fn1wh,36,3年,Member (3 years),,不明,,,16,2066,2,2026-09-11 13:06,2026-10-08 13:41,,,https://www.youtube.com/channel/UCBHcowGCvSZupN2TymAKygw
UC69annYKlb4Fmx0lQ-vb62Q,@lemon8898,36,3年,Member (3 years),38,Vantacrew Archives,マイルストーン,,15,551,0,2026-09-11 13:06,2026-10-07 13:06,,,https://www.youtube.com/channel/UC69annYKlb4Fmx0lQ-vb62Q
UC-rrmQ-R1tI_MGL3J1WA3Ig,@starlightdraco72,36,3年,Member (3 years),,Vantacrew Archives,マイルストーン（2026-09-10）,,15,953,0,2026-09-12 11:52,2026-10-08 13:41,,,https://www.youtube.com/channel/UC-rrmQ-R1tI_MGL3J1WA3Ig
UC7HLHEllrnb9DLzQO9gWx1A,@midwestavanga,36,3年,Member (3 years),,不明,,,15,431,0,2026-09-12 11:52,2026-10-08 13:41,,,https://www.youtube.com/channel/UC7HLHEllrnb9DLzQO9gWx1A
UCwlUZX0MgByUaceejFnDqEA,@weilin_0w0ots,36,3年,Member (3 years),38,Vantacrew Archives,マイルストーン,,14,636,2,2026-09-11 13:06,2026-10-07 13:06,,,https://www.youtube.com/channel/UCwlUZX0MgByUaceejFnDqEA
UCYHkevj7Yw3pMVNo6_R6HVQ,@さくら_s4kur4,36,3年,Member (3 years),38,Vantacrew,マイルストーン,,12,242,1,2026-09-11 13:06,2026-10-05 12:06,,,https://www.youtube.com/channel/UCYHkevj7Yw3pMVNo6_R6HVQ
UC2p7zlOsK8LvA1Ah376dgAQ,@Alcohol_アルコール,36,3年,Member (3 years),,不明,,,12,121,0,2026-09-12 11:52,2026-10-08 13:41,,,https://www.youtube.com/channel/UC2p7zlOsK8LvA1Ah376dgAQ
UCpuPnNjFiqzKAgKXMmOLudA,@Manilove03,36,3年,Member (3 years),,不明,,,11,423,1,2026-09-11 13:06,2026-10-07 13:06,,,https://www.youtube.com/channel/UCpuPnNjFiqzKAgKXMmOLudA
UCSWGPZPtgoe4nTcskcxtx9w,@lunafaye_,36,3年,Member (3 years),37,Vantacrew Archives,マイルストーン,,11,367,0,2026-09-12 11:52,2026-10-07 13:06,,,https://www.youtube.com/channel/UCSWGPZPtgoe4nTcskcxtx9w
UCJhrLphSHVsv7G7Sz3iSFeg,@heyoitsro,36,3年,Member (3 years),,Vantacrew,マイルストーン（2026-09-10）,,10,51,0,2026-09-12 11:52,2026-10-07 13:06,,,https://www.youtube.com/channel/UCJhrLphSHVsv7G7Sz3iSFeg
UC9aXODVC0NrZp9elDv1b3JQ,@minttm,36,3年,Member (3 years),,不明,,,10,81,0,2026-09-13 12:04,2026-10-08 13:41,,,https://www.youtube.com/channel/UC9aXODVC0NrZp9elDv1b3JQ
UCOgD_dbAPAV1Wg5g222cb8w,@reiyacaramel85,36,3年,Member (3 years),38,Vantacrew,マイルストーン,,9,238,0,2026-09-11 13:06,2026-10-07 13:06,,,https://www.youtube.com/channel/UCOgD_dbAPAV1Wg5g222cb8w
UCUBEzzUFVrsZhWGT66wPz9w,@RheyaRhey,36,3年,Member (3 years),36,Vantacrew Archives,マイルストーン,,9,91,0,2026-09-11 13:06,2026-10-07 13:06,,,https://www.youtube.com/channel/UCUBEzzUFVrsZhWGT66wPz9w
UC2sQ9OAPmBc1XMOwDPDc2cA,@Odette-pm6wd,36,3年,Member (3 years),,不明,,,8,265,0,2026-09-11 13:06,2026-10-07 13:06,,,https://www.youtube.com/channel/UC2sQ9OAPmBc1XMOwDPDc2cA
UCcU6W_Fc_Np4Hw4axUSYQpw,@nura1412,36,3年,Member (3 years),,不明,,,8,174,0,2026-09-13 12:04,2026-10-07 13:06,,,https://www.youtube.com/channel/UCcU6W_Fc_Np4Hw4axUSYQpw
UCfY8Qaz9Lsurl-ZE2S9wbxg,@multicatbear,36,3年,Member (3 years),,Vantacrew Archives,マイルストーン（2026-09-10）,,6,28,0,2026-09-11 13:06,2026-10-07 13:06,,,https://www.youtube.com/channel/UCfY8Qaz9Lsurl-ZE2S9wbxg
UCeKJGYU_QciBnYbK-h4sr2Q,@Rune_luna,36,3年,Member (3 years),36,Vantacrew Archives,マイルストーン,,6,53,0,2026-09-12 11:52,2026-10-07 13:06,,,https://www.youtube.com/channel/UCeKJGYU_QciBnYbK-h4sr2Q
UCDZH32ha1VeACyNfDozq7FA,@lavleyval,36,3年,Member (3 years),,不明,,,6,65,0,2026-09-12 11:52,2026-10-05 12:06,,,https://www.youtube.com/channel/UCDZH32ha1VeACyNfDozq7FA
UCedx9N25poiMLhcJ41JrKNA,@hachinos,36,3年,Member (3 years),,不明,,,6,33,0,2026-09-12 20:47,2026-10-07 13:06,,,https://www.youtube.com/channel/UCedx9N25poiMLhcJ41JrKNA
UCjiCOjQYZnwRBqovjq8aipQ,@srrowishere,36,3年,Member (3 years),37,Vantacrew,マイルストーン,,6,132,0,2026-09-13 12:04,2026-10-07 13:06,,,https://www.youtube.com/channel/UCjiCOjQYZnwRBqovjq8aipQ
UCf5yCgb5tII9MZqYWlaP8JQ,@specterriffic,36,3年,Member (3 years),,不明,,,6,60,0,2026-09-23 13:08,2026-10-08 13:41,,,https://www.youtube.com/channel/UCf5yCgb5tII9MZqYWlaP8JQ
UCrIrDOF9L20zBiFKXaiffKA,@RubyLupine91,36,3年,Member (3 years),,不明,,,5,9,0,2026-09-12 11:52,2026-09-29 12:13,,,https://www.youtube.com/channel/UCrIrDOF9L20zBiFKXaiffKA
UC2yB4nMNrJaPdwdTgSaQBRg,@molicake0111,36,3年,Member (3 years),,不明,,,5,11,0,2026-09-16 12:31,2026-10-07 13:06,,,https://www.youtube.com/channel/UC2yB4nMNrJaPdwdTgSaQBRg
UCNnxPSZc8aM_nihOUROXCeA,@KeyDiva,36,3年,Member (3 years),38,Vantacrew Archives,マイルストーン,,5,121,0,2026-09-16 12:31,2026-10-08 13:41,,,https://www.youtube.com/channel/UCNnxPSZc8aM_nihOUROXCeA
UCxJ9t85ymoAFau6TlEnyHGw,@noirlyn_noween,36,3年,Member (3 years),38,Vantacrew Archives,マイルストーン,,4,22,0,2026-09-11 13:06,2026-09-30 12:03,,,https://www.youtube.com/channel/UCxJ9t85ymoAFau6TlEnyHGw
UCWjq2p2iSeo_BBcyrXeEWOA,@Raven_sea,36,3年,Member (3 years),,不明,,,4,9,0,2026-09-12 11:52,2026-10-07 13:06,,,https://www.youtube.com/channel/UCWjq2p2iSeo_BBcyrXeEWOA
UC1Pi6aU8knDx3eA8cNhu44Q,@kotoriidwesu,36,3年,Member (3 years),38,Vantacrew,マイルストーン,,4,9,0,2026-09-13 15:06,2026-10-07 13:06,,,https://www.youtube.com/channel/UC1Pi6aU8knDx3eA8cNhu44Q
UC9Lv4FHq2h9i7tjxP9lrrGw,@Snail_who,36,3年,Member (3 years),,Vantacrew,マイルストーン（2026-09-10）,,4,17,0,2026-09-14 10:00,2026-09-30 12:03,,,https://www.youtube.com/channel/UC9Lv4FHq2h9i7tjxP9lrrGw
UCoM9hBYnvUwdm3jhgY56O1Q,@LalafellPunter,36,3年,Member (3 years),,不明,,,4,37,0,2026-09-14 10:00,2026-10-01 12:17,,,https://www.youtube.com/channel/UCoM9hBYnvUwdm3jhgY56O1Q
UCd5FjRnrsqqM94i0DJJ368Q,@CHOVEETEE,36,3年,Member (3 years),36,Vantacrew Archives,マイルストーン,,4,22,0,2026-09-16 12:31,2026-09-30 12:03,,,https://www.youtube.com/channel/UCd5FjRnrsqqM94i0DJJ368Q
UC4oErQ4de1ydwct1k8PwaBQ,@JaiYaj1228,36,3年,Member (3 years),,不明,,,3,3,0,2026-09-12 16:03,2026-10-05 12:06,,,https://www.youtube.com/channel/UC4oErQ4de1ydwct1k8PwaBQ
UCrCcXBLCUr3BqZeMOIfh8NA,@michiii.030,36,3年,Member (3 years),,Vantacrew Archives,マイルストーン（2026-09-10）,,3,43,0,2026-09-12 16:03,2026-09-23 13:08,,,https://www.youtube.com/channel/UCrCcXBLCUr3BqZeMOIfh8NA
UCPleaO-CV7-40rOo9Tljz0A,@HoneysLilac,36,3年,Member (3 years),,不明,,,3,8,0,2026-09-16 12:31,2026-09-26 11:00,,,https://www.youtube.com/channel/UCPleaO-CV7-40rOo9Tljz0A
UCJIlZz3uRQUpsLjXL1lm3yQ,@しの-m8y,36,3年,Member (3 years),,不明,,,3,17,0,2026-09-24 20:04,2026-10-07 13:06,,,https://www.youtube.com/channel/UCJIlZz3uRQUpsLjXL1lm3yQ
UCnw2zpuC5-LD-BxCcxGuYfA,@catie3063,36,3年,Member (3 years),,不明,,,2,6,0,2026-09-11 13:06,2026-09-13 12:04,,,https://www.youtube.com/channel/UCnw2zpuC5-LD-BxCcxGuYfA
UCWe6v881w66QnUiZrSBSsPA,@lunartearz,36,3年,Member (3 years),37,Vantacrew,マイルストーン,,2,2,0,2026-09-11 13:06,2026-10-08 13:41,,,https://www.youtube.com/channel/UCWe6v881w66QnUiZrSBSsPA
UCYwCaXd19Ocld4tiK__qqpg,@Allura-t2m,36,3年,Member (3 years),,Vantacrew Archives,マイルストーン（2026-09-10）,,2,3,0,2026-09-11 13:06,2026-09-12 16:03,,,https://www.youtube.com/channel/UCYwCaXd19Ocld4tiK__qqpg
UCgulo6qYh9nE06y-oaRrUfA,@raz-p7g,36,3年,Member (3 years),,不明,,,2,12,0,2026-09-11 13:06,2026-10-07 13:06,,,https://www.youtube.com/channel/UCgulo6qYh9nE06y-oaRrUfA
UCDv2RtG4q81DlxuhhAl7-mQ,@keres11862,36,3年,Member (3 years),,不明,,,2,36,0,2026-09-12 11:52,2026-09-26 12:12,,,https://www.youtube.com/channel/UCDv2RtG4q81DlxuhhAl7-mQ
UCw5tDXnK1PPBs8dE-obkobw,@skylar0221,36,3年,Member (3 years),37,Vantacrew Archives,マイルストーン,,2,2,0,2026-09-12 20:47,2026-09-29 12:13,,,https://www.youtube.com/channel/UCw5tDXnK1PPBs8dE-obkobw
UCpDdFZtDm-pNN1kE5ZyhMVQ,@edgarven1878,36,3年,Member (3 years),,不明,,,2,6,0,2026-09-13 15:06,2026-09-26 12:12,,,https://www.youtube.com/channel/UCpDdFZtDm-pNN1kE5ZyhMVQ
UCvidsOI4d5YC5rU5nMMhibQ,@Akiko_御崎あきこ,36,3年,Member (3 years),,Vantacrew,マイルストーン（2026-09-10）,,2,15,0,2026-09-14 10:00,2026-09-25 19:22,,,https://www.youtube.com/channel/UCvidsOI4d5YC5rU5nMMhibQ
UCVqR4lSB-ME5juPU_kEnY9g,@Heizouminji023,36,3年,Member (3 years),37,Vantacrew,マイルストーン,,2,7,0,2026-09-14 10:00,2026-09-26 11:00,,,https://www.youtube.com/channel/UCVqR4lSB-ME5juPU_kEnY9g
UCC5Rd7YrDJx4rjHQ3kJ-7kA,@Bexx98,36,3年,Member (3 years),37,Vantacrew Archives,マイルストーン,,2,2,0,2026-09-26 12:12,2026-10-05 12:06,,,https://www.youtube.com/channel/UCC5Rd7YrDJx4rjHQ3kJ-7kA
UC_i2R3mH0CWfd1fuNJSZKkA,@chibi-senpai1382,36,3年,Member (3 years),38,Vantacrew Archives,マイルストーン,,2,14,0,2026-09-29 12:13,2026-10-07 13:06,,,https://www.youtube.com/channel/UC_i2R3mH0CWfd1fuNJSZKkA
UCNn6V9ACumsYxOh5UOrAAVw,@maficrow,36,3年,Member (3 years),38,Vantacrew Archives,マイルストーン,,2,24,0,2026-09-29 12:13,2026-09-30 12:03,,,https://www.youtube.com/channel/UCNn6V9ACumsYxOh5UOrAAVw
UCqcA_qKj2-GUmeHGLf72YXw,@yumi0206,36,3年,Member (3 years),38,Vantacrew,マイルストーン,,2,49,0,2026-09-30 12:03,2026-10-05 12:06,,,https://www.youtube.com/channel/UCqcA_qKj2-GUmeHGLf72YXw
UCRdKKmy9SDCgmrw4sRXkXdw,@stina-c206,36,3年,Member (3 years),,Vantacrew Archives,マイルストーン（2026-09-10）,,2,4,0,2026-09-30 12:03,2026-10-07 13:06,,,https://www.youtube.com/channel/UCRdKKmy9SDCgmrw4sRXkXdw
UCxc166E7N8nMpsVdxomu21A,@Manamin-i6s,36,3年,Member (3 years),,不明,,,2,4,0,2026-10-01 12:17,2026-10-07 13:06,,,https://www.youtube.com/channel/UCxc166E7N8nMpsVdxomu21A
UCGlSTt5xhManFUi_aI92IuQ,@Ellen-rd8jc,36,3年,Member (3 years),38,Vantacrew,マイルストーン,,2,2,0,2026-10-05 12:06,2026-10-07 13:06,,,https://www.youtube.com/channel/UCGlSTt5xhManFUi_aI92IuQ
UCsNbvWCxvYbNLjfvdpv0cTw,@Gigakar_is_car,36,3年,Member (3 years),36,Vantacrew,マイルストーン,,1,20,0,2026-09-12 11:52,2026-09-12 11:52,,,https://www.youtube.com/channel/UCsNbvWCxvYbNLjfvdpv0cTw
UCxIynAMoYd0QQKjuDpVsNvA,@FelineFortuna25,36,3年,Member (3 years),,不明,,,1,3,0,2026-09-12 16:03,2026-09-12 16:03,,,https://www.youtube.com/channel/UCxIynAMoYd0QQKjuDpVsNvA
UC__vPUetgiN_KPfiIPRAr3g,@wj_for_wijin,36,3年,Member (3 years),,不明,,,1,34,0,2026-09-14 10:00,2026-09-14 10:00,,,https://www.youtube.com/channel/UC__vPUetgiN_KPfiIPRAr3g
UCD-omH3WTX9XIfJWbtnVm-w,@lilbbmina,36,3年,Member (3 years),37,Vantacrew Archives,マイルストーン,,1,4,0,2026-09-16 12:31,2026-09-16 12:31,,,https://www.youtube.com/channel/UCD-omH3WTX9XIfJWbtnVm-w
UCAeX5vFr3qTCMVl1lJzyt0Q,@HOSHI0822,36,3年,Member (3 years),,不明,,,1,1,0,2026-09-23 13:08,2026-09-23 13:08,,,https://www.youtube.com/channel/UCAeX5vFr3qTCMVl1lJzyt0Q
UCZ5_W64m3BSsebyFe3YT_tw,@camilykhor1993,36,3年,Member (3 years),,不明,,,1,1,0,2026-09-24 20:04,2026-09-24 20:04,,,https://www.youtube.com/channel/UCZ5_W64m3BSsebyFe3YT_tw
UCa0VVH-7y7omP73pcGh2yVw,@darlabubbles12,36,3年,Member (3 years),37,Vantacrew,マイルストーン,,1,49,0,2026-09-26 11:00,2026-09-26 11:00,,,https://www.youtube.com/channel/UCa0VVH-7y7omP73pcGh2yVw
UCoRYFh4oLHBJHOsxuK8uu-g,@s0daah669,36,3年,Member (3 years),,不明,,,1,1,0,2026-09-26 11:00,2026-09-26 11:00,,,https://www.youtube.com/channel/UCoRYFh4oLHBJHOsxuK8uu-g
UCa78SWP0B0zy_Xntj_KGpSQ,@mralbeezievt,36,3年,Member (3 years),,不明,,,1,1,0,2026-09-26 11:00,2026-09-26 11:00,,,https://www.youtube.com/channel/UCa78SWP0B0zy_Xntj_KGpSQ
UCOEZJk5FA5CkBfb-k6n5_ZQ,@TheAstronomical_Library,36,3年,Member (3 years),36,Vantacrew,マイルストーン,,1,0,0,2026-09-26 11:00,2026-09-26 11:00,,,https://www.youtube.com/channel/UCOEZJk5FA5CkBfb-k6n5_ZQ
UCOwPOXRkNL4jXLNoXs5re3Q,@KazzieBB,36,3年,Member (3 years),37,Vantacrew,マイルストーン,,1,0,0,2026-09-26 12:12,2026-09-26 12:12,,,https://www.youtube.com/channel/UCOwPOXRkNL4jXLNoXs5re3Q
UCe6-UP1Ux80q_WOwXf2cvhA,@KOROころ,36,3年,Member (3 years),,不明,,,1,1,0,2026-09-30 12:03,2026-09-30 12:03,,,https://www.youtube.com/channel/UCe6-UP1Ux80q_WOwXf2cvhA
UCMDRIUdsPl_c9Ki6chH492g,@carolyn__,36,3年,Member (3 years),,不明,,,1,2,0,2026-09-30 12:03,2026-09-30 12:03,,,https://www.youtube.com/channel/UCMDRIUdsPl_c9Ki6chH492g
UCt9qB2G2VEYFJw5T20TRy7g,@KetixoOrion,36,3年,Member (3 years),,不明,,,1,14,0,2026-09-30 12:03,2026-09-30 12:03,,,https://www.youtube.com/channel/UCt9qB2G2VEYFJw5T20TRy7g
UCU1lTha9AQK54WVFpl7Vn4Q,@acheron1244,36,3年,Member (3 years),,不明,,,1,1,0,2026-09-30 12:03,2026-09-30 12:03,,,https://www.youtube.com/channel/UCU1lTha9AQK54WVFpl7Vn4Q
UCAWTIbmpN6PiYiLGDeGlhpQ,@lunanoctuarts3849,36,3年,Member (3 years),,不明,,,1,11,1,2026-09-30 12:03,2026-09-30 12:03,,,https://www.youtube.com/channel/UCAWTIbmpN6PiYiLGDeGlhpQ
UCpwTsbduiiMlZfmFUBYzWLg,@kayy_bearr,36,3年,Member (3 years),,不明,,,1,13,0,2026-10-05 12:06,2026-10-05 12:06,,,https://www.youtube.com/channel/UCpwTsbduiiMlZfmFUBYzWLg
UCsjDNzWgNpzuTNOh_l53E_w,@kisaauni,36,3年,Member (3 years),,不明,,,1,7,0,2026-10-05 12:06,2026-10-05 12:06,,,https://www.youtube.com/channel/UCsjDNzWgNpzuTNOh_l53E_w
UCw2prffs_HRaulMn_Ft6jBg,@kath_p,36,3年,Member (3 years),38,Vantacrew Archives,マイルストーン,,1,0,0,2026-10-05 12:06,2026-10-05 12:06,,,https://www.youtube.com/channel/UCw2prffs_HRaulMn_Ft6jBg
UCzp8gWPgpkfXos3v_o2QdGw,@yvonnayeh6587,36,3年,Member (3 years),38,Vantacrew,マイルストーン,,1,0,0,2026-10-05 12:06,2026-10-05 12:06,,,https://www.youtube.com/channel/UCzp8gWPgpkfXos3v_o2QdGw
UC7j_GqKYN-UPHwWOYg1r5hQ,@zhu-xk4xf,36,3年,Member (3 years),,不明,,,1,1,0,2026-10-07 13:06,2026-10-07 13:06,,,https://www.youtube.com/channel/UC7j_GqKYN-UPHwWOYg1r5hQ
UCDh1HgUQhPzLdPhTt-waDTg,@cathy6033,24,2年,Member (2 years),32,Vantacrew Archives,マイルストーン,,18,808,3,2026-09-11 13:06,2026-10-08 13:41,,,https://www.youtube.com/channel/UCDh1HgUQhPzLdPhTt-waDTg
UCiuZg_FTQyScMR-B8l494YA,@EriKo7783,24,2年,Member (2 years),,不明,,,17,1690,1,2026-09-11 13:06,2026-10-07 13:06,,,https://www.youtube.com/channel/UCiuZg_FTQyScMR-B8l494YA
UCnDGGu8Dez55ATaQf9diUeA,@Liha-B3ll3,24,2年,Member (2 years),35,Vantacrew Archives,マイルストーン,,16,1899,0,2026-09-11 13:06,2026-10-07 13:06,,,https://www.youtube.com/channel/UCnDGGu8Dez55ATaQf9diUeA
UCYF7K-d2NVfuIN2d5MKpynA,@milou_ଳ,24,2年,Member (2 years),32,Vantacrew Archives,マイルストーン,,15,879,0,2026-09-11 13:06,2026-10-08 13:41,,,https://www.youtube.com/channel/UCYF7K-d2NVfuIN2d5MKpynA
UCrES7du9a-HmEQMFvGb1u6A,@lululamb560,24,2年,Member (2 years),35,Vantacrew Archives,マイルストーン,,14,565,5,2026-09-11 13:06,2026-10-08 13:41,,,https://www.youtube.com/channel/UCrES7du9a-HmEQMFvGb1u6A
UC4-VbVGokkJK-aEt9HcvI2g,@mavistraa,24,2年,Member (2 years),26,Vantacrew,マイルストーン,,14,268,1,2026-09-11 13:06,2026-10-07 13:06,,,https://www.youtube.com/channel/UC4-VbVGokkJK-aEt9HcvI2g
UCF4jPL4oJokhjicdP1APZXg,@itsj4d3,24,2年,Member (2 years),,不明,,,13,467,0,2026-09-11 13:06,2026-10-07 13:06,,,https://www.youtube.com/channel/UCF4jPL4oJokhjicdP1APZXg
UC0i_zn_8_h9i1hFlcFAaZcg,@Willow_Huckleberry,24,2年,Member (2 years),,不明,,,13,591,7,2026-09-11 13:06,2026-10-08 13:41,,,https://www.youtube.com/channel/UC0i_zn_8_h9i1hFlcFAaZcg
UCv8MQswKlvXupK3kppNhLNg,@206hour,24,2年,Member (2 years),,不明,,,11,269,0,2026-09-11 13:06,2026-10-08 13:41,,,https://www.youtube.com/channel/UCv8MQswKlvXupK3kppNhLNg
UCVJeKuJ6uImlYPFwMq89Jyg,@hara8888,24,2年,Member (2 years),32,Vantacrew Archives,マイルストーン,,11,137,2,2026-09-11 13:06,2026-10-07 13:06,,,https://www.youtube.com/channel/UCVJeKuJ6uImlYPFwMq89Jyg
UC4o-aSnDcw6moeutwaHmPLg,@xiaotiem,24,2年,Member (2 years),33,Vantacrew Archives,マイルストーン,,10,219,0,2026-09-12 11:52,2026-10-05 12:06,,,https://www.youtube.com/channel/UC4o-aSnDcw6moeutwaHmPLg
UCnIAJqVWcLqg-phAU8ZUlSg,@Yuyu0425-r5v,24,2年,Member (2 years),,Vantacrew,マイルストーン（2026-09-10）,,9,52,0,2026-09-11 13:06,2026-10-08 13:41,,,https://www.youtube.com/channel/UCnIAJqVWcLqg-phAU8ZUlSg
UCN5kriKysCQl-1f9VsEsKDA,@andreaale,24,2年,Member (2 years),,不明,,,9,78,0,2026-09-11 13:06,2026-10-07 13:06,,,https://www.youtube.com/channel/UCN5kriKysCQl-1f9VsEsKDA
UCtEfLjcLBVcFCYI5cOABcuA,@otonashi04,24,2年,Member (2 years),,不明,,,9,9,0,2026-09-12 11:52,2026-10-05 12:06,,,https://www.youtube.com/channel/UCtEfLjcLBVcFCYI5cOABcuA
UCXWvwaROhFlTgI9bteWZJnQ,@Amana_天奈,24,2年,Member (2 years),33,Vantacrew Archives,マイルストーン,,9,571,0,2026-09-12 11:52,2026-10-08 13:41,,,https://www.youtube.com/channel/UCXWvwaROhFlTgI9bteWZJnQ
UCLG2um59Wba0AQrLo2tLh7w,@tealbeets,24,2年,Member (2 years),,不明,,,8,85,0,2026-09-11 13:06,2026-10-07 13:06,,,https://www.youtube.com/channel/UCLG2um59Wba0AQrLo2tLh7w
UCn97mz0_sJ5xAXIqxUarYGw,@shroomishy,24,2年,Member (2 years),,不明,,,8,24,0,2026-09-16 12:31,2026-10-08 13:41,,,https://www.youtube.com/channel/UCn97mz0_sJ5xAXIqxUarYGw
UCViAL_xRfr8Sk3IMp7tZ41A,@nyenye23,24,2年,Member (2 years),,不明,,,8,41,0,2026-09-23 13:08,2026-10-07 13:06,,,https://www.youtube.com/channel/UCViAL_xRfr8Sk3IMp7tZ41A
UC3Qjq6fCFJF-l4QgiDhoTug,@vvvlesley,24,2年,Member (2 years),,Vantacrew,マイルストーン（2026-09-10）,,7,77,0,2026-09-11 13:06,2026-10-05 12:06,,,https://www.youtube.com/channel/UC3Qjq6fCFJF-l4QgiDhoTug
UCiFDv3N3kC4u3UNFjSeykvg,@anicia681,24,2年,Member (2 years),,不明,,,7,66,0,2026-09-11 13:06,2026-10-08 13:41,,,https://www.youtube.com/channel/UCiFDv3N3kC4u3UNFjSeykvg
UC-7zKaZgC8cjyvRO6VHG6Sg,@eurrykca,24,2年,Member (2 years),,不明,,,7,489,0,2026-09-12 11:52,2026-10-07 13:06,,,https://www.youtube.com/channel/UC-7zKaZgC8cjyvRO6VHG6Sg
UCEuIQpSIyxa3mq31CpNWA_g,@douzi69,24,2年,Member (2 years),24,Vantacrew Archives,マイルストーン,,7,37,0,2026-09-12 16:03,2026-10-07 13:06,,,https://www.youtube.com/channel/UCEuIQpSIyxa3mq31CpNWA_g
UCqqBW745xl7DdNfRpYxZsuw,@inkey4655,24,2年,Member (2 years),27,Vantacrew Archives,マイルストーン,,7,27,0,2026-09-12 16:03,2026-10-07 13:06,,,https://www.youtube.com/channel/UCqqBW745xl7DdNfRpYxZsuw
UCA6Ds43RFrBVMB9dQuN3IHA,@starshineUmbra,24,2年,Member (2 years),28,Vantacrew,マイルストーン,,6,152,0,2026-09-11 13:06,2026-10-08 13:41,,,https://www.youtube.com/channel/UCA6Ds43RFrBVMB9dQuN3IHA
UC4evXQcm35tw9xDHk6YhyvA,@clarins5,24,2年,Member (2 years),34,Vantacrew Archives,マイルストーン,,6,124,0,2026-09-11 13:06,2026-10-07 13:06,,,https://www.youtube.com/channel/UC4evXQcm35tw9xDHk6YhyvA
UCrjuF1AtisddNwvQmKLrxTQ,@ちゃり-sstar,24,2年,Member (2 years),,不明,,,6,72,0,2026-09-11 13:06,2026-10-08 13:41,,,https://www.youtube.com/channel/UCrjuF1AtisddNwvQmKLrxTQ
UCLdTRc3W_xphVdWJt7NRyzA,@llllumin,24,2年,Member (2 years),34,Vantacrew Archives,マイルストーン,,6,40,0,2026-09-12 11:52,2026-09-29 12:13,,,https://www.youtube.com/channel/UCLdTRc3W_xphVdWJt7NRyzA
UCEf9ylcERwxkrCb_ROLd_4w,@hvnnybee,24,2年,Member (2 years),,不明,,,5,40,0,2026-09-12 11:52,2026-10-08 13:41,,,https://www.youtube.com/channel/UCEf9ylcERwxkrCb_ROLd_4w
UCFJGfap2aouJIyL6HzRceFA,@hannahe1999,24,2年,Member (2 years),,Vantacrew Archives,マイルストーン（2026-09-10）,,5,8,0,2026-09-12 11:52,2026-10-01 12:17,,,https://www.youtube.com/channel/UCFJGfap2aouJIyL6HzRceFA
UCD3erBvZe2MeDvzvWHfI49A,@n_eonn,24,2年,Member (2 years),,不明,,,5,61,0,2026-09-12 11:52,2026-10-07 13:06,,,https://www.youtube.com/channel/UCD3erBvZe2MeDvzvWHfI49A
UCA_wi-rdiaSVLEaEvn5hcqA,@boysloveandtaxation,24,2年,Member (2 years),,不明,,,5,67,0,2026-09-12 16:03,2026-10-01 12:17,,,https://www.youtube.com/channel/UCA_wi-rdiaSVLEaEvn5hcqA
UCz-S6iNCRH5b9fMwdRvqouA,@nobIiss,24,2年,Member (2 years),,不明,,,5,77,0,2026-09-14 10:00,2026-10-08 13:41,,,https://www.youtube.com/channel/UCz-S6iNCRH5b9fMwdRvqouA
UCz6SAfzjN-zpJtf8CMIpzug,@prdxinvadr,24,2年,Member (2 years),,Vantacrew Archives,マイルストーン（2026-09-10）,,5,7,0,2026-09-23 13:08,2026-10-07 13:06,,,https://www.youtube.com/channel/UCz6SAfzjN-zpJtf8CMIpzug
UC8AlMILRJkCPbBUUr9IFX2g,@moonhui7824,24,2年,Member (2 years),,不明,,,5,18,0,2026-09-24 20:04,2026-10-07 13:06,,,https://www.youtube.com/channel/UC8AlMILRJkCPbBUUr9IFX2g
UCWqumemeN4O-lU09PtxrZag,@moeemo,24,2年,Member (2 years),31,Vantacrew Archives,マイルストーン,,5,214,0,2026-09-30 12:03,2026-10-08 13:41,,,https://www.youtube.com/channel/UCWqumemeN4O-lU09PtxrZag
UC4Br4umZc4K3S04hRvOhU5A,@jennyyy08,24,2年,Member (2 years),33,Vantacrew,マイルストーン,,4,63,0,2026-09-11 13:06,2026-10-07 13:06,,,https://www.youtube.com/channel/UC4Br4umZc4K3S04hRvOhU5A
UCwBn-PLvNo-G4YhiAZ2vc5Q,@LunaHarms19xx,24,2年,Member (2 years),,不明,,,4,26,0,2026-09-11 13:06,2026-10-07 13:06,,,https://www.youtube.com/channel/UCwBn-PLvNo-G4YhiAZ2vc5Q
UCk2s6-nE6uh93YMm76T_Hsg,@lunar_usagi,24,2年,Member (2 years),24,Vantacrew,マイルストーン,,4,26,0,2026-09-13 15:06,2026-09-24 13:02,,,https://www.youtube.com/channel/UCk2s6-nE6uh93YMm76T_Hsg
UCnVAHmfchH19dHU73ZFipXg,@zerotohero14,24,2年,Member (2 years),,不明,,,4,10,0,2026-09-13 15:06,2026-10-08 13:41,,,https://www.youtube.com/channel/UCnVAHmfchH19dHU73ZFipXg
UCuKE6f91nnfKwULoKyIxpUw,@のの-x6z2l,24,2年,Member (2 years),,不明,,,4,83,0,2026-09-14 10:00,2026-10-05 12:06,,,https://www.youtube.com/channel/UCuKE6f91nnfKwULoKyIxpUw
UCGRMQAMT92pSoj0iTTf6VJA,@huyusumi,24,2年,Member (2 years),,不明,,,4,17,0,2026-09-23 13:08,2026-10-07 13:06,,,https://www.youtube.com/channel/UCGRMQAMT92pSoj0iTTf6VJA
UCh0BRS7RXcd5OHPsf1a4Eiw,@KAN_aishina,24,2年,Member (2 years),,Vantacrew,マイルストーン（2026-09-10）,,3,10,1,2026-09-11 13:06,2026-10-05 12:06,,,https://www.youtube.com/channel/UCh0BRS7RXcd5OHPsf1a4Eiw
UChRXCqcLfusA75fH_mFRuGA,@LynnM.3,24,2年,Member (2 years),,不明,,,3,7,0,2026-09-11 13:06,2026-09-30 12:03,,,https://www.youtube.com/channel/UChRXCqcLfusA75fH_mFRuGA
UCyuD-SpRrR6apqv6y5ZKMWw,@ShadowN1n227,24,2年,Member (2 years),30,Vantacrew Archives,マイルストーン,,3,93,0,2026-09-12 11:52,2026-09-26 12:12,,,https://www.youtube.com/channel/UCyuD-SpRrR6apqv6y5ZKMWw
UCoUff3m9GHTku9bnTzVxscw,@nori342,24,2年,Member (2 years),,Vantacrew,再加入/レベル変更,,3,152,0,2026-09-12 20:47,2026-10-07 13:06,,,https://www.youtube.com/channel/UCoUff3m9GHTku9bnTzVxscw
UCd_UDmBQx7UCAfhGIueJEJA,@Ircuu,24,2年,Member (2 years),33,Vantacrew,マイルストーン,,3,122,0,2026-09-13 12:04,2026-10-07 13:06,,,https://www.youtube.com/channel/UCd_UDmBQx7UCAfhGIueJEJA
UCcIFZ92rFpUhrsMAXm7FyuQ,@mumikori,24,2年,Member (2 years),,Vantacrew Archives,マイルストーン（2026-09-10）,,3,17,0,2026-09-13 12:04,2026-10-07 13:06,,,https://www.youtube.com/channel/UCcIFZ92rFpUhrsMAXm7FyuQ
UC0440CCF013Q60tE3-_mOsA,@kikavvk,24,2年,Member (2 years),,不明,,,3,7,0,2026-09-13 12:04,2026-09-30 12:03,,,https://www.youtube.com/channel/UC0440CCF013Q60tE3-_mOsA
UC4AFXE4TTb7KCKWqDIXYoNg,@hrtsdes,24,2年,Member (2 years),,不明,,,3,23,0,2026-09-13 12:04,2026-10-07 13:06,,,https://www.youtube.com/channel/UC4AFXE4TTb7KCKWqDIXYoNg
UCdIb5uDjCZauhyVNaVdkiJw,@CarsonTheGuard,24,2年,Member (2 years),32,Vantacrew Archives,マイルストーン,,3,7,0,2026-09-14 10:00,2026-09-30 12:03,,,https://www.youtube.com/channel/UCdIb5uDjCZauhyVNaVdkiJw
UCHHwHBVkm_QHZOrd1MlrWQw,@artci_co,24,2年,Member (2 years),,Vantacrew,再加入/レベル変更,,3,13,0,2026-09-14 10:00,2026-10-05 12:06,,,https://www.youtube.com/channel/UCHHwHBVkm_QHZOrd1MlrWQw
UCOd98XJ4aDUOvaLL7cQMS_w,@陽翠_ひすい,24,2年,Member (2 years),,不明,,,3,7,0,2026-09-23 13:08,2026-10-07 13:06,,,https://www.youtube.com/channel/UCOd98XJ4aDUOvaLL7cQMS_w
UCarrhbR_XBBYDJ5tENYcD3w,@Heavenly_Scales,24,2年,Member (2 years),,不明,,,3,22,0,2026-09-23 13:08,2026-10-05 12:06,,,https://www.youtube.com/channel/UCarrhbR_XBBYDJ5tENYcD3w
UCNL6ouSteCRD5DKxOt3JBRg,@fii_fth,24,2年,Member (2 years),,不明,,,3,16,0,2026-09-26 11:00,2026-10-07 13:06,,,https://www.youtube.com/channel/UCNL6ouSteCRD5DKxOt3JBRg
UCcWRGJiBR6Gis_rvJ0h9R8g,@crypticcryptidalex,24,2年,Member (2 years),25,Vantacrew,マイルストーン,,3,20,0,2026-09-30 12:03,2026-10-07 13:06,,,https://www.youtube.com/channel/UCcWRGJiBR6Gis_rvJ0h9R8g
UCNb-o_GzNwhfC484_-ZxHFw,@itz_Winterz,24,2年,Member (2 years),,不明,,,2,3,0,2026-09-11 13:06,2026-10-07 13:06,,,https://www.youtube.com/channel/UCNb-o_GzNwhfC484_-ZxHFw
UCjeE8PkkgYbfPgcW006WPTw,@drawcat900831,24,2年,Member (2 years),,不明,,,2,15,0,2026-09-12 11:52,2026-09-13 12:04,,,https://www.youtube.com/channel/UCjeE8PkkgYbfPgcW006WPTw
UCQMfn5RzQ4g1Hzb13sXTlAQ,@Catfeine512,24,2年,Member (2 years),,不明,,,2,2,0,2026-09-12 11:52,2026-10-01 12:17,,,https://www.youtube.com/channel/UCQMfn5RzQ4g1Hzb13sXTlAQ
UCgrFqD-Og1pDa0N3KyxVjtw,@peonyyyyy.__,24,2年,Member (2 years),24,Vantacrew,マイルストーン,,2,34,0,2026-09-12 11:52,2026-09-24 20:04,,,https://www.youtube.com/channel/UCgrFqD-Og1pDa0N3KyxVjtw
UCFvoM2-njaDnKoFcp7_FR0Q,@lavaremar,24,2年,Member (2 years),29,Vantacrew,マイルストーン,,2,133,0,2026-09-12 11:52,2026-09-13 12:04,,,https://www.youtube.com/channel/UCFvoM2-njaDnKoFcp7_FR0Q
UCOxQpebZpimMgkPNv24JjGw,@lae5ri,24,2年,Member (2 years),29,Vantacrew Archives,マイルストーン,,2,13,0,2026-09-12 16:03,2026-09-30 12:03,,,https://www.youtube.com/channel/UCOxQpebZpimMgkPNv24JjGw
UCTuHHOUdN9dqiPt9KKLfkDg,@Vietfool,24,2年,Member (2 years),32,Vantacrew,マイルストーン,,2,8,0,2026-09-12 16:03,2026-10-07 13:06,,,https://www.youtube.com/channel/UCTuHHOUdN9dqiPt9KKLfkDg
UCemkr8utJB_4QZeImZrdCTQ,@ruu_kasugai,24,2年,Member (2 years),,不明,,,2,18,0,2026-09-13 12:04,2026-09-25 19:22,,,https://www.youtube.com/channel/UCemkr8utJB_4QZeImZrdCTQ
UCoI_VgB56ZK_eYbXAk29M5g,@iZea_,24,2年,Member (2 years),,不明,,,2,3,0,2026-09-16 12:31,2026-09-23 13:08,,,https://www.youtube.com/channel/UCoI_VgB56ZK_eYbXAk29M5g
UCsh9cpXJoSKnNM-BPBYL3OA,@sofi5656-,24,2年,Member (2 years),,不明,,,2,4,0,2026-09-16 12:31,2026-09-23 13:08,,,https://www.youtube.com/channel/UCsh9cpXJoSKnNM-BPBYL3OA
UCrgdcwZHkCLUkA-opbkm_3g,@decrescendos,24,2年,Member (2 years),,不明,,,2,2,0,2026-09-23 13:08,2026-10-05 12:06,,,https://www.youtube.com/channel/UCrgdcwZHkCLUkA-opbkm_3g
UCDu5KaNMzgk4wmCgwOFhUcQ,@pengypants,24,2年,Member (2 years),24,Vantacrew,マイルストーン,,2,12,0,2026-09-23 13:08,2026-09-29 12:13,,,https://www.youtube.com/channel/UCDu5KaNMzgk4wmCgwOFhUcQ
UCaA4elODQzivchfbl2a4fvQ,@alienere,24,2年,Member (2 years),35,Vantacrew Archives,マイルストーン,,2,3,0,2026-09-23 13:08,2026-10-07 13:06,,,https://www.youtube.com/channel/UCaA4elODQzivchfbl2a4fvQ
UC21xmK9N3eJAZRd7-fX__9Q,@mogura3666,24,2年,Member (2 years),,不明,,,2,14,0,2026-09-24 20:04,2026-10-05 12:06,,,https://www.youtube.com/channel/UC21xmK9N3eJAZRd7-fX__9Q
UCQDF_NlpanX06mNA28uBKHw,@るん-runn,24,2年,Member (2 years),,不明,,,2,4,0,2026-09-24 20:04,2026-10-05 12:06,,,https://www.youtube.com/channel/UCQDF_NlpanX06mNA28uBKHw
UCrvuNkjt3O5O92g2F7GmQBQ,@capkovu,24,2年,Member (2 years),,不明,,,2,5,0,2026-09-24 20:04,2026-10-05 12:06,,,https://www.youtube.com/channel/UCrvuNkjt3O5O92g2F7GmQBQ
UChlKByysY6visy3UalYp0Tw,@KimmuPanda,24,2年,Member (2 years),,不明,,,2,2,0,2026-09-24 20:04,2026-09-30 12:03,,,https://www.youtube.com/channel/UChlKByysY6visy3UalYp0Tw
UChdH8u8FpVWD1uF0L16EGrw,@Odessa_V_T,24,2年,Member (2 years),24,Vantacrew Archives,マイルストーン,,2,2,0,2026-09-25 19:22,2026-09-26 11:00,,,https://www.youtube.com/channel/UChdH8u8FpVWD1uF0L16EGrw
UCR5aUhpazCD8JOm0cSpa9dA,@rudii_owo,24,2年,Member (2 years),25,Vantacrew,マイルストーン,,2,13,0,2026-09-29 12:13,2026-09-30 12:03,,,https://www.youtube.com/channel/UCR5aUhpazCD8JOm0cSpa9dA
UCcI6Rvm8Ns7PEOaxJtw5EHA,@keiijiji,24,2年,Member (2 years),,不明,,,2,3,0,2026-10-05 12:06,2026-10-07 13:06,,,https://www.youtube.com/channel/UCcI6Rvm8Ns7PEOaxJtw5EHA
UCcrcftxdSKhfIf89CgP10Cw,@nightlinestar,24,2年,Member (2 years),,不明,,,2,2,0,2026-10-05 12:06,2026-10-08 13:41,,,https://www.youtube.com/channel/UCcrcftxdSKhfIf89CgP10Cw
UCKvjXtRIxPj_-JMunKrjEKQ,@omanjuuri,24,2年,Member (2 years),,不明,,,1,1,0,2026-09-11 13:06,2026-09-11 13:06,,,https://www.youtube.com/channel/UCKvjXtRIxPj_-JMunKrjEKQ
UCkHw7N6vTKaKbmLgz6L5YxA,@darthakaya,24,2年,Member (2 years),,不明,,,1,1,0,2026-09-11 13:06,2026-09-11 13:06,,,https://www.youtube.com/channel/UCkHw7N6vTKaKbmLgz6L5YxA
UCLH0p4iZFQWrgR4vIH3ebUw,@Yuzoyutsao,24,2年,Member (2 years),,不明,,,1,1,0,2026-09-11 13:06,2026-09-11 13:06,,,https://www.youtube.com/channel/UCLH0p4iZFQWrgR4vIH3ebUw
UCXVrIOKyUiSiiiXaaHbY1lw,@erykah_ensuri,24,2年,Member (2 years),,不明,,,1,1,0,2026-09-12 11:52,2026-09-12 11:52,,,https://www.youtube.com/channel/UCXVrIOKyUiSiiiXaaHbY1lw
UCvtvKH1XtedGsgdsrZ5TT3Q,@Chat_Jesus1,24,2年,Member (2 years),,不明,,,1,1,1,2026-09-12 11:52,2026-09-12 11:52,,,https://www.youtube.com/channel/UCvtvKH1XtedGsgdsrZ5TT3Q
UCnr0JheHOKTNktYQmUjMrHw,@jasmin_ghoul,24,2年,Member (2 years),,不明,,,1,2,0,2026-09-12 11:52,2026-09-12 11:52,,,https://www.youtube.com/channel/UCnr0JheHOKTNktYQmUjMrHw
UCoAcAqecstXhVJHz1R5GNTA,@bobomo0804,24,2年,Member (2 years),,Vantacrew,マイルストーン（2026-09-10）,,1,1,0,2026-09-12 16:03,2026-09-12 16:03,,,https://www.youtube.com/channel/UCoAcAqecstXhVJHz1R5GNTA
UCy0nMLIKZxe_p9dpUfPnugQ,@aliyahaat9804,24,2年,Member (2 years),,不明,,,1,11,0,2026-09-12 20:47,2026-09-12 20:47,,,https://www.youtube.com/channel/UCy0nMLIKZxe_p9dpUfPnugQ
UCZiFeL4ld8tmcaXNISW0nAA,@likewize272,24,2年,Member (2 years),,不明,,,1,90,0,2026-09-13 12:04,2026-09-13 12:04,,,https://www.youtube.com/channel/UCZiFeL4ld8tmcaXNISW0nAA
UCH_FGgFvPualQrR85I2RXIg,@emdogz,24,2年,Member (2 years),,不明,,,1,58,0,2026-09-13 12:04,2026-09-13 12:04,,,https://www.youtube.com/channel/UCH_FGgFvPualQrR85I2RXIg
UC1NSU1QCV13YjSTFKYdq3VQ,@Midori_orTsuneneonX,24,2年,Member (2 years),35,Vantacrew,マイルストーン,,1,1,0,2026-09-13 12:04,2026-09-13 12:04,,,https://www.youtube.com/channel/UC1NSU1QCV13YjSTFKYdq3VQ
UCDYhQ_3uy7wyaN6OodlLhVQ,@sunshaii1931,24,2年,Member (2 years),33,Vantacrew,マイルストーン,,1,6,0,2026-09-13 12:04,2026-09-13 12:04,,,https://www.youtube.com/channel/UCDYhQ_3uy7wyaN6OodlLhVQ
UC0lWCufSx0sPc9Sz289T3yQ,@beldantazar7194,24,2年,Member (2 years),33,Vantacrew,マイルストーン,,1,1,0,2026-09-13 15:06,2026-09-13 15:06,,,https://www.youtube.com/channel/UC0lWCufSx0sPc9Sz289T3yQ
UCH_Ydp_Xx3e1QAWfKDbZbyg,@bignanime,24,2年,Member (2 years),,不明,,,1,1,0,2026-09-14 10:00,2026-09-14 10:00,,,https://www.youtube.com/channel/UCH_Ydp_Xx3e1QAWfKDbZbyg
UCg2cgui56vyoc1Xn2pjmm9A,@赤兵衛-f8u,24,2年,Member (2 years),,不明,,,1,1,0,2026-09-23 13:08,2026-09-23 13:08,,,https://www.youtube.com/channel/UCg2cgui56vyoc1Xn2pjmm9A
UC2OLLcceYDagX_jvu-5uXhg,@tillantics,24,2年,Member (2 years),,不明,,,1,2,0,2026-09-23 13:08,2026-09-23 13:08,,,https://www.youtube.com/channel/UC2OLLcceYDagX_jvu-5uXhg
UCcCDV_jOoxKiIKXpAB5LzKw,@midnightmusings_,24,2年,Member (2 years),,不明,,,1,1,0,2026-09-23 13:08,2026-09-23 13:08,,,https://www.youtube.com/channel/UCcCDV_jOoxKiIKXpAB5LzKw
UCMXfPk_pwkEqEJROTwIyfVQ,@hangyopia,24,2年,Member (2 years),33,Vantacrew,マイルストーン,,1,0,0,2026-09-23 13:08,2026-09-23 13:08,,,https://www.youtube.com/channel/UCMXfPk_pwkEqEJROTwIyfVQ
UCM-N0T0kSpx0Rddu5FrQ51A,@Junejuneonthatb,24,2年,Member (2 years),33,Vantacrew,マイルストーン,,1,0,0,2026-09-23 13:08,2026-09-23 13:08,,,https://www.youtube.com/channel/UCM-N0T0kSpx0Rddu5FrQ51A
UCV3yf9yhUIYOgxrJSNyAoRA,@shion-fgolove,24,2年,Member (2 years),,不明,,,1,3,0,2026-09-24 20:04,2026-09-24 20:04,,,https://www.youtube.com/channel/UCV3yf9yhUIYOgxrJSNyAoRA
UCeXk3dBviwV9OaftMNHF1Bw,@fireheartfrost,24,2年,Member (2 years),26,Vantacrew,マイルストーン,,1,2,0,2026-09-25 19:22,2026-09-25 19:22,,,https://www.youtube.com/channel/UCeXk3dBviwV9OaftMNHF1Bw
UCJtDyQcydUklLXXB9pM-5Ag,@caffeine_canis,24,2年,Member (2 years),,不明,,,1,6,0,2026-09-26 11:00,2026-09-26 11:00,,,https://www.youtube.com/channel/UCJtDyQcydUklLXXB9pM-5Ag
UCMYLqqyY7_LY0Dp_HSXXD4g,@qgloaf13,24,2年,Member (2 years),35,Vantacrew,マイルストーン,,1,56,0,2026-09-29 12:13,2026-09-29 12:13,,,https://www.youtube.com/channel/UCMYLqqyY7_LY0Dp_HSXXD4g
UCKBP_OU8TdNq0ex4-8OtT8w,@LydiasStillHere,24,2年,Member (2 years),,不明,,,1,70,0,2026-09-30 12:03,2026-09-30 12:03,,,https://www.youtube.com/channel/UCKBP_OU8TdNq0ex4-8OtT8w
UC1tDSUHiXJTIb8aaHJOe19Q,@mily_cutiepie,24,2年,Member (2 years),,不明,,,1,3,0,2026-09-30 12:03,2026-09-30 12:03,,,https://www.youtube.com/channel/UC1tDSUHiXJTIb8aaHJOe19Q
UCfuZYI9kOtTce7IFttOp4Pg,@SeniorCashew,24,2年,Member (2 years),32,Vantacrew,マイルストーン,,1,3,0,2026-09-30 12:03,2026-09-30 12:03,,,https://www.youtube.com/channel/UCfuZYI9kOtTce7IFttOp4Pg
UCRWYJEo5_ZajCe-eHxcXxBw,@Jazzlyncreed27,24,2年,Member (2 years),,不明,,,1,1,0,2026-09-30 12:03,2026-09-30 12:03,,,https://www.youtube.com/channel/UCRWYJEo5_ZajCe-eHxcXxBw
UCvS1wd8kHxpUOlo-rPC__KQ,@spiritpuppy6601,24,2年,Member (2 years),,不明,,,1,1,0,2026-09-30 12:03,2026-09-30 12:03,,,https://www.youtube.com/channel/UCvS1wd8kHxpUOlo-rPC__KQ
UCBQ_HW9f4ogeCdS85vucmxw,@auggiewauggiepauggie,24,2年,Member (2 years),33,Vantacrew Archives,マイルストーン,,1,2,0,2026-09-30 12:03,2026-09-30 12:03,,,https://www.youtube.com/channel/UCBQ_HW9f4ogeCdS85vucmxw
UCqT2nVgCNXss3rBjTjIqpGw,@KOYA_982,24,2年,Member (2 years),,不明,,,1,1,0,2026-10-05 12:06,2026-10-05 12:06,,,https://www.youtube.com/channel/UCqT2nVgCNXss3rBjTjIqpGw
UCV4aDyC-oMT4-PvGak9d2sg,@KoToNoHa11tzr,24,2年,Member (2 years),,不明,,,1,1,0,2026-10-05 12:06,2026-10-05 12:06,,,https://www.youtube.com/channel/UCV4aDyC-oMT4-PvGak9d2sg
UCwc0VxYCDU8r9XUSNK2wpkQ,@ake_dawn,24,2年,Member (2 years),,不明,,,1,1,0,2026-10-05 12:06,2026-10-05 12:06,,,https://www.youtube.com/channel/UCwc0VxYCDU8r9XUSNK2wpkQ
UCzM0UtJXeHNyYD5rw92eeLw,@is_moji,24,2年,Member (2 years),35,Vantacrew,マイルストーン,,1,6,0,2026-10-05 12:06,2026-10-05 12:06,,,https://www.youtube.com/channel/UCzM0UtJXeHNyYD5rw92eeLw
UC68OIxuojbpQHrPvY6Qx8Qg,@BIGREEN-g,24,2年,Member (2 years),24,Vantacrew,マイルストーン,,1,1,0,2026-10-05 12:06,2026-10-05 12:06,,,https://www.youtube.com/channel/UC68OIxuojbpQHrPvY6Qx8Qg
UCOW3naN0wS6dQcAGrB8Ly0Q,@yijin8605,24,2年,Member (2 years),,不明,,,1,1,0,2026-10-05 12:06,2026-10-05 12:06,,,https://www.youtube.com/channel/UCOW3naN0wS6dQcAGrB8Ly0Q
UCbrZ1edR4GBwCxpKPXz-yoA,@defonotcheng,24,2年,Member (2 years),,不明,,,1,1,0,2026-10-07 13:06,2026-10-07 13:06,,,https://www.youtube.com/channel/UCbrZ1edR4GBwCxpKPXz-yoA
UCMPZ_KS_EYgd24URwSJLvYg,@faerousha2734,24,2年,Member (2 years),34,Vantacrew,マイルストーン,,1,1,0,2026-10-07 13:06,2026-10-07 13:06,,,https://www.youtube.com/channel/UCMPZ_KS_EYgd24URwSJLvYg
UCYQ-RVRSs9cUg8E5FjoswxA,@Connie_Kwok_FLO,24,2年,Member (2 years),33,Vantacrew,マイルストーン,,1,2,0,2026-10-07 13:06,2026-10-07 13:06,,,https://www.youtube.com/channel/UCYQ-RVRSs9cUg8E5FjoswxA
UC5Buz8XeYxdm2RG2T4762fw,@Bbbq_lays,24,2年,Member (2 years),,不明,,,1,1,0,2026-10-07 13:06,2026-10-07 13:06,,,https://www.youtube.com/channel/UC5Buz8XeYxdm2RG2T4762fw
UCOJIxgCfmun8ngoVRsmgTGg,@moi.マイアミ,24,2年,Member (2 years),34,Vantacrew,マイルストーン,,1,3,0,2026-10-07 13:06,2026-10-07 13:06,,,https://www.youtube.com/channel/UCOJIxgCfmun8ngoVRsmgTGg
UCUBH1ZmPIt1sgB10v_CqK2g,@faifai7694,24,2年,Member (2 years),,不明,,,1,1,0,2026-10-08 13:41,2026-10-08 13:41,,,https://www.youtube.com/channel/UCUBH1ZmPIt1sgB10v_CqK2g
UCNDr9XwHA9IhpZA-4Kz0NKw,@brocccolly,24,2年,Member (2 years),,不明,,,1,3,0,2026-10-08 13:41,2026-10-08 13:41,,,https://www.youtube.com/channel/UCNDr9XwHA9IhpZA-4Kz0NKw
UCRYbp2WwjC_4ATMf6GWgTWA,@delina-pyoi,24,2年,Member (2 years),,不明,,,1,1,0,2026-10-08 13:41,2026-10-08 13:41,,,https://www.youtube.com/channel/UCRYbp2WwjC_4ATMf6GWgTWA
UCFb6zOWtsEikir--eJKLTTw,@peterness154,12,1年,Member (1 year),22,Vantacrew Archives,マイルストーン,,20,345,15,2026-09-11 13:06,2026-10-08 13:41,,,https://www.youtube.com/channel/UCFb6zOWtsEikir--eJKLTTw
UCRrkmwnZNl49KIxrfEDaaiw,@TORI_thebirdbird,12,1年,Member (1 year),19,Vantacrew Archives,マイルストーン,,19,1007,18,2026-09-11 13:06,2026-10-08 13:41,,,https://www.youtube.com/channel/UCRrkmwnZNl49KIxrfEDaaiw
UC4VD2P8Kld5Y_d7ViVhnytQ,@skylove12sakura,12,1年,Member (1 year),,不明,,,16,441,0,2026-09-11 13:06,2026-10-07 13:06,,,https://www.youtube.com/channel/UC4VD2P8Kld5Y_d7ViVhnytQ
UCxhUcaWtPlcqT0h0vFJwHjw,@IniMeenie-StrawberryArtini,12,1年,Member (1 year),,不明,,,15,434,3,2026-09-11 13:06,2026-10-08 13:41,,,https://www.youtube.com/channel/UCxhUcaWtPlcqT0h0vFJwHjw
UC_R6EmUVlOu63IK_tBJC0ng,@Richelle_r,12,1年,Member (1 year),13,Vantacrew Archives,マイルストーン,,14,456,0,2026-09-12 11:52,2026-10-08 13:41,,,https://www.youtube.com/channel/UC_R6EmUVlOu63IK_tBJC0ng
UCsS2d1IQeXKgYLPgZtSj7sg,@amyg_17,12,1年,Member (1 year),23,Vantacrew Archives,マイルストーン,,13,86,0,2026-09-12 11:52,2026-10-07 13:06,,,https://www.youtube.com/channel/UCsS2d1IQeXKgYLPgZtSj7sg
UC3OIVoh0f1Tu3nDo2gefaKg,@zenthiat2292,12,1年,Member (1 year),,Vantacrew,ギフト,ギフトで加入,13,144,0,2026-09-12 11:52,2026-10-07 13:06,○,○,https://www.youtube.com/channel/UC3OIVoh0f1Tu3nDo2gefaKg
UCvrvRbAdgNPyercey31HaEA,@avii-is-calling,12,1年,Member (1 year),16,Vantacrew Archives,マイルストーン,,13,330,2,2026-09-12 16:03,2026-10-08 13:41,,,https://www.youtube.com/channel/UCvrvRbAdgNPyercey31HaEA
UCikaIZrI4gp2AuN33IAK6KQ,@akikoooo9158,12,1年,Member (1 year),13,Vantacrew Archives,マイルストーン,,12,419,3,2026-09-11 13:06,2026-10-07 13:06,,,https://www.youtube.com/channel/UCikaIZrI4gp2AuN33IAK6KQ
UChejok6f0wOVT00uORvsl_A,@Mana_Ntial,12,1年,Member (1 year),13,Vantacrew Archives,マイルストーン,,12,109,0,2026-09-11 13:06,2026-10-07 13:06,,,https://www.youtube.com/channel/UChejok6f0wOVT00uORvsl_A
UCb4qjgPVRLZQZUn-FC8zJPQ,@abel_sunfishcrow,12,1年,Member (1 year),,不明,,,11,263,1,2026-09-11 13:06,2026-10-08 13:41,,,https://www.youtube.com/channel/UCb4qjgPVRLZQZUn-FC8zJPQ
UCP88jJucz_9G2KYs7jUVzKw,@nanaofthevalley,12,1年,Member (1 year),,不明,,,11,119,0,2026-09-11 13:06,2026-10-07 13:06,,,https://www.youtube.com/channel/UCP88jJucz_9G2KYs7jUVzKw
UCZkRFrfBPQdWLcGMcfdMK2Q,@Spirit0mbYT,12,1年,Member (1 year),,Vantacrew,マイルストーン（2026-09-08）,,10,319,0,2026-09-11 13:06,2026-09-24 20:04,,,https://www.youtube.com/channel/UCZkRFrfBPQdWLcGMcfdMK2Q
UC5cpMi7o8oZ7ftSXaiFMarA,@extraluvr,12,1年,Member (1 year),12,Vantacrew,マイルストーン,,10,101,0,2026-09-12 11:52,2026-10-07 13:06,,,https://www.youtube.com/channel/UC5cpMi7o8oZ7ftSXaiFMarA
UCKI3LFpInQ-bLqqw2rJN_rQ,@Aoroari,12,1年,Member (1 year),,不明,,,9,24,0,2026-09-11 13:06,2026-10-07 13:06,,,https://www.youtube.com/channel/UCKI3LFpInQ-bLqqw2rJN_rQ
UC_YwriEWG6nEHeUxBDHMeUQ,@AnaWilll,12,1年,Member (1 year),,Vantacrew,マイルストーン（2026-09-10）,,8,59,0,2026-09-11 13:06,2026-09-29 12:13,,,https://www.youtube.com/channel/UC_YwriEWG6nEHeUxBDHMeUQ
UCEZvgl5DDvoXDd6D6IW-7lQ,@flaameees,12,1年,Member (1 year),15,Vantacrew Archives,マイルストーン,,8,35,0,2026-09-12 11:52,2026-10-07 13:06,,,https://www.youtube.com/channel/UCEZvgl5DDvoXDd6D6IW-7lQ
UC7d5PO2gpW3z5CsDwbsebCA,@triatriyah,12,1年,Member (1 year),12,Vantacrew,マイルストーン,,8,168,0,2026-09-12 11:52,2026-10-07 13:06,,,https://www.youtube.com/channel/UC7d5PO2gpW3z5CsDwbsebCA
UCYDiVaIsnhv3JFzeubaHjOw,@metalheadmori,12,1年,Member (1 year),13,Vantacrew,マイルストーン,,8,53,0,2026-09-12 11:52,2026-10-05 12:06,,,https://www.youtube.com/channel/UCYDiVaIsnhv3JFzeubaHjOw
UCWOSOJyqRlWHDEvdFhD6P7w,@elixirg00,12,1年,Member (1 year),,不明,,,7,683,0,2026-09-11 13:06,2026-09-16 12:31,,,https://www.youtube.com/channel/UCWOSOJyqRlWHDEvdFhD6P7w
UCQk4ViZFhxwIVAhm8n8XBUg,@tokkiyan,12,1年,Member (1 year),,不明,,,7,102,0,2026-09-11 13:06,2026-10-01 12:17,,,https://www.youtube.com/channel/UCQk4ViZFhxwIVAhm8n8XBUg
UC9w-dt6nWKbbVkWCaPize-w,@maylillyyy,12,1年,Member (1 year),,不明,,,7,131,0,2026-09-11 13:06,2026-10-01 12:17,,,https://www.youtube.com/channel/UC9w-dt6nWKbbVkWCaPize-w
UCTl9s2zPccdzzFOz1w3MThQ,@chasity_999,12,1年,Member (1 year),,不明,,,7,216,0,2026-09-12 11:52,2026-10-08 13:41,,,https://www.youtube.com/channel/UCTl9s2zPccdzzFOz1w3MThQ
UCyOgz4lyihLv1ZpMjERXyJQ,@evee1105,12,1年,Member (1 year),18,Vantacrew Archives,マイルストーン,,7,61,1,2026-09-12 16:03,2026-10-01 12:17,,,https://www.youtube.com/channel/UCyOgz4lyihLv1ZpMjERXyJQ
UCRceU0th3pFY8mxMXqg0VQA,@itsynsyn,12,1年,Member (1 year),,不明,,,6,44,0,2026-09-12 11:52,2026-10-01 12:17,,,https://www.youtube.com/channel/UCRceU0th3pFY8mxMXqg0VQA
UCIw3gFJzun6dJZ-gPbeZcwg,@ExukiS,12,1年,Member (1 year),,不明,,,5,62,0,2026-09-11 13:06,2026-10-07 13:06,,,https://www.youtube.com/channel/UCIw3gFJzun6dJZ-gPbeZcwg
UC_V4VwUEbgKNAyu81WgNRYA,@weiyeeeee,12,1年,Member (1 year),16,Vantacrew Archives,マイルストーン,,5,15,0,2026-09-11 13:06,2026-10-07 13:06,,,https://www.youtube.com/channel/UC_V4VwUEbgKNAyu81WgNRYA
UChOmbC8-utI2GecT2QGuRDA,@MDDukee,12,1年,Member (1 year),,不明,,,5,17,0,2026-09-11 13:06,2026-10-07 13:06,,,https://www.youtube.com/channel/UChOmbC8-utI2GecT2QGuRDA
UCYmLkNzQXnBc_qiYdxeklRQ,@nera3853,12,1年,Member (1 year),17,Vantacrew Archives,マイルストーン,,5,30,0,2026-09-12 11:52,2026-09-30 12:03,,,https://www.youtube.com/channel/UCYmLkNzQXnBc_qiYdxeklRQ
UCV6sZXNdGsZwKoIV5E6aEEA,@ryryryne,12,1年,Member (1 year),,不明,,,5,283,0,2026-09-12 20:47,2026-10-07 13:06,,,https://www.youtube.com/channel/UCV6sZXNdGsZwKoIV5E6aEEA
UCTV72n99c--D-OqCNnf5nig,@SasaLele_626,12,1年,Member (1 year),20,Vantacrew,マイルストーン,,5,12,0,2026-09-13 15:06,2026-10-07 13:06,,,https://www.youtube.com/channel/UCTV72n99c--D-OqCNnf5nig
UClAVN-oygnzULliISnlQZpw,@akari燭,12,1年,Member (1 year),,不明,,,5,13,0,2026-09-16 12:31,2026-10-05 12:06,,,https://www.youtube.com/channel/UClAVN-oygnzULliISnlQZpw
UC8sev8HGcNYCleWZ6VdHFxA,@SassMasterSatan,12,1年,Member (1 year),12,Vantacrew Archives,マイルストーン,,5,127,0,2026-09-23 13:08,2026-10-05 12:06,,,https://www.youtube.com/channel/UC8sev8HGcNYCleWZ6VdHFxA
UCYmou3Y9FRlVza6z7iCkYfg,@Tzuhua318,12,1年,Member (1 year),,不明,,,5,15,0,2026-09-24 20:04,2026-10-07 13:06,,,https://www.youtube.com/channel/UCYmou3Y9FRlVza6z7iCkYfg
UChKpRQ0REfVNmwH3NFEoE1A,@KatKitoshi,12,1年,Member (1 year),,Vantacrew Archives,再加入/レベル変更,,5,197,0,2026-09-26 11:00,2026-10-05 12:06,,,https://www.youtube.com/channel/UChKpRQ0REfVNmwH3NFEoE1A
UCZQfPOFCcYGw0JZDwT86T7A,@fxxtktg25,12,1年,Member (1 year),,不明,,,4,10,0,2026-09-11 13:06,2026-10-05 12:06,,,https://www.youtube.com/channel/UCZQfPOFCcYGw0JZDwT86T7A
UC04UKPcD3qfx3K3JWE2vPdg,@corbinsgyal96,12,1年,Member (1 year),11,Vantacrew Archives,マイルストーン,,4,42,0,2026-09-14 10:00,2026-10-07 13:06,,,https://www.youtube.com/channel/UC04UKPcD3qfx3K3JWE2vPdg
UCYQra-lZl4QpcayHnbVj16A,@PekoJiro-ペコ次郎,12,1年,Member (1 year),,不明,,,3,32,0,2026-09-11 13:06,2026-09-25 19:22,,,https://www.youtube.com/channel/UCYQra-lZl4QpcayHnbVj16A
UCRgdJzt1UM7CzMtAGpbL_jQ,@fangirltravels2,12,1年,Member (1 year),,Vantacrew,ギフト,ギフトで加入,3,113,0,2026-09-11 13:06,2026-10-07 13:06,○,○,https://www.youtube.com/channel/UCRgdJzt1UM7CzMtAGpbL_jQ
UCp9NQ98wj9SXXuU05J5xIGg,@Reaperfox,12,1年,Member (1 year),,不明,,,3,3,0,2026-09-11 13:06,2026-09-29 12:13,,,https://www.youtube.com/channel/UCp9NQ98wj9SXXuU05J5xIGg
UC1iqws50dKmFXcoo4pjAk4Q,@vvenvore000,12,1年,Member (1 year),,Vantacrew Archives,マイルストーン（2026-09-08）,,3,23,0,2026-09-12 11:52,2026-09-16 12:31,,,https://www.youtube.com/channel/UC1iqws50dKmFXcoo4pjAk4Q
UCYOKj5C3dEdD_OjzNNIA9-Q,@KimiJen,12,1年,Member (1 year),,不明,,,3,20,0,2026-09-16 12:31,2026-10-05 12:06,,,https://www.youtube.com/channel/UCYOKj5C3dEdD_OjzNNIA9-Q
UChBBDDBxOJbA7J2y2rNpC8A,@heydaysee,12,1年,Member (1 year),14,Vantacrew,マイルストーン,,3,7,0,2026-09-26 11:00,2026-10-05 12:06,,,https://www.youtube.com/channel/UChBBDDBxOJbA7J2y2rNpC8A
UCrXbTD3-205c8ZMkiw0Nkhg,@WellbutrinWizard,12,1年,Member (1 year),,Vantacrew,再加入/レベル変更,,3,24,0,2026-09-26 11:00,2026-09-30 12:03,,,https://www.youtube.com/channel/UCrXbTD3-205c8ZMkiw0Nkhg
UC60NXaVR4NA9l4DY1mN3XDw,@amao2901,12,1年,Member (1 year),20,Vantacrew,マイルストーン,,3,5,0,2026-09-30 12:03,2026-10-07 13:06,,,https://www.youtube.com/channel/UC60NXaVR4NA9l4DY1mN3XDw
UC13iLo6SavOfwUHA37bv4pQ,@0kojichan0,12,1年,Member (1 year),,Vantacrew,ギフト,ギフトで加入,3,12,0,2026-10-01 12:17,2026-10-07 13:06,○,○,https://www.youtube.com/channel/UC13iLo6SavOfwUHA37bv4pQ
UC8seEVchqg5OeCcxe917cmQ,@JessicaET1214uwu,12,1年,Member (1 year),,不明,,,2,4,0,2026-09-11 13:06,2026-10-07 13:06,,,https://www.youtube.com/channel/UC8seEVchqg5OeCcxe917cmQ
UCySC6VEa8my1AUyfTCG2KLw,@さかまた_Sakamata,12,1年,Member (1 year),20,Vantacrew,マイルストーン,,2,22,0,2026-09-11 13:06,2026-09-24 20:04,,,https://www.youtube.com/channel/UCySC6VEa8my1AUyfTCG2KLw
UCfCX9BmI2QsdLnMsXc69RtQ,@jaysstraydogs,12,1年,Member (1 year),,Vantacrew Archives,マイルストーン（2026-09-10）,,2,10,0,2026-09-11 13:06,2026-09-13 12:04,,,https://www.youtube.com/channel/UCfCX9BmI2QsdLnMsXc69RtQ
UCsJXJ1JDM0KoyYkz5IfFl8w,@eclairejam,12,1年,Member (1 year),,不明,,,2,6,0,2026-09-11 13:06,2026-10-01 12:17,,,https://www.youtube.com/channel/UCsJXJ1JDM0KoyYkz5IfFl8w
UCDizxzJXg4kjMObXfZvcSMA,@Val23z,12,1年,Member (1 year),,不明,,,2,2,0,2026-09-12 11:52,2026-10-08 13:41,,,https://www.youtube.com/channel/UCDizxzJXg4kjMObXfZvcSMA
UCdV00qTLBPz7We_8Vu-r4LA,@nikkinm143,12,1年,Member (1 year),,不明,,,2,5,0,2026-09-12 11:52,2026-09-23 13:08,,,https://www.youtube.com/channel/UCdV00qTLBPz7We_8Vu-r4LA
UChDbNSjX9vK2qUU74RX6wYA,@Woomstery,12,1年,Member (1 year),,不明,,,2,2,0,2026-09-12 20:47,2026-09-25 19:22,,,https://www.youtube.com/channel/UChDbNSjX9vK2qUU74RX6wYA
UC87Z7ZFatFYkqte0dZ9qwOg,@L223VYT,12,1年,Member (1 year),,不明,,,2,9,0,2026-09-13 15:06,2026-09-26 11:00,,,https://www.youtube.com/channel/UC87Z7ZFatFYkqte0dZ9qwOg
UCSyiYHdKNM_WfISycREW3qQ,@つかだ一-q2x,12,1年,Member (1 year),,不明,,,2,7,0,2026-09-14 10:00,2026-10-07 13:06,,,https://www.youtube.com/channel/UCSyiYHdKNM_WfISycREW3qQ
UCirpgtr-AlIr8AyYnwtrSEw,@nesamacaron619,12,1年,Member (1 year),,不明,,,2,3,0,2026-09-23 13:08,2026-10-07 13:06,,,https://www.youtube.com/channel/UCirpgtr-AlIr8AyYnwtrSEw
UCQTyMsas9G2_NAQkZFI-2UQ,@VAMichaelaLaws,12,1年,Member (1 year),,不明,,,2,7,0,2026-09-23 13:08,2026-09-30 12:03,,,https://www.youtube.com/channel/UCQTyMsas9G2_NAQkZFI-2UQ
UCjEzozYz89sRgWM5naIQoMQ,@doppimiso,12,1年,Member (1 year),,不明,,,2,15,0,2026-09-23 13:08,2026-09-25 19:22,,,https://www.youtube.com/channel/UCjEzozYz89sRgWM5naIQoMQ
UCpKUhfVi6AKJXMRiID8TMrQ,@hagehagehagehage,12,1年,Member (1 year),,不明,,,2,5,0,2026-09-23 13:08,2026-09-24 20:04,,,https://www.youtube.com/channel/UCpKUhfVi6AKJXMRiID8TMrQ
UCBEkmMRDILo7RjwwijbgDkw,@mika_vv,12,1年,Member (1 year),14,Vantacrew,マイルストーン,,2,9,0,2026-09-23 13:08,2026-09-26 12:12,,,https://www.youtube.com/channel/UCBEkmMRDILo7RjwwijbgDkw
UCtK_x-pcv7qSb2JZCza7rGg,@aminmi22,12,1年,Member (1 year),15,Vantacrew Archives,マイルストーン,,2,6,0,2026-09-24 20:04,2026-10-05 12:06,,,https://www.youtube.com/channel/UCtK_x-pcv7qSb2JZCza7rGg
UC-AfzFe67uat3a5eI8lcJWQ,@dual2limit,12,1年,Member (1 year),16,Vantacrew,マイルストーン,,2,86,0,2026-09-26 11:00,2026-09-26 12:12,,,https://www.youtube.com/channel/UC-AfzFe67uat3a5eI8lcJWQ
UCNplpfPRCFgIzcjOcAdidIA,@shi_tenshii,12,1年,Member (1 year),,不明,,,2,13,0,2026-09-26 11:00,2026-10-07 13:06,,,https://www.youtube.com/channel/UCNplpfPRCFgIzcjOcAdidIA
UCkJSnQKcqAeurFpp7cq4FGQ,@erehsawidnew,12,1年,Member (1 year),12,Vantacrew Archives,マイルストーン,,2,1,0,2026-09-26 12:12,2026-10-05 12:06,,,https://www.youtube.com/channel/UCkJSnQKcqAeurFpp7cq4FGQ
UCr5n-2ScVrEmt4wIJ9ZM8eQ,@gothparappa4227,12,1年,Member (1 year),,不明,,,2,27,1,2026-09-29 12:13,2026-09-30 12:03,,,https://www.youtube.com/channel/UCr5n-2ScVrEmt4wIJ9ZM8eQ
UCtTJMlhK38lecuVxmKm53iA,@tiobron,12,1年,Member (1 year),,不明,,,2,6,0,2026-09-30 12:03,2026-10-05 12:06,,,https://www.youtube.com/channel/UCtTJMlhK38lecuVxmKm53iA
UCioR5akqjjkyRMMlDECDKQQ,@DODO-0505,12,1年,Member (1 year),,不明,,,2,4,0,2026-09-30 12:03,2026-10-08 13:41,,,https://www.youtube.com/channel/UCioR5akqjjkyRMMlDECDKQQ
UCV5iAlFuiZ_5SY78JUUI8dA,@Its._.640,12,1年,Member (1 year),,不明,,,2,7,1,2026-09-30 12:03,2026-10-07 13:06,,,https://www.youtube.com/channel/UCV5iAlFuiZ_5SY78JUUI8dA
UCL05n3dDRwbJfTVhMMh0vPw,@salmonorangefish,12,1年,Member (1 year),,不明,,,2,12,0,2026-10-05 12:06,2026-10-07 13:06,,,https://www.youtube.com/channel/UCL05n3dDRwbJfTVhMMh0vPw
UCFHlj9v93gBdm8t4fs4DWVg,@テディ28-d5n,12,1年,Member (1 year),,不明,,,2,62,1,2026-10-05 12:06,2026-10-07 13:06,,,https://www.youtube.com/channel/UCFHlj9v93gBdm8t4fs4DWVg
UCVn-ueNvegBX_uA_a21BymQ,@xmh_916,12,1年,Member (1 year),,不明,,,1,1,0,2026-09-11 13:06,2026-09-11 13:06,,,https://www.youtube.com/channel/UCVn-ueNvegBX_uA_a21BymQ
UCC19x0Np5QejxKvaqmtSYpg,@KatVanKit.,12,1年,Member (1 year),,不明,,,1,1,0,2026-09-11 13:06,2026-09-11 13:06,,,https://www.youtube.com/channel/UCC19x0Np5QejxKvaqmtSYpg
UCj6TIOzaLR50RVlJp6FEr_g,@bunnyk3819,12,1年,Member (1 year),,不明,,,1,1,0,2026-09-11 13:06,2026-09-11 13:06,,,https://www.youtube.com/channel/UCj6TIOzaLR50RVlJp6FEr_g
UC29xREGVwFTdXHlc85KXL8A,@BettyPotato,12,1年,Member (1 year),,Vantacrew,マイルストーン（2026-09-10）,,1,1,0,2026-09-12 11:52,2026-09-12 11:52,,,https://www.youtube.com/channel/UC29xREGVwFTdXHlc85KXL8A
UCXmxwSPF8UHg5aHQBQCyFtw,@jinyunlifestyle,12,1年,Member (1 year),13,Vantacrew,マイルストーン,,1,0,0,2026-09-12 11:52,2026-09-12 11:52,,,https://www.youtube.com/channel/UCXmxwSPF8UHg5aHQBQCyFtw
UCPS8io4kkSIYohSvb84oBrA,@mamu99999,12,1年,Member (1 year),,不明,,,1,2,0,2026-09-12 16:03,2026-09-12 16:03,,,https://www.youtube.com/channel/UCPS8io4kkSIYohSvb84oBrA
UCD0tYlkKFZTgnly0G49DRXA,@whiteboywillylover67,12,1年,Member (1 year),,Vantacrew,再加入/レベル変更,,1,4,0,2026-09-12 16:03,2026-09-12 16:03,,,https://www.youtube.com/channel/UCD0tYlkKFZTgnly0G49DRXA
UCySHsVXGDZHDxXMbiFsoUSg,@Fortis_Iris,12,1年,Member (1 year),,不明,,,1,2,0,2026-09-12 20:47,2026-09-12 20:47,,,https://www.youtube.com/channel/UCySHsVXGDZHDxXMbiFsoUSg
UCBlA1SLvL1a0ygNyxikZOwA,@magirbo,12,1年,Member (1 year),,不明,,,1,18,0,2026-09-12 20:47,2026-09-12 20:47,,,https://www.youtube.com/channel/UCBlA1SLvL1a0ygNyxikZOwA
UCddJYyHdtLAZ3Y2vnVB_QrA,@ゆうなぎ-v3j,12,1年,Member (1 year),,不明,,,1,1,0,2026-09-13 12:04,2026-09-13 12:04,,,https://www.youtube.com/channel/UCddJYyHdtLAZ3Y2vnVB_QrA
UChOMt4jND9SW0MDQQtrqbZQ,@raellabella,12,1年,Member (1 year),,不明,,,1,2,0,2026-09-13 12:04,2026-09-13 12:04,,,https://www.youtube.com/channel/UChOMt4jND9SW0MDQQtrqbZQ
UCV0aXsavu-EcNgoKR3bHfqA,@warinkarin,12,1年,Member (1 year),,不明,,,1,1,0,2026-09-13 12:04,2026-09-13 12:04,,,https://www.youtube.com/channel/UCV0aXsavu-EcNgoKR3bHfqA
UCBxjz8wkCsA-HRNpZ5VPCUw,@piaesomo,12,1年,Member (1 year),,不明,,,1,2,0,2026-09-13 12:04,2026-09-13 12:04,,,https://www.youtube.com/channel/UCBxjz8wkCsA-HRNpZ5VPCUw
UCYGLzSGntaK4DRUDSFx6V8Q,@miaov-sgst8543,12,1年,Member (1 year),,不明,,,1,1,0,2026-09-13 12:04,2026-09-13 12:04,,,https://www.youtube.com/channel/UCYGLzSGntaK4DRUDSFx6V8Q
UCsj3x_FKnoTfb07bQh5CotQ,@MeepMoop01,12,1年,Member (1 year),,不明,,,1,14,0,2026-09-14 10:00,2026-09-14 10:00,,,https://www.youtube.com/channel/UCsj3x_FKnoTfb07bQh5CotQ
UC7o5l-ERgIB7lTbpu2af_JA,@gomadofu-yoki,12,1年,Member (1 year),,不明,,,1,1,0,2026-09-16 12:31,2026-09-16 12:31,,,https://www.youtube.com/channel/UC7o5l-ERgIB7lTbpu2af_JA
UCcnxKlGfC7ReLdSbVSbypZw,@oscarhemlock,12,1年,Member (1 year),,Vantacrew,ギフト,ギフトで加入,1,1,0,2026-09-16 12:31,2026-09-16 12:31,○,○,https://www.youtube.com/channel/UCcnxKlGfC7ReLdSbVSbypZw
UCetodnbYViCOAekfiHCTQCQ,@truly.dim3,12,1年,Member (1 year),,不明,,,1,1,0,2026-09-23 13:08,2026-09-23 13:08,,,https://www.youtube.com/channel/UCetodnbYViCOAekfiHCTQCQ
UC4V032Yn1zPX_ilxDsodT4A,@xhafux1831,12,1年,Member (1 year),,不明,,,1,3,0,2026-09-23 13:08,2026-09-23 13:08,,,https://www.youtube.com/channel/UC4V032Yn1zPX_ilxDsodT4A
UC9kIfj5ghF6oJuqcE6PzYCg,@Bibble_enthusiast,12,1年,Member (1 year),,不明,,,1,1,0,2026-09-23 13:08,2026-09-23 13:08,,,https://www.youtube.com/channel/UC9kIfj5ghF6oJuqcE6PzYCg
UCY2I1LS38hkNspUDkjEztkA,@やのさぶ,12,1年,Member (1 year),,不明,,,1,1,0,2026-09-23 13:08,2026-09-23 13:08,,,https://www.youtube.com/channel/UCY2I1LS38hkNspUDkjEztkA
UCHBYnl2eJfnv234_O3T6hhA,@ぱりぴparipi,12,1年,Member (1 year),,不明,,,1,6,0,2026-09-24 20:04,2026-09-24 20:04,,,https://www.youtube.com/channel/UCHBYnl2eJfnv234_O3T6hhA
UCmeBq9yHjaJZYR3JEedywXw,@heyaaa_c10,12,1年,Member (1 year),,不明,,,1,2,0,2026-09-25 19:22,2026-09-25 19:22,,,https://www.youtube.com/channel/UCmeBq9yHjaJZYR3JEedywXw
UCkzPKeG_Uxs3QnrAug7_qwg,@leanfp6,12,1年,Member (1 year),14,Vantacrew,マイルストーン,,1,1,0,2026-09-25 19:22,2026-09-25 19:22,,,https://www.youtube.com/channel/UCkzPKeG_Uxs3QnrAug7_qwg
UCGkxAYoWEiHVgeAmLExyYnw,@sensaisaiki,12,1年,Member (1 year),,不明,,,1,5,0,2026-09-26 11:00,2026-09-26 11:00,,,https://www.youtube.com/channel/UCGkxAYoWEiHVgeAmLExyYnw
UCwN3YbqPGhegRwAOl0AD7yQ,@TeacakeCutie,12,1年,Member (1 year),,不明,,,1,6,0,2026-09-26 11:00,2026-09-26 11:00,,,https://www.youtube.com/channel/UCwN3YbqPGhegRwAOl0AD7yQ
UCICoykn2j_Zol4lslD2J37g,@neoashes,12,1年,Member (1 year),,不明,,,1,1,0,2026-09-26 11:00,2026-09-26 11:00,,,https://www.youtube.com/channel/UCICoykn2j_Zol4lslD2J37g
UC9zfJc0RjCUmo64J5MdKAtA,@ayawoowa,12,1年,Member (1 year),13,Vantacrew Archives,マイルストーン,,1,0,0,2026-09-26 12:12,2026-09-26 12:12,,,https://www.youtube.com/channel/UC9zfJc0RjCUmo64J5MdKAtA
UCvZ-jCYtD2ch2J1QT1_lojg,@avvviiiiii,12,1年,Member (1 year),20,Vantacrew Archives,マイルストーン,,1,0,0,2026-09-26 12:12,2026-09-26 12:12,,,https://www.youtube.com/channel/UCvZ-jCYtD2ch2J1QT1_lojg
UCPp0J-0gOI5h4-htc6BnhAg,@ararin_2510,12,1年,Member (1 year),13,Vantacrew,マイルストーン,,1,0,0,2026-09-26 12:12,2026-09-26 12:12,,,https://www.youtube.com/channel/UCPp0J-0gOI5h4-htc6BnhAg
UCweSK67FKOt7JzilMrp28YA,@Fionnny,12,1年,Member (1 year),18,Vantacrew,マイルストーン,,1,42,0,2026-09-29 12:13,2026-09-29 12:13,,,https://www.youtube.com/channel/UCweSK67FKOt7JzilMrp28YA
UCgPOheX9RLnaDokKahdI8wg,@arteaziaa,12,1年,Member (1 year),18,Vantacrew,マイルストーン,,1,0,0,2026-09-29 12:13,2026-09-29 12:13,,,https://www.youtube.com/channel/UCgPOheX9RLnaDokKahdI8wg
UC_P_MsEa-pJCX-N9QDC6l8Q,@berri_belle,12,1年,Member (1 year),,Vantacrew,マイルストーン（2026-09-10）,,1,2,0,2026-09-30 12:03,2026-09-30 12:03,,,https://www.youtube.com/channel/UC_P_MsEa-pJCX-N9QDC6l8Q
UCeIt8lrKPlEiuYRf9RQjwwA,@anjelove4292,12,1年,Member (1 year),,不明,,,1,1,0,2026-09-30 12:03,2026-09-30 12:03,,,https://www.youtube.com/channel/UCeIt8lrKPlEiuYRf9RQjwwA
UCOYZqfcDjxixfGAlqNuIxRA,@shidopamine,12,1年,Member (1 year),12,Vantacrew,マイルストーン,,1,1,0,2026-09-30 12:03,2026-09-30 12:03,,,https://www.youtube.com/channel/UCOYZqfcDjxixfGAlqNuIxRA
UCjla9SsqpH3MPzwqlPWhMVw,@ItalianLoveCake,12,1年,Member (1 year),16,Vantacrew,マイルストーン,,1,176,2,2026-09-30 12:03,2026-09-30 12:03,,,https://www.youtube.com/channel/UCjla9SsqpH3MPzwqlPWhMVw
UCe75nR3EsZ5SyleRbJIz_zw,@Choc_Beam,12,1年,Member (1 year),,不明,,,1,16,0,2026-09-30 12:03,2026-09-30 12:03,,,https://www.youtube.com/channel/UCe75nR3EsZ5SyleRbJIz_zw
UCkwQrAwfB5m8WEHKgAEcMyQ,@luu13434,12,1年,Member (1 year),23,Vantacrew Archives,マイルストーン,,1,2,0,2026-10-01 12:17,2026-10-01 12:17,,,https://www.youtube.com/channel/UCkwQrAwfB5m8WEHKgAEcMyQ
UCEHQ9UNTUHxEx5QzRFe_6xg,@foncomics,12,1年,Member (1 year),,不明,,,1,23,0,2026-10-01 12:17,2026-10-01 12:17,,,https://www.youtube.com/channel/UCEHQ9UNTUHxEx5QzRFe_6xg
UCzCL4xzVgkTAMi5Wm8BhlTg,@HemlockSword,12,1年,Member (1 year),,不明,,,1,8,0,2026-10-05 12:06,2026-10-05 12:06,,,https://www.youtube.com/channel/UCzCL4xzVgkTAMi5Wm8BhlTg
UCE9dakbWcKQbCSjka3PHegw,@suzushirosuzuna13,12,1年,Member (1 year),,不明,,,1,2,0,2026-10-05 12:06,2026-10-05 12:06,,,https://www.youtube.com/channel/UCE9dakbWcKQbCSjka3PHegw
UCrxGSsHkFTyqMyt54QopkBw,@Catmej,12,1年,Member (1 year),,不明,,,1,1,0,2026-10-05 12:06,2026-10-05 12:06,,,https://www.youtube.com/channel/UCrxGSsHkFTyqMyt54QopkBw
UCGeatHUJLkrVWigv4DEWkRw,@DreamyLove100,12,1年,Member (1 year),,不明,,,1,3,0,2026-10-05 12:06,2026-10-05 12:06,,,https://www.youtube.com/channel/UCGeatHUJLkrVWigv4DEWkRw
UC6Vdhv9fwFdiayJ68Ootvpg,@rez_zzii,12,1年,Member (1 year),,不明,,,1,1,0,2026-10-05 12:06,2026-10-05 12:06,,,https://www.youtube.com/channel/UC6Vdhv9fwFdiayJ68Ootvpg
UCH6Rv4RYpFBHYdxdn9WK5kQ,@hanatama87,12,1年,Member (1 year),,不明,,,1,2,0,2026-10-05 12:06,2026-10-05 12:06,,,https://www.youtube.com/channel/UCH6Rv4RYpFBHYdxdn9WK5kQ
UCGJMkjO-4UDEvogpfUpRLwA,@tsunami.ginjoka,12,1年,Member (1 year),,不明,,,1,109,0,2026-10-05 12:06,2026-10-05 12:06,,,https://www.youtube.com/channel/UCGJMkjO-4UDEvogpfUpRLwA
UCCQdK3-o4ihZvt4R47QApOg,@saphiekaixenix,12,1年,Member (1 year),,不明,,,1,2,0,2026-10-05 12:06,2026-10-05 12:06,,,https://www.youtube.com/channel/UCCQdK3-o4ihZvt4R47QApOg
UCiTTox6OyzJohTja4hNJK6w,@yiuyiu73-l9h,12,1年,Member (1 year),,不明,,,1,3,0,2026-10-05 12:06,2026-10-05 12:06,,,https://www.youtube.com/channel/UCiTTox6OyzJohTja4hNJK6w
UCKE3Kt8WRyyBy_g0-Clfeug,@McCarthyW02,12,1年,Member (1 year),16,Vantacrew Archives,マイルストーン,,1,1,0,2026-10-05 12:06,2026-10-05 12:06,,,https://www.youtube.com/channel/UCKE3Kt8WRyyBy_g0-Clfeug
UC7aZVwr9i9cPaY1BMrdw9vA,@Mangohampter,12,1年,Member (1 year),,不明,,,1,1,0,2026-10-05 12:06,2026-10-05 12:06,,,https://www.youtube.com/channel/UC7aZVwr9i9cPaY1BMrdw9vA
UC0yhxtSeiMyhtEgMqSuKRtA,@Jai-s0s,12,1年,Member (1 year),,不明,,,1,1,0,2026-10-05 12:06,2026-10-05 12:06,,,https://www.youtube.com/channel/UC0yhxtSeiMyhtEgMqSuKRtA
UCsZwttP9uOB_Gw4wfi-n2gQ,@Hayley_EC,12,1年,Member (1 year),13,Vantacrew Archives,マイルストーン,,1,0,0,2026-10-05 12:06,2026-10-05 12:06,,,https://www.youtube.com/channel/UCsZwttP9uOB_Gw4wfi-n2gQ
UC8zYrhSTzcTSjYUkpY1_50g,@minimini_349,12,1年,Member (1 year),,不明,,,1,1,0,2026-10-07 13:06,2026-10-07 13:06,,,https://www.youtube.com/channel/UC8zYrhSTzcTSjYUkpY1_50g
UCPhFC8JDawV4fdyPyDizwyQ,@lindsolar,12,1年,Member (1 year),,不明,,,1,28,0,2026-10-07 13:06,2026-10-07 13:06,,,https://www.youtube.com/channel/UCPhFC8JDawV4fdyPyDizwyQ
UCSI1ZETG3DcFprO4PCv954g,@Chatalien,12,1年,Member (1 year),,Vantacrew,マイルストーン（2026-09-10）,,1,1,0,2026-10-07 13:06,2026-10-07 13:06,,,https://www.youtube.com/channel/UCSI1ZETG3DcFprO4PCv954g
UC4bEl-8NQjQWVZJAiPE1WbQ,@viann_w,12,1年,Member (1 year),,不明,,,1,1,0,2026-10-07 13:06,2026-10-07 13:06,,,https://www.youtube.com/channel/UC4bEl-8NQjQWVZJAiPE1WbQ
UCLT1vAfxAoaBt2cI5mr4nfg,@いぷぷろん,12,1年,Member (1 year),,不明,,,1,1,0,2026-10-07 13:06,2026-10-07 13:06,,,https://www.youtube.com/channel/UCLT1vAfxAoaBt2cI5mr4nfg
UC_LGsoFLF2Uicf4fcFUCkoA,@nmhyyym,12,1年,Member (1 year),16,Vantacrew Archives,マイルストーン,,1,9,0,2026-10-07 13:06,2026-10-07 13:06,,,https://www.youtube.com/channel/UC_LGsoFLF2Uicf4fcFUCkoA
UCDOtDnR2P-MfM6nU-qx8JdA,@JessScarletVT,12,1年,Member (1 year),,Vantacrew,再加入/レベル変更,,1,0,0,2026-10-07 13:06,2026-10-07 13:06,,,https://www.youtube.com/channel/UCDOtDnR2P-MfM6nU-qx8JdA
UC-K0vqplAter9zntDmPdDAA,@shir0xxxgs33,12,1年,Member (1 year),14,Vantacrew Archives,マイルストーン,,1,0,0,2026-10-07 13:06,2026-10-07 13:06,,,https://www.youtube.com/channel/UC-K0vqplAter9zntDmPdDAA
UCySbogRhnO3Tm5gN4nzOzaA,@valdimiree,6,6ヶ月,Member (6 months),6,Vantacrew,マイルストーン,,19,678,0,2026-09-11 13:06,2026-10-08 13:41,,,https://www.youtube.com/channel/UCySbogRhnO3Tm5gN4nzOzaA
UCnHyJBwM_5pieb7VpJRTmqw,@otonasisuzu-音無鈴,6,6ヶ月,Member (6 months),6,Vantacrew,マイルストーン,,18,379,1,2026-09-11 13:06,2026-10-08 13:41,,,https://www.youtube.com/channel/UCnHyJBwM_5pieb7VpJRTmqw
UCMmfc1LZisQXBi7E3xxzNew,@darknightmer3395,6,6ヶ月,Member (6 months),8,Vantacrew,マイルストーン,,12,187,0,2026-09-11 13:06,2026-10-07 13:06,,,https://www.youtube.com/channel/UCMmfc1LZisQXBi7E3xxzNew
UCs3Q5WXqOzIFHDmnCT0zISA,@QiaoLiuliu,6,6ヶ月,Member (6 months),7,Vantacrew,マイルストーン,,11,399,0,2026-09-11 13:06,2026-10-05 12:06,,,https://www.youtube.com/channel/UCs3Q5WXqOzIFHDmnCT0zISA
UCyJg5EZxEHuRA-W4qecFWow,@plutoscythe,6,6ヶ月,Member (6 months),10,Vantacrew Archives,マイルストーン,,11,152,2,2026-09-12 20:47,2026-10-07 13:06,,,https://www.youtube.com/channel/UCyJg5EZxEHuRA-W4qecFWow
UCR1T1bJ3PaAsNZGKqu3x8Yw,@mememegami,6,6ヶ月,Member (6 months),7,Vantacrew,マイルストーン,,10,160,0,2026-09-11 13:06,2026-10-07 13:06,,,https://www.youtube.com/channel/UCR1T1bJ3PaAsNZGKqu3x8Yw
UCZ9wXBr9T0OJ72RzaUphnmw,@Sally-machina,6,6ヶ月,Member (6 months),8,Vantacrew,マイルストーン,,10,152,0,2026-09-13 12:04,2026-10-08 13:41,,,https://www.youtube.com/channel/UCZ9wXBr9T0OJ72RzaUphnmw
UCPyo-1wuI6qdfPMHful8mng,@vyvichwan,6,6ヶ月,Member (6 months),,Vantacrew,マイルストーン（2026-09-10）,,9,351,0,2026-09-11 13:06,2026-10-08 13:41,,,https://www.youtube.com/channel/UCPyo-1wuI6qdfPMHful8mng
UCHCx2nGoCo9HdAXVcg3PWaw,@Kaleiadoscope,6,6ヶ月,Member (6 months),6,Vantacrew,マイルストーン,,8,256,0,2026-09-12 11:52,2026-10-05 12:06,,,https://www.youtube.com/channel/UCHCx2nGoCo9HdAXVcg3PWaw
UCa0-RDCEYq_CDPoh2IR-wcA,@Mangogogoo,6,6ヶ月,Member (6 months),,不明,,,8,45,0,2026-09-12 11:52,2026-10-08 13:41,,,https://www.youtube.com/channel/UCa0-RDCEYq_CDPoh2IR-wcA
UCMWB7pzQr8rTXFADXXpbeHA,@404outcast,6,6ヶ月,Member (6 months),6,Vantacrew Archives,マイルストーン,,8,51,0,2026-09-12 11:52,2026-10-07 13:06,,,https://www.youtube.com/channel/UCMWB7pzQr8rTXFADXXpbeHA
UCOtP9uLiEGs_1EC4PbHQ6OQ,@kamise-v6n,6,6ヶ月,Member (6 months),,不明,,,7,257,0,2026-09-11 13:06,2026-10-08 13:41,,,https://www.youtube.com/channel/UCOtP9uLiEGs_1EC4PbHQ6OQ
UCa68xRrVa5OY4IYGnn09x7A,@hono0_206,6,6ヶ月,Member (6 months),,不明,,,7,65,0,2026-09-11 13:06,2026-10-08 13:41,,,https://www.youtube.com/channel/UCa68xRrVa5OY4IYGnn09x7A
UCEux-QTyf5gMDGsMffsOOBg,@Crew雯雯世一,6,6ヶ月,Member (6 months),6,Vantacrew Archives,マイルストーン,,7,59,0,2026-09-12 11:52,2026-10-07 13:06,,,https://www.youtube.com/channel/UCEux-QTyf5gMDGsMffsOOBg
UCmdjp0XO5kATdUkNY6purxg,@LauraNeuzeth,6,6ヶ月,Member (6 months),,不明,,,7,57,0,2026-09-13 12:04,2026-10-07 13:06,,,https://www.youtube.com/channel/UCmdjp0XO5kATdUkNY6purxg
UCcbA9rgqUMw-v3kYxFgtCbA,@str4wberb,6,6ヶ月,Member (6 months),,Vantacrew Archives,マイルストーン（2026-09-08）,,6,52,0,2026-09-11 13:06,2026-10-05 12:06,,,https://www.youtube.com/channel/UCcbA9rgqUMw-v3kYxFgtCbA
UCUNBah0qu3wexmPKGWbmPkA,@hyula_m,6,6ヶ月,Member (6 months),,不明,,,6,34,0,2026-09-11 13:06,2026-10-07 13:06,,,https://www.youtube.com/channel/UCUNBah0qu3wexmPKGWbmPkA
UC4C_G1m7zrPG20t9_KvhI3w,@IcedKaiffee,6,6ヶ月,Member (6 months),,Vantacrew,マイルストーン（2026-09-10）,,5,45,8,2026-09-11 13:06,2026-10-07 13:06,,,https://www.youtube.com/channel/UC4C_G1m7zrPG20t9_KvhI3w
UCWk4BIUt5gEcBXsyxULOkVQ,@sanyuzz.z,6,6ヶ月,Member (6 months),,Vantacrew,マイルストーン（2026-09-10）,,5,51,0,2026-09-13 12:04,2026-10-07 13:06,,,https://www.youtube.com/channel/UCWk4BIUt5gEcBXsyxULOkVQ
UCoVA8pIPFEBQPbOav3fe4wA,@daydream-risun,6,6ヶ月,Member (6 months),8,Vantacrew,マイルストーン,,5,487,0,2026-09-23 13:08,2026-10-05 12:06,,,https://www.youtube.com/channel/UCoVA8pIPFEBQPbOav3fe4wA
UCd6rUmZhE7mdGgulOZYPLvA,@syu_ku_shu,6,6ヶ月,Member (6 months),,不明,,,4,6,0,2026-09-12 16:03,2026-10-05 12:06,,,https://www.youtube.com/channel/UCd6rUmZhE7mdGgulOZYPLvA
UCY_j50-ociNyrOFe3nAyZFw,@Sobelle_爽風,6,6ヶ月,Member (6 months),,不明,,,4,19,0,2026-09-12 16:03,2026-10-07 13:06,,,https://www.youtube.com/channel/UCY_j50-ociNyrOFe3nAyZFw
UCaRJnJokCVrKHXmSl7Wahqw,@riceballyumi,6,6ヶ月,Member (6 months),,不明,,,4,109,0,2026-09-13 12:04,2026-09-26 12:12,,,https://www.youtube.com/channel/UCaRJnJokCVrKHXmSl7Wahqw
UCaGzJ9-uuvF1j4ip8kEJTaQ,@bby_mintt,6,6ヶ月,Member (6 months),,不明,,,4,10,0,2026-09-23 13:08,2026-09-30 12:03,,,https://www.youtube.com/channel/UCaGzJ9-uuvF1j4ip8kEJTaQ
UCD0MwyYkcsHYwZbnVqLZkSw,@mahikapenn,6,6ヶ月,Member (6 months),9,Vantacrew,マイルストーン,,4,26,0,2026-09-29 12:13,2026-10-07 13:06,,,https://www.youtube.com/channel/UCD0MwyYkcsHYwZbnVqLZkSw
UCzEPf_3zMhj1T5c_yZINbGA,@ke1ki05,6,6ヶ月,Member (6 months),,Vantacrew,マイルストーン（2026-09-10）,,3,39,0,2026-09-11 13:06,2026-09-24 20:04,,,https://www.youtube.com/channel/UCzEPf_3zMhj1T5c_yZINbGA
UCF-TPivN2TVLixsBn5Vqzag,@heist,6,6ヶ月,Member (6 months),7,Vantacrew,マイルストーン,,3,7,0,2026-09-11 13:06,2026-09-30 12:03,,,https://www.youtube.com/channel/UCF-TPivN2TVLixsBn5Vqzag
UCu5ZsaWOO0kLiW9GiTfSBvQ,@Sfw_Hana,6,6ヶ月,Member (6 months),8,Vantacrew,マイルストーン,,3,6,0,2026-09-11 13:06,2026-10-07 13:06,,,https://www.youtube.com/channel/UCu5ZsaWOO0kLiW9GiTfSBvQ
UCiVH7fm-RJgcN2y_E4gg8OQ,@cesshuu,6,6ヶ月,Member (6 months),10,Vantacrew,マイルストーン,,3,5,0,2026-09-12 20:47,2026-10-05 12:06,,,https://www.youtube.com/channel/UCiVH7fm-RJgcN2y_E4gg8OQ
UCRu0D_Y1Y8hWBxBTVfwgl9A,@PayuDoraa,6,6ヶ月,Member (6 months),,不明,,,3,13,0,2026-09-12 20:47,2026-09-25 19:22,,,https://www.youtube.com/channel/UCRu0D_Y1Y8hWBxBTVfwgl9A
UCmCyWvvSJdIpLbP_0Sgk7gQ,@Eclipsis007,6,6ヶ月,Member (6 months),,不明,,,3,4,0,2026-09-13 15:06,2026-09-30 12:03,,,https://www.youtube.com/channel/UCmCyWvvSJdIpLbP_0Sgk7gQ
UCbQDrJ5OoOe91gp-mzIV33Q,@SyrianDudeLV,6,6ヶ月,Member (6 months),,不明,,,3,5,0,2026-09-14 10:00,2026-10-01 12:17,,,https://www.youtube.com/channel/UCbQDrJ5OoOe91gp-mzIV33Q
UClWaZELa-H9gdUYgbBu0AOg,@Cryptid_Enoki,6,6ヶ月,Member (6 months),,不明,,,3,14,0,2026-09-16 12:31,2026-10-07 13:06,,,https://www.youtube.com/channel/UClWaZELa-H9gdUYgbBu0AOg
UCxki3WYf91BJLp3rKHMr_Tw,@Chibineko-j7v,6,6ヶ月,Member (6 months),,不明,,,3,10,0,2026-09-16 12:31,2026-10-08 13:41,,,https://www.youtube.com/channel/UCxki3WYf91BJLp3rKHMr_Tw
UCuws-CetlRwiRxvET2lzCtw,@mayu-jp.s2,6,6ヶ月,Member (6 months),6,Vantacrew Archives,マイルストーン,,3,11,0,2026-09-24 20:04,2026-10-05 12:06,,,https://www.youtube.com/channel/UCuws-CetlRwiRxvET2lzCtw
UCAx9xGwRRe4RaILAzBzsmag,@Mavis_labsピオ,6,6ヶ月,Member (6 months),8,Vantacrew,マイルストーン,,3,8,0,2026-09-25 19:22,2026-10-08 13:41,,,https://www.youtube.com/channel/UCAx9xGwRRe4RaILAzBzsmag
UCubE4ZxjUObv19DejC4QiZQ,@elliesech,6,6ヶ月,Member (6 months),,Vantacrew Archives,再加入/レベル変更,,3,5,0,2026-09-29 12:13,2026-10-01 12:17,,,https://www.youtube.com/channel/UCubE4ZxjUObv19DejC4QiZQ
UC-A0kDJxlEH1Z8QpLtNgCjQ,@woe_flower,6,6ヶ月,Member (6 months),,Vantacrew,ギフト,ギフトで加入,3,4,0,2026-09-29 12:13,2026-10-05 12:06,○,○,https://www.youtube.com/channel/UC-A0kDJxlEH1Z8QpLtNgCjQ
UCKzgbGEuEDZKApVEn9K8iuA,@Erika_1000,6,6ヶ月,Member (6 months),,不明,,,2,2,0,2026-09-11 13:06,2026-09-29 12:13,,,https://www.youtube.com/channel/UCKzgbGEuEDZKApVEn9K8iuA
UCCm3GSe0MUB0eO5Kd6_tNkw,@cameranshi2422,6,6ヶ月,Member (6 months),,Vantacrew,再加入/レベル変更,,2,0,0,2026-09-12 11:52,2026-09-12 16:03,,,https://www.youtube.com/channel/UCCm3GSe0MUB0eO5Kd6_tNkw
UC4xdl-oOTqst6VQP5I0xJrA,@arumageddone,6,6ヶ月,Member (6 months),,不明,,,2,2,0,2026-09-12 16:03,2026-10-05 12:06,,,https://www.youtube.com/channel/UC4xdl-oOTqst6VQP5I0xJrA
UCLkJ-jpyQUiyAmPIV9p3MUg,@りり_Lily_830,6,6ヶ月,Member (6 months),,不明,,,2,2,0,2026-09-12 20:47,2026-09-25 19:22,,,https://www.youtube.com/channel/UCLkJ-jpyQUiyAmPIV9p3MUg
UCbhDipREIPxysEx6iZQ6TeQ,@kunimaki39,6,6ヶ月,Member (6 months),,不明,,,2,87,0,2026-09-12 20:47,2026-09-13 12:04,,,https://www.youtube.com/channel/UCbhDipREIPxysEx6iZQ6TeQ
UCO5Wbn_JhPBGaR9ZKDvP1BA,@bobanikki,6,6ヶ月,Member (6 months),6,Vantacrew,マイルストーン,,2,12,0,2026-09-13 12:04,2026-09-23 13:08,,,https://www.youtube.com/channel/UCO5Wbn_JhPBGaR9ZKDvP1BA
UCGXAF-vDFQzuTQM7_AzkRKA,@valerie1838,6,6ヶ月,Member (6 months),,不明,,,2,18,0,2026-09-13 12:04,2026-09-23 13:08,,,https://www.youtube.com/channel/UCGXAF-vDFQzuTQM7_AzkRKA
UCaDJifnBPkVA96xVXxWyqzQ,@astraimoons,6,6ヶ月,Member (6 months),,Vantacrew Archives,マイルストーン（2026-09-08）,,2,13,1,2026-09-14 10:00,2026-09-23 13:08,,,https://www.youtube.com/channel/UCaDJifnBPkVA96xVXxWyqzQ
UCceyU132dtUCn50jk72-2HA,@RosezWhxte,6,6ヶ月,Member (6 months),,Vantacrew,ギフト,ギフトで加入,2,5,0,2026-09-23 13:08,2026-09-30 12:03,○,○,https://www.youtube.com/channel/UCceyU132dtUCn50jk72-2HA
UCT65wfvQ-ciP1nodX40vgqg,@xiaoyues,6,6ヶ月,Member (6 months),8,Vantacrew,マイルストーン,,2,19,0,2026-09-24 13:02,2026-09-29 12:13,,,https://www.youtube.com/channel/UCT65wfvQ-ciP1nodX40vgqg
UCjIVvW-dESoQUA8Fsmt_DxQ,@munomuno88,6,6ヶ月,Member (6 months),,不明,,,2,21,0,2026-09-26 11:00,2026-10-07 13:06,,,https://www.youtube.com/channel/UCjIVvW-dESoQUA8Fsmt_DxQ
UCHbFhUgO260QCai-UwSeSBg,@tri.shaaxox05,6,6ヶ月,Member (6 months),,不明,,,2,13,0,2026-09-30 12:03,2026-10-01 12:17,,,https://www.youtube.com/channel/UCHbFhUgO260QCai-UwSeSBg
UCI4kfvBS5zEFs4gf-gd3Ydw,@vioviochu,6,6ヶ月,Member (6 months),11,Vantacrew Archives,マイルストーン,,2,16,0,2026-10-05 12:06,2026-10-07 13:06,,,https://www.youtube.com/channel/UCI4kfvBS5zEFs4gf-gd3Ydw
UC0dRBmtmojuHUq_FieSeapA,@Maya_uuwuu,6,6ヶ月,Member (6 months),,不明,,,2,4,0,2026-10-05 12:06,2026-10-07 13:06,,,https://www.youtube.com/channel/UC0dRBmtmojuHUq_FieSeapA
UCEOuV5wHmzTB9ggxQB7Mosg,@ZigDanveres,6,6ヶ月,Member (6 months),,不明,,,1,226,0,2026-09-11 13:06,2026-09-11 13:06,,,https://www.youtube.com/channel/UCEOuV5wHmzTB9ggxQB7Mosg
UCdSXWZZRzGx--Z1sa8uNI9Q,@oojizou234,6,6ヶ月,Member (6 months),,Vantacrew,マイルストーン（2026-09-10）,,1,1,0,2026-09-12 11:52,2026-09-12 11:52,,,https://www.youtube.com/channel/UCdSXWZZRzGx--Z1sa8uNI9Q
UCBy5qXS75yQrqzmcnBRn8mA,@its-ta3ta3,6,6ヶ月,Member (6 months),,不明,,,1,2,0,2026-09-12 16:03,2026-09-12 16:03,,,https://www.youtube.com/channel/UCBy5qXS75yQrqzmcnBRn8mA
UC32xvwHYp_0D5rCs2B-AHYg,@sydhoes,6,6ヶ月,Member (6 months),,不明,,,1,1,0,2026-09-12 16:03,2026-09-12 16:03,,,https://www.youtube.com/channel/UC32xvwHYp_0D5rCs2B-AHYg
UCgmOf6H-slBzCcP9ha2Tgmw,@honeyjane595,6,6ヶ月,Member (6 months),,不明,,,1,6,0,2026-09-12 20:47,2026-09-12 20:47,,,https://www.youtube.com/channel/UCgmOf6H-slBzCcP9ha2Tgmw
UCVHyqCyydd5ISI-9F05K-vQ,@Yunniee07,6,6ヶ月,Member (6 months),8,Vantacrew,マイルストーン,,1,28,0,2026-09-13 12:04,2026-09-13 12:04,,,https://www.youtube.com/channel/UCVHyqCyydd5ISI-9F05K-vQ
UC7wFXgUepCx5a4eSvYErAVg,@xenicstate,6,6ヶ月,Member (6 months),,不明,,,1,1,0,2026-09-13 12:04,2026-09-13 12:04,,,https://www.youtube.com/channel/UC7wFXgUepCx5a4eSvYErAVg
UCtGcEGs_XBr6ay0W-9WEFLA,@delatron,6,6ヶ月,Member (6 months),,不明,,,1,4,0,2026-09-16 12:31,2026-09-16 12:31,,,https://www.youtube.com/channel/UCtGcEGs_XBr6ay0W-9WEFLA
UCr7FPvmaCtmnZ2XE5bsKOvg,@ShakenPuma,6,6ヶ月,Member (6 months),,Vantacrew,マイルストーン（2026-09-10）,,1,3,0,2026-09-16 12:31,2026-09-16 12:31,,,https://www.youtube.com/channel/UCr7FPvmaCtmnZ2XE5bsKOvg
UCv3-B-OSgwy8hpD7cs9b4vA,@YuukiTempest,6,6ヶ月,Member (6 months),11,Vantacrew,マイルストーン,,1,0,0,2026-09-16 12:31,2026-09-16 12:31,,,https://www.youtube.com/channel/UCv3-B-OSgwy8hpD7cs9b4vA
UCMrZxV1nGIfSZ83RGuZ2GIA,@monae_97,6,6ヶ月,Member (6 months),,Vantacrew Archives,再加入/レベル変更,,1,0,0,2026-09-16 12:31,2026-09-16 12:31,,,https://www.youtube.com/channel/UCMrZxV1nGIfSZ83RGuZ2GIA
UCoMmmzULMtCpmkLjGn5AU4Q,@yb64130,6,6ヶ月,Member (6 months),,不明,,,1,1,0,2026-09-23 13:08,2026-09-23 13:08,,,https://www.youtube.com/channel/UCoMmmzULMtCpmkLjGn5AU4Q
UC0KuV9BdOupxjNyF37fJDjQ,@来来らいらいLailai,6,6ヶ月,Member (6 months),8,Vantacrew,マイルストーン,,1,2,0,2026-09-23 13:08,2026-09-23 13:08,,,https://www.youtube.com/channel/UC0KuV9BdOupxjNyF37fJDjQ
UCAPGL348IWS46qh3hP9tAMw,@gyarumu,6,6ヶ月,Member (6 months),,不明,,,1,1,0,2026-09-23 13:08,2026-09-23 13:08,,,https://www.youtube.com/channel/UCAPGL348IWS46qh3hP9tAMw
UCN6BdU54JT1aT_wb9zEkJtw,@its.zariaaa,6,6ヶ月,Member (6 months),,Vantacrew,再加入/レベル変更,,1,0,0,2026-09-24 20:04,2026-09-24 20:04,,,https://www.youtube.com/channel/UCN6BdU54JT1aT_wb9zEkJtw
UClwXwVnL_Vw_x2Mj1WSX7Kw,@Joyce_ce,6,6ヶ月,Member (6 months),,不明,,,1,10,0,2026-09-25 19:22,2026-09-25 19:22,,,https://www.youtube.com/channel/UClwXwVnL_Vw_x2Mj1WSX7Kw
UCFl1_jkfIRzsbnCrNm2XTvQ,@BaskervilleMerida,6,6ヶ月,Member (6 months),,不明,,,1,2,0,2026-09-26 11:00,2026-09-26 11:00,,,https://www.youtube.com/channel/UCFl1_jkfIRzsbnCrNm2XTvQ
UC1zhcEImf5ZRKppk0-snNcw,@jasherms,6,6ヶ月,Member (6 months),,不明,,,1,2,0,2026-09-26 12:12,2026-09-26 12:12,,,https://www.youtube.com/channel/UC1zhcEImf5ZRKppk0-snNcw
UC4-eKhJANgmPGoo6B3bIIEw,@AeroSata,6,6ヶ月,Member (6 months),,Vantacrew Archives,再加入/レベル変更,,1,13,1,2026-09-26 12:12,2026-09-26 12:12,,,https://www.youtube.com/channel/UC4-eKhJANgmPGoo6B3bIIEw
UCm2XrwwlWu7X301HnFnqEvA,@fuwafuwachuww,6,6ヶ月,Member (6 months),10,Vantacrew Archives,マイルストーン,,1,12,0,2026-09-26 12:12,2026-09-26 12:12,,,https://www.youtube.com/channel/UCm2XrwwlWu7X301HnFnqEvA
UCAqWXZrShB20xGOTsMej26Q,@starlucis,6,6ヶ月,Member (6 months),,不明,,,1,5,0,2026-09-29 12:13,2026-09-29 12:13,,,https://www.youtube.com/channel/UCAqWXZrShB20xGOTsMej26Q
UCH9YNjMqih0RAVGIwOBhZdQ,@rieee46,6,6ヶ月,Member (6 months),,Vantacrew Archives,再加入/レベル変更,,1,0,0,2026-09-29 12:13,2026-09-29 12:13,,,https://www.youtube.com/channel/UCH9YNjMqih0RAVGIwOBhZdQ
UCxHHNP3GwmIcPVaRbE2DjWg,@gigamertz,6,6ヶ月,Member (6 months),,不明,,,1,1,0,2026-09-30 12:03,2026-09-30 12:03,,,https://www.youtube.com/channel/UCxHHNP3GwmIcPVaRbE2DjWg
UCG3g3BdAWDfWf5V5sFtUAvw,@tangerii_563,6,6ヶ月,Member (6 months),,不明,,,1,2,0,2026-09-30 12:03,2026-09-30 12:03,,,https://www.youtube.com/channel/UCG3g3BdAWDfWf5V5sFtUAvw
UCdU1vLlIfBc4gPCB2EETlVA,@niycapri,6,6ヶ月,Member (6 months),,Vantacrew,再加入/レベル変更,,1,0,0,2026-09-30 12:03,2026-09-30 12:03,,,https://www.youtube.com/channel/UCdU1vLlIfBc4gPCB2EETlVA
UCSaUTKc4uNN9LBiRpyjG0wQ,@Kytolan,6,6ヶ月,Member (6 months),10,Vantacrew,マイルストーン,,1,0,0,2026-09-30 12:03,2026-09-30 12:03,,,https://www.youtube.com/channel/UCSaUTKc4uNN9LBiRpyjG0wQ
UCGEg9e4umfJ-79K9Bxp0R9g,@ReversedSwords,6,6ヶ月,Member (6 months),,不明,,,1,1,0,2026-10-05 12:06,2026-10-05 12:06,,,https://www.youtube.com/channel/UCGEg9e4umfJ-79K9Bxp0R9g
UCyY2iKsnDYIKuYJt6WDrOPA,@SeaweedSticks,6,6ヶ月,Member (6 months),11,Vantacrew Archives,マイルストーン,,1,3,0,2026-10-05 12:06,2026-10-05 12:06,,,https://www.youtube.com/channel/UCyY2iKsnDYIKuYJt6WDrOPA
UCe-occ8AbTDmQCO6ldaBtKQ,@Hahahaiyan,6,6ヶ月,Member (6 months),,Vantacrew,再加入/レベル変更,,1,13,0,2026-10-05 12:06,2026-10-05 12:06,,,https://www.youtube.com/channel/UCe-occ8AbTDmQCO6ldaBtKQ
UCg97zGMU6D5xsFAURrQq5Ug,@SesRen,6,6ヶ月,Member (6 months),,不明,,,1,8,0,2026-10-05 12:06,2026-10-05 12:06,,,https://www.youtube.com/channel/UCg97zGMU6D5xsFAURrQq5Ug
UCyWVH62qLekGr1fPyYgtK0w,@ずしこ-s27,6,6ヶ月,Member (6 months),,不明,,,1,2,0,2026-10-05 12:06,2026-10-05 12:06,,,https://www.youtube.com/channel/UCyWVH62qLekGr1fPyYgtK0w
UCM0XG_0yuWO4ZxjGoRaDEFA,@matchaaa_luna,6,6ヶ月,Member (6 months),,不明,,,1,22,0,2026-10-07 13:06,2026-10-07 13:06,,,https://www.youtube.com/channel/UCM0XG_0yuWO4ZxjGoRaDEFA
UCtObnhosjYgLDGLNeCXCxwA,@elleclyy,6,6ヶ月,Member (6 months),6,Vantacrew,マイルストーン,,1,10,0,2026-10-07 13:06,2026-10-07 13:06,,,https://www.youtube.com/channel/UCtObnhosjYgLDGLNeCXCxwA
UCA3cCYYRniz2SwHT1L7BAbA,@laven_viewer,6,6ヶ月,Member (6 months),,不明,,,1,4,0,2026-10-07 13:06,2026-10-07 13:06,,,https://www.youtube.com/channel/UCA3cCYYRniz2SwHT1L7BAbA
UCrrZfnLGZr9uU-So-71piXA,@rosaly_tmr,6,6ヶ月,Member (6 months),,不明,,,1,9,0,2026-10-07 13:06,2026-10-07 13:06,,,https://www.youtube.com/channel/UCrrZfnLGZr9uU-So-71piXA
UCQmGo1LEgiQQzaVcAa4k2Yw,@monet_s.s,6,6ヶ月,Member (6 months),,不明,,,1,1,0,2026-10-07 13:06,2026-10-07 13:06,,,https://www.youtube.com/channel/UCQmGo1LEgiQQzaVcAa4k2Yw
UC-I591b-ECJH7jcOcEXfc-w,@NEON-にゃん,6,6ヶ月,Member (6 months),,不明,,,1,2,0,2026-10-07 13:06,2026-10-07 13:06,,,https://www.youtube.com/channel/UC-I591b-ECJH7jcOcEXfc-w
UCB7HtmFhXURJG_hquJUggWg,@nighthehero,6,6ヶ月,Member (6 months),,Vantacrew,再加入/レベル変更,,1,0,0,2026-10-07 13:06,2026-10-07 13:06,,,https://www.youtube.com/channel/UCB7HtmFhXURJG_hquJUggWg
UCLn8fBgfLI89Sqk8GwsLh0A,@ziraawrrr,6,6ヶ月,Member (6 months),10,Vantacrew,マイルストーン,,1,0,0,2026-10-07 13:06,2026-10-07 13:06,,,https://www.youtube.com/channel/UCLn8fBgfLI89Sqk8GwsLh0A
UCz-5-R5Vn46D0CUtdkqEHFQ,@shaiworldwonders3053,2,2ヶ月,Member (2 months),,不明,,,15,260,0,2026-09-11 13:06,2026-10-08 13:41,,,https://www.youtube.com/channel/UCz-5-R5Vn46D0CUtdkqEHFQ
UCyOTy4JKenQvJ7neljDdrbQ,@samsplace06,2,2ヶ月,Member (2 months),,不明,,,14,411,0,2026-09-11 13:06,2026-10-08 13:41,,,https://www.youtube.com/channel/UCyOTy4JKenQvJ7neljDdrbQ
UCVZO7HLwGV5OMcK1t6un9Pg,@minichurros_11,2,2ヶ月,Member (2 months),1,Vantacrew,マイルストーン,,13,226,0,2026-09-11 13:06,2026-10-08 13:41,,,https://www.youtube.com/channel/UCVZO7HLwGV5OMcK1t6un9Pg
UCMHsUlf-BUQhu2zFzaIvzrA,@kyu_qchan,2,2ヶ月,Member (2 months),3,Vantacrew,マイルストーン,,13,280,1,2026-09-11 13:06,2026-10-07 13:06,,,https://www.youtube.com/channel/UCMHsUlf-BUQhu2zFzaIvzrA
UCnYA5IZBwbaif8k_ilMKhJg,@wiingingit,2,2ヶ月,Member (2 months),2,Vantacrew Archives,マイルストーン,,13,112,2,2026-09-13 12:04,2026-10-08 13:41,,,https://www.youtube.com/channel/UCnYA5IZBwbaif8k_ilMKhJg
UCQQ-duigdCS7z2gdj1jZ6eQ,@layruhhh,2,2ヶ月,Member (2 months),4,Vantacrew Archives,マイルストーン,,11,53,0,2026-09-11 13:06,2026-10-08 13:41,,,https://www.youtube.com/channel/UCQQ-duigdCS7z2gdj1jZ6eQ
UCmOMn2Y8RcNdhBh9gmdlwew,@OFFPHY,2,2ヶ月,Member (2 months),2,Vantacrew,マイルストーン,,11,141,1,2026-09-12 11:52,2026-10-07 13:06,,,https://www.youtube.com/channel/UCmOMn2Y8RcNdhBh9gmdlwew
UCAGd5afUpqIDhsy9PKsGLbg,@Youoh98,2,2ヶ月,Member (2 months),3,Vantacrew,マイルストーン,,11,104,0,2026-09-12 11:52,2026-10-08 13:41,,,https://www.youtube.com/channel/UCAGd5afUpqIDhsy9PKsGLbg
UCpB2K4Ug1-SNVN2lC7ETHGw,@adorequeenie,2,2ヶ月,Member (2 months),4,Vantacrew,マイルストーン,,10,637,0,2026-09-16 12:31,2026-10-07 13:06,,,https://www.youtube.com/channel/UCpB2K4Ug1-SNVN2lC7ETHGw
UC2n7abWpJRm8jWG0zaNOGOw,@Gateau_ガトウ,2,2ヶ月,Member (2 months),,Vantacrew,再加入/レベル変更,,9,86,0,2026-09-11 13:06,2026-10-07 13:06,,,https://www.youtube.com/channel/UC2n7abWpJRm8jWG0zaNOGOw
UCixzTJz7fzoUIhDxYEWnvdA,@Riri29011,2,2ヶ月,Member (2 months),5,Vantacrew Archives,マイルストーン,,9,432,5,2026-09-12 20:47,2026-10-01 12:17,,,https://www.youtube.com/channel/UCixzTJz7fzoUIhDxYEWnvdA
UCNGUK3emTqdrSIn7aMswAOg,@cherryboms,2,2ヶ月,Member (2 months),,Vantacrew,再加入/レベル変更（2026-09-10）,,8,65,0,2026-09-11 13:06,2026-09-29 12:13,,,https://www.youtube.com/channel/UCNGUK3emTqdrSIn7aMswAOg
UCHgUQTeHcTlsUtFwPi3Ox_g,@9ingerale,2,2ヶ月,Member (2 months),,Vantacrew,ギフト,ギフトで加入,8,481,0,2026-09-23 13:08,2026-10-07 13:06,○,○,https://www.youtube.com/channel/UCHgUQTeHcTlsUtFwPi3Ox_g
UCwzFohIGtRKp7DS59-HrfTw,@sakura.yuki1101,2,2ヶ月,Member (2 months),,Vantacrew,再加入/レベル変更,,8,928,1,2026-09-26 11:00,2026-10-08 13:41,,,https://www.youtube.com/channel/UCwzFohIGtRKp7DS59-HrfTw
UCAEFCX7eDhEdd_m3JXS-ZMA,@yu-ki_勇気,2,2ヶ月,Member (2 months),,不明,,,7,17,0,2026-09-11 13:06,2026-09-30 12:03,,,https://www.youtube.com/channel/UCAEFCX7eDhEdd_m3JXS-ZMA
UCSmXgeBH6bmqwZbIQkP64sg,@naidesaur,2,2ヶ月,Member (2 months),,不明,,,7,115,0,2026-09-13 12:04,2026-10-05 12:06,,,https://www.youtube.com/channel/UCSmXgeBH6bmqwZbIQkP64sg
UCAIvdka8TfKtwSLORTOr62A,@hawochan,2,2ヶ月,Member (2 months),,不明,,,6,64,0,2026-09-12 11:52,2026-10-07 13:06,,,https://www.youtube.com/channel/UCAIvdka8TfKtwSLORTOr62A
UCHOV216dZE4FZvbRwCUOgTA,@milise_wwwww,2,2ヶ月,Member (2 months),,不明,,,5,102,0,2026-09-11 13:06,2026-09-14 10:00,,,https://www.youtube.com/channel/UCHOV216dZE4FZvbRwCUOgTA
UCwOA_VigG7t3VFdWGAstpPg,@IronlessMaiden,2,2ヶ月,Member (2 months),2,Vantacrew,マイルストーン,,5,70,0,2026-09-12 16:03,2026-10-01 12:17,,,https://www.youtube.com/channel/UCwOA_VigG7t3VFdWGAstpPg
UCFl-1ekhfOzUDAJCcBcGTAw,@taterthot02,2,2ヶ月,Member (2 months),,不明,,,5,19,0,2026-09-12 20:47,2026-09-26 12:12,,,https://www.youtube.com/channel/UCFl-1ekhfOzUDAJCcBcGTAw
UCsIN8aSrxxgipeeaYS1yTPg,@VerónicaDeCastro6,2,2ヶ月,Member (2 months),5,Vantacrew,マイルストーン,,5,25,0,2026-09-13 12:04,2026-10-07 13:06,,,https://www.youtube.com/channel/UCsIN8aSrxxgipeeaYS1yTPg
UCiszCiuxezjy9WhhGzxKzFA,@DanielleLim0218,2,2ヶ月,Member (2 months),,Vantacrew,ギフト,ギフトで加入,5,29,0,2026-09-25 19:22,2026-10-08 13:41,○,○,https://www.youtube.com/channel/UCiszCiuxezjy9WhhGzxKzFA
UC46WfQwl1bXoqYhw4mftO-w,@august030,2,2ヶ月,Member (2 months),,不明,,,4,9,0,2026-09-11 13:06,2026-09-23 13:08,,,https://www.youtube.com/channel/UC46WfQwl1bXoqYhw4mftO-w
UCO3zH_0JuJMVBLeHN4Uyadw,@farah_als97,2,2ヶ月,Member (2 months),,不明,,,4,13,0,2026-09-11 13:06,2026-10-05 12:06,,,https://www.youtube.com/channel/UCO3zH_0JuJMVBLeHN4Uyadw
UC4Q0WdsaU-lKGApUUeOitNw,@Chaireea,2,2ヶ月,Member (2 months),,不明,,,4,28,0,2026-09-11 13:06,2026-09-26 12:12,,,https://www.youtube.com/channel/UC4Q0WdsaU-lKGApUUeOitNw
UC7pt6y-AcyAUChFOQmfz1uA,@Nonn0n,2,2ヶ月,Member (2 months),3,Vantacrew Archives,マイルストーン,,4,75,0,2026-09-12 16:03,2026-09-25 19:22,,,https://www.youtube.com/channel/UC7pt6y-AcyAUChFOQmfz1uA
UCd60J-uGJlqgOMvqGzDxVHw,@SomeRandomGirl86,2,2ヶ月,Member (2 months),,不明,,,4,9,0,2026-09-13 12:04,2026-10-05 12:06,,,https://www.youtube.com/channel/UCd60J-uGJlqgOMvqGzDxVHw
UCl-KOycmaqfNSyhXvYal2Ug,@raniajisai,2,2ヶ月,Member (2 months),,不明,,,4,66,0,2026-09-13 15:06,2026-09-29 12:13,,,https://www.youtube.com/channel/UCl-KOycmaqfNSyhXvYal2Ug
UCQ9zHnUzeutpc-_h0jT_ZyA,@OniShiiba,2,2ヶ月,Member (2 months),5,Vantacrew,マイルストーン,,4,7,0,2026-09-16 12:31,2026-10-05 12:06,,,https://www.youtube.com/channel/UCQ9zHnUzeutpc-_h0jT_ZyA
UC_ea0UI42I79Y-MT-C6BsNQ,@valentinezeve,2,2ヶ月,Member (2 months),3,Vantacrew,マイルストーン,,3,21,0,2026-09-12 11:52,2026-10-05 12:06,,,https://www.youtube.com/channel/UC_ea0UI42I79Y-MT-C6BsNQ
UCclpwZuid95NtXCTDDo3T-g,@kynitus,2,2ヶ月,Member (2 months),4,Vantacrew,マイルストーン,,3,22,0,2026-09-12 20:47,2026-10-08 13:41,,,https://www.youtube.com/channel/UCclpwZuid95NtXCTDDo3T-g
UC-ln_Zmf_-7Y_2hJYqSwgjA,@Faentra,2,2ヶ月,Member (2 months),,不明,,,3,5,0,2026-09-14 10:00,2026-10-01 12:17,,,https://www.youtube.com/channel/UC-ln_Zmf_-7Y_2hJYqSwgjA
UCu-hnHIhMGWwdv_nHdG7TGw,@ChocoMilkTeaYT,2,2ヶ月,Member (2 months),5,Vantacrew,マイルストーン,,3,62,0,2026-09-16 12:31,2026-10-07 13:06,○,○,https://www.youtube.com/channel/UCu-hnHIhMGWwdv_nHdG7TGw
UCH_DxQ_lecbpns9q5qKemsA,@acemusic_va,2,2ヶ月,Member (2 months),,Vantacrew,マイルストーン（2026-09-10）,,3,34,0,2026-09-23 13:08,2026-10-05 12:06,,,https://www.youtube.com/channel/UCH_DxQ_lecbpns9q5qKemsA
UCZtPiwS80l8ThpCpsKF5V5g,@emireeng,2,2ヶ月,Member (2 months),,Vantacrew,マイルストーン（2026-09-10）,,2,2,0,2026-09-11 13:06,2026-09-12 11:52,,,https://www.youtube.com/channel/UCZtPiwS80l8ThpCpsKF5V5g
UCnCZ79IcllcyO_SfyJGEKNQ,@IaMWasabi_,2,2ヶ月,Member (2 months),,不明,,,2,3,0,2026-09-11 13:06,2026-09-12 20:47,,,https://www.youtube.com/channel/UCnCZ79IcllcyO_SfyJGEKNQ
UC7sI6cmmvIpS5lBesK4VynA,@더이상울지않을래,2,2ヶ月,Member (2 months),,不明,,,2,14,0,2026-09-12 11:52,2026-09-13 15:06,,,https://www.youtube.com/channel/UC7sI6cmmvIpS5lBesK4VynA
UCy7CteOt1b6L9BJzBqob3hg,@gigaboytinkle,2,2ヶ月,Member (2 months),5,Vantacrew,マイルストーン,,2,5,0,2026-09-12 16:03,2026-09-29 12:13,,,https://www.youtube.com/channel/UCy7CteOt1b6L9BJzBqob3hg
UCs23Sx_SctvOfZLf0H8CAIQ,@alphapplepie,2,2ヶ月,Member (2 months),,不明,,,2,123,0,2026-09-12 20:47,2026-09-29 12:13,,,https://www.youtube.com/channel/UCs23Sx_SctvOfZLf0H8CAIQ
UCNCkGxC3u9YN0s4fYUBS4eA,@plumbyjui,2,2ヶ月,Member (2 months),,不明,,,2,4,0,2026-09-13 12:04,2026-10-05 12:06,,,https://www.youtube.com/channel/UCNCkGxC3u9YN0s4fYUBS4eA
UCellNWN3DplZXWffy25Qfdw,@ziax.x,2,2ヶ月,Member (2 months),,不明,,,2,53,0,2026-09-13 12:04,2026-09-13 15:06,,,https://www.youtube.com/channel/UCellNWN3DplZXWffy25Qfdw
UCHJ955bMqeBroVn8VXUhRUQ,@diarrheasalad,2,2ヶ月,Member (2 months),,Vantacrew,マイルストーン（2026-09-10）,,2,5,0,2026-09-14 10:00,2026-09-25 19:22,,,https://www.youtube.com/channel/UCHJ955bMqeBroVn8VXUhRUQ
UCnySH2ludcb5ebOnL9DpFGA,@ραΙτιτα,2,2ヶ月,Member (2 months),,不明,,,2,19,0,2026-09-16 12:31,2026-09-26 12:12,,,https://www.youtube.com/channel/UCnySH2ludcb5ebOnL9DpFGA
UCxH-tPyTjx1ckt33DX3zHgw,@meao_m,2,2ヶ月,Member (2 months),,Vantacrew,マイルストーン（2026-09-08）,,2,15,0,2026-09-23 13:08,2026-09-26 11:00,,,https://www.youtube.com/channel/UCxH-tPyTjx1ckt33DX3zHgw
UCB8kG9Fd8MKYaLtrf6wT7Tw,@pinkysaurus3659,2,2ヶ月,Member (2 months),,不明,,,2,11,0,2026-09-23 13:08,2026-09-30 12:03,,,https://www.youtube.com/channel/UCB8kG9Fd8MKYaLtrf6wT7Tw
UCPyNd6zT18Y21lftBgizXsA,@ursenpiebunni,2,2ヶ月,Member (2 months),,不明,,,2,21,0,2026-09-23 13:08,2026-09-26 11:00,,,https://www.youtube.com/channel/UCPyNd6zT18Y21lftBgizXsA
UCPzb_nehMx1bMImjrmaS9jg,@JuanGuk,2,2ヶ月,Member (2 months),5,Vantacrew Archives,再加入/レベル変更,,2,3,0,2026-09-23 13:08,2026-09-29 12:13,,,https://www.youtube.com/channel/UCPzb_nehMx1bMImjrmaS9jg
UC75ujKnKK_R8dsBNd1no5uw,@ÅMARA大未來電腦,2,2ヶ月,Member (2 months),3,Vantacrew,マイルストーン,,2,2,0,2026-09-29 12:13,2026-09-30 12:03,,,https://www.youtube.com/channel/UC75ujKnKK_R8dsBNd1no5uw
UCv9C7Jm-VASQEcrjhvtlXfQ,@irisclockwork,2,2ヶ月,Member (2 months),,不明,,,2,2,0,2026-09-29 12:13,2026-10-05 12:06,,,https://www.youtube.com/channel/UCv9C7Jm-VASQEcrjhvtlXfQ
UCuYlbSj5JNvKGmVkvfMA5tw,@vanessalolsurprise,2,2ヶ月,Member (2 months),,Vantacrew,ギフト,ギフトで加入,2,53,0,2026-09-29 12:13,2026-10-07 13:06,○,○,https://www.youtube.com/channel/UCuYlbSj5JNvKGmVkvfMA5tw
UCFQm0BIrHgl-HF7HRFrt68g,@nekosareeverywhere,2,2ヶ月,Member (2 months),,Vantacrew,ギフト,ギフトで加入,2,3,0,2026-09-29 12:13,2026-09-30 12:03,○,○,https://www.youtube.com/channel/UCFQm0BIrHgl-HF7HRFrt68g
UCSxYtf3wjizDPSef0YjTahQ,@zxionerose,2,2ヶ月,Member (2 months),,Vantacrew,再加入/レベル変更,,2,17,1,2026-09-29 12:13,2026-10-05 12:06,,,https://www.youtube.com/channel/UCSxYtf3wjizDPSef0YjTahQ
UCDMEW2E5jlUR8RHxY9LK_Tw,@BRUI-v8cnt,2,2ヶ月,Member (2 months),,不明,,,2,4,0,2026-09-30 12:03,2026-10-07 13:06,,,https://www.youtube.com/channel/UCDMEW2E5jlUR8RHxY9LK_Tw
UCyWPAGuGJHiPgZNpiWQgO1Q,@すな-g9p,2,2ヶ月,Member (2 months),,不明,,,2,6,0,2026-10-01 12:17,2026-10-05 12:06,,,https://www.youtube.com/channel/UCyWPAGuGJHiPgZNpiWQgO1Q
UC8RpCAJprLuzMwHS6JJVU_A,@luminnari,2,2ヶ月,Member (2 months),,不明,,,2,7,0,2026-10-01 12:17,2026-10-08 13:41,,,https://www.youtube.com/channel/UC8RpCAJprLuzMwHS6JJVU_A
UCR-4ZTuujPgcQzctDD--zaA,@reigningblur,2,2ヶ月,Member (2 months),4,Vantacrew,マイルストーン,,2,45,0,2026-10-05 12:06,2026-10-07 13:06,○,○,https://www.youtube.com/channel/UCR-4ZTuujPgcQzctDD--zaA
UCNJ0jIgYuCHQ6H_gFEihU4A,@ShioretaShiina,2,2ヶ月,Member (2 months),,不明,,,1,77,0,2026-09-11 13:06,2026-09-11 13:06,,,https://www.youtube.com/channel/UCNJ0jIgYuCHQ6H_gFEihU4A
UCJ0Sp7XdM195_wLjkPrJuMg,@crystalclear548,2,2ヶ月,Member (2 months),,Vantacrew,ギフト,ギフトで加入,1,1,0,2026-09-11 13:06,2026-09-11 13:06,○,○,https://www.youtube.com/channel/UCJ0Sp7XdM195_wLjkPrJuMg
UC6G6zLMD8uGXCnJSTH3sd-A,@thesleepyartist4085,2,2ヶ月,Member (2 months),,不明,,,1,1,0,2026-09-12 11:52,2026-09-12 11:52,,,https://www.youtube.com/channel/UC6G6zLMD8uGXCnJSTH3sd-A
UCgiawmzUUHyWl-2Rxv7U2Dw,@madi2439,2,2ヶ月,Member (2 months),,Vantacrew Archives,再加入/レベル変更,,1,0,0,2026-09-12 11:52,2026-09-12 11:52,,,https://www.youtube.com/channel/UCgiawmzUUHyWl-2Rxv7U2Dw
UC-HBuoCGEOSAyCj17W7We5Q,@oyoyo9646,2,2ヶ月,Member (2 months),,不明,,,1,1,0,2026-09-12 20:47,2026-09-12 20:47,,,https://www.youtube.com/channel/UC-HBuoCGEOSAyCj17W7We5Q
UC2OmBV5sH3ii8PT52Hak1Dg,@midoriberry,2,2ヶ月,Member (2 months),,不明,,,1,2,0,2026-09-12 20:47,2026-09-12 20:47,,,https://www.youtube.com/channel/UC2OmBV5sH3ii8PT52Hak1Dg
UCUJHC-TF_xker5pyYRSQCrQ,@RinieChii,2,2ヶ月,Member (2 months),,不明,,,1,4,0,2026-09-12 20:47,2026-09-12 20:47,,,https://www.youtube.com/channel/UCUJHC-TF_xker5pyYRSQCrQ
UCClcHdHzr9utJWCVbgRt-XA,@Lilith0305,2,2ヶ月,Member (2 months),,不明,,,1,37,0,2026-09-13 12:04,2026-09-13 12:04,,,https://www.youtube.com/channel/UCClcHdHzr9utJWCVbgRt-XA
UCQTSrZeAZhzLYXsXWUh9XpA,@suuchannyan96,2,2ヶ月,Member (2 months),,不明,,,1,1,0,2026-09-13 12:04,2026-09-13 12:04,,,https://www.youtube.com/channel/UCQTSrZeAZhzLYXsXWUh9XpA
UCZrswMLmKTFWctH3dvmj7jg,@Ami-shiii06,2,2ヶ月,Member (2 months),,不明,,,1,2,0,2026-09-13 12:04,2026-09-13 12:04,,,https://www.youtube.com/channel/UCZrswMLmKTFWctH3dvmj7jg
UCRPvu0i5gqfEkQsLr4-Jpzg,@bananaluca,2,2ヶ月,Member (2 months),,不明,,,1,3,0,2026-09-13 12:04,2026-09-13 12:04,,,https://www.youtube.com/channel/UCRPvu0i5gqfEkQsLr4-Jpzg
UC48UPWTxJUWXRmmVJEkv_2w,@Noananyo,2,2ヶ月,Member (2 months),,Vantacrew,再加入/レベル変更,,1,0,0,2026-09-13 12:04,2026-09-13 12:04,,,https://www.youtube.com/channel/UC48UPWTxJUWXRmmVJEkv_2w
UCzt-AJLLJffPT_sTbqIWF0g,@bigfatbeanits,2,2ヶ月,Member (2 months),2,Vantacrew,マイルストーン,,1,4,0,2026-09-16 12:31,2026-09-16 12:31,,,https://www.youtube.com/channel/UCzt-AJLLJffPT_sTbqIWF0g
UCycIO5pPWdQ9plcJee-4kyA,@Cullaby7,2,2ヶ月,Member (2 months),,不明,,,1,1,0,2026-09-23 13:08,2026-09-23 13:08,,,https://www.youtube.com/channel/UCycIO5pPWdQ9plcJee-4kyA
UCQnyzodVasIPQO0Zh9pvnFA,@ssweet.rreverie,2,2ヶ月,Member (2 months),,不明,,,1,10,0,2026-09-23 13:08,2026-09-23 13:08,,,https://www.youtube.com/channel/UCQnyzodVasIPQO0Zh9pvnFA
UCDpQhomrax7A3A6Iy6z7a2w,@yoko_the_moth,2,2ヶ月,Member (2 months),,Vantacrew,再加入/レベル変更,,1,0,0,2026-09-24 13:02,2026-09-24 13:02,,,https://www.youtube.com/channel/UCDpQhomrax7A3A6Iy6z7a2w
UCz_Yj0G6vDghIu6L4m0kvow,@yaminoverse,2,2ヶ月,Member (2 months),5,Vantacrew,マイルストーン,,1,62,1,2026-09-25 19:22,2026-09-25 19:22,,,https://www.youtube.com/channel/UCz_Yj0G6vDghIu6L4m0kvow
UCCRnPDnI-eXvb5-3y7fQJmQ,@Huiiiiiiw_961,2,2ヶ月,Member (2 months),,不明,,,1,2,0,2026-09-25 19:22,2026-09-25 19:22,,,https://www.youtube.com/channel/UCCRnPDnI-eXvb5-3y7fQJmQ
UCGq6gXV5Krjcx6TQmGB_rsA,@Pink_S4Lt,2,2ヶ月,Member (2 months),3,Vantacrew,マイルストーン,,1,16,0,2026-09-26 11:00,2026-09-26 11:00,,,https://www.youtube.com/channel/UCGq6gXV5Krjcx6TQmGB_rsA
UClp0-O-Nal8zK1meFY4wS4w,@DayumDahlia,2,2ヶ月,Member (2 months),,不明,,,1,1,0,2026-09-30 12:03,2026-09-30 12:03,,,https://www.youtube.com/channel/UClp0-O-Nal8zK1meFY4wS4w
UCyCQ1B9pzbOYhnl009NZ0mA,@malia-stella,2,2ヶ月,Member (2 months),,Vantacrew Archives,マイルストーン（2026-09-10）,,1,1,0,2026-10-05 12:06,2026-10-05 12:06,,,https://www.youtube.com/channel/UCyCQ1B9pzbOYhnl009NZ0mA
UCrTUw_1KG1XjC39By2uUgBg,@vantasleftpecmuscle,2,2ヶ月,Member (2 months),,不明,,,1,2,0,2026-10-05 12:06,2026-10-05 12:06,,,https://www.youtube.com/channel/UCrTUw_1KG1XjC39By2uUgBg
UCf5NCIY6R7SpRVPzCkFg7ww,@も.ち.き.ち,2,2ヶ月,Member (2 months),,不明,,,1,3,0,2026-10-05 12:06,2026-10-05 12:06,,,https://www.youtube.com/channel/UCf5NCIY6R7SpRVPzCkFg7ww
UC7eo_w8KfWcEJzn18c6nehg,@リアlia_vvv,2,2ヶ月,Member (2 months),,不明,,,1,1,0,2026-10-05 12:06,2026-10-05 12:06,,,https://www.youtube.com/channel/UC7eo_w8KfWcEJzn18c6nehg
UCGQgaLaXZ2Yv5yTwqSUB4dQ,@Wistaria-e7g,2,2ヶ月,Member (2 months),,不明,,,1,1,0,2026-10-05 12:06,2026-10-05 12:06,,,https://www.youtube.com/channel/UCGQgaLaXZ2Yv5yTwqSUB4dQ
UCDpMxap1c3KZD1p1lSn7buw,@meyeahl-hani,2,2ヶ月,Member (2 months),,不明,,,1,1,0,2026-10-05 12:06,2026-10-05 12:06,,,https://www.youtube.com/channel/UCDpMxap1c3KZD1p1lSn7buw
UCZAKSbjeZ22LWtB6I6oJj0w,@しーshi-c,2,2ヶ月,Member (2 months),,Vantacrew,ギフト,ギフトで加入,1,3,0,2026-10-05 12:06,2026-10-05 12:06,○,○,https://www.youtube.com/channel/UCZAKSbjeZ22LWtB6I6oJj0w
UCCPPNYLUfNXL8Z4XuranT2w,@つむた-n4h,2,2ヶ月,Member (2 months),,不明,,,1,2,0,2026-10-05 12:06,2026-10-05 12:06,,,https://www.youtube.com/channel/UCCPPNYLUfNXL8Z4XuranT2w
UCcEqLCeRdbJKmRS2e2W6wjQ,@Street.Samuraii,2,2ヶ月,Member (2 months),,不明,,,1,2,0,2026-10-07 13:06,2026-10-07 13:06,,,https://www.youtube.com/channel/UCcEqLCeRdbJKmRS2e2W6wjQ
UCFCB1CSRg4qjtDzeGt8QYLQ,@namidayo28,2,2ヶ月,Member (2 months),,Vantacrew,再加入/レベル変更,,1,11,0,2026-10-07 13:06,2026-10-07 13:06,,,https://www.youtube.com/channel/UCFCB1CSRg4qjtDzeGt8QYLQ
UCDhiQQDEcMD_juFs008sJdw,@honeybutterpls,1,1ヶ月,Member (1 month),1,Vantacrew Archives,マイルストーン,,9,105,1,2026-09-11 13:06,2026-09-30 12:03,,,https://www.youtube.com/channel/UCDhiQQDEcMD_juFs008sJdw
UCtXts5HOfOwhAEE1OrEEsQA,@ririnyan67,1,1ヶ月,Member (1 month),1,Vantacrew,マイルストーン,,8,43,0,2026-09-12 11:52,2026-10-08 13:41,,,https://www.youtube.com/channel/UCtXts5HOfOwhAEE1OrEEsQA
UChGa8xZ8bIGn7vNBLYdiuYg,@ちなみ_baspis,1,1ヶ月,Member (1 month),,不明,,,7,103,2,2026-09-12 11:52,2026-09-26 11:00,,,https://www.youtube.com/channel/UChGa8xZ8bIGn7vNBLYdiuYg
UC8bz2MnpzRULJ5Ge1HfN4aA,@tomatchan_토맛쨩,1,1ヶ月,Member (1 month),,不明,,,6,24,0,2026-09-12 11:52,2026-10-05 12:06,,,https://www.youtube.com/channel/UC8bz2MnpzRULJ5Ge1HfN4aA
UCmLyJMesnQX9LhdPZpF26xg,@sunlitspringflower7238,1,1ヶ月,Member (1 month),,不明,,,5,18,0,2026-09-11 13:06,2026-09-29 12:13,,,https://www.youtube.com/channel/UCmLyJMesnQX9LhdPZpF26xg
UCs4QmA_52zPWejSF3A_rmTQ,@BunnyTheSweet,1,1ヶ月,Member (1 month),,不明,,,5,77,0,2026-09-11 13:06,2026-10-08 13:41,,,https://www.youtube.com/channel/UCs4QmA_52zPWejSF3A_rmTQ
UCcpHqAhsmdrtPXMf6zdakaQ,@jadelysia,1,1ヶ月,Member (1 month),,不明,,,5,33,0,2026-09-12 11:52,2026-10-07 13:06,,,https://www.youtube.com/channel/UCcpHqAhsmdrtPXMf6zdakaQ
UCX7qw_yu3pJaHE_cR7QZSVQ,@riko_rimuu,1,1ヶ月,Member (1 month),1,Vantacrew,マイルストーン,,5,13,0,2026-09-13 12:04,2026-09-25 19:22,○,○,https://www.youtube.com/channel/UCX7qw_yu3pJaHE_cR7QZSVQ
UC8vUHMUu8i3LeHMCLp2wO1Q,@fasaize,1,1ヶ月,Member (1 month),,不明,,,5,60,0,2026-09-13 15:06,2026-10-05 12:06,,,https://www.youtube.com/channel/UC8vUHMUu8i3LeHMCLp2wO1Q
UC4FnFccqrVDXxFN8WKFMSaw,@FujoshiPanel,1,1ヶ月,Member (1 month),1,Vantacrew,マイルストーン,,4,21,0,2026-09-12 11:52,2026-09-29 12:13,,,https://www.youtube.com/channel/UC4FnFccqrVDXxFN8WKFMSaw
UCnxiJNRIODr5VR5FYVUJbKA,@Jacuxxi,1,1ヶ月,Member (1 month),,不明,,,4,102,0,2026-09-13 12:04,2026-10-07 13:06,,,https://www.youtube.com/channel/UCnxiJNRIODr5VR5FYVUJbKA
UCU3pR95IJMxE0mwejoK7mUg,@DreamyNini,1,1ヶ月,Member (1 month),,不明,,,3,4,0,2026-09-11 13:06,2026-09-14 10:00,,,https://www.youtube.com/channel/UCU3pR95IJMxE0mwejoK7mUg
UCL3970666vrzcO9ujHzlZ0g,@halehydraa,1,1ヶ月,Member (1 month),,Vantacrew,ギフト,ギフトで加入,2,10,0,2026-09-11 13:06,2026-09-25 19:22,○,○,https://www.youtube.com/channel/UCL3970666vrzcO9ujHzlZ0g
UCPK7Eym8hbVfZcH5dUTxpTA,@Helllo786,1,1ヶ月,Member (1 month),,不明,,,2,5,0,2026-09-25 19:22,2026-09-29 12:13,,,https://www.youtube.com/channel/UCPK7Eym8hbVfZcH5dUTxpTA
UCNIsy6hhbt-PZFaj3VMlf3A,@nagetrebusan7839,1,1ヶ月,Member (1 month),,不明,,,2,19,0,2026-09-30 12:03,2026-10-07 13:06,,,https://www.youtube.com/channel/UCNIsy6hhbt-PZFaj3VMlf3A
UCHxA22fcqT9JDU0DcpBW08A,@sophie_pie,1,1ヶ月,Member (1 month),,Vantacrew,新規加入,,2,16,0,2026-10-05 12:06,2026-10-07 13:06,○,,https://www.youtube.com/channel/UCHxA22fcqT9JDU0DcpBW08A
UCzlEisfKMfynpHmieH3wBBw,@n0rastine00,1,1ヶ月,Member (1 month),,不明,,,1,9,0,2026-09-11 13:06,2026-09-11 13:06,,,https://www.youtube.com/channel/UCzlEisfKMfynpHmieH3wBBw
UCr2anoQOO5jD_-fwUlLrSaA,@lightnablade,1,1ヶ月,Member (1 month),,Vantacrew,ギフト,ギフトで加入,1,7,0,2026-09-11 13:06,2026-09-11 13:06,○,○,https://www.youtube.com/channel/UCr2anoQOO5jD_-fwUlLrSaA
UCyb580duiqmbro0DVS0jqsQ,@pixelsnapping,1,1ヶ月,Member (1 month),,不明,,,1,98,0,2026-09-12 20:47,2026-09-12 20:47,,,https://www.youtube.com/channel/UCyb580duiqmbro0DVS0jqsQ
UCAfITJhFPfNONDt3IouZGFw,@softestapricot,1,1ヶ月,Member (1 month),,不明,,,1,4,0,2026-09-12 20:47,2026-09-12 20:47,,,https://www.youtube.com/channel/UCAfITJhFPfNONDt3IouZGFw
UCbrgyx9-905E3LbtNjxUBzg,@lisab6511,1,1ヶ月,Member (1 month),,不明,,,1,1,0,2026-09-13 12:04,2026-09-13 12:04,,,https://www.youtube.com/channel/UCbrgyx9-905E3LbtNjxUBzg
UCcBtMI-CzObcxJR6P6U3uag,@migouraeng,1,1ヶ月,Member (1 month),,不明,,,1,7,0,2026-09-13 12:04,2026-09-13 12:04,,,https://www.youtube.com/channel/UCcBtMI-CzObcxJR6P6U3uag
UC0QQrUs520ZrUzkHvsZW7wQ,@soubee_2348,1,1ヶ月,Member (1 month),,Vantacrew,新規加入,,1,2,0,2026-09-13 12:04,2026-09-13 12:04,○,,https://www.youtube.com/channel/UC0QQrUs520ZrUzkHvsZW7wQ
UCqViU6SnWnszlGsMgcAAWpw,@ImissKaelixwherethefuckareyouu,1,1ヶ月,Member (1 month),,不明,,,1,2,0,2026-09-14 10:00,2026-09-14 10:00,,,https://www.youtube.com/channel/UCqViU6SnWnszlGsMgcAAWpw
UCQ73k_rRTyqVsQDRm50w-Cw,@mittyyy0,1,1ヶ月,Member (1 month),,不明,,,1,1,0,2026-09-14 10:00,2026-09-14 10:00,,,https://www.youtube.com/channel/UCQ73k_rRTyqVsQDRm50w-Cw
UC-nM4m8rH_pPcELQDhwlGwA,@lilchriss5596,1,1ヶ月,Member (1 month),,不明,,,1,3,0,2026-09-16 12:31,2026-09-16 12:31,,,https://www.youtube.com/channel/UC-nM4m8rH_pPcELQDhwlGwA
UCFzGJW6GTjpB_tBPVaSfQdQ,@kalolxo9110,1,1ヶ月,Member (1 month),,不明,,,1,3,0,2026-09-23 13:08,2026-09-23 13:08,,,https://www.youtube.com/channel/UCFzGJW6GTjpB_tBPVaSfQdQ
UC1R1J1fPe9nCNP96M67Q8NQ,@you0-lay,1,1ヶ月,Member (1 month),,不明,,,1,5,0,2026-09-24 20:04,2026-09-24 20:04,,,https://www.youtube.com/channel/UC1R1J1fPe9nCNP96M67Q8NQ
UCCVnh0PezR2HIynMmQvfx9g,@khlo_3,1,1ヶ月,Member (1 month),,不明,,,1,1,0,2026-09-26 11:00,2026-09-26 11:00,,,https://www.youtube.com/channel/UCCVnh0PezR2HIynMmQvfx9g
UCAE0m2Sb7j7YImm_5kyxvow,@Vcosmic.LavaX1,1,1ヶ月,Member (1 month),,Vantacrew Archives,新規加入,,1,13,0,2026-09-26 12:12,2026-09-26 12:12,○,,https://www.youtube.com/channel/UCAE0m2Sb7j7YImm_5kyxvow
UCldOZHztEiiEEEnGbyU0vPw,@aranarania,1,1ヶ月,Member (1 month),,Vantacrew,ギフト,ギフトで加入,1,14,0,2026-09-29 12:13,2026-09-29 12:13,○,○,https://www.youtube.com/channel/UCldOZHztEiiEEEnGbyU0vPw
UC1L_FLFLIUibWS0FxFQW-tA,@Wriomine,1,1ヶ月,Member (1 month),,Vantacrew,新規加入,,1,12,0,2026-09-29 12:13,2026-09-29 12:13,○,,https://www.youtube.com/channel/UC1L_FLFLIUibWS0FxFQW-tA
UCkVYLARH2889GbrGJa-WeKQ,@ymnlxm,1,1ヶ月,Member (1 month),,Vantacrew,新規加入,,1,0,0,2026-09-30 12:03,2026-09-30 12:03,○,,https://www.youtube.com/channel/UCkVYLARH2889GbrGJa-WeKQ
UCGyCbgJU3_7K4NGUGJ4tOKg,@azulmv,1,1ヶ月,Member (1 month),,Vantacrew Archives,新規加入,,1,0,0,2026-09-30 12:03,2026-09-30 12:03,○,,https://www.youtube.com/channel/UCGyCbgJU3_7K4NGUGJ4tOKg
UCAmZBkO9A4ivgLut8oGYe_g,@wuvkatsu,1,1ヶ月,Member (1 month),,Vantacrew,新規加入,,1,0,0,2026-09-30 12:03,2026-09-30 12:03,○,,https://www.youtube.com/channel/UCAmZBkO9A4ivgLut8oGYe_g
UCh_LZthE47gzoQAYbRFtNkw,@A.myth1c,1,1ヶ月,Member (1 month),,不明,,,1,2,0,2026-10-01 12:17,2026-10-01 12:17,,,https://www.youtube.com/channel/UCh_LZthE47gzoQAYbRFtNkw
UCOyTJVl8DSU5ELKFJhJ9AwA,@Aetherius.mp3,1,1ヶ月,Member (1 month),1,Vantacrew,マイルストーン,,1,0,0,2026-10-05 12:06,2026-10-05 12:06,,,https://www.youtube.com/channel/UCOyTJVl8DSU5ELKFJhJ9AwA
UCCft-Y49ZrL9TgPpXOZashA,@code_ove,1,1ヶ月,Member (1 month),,Vantacrew,新規加入,,1,0,0,2026-10-07 13:06,2026-10-07 13:06,○,,https://www.youtube.com/channel/UCCft-Y49ZrL9TgPpXOZashA
UCMGMLW81xh7Du-TlY2NDdYg,@xanniey2k,0,新規(1ヶ月未満),New member,,不明,,,11,28,0,2026-09-11 13:06,2026-09-29 12:13,,,https://www.youtube.com/channel/UCMGMLW81xh7Du-TlY2NDdYg
UC2Y7ZGxdAa6vtoEX2p0mCzQ,@aruaru-09,0,新規(1ヶ月未満),New member,,Vantacrew,新規加入,,11,199,1,2026-09-23 13:08,2026-10-08 13:41,○,,https://www.youtube.com/channel/UC2Y7ZGxdAa6vtoEX2p0mCzQ
UCPdNhsby7W5wY6RJ8-Bxq_g,@mariqnya,0,新規(1ヶ月未満),New member,,Vantacrew,新規加入,,10,397,0,2026-09-13 12:04,2026-10-07 13:06,○,,https://www.youtube.com/channel/UCPdNhsby7W5wY6RJ8-Bxq_g
UCbryPE6sk0jFeug3m7WRYHA,@angelic-n2w,0,新規(1ヶ月未満),New member,,Vantacrew,新規加入,,7,163,0,2026-09-11 13:06,2026-10-01 12:17,○,,https://www.youtube.com/channel/UCbryPE6sk0jFeug3m7WRYHA
UCfQuWpapAwKqbJG3uT8oZtw,@manukai_life,0,新規(1ヶ月未満),New member,,不明,,,6,56,0,2026-09-12 16:03,2026-10-07 13:06,,,https://www.youtube.com/channel/UCfQuWpapAwKqbJG3uT8oZtw
UCwHghzxvfYHdBdGfnQU4gxQ,@Yuki_System-d5l,0,新規(1ヶ月未満),New member,,Vantacrew Archives,新規加入（2026-09-10）,,5,9,0,2026-09-11 13:06,2026-10-07 13:06,,,https://www.youtube.com/channel/UCwHghzxvfYHdBdGfnQU4gxQ
UCRG6nZKZpnP1Q8wYlZ7aLyQ,@rizavi_reika,0,新規(1ヶ月未満),New member,,不明,,,5,92,0,2026-09-11 13:06,2026-09-30 12:03,,,https://www.youtube.com/channel/UCRG6nZKZpnP1Q8wYlZ7aLyQ
UCekY2B8d-I8FyEfsoHCBtNw,@deceive_neko,0,新規(1ヶ月未満),New member,,不明,,,5,27,0,2026-09-13 12:04,2026-10-05 12:06,,,https://www.youtube.com/channel/UCekY2B8d-I8FyEfsoHCBtNw
UCnrBGg9GtltcU9dGeSSOHPw,@MaxTheClownYEET,0,新規(1ヶ月未満),New member,,不明,,,5,142,0,2026-09-16 12:31,2026-10-08 13:41,,,https://www.youtube.com/channel/UCnrBGg9GtltcU9dGeSSOHPw
UCy3kLPQAoubwPLR803COB7w,@gwen_012,0,新規(1ヶ月未満),New member,,Vantacrew,新規加入,,5,42,0,2026-09-26 12:12,2026-10-08 13:41,○,,https://www.youtube.com/channel/UCy3kLPQAoubwPLR803COB7w
UCWpfg_jEi9535QsqIMlikfA,@quiteFrankee,0,新規(1ヶ月未満),New member,,Vantacrew Archives,新規加入,,4,359,2,2026-09-13 12:04,2026-10-07 13:06,○,,https://www.youtube.com/channel/UCWpfg_jEi9535QsqIMlikfA
UCee69uCWR9Iwev470P0waFw,@Nivaleoleo,0,新規(1ヶ月未満),New member,,Vantacrew,新規加入,,4,7,0,2026-09-13 12:04,2026-09-26 11:00,○,,https://www.youtube.com/channel/UCee69uCWR9Iwev470P0waFw
UCKZxnYvoOuqr4MTdVwpPxXg,@takashiyuen,0,新規(1ヶ月未満),New member,,Vantacrew,新規加入,,4,18,0,2026-09-26 11:00,2026-10-07 13:06,○,,https://www.youtube.com/channel/UCKZxnYvoOuqr4MTdVwpPxXg
UCP2mV3UdD7ezsKOzmcyNt4w,@choco0127_派兒,0,新規(1ヶ月未満),New member,,Vantacrew Archives,新規加入,,4,13,0,2026-09-29 12:13,2026-10-07 13:06,○,,https://www.youtube.com/channel/UCP2mV3UdD7ezsKOzmcyNt4w
UCD9dus4HgOzMGjVRha9XjtQ,@skymallow,0,新規(1ヶ月未満),New member,,不明,,,4,109,0,2026-09-30 12:03,2026-10-07 13:06,,,https://www.youtube.com/channel/UCD9dus4HgOzMGjVRha9XjtQ
UCwXxlx8sQ4w6VoE-EapHUGQ,@Remo-p3v,0,新規(1ヶ月未満),New member,,不明,,,3,4,0,2026-09-12 11:52,2026-09-13 15:06,,,https://www.youtube.com/channel/UCwXxlx8sQ4w6VoE-EapHUGQ
UCssctK7OWfY4yDtEFiwkNXQ,@Zuko-o4z,0,新規(1ヶ月未満),New member,,不明,,,3,28,0,2026-09-13 12:04,2026-09-26 12:12,,,https://www.youtube.com/channel/UCssctK7OWfY4yDtEFiwkNXQ
UC7NJSZhzugehjK_fKyOkkDw,@ccministry,0,新規(1ヶ月未満),New member,,不明,,,3,11,0,2026-09-13 12:04,2026-09-29 12:13,,,https://www.youtube.com/channel/UC7NJSZhzugehjK_fKyOkkDw
UC1fhYOTxCVEPuOP0sTvPTQA,@AimmyAPT,0,新規(1ヶ月未満),New member,,Vantacrew,新規加入,,3,51,0,2026-09-16 12:31,2026-10-05 12:06,○,,https://www.youtube.com/channel/UC1fhYOTxCVEPuOP0sTvPTQA
UCNVOud3wWyY51q4_p9iDviQ,@loopyme,0,新規(1ヶ月未満),New member,,Vantacrew,新規加入,,3,15,0,2026-09-24 20:04,2026-09-29 12:13,○,,https://www.youtube.com/channel/UCNVOud3wWyY51q4_p9iDviQ
UC1TxSUZggHVuEN6zHrr4VrA,@ティー_limezest,0,新規(1ヶ月未満),New member,,不明,,,3,15,0,2026-09-26 12:12,2026-10-05 12:06,,,https://www.youtube.com/channel/UC1TxSUZggHVuEN6zHrr4VrA
UCBqZbpLyeAS6PBuE0uMon-w,@cosmiicoffee,0,新規(1ヶ月未満),New member,,不明,,,3,19,0,2026-09-30 12:03,2026-10-07 13:06,,,https://www.youtube.com/channel/UCBqZbpLyeAS6PBuE0uMon-w
UCYYIiD5Spdy7TY9yq_KQyKg,@kokonutz.z,0,新規(1ヶ月未満),New member,,Vantacrew,新規加入,,3,13,0,2026-09-30 12:03,2026-10-07 13:06,○,,https://www.youtube.com/channel/UCYYIiD5Spdy7TY9yq_KQyKg
UC5VGGPt6S9O9vjntgl207yQ,@mintfrcppc3376,0,新規(1ヶ月未満),New member,,Vantacrew,新規加入（2026-09-10）,,2,15,0,2026-09-11 13:06,2026-10-08 13:41,,,https://www.youtube.com/channel/UC5VGGPt6S9O9vjntgl207yQ
UCgQy8gyjA1YMeUnWhzONGhw,@sleepiikoi,0,新規(1ヶ月未満),New member,,Vantacrew,新規加入（2026-09-10）,,2,12,0,2026-09-12 16:03,2026-09-14 10:00,,,https://www.youtube.com/channel/UCgQy8gyjA1YMeUnWhzONGhw
UC9oJVZywZ_HPWgnIlIVa01A,@nightsky811,0,新規(1ヶ月未満),New member,,Vantacrew,新規加入,,2,15,1,2026-09-13 12:04,2026-09-13 15:06,○,,https://www.youtube.com/channel/UC9oJVZywZ_HPWgnIlIVa01A
UCpd6-RgKrVIdGCaE2V06rmg,@SarahQuiambao_FeralMaid,0,新規(1ヶ月未満),New member,,不明,,,2,5,0,2026-09-13 12:04,2026-09-16 12:31,,,https://www.youtube.com/channel/UCpd6-RgKrVIdGCaE2V06rmg
UCQK-8E1gvVoAC0Riirce0xA,@SimpleHeir,0,新規(1ヶ月未満),New member,,Vantacrew,新規加入,,2,0,0,2026-09-13 12:04,2026-09-13 15:06,○,,https://www.youtube.com/channel/UCQK-8E1gvVoAC0Riirce0xA
UCgg5NJ1FsgaZpPZAUH8bYAQ,@BuckleyDiaz20,0,新規(1ヶ月未満),New member,,Vantacrew,ギフト,ギフトで加入,2,2,0,2026-09-13 15:06,2026-09-26 12:12,○,○,https://www.youtube.com/channel/UCgg5NJ1FsgaZpPZAUH8bYAQ
UCrj0tP_XvyY7Lv2I3_2j17g,@fujoshitill,0,新規(1ヶ月未満),New member,,Vantacrew Archives,新規加入（2026-09-10）,,2,49,0,2026-09-23 13:08,2026-09-26 11:00,,,https://www.youtube.com/channel/UCrj0tP_XvyY7Lv2I3_2j17g
UCXdkdkF3N23iSRoggB_dGCQ,@taxinotdriver,0,新規(1ヶ月未満),New member,,不明,,,2,50,0,2026-09-23 13:08,2026-09-25 19:22,,,https://www.youtube.com/channel/UCXdkdkF3N23iSRoggB_dGCQ
UCwpNXicyYw3QCE1oFxr1xsA,@ruuruu666,0,新規(1ヶ月未満),New member,,Vantacrew Archives,新規加入,,2,10,0,2026-09-26 11:00,2026-09-29 12:13,○,,https://www.youtube.com/channel/UCwpNXicyYw3QCE1oFxr1xsA
UCR5HIT73l5x8KCochv7Xmiw,@ともすけ-tomosuke,0,新規(1ヶ月未満),New member,,Vantacrew,ギフト,ギフトで加入,2,2,0,2026-09-26 11:00,2026-10-05 12:06,○,○,https://www.youtube.com/channel/UCR5HIT73l5x8KCochv7Xmiw
UCuGWuKz2TspIvvx8_dWqQaQ,@sky_lover666,0,新規(1ヶ月未満),New member,,Vantacrew,ギフト,ギフトで加入,2,4,0,2026-09-26 12:12,2026-09-30 12:03,○,○,https://www.youtube.com/channel/UCuGWuKz2TspIvvx8_dWqQaQ
UCUAV5cd5M8XyLtKcuRF3olQ,@yww_07527,0,新規(1ヶ月未満),New member,,Vantacrew,ギフト,ギフトで加入,2,1,0,2026-09-26 12:12,2026-09-29 12:13,○,○,https://www.youtube.com/channel/UCUAV5cd5M8XyLtKcuRF3olQ
UCZmmQ6nzwgSXps9T39426uw,@gummypy,0,新規(1ヶ月未満),New member,,Vantacrew,ギフト,ギフトで加入,2,2,0,2026-09-29 12:13,2026-10-07 13:06,○,○,https://www.youtube.com/channel/UCZmmQ6nzwgSXps9T39426uw
UCJpZj9-MpClGoevU7FB9zxw,@deanamarie7665,0,新規(1ヶ月未満),New member,,不明,,,2,3,0,2026-09-30 12:03,2026-10-05 12:06,,,https://www.youtube.com/channel/UCJpZj9-MpClGoevU7FB9zxw
UCIdOvWZlvNIcxK3OoNn1EEA,@Meeka_mookay,0,新規(1ヶ月未満),New member,,Vantacrew,新規加入,,2,138,0,2026-09-30 12:03,2026-10-07 13:06,○,,https://www.youtube.com/channel/UCIdOvWZlvNIcxK3OoNn1EEA
UCGQWKVj0O_PtUa5uXQQQuug,@柒兔ななうさ,0,新規(1ヶ月未満),New member,,不明,,,2,3,0,2026-10-05 12:06,2026-10-08 13:41,,,https://www.youtube.com/channel/UCGQWKVj0O_PtUa5uXQQQuug
UC_z7ua--tuFRHg85I36OLzg,@quafk_inc,0,新規(1ヶ月未満),New member,,Vantacrew Archives,新規加入,,1,1,0,2026-09-11 13:06,2026-09-11 13:06,○,,https://www.youtube.com/channel/UC_z7ua--tuFRHg85I36OLzg
UC6ZQIZ7J0JFPXD7dc-fSPDA,@Arseniscs,0,新規(1ヶ月未満),New member,,Vantacrew,ギフト,ギフトで加入,1,33,0,2026-09-11 13:06,2026-09-11 13:06,○,○,https://www.youtube.com/channel/UC6ZQIZ7J0JFPXD7dc-fSPDA
UCAao1x9zBfIRJR2_2xPTctA,@Shimanagae_0112,0,新規(1ヶ月未満),New member,,不明,,,1,2,0,2026-09-11 13:06,2026-09-11 13:06,,,https://www.youtube.com/channel/UCAao1x9zBfIRJR2_2xPTctA
UCr7WDpsVj5YH0avTohFTbCg,@idratherlivefreetofail,0,新規(1ヶ月未満),New member,,不明,,,1,1,0,2026-09-11 13:06,2026-09-11 13:06,,,https://www.youtube.com/channel/UCr7WDpsVj5YH0avTohFTbCg
UChO-5380jwZKiZmvtOJO1yA,@Emi_Bun,0,新規(1ヶ月未満),,,Vantacrew,ギフト,ギフトで加入,1,0,0,2026-09-11 13:06,2026-09-11 13:06,○,○,https://www.youtube.com/channel/UChO-5380jwZKiZmvtOJO1yA
UCS1_shvAWDV6q0p8Jw2cKMg,@Akio.Tadakashi,0,新規(1ヶ月未満),,,Vantacrew,ギフト,ギフトで加入,1,0,0,2026-09-11 13:06,2026-09-11 13:06,○,○,https://www.youtube.com/channel/UCS1_shvAWDV6q0p8Jw2cKMg
UCGvZgD3d--UU3ebcd4xfZJA,@sora_ouo,0,新規(1ヶ月未満),,,Vantacrew,ギフト,ギフトで加入,1,0,0,2026-09-11 13:06,2026-09-11 13:06,○,○,https://www.youtube.com/channel/UCGvZgD3d--UU3ebcd4xfZJA
UC0rrCswyTwBl1kZyl9jtDeQ,@uokeicom,0,新規(1ヶ月未満),,,Vantacrew,ギフト,ギフトで加入,1,0,0,2026-09-11 13:06,2026-09-11 13:06,○,○,https://www.youtube.com/channel/UC0rrCswyTwBl1kZyl9jtDeQ
UCsJp7bqEsCsy0DI-00XzAEA,@pepepechii,0,新規(1ヶ月未満),,,Vantacrew,ギフト,ギフトで加入,1,0,0,2026-09-11 13:06,2026-09-11 13:06,○,○,https://www.youtube.com/channel/UCsJp7bqEsCsy0DI-00XzAEA
UC2e2ixvzXpFV0R_meVZf5SA,@emocorexx,0,新規(1ヶ月未満),,,Vantacrew,ギフト,ギフトで加入,1,0,0,2026-09-11 13:06,2026-09-11 13:06,○,○,https://www.youtube.com/channel/UC2e2ixvzXpFV0R_meVZf5SA
UCv7bmk7xZpw7z_l4u-rKEkg,@いのり_O84x,0,新規(1ヶ月未満),,,Vantacrew,ギフト,ギフトで加入,1,0,0,2026-09-12 11:52,2026-09-12 11:52,○,○,https://www.youtube.com/channel/UCv7bmk7xZpw7z_l4u-rKEkg
UCGoaOSd-PDM87_h44fXWpfQ,@nyamhi,0,新規(1ヶ月未満),New member,,Vantacrew,新規加入,,1,0,0,2026-09-12 11:52,2026-09-12 11:52,○,,https://www.youtube.com/channel/UCGoaOSd-PDM87_h44fXWpfQ
UCaLSl0NzMVVvvQPP9Wdx8mA,@Shouyu-q7k,0,新規(1ヶ月未満),,,Vantacrew,ギフト,ギフトで加入,1,0,0,2026-09-12 16:03,2026-09-12 16:03,○,○,https://www.youtube.com/channel/UCaLSl0NzMVVvvQPP9Wdx8mA
UCEI2WU81mtHjviJNOAcaVVg,@SicklySweetMandy,0,新規(1ヶ月未満),,,Vantacrew,ギフト,ギフトで加入,1,0,0,2026-09-12 16:03,2026-09-12 16:03,○,○,https://www.youtube.com/channel/UCEI2WU81mtHjviJNOAcaVVg
UC26-ozIkTM7vPDA-3ph1v2g,@Furina-s2u,0,新規(1ヶ月未満),New member,,不明,,,1,1,0,2026-09-12 20:47,2026-09-12 20:47,,,https://www.youtube.com/channel/UC26-ozIkTM7vPDA-3ph1v2g
UCd_dPxxBBXM5DK-2duHfmgA,@mylenkun,0,新規(1ヶ月未満),,,Vantacrew,ギフト,ギフトで加入,1,0,0,2026-09-12 20:47,2026-09-12 20:47,○,○,https://www.youtube.com/channel/UCd_dPxxBBXM5DK-2duHfmgA
UCbDLPrnuKaZloDe4N6Wk6sQ,@AnteiEldamir,0,新規(1ヶ月未満),,,Vantacrew,ギフト,ギフトで加入,1,0,0,2026-09-12 20:47,2026-09-12 20:47,○,○,https://www.youtube.com/channel/UCbDLPrnuKaZloDe4N6Wk6sQ
UCeWnagQZ4_OC0VNsTIUzthg,@Pandale10,0,新規(1ヶ月未満),New member,,不明,,,1,45,0,2026-09-13 12:04,2026-09-13 12:04,,,https://www.youtube.com/channel/UCeWnagQZ4_OC0VNsTIUzthg
UC6diHC4xu4uOZww0QVlrtVA,@Sh1r0_2,0,新規(1ヶ月未満),New member,,不明,,,1,10,0,2026-09-13 12:04,2026-09-13 12:04,,,https://www.youtube.com/channel/UC6diHC4xu4uOZww0QVlrtVA
UCQHNekkHu3i2_yO6Z-bDVZA,@dainama0225,0,新規(1ヶ月未満),,,Vantacrew,ギフト,ギフトで加入,1,0,0,2026-09-13 12:04,2026-09-13 12:04,○,○,https://www.youtube.com/channel/UCQHNekkHu3i2_yO6Z-bDVZA
UCx9pb4fRiBy3eJTO_a4C5gg,@dp_takumin_qb,0,新規(1ヶ月未満),,,Vantacrew,ギフト,ギフトで加入,1,0,0,2026-09-13 12:04,2026-09-13 12:04,○,○,https://www.youtube.com/channel/UCx9pb4fRiBy3eJTO_a4C5gg
UClZ-iRADdhna5mQiQ_Ef93A,@Mixzear,0,新規(1ヶ月未満),,,Vantacrew,ギフト,ギフトで加入,1,0,0,2026-09-13 12:04,2026-09-13 12:04,○,○,https://www.youtube.com/channel/UClZ-iRADdhna5mQiQ_Ef93A
UC5dSuVMPsZ2uepuPj8Ekkzg,@vivi60535,0,新規(1ヶ月未満),,,Vantacrew,ギフト,ギフトで加入,1,0,0,2026-09-13 12:04,2026-09-13 12:04,○,○,https://www.youtube.com/channel/UC5dSuVMPsZ2uepuPj8Ekkzg
UCvG1hR-dU7kCMe2_QLBqOaA,@kaman_w8766,0,新規(1ヶ月未満),,,Vantacrew,ギフト,ギフトで加入,1,0,0,2026-09-13 12:04,2026-09-13 12:04,○,○,https://www.youtube.com/channel/UCvG1hR-dU7kCMe2_QLBqOaA
UCSGkGJGg2h7bwYjd5MG7PPQ,@anikidote,0,新規(1ヶ月未満),,,Vantacrew,ギフト,ギフトで加入,1,0,0,2026-09-13 12:04,2026-09-13 12:04,○,○,https://www.youtube.com/channel/UCSGkGJGg2h7bwYjd5MG7PPQ
UCY-thKX916YvQW9WtczcbyA,@laussiewithal1431,0,新規(1ヶ月未満),New member,,不明,,,1,2,0,2026-09-13 15:06,2026-09-13 15:06,,,https://www.youtube.com/channel/UCY-thKX916YvQW9WtczcbyA
UCCNV3jPc2IpJMn34VP0o61w,@willysrighgtoehaircellclump,0,新規(1ヶ月未満),New member,,不明,,,1,1,0,2026-09-13 15:06,2026-09-13 15:06,,,https://www.youtube.com/channel/UCCNV3jPc2IpJMn34VP0o61w
UCeX541kts77oyOH_Fxg-m3g,@hegdeoflife,0,新規(1ヶ月未満),,,Vantacrew,ギフト,ギフトで加入,1,0,0,2026-09-13 15:06,2026-09-13 15:06,○,○,https://www.youtube.com/channel/UCeX541kts77oyOH_Fxg-m3g
UCQMs3CxRzCqMPXslir-pMZQ,@Butternbut,0,新規(1ヶ月未満),,,Vantacrew,ギフト,ギフトで加入,1,0,0,2026-09-13 15:06,2026-09-13 15:06,○,○,https://www.youtube.com/channel/UCQMs3CxRzCqMPXslir-pMZQ
UC-TSua0vSdEABRAWFYuu1gA,@David-hi3hs,0,新規(1ヶ月未満),,,Vantacrew,ギフト,ギフトで加入,1,0,0,2026-09-13 15:06,2026-09-13 15:06,○,○,https://www.youtube.com/channel/UC-TSua0vSdEABRAWFYuu1gA
UC0DyWnIe9YOf20LJrZPf8sg,@Lee-mp6yc,0,新規(1ヶ月未満),,,Vantacrew,ギフト,ギフトで加入,1,0,0,2026-09-13 15:06,2026-09-13 15:06,○,○,https://www.youtube.com/channel/UC0DyWnIe9YOf20LJrZPf8sg
UCj9cdWHJ3HCHoQm6AHly1lw,@chqrlotte,0,新規(1ヶ月未満),New member,,不明,,,1,1,0,2026-09-14 10:00,2026-09-14 10:00,,,https://www.youtube.com/channel/UCj9cdWHJ3HCHoQm6AHly1lw
UCDtwE3PMKGcsulzde6JjPrQ,@冰夜-冫水夜,0,新規(1ヶ月未満),,,Vantacrew,ギフト,ギフトで加入,1,0,0,2026-09-16 12:31,2026-09-16 12:31,○,○,https://www.youtube.com/channel/UCDtwE3PMKGcsulzde6JjPrQ
UCYlyP4mCd_ly__5s9VwtQgw,@gemmmmmmmm,0,新規(1ヶ月未満),,,Vantacrew,ギフト,ギフトで加入,1,0,0,2026-09-16 12:31,2026-09-16 12:31,○,○,https://www.youtube.com/channel/UCYlyP4mCd_ly__5s9VwtQgw
UCMKEv0UqPkRfSeavlu0FZZA,@やのなつめ,0,新規(1ヶ月未満),,,Vantacrew,ギフト,ギフトで加入,1,0,0,2026-09-16 12:31,2026-09-16 12:31,○,○,https://www.youtube.com/channel/UCMKEv0UqPkRfSeavlu0FZZA
UCI5mUxsuAVpcARg1n6GacGA,@qoqokiwi,0,新規(1ヶ月未満),,,Vantacrew,ギフト,ギフトで加入,1,0,0,2026-09-16 12:31,2026-09-16 12:31,○,○,https://www.youtube.com/channel/UCI5mUxsuAVpcARg1n6GacGA
UCtiwoo1-W4aB3t9q7DgxB7w,@サケ-b5o,0,新規(1ヶ月未満),,,Vantacrew,ギフト,ギフトで加入,1,0,0,2026-09-16 12:31,2026-09-16 12:31,○,○,https://www.youtube.com/channel/UCtiwoo1-W4aB3t9q7DgxB7w
UCkUdVrcoaTECl90DTp2y-9A,@Sasasasaeiei,0,新規(1ヶ月未満),,,Vantacrew,ギフト,ギフトで加入,1,0,0,2026-09-16 12:31,2026-09-16 12:31,○,○,https://www.youtube.com/channel/UCkUdVrcoaTECl90DTp2y-9A
UChPmV1XaOcfsHWew5VRDviA,@蛋蛋-f1d,0,新規(1ヶ月未満),,,Vantacrew,ギフト,ギフトで加入,1,0,0,2026-09-16 12:31,2026-09-16 12:31,○,○,https://www.youtube.com/channel/UChPmV1XaOcfsHWew5VRDviA
UCyQ0D-ZKGaCIFDuMImcVzaw,@김좡징,0,新規(1ヶ月未満),,,Vantacrew,ギフト,ギフトで加入,1,0,0,2026-09-16 12:31,2026-09-16 12:31,○,○,https://www.youtube.com/channel/UCyQ0D-ZKGaCIFDuMImcVzaw
UCbfmTPPw3fCAnh8w2-HYh2w,@soulwaskilled,0,新規(1ヶ月未満),New member,,Vantacrew,ギフト,ギフトで加入,1,9,0,2026-09-23 13:08,2026-09-23 13:08,○,○,https://www.youtube.com/channel/UCbfmTPPw3fCAnh8w2-HYh2w
UC7qS60AKZalcd6yYuVXqHaQ,@mofu7257,0,新規(1ヶ月未満),,,Vantacrew,ギフト,ギフトで加入,1,0,0,2026-09-23 13:08,2026-09-23 13:08,○,○,https://www.youtube.com/channel/UC7qS60AKZalcd6yYuVXqHaQ
UCWJkU3RE4x0XQDnhV8U20LA,@だるま-j7u,0,新規(1ヶ月未満),,,Vantacrew,ギフト,ギフトで加入,1,0,0,2026-09-23 13:08,2026-09-23 13:08,○,○,https://www.youtube.com/channel/UCWJkU3RE4x0XQDnhV8U20LA
UCi8YkQTdajyxkAHg1D8r0mg,@vicblade,0,新規(1ヶ月未満),,,Vantacrew,ギフト,ギフトで加入,1,0,0,2026-09-23 13:08,2026-09-23 13:08,○,○,https://www.youtube.com/channel/UCi8YkQTdajyxkAHg1D8r0mg
UCA8zIr-Eea1VlRDqkmVXQaw,@eturannyou-p7d,0,新規(1ヶ月未満),,,Vantacrew,ギフト,ギフトで加入,1,0,0,2026-09-23 13:08,2026-09-23 13:08,○,○,https://www.youtube.com/channel/UCA8zIr-Eea1VlRDqkmVXQaw
UCcwVPCoyuGuhdY6q7Mgi-yg,@la_freyr,0,新規(1ヶ月未満),New member,,不明,,,1,7,1,2026-09-24 13:02,2026-09-24 13:02,,,https://www.youtube.com/channel/UCcwVPCoyuGuhdY6q7Mgi-yg
UCXW73iT7cemjSjIh32RuUiA,@konbeani,0,新規(1ヶ月未満),,,Vantacrew,ギフト,ギフトで加入,1,0,0,2026-09-24 13:02,2026-09-24 13:02,○,○,https://www.youtube.com/channel/UCXW73iT7cemjSjIh32RuUiA
UCYGIUpbHIGpT7S6KnWWGtsQ,@user-pu3vc5ri8w,0,新規(1ヶ月未満),,,Vantacrew,ギフト,ギフトで加入,1,0,0,2026-09-24 13:02,2026-09-24 13:02,○,○,https://www.youtube.com/channel/UCYGIUpbHIGpT7S6KnWWGtsQ
UCWqraD4v-zxezmiAko9D_Cg,@14_love222,0,新規(1ヶ月未満),,,Vantacrew,ギフト,ギフトで加入,1,0,0,2026-09-24 13:02,2026-09-24 13:02,○,○,https://www.youtube.com/channel/UCWqraD4v-zxezmiAko9D_Cg
UCSN2hKFHJw6PKKmLhHomKKA,@wateriri,0,新規(1ヶ月未満),,,Vantacrew,ギフト,ギフトで加入,1,0,0,2026-09-24 13:02,2026-09-24 13:02,○,○,https://www.youtube.com/channel/UCSN2hKFHJw6PKKmLhHomKKA
UCw6J6IbegR2i8UKNacSuYgA,@Wen-p9p,0,新規(1ヶ月未満),,,Vantacrew,ギフト,ギフトで加入,1,0,0,2026-09-24 13:02,2026-09-24 13:02,○,○,https://www.youtube.com/channel/UCw6J6IbegR2i8UKNacSuYgA
UCvN4TI4EBAfYh_iMzfwtpwQ,@Tori-221xx,0,新規(1ヶ月未満),,,Vantacrew,ギフト,ギフトで加入,1,0,0,2026-09-26 11:00,2026-09-26 11:00,○,○,https://www.youtube.com/channel/UCvN4TI4EBAfYh_iMzfwtpwQ
UCpF0DI6hDA1m4mNQKKCfWcA,@teokbokkie,0,新規(1ヶ月未満),,,Vantacrew,ギフト,ギフトで加入,1,0,0,2026-09-26 11:00,2026-09-26 11:00,○,○,https://www.youtube.com/channel/UCpF0DI6hDA1m4mNQKKCfWcA
UC-kT40-yMdEaj7-Ck8V_wtw,@chocochipzmustache,0,新規(1ヶ月未満),,,Vantacrew,ギフト,ギフトで加入,1,0,0,2026-09-26 11:00,2026-09-26 11:00,○,○,https://www.youtube.com/channel/UC-kT40-yMdEaj7-Ck8V_wtw
UCkqsZ2HOLoucso7JSwSCbiw,@livingc0rsp3,0,新規(1ヶ月未満),,,Vantacrew,ギフト,ギフトで加入,1,0,0,2026-09-26 11:00,2026-09-26 11:00,○,○,https://www.youtube.com/channel/UCkqsZ2HOLoucso7JSwSCbiw
UCQYDHT1tYXF2i3S1OObH_ig,@mochimochi4808,0,新規(1ヶ月未満),,,Vantacrew,ギフト,ギフトで加入,1,0,0,2026-09-26 11:00,2026-09-26 11:00,○,○,https://www.youtube.com/channel/UCQYDHT1tYXF2i3S1OObH_ig
UC2jjhoGzHX_aFsZEIXcFZjg,@Chamimarudesuyo,0,新規(1ヶ月未満),,,Vantacrew,ギフト,ギフトで加入,1,0,0,2026-09-26 11:00,2026-09-26 11:00,○,○,https://www.youtube.com/channel/UC2jjhoGzHX_aFsZEIXcFZjg
UCYbaYI5rFVakiEV8KhGVW6A,@yuuuetong,0,新規(1ヶ月未満),,,Vantacrew,ギフト,ギフトで加入,1,0,0,2026-09-26 11:00,2026-09-26 11:00,○,○,https://www.youtube.com/channel/UCYbaYI5rFVakiEV8KhGVW6A
UC2IpR6SbqPdzBZriNSEPgbg,@6alebs,0,新規(1ヶ月未満),,,Vantacrew,ギフト,ギフトで加入,1,0,0,2026-09-26 11:00,2026-09-26 11:00,○,○,https://www.youtube.com/channel/UC2IpR6SbqPdzBZriNSEPgbg
UCaOoQlbq1rXdhvv1bbdo_fQ,@strwbrryxion,0,新規(1ヶ月未満),,,Vantacrew,ギフト,ギフトで加入,1,0,0,2026-09-26 11:00,2026-09-26 11:00,○,○,https://www.youtube.com/channel/UCaOoQlbq1rXdhvv1bbdo_fQ
UCim-pjqZL6s1GKvmIY-K7FA,@阿兒-q7i,0,新規(1ヶ月未満),,,Vantacrew,ギフト,ギフトで加入,1,0,0,2026-09-26 11:00,2026-09-26 11:00,○,○,https://www.youtube.com/channel/UCim-pjqZL6s1GKvmIY-K7FA
UCjnmvXIlXMsFzXfYII4Ku3g,@xiushujin,0,新規(1ヶ月未満),,,Vantacrew,ギフト,ギフトで加入,1,0,0,2026-09-26 11:00,2026-09-26 11:00,○,○,https://www.youtube.com/channel/UCjnmvXIlXMsFzXfYII4Ku3g
UC0PAR0UofUR8qw_7LCfsnJA,@lllllll._.0904,0,新規(1ヶ月未満),,,Vantacrew,ギフト,ギフトで加入,1,0,0,2026-09-26 11:00,2026-09-26 11:00,○,○,https://www.youtube.com/channel/UC0PAR0UofUR8qw_7LCfsnJA
UC23BmHz-d_SZ0_Ky-HntfHg,@リリ-v2d,0,新規(1ヶ月未満),,,Vantacrew,ギフト,ギフトで加入,1,0,0,2026-09-26 11:00,2026-09-26 11:00,○,○,https://www.youtube.com/channel/UC23BmHz-d_SZ0_Ky-HntfHg
UCXaXg6-q9nshCxeM3JxhQ7Q,@Phakhonuu,0,新規(1ヶ月未満),,,Vantacrew,ギフト,ギフトで加入,1,0,0,2026-09-26 11:00,2026-09-26 11:00,○,○,https://www.youtube.com/channel/UCXaXg6-q9nshCxeM3JxhQ7Q
UCT4vGFQok3etFvN4NcHxpRw,@chamo_tan,0,新規(1ヶ月未満),,,Vantacrew,ギフト,ギフトで加入,1,0,0,2026-09-26 12:12,2026-09-26 12:12,○,○,https://www.youtube.com/channel/UCT4vGFQok3etFvN4NcHxpRw
UChEyuMtxW0GU-Xxmctcf4Kw,@Autumn-leaf_5,0,新規(1ヶ月未満),,,Vantacrew,ギフト,ギフトで加入,1,0,0,2026-09-26 12:12,2026-09-26 12:12,○,○,https://www.youtube.com/channel/UChEyuMtxW0GU-Xxmctcf4Kw
UCHg_lVx1TdnBrZLHIrWHy3g,@lets_g0dance,0,新規(1ヶ月未満),,,Vantacrew,ギフト,ギフトで加入,1,0,0,2026-09-26 12:12,2026-09-26 12:12,○,○,https://www.youtube.com/channel/UCHg_lVx1TdnBrZLHIrWHy3g
UC5KWd44tV0aubDmNDVYywtQ,@gremliindan,0,新規(1ヶ月未満),,,Vantacrew,ギフト,ギフトで加入,1,0,0,2026-09-26 12:12,2026-09-26 12:12,○,○,https://www.youtube.com/channel/UC5KWd44tV0aubDmNDVYywtQ
UCF80czjO_rOXmiRjiG0Jl4g,@みどりのも,0,新規(1ヶ月未満),,,Vantacrew,ギフト,ギフトで加入,1,0,0,2026-09-26 12:12,2026-09-26 12:12,○,○,https://www.youtube.com/channel/UCF80czjO_rOXmiRjiG0Jl4g
UCeFigCGFUCZlWf-dP7zYvmg,@mo1009_,0,新規(1ヶ月未満),,,Vantacrew,ギフト,ギフトで加入,1,0,0,2026-09-26 12:12,2026-09-26 12:12,○,○,https://www.youtube.com/channel/UCeFigCGFUCZlWf-dP7zYvmg
UClTpHylEQbUlyLvTVb49iFg,@vividfantasy13,0,新規(1ヶ月未満),,,Vantacrew,ギフト,ギフトで加入,1,0,0,2026-09-26 12:12,2026-09-26 12:12,○,○,https://www.youtube.com/channel/UClTpHylEQbUlyLvTVb49iFg
UCbazvh9DX-BZ404Ul66-7aQ,@tg_hina0609,0,新規(1ヶ月未満),,,Vantacrew,ギフト,ギフトで加入,1,0,0,2026-09-26 12:12,2026-09-26 12:12,○,○,https://www.youtube.com/channel/UCbazvh9DX-BZ404Ul66-7aQ
UCpWxU32ncBW845QEB7YD2jQ,@gonnabeallfin_e,0,新規(1ヶ月未満),,,Vantacrew,ギフト,ギフトで加入,1,0,0,2026-09-26 12:12,2026-09-26 12:12,○,○,https://www.youtube.com/channel/UCpWxU32ncBW845QEB7YD2jQ
UCytFIDm1dL4fUNUSMpQoT3Q,@rosepixie,0,新規(1ヶ月未満),,,Vantacrew,ギフト,ギフトで加入,1,0,0,2026-09-26 12:12,2026-09-26 12:12,○,○,https://www.youtube.com/channel/UCytFIDm1dL4fUNUSMpQoT3Q
UCC25nwOi_CLT7pq0Obi7XMg,@Asixa-_,0,新規(1ヶ月未満),,,Vantacrew,ギフト,ギフトで加入,1,0,0,2026-09-26 12:12,2026-09-26 12:12,○,○,https://www.youtube.com/channel/UCC25nwOi_CLT7pq0Obi7XMg
UClckDvu1NSvIAj2AUzIgcKg,@nessy83,0,新規(1ヶ月未満),,,Vantacrew,ギフト,ギフトで加入,1,0,0,2026-09-26 12:12,2026-09-26 12:12,○,○,https://www.youtube.com/channel/UClckDvu1NSvIAj2AUzIgcKg
UCE-MRhrzBGvi96OndJHgHxw,@senaya3560,0,新規(1ヶ月未満),,,Vantacrew,ギフト,ギフトで加入,1,0,0,2026-09-26 12:12,2026-09-26 12:12,○,○,https://www.youtube.com/channel/UCE-MRhrzBGvi96OndJHgHxw
UCEsLRoH1DiyqxnBX1KsoOgA,@keisan_od,0,新規(1ヶ月未満),,,Vantacrew,ギフト,ギフトで加入,1,0,0,2026-09-26 12:12,2026-09-26 12:12,○,○,https://www.youtube.com/channel/UCEsLRoH1DiyqxnBX1KsoOgA
UCzUnYQxKAjKSjPPJRQKfzLw,@ngt5275,0,新規(1ヶ月未満),,,Vantacrew,ギフト,ギフトで加入,1,0,0,2026-09-26 12:12,2026-09-26 12:12,○,○,https://www.youtube.com/channel/UCzUnYQxKAjKSjPPJRQKfzLw
UCzUEddWRnRiZXWUiTTWQ5gg,@roseavelle8,0,新規(1ヶ月未満),,,Vantacrew,ギフト,ギフトで加入,1,0,0,2026-09-26 12:12,2026-09-26 12:12,○,○,https://www.youtube.com/channel/UCzUEddWRnRiZXWUiTTWQ5gg
UCSPO0Z0PFfKBb1zzrf4o89w,@Risu09,0,新規(1ヶ月未満),,,Vantacrew,ギフト,ギフトで加入,1,0,0,2026-09-26 12:12,2026-09-26 12:12,○,○,https://www.youtube.com/channel/UCSPO0Z0PFfKBb1zzrf4o89w
UCV1hR1jzEAs7m5ICw4lf8ng,@simonanomse,0,新規(1ヶ月未満),,,Vantacrew,ギフト,ギフトで加入,1,0,0,2026-09-26 12:12,2026-09-26 12:12,○,○,https://www.youtube.com/channel/UCV1hR1jzEAs7m5ICw4lf8ng
UC8ptCJpAp_pm3WhqaKIIYmA,@elnxatlr,0,新規(1ヶ月未満),,,Vantacrew,ギフト,ギフトで加入,1,0,0,2026-09-26 12:12,2026-09-26 12:12,○,○,https://www.youtube.com/channel/UC8ptCJpAp_pm3WhqaKIIYmA
UCSV7Z-0kU97MffHkyBglF8w,@BookOfBase,0,新規(1ヶ月未満),,,Vantacrew,ギフト,ギフトで加入,1,0,0,2026-09-26 12:12,2026-09-26 12:12,○,○,https://www.youtube.com/channel/UCSV7Z-0kU97MffHkyBglF8w
UCKLVMbl4BDtF4wy3NEfNuZw,@菜-q1i,0,新規(1ヶ月未満),,,Vantacrew,ギフト,ギフトで加入,1,0,0,2026-09-26 12:12,2026-09-26 12:12,○,○,https://www.youtube.com/channel/UCKLVMbl4BDtF4wy3NEfNuZw
UCgKFjibfCztPOgDIdHZjQrQ,@kaichannn,0,新規(1ヶ月未満),,,Vantacrew,ギフト,ギフトで加入,1,0,0,2026-09-26 12:12,2026-09-26 12:12,○,○,https://www.youtube.com/channel/UCgKFjibfCztPOgDIdHZjQrQ
UCDeEwill2y8zwi584kaVyzQ,@habibabcd,0,新規(1ヶ月未満),,,Vantacrew,ギフト,ギフトで加入,1,0,0,2026-09-26 12:12,2026-09-26 12:12,○,○,https://www.youtube.com/channel/UCDeEwill2y8zwi584kaVyzQ
UCEyauAgeayLrsFdRxyV7AnQ,@bro-ji5ie,0,新規(1ヶ月未満),,,Vantacrew,ギフト,ギフトで加入,1,0,0,2026-09-26 12:12,2026-09-26 12:12,○,○,https://www.youtube.com/channel/UCEyauAgeayLrsFdRxyV7AnQ
UCGtoEpK0MCCq6Zj8pLvYkAw,@pengin-t8t,0,新規(1ヶ月未満),,,Vantacrew,ギフト,ギフトで加入,1,0,0,2026-09-26 12:12,2026-09-26 12:12,○,○,https://www.youtube.com/channel/UCGtoEpK0MCCq6Zj8pLvYkAw
UC0qcggKMDH9vBql4IPd_WOQ,@xinnia990,0,新規(1ヶ月未満),,,Vantacrew,ギフト,ギフトで加入,1,0,0,2026-09-26 12:12,2026-09-26 12:12,○,○,https://www.youtube.com/channel/UC0qcggKMDH9vBql4IPd_WOQ
UCKShkk-q4JyWpvU_rFuyaPA,@DKNJO_73,0,新規(1ヶ月未満),,,Vantacrew,ギフト,ギフトで加入,1,0,0,2026-09-26 12:12,2026-09-26 12:12,○,○,https://www.youtube.com/channel/UCKShkk-q4JyWpvU_rFuyaPA
UCJ46gdKhstHzWeqTxKLc60Q,@明日カン八郎,0,新規(1ヶ月未満),,,Vantacrew,ギフト,ギフトで加入,1,0,0,2026-09-26 12:12,2026-09-26 12:12,○,○,https://www.youtube.com/channel/UCJ46gdKhstHzWeqTxKLc60Q
UCqD70MBFYqFNF31i9HBShgQ,@Xitlali-l4q,0,新規(1ヶ月未満),,,Vantacrew,ギフト,ギフトで加入,1,0,0,2026-09-26 12:12,2026-09-26 12:12,○,○,https://www.youtube.com/channel/UCqD70MBFYqFNF31i9HBShgQ
UCYzaOGdfXS7wAkwABUgQgkA,@Beberonchi-no,0,新規(1ヶ月未満),,,Vantacrew,ギフト,ギフトで加入,1,0,0,2026-09-26 12:12,2026-09-26 12:12,○,○,https://www.youtube.com/channel/UCYzaOGdfXS7wAkwABUgQgkA
UC1h7V1T9SWLi2oknhnmS9EA,@mj_nevergrownup,0,新規(1ヶ月未満),,,Vantacrew,ギフト,ギフトで加入,1,0,0,2026-09-26 12:12,2026-09-26 12:12,○,○,https://www.youtube.com/channel/UC1h7V1T9SWLi2oknhnmS9EA
UCzn-ji9Dnjx9yAFJNMwFNkg,@aaaaaaaaaaaaa418,0,新規(1ヶ月未満),,,Vantacrew,ギフト,ギフトで加入,1,0,0,2026-09-26 12:12,2026-09-26 12:12,○,○,https://www.youtube.com/channel/UCzn-ji9Dnjx9yAFJNMwFNkg
UCdW09li9AY-vsUIeRBvnvGQ,@99_kuku,0,新規(1ヶ月未満),,,Vantacrew,ギフト,ギフトで加入,1,0,0,2026-09-26 12:12,2026-09-26 12:12,○,○,https://www.youtube.com/channel/UCdW09li9AY-vsUIeRBvnvGQ
UCY93TebQakbiE_TJimsNvuA,@mani8k47,0,新規(1ヶ月未満),,,Vantacrew,ギフト,ギフトで加入,1,0,0,2026-09-26 12:12,2026-09-26 12:12,○,○,https://www.youtube.com/channel/UCY93TebQakbiE_TJimsNvuA
UC51lTW8vi3oTjDvCYKuJIXA,@randomstranjr,0,新規(1ヶ月未満),,,Vantacrew,ギフト,ギフトで加入,1,0,0,2026-09-26 12:12,2026-09-26 12:12,○,○,https://www.youtube.com/channel/UC51lTW8vi3oTjDvCYKuJIXA
UCvWbf0Fm-YDi8EtvumzcR2g,@Haru-bv6pu,0,新規(1ヶ月未満),,,Vantacrew,ギフト,ギフトで加入,1,0,0,2026-09-26 12:12,2026-09-26 12:12,○,○,https://www.youtube.com/channel/UCvWbf0Fm-YDi8EtvumzcR2g
UC87kdBzizGY_iHCstjCk5VA,@RoseMoon97,0,新規(1ヶ月未満),,,Vantacrew,ギフト,ギフトで加入,1,0,0,2026-09-26 12:12,2026-09-26 12:12,○,○,https://www.youtube.com/channel/UC87kdBzizGY_iHCstjCk5VA
UCyUPzC-mSf21C1ZjO45FuJg,@Lynn0613,0,新規(1ヶ月未満),,,Vantacrew,ギフト,ギフトで加入,1,0,0,2026-09-26 12:12,2026-09-26 12:12,○,○,https://www.youtube.com/channel/UCyUPzC-mSf21C1ZjO45FuJg
UCe86c8fT6By3bVDyoYIflJg,@yixuanow,0,新規(1ヶ月未満),,,Vantacrew,ギフト,ギフトで加入,1,0,0,2026-09-26 12:12,2026-09-26 12:12,○,○,https://www.youtube.com/channel/UCe86c8fT6By3bVDyoYIflJg
UC46Wgsg8B8fyucdlrQ6ZuMw,@Potatayan,0,新規(1ヶ月未満),,,Vantacrew,ギフト,ギフトで加入,1,0,0,2026-09-26 12:12,2026-09-26 12:12,○,○,https://www.youtube.com/channel/UC46Wgsg8B8fyucdlrQ6ZuMw
UCHIH3Q-GlL_9T9tDFLf3j8w,@bluemingzip,0,新規(1ヶ月未満),,,Vantacrew,ギフト,ギフトで加入,1,0,0,2026-09-26 12:12,2026-09-26 12:12,○,○,https://www.youtube.com/channel/UCHIH3Q-GlL_9T9tDFLf3j8w
UCZe29O92ZWvKhfFiN2x7DvA,@elchupacabra1406,0,新規(1ヶ月未満),,,Vantacrew,ギフト,ギフトで加入,1,0,0,2026-09-26 12:12,2026-09-26 12:12,○,○,https://www.youtube.com/channel/UCZe29O92ZWvKhfFiN2x7DvA
UCUu08mmNWtcoEmyFE1eEZSQ,@ちゃぐrnk,0,新規(1ヶ月未満),,,Vantacrew,ギフト,ギフトで加入,1,0,0,2026-09-26 12:12,2026-09-26 12:12,○,○,https://www.youtube.com/channel/UCUu08mmNWtcoEmyFE1eEZSQ
UC9cqdQCWdbbt18n-me3zA7Q,@絕命落跑中,0,新規(1ヶ月未満),,,Vantacrew,ギフト,ギフトで加入,1,0,0,2026-09-26 12:12,2026-09-26 12:12,○,○,https://www.youtube.com/channel/UC9cqdQCWdbbt18n-me3zA7Q
UCt8ulffHAuBEADUO7UW66nQ,@Yueling_Moon,0,新規(1ヶ月未満),,,Vantacrew,ギフト,ギフトで加入,1,0,0,2026-09-26 12:12,2026-09-26 12:12,○,○,https://www.youtube.com/channel/UCt8ulffHAuBEADUO7UW66nQ
UCg5JtNNlVgC5-3uvqzb4T_w,@oliviazitas,0,新規(1ヶ月未満),,,Vantacrew,ギフト,ギフトで加入,1,0,0,2026-09-26 12:12,2026-09-26 12:12,○,○,https://www.youtube.com/channel/UCg5JtNNlVgC5-3uvqzb4T_w
UCwlXXPukvVquGAsEVDt1rkg,@kinakisouta,0,新規(1ヶ月未満),,,Vantacrew,ギフト,ギフトで加入,1,0,0,2026-09-26 12:12,2026-09-26 12:12,○,○,https://www.youtube.com/channel/UCwlXXPukvVquGAsEVDt1rkg
UCXmxViqSoOrzA7XlmYXlq2Q,@itauu7810,0,新規(1ヶ月未満),,,Vantacrew,ギフト,ギフトで加入,1,0,0,2026-09-26 12:12,2026-09-26 12:12,○,○,https://www.youtube.com/channel/UCXmxViqSoOrzA7XlmYXlq2Q
UCJmeoctgIaC9Qjrk_AUOLeg,@とら-v2c,0,新規(1ヶ月未満),,,Vantacrew,ギフト,ギフトで加入,1,0,0,2026-09-29 12:13,2026-09-29 12:13,○,○,https://www.youtube.com/channel/UCJmeoctgIaC9Qjrk_AUOLeg
UC9UbP4-08r5unt4KP7tWVfA,@ハナピー-h6e,0,新規(1ヶ月未満),,,Vantacrew,ギフト,ギフトで加入,1,0,0,2026-09-29 12:13,2026-09-29 12:13,○,○,https://www.youtube.com/channel/UC9UbP4-08r5unt4KP7tWVfA
UCpSVY4xtJH5zrwAb_LST0SQ,@say.d1tto,0,新規(1ヶ月未満),New member,,Vantacrew,新規加入,,1,0,0,2026-09-29 12:13,2026-09-29 12:13,○,,https://www.youtube.com/channel/UCpSVY4xtJH5zrwAb_LST0SQ
UC4PrFbK5BQiAMkV6fuOCVJA,@Zaalia986,0,新規(1ヶ月未満),,,Vantacrew,ギフト,ギフトで加入,1,0,0,2026-09-29 12:13,2026-09-29 12:13,○,○,https://www.youtube.com/channel/UC4PrFbK5BQiAMkV6fuOCVJA
UCxGNRSNpQfaAdL6hYCdXq6Q,@徐郁婷-c9r,0,新規(1ヶ月未満),,,Vantacrew,ギフト,ギフトで加入,1,0,0,2026-09-29 12:13,2026-09-29 12:13,○,○,https://www.youtube.com/channel/UCxGNRSNpQfaAdL6hYCdXq6Q
UCJMuXKFI6w7yqFtQnOl_wcw,@13._tsuki,0,新規(1ヶ月未満),,,Vantacrew,ギフト,ギフトで加入,1,0,0,2026-09-29 12:13,2026-09-29 12:13,○,○,https://www.youtube.com/channel/UCJMuXKFI6w7yqFtQnOl_wcw
UCcfh_oHu4UBGBYn8S2Lynxg,@Bedrockingtosleep,0,新規(1ヶ月未満),,,Vantacrew,ギフト,ギフトで加入,1,0,0,2026-09-29 12:13,2026-09-29 12:13,○,○,https://www.youtube.com/channel/UCcfh_oHu4UBGBYn8S2Lynxg
UCHqoJ47kcmkCznrPOgtyVLQ,@trayyyy1196,0,新規(1ヶ月未満),,,Vantacrew,ギフト,ギフトで加入,1,0,0,2026-09-29 12:13,2026-09-29 12:13,○,○,https://www.youtube.com/channel/UCHqoJ47kcmkCznrPOgtyVLQ
UCIjv0a4sQFyKqDm8HVvrJ0Q,@あさだよ-e4o,0,新規(1ヶ月未満),,,Vantacrew,ギフト,ギフトで加入,1,0,0,2026-09-29 12:13,2026-09-29 12:13,○,○,https://www.youtube.com/channel/UCIjv0a4sQFyKqDm8HVvrJ0Q
UCI7NSKbmwkWhreYgA1bXnSw,@vinchrar,0,新規(1ヶ月未満),,,Vantacrew,ギフト,ギフトで加入,1,0,0,2026-09-29 12:13,2026-09-29 12:13,○,○,https://www.youtube.com/channel/UCI7NSKbmwkWhreYgA1bXnSw
UCRhW5IitkxcoLsevWOw_Jlw,@shrimin,0,新規(1ヶ月未満),,,Vantacrew,ギフト,ギフトで加入,1,0,0,2026-09-29 12:13,2026-09-29 12:13,○,○,https://www.youtube.com/channel/UCRhW5IitkxcoLsevWOw_Jlw
UCMNu88xG68BJP4qvAIJ79vw,@jaxywawa,0,新規(1ヶ月未満),,,Vantacrew,ギフト,ギフトで加入,1,0,0,2026-09-29 12:13,2026-09-29 12:13,○,○,https://www.youtube.com/channel/UCMNu88xG68BJP4qvAIJ79vw
UCRTf3IP_d2L_Q56mmQyEOag,@alina-1132,0,新規(1ヶ月未満),,,Vantacrew,ギフト,ギフトで加入,1,0,0,2026-09-29 12:13,2026-09-29 12:13,○,○,https://www.youtube.com/channel/UCRTf3IP_d2L_Q56mmQyEOag
UC-Hdl63y6riOCYLOq077zSg,@腕玉子,0,新規(1ヶ月未満),,,Vantacrew,ギフト,ギフトで加入,1,0,0,2026-09-29 12:13,2026-09-29 12:13,○,○,https://www.youtube.com/channel/UC-Hdl63y6riOCYLOq077zSg
UCKgyIYdK8wTdtbYLba6Vb4g,@Suika_chi,0,新規(1ヶ月未満),,,Vantacrew,ギフト,ギフトで加入,1,0,0,2026-09-29 12:13,2026-09-29 12:13,○,○,https://www.youtube.com/channel/UCKgyIYdK8wTdtbYLba6Vb4g
UCScx_qgK7CQHqRs6NqFkA_Q,@meloslia,0,新規(1ヶ月未満),,,Vantacrew,ギフト,ギフトで加入,1,0,0,2026-09-29 12:13,2026-09-29 12:13,○,○,https://www.youtube.com/channel/UCScx_qgK7CQHqRs6NqFkA_Q
UCAalMvWCXRGeGTuh8pfABYQ,@Jessie-dh4un,0,新規(1ヶ月未満),,,Vantacrew,ギフト,ギフトで加入,1,0,0,2026-09-29 12:13,2026-09-29 12:13,○,○,https://www.youtube.com/channel/UCAalMvWCXRGeGTuh8pfABYQ
UC_yVnHQ8RzQ-dnl5YDnLOXg,@Ken_user7077,0,新規(1ヶ月未満),New member,,不明,,,1,13,0,2026-09-30 12:03,2026-09-30 12:03,,,https://www.youtube.com/channel/UC_yVnHQ8RzQ-dnl5YDnLOXg
UCKfPKSHr-W-iUMxsTAAcauw,@Sleepyyyredpanda,0,新規(1ヶ月未満),New member,,不明,,,1,3,0,2026-09-30 12:03,2026-09-30 12:03,,,https://www.youtube.com/channel/UCKfPKSHr-W-iUMxsTAAcauw
UC4nMl-ZqFi7s22oTwvk-QkA,@kingluckylucy,0,新規(1ヶ月未満),New member,,不明,,,1,1,0,2026-09-30 12:03,2026-09-30 12:03,,,https://www.youtube.com/channel/UC4nMl-ZqFi7s22oTwvk-QkA
UCkBkJlfAGQ259yJtVDggUiA,@POPU-g7z,0,新規(1ヶ月未満),,,Vantacrew,ギフト,ギフトで加入,1,0,0,2026-09-30 12:03,2026-09-30 12:03,○,○,https://www.youtube.com/channel/UCkBkJlfAGQ259yJtVDggUiA
UCdNsEe3FRUnF0VFmW9NiwHw,@JayAshBranAudioScripts,0,新規(1ヶ月未満),New member,,Vantacrew Archives,新規加入,,1,0,0,2026-09-30 12:03,2026-09-30 12:03,○,,https://www.youtube.com/channel/UCdNsEe3FRUnF0VFmW9NiwHw
UCYMA-ePv_GX-4Gmvzu5OflQ,@HarizMuslan,0,新規(1ヶ月未満),New member,,Vantacrew,新規加入,,1,0,0,2026-09-30 12:03,2026-09-30 12:03,○,,https://www.youtube.com/channel/UCYMA-ePv_GX-4Gmvzu5OflQ
UCEOVqMt-Fz9RLrRNEd1NnGA,@benkutachi,0,新規(1ヶ月未満),,,Vantacrew,ギフト,ギフトで加入,1,0,0,2026-09-30 12:03,2026-09-30 12:03,○,○,https://www.youtube.com/channel/UCEOVqMt-Fz9RLrRNEd1NnGA
UCQRfMUgRDjfeCmdTI-xzlcg,@night_5114,0,新規(1ヶ月未満),,,Vantacrew,ギフト,ギフトで加入,1,0,0,2026-09-30 12:03,2026-09-30 12:03,○,○,https://www.youtube.com/channel/UCQRfMUgRDjfeCmdTI-xzlcg
UCHVXALkKb_wfIecfTuiFc3A,@cvxquill,0,新規(1ヶ月未満),,,Vantacrew,ギフト,ギフトで加入,1,0,0,2026-09-30 12:03,2026-09-30 12:03,○,○,https://www.youtube.com/channel/UCHVXALkKb_wfIecfTuiFc3A
UCnP93b6rXyTDUlI8PBJt5wg,@Azurte,0,新規(1ヶ月未満),,,Vantacrew,ギフト,ギフトで加入,1,0,0,2026-09-30 12:03,2026-09-30 12:03,○,○,https://www.youtube.com/channel/UCnP93b6rXyTDUlI8PBJt5wg
UCdtNGV4O9grA7RR7UE31V5Q,@irisA-w7c,0,新規(1ヶ月未満),,,Vantacrew,ギフト,ギフトで加入,1,0,0,2026-09-30 12:03,2026-09-30 12:03,○,○,https://www.youtube.com/channel/UCdtNGV4O9grA7RR7UE31V5Q
UC-_es0ajK4q4BMQeJqXG4UQ,@Rei_K-f3l,0,新規(1ヶ月未満),,,Vantacrew,ギフト,ギフトで加入,1,0,0,2026-09-30 12:03,2026-09-30 12:03,○,○,https://www.youtube.com/channel/UC-_es0ajK4q4BMQeJqXG4UQ
UChOHRSzejjN5X7yLsoqEvvA,@51486_,0,新規(1ヶ月未満),New member,,不明,,,1,2,0,2026-10-01 12:17,2026-10-01 12:17,,,https://www.youtube.com/channel/UChOHRSzejjN5X7yLsoqEvvA
UCqXyUAZ0zhpmrGqSpCc_mEw,@Tuntraz,0,新規(1ヶ月未満),,,Vantacrew,ギフト,ギフトで加入,1,0,0,2026-10-01 12:17,2026-10-01 12:17,○,○,https://www.youtube.com/channel/UCqXyUAZ0zhpmrGqSpCc_mEw
UCo_wQvYpVkLOCVTcZ7rRIgA,@本乃栞-njtua,0,新規(1ヶ月未満),,,Vantacrew,ギフト,ギフトで加入,1,0,0,2026-10-01 12:17,2026-10-01 12:17,○,○,https://www.youtube.com/channel/UCo_wQvYpVkLOCVTcZ7rRIgA
UC3O_ksSX7hDnH6gJloEO5Ww,@nighttenshi3767,0,新規(1ヶ月未満),,,Vantacrew,ギフト,ギフトで加入,1,0,0,2026-10-01 12:17,2026-10-01 12:17,○,○,https://www.youtube.com/channel/UC3O_ksSX7hDnH6gJloEO5Ww
UC_Ooz5x6eij4C0dq_96eC-w,@coolcookie-5988,0,新規(1ヶ月未満),,,Vantacrew,ギフト,ギフトで加入,1,0,0,2026-10-01 12:17,2026-10-01 12:17,○,○,https://www.youtube.com/channel/UC_Ooz5x6eij4C0dq_96eC-w
UCio8RkjHOXbzmBJsjZdsNmA,@三枝ゆーき,0,新規(1ヶ月未満),,,Vantacrew,ギフト,ギフトで加入,1,0,0,2026-10-01 12:17,2026-10-01 12:17,○,○,https://www.youtube.com/channel/UCio8RkjHOXbzmBJsjZdsNmA
UCnRVQfASvzF9IchuIbyPG_g,@Innomenatus,0,新規(1ヶ月未満),,,Vantacrew,ギフト,ギフトで加入,1,0,0,2026-10-01 12:17,2026-10-01 12:17,○,○,https://www.youtube.com/channel/UCnRVQfASvzF9IchuIbyPG_g
UCx9OpEv8BzFlnEuFS0xvYKg,@pipopipo9203,0,新規(1ヶ月未満),,,Vantacrew,ギフト,ギフトで加入,1,0,0,2026-10-01 12:17,2026-10-01 12:17,○,○,https://www.youtube.com/channel/UCx9OpEv8BzFlnEuFS0xvYKg
UCcKjZWbxjsmgbXoKammYbRw,@yaruruaaf,0,新規(1ヶ月未満),,,Vantacrew,ギフト,ギフトで加入,1,0,0,2026-10-01 12:17,2026-10-01 12:17,○,○,https://www.youtube.com/channel/UCcKjZWbxjsmgbXoKammYbRw
UCSeZhWVPnFCsgOZqXSI9PDA,@Asterina4159,0,新規(1ヶ月未満),,,Vantacrew,ギフト,ギフトで加入,1,0,0,2026-10-01 12:17,2026-10-01 12:17,○,○,https://www.youtube.com/channel/UCSeZhWVPnFCsgOZqXSI9PDA
UCnbTxD59C_YF3jaDX8KjAjQ,@tqsochl,0,新規(1ヶ月未満),,,Vantacrew,ギフト,ギフトで加入,1,0,0,2026-10-01 12:17,2026-10-01 12:17,○,○,https://www.youtube.com/channel/UCnbTxD59C_YF3jaDX8KjAjQ
UC5hqtXh_tpjJ0dMAcPHFJ2A,@OTOYWHOStudios,0,新規(1ヶ月未満),New member,,不明,,,1,5,0,2026-10-05 12:06,2026-10-05 12:06,,,https://www.youtube.com/channel/UC5hqtXh_tpjJ0dMAcPHFJ2A
UC2jSPaQaCc-zEeaV8baBs8Q,@トオリ-yumiya,0,新規(1ヶ月未満),New member,,Vantacrew,新規加入,,1,4,0,2026-10-05 12:06,2026-10-05 12:06,○,,https://www.youtube.com/channel/UC2jSPaQaCc-zEeaV8baBs8Q
UCIpjwlheVVXtiuNX1I-ki3Q,@lemondrops539,0,新規(1ヶ月未満),New member,,不明,,,1,2,0,2026-10-05 12:06,2026-10-05 12:06,,,https://www.youtube.com/channel/UCIpjwlheVVXtiuNX1I-ki3Q
UCcBM9Fss3beVPyxWG-Oq8bA,@mystery_kinich,0,新規(1ヶ月未満),New member,,Vantacrew,ギフト,ギフトで加入,1,4,0,2026-10-05 12:06,2026-10-05 12:06,○,○,https://www.youtube.com/channel/UCcBM9Fss3beVPyxWG-Oq8bA
UCCxs6H64xJNj23b7NU6nePQ,@Aki-sj2vr,0,新規(1ヶ月未満),,,Vantacrew,ギフト,ギフトで加入,1,0,0,2026-10-05 12:06,2026-10-05 12:06,○,○,https://www.youtube.com/channel/UCCxs6H64xJNj23b7NU6nePQ
UCBjtVO1CuEeUzH2padXCt1Q,@sean_mochalavender,0,新規(1ヶ月未満),,,Vantacrew,ギフト,ギフトで加入,1,0,0,2026-10-05 12:06,2026-10-05 12:06,○,○,https://www.youtube.com/channel/UCBjtVO1CuEeUzH2padXCt1Q
UCmDPRBNROqquA5k1vO36vLw,@kellsyfer,0,新規(1ヶ月未満),,,Vantacrew,ギフト,ギフトで加入,1,0,0,2026-10-05 12:06,2026-10-05 12:06,○,○,https://www.youtube.com/channel/UCmDPRBNROqquA5k1vO36vLw
UCnDqkEWubw99lyIq7ew4KOg,@hibvtribe,0,新規(1ヶ月未満),,,Vantacrew,ギフト,ギフトで加入,1,0,0,2026-10-05 12:06,2026-10-05 12:06,○,○,https://www.youtube.com/channel/UCnDqkEWubw99lyIq7ew4KOg
UC0L1xd1ARQkbV7c2tgl5mEQ,@saya4112,0,新規(1ヶ月未満),,,Vantacrew,ギフト,ギフトで加入,1,0,0,2026-10-05 12:06,2026-10-05 12:06,○,○,https://www.youtube.com/channel/UC0L1xd1ARQkbV7c2tgl5mEQ
UC00vqMkhGvojf4bFqXfz0Cw,@sakuracheru222,0,新規(1ヶ月未満),,,Vantacrew,ギフト,ギフトで加入,1,0,0,2026-10-05 12:06,2026-10-05 12:06,○,○,https://www.youtube.com/channel/UC00vqMkhGvojf4bFqXfz0Cw
UCLoWPijZF3Abp9kjRUk9ccQ,@M_isuzu,0,新規(1ヶ月未満),,,Vantacrew,ギフト,ギフトで加入,1,0,0,2026-10-05 12:06,2026-10-05 12:06,○,○,https://www.youtube.com/channel/UCLoWPijZF3Abp9kjRUk9ccQ
UCmlVcZSSkdFCU09krFho39w,@nnnmanam,0,新規(1ヶ月未満),,,Vantacrew,ギフト,ギフトで加入,1,0,0,2026-10-05 12:06,2026-10-05 12:06,○,○,https://www.youtube.com/channel/UCmlVcZSSkdFCU09krFho39w
UCkYCvL4NX2ax2wUEQZfSVvg,@WerewolfAJ,0,新規(1ヶ月未満),,,Vantacrew,ギフト,ギフトで加入,1,0,0,2026-10-05 12:06,2026-10-05 12:06,○,○,https://www.youtube.com/channel/UCkYCvL4NX2ax2wUEQZfSVvg
UCNseZxPSzdwbqphvi0SBw1w,@rabbit7190,0,新規(1ヶ月未満),,,Vantacrew,ギフト,ギフトで加入,1,0,0,2026-10-05 12:06,2026-10-05 12:06,○,○,https://www.youtube.com/channel/UCNseZxPSzdwbqphvi0SBw1w
UCrdWQwdOoQy_CIipwTU3_RA,@twilightwondrlnd,0,新規(1ヶ月未満),,,Vantacrew,ギフト,ギフトで加入,1,0,0,2026-10-05 12:06,2026-10-05 12:06,○,○,https://www.youtube.com/channel/UCrdWQwdOoQy_CIipwTU3_RA
UCBMMdzrKwh4KA8o4pdZB23A,@dingding04,0,新規(1ヶ月未満),,,Vantacrew,ギフト,ギフトで加入,1,0,0,2026-10-05 12:06,2026-10-05 12:06,○,○,https://www.youtube.com/channel/UCBMMdzrKwh4KA8o4pdZB23A
UC0YDBzIwV-fL0nuIpiDvtXw,@amoris.riverheart,0,新規(1ヶ月未満),,,Vantacrew,ギフト,ギフトで加入,1,0,0,2026-10-05 12:06,2026-10-05 12:06,○,○,https://www.youtube.com/channel/UC0YDBzIwV-fL0nuIpiDvtXw
UC3kvgv0-O_Ftj3fUaAxIK9Q,@lazylumin,0,新規(1ヶ月未満),,,Vantacrew,ギフト,ギフトで加入,1,0,0,2026-10-05 12:06,2026-10-05 12:06,○,○,https://www.youtube.com/channel/UC3kvgv0-O_Ftj3fUaAxIK9Q
UChcYvCDBK9AKG2cfADMCIpg,@アビアード,0,新規(1ヶ月未満),,,Vantacrew,ギフト,ギフトで加入,1,0,0,2026-10-05 12:06,2026-10-05 12:06,○,○,https://www.youtube.com/channel/UChcYvCDBK9AKG2cfADMCIpg
UCgdQNymMN-nalDHKdO-hdWw,@A_rte,0,新規(1ヶ月未満),,,Vantacrew,ギフト,ギフトで加入,1,0,0,2026-10-05 12:06,2026-10-05 12:06,○,○,https://www.youtube.com/channel/UCgdQNymMN-nalDHKdO-hdWw
UCknppX8l-XpgGi4p5Y8ZlBg,@ten9701,0,新規(1ヶ月未満),,,Vantacrew,ギフト,ギフトで加入,1,0,0,2026-10-05 12:06,2026-10-05 12:06,○,○,https://www.youtube.com/channel/UCknppX8l-XpgGi4p5Y8ZlBg
UCFZu_mwgIfDRjHQ5A7dFaGA,@chookodeko,0,新規(1ヶ月未満),,,Vantacrew,ギフト,ギフトで加入,1,0,0,2026-10-05 12:06,2026-10-05 12:06,○,○,https://www.youtube.com/channel/UCFZu_mwgIfDRjHQ5A7dFaGA
UCvO7AkpP4R9k0nvmMnJDo6Q,@nani_azul,0,新規(1ヶ月未満),,,Vantacrew,ギフト,ギフトで加入,1,0,0,2026-10-05 12:06,2026-10-05 12:06,○,○,https://www.youtube.com/channel/UCvO7AkpP4R9k0nvmMnJDo6Q
UCRzLX_h1FIqqSv72m5vZelw,@wotisgoinon,0,新規(1ヶ月未満),,,Vantacrew,ギフト,ギフトで加入,1,0,0,2026-10-05 12:06,2026-10-05 12:06,○,○,https://www.youtube.com/channel/UCRzLX_h1FIqqSv72m5vZelw
UClWpzlVTwp0F7yI8W_CagUg,@Yueyuelu,0,新規(1ヶ月未満),,,Vantacrew,ギフト,ギフトで加入,1,0,0,2026-10-05 12:06,2026-10-05 12:06,○,○,https://www.youtube.com/channel/UClWpzlVTwp0F7yI8W_CagUg
UCFDk0yq_SfUlvp8XpdHoWMw,@NotAGhost,0,新規(1ヶ月未満),,,Vantacrew,ギフト,ギフトで加入,1,0,0,2026-10-05 12:06,2026-10-05 12:06,○,○,https://www.youtube.com/channel/UCFDk0yq_SfUlvp8XpdHoWMw
UCm5Xa-_4bIC-lztjOoOAyNg,@miyaaww_n,0,新規(1ヶ月未満),,,Vantacrew,ギフト,ギフトで加入,1,0,0,2026-10-05 12:06,2026-10-05 12:06,○,○,https://www.youtube.com/channel/UCm5Xa-_4bIC-lztjOoOAyNg
UCrpQuwAde6K8fuqr68YOO7A,@catto02,0,新規(1ヶ月未満),,,Vantacrew,ギフト,ギフトで加入,1,0,0,2026-10-05 12:06,2026-10-05 12:06,○,○,https://www.youtube.com/channel/UCrpQuwAde6K8fuqr68YOO7A
UCYIARGHlHbjlXHGagm-O51Q,@Jamjamcub,0,新規(1ヶ月未満),,,Vantacrew,ギフト,ギフトで加入,1,0,0,2026-10-05 12:06,2026-10-05 12:06,○,○,https://www.youtube.com/channel/UCYIARGHlHbjlXHGagm-O51Q
UCTiIlDJkAbbs_IyDHQEP1Mw,@黄12q,0,新規(1ヶ月未満),,,Vantacrew,ギフト,ギフトで加入,1,0,0,2026-10-05 12:06,2026-10-05 12:06,○,○,https://www.youtube.com/channel/UCTiIlDJkAbbs_IyDHQEP1Mw
UCQtVAtlkYpLc2yB-XvwWjhg,@o_ovこはるひより,0,新規(1ヶ月未満),,,Vantacrew,ギフト,ギフトで加入,1,0,0,2026-10-05 12:06,2026-10-05 12:06,○,○,https://www.youtube.com/channel/UCQtVAtlkYpLc2yB-XvwWjhg
UCvbo2vqvUbUrPNmg06c1iSQ,@rhdid0,0,新規(1ヶ月未満),,,Vantacrew,ギフト,ギフトで加入,1,0,0,2026-10-05 12:06,2026-10-05 12:06,○,○,https://www.youtube.com/channel/UCvbo2vqvUbUrPNmg06c1iSQ
UCu-lUpA5o_hfKT_AgJY8nAQ,@xuuu1007,0,新規(1ヶ月未満),,,Vantacrew,ギフト,ギフトで加入,1,0,0,2026-10-05 12:06,2026-10-05 12:06,○,○,https://www.youtube.com/channel/UCu-lUpA5o_hfKT_AgJY8nAQ
UCTGoHEv900JW3vYu6bZYPxQ,@涼風1212,0,新規(1ヶ月未満),,,Vantacrew,ギフト,ギフトで加入,1,0,0,2026-10-05 12:06,2026-10-05 12:06,○,○,https://www.youtube.com/channel/UCTGoHEv900JW3vYu6bZYPxQ
UCB_EK1kEMCxURo1zurN3Bjw,@Shiba_Miya,0,新規(1ヶ月未満),,,Vantacrew,ギフト,ギフトで加入,1,0,0,2026-10-05 12:06,2026-10-05 12:06,○,○,https://www.youtube.com/channel/UCB_EK1kEMCxURo1zurN3Bjw
UCc-I-QWmr4WuStWtuIi7CwQ,@uchuu_nagichan,0,新規(1ヶ月未満),,,Vantacrew,ギフト,ギフトで加入,1,0,0,2026-10-05 12:06,2026-10-05 12:06,○,○,https://www.youtube.com/channel/UCc-I-QWmr4WuStWtuIi7CwQ
UCC4d6SbS5z6om1CUL-WkLsg,@來夢-h5l,0,新規(1ヶ月未満),,,Vantacrew,ギフト,ギフトで加入,1,0,0,2026-10-05 12:06,2026-10-05 12:06,○,○,https://www.youtube.com/channel/UCC4d6SbS5z6om1CUL-WkLsg
UC_36KyT-mF4A92QO7_FCtNQ,@queenangel2720,0,新規(1ヶ月未満),,,Vantacrew,ギフト,ギフトで加入,1,0,0,2026-10-05 12:06,2026-10-05 12:06,○,○,https://www.youtube.com/channel/UC_36KyT-mF4A92QO7_FCtNQ
UCN72p7w9reauqbs8yeKCaMw,@bread2504,0,新規(1ヶ月未満),,,Vantacrew,ギフト,ギフトで加入,1,0,0,2026-10-05 12:06,2026-10-05 12:06,○,○,https://www.youtube.com/channel/UCN72p7w9reauqbs8yeKCaMw
UCdSylyKRYfg9-Ds5p75tMuw,@禎1234,0,新規(1ヶ月未満),,,Vantacrew,ギフト,ギフトで加入,1,0,0,2026-10-05 12:06,2026-10-05 12:06,○,○,https://www.youtube.com/channel/UCdSylyKRYfg9-Ds5p75tMuw
UC3LyDsT5RgsgV0s6-fyGRfA,@aztzeeken9298,0,新規(1ヶ月未満),,,Vantacrew,ギフト,ギフトで加入,1,0,0,2026-10-05 12:06,2026-10-05 12:06,○,○,https://www.youtube.com/channel/UC3LyDsT5RgsgV0s6-fyGRfA
UCNrLeSz68UR06ULQ-YInN-Q,@mika_pppa,0,新規(1ヶ月未満),,,Vantacrew,ギフト,ギフトで加入,1,0,0,2026-10-05 12:06,2026-10-05 12:06,○,○,https://www.youtube.com/channel/UCNrLeSz68UR06ULQ-YInN-Q
UC8CYRf8aC1ogTQkQi1TsqKw,@erica557,0,新規(1ヶ月未満),,,Vantacrew,ギフト,ギフトで加入,1,0,0,2026-10-05 12:06,2026-10-05 12:06,○,○,https://www.youtube.com/channel/UC8CYRf8aC1ogTQkQi1TsqKw
UCZB4zGTdT5ghvPB5Y5YkVdA,@いつお_120,0,新規(1ヶ月未満),,,Vantacrew,ギフト,ギフトで加入,1,0,0,2026-10-05 12:06,2026-10-05 12:06,○,○,https://www.youtube.com/channel/UCZB4zGTdT5ghvPB5Y5YkVdA
UCb490PNbWnhrhaVDieVFzbA,@CaffinatedKittyy,0,新規(1ヶ月未満),,,Vantacrew,ギフト,ギフトで加入,1,0,0,2026-10-05 12:06,2026-10-05 12:06,○,○,https://www.youtube.com/channel/UCb490PNbWnhrhaVDieVFzbA
UC4QWAt9eLkgUmzydX6-RV9A,@kikiriririri,0,新規(1ヶ月未満),,,Vantacrew,ギフト,ギフトで加入,1,0,0,2026-10-05 12:06,2026-10-05 12:06,○,○,https://www.youtube.com/channel/UC4QWAt9eLkgUmzydX6-RV9A
UCK_ZnClHhMi3q63YLRwdC8Q,@kyoiluca,0,新規(1ヶ月未満),,,Vantacrew,ギフト,ギフトで加入,1,0,0,2026-10-05 12:06,2026-10-05 12:06,○,○,https://www.youtube.com/channel/UCK_ZnClHhMi3q63YLRwdC8Q
UCN7Ic7c_CXY6tWdhnMwnBkg,@dear.Minaray,0,新規(1ヶ月未満),,,Vantacrew,ギフト,ギフトで加入,1,0,0,2026-10-05 12:06,2026-10-05 12:06,○,○,https://www.youtube.com/channel/UCN7Ic7c_CXY6tWdhnMwnBkg
UCNWGIa-vGA677fjp2QUjEtQ,@rika_y939,0,新規(1ヶ月未満),,,Vantacrew,ギフト,ギフトで加入,1,0,0,2026-10-05 12:06,2026-10-05 12:06,○,○,https://www.youtube.com/channel/UCNWGIa-vGA677fjp2QUjEtQ
UC7yl-JbWBZMJn73mlq_HF0w,@apollo-ft4ts,0,新規(1ヶ月未満),,,Vantacrew,ギフト,ギフトで加入,1,0,0,2026-10-05 12:06,2026-10-05 12:06,○,○,https://www.youtube.com/channel/UC7yl-JbWBZMJn73mlq_HF0w
UCt5TAmQ7a7P8xccXc4SqwkQ,@jj4739,0,新規(1ヶ月未満),,,Vantacrew,ギフト,ギフトで加入,1,0,0,2026-10-05 12:06,2026-10-05 12:06,○,○,https://www.youtube.com/channel/UCt5TAmQ7a7P8xccXc4SqwkQ
UCzRuXFCbxo3NSKR1dkEo0IA,@enii_V38,0,新規(1ヶ月未満),New member,,Vantacrew,新規加入,,1,0,0,2026-10-05 12:06,2026-10-05 12:06,○,,https://www.youtube.com/channel/UCzRuXFCbxo3NSKR1dkEo0IA
UCJc2PrGrN3CA-GwUZybsxzg,@せいな-l6n,0,新規(1ヶ月未満),New member,,Vantacrew,新規加入,,1,3,0,2026-10-07 13:06,2026-10-07 13:06,○,,https://www.youtube.com/channel/UCJc2PrGrN3CA-GwUZybsxzg
UCq-ioQwwq8kSEqg3b7RbTtQ,@vvalin_03,0,新規(1ヶ月未満),New member,,Vantacrew Archives,新規加入,,1,0,0,2026-10-07 13:06,2026-10-07 13:06,○,,https://www.youtube.com/channel/UCq-ioQwwq8kSEqg3b7RbTtQ
UCcSdvqxuB-TspQ5gP6EO6rg,@wavetofleur,0,新規(1ヶ月未満),,,Vantacrew,ギフト,ギフトで加入,1,0,0,2026-10-07 13:06,2026-10-07 13:06,○,○,https://www.youtube.com/channel/UCcSdvqxuB-TspQ5gP6EO6rg
UCj-0-9FO4TH30grzQrEfIpQ,@mysteriousnephilimpngtuber,0,新規(1ヶ月未満),,,Vantacrew,ギフト,ギフトで加入,1,0,0,2026-10-07 13:06,2026-10-07 13:06,○,○,https://www.youtube.com/channel/UCj-0-9FO4TH30grzQrEfIpQ
UCvuGMcz7edYGVOsBEjF73jQ,@yuki_kun05,0,新規(1ヶ月未満),,,Vantacrew,ギフト,ギフトで加入,1,0,0,2026-10-07 13:06,2026-10-07 13:06,○,○,https://www.youtube.com/channel/UCvuGMcz7edYGVOsBEjF73jQ
UCYf-IVnBfnofy7tvK7YcCVw,@DeboRei07,0,新規(1ヶ月未満),,,Vantacrew,ギフト,ギフトで加入,1,0,0,2026-10-07 13:06,2026-10-07 13:06,○,○,https://www.youtube.com/channel/UCYf-IVnBfnofy7tvK7YcCVw
UCzxplOzy5gNk2DaQk4omIHg,@cl3mmn,0,新規(1ヶ月未満),,,Vantacrew,ギフト,ギフトで加入,1,0,0,2026-10-07 13:06,2026-10-07 13:06,○,○,https://www.youtube.com/channel/UCzxplOzy5gNk2DaQk4omIHg
UCoAAnGKfkrFQPJVHYoQOUNg,@dust0989,0,新規(1ヶ月未満),,,Vantacrew,ギフト,ギフトで加入,1,0,0,2026-10-07 13:06,2026-10-07 13:06,○,○,https://www.youtube.com/channel/UCoAAnGKfkrFQPJVHYoQOUNg
UCV0N1FXJQfgan7j253GywNA,@necokoha,0,新規(1ヶ月未満),,,Vantacrew,ギフト,ギフトで加入,1,0,0,2026-10-07 13:06,2026-10-07 13:06,○,○,https://www.youtube.com/channel/UCV0N1FXJQfgan7j253GywNA
UC9BJgeo_Y-6W9Da1VoWrqmw,@miikou_,0,新規(1ヶ月未満),,,Vantacrew,ギフト,ギフトで加入,1,0,0,2026-10-07 13:06,2026-10-07 13:06,○,○,https://www.youtube.com/channel/UC9BJgeo_Y-6W9Da1VoWrqmw
UCYY0A6V6HtBgiOL-UU_RRSw,@abug6789,0,新規(1ヶ月未満),,,Vantacrew,ギフト,ギフトで加入,1,0,0,2026-10-07 13:06,2026-10-07 13:06,○,○,https://www.youtube.com/channel/UCYY0A6V6HtBgiOL-UU_RRSw
UCgv8HoOirIOd1zeBFsYM5dA,@nani_yatsu,0,新規(1ヶ月未満),,,Vantacrew,ギフト,ギフトで加入,1,0,0,2026-10-07 13:06,2026-10-07 13:06,○,○,https://www.youtube.com/channel/UCgv8HoOirIOd1zeBFsYM5dA
UCaRcVnJyDf_RIq41Mkq76ZQ,@yakuaysel_mp4,0,新規(1ヶ月未満),,,Vantacrew,ギフト,ギフトで加入,1,0,0,2026-10-07 13:06,2026-10-07 13:06,○,○,https://www.youtube.com/channel/UCaRcVnJyDf_RIq41Mkq76ZQ
UC6KBjdSyFtD2dZDlinjsjWQ,@e_campy,0,新規(1ヶ月未満),,,Vantacrew,ギフト,ギフトで加入,1,0,0,2026-10-07 13:06,2026-10-07 13:06,○,○,https://www.youtube.com/channel/UC6KBjdSyFtD2dZDlinjsjWQ
UCL6e1h4W3GPXuyAlSwFtAwQ,@ngocanhvuong4003,0,新規(1ヶ月未満),,,Vantacrew,ギフト,ギフトで加入,1,0,0,2026-10-07 13:06,2026-10-07 13:06,○,○,https://www.youtube.com/channel/UCL6e1h4W3GPXuyAlSwFtAwQ
UCYw-kvtJI6XYXgYKmQ5-LXg,@Tingct11,0,新規(1ヶ月未満),,,Vantacrew,ギフト,ギフトで加入,1,0,0,2026-10-07 13:06,2026-10-07 13:06,○,○,https://www.youtube.com/channel/UCYw-kvtJI6XYXgYKmQ5-LXg
UCA1y7FM1p_V3PHkNGqux6DA,@lanci_06,0,新規(1ヶ月未満),New member,,Vantacrew,新規加入,,1,0,0,2026-10-07 13:06,2026-10-07 13:06,○,,https://www.youtube.com/channel/UCA1y7FM1p_V3PHkNGqux6DA
