channel_id,name,badge_months,badge,badge_tooltip,milestone_months,tier,tier_source,revenue_note,streams_seen,messages,superchats,first_seen,last_seen,joined_in_period,gift_received,url
UCTb0swK_XsWBLRf1UYOj14Q,@hs108bonno,48,4年,Member (4 years),,不明,,,8,799,0,2026-09-08 22:45,2026-09-30 10:06,,,https://www.youtube.com/channel/UCTb0swK_XsWBLRf1UYOj14Q
UC9SNohqhA-HGasJUcaxFhag,@louis_rs2746,48,4年,Member (4 years),49,Yaminions,マイルストーン,,8,152,0,2026-09-08 22:45,2026-09-30 10:06,,,https://www.youtube.com/channel/UC9SNohqhA-HGasJUcaxFhag
UCb04YrKLIdpbn8BCHILHvZA,@nagisa_ma,48,4年,Member (4 years),,不明,,,8,309,0,2026-09-08 22:45,2026-09-30 10:06,,,https://www.youtube.com/channel/UCb04YrKLIdpbn8BCHILHvZA
UCYLd655vjCHXxLoJeP2MhCw,@くさか-m6y,48,4年,Member (4 years),48,Yaminions,マイルストーン,,8,274,1,2026-09-08 22:45,2026-09-30 10:06,,,https://www.youtube.com/channel/UCYLd655vjCHXxLoJeP2MhCw
UCvD3UqRwzaIDqLVkqfZdAzA,@jackielopism,48,4年,Member (4 years),54,Yaminions,マイルストーン,,8,143,0,2026-09-08 22:45,2026-09-30 10:06,,,https://www.youtube.com/channel/UCvD3UqRwzaIDqLVkqfZdAzA
UCVvU-eMHaPaSv09f0YzZ3SQ,@いち子_sy,48,4年,Member (4 years),,不明,,,8,29,1,2026-09-08 22:45,2026-09-30 10:06,,,https://www.youtube.com/channel/UCVvU-eMHaPaSv09f0YzZ3SQ
UCkdnccOBUm5c4zs3b7Oc18A,@aoperi,48,4年,Member (4 years),55,Yaminions,マイルストーン,,8,199,0,2026-09-08 22:45,2026-09-30 10:06,,,https://www.youtube.com/channel/UCkdnccOBUm5c4zs3b7Oc18A
UCmvGm0LfBx39kMNjmGj6G4A,@pool3333,48,4年,Member (4 years),,不明,,,8,126,0,2026-09-08 22:45,2026-09-30 10:06,,,https://www.youtube.com/channel/UCmvGm0LfBx39kMNjmGj6G4A
UC2PRu2HQlEPYtCF1IgT_ttQ,@aommuri,48,4年,Member (4 years),,不明,,,8,216,0,2026-09-08 22:45,2026-09-30 10:06,,,https://www.youtube.com/channel/UC2PRu2HQlEPYtCF1IgT_ttQ
UCaLTlzJVMrMeQi4bXOGp86g,@mitohachi,48,4年,Member (4 years),,不明,,,8,288,0,2026-09-08 22:45,2026-09-30 10:06,,,https://www.youtube.com/channel/UCaLTlzJVMrMeQi4bXOGp86g
UCbXPPz2ZOu89aIARMF4PFBg,@arjkive,48,4年,Member (4 years),48,Yaminions,マイルストーン,,8,531,0,2026-09-08 22:45,2026-09-30 10:06,,,https://www.youtube.com/channel/UCbXPPz2ZOu89aIARMF4PFBg
UCtWx0LqBih9if75iH8n1ZuQ,@YUIkusakabe,48,4年,Member (4 years),,不明,,,8,389,0,2026-09-08 22:45,2026-09-30 10:06,,,https://www.youtube.com/channel/UCtWx0LqBih9if75iH8n1ZuQ
UC9Zt-bKMvGx9jXjQiBTfkzg,@thao3373,48,4年,Member (4 years),52,Yaminions,マイルストーン,,8,869,0,2026-09-08 22:45,2026-09-30 10:06,,,https://www.youtube.com/channel/UC9Zt-bKMvGx9jXjQiBTfkzg
UC7FMOR6oVAbxc2ESj_xipOw,@leeteresa3892,48,4年,Member (4 years),,不明,,,7,96,0,2026-09-08 22:45,2026-09-30 10:06,,,https://www.youtube.com/channel/UC7FMOR6oVAbxc2ESj_xipOw
UCdpL5qdsduuA8FelJC8XyHA,@mya2myamya,48,4年,Member (4 years),,不明,,,7,166,0,2026-09-08 22:45,2026-09-30 10:06,,,https://www.youtube.com/channel/UCdpL5qdsduuA8FelJC8XyHA
UCtEfLjcLBVcFCYI5cOABcuA,@otonashi04,48,4年,Member (4 years),53,Yaminions,マイルストーン,,7,13,0,2026-09-08 22:45,2026-09-30 00:08,,,https://www.youtube.com/channel/UCtEfLjcLBVcFCYI5cOABcuA
UCtSRPa0LkkqIXqA3XEAozNQ,@EatPaca,48,4年,Member (4 years),53,Yaminions,マイルストーン,,7,46,0,2026-09-08 22:45,2026-09-30 10:06,,,https://www.youtube.com/channel/UCtSRPa0LkkqIXqA3XEAozNQ
UCqqkd6gkUrBd8HCL58V3Uaw,@69ella,48,4年,Member (4 years),,不明,,,7,743,0,2026-09-08 22:45,2026-09-30 10:06,,,https://www.youtube.com/channel/UCqqkd6gkUrBd8HCL58V3Uaw
UC3Qjq6fCFJF-l4QgiDhoTug,@vvvlesley,48,4年,Member (4 years),,不明,,,7,84,0,2026-09-08 22:45,2026-09-30 10:06,,,https://www.youtube.com/channel/UC3Qjq6fCFJF-l4QgiDhoTug
UCiIXPpsiPdFApZolDT0u2hQ,@Saeyin,48,4年,Member (4 years),55,Yaminions,マイルストーン,,7,531,0,2026-09-08 22:45,2026-09-30 10:06,,,https://www.youtube.com/channel/UCiIXPpsiPdFApZolDT0u2hQ
UCyUNBpU3LM_MKGqjnBDXg6w,@めぐむ-p3d,48,4年,Member (4 years),,不明,,,7,7,7,2026-09-08 22:45,2026-09-30 00:08,,,https://www.youtube.com/channel/UCyUNBpU3LM_MKGqjnBDXg6w
UC7BW8YqlGa31tV0DJvZOV_w,@shunshanxinag,48,4年,Member (4 years),55,Yaminions,マイルストーン,,7,85,0,2026-09-08 22:45,2026-09-30 10:06,,,https://www.youtube.com/channel/UC7BW8YqlGa31tV0DJvZOV_w
UCZuMgXYdKLSlW2_tQGIAFeQ,@loveless1921,48,4年,Member (4 years),54,Yaminions,マイルストーン,,7,34,1,2026-09-08 22:45,2026-09-30 10:06,,,https://www.youtube.com/channel/UCZuMgXYdKLSlW2_tQGIAFeQ
UCri0YhpS9-AfI9AG3bVTDNA,@wincy7473,48,4年,Member (4 years),,不明,,,7,25,0,2026-09-08 22:45,2026-09-30 10:06,,,https://www.youtube.com/channel/UCri0YhpS9-AfI9AG3bVTDNA
UClzVzwOVoGrHD5WqyBy_Qmg,@6010nian,48,4年,Member (4 years),52,Yaminions,マイルストーン,,7,471,0,2026-09-13 18:30,2026-09-30 10:06,,,https://www.youtube.com/channel/UClzVzwOVoGrHD5WqyBy_Qmg
UC8yKANojDq2AZpxzlfDkMTA,@yuciel5594,48,4年,Member (4 years),55,Yaminions,マイルストーン,,7,195,0,2026-09-13 18:30,2026-09-30 10:06,,,https://www.youtube.com/channel/UC8yKANojDq2AZpxzlfDkMTA
UCGAP_LFPGjw7gyJwbm66_bQ,@hakuxwx,48,4年,Member (4 years),51,Yaminions,マイルストーン,,6,146,0,2026-09-08 22:45,2026-09-30 00:08,,,https://www.youtube.com/channel/UCGAP_LFPGjw7gyJwbm66_bQ
UCRtiK0oXVU_ZNXC7jpB-0ag,@weiii_dOuOb,48,4年,Member (4 years),,不明,,,6,41,0,2026-09-08 22:45,2026-09-25 12:05,,,https://www.youtube.com/channel/UCRtiK0oXVU_ZNXC7jpB-0ag
UCJ-ClXysRxqEznx0-SNmS8g,@banana_man_75,48,4年,Member (4 years),51,Yaminions,マイルストーン,,6,292,0,2026-09-08 22:45,2026-09-30 10:06,,,https://www.youtube.com/channel/UCJ-ClXysRxqEznx0-SNmS8g
UCjvksF7f55cAIbvuOm9mYHg,@renga_nや,48,4年,Member (4 years),,不明,,,6,64,0,2026-09-08 22:45,2026-09-30 10:06,,,https://www.youtube.com/channel/UCjvksF7f55cAIbvuOm9mYHg
UCGGuMckMfjI27SNxnD91gHQ,@nekoya_shiki,48,4年,Member (4 years),53,Yaminions,マイルストーン,,6,50,0,2026-09-08 22:45,2026-09-30 10:06,,,https://www.youtube.com/channel/UCGGuMckMfjI27SNxnD91gHQ
UCBq4lcs6s0bLUdksFVeNFaw,@テディ_iamateddybear,48,4年,Member (4 years),,不明,,,6,13,0,2026-09-08 22:45,2026-09-30 10:06,,,https://www.youtube.com/channel/UCBq4lcs6s0bLUdksFVeNFaw
UC5tI9LC8ZknsRPK5FwKuZxA,@honidewi,48,4年,Member (4 years),,不明,,,6,270,0,2026-09-08 22:45,2026-09-30 10:06,,,https://www.youtube.com/channel/UC5tI9LC8ZknsRPK5FwKuZxA
UC31IPtpuvzEcvv7d957Nwyg,@shunana9080,48,4年,Member (4 years),51,Yaminions,マイルストーン,,6,29,2,2026-09-08 22:45,2026-09-30 10:06,,,https://www.youtube.com/channel/UC31IPtpuvzEcvv7d957Nwyg
UCgvJaUc64R63GolDWtK-QLA,@j0viaLBun,48,4年,Member (4 years),51,Yaminions,マイルストーン,,6,57,0,2026-09-08 22:45,2026-09-30 10:06,,,https://www.youtube.com/channel/UCgvJaUc64R63GolDWtK-QLA
UCXV_6AMB5p96P8_Y7fke3Bw,@mansatoshi7401,48,4年,Member (4 years),,不明,,,6,68,0,2026-09-08 22:45,2026-09-30 00:08,,,https://www.youtube.com/channel/UCXV_6AMB5p96P8_Y7fke3Bw
UCM5RddolFTbYh7GN_1SOwBQ,@saita1229,48,4年,Member (4 years),,不明,,,6,92,0,2026-09-08 22:45,2026-09-30 10:06,,,https://www.youtube.com/channel/UCM5RddolFTbYh7GN_1SOwBQ
UChT47cvOdtLqPExybMcBMeg,@minyo0u0,48,4年,Member (4 years),55,Yaminions,マイルストーン,,6,107,0,2026-09-13 18:30,2026-09-30 10:06,,,https://www.youtube.com/channel/UChT47cvOdtLqPExybMcBMeg
UCPftFoAxxWIpSkqQ1AvlvUg,@yokway837,48,4年,Member (4 years),53,Yaminions,マイルストーン,,6,43,0,2026-09-13 18:30,2026-09-30 10:06,,,https://www.youtube.com/channel/UCPftFoAxxWIpSkqQ1AvlvUg
UCiNiRoVtfYTzpdQzIVUNygA,@taecys,48,4年,Member (4 years),,不明,,,6,131,0,2026-09-13 18:30,2026-09-30 10:06,,,https://www.youtube.com/channel/UCiNiRoVtfYTzpdQzIVUNygA
UCyaR1440z0z2L0YQoN9FLSw,@Riyu-0,48,4年,Member (4 years),,不明,,,5,6,0,2026-09-08 22:45,2026-09-30 10:06,,,https://www.youtube.com/channel/UCyaR1440z0z2L0YQoN9FLSw
UCPjwBkuaSNuEytlMa2Z-JiQ,@Rey-banene,48,4年,Member (4 years),,不明,,,5,29,0,2026-09-08 22:45,2026-09-25 12:05,,,https://www.youtube.com/channel/UCPjwBkuaSNuEytlMa2Z-JiQ
UCmRV5mRK8mFzag2x2rIM7tw,@akane2935,48,4年,Member (4 years),54,Yaminions,マイルストーン,,5,62,1,2026-09-08 22:45,2026-09-30 10:06,,,https://www.youtube.com/channel/UCmRV5mRK8mFzag2x2rIM7tw
UC_pLfhVPQIl79TXzJtsu58w,@tantiklo4637,48,4年,Member (4 years),,不明,,,5,53,0,2026-09-08 22:45,2026-09-30 10:06,,,https://www.youtube.com/channel/UC_pLfhVPQIl79TXzJtsu58w
UCN0EHlRXZPobcUBndmjdjPQ,@silviajiang76,48,4年,Member (4 years),54,Yaminions,マイルストーン,,5,18,0,2026-09-08 22:45,2026-09-30 10:06,,,https://www.youtube.com/channel/UCN0EHlRXZPobcUBndmjdjPQ
UC2qsU76nThbHe5JYPJdZQyw,@kolaコラ,48,4年,Member (4 years),54,Yaminions,マイルストーン,,5,67,0,2026-09-08 22:45,2026-09-24 10:01,,,https://www.youtube.com/channel/UC2qsU76nThbHe5JYPJdZQyw
UCK2NYBCChLmPsjUWrj0PvZQ,@jjamyiee,48,4年,Member (4 years),50,Yaminions,マイルストーン,,5,13,0,2026-09-08 22:45,2026-09-30 10:06,,,https://www.youtube.com/channel/UCK2NYBCChLmPsjUWrj0PvZQ
UC61DHPx7wviKeqaScoIiPRA,@_SOOOOOdesu,48,4年,Member (4 years),56,Yaminions,マイルストーン,,5,23,0,2026-09-08 22:45,2026-09-30 00:08,,,https://www.youtube.com/channel/UC61DHPx7wviKeqaScoIiPRA
UCPtGNJhnGkUKKiuC46hgKTg,@nyaotarooo,48,4年,Member (4 years),,不明,,,5,34,0,2026-09-08 22:45,2026-09-25 12:05,,,https://www.youtube.com/channel/UCPtGNJhnGkUKKiuC46hgKTg
UCVkRsdQ3GTV55-mpjKOB4ew,@julia-hs8ml,48,4年,Member (4 years),,不明,,,5,51,0,2026-09-08 22:45,2026-09-30 10:06,,,https://www.youtube.com/channel/UCVkRsdQ3GTV55-mpjKOB4ew
UCn8r3Jf3xR0H35x6ch7rVTg,@hsuanhsuan1497,48,4年,Member (4 years),,不明,,,5,152,0,2026-09-13 18:30,2026-09-30 00:08,,,https://www.youtube.com/channel/UCn8r3Jf3xR0H35x6ch7rVTg
UCWOA8DCDX055j3YFYSnxQuw,@shikigaminion,48,4年,Member (4 years),,不明,,,5,137,0,2026-09-13 18:30,2026-09-30 10:06,,,https://www.youtube.com/channel/UCWOA8DCDX055j3YFYSnxQuw
UCLYbbP4V0_csSWxrGigA6Yg,@nanamin2434,48,4年,Member (4 years),,不明,,,5,27,0,2026-09-13 18:30,2026-09-30 10:06,,,https://www.youtube.com/channel/UCLYbbP4V0_csSWxrGigA6Yg
UCInr0n49gj8gJq8zBPKyVvw,@ant-nyan,48,4年,Member (4 years),53,Yaminions,マイルストーン,,5,106,0,2026-09-13 18:30,2026-09-30 10:06,,,https://www.youtube.com/channel/UCInr0n49gj8gJq8zBPKyVvw
UCi8d49xO9fmhaEmJVzdwE2w,@loverosies,48,4年,Member (4 years),48,Yaminions,マイルストーン,,5,20,0,2026-09-13 18:30,2026-09-30 00:08,,,https://www.youtube.com/channel/UCi8d49xO9fmhaEmJVzdwE2w
UCGlAwJf0SV1zFD06FkoALDw,@Liddell2675,48,4年,Member (4 years),56,Yaminions,マイルストーン,,5,228,0,2026-09-13 18:30,2026-09-30 10:06,,,https://www.youtube.com/channel/UCGlAwJf0SV1zFD06FkoALDw
UCJ0EAS2812INNfH9odYt81Q,@luisa0408pog,48,4年,Member (4 years),,不明,,,5,25,0,2026-09-13 18:30,2026-09-30 10:06,,,https://www.youtube.com/channel/UCJ0EAS2812INNfH9odYt81Q
UCqcA_qKj2-GUmeHGLf72YXw,@yumi0206,48,4年,Member (4 years),,不明,,,4,85,0,2026-09-08 22:45,2026-09-30 00:08,,,https://www.youtube.com/channel/UCqcA_qKj2-GUmeHGLf72YXw
UCqaL-dDsyCFSOnxqRe0VnoQ,@laziestkap909,48,4年,Member (4 years),50,Yaminions,マイルストーン,,4,153,0,2026-09-08 22:45,2026-09-25 12:05,,,https://www.youtube.com/channel/UCqaL-dDsyCFSOnxqRe0VnoQ
UCvIopyPSs4tZntL23mO5R0A,@ssrin,48,4年,Member (4 years),,不明,,,4,15,0,2026-09-08 22:45,2026-09-30 00:08,,,https://www.youtube.com/channel/UCvIopyPSs4tZntL23mO5R0A
UCKOC5ucmQzUPBGhqSaPG1eQ,@KeigiSai,48,4年,Member (4 years),,不明,,,4,5,0,2026-09-08 22:45,2026-09-25 12:05,,,https://www.youtube.com/channel/UCKOC5ucmQzUPBGhqSaPG1eQ
UCuSCCieQ4qyUoFAY3fVEd8Q,@_pomemaru7173,48,4年,Member (4 years),54,Yaminions,マイルストーン,,4,11,0,2026-09-08 22:45,2026-09-18 10:01,,,https://www.youtube.com/channel/UCuSCCieQ4qyUoFAY3fVEd8Q
UCm3VqCqjuoFM_y4GXrfUrgg,@hi.jeidee,48,4年,Member (4 years),,不明,,,4,6,0,2026-09-08 22:45,2026-09-30 10:06,,,https://www.youtube.com/channel/UCm3VqCqjuoFM_y4GXrfUrgg
UC_yYtQ0akFyxL6Sr6ZpRnVA,@p_QwQ_q,48,4年,Member (4 years),,不明,,,4,135,0,2026-09-13 18:30,2026-09-25 12:05,,,https://www.youtube.com/channel/UC_yYtQ0akFyxL6Sr6ZpRnVA
UCZrqdEedmGMhEMaffsteDSQ,@ginmin317,48,4年,Member (4 years),55,Yaminions,マイルストーン,,4,25,0,2026-09-13 18:30,2026-09-30 10:06,,,https://www.youtube.com/channel/UCZrqdEedmGMhEMaffsteDSQ
UCaqQ4lUuBVLcgb37fS1MRJg,@Zyrene_Frost,48,4年,Member (4 years),,不明,,,4,70,0,2026-09-13 18:30,2026-09-30 10:06,,,https://www.youtube.com/channel/UCaqQ4lUuBVLcgb37fS1MRJg
UC_rQ-DLDpQDCFHhzXKKG0Lw,@shannn105,48,4年,Member (4 years),,不明,,,4,20,0,2026-09-13 18:30,2026-09-30 00:08,,,https://www.youtube.com/channel/UC_rQ-DLDpQDCFHhzXKKG0Lw
UCCaGCg3zw1wgzIY_8PUY-RQ,@mels9674,48,4年,Member (4 years),,不明,,,4,141,0,2026-09-13 18:30,2026-09-25 12:05,,,https://www.youtube.com/channel/UCCaGCg3zw1wgzIY_8PUY-RQ
UCwnUH1D0KmaRcgy-vQW7-Ng,@astherrrrrrr8313,48,4年,Member (4 years),,不明,,,4,107,0,2026-09-18 10:01,2026-09-30 10:06,,,https://www.youtube.com/channel/UCwnUH1D0KmaRcgy-vQW7-Ng
UCaL1VRxqd2W1sxDhKkAZPIA,@openopen-オペン,48,4年,Member (4 years),,不明,,,4,9,0,2026-09-18 10:01,2026-09-30 10:06,,,https://www.youtube.com/channel/UCaL1VRxqd2W1sxDhKkAZPIA
UCowawEGHCfvT7zORM20peWw,@voidmatsu1428,48,4年,Member (4 years),56,Yaminions,マイルストーン,,3,10,0,2026-09-08 22:45,2026-09-30 10:06,,,https://www.youtube.com/channel/UCowawEGHCfvT7zORM20peWw
UC4CtrloTIAmpqNPCUssxlBA,@chialinghsu5797,48,4年,Member (4 years),,不明,,,3,9,0,2026-09-08 22:45,2026-09-30 10:06,,,https://www.youtube.com/channel/UC4CtrloTIAmpqNPCUssxlBA
UCwP-tY93jwSWeED8fgJhwXA,@tanpopopurin1609,48,4年,Member (4 years),,不明,,,3,5,0,2026-09-08 22:45,2026-09-24 10:01,,,https://www.youtube.com/channel/UCwP-tY93jwSWeED8fgJhwXA
UC2MTLYjNq8pYMc4WsS3jx0g,@a.k4007,48,4年,Member (4 years),,不明,,,3,87,0,2026-09-08 22:45,2026-09-16 19:00,,,https://www.youtube.com/channel/UC2MTLYjNq8pYMc4WsS3jx0g
UCKjp3UWU8NdZCX_CSaIVHQQ,@JoanneL_321,48,4年,Member (4 years),,不明,,,3,34,0,2026-09-08 22:45,2026-09-24 10:01,,,https://www.youtube.com/channel/UCKjp3UWU8NdZCX_CSaIVHQQ
UCIUD8E87UOhbtuHCmrcJXsQ,@mochamocha59,48,4年,Member (4 years),,不明,,,3,12,0,2026-09-08 22:45,2026-09-25 12:05,,,https://www.youtube.com/channel/UCIUD8E87UOhbtuHCmrcJXsQ
UCizDh-c_DSqpt2IxT3Kn_AQ,@kathy7603,48,4年,Member (4 years),,不明,,,3,108,0,2026-09-13 18:30,2026-09-24 10:01,,,https://www.youtube.com/channel/UCizDh-c_DSqpt2IxT3Kn_AQ
UCvLzQAR4omdfLyHv6u38qWw,@laviss_laviss_laviss,48,4年,Member (4 years),,不明,,,3,9,0,2026-09-13 18:30,2026-09-24 10:01,,,https://www.youtube.com/channel/UCvLzQAR4omdfLyHv6u38qWw
UCazgM1tzoZd8UTOaT_lR-4g,@kazuhito234,48,4年,Member (4 years),52,Yaminions,マイルストーン,,3,105,0,2026-09-13 18:30,2026-09-24 10:01,,,https://www.youtube.com/channel/UCazgM1tzoZd8UTOaT_lR-4g
UCSpMqoMQU0LAquouV2PEiyQ,@kr__1683,48,4年,Member (4 years),,不明,,,3,31,0,2026-09-13 18:30,2026-09-18 10:01,,,https://www.youtube.com/channel/UCSpMqoMQU0LAquouV2PEiyQ
UC0NdVTNg90WK6aqdqoBsb7w,@ThePapurikachan,48,4年,Member (4 years),,不明,,,3,14,0,2026-09-13 18:30,2026-09-30 00:08,,,https://www.youtube.com/channel/UC0NdVTNg90WK6aqdqoBsb7w
UCisxp7yb6a5EYMRMg4AsHSw,@_LEE01,48,4年,Member (4 years),,不明,,,3,9,0,2026-09-13 18:30,2026-09-30 00:08,,,https://www.youtube.com/channel/UCisxp7yb6a5EYMRMg4AsHSw
UC60NXaVR4NA9l4DY1mN3XDw,@amao2901,48,4年,Member (4 years),54,Yaminions,マイルストーン,,3,4,0,2026-09-13 18:30,2026-09-30 10:06,,,https://www.youtube.com/channel/UC60NXaVR4NA9l4DY1mN3XDw
UC4giavvSRy7utRNilTuBBXg,@HeliaLiya,48,4年,Member (4 years),,不明,,,3,157,0,2026-09-13 18:30,2026-09-30 10:06,,,https://www.youtube.com/channel/UC4giavvSRy7utRNilTuBBXg
UC_GxQfWYMYb8G4UA80rdRSw,@naive.day_w,48,4年,Member (4 years),,不明,,,3,17,0,2026-09-13 18:30,2026-09-18 10:01,,,https://www.youtube.com/channel/UC_GxQfWYMYb8G4UA80rdRSw
UCNtrINZCe4XVz1lgpdjG3Pw,@Iwannabeneko,48,4年,Member (4 years),,不明,,,3,26,0,2026-09-13 18:30,2026-09-30 10:06,,,https://www.youtube.com/channel/UCNtrINZCe4XVz1lgpdjG3Pw
UCxJ9t85ymoAFau6TlEnyHGw,@noirlyn_noween,48,4年,Member (4 years),55,Yaminions,マイルストーン,,3,3,0,2026-09-13 18:30,2026-09-30 00:08,,,https://www.youtube.com/channel/UCxJ9t85ymoAFau6TlEnyHGw
UCQQDSBtBz0RUbUpvqhvBTTQ,@akishiro9200,48,4年,Member (4 years),54,Yaminions,マイルストーン,,3,1,0,2026-09-13 18:30,2026-09-30 10:06,,,https://www.youtube.com/channel/UCQQDSBtBz0RUbUpvqhvBTTQ
UCm5xYE4Q-G7vlul64oSHO3g,@A_dui_dui,48,4年,Member (4 years),,不明,,,3,3,0,2026-09-16 19:00,2026-09-30 10:06,,,https://www.youtube.com/channel/UCm5xYE4Q-G7vlul64oSHO3g
UCg10loO-NR8ASvj6yFLAxCg,@morning_cocoa,48,4年,Member (4 years),,不明,,,3,10,0,2026-09-16 19:00,2026-09-30 10:06,,,https://www.youtube.com/channel/UCg10loO-NR8ASvj6yFLAxCg
UCBjcdkQkuOKeJesrUmxeDvg,@Lux_flos,48,4年,Member (4 years),,不明,,,3,13,0,2026-09-18 10:01,2026-09-30 10:06,,,https://www.youtube.com/channel/UCBjcdkQkuOKeJesrUmxeDvg
UCPfmxKNrLkU1R5Ol4-jUvVw,@chalkelot,48,4年,Member (4 years),,不明,,,3,20,0,2026-09-18 10:01,2026-09-30 10:06,,,https://www.youtube.com/channel/UCPfmxKNrLkU1R5Ol4-jUvVw
UCY_fEYCkoz8B3ST6bkV8ssQ,@linh7298,48,4年,Member (4 years),53,Yaminions,マイルストーン,,3,6,0,2026-09-18 10:01,2026-09-25 12:05,,,https://www.youtube.com/channel/UCY_fEYCkoz8B3ST6bkV8ssQ
UCmANOrxyiIYYG2LfQqIc_1g,@莉緒-rio,48,4年,Member (4 years),,不明,,,2,2,0,2026-09-08 22:45,2026-09-18 10:01,,,https://www.youtube.com/channel/UCmANOrxyiIYYG2LfQqIc_1g
UCtfT7LCAjOuOItVBEDgbo9g,@turtle_ey,48,4年,Member (4 years),,不明,,,2,4,0,2026-09-08 22:45,2026-09-30 00:08,,,https://www.youtube.com/channel/UCtfT7LCAjOuOItVBEDgbo9g
UCead1CHthnRjPma-wKobBLw,@spectre_solo,48,4年,Member (4 years),,不明,,,2,17,0,2026-09-08 22:45,2026-09-13 18:30,,,https://www.youtube.com/channel/UCead1CHthnRjPma-wKobBLw
UCSVqwNuBK6ipR1JNJuFSUmw,@kweikwei2102,48,4年,Member (4 years),,不明,,,2,14,0,2026-09-08 22:45,2026-09-13 18:30,,,https://www.youtube.com/channel/UCSVqwNuBK6ipR1JNJuFSUmw
UCI-6idB5FDkHFVdTSRs26Hw,@Leona_pog,48,4年,Member (4 years),,不明,,,2,3,0,2026-09-08 22:45,2026-09-24 10:01,,,https://www.youtube.com/channel/UCI-6idB5FDkHFVdTSRs26Hw
UCWJVJMFBqupFPS111txnNDw,@Ashley-jn1rx,48,4年,Member (4 years),,不明,,,2,2,0,2026-09-08 22:45,2026-09-18 10:01,,,https://www.youtube.com/channel/UCWJVJMFBqupFPS111txnNDw
UCkcIUftwPd1VeVdblBONGxA,@Miya_JJ,48,4年,Member (4 years),,不明,,,2,3,0,2026-09-08 22:45,2026-09-30 00:08,,,https://www.youtube.com/channel/UCkcIUftwPd1VeVdblBONGxA
UCEcLTk83VqXydd-z-SDwPhA,@lemonyu1816,48,4年,Member (4 years),,不明,,,2,8,0,2026-09-08 22:45,2026-09-13 18:30,,,https://www.youtube.com/channel/UCEcLTk83VqXydd-z-SDwPhA
UCLaMoPLXf76RoowUotncwNA,@sasami-OHO,48,4年,Member (4 years),55,Yaminions,マイルストーン,,2,2,0,2026-09-08 22:45,2026-09-13 18:30,,,https://www.youtube.com/channel/UCLaMoPLXf76RoowUotncwNA
UCErquAYIrahd-oMbAD-lXzA,@Ss_banana,48,4年,Member (4 years),,不明,,,2,10,0,2026-09-13 18:30,2026-09-16 19:00,,,https://www.youtube.com/channel/UCErquAYIrahd-oMbAD-lXzA
UCXhE2g9pzCzVN40oy3Afbqw,@peggygau,48,4年,Member (4 years),,不明,,,2,3,0,2026-09-13 18:30,2026-09-18 10:01,,,https://www.youtube.com/channel/UCXhE2g9pzCzVN40oy3Afbqw
UCZpRj_G5-QeAZ3BDYL2_4yw,@ハビタブルごはんめし,48,4年,Member (4 years),,不明,,,2,72,0,2026-09-13 18:30,2026-09-18 10:01,,,https://www.youtube.com/channel/UCZpRj_G5-QeAZ3BDYL2_4yw
UCwdtHQr4ccuuUk0fk8QyO4g,@mh0401andmai,48,4年,Member (4 years),,不明,,,2,37,0,2026-09-13 18:30,2026-09-16 19:00,,,https://www.youtube.com/channel/UCwdtHQr4ccuuUk0fk8QyO4g
UCfGFr08Fzm-MmSnxi7_p9eA,@TheAnon-San,48,4年,Member (4 years),,不明,,,2,7,0,2026-09-13 18:30,2026-09-24 10:01,,,https://www.youtube.com/channel/UCfGFr08Fzm-MmSnxi7_p9eA
UCOUwAo_PFdpgdAVvC0quk0A,@monica8090,48,4年,Member (4 years),,不明,,,2,17,0,2026-09-13 18:30,2026-09-30 00:08,,,https://www.youtube.com/channel/UCOUwAo_PFdpgdAVvC0quk0A
UCs1WRWThBmLiHRwPwCxppwg,@chimmy_shuwu,48,4年,Member (4 years),,不明,,,2,6,0,2026-09-13 18:30,2026-09-30 00:08,,,https://www.youtube.com/channel/UCs1WRWThBmLiHRwPwCxppwg
UCJQHA3ep2wk3Vhc1xOJ52WA,@jeeyuhh,48,4年,Member (4 years),55,Yaminions,マイルストーン,,2,8,0,2026-09-13 18:30,2026-09-30 10:06,,,https://www.youtube.com/channel/UCJQHA3ep2wk3Vhc1xOJ52WA
UCgWlm_pBvngcpGH-xiODXCw,@iveith,48,4年,Member (4 years),,不明,,,2,3,0,2026-09-13 18:30,2026-09-25 12:05,,,https://www.youtube.com/channel/UCgWlm_pBvngcpGH-xiODXCw
UCYUhX3euC1FG1LmXStPc74A,@nanao6707,48,4年,Member (4 years),,不明,,,2,13,0,2026-09-13 18:30,2026-09-16 19:00,,,https://www.youtube.com/channel/UCYUhX3euC1FG1LmXStPc74A
UCgc6stftA7v6i51BbYT5ToA,@shiho3939,48,4年,Member (4 years),,不明,,,2,23,0,2026-09-13 18:30,2026-09-24 10:01,,,https://www.youtube.com/channel/UCgc6stftA7v6i51BbYT5ToA
UConq8PKEARSCsUuYDc83QBw,@shiiiiichandesu,48,4年,Member (4 years),51,Yaminions,マイルストーン,,2,2,0,2026-09-13 18:30,2026-09-16 19:00,,,https://www.youtube.com/channel/UConq8PKEARSCsUuYDc83QBw
UCFNhjl-oIjIQ6qgBtyWSmKw,@sylvia9083,48,4年,Member (4 years),,不明,,,2,10,0,2026-09-13 18:30,2026-09-25 12:05,,,https://www.youtube.com/channel/UCFNhjl-oIjIQ6qgBtyWSmKw
UCfLBVG4nvwC9Y7Q7aD1-yZQ,@raiteijou,48,4年,Member (4 years),,不明,,,2,14,0,2026-09-13 18:30,2026-09-30 10:06,,,https://www.youtube.com/channel/UCfLBVG4nvwC9Y7Q7aD1-yZQ
UChvtONZBUTldZAsSvkSWSSA,@ari.MPJ7,48,4年,Member (4 years),,不明,,,2,19,0,2026-09-13 18:30,2026-09-24 10:01,,,https://www.youtube.com/channel/UChvtONZBUTldZAsSvkSWSSA
UC2rtLco9xUACZUlxg9ndJYA,@usagihosi,48,4年,Member (4 years),55,Yaminions,マイルストーン,,2,31,0,2026-09-13 18:30,2026-09-30 10:06,,,https://www.youtube.com/channel/UC2rtLco9xUACZUlxg9ndJYA
UCGa8n3qbWO-kVByKUy6cKNg,@koyi1423,48,4年,Member (4 years),,不明,,,2,7,0,2026-09-13 18:30,2026-09-25 12:05,,,https://www.youtube.com/channel/UCGa8n3qbWO-kVByKUy6cKNg
UCzI7s8mB9UFjo8c1uSYsqYA,@soufflei,48,4年,Member (4 years),53,Yaminions,マイルストーン,,2,17,0,2026-09-13 18:30,2026-09-30 10:06,,,https://www.youtube.com/channel/UCzI7s8mB9UFjo8c1uSYsqYA
UCheuGY2A6A9RLG3h9tP7zYg,@陰の者-c7s,48,4年,Member (4 years),,不明,,,2,2,0,2026-09-13 18:30,2026-09-16 19:00,,,https://www.youtube.com/channel/UCheuGY2A6A9RLG3h9tP7zYg
UCWrAtxdmz85ebW2s3-3uhkw,@ここの_kokono,48,4年,Member (4 years),,不明,,,2,8,0,2026-09-13 18:30,2026-09-16 19:00,,,https://www.youtube.com/channel/UCWrAtxdmz85ebW2s3-3uhkw
UClwLObZ1Qingor_tnLHshtQ,@Mia-0328-tr,48,4年,Member (4 years),,不明,,,2,8,0,2026-09-13 18:30,2026-09-30 00:08,,,https://www.youtube.com/channel/UClwLObZ1Qingor_tnLHshtQ
UCwmQsgrXCRwoB4VD_nhoGRg,@ChenLiWu,48,4年,Member (4 years),51,Yaminions,マイルストーン,,2,15,0,2026-09-13 18:30,2026-09-30 10:06,,,https://www.youtube.com/channel/UCwmQsgrXCRwoB4VD_nhoGRg
UCG78i3-NIHEYAy595vsM_Mg,@StarLemonilk,48,4年,Member (4 years),,不明,,,2,24,0,2026-09-13 18:30,2026-09-18 10:01,,,https://www.youtube.com/channel/UCG78i3-NIHEYAy595vsM_Mg
UCApTKTJB2xnxgyIm8RAufFA,@わんぽぽ-f3i,48,4年,Member (4 years),,不明,,,2,29,0,2026-09-13 18:30,2026-09-16 19:00,,,https://www.youtube.com/channel/UCApTKTJB2xnxgyIm8RAufFA
UCWqOhDPW8WjEQG_4QWkGeiQ,@りゅうじ-sj,48,4年,Member (4 years),,不明,,,2,18,0,2026-09-13 18:30,2026-09-16 19:00,,,https://www.youtube.com/channel/UCWqOhDPW8WjEQG_4QWkGeiQ
UCxcdNbce00IQzN6KXqnHZUQ,@carly0728,48,4年,Member (4 years),51,Yaminions,マイルストーン,,2,3,0,2026-09-13 18:30,2026-09-16 19:00,,,https://www.youtube.com/channel/UCxcdNbce00IQzN6KXqnHZUQ
UCBBBK_PqTmX7SYvLFYPdn4w,@neon1018,48,4年,Member (4 years),,不明,,,2,3,0,2026-09-13 18:30,2026-09-30 10:06,,,https://www.youtube.com/channel/UCBBBK_PqTmX7SYvLFYPdn4w
UC6UZMiSDPNuHX0UUIWaOY7g,@littlepogny,48,4年,Member (4 years),,不明,,,2,17,0,2026-09-13 18:30,2026-09-24 10:01,,,https://www.youtube.com/channel/UC6UZMiSDPNuHX0UUIWaOY7g
UCq_v3Ot0pJe6P6XNIaxfwhg,@たいたい-y8k,48,4年,Member (4 years),,不明,,,2,3,0,2026-09-13 18:30,2026-09-16 19:00,,,https://www.youtube.com/channel/UCq_v3Ot0pJe6P6XNIaxfwhg
UC3cZlufDBCEtUCTq3kAp1Jg,@pattshuce,48,4年,Member (4 years),55,Yaminions,マイルストーン,,2,19,0,2026-09-13 18:30,2026-09-18 10:01,,,https://www.youtube.com/channel/UC3cZlufDBCEtUCTq3kAp1Jg
UCTxtx4f5fH9mBY-WDxXfFbg,@shary101569,48,4年,Member (4 years),,不明,,,2,2,0,2026-09-13 18:30,2026-09-16 19:00,,,https://www.youtube.com/channel/UCTxtx4f5fH9mBY-WDxXfFbg
UC5Tzlf9DDudZp6yTOcQx4kQ,@みにゃchan,48,4年,Member (4 years),,不明,,,2,6,0,2026-09-13 18:30,2026-09-18 10:01,,,https://www.youtube.com/channel/UC5Tzlf9DDudZp6yTOcQx4kQ
UCz9lHN-8uGIwhwFhwRaGHkQ,@jujutaun,48,4年,Member (4 years),52,Yaminions,マイルストーン,,2,1,0,2026-09-13 18:30,2026-09-24 10:01,,,https://www.youtube.com/channel/UCz9lHN-8uGIwhwFhwRaGHkQ
UCGzWhtK-pJIuY58kTnnwm0A,@tourin-,48,4年,Member (4 years),,不明,,,2,6,0,2026-09-16 19:00,2026-09-18 10:01,,,https://www.youtube.com/channel/UCGzWhtK-pJIuY58kTnnwm0A
UC0JqrgdKlvGdVeIaGL8UUjg,@hannah6191,48,4年,Member (4 years),,不明,,,2,5,0,2026-09-16 19:00,2026-09-25 12:05,,,https://www.youtube.com/channel/UC0JqrgdKlvGdVeIaGL8UUjg
UCIdSLuXcZ3N_FzJEi6TUE7A,@kagei920,48,4年,Member (4 years),,不明,,,2,16,0,2026-09-16 19:00,2026-09-18 10:01,,,https://www.youtube.com/channel/UCIdSLuXcZ3N_FzJEi6TUE7A
UC--0n4NfgkmYNMSIeY0hvWQ,@gst2760,48,4年,Member (4 years),,不明,,,2,5,0,2026-09-16 19:00,2026-09-25 12:05,,,https://www.youtube.com/channel/UC--0n4NfgkmYNMSIeY0hvWQ
UCsgKd13RplwOwyiqkh6z4PQ,@nill6706,48,4年,Member (4 years),,不明,,,2,2,0,2026-09-16 19:00,2026-09-25 12:05,,,https://www.youtube.com/channel/UCsgKd13RplwOwyiqkh6z4PQ
UCAdjN1_USwkQpK2KZLSO49A,@kaseylirious2612,48,4年,Member (4 years),,不明,,,2,2,0,2026-09-18 10:01,2026-09-25 12:05,,,https://www.youtube.com/channel/UCAdjN1_USwkQpK2KZLSO49A
UCd_itKZoLIv4E9qA_rvP8nQ,@illiterategeorgie,48,4年,Member (4 years),49,Yaminions,マイルストーン,,2,4,0,2026-09-18 10:01,2026-09-30 10:06,,,https://www.youtube.com/channel/UCd_itKZoLIv4E9qA_rvP8nQ
UCqb-WHuuGSEK_OmL19tsxwg,@Chiaaaaaaang,48,4年,Member (4 years),51,Yaminions,マイルストーン,,2,28,0,2026-09-18 10:01,2026-09-24 10:01,,,https://www.youtube.com/channel/UCqb-WHuuGSEK_OmL19tsxwg
UCtgI6fDQxMTT-dWNLXvheJw,@Knight夜,48,4年,Member (4 years),,不明,,,2,3,0,2026-09-18 10:01,2026-09-25 12:05,,,https://www.youtube.com/channel/UCtgI6fDQxMTT-dWNLXvheJw
UCw035a8osM-87rHRbN3fSEg,@felicialashes,48,4年,Member (4 years),,不明,,,2,4,1,2026-09-18 10:01,2026-09-24 10:01,,,https://www.youtube.com/channel/UCw035a8osM-87rHRbN3fSEg
UCcmG7R6J5XXy_AnVz5gpGxA,@kinooo0w0,48,4年,Member (4 years),,不明,,,2,2,0,2026-09-24 10:01,2026-09-30 00:08,,,https://www.youtube.com/channel/UCcmG7R6J5XXy_AnVz5gpGxA
UCiPGsq-pP65blwQ77ZF-_gQ,@danyar2872,48,4年,Member (4 years),,不明,,,2,9,0,2026-09-24 10:01,2026-09-30 10:06,,,https://www.youtube.com/channel/UCiPGsq-pP65blwQ77ZF-_gQ
UCXKlCOF1d5MHQj54DR-wURg,@domomo3981,48,4年,Member (4 years),,不明,,,2,20,0,2026-09-24 10:01,2026-09-30 10:06,,,https://www.youtube.com/channel/UCXKlCOF1d5MHQj54DR-wURg
UCkyxQ0Vi58dXN7QBS5NcUrA,@sunnine4878,48,4年,Member (4 years),,不明,,,2,3,0,2026-09-24 10:01,2026-09-30 10:06,,,https://www.youtube.com/channel/UCkyxQ0Vi58dXN7QBS5NcUrA
UCgn97S58Dkz8oC0mI4l-pZw,@orange0ranges,48,4年,Member (4 years),,不明,,,2,7,0,2026-09-25 12:05,2026-09-30 10:06,,,https://www.youtube.com/channel/UCgn97S58Dkz8oC0mI4l-pZw
UCEU09GnJHzhSSKUK5L5Fogg,@irischeng9804,48,4年,Member (4 years),,不明,,,2,3,0,2026-09-25 12:05,2026-09-30 00:08,,,https://www.youtube.com/channel/UCEU09GnJHzhSSKUK5L5Fogg
UCl1JKDpfqGUl9uix7BlbHEg,@rensterz,48,4年,Member (4 years),,不明,,,2,4,0,2026-09-25 12:05,2026-09-30 10:06,,,https://www.youtube.com/channel/UCl1JKDpfqGUl9uix7BlbHEg
UCKVj8kobI5AHOfwvHnbnXNA,@angeltsai7606,48,4年,Member (4 years),55,Yaminions,マイルストーン,,2,3,0,2026-09-30 00:08,2026-09-30 10:06,,,https://www.youtube.com/channel/UCKVj8kobI5AHOfwvHnbnXNA
UCjlYg-S-FyW7CfEvfU3LvJg,@huaia,48,4年,Member (4 years),,不明,,,1,1,0,2026-09-08 22:45,2026-09-08 22:45,,,https://www.youtube.com/channel/UCjlYg-S-FyW7CfEvfU3LvJg
UChrgk7kDYTcAILWUQm6KPDA,@ornate_flowers,48,4年,Member (4 years),,不明,,,1,1,0,2026-09-08 22:45,2026-09-08 22:45,,,https://www.youtube.com/channel/UChrgk7kDYTcAILWUQm6KPDA
UCwH0kMLtXm0O8DeJRI2vDkw,@shumai1404,48,4年,Member (4 years),,不明,,,1,1,0,2026-09-08 22:45,2026-09-08 22:45,,,https://www.youtube.com/channel/UCwH0kMLtXm0O8DeJRI2vDkw
UCTWJJPM8Cl8dSWpxqzL4oNQ,@迷咪卯貓,48,4年,Member (4 years),,不明,,,1,1,0,2026-09-08 22:45,2026-09-08 22:45,,,https://www.youtube.com/channel/UCTWJJPM8Cl8dSWpxqzL4oNQ
UCGRG_zflqZ-ihkDOhAOTJgA,@chunayunaur,48,4年,Member (4 years),,不明,,,1,11,0,2026-09-08 22:45,2026-09-08 22:45,,,https://www.youtube.com/channel/UCGRG_zflqZ-ihkDOhAOTJgA
UCIyH76YeeLn3PSyGWNPnclw,@riekulyn8453,48,4年,Member (4 years),52,Yaminions,マイルストーン,,1,1,0,2026-09-08 22:45,2026-09-08 22:45,,,https://www.youtube.com/channel/UCIyH76YeeLn3PSyGWNPnclw
UCZxlxmbqJUh4_ytw_ZN1rQg,@wen220,48,4年,Member (4 years),,不明,,,1,1,0,2026-09-08 22:45,2026-09-08 22:45,,,https://www.youtube.com/channel/UCZxlxmbqJUh4_ytw_ZN1rQg
UCMCPnaF6hjS-rcz7wfQlPCA,@melonjuicebox,48,4年,Member (4 years),,不明,,,1,3,0,2026-09-13 18:30,2026-09-13 18:30,,,https://www.youtube.com/channel/UCMCPnaF6hjS-rcz7wfQlPCA
UC0HztuvBK1cyRSUAG7p0SRA,@butsuyokuchan_,48,4年,Member (4 years),,不明,,,1,1,0,2026-09-13 18:30,2026-09-13 18:30,,,https://www.youtube.com/channel/UC0HztuvBK1cyRSUAG7p0SRA
UCqM3WwMlcoofAHn9t-RJPZA,@artiehu,48,4年,Member (4 years),,不明,,,1,2,0,2026-09-13 18:30,2026-09-13 18:30,,,https://www.youtube.com/channel/UCqM3WwMlcoofAHn9t-RJPZA
UCA4jrZ9jGzWcJGSWrhxczyQ,@korokoro131,48,4年,Member (4 years),,不明,,,1,1,0,2026-09-13 18:30,2026-09-13 18:30,,,https://www.youtube.com/channel/UCA4jrZ9jGzWcJGSWrhxczyQ
UCV80uzK96VDuyTf8MqsYCbQ,@ann_ouo39,48,4年,Member (4 years),,不明,,,1,17,0,2026-09-13 18:30,2026-09-13 18:30,,,https://www.youtube.com/channel/UCV80uzK96VDuyTf8MqsYCbQ
UCtHBgvPgQCIjvFOb6eIaMrg,@annieYuuu,48,4年,Member (4 years),50,Yaminions,マイルストーン,,1,2,0,2026-09-13 18:30,2026-09-13 18:30,,,https://www.youtube.com/channel/UCtHBgvPgQCIjvFOb6eIaMrg
UCeNRS4bS-qp8XPle-jtKVNg,@イザ-o7j,48,4年,Member (4 years),,不明,,,1,1,0,2026-09-13 18:30,2026-09-13 18:30,,,https://www.youtube.com/channel/UCeNRS4bS-qp8XPle-jtKVNg
UCrb0CIY4kl-yQG8_nYIN4DA,@-chen6797,48,4年,Member (4 years),53,Yaminions,マイルストーン,,1,6,0,2026-09-13 18:30,2026-09-13 18:30,,,https://www.youtube.com/channel/UCrb0CIY4kl-yQG8_nYIN4DA
UCWdZfaXs6Old08xng3qnWvQ,@miaprestine,48,4年,Member (4 years),55,Yaminions,マイルストーン,,1,24,0,2026-09-13 18:30,2026-09-13 18:30,,,https://www.youtube.com/channel/UCWdZfaXs6Old08xng3qnWvQ
UCfslkPKxerxE3lBE0jlFbmQ,@jojobajouda,48,4年,Member (4 years),,不明,,,1,3,0,2026-09-13 18:30,2026-09-13 18:30,,,https://www.youtube.com/channel/UCfslkPKxerxE3lBE0jlFbmQ
UC2eZj-HILUU20Vtc_7Hw8iQ,@ting2392,48,4年,Member (4 years),54,Yaminions,マイルストーン,,1,2,0,2026-09-13 18:30,2026-09-13 18:30,,,https://www.youtube.com/channel/UC2eZj-HILUU20Vtc_7Hw8iQ
UCcbWPJsuvGFMswSmq7gMDMw,@alicewong123,48,4年,Member (4 years),,不明,,,1,1,0,2026-09-13 18:30,2026-09-13 18:30,,,https://www.youtube.com/channel/UCcbWPJsuvGFMswSmq7gMDMw
UCrjir89HdUbsjZMBV7iMzZg,@user-chikuwachan,48,4年,Member (4 years),,不明,,,1,4,0,2026-09-13 18:30,2026-09-13 18:30,,,https://www.youtube.com/channel/UCrjir89HdUbsjZMBV7iMzZg
UCghVRHs_83Z0lrWvJ1WcnzQ,@kyu8852,48,4年,Member (4 years),54,Yaminions,マイルストーン,,1,11,0,2026-09-13 18:30,2026-09-13 18:30,,,https://www.youtube.com/channel/UCghVRHs_83Z0lrWvJ1WcnzQ
UCJJzEjEW2IWmAEUv4BTeX3g,@YMK0839,48,4年,Member (4 years),,不明,,,1,3,0,2026-09-13 18:30,2026-09-13 18:30,,,https://www.youtube.com/channel/UCJJzEjEW2IWmAEUv4BTeX3g
UCqKHXUDPSjFCCRnroNFbB2g,@sarastandup9695,48,4年,Member (4 years),,不明,,,1,9,0,2026-09-13 18:30,2026-09-13 18:30,,,https://www.youtube.com/channel/UCqKHXUDPSjFCCRnroNFbB2g
UCv8maFd3WXRu6PBc5M13WBA,@はるりんごharu,48,4年,Member (4 years),,不明,,,1,2,0,2026-09-13 18:30,2026-09-13 18:30,,,https://www.youtube.com/channel/UCv8maFd3WXRu6PBc5M13WBA
UCZkrCjQzHR7QQ3xyfgCS4kw,@yo1004-i4y,48,4年,Member (4 years),,不明,,,1,1,0,2026-09-13 18:30,2026-09-13 18:30,,,https://www.youtube.com/channel/UCZkrCjQzHR7QQ3xyfgCS4kw
UCBU-RM5gQo82KVVtO9sXviw,@Iris_ヰリス,48,4年,Member (4 years),53,Yaminions,マイルストーン,,1,4,0,2026-09-13 18:30,2026-09-13 18:30,,,https://www.youtube.com/channel/UCBU-RM5gQo82KVVtO9sXviw
UC2bJ7tAbypZ7mbjA2J-r_xQ,@leahw5166,48,4年,Member (4 years),,不明,,,1,1,0,2026-09-13 18:30,2026-09-13 18:30,,,https://www.youtube.com/channel/UC2bJ7tAbypZ7mbjA2J-r_xQ
UCGPep3PvsmR5WLuYODnKvlQ,@nzm825,48,4年,Member (4 years),,不明,,,1,24,0,2026-09-13 18:30,2026-09-13 18:30,,,https://www.youtube.com/channel/UCGPep3PvsmR5WLuYODnKvlQ
UCi_4y0YgmYowcy5GD36RS8g,@bummeuwu,48,4年,Member (4 years),55,Yaminions,マイルストーン,,1,3,0,2026-09-13 18:30,2026-09-13 18:30,,,https://www.youtube.com/channel/UCi_4y0YgmYowcy5GD36RS8g
UCbeedIFuelNJ7XP1n1uwlXw,@MintyFresssh,48,4年,Member (4 years),,不明,,,1,1,0,2026-09-13 18:30,2026-09-13 18:30,,,https://www.youtube.com/channel/UCbeedIFuelNJ7XP1n1uwlXw
UCRutZqo1Tu6v7yO9vZLQq5Q,@maomao_8027,48,4年,Member (4 years),54,Yaminions,マイルストーン,,1,27,0,2026-09-13 18:30,2026-09-13 18:30,,,https://www.youtube.com/channel/UCRutZqo1Tu6v7yO9vZLQq5Q
UCKObULS7g21YXJ3nzBuIwSg,@shimily_li,48,4年,Member (4 years),54,Yaminions,マイルストーン,,1,3,0,2026-09-13 18:30,2026-09-13 18:30,,,https://www.youtube.com/channel/UCKObULS7g21YXJ3nzBuIwSg
UCElluwX9M1sGIY8_HOYhE5g,@azusahoshi,48,4年,Member (4 years),,不明,,,1,1,0,2026-09-13 18:30,2026-09-13 18:30,,,https://www.youtube.com/channel/UCElluwX9M1sGIY8_HOYhE5g
UCMcR86qAsBQOdFK-BETt2iw,@shina___ko475,48,4年,Member (4 years),,不明,,,1,6,0,2026-09-13 18:30,2026-09-13 18:30,,,https://www.youtube.com/channel/UCMcR86qAsBQOdFK-BETt2iw
UCwtMEkaAYYLFDqHuZm4FUCQ,@toro.4743,48,4年,Member (4 years),,不明,,,1,1,0,2026-09-13 18:30,2026-09-13 18:30,,,https://www.youtube.com/channel/UCwtMEkaAYYLFDqHuZm4FUCQ
UCfXdwgrtQxTbm6gKb6BM-ag,@Koi_Yao,48,4年,Member (4 years),,不明,,,1,4,0,2026-09-13 18:30,2026-09-13 18:30,,,https://www.youtube.com/channel/UCfXdwgrtQxTbm6gKb6BM-ag
UCIMAUzWkxQnLOhiwOVp8xdw,@noniw1638,48,4年,Member (4 years),,不明,,,1,27,0,2026-09-13 18:30,2026-09-13 18:30,,,https://www.youtube.com/channel/UCIMAUzWkxQnLOhiwOVp8xdw
UCQSRYhriR1oCwxK3oZaexSA,@hsinyeh2026,48,4年,Member (4 years),54,Yaminions,マイルストーン,,1,2,1,2026-09-13 18:30,2026-09-13 18:30,,,https://www.youtube.com/channel/UCQSRYhriR1oCwxK3oZaexSA
UC0OtsRtFcJ7APDOfYfQqS6Q,@venus15,48,4年,Member (4 years),,不明,,,1,18,0,2026-09-13 18:30,2026-09-13 18:30,,,https://www.youtube.com/channel/UC0OtsRtFcJ7APDOfYfQqS6Q
UCzaoLtbO_FOChccuXy67SXw,@asukahy6352,48,4年,Member (4 years),,不明,,,1,8,0,2026-09-13 18:30,2026-09-13 18:30,,,https://www.youtube.com/channel/UCzaoLtbO_FOChccuXy67SXw
UCpRGhc7kDgp24Wdica7afcQ,@Rukarico_ss,48,4年,Member (4 years),,不明,,,1,8,0,2026-09-13 18:30,2026-09-13 18:30,,,https://www.youtube.com/channel/UCpRGhc7kDgp24Wdica7afcQ
UC0rU1sQ3Qj_u6o_sW_3QmrQ,@terio·jpg,48,4年,Member (4 years),,不明,,,1,3,0,2026-09-13 18:30,2026-09-13 18:30,,,https://www.youtube.com/channel/UC0rU1sQ3Qj_u6o_sW_3QmrQ
UC7BEAQmImjIgi3y--UKaF4w,@無桐輕雨,48,4年,Member (4 years),,不明,,,1,1,0,2026-09-13 18:30,2026-09-13 18:30,,,https://www.youtube.com/channel/UC7BEAQmImjIgi3y--UKaF4w
UCSUfF0Oxx6omlVrKFru3MLQ,@haiyashicreampuff02,48,4年,Member (4 years),55,Yaminions,マイルストーン,,1,2,0,2026-09-13 18:30,2026-09-13 18:30,,,https://www.youtube.com/channel/UCSUfF0Oxx6omlVrKFru3MLQ
UCbNSPU7t7fXVl5NiNvucM2A,@ameama1,48,4年,Member (4 years),,不明,,,1,5,0,2026-09-13 18:30,2026-09-13 18:30,,,https://www.youtube.com/channel/UCbNSPU7t7fXVl5NiNvucM2A
UCdHapgiFlT7L6cj9ySYGnAg,@むぎごはん-mugi,48,4年,Member (4 years),,不明,,,1,1,0,2026-09-13 18:30,2026-09-13 18:30,,,https://www.youtube.com/channel/UCdHapgiFlT7L6cj9ySYGnAg
UCSqqOB-RhlqyNJtHawSLXMg,@つくし-n3x,48,4年,Member (4 years),,不明,,,1,1,0,2026-09-13 18:30,2026-09-13 18:30,,,https://www.youtube.com/channel/UCSqqOB-RhlqyNJtHawSLXMg
UC-rWYSKvvpIJZG6BxKvpEgQ,@this_is_CAMILLE,48,4年,Member (4 years),55,Yaminions,マイルストーン,,1,21,0,2026-09-13 18:30,2026-09-13 18:30,,,https://www.youtube.com/channel/UC-rWYSKvvpIJZG6BxKvpEgQ
UCEvCuxLN433xDdMJFgDleGw,@chikage1219,48,4年,Member (4 years),,不明,,,1,7,0,2026-09-13 18:30,2026-09-13 18:30,,,https://www.youtube.com/channel/UCEvCuxLN433xDdMJFgDleGw
UC0L1xd1ARQkbV7c2tgl5mEQ,@saya4112,48,4年,Member (4 years),,不明,,,1,4,0,2026-09-13 18:30,2026-09-13 18:30,,,https://www.youtube.com/channel/UC0L1xd1ARQkbV7c2tgl5mEQ
UCHEEQxF6CNG3UfusmgzluuQ,@pinmo5765,48,4年,Member (4 years),,不明,,,1,3,0,2026-09-13 18:30,2026-09-13 18:30,,,https://www.youtube.com/channel/UCHEEQxF6CNG3UfusmgzluuQ
UC3R3ewIenn7OREdcCUJEhjg,@YoyoTsang-itoyo,48,4年,Member (4 years),,不明,,,1,7,0,2026-09-13 18:30,2026-09-13 18:30,,,https://www.youtube.com/channel/UC3R3ewIenn7OREdcCUJEhjg
UCR18AAVZIBSwywAwUDqJ_WA,@JhihBei,48,4年,Member (4 years),,不明,,,1,15,0,2026-09-13 18:30,2026-09-13 18:30,,,https://www.youtube.com/channel/UCR18AAVZIBSwywAwUDqJ_WA
UCnVODyYsN7jmjzVaMqcZeBw,@いと-v2w,48,4年,Member (4 years),,不明,,,1,1,0,2026-09-13 18:30,2026-09-13 18:30,,,https://www.youtube.com/channel/UCnVODyYsN7jmjzVaMqcZeBw
UCMAOjjihquJetRNgJttaaFg,@_kalice_,48,4年,Member (4 years),,不明,,,1,2,0,2026-09-13 18:30,2026-09-13 18:30,,,https://www.youtube.com/channel/UCMAOjjihquJetRNgJttaaFg
UCECecZo1kI7DkqOK0Q-nx4Q,@阿毛-i5f,48,4年,Member (4 years),,不明,,,1,2,0,2026-09-13 18:30,2026-09-13 18:30,,,https://www.youtube.com/channel/UCECecZo1kI7DkqOK0Q-nx4Q
UCNByxj9pn8ealZMhbTT3HCA,@shiashi7292,48,4年,Member (4 years),55,Yaminions,マイルストーン,,1,31,0,2026-09-13 18:30,2026-09-13 18:30,,,https://www.youtube.com/channel/UCNByxj9pn8ealZMhbTT3HCA
UCmM6Asa5UVBGdyTvbgjMRjg,@matsu8939,48,4年,Member (4 years),,不明,,,1,1,0,2026-09-13 18:30,2026-09-13 18:30,,,https://www.youtube.com/channel/UCmM6Asa5UVBGdyTvbgjMRjg
UC2lmsie2ZLRHR_Ew0gt5Oyg,@mumu_ty,48,4年,Member (4 years),49,Yaminions,マイルストーン,,1,17,0,2026-09-13 18:30,2026-09-13 18:30,,,https://www.youtube.com/channel/UC2lmsie2ZLRHR_Ew0gt5Oyg
UCSAb4mwa9JlZevsp-mKqFiA,@hokutoast,48,4年,Member (4 years),55,Yaminions,マイルストーン,,1,4,0,2026-09-13 18:30,2026-09-13 18:30,,,https://www.youtube.com/channel/UCSAb4mwa9JlZevsp-mKqFiA
UCe_7tYVkseORLH8RWO5dz5A,@lingchi7069,48,4年,Member (4 years),49,Yaminions,マイルストーン,,1,33,0,2026-09-13 18:30,2026-09-13 18:30,,,https://www.youtube.com/channel/UCe_7tYVkseORLH8RWO5dz5A
UC6y5PbXUsaAmW9dREMOcxag,@ikuraunikaki2403,48,4年,Member (4 years),,不明,,,1,16,0,2026-09-13 18:30,2026-09-13 18:30,,,https://www.youtube.com/channel/UC6y5PbXUsaAmW9dREMOcxag
UCFVzNDVWVYXA_w_SrDQKYzw,@星破,48,4年,Member (4 years),,不明,,,1,2,0,2026-09-13 18:30,2026-09-13 18:30,,,https://www.youtube.com/channel/UCFVzNDVWVYXA_w_SrDQKYzw
UCSDKoLXQLRtRqusgN624fFg,@kbtmys,48,4年,Member (4 years),48,Yaminions,マイルストーン,,1,12,0,2026-09-13 18:30,2026-09-13 18:30,,,https://www.youtube.com/channel/UCSDKoLXQLRtRqusgN624fFg
UCAa-eLQ1chi25O3G4kJDntQ,@katashiro_,48,4年,Member (4 years),,不明,,,1,5,0,2026-09-13 18:30,2026-09-13 18:30,,,https://www.youtube.com/channel/UCAa-eLQ1chi25O3G4kJDntQ
UCQZ-LYoGanMBMUc-KQUeaVA,@梨亜_ria0126,48,4年,Member (4 years),,不明,,,1,20,0,2026-09-13 18:30,2026-09-13 18:30,,,https://www.youtube.com/channel/UCQZ-LYoGanMBMUc-KQUeaVA
UCfuYELWo5YYdh98fQTSpDBg,@壹零_rei,48,4年,Member (4 years),,不明,,,1,2,0,2026-09-13 18:30,2026-09-13 18:30,,,https://www.youtube.com/channel/UCfuYELWo5YYdh98fQTSpDBg
UCSKYkp0W-aAU4fN04N4RSAQ,@ひらりo0,48,4年,Member (4 years),,不明,,,1,1,0,2026-09-13 18:30,2026-09-13 18:30,,,https://www.youtube.com/channel/UCSKYkp0W-aAU4fN04N4RSAQ
UCkmZJYY-utURT-oGlNAf_IQ,@Belynnda-jj8hf,48,4年,Member (4 years),,不明,,,1,14,0,2026-09-13 18:30,2026-09-13 18:30,,,https://www.youtube.com/channel/UCkmZJYY-utURT-oGlNAf_IQ
UCg6L9EtM7ViLRxaruMNxlcg,@NiniLinYo,48,4年,Member (4 years),48,Yaminions,マイルストーン,,1,6,0,2026-09-13 18:30,2026-09-13 18:30,,,https://www.youtube.com/channel/UCg6L9EtM7ViLRxaruMNxlcg
UCRr5_OG_7ArYt0CFuf2_sOg,@malenda5784,48,4年,Member (4 years),,不明,,,1,1,0,2026-09-13 18:30,2026-09-13 18:30,,,https://www.youtube.com/channel/UCRr5_OG_7ArYt0CFuf2_sOg
UCuxZbNJ2hOxxd8C1zS4GxFA,@mokusei97,48,4年,Member (4 years),,不明,,,1,3,0,2026-09-13 18:30,2026-09-13 18:30,,,https://www.youtube.com/channel/UCuxZbNJ2hOxxd8C1zS4GxFA
UC8nFnFOEM1KhlPdlqP_qwaw,@朔-z4h,48,4年,Member (4 years),,不明,,,1,8,0,2026-09-13 18:30,2026-09-13 18:30,,,https://www.youtube.com/channel/UC8nFnFOEM1KhlPdlqP_qwaw
UCoFvk7EGLs-6o5mRFGSFfGA,@petrichorame,48,4年,Member (4 years),,不明,,,1,5,0,2026-09-13 18:30,2026-09-13 18:30,,,https://www.youtube.com/channel/UCoFvk7EGLs-6o5mRFGSFfGA
UC6eoGpJ340TlhZu-QBsGz8Q,@miho_みほkit,48,4年,Member (4 years),,不明,,,1,1,0,2026-09-13 18:30,2026-09-13 18:30,,,https://www.youtube.com/channel/UC6eoGpJ340TlhZu-QBsGz8Q
UC0nX7TgFSth7WTPwsR_gq9A,@MK-xg8rg,48,4年,Member (4 years),,不明,,,1,8,1,2026-09-13 18:30,2026-09-13 18:30,,,https://www.youtube.com/channel/UC0nX7TgFSth7WTPwsR_gq9A
UC7tTVG0uwYcU3-QvYzb3oXQ,@souno4546,48,4年,Member (4 years),,不明,,,1,8,0,2026-09-13 18:30,2026-09-13 18:30,,,https://www.youtube.com/channel/UC7tTVG0uwYcU3-QvYzb3oXQ
UCTPRwDteN1WQkumq32xR-rw,@かやしま,48,4年,Member (4 years),,不明,,,1,1,0,2026-09-13 18:30,2026-09-13 18:30,,,https://www.youtube.com/channel/UCTPRwDteN1WQkumq32xR-rw
UCS2gFOAWU4tRDi-xCxElOsA,@ポンコツ仕様のタビ,48,4年,Member (4 years),,不明,,,1,3,0,2026-09-13 18:30,2026-09-13 18:30,,,https://www.youtube.com/channel/UCS2gFOAWU4tRDi-xCxElOsA
UC76kBUCtlNMLABfkf4OJNhQ,@もち-o6k4k,48,4年,Member (4 years),,不明,,,1,2,0,2026-09-13 18:30,2026-09-13 18:30,,,https://www.youtube.com/channel/UC76kBUCtlNMLABfkf4OJNhQ
UC4FWqvJGCMB3zoldlOwJRUA,@sei4469,48,4年,Member (4 years),53,Yaminions,マイルストーン,,1,2,0,2026-09-13 18:30,2026-09-13 18:30,,,https://www.youtube.com/channel/UC4FWqvJGCMB3zoldlOwJRUA
UCRPXxDK4ZrGPlIW1UT0eWSg,@emmayaminion7326,48,4年,Member (4 years),,不明,,,1,2,0,2026-09-13 18:30,2026-09-13 18:30,,,https://www.youtube.com/channel/UCRPXxDK4ZrGPlIW1UT0eWSg
UCtHL2PipkoNm4e9RrEmaoPA,@vul3up6,48,4年,Member (4 years),,不明,,,1,1,0,2026-09-13 18:30,2026-09-13 18:30,,,https://www.youtube.com/channel/UCtHL2PipkoNm4e9RrEmaoPA
UChnO9yJIjbYlsGpziGbaD6w,@yuri-ll6xi,48,4年,Member (4 years),,不明,,,1,1,0,2026-09-13 18:30,2026-09-13 18:30,,,https://www.youtube.com/channel/UChnO9yJIjbYlsGpziGbaD6w
UCoo3uVnOK34t-xAU_1h4O9w,@sbang9603,48,4年,Member (4 years),,不明,,,1,2,0,2026-09-13 18:30,2026-09-13 18:30,,,https://www.youtube.com/channel/UCoo3uVnOK34t-xAU_1h4O9w
UC6GwaFpUBiwXeN3OyJQDVOw,@err_2928,48,4年,Member (4 years),,不明,,,1,1,0,2026-09-13 18:30,2026-09-13 18:30,,,https://www.youtube.com/channel/UC6GwaFpUBiwXeN3OyJQDVOw
UCALPJ-XY7Q4Um5HCbqbHNdA,@weiweilu501,48,4年,Member (4 years),,不明,,,1,2,0,2026-09-13 18:30,2026-09-13 18:30,,,https://www.youtube.com/channel/UCALPJ-XY7Q4Um5HCbqbHNdA
UCTuwlDxwDSWicKPjDoh0bjg,@lushia047,48,4年,Member (4 years),,不明,,,1,10,0,2026-09-13 18:30,2026-09-13 18:30,,,https://www.youtube.com/channel/UCTuwlDxwDSWicKPjDoh0bjg
UCABZL03wmPOJ2qnXRnXbVAA,@shenshen-n1p,48,4年,Member (4 years),,不明,,,1,2,0,2026-09-13 18:30,2026-09-13 18:30,,,https://www.youtube.com/channel/UCABZL03wmPOJ2qnXRnXbVAA
UCCgel2Wnbe6ET2Xaayz_nAQ,@kaedes0323,48,4年,Member (4 years),,不明,,,1,1,0,2026-09-13 18:30,2026-09-13 18:30,,,https://www.youtube.com/channel/UCCgel2Wnbe6ET2Xaayz_nAQ
UCGsIpnWpfP9jQEyKfGSeqIA,@duddu2045,48,4年,Member (4 years),,不明,,,1,1,0,2026-09-13 18:30,2026-09-13 18:30,,,https://www.youtube.com/channel/UCGsIpnWpfP9jQEyKfGSeqIA
UCcNs4qlRfWAgLXj2dOA37ag,@lynn4084,48,4年,Member (4 years),54,Yaminions,マイルストーン,,1,3,0,2026-09-13 18:30,2026-09-13 18:30,,,https://www.youtube.com/channel/UCcNs4qlRfWAgLXj2dOA37ag
UCQUeFdgUhCRgQk4TJ-u6tWA,@kenken3833,48,4年,Member (4 years),,不明,,,1,3,0,2026-09-13 18:30,2026-09-13 18:30,,,https://www.youtube.com/channel/UCQUeFdgUhCRgQk4TJ-u6tWA
UC0IB9Nt2NdFFcfTlvEs7ayg,@しまこ-o5d,48,4年,Member (4 years),,不明,,,1,1,0,2026-09-13 18:30,2026-09-13 18:30,,,https://www.youtube.com/channel/UC0IB9Nt2NdFFcfTlvEs7ayg
UChb2lOgA9IFtQ3ctea4RnpQ,@noelle3870,48,4年,Member (4 years),,不明,,,1,1,0,2026-09-13 18:30,2026-09-13 18:30,,,https://www.youtube.com/channel/UChb2lOgA9IFtQ3ctea4RnpQ
UCBOcoYCJXLRUAFM_SwflA7w,@Eve.u_u,48,4年,Member (4 years),,不明,,,1,2,0,2026-09-13 18:30,2026-09-13 18:30,,,https://www.youtube.com/channel/UCBOcoYCJXLRUAFM_SwflA7w
UCvHYBGVzziwme7YZ_a2ZHZg,@薇薇vivianhsu,48,4年,Member (4 years),,不明,,,1,1,0,2026-09-13 18:30,2026-09-13 18:30,,,https://www.youtube.com/channel/UCvHYBGVzziwme7YZ_a2ZHZg
UCQkGI0EZmSsTpoql26JIABg,@マツヤ-matsuya696,48,4年,Member (4 years),53,Yaminions,マイルストーン,,1,1,0,2026-09-13 18:30,2026-09-13 18:30,,,https://www.youtube.com/channel/UCQkGI0EZmSsTpoql26JIABg
UC47aAszFUY49hBMx4urRyTw,@ishilee089,48,4年,Member (4 years),50,Yaminions,マイルストーン,,1,1,0,2026-09-13 18:30,2026-09-13 18:30,,,https://www.youtube.com/channel/UC47aAszFUY49hBMx4urRyTw
UCGGyRUYTNW2mXoqQwQbPxqw,@kii--2732,48,4年,Member (4 years),,不明,,,1,1,0,2026-09-13 18:30,2026-09-13 18:30,,,https://www.youtube.com/channel/UCGGyRUYTNW2mXoqQwQbPxqw
UCvNTp0B0QEb1_1jzhyg2JcA,@wanyawanyaa,48,4年,Member (4 years),,不明,,,1,1,0,2026-09-13 18:30,2026-09-13 18:30,,,https://www.youtube.com/channel/UCvNTp0B0QEb1_1jzhyg2JcA
UC98aph4z7bj12ouT4SnWS8g,@huangrita7701,48,4年,Member (4 years),54,Yaminions,マイルストーン,,1,0,0,2026-09-13 18:30,2026-09-13 18:30,,,https://www.youtube.com/channel/UC98aph4z7bj12ouT4SnWS8g
UCiblXebgGDI-YFqRCVM1zzg,@elfakechi,48,4年,Member (4 years),55,Yaminions,マイルストーン,,1,0,0,2026-09-13 18:30,2026-09-13 18:30,,,https://www.youtube.com/channel/UCiblXebgGDI-YFqRCVM1zzg
UCshL4Po4RT6rLR1S53UIXrw,@yixianwang4097,48,4年,Member (4 years),48,Yaminions,マイルストーン,,1,0,0,2026-09-13 18:30,2026-09-13 18:30,,,https://www.youtube.com/channel/UCshL4Po4RT6rLR1S53UIXrw
UCzG8PLPTNZ4xoJT3jUpOjyQ,@yeeeeeexuan,48,4年,Member (4 years),54,Yaminions,マイルストーン,,1,0,0,2026-09-13 18:30,2026-09-13 18:30,,,https://www.youtube.com/channel/UCzG8PLPTNZ4xoJT3jUpOjyQ
UC57nVI-B19DD6t_wQP28muQ,@yukikimii,48,4年,Member (4 years),53,Yaminions,マイルストーン,,1,0,0,2026-09-13 18:30,2026-09-13 18:30,,,https://www.youtube.com/channel/UC57nVI-B19DD6t_wQP28muQ
UCTLPGKDVuGy7scdOTS3aw5Q,@hikaripeace.,48,4年,Member (4 years),53,Yaminions,マイルストーン,,1,0,0,2026-09-13 18:30,2026-09-13 18:30,,,https://www.youtube.com/channel/UCTLPGKDVuGy7scdOTS3aw5Q
UCqlEU6h_r2K5SqeXpG-6Dyw,@Dorothy_WDwDW,48,4年,Member (4 years),53,Yaminions,マイルストーン,,1,0,0,2026-09-13 18:30,2026-09-13 18:30,,,https://www.youtube.com/channel/UCqlEU6h_r2K5SqeXpG-6Dyw
UCboKsOi28gB-zX89K-qBVkA,@nanaho4335,48,4年,Member (4 years),54,Yaminions,マイルストーン,,1,0,0,2026-09-13 18:30,2026-09-13 18:30,,,https://www.youtube.com/channel/UCboKsOi28gB-zX89K-qBVkA
UCMaq_RWCil4Oqx4BXv0N7cw,@yuchun_kangaroo,48,4年,Member (4 years),51,Yaminions,マイルストーン,,1,0,0,2026-09-13 18:30,2026-09-13 18:30,,,https://www.youtube.com/channel/UCMaq_RWCil4Oqx4BXv0N7cw
UCW2LLb7lSEtR0LnYDURIgig,@ShuAndFreosNailPolish,48,4年,Member (4 years),,不明,,,1,1,0,2026-09-16 19:00,2026-09-16 19:00,,,https://www.youtube.com/channel/UCW2LLb7lSEtR0LnYDURIgig
UCsloEtR2BJ9TbvGQ9UzdCDg,@zhu0718,48,4年,Member (4 years),51,Yaminions,マイルストーン,,1,8,0,2026-09-16 19:00,2026-09-16 19:00,,,https://www.youtube.com/channel/UCsloEtR2BJ9TbvGQ9UzdCDg
UCqG97MqfvCAS7g6M1nCXDcQ,@morifana,48,4年,Member (4 years),,不明,,,1,9,0,2026-09-16 19:00,2026-09-16 19:00,,,https://www.youtube.com/channel/UCqG97MqfvCAS7g6M1nCXDcQ
UCT6M5TyM3KHNAvD0cPu6dLw,@miki525,48,4年,Member (4 years),,不明,,,1,1,0,2026-09-16 19:00,2026-09-16 19:00,,,https://www.youtube.com/channel/UCT6M5TyM3KHNAvD0cPu6dLw
UCLkXh2T2CwBvfNAoRjSq72Q,@bmelon,48,4年,Member (4 years),,不明,,,1,1,0,2026-09-16 19:00,2026-09-16 19:00,,,https://www.youtube.com/channel/UCLkXh2T2CwBvfNAoRjSq72Q
UCdZisNrIkjWCitntv7lYntg,@solrulai3728,48,4年,Member (4 years),53,Yaminions,マイルストーン,,1,0,0,2026-09-16 19:00,2026-09-16 19:00,,,https://www.youtube.com/channel/UCdZisNrIkjWCitntv7lYntg
UC6JSGn67cZ2cVS4WpzjIaZg,@Deedee-kg5ec,48,4年,Member (4 years),52,Yaminions,マイルストーン,,1,0,0,2026-09-16 19:00,2026-09-16 19:00,,,https://www.youtube.com/channel/UC6JSGn67cZ2cVS4WpzjIaZg
UC9_7tTEfvBNdFNQ3huONvKA,@tanachan_the_slime,48,4年,Member (4 years),,不明,,,1,2,1,2026-09-18 10:01,2026-09-18 10:01,,,https://www.youtube.com/channel/UC9_7tTEfvBNdFNQ3huONvKA
UC4l7OxUv2acsdLiQlWYBQmw,@eclairJess,48,4年,Member (4 years),,不明,,,1,1,0,2026-09-18 10:01,2026-09-18 10:01,,,https://www.youtube.com/channel/UC4l7OxUv2acsdLiQlWYBQmw
UCv5Sb5aMJK2Do4FoMMu-k9A,@user-GabriN,48,4年,Member (4 years),,不明,,,1,4,1,2026-09-18 10:01,2026-09-18 10:01,,,https://www.youtube.com/channel/UCv5Sb5aMJK2Do4FoMMu-k9A
UCTTdQMwYd5tKhU45_vgYMVA,@clairewang7m,48,4年,Member (4 years),,不明,,,1,7,0,2026-09-18 10:01,2026-09-18 10:01,,,https://www.youtube.com/channel/UCTTdQMwYd5tKhU45_vgYMVA
UCBg2c6dqUNa8DgtPjvwYUMw,@crepes-sama,48,4年,Member (4 years),55,Yaminions,マイルストーン,,1,9,0,2026-09-18 10:01,2026-09-18 10:01,,,https://www.youtube.com/channel/UCBg2c6dqUNa8DgtPjvwYUMw
UCvtloDm0B3q9y_UK9fWfUvw,@Seisogie,48,4年,Member (4 years),,不明,,,1,24,0,2026-09-18 10:01,2026-09-18 10:01,,,https://www.youtube.com/channel/UCvtloDm0B3q9y_UK9fWfUvw
UCW9ElmhHykMphG_gCDSs_Cg,@keki_0u0,48,4年,Member (4 years),,不明,,,1,5,0,2026-09-18 10:01,2026-09-18 10:01,,,https://www.youtube.com/channel/UCW9ElmhHykMphG_gCDSs_Cg
UCpfsKteEmv2MJu14QZytzqg,@oChopper,48,4年,Member (4 years),,不明,,,1,2,0,2026-09-18 10:01,2026-09-18 10:01,,,https://www.youtube.com/channel/UCpfsKteEmv2MJu14QZytzqg
UChm1ofNt1TZgT-eTkl9obGw,@viola3007,48,4年,Member (4 years),,不明,,,1,6,0,2026-09-18 10:01,2026-09-18 10:01,,,https://www.youtube.com/channel/UChm1ofNt1TZgT-eTkl9obGw
UCBYxp1Ff8Ue8zn0U35d_G7g,@lin1,48,4年,Member (4 years),,不明,,,1,3,0,2026-09-18 10:01,2026-09-18 10:01,,,https://www.youtube.com/channel/UCBYxp1Ff8Ue8zn0U35d_G7g
UCgClDSL_1wlSraOJeMvG9NQ,@SakuraNaruse,48,4年,Member (4 years),,不明,,,1,4,0,2026-09-18 10:01,2026-09-18 10:01,,,https://www.youtube.com/channel/UCgClDSL_1wlSraOJeMvG9NQ
UC7On0mw0WbP-yUtVowo20oQ,@KagamI9x9,48,4年,Member (4 years),,不明,,,1,1,0,2026-09-18 10:01,2026-09-18 10:01,,,https://www.youtube.com/channel/UC7On0mw0WbP-yUtVowo20oQ
UC_-FZNR9R5ctdl6MkDiDfYA,@yvonne1195,48,4年,Member (4 years),48,Yaminions,マイルストーン,,1,0,0,2026-09-18 10:01,2026-09-18 10:01,,,https://www.youtube.com/channel/UC_-FZNR9R5ctdl6MkDiDfYA
UCQ6EoplLAREoRDAynm1I_AA,@oldgebanana1843,48,4年,Member (4 years),,不明,,,1,2,0,2026-09-24 10:01,2026-09-24 10:01,,,https://www.youtube.com/channel/UCQ6EoplLAREoRDAynm1I_AA
UCxeyVSnFLSDF3wfrx1A_5Kw,@kristinaaaa7660,48,4年,Member (4 years),,不明,,,1,2,0,2026-09-24 10:01,2026-09-24 10:01,,,https://www.youtube.com/channel/UCxeyVSnFLSDF3wfrx1A_5Kw
UCsY1tkqDtLkp9Nk3FRBV1Lg,@grandmakei47,48,4年,Member (4 years),,不明,,,1,3,0,2026-09-24 10:01,2026-09-24 10:01,,,https://www.youtube.com/channel/UCsY1tkqDtLkp9Nk3FRBV1Lg
UCr7c412TK5Frr9RNRC_RiEg,@ritasararia3341,48,4年,Member (4 years),,不明,,,1,1,0,2026-09-24 10:01,2026-09-24 10:01,,,https://www.youtube.com/channel/UCr7c412TK5Frr9RNRC_RiEg
UCYPLqx0KLR9SHNRcS82GT3A,@cadence_in_c,48,4年,Member (4 years),,不明,,,1,1,0,2026-09-24 10:01,2026-09-24 10:01,,,https://www.youtube.com/channel/UCYPLqx0KLR9SHNRcS82GT3A
UCNjVBhHrvFGYNAC9zTu-LNQ,@wabbii_,48,4年,Member (4 years),,不明,,,1,8,0,2026-09-24 10:01,2026-09-24 10:01,,,https://www.youtube.com/channel/UCNjVBhHrvFGYNAC9zTu-LNQ
UCDykZSc4_reoO8VCIp3JT1w,@aj_333,48,4年,Member (4 years),,不明,,,1,1,0,2026-09-24 10:01,2026-09-24 10:01,,,https://www.youtube.com/channel/UCDykZSc4_reoO8VCIp3JT1w
UCvUiMK9faYvFz7o8k70g79A,@arinniiaa,48,4年,Member (4 years),,不明,,,1,4,0,2026-09-24 10:01,2026-09-24 10:01,,,https://www.youtube.com/channel/UCvUiMK9faYvFz7o8k70g79A
UCK7h0bIjny2vrgIkQnMxwfw,@Miaknsr,48,4年,Member (4 years),,不明,,,1,1,0,2026-09-24 10:01,2026-09-24 10:01,,,https://www.youtube.com/channel/UCK7h0bIjny2vrgIkQnMxwfw
UC3n9XwZuZbHyQzd7gpc53kQ,@AngelHoplum,48,4年,Member (4 years),,不明,,,1,3,0,2026-09-24 10:01,2026-09-24 10:01,,,https://www.youtube.com/channel/UC3n9XwZuZbHyQzd7gpc53kQ
UCKokx5OXST8t9VOnQdn5oNg,@shuismykamioshi,48,4年,Member (4 years),,不明,,,1,1,0,2026-09-24 10:01,2026-09-24 10:01,,,https://www.youtube.com/channel/UCKokx5OXST8t9VOnQdn5oNg
UCX6COwPzyuqtmnjwzBXpDVg,@kotashuo8017,48,4年,Member (4 years),,不明,,,1,1,0,2026-09-24 10:01,2026-09-24 10:01,,,https://www.youtube.com/channel/UCX6COwPzyuqtmnjwzBXpDVg
UCc7WwEMSmEiIa9O1VJlWASg,@Enkiiiiiii,48,4年,Member (4 years),,不明,,,1,1,0,2026-09-24 10:01,2026-09-24 10:01,,,https://www.youtube.com/channel/UCc7WwEMSmEiIa9O1VJlWASg
UCHc0dyFaP2V0ZWxVNo2gsAQ,@janetliew3893,48,4年,Member (4 years),,不明,,,1,1,0,2026-09-24 10:01,2026-09-24 10:01,,,https://www.youtube.com/channel/UCHc0dyFaP2V0ZWxVNo2gsAQ
UC2q5Drg1FnXSeCScI06o3-g,@pjwoohoo,48,4年,Member (4 years),,不明,,,1,2,0,2026-09-24 10:01,2026-09-24 10:01,,,https://www.youtube.com/channel/UC2q5Drg1FnXSeCScI06o3-g
UCHjfVeCbCu9kpe_p516X8jQ,@97cyc,48,4年,Member (4 years),,不明,,,1,1,0,2026-09-25 12:05,2026-09-25 12:05,,,https://www.youtube.com/channel/UCHjfVeCbCu9kpe_p516X8jQ
UCuiMMsqC1-jXTv4Qo-nlJdg,@zuzana2204,48,4年,Member (4 years),,不明,,,1,2,0,2026-09-25 12:05,2026-09-25 12:05,,,https://www.youtube.com/channel/UCuiMMsqC1-jXTv4Qo-nlJdg
UC0aYByFmhIe7BgulZ1tnYvA,@iwanttosleep4506,48,4年,Member (4 years),,不明,,,1,1,0,2026-09-25 12:05,2026-09-25 12:05,,,https://www.youtube.com/channel/UC0aYByFmhIe7BgulZ1tnYvA
UCZ83MZ1AL3xwV52Pi_6Enqg,@30Mw,48,4年,Member (4 years),,不明,,,1,1,0,2026-09-30 00:08,2026-09-30 00:08,,,https://www.youtube.com/channel/UCZ83MZ1AL3xwV52Pi_6Enqg
UCwgIaLSJ0B9CTpYEMU9NYVQ,@oshikawa_2434,48,4年,Member (4 years),,不明,,,1,1,0,2026-09-30 00:08,2026-09-30 00:08,,,https://www.youtube.com/channel/UCwgIaLSJ0B9CTpYEMU9NYVQ
UC3tLhKzTY-zehFSkpBu6Gaw,@LIGHTLEEANN,48,4年,Member (4 years),,不明,,,1,1,0,2026-09-30 00:08,2026-09-30 00:08,,,https://www.youtube.com/channel/UC3tLhKzTY-zehFSkpBu6Gaw
UCWXBhU16X4lG3BVYx1f-60Q,@chienyiii3675,48,4年,Member (4 years),52,Yaminions,マイルストーン,,1,1,0,2026-09-30 00:08,2026-09-30 00:08,,,https://www.youtube.com/channel/UCWXBhU16X4lG3BVYx1f-60Q
UC7aI9YazcEoQzb1ROQeH09g,@over042,48,4年,Member (4 years),,不明,,,1,6,0,2026-09-30 00:08,2026-09-30 00:08,,,https://www.youtube.com/channel/UC7aI9YazcEoQzb1ROQeH09g
UCcaTKqQcbgywLDb_-W4nVOw,@maureen6930,48,4年,Member (4 years),,不明,,,1,1,0,2026-09-30 00:08,2026-09-30 00:08,,,https://www.youtube.com/channel/UCcaTKqQcbgywLDb_-W4nVOw
UCaqd_kYhm84s96awDVnSYHA,@wolf-wm2yt,48,4年,Member (4 years),53,Yaminions,マイルストーン,,1,0,0,2026-09-30 00:08,2026-09-30 00:08,,,https://www.youtube.com/channel/UCaqd_kYhm84s96awDVnSYHA
UCwnDQoPtXkw-iA3Nj3H9RRA,@kukapanda,48,4年,Member (4 years),54,Yaminions,マイルストーン,,1,0,0,2026-09-30 00:08,2026-09-30 00:08,,,https://www.youtube.com/channel/UCwnDQoPtXkw-iA3Nj3H9RRA
UCeDF2MQqtmEsVh-za5s9OUA,@dekinai5412,48,4年,Member (4 years),48,Yaminions,マイルストーン,,1,0,0,2026-09-30 00:08,2026-09-30 00:08,,,https://www.youtube.com/channel/UCeDF2MQqtmEsVh-za5s9OUA
UCR4T6eZ_6tKVQeBvj7-lu1Q,@Zin_zilla,48,4年,Member (4 years),,不明,,,1,1,0,2026-09-30 10:06,2026-09-30 10:06,,,https://www.youtube.com/channel/UCR4T6eZ_6tKVQeBvj7-lu1Q
UCFiV3P7XA7ksibPT1kRjc1Q,@wondreamu,48,4年,Member (4 years),,不明,,,1,3,0,2026-09-30 10:06,2026-09-30 10:06,,,https://www.youtube.com/channel/UCFiV3P7XA7ksibPT1kRjc1Q
UCUpA4QZgQWq0G9eVHegqkDw,@艾西Lucy,48,4年,Member (4 years),,不明,,,1,1,0,2026-09-30 10:06,2026-09-30 10:06,,,https://www.youtube.com/channel/UCUpA4QZgQWq0G9eVHegqkDw
UCkYFeSaUmO2sEiQ-VGreKDg,@umi4598,48,4年,Member (4 years),,不明,,,1,20,0,2026-09-30 10:06,2026-09-30 10:06,,,https://www.youtube.com/channel/UCkYFeSaUmO2sEiQ-VGreKDg
UCML_RoLYsV-ps_jzIWq0oOQ,@applegrill6942,48,4年,Member (4 years),56,Yaminions,マイルストーン,,1,4,0,2026-09-30 10:06,2026-09-30 10:06,,,https://www.youtube.com/channel/UCML_RoLYsV-ps_jzIWq0oOQ
UCV3p0JHGPNufByuckM3op-A,@須藤店長,48,4年,Member (4 years),,不明,,,1,1,0,2026-09-30 10:06,2026-09-30 10:06,,,https://www.youtube.com/channel/UCV3p0JHGPNufByuckM3op-A
UCzVodO4vM9-j_-PJqDOx6Bw,@piscesmooniie,48,4年,Member (4 years),55,Yaminions,マイルストーン,,1,1,0,2026-09-30 10:06,2026-09-30 10:06,,,https://www.youtube.com/channel/UCzVodO4vM9-j_-PJqDOx6Bw
UCKW2MNAFGXw5tYMmCUKExyw,@木林みあ,48,4年,Member (4 years),49,Yaminions,マイルストーン,,1,0,0,2026-09-30 10:06,2026-09-30 10:06,,,https://www.youtube.com/channel/UCKW2MNAFGXw5tYMmCUKExyw
UCMaYENdJV4W-GKquFKnrBUQ,@nmm_zz,36,3年,Member (3 years),,不明,,,8,290,3,2026-09-08 22:45,2026-09-30 10:06,,,https://www.youtube.com/channel/UCMaYENdJV4W-GKquFKnrBUQ
UCK1RTAPvOgvOFdVFPdIksVQ,@tzuhsuanliao5688,36,3年,Member (3 years),,不明,,,8,72,0,2026-09-08 22:45,2026-09-30 10:06,,,https://www.youtube.com/channel/UCK1RTAPvOgvOFdVFPdIksVQ
UCpsRJiNqKY1uZ7sZoH7YJlQ,@vivy_annn,36,3年,Member (3 years),46,Yaminions,マイルストーン,,8,696,0,2026-09-08 22:45,2026-09-30 10:06,,,https://www.youtube.com/channel/UCpsRJiNqKY1uZ7sZoH7YJlQ
UCT6vUxlxoqn6Rzvo5ErzjYA,@aYa.23lum0ndya,36,3年,Member (3 years),47,Yaminions,マイルストーン,,7,176,0,2026-09-08 22:45,2026-09-30 10:06,,,https://www.youtube.com/channel/UCT6vUxlxoqn6Rzvo5ErzjYA
UCCV_YYwih3qXMMPkKHmvFAg,@hewwo_uwu,36,3年,Member (3 years),,不明,,,7,201,0,2026-09-08 22:45,2026-09-30 10:06,,,https://www.youtube.com/channel/UCCV_YYwih3qXMMPkKHmvFAg
UCBfPyBNzZCDA3phmLNth1fw,@Joyce-j3d,36,3年,Member (3 years),,不明,,,7,164,0,2026-09-08 22:45,2026-09-30 10:06,,,https://www.youtube.com/channel/UCBfPyBNzZCDA3phmLNth1fw
UCGAH8h3LLAD3T8TZskPs7BA,@曜0215,36,3年,Member (3 years),,不明,,,6,59,1,2026-09-08 22:45,2026-09-30 10:06,,,https://www.youtube.com/channel/UCGAH8h3LLAD3T8TZskPs7BA
UCoJgdWOmaIix5h79VrznCqQ,@discomoonie,36,3年,Member (3 years),,不明,,,6,147,0,2026-09-08 22:45,2026-09-30 10:06,,,https://www.youtube.com/channel/UCoJgdWOmaIix5h79VrznCqQ
UCmC9H2Cm2faKCt7p3csUZjA,@Anita.W.926,36,3年,Member (3 years),45,Yaminions,マイルストーン,,6,99,0,2026-09-08 22:45,2026-09-30 10:06,,,https://www.youtube.com/channel/UCmC9H2Cm2faKCt7p3csUZjA
UCj2Z0F0O1dKJN1aS25Ny3Fg,@catfood_yum,36,3年,Member (3 years),,不明,,,6,52,0,2026-09-08 22:45,2026-09-30 00:08,,,https://www.youtube.com/channel/UCj2Z0F0O1dKJN1aS25Ny3Fg
UCmDTrJCz1QuVp6HZ_RlHJnw,@はむはむ_hamham,36,3年,Member (3 years),,不明,,,6,57,0,2026-09-08 22:45,2026-09-30 10:06,,,https://www.youtube.com/channel/UCmDTrJCz1QuVp6HZ_RlHJnw
UCCUZ2LddevGnk7IaCW2gxGA,@starlostbobbie,36,3年,Member (3 years),36,Yaminions,マイルストーン,,6,98,0,2026-09-08 22:45,2026-09-30 10:06,,,https://www.youtube.com/channel/UCCUZ2LddevGnk7IaCW2gxGA
UChIFkS-M0zrpYQgMKRGsZvA,@Pengapop8018,36,3年,Member (3 years),39,Yaminions,マイルストーン,,6,105,0,2026-09-13 18:30,2026-09-30 10:06,,,https://www.youtube.com/channel/UChIFkS-M0zrpYQgMKRGsZvA
UCsZip50hkQ30B0AZq9CeCTA,@akie_ngt,36,3年,Member (3 years),40,Yaminions,マイルストーン,,5,51,0,2026-09-08 22:45,2026-09-30 10:06,,,https://www.youtube.com/channel/UCsZip50hkQ30B0AZq9CeCTA
UCnoMM608Y7DSbuoR_2vXsrQ,@siosisi-z3y,36,3年,Member (3 years),,不明,,,5,88,0,2026-09-08 22:45,2026-09-24 10:01,,,https://www.youtube.com/channel/UCnoMM608Y7DSbuoR_2vXsrQ
UCTaHB3dKMarg5ah6bHrGWmg,@aprilume,36,3年,Member (3 years),,不明,,,5,42,0,2026-09-08 22:45,2026-09-25 12:05,,,https://www.youtube.com/channel/UCTaHB3dKMarg5ah6bHrGWmg
UCBANSKfcnYSFy_3AUJ1Rc7g,@1kumi,36,3年,Member (3 years),45,Yaminions,マイルストーン,,5,129,0,2026-09-08 22:45,2026-09-24 10:01,,,https://www.youtube.com/channel/UCBANSKfcnYSFy_3AUJ1Rc7g
UCB53FwjmgiQ-klRParcLxRw,@michjwho,36,3年,Member (3 years),46,Yaminions,マイルストーン,,5,181,0,2026-09-13 18:30,2026-09-30 00:08,,,https://www.youtube.com/channel/UCB53FwjmgiQ-klRParcLxRw
UC2Nzf-Cxf1bAp4gC6jebJkg,@ULウル,36,3年,Member (3 years),,不明,,,5,15,0,2026-09-13 18:30,2026-09-30 10:06,,,https://www.youtube.com/channel/UC2Nzf-Cxf1bAp4gC6jebJkg
UCla_GDoanEiFL5AE_o0tZRA,@-yuki2969,36,3年,Member (3 years),,不明,,,5,10,0,2026-09-13 18:30,2026-09-30 00:08,,,https://www.youtube.com/channel/UCla_GDoanEiFL5AE_o0tZRA
UCxqO8-JHTAQomlOijalxHjQ,@MaymemeToober,36,3年,Member (3 years),,不明,,,5,42,0,2026-09-13 18:30,2026-09-30 10:06,,,https://www.youtube.com/channel/UCxqO8-JHTAQomlOijalxHjQ
UC-TbHS2x3WA67yqexzQPUEA,@kashupon,36,3年,Member (3 years),47,Yaminions,マイルストーン,,5,154,0,2026-09-18 10:01,2026-09-30 10:06,,,https://www.youtube.com/channel/UC-TbHS2x3WA67yqexzQPUEA
UCwBn-PLvNo-G4YhiAZ2vc5Q,@LunaHarms19xx,36,3年,Member (3 years),,不明,,,5,39,0,2026-09-18 10:01,2026-09-30 10:06,,,https://www.youtube.com/channel/UCwBn-PLvNo-G4YhiAZ2vc5Q
UC_OjLFzjcz8oYyUns8lCw4g,@banachoco1140,36,3年,Member (3 years),45,Yaminions,マイルストーン,,4,29,0,2026-09-08 22:45,2026-09-24 10:01,,,https://www.youtube.com/channel/UC_OjLFzjcz8oYyUns8lCw4g
UC13iLo6SavOfwUHA37bv4pQ,@0kojichan0,36,3年,Member (3 years),36,Yaminions,マイルストーン,,4,13,0,2026-09-08 22:45,2026-09-30 10:06,,,https://www.youtube.com/channel/UC13iLo6SavOfwUHA37bv4pQ
UCzFy0tkdojKClDBTTT3GRog,@nyai7267,36,3年,Member (3 years),45,Yaminions,マイルストーン,,4,11,0,2026-09-08 22:45,2026-09-25 12:05,,,https://www.youtube.com/channel/UCzFy0tkdojKClDBTTT3GRog
UCnPiqgyYabBKpAp15D3dpcA,@rhea_tp6,36,3年,Member (3 years),,不明,,,4,4,0,2026-09-08 22:45,2026-09-18 10:01,,,https://www.youtube.com/channel/UCnPiqgyYabBKpAp15D3dpcA
UCnN9yEa75YWRXn361gMlzWw,@sattsun2352,36,3年,Member (3 years),46,Yaminions,マイルストーン,,4,59,0,2026-09-13 18:30,2026-09-30 10:06,,,https://www.youtube.com/channel/UCnN9yEa75YWRXn361gMlzWw
UC_5p5lziDTcvYE3WikDxPGQ,@fuyu_winters,36,3年,Member (3 years),,不明,,,4,27,0,2026-09-13 18:30,2026-09-30 10:06,,,https://www.youtube.com/channel/UC_5p5lziDTcvYE3WikDxPGQ
UCSsDFiRho3Y1GH9jV5qwBEw,@Tsukasa_sz,36,3年,Member (3 years),,不明,,,4,14,0,2026-09-13 18:30,2026-09-30 00:08,,,https://www.youtube.com/channel/UCSsDFiRho3Y1GH9jV5qwBEw
UC8mhfdL11eFMGy1BRZuhVDw,@banana_yuyu,36,3年,Member (3 years),,不明,,,4,22,0,2026-09-13 18:30,2026-09-30 00:08,,,https://www.youtube.com/channel/UC8mhfdL11eFMGy1BRZuhVDw
UCoAZPJfXLkjhe4xSj-ggFaQ,@luohuiying4505,36,3年,Member (3 years),,不明,,,4,41,0,2026-09-13 18:30,2026-09-24 10:01,,,https://www.youtube.com/channel/UCoAZPJfXLkjhe4xSj-ggFaQ
UCh-YArGtnAUiB5ePNSalGGg,@alittlelaniebug,36,3年,Member (3 years),,不明,,,4,63,0,2026-09-18 10:01,2026-09-30 10:06,,,https://www.youtube.com/channel/UCh-YArGtnAUiB5ePNSalGGg
UCLZiMAy2efIEgjp9wlUxT1g,@sutyet,36,3年,Member (3 years),,不明,,,4,180,0,2026-09-18 10:01,2026-09-30 10:06,,,https://www.youtube.com/channel/UCLZiMAy2efIEgjp9wlUxT1g
UCyb3LaHhOWb7V5L68_onGyw,@Mayfly101,36,3年,Member (3 years),38,Yaminions,マイルストーン,,3,4,0,2026-09-08 22:45,2026-09-30 00:08,,,https://www.youtube.com/channel/UCyb3LaHhOWb7V5L68_onGyw
UC49bYP6X19BtEHZhdHaoK6Q,@avocadomilkx,36,3年,Member (3 years),,不明,,,3,17,0,2026-09-08 22:45,2026-09-30 10:06,,,https://www.youtube.com/channel/UC49bYP6X19BtEHZhdHaoK6Q
UCBIO2tm52YLiGp_QOPnfZ0g,@TanTanxxx,36,3年,Member (3 years),,不明,,,3,58,0,2026-09-08 22:45,2026-09-30 00:08,,,https://www.youtube.com/channel/UCBIO2tm52YLiGp_QOPnfZ0g
UClX9SozorGD6qzUAPPIPFmg,@yuna_nottuna,36,3年,Member (3 years),42,Yaminions,マイルストーン,,3,8,0,2026-09-08 22:45,2026-09-16 19:00,,,https://www.youtube.com/channel/UClX9SozorGD6qzUAPPIPFmg
UC5V-Hnfr3DnkSReaiIgN3jA,@crayonful,36,3年,Member (3 years),,不明,,,3,115,0,2026-09-13 18:30,2026-09-25 12:05,,,https://www.youtube.com/channel/UC5V-Hnfr3DnkSReaiIgN3jA
UCGOhQecolPkKTWrX2kAY9-g,@myaajackatsumu,36,3年,Member (3 years),44,Yaminions,マイルストーン,,3,16,0,2026-09-13 18:30,2026-09-30 10:06,,,https://www.youtube.com/channel/UCGOhQecolPkKTWrX2kAY9-g
UCxjIpQ2dDxaKEFxLPo2XMDw,@shimomodesuwa,36,3年,Member (3 years),36,Yaminions,マイルストーン,,3,46,0,2026-09-13 18:30,2026-09-30 00:08,,,https://www.youtube.com/channel/UCxjIpQ2dDxaKEFxLPo2XMDw
UC7d5PO2gpW3z5CsDwbsebCA,@triatriyah,36,3年,Member (3 years),,不明,,,3,9,0,2026-09-13 18:30,2026-09-30 00:08,,,https://www.youtube.com/channel/UC7d5PO2gpW3z5CsDwbsebCA
UCvk2-hjKX73QL6WYGcckx_g,@tailll,36,3年,Member (3 years),,不明,,,3,31,0,2026-09-13 18:30,2026-09-25 12:05,,,https://www.youtube.com/channel/UCvk2-hjKX73QL6WYGcckx_g
UCrlnXWcHcJO3xH6b0lcnlMg,@yinkyxuan,36,3年,Member (3 years),,不明,,,3,7,0,2026-09-13 18:30,2026-09-30 10:06,,,https://www.youtube.com/channel/UCrlnXWcHcJO3xH6b0lcnlMg
UCwb3wEfoF5FgA7KGuYzWIZw,@mn-mnmni,36,3年,Member (3 years),,不明,,,3,23,0,2026-09-13 18:30,2026-09-30 10:06,,,https://www.youtube.com/channel/UCwb3wEfoF5FgA7KGuYzWIZw
UCBirp-FtsB_hVEzT_6LNdUg,@dwenn2,36,3年,Member (3 years),44,Yaminions,マイルストーン,,3,2,0,2026-09-13 18:30,2026-09-25 12:05,,,https://www.youtube.com/channel/UCBirp-FtsB_hVEzT_6LNdUg
UCCF0VUmqfujpG3QWZ2elOrg,@Lilly_a,36,3年,Member (3 years),,不明,,,3,4,0,2026-09-16 19:00,2026-09-30 00:08,,,https://www.youtube.com/channel/UCCF0VUmqfujpG3QWZ2elOrg
UCWt1DmYRIAHr5ehod3bSSBQ,@daphflowers,36,3年,Member (3 years),,不明,,,3,3,0,2026-09-16 19:00,2026-09-25 12:05,,,https://www.youtube.com/channel/UCWt1DmYRIAHr5ehod3bSSBQ
UCcDtBYfyStCyDOxe4CGARmQ,@mayu8581,36,3年,Member (3 years),,不明,,,3,34,0,2026-09-18 10:01,2026-09-30 10:06,,,https://www.youtube.com/channel/UCcDtBYfyStCyDOxe4CGARmQ
UC2VZkOC4qlLTff-nRSgWtHA,@kc0205,36,3年,Member (3 years),45,Yaminions,マイルストーン,,3,7,0,2026-09-18 10:01,2026-09-30 10:06,,,https://www.youtube.com/channel/UC2VZkOC4qlLTff-nRSgWtHA
UCHHFGVSJBboryGTgocQZTzA,@echojs6894,36,3年,Member (3 years),36,Yaminions,マイルストーン,,3,7,0,2026-09-24 10:01,2026-09-30 00:08,,,https://www.youtube.com/channel/UCHHFGVSJBboryGTgocQZTzA
UCJjfizE99AFadIKQEG29VtQ,@IKKEI_atlantis,36,3年,Member (3 years),46,Yaminions,マイルストーン,,2,12,0,2026-09-08 22:45,2026-09-13 18:30,,,https://www.youtube.com/channel/UCJjfizE99AFadIKQEG29VtQ
UCDp4c4gOWBXMoJXRycZFZ_w,@Emu626,36,3年,Member (3 years),,不明,,,2,39,0,2026-09-13 18:30,2026-09-30 10:06,,,https://www.youtube.com/channel/UCDp4c4gOWBXMoJXRycZFZ_w
UCl9DrJNlNxGfA-nXJ0mhYtw,@霖_Rinko,36,3年,Member (3 years),44,Yaminions,マイルストーン,,2,24,0,2026-09-13 18:30,2026-09-16 19:00,,,https://www.youtube.com/channel/UCl9DrJNlNxGfA-nXJ0mhYtw
UCAqsu4u3YJ0zXc6Z54SPaRA,@Rebecca-fy6zd,36,3年,Member (3 years),46,Yaminions,マイルストーン,,2,32,0,2026-09-13 18:30,2026-09-30 10:06,,,https://www.youtube.com/channel/UCAqsu4u3YJ0zXc6Z54SPaRA
UCOuQhwg3cEVaWx7wuiwP1ug,@huixin0247,36,3年,Member (3 years),,不明,,,2,44,0,2026-09-13 18:30,2026-09-18 10:01,,,https://www.youtube.com/channel/UCOuQhwg3cEVaWx7wuiwP1ug
UCaN-13TsnkrGOku9fuM0Vsg,@rena_5xx,36,3年,Member (3 years),38,Yaminions,マイルストーン,,2,8,0,2026-09-13 18:30,2026-09-30 00:08,,,https://www.youtube.com/channel/UCaN-13TsnkrGOku9fuM0Vsg
UCwcwSOyKEsuDomF2QjlhRLw,@celinek1332,36,3年,Member (3 years),42,Yaminions,マイルストーン,,2,6,0,2026-09-13 18:30,2026-09-24 10:01,,,https://www.youtube.com/channel/UCwcwSOyKEsuDomF2QjlhRLw
UC-irxJRzDOjm0i7ijq7mqQQ,@Yui-sg6yl,36,3年,Member (3 years),,不明,,,2,39,0,2026-09-13 18:30,2026-09-16 19:00,,,https://www.youtube.com/channel/UC-irxJRzDOjm0i7ijq7mqQQ
UCUGT2TfHr_3BE6RBQa7QeZw,@和-t6w,36,3年,Member (3 years),,不明,,,2,36,0,2026-09-13 18:30,2026-09-16 19:00,,,https://www.youtube.com/channel/UCUGT2TfHr_3BE6RBQa7QeZw
UCR7r60ulaVIAdUSmPOMCNAA,@bey_bey1216,36,3年,Member (3 years),,不明,,,2,5,0,2026-09-13 18:30,2026-09-24 10:01,,,https://www.youtube.com/channel/UCR7r60ulaVIAdUSmPOMCNAA
UC3iprrwYToMc-XGtza7JHbg,@Kamishiro19no,36,3年,Member (3 years),,不明,,,2,3,0,2026-09-13 18:30,2026-09-24 10:01,,,https://www.youtube.com/channel/UC3iprrwYToMc-XGtza7JHbg
UCko8TpFhkE9OPS9LzFtzXYg,@Aria03-lv-cats,36,3年,Member (3 years),,不明,,,2,6,0,2026-09-13 18:30,2026-09-16 19:00,,,https://www.youtube.com/channel/UCko8TpFhkE9OPS9LzFtzXYg
UCJYh1mAapfO6IdGYbzyPJiw,@Sky_そら,36,3年,Member (3 years),,不明,,,2,17,0,2026-09-13 18:30,2026-09-24 10:01,,,https://www.youtube.com/channel/UCJYh1mAapfO6IdGYbzyPJiw
UCznGx1IlQFmr-1H5d--s3dg,@ajmatic,36,3年,Member (3 years),,不明,,,2,5,0,2026-09-13 18:30,2026-09-25 12:05,,,https://www.youtube.com/channel/UCznGx1IlQFmr-1H5d--s3dg
UCQDE9Y5kdcAWP_4DyVPvPHg,@nikkimono,36,3年,Member (3 years),,不明,,,2,11,0,2026-09-13 18:30,2026-09-24 10:01,,,https://www.youtube.com/channel/UCQDE9Y5kdcAWP_4DyVPvPHg
UC6oe13w9paSOZrC0ZYr-CRw,@AkiTsukina,36,3年,Member (3 years),,不明,,,2,2,0,2026-09-13 18:30,2026-09-25 12:05,,,https://www.youtube.com/channel/UC6oe13w9paSOZrC0ZYr-CRw
UCXW73iT7cemjSjIh32RuUiA,@konbeani,36,3年,Member (3 years),,不明,,,2,19,0,2026-09-13 18:30,2026-09-30 00:08,,,https://www.youtube.com/channel/UCXW73iT7cemjSjIh32RuUiA
UC62_vVEZofysaTugYYXJ6yA,@Ayus2,36,3年,Member (3 years),,不明,,,2,1,0,2026-09-13 18:30,2026-09-16 19:00,,,https://www.youtube.com/channel/UC62_vVEZofysaTugYYXJ6yA
UCRfq584hU4Cx31c6IqyevHA,@Cutelittlehoshi,36,3年,Member (3 years),40,Yaminions,マイルストーン,,2,1,0,2026-09-13 18:30,2026-09-24 10:01,,,https://www.youtube.com/channel/UCRfq584hU4Cx31c6IqyevHA
UCO8_labO6_ukN2fwMG4mMSw,@elle_trafalgar,36,3年,Member (3 years),42,Yaminions,マイルストーン,,2,2,0,2026-09-13 18:30,2026-09-30 00:08,,,https://www.youtube.com/channel/UCO8_labO6_ukN2fwMG4mMSw
UCe5TAbPEHot4BxlxAfs6XuA,@joanneqaq,36,3年,Member (3 years),,不明,,,2,2,0,2026-09-18 10:01,2026-09-24 10:01,,,https://www.youtube.com/channel/UCe5TAbPEHot4BxlxAfs6XuA
UCOKn6TM2Fu1FaPJkL9bdeOw,@xenia8778,36,3年,Member (3 years),,不明,,,2,48,0,2026-09-18 10:01,2026-09-25 12:05,,,https://www.youtube.com/channel/UCOKn6TM2Fu1FaPJkL9bdeOw
UCSVWRTy6eqafpFKo4GTJMnQ,@Xin-yun123,36,3年,Member (3 years),,不明,,,2,3,0,2026-09-18 10:01,2026-09-24 10:01,,,https://www.youtube.com/channel/UCSVWRTy6eqafpFKo4GTJMnQ
UCcW-mcnoOq9v679l-QNayIQ,@yenchu1669,36,3年,Member (3 years),,不明,,,2,7,0,2026-09-24 10:01,2026-09-25 12:05,,,https://www.youtube.com/channel/UCcW-mcnoOq9v679l-QNayIQ
UCvapL3H4E0HHVnHWJt_rkDg,@Yuzuru_Lydia,36,3年,Member (3 years),,不明,,,2,2,0,2026-09-24 10:01,2026-09-30 10:06,,,https://www.youtube.com/channel/UCvapL3H4E0HHVnHWJt_rkDg
UCPHrB1-ptaNwBc2JJV3F1_w,@KaiEveningtide,36,3年,Member (3 years),,不明,,,2,111,0,2026-09-25 12:05,2026-09-30 10:06,,,https://www.youtube.com/channel/UCPHrB1-ptaNwBc2JJV3F1_w
UCB2yabgLO3Lcko0XyOx4tag,@PAVEyyy,36,3年,Member (3 years),47,Yaminions,マイルストーン,,1,0,0,2026-09-08 22:45,2026-09-08 22:45,,,https://www.youtube.com/channel/UCB2yabgLO3Lcko0XyOx4tag
UC2djfL5q1yk5L44xxFTqGpg,@アーヤ-e3m,36,3年,Member (3 years),47,Yaminions,マイルストーン,,1,0,0,2026-09-08 22:45,2026-09-08 22:45,,,https://www.youtube.com/channel/UC2djfL5q1yk5L44xxFTqGpg
UCAoxEpcwlc-zEj27dt5P4OQ,@chouxsugar,36,3年,Member (3 years),,不明,,,1,13,0,2026-09-13 18:30,2026-09-13 18:30,,,https://www.youtube.com/channel/UCAoxEpcwlc-zEj27dt5P4OQ
UC2TlS9n36qiDHdNBQfWbntA,@Spamiio,36,3年,Member (3 years),,不明,,,1,58,0,2026-09-13 18:30,2026-09-13 18:30,,,https://www.youtube.com/channel/UC2TlS9n36qiDHdNBQfWbntA
UCMrk5YPyrVc4u1bPnTv6m1Q,@ame_0-0v,36,3年,Member (3 years),,不明,,,1,5,0,2026-09-13 18:30,2026-09-13 18:30,,,https://www.youtube.com/channel/UCMrk5YPyrVc4u1bPnTv6m1Q
UCI2O85LIOYWITnk6jWg2BhA,@seasmeseed33,36,3年,Member (3 years),,不明,,,1,43,0,2026-09-13 18:30,2026-09-13 18:30,,,https://www.youtube.com/channel/UCI2O85LIOYWITnk6jWg2BhA
UCojVx0MymEfuJmNPtbd3AdQ,@Sika-0216,36,3年,Member (3 years),,不明,,,1,9,0,2026-09-13 18:30,2026-09-13 18:30,,,https://www.youtube.com/channel/UCojVx0MymEfuJmNPtbd3AdQ
UCxtgRwR8TBN31VS7FGgHm1Q,@beho-poco,36,3年,Member (3 years),,不明,,,1,8,0,2026-09-13 18:30,2026-09-13 18:30,,,https://www.youtube.com/channel/UCxtgRwR8TBN31VS7FGgHm1Q
UC4HBloTt7AID9seJcH4ucEg,@MinS_zzZ,36,3年,Member (3 years),36,Yaminions,マイルストーン,,1,8,0,2026-09-13 18:30,2026-09-13 18:30,,,https://www.youtube.com/channel/UC4HBloTt7AID9seJcH4ucEg
UC6fHCKCX3I91NGL3svzfTvQ,@ヤチコ-t4y,36,3年,Member (3 years),,不明,,,1,6,0,2026-09-13 18:30,2026-09-13 18:30,,,https://www.youtube.com/channel/UC6fHCKCX3I91NGL3svzfTvQ
UCvZqQ-dNMBOjqnuJFVxikBw,@nao8267,36,3年,Member (3 years),45,Yaminions,マイルストーン,,1,6,0,2026-09-13 18:30,2026-09-13 18:30,,,https://www.youtube.com/channel/UCvZqQ-dNMBOjqnuJFVxikBw
UC4jmTbgn_bbUEUb9yPxK87A,@tkng992,36,3年,Member (3 years),,不明,,,1,1,0,2026-09-13 18:30,2026-09-13 18:30,,,https://www.youtube.com/channel/UC4jmTbgn_bbUEUb9yPxK87A
UCpKknkjm6LM_RP01VYxbTNg,@tinatsai6803,36,3年,Member (3 years),,不明,,,1,8,0,2026-09-13 18:30,2026-09-13 18:30,,,https://www.youtube.com/channel/UCpKknkjm6LM_RP01VYxbTNg
UC9VGaSXftDHVg1HoFa00NTA,@あおい_0607,36,3年,Member (3 years),,不明,,,1,9,0,2026-09-13 18:30,2026-09-13 18:30,,,https://www.youtube.com/channel/UC9VGaSXftDHVg1HoFa00NTA
UC54HrpV3hmqT_y6UwFVsvzQ,@80hatch,36,3年,Member (3 years),,不明,,,1,22,0,2026-09-13 18:30,2026-09-13 18:30,,,https://www.youtube.com/channel/UC54HrpV3hmqT_y6UwFVsvzQ
UCJ6hWX0-1pk07m5AsNvZZUA,@siangling9945,36,3年,Member (3 years),,Yaminions,ギフト,ギフトで加入,1,4,0,2026-09-13 18:30,2026-09-13 18:30,○,○,https://www.youtube.com/channel/UCJ6hWX0-1pk07m5AsNvZZUA
UCOHx0jQYrwAzJEX5sWVh8iQ,@とりもち-b1j,36,3年,Member (3 years),,不明,,,1,12,0,2026-09-13 18:30,2026-09-13 18:30,,,https://www.youtube.com/channel/UCOHx0jQYrwAzJEX5sWVh8iQ
UCakfiurKIJsyuldJOVHOEkg,@renjaqualine,36,3年,Member (3 years),42,Yaminions,マイルストーン,,1,1,0,2026-09-13 18:30,2026-09-13 18:30,,,https://www.youtube.com/channel/UCakfiurKIJsyuldJOVHOEkg
UCwYyL_5GXvKQZRvpTY6DZzA,@奈娜-y5z,36,3年,Member (3 years),,不明,,,1,4,0,2026-09-13 18:30,2026-09-13 18:30,,,https://www.youtube.com/channel/UCwYyL_5GXvKQZRvpTY6DZzA
UCVFOjaI4wOje0Dv6S-IrSWQ,@S_Echo,36,3年,Member (3 years),,不明,,,1,1,0,2026-09-13 18:30,2026-09-13 18:30,,,https://www.youtube.com/channel/UCVFOjaI4wOje0Dv6S-IrSWQ
UCBM8A-6kMlXC76drIPELGYg,@3tsuki,36,3年,Member (3 years),,不明,,,1,13,0,2026-09-13 18:30,2026-09-13 18:30,,,https://www.youtube.com/channel/UCBM8A-6kMlXC76drIPELGYg
UCedGW0Aj-HvpU08hV2F3upw,@CherryBlosm,36,3年,Member (3 years),,不明,,,1,11,0,2026-09-13 18:30,2026-09-13 18:30,,,https://www.youtube.com/channel/UCedGW0Aj-HvpU08hV2F3upw
UCZ7CpsKHkrcrHzNfJLaxROQ,@starry1016,36,3年,Member (3 years),,不明,,,1,1,0,2026-09-13 18:30,2026-09-13 18:30,,,https://www.youtube.com/channel/UCZ7CpsKHkrcrHzNfJLaxROQ
UCNydXjqnAwsYzKqJCrymwBg,@ゆきんこ-f6i7z,36,3年,Member (3 years),,不明,,,1,1,0,2026-09-13 18:30,2026-09-13 18:30,,,https://www.youtube.com/channel/UCNydXjqnAwsYzKqJCrymwBg
UCBF6SearQ630NGxGVNK0pUg,@natsugoro,36,3年,Member (3 years),,不明,,,1,11,0,2026-09-13 18:30,2026-09-13 18:30,,,https://www.youtube.com/channel/UCBF6SearQ630NGxGVNK0pUg
UCE4PiJTZ7nc-1qhNJ665ZOA,@司徒-b5r,36,3年,Member (3 years),,不明,,,1,1,0,2026-09-13 18:30,2026-09-13 18:30,,,https://www.youtube.com/channel/UCE4PiJTZ7nc-1qhNJ665ZOA
UCQTFtk0TPpLWueTs1ULiyig,@ran3on,36,3年,Member (3 years),,不明,,,1,1,0,2026-09-13 18:30,2026-09-13 18:30,,,https://www.youtube.com/channel/UCQTFtk0TPpLWueTs1ULiyig
UCklxZc44mzTi-BFfGwBbQmg,@黎子-ovob,36,3年,Member (3 years),,不明,,,1,7,0,2026-09-13 18:30,2026-09-13 18:30,,,https://www.youtube.com/channel/UCklxZc44mzTi-BFfGwBbQmg
UCbb2V0xSeuaBcTXy48IAj5w,@momo-wf2cy,36,3年,Member (3 years),,不明,,,1,5,0,2026-09-13 18:30,2026-09-13 18:30,,,https://www.youtube.com/channel/UCbb2V0xSeuaBcTXy48IAj5w
UCRfJPqW-OJRn_2Op7h49gCg,@peihsuan7972,36,3年,Member (3 years),47,Yaminions,マイルストーン,,1,1,0,2026-09-13 18:30,2026-09-13 18:30,,,https://www.youtube.com/channel/UCRfJPqW-OJRn_2Op7h49gCg
UCf0PzV8lAF8PrxYJa2NR2dg,@Kamo0418,36,3年,Member (3 years),,不明,,,1,2,0,2026-09-13 18:30,2026-09-13 18:30,,,https://www.youtube.com/channel/UCf0PzV8lAF8PrxYJa2NR2dg
UCdEaNVxTbsSXIT2kiKgWT3w,@saintdesu,36,3年,Member (3 years),,不明,,,1,1,0,2026-09-13 18:30,2026-09-13 18:30,,,https://www.youtube.com/channel/UCdEaNVxTbsSXIT2kiKgWT3w
UCQHdAK6zT_Bzw5LgPoxDqSQ,@Nao-x1p,36,3年,Member (3 years),,不明,,,1,1,0,2026-09-13 18:30,2026-09-13 18:30,,,https://www.youtube.com/channel/UCQHdAK6zT_Bzw5LgPoxDqSQ
UCQWiHQzGHDqnLbXfS8hzsww,@sayolin2222,36,3年,Member (3 years),,不明,,,1,3,0,2026-09-13 18:30,2026-09-13 18:30,,,https://www.youtube.com/channel/UCQWiHQzGHDqnLbXfS8hzsww
UCZIrZ4KhgpZXjH_m0MKNwvg,@李卓玲-f7i,36,3年,Member (3 years),,不明,,,1,2,0,2026-09-13 18:30,2026-09-13 18:30,,,https://www.youtube.com/channel/UCZIrZ4KhgpZXjH_m0MKNwvg
UCQveoDqUamX0e-2LX4x2LEQ,@Yuri_Hsieh,36,3年,Member (3 years),43,Yaminions,マイルストーン,,1,1,0,2026-09-13 18:30,2026-09-13 18:30,,,https://www.youtube.com/channel/UCQveoDqUamX0e-2LX4x2LEQ
UCJ_mU7HRXBuoSww_hDpa8wg,@srr_1103,36,3年,Member (3 years),37,Yaminions,マイルストーン,,1,1,0,2026-09-13 18:30,2026-09-13 18:30,,,https://www.youtube.com/channel/UCJ_mU7HRXBuoSww_hDpa8wg
UCi2kHBLvQrZMb4JBHNVMHWw,@shigure6918,36,3年,Member (3 years),46,Yaminions,マイルストーン,,1,0,0,2026-09-13 18:30,2026-09-13 18:30,,,https://www.youtube.com/channel/UCi2kHBLvQrZMb4JBHNVMHWw
UCJCksSCnneJQvdNYu3tDnRw,@都鳥,36,3年,Member (3 years),40,Yaminions,マイルストーン,,1,0,0,2026-09-13 18:30,2026-09-13 18:30,,,https://www.youtube.com/channel/UCJCksSCnneJQvdNYu3tDnRw
UC6phXrIpxhpGHC4dWSBg9IA,@taska_msyd,36,3年,Member (3 years),,不明,,,1,0,0,2026-09-13 18:30,2026-09-13 18:30,,,https://www.youtube.com/channel/UC6phXrIpxhpGHC4dWSBg9IA
UCm8pscCYY2Hkhp5ks6yIEQQ,@rs8947,36,3年,Member (3 years),,不明,,,1,8,0,2026-09-16 19:00,2026-09-16 19:00,,,https://www.youtube.com/channel/UCm8pscCYY2Hkhp5ks6yIEQQ
UCPxvDcC5xQ1cy15JCn7BD2g,@あゆみ-s4w4c,36,3年,Member (3 years),,不明,,,1,4,0,2026-09-16 19:00,2026-09-16 19:00,,,https://www.youtube.com/channel/UCPxvDcC5xQ1cy15JCn7BD2g
UCNYlMpJegVIDuZTzZAN3V_A,@yamayamasan,36,3年,Member (3 years),,不明,,,1,2,0,2026-09-16 19:00,2026-09-16 19:00,,,https://www.youtube.com/channel/UCNYlMpJegVIDuZTzZAN3V_A
UCfhN9ptnNZVCDeYcvaNopPg,@qinqin1857,36,3年,Member (3 years),,不明,,,1,1,0,2026-09-18 10:01,2026-09-18 10:01,,,https://www.youtube.com/channel/UCfhN9ptnNZVCDeYcvaNopPg
UC5eujfNpCdX_eysgKymEk7Q,@sleepyslothie,36,3年,Member (3 years),,不明,,,1,6,0,2026-09-18 10:01,2026-09-18 10:01,,,https://www.youtube.com/channel/UC5eujfNpCdX_eysgKymEk7Q
UCHyVZDcPe5BOW3RQLk8ogbQ,@陳怡君-g8s,36,3年,Member (3 years),47,Yaminions,マイルストーン,,1,0,0,2026-09-18 10:01,2026-09-18 10:01,,,https://www.youtube.com/channel/UCHyVZDcPe5BOW3RQLk8ogbQ
UCzc6jdbM1BKpQ1CtfiU92yA,@a.c1866,36,3年,Member (3 years),,不明,,,1,63,0,2026-09-24 10:01,2026-09-24 10:01,,,https://www.youtube.com/channel/UCzc6jdbM1BKpQ1CtfiU92yA
UCC-oE1h5Y0DYB7gL5WiXZYw,@amemiya321,36,3年,Member (3 years),,不明,,,1,5,0,2026-09-24 10:01,2026-09-24 10:01,,,https://www.youtube.com/channel/UCC-oE1h5Y0DYB7gL5WiXZYw
UCjd__ulw6mGup0850NdUi9g,@devil1lin,36,3年,Member (3 years),,不明,,,1,13,0,2026-09-24 10:01,2026-09-24 10:01,,,https://www.youtube.com/channel/UCjd__ulw6mGup0850NdUi9g
UCpwTsbduiiMlZfmFUBYzWLg,@kayy_bearr,36,3年,Member (3 years),,不明,,,1,18,0,2026-09-24 10:01,2026-09-24 10:01,,,https://www.youtube.com/channel/UCpwTsbduiiMlZfmFUBYzWLg
UCujgQiURrt_fHTK9bARQhEg,@cherrypoopoopie,36,3年,Member (3 years),,不明,,,1,2,0,2026-09-24 10:01,2026-09-24 10:01,,,https://www.youtube.com/channel/UCujgQiURrt_fHTK9bARQhEg
UCl5RGm6FG6ZoVrh8jGy7tTg,@yoo.its.tillie,36,3年,Member (3 years),,不明,,,1,1,0,2026-09-24 10:01,2026-09-24 10:01,,,https://www.youtube.com/channel/UCl5RGm6FG6ZoVrh8jGy7tTg
UCu6MFLGynX5CmUmHhm0ve1g,@NoPantsLucaGaveBirthToMeThxMom,36,3年,Member (3 years),45,Yaminions,マイルストーン,,1,58,0,2026-09-24 10:01,2026-09-24 10:01,,,https://www.youtube.com/channel/UCu6MFLGynX5CmUmHhm0ve1g
UCMGe3mtE6QN4oSBFX9RSR0w,@Killasisa.,36,3年,Member (3 years),,不明,,,1,1,0,2026-09-24 10:01,2026-09-24 10:01,,,https://www.youtube.com/channel/UCMGe3mtE6QN4oSBFX9RSR0w
UCkGcRyODAGvZQVazlD5MpBA,@An醬_要過勞,36,3年,Member (3 years),,不明,,,1,1,0,2026-09-24 10:01,2026-09-24 10:01,,,https://www.youtube.com/channel/UCkGcRyODAGvZQVazlD5MpBA
UC4ySNZXU6U45chEK3bSemrg,@TofuPudding-p7d,36,3年,Member (3 years),,不明,,,1,1,0,2026-09-24 10:01,2026-09-24 10:01,,,https://www.youtube.com/channel/UC4ySNZXU6U45chEK3bSemrg
UCxQYV70-AtghPp5Bm7_t_Dw,@choucchi_,36,3年,Member (3 years),,不明,,,1,1,0,2026-09-25 12:05,2026-09-25 12:05,,,https://www.youtube.com/channel/UCxQYV70-AtghPp5Bm7_t_Dw
UCvx26S3vzqgDhbqcj57clzQ,@不滅の天国暗殺者,36,3年,Member (3 years),,不明,,,1,2,0,2026-09-25 12:05,2026-09-25 12:05,,,https://www.youtube.com/channel/UCvx26S3vzqgDhbqcj57clzQ
UCFmIemDiqqUuu0IZT_ZHvXQ,@doggoc3656,36,3年,Member (3 years),,不明,,,1,1,0,2026-09-25 12:05,2026-09-25 12:05,,,https://www.youtube.com/channel/UCFmIemDiqqUuu0IZT_ZHvXQ
UC4dymn09QOb5XuU8HdFLVGw,@daffodilz1270,36,3年,Member (3 years),46,Yaminions,マイルストーン,,1,3,0,2026-09-30 00:08,2026-09-30 00:08,,,https://www.youtube.com/channel/UC4dymn09QOb5XuU8HdFLVGw
UCsJSC0D74bKLV-nV_ZWNtxQ,@鹿目みこ,36,3年,Member (3 years),,不明,,,1,1,0,2026-09-30 00:08,2026-09-30 00:08,,,https://www.youtube.com/channel/UCsJSC0D74bKLV-nV_ZWNtxQ
UCQWn7gwOmJA6AP5b5nm6Vjw,@めめきeyyy_m17,36,3年,Member (3 years),,不明,,,1,1,0,2026-09-30 00:08,2026-09-30 00:08,,,https://www.youtube.com/channel/UCQWn7gwOmJA6AP5b5nm6Vjw
UC2Yp9NP2NwNlU9nSjiDiqrQ,@Mopi4443,36,3年,Member (3 years),,不明,,,1,40,0,2026-09-30 10:06,2026-09-30 10:06,,,https://www.youtube.com/channel/UC2Yp9NP2NwNlU9nSjiDiqrQ
UCc93yVP7sTEQoqmAmxidb6A,@jamztospare,36,3年,Member (3 years),44,Yaminions,マイルストーン,,1,0,0,2026-09-30 10:06,2026-09-30 10:06,,,https://www.youtube.com/channel/UCc93yVP7sTEQoqmAmxidb6A
UC8a_6xlwRIwYi-izIC02KPg,@ahanchen1015,36,3年,Member (3 years),38,Yaminions,マイルストーン,,1,0,0,2026-09-30 10:06,2026-09-30 10:06,,,https://www.youtube.com/channel/UC8a_6xlwRIwYi-izIC02KPg
UCvmk9HD90pw2XP7Tu7Kj1zA,@snowfox-x9v,24,2年,Member (2 years),,不明,,,8,381,0,2026-09-08 22:45,2026-09-30 10:06,,,https://www.youtube.com/channel/UCvmk9HD90pw2XP7Tu7Kj1zA
UCoRzKpXj1DvFGYNVNV8z3tw,@おずOZ,24,2年,Member (2 years),,不明,,,8,254,0,2026-09-08 22:45,2026-09-30 10:06,,,https://www.youtube.com/channel/UCoRzKpXj1DvFGYNVNV8z3tw
UCwCYvPC2XaC-MUnDNLc_mZA,@NornorXuan,24,2年,Member (2 years),,不明,,,7,580,0,2026-09-08 22:45,2026-09-30 10:06,,,https://www.youtube.com/channel/UCwCYvPC2XaC-MUnDNLc_mZA
UCFQm0BIrHgl-HF7HRFrt68g,@nekosareeverywhere,24,2年,Member (2 years),,不明,,,7,58,0,2026-09-08 22:45,2026-09-30 10:06,,,https://www.youtube.com/channel/UCFQm0BIrHgl-HF7HRFrt68g
UCa18mrpbOzsgjpml7HzEjWQ,@KAKIclip,24,2年,Member (2 years),,不明,,,6,12,0,2026-09-08 22:45,2026-09-30 10:06,,,https://www.youtube.com/channel/UCa18mrpbOzsgjpml7HzEjWQ
UCVGzVgTMhRiqhYcvygaThdQ,@なつねこ-n7p,24,2年,Member (2 years),,不明,,,6,49,0,2026-09-08 22:45,2026-09-30 10:06,,,https://www.youtube.com/channel/UCVGzVgTMhRiqhYcvygaThdQ
UCFJzcjZ9daW4DvEAo3tpTnQ,@kona5na,24,2年,Member (2 years),,不明,,,5,82,0,2026-09-08 22:45,2026-09-30 00:08,,,https://www.youtube.com/channel/UCFJzcjZ9daW4DvEAo3tpTnQ
UCz4In3mgnWzNiDux2ROa3OA,@chiuhoyeung4957,24,2年,Member (2 years),35,Yaminions,マイルストーン,,5,8,0,2026-09-08 22:45,2026-09-30 10:06,,,https://www.youtube.com/channel/UCz4In3mgnWzNiDux2ROa3OA
UCtG30fS9864vEyndoDAquUw,@gudesala-tpw83,24,2年,Member (2 years),,不明,,,5,95,0,2026-09-08 22:45,2026-09-30 10:06,,,https://www.youtube.com/channel/UCtG30fS9864vEyndoDAquUw
UCrPiiwXus_qBXmkuP8I3LbQ,@skorupiishira,24,2年,Member (2 years),,不明,,,5,220,0,2026-09-08 22:45,2026-09-30 10:06,,,https://www.youtube.com/channel/UCrPiiwXus_qBXmkuP8I3LbQ
UCLLe-fOjc_C4uq0ULTJKSZw,@ゆし-s8q,24,2年,Member (2 years),28,Yaminions,マイルストーン,,5,231,1,2026-09-13 18:30,2026-09-30 10:06,,,https://www.youtube.com/channel/UCLLe-fOjc_C4uq0ULTJKSZw
UCAKOq_csG-YMcl-AfChr5qw,@joycelin_喬依絲琳,24,2年,Member (2 years),28,Yaminions,マイルストーン,,5,60,0,2026-09-13 18:30,2026-09-30 00:08,,,https://www.youtube.com/channel/UCAKOq_csG-YMcl-AfChr5qw
UC9PPoZxztYJyw5gz0N7Wy8A,@Mii_みぃ_mii,24,2年,Member (2 years),25,Yaminions,マイルストーン,,5,93,0,2026-09-13 18:30,2026-09-30 10:06,,,https://www.youtube.com/channel/UC9PPoZxztYJyw5gz0N7Wy8A
UCsZxcigxXMxG-nt3XBUzsgA,@LauRauntt,24,2年,Member (2 years),,Yaminions,ギフト,ギフトで加入,5,64,0,2026-09-13 18:30,2026-09-30 00:08,○,○,https://www.youtube.com/channel/UCsZxcigxXMxG-nt3XBUzsgA
UCncIuKZcX_50TI5rdjkBqOQ,@maidoari_Mari,24,2年,Member (2 years),,不明,,,4,10,0,2026-09-08 22:45,2026-09-25 12:05,,,https://www.youtube.com/channel/UCncIuKZcX_50TI5rdjkBqOQ
UCwy-6zCmjh2v6w5_hNcv2Og,@yuhua_yh,24,2年,Member (2 years),34,Yaminions,マイルストーン,,4,11,0,2026-09-08 22:45,2026-09-30 10:06,,,https://www.youtube.com/channel/UCwy-6zCmjh2v6w5_hNcv2Og
UCoxYYMY6F7E0KfS0l4wcsYQ,@TheMerryKitty,24,2年,Member (2 years),34,Yaminions,マイルストーン,,4,204,0,2026-09-13 18:30,2026-09-30 10:06,,,https://www.youtube.com/channel/UCoxYYMY6F7E0KfS0l4wcsYQ
UCmCblLIc7HqPdyQl5-hWcXQ,@湊秋月,24,2年,Member (2 years),,不明,,,4,103,0,2026-09-13 18:30,2026-09-25 12:05,,,https://www.youtube.com/channel/UCmCblLIc7HqPdyQl5-hWcXQ
UCYpwCrJinrYR-TvmtzkpPOQ,@zavcosmos,24,2年,Member (2 years),,不明,,,4,14,0,2026-09-13 18:30,2026-09-25 12:05,,,https://www.youtube.com/channel/UCYpwCrJinrYR-TvmtzkpPOQ
UCK_aOyl43ca4eSrf3k493rg,@usua741,24,2年,Member (2 years),,不明,,,4,13,0,2026-09-18 10:01,2026-09-30 10:06,,,https://www.youtube.com/channel/UCK_aOyl43ca4eSrf3k493rg
UCftv_o0P1Pvba0KdgGNn98w,@chi-jn4sp,24,2年,Member (2 years),,不明,,,3,5,0,2026-09-08 22:45,2026-09-25 12:05,,,https://www.youtube.com/channel/UCftv_o0P1Pvba0KdgGNn98w
UCxW0X8_cGKIttINB5StN5IA,@Ho_cuc_rn,24,2年,Member (2 years),,不明,,,3,124,0,2026-09-08 22:45,2026-09-16 19:00,,,https://www.youtube.com/channel/UCxW0X8_cGKIttINB5StN5IA
UCCq_ty1EX9ZJBVBsZTIzorA,@olllllim,24,2年,Member (2 years),,不明,,,3,44,0,2026-09-08 22:45,2026-09-16 19:00,,,https://www.youtube.com/channel/UCCq_ty1EX9ZJBVBsZTIzorA
UC_y95RnKt8nlMO2fngqr7Rw,@Hasamintmumi,24,2年,Member (2 years),,不明,,,3,28,0,2026-09-13 18:30,2026-09-25 12:05,,,https://www.youtube.com/channel/UC_y95RnKt8nlMO2fngqr7Rw
UCD2r3hw9ySykSreqo-Te6-w,@3yuki_3,24,2年,Member (2 years),,不明,,,3,4,0,2026-09-13 18:30,2026-09-24 10:01,,,https://www.youtube.com/channel/UCD2r3hw9ySykSreqo-Te6-w
UCsAY4fGpJ3RFtb7crmjBAHw,@TareTenipuri,24,2年,Member (2 years),29,Yaminions,マイルストーン,,3,41,0,2026-09-13 18:30,2026-09-30 10:06,,,https://www.youtube.com/channel/UCsAY4fGpJ3RFtb7crmjBAHw
UCYn0mBhNMcX4cBQDdDC3NQw,@enyu-m9k,24,2年,Member (2 years),25,Yaminions,マイルストーン,,3,4,0,2026-09-13 18:30,2026-09-30 00:08,,,https://www.youtube.com/channel/UCYn0mBhNMcX4cBQDdDC3NQw
UC5C174t2DsipRrYU09T9r9g,@miyabi_kiko,24,2年,Member (2 years),,不明,,,3,4,0,2026-09-13 18:30,2026-09-30 10:06,,,https://www.youtube.com/channel/UC5C174t2DsipRrYU09T9r9g
UC8UL08eyoy-WaZesS8YWYFQ,@dokyeomon,24,2年,Member (2 years),31,Yaminions,マイルストーン,,3,12,0,2026-09-13 18:30,2026-09-30 00:08,,,https://www.youtube.com/channel/UC8UL08eyoy-WaZesS8YWYFQ
UCP7ZBrWXDEyHzMqAvNX_hCA,@harperoh,24,2年,Member (2 years),,不明,,,3,5,0,2026-09-13 18:30,2026-09-30 10:06,,,https://www.youtube.com/channel/UCP7ZBrWXDEyHzMqAvNX_hCA
UCECE2xGfhJlmv4mfF3a6mQg,@sha-aquarian05,24,2年,Member (2 years),,不明,,,3,5,0,2026-09-18 10:01,2026-09-30 10:06,,,https://www.youtube.com/channel/UCECE2xGfhJlmv4mfF3a6mQg
UC2QdoOrd30sJjoDiAnzEhQA,@CertifiedSimp_Nikky,24,2年,Member (2 years),,不明,,,3,105,0,2026-09-18 10:01,2026-09-30 00:08,,,https://www.youtube.com/channel/UC2QdoOrd30sJjoDiAnzEhQA
UCzgHN8Biv3QjKdqcWIatLew,@breenbread,24,2年,Member (2 years),,不明,,,3,5,0,2026-09-24 10:01,2026-09-30 00:08,,,https://www.youtube.com/channel/UCzgHN8Biv3QjKdqcWIatLew
UCYTiqt1mv7XFIwmrh5aK5_w,@soonbok6920,24,2年,Member (2 years),,不明,,,2,6,0,2026-09-13 18:30,2026-09-24 10:01,,,https://www.youtube.com/channel/UCYTiqt1mv7XFIwmrh5aK5_w
UCD-Gizv0_LcMaWLccyIOjQQ,@mgomg05,24,2年,Member (2 years),,不明,,,2,14,0,2026-09-13 18:30,2026-09-16 19:00,,,https://www.youtube.com/channel/UCD-Gizv0_LcMaWLccyIOjQQ
UCnz2k05TB4LR2234J5xwFWQ,@_aya_no,24,2年,Member (2 years),28,Yaminions,マイルストーン,,2,17,0,2026-09-13 18:30,2026-09-16 19:00,,,https://www.youtube.com/channel/UCnz2k05TB4LR2234J5xwFWQ
UCQ9zbJdCqhOse2Uv5IeoJ8A,@Jasmine-h1l,24,2年,Member (2 years),,不明,,,2,21,0,2026-09-13 18:30,2026-09-16 19:00,,,https://www.youtube.com/channel/UCQ9zbJdCqhOse2Uv5IeoJ8A
UCv87R50N3cpmhRGSWqGrZXQ,@玄_Gen.07,24,2年,Member (2 years),,不明,,,2,3,0,2026-09-13 18:30,2026-09-30 10:06,,,https://www.youtube.com/channel/UCv87R50N3cpmhRGSWqGrZXQ
UCcqpbNiOCuypF8C2HjGBASw,@ArisuDee,24,2年,Member (2 years),,Yaminions,ギフト,ギフトで加入,2,39,0,2026-09-13 18:30,2026-09-24 10:01,○,○,https://www.youtube.com/channel/UCcqpbNiOCuypF8C2HjGBASw
UCkqoSUFQc7Ke6Jyh7TIcDXA,@lily3276,24,2年,Member (2 years),,不明,,,2,2,0,2026-09-13 18:30,2026-09-24 10:01,,,https://www.youtube.com/channel/UCkqoSUFQc7Ke6Jyh7TIcDXA
UC9Sk-XVBTIBPeSfMakLTzQw,@abyss-ef8nz,24,2年,Member (2 years),,不明,,,2,7,0,2026-09-13 18:30,2026-09-24 10:01,,,https://www.youtube.com/channel/UC9Sk-XVBTIBPeSfMakLTzQw
UCvvFP9F1cYCevEea7sh78iw,@shea_xxu,24,2年,Member (2 years),,不明,,,2,8,0,2026-09-13 18:30,2026-09-30 10:06,,,https://www.youtube.com/channel/UCvvFP9F1cYCevEea7sh78iw
UCEpOfKB3BeR2NNA0Ea72_DA,@cyasxull,24,2年,Member (2 years),,不明,,,2,4,0,2026-09-13 18:30,2026-09-30 00:08,,,https://www.youtube.com/channel/UCEpOfKB3BeR2NNA0Ea72_DA
UCBM7T0_RYnLwUmP3nXyWOIw,@keeyaamini,24,2年,Member (2 years),,不明,,,2,2,0,2026-09-13 18:30,2026-09-24 10:01,,,https://www.youtube.com/channel/UCBM7T0_RYnLwUmP3nXyWOIw
UCeS9zJPuwMNJZLSf-jsyW0w,@pang9385,24,2年,Member (2 years),30,Yaminions,マイルストーン,,2,1,0,2026-09-13 18:30,2026-09-24 10:01,,,https://www.youtube.com/channel/UCeS9zJPuwMNJZLSf-jsyW0w
UC8eoszMlDfhqhqWBeefHFBQ,@flying-okome,24,2年,Member (2 years),,不明,,,2,2,0,2026-09-16 19:00,2026-09-18 10:01,,,https://www.youtube.com/channel/UC8eoszMlDfhqhqWBeefHFBQ
UC9ppQQ5BVVLUBAF3-xALs0w,@sonnabenene,24,2年,Member (2 years),,不明,,,2,20,0,2026-09-30 00:08,2026-09-30 10:06,,,https://www.youtube.com/channel/UC9ppQQ5BVVLUBAF3-xALs0w
UCYmd97Wc1WVpCu54mIiYaGw,@もち麦-g8s,24,2年,Member (2 years),,不明,,,1,1,0,2026-09-08 22:45,2026-09-08 22:45,,,https://www.youtube.com/channel/UCYmd97Wc1WVpCu54mIiYaGw
UCZoTakAfR6JUg_rQin3041Q,@ともる-g2d,24,2年,Member (2 years),,不明,,,1,3,0,2026-09-08 22:45,2026-09-08 22:45,,,https://www.youtube.com/channel/UCZoTakAfR6JUg_rQin3041Q
UCP0XllXiF-8DayccGDmbXmg,@cirticussycamore557,24,2年,Member (2 years),,不明,,,1,2,0,2026-09-08 22:45,2026-09-08 22:45,,,https://www.youtube.com/channel/UCP0XllXiF-8DayccGDmbXmg
UCLwZmfMrD9eBu2s7srQMGoQ,@Crystalarmyyy,24,2年,Member (2 years),30,Yaminions,マイルストーン,,1,0,0,2026-09-08 22:45,2026-09-08 22:45,,,https://www.youtube.com/channel/UCLwZmfMrD9eBu2s7srQMGoQ
UCLBAcO2AM4F67jnPAsZyWXw,@Tiffany_TilaMiShu,24,2年,Member (2 years),,不明,,,1,76,0,2026-09-13 18:30,2026-09-13 18:30,,,https://www.youtube.com/channel/UCLBAcO2AM4F67jnPAsZyWXw
UC9cjV2yB1BXhUSx_vSjjxIg,@siikas_888,24,2年,Member (2 years),,不明,,,1,7,0,2026-09-13 18:30,2026-09-13 18:30,,,https://www.youtube.com/channel/UC9cjV2yB1BXhUSx_vSjjxIg
UCDOvOi67ktXdYbrZ6krHfFQ,@stgmiki,24,2年,Member (2 years),,不明,,,1,2,0,2026-09-13 18:30,2026-09-13 18:30,,,https://www.youtube.com/channel/UCDOvOi67ktXdYbrZ6krHfFQ
UC9kP7CQ6BNIKMcDBq1kvwvw,@monya-qc9fn,24,2年,Member (2 years),,不明,,,1,3,0,2026-09-13 18:30,2026-09-13 18:30,,,https://www.youtube.com/channel/UC9kP7CQ6BNIKMcDBq1kvwvw
UC4sAWUIEaf4b_xEtD0nDz8A,@marumaro37,24,2年,Member (2 years),,不明,,,1,8,0,2026-09-13 18:30,2026-09-13 18:30,,,https://www.youtube.com/channel/UC4sAWUIEaf4b_xEtD0nDz8A
UCFJVaTK-1IgfHGWxYJoRaeg,@ShioriAlice,24,2年,Member (2 years),,不明,,,1,19,0,2026-09-13 18:30,2026-09-13 18:30,,,https://www.youtube.com/channel/UCFJVaTK-1IgfHGWxYJoRaeg
UCyNBmCcBB0K6bzVVLFBmMlA,@lingling0824,24,2年,Member (2 years),25,Yaminions,マイルストーン,,1,7,0,2026-09-13 18:30,2026-09-13 18:30,,,https://www.youtube.com/channel/UCyNBmCcBB0K6bzVVLFBmMlA
UCyj8L-0vNnBKkxeTlYvmVxg,@chiii-i7,24,2年,Member (2 years),,不明,,,1,4,0,2026-09-13 18:30,2026-09-13 18:30,,,https://www.youtube.com/channel/UCyj8L-0vNnBKkxeTlYvmVxg
UChDPLQAmki5WUhD6mlzHY2Q,@シズク-b1s,24,2年,Member (2 years),,不明,,,1,1,0,2026-09-13 18:30,2026-09-13 18:30,,,https://www.youtube.com/channel/UChDPLQAmki5WUhD6mlzHY2Q
UCIc1aJCF7hen2Ukb6fTnQnw,@senri_88,24,2年,Member (2 years),,不明,,,1,5,0,2026-09-13 18:30,2026-09-13 18:30,,,https://www.youtube.com/channel/UCIc1aJCF7hen2Ukb6fTnQnw
UCkaPxCEFoiJx9IfRHzahAeQ,@めお3,24,2年,Member (2 years),,不明,,,1,29,0,2026-09-13 18:30,2026-09-13 18:30,,,https://www.youtube.com/channel/UCkaPxCEFoiJx9IfRHzahAeQ
UCCDYEHbcEt-FGFopLSFmeyA,@クルミク_3,24,2年,Member (2 years),,不明,,,1,5,0,2026-09-13 18:30,2026-09-13 18:30,,,https://www.youtube.com/channel/UCCDYEHbcEt-FGFopLSFmeyA
UCm56i9dSiCRy9_JR7QXVrGQ,@nyocotta,24,2年,Member (2 years),,不明,,,1,1,0,2026-09-13 18:30,2026-09-13 18:30,,,https://www.youtube.com/channel/UCm56i9dSiCRy9_JR7QXVrGQ
UCAQeHY8hDnh_KTxtVyji8LA,@sui_jly,24,2年,Member (2 years),,不明,,,1,7,0,2026-09-13 18:30,2026-09-13 18:30,,,https://www.youtube.com/channel/UCAQeHY8hDnh_KTxtVyji8LA
UCGA-UKk8CY8doMZfoJx0Mug,@cloudyy_255,24,2年,Member (2 years),,不明,,,1,1,0,2026-09-13 18:30,2026-09-13 18:30,,,https://www.youtube.com/channel/UCGA-UKk8CY8doMZfoJx0Mug
UC7pItEgpgR7KTWYKG7O509A,@hagchun,24,2年,Member (2 years),,不明,,,1,1,0,2026-09-13 18:30,2026-09-13 18:30,,,https://www.youtube.com/channel/UC7pItEgpgR7KTWYKG7O509A
UCFfIxZjEzRC2xmac7W4IgEA,@あおいろ-k5b,24,2年,Member (2 years),,不明,,,1,3,0,2026-09-13 18:30,2026-09-13 18:30,,,https://www.youtube.com/channel/UCFfIxZjEzRC2xmac7W4IgEA
UCyrwFripn3VNch61oX_Q62g,@zerouo4842,24,2年,Member (2 years),,不明,,,1,2,0,2026-09-13 18:30,2026-09-13 18:30,,,https://www.youtube.com/channel/UCyrwFripn3VNch61oX_Q62g
UCr8eu456bKBdJ68nilzkPWw,@もすmos,24,2年,Member (2 years),,不明,,,1,7,0,2026-09-13 18:30,2026-09-13 18:30,,,https://www.youtube.com/channel/UCr8eu456bKBdJ68nilzkPWw
UC0baWegz79pp_3O0cDxVkig,@sasa10ian,24,2年,Member (2 years),,不明,,,1,1,0,2026-09-13 18:30,2026-09-13 18:30,,,https://www.youtube.com/channel/UC0baWegz79pp_3O0cDxVkig
UC-hNolB2H3fC19lJvDNt_vA,@king___00-c1g,24,2年,Member (2 years),,不明,,,1,19,0,2026-09-13 18:30,2026-09-13 18:30,,,https://www.youtube.com/channel/UC-hNolB2H3fC19lJvDNt_vA
UCGfOVBsBcnccY5YjGd8Aztw,@merriebehappy,24,2年,Member (2 years),,不明,,,1,5,0,2026-09-13 18:30,2026-09-13 18:30,,,https://www.youtube.com/channel/UCGfOVBsBcnccY5YjGd8Aztw
UCnra9o2OIbiLdgs5jQGOHbw,@mochiiii15,24,2年,Member (2 years),,不明,,,1,2,0,2026-09-13 18:30,2026-09-13 18:30,,,https://www.youtube.com/channel/UCnra9o2OIbiLdgs5jQGOHbw
UCrHr94cDceQm16cfYruq9AQ,@yolynn3902,24,2年,Member (2 years),34,Yaminions,マイルストーン,,1,2,0,2026-09-13 18:30,2026-09-13 18:30,,,https://www.youtube.com/channel/UCrHr94cDceQm16cfYruq9AQ
UCH4UidJdN4yJzS8ztxW2-jQ,@yannnやん,24,2年,Member (2 years),,不明,,,1,3,0,2026-09-13 18:30,2026-09-13 18:30,,,https://www.youtube.com/channel/UCH4UidJdN4yJzS8ztxW2-jQ
UCxrbXbN8Q2bRnh2sqwGdYuA,@chuchuuu7347,24,2年,Member (2 years),,不明,,,1,1,0,2026-09-13 18:30,2026-09-13 18:30,,,https://www.youtube.com/channel/UCxrbXbN8Q2bRnh2sqwGdYuA
UCr6NpY1GRvqNZ4ixivU8YIQ,@檠姝,24,2年,Member (2 years),,不明,,,1,1,0,2026-09-13 18:30,2026-09-13 18:30,,,https://www.youtube.com/channel/UCr6NpY1GRvqNZ4ixivU8YIQ
UCkBkJlfAGQ259yJtVDggUiA,@POPU-g7z,24,2年,Member (2 years),,不明,,,1,1,0,2026-09-13 18:30,2026-09-13 18:30,,,https://www.youtube.com/channel/UCkBkJlfAGQ259yJtVDggUiA
UCZrns4ApwakkfJymPtaUPEA,@sharonnnnsss,24,2年,Member (2 years),,不明,,,1,1,0,2026-09-13 18:30,2026-09-13 18:30,,,https://www.youtube.com/channel/UCZrns4ApwakkfJymPtaUPEA
UCoYJyd4st1i7voR1NW3tazg,@イイちゃん-KP,24,2年,Member (2 years),,不明,,,1,1,0,2026-09-13 18:30,2026-09-13 18:30,,,https://www.youtube.com/channel/UCoYJyd4st1i7voR1NW3tazg
UCReb1HZfwrmFrWnLclvw0kw,@二二-w1y,24,2年,Member (2 years),,不明,,,1,1,0,2026-09-13 18:30,2026-09-13 18:30,,,https://www.youtube.com/channel/UCReb1HZfwrmFrWnLclvw0kw
UCkQZwk75zzxbRLr_aUoiszQ,@ching8855,24,2年,Member (2 years),,不明,,,1,1,0,2026-09-13 18:30,2026-09-13 18:30,,,https://www.youtube.com/channel/UCkQZwk75zzxbRLr_aUoiszQ
UCL9MSd7e3GnzJ36VT-dC4zA,@aq-y3y,24,2年,Member (2 years),,不明,,,1,1,0,2026-09-13 18:30,2026-09-13 18:30,,,https://www.youtube.com/channel/UCL9MSd7e3GnzJ36VT-dC4zA
UC0DlQkBsPtftGykrdXFzdlg,@時雨-z4f9m,24,2年,Member (2 years),,不明,,,1,1,0,2026-09-13 18:30,2026-09-13 18:30,,,https://www.youtube.com/channel/UC0DlQkBsPtftGykrdXFzdlg
UCaZCKBRmAQrfG_kKUJzcLYw,@ゆべし-l1y,24,2年,Member (2 years),,不明,,,1,1,0,2026-09-13 18:30,2026-09-13 18:30,,,https://www.youtube.com/channel/UCaZCKBRmAQrfG_kKUJzcLYw
UCRvhWfC159xWw4HreabRSCw,@wyii2033,24,2年,Member (2 years),29,Yaminions,マイルストーン,,1,0,0,2026-09-13 18:30,2026-09-13 18:30,,,https://www.youtube.com/channel/UCRvhWfC159xWw4HreabRSCw
UCcxDr-SABse6Krr_h9X_C2w,@Gete_mono,24,2年,Member (2 years),,不明,,,1,10,0,2026-09-16 19:00,2026-09-16 19:00,,,https://www.youtube.com/channel/UCcxDr-SABse6Krr_h9X_C2w
UCu7q-3FHqnN0v78qUfZpnug,@sagiri6394,24,2年,Member (2 years),,不明,,,1,1,0,2026-09-16 19:00,2026-09-16 19:00,,,https://www.youtube.com/channel/UCu7q-3FHqnN0v78qUfZpnug
UCKp_iS4pusc-Km-7GsR9usQ,@chanhleoo,24,2年,Member (2 years),32,Yaminions,マイルストーン,,1,0,0,2026-09-16 19:00,2026-09-16 19:00,,,https://www.youtube.com/channel/UCKp_iS4pusc-Km-7GsR9usQ
UCQRQCVQJnqwxKGAtUiGn5iA,@ch-ny1ge,24,2年,Member (2 years),,不明,,,1,5,0,2026-09-18 10:01,2026-09-18 10:01,,,https://www.youtube.com/channel/UCQRQCVQJnqwxKGAtUiGn5iA
UCAgaaR73ccBeO9pmE1kd2GQ,@JunnieThere,24,2年,Member (2 years),,不明,,,1,1,0,2026-09-18 10:01,2026-09-18 10:01,,,https://www.youtube.com/channel/UCAgaaR73ccBeO9pmE1kd2GQ
UCIJjFHEsOMTB4r8_tUKVpig,@squaaresyll,24,2年,Member (2 years),,不明,,,1,2,0,2026-09-18 10:01,2026-09-18 10:01,,,https://www.youtube.com/channel/UCIJjFHEsOMTB4r8_tUKVpig
UCJDGUWASR9ULqhBVYmdZTlw,@Sakura-chanMotC,24,2年,Member (2 years),,不明,,,1,106,0,2026-09-24 10:01,2026-09-24 10:01,,,https://www.youtube.com/channel/UCJDGUWASR9ULqhBVYmdZTlw
UCDwwZ1dNubTJgyjxImJwe7Q,@yiyin9355,24,2年,Member (2 years),,不明,,,1,1,0,2026-09-24 10:01,2026-09-24 10:01,,,https://www.youtube.com/channel/UCDwwZ1dNubTJgyjxImJwe7Q
UCZduXCkhMLbOMeGIEZxxJKw,@bilberry_blue,24,2年,Member (2 years),,不明,,,1,2,0,2026-09-24 10:01,2026-09-24 10:01,,,https://www.youtube.com/channel/UCZduXCkhMLbOMeGIEZxxJKw
UC9JgR63HNr8SWrswSmYX3vw,@洛玥nora,24,2年,Member (2 years),,不明,,,1,1,0,2026-09-24 10:01,2026-09-24 10:01,,,https://www.youtube.com/channel/UC9JgR63HNr8SWrswSmYX3vw
UC2iK-K9sXXEE_pBEJbSDtGw,@Nuryanti_0000,24,2年,Member (2 years),,Yaminions,ギフト,ギフトで加入,1,28,0,2026-09-24 10:01,2026-09-24 10:01,○,○,https://www.youtube.com/channel/UC2iK-K9sXXEE_pBEJbSDtGw
UCvk992Bw8cdEoBlOnEJrfqg,@seryutonin8730,24,2年,Member (2 years),,不明,,,1,2,0,2026-09-25 12:05,2026-09-25 12:05,,,https://www.youtube.com/channel/UCvk992Bw8cdEoBlOnEJrfqg
UCO310MA76XyjD70ydpT_4Pw,@zeno_zk,24,2年,Member (2 years),,不明,,,1,8,0,2026-09-25 12:05,2026-09-25 12:05,,,https://www.youtube.com/channel/UCO310MA76XyjD70ydpT_4Pw
UCMd-D8p3ob53H2Euq7VrMfg,@魘yannn,24,2年,Member (2 years),,不明,,,1,1,0,2026-09-25 12:05,2026-09-25 12:05,,,https://www.youtube.com/channel/UCMd-D8p3ob53H2Euq7VrMfg
UC0k9rdwT2Rbkg9SeYu90WcA,@yc_poon,24,2年,Member (2 years),,不明,,,1,3,0,2026-09-30 00:08,2026-09-30 00:08,,,https://www.youtube.com/channel/UC0k9rdwT2Rbkg9SeYu90WcA
UCM0XG_0yuWO4ZxjGoRaDEFA,@matchaaa_luna,24,2年,Member (2 years),,不明,,,1,1,0,2026-09-30 10:06,2026-09-30 10:06,,,https://www.youtube.com/channel/UCM0XG_0yuWO4ZxjGoRaDEFA
UC7GM2UppLX-zz0WxLvKUKNw,@reaeareee,24,2年,Member (2 years),,不明,,,1,3,0,2026-09-30 10:06,2026-09-30 10:06,,,https://www.youtube.com/channel/UC7GM2UppLX-zz0WxLvKUKNw
UCWY7NAPyhttdIPxRfpbB3Ig,@Kiv1538,24,2年,Member (2 years),,不明,,,1,1,0,2026-09-30 10:06,2026-09-30 10:06,,,https://www.youtube.com/channel/UCWY7NAPyhttdIPxRfpbB3Ig
UCjhaSS0BrP0iI8IVdsPR6Bg,@reisaseiyoo,12,1年,Member (1 year),22,Yaminions,マイルストーン,,8,395,0,2026-09-08 22:45,2026-09-30 10:06,,,https://www.youtube.com/channel/UCjhaSS0BrP0iI8IVdsPR6Bg
UC2CitAfFvfKrIHjwUFf4K7Q,@ruiiiii.x.y,12,1年,Member (1 year),,不明,,,8,192,0,2026-09-08 22:45,2026-09-30 10:06,,,https://www.youtube.com/channel/UC2CitAfFvfKrIHjwUFf4K7Q
UCzEoh5ZBHrdLvp-d-WAtsUA,@sonnysbear,12,1年,Member (1 year),,不明,,,8,93,0,2026-09-08 22:45,2026-09-30 10:06,,,https://www.youtube.com/channel/UCzEoh5ZBHrdLvp-d-WAtsUA
UC5gMRPjPRGJtAPRNItL822Q,@Zoeyyyy柔伊,12,1年,Member (1 year),16,Yaminions,マイルストーン,,8,1152,1,2026-09-08 22:45,2026-09-30 10:06,,,https://www.youtube.com/channel/UC5gMRPjPRGJtAPRNItL822Q
UCE62_PtxtgQb5kR5TgtINDw,@mochinoyoDX,12,1年,Member (1 year),,不明,,,7,105,0,2026-09-08 22:45,2026-09-30 10:06,,,https://www.youtube.com/channel/UCE62_PtxtgQb5kR5TgtINDw
UCiVk1TA0dk3ZYaQj9rv5qpA,@moimoimwa,12,1年,Member (1 year),,不明,,,7,72,0,2026-09-08 22:45,2026-09-30 10:06,,,https://www.youtube.com/channel/UCiVk1TA0dk3ZYaQj9rv5qpA
UCitqjzATTp_McThpNX82uUg,@九_kyuu_q_que_キュー_cue_きゅう,12,1年,Member (1 year),,不明,,,7,105,0,2026-09-08 22:45,2026-09-30 10:06,,,https://www.youtube.com/channel/UCitqjzATTp_McThpNX82uUg
UCZTbSYZCYBugIKG3vwNoNcA,@MivenYamino,12,1年,Member (1 year),22,Yaminions,マイルストーン,,7,19,10,2026-09-08 22:45,2026-09-30 10:06,,,https://www.youtube.com/channel/UCZTbSYZCYBugIKG3vwNoNcA
UCQPMWVJdMs3VnUoeLWqTWsQ,@hou-patty56,12,1年,Member (1 year),,不明,,,7,20,0,2026-09-08 22:45,2026-09-30 10:06,,,https://www.youtube.com/channel/UCQPMWVJdMs3VnUoeLWqTWsQ
UC2WU2Fs0kTtH3lVQjRuz0KQ,@ayumi_1679,12,1年,Member (1 year),,不明,,,6,35,0,2026-09-08 22:45,2026-09-30 10:06,,,https://www.youtube.com/channel/UC2WU2Fs0kTtH3lVQjRuz0KQ
UCeC5EAyRERtNLTt3QknabrA,@un4382,12,1年,Member (1 year),,不明,,,6,36,0,2026-09-08 22:45,2026-09-30 10:06,,,https://www.youtube.com/channel/UCeC5EAyRERtNLTt3QknabrA
UCnIB2ZRYdYTx0eo7hzd8R-g,@NaNa32420,12,1年,Member (1 year),12,Yaminions,マイルストーン,,6,28,0,2026-09-13 18:30,2026-09-30 00:08,,,https://www.youtube.com/channel/UCnIB2ZRYdYTx0eo7hzd8R-g
UCUK4nHm63miYu2dmzOYAnfg,@H1na_0919,12,1年,Member (1 year),,不明,,,5,15,0,2026-09-08 22:45,2026-09-30 10:06,,,https://www.youtube.com/channel/UCUK4nHm63miYu2dmzOYAnfg
UCKEOECUA0uQN22MZpQ7oisw,@じょにこJonico,12,1年,Member (1 year),,不明,,,5,313,1,2026-09-08 22:45,2026-09-30 10:06,,,https://www.youtube.com/channel/UCKEOECUA0uQN22MZpQ7oisw
UCN0W0Q-t5-rfFjP4xC9oY3w,@NijiGumo_o,12,1年,Member (1 year),,不明,,,5,31,0,2026-09-08 22:45,2026-09-30 00:08,,,https://www.youtube.com/channel/UCN0W0Q-t5-rfFjP4xC9oY3w
UC_eBNaBO5YQc32lud4qMIKw,@Passion-with,12,1年,Member (1 year),,不明,,,5,10,0,2026-09-08 22:45,2026-09-30 10:06,,,https://www.youtube.com/channel/UC_eBNaBO5YQc32lud4qMIKw
UCFJ_hM25DgXaN2dWpoRINKQ,@poi_1412,12,1年,Member (1 year),,不明,,,5,73,0,2026-09-13 18:30,2026-09-30 10:06,,,https://www.youtube.com/channel/UCFJ_hM25DgXaN2dWpoRINKQ
UCbHx5eaF2Nltj5UIUze0xaQ,@sumomoneru,12,1年,Member (1 year),,不明,,,5,16,0,2026-09-13 18:30,2026-09-30 10:06,,,https://www.youtube.com/channel/UCbHx5eaF2Nltj5UIUze0xaQ
UCoaMCj6oQ1Q6DVurGx3ut6Q,@Ula_YAHAA,12,1年,Member (1 year),,不明,,,4,94,0,2026-09-08 22:45,2026-09-30 10:06,,,https://www.youtube.com/channel/UCoaMCj6oQ1Q6DVurGx3ut6Q
UCzLxGBhNw872eSZVET7nsCg,@meeplye,12,1年,Member (1 year),,不明,,,4,33,0,2026-09-08 22:45,2026-09-30 00:08,,,https://www.youtube.com/channel/UCzLxGBhNw872eSZVET7nsCg
UCw-SQhDKFFT8yypO5HBzs7g,@elis8852,12,1年,Member (1 year),,不明,,,4,16,0,2026-09-08 22:45,2026-09-24 10:01,,,https://www.youtube.com/channel/UCw-SQhDKFFT8yypO5HBzs7g
UCtAFviC2couIQycW1F853fg,@Yan_997,12,1年,Member (1 year),,不明,,,4,6,0,2026-09-08 22:45,2026-09-30 00:08,,,https://www.youtube.com/channel/UCtAFviC2couIQycW1F853fg
UC497Wp-31ZXJ3i7YKb8XTew,@みそかつmiso_katsu_a,12,1年,Member (1 year),,不明,,,4,52,0,2026-09-13 18:30,2026-09-30 00:08,,,https://www.youtube.com/channel/UC497Wp-31ZXJ3i7YKb8XTew
UCk02vDSkz6HOwnKmJ_1PhIg,@xtdjtb_hhg,12,1年,Member (1 year),,不明,,,4,14,0,2026-09-13 18:30,2026-09-30 00:08,,,https://www.youtube.com/channel/UCk02vDSkz6HOwnKmJ_1PhIg
UCVVorfI9uWc0HXBfrZhKb_w,@rireuni,12,1年,Member (1 year),,不明,,,4,34,0,2026-09-13 18:30,2026-09-25 12:05,,,https://www.youtube.com/channel/UCVVorfI9uWc0HXBfrZhKb_w
UCAmZBkO9A4ivgLut8oGYe_g,@wuvkatsu,12,1年,Member (1 year),,不明,,,4,33,0,2026-09-18 10:01,2026-09-30 10:06,,,https://www.youtube.com/channel/UCAmZBkO9A4ivgLut8oGYe_g
UC0i_zn_8_h9i1hFlcFAaZcg,@Willow_Huckleberry,12,1年,Member (1 year),,不明,,,3,201,0,2026-09-08 22:45,2026-09-30 00:08,,,https://www.youtube.com/channel/UC0i_zn_8_h9i1hFlcFAaZcg
UCfCjdoHi0ej4UsnaEvsiPkQ,@てふ102,12,1年,Member (1 year),,不明,,,3,18,0,2026-09-08 22:45,2026-09-16 19:00,,,https://www.youtube.com/channel/UCfCjdoHi0ej4UsnaEvsiPkQ
UC1BFKokZqMqD59DlPuRPvLA,@mainyan__25,12,1年,Member (1 year),18,Yaminions,マイルストーン,,3,175,0,2026-09-08 22:45,2026-09-16 19:00,,,https://www.youtube.com/channel/UC1BFKokZqMqD59DlPuRPvLA
UCxMLcuApkxmNSXrcpwgtrHg,@方糖-Sugar,12,1年,Member (1 year),,不明,,,3,32,0,2026-09-13 18:30,2026-09-25 12:05,,,https://www.youtube.com/channel/UCxMLcuApkxmNSXrcpwgtrHg
UCvKqekl8QYrmr-iDv6eJoBA,@cubie.shapes,12,1年,Member (1 year),,不明,,,2,6,0,2026-09-08 22:45,2026-09-30 10:06,,,https://www.youtube.com/channel/UCvKqekl8QYrmr-iDv6eJoBA
UC7hzQ4EtJJfVrV_L_gBQGsw,@mossykendoll,12,1年,Member (1 year),,不明,,,2,12,0,2026-09-08 22:45,2026-09-30 10:06,,,https://www.youtube.com/channel/UC7hzQ4EtJJfVrV_L_gBQGsw
UCnJnDVi41YYNHYLeR5nmbYw,@heavenfiction4444,12,1年,Member (1 year),,不明,,,2,10,0,2026-09-08 22:45,2026-09-24 10:01,,,https://www.youtube.com/channel/UCnJnDVi41YYNHYLeR5nmbYw
UCq0-79VHKV5r7jIscKpXQag,@み-y2da,12,1年,Member (1 year),,不明,,,2,10,0,2026-09-08 22:45,2026-09-13 18:30,,,https://www.youtube.com/channel/UCq0-79VHKV5r7jIscKpXQag
UCWjyJfTcXkvCkHZxYh63msw,@kaino0121,12,1年,Member (1 year),22,Yaminions,マイルストーン,,2,2,0,2026-09-08 22:45,2026-09-13 18:30,,,https://www.youtube.com/channel/UCWjyJfTcXkvCkHZxYh63msw
UCrtIK5ESDTwUjDzd_AeUGKA,@cittyayu02,12,1年,Member (1 year),,不明,,,2,30,0,2026-09-13 18:30,2026-09-30 00:08,,,https://www.youtube.com/channel/UCrtIK5ESDTwUjDzd_AeUGKA
UCAOpuADIZjXX4cA5vx3V1QQ,@れいらく,12,1年,Member (1 year),,不明,,,2,19,0,2026-09-13 18:30,2026-09-16 19:00,,,https://www.youtube.com/channel/UCAOpuADIZjXX4cA5vx3V1QQ
UCk3wkrIyPiRhcSjliKVaSVA,@cpuff0502,12,1年,Member (1 year),,不明,,,2,4,0,2026-09-13 18:30,2026-09-24 10:01,,,https://www.youtube.com/channel/UCk3wkrIyPiRhcSjliKVaSVA
UCQ1j3URIEi9ZFEet1m84qNw,@Mikuro1204,12,1年,Member (1 year),,不明,,,2,5,0,2026-09-13 18:30,2026-09-30 10:06,,,https://www.youtube.com/channel/UCQ1j3URIEi9ZFEet1m84qNw
UCGoCQ0Hzj7VM6Wm_Vnraofw,@MiChuChu618,12,1年,Member (1 year),,不明,,,2,48,0,2026-09-13 18:30,2026-09-18 10:01,,,https://www.youtube.com/channel/UCGoCQ0Hzj7VM6Wm_Vnraofw
UCIOx_WGQ11ZwtfAK1fQffDw,@peiwen-rj5ru,12,1年,Member (1 year),,不明,,,2,6,0,2026-09-13 18:30,2026-09-18 10:01,,,https://www.youtube.com/channel/UCIOx_WGQ11ZwtfAK1fQffDw
UCJ8a5lyQ0gef_Iee23tQs8A,@SaO-y6v,12,1年,Member (1 year),,不明,,,2,4,0,2026-09-13 18:30,2026-09-16 19:00,,,https://www.youtube.com/channel/UCJ8a5lyQ0gef_Iee23tQs8A
UCARJpTPIXtWGcD6idc2LcwQ,@peropiko,12,1年,Member (1 year),,不明,,,2,3,0,2026-09-13 18:30,2026-09-24 10:01,,,https://www.youtube.com/channel/UCARJpTPIXtWGcD6idc2LcwQ
UCqycwAc-AuacFsSBz0y71RQ,@luckypancakeno67,12,1年,Member (1 year),,不明,,,2,6,0,2026-09-13 18:30,2026-09-24 10:01,,,https://www.youtube.com/channel/UCqycwAc-AuacFsSBz0y71RQ
UCGQ9C8v0dMXH_CjxLuiAc7Q,@rachelHung-co1wp,12,1年,Member (1 year),16,Yaminions,マイルストーン,,2,9,0,2026-09-13 18:30,2026-09-25 12:05,,,https://www.youtube.com/channel/UCGQ9C8v0dMXH_CjxLuiAc7Q
UC3w19wxYjSxhvliujE1w_6g,@ジャウ_Meexin,12,1年,Member (1 year),,不明,,,2,6,0,2026-09-13 18:30,2026-09-30 10:06,,,https://www.youtube.com/channel/UC3w19wxYjSxhvliujE1w_6g
UCBs5aYfALg9BTsU-V9K4SDQ,@SapphireEchos,12,1年,Member (1 year),,不明,,,2,9,0,2026-09-13 18:30,2026-09-18 10:01,,,https://www.youtube.com/channel/UCBs5aYfALg9BTsU-V9K4SDQ
UCIuHC7a4UrKFYUb6h_QnYAA,@mitarashi.dandandan,12,1年,Member (1 year),,不明,,,2,3,0,2026-09-13 18:30,2026-09-16 19:00,,,https://www.youtube.com/channel/UCIuHC7a4UrKFYUb6h_QnYAA
UCnDrpYuybBhLjXsU99uATIA,@lin-ch6gl,12,1年,Member (1 year),,不明,,,2,3,0,2026-09-13 18:30,2026-09-24 10:01,,,https://www.youtube.com/channel/UCnDrpYuybBhLjXsU99uATIA
UCUefKNsPIuhSfrST49zfKZA,@jertzz_z,12,1年,Member (1 year),,Yaminions,ギフト,ギフトで加入,2,3,0,2026-09-13 18:30,2026-09-30 10:06,○,○,https://www.youtube.com/channel/UCUefKNsPIuhSfrST49zfKZA
UCfujYcJqQX37syJ7SsHAJ5Q,@wisteria_8595,12,1年,Member (1 year),,不明,,,2,11,0,2026-09-13 18:30,2026-09-18 10:01,,,https://www.youtube.com/channel/UCfujYcJqQX37syJ7SsHAJ5Q
UCwRFMgquGdAaPjJsEZ79MyQ,@Rylia_2581,12,1年,Member (1 year),,不明,,,2,2,1,2026-09-13 18:30,2026-09-16 19:00,,,https://www.youtube.com/channel/UCwRFMgquGdAaPjJsEZ79MyQ
UCky4ph5QEZhzUyfPqE6pYpw,@akemin418,12,1年,Member (1 year),,不明,,,2,29,0,2026-09-16 19:00,2026-09-30 00:08,,,https://www.youtube.com/channel/UCky4ph5QEZhzUyfPqE6pYpw
UC7LJuHF3DvL5oAT-qGkgvKw,@vomarupeepee,12,1年,Member (1 year),19,Yaminions,マイルストーン,,2,12,0,2026-09-18 10:01,2026-09-24 10:01,,,https://www.youtube.com/channel/UC7LJuHF3DvL5oAT-qGkgvKw
UC9YHOj_GQuMn0AiKPtZ7U1g,@Syen-x4r,12,1年,Member (1 year),,不明,,,2,6,0,2026-09-18 10:01,2026-09-24 10:01,,,https://www.youtube.com/channel/UC9YHOj_GQuMn0AiKPtZ7U1g
UCN6J3zOLn6SAFfoWz2DXUiQ,@quanyizhn,12,1年,Member (1 year),,不明,,,2,10,0,2026-09-24 10:01,2026-09-30 00:08,,,https://www.youtube.com/channel/UCN6J3zOLn6SAFfoWz2DXUiQ
UCVJgdFLjUjxrRnDCAt-919g,@UraraAotsuki,12,1年,Member (1 year),,不明,,,2,2,0,2026-09-25 12:05,2026-09-30 10:06,,,https://www.youtube.com/channel/UCVJgdFLjUjxrRnDCAt-919g
UCty4WwGj0za7lrMVnfSg8Rg,@emmao325o,12,1年,Member (1 year),,不明,,,1,1,0,2026-09-08 22:45,2026-09-08 22:45,,,https://www.youtube.com/channel/UCty4WwGj0za7lrMVnfSg8Rg
UCrDwyGc5NG2a-f-hlj38inQ,@流萤eyy,12,1年,Member (1 year),21,Yaminions,マイルストーン,,1,0,0,2026-09-08 22:45,2026-09-08 22:45,,,https://www.youtube.com/channel/UCrDwyGc5NG2a-f-hlj38inQ
UCG58Owtrt5HttkZ1SaezMWQ,@Marshmallow-y2b,12,1年,Member (1 year),,不明,,,1,3,0,2026-09-13 18:30,2026-09-13 18:30,,,https://www.youtube.com/channel/UCG58Owtrt5HttkZ1SaezMWQ
UCW6Vz8PywpWgmqkAJCOfWdg,@supi-ka,12,1年,Member (1 year),,不明,,,1,10,1,2026-09-13 18:30,2026-09-13 18:30,,,https://www.youtube.com/channel/UCW6Vz8PywpWgmqkAJCOfWdg
UCqu2OqHcBjLKTqKNh0sqM6g,@moriimille,12,1年,Member (1 year),,不明,,,1,25,0,2026-09-13 18:30,2026-09-13 18:30,,,https://www.youtube.com/channel/UCqu2OqHcBjLKTqKNh0sqM6g
UCfXT7K_mbuTf11V70zUxM2w,@Oishii1211,12,1年,Member (1 year),,不明,,,1,2,0,2026-09-13 18:30,2026-09-13 18:30,,,https://www.youtube.com/channel/UCfXT7K_mbuTf11V70zUxM2w
UChuCgQUFE-danjO3seaOIhg,@ちゃんはる-chanharu,12,1年,Member (1 year),13,Yaminions,マイルストーン,,1,8,0,2026-09-13 18:30,2026-09-13 18:30,,,https://www.youtube.com/channel/UChuCgQUFE-danjO3seaOIhg
UCsVlqvipsVph3MxFXapU5wA,@橙助,12,1年,Member (1 year),,不明,,,1,4,0,2026-09-13 18:30,2026-09-13 18:30,,,https://www.youtube.com/channel/UCsVlqvipsVph3MxFXapU5wA
UCZhvVXlPBTgCrekEfgYQCsg,@banana-830rtm,12,1年,Member (1 year),,不明,,,1,8,0,2026-09-13 18:30,2026-09-13 18:30,,,https://www.youtube.com/channel/UCZhvVXlPBTgCrekEfgYQCsg
UCQbNkn5Rlx0fU-nONlXeACQ,@gggogum,12,1年,Member (1 year),,不明,,,1,4,0,2026-09-13 18:30,2026-09-13 18:30,,,https://www.youtube.com/channel/UCQbNkn5Rlx0fU-nONlXeACQ
UCW3GwMCZPmBpUU_PAVphB-g,@kath_lv,12,1年,Member (1 year),,不明,,,1,8,0,2026-09-13 18:30,2026-09-13 18:30,,,https://www.youtube.com/channel/UCW3GwMCZPmBpUU_PAVphB-g
UCiv_pVw6JriW7vW6zizh4Hw,@Hi_Snow,12,1年,Member (1 year),,不明,,,1,38,0,2026-09-13 18:30,2026-09-13 18:30,,,https://www.youtube.com/channel/UCiv_pVw6JriW7vW6zizh4Hw
UCpT9XCKnwWeqy_gVgPXEZ3g,@外星猫,12,1年,Member (1 year),,不明,,,1,12,0,2026-09-13 18:30,2026-09-13 18:30,,,https://www.youtube.com/channel/UCpT9XCKnwWeqy_gVgPXEZ3g
UCwr8qMlnEjW1L6TliN0Pdsw,@chaheeeee,12,1年,Member (1 year),,不明,,,1,1,0,2026-09-13 18:30,2026-09-13 18:30,,,https://www.youtube.com/channel/UCwr8qMlnEjW1L6TliN0Pdsw
UCtmxpvrpLQ8qsz3K9u7yleA,@heyaitsmeasya,12,1年,Member (1 year),22,Yaminions,マイルストーン,,1,2,0,2026-09-13 18:30,2026-09-13 18:30,,,https://www.youtube.com/channel/UCtmxpvrpLQ8qsz3K9u7yleA
UCRkY4Rlgdu9NDyQXmjBTXHQ,@ぽっけ-h7f,12,1年,Member (1 year),,不明,,,1,1,0,2026-09-13 18:30,2026-09-13 18:30,,,https://www.youtube.com/channel/UCRkY4Rlgdu9NDyQXmjBTXHQ
UC1WVWw8wXtOVnREGEu8ggvA,@tsumirere,12,1年,Member (1 year),,不明,,,1,7,0,2026-09-13 18:30,2026-09-13 18:30,,,https://www.youtube.com/channel/UC1WVWw8wXtOVnREGEu8ggvA
UCrr2uLFnk3Hry9iWmos7Nhw,@zombieyy,12,1年,Member (1 year),,不明,,,1,10,0,2026-09-13 18:30,2026-09-13 18:30,,,https://www.youtube.com/channel/UCrr2uLFnk3Hry9iWmos7Nhw
UCB1K-ouqfqnMxXTWP9n-zTQ,@Dil_tear,12,1年,Member (1 year),,不明,,,1,1,0,2026-09-13 18:30,2026-09-13 18:30,,,https://www.youtube.com/channel/UCB1K-ouqfqnMxXTWP9n-zTQ
UChnTPm7HOPCbBs4GwBSgv9g,@Mon_4626,12,1年,Member (1 year),,不明,,,1,7,0,2026-09-13 18:30,2026-09-13 18:30,,,https://www.youtube.com/channel/UChnTPm7HOPCbBs4GwBSgv9g
UCo5_7vRhN2VKZGrnSDYVh2w,@an7358,12,1年,Member (1 year),,不明,,,1,1,0,2026-09-13 18:30,2026-09-13 18:30,,,https://www.youtube.com/channel/UCo5_7vRhN2VKZGrnSDYVh2w
UC20LeYU7yZTvzcLnw8nWwAQ,@wynn_WH,12,1年,Member (1 year),,不明,,,1,5,0,2026-09-13 18:30,2026-09-13 18:30,,,https://www.youtube.com/channel/UC20LeYU7yZTvzcLnw8nWwAQ
UC0gYZsd4g10QmusYCWWii5Q,@fiorina1524,12,1年,Member (1 year),,不明,,,1,1,0,2026-09-13 18:30,2026-09-13 18:30,,,https://www.youtube.com/channel/UC0gYZsd4g10QmusYCWWii5Q
UCVVlNjahrqym2EbvrCk90Gw,@megu4509,12,1年,Member (1 year),,不明,,,1,8,0,2026-09-13 18:30,2026-09-13 18:30,,,https://www.youtube.com/channel/UCVVlNjahrqym2EbvrCk90Gw
UCqmlSAhlVePbJyuuzZfIXAA,@ciaociao-333,12,1年,Member (1 year),,不明,,,1,1,0,2026-09-13 18:30,2026-09-13 18:30,,,https://www.youtube.com/channel/UCqmlSAhlVePbJyuuzZfIXAA
UC9fKtAM7jPC-CWYUVJCdbaw,@えのき-d4m,12,1年,Member (1 year),,不明,,,1,1,0,2026-09-13 18:30,2026-09-13 18:30,,,https://www.youtube.com/channel/UC9fKtAM7jPC-CWYUVJCdbaw
UCZFHi6ISMWrrviGBG-Ad46Q,@252casio7,12,1年,Member (1 year),,不明,,,1,5,0,2026-09-16 19:00,2026-09-16 19:00,,,https://www.youtube.com/channel/UCZFHi6ISMWrrviGBG-Ad46Q
UCT2EPImg6h22IKywbIJRa1g,@りあ-i4w,12,1年,Member (1 year),,不明,,,1,1,0,2026-09-16 19:00,2026-09-16 19:00,,,https://www.youtube.com/channel/UCT2EPImg6h22IKywbIJRa1g
UCyOkC2A3UPWU-gOqlJ502FQ,@komine_dejapu,12,1年,Member (1 year),,不明,,,1,1,0,2026-09-16 19:00,2026-09-16 19:00,,,https://www.youtube.com/channel/UCyOkC2A3UPWU-gOqlJ502FQ
UCelij_T1aE7RvHTYEONHVCw,@Tsukiyo-Nova,12,1年,Member (1 year),13,Yaminions,マイルストーン,,1,2,0,2026-09-18 10:01,2026-09-18 10:01,,,https://www.youtube.com/channel/UCelij_T1aE7RvHTYEONHVCw
UCd57hGTbCqNE79U1bKeY3lg,@snowpog,12,1年,Member (1 year),,不明,,,1,1,0,2026-09-18 10:01,2026-09-18 10:01,,,https://www.youtube.com/channel/UCd57hGTbCqNE79U1bKeY3lg
UClcUsHPFn48F9jJF7QlIbfw,@mixiini,12,1年,Member (1 year),14,Yaminions,マイルストーン,,1,8,0,2026-09-18 10:01,2026-09-18 10:01,,,https://www.youtube.com/channel/UClcUsHPFn48F9jJF7QlIbfw
UC7C3PTAw0__QLUAHHmUq9bA,@もも-momo04,12,1年,Member (1 year),16,Yaminions,マイルストーン,,1,0,0,2026-09-18 10:01,2026-09-18 10:01,,,https://www.youtube.com/channel/UC7C3PTAw0__QLUAHHmUq9bA
UCg5ObcsK_9iRl_i6i5EAqpg,@journeyluvv,12,1年,Member (1 year),22,Yaminions,マイルストーン,,1,0,0,2026-09-18 10:01,2026-09-18 10:01,,,https://www.youtube.com/channel/UCg5ObcsK_9iRl_i6i5EAqpg
UCQhZQC2CfyDZEeIsQhFveJw,@parasolghost,12,1年,Member (1 year),,不明,,,1,2,0,2026-09-24 10:01,2026-09-24 10:01,,,https://www.youtube.com/channel/UCQhZQC2CfyDZEeIsQhFveJw
UC6OchAV1bBZFPvRT1037cfw,@sryyyyto,12,1年,Member (1 year),,不明,,,1,1,0,2026-09-25 12:05,2026-09-25 12:05,,,https://www.youtube.com/channel/UC6OchAV1bBZFPvRT1037cfw
UChFWem0M8WAeP0CjeeUfNog,@Cinnabunbyon,12,1年,Member (1 year),,不明,,,1,1,0,2026-09-30 00:08,2026-09-30 00:08,,,https://www.youtube.com/channel/UChFWem0M8WAeP0CjeeUfNog
UCyyrbZ04kFu98VCu2o-JLiw,@momonuka,6,6ヶ月,Member (6 months),10,Yaminions,マイルストーン,,7,326,0,2026-09-08 22:45,2026-09-30 10:06,,,https://www.youtube.com/channel/UCyyrbZ04kFu98VCu2o-JLiw
UCYbh35wfUXfOO02AQsa-3gA,@ばばば-ba3,6,6ヶ月,Member (6 months),,不明,,,6,280,1,2026-09-08 22:45,2026-09-30 10:06,,,https://www.youtube.com/channel/UCYbh35wfUXfOO02AQsa-3gA
UCguK7zd4YfbnaHGGa6bX02Q,@peepeepoopoopy,6,6ヶ月,Member (6 months),,不明,,,5,162,0,2026-09-08 22:45,2026-09-30 10:06,,,https://www.youtube.com/channel/UCguK7zd4YfbnaHGGa6bX02Q
UCUvQf7g7vFnSg8pHtgJXEeg,@けーこ2525,6,6ヶ月,Member (6 months),,不明,,,5,82,0,2026-09-08 22:45,2026-09-30 10:06,,,https://www.youtube.com/channel/UCUvQf7g7vFnSg8pHtgJXEeg
UCz_ddObXiCFRS9ULa-mzlxg,@バナナ._.819,6,6ヶ月,Member (6 months),,不明,,,5,68,1,2026-09-08 22:45,2026-09-30 00:08,,,https://www.youtube.com/channel/UCz_ddObXiCFRS9ULa-mzlxg
UC4Lcs1_sPBphRARW1WpWVBg,@mori-x1,6,6ヶ月,Member (6 months),,不明,,,5,30,0,2026-09-08 22:45,2026-09-24 10:01,,,https://www.youtube.com/channel/UC4Lcs1_sPBphRARW1WpWVBg
UCkN7sR17b_RfYuLfu6Cj47g,@yuina9416,6,6ヶ月,Member (6 months),,不明,,,5,50,0,2026-09-13 18:30,2026-09-25 12:05,,,https://www.youtube.com/channel/UCkN7sR17b_RfYuLfu6Cj47g
UCHtsyD4Wb3YAvRTMCaZsWnA,@denii_p1,6,6ヶ月,Member (6 months),,不明,,,5,42,0,2026-09-18 10:01,2026-09-30 10:06,,,https://www.youtube.com/channel/UCHtsyD4Wb3YAvRTMCaZsWnA
UCmE0lYGgQtUIroJs6-oG5Ig,@yaminyonnyon,6,6ヶ月,Member (6 months),6,Yaminions,マイルストーン,,4,231,0,2026-09-08 22:45,2026-09-18 10:01,,,https://www.youtube.com/channel/UCmE0lYGgQtUIroJs6-oG5Ig
UC1URDHRltp51mv7v4C2DUQA,@crow5770,6,6ヶ月,Member (6 months),,不明,,,4,36,0,2026-09-08 22:45,2026-09-24 10:01,,,https://www.youtube.com/channel/UC1URDHRltp51mv7v4C2DUQA
UC4N8DwpjF3GTQMbADXgcCww,@shandulset,6,6ヶ月,Member (6 months),,不明,,,4,56,0,2026-09-13 18:30,2026-09-30 10:06,,,https://www.youtube.com/channel/UC4N8DwpjF3GTQMbADXgcCww
UCSGC4PD30fJSrD80h45nM0Q,@ぁぃ_SYlv,6,6ヶ月,Member (6 months),,不明,,,4,13,0,2026-09-13 18:30,2026-09-25 12:05,,,https://www.youtube.com/channel/UCSGC4PD30fJSrD80h45nM0Q
UC0P7xZFbsQnqw-mFU2n_yog,@zengyuting,6,6ヶ月,Member (6 months),,不明,,,4,4,0,2026-09-16 19:00,2026-09-30 10:06,,,https://www.youtube.com/channel/UC0P7xZFbsQnqw-mFU2n_yog
UCbbUlnvni1xSare_QXxEnaA,@kaminari0506,6,6ヶ月,Member (6 months),8,Yaminions,マイルストーン,,3,17,0,2026-09-08 22:45,2026-09-18 10:01,,,https://www.youtube.com/channel/UCbbUlnvni1xSare_QXxEnaA
UC_8lNkN7rg5kHHyYFJY-NFQ,@koudate,6,6ヶ月,Member (6 months),,不明,,,3,3,3,2026-09-08 22:45,2026-09-16 19:00,,,https://www.youtube.com/channel/UC_8lNkN7rg5kHHyYFJY-NFQ
UCg3rU2XxtDrHNe9PlnsGJoA,@kyu7081,6,6ヶ月,Member (6 months),9,Yaminions,マイルストーン,,3,52,0,2026-09-13 18:30,2026-09-25 12:05,,,https://www.youtube.com/channel/UCg3rU2XxtDrHNe9PlnsGJoA
UCS97XI5kNXbMjudxY6lQkCw,@bunyna,6,6ヶ月,Member (6 months),,不明,,,3,117,0,2026-09-13 18:30,2026-09-30 00:08,,,https://www.youtube.com/channel/UCS97XI5kNXbMjudxY6lQkCw
UC3ngdjTic2iSf1WmiLhft8Q,@EVE_0813,6,6ヶ月,Member (6 months),,不明,,,3,36,0,2026-09-13 18:30,2026-09-24 10:01,,,https://www.youtube.com/channel/UC3ngdjTic2iSf1WmiLhft8Q
UCcIARgdZIlG5quLwy7K4B5w,@karua1023,6,6ヶ月,Member (6 months),,不明,,,3,14,1,2026-09-13 18:30,2026-09-18 10:01,,,https://www.youtube.com/channel/UCcIARgdZIlG5quLwy7K4B5w
UCPuctb5t-YjPlShN2ipJJFw,@Senna_1223,6,6ヶ月,Member (6 months),9,Yaminions,マイルストーン,,2,42,0,2026-09-08 22:45,2026-09-13 18:30,,,https://www.youtube.com/channel/UCPuctb5t-YjPlShN2ipJJFw
UCxTl7udcTdG4l8wXPbbZipw,@mollamorae,6,6ヶ月,Member (6 months),,不明,,,2,15,0,2026-09-08 22:45,2026-09-13 18:30,,,https://www.youtube.com/channel/UCxTl7udcTdG4l8wXPbbZipw
UCIkb37ghFRqVI-YQlRz3DAg,@Kinsayon,6,6ヶ月,Member (6 months),,不明,,,2,3,0,2026-09-08 22:45,2026-09-30 00:08,,,https://www.youtube.com/channel/UCIkb37ghFRqVI-YQlRz3DAg
UCPhQOet597ITOaM2SiDN7JQ,@ccori22,6,6ヶ月,Member (6 months),9,Yaminions,マイルストーン,,2,9,0,2026-09-13 18:30,2026-09-18 10:01,,,https://www.youtube.com/channel/UCPhQOet597ITOaM2SiDN7JQ
UCyt0RutAqT8a4_Eg7xBFTyQ,@Char._.1126,6,6ヶ月,Member (6 months),,不明,,,2,53,0,2026-09-13 18:30,2026-09-30 10:06,,,https://www.youtube.com/channel/UCyt0RutAqT8a4_Eg7xBFTyQ
UC-0LrUwQdkfQtJ9I0ZRdv_A,@ぽへ-q2g,6,6ヶ月,Member (6 months),,不明,,,2,15,0,2026-09-13 18:30,2026-09-16 19:00,,,https://www.youtube.com/channel/UC-0LrUwQdkfQtJ9I0ZRdv_A
UCx1tIS1wTIZ6sNgO7sfroxw,@uu-omo,6,6ヶ月,Member (6 months),,不明,,,2,6,0,2026-09-13 18:30,2026-09-18 10:01,,,https://www.youtube.com/channel/UCx1tIS1wTIZ6sNgO7sfroxw
UCyRr0lqKWIEOGVDiq6kG9vQ,@forshu_0502,6,6ヶ月,Member (6 months),,不明,,,2,16,0,2026-09-13 18:30,2026-09-25 12:05,,,https://www.youtube.com/channel/UCyRr0lqKWIEOGVDiq6kG9vQ
UCI5rOqsLrmZZmrDeoN5QzJA,@ayase.aqxyalite,6,6ヶ月,Member (6 months),,Yaminions,ギフト,ギフトで加入,2,10,0,2026-09-13 18:30,2026-09-18 10:01,○,○,https://www.youtube.com/channel/UCI5rOqsLrmZZmrDeoN5QzJA
UCjqsG3RYkW1DD8vZzEMuk2A,@marian_jae,6,6ヶ月,Member (6 months),,Yaminions,ギフト,ギフトで加入,2,28,0,2026-09-13 18:30,2026-09-24 10:01,○,○,https://www.youtube.com/channel/UCjqsG3RYkW1DD8vZzEMuk2A
UCn6Tqq_ew9xn-m29n9PaqOg,@yannikyun,6,6ヶ月,Member (6 months),,不明,,,2,2,0,2026-09-13 18:30,2026-09-24 10:01,,,https://www.youtube.com/channel/UCn6Tqq_ew9xn-m29n9PaqOg
UCwGzhdDs0oguev4ntZkecpg,@killnet2001,6,6ヶ月,Member (6 months),,不明,,,2,3,0,2026-09-18 10:01,2026-09-30 10:06,,,https://www.youtube.com/channel/UCwGzhdDs0oguev4ntZkecpg
UC3ly3l5Cz_Xh3-LQNjl5Fzw,@lorac6302,6,6ヶ月,Member (6 months),,不明,,,2,4,0,2026-09-24 10:01,2026-09-30 10:06,,,https://www.youtube.com/channel/UC3ly3l5Cz_Xh3-LQNjl5Fzw
UCieeLSce7YH9JwIlvY2fizA,@YUNAq8,6,6ヶ月,Member (6 months),,不明,,,2,9,0,2026-09-24 10:01,2026-09-30 10:06,,,https://www.youtube.com/channel/UCieeLSce7YH9JwIlvY2fizA
UCdIQ20rvNpVL8tBGrGYlnrw,@oswaldisblue,6,6ヶ月,Member (6 months),,不明,,,1,34,0,2026-09-08 22:45,2026-09-08 22:45,,,https://www.youtube.com/channel/UCdIQ20rvNpVL8tBGrGYlnrw
UCYnFyJH9pWEdOC-2FeV-UAQ,@Salamanderrrrrr-b8f,6,6ヶ月,Member (6 months),,不明,,,1,2,0,2026-09-08 22:45,2026-09-08 22:45,,,https://www.youtube.com/channel/UCYnFyJH9pWEdOC-2FeV-UAQ
UCa55OLpR29mNWWRdd7IRc3A,@hm_ta0u0,6,6ヶ月,Member (6 months),,不明,,,1,38,0,2026-09-13 18:30,2026-09-13 18:30,,,https://www.youtube.com/channel/UCa55OLpR29mNWWRdd7IRc3A
UCq-xFFdKjpOqThlbzjSP0LA,@yohira-CN九十九,6,6ヶ月,Member (6 months),,不明,,,1,19,0,2026-09-13 18:30,2026-09-13 18:30,,,https://www.youtube.com/channel/UCq-xFFdKjpOqThlbzjSP0LA
UCIwNLXz4nm5XsojQAjqOiog,@鮪sashimi,6,6ヶ月,Member (6 months),,不明,,,1,11,0,2026-09-13 18:30,2026-09-13 18:30,,,https://www.youtube.com/channel/UCIwNLXz4nm5XsojQAjqOiog
UCmsHOH6ZS3jCfroauCHo2ZA,@soberboat1412,6,6ヶ月,Member (6 months),,不明,,,1,5,0,2026-09-13 18:30,2026-09-13 18:30,,,https://www.youtube.com/channel/UCmsHOH6ZS3jCfroauCHo2ZA
UCeBXuLsLWG0bYDOxTzXdbCA,@prisca0430,6,6ヶ月,Member (6 months),,不明,,,1,2,0,2026-09-13 18:30,2026-09-13 18:30,,,https://www.youtube.com/channel/UCeBXuLsLWG0bYDOxTzXdbCA
UCTJ2M1cz4KPkDdBcSN-Y_WA,@pooooooooooooog877,6,6ヶ月,Member (6 months),,不明,,,1,2,0,2026-09-13 18:30,2026-09-13 18:30,,,https://www.youtube.com/channel/UCTJ2M1cz4KPkDdBcSN-Y_WA
UCZSU7fkZQ4XPU0dNuxkx6Zg,@Minan_0,6,6ヶ月,Member (6 months),,不明,,,1,18,0,2026-09-13 18:30,2026-09-13 18:30,,,https://www.youtube.com/channel/UCZSU7fkZQ4XPU0dNuxkx6Zg
UCjCv5qp5PmnXBsipuvMlU1A,@popo-v6j,6,6ヶ月,Member (6 months),,不明,,,1,16,0,2026-09-13 18:30,2026-09-13 18:30,,,https://www.youtube.com/channel/UCjCv5qp5PmnXBsipuvMlU1A
UCZUTJxvuDCP1MEsfTn8pTnQ,@suna.8782,6,6ヶ月,Member (6 months),,不明,,,1,4,0,2026-09-13 18:30,2026-09-13 18:30,,,https://www.youtube.com/channel/UCZUTJxvuDCP1MEsfTn8pTnQ
UC1xRQOkTx78Fo8B85sWtspA,@areumdaul_mei,6,6ヶ月,Member (6 months),,不明,,,1,3,0,2026-09-13 18:30,2026-09-13 18:30,,,https://www.youtube.com/channel/UC1xRQOkTx78Fo8B85sWtspA
UCwmRULn31Gaj0u_JXpoDE5g,@Shoulaet,6,6ヶ月,Member (6 months),,不明,,,1,1,0,2026-09-16 19:00,2026-09-16 19:00,,,https://www.youtube.com/channel/UCwmRULn31Gaj0u_JXpoDE5g
UCaOn-uTAfacAQHZnc6O4PlA,@Lumine_0316,6,6ヶ月,Member (6 months),,不明,,,1,13,0,2026-09-18 10:01,2026-09-18 10:01,,,https://www.youtube.com/channel/UCaOn-uTAfacAQHZnc6O4PlA
UCwi8fgxELmHRsrhh-EyunQg,@btbaitong7036,6,6ヶ月,Member (6 months),,不明,,,1,2,0,2026-09-18 10:01,2026-09-18 10:01,,,https://www.youtube.com/channel/UCwi8fgxELmHRsrhh-EyunQg
UCnyclKz5YUpEGZIYoAfRypw,@meApu0516,6,6ヶ月,Member (6 months),9,Yaminions,マイルストーン,,1,2,0,2026-09-18 10:01,2026-09-18 10:01,,,https://www.youtube.com/channel/UCnyclKz5YUpEGZIYoAfRypw
UCpngOhsVGE0SWZoQhH-juVw,@dubdibz,6,6ヶ月,Member (6 months),,不明,,,1,7,0,2026-09-24 10:01,2026-09-24 10:01,,,https://www.youtube.com/channel/UCpngOhsVGE0SWZoQhH-juVw
UClQGcSGR08_vxOkoD2Xg4Gg,@viriaPheorra,6,6ヶ月,Member (6 months),,不明,,,1,1,0,2026-09-24 10:01,2026-09-24 10:01,,,https://www.youtube.com/channel/UClQGcSGR08_vxOkoD2Xg4Gg
UCb_WonVtsRCSqGDcLnrdCuw,@CCHU_kuaile,6,6ヶ月,Member (6 months),,不明,,,1,3,0,2026-09-30 00:08,2026-09-30 00:08,,,https://www.youtube.com/channel/UCb_WonVtsRCSqGDcLnrdCuw
UCl-KOycmaqfNSyhXvYal2Ug,@raniajisai,2,2ヶ月,Member (2 months),,不明,,,7,88,0,2026-09-08 22:45,2026-09-30 10:06,,,https://www.youtube.com/channel/UCl-KOycmaqfNSyhXvYal2Ug
UCl6NIxMRj1ev-gl-d8P288g,@鵠-クグイ,2,2ヶ月,Member (2 months),,不明,,,7,136,0,2026-09-08 22:45,2026-09-30 10:06,,,https://www.youtube.com/channel/UCl6NIxMRj1ev-gl-d8P288g
UCIiRMf34mAEfl1csQjNUQcQ,@babana002,2,2ヶ月,Member (2 months),,不明,,,6,11,0,2026-09-08 22:45,2026-09-30 00:08,,,https://www.youtube.com/channel/UCIiRMf34mAEfl1csQjNUQcQ
UCJh_tbk_hA_0NYz19AWkKFw,@Saki46D,2,2ヶ月,Member (2 months),,不明,,,5,33,0,2026-09-08 22:45,2026-09-30 10:06,,,https://www.youtube.com/channel/UCJh_tbk_hA_0NYz19AWkKFw
UCso3NwU869PkpEf0b9VjWaQ,@hualing_sleepy,2,2ヶ月,Member (2 months),,Yaminions,ギフト,ギフトで加入,4,12,0,2026-09-08 22:45,2026-09-30 10:06,○,○,https://www.youtube.com/channel/UCso3NwU869PkpEf0b9VjWaQ
UC3dfVP1yKxIChT7rhjpVGww,@mounue,2,2ヶ月,Member (2 months),,不明,,,4,11,0,2026-09-08 22:45,2026-09-18 10:01,,,https://www.youtube.com/channel/UC3dfVP1yKxIChT7rhjpVGww
UCRaus4hwN0ux-BMbhfWgZSQ,@ミチハル_s,2,2ヶ月,Member (2 months),,不明,,,4,19,1,2026-09-08 22:45,2026-09-30 10:06,,,https://www.youtube.com/channel/UCRaus4hwN0ux-BMbhfWgZSQ
UCtHpWI1TkFISC8m9eQVNMbQ,@popoowl,2,2ヶ月,Member (2 months),,不明,,,3,16,0,2026-09-08 22:45,2026-09-16 19:00,,,https://www.youtube.com/channel/UCtHpWI1TkFISC8m9eQVNMbQ
UCkrNdDHTP0Q7sSp0nDUL1Fg,@mamam-l1u,2,2ヶ月,Member (2 months),,不明,,,3,18,0,2026-09-08 22:45,2026-09-18 10:01,,,https://www.youtube.com/channel/UCkrNdDHTP0Q7sSp0nDUL1Fg
UCtVARpLA1mrSSdkX5bHrNow,@kyun_293,2,2ヶ月,Member (2 months),,不明,,,3,11,0,2026-09-08 22:45,2026-09-24 10:01,,,https://www.youtube.com/channel/UCtVARpLA1mrSSdkX5bHrNow
UCOmQ4NxF0LJrGnOUV85QaLw,@elgnouh0810,2,2ヶ月,Member (2 months),,不明,,,3,8,0,2026-09-08 22:45,2026-09-30 10:06,,,https://www.youtube.com/channel/UCOmQ4NxF0LJrGnOUV85QaLw
UCs36Of2-ldEfbhF6RWvO0eQ,@seishichama,2,2ヶ月,Member (2 months),,不明,,,3,8,0,2026-09-08 22:45,2026-09-25 12:05,,,https://www.youtube.com/channel/UCs36Of2-ldEfbhF6RWvO0eQ
UCFo1yXtOyZd0yzG4o8lSvwg,@YuriYuri1114,2,2ヶ月,Member (2 months),,不明,,,3,18,0,2026-09-13 18:30,2026-09-30 10:06,,,https://www.youtube.com/channel/UCFo1yXtOyZd0yzG4o8lSvwg
UCm4uhbWub-Fj2QZ5CNREM3Q,@yuuuuuuuuuuuuuet,2,2ヶ月,Member (2 months),3,Yaminions,マイルストーン,,3,5,0,2026-09-13 18:30,2026-09-25 12:05,,,https://www.youtube.com/channel/UCm4uhbWub-Fj2QZ5CNREM3Q
UCKd_hc_K4RKNJVcbL33gdzw,@にきaaa,2,2ヶ月,Member (2 months),,不明,,,3,37,1,2026-09-13 18:30,2026-09-30 10:06,,,https://www.youtube.com/channel/UCKd_hc_K4RKNJVcbL33gdzw
UCI4kfvBS5zEFs4gf-gd3Ydw,@vioviochu,2,2ヶ月,Member (2 months),,Yaminions,ギフト,ギフトで加入,3,14,0,2026-09-13 18:30,2026-09-30 10:06,○,○,https://www.youtube.com/channel/UCI4kfvBS5zEFs4gf-gd3Ydw
UCQTOevNLkwzSgMs1azCXdzg,@ziyunnn52,2,2ヶ月,Member (2 months),,不明,,,3,30,0,2026-09-13 18:30,2026-09-30 00:08,,,https://www.youtube.com/channel/UCQTOevNLkwzSgMs1azCXdzg
UCJDh-7NQRo9U-IbSYGXfPrg,@dreamer_520EYYY,2,2ヶ月,Member (2 months),,Yaminions,ギフト,ギフトで加入,3,7,0,2026-09-13 18:30,2026-09-30 10:06,○,○,https://www.youtube.com/channel/UCJDh-7NQRo9U-IbSYGXfPrg
UCeloaxYqNP8vWWDlxXWPtEw,@nnomi-q9v,2,2ヶ月,Member (2 months),,不明,,,2,17,0,2026-09-08 22:45,2026-09-13 18:30,,,https://www.youtube.com/channel/UCeloaxYqNP8vWWDlxXWPtEw
UCOv9WgZ6LBMKZQz-PniSuMg,@dokodoko_yo,2,2ヶ月,Member (2 months),,不明,,,2,9,0,2026-09-08 22:45,2026-09-30 00:08,,,https://www.youtube.com/channel/UCOv9WgZ6LBMKZQz-PniSuMg
UCK8im7AZAzGtr0eBFflXVdw,@coco_61855,2,2ヶ月,Member (2 months),,不明,,,2,38,0,2026-09-13 18:30,2026-09-16 19:00,,,https://www.youtube.com/channel/UCK8im7AZAzGtr0eBFflXVdw
UCq6x2RUmDTJ9HDlf5S8vYhg,@delmal8930,2,2ヶ月,Member (2 months),,Yaminions,ギフト,ギフトで加入,2,40,0,2026-09-13 18:30,2026-09-16 19:00,○,○,https://www.youtube.com/channel/UCq6x2RUmDTJ9HDlf5S8vYhg
UC6Qzq6pl5y7Lw8R50EUsI5g,@cakeboxghost,2,2ヶ月,Member (2 months),,Yaminions,ギフト,ギフトで加入,2,1,0,2026-09-13 18:30,2026-09-18 10:01,○,○,https://www.youtube.com/channel/UC6Qzq6pl5y7Lw8R50EUsI5g
UCrf2tZbDJaIkugyff2drQvA,@あっちゃんO-z1b,2,2ヶ月,Member (2 months),,不明,,,2,15,0,2026-09-16 19:00,2026-09-18 10:01,,,https://www.youtube.com/channel/UCrf2tZbDJaIkugyff2drQvA
UCPXaZ2id8boeDU7vQwW_73Q,@harussyi,2,2ヶ月,Member (2 months),,Yaminions,再加入/レベル変更,,1,1,0,2026-09-08 22:45,2026-09-08 22:45,,,https://www.youtube.com/channel/UCPXaZ2id8boeDU7vQwW_73Q
UCM8OdpVCJPEDI4VtaEGVqrg,@zito-u9v,2,2ヶ月,Member (2 months),,不明,,,1,2,0,2026-09-08 22:45,2026-09-08 22:45,,,https://www.youtube.com/channel/UCM8OdpVCJPEDI4VtaEGVqrg
UCMeK7EGZP_ZjcAP-dR3DCsQ,@nai-jw5yd,2,2ヶ月,Member (2 months),,不明,,,1,2,0,2026-09-13 18:30,2026-09-13 18:30,,,https://www.youtube.com/channel/UCMeK7EGZP_ZjcAP-dR3DCsQ
UCoXn1x_6W-uH5O1oUkCbD4g,@いるる-e2b,2,2ヶ月,Member (2 months),,不明,,,1,3,0,2026-09-13 18:30,2026-09-13 18:30,,,https://www.youtube.com/channel/UCoXn1x_6W-uH5O1oUkCbD4g
UCiZqkgMEfpP07xaq7Qw7I2Q,@千佞,2,2ヶ月,Member (2 months),,不明,,,1,25,0,2026-09-13 18:30,2026-09-13 18:30,,,https://www.youtube.com/channel/UCiZqkgMEfpP07xaq7Qw7I2Q
UCUqjk9yDAu2dpIYwpkKhB1w,@Yn_7452,2,2ヶ月,Member (2 months),4,Yaminions,マイルストーン,,1,29,0,2026-09-13 18:30,2026-09-13 18:30,,,https://www.youtube.com/channel/UCUqjk9yDAu2dpIYwpkKhB1w
UC87zZuKIPekRFVU631zdwiA,@ChibiChan7b,2,2ヶ月,Member (2 months),,Yaminions,ギフト,ギフトで加入,1,25,0,2026-09-13 18:30,2026-09-13 18:30,○,○,https://www.youtube.com/channel/UC87zZuKIPekRFVU631zdwiA
UCXM4bkNe6vx1_TGTb2TWaJg,@miekubo,2,2ヶ月,Member (2 months),,不明,,,1,26,0,2026-09-13 18:30,2026-09-13 18:30,,,https://www.youtube.com/channel/UCXM4bkNe6vx1_TGTb2TWaJg
UCiRKRDxAjtYE80oOur1GrDw,@ふるる-x4j,2,2ヶ月,Member (2 months),,不明,,,1,1,0,2026-09-13 18:30,2026-09-13 18:30,,,https://www.youtube.com/channel/UCiRKRDxAjtYE80oOur1GrDw
UCt22YqIbCWVeq-GeRfMz6Aw,@Inanna-w6q,2,2ヶ月,Member (2 months),,不明,,,1,5,0,2026-09-13 18:30,2026-09-13 18:30,,,https://www.youtube.com/channel/UCt22YqIbCWVeq-GeRfMz6Aw
UCzW7OsGTpsCtL1wZh7HZGvA,@latte.mi-xp6zb,2,2ヶ月,Member (2 months),,不明,,,1,19,0,2026-09-13 18:30,2026-09-13 18:30,,,https://www.youtube.com/channel/UCzW7OsGTpsCtL1wZh7HZGvA
UC7zdGkgIxqqUybkwzEcJadA,@hamukatsu.8Mk2-i1p,2,2ヶ月,Member (2 months),,不明,,,1,5,0,2026-09-13 18:30,2026-09-13 18:30,,,https://www.youtube.com/channel/UC7zdGkgIxqqUybkwzEcJadA
UC_MQK8DPYUyXl508aD1p-bg,@Twinkle_mikaboshi666,2,2ヶ月,Member (2 months),,Yaminions,ギフト,ギフトで加入,1,6,0,2026-09-13 18:30,2026-09-13 18:30,○,○,https://www.youtube.com/channel/UC_MQK8DPYUyXl508aD1p-bg
UCNLaAJbLxLhyzx1tCxeiaRw,@kun5771,2,2ヶ月,Member (2 months),,不明,,,1,1,0,2026-09-13 18:30,2026-09-13 18:30,,,https://www.youtube.com/channel/UCNLaAJbLxLhyzx1tCxeiaRw
UCSiXYktg3k6bwjPHVHqcSJA,@Rannie_154,2,2ヶ月,Member (2 months),,不明,,,1,1,0,2026-09-13 18:30,2026-09-13 18:30,,,https://www.youtube.com/channel/UCSiXYktg3k6bwjPHVHqcSJA
UCLWC1Yduwh6Oe82vsEenwtg,@ねるね-p2d,2,2ヶ月,Member (2 months),,不明,,,1,6,0,2026-09-13 18:30,2026-09-13 18:30,,,https://www.youtube.com/channel/UCLWC1Yduwh6Oe82vsEenwtg
UCTEVh791Lh8b444eXadNkoA,@shi_617,2,2ヶ月,Member (2 months),2,Yaminions,マイルストーン,,1,3,0,2026-09-13 18:30,2026-09-13 18:30,,,https://www.youtube.com/channel/UCTEVh791Lh8b444eXadNkoA
UCbzHGoCSmcaKF5CEqmwha1g,@かる_sd172,2,2ヶ月,Member (2 months),,不明,,,1,2,0,2026-09-13 18:30,2026-09-13 18:30,,,https://www.youtube.com/channel/UCbzHGoCSmcaKF5CEqmwha1g
UC8o3QuiwB0Eyi1PsI8aom9w,@よるよる-k1w,2,2ヶ月,Member (2 months),,Yaminions,ギフト,ギフトで加入,1,1,0,2026-09-13 18:30,2026-09-13 18:30,○,○,https://www.youtube.com/channel/UC8o3QuiwB0Eyi1PsI8aom9w
UCiHiWbv-eayMnhHHdWXs-_A,@syelaine7211,2,2ヶ月,Member (2 months),,不明,,,1,1,0,2026-09-13 18:30,2026-09-13 18:30,,,https://www.youtube.com/channel/UCiHiWbv-eayMnhHHdWXs-_A
UCrxw8cWjZN7aLnPF-KlXw2Q,@yulapu,2,2ヶ月,Member (2 months),,不明,,,1,2,0,2026-09-16 19:00,2026-09-16 19:00,,,https://www.youtube.com/channel/UCrxw8cWjZN7aLnPF-KlXw2Q
UC_GSht3zAPrK8QE9f1FW5Ng,@ayuyuayuayu,2,2ヶ月,Member (2 months),,不明,,,1,5,0,2026-09-18 10:01,2026-09-18 10:01,,,https://www.youtube.com/channel/UC_GSht3zAPrK8QE9f1FW5Ng
UCKpIgtUMtZh3iLnhgcLi5gw,@chaid511,2,2ヶ月,Member (2 months),,不明,,,1,11,0,2026-09-24 10:01,2026-09-24 10:01,,,https://www.youtube.com/channel/UCKpIgtUMtZh3iLnhgcLi5gw
UCNGAboTQOWBZDbQIRbPltSw,@udon_ud,2,2ヶ月,Member (2 months),,不明,,,1,2,0,2026-09-24 10:01,2026-09-24 10:01,,,https://www.youtube.com/channel/UCNGAboTQOWBZDbQIRbPltSw
UCC-7MxdVaUVgr11TOyNN7bA,@kznlo,2,2ヶ月,Member (2 months),,不明,,,1,1,0,2026-09-25 12:05,2026-09-25 12:05,,,https://www.youtube.com/channel/UCC-7MxdVaUVgr11TOyNN7bA
UC1bRZ0sWeR9cfaj_c4CVpvg,@yiuyiuuuu,2,2ヶ月,Member (2 months),,不明,,,1,2,0,2026-09-25 12:05,2026-09-25 12:05,,,https://www.youtube.com/channel/UC1bRZ0sWeR9cfaj_c4CVpvg
UCMPSI6ER3F-49jXqptat1_Q,@clareSY,2,2ヶ月,Member (2 months),,Yaminions,再加入/レベル変更,,1,0,0,2026-09-25 12:05,2026-09-25 12:05,,,https://www.youtube.com/channel/UCMPSI6ER3F-49jXqptat1_Q
UC3q-wWJJjGd1AZuc-izJX0A,@choo_tsuki,2,2ヶ月,Member (2 months),,不明,,,1,1,0,2026-09-30 00:08,2026-09-30 00:08,,,https://www.youtube.com/channel/UC3q-wWJJjGd1AZuc-izJX0A
UC-oh_qK_oh4VFOwOZehxKMA,@Jupiter-k9t,2,2ヶ月,Member (2 months),,不明,,,1,1,0,2026-09-30 00:08,2026-09-30 00:08,,,https://www.youtube.com/channel/UC-oh_qK_oh4VFOwOZehxKMA
UC5mT6MpvJMWX3-JJn3OUSHA,@yawu9150,1,1ヶ月,Member (1 month),,不明,,,5,33,0,2026-09-13 18:30,2026-09-30 10:06,,,https://www.youtube.com/channel/UC5mT6MpvJMWX3-JJn3OUSHA
UCtXts5HOfOwhAEE1OrEEsQA,@ririnyan67,1,1ヶ月,Member (1 month),1,Yaminions,マイルストーン,,5,19,0,2026-09-13 18:30,2026-09-30 00:08,○,○,https://www.youtube.com/channel/UCtXts5HOfOwhAEE1OrEEsQA
UCnU6mtBGsIxtUhELyZy62yQ,@さくさく.1222,1,1ヶ月,Member (1 month),,不明,,,4,38,0,2026-09-08 22:45,2026-09-25 12:05,,,https://www.youtube.com/channel/UCnU6mtBGsIxtUhELyZy62yQ
UC8MW1o2zN3-uAfpYAZJ2Zug,@Lei_ohh,1,1ヶ月,Member (1 month),,不明,,,4,16,0,2026-09-13 18:30,2026-09-30 00:08,,,https://www.youtube.com/channel/UC8MW1o2zN3-uAfpYAZJ2Zug
UCEHoqQz69ogAPmD1k96TV-A,@UtaTK7877,1,1ヶ月,Member (1 month),,不明,,,4,33,0,2026-09-18 10:01,2026-09-30 10:06,,,https://www.youtube.com/channel/UCEHoqQz69ogAPmD1k96TV-A
UCPg48d2xZqkwwp2Y8-31Rng,@葉子leaf1023,1,1ヶ月,Member (1 month),,不明,,,3,18,0,2026-09-08 22:45,2026-09-30 00:08,,,https://www.youtube.com/channel/UCPg48d2xZqkwwp2Y8-31Rng
UC4Yg3S38pgdiKm6WVElbqYA,@superdollico,1,1ヶ月,Member (1 month),,不明,,,3,64,0,2026-09-08 22:45,2026-09-25 12:05,,,https://www.youtube.com/channel/UC4Yg3S38pgdiKm6WVElbqYA
UCQYLPnA_ttVowcwDTvWIZVQ,@syrii_n,1,1ヶ月,Member (1 month),,Yaminions,ギフト,ギフトで加入,3,11,0,2026-09-13 18:30,2026-09-30 10:06,○,○,https://www.youtube.com/channel/UCQYLPnA_ttVowcwDTvWIZVQ
UC3VZ5qQ9YNQ45-N4D4Cu0pA,@zikainori,1,1ヶ月,Member (1 month),,不明,,,3,4,0,2026-09-13 18:30,2026-09-30 00:08,,,https://www.youtube.com/channel/UC3VZ5qQ9YNQ45-N4D4Cu0pA
UCjs_Jf99cpfZdajIZsIOY3g,@axelsnootnoot,1,1ヶ月,Member (1 month),,不明,,,3,65,0,2026-09-16 19:00,2026-09-25 12:05,,,https://www.youtube.com/channel/UCjs_Jf99cpfZdajIZsIOY3g
UCVYTGL106NtT31JFwPNuoJA,@정윤-c9u,1,1ヶ月,Member (1 month),,不明,,,2,3,0,2026-09-08 22:45,2026-09-18 10:01,,,https://www.youtube.com/channel/UCVYTGL106NtT31JFwPNuoJA
UCCislnDy08MtOLKyndKFjqw,@offton-daisuki,1,1ヶ月,Member (1 month),,不明,,,2,49,0,2026-09-08 22:45,2026-09-16 19:00,,,https://www.youtube.com/channel/UCCislnDy08MtOLKyndKFjqw
UCVGgEGobA7fdjIQf8JRnGqA,@はるか-h18,1,1ヶ月,Member (1 month),,不明,,,2,4,0,2026-09-13 18:30,2026-09-24 10:01,,,https://www.youtube.com/channel/UCVGgEGobA7fdjIQf8JRnGqA
UC7zxig3SAgYu1he2AK3NU4g,@CeliaRei420,1,1ヶ月,Member (1 month),,Yaminions,ギフト,ギフトで加入,2,4,0,2026-09-13 18:30,2026-09-18 10:01,○,○,https://www.youtube.com/channel/UC7zxig3SAgYu1he2AK3NU4g
UCZZTIf7m64NP3ULqeV0KG5g,@Yantu_pog,1,1ヶ月,Member (1 month),,Yaminions,新規加入,,2,23,0,2026-09-18 10:01,2026-09-24 10:01,○,,https://www.youtube.com/channel/UCZZTIf7m64NP3ULqeV0KG5g
UCjVNm7qqDEiXhVCqrsb0TGQ,@enosiyipee,1,1ヶ月,Member (1 month),,不明,,,1,1,0,2026-09-08 22:45,2026-09-08 22:45,,,https://www.youtube.com/channel/UCjVNm7qqDEiXhVCqrsb0TGQ
UCbgFaDznW6OLVYToqsuPuOg,@NuclearZ1430,1,1ヶ月,Member (1 month),,不明,,,1,2,0,2026-09-08 22:45,2026-09-08 22:45,,,https://www.youtube.com/channel/UCbgFaDznW6OLVYToqsuPuOg
UC8TlCBHGO6M3UB3CAP6Oz8A,@circlee_cc,1,1ヶ月,Member (1 month),,不明,,,1,1,0,2026-09-13 18:30,2026-09-13 18:30,,,https://www.youtube.com/channel/UC8TlCBHGO6M3UB3CAP6Oz8A
UC0j2BAn675BEaympZRjpptg,@杏佳きょうか,1,1ヶ月,Member (1 month),,Yaminions,ギフト,ギフトで加入,1,8,0,2026-09-13 18:30,2026-09-13 18:30,○,○,https://www.youtube.com/channel/UC0j2BAn675BEaympZRjpptg
UClXl3LlHjsZXJDclyHKE-lg,@moka_1139,1,1ヶ月,Member (1 month),,不明,,,1,1,0,2026-09-13 18:30,2026-09-13 18:30,,,https://www.youtube.com/channel/UClXl3LlHjsZXJDclyHKE-lg
UCYlyP4mCd_ly__5s9VwtQgw,@gemmmmmmmm,1,1ヶ月,Member (1 month),,Yaminions,ギフト,ギフトで加入,1,2,0,2026-09-24 10:01,2026-09-24 10:01,○,○,https://www.youtube.com/channel/UCYlyP4mCd_ly__5s9VwtQgw
UCydq40upEE8BLSzGUHNSDTg,@Qpeepooo,1,1ヶ月,Member (1 month),,不明,,,1,1,0,2026-09-24 10:01,2026-09-24 10:01,,,https://www.youtube.com/channel/UCydq40upEE8BLSzGUHNSDTg
UCLahqFawjw-cYybrAgTJ-Dg,@지나-v1l,1,1ヶ月,Member (1 month),,不明,,,1,1,0,2026-09-25 12:05,2026-09-25 12:05,,,https://www.youtube.com/channel/UCLahqFawjw-cYybrAgTJ-Dg
UCO1Q2mYg2aXzRecy5sikjEw,@kisskitsunn,1,1ヶ月,Member (1 month),,不明,,,1,7,0,2026-09-30 00:08,2026-09-30 00:08,,,https://www.youtube.com/channel/UCO1Q2mYg2aXzRecy5sikjEw
UCtE_U834VhxlFgTfjoL4xcQ,@nyaamino,0,新規(1ヶ月未満),New member,,Yaminions,ギフト,ギフトで加入,4,40,0,2026-09-13 18:30,2026-09-30 10:06,○,○,https://www.youtube.com/channel/UCtE_U834VhxlFgTfjoL4xcQ
UCWd_gUINVSInfJdy2v269cg,@JJJEeee2333,0,新規(1ヶ月未満),New member,,不明,,,3,7,0,2026-09-08 22:45,2026-09-30 00:08,,,https://www.youtube.com/channel/UCWd_gUINVSInfJdy2v269cg
UCqPdKEs42m5_7I_xgA3TQoA,@unagi_ww,0,新規(1ヶ月未満),New member,,不明,,,3,92,0,2026-09-13 18:30,2026-09-30 10:06,,,https://www.youtube.com/channel/UCqPdKEs42m5_7I_xgA3TQoA
UCW-IXrIme07PvEU-ZtbW7dA,@yuuki_km,0,新規(1ヶ月未満),New member,,Yaminions,新規加入,,3,4,0,2026-09-16 19:00,2026-09-30 10:06,○,,https://www.youtube.com/channel/UCW-IXrIme07PvEU-ZtbW7dA
UCRe9rh0SSrpJJnYWZRtzzDw,@75chlowee,0,新規(1ヶ月未満),New member,,不明,,,3,28,0,2026-09-24 10:01,2026-09-30 10:06,,,https://www.youtube.com/channel/UCRe9rh0SSrpJJnYWZRtzzDw
UCEROWTtnuJn1oHzazAx-1Lw,@rei2a-u2r,0,新規(1ヶ月未満),New member,,不明,,,3,8,0,2026-09-24 10:01,2026-09-30 00:08,,,https://www.youtube.com/channel/UCEROWTtnuJn1oHzazAx-1Lw
UC5WCHWdmSOccKm0-UYyW2qA,@羊羊-g4d,0,新規(1ヶ月未満),New member,,不明,,,3,11,0,2026-09-25 12:05,2026-09-30 10:06,,,https://www.youtube.com/channel/UC5WCHWdmSOccKm0-UYyW2qA
UCGvYytlmORNbJdds0nNsIrA,@恋瀬らむ_konose,0,新規(1ヶ月未満),New member,,不明,,,2,22,0,2026-09-08 22:45,2026-09-13 18:30,,,https://www.youtube.com/channel/UCGvYytlmORNbJdds0nNsIrA
UC_i17fphTbq79-8h98RBfZQ,@Easybread1107,0,新規(1ヶ月未満),New member,,不明,,,2,2,0,2026-09-08 22:45,2026-09-13 18:30,,,https://www.youtube.com/channel/UC_i17fphTbq79-8h98RBfZQ
UC6hSzMKNQXUcNEtBLuKQCbQ,@only_yours927,0,新規(1ヶ月未満),New member,,Yaminions,ギフト,ギフトで加入,2,75,0,2026-09-13 18:30,2026-09-18 10:01,○,○,https://www.youtube.com/channel/UC6hSzMKNQXUcNEtBLuKQCbQ
UC3IBabMGLJVqpwtlZqZzjKA,@fatieeema,0,新規(1ヶ月未満),New member,,Yaminions,ギフト,ギフトで加入,2,3,0,2026-09-13 18:30,2026-09-25 12:05,○,○,https://www.youtube.com/channel/UC3IBabMGLJVqpwtlZqZzjKA
UCxsz6LRfL9XFh5V7mAjd9rA,@ReH-r8y,0,新規(1ヶ月未満),New member,,Yaminions,ギフト,ギフトで加入,2,18,0,2026-09-13 18:30,2026-09-16 19:00,○,○,https://www.youtube.com/channel/UCxsz6LRfL9XFh5V7mAjd9rA
UCwma7fvU121ES5VQB9H_ahQ,@soul-sparv,0,新規(1ヶ月未満),New member,,Yaminions,ギフト,ギフトで加入,2,18,0,2026-09-13 18:30,2026-09-16 19:00,○,○,https://www.youtube.com/channel/UCwma7fvU121ES5VQB9H_ahQ
UCG3dhCU1UhoYgJJGZ_oEgjw,@tsongdd_tw,0,新規(1ヶ月未満),New member,,Yaminions,ギフト,ギフトで加入,2,1,0,2026-09-13 18:30,2026-09-18 10:01,○,○,https://www.youtube.com/channel/UCG3dhCU1UhoYgJJGZ_oEgjw
UC_6uH9cBSCjvmDvKSEE5axw,@niwa0,0,新規(1ヶ月未満),New member,,Yaminions,ギフト,ギフトで加入,2,1,0,2026-09-13 18:30,2026-09-30 10:06,○,○,https://www.youtube.com/channel/UC_6uH9cBSCjvmDvKSEE5axw
UC-3glif-ejCM_ef3xsoKO1g,@Bisco_pan,0,新規(1ヶ月未満),New member,,Yaminions,ギフト,ギフトで加入,2,3,0,2026-09-13 18:30,2026-09-18 10:01,○,○,https://www.youtube.com/channel/UC-3glif-ejCM_ef3xsoKO1g
UCAfGpB_dgJ_hEMlJS6yk68g,@cht_tungcoby,0,新規(1ヶ月未満),New member,,Yaminions,ギフト,ギフトで加入,2,1,0,2026-09-13 18:30,2026-09-25 12:05,○,○,https://www.youtube.com/channel/UCAfGpB_dgJ_hEMlJS6yk68g
UCnHyJBwM_5pieb7VpJRTmqw,@otonasisuzu-音無鈴,0,新規(1ヶ月未満),New member,,Yaminions,ギフト,ギフトで加入,2,26,0,2026-09-13 18:30,2026-09-18 10:01,○,○,https://www.youtube.com/channel/UCnHyJBwM_5pieb7VpJRTmqw
UCxmcYgfbhm-FtPFh0T-4MRg,@zihaeai,0,新規(1ヶ月未満),New member,,不明,,,2,3,0,2026-09-24 10:01,2026-09-30 00:08,,,https://www.youtube.com/channel/UCxmcYgfbhm-FtPFh0T-4MRg
UCnG55Lch-I7XWEAZ8-p_OIw,@sharkblue313,0,新規(1ヶ月未満),New member,,Yaminions,新規加入,,1,1,0,2026-09-08 22:45,2026-09-08 22:45,○,,https://www.youtube.com/channel/UCnG55Lch-I7XWEAZ8-p_OIw
UCXFLAsK7xakJa6EtCSw028A,@amorazun,0,新規(1ヶ月未満),New member,,不明,,,1,25,0,2026-09-13 18:30,2026-09-13 18:30,,,https://www.youtube.com/channel/UCXFLAsK7xakJa6EtCSw028A
UCey9vJVfuc45UdVJj5_T0MA,@hayate2100,0,新規(1ヶ月未満),New member,,Yaminions,ギフト,ギフトで加入,1,40,0,2026-09-13 18:30,2026-09-13 18:30,○,○,https://www.youtube.com/channel/UCey9vJVfuc45UdVJj5_T0MA
UCeWmQC0L2qMYgIKt8QYkl7g,@かなちん-y5v,0,新規(1ヶ月未満),New member,,Yaminions,ギフト,ギフトで加入,1,38,0,2026-09-13 18:30,2026-09-13 18:30,○,○,https://www.youtube.com/channel/UCeWmQC0L2qMYgIKt8QYkl7g
UCXAlRQ75hlIDBrIAZeJIwAg,@え野,0,新規(1ヶ月未満),New member,,不明,,,1,1,0,2026-09-13 18:30,2026-09-13 18:30,,,https://www.youtube.com/channel/UCXAlRQ75hlIDBrIAZeJIwAg
UCpOjNN3AdEDX_dFDVbFTMqg,@Reverie-o9k,0,新規(1ヶ月未満),New member,,不明,,,1,1,0,2026-09-13 18:30,2026-09-13 18:30,,,https://www.youtube.com/channel/UCpOjNN3AdEDX_dFDVbFTMqg
UCKCkBSjrkqWBvWfErn4pPfA,@lulu-f9s3c,0,新規(1ヶ月未満),New member,,不明,,,1,1,0,2026-09-13 18:30,2026-09-13 18:30,,,https://www.youtube.com/channel/UCKCkBSjrkqWBvWfErn4pPfA
UCC8D8kqkS-Hg_NxgIqAelNw,@miyano37,0,新規(1ヶ月未満),New member,,Yaminions,新規加入,,1,1,0,2026-09-13 18:30,2026-09-13 18:30,○,,https://www.youtube.com/channel/UCC8D8kqkS-Hg_NxgIqAelNw
UCtLSbgzjy5mi1NKNZf5CdqA,@cherielin2933,0,新規(1ヶ月未満),New member,,Yaminions,ギフト,ギフトで加入,1,1,0,2026-09-13 18:30,2026-09-13 18:30,○,○,https://www.youtube.com/channel/UCtLSbgzjy5mi1NKNZf5CdqA
UCpTOzkowex1T84uBtESpFUA,@転々-l4u,0,新規(1ヶ月未満),New member,,Yaminions,ギフト,ギフトで加入,1,1,0,2026-09-13 18:30,2026-09-13 18:30,○,○,https://www.youtube.com/channel/UCpTOzkowex1T84uBtESpFUA
UCIF_wXdRYa20S6PCHw6DonQ,@rinko1720,0,新規(1ヶ月未満),New member,,Yaminions,ギフト,ギフトで加入,1,1,0,2026-09-13 18:30,2026-09-13 18:30,○,○,https://www.youtube.com/channel/UCIF_wXdRYa20S6PCHw6DonQ
UCGSGQymOckyymZs8kxmhOsg,@furuふる,0,新規(1ヶ月未満),New member,,Yaminions,ギフト,ギフトで加入,1,8,0,2026-09-13 18:30,2026-09-13 18:30,○,○,https://www.youtube.com/channel/UCGSGQymOckyymZs8kxmhOsg
UCoXdHi8ObHYYBFT2Os4Gwxw,@ひーかru,0,新規(1ヶ月未満),New member,,Yaminions,ギフト,ギフトで加入,1,13,0,2026-09-13 18:30,2026-09-13 18:30,○,○,https://www.youtube.com/channel/UCoXdHi8ObHYYBFT2Os4Gwxw
UCh0DFMoPPecEeQ5IgJuRj1Q,@Bella_404_lzq,0,新規(1ヶ月未満),New member,,不明,,,1,1,0,2026-09-13 18:30,2026-09-13 18:30,,,https://www.youtube.com/channel/UCh0DFMoPPecEeQ5IgJuRj1Q
UCr8XY2RYwS_wH2iszwUNS9Q,@ぽぽ-b3n,0,新規(1ヶ月未満),New member,,Yaminions,ギフト,ギフトで加入,1,1,0,2026-09-13 18:30,2026-09-13 18:30,○,○,https://www.youtube.com/channel/UCr8XY2RYwS_wH2iszwUNS9Q
UCzd8kFGN86b_QOgN8dl2PXw,@モモ-y8b7y,0,新規(1ヶ月未満),New member,,不明,,,1,1,0,2026-09-13 18:30,2026-09-13 18:30,,,https://www.youtube.com/channel/UCzd8kFGN86b_QOgN8dl2PXw
UCVoatOI6sm_7QOFbMRq8bNw,@neneshinone,0,新規(1ヶ月未満),,,Yaminions,ギフト,ギフトで加入,1,0,0,2026-09-13 18:30,2026-09-13 18:30,○,○,https://www.youtube.com/channel/UCVoatOI6sm_7QOFbMRq8bNw
UC3zbDdvaUUEnmvP3RbaalVw,@dokjapov,0,新規(1ヶ月未満),,,Yaminions,ギフト,ギフトで加入,1,0,0,2026-09-13 18:30,2026-09-13 18:30,○,○,https://www.youtube.com/channel/UC3zbDdvaUUEnmvP3RbaalVw
UCYnYNNRe64mpAVHKkBetVJg,@ブロッコリー-t7v,0,新規(1ヶ月未満),,,Yaminions,ギフト,ギフトで加入,1,0,0,2026-09-13 18:30,2026-09-13 18:30,○,○,https://www.youtube.com/channel/UCYnYNNRe64mpAVHKkBetVJg
UCuSEEuzrJcW8BC822B9_coQ,@naha770,0,新規(1ヶ月未満),,,Yaminions,ギフト,ギフトで加入,1,0,0,2026-09-13 18:30,2026-09-13 18:30,○,○,https://www.youtube.com/channel/UCuSEEuzrJcW8BC822B9_coQ
UChFfJGjxRErVGWD52arwbRA,@羽悠-Jessica,0,新規(1ヶ月未満),,,Yaminions,ギフト,ギフトで加入,1,0,0,2026-09-13 18:30,2026-09-13 18:30,○,○,https://www.youtube.com/channel/UChFfJGjxRErVGWD52arwbRA
UCwenu4hVYSIEF4CtA_adW7g,@gigapgsama,0,新規(1ヶ月未満),,,Yaminions,ギフト,ギフトで加入,1,0,0,2026-09-13 18:30,2026-09-13 18:30,○,○,https://www.youtube.com/channel/UCwenu4hVYSIEF4CtA_adW7g
UCiHw_reyeEqt_f6yLHVL8Gg,@shiro_sayuki,0,新規(1ヶ月未満),,,Yaminions,ギフト,ギフトで加入,1,0,0,2026-09-13 18:30,2026-09-13 18:30,○,○,https://www.youtube.com/channel/UCiHw_reyeEqt_f6yLHVL8Gg
UCVM0zXuf6BOhJLmlCfqvzTQ,@マンジ-b4l,0,新規(1ヶ月未満),,,Yaminions,ギフト,ギフトで加入,1,0,0,2026-09-13 18:30,2026-09-13 18:30,○,○,https://www.youtube.com/channel/UCVM0zXuf6BOhJLmlCfqvzTQ
UC5F8JEFKNkHrpINXZS73pnA,@iruka_nj,0,新規(1ヶ月未満),,,Yaminions,ギフト,ギフトで加入,1,0,0,2026-09-13 18:30,2026-09-13 18:30,○,○,https://www.youtube.com/channel/UC5F8JEFKNkHrpINXZS73pnA
UC6zdKufoY_SXaAsBG_hho1A,@もつ-q1f1m,0,新規(1ヶ月未満),,,Yaminions,ギフト,ギフトで加入,1,0,0,2026-09-13 18:30,2026-09-13 18:30,○,○,https://www.youtube.com/channel/UC6zdKufoY_SXaAsBG_hho1A
UCa0suX4O62_zM0drTLjlIrA,@0gaster013,0,新規(1ヶ月未満),,,Yaminions,ギフト,ギフトで加入,1,0,0,2026-09-13 18:30,2026-09-13 18:30,○,○,https://www.youtube.com/channel/UCa0suX4O62_zM0drTLjlIrA
UCboJVv7rlmfUPvFqEKJtmdA,@SallyFace31,0,新規(1ヶ月未満),,,Yaminions,ギフト,ギフトで加入,1,0,0,2026-09-13 18:30,2026-09-13 18:30,○,○,https://www.youtube.com/channel/UCboJVv7rlmfUPvFqEKJtmdA
UC16W6oonuM8rmhnmU7MaTZg,@神谷莉緒-w4t,0,新規(1ヶ月未満),,,Yaminions,ギフト,ギフトで加入,1,0,0,2026-09-13 18:30,2026-09-13 18:30,○,○,https://www.youtube.com/channel/UC16W6oonuM8rmhnmU7MaTZg
UCb7l7ZoY6yNraMbXNm9_FCQ,@gaara_go,0,新規(1ヶ月未満),,,Yaminions,ギフト,ギフトで加入,1,0,0,2026-09-13 18:30,2026-09-13 18:30,○,○,https://www.youtube.com/channel/UCb7l7ZoY6yNraMbXNm9_FCQ
UCbEGefYL1NIwx9ZvrL9MBrw,@らりるれろ_りぃ,0,新規(1ヶ月未満),,,Yaminions,ギフト,ギフトで加入,1,0,0,2026-09-13 18:30,2026-09-13 18:30,○,○,https://www.youtube.com/channel/UCbEGefYL1NIwx9ZvrL9MBrw
UCTDFtE6rnK_MxlabeIu2rEQ,@bin3401,0,新規(1ヶ月未満),,,Yaminions,ギフト,ギフトで加入,1,0,0,2026-09-13 18:30,2026-09-13 18:30,○,○,https://www.youtube.com/channel/UCTDFtE6rnK_MxlabeIu2rEQ
UCYyk4s-xr-WeEzPoEx6qpQw,@Chokomakato,0,新規(1ヶ月未満),,,Yaminions,ギフト,ギフトで加入,1,0,0,2026-09-13 18:30,2026-09-13 18:30,○,○,https://www.youtube.com/channel/UCYyk4s-xr-WeEzPoEx6qpQw
UChmoAXNZ-FwheCek-EhQ9gw,@alxcvrie,0,新規(1ヶ月未満),,,Yaminions,ギフト,ギフトで加入,1,0,0,2026-09-13 18:30,2026-09-13 18:30,○,○,https://www.youtube.com/channel/UChmoAXNZ-FwheCek-EhQ9gw
UCAGz292LrtuDJA1YnROuAQQ,@lohc9973,0,新規(1ヶ月未満),,,Yaminions,ギフト,ギフトで加入,1,0,0,2026-09-13 18:30,2026-09-13 18:30,○,○,https://www.youtube.com/channel/UCAGz292LrtuDJA1YnROuAQQ
UCp5AqK6_Z_Q0qMEDrP1sC5w,@紅-s4w,0,新規(1ヶ月未満),,,Yaminions,ギフト,ギフトで加入,1,0,0,2026-09-13 18:30,2026-09-13 18:30,○,○,https://www.youtube.com/channel/UCp5AqK6_Z_Q0qMEDrP1sC5w
UC73EC2Sd6A8uPWi9q7aYyIA,@osiro3632,0,新規(1ヶ月未満),,,Yaminions,ギフト,ギフトで加入,1,0,0,2026-09-13 18:30,2026-09-13 18:30,○,○,https://www.youtube.com/channel/UC73EC2Sd6A8uPWi9q7aYyIA
UCS1wN9UvEiC7xRsp0PwAh5g,@ovoWEN,0,新規(1ヶ月未満),,,Yaminions,ギフト,ギフトで加入,1,0,0,2026-09-13 18:30,2026-09-13 18:30,○,○,https://www.youtube.com/channel/UCS1wN9UvEiC7xRsp0PwAh5g
UCvXh-Ni8NKa8XmyFXM_erRA,@MMMMMMMMMMMMMM,0,新規(1ヶ月未満),,,Yaminions,ギフト,ギフトで加入,1,0,0,2026-09-13 18:30,2026-09-13 18:30,○,○,https://www.youtube.com/channel/UCvXh-Ni8NKa8XmyFXM_erRA
UCTGHQ2vIOx2rYFtw4og9n6A,@Öiöy_De_Öīüyóiöñ_De_Büôeáün,0,新規(1ヶ月未満),,,Yaminions,ギフト,ギフトで加入,1,0,0,2026-09-13 18:30,2026-09-13 18:30,○,○,https://www.youtube.com/channel/UCTGHQ2vIOx2rYFtw4og9n6A
UCsmW4fdQ0wqnbc4bH8NHMeA,@kodako_gumi,0,新規(1ヶ月未満),,,Yaminions,ギフト,ギフトで加入,1,0,0,2026-09-13 18:30,2026-09-13 18:30,○,○,https://www.youtube.com/channel/UCsmW4fdQ0wqnbc4bH8NHMeA
UCid7AQviR2UA0DQrJ8uoEcg,@gzaraaa,0,新規(1ヶ月未満),,,Yaminions,ギフト,ギフトで加入,1,0,0,2026-09-13 18:30,2026-09-13 18:30,○,○,https://www.youtube.com/channel/UCid7AQviR2UA0DQrJ8uoEcg
UCu2QL1B4UZUbNDaoz13RYvw,@lifenotgoodman7606,0,新規(1ヶ月未満),,,Yaminions,ギフト,ギフトで加入,1,0,0,2026-09-13 18:30,2026-09-13 18:30,○,○,https://www.youtube.com/channel/UCu2QL1B4UZUbNDaoz13RYvw
UCKlBRIhMIIsrp0ku7wmAIJg,@PimchanokYimpari,0,新規(1ヶ月未満),,,Yaminions,ギフト,ギフトで加入,1,0,0,2026-09-13 18:30,2026-09-13 18:30,○,○,https://www.youtube.com/channel/UCKlBRIhMIIsrp0ku7wmAIJg
UCeAcGiUxNsvmlAwCiBoS7VQ,@Little_corn,0,新規(1ヶ月未満),,,Yaminions,ギフト,ギフトで加入,1,0,0,2026-09-13 18:30,2026-09-13 18:30,○,○,https://www.youtube.com/channel/UCeAcGiUxNsvmlAwCiBoS7VQ
UCETA3EiaNZgMid5XlPaYiuQ,@meldydayo6270,0,新規(1ヶ月未満),,,Yaminions,ギフト,ギフトで加入,1,0,0,2026-09-13 18:30,2026-09-13 18:30,○,○,https://www.youtube.com/channel/UCETA3EiaNZgMid5XlPaYiuQ
UCPhH0R68-C-sZM1vzeVtbSA,@isabellayamamoto4987,0,新規(1ヶ月未満),,,Yaminions,ギフト,ギフトで加入,1,0,0,2026-09-13 18:30,2026-09-13 18:30,○,○,https://www.youtube.com/channel/UCPhH0R68-C-sZM1vzeVtbSA
UCBUJVJhKhrI2XzxRTiKiF4w,@tohobu_wip,0,新規(1ヶ月未満),,,Yaminions,ギフト,ギフトで加入,1,0,0,2026-09-13 18:30,2026-09-13 18:30,○,○,https://www.youtube.com/channel/UCBUJVJhKhrI2XzxRTiKiF4w
UC5u2Melx8midruQEPS_W99Q,@れもん-l3o8q,0,新規(1ヶ月未満),,,Yaminions,ギフト,ギフトで加入,1,0,0,2026-09-13 18:30,2026-09-13 18:30,○,○,https://www.youtube.com/channel/UC5u2Melx8midruQEPS_W99Q
UCBpQKcHFhja4H9ee3lWwNnw,@kagatec,0,新規(1ヶ月未満),,,Yaminions,ギフト,ギフトで加入,1,0,0,2026-09-13 18:30,2026-09-13 18:30,○,○,https://www.youtube.com/channel/UCBpQKcHFhja4H9ee3lWwNnw
UCq-nF7FbuGi7ZAo1VUxireg,@Senちゃんです,0,新規(1ヶ月未満),,,Yaminions,ギフト,ギフトで加入,1,0,0,2026-09-13 18:30,2026-09-13 18:30,○,○,https://www.youtube.com/channel/UCq-nF7FbuGi7ZAo1VUxireg
UCapH_OOD32aChiSduuQX0nw,@narwhal6484,0,新規(1ヶ月未満),,,Yaminions,ギフト,ギフトで加入,1,0,0,2026-09-13 18:30,2026-09-13 18:30,○,○,https://www.youtube.com/channel/UCapH_OOD32aChiSduuQX0nw
UCivnCwjFcM1Jm3HecYpLJtg,@シメヅキ,0,新規(1ヶ月未満),,,Yaminions,ギフト,ギフトで加入,1,0,0,2026-09-13 18:30,2026-09-13 18:30,○,○,https://www.youtube.com/channel/UCivnCwjFcM1Jm3HecYpLJtg
UCNxg4e_Q0bKrs6W3E4b_Ttw,@lifetoDD,0,新規(1ヶ月未満),,,Yaminions,ギフト,ギフトで加入,1,0,0,2026-09-13 18:30,2026-09-13 18:30,○,○,https://www.youtube.com/channel/UCNxg4e_Q0bKrs6W3E4b_Ttw
UCcqaDpMYnAy9SnugA9rVRFg,@spencertrice,0,新規(1ヶ月未満),,,Yaminions,ギフト,ギフトで加入,1,0,0,2026-09-13 18:30,2026-09-13 18:30,○,○,https://www.youtube.com/channel/UCcqaDpMYnAy9SnugA9rVRFg
UCulpVMAgl_sFC3_0-yk20_g,@changtt03,0,新規(1ヶ月未満),,,Yaminions,ギフト,ギフトで加入,1,0,0,2026-09-13 18:30,2026-09-13 18:30,○,○,https://www.youtube.com/channel/UCulpVMAgl_sFC3_0-yk20_g
UCOPzKaZvDaWRmyMnaDdYdvQ,@kissnkiss2292,0,新規(1ヶ月未満),,,Yaminions,ギフト,ギフトで加入,1,0,0,2026-09-13 18:30,2026-09-13 18:30,○,○,https://www.youtube.com/channel/UCOPzKaZvDaWRmyMnaDdYdvQ
UCIaIv_DXxIZH-g7f0KurP6A,@user-tuki.umi27,0,新規(1ヶ月未満),,,Yaminions,ギフト,ギフトで加入,1,0,0,2026-09-13 18:30,2026-09-13 18:30,○,○,https://www.youtube.com/channel/UCIaIv_DXxIZH-g7f0KurP6A
UCR7EX1ubE-EnmU_RQLbQmVg,@レモンクリーム,0,新規(1ヶ月未満),,,Yaminions,ギフト,ギフトで加入,1,0,0,2026-09-13 18:30,2026-09-13 18:30,○,○,https://www.youtube.com/channel/UCR7EX1ubE-EnmU_RQLbQmVg
UC6elAJ-H-rbVyMkn7feszXQ,@CloverSann,0,新規(1ヶ月未満),,,Yaminions,ギフト,ギフトで加入,1,0,0,2026-09-13 18:30,2026-09-13 18:30,○,○,https://www.youtube.com/channel/UC6elAJ-H-rbVyMkn7feszXQ
UCTKd95h8cSiDgJDwUqBQGtA,@amiliad,0,新規(1ヶ月未満),,,Yaminions,ギフト,ギフトで加入,1,0,0,2026-09-13 18:30,2026-09-13 18:30,○,○,https://www.youtube.com/channel/UCTKd95h8cSiDgJDwUqBQGtA
UC9bhiy2CoNqHn_uYkqGH7qA,@shiki5863,0,新規(1ヶ月未満),,,Yaminions,ギフト,ギフトで加入,1,0,0,2026-09-13 18:30,2026-09-13 18:30,○,○,https://www.youtube.com/channel/UC9bhiy2CoNqHn_uYkqGH7qA
UCzJR3OcKSu7IK6fws5lQSLg,@moyu.73,0,新規(1ヶ月未満),,,Yaminions,ギフト,ギフトで加入,1,0,0,2026-09-13 18:30,2026-09-13 18:30,○,○,https://www.youtube.com/channel/UCzJR3OcKSu7IK6fws5lQSLg
UCOyWDVjiTdb-Y8dx5OJ6M3g,@ripi_1,0,新規(1ヶ月未満),,,Yaminions,ギフト,ギフトで加入,1,0,0,2026-09-13 18:30,2026-09-13 18:30,○,○,https://www.youtube.com/channel/UCOyWDVjiTdb-Y8dx5OJ6M3g
UCEOHi5QRdjc2qK67S6K1jpw,@C013Huff,0,新規(1ヶ月未満),,,Yaminions,ギフト,ギフトで加入,1,0,0,2026-09-13 18:30,2026-09-13 18:30,○,○,https://www.youtube.com/channel/UCEOHi5QRdjc2qK67S6K1jpw
UCksrBN9WCML1R5bYTRNr5VA,@yuki_y,0,新規(1ヶ月未満),,,Yaminions,ギフト,ギフトで加入,1,0,0,2026-09-13 18:30,2026-09-13 18:30,○,○,https://www.youtube.com/channel/UCksrBN9WCML1R5bYTRNr5VA
UCV2ETFnvrnYZciocGp-IEQg,@quanr66ui,0,新規(1ヶ月未満),,,Yaminions,ギフト,ギフトで加入,1,0,0,2026-09-13 18:30,2026-09-13 18:30,○,○,https://www.youtube.com/channel/UCV2ETFnvrnYZciocGp-IEQg
UC9NnIrfPRInghF0xv60wAJg,@Dione-u8l,0,新規(1ヶ月未満),,,Yaminions,ギフト,ギフトで加入,1,0,0,2026-09-13 18:30,2026-09-13 18:30,○,○,https://www.youtube.com/channel/UC9NnIrfPRInghF0xv60wAJg
UC5cIHtFaPFmGBoxp0-PYRaA,@魔米津,0,新規(1ヶ月未満),,,Yaminions,ギフト,ギフトで加入,1,0,0,2026-09-13 18:30,2026-09-13 18:30,○,○,https://www.youtube.com/channel/UC5cIHtFaPFmGBoxp0-PYRaA
UCBL-UsJIO0w7zLWklBi6fGA,@oすみれ,0,新規(1ヶ月未満),,,Yaminions,ギフト,ギフトで加入,1,0,0,2026-09-13 18:30,2026-09-13 18:30,○,○,https://www.youtube.com/channel/UCBL-UsJIO0w7zLWklBi6fGA
UCyc-PZmKUV4PyxsciFGD_PQ,@prso777z,0,新規(1ヶ月未満),,,Yaminions,ギフト,ギフトで加入,1,0,0,2026-09-13 18:30,2026-09-13 18:30,○,○,https://www.youtube.com/channel/UCyc-PZmKUV4PyxsciFGD_PQ
UCj38Vx4X49RnnECfu1oCMIg,@Tanya-mb8pg,0,新規(1ヶ月未満),,,Yaminions,ギフト,ギフトで加入,1,0,0,2026-09-13 18:30,2026-09-13 18:30,○,○,https://www.youtube.com/channel/UCj38Vx4X49RnnECfu1oCMIg
UCAjNHQ3FgzhymsCF5nqghAA,@LittleYellowPenguin,0,新規(1ヶ月未満),,,Yaminions,ギフト,ギフトで加入,1,0,0,2026-09-13 18:30,2026-09-13 18:30,○,○,https://www.youtube.com/channel/UCAjNHQ3FgzhymsCF5nqghAA
UCHm7pDLKWoTOdU8UrboVBwg,@sigmanCH,0,新規(1ヶ月未満),,,Yaminions,ギフト,ギフトで加入,1,0,0,2026-09-13 18:30,2026-09-13 18:30,○,○,https://www.youtube.com/channel/UCHm7pDLKWoTOdU8UrboVBwg
UCNR5p8rtudsYrFx6egbyLaw,@僕斉藤だから,0,新規(1ヶ月未満),,,Yaminions,ギフト,ギフトで加入,1,0,0,2026-09-13 18:30,2026-09-13 18:30,○,○,https://www.youtube.com/channel/UCNR5p8rtudsYrFx6egbyLaw
UCR5pC3fNGJCHWRtz5WAzcPw,@たぬふらぺちーの,0,新規(1ヶ月未満),,,Yaminions,ギフト,ギフトで加入,1,0,0,2026-09-13 18:30,2026-09-13 18:30,○,○,https://www.youtube.com/channel/UCR5pC3fNGJCHWRtz5WAzcPw
UCeHLsuWleAVUQZaIN5zo_BQ,@しーか-w7x,0,新規(1ヶ月未満),,,Yaminions,ギフト,ギフトで加入,1,0,0,2026-09-13 18:30,2026-09-13 18:30,○,○,https://www.youtube.com/channel/UCeHLsuWleAVUQZaIN5zo_BQ
UCHDge10F5Y_A2tKMdLRHgsw,@さいじゃくのキング,0,新規(1ヶ月未満),,,Yaminions,ギフト,ギフトで加入,1,0,0,2026-09-13 18:30,2026-09-13 18:30,○,○,https://www.youtube.com/channel/UCHDge10F5Y_A2tKMdLRHgsw
UCCm2lEEDjY1AiTP1XkH8v0g,@rdrh_sv,0,新規(1ヶ月未満),,,Yaminions,ギフト,ギフトで加入,1,0,0,2026-09-13 18:30,2026-09-13 18:30,○,○,https://www.youtube.com/channel/UCCm2lEEDjY1AiTP1XkH8v0g
UCM-qkIYeUU2mdp7BtgOVB6w,@とも-y7p5o,0,新規(1ヶ月未満),,,Yaminions,ギフト,ギフトで加入,1,0,0,2026-09-13 18:30,2026-09-13 18:30,○,○,https://www.youtube.com/channel/UCM-qkIYeUU2mdp7BtgOVB6w
UC603LRe-kQBlXJrRdSFzMDQ,@zarithfir,0,新規(1ヶ月未満),,,Yaminions,ギフト,ギフトで加入,1,0,0,2026-09-13 18:30,2026-09-13 18:30,○,○,https://www.youtube.com/channel/UC603LRe-kQBlXJrRdSFzMDQ
UCVw8w6fYd8hvycPny5A8Tpg,@euishu,0,新規(1ヶ月未満),,,Yaminions,ギフト,ギフトで加入,1,0,0,2026-09-13 18:30,2026-09-13 18:30,○,○,https://www.youtube.com/channel/UCVw8w6fYd8hvycPny5A8Tpg
UCLBYueXQ4PUlqQCk_c_Gflw,@ありさ-v1t,0,新規(1ヶ月未満),,,Yaminions,ギフト,ギフトで加入,1,0,0,2026-09-13 18:30,2026-09-13 18:30,○,○,https://www.youtube.com/channel/UCLBYueXQ4PUlqQCk_c_Gflw
UCG60mvNaz9DRmzaQGcarByA,@blueniverze,0,新規(1ヶ月未満),,,Yaminions,ギフト,ギフトで加入,1,0,0,2026-09-13 18:30,2026-09-13 18:30,○,○,https://www.youtube.com/channel/UCG60mvNaz9DRmzaQGcarByA
UC20CKKl-gpLn9DAU-Yfz_Qg,@fml9230,0,新規(1ヶ月未満),,,Yaminions,ギフト,ギフトで加入,1,0,0,2026-09-13 18:30,2026-09-13 18:30,○,○,https://www.youtube.com/channel/UC20CKKl-gpLn9DAU-Yfz_Qg
UCadNF9H8Z_tpzMjtGfgNIkA,@TNaÒwÓ,0,新規(1ヶ月未満),,,Yaminions,ギフト,ギフトで加入,1,0,0,2026-09-13 18:30,2026-09-13 18:30,○,○,https://www.youtube.com/channel/UCadNF9H8Z_tpzMjtGfgNIkA
UC9Vwj1TlTh2zfnB-n3yOmCw,@てつ-pizzzy7,0,新規(1ヶ月未満),,,Yaminions,ギフト,ギフトで加入,1,0,0,2026-09-13 18:30,2026-09-13 18:30,○,○,https://www.youtube.com/channel/UC9Vwj1TlTh2zfnB-n3yOmCw
UCSL1UWBHTVBVz79Cg5aMNWA,@SweetMe3476,0,新規(1ヶ月未満),,,Yaminions,ギフト,ギフトで加入,1,0,0,2026-09-13 18:30,2026-09-13 18:30,○,○,https://www.youtube.com/channel/UCSL1UWBHTVBVz79Cg5aMNWA
UCn2jkMKV8EtYlA0tbhRSlaQ,@wen52107,0,新規(1ヶ月未満),,,Yaminions,ギフト,ギフトで加入,1,0,0,2026-09-13 18:30,2026-09-13 18:30,○,○,https://www.youtube.com/channel/UCn2jkMKV8EtYlA0tbhRSlaQ
UCFb79nreHAaiE9tT9XPnsXg,@zyvei,0,新規(1ヶ月未満),,,Yaminions,ギフト,ギフトで加入,1,0,0,2026-09-13 18:30,2026-09-13 18:30,○,○,https://www.youtube.com/channel/UCFb79nreHAaiE9tT9XPnsXg
UCsba277MuUAPdT8PooUrIPA,@Bbbbbbbbbbbbbbb-01,0,新規(1ヶ月未満),,,Yaminions,ギフト,ギフトで加入,1,0,0,2026-09-13 18:30,2026-09-13 18:30,○,○,https://www.youtube.com/channel/UCsba277MuUAPdT8PooUrIPA
UCo0zKc5OmiYb6FmbfVBEyBQ,@AkaAsaRope,0,新規(1ヶ月未満),,,Yaminions,ギフト,ギフトで加入,1,0,0,2026-09-13 18:30,2026-09-13 18:30,○,○,https://www.youtube.com/channel/UCo0zKc5OmiYb6FmbfVBEyBQ
UCzZLdMyjwXwL4DHAIssKSgQ,@于倫石,0,新規(1ヶ月未満),,,Yaminions,ギフト,ギフトで加入,1,0,0,2026-09-13 18:30,2026-09-13 18:30,○,○,https://www.youtube.com/channel/UCzZLdMyjwXwL4DHAIssKSgQ
UC1H-IdOcedXblROGLCkCkRA,@狐火-u4m,0,新規(1ヶ月未満),,,Yaminions,ギフト,ギフトで加入,1,0,0,2026-09-13 18:30,2026-09-13 18:30,○,○,https://www.youtube.com/channel/UC1H-IdOcedXblROGLCkCkRA
UC___Fx2uACQNDKKpNcG99fg,@オコペチーノ,0,新規(1ヶ月未満),,,Yaminions,ギフト,ギフトで加入,1,0,0,2026-09-13 18:30,2026-09-13 18:30,○,○,https://www.youtube.com/channel/UC___Fx2uACQNDKKpNcG99fg
UCemVlxnOMTXmFc83K2aKUCw,@IIts_Coo,0,新規(1ヶ月未満),,,Yaminions,ギフト,ギフトで加入,1,0,0,2026-09-13 18:30,2026-09-13 18:30,○,○,https://www.youtube.com/channel/UCemVlxnOMTXmFc83K2aKUCw
UCmj4ZepXzxMPdNxq9s4onwg,@achlys3411,0,新規(1ヶ月未満),,,Yaminions,ギフト,ギフトで加入,1,0,0,2026-09-13 18:30,2026-09-13 18:30,○,○,https://www.youtube.com/channel/UCmj4ZepXzxMPdNxq9s4onwg
UCUf2_rDHpzthqjPGMT5u5vQ,@CannedTako,0,新規(1ヶ月未満),,,Yaminions,ギフト,ギフトで加入,1,0,0,2026-09-13 18:30,2026-09-13 18:30,○,○,https://www.youtube.com/channel/UCUf2_rDHpzthqjPGMT5u5vQ
UCH-QD09RAYnEY5Vb5pCpHXw,@ぽむぽんぽん,0,新規(1ヶ月未満),,,Yaminions,ギフト,ギフトで加入,1,0,0,2026-09-13 18:30,2026-09-13 18:30,○,○,https://www.youtube.com/channel/UCH-QD09RAYnEY5Vb5pCpHXw
UCaHmB2Q7SolTxFnbPDFiaYg,@ねこすけ-o6u,0,新規(1ヶ月未満),,,Yaminions,ギフト,ギフトで加入,1,0,0,2026-09-13 18:30,2026-09-13 18:30,○,○,https://www.youtube.com/channel/UCaHmB2Q7SolTxFnbPDFiaYg
UCnw2zpuC5-LD-BxCcxGuYfA,@catie3063,0,新規(1ヶ月未満),,,Yaminions,ギフト,ギフトで加入,1,0,0,2026-09-13 18:30,2026-09-13 18:30,○,○,https://www.youtube.com/channel/UCnw2zpuC5-LD-BxCcxGuYfA
UC_06vy9cRu2bjdpQc-9rypg,@lilincosplay8955,0,新規(1ヶ月未満),,,Yaminions,ギフト,ギフトで加入,1,0,0,2026-09-13 18:30,2026-09-13 18:30,○,○,https://www.youtube.com/channel/UC_06vy9cRu2bjdpQc-9rypg
UCpz7VlsiaYpKnnXhfndUbuQ,@ruixxxxx,0,新規(1ヶ月未満),,,Yaminions,ギフト,ギフトで加入,1,0,0,2026-09-13 18:30,2026-09-13 18:30,○,○,https://www.youtube.com/channel/UCpz7VlsiaYpKnnXhfndUbuQ
UCAvscbG39WAdsIww6xy5o-Q,@anyaimystakeofnijisanjien3028,0,新規(1ヶ月未満),,,Yaminions,ギフト,ギフトで加入,1,0,0,2026-09-13 18:30,2026-09-13 18:30,○,○,https://www.youtube.com/channel/UCAvscbG39WAdsIww6xy5o-Q
UCD3_8bql5cuIj0gXQGyRicQ,@Snowbrrrd,0,新規(1ヶ月未満),,,Yaminions,ギフト,ギフトで加入,1,0,0,2026-09-13 18:30,2026-09-13 18:30,○,○,https://www.youtube.com/channel/UCD3_8bql5cuIj0gXQGyRicQ
UCJZzXCPnMOABC1rhRqjrykQ,@katlee145,0,新規(1ヶ月未満),,,Yaminions,ギフト,ギフトで加入,1,0,0,2026-09-13 18:30,2026-09-13 18:30,○,○,https://www.youtube.com/channel/UCJZzXCPnMOABC1rhRqjrykQ
UCB3S2ITT4SJhMf-Azs6PvaA,@clorisyukino6103,0,新規(1ヶ月未満),,,Yaminions,ギフト,ギフトで加入,1,0,0,2026-09-13 18:30,2026-09-13 18:30,○,○,https://www.youtube.com/channel/UCB3S2ITT4SJhMf-Azs6PvaA
UC9hntlPN5Da3X137zVI0sBQ,@わんすけさん,0,新規(1ヶ月未満),,,Yaminions,ギフト,ギフトで加入,1,0,0,2026-09-13 18:30,2026-09-13 18:30,○,○,https://www.youtube.com/channel/UC9hntlPN5Da3X137zVI0sBQ
UCzhw5_7Ac7o2ghN4KXNxKlA,@ping5570,0,新規(1ヶ月未満),,,Yaminions,ギフト,ギフトで加入,1,0,0,2026-09-13 18:30,2026-09-13 18:30,○,○,https://www.youtube.com/channel/UCzhw5_7Ac7o2ghN4KXNxKlA
UCtG_Lhz1KRF72m9RTQiRHKQ,@arashitakeo,0,新規(1ヶ月未満),,,Yaminions,ギフト,ギフトで加入,1,0,0,2026-09-13 18:30,2026-09-13 18:30,○,○,https://www.youtube.com/channel/UCtG_Lhz1KRF72m9RTQiRHKQ
UCx98Mh-NIUGFeKZtXIniBgQ,@莉li-li,0,新規(1ヶ月未満),,,Yaminions,ギフト,ギフトで加入,1,0,0,2026-09-13 18:30,2026-09-13 18:30,○,○,https://www.youtube.com/channel/UCx98Mh-NIUGFeKZtXIniBgQ
UCMx1dUpStEcxmii19xFBdxw,@greenmore2608,0,新規(1ヶ月未満),,,Yaminions,ギフト,ギフトで加入,1,0,0,2026-09-13 18:30,2026-09-13 18:30,○,○,https://www.youtube.com/channel/UCMx1dUpStEcxmii19xFBdxw
UCBPCNgvfrxr154I6Gz2ubmQ,@littlelad8488,0,新規(1ヶ月未満),,,Yaminions,ギフト,ギフトで加入,1,0,0,2026-09-13 18:30,2026-09-13 18:30,○,○,https://www.youtube.com/channel/UCBPCNgvfrxr154I6Gz2ubmQ
UCWEa7SdUmrm1ddVyrjU1Vjg,@tnaky1,0,新規(1ヶ月未満),,,Yaminions,ギフト,ギフトで加入,1,0,0,2026-09-13 18:30,2026-09-13 18:30,○,○,https://www.youtube.com/channel/UCWEa7SdUmrm1ddVyrjU1Vjg
UC6gxv28xslH3rsjWYOj8ovA,@インクメープル,0,新規(1ヶ月未満),,,Yaminions,ギフト,ギフトで加入,1,0,0,2026-09-13 18:30,2026-09-13 18:30,○,○,https://www.youtube.com/channel/UC6gxv28xslH3rsjWYOj8ovA
UCh8aWMQuc22yNNne5ztjajw,@ミラクルみづきチャン,0,新規(1ヶ月未満),,,Yaminions,ギフト,ギフトで加入,1,0,0,2026-09-13 18:30,2026-09-13 18:30,○,○,https://www.youtube.com/channel/UCh8aWMQuc22yNNne5ztjajw
UCwqacxwvN3rzgwXzad46j-w,@barian_vr,0,新規(1ヶ月未満),,,Yaminions,ギフト,ギフトで加入,1,0,0,2026-09-13 18:30,2026-09-13 18:30,○,○,https://www.youtube.com/channel/UCwqacxwvN3rzgwXzad46j-w
UCt9mC-KDJlMOX3-hLNTtDpQ,@44yangyang,0,新規(1ヶ月未満),,,Yaminions,ギフト,ギフトで加入,1,0,0,2026-09-13 18:30,2026-09-13 18:30,○,○,https://www.youtube.com/channel/UCt9mC-KDJlMOX3-hLNTtDpQ
UC3BIpk305lqOYt14JsT-xPA,@clement1ne_z,0,新規(1ヶ月未満),,,Yaminions,ギフト,ギフトで加入,1,0,0,2026-09-13 18:30,2026-09-13 18:30,○,○,https://www.youtube.com/channel/UC3BIpk305lqOYt14JsT-xPA
UC0RSAD-kpHS3tUyYpEd-f_w,@d3dw4lkr_t3xzrngr,0,新規(1ヶ月未満),,,Yaminions,ギフト,ギフトで加入,1,0,0,2026-09-13 18:30,2026-09-13 18:30,○,○,https://www.youtube.com/channel/UC0RSAD-kpHS3tUyYpEd-f_w
UC5u0NoEshxS8DQFwR3CQ6TQ,@sQuashy06,0,新規(1ヶ月未満),,,Yaminions,ギフト,ギフトで加入,1,0,0,2026-09-13 18:30,2026-09-13 18:30,○,○,https://www.youtube.com/channel/UC5u0NoEshxS8DQFwR3CQ6TQ
UCIg8CFZGJqR9ofNTM8scyTg,@理武,0,新規(1ヶ月未満),,,Yaminions,ギフト,ギフトで加入,1,0,0,2026-09-13 18:30,2026-09-13 18:30,○,○,https://www.youtube.com/channel/UCIg8CFZGJqR9ofNTM8scyTg
UC80uJHPhWmdYLxD_icpHMdw,@DefinitelyKoji,0,新規(1ヶ月未満),,,Yaminions,ギフト,ギフトで加入,1,0,0,2026-09-13 18:30,2026-09-13 18:30,○,○,https://www.youtube.com/channel/UC80uJHPhWmdYLxD_icpHMdw
UCAzBsw1Yp8l0W3rGqIAnhZw,@nagarebo_shiri,0,新規(1ヶ月未満),,,Yaminions,ギフト,ギフトで加入,1,0,0,2026-09-13 18:30,2026-09-13 18:30,○,○,https://www.youtube.com/channel/UCAzBsw1Yp8l0W3rGqIAnhZw
UCvqQPaKK0Ho5tQV-rNxvdZA,@antoniogargiulo5863,0,新規(1ヶ月未満),,,Yaminions,ギフト,ギフトで加入,1,0,0,2026-09-13 18:30,2026-09-13 18:30,○,○,https://www.youtube.com/channel/UCvqQPaKK0Ho5tQV-rNxvdZA
UCf3MtoZekOH5wXiurLazMdQ,@rei2122,0,新規(1ヶ月未満),,,Yaminions,ギフト,ギフトで加入,1,0,0,2026-09-13 18:30,2026-09-13 18:30,○,○,https://www.youtube.com/channel/UCf3MtoZekOH5wXiurLazMdQ
UCVorHvz-RBmhWAA7G60ZzTw,@ShishigumiRisse,0,新規(1ヶ月未満),,,Yaminions,ギフト,ギフトで加入,1,0,0,2026-09-13 18:30,2026-09-13 18:30,○,○,https://www.youtube.com/channel/UCVorHvz-RBmhWAA7G60ZzTw
UCvV0e1nXatf02aBwNlDU_Fg,@knackirontarkus6403,0,新規(1ヶ月未満),,,Yaminions,ギフト,ギフトで加入,1,0,0,2026-09-13 18:30,2026-09-13 18:30,○,○,https://www.youtube.com/channel/UCvV0e1nXatf02aBwNlDU_Fg
UCGcvwE1IbYTgYekL54odL5Q,@inputlogarithm,0,新規(1ヶ月未満),,,Yaminions,ギフト,ギフトで加入,1,0,0,2026-09-13 18:30,2026-09-13 18:30,○,○,https://www.youtube.com/channel/UCGcvwE1IbYTgYekL54odL5Q
UCyh_1OH8g4LrUSqszoLOlCw,@hoplite7472,0,新規(1ヶ月未満),,,Yaminions,ギフト,ギフトで加入,1,0,0,2026-09-13 18:30,2026-09-13 18:30,○,○,https://www.youtube.com/channel/UCyh_1OH8g4LrUSqszoLOlCw
UC13lbC3RcLabLWjBTKj9lag,@なちめぇりん,0,新規(1ヶ月未満),,,Yaminions,ギフト,ギフトで加入,1,0,0,2026-09-13 18:30,2026-09-13 18:30,○,○,https://www.youtube.com/channel/UC13lbC3RcLabLWjBTKj9lag
UCGzJrd5KJLh7Rkzssq1N6cw,@Dxshu_lan,0,新規(1ヶ月未満),,,Yaminions,ギフト,ギフトで加入,1,0,0,2026-09-13 18:30,2026-09-13 18:30,○,○,https://www.youtube.com/channel/UCGzJrd5KJLh7Rkzssq1N6cw
UCULLXumiR1OuWAE1ZVSdNmQ,@cl0udn1n33,0,新規(1ヶ月未満),,,Yaminions,ギフト,ギフトで加入,1,0,0,2026-09-13 18:30,2026-09-13 18:30,○,○,https://www.youtube.com/channel/UCULLXumiR1OuWAE1ZVSdNmQ
UCjBLAEwkdgMk4inohXIZcSg,@kanadesuzuki1264,0,新規(1ヶ月未満),,,Yaminions,ギフト,ギフトで加入,1,0,0,2026-09-13 18:30,2026-09-13 18:30,○,○,https://www.youtube.com/channel/UCjBLAEwkdgMk4inohXIZcSg
UCRwW6MOyRm8IdVZAxhLcaWg,@Jin_748,0,新規(1ヶ月未満),,,Yaminions,ギフト,ギフトで加入,1,0,0,2026-09-13 18:30,2026-09-13 18:30,○,○,https://www.youtube.com/channel/UCRwW6MOyRm8IdVZAxhLcaWg
UChC6B9L1pS97HRiH04fSE3g,@deni4279,0,新規(1ヶ月未満),,,Yaminions,ギフト,ギフトで加入,1,0,0,2026-09-13 18:30,2026-09-13 18:30,○,○,https://www.youtube.com/channel/UChC6B9L1pS97HRiH04fSE3g
UCddUlVe9WclzQTTeEXvPzkA,@code_Rei,0,新規(1ヶ月未満),,,Yaminions,ギフト,ギフトで加入,1,0,0,2026-09-13 18:30,2026-09-13 18:30,○,○,https://www.youtube.com/channel/UCddUlVe9WclzQTTeEXvPzkA
UCmYY-N3cSGQCIdrUc8Y4WCA,@cassiicasy,0,新規(1ヶ月未満),,,Yaminions,ギフト,ギフトで加入,1,0,0,2026-09-13 18:30,2026-09-13 18:30,○,○,https://www.youtube.com/channel/UCmYY-N3cSGQCIdrUc8Y4WCA
UCm7NN_LfDcUxEBfP7Pvm6lA,@rizayapz,0,新規(1ヶ月未満),,,Yaminions,ギフト,ギフトで加入,1,0,0,2026-09-13 18:30,2026-09-13 18:30,○,○,https://www.youtube.com/channel/UCm7NN_LfDcUxEBfP7Pvm6lA
UC16iwCyOYCYBpNzuVha3Xjw,@namichi_528,0,新規(1ヶ月未満),,,Yaminions,ギフト,ギフトで加入,1,0,0,2026-09-13 18:30,2026-09-13 18:30,○,○,https://www.youtube.com/channel/UC16iwCyOYCYBpNzuVha3Xjw
UCJbvZswFSny2pHY-rrQ9Nqw,@mokamoka-mo,0,新規(1ヶ月未満),,,Yaminions,ギフト,ギフトで加入,1,0,0,2026-09-13 18:30,2026-09-13 18:30,○,○,https://www.youtube.com/channel/UCJbvZswFSny2pHY-rrQ9Nqw
UCNfxnrg62TYtVCwpr3nweNQ,@Iori_08,0,新規(1ヶ月未満),,,Yaminions,ギフト,ギフトで加入,1,0,0,2026-09-13 18:30,2026-09-13 18:30,○,○,https://www.youtube.com/channel/UCNfxnrg62TYtVCwpr3nweNQ
UCoQn_e8lPRP0FG2j2AzCUfw,@sy6449,0,新規(1ヶ月未満),,,Yaminions,ギフト,ギフトで加入,1,0,0,2026-09-13 18:30,2026-09-13 18:30,○,○,https://www.youtube.com/channel/UCoQn_e8lPRP0FG2j2AzCUfw
UCydO8xdPVGWlwY3OlHsnO-Q,@qqn6143,0,新規(1ヶ月未満),,,Yaminions,ギフト,ギフトで加入,1,0,0,2026-09-13 18:30,2026-09-13 18:30,○,○,https://www.youtube.com/channel/UCydO8xdPVGWlwY3OlHsnO-Q
UCs3llI2c6fkBdviVA9jMS5A,@にぼしも,0,新規(1ヶ月未満),,,Yaminions,ギフト,ギフトで加入,1,0,0,2026-09-13 18:30,2026-09-13 18:30,○,○,https://www.youtube.com/channel/UCs3llI2c6fkBdviVA9jMS5A
UC6LDvM9MWO9stF2Q856Zayg,@なっつん-t3j,0,新規(1ヶ月未満),,,Yaminions,ギフト,ギフトで加入,1,0,0,2026-09-13 18:30,2026-09-13 18:30,○,○,https://www.youtube.com/channel/UC6LDvM9MWO9stF2Q856Zayg
UCS0VMIBvw_hbZdTxGVamc2w,@laika7324,0,新規(1ヶ月未満),,,Yaminions,ギフト,ギフトで加入,1,0,0,2026-09-13 18:30,2026-09-13 18:30,○,○,https://www.youtube.com/channel/UCS0VMIBvw_hbZdTxGVamc2w
UCQpjF0ctkL_71szcji56dVA,@あさひな-n8i,0,新規(1ヶ月未満),,,Yaminions,ギフト,ギフトで加入,1,0,0,2026-09-13 18:30,2026-09-13 18:30,○,○,https://www.youtube.com/channel/UCQpjF0ctkL_71szcji56dVA
UC5Gp2mMDRuj2apZ46hp_w9g,@Mingming-yipeee,0,新規(1ヶ月未満),,,Yaminions,ギフト,ギフトで加入,1,0,0,2026-09-13 18:30,2026-09-13 18:30,○,○,https://www.youtube.com/channel/UC5Gp2mMDRuj2apZ46hp_w9g
UCZJ1CLCgMi1PbA5NcmXKvQg,@Kei_7_3396,0,新規(1ヶ月未満),,,Yaminions,ギフト,ギフトで加入,1,0,0,2026-09-13 18:30,2026-09-13 18:30,○,○,https://www.youtube.com/channel/UCZJ1CLCgMi1PbA5NcmXKvQg
UC8v_YFoULfEexFJd3aEMeVA,@ゆうい-h2z,0,新規(1ヶ月未満),,,Yaminions,ギフト,ギフトで加入,1,0,0,2026-09-13 18:30,2026-09-13 18:30,○,○,https://www.youtube.com/channel/UC8v_YFoULfEexFJd3aEMeVA
UCkLj-VcvjQPz9MeD_n_aC0w,@zhennö,0,新規(1ヶ月未満),,,Yaminions,ギフト,ギフトで加入,1,0,0,2026-09-13 18:30,2026-09-13 18:30,○,○,https://www.youtube.com/channel/UCkLj-VcvjQPz9MeD_n_aC0w
UCvqv5ONQqjYK2HA0nIXKsZA,@ye_ouo223,0,新規(1ヶ月未満),,,Yaminions,ギフト,ギフトで加入,1,0,0,2026-09-13 18:30,2026-09-13 18:30,○,○,https://www.youtube.com/channel/UCvqv5ONQqjYK2HA0nIXKsZA
UCfK76CsEiBGUw28dTkUuwlw,@ふわぁ無理ゲーパス,0,新規(1ヶ月未満),,,Yaminions,ギフト,ギフトで加入,1,0,0,2026-09-13 18:30,2026-09-13 18:30,○,○,https://www.youtube.com/channel/UCfK76CsEiBGUw28dTkUuwlw
UCyBbQ6GbYW0lBETuQvvIxQA,@mmeim,0,新規(1ヶ月未満),,,Yaminions,ギフト,ギフトで加入,1,0,0,2026-09-13 18:30,2026-09-13 18:30,○,○,https://www.youtube.com/channel/UCyBbQ6GbYW0lBETuQvvIxQA
UCW9JcCX_zk9Uh44_k87ENvA,@themisxqs,0,新規(1ヶ月未満),,,Yaminions,ギフト,ギフトで加入,1,0,0,2026-09-13 18:30,2026-09-13 18:30,○,○,https://www.youtube.com/channel/UCW9JcCX_zk9Uh44_k87ENvA
UCGNrlJ5TrLGPfQ4fRz5p7lw,@nagarehosi2629,0,新規(1ヶ月未満),,,Yaminions,ギフト,ギフトで加入,1,0,0,2026-09-13 18:30,2026-09-13 18:30,○,○,https://www.youtube.com/channel/UCGNrlJ5TrLGPfQ4fRz5p7lw
UC7YAQ6T0aSp56p7TKqdf8mA,@磁場-t5q,0,新規(1ヶ月未満),,,Yaminions,ギフト,ギフトで加入,1,0,0,2026-09-13 18:30,2026-09-13 18:30,○,○,https://www.youtube.com/channel/UC7YAQ6T0aSp56p7TKqdf8mA
UCr3DVVggiiPS3bhco7tHEnw,@asumiyo_10,0,新規(1ヶ月未満),,,Yaminions,ギフト,ギフトで加入,1,0,0,2026-09-13 18:30,2026-09-13 18:30,○,○,https://www.youtube.com/channel/UCr3DVVggiiPS3bhco7tHEnw
UCFlnJyLKo-jxBDx0UyBCYJA,@ninzinsirisiri,0,新規(1ヶ月未満),,,Yaminions,ギフト,ギフトで加入,1,0,0,2026-09-13 18:30,2026-09-13 18:30,○,○,https://www.youtube.com/channel/UCFlnJyLKo-jxBDx0UyBCYJA
UCZtHnsX5uKxaz-i4SSA7yUg,@吟凧,0,新規(1ヶ月未満),,,Yaminions,ギフト,ギフトで加入,1,0,0,2026-09-13 18:30,2026-09-13 18:30,○,○,https://www.youtube.com/channel/UCZtHnsX5uKxaz-i4SSA7yUg
UC6Tp4ayqNuMA7SfP1tiwkSQ,@SmugFate1,0,新規(1ヶ月未満),,,Yaminions,ギフト,ギフトで加入,1,0,0,2026-09-13 18:30,2026-09-13 18:30,○,○,https://www.youtube.com/channel/UC6Tp4ayqNuMA7SfP1tiwkSQ
UC3t3mSOzmPZ12rltn3WF3rw,@vinaaaaa_04,0,新規(1ヶ月未満),,,Yaminions,ギフト,ギフトで加入,1,0,0,2026-09-13 18:30,2026-09-13 18:30,○,○,https://www.youtube.com/channel/UC3t3mSOzmPZ12rltn3WF3rw
UCkPTGRm-3bCkbwudce7GIew,@haobiaoyi,0,新規(1ヶ月未満),,,Yaminions,ギフト,ギフトで加入,1,0,0,2026-09-13 18:30,2026-09-13 18:30,○,○,https://www.youtube.com/channel/UCkPTGRm-3bCkbwudce7GIew
UCrOF-wzy3EvFAVBaAiB4nYg,@水兒Choirwaterly,0,新規(1ヶ月未満),,,Yaminions,ギフト,ギフトで加入,1,0,0,2026-09-13 18:30,2026-09-13 18:30,○,○,https://www.youtube.com/channel/UCrOF-wzy3EvFAVBaAiB4nYg
UC2r4LsfTyl6rWgHOgSs09mQ,@หิวเตี๋ยวไก่,0,新規(1ヶ月未満),,,Yaminions,ギフト,ギフトで加入,1,0,0,2026-09-13 18:30,2026-09-13 18:30,○,○,https://www.youtube.com/channel/UC2r4LsfTyl6rWgHOgSs09mQ
UC-qntJSeKDh24Z18rRoQQOA,@liz_in,0,新規(1ヶ月未満),,,Yaminions,ギフト,ギフトで加入,1,0,0,2026-09-13 18:30,2026-09-13 18:30,○,○,https://www.youtube.com/channel/UC-qntJSeKDh24Z18rRoQQOA
UCl9glzdLx58iUWTvJIVRSRA,@DemonTag-1930,0,新規(1ヶ月未満),,,Yaminions,ギフト,ギフトで加入,1,0,0,2026-09-13 18:30,2026-09-13 18:30,○,○,https://www.youtube.com/channel/UCl9glzdLx58iUWTvJIVRSRA
UCEU2TKFV4v3BMqJG8Uh_RYg,@user-cm3oz8vt4r,0,新規(1ヶ月未満),,,Yaminions,ギフト,ギフトで加入,1,0,0,2026-09-13 18:30,2026-09-13 18:30,○,○,https://www.youtube.com/channel/UCEU2TKFV4v3BMqJG8Uh_RYg
UC--QDaU9vRqYoyM9KVCovVA,@lohens.reallover,0,新規(1ヶ月未満),,,Yaminions,ギフト,ギフトで加入,1,0,0,2026-09-13 18:30,2026-09-13 18:30,○,○,https://www.youtube.com/channel/UC--QDaU9vRqYoyM9KVCovVA
UCFXynYy8qrqeqherZUfN2Vw,@quilldino,0,新規(1ヶ月未満),,,Yaminions,ギフト,ギフトで加入,1,0,0,2026-09-13 18:30,2026-09-13 18:30,○,○,https://www.youtube.com/channel/UCFXynYy8qrqeqherZUfN2Vw
UCFIleYAL_VcmiS2Ta6JiD0w,@nuno8493,0,新規(1ヶ月未満),,,Yaminions,ギフト,ギフトで加入,1,0,0,2026-09-13 18:30,2026-09-13 18:30,○,○,https://www.youtube.com/channel/UCFIleYAL_VcmiS2Ta6JiD0w
UCjYIAe3L1BYonOsBwira3TA,@xilia05,0,新規(1ヶ月未満),,,Yaminions,ギフト,ギフトで加入,1,0,0,2026-09-13 18:30,2026-09-13 18:30,○,○,https://www.youtube.com/channel/UCjYIAe3L1BYonOsBwira3TA
UCsMT5I-j4YXqVvUNGZp-F1w,@yushunchan6044,0,新規(1ヶ月未満),,,Yaminions,ギフト,ギフトで加入,1,0,0,2026-09-13 18:30,2026-09-13 18:30,○,○,https://www.youtube.com/channel/UCsMT5I-j4YXqVvUNGZp-F1w
UCiREJK3CbYQNgFA7xR2q55Q,@smolnekomata,0,新規(1ヶ月未満),,,Yaminions,ギフト,ギフトで加入,1,0,0,2026-09-13 18:30,2026-09-13 18:30,○,○,https://www.youtube.com/channel/UCiREJK3CbYQNgFA7xR2q55Q
UCceTLWmwPUqeFi-mVqRjsIg,@dust4891,0,新規(1ヶ月未満),,,Yaminions,ギフト,ギフトで加入,1,0,0,2026-09-13 18:30,2026-09-13 18:30,○,○,https://www.youtube.com/channel/UCceTLWmwPUqeFi-mVqRjsIg
UCMdHxulfgXRJpxExo1rBOCQ,@a.r5235,0,新規(1ヶ月未満),,,Yaminions,ギフト,ギフトで加入,1,0,0,2026-09-13 18:30,2026-09-13 18:30,○,○,https://www.youtube.com/channel/UCMdHxulfgXRJpxExo1rBOCQ
UCbqXVEPHq1sMp_AJUeKcqXA,@泉-v9x,0,新規(1ヶ月未満),,,Yaminions,ギフト,ギフトで加入,1,0,0,2026-09-13 18:30,2026-09-13 18:30,○,○,https://www.youtube.com/channel/UCbqXVEPHq1sMp_AJUeKcqXA
UCYGMGzUG9FDXCrocPON_u-Q,@nosakirie9381,0,新規(1ヶ月未満),,,Yaminions,ギフト,ギフトで加入,1,0,0,2026-09-13 18:30,2026-09-13 18:30,○,○,https://www.youtube.com/channel/UCYGMGzUG9FDXCrocPON_u-Q
UCzrk22VVkkFfThAaUgEF-2A,@jollyissilly,0,新規(1ヶ月未満),,,Yaminions,ギフト,ギフトで加入,1,0,0,2026-09-13 18:30,2026-09-13 18:30,○,○,https://www.youtube.com/channel/UCzrk22VVkkFfThAaUgEF-2A
UCYQcbhiipuaJoWFS-uB6rsw,@_eri4737,0,新規(1ヶ月未満),,,Yaminions,ギフト,ギフトで加入,1,0,0,2026-09-13 18:30,2026-09-13 18:30,○,○,https://www.youtube.com/channel/UCYQcbhiipuaJoWFS-uB6rsw
UCGVuK5aIFnmL51lgAmiLdDw,@ChaLaLii,0,新規(1ヶ月未満),,,Yaminions,ギフト,ギフトで加入,1,0,0,2026-09-13 18:30,2026-09-13 18:30,○,○,https://www.youtube.com/channel/UCGVuK5aIFnmL51lgAmiLdDw
UCzro0fw8e6-OiU8dmcBLCGw,@OreOre-mn1ii,0,新規(1ヶ月未満),,,Yaminions,ギフト,ギフトで加入,1,0,0,2026-09-13 18:30,2026-09-13 18:30,○,○,https://www.youtube.com/channel/UCzro0fw8e6-OiU8dmcBLCGw
UCddEJRKBpmqyS_L20D9b8-A,@c45en,0,新規(1ヶ月未満),,,Yaminions,ギフト,ギフトで加入,1,0,0,2026-09-13 18:30,2026-09-13 18:30,○,○,https://www.youtube.com/channel/UCddEJRKBpmqyS_L20D9b8-A
UCq4WN5ZsrY2f5DuAnkj2tcw,@bubbles_boo0,0,新規(1ヶ月未満),,,Yaminions,ギフト,ギフトで加入,1,0,0,2026-09-13 18:30,2026-09-13 18:30,○,○,https://www.youtube.com/channel/UCq4WN5ZsrY2f5DuAnkj2tcw
UCBE-lavLs26UoCzT-yjX6ag,@ellsytart,0,新規(1ヶ月未満),,,Yaminions,ギフト,ギフトで加入,1,0,0,2026-09-13 18:30,2026-09-13 18:30,○,○,https://www.youtube.com/channel/UCBE-lavLs26UoCzT-yjX6ag
UCh_7_jA2P4uOm7bDw-P6RmA,@reta_111,0,新規(1ヶ月未満),,,Yaminions,ギフト,ギフトで加入,1,0,0,2026-09-13 18:30,2026-09-13 18:30,○,○,https://www.youtube.com/channel/UCh_7_jA2P4uOm7bDw-P6RmA
UC71LVJdrAC1GTGQWe9qr7Kw,@Kymet255,0,新規(1ヶ月未満),,,Yaminions,ギフト,ギフトで加入,1,0,0,2026-09-13 18:30,2026-09-13 18:30,○,○,https://www.youtube.com/channel/UC71LVJdrAC1GTGQWe9qr7Kw
UC9on6MPV0rfXlFPnV26-2DA,@rainbowromero5127,0,新規(1ヶ月未満),,,Yaminions,ギフト,ギフトで加入,1,0,0,2026-09-13 18:30,2026-09-13 18:30,○,○,https://www.youtube.com/channel/UC9on6MPV0rfXlFPnV26-2DA
UCPwIrYkwmDC1aKQ4mbBp1SA,@Hyi.n,0,新規(1ヶ月未満),,,Yaminions,ギフト,ギフトで加入,1,0,0,2026-09-13 18:30,2026-09-13 18:30,○,○,https://www.youtube.com/channel/UCPwIrYkwmDC1aKQ4mbBp1SA
UCfUizgNUBBxr5_-m4TRhV_w,@haduki822,0,新規(1ヶ月未満),,,Yaminions,ギフト,ギフトで加入,1,0,0,2026-09-13 18:30,2026-09-13 18:30,○,○,https://www.youtube.com/channel/UCfUizgNUBBxr5_-m4TRhV_w
UC_sty1ucaNapXYXxKD0eD6Q,@popochan_21h,0,新規(1ヶ月未満),,,Yaminions,ギフト,ギフトで加入,1,0,0,2026-09-13 18:30,2026-09-13 18:30,○,○,https://www.youtube.com/channel/UC_sty1ucaNapXYXxKD0eD6Q
UCVFtL36y19W2JQ-4O_aDXjA,@bnthr,0,新規(1ヶ月未満),,,Yaminions,ギフト,ギフトで加入,1,0,0,2026-09-13 18:30,2026-09-13 18:30,○,○,https://www.youtube.com/channel/UCVFtL36y19W2JQ-4O_aDXjA
UCc4Px4ixZ42GQBBVRsfUocQ,@多分それくらいで丁度いい,0,新規(1ヶ月未満),,,Yaminions,ギフト,ギフトで加入,1,0,0,2026-09-13 18:30,2026-09-13 18:30,○,○,https://www.youtube.com/channel/UCc4Px4ixZ42GQBBVRsfUocQ
UCZrq1j__8fuoDL_PAXJ6t6w,@ChewTube_00,0,新規(1ヶ月未満),,,Yaminions,ギフト,ギフトで加入,1,0,0,2026-09-13 18:30,2026-09-13 18:30,○,○,https://www.youtube.com/channel/UCZrq1j__8fuoDL_PAXJ6t6w
UCdTzUG4W5cgMCbZ4mV5d7hw,@chooipie,0,新規(1ヶ月未満),,,Yaminions,ギフト,ギフトで加入,1,0,0,2026-09-13 18:30,2026-09-13 18:30,○,○,https://www.youtube.com/channel/UCdTzUG4W5cgMCbZ4mV5d7hw
UCuy8sU9uJIUEVfb4DZPuKnA,@EggYolksJackie,0,新規(1ヶ月未満),,,Yaminions,ギフト,ギフトで加入,1,0,0,2026-09-13 18:30,2026-09-13 18:30,○,○,https://www.youtube.com/channel/UCuy8sU9uJIUEVfb4DZPuKnA
UCRETVjaiOZ60nmDdDdU1Whg,@Pp-bl4un,0,新規(1ヶ月未満),,,Yaminions,ギフト,ギフトで加入,1,0,0,2026-09-13 18:30,2026-09-13 18:30,○,○,https://www.youtube.com/channel/UCRETVjaiOZ60nmDdDdU1Whg
UCzfCu1gisH3-gxMu4Rcbzvw,@Kalido-di9ib,0,新規(1ヶ月未満),,,Yaminions,ギフト,ギフトで加入,1,0,0,2026-09-13 18:30,2026-09-13 18:30,○,○,https://www.youtube.com/channel/UCzfCu1gisH3-gxMu4Rcbzvw
UC_9vmmv__q43zShIcgCkCVA,@RenRolo,0,新規(1ヶ月未満),,,Yaminions,ギフト,ギフトで加入,1,0,0,2026-09-13 18:30,2026-09-13 18:30,○,○,https://www.youtube.com/channel/UC_9vmmv__q43zShIcgCkCVA
UCb_WJl8o_3NeK9cJ5ZTLgBw,@りふ-s8e,0,新規(1ヶ月未満),,,Yaminions,ギフト,ギフトで加入,1,0,0,2026-09-13 18:30,2026-09-13 18:30,○,○,https://www.youtube.com/channel/UCb_WJl8o_3NeK9cJ5ZTLgBw
UCLHdgF8lipqLEOULYGMU4yw,@sabbylee,0,新規(1ヶ月未満),,,Yaminions,ギフト,ギフトで加入,1,0,0,2026-09-13 18:30,2026-09-13 18:30,○,○,https://www.youtube.com/channel/UCLHdgF8lipqLEOULYGMU4yw
UCt6e9txAbfvYRfnr2jCI0-Q,@なな-c4c,0,新規(1ヶ月未満),,,Yaminions,ギフト,ギフトで加入,1,0,0,2026-09-13 18:30,2026-09-13 18:30,○,○,https://www.youtube.com/channel/UCt6e9txAbfvYRfnr2jCI0-Q
UCzaoQx7_BzkvOsieHtYfvrA,@muyuzhe,0,新規(1ヶ月未満),,,Yaminions,ギフト,ギフトで加入,1,0,0,2026-09-13 18:30,2026-09-13 18:30,○,○,https://www.youtube.com/channel/UCzaoQx7_BzkvOsieHtYfvrA
UCNffZMsTm0e7TcKYvoCm74A,@NeumaXz.,0,新規(1ヶ月未満),,,Yaminions,ギフト,ギフトで加入,1,0,0,2026-09-13 18:30,2026-09-13 18:30,○,○,https://www.youtube.com/channel/UCNffZMsTm0e7TcKYvoCm74A
UCRB4at-DBDgVpOkhi11-Lpg,@xiaolinbao,0,新規(1ヶ月未満),,,Yaminions,ギフト,ギフトで加入,1,0,0,2026-09-13 18:30,2026-09-13 18:30,○,○,https://www.youtube.com/channel/UCRB4at-DBDgVpOkhi11-Lpg
UCahkalR2dZoxJBXEFllbI-Q,@chronogear8564,0,新規(1ヶ月未満),,,Yaminions,ギフト,ギフトで加入,1,0,0,2026-09-13 18:30,2026-09-13 18:30,○,○,https://www.youtube.com/channel/UCahkalR2dZoxJBXEFllbI-Q
UCMivZ34qPDoFJTk1w6MMUIA,@NoooCloud,0,新規(1ヶ月未満),,,Yaminions,ギフト,ギフトで加入,1,0,0,2026-09-13 18:30,2026-09-13 18:30,○,○,https://www.youtube.com/channel/UCMivZ34qPDoFJTk1w6MMUIA
UCe5cjQ22LZc2ff_9zgTkj1A,@かな_kanaaa,0,新規(1ヶ月未満),,,Yaminions,ギフト,ギフトで加入,1,0,0,2026-09-13 18:30,2026-09-13 18:30,○,○,https://www.youtube.com/channel/UCe5cjQ22LZc2ff_9zgTkj1A
UCIGSE1J9BYK_UpcWTIZwbig,@ryoka59412,0,新規(1ヶ月未満),,,Yaminions,ギフト,ギフトで加入,1,0,0,2026-09-13 18:30,2026-09-13 18:30,○,○,https://www.youtube.com/channel/UCIGSE1J9BYK_UpcWTIZwbig
UCxntGmp7AkgWcR4gdjlB3uQ,@来世はジル,0,新規(1ヶ月未満),,,Yaminions,ギフト,ギフトで加入,1,0,0,2026-09-13 18:30,2026-09-13 18:30,○,○,https://www.youtube.com/channel/UCxntGmp7AkgWcR4gdjlB3uQ
UCFe1UATrsy9wDnvHJUdi5cg,@しゃち77,0,新規(1ヶ月未満),,,Yaminions,ギフト,ギフトで加入,1,0,0,2026-09-13 18:30,2026-09-13 18:30,○,○,https://www.youtube.com/channel/UCFe1UATrsy9wDnvHJUdi5cg
UCLV3Mgaal7xLar4wy9ImrIw,@RukiD_,0,新規(1ヶ月未満),,,Yaminions,ギフト,ギフトで加入,1,0,0,2026-09-13 18:30,2026-09-13 18:30,○,○,https://www.youtube.com/channel/UCLV3Mgaal7xLar4wy9ImrIw
UCuR44a9Sj6lLjeIPCc8I-ww,@Peach_2361,0,新規(1ヶ月未満),,,Yaminions,ギフト,ギフトで加入,1,0,0,2026-09-13 18:30,2026-09-13 18:30,○,○,https://www.youtube.com/channel/UCuR44a9Sj6lLjeIPCc8I-ww
UCi8YkQTdajyxkAHg1D8r0mg,@vicblade,0,新規(1ヶ月未満),,,Yaminions,ギフト,ギフトで加入,1,0,0,2026-09-13 18:30,2026-09-13 18:30,○,○,https://www.youtube.com/channel/UCi8YkQTdajyxkAHg1D8r0mg
UCgBHnNSb0itC8DXMXwodQNQ,@soisserieux,0,新規(1ヶ月未満),,,Yaminions,ギフト,ギフトで加入,1,0,0,2026-09-13 18:30,2026-09-13 18:30,○,○,https://www.youtube.com/channel/UCgBHnNSb0itC8DXMXwodQNQ
UCNpL2p8NCs0nNWfWb4Et_5A,@Moonlight57,0,新規(1ヶ月未満),,,Yaminions,ギフト,ギフトで加入,1,0,0,2026-09-13 18:30,2026-09-13 18:30,○,○,https://www.youtube.com/channel/UCNpL2p8NCs0nNWfWb4Et_5A
UCU9qTtdh4RgrSAH0ylg-R-w,@まぬ-b5c,0,新規(1ヶ月未満),,,Yaminions,ギフト,ギフトで加入,1,0,0,2026-09-13 18:30,2026-09-13 18:30,○,○,https://www.youtube.com/channel/UCU9qTtdh4RgrSAH0ylg-R-w
UCtI6g5z8IuNnPgXMzMJhrdA,@阿祖-e9f,0,新規(1ヶ月未満),,,Yaminions,ギフト,ギフトで加入,1,0,0,2026-09-13 18:30,2026-09-13 18:30,○,○,https://www.youtube.com/channel/UCtI6g5z8IuNnPgXMzMJhrdA
UCGPXHg4yUR05fEuz7HeLj4Q,@Nao_x,0,新規(1ヶ月未満),,,Yaminions,ギフト,ギフトで加入,1,0,0,2026-09-13 18:30,2026-09-13 18:30,○,○,https://www.youtube.com/channel/UCGPXHg4yUR05fEuz7HeLj4Q
UCpKz6SXRicyrMOiDSzpf3Rw,@xena110,0,新規(1ヶ月未満),,,Yaminions,ギフト,ギフトで加入,1,0,0,2026-09-13 18:30,2026-09-13 18:30,○,○,https://www.youtube.com/channel/UCpKz6SXRicyrMOiDSzpf3Rw
UCqEBLmgrRSN7BEeTIcz-yAQ,@にょにょにょにょ-l1i,0,新規(1ヶ月未満),,,Yaminions,ギフト,ギフトで加入,1,0,0,2026-09-13 18:30,2026-09-13 18:30,○,○,https://www.youtube.com/channel/UCqEBLmgrRSN7BEeTIcz-yAQ
UCV7yd9gqWmn6s81m-3DNB6w,@luzmaria220,0,新規(1ヶ月未満),,,Yaminions,ギフト,ギフトで加入,1,0,0,2026-09-13 18:30,2026-09-13 18:30,○,○,https://www.youtube.com/channel/UCV7yd9gqWmn6s81m-3DNB6w
UC-61l1W7-Pid_Wis2YrVAKQ,@ladyaki6434,0,新規(1ヶ月未満),,,Yaminions,ギフト,ギフトで加入,1,0,0,2026-09-13 18:30,2026-09-13 18:30,○,○,https://www.youtube.com/channel/UC-61l1W7-Pid_Wis2YrVAKQ
UC035upCtin6uO_kRd1udmmw,@kuma-h4y,0,新規(1ヶ月未満),,,Yaminions,ギフト,ギフトで加入,1,0,0,2026-09-13 18:30,2026-09-13 18:30,○,○,https://www.youtube.com/channel/UC035upCtin6uO_kRd1udmmw
UCXr6wLafWYavQwSGm63XkvQ,@LaksaAyam,0,新規(1ヶ月未満),,,Yaminions,ギフト,ギフトで加入,1,0,0,2026-09-13 18:30,2026-09-13 18:30,○,○,https://www.youtube.com/channel/UCXr6wLafWYavQwSGm63XkvQ
UCGqSMscLAedQlIpI1rrEu5g,@hooonkyy,0,新規(1ヶ月未満),,,Yaminions,ギフト,ギフトで加入,1,0,0,2026-09-13 18:30,2026-09-13 18:30,○,○,https://www.youtube.com/channel/UCGqSMscLAedQlIpI1rrEu5g
UC-r4h3Iyb-xtqiDYZSi8UIw,@つきみ-h5l,0,新規(1ヶ月未満),,,Yaminions,ギフト,ギフトで加入,1,0,0,2026-09-13 18:30,2026-09-13 18:30,○,○,https://www.youtube.com/channel/UC-r4h3Iyb-xtqiDYZSi8UIw
UCI6BDwqHzOCPeGqdycJvqDA,@mimorneii,0,新規(1ヶ月未満),,,Yaminions,ギフト,ギフトで加入,1,0,0,2026-09-13 18:30,2026-09-13 18:30,○,○,https://www.youtube.com/channel/UCI6BDwqHzOCPeGqdycJvqDA
UCPeiVdWbgyw4rtdlVZV0AEA,@sskero5934,0,新規(1ヶ月未満),,,Yaminions,ギフト,ギフトで加入,1,0,0,2026-09-13 18:30,2026-09-13 18:30,○,○,https://www.youtube.com/channel/UCPeiVdWbgyw4rtdlVZV0AEA
UCGSp_2v7XaL9BS-G9POjgPg,@Okuno-hosoimichi,0,新規(1ヶ月未満),,,Yaminions,ギフト,ギフトで加入,1,0,0,2026-09-13 18:30,2026-09-13 18:30,○,○,https://www.youtube.com/channel/UCGSp_2v7XaL9BS-G9POjgPg
UC5z-B8hsx9N-C57PoArszcg,@LuciusFilmex,0,新規(1ヶ月未満),,,Yaminions,ギフト,ギフトで加入,1,0,0,2026-09-13 18:30,2026-09-13 18:30,○,○,https://www.youtube.com/channel/UC5z-B8hsx9N-C57PoArszcg
UCvazZCSRU_sS8RNI8c3wHsg,@TheDodger828,0,新規(1ヶ月未満),,,Yaminions,ギフト,ギフトで加入,1,0,0,2026-09-13 18:30,2026-09-13 18:30,○,○,https://www.youtube.com/channel/UCvazZCSRU_sS8RNI8c3wHsg
UCRgFLWAeMgJTv9m8CUfacEA,@mimidearie,0,新規(1ヶ月未満),,,Yaminions,ギフト,ギフトで加入,1,0,0,2026-09-13 18:30,2026-09-13 18:30,○,○,https://www.youtube.com/channel/UCRgFLWAeMgJTv9m8CUfacEA
UC3_gnMrgli63aGEjllEJi4w,@StaciaTeddy,0,新規(1ヶ月未満),,,Yaminions,ギフト,ギフトで加入,1,0,0,2026-09-13 18:30,2026-09-13 18:30,○,○,https://www.youtube.com/channel/UC3_gnMrgli63aGEjllEJi4w
UC11rj6ohrYGYknB8c2rj-vg,@yyyyy_owo,0,新規(1ヶ月未満),,,Yaminions,ギフト,ギフトで加入,1,0,0,2026-09-13 18:30,2026-09-13 18:30,○,○,https://www.youtube.com/channel/UC11rj6ohrYGYknB8c2rj-vg
UC8CswjuC1-myGV_A9FYM4PQ,@maigochu_usagi,0,新規(1ヶ月未満),,,Yaminions,ギフト,ギフトで加入,1,0,0,2026-09-13 18:30,2026-09-13 18:30,○,○,https://www.youtube.com/channel/UC8CswjuC1-myGV_A9FYM4PQ
UCZU-LAAcpTgH7uqJivqOwEw,@Zaneowo,0,新規(1ヶ月未満),,,Yaminions,ギフト,ギフトで加入,1,0,0,2026-09-13 18:30,2026-09-13 18:30,○,○,https://www.youtube.com/channel/UCZU-LAAcpTgH7uqJivqOwEw
UCJGZlHy-NYMEoOD2pJa8VTA,@Nessie_202,0,新規(1ヶ月未満),,,Yaminions,ギフト,ギフトで加入,1,0,0,2026-09-13 18:30,2026-09-13 18:30,○,○,https://www.youtube.com/channel/UCJGZlHy-NYMEoOD2pJa8VTA
UCZUV4i8lgQq0kFR46gwHiOQ,@Shionvira84,0,新規(1ヶ月未満),,,Yaminions,ギフト,ギフトで加入,1,0,0,2026-09-13 18:30,2026-09-13 18:30,○,○,https://www.youtube.com/channel/UCZUV4i8lgQq0kFR46gwHiOQ
UC2fXca9J7eiC95XPSfpODOw,@lareina6124,0,新規(1ヶ月未満),,,Yaminions,ギフト,ギフトで加入,1,0,0,2026-09-13 18:30,2026-09-13 18:30,○,○,https://www.youtube.com/channel/UC2fXca9J7eiC95XPSfpODOw
UCcgBsfQ362nRAUCZKpHJ1fQ,@haru-luca,0,新規(1ヶ月未満),,,Yaminions,ギフト,ギフトで加入,1,0,0,2026-09-13 18:30,2026-09-13 18:30,○,○,https://www.youtube.com/channel/UCcgBsfQ362nRAUCZKpHJ1fQ
UC63ZjZvoveMQzEscRXkfHMg,@Sakura_cutie_39,0,新規(1ヶ月未満),,,Yaminions,ギフト,ギフトで加入,1,0,0,2026-09-13 18:30,2026-09-13 18:30,○,○,https://www.youtube.com/channel/UC63ZjZvoveMQzEscRXkfHMg
UCDWuzKKApU0DuuY90UomYQg,@Hani_Eisya,0,新規(1ヶ月未満),,,Yaminions,ギフト,ギフトで加入,1,0,0,2026-09-13 18:30,2026-09-13 18:30,○,○,https://www.youtube.com/channel/UCDWuzKKApU0DuuY90UomYQg
UCqxoSsgUpJgjxg9pOPiNbrQ,@kaoru_vt,0,新規(1ヶ月未満),,,Yaminions,ギフト,ギフトで加入,1,0,0,2026-09-13 18:30,2026-09-13 18:30,○,○,https://www.youtube.com/channel/UCqxoSsgUpJgjxg9pOPiNbrQ
UC9H65za6DWsWE2Rc_Aznzyw,@monnu1822,0,新規(1ヶ月未満),,,Yaminions,ギフト,ギフトで加入,1,0,0,2026-09-13 18:30,2026-09-13 18:30,○,○,https://www.youtube.com/channel/UC9H65za6DWsWE2Rc_Aznzyw
UCbl8Ms5xatqizPxa1raJFIg,@LmaoGrey,0,新規(1ヶ月未満),,,Yaminions,ギフト,ギフトで加入,1,0,0,2026-09-13 18:30,2026-09-13 18:30,○,○,https://www.youtube.com/channel/UCbl8Ms5xatqizPxa1raJFIg
UCIcXZtr3OX3YclbT2p5B8kg,@yutafang8064,0,新規(1ヶ月未満),,,Yaminions,ギフト,ギフトで加入,1,0,0,2026-09-13 18:30,2026-09-13 18:30,○,○,https://www.youtube.com/channel/UCIcXZtr3OX3YclbT2p5B8kg
UC79H3AzkPTOpHDYB8dvWEsg,@りむ-u2b,0,新規(1ヶ月未満),,,Yaminions,ギフト,ギフトで加入,1,0,0,2026-09-13 18:30,2026-09-13 18:30,○,○,https://www.youtube.com/channel/UC79H3AzkPTOpHDYB8dvWEsg
UCtImnI4SG6WVttJpQPdFRCg,@virginia5955,0,新規(1ヶ月未満),,,Yaminions,ギフト,ギフトで加入,1,0,0,2026-09-13 18:30,2026-09-13 18:30,○,○,https://www.youtube.com/channel/UCtImnI4SG6WVttJpQPdFRCg
UCKrlQOfEW1knIqmKFeGF3rA,@かだい-s1z,0,新規(1ヶ月未満),,,Yaminions,ギフト,ギフトで加入,1,0,0,2026-09-13 18:30,2026-09-13 18:30,○,○,https://www.youtube.com/channel/UCKrlQOfEW1knIqmKFeGF3rA
UC5YoN195I4Az93k_42ceymQ,@XPlayer00,0,新規(1ヶ月未満),,,Yaminions,ギフト,ギフトで加入,1,0,0,2026-09-13 18:30,2026-09-13 18:30,○,○,https://www.youtube.com/channel/UC5YoN195I4Az93k_42ceymQ
UCCCutunzSHnSYRgdxHL6YGw,@Cintaaa-c7p,0,新規(1ヶ月未満),,,Yaminions,ギフト,ギフトで加入,1,0,0,2026-09-13 18:30,2026-09-13 18:30,○,○,https://www.youtube.com/channel/UCCCutunzSHnSYRgdxHL6YGw
UC2fCy3rl0XZXQGnhe9pwt_Q,@MatDumbFr,0,新規(1ヶ月未満),,,Yaminions,ギフト,ギフトで加入,1,0,0,2026-09-13 18:30,2026-09-13 18:30,○,○,https://www.youtube.com/channel/UC2fCy3rl0XZXQGnhe9pwt_Q
UChV7SthRecppNuO5DiHsCBw,@luckysgi-5karrow378,0,新規(1ヶ月未満),,,Yaminions,ギフト,ギフトで加入,1,0,0,2026-09-13 18:30,2026-09-13 18:30,○,○,https://www.youtube.com/channel/UChV7SthRecppNuO5DiHsCBw
UCz8nCt3B6_amifPPGU-5z-A,@kaori4953,0,新規(1ヶ月未満),,,Yaminions,ギフト,ギフトで加入,1,0,0,2026-09-13 18:30,2026-09-13 18:30,○,○,https://www.youtube.com/channel/UCz8nCt3B6_amifPPGU-5z-A
UCKe4MQXfeCciSPON890OXKA,@suisui.cat945,0,新規(1ヶ月未満),,,Yaminions,ギフト,ギフトで加入,1,0,0,2026-09-13 18:30,2026-09-13 18:30,○,○,https://www.youtube.com/channel/UCKe4MQXfeCciSPON890OXKA
UCoDjzUDtidAoJ497e1gMCVg,@のり弁-l7v,0,新規(1ヶ月未満),,,Yaminions,ギフト,ギフトで加入,1,0,0,2026-09-13 18:30,2026-09-13 18:30,○,○,https://www.youtube.com/channel/UCoDjzUDtidAoJ497e1gMCVg
UCg4LKbXi5lx5KA3FEKSfGaw,@sui-o_oll,0,新規(1ヶ月未満),,,Yaminions,ギフト,ギフトで加入,1,0,0,2026-09-13 18:30,2026-09-13 18:30,○,○,https://www.youtube.com/channel/UCg4LKbXi5lx5KA3FEKSfGaw
UCwW4MgcmN9BMj_c0iZGowqw,@Solaynian,0,新規(1ヶ月未満),,,Yaminions,ギフト,ギフトで加入,1,0,0,2026-09-13 18:30,2026-09-13 18:30,○,○,https://www.youtube.com/channel/UCwW4MgcmN9BMj_c0iZGowqw
UChtmoVFHjhFAKRRHvBJGP8g,@AVERU,0,新規(1ヶ月未満),,,Yaminions,ギフト,ギフトで加入,1,0,0,2026-09-13 18:30,2026-09-13 18:30,○,○,https://www.youtube.com/channel/UChtmoVFHjhFAKRRHvBJGP8g
UCIelbG-4lLJ34x-G2tx3wUA,@corruptpixel-i2k,0,新規(1ヶ月未満),,,Yaminions,ギフト,ギフトで加入,1,0,0,2026-09-13 18:30,2026-09-13 18:30,○,○,https://www.youtube.com/channel/UCIelbG-4lLJ34x-G2tx3wUA
UCDFdSPZvoKkZ0lUHZbAHfDQ,@creative-crisis,0,新規(1ヶ月未満),,,Yaminions,ギフト,ギフトで加入,1,0,0,2026-09-13 18:30,2026-09-13 18:30,○,○,https://www.youtube.com/channel/UCDFdSPZvoKkZ0lUHZbAHfDQ
UCLla2GXBrc_ms0BCxEsM6UQ,@klosaryves,0,新規(1ヶ月未満),,,Yaminions,ギフト,ギフトで加入,1,0,0,2026-09-13 18:30,2026-09-13 18:30,○,○,https://www.youtube.com/channel/UCLla2GXBrc_ms0BCxEsM6UQ
UCvYJdlOD42qMvAIOXmqt50w,@choxgemsstone,0,新規(1ヶ月未満),,,Yaminions,ギフト,ギフトで加入,1,0,0,2026-09-13 18:30,2026-09-13 18:30,○,○,https://www.youtube.com/channel/UCvYJdlOD42qMvAIOXmqt50w
UCJ05mxH3XB0xRGbdGUTNMLQ,@にぎり-w5m,0,新規(1ヶ月未満),,,Yaminions,ギフト,ギフトで加入,1,0,0,2026-09-13 18:30,2026-09-13 18:30,○,○,https://www.youtube.com/channel/UCJ05mxH3XB0xRGbdGUTNMLQ
UCGx2VLpJkRmboMi-aXC9fqA,@Softestpimmi,0,新規(1ヶ月未満),,,Yaminions,ギフト,ギフトで加入,1,0,0,2026-09-13 18:30,2026-09-13 18:30,○,○,https://www.youtube.com/channel/UCGx2VLpJkRmboMi-aXC9fqA
UCQeuQc9nBtj5L7YvlATXwEQ,@miitoo,0,新規(1ヶ月未満),,,Yaminions,ギフト,ギフトで加入,1,0,0,2026-09-13 18:30,2026-09-13 18:30,○,○,https://www.youtube.com/channel/UCQeuQc9nBtj5L7YvlATXwEQ
UCB-NW0xXDEnahurR6zzdnsg,@桜紫苑-z7c,0,新規(1ヶ月未満),,,Yaminions,ギフト,ギフトで加入,1,0,0,2026-09-13 18:30,2026-09-13 18:30,○,○,https://www.youtube.com/channel/UCB-NW0xXDEnahurR6zzdnsg
UC20tb7pOa3seqZ-c_oyWsMQ,@Nasico39,0,新規(1ヶ月未満),,,Yaminions,ギフト,ギフトで加入,1,0,0,2026-09-13 18:30,2026-09-13 18:30,○,○,https://www.youtube.com/channel/UC20tb7pOa3seqZ-c_oyWsMQ
UCPRFlq_eqzf4y3JXavs41Mw,@Prasued_d,0,新規(1ヶ月未満),,,Yaminions,ギフト,ギフトで加入,1,0,0,2026-09-13 18:30,2026-09-13 18:30,○,○,https://www.youtube.com/channel/UCPRFlq_eqzf4y3JXavs41Mw
UCWobAeYJy4ie1P374--IvGA,@aemiyan,0,新規(1ヶ月未満),,,Yaminions,ギフト,ギフトで加入,1,0,0,2026-09-13 18:30,2026-09-13 18:30,○,○,https://www.youtube.com/channel/UCWobAeYJy4ie1P374--IvGA
UCcxuNctraSJgy3_pZgEGwng,@kazukichannnuwu8991,0,新規(1ヶ月未満),,,Yaminions,ギフト,ギフトで加入,1,0,0,2026-09-13 18:30,2026-09-13 18:30,○,○,https://www.youtube.com/channel/UCcxuNctraSJgy3_pZgEGwng
UCWEDQJ0gu_u1MFgSPDBegnA,@NECCO-nya-11,0,新規(1ヶ月未満),,,Yaminions,ギフト,ギフトで加入,1,0,0,2026-09-13 18:30,2026-09-13 18:30,○,○,https://www.youtube.com/channel/UCWEDQJ0gu_u1MFgSPDBegnA
UCPgAyAvgfl7XsrboF3EA2Yg,@zaa2506,0,新規(1ヶ月未満),,,Yaminions,ギフト,ギフトで加入,1,0,0,2026-09-13 18:30,2026-09-13 18:30,○,○,https://www.youtube.com/channel/UCPgAyAvgfl7XsrboF3EA2Yg
UCD0HARP2RkcQu_OjzatWg0w,@kieutrang1655,0,新規(1ヶ月未満),,,Yaminions,ギフト,ギフトで加入,1,0,0,2026-09-13 18:30,2026-09-13 18:30,○,○,https://www.youtube.com/channel/UCD0HARP2RkcQu_OjzatWg0w
UCvKRW2auSJL-sBh737dn7Lw,@xodzk4514,0,新規(1ヶ月未満),,,Yaminions,ギフト,ギフトで加入,1,0,0,2026-09-13 18:30,2026-09-13 18:30,○,○,https://www.youtube.com/channel/UCvKRW2auSJL-sBh737dn7Lw
UCOy_CY10SyZRTd1RWRI9HDg,@おすし-n1u,0,新規(1ヶ月未満),,,Yaminions,ギフト,ギフトで加入,1,0,0,2026-09-13 18:30,2026-09-13 18:30,○,○,https://www.youtube.com/channel/UCOy_CY10SyZRTd1RWRI9HDg
UCgkLa-JkJdPx5UNzeF3vcSA,@chuan24601,0,新規(1ヶ月未満),,,Yaminions,ギフト,ギフトで加入,1,0,0,2026-09-13 18:30,2026-09-13 18:30,○,○,https://www.youtube.com/channel/UCgkLa-JkJdPx5UNzeF3vcSA
UCb6sjHwt1mSZZmC5O6zFhLg,@tuy01ny0,0,新規(1ヶ月未満),,,Yaminions,ギフト,ギフトで加入,1,0,0,2026-09-13 18:30,2026-09-13 18:30,○,○,https://www.youtube.com/channel/UCb6sjHwt1mSZZmC5O6zFhLg
UCLSPW3Ly1AXoq-Z9DDy8dxw,@hitozinha,0,新規(1ヶ月未満),,,Yaminions,ギフト,ギフトで加入,1,0,0,2026-09-13 18:30,2026-09-13 18:30,○,○,https://www.youtube.com/channel/UCLSPW3Ly1AXoq-Z9DDy8dxw
UCRv5dtC63_yAhMFiDjNj1AA,@yau4zi1,0,新規(1ヶ月未満),,,Yaminions,ギフト,ギフトで加入,1,0,0,2026-09-13 18:30,2026-09-13 18:30,○,○,https://www.youtube.com/channel/UCRv5dtC63_yAhMFiDjNj1AA
UCnfnawTYjVn8K4pFFd6mLUQ,@dreaming.booor_luvv,0,新規(1ヶ月未満),,,Yaminions,ギフト,ギフトで加入,1,0,0,2026-09-13 18:30,2026-09-13 18:30,○,○,https://www.youtube.com/channel/UCnfnawTYjVn8K4pFFd6mLUQ
UCLG1MZRU7Otg2OtstR_TLow,@DreamCouch,0,新規(1ヶ月未満),,,Yaminions,ギフト,ギフトで加入,1,0,0,2026-09-13 18:30,2026-09-13 18:30,○,○,https://www.youtube.com/channel/UCLG1MZRU7Otg2OtstR_TLow
UC9a9IPTGrz3aXGOxs9rv85A,@まみ-mami6,0,新規(1ヶ月未満),,,Yaminions,ギフト,ギフトで加入,1,0,0,2026-09-13 18:30,2026-09-13 18:30,○,○,https://www.youtube.com/channel/UC9a9IPTGrz3aXGOxs9rv85A
UC3JPdFWr3C43rNrFXtxMWjw,@Yukira-0v0,0,新規(1ヶ月未満),,,Yaminions,ギフト,ギフトで加入,1,0,0,2026-09-13 18:30,2026-09-13 18:30,○,○,https://www.youtube.com/channel/UC3JPdFWr3C43rNrFXtxMWjw
UCsWZqcDH8MGkYV4Bj80N1UQ,@Ginger_yy,0,新規(1ヶ月未満),,,Yaminions,ギフト,ギフトで加入,1,0,0,2026-09-13 18:30,2026-09-13 18:30,○,○,https://www.youtube.com/channel/UCsWZqcDH8MGkYV4Bj80N1UQ
UCSqMaMNkhD2gQrNtmKWlmVg,@dhiyarehadhatulaisy2590,0,新規(1ヶ月未満),,,Yaminions,ギフト,ギフトで加入,1,0,0,2026-09-13 18:30,2026-09-13 18:30,○,○,https://www.youtube.com/channel/UCSqMaMNkhD2gQrNtmKWlmVg
UCI66WJLmslK31prrNeD4TSA,@NguyenTrang_Nhung,0,新規(1ヶ月未満),,,Yaminions,ギフト,ギフトで加入,1,0,0,2026-09-13 18:30,2026-09-13 18:30,○,○,https://www.youtube.com/channel/UCI66WJLmslK31prrNeD4TSA
UCBqHfkMyDK5Be5zepzzrXCg,@hotaru_Luciole,0,新規(1ヶ月未満),,,Yaminions,ギフト,ギフトで加入,1,0,0,2026-09-13 18:30,2026-09-13 18:30,○,○,https://www.youtube.com/channel/UCBqHfkMyDK5Be5zepzzrXCg
UCYfB9h_AvSvCvlsheOxM8cA,@ScienXGamer,0,新規(1ヶ月未満),,,Yaminions,ギフト,ギフトで加入,1,0,0,2026-09-13 18:30,2026-09-13 18:30,○,○,https://www.youtube.com/channel/UCYfB9h_AvSvCvlsheOxM8cA
UCpKbXLOW2wjGeyu3UvlhMmg,@DemoniacCheshire,0,新規(1ヶ月未満),,,Yaminions,ギフト,ギフトで加入,1,0,0,2026-09-13 18:30,2026-09-13 18:30,○,○,https://www.youtube.com/channel/UCpKbXLOW2wjGeyu3UvlhMmg
UCjWRuEz5jpu-YRwarnp_-Dw,@eigojaksya,0,新規(1ヶ月未満),,,Yaminions,ギフト,ギフトで加入,1,0,0,2026-09-13 18:30,2026-09-13 18:30,○,○,https://www.youtube.com/channel/UCjWRuEz5jpu-YRwarnp_-Dw
UCGM7_pEDI38uJq7oe6JZbWA,@pwurington,0,新規(1ヶ月未満),,,Yaminions,ギフト,ギフトで加入,1,0,0,2026-09-13 18:30,2026-09-13 18:30,○,○,https://www.youtube.com/channel/UCGM7_pEDI38uJq7oe6JZbWA
UC0x51DgCbQr0eIuapGaAGrw,@draconicka,0,新規(1ヶ月未満),,,Yaminions,ギフト,ギフトで加入,1,0,0,2026-09-13 18:30,2026-09-13 18:30,○,○,https://www.youtube.com/channel/UC0x51DgCbQr0eIuapGaAGrw
UCzFGT1PkxxpWwrBVQGDmBDA,@Yuwuki1104,0,新規(1ヶ月未満),,,Yaminions,ギフト,ギフトで加入,1,0,0,2026-09-13 18:30,2026-09-13 18:30,○,○,https://www.youtube.com/channel/UCzFGT1PkxxpWwrBVQGDmBDA
UCaKbG9bSa90qYh_wcZmB3Mw,@attackbuffs,0,新規(1ヶ月未満),,,Yaminions,ギフト,ギフトで加入,1,0,0,2026-09-13 18:30,2026-09-13 18:30,○,○,https://www.youtube.com/channel/UCaKbG9bSa90qYh_wcZmB3Mw
UCuQjDfOVoucHeqJljYci69g,@kaiikoox,0,新規(1ヶ月未満),New member,,不明,,,1,1,0,2026-09-16 19:00,2026-09-16 19:00,,,https://www.youtube.com/channel/UCuQjDfOVoucHeqJljYci69g
UCNm6nznHLEGiMvy2g0YXZJw,@haaana_0626,0,新規(1ヶ月未満),New member,,Yaminions,新規加入,,1,1,0,2026-09-16 19:00,2026-09-16 19:00,○,,https://www.youtube.com/channel/UCNm6nznHLEGiMvy2g0YXZJw
UCaEOIUurpDLakXR5NblVT5w,@skyler0106,0,新規(1ヶ月未満),New member,,Yaminions,ギフト,ギフトで加入,1,1,0,2026-09-16 19:00,2026-09-16 19:00,○,○,https://www.youtube.com/channel/UCaEOIUurpDLakXR5NblVT5w
UCJ6T08CK9LO1mZedfMjdx2A,@sgbsr-fe,0,新規(1ヶ月未満),New member,,Yaminions,新規加入,,1,12,0,2026-09-16 19:00,2026-09-16 19:00,○,,https://www.youtube.com/channel/UCJ6T08CK9LO1mZedfMjdx2A
UCg13Nr5Yh7QTyh9fLWPOOdQ,@123momomi,0,新規(1ヶ月未満),,,Yaminions,ギフト,ギフトで加入,1,0,0,2026-09-16 19:00,2026-09-16 19:00,○,○,https://www.youtube.com/channel/UCg13Nr5Yh7QTyh9fLWPOOdQ
UCJ58n3wPmtC4TUCL-1D9eYA,@blessing_of_donuts8109,0,新規(1ヶ月未満),,,Yaminions,ギフト,ギフトで加入,1,0,0,2026-09-16 19:00,2026-09-16 19:00,○,○,https://www.youtube.com/channel/UCJ58n3wPmtC4TUCL-1D9eYA
UCQt4vs1mVp6QOFI8REmhwJQ,@syarikat567,0,新規(1ヶ月未満),,,Yaminions,ギフト,ギフトで加入,1,0,0,2026-09-16 19:00,2026-09-16 19:00,○,○,https://www.youtube.com/channel/UCQt4vs1mVp6QOFI8REmhwJQ
UCa-2jv0Yw24oprrXayr5yiw,@にょん08,0,新規(1ヶ月未満),,,Yaminions,ギフト,ギフトで加入,1,0,0,2026-09-16 19:00,2026-09-16 19:00,○,○,https://www.youtube.com/channel/UCa-2jv0Yw24oprrXayr5yiw
UCojLGjQViLdqE7R_VLbdYWw,@a_ma150,0,新規(1ヶ月未満),,,Yaminions,ギフト,ギフトで加入,1,0,0,2026-09-16 19:00,2026-09-16 19:00,○,○,https://www.youtube.com/channel/UCojLGjQViLdqE7R_VLbdYWw
UCkgv1KONIbSIgrblNXB8AMQ,@eru_pnr,0,新規(1ヶ月未満),,,Yaminions,ギフト,ギフトで加入,1,0,0,2026-09-16 19:00,2026-09-16 19:00,○,○,https://www.youtube.com/channel/UCkgv1KONIbSIgrblNXB8AMQ
UCtBnDitxvTC0Xi48Xc2uiwQ,@mooumami3850,0,新規(1ヶ月未満),,,Yaminions,ギフト,ギフトで加入,1,0,0,2026-09-16 19:00,2026-09-16 19:00,○,○,https://www.youtube.com/channel/UCtBnDitxvTC0Xi48Xc2uiwQ
UCvRDsdQdBDo3nymoOvWjMxA,@eccentrisse,0,新規(1ヶ月未満),,,Yaminions,ギフト,ギフトで加入,1,0,0,2026-09-16 19:00,2026-09-16 19:00,○,○,https://www.youtube.com/channel/UCvRDsdQdBDo3nymoOvWjMxA
UC1HVOiqgrAqrSAyC1e0_6ig,@Widzzyy,0,新規(1ヶ月未満),,,Yaminions,ギフト,ギフトで加入,1,0,0,2026-09-16 19:00,2026-09-16 19:00,○,○,https://www.youtube.com/channel/UC1HVOiqgrAqrSAyC1e0_6ig
UCQ-HI3CnUn5m9Zzsjlogyrg,@mayumidamas631,0,新規(1ヶ月未満),,,Yaminions,ギフト,ギフトで加入,1,0,0,2026-09-16 19:00,2026-09-16 19:00,○,○,https://www.youtube.com/channel/UCQ-HI3CnUn5m9Zzsjlogyrg
UCUcKXGUWMnZr740tN0JJ-Gg,@富江我婆,0,新規(1ヶ月未満),,,Yaminions,ギフト,ギフトで加入,1,0,0,2026-09-16 19:00,2026-09-16 19:00,○,○,https://www.youtube.com/channel/UCUcKXGUWMnZr740tN0JJ-Gg
UC-2rv8sqVBR8X-dh4_HH3Jg,@JuNY4648,0,新規(1ヶ月未満),,,Yaminions,ギフト,ギフトで加入,1,0,0,2026-09-16 19:00,2026-09-16 19:00,○,○,https://www.youtube.com/channel/UC-2rv8sqVBR8X-dh4_HH3Jg
UCmf3H-Wh0eQLF25qD3bnM7Q,@九重-g4j,0,新規(1ヶ月未満),,,Yaminions,ギフト,ギフトで加入,1,0,0,2026-09-16 19:00,2026-09-16 19:00,○,○,https://www.youtube.com/channel/UCmf3H-Wh0eQLF25qD3bnM7Q
UCjyHyqB-ewrmb8X1nTMjY0A,@蓬-pou-極,0,新規(1ヶ月未満),,,Yaminions,ギフト,ギフトで加入,1,0,0,2026-09-16 19:00,2026-09-16 19:00,○,○,https://www.youtube.com/channel/UCjyHyqB-ewrmb8X1nTMjY0A
UC5OZa8JGv5TpKODzI7v6pwQ,@joeyooi4111,0,新規(1ヶ月未満),,,Yaminions,ギフト,ギフトで加入,1,0,0,2026-09-18 10:01,2026-09-18 10:01,○,○,https://www.youtube.com/channel/UC5OZa8JGv5TpKODzI7v6pwQ
UC03d157Twb3G6iJGelR7wDQ,@hiwwaway,0,新規(1ヶ月未満),,,Yaminions,ギフト,ギフトで加入,1,0,0,2026-09-18 10:01,2026-09-18 10:01,○,○,https://www.youtube.com/channel/UC03d157Twb3G6iJGelR7wDQ
UCg5CNG-6CB8N7H5IufKyc0w,@イエロー-w4x,0,新規(1ヶ月未満),,,Yaminions,ギフト,ギフトで加入,1,0,0,2026-09-18 10:01,2026-09-18 10:01,○,○,https://www.youtube.com/channel/UCg5CNG-6CB8N7H5IufKyc0w
UCx7wCSi29-Gisd3O_B5DGAQ,@fortynaya,0,新規(1ヶ月未満),,,Yaminions,ギフト,ギフトで加入,1,0,0,2026-09-18 10:01,2026-09-18 10:01,○,○,https://www.youtube.com/channel/UCx7wCSi29-Gisd3O_B5DGAQ
UCX8mdXmA_aXoFO0RxKjF9gg,@yejinseo4079,0,新規(1ヶ月未満),,,Yaminions,ギフト,ギフトで加入,1,0,0,2026-09-18 10:01,2026-09-18 10:01,○,○,https://www.youtube.com/channel/UCX8mdXmA_aXoFO0RxKjF9gg
UCIFdNBsWuyJZWVf8bfJfBYQ,@aqlifp,0,新規(1ヶ月未満),,,Yaminions,ギフト,ギフトで加入,1,0,0,2026-09-18 10:01,2026-09-18 10:01,○,○,https://www.youtube.com/channel/UCIFdNBsWuyJZWVf8bfJfBYQ
UCwpLt-wzMGviF-ANqowiB9g,@Haru_310F,0,新規(1ヶ月未満),,,Yaminions,ギフト,ギフトで加入,1,0,0,2026-09-18 10:01,2026-09-18 10:01,○,○,https://www.youtube.com/channel/UCwpLt-wzMGviF-ANqowiB9g
UCQVpEUHNqqkx0ZjZq6V5jIg,@るう-h8u,0,新規(1ヶ月未満),,,Yaminions,ギフト,ギフトで加入,1,0,0,2026-09-18 10:01,2026-09-18 10:01,○,○,https://www.youtube.com/channel/UCQVpEUHNqqkx0ZjZq6V5jIg
UCg4pQ1_uouKfendMU9J3Imw,@mlpr2238,0,新規(1ヶ月未満),,,Yaminions,ギフト,ギフトで加入,1,0,0,2026-09-18 10:01,2026-09-18 10:01,○,○,https://www.youtube.com/channel/UCg4pQ1_uouKfendMU9J3Imw
UCzK1EA89dilDlQGmvfS69RA,@paulerick20,0,新規(1ヶ月未満),,,Yaminions,ギフト,ギフトで加入,1,0,0,2026-09-18 10:01,2026-09-18 10:01,○,○,https://www.youtube.com/channel/UCzK1EA89dilDlQGmvfS69RA
UCRMl_fvfGETYEG2ZRaCaNDQ,@ルナ-e1y,0,新規(1ヶ月未満),,,Yaminions,ギフト,ギフトで加入,1,0,0,2026-09-18 10:01,2026-09-18 10:01,○,○,https://www.youtube.com/channel/UCRMl_fvfGETYEG2ZRaCaNDQ
UCs4dStKgZ-RMEQ13vZOk2_g,@ねころんぶす,0,新規(1ヶ月未満),,,Yaminions,ギフト,ギフトで加入,1,0,0,2026-09-18 10:01,2026-09-18 10:01,○,○,https://www.youtube.com/channel/UCs4dStKgZ-RMEQ13vZOk2_g
UCiNS9q2GqIjx8nNmUyYHAqg,@Vappa101,0,新規(1ヶ月未満),,,Yaminions,ギフト,ギフトで加入,1,0,0,2026-09-18 10:01,2026-09-18 10:01,○,○,https://www.youtube.com/channel/UCiNS9q2GqIjx8nNmUyYHAqg
UCQLyeRRVL4ZgNxM4nKluCqg,@ronimaca,0,新規(1ヶ月未満),,,Yaminions,ギフト,ギフトで加入,1,0,0,2026-09-18 10:01,2026-09-18 10:01,○,○,https://www.youtube.com/channel/UCQLyeRRVL4ZgNxM4nKluCqg
UCsEIGTBwrx7byRqQFBaN3MA,@loboster_ouob,0,新規(1ヶ月未満),,,Yaminions,ギフト,ギフトで加入,1,0,0,2026-09-18 10:01,2026-09-18 10:01,○,○,https://www.youtube.com/channel/UCsEIGTBwrx7byRqQFBaN3MA
UCYWSabgujTazXqRef8YYo4w,@Natphiliaa,0,新規(1ヶ月未満),,,Yaminions,ギフト,ギフトで加入,1,0,0,2026-09-18 10:01,2026-09-18 10:01,○,○,https://www.youtube.com/channel/UCYWSabgujTazXqRef8YYo4w
UCBRUT4RSwMtdJL2CWe63kTQ,@joslynventus,0,新規(1ヶ月未満),,,Yaminions,ギフト,ギフトで加入,1,0,0,2026-09-18 10:01,2026-09-18 10:01,○,○,https://www.youtube.com/channel/UCBRUT4RSwMtdJL2CWe63kTQ
UCMuRS5oYVKUq5dLcgFFRG5w,@彩-o4y,0,新規(1ヶ月未満),,,Yaminions,ギフト,ギフトで加入,1,0,0,2026-09-18 10:01,2026-09-18 10:01,○,○,https://www.youtube.com/channel/UCMuRS5oYVKUq5dLcgFFRG5w
UCUOFr4HZWGHTRMyaKDn7UAQ,@fdz3128,0,新規(1ヶ月未満),,,Yaminions,ギフト,ギフトで加入,1,0,0,2026-09-18 10:01,2026-09-18 10:01,○,○,https://www.youtube.com/channel/UCUOFr4HZWGHTRMyaKDn7UAQ
UC3cAjaq-Q4tUG_OVBKTjAKw,@おとねちゃそ,0,新規(1ヶ月未満),,,Yaminions,ギフト,ギフトで加入,1,0,0,2026-09-18 10:01,2026-09-18 10:01,○,○,https://www.youtube.com/channel/UC3cAjaq-Q4tUG_OVBKTjAKw
UCe2Ps9kt-6lsZiRw69P50jQ,@Orbiter.0,0,新規(1ヶ月未満),New member,,Yaminions,ギフト,ギフトで加入,1,6,0,2026-09-24 10:01,2026-09-24 10:01,○,○,https://www.youtube.com/channel/UCe2Ps9kt-6lsZiRw69P50jQ
UCPaA_aRfUN3_YWxn5-M0e6A,@gee_liyan,0,新規(1ヶ月未満),New member,,Yaminions,ギフト,ギフトで加入,1,10,0,2026-09-24 10:01,2026-09-24 10:01,○,○,https://www.youtube.com/channel/UCPaA_aRfUN3_YWxn5-M0e6A
UCKKb-7VxuQgOykTj1Z0G5nw,@yoo-Toraaah,0,新規(1ヶ月未満),New member,,Yaminions,ギフト,ギフトで加入,1,16,0,2026-09-24 10:01,2026-09-24 10:01,○,○,https://www.youtube.com/channel/UCKKb-7VxuQgOykTj1Z0G5nw
UCR1gaA_JKeGXyaa5KOEcEiw,@SusuGoreng,0,新規(1ヶ月未満),New member,,Yaminions,ギフト,ギフトで加入,1,2,0,2026-09-24 10:01,2026-09-24 10:01,○,○,https://www.youtube.com/channel/UCR1gaA_JKeGXyaa5KOEcEiw
UC_gR55TB41MvSXvn3rqpr-Q,@mikinekob1832,0,新規(1ヶ月未満),,,Yaminions,ギフト,ギフトで加入,1,0,0,2026-09-24 10:01,2026-09-24 10:01,○,○,https://www.youtube.com/channel/UC_gR55TB41MvSXvn3rqpr-Q
UC_HV1CYHi5E8Kb6qv_rerpw,@burgos6985,0,新規(1ヶ月未満),,,Yaminions,ギフト,ギフトで加入,1,0,0,2026-09-24 10:01,2026-09-24 10:01,○,○,https://www.youtube.com/channel/UC_HV1CYHi5E8Kb6qv_rerpw
UCmYbJjOo9BE4xZSg0uOt7EQ,@daphiijcc,0,新規(1ヶ月未満),,,Yaminions,ギフト,ギフトで加入,1,0,0,2026-09-24 10:01,2026-09-24 10:01,○,○,https://www.youtube.com/channel/UCmYbJjOo9BE4xZSg0uOt7EQ
UC4yuzoIIrk3tguFQSFooKJg,@佐天1009,0,新規(1ヶ月未満),,,Yaminions,ギフト,ギフトで加入,1,0,0,2026-09-24 10:01,2026-09-24 10:01,○,○,https://www.youtube.com/channel/UC4yuzoIIrk3tguFQSFooKJg
UCqq1Gfp22RLGzrA9HjtxdvQ,@fabiolaline,0,新規(1ヶ月未満),,,Yaminions,ギフト,ギフトで加入,1,0,0,2026-09-24 10:01,2026-09-24 10:01,○,○,https://www.youtube.com/channel/UCqq1Gfp22RLGzrA9HjtxdvQ
UCSZJDuDVQxAB50f7lWDBnmw,@Liv_Zébre,0,新規(1ヶ月未満),,,Yaminions,ギフト,ギフトで加入,1,0,0,2026-09-24 10:01,2026-09-24 10:01,○,○,https://www.youtube.com/channel/UCSZJDuDVQxAB50f7lWDBnmw
UCU395kyv55-psRjFn9pmfyA,@geumyume,0,新規(1ヶ月未満),,,Yaminions,ギフト,ギフトで加入,1,0,0,2026-09-24 10:01,2026-09-24 10:01,○,○,https://www.youtube.com/channel/UCU395kyv55-psRjFn9pmfyA
UCknUPRogu5QGckUq_xJIB-w,@浮世-t2w,0,新規(1ヶ月未満),,,Yaminions,ギフト,ギフトで加入,1,0,0,2026-09-24 10:01,2026-09-24 10:01,○,○,https://www.youtube.com/channel/UCknUPRogu5QGckUq_xJIB-w
UC-WxBq-jtZWuCcPrgyGF84A,@Kokonewt,0,新規(1ヶ月未満),,,Yaminions,ギフト,ギフトで加入,1,0,0,2026-09-24 10:01,2026-09-24 10:01,○,○,https://www.youtube.com/channel/UC-WxBq-jtZWuCcPrgyGF84A
UCWEqjfb7IxDzsG938FcJ0mA,@aimeemthea,0,新規(1ヶ月未満),,,Yaminions,ギフト,ギフトで加入,1,0,0,2026-09-24 10:01,2026-09-24 10:01,○,○,https://www.youtube.com/channel/UCWEqjfb7IxDzsG938FcJ0mA
UCcIE_H14hlmNlecWbfbeADw,@sky_seaotter,0,新規(1ヶ月未満),,,Yaminions,ギフト,ギフトで加入,1,0,0,2026-09-24 10:01,2026-09-24 10:01,○,○,https://www.youtube.com/channel/UCcIE_H14hlmNlecWbfbeADw
UCYGdFQzw2-DPd8qNCpgG-dA,@hi-gs2ol,0,新規(1ヶ月未満),,,Yaminions,ギフト,ギフトで加入,1,0,0,2026-09-24 10:01,2026-09-24 10:01,○,○,https://www.youtube.com/channel/UCYGdFQzw2-DPd8qNCpgG-dA
UCUggk_xRcCfFrHc3F8ckMMw,@umiadachi9988,0,新規(1ヶ月未満),,,Yaminions,ギフト,ギフトで加入,1,0,0,2026-09-24 10:01,2026-09-24 10:01,○,○,https://www.youtube.com/channel/UCUggk_xRcCfFrHc3F8ckMMw
UCTw1PR7wDxqpi6SeMqWPtCA,@米米0318ovo,0,新規(1ヶ月未満),New member,,Yaminions,新規加入,,1,0,0,2026-09-30 00:08,2026-09-30 00:08,○,,https://www.youtube.com/channel/UCTw1PR7wDxqpi6SeMqWPtCA
UCARWt9J4UuB1Nlsiiw_Y7WA,@Mia-ty6kn,0,新規(1ヶ月未満),,,Yaminions,ギフト,ギフトで加入,1,0,0,2026-09-30 00:08,2026-09-30 00:08,○,○,https://www.youtube.com/channel/UCARWt9J4UuB1Nlsiiw_Y7WA
UCKsr5jESESQIQbHacaUlu1A,@grwytea,0,新規(1ヶ月未満),,,Yaminions,ギフト,ギフトで加入,1,0,0,2026-09-30 00:08,2026-09-30 00:08,○,○,https://www.youtube.com/channel/UCKsr5jESESQIQbHacaUlu1A
UCf3VPL11m619amW1cb0JcPg,@Aezraya,0,新規(1ヶ月未満),,,Yaminions,ギフト,ギフトで加入,1,0,0,2026-09-30 00:08,2026-09-30 00:08,○,○,https://www.youtube.com/channel/UCf3VPL11m619amW1cb0JcPg
UCqkaBuDqwZKXi6sJXdOXgSg,@ねこもふ-q2k,0,新規(1ヶ月未満),,,Yaminions,ギフト,ギフトで加入,1,0,0,2026-09-30 00:08,2026-09-30 00:08,○,○,https://www.youtube.com/channel/UCqkaBuDqwZKXi6sJXdOXgSg
UC9RdMrM2iFC-X9RMQt0wRfA,@blubububch,0,新規(1ヶ月未満),,,Yaminions,ギフト,ギフトで加入,1,0,0,2026-09-30 00:08,2026-09-30 00:08,○,○,https://www.youtube.com/channel/UC9RdMrM2iFC-X9RMQt0wRfA
UCw42BIFwPU7w3HxJd261OYQ,@Shashame00,0,新規(1ヶ月未満),,,Yaminions,ギフト,ギフトで加入,1,0,0,2026-09-30 00:08,2026-09-30 00:08,○,○,https://www.youtube.com/channel/UCw42BIFwPU7w3HxJd261OYQ
UCg6467kZ69NxmapCGhSXqlA,@bababoowee641,0,新規(1ヶ月未満),,,Yaminions,ギフト,ギフトで加入,1,0,0,2026-09-30 00:08,2026-09-30 00:08,○,○,https://www.youtube.com/channel/UCg6467kZ69NxmapCGhSXqlA
UCkY5rSSUALthx11TngA3Vew,@Bush_Ryouma,0,新規(1ヶ月未満),,,Yaminions,ギフト,ギフトで加入,1,0,0,2026-09-30 00:08,2026-09-30 00:08,○,○,https://www.youtube.com/channel/UCkY5rSSUALthx11TngA3Vew
UCPvfc_Ko9d8-_fDXsQVyyWQ,@チーズナン-v5v,0,新規(1ヶ月未満),,,Yaminions,ギフト,ギフトで加入,1,0,0,2026-09-30 00:08,2026-09-30 00:08,○,○,https://www.youtube.com/channel/UCPvfc_Ko9d8-_fDXsQVyyWQ
UC2ViLBVoUwAUY4JUY4XJI3A,@pippyochan,0,新規(1ヶ月未満),,,Yaminions,ギフト,ギフトで加入,1,0,0,2026-09-30 00:08,2026-09-30 00:08,○,○,https://www.youtube.com/channel/UC2ViLBVoUwAUY4JUY4XJI3A
