channel_id,name,badge_months,badge,badge_tooltip,milestone_months,tier,tier_source,revenue_note,streams_seen,messages,superchats,first_seen,last_seen,joined_in_period,gift_received,url
UCiAtntNLVjbB93bE_7eyYLA,@ディエスX,72,6年,Member (6 years),,不明,,,23,4325,0,2026-09-12 14:02,2026-10-10 22:03,,,https://www.youtube.com/channel/UCiAtntNLVjbB93bE_7eyYLA
UCaUncSIXXqbGW1S2R5HqBPQ,@tabibito871,72,6年,Member (6 years),,不明,,,23,5488,12,2026-09-12 14:02,2026-10-10 22:03,,,https://www.youtube.com/channel/UCaUncSIXXqbGW1S2R5HqBPQ
UCCCLcddp2iHcwNsJMJiedLg,@Kすたいる2s4t3a4r,72,6年,Member (6 years),,不明,,,22,1580,0,2026-09-12 14:02,2026-10-10 22:03,,,https://www.youtube.com/channel/UCCCLcddp2iHcwNsJMJiedLg
UCgBIeD5Ovs5iE96gN5mpAtw,@くろくま-y9k,72,6年,Member (6 years),77,星くずたち,マイルストーン,,22,1276,11,2026-09-12 14:02,2026-10-10 22:03,,,https://www.youtube.com/channel/UCgBIeD5Ovs5iE96gN5mpAtw
UChWAtJaIbz7JKeZ95K2SdYQ,@諭吉くん-i8c,72,6年,Member (6 years),,不明,,,19,553,0,2026-09-12 14:02,2026-10-10 22:03,,,https://www.youtube.com/channel/UChWAtJaIbz7JKeZ95K2SdYQ
UCkzHm9-ZjYmQKi5DKkcl66g,@アトラ-r8p,72,6年,Member (6 years),,不明,,,16,439,0,2026-09-12 14:02,2026-10-06 21:00,,,https://www.youtube.com/channel/UCkzHm9-ZjYmQKi5DKkcl66g
UCYBRBBM-kUTqMA-70InpCfA,@メリー_パパ_mary_d_sleep,72,6年,Member (6 years),,不明,,,15,3383,1,2026-09-12 14:02,2026-10-10 22:03,,,https://www.youtube.com/channel/UCYBRBBM-kUTqMA-70InpCfA
UChPBtTcb--fgqLPZQ1kfMYw,@傭兵アナトリア,72,6年,Member (6 years),,不明,,,14,834,0,2026-09-12 14:02,2026-10-10 12:03,,,https://www.youtube.com/channel/UChPBtTcb--fgqLPZQ1kfMYw
UCfzqFZWXDq20wdvX7bnxfzw,@NaNo-hx8nr,72,6年,Member (6 years),,不明,,,14,98,0,2026-09-12 14:02,2026-10-10 22:03,,,https://www.youtube.com/channel/UCfzqFZWXDq20wdvX7bnxfzw
UCODlWulk08nN1hmk3Oz8EMA,@ウルスラ-y7h,72,6年,Member (6 years),,不明,,,13,648,0,2026-09-12 14:02,2026-10-10 12:03,,,https://www.youtube.com/channel/UCODlWulk08nN1hmk3Oz8EMA
UC1yA23HsA0uJPfqlKDVqwEg,@ぶるー凛fam,72,6年,Member (6 years),,不明,,,12,952,0,2026-09-12 14:02,2026-10-10 12:03,,,https://www.youtube.com/channel/UC1yA23HsA0uJPfqlKDVqwEg
UCpOaGUW4lnrs63h22qvTABQ,@ネーベル-s2g,72,6年,Member (6 years),,不明,,,11,48,0,2026-09-12 22:01,2026-10-10 22:03,,,https://www.youtube.com/channel/UCpOaGUW4lnrs63h22qvTABQ
UC34yJdZydP6FSncgukUrqVw,@meisoi,72,6年,Member (6 years),,不明,,,11,458,0,2026-09-12 22:01,2026-10-10 22:03,,,https://www.youtube.com/channel/UC34yJdZydP6FSncgukUrqVw
UC2-TAURyey8_BPW0NIVYhIw,@トウカp3v,72,6年,Member (6 years),,不明,,,10,35,0,2026-09-12 22:01,2026-10-03 22:01,,,https://www.youtube.com/channel/UC2-TAURyey8_BPW0NIVYhIw
UCINq87Z-_dglE_97m4XrEYQ,@クゼカゼ,72,6年,Member (6 years),,不明,,,9,72,0,2026-09-12 14:02,2026-10-05 19:02,,,https://www.youtube.com/channel/UCINq87Z-_dglE_97m4XrEYQ
UC71HgRavhOcMqH2wu75e3wg,@ふぃーるん,72,6年,Member (6 years),,不明,,,9,20,0,2026-09-16 14:33,2026-10-03 22:01,,,https://www.youtube.com/channel/UC71HgRavhOcMqH2wu75e3wg
UC2UPEjaKCJFRo6GL8q0wrrw,@KION_GEAR,72,6年,Member (6 years),,不明,,,9,15,0,2026-09-17 22:46,2026-10-10 22:03,,,https://www.youtube.com/channel/UC2UPEjaKCJFRo6GL8q0wrrw
UCpk8_nFD3ekhaAsfObc5RCg,@はるにゃんこs,72,6年,Member (6 years),,不明,,,8,88,0,2026-09-12 14:02,2026-10-05 19:02,,,https://www.youtube.com/channel/UCpk8_nFD3ekhaAsfObc5RCg
UCx5tyAgOGyq4KxuVkte01Pw,@FubukiReirunnnn,72,6年,Member (6 years),,不明,,,8,38,0,2026-09-12 22:01,2026-10-10 22:03,,,https://www.youtube.com/channel/UCx5tyAgOGyq4KxuVkte01Pw
UCFstD45hwm7NFCvIGd4fstw,@アマヤ_amaya,72,6年,Member (6 years),,不明,,,7,32,0,2026-09-12 14:02,2026-10-03 12:00,,,https://www.youtube.com/channel/UCFstD45hwm7NFCvIGd4fstw
UCeVquR0YYMx5NnLNySIogkg,@kumatokurogum7541,72,6年,Member (6 years),,不明,,,7,24,0,2026-09-14 19:02,2026-10-06 21:00,,,https://www.youtube.com/channel/UCeVquR0YYMx5NnLNySIogkg
UC_LsdTtLUKepiCfc2G-RP1Q,@Tukaima3,72,6年,Member (6 years),,不明,,,7,27,0,2026-09-14 19:02,2026-10-06 21:00,,,https://www.youtube.com/channel/UC_LsdTtLUKepiCfc2G-RP1Q
UC0YlRkg4i6tdAMwFH6x9EtA,@umi_k77,72,6年,Member (6 years),,不明,,,7,24,0,2026-09-19 12:02,2026-10-03 12:00,,,https://www.youtube.com/channel/UC0YlRkg4i6tdAMwFH6x9EtA
UCr709AJawuRV2a3gajfKKAw,@magurozushiss1117,72,6年,Member (6 years),,不明,,,7,22,0,2026-09-19 12:02,2026-10-10 12:03,,,https://www.youtube.com/channel/UCr709AJawuRV2a3gajfKKAw
UCr0UEpdljMk9n1zsKCMkZ8Q,@バッチV,72,6年,Member (6 years),,不明,,,6,63,0,2026-09-12 14:02,2026-09-23 15:01,,,https://www.youtube.com/channel/UCr0UEpdljMk9n1zsKCMkZ8Q
UCR7LWwkIGDGlDe29zXhF7vA,@えすら-s4d,72,6年,Member (6 years),,不明,,,6,37,0,2026-09-12 22:01,2026-10-10 22:03,,,https://www.youtube.com/channel/UCR7LWwkIGDGlDe29zXhF7vA
UCGqsseQgFJHG7N1zphBohyQ,@隣の内村君,72,6年,Member (6 years),74,星くずたち,マイルストーン,,6,241,3,2026-09-16 14:33,2026-10-06 21:00,,,https://www.youtube.com/channel/UCGqsseQgFJHG7N1zphBohyQ
UCmKcuiLbDMVjgFXnvUG1JCw,@ぜぶる,72,6年,Member (6 years),,不明,,,6,94,0,2026-09-20 19:33,2026-10-05 19:02,,,https://www.youtube.com/channel/UCmKcuiLbDMVjgFXnvUG1JCw
UCQJQQCNjwGFP_R-TyghLf_g,@りせき,72,6年,Member (6 years),,不明,,,5,11,0,2026-09-12 14:02,2026-09-29 18:58,,,https://www.youtube.com/channel/UCQJQQCNjwGFP_R-TyghLf_g
UCr3ebmdF7O4z-Ydkai-n5fw,@よる-j7y,72,6年,Member (6 years),,不明,,,5,18,0,2026-09-12 14:02,2026-09-29 18:58,,,https://www.youtube.com/channel/UCr3ebmdF7O4z-Ydkai-n5fw
UCEFf7cW4Ek83rw9NUaSQCQw,@みたらしのササクレ,72,6年,Member (6 years),,不明,,,5,60,0,2026-09-12 14:02,2026-09-22 14:00,,,https://www.youtube.com/channel/UCEFf7cW4Ek83rw9NUaSQCQw
UCB35m19t-NZK7gkYGduwwwg,@Nersak,72,6年,Member (6 years),,不明,,,5,18,0,2026-09-12 14:02,2026-09-29 18:58,,,https://www.youtube.com/channel/UCB35m19t-NZK7gkYGduwwwg
UCh-dmTidVslHcN17KLBR2ZQ,@とうふ-A1k,72,6年,Member (6 years),,不明,,,5,6,0,2026-09-16 21:02,2026-10-03 22:01,,,https://www.youtube.com/channel/UCh-dmTidVslHcN17KLBR2ZQ
UCqd2Is5QTySIpCXPlKfKWAw,@oki_rm,72,6年,Member (6 years),,不明,,,5,13,0,2026-09-19 22:02,2026-10-05 19:02,,,https://www.youtube.com/channel/UCqd2Is5QTySIpCXPlKfKWAw
UCJyiHnx8z2-2ooAOaua3Mcw,@ぜふらん,72,6年,Member (6 years),,不明,,,4,19,0,2026-09-12 14:02,2026-10-06 21:00,,,https://www.youtube.com/channel/UCJyiHnx8z2-2ooAOaua3Mcw
UCbPxPeJfQqrsbe1AdNi777Q,@soranon00,72,6年,Member (6 years),,不明,,,4,17,0,2026-09-16 14:33,2026-09-26 12:02,,,https://www.youtube.com/channel/UCbPxPeJfQqrsbe1AdNi777Q
UCv3AXmAhSORicgilTuR9DZQ,@calamus_09,72,6年,Member (6 years),,不明,,,4,34,0,2026-09-18 21:01,2026-10-03 12:00,,,https://www.youtube.com/channel/UCv3AXmAhSORicgilTuR9DZQ
UC5ZEGVlmLtYbkhHFeMWcTvA,@のぶ-nobu,72,6年,Member (6 years),,不明,,,3,15,0,2026-09-19 12:02,2026-09-23 15:01,,,https://www.youtube.com/channel/UC5ZEGVlmLtYbkhHFeMWcTvA
UCnxn9OOk3XsmhMHNrQ62cJg,@べーわた-y3z,72,6年,Member (6 years),,不明,,,3,13,0,2026-09-20 12:16,2026-09-29 18:58,,,https://www.youtube.com/channel/UCnxn9OOk3XsmhMHNrQ62cJg
UCNDNu3E3QwNt0iSixMlvAXQ,@keima919,72,6年,Member (6 years),,不明,,,2,2,0,2026-09-12 14:02,2026-09-22 14:00,,,https://www.youtube.com/channel/UCNDNu3E3QwNt0iSixMlvAXQ
UCBsljYQC92FocNMhkz-hyOQ,@ういうい-r2l,72,6年,Member (6 years),,不明,,,2,3,0,2026-09-12 22:01,2026-09-19 22:02,,,https://www.youtube.com/channel/UCBsljYQC92FocNMhkz-hyOQ
UCYxLOOxwB6_SiBMiw0P2YHQ,@かしすそーだ-p3g,72,6年,Member (6 years),,不明,,,2,12,0,2026-09-14 19:02,2026-10-05 19:02,,,https://www.youtube.com/channel/UCYxLOOxwB6_SiBMiw0P2YHQ
UC9j1brqlUoWF3rqHfPVF3iA,@2434_cyocyawa,72,6年,Member (6 years),,不明,,,2,15,0,2026-09-16 14:33,2026-09-22 14:00,,,https://www.youtube.com/channel/UC9j1brqlUoWF3rqHfPVF3iA
UCvvPpmvlKODx8YaEvp2QL3g,@ーのりたまー,72,6年,Member (6 years),,不明,,,2,47,0,2026-09-17 22:46,2026-09-22 14:00,,,https://www.youtube.com/channel/UCvvPpmvlKODx8YaEvp2QL3g
UChx816M7jFoglHKHsiPA0Zg,@akategani8258,72,6年,Member (6 years),,不明,,,2,2,0,2026-09-17 22:46,2026-09-22 14:00,,,https://www.youtube.com/channel/UChx816M7jFoglHKHsiPA0Zg
UCTQiBnkQftuIZyFztMYsXMw,@とぅずぃなう,72,6年,Member (6 years),,不明,,,2,2,0,2026-09-18 21:01,2026-09-19 12:02,,,https://www.youtube.com/channel/UCTQiBnkQftuIZyFztMYsXMw
UCDyLAfl7pCbhNwmzQb-CCRw,@ぎんすけ-g6l,72,6年,Member (6 years),,不明,,,2,17,0,2026-09-22 14:00,2026-10-05 19:02,,,https://www.youtube.com/channel/UCDyLAfl7pCbhNwmzQb-CCRw
UCc-XwG443xRLzuYy91rXYQw,@Ayachannel_,72,6年,Member (6 years),80,星くずたち,マイルストーン,,2,8,0,2026-09-22 14:00,2026-10-05 19:02,,,https://www.youtube.com/channel/UCc-XwG443xRLzuYy91rXYQw
UC9ct5ilJo3nT7vyYCPHbkFg,@GBA_you_jo,72,6年,Member (6 years),,不明,,,2,4,0,2026-09-22 14:00,2026-09-23 15:01,,,https://www.youtube.com/channel/UC9ct5ilJo3nT7vyYCPHbkFg
UCLQeWjRlj_uiNX3J-sOCfnw,@もってぃ-i9v,72,6年,Member (6 years),,不明,,,2,60,0,2026-09-26 12:02,2026-10-10 12:03,,,https://www.youtube.com/channel/UCLQeWjRlj_uiNX3J-sOCfnw
UCifH8CO_ZR_erIEKmQyjjYQ,@しーだ-z2h,72,6年,Member (6 years),,不明,,,2,13,0,2026-09-26 12:02,2026-10-02 20:01,,,https://www.youtube.com/channel/UCifH8CO_ZR_erIEKmQyjjYQ
UC161mqH6aEBmFoMM_U-N3TQ,@ミナモト-w4b,72,6年,Member (6 years),,不明,,,2,71,0,2026-10-05 19:02,2026-10-06 21:00,,,https://www.youtube.com/channel/UC161mqH6aEBmFoMM_U-N3TQ
UC2-SwXwEVuguD5gArdmvsQQ,@いろはに_ch,72,6年,Member (6 years),,不明,,,2,9,0,2026-10-06 21:00,2026-10-10 12:03,,,https://www.youtube.com/channel/UC2-SwXwEVuguD5gArdmvsQQ
UCoWjtR_zqn4ar2pVpeN95kQ,@Dadecade,72,6年,Member (6 years),,不明,,,1,37,0,2026-09-12 14:02,2026-09-12 14:02,,,https://www.youtube.com/channel/UCoWjtR_zqn4ar2pVpeN95kQ
UC9Q0P2Wh6bNBmYxQpJjxvyQ,@ran1341,72,6年,Member (6 years),,不明,,,1,7,0,2026-09-12 14:02,2026-09-12 14:02,,,https://www.youtube.com/channel/UC9Q0P2Wh6bNBmYxQpJjxvyQ
UC8g2UPSKp5QZa4OTmkXRPEA,@komakoma1109,72,6年,Member (6 years),,不明,,,1,18,0,2026-09-12 14:02,2026-09-12 14:02,,,https://www.youtube.com/channel/UC8g2UPSKp5QZa4OTmkXRPEA
UCafJPRIWGv2h-WszalJ5UOQ,@はやて-l1y,72,6年,Member (6 years),,不明,,,1,1,0,2026-09-14 19:02,2026-09-14 19:02,,,https://www.youtube.com/channel/UCafJPRIWGv2h-WszalJ5UOQ
UCiippBFZdn8a4o2EyUEckHQ,@mad3501,72,6年,Member (6 years),,不明,,,1,1,0,2026-09-20 12:16,2026-09-20 12:16,,,https://www.youtube.com/channel/UCiippBFZdn8a4o2EyUEckHQ
UCLQrVFWKVChRjGnM8zhNLqA,@ライズ25,72,6年,Member (6 years),,不明,,,1,1,0,2026-09-20 19:33,2026-09-20 19:33,,,https://www.youtube.com/channel/UCLQrVFWKVChRjGnM8zhNLqA
UCFAH7P7ylGL8WQ0r41hSPww,@momiji_421,72,6年,Member (6 years),,不明,,,1,2,0,2026-09-22 14:00,2026-09-22 14:00,,,https://www.youtube.com/channel/UCFAH7P7ylGL8WQ0r41hSPww
UC3FrPmLXMVwwETp4VzaZLHw,@夏野紅葉-kureha,72,6年,Member (6 years),,不明,,,1,2,0,2026-09-22 14:00,2026-09-22 14:00,,,https://www.youtube.com/channel/UC3FrPmLXMVwwETp4VzaZLHw
UCz_KRsE-iVxHUZXJhZUMIqg,@ほしのひかるsub,72,6年,Member (6 years),,不明,,,1,5,0,2026-09-26 12:02,2026-09-26 12:02,,,https://www.youtube.com/channel/UCz_KRsE-iVxHUZXJhZUMIqg
UCp5JA3Kjo4addSIyqQjl6Ow,@つき-038hk,72,6年,Member (6 years),,不明,,,1,1,0,2026-09-29 18:58,2026-09-29 18:58,,,https://www.youtube.com/channel/UCp5JA3Kjo4addSIyqQjl6Ow
UCV-t8SaYHzl3Oscwt64gflg,@マルポ02,72,6年,Member (6 years),,不明,,,1,1,0,2026-10-03 22:01,2026-10-03 22:01,,,https://www.youtube.com/channel/UCV-t8SaYHzl3Oscwt64gflg
UCQwY1uS62AUA7Hj0i4gDCfQ,@みゃぱ-t7v,72,6年,Member (6 years),,不明,,,1,1,0,2026-10-05 19:02,2026-10-05 19:02,,,https://www.youtube.com/channel/UCQwY1uS62AUA7Hj0i4gDCfQ
UCw1jtWt8uqgfPxk4H8YVL0Q,@あすた-l8f,72,6年,Member (6 years),,不明,,,1,5,0,2026-10-05 19:02,2026-10-05 19:02,,,https://www.youtube.com/channel/UCw1jtWt8uqgfPxk4H8YVL0Q
UCNT1XV1t_emcUI9Ha8NWXdQ,@百々目緑鬼_どどめろき,72,6年,Member (6 years),,不明,,,1,3,0,2026-10-05 19:02,2026-10-05 19:02,,,https://www.youtube.com/channel/UCNT1XV1t_emcUI9Ha8NWXdQ
UC8hRWik7nJT9KQzBX3NX9Tg,@優月ゆづ,72,6年,Member (6 years),,不明,,,1,2,0,2026-10-05 19:02,2026-10-05 19:02,,,https://www.youtube.com/channel/UC8hRWik7nJT9KQzBX3NX9Tg
UCLi1dNkavB5oyiXvygOsQMg,@建設IT,72,6年,Member (6 years),,不明,,,1,10,0,2026-10-05 19:02,2026-10-05 19:02,,,https://www.youtube.com/channel/UCLi1dNkavB5oyiXvygOsQMg
UCU5nt5wOOZiXh9h48yLlwkA,@サツキロイ,72,6年,Member (6 years),,不明,,,1,1,0,2026-10-05 19:02,2026-10-05 19:02,,,https://www.youtube.com/channel/UCU5nt5wOOZiXh9h48yLlwkA
UCg8ViceyjHGU4L9RIVA2cZw,@かんぷー,72,6年,Member (6 years),,不明,,,1,1,0,2026-10-10 12:03,2026-10-10 12:03,,,https://www.youtube.com/channel/UCg8ViceyjHGU4L9RIVA2cZw
UCW57hM3KJwGkHG-A2rsOHMQ,@紫日-w9z,72,6年,Member (6 years),,不明,,,1,1,0,2026-10-10 12:03,2026-10-10 12:03,,,https://www.youtube.com/channel/UCW57hM3KJwGkHG-A2rsOHMQ
UCgxUKV_CPw719lD721V6MOg,@マスカッ豚,72,6年,Member (6 years),,不明,,,1,1,0,2026-10-10 22:03,2026-10-10 22:03,,,https://www.youtube.com/channel/UCgxUKV_CPw719lD721V6MOg
UCp5adMTonodHaXx_MRxApBA,@ひいらぎ-q2z,60,5年,Member (5 years),,不明,,,23,5105,10,2026-09-12 14:02,2026-10-10 22:03,,,https://www.youtube.com/channel/UCp5adMTonodHaXx_MRxApBA
UCd1s6O6H01KPkq7MMpHEaGw,@Hornisse-ホルニッセ,60,5年,Member (5 years),,不明,,,21,238,1,2026-09-12 14:02,2026-10-10 22:03,,,https://www.youtube.com/channel/UCd1s6O6H01KPkq7MMpHEaGw
UCta-oBPf88gYzpsz2E46mAA,@天野望-AN,60,5年,Member (5 years),,不明,,,21,745,0,2026-09-12 14:02,2026-10-06 21:00,,,https://www.youtube.com/channel/UCta-oBPf88gYzpsz2E46mAA
UCu4FxX7f9GzUpxqfJVgtfqA,@そーすまでいー_hskzyuuu,60,5年,Member (5 years),,不明,,,20,2563,8,2026-09-12 14:02,2026-10-10 22:03,,,https://www.youtube.com/channel/UCu4FxX7f9GzUpxqfJVgtfqA
UCY71YyxWJOFcb1nwRFu3z3g,@kagari_k,60,5年,Member (5 years),,不明,,,20,75,0,2026-09-12 14:02,2026-10-10 22:03,,,https://www.youtube.com/channel/UCY71YyxWJOFcb1nwRFu3z3g
UCwSYBofHRt03l-6sbZ5g4XQ,@星くらげ3,60,5年,Member (5 years),,不明,,,19,164,2,2026-09-12 14:02,2026-10-10 22:03,,,https://www.youtube.com/channel/UCwSYBofHRt03l-6sbZ5g4XQ
UCecSq_c7T3XX1fVQ-gn3v_A,@さなきち_sa,60,5年,Member (5 years),,不明,,,17,2515,0,2026-09-12 14:02,2026-10-10 12:03,,,https://www.youtube.com/channel/UCecSq_c7T3XX1fVQ-gn3v_A
UCeWRfwxro3O8tj0_bXSttMw,@のーまっどz,60,5年,Member (5 years),,不明,,,15,1004,0,2026-09-12 14:02,2026-10-10 12:03,,,https://www.youtube.com/channel/UCeWRfwxro3O8tj0_bXSttMw
UCEQJj_VzlVBv6-eM2EkAf6A,@c.k.k.988,60,5年,Member (5 years),,不明,,,15,323,0,2026-09-12 14:02,2026-10-10 22:03,,,https://www.youtube.com/channel/UCEQJj_VzlVBv6-eM2EkAf6A
UCD0oymqvrhcZPG1YHF2eLzw,@いおりん-o,60,5年,Member (5 years),,不明,,,14,333,0,2026-09-12 22:01,2026-10-10 22:03,,,https://www.youtube.com/channel/UCD0oymqvrhcZPG1YHF2eLzw
UCUq66bynUJatp90CiD7_l3g,@エクスン-j3l,60,5年,Member (5 years),,不明,,,14,159,0,2026-09-12 22:01,2026-10-10 22:03,,,https://www.youtube.com/channel/UCUq66bynUJatp90CiD7_l3g
UCYqCDd-V68gFU6NaEpeCR5A,@zinnik5597,60,5年,Member (5 years),,不明,,,14,155,4,2026-09-14 19:02,2026-10-10 22:03,,,https://www.youtube.com/channel/UCYqCDd-V68gFU6NaEpeCR5A
UC0VRfEKjL5S0Inq4K4majFg,@みゃこ-l3p,60,5年,Member (5 years),,不明,,,12,47,0,2026-09-12 22:01,2026-10-10 22:03,,,https://www.youtube.com/channel/UC0VRfEKjL5S0Inq4K4majFg
UC8XU7sGXwL_CTb6d6gBcBXQ,@sidaka222,60,5年,Member (5 years),,不明,,,12,200,0,2026-09-14 19:02,2026-10-10 12:03,,,https://www.youtube.com/channel/UC8XU7sGXwL_CTb6d6gBcBXQ
UClYMbJPZ-1-tBnIzpy8PkkA,@agedouhu,60,5年,Member (5 years),,不明,,,12,56,0,2026-09-18 21:01,2026-10-10 12:03,,,https://www.youtube.com/channel/UClYMbJPZ-1-tBnIzpy8PkkA
UC_QgNM2bHr6CgG8gcisPOag,@瑠珈るか,60,5年,Member (5 years),,不明,,,11,57,0,2026-09-12 14:02,2026-10-06 21:00,,,https://www.youtube.com/channel/UC_QgNM2bHr6CgG8gcisPOag
UC1Y5KDnBQW5WiHS5ntdWaQA,@shuten_,60,5年,Member (5 years),61,星くずたち,マイルストーン,,11,180,0,2026-09-14 19:02,2026-10-10 12:03,,,https://www.youtube.com/channel/UC1Y5KDnBQW5WiHS5ntdWaQA
UClKEXrXQNcoBLm1kC1xObrA,@カフカ-p2y,60,5年,Member (5 years),,不明,,,10,121,0,2026-09-12 22:01,2026-10-10 22:03,,,https://www.youtube.com/channel/UClKEXrXQNcoBLm1kC1xObrA
UCwbEXi-5EFXec_viAetmdgQ,@タロウ田中-m2d,60,5年,Member (5 years),,不明,,,9,315,2,2026-09-14 19:02,2026-10-06 21:00,,,https://www.youtube.com/channel/UCwbEXi-5EFXec_viAetmdgQ
UCxyomKI8lxnP0MqMA_bPW3A,@空ちゃん-s4n,60,5年,Member (5 years),,不明,,,8,43,0,2026-09-12 14:02,2026-10-06 21:00,,,https://www.youtube.com/channel/UCxyomKI8lxnP0MqMA_bPW3A
UCtLVZQO3Rxh2IlplAVLORmg,@リリスver.2.0,60,5年,Member (5 years),,不明,,,8,34,0,2026-09-12 14:02,2026-10-10 12:03,,,https://www.youtube.com/channel/UCtLVZQO3Rxh2IlplAVLORmg
UCUvNro8Rxc0wgp3kSusjHfA,@あげたてクン,60,5年,Member (5 years),,不明,,,8,12,0,2026-09-12 14:02,2026-10-06 21:00,,,https://www.youtube.com/channel/UCUvNro8Rxc0wgp3kSusjHfA
UCTwrFCO3PjEDelkx0MjGkzA,@L-ヒロト_ルーサー,60,5年,Member (5 years),,不明,,,8,615,1,2026-09-12 22:01,2026-10-06 21:00,,,https://www.youtube.com/channel/UCTwrFCO3PjEDelkx0MjGkzA
UCEdFJf32t_COxAa7aGJT8MQ,@リアクトル,60,5年,Member (5 years),,不明,,,7,42,0,2026-09-12 14:02,2026-10-06 21:00,,,https://www.youtube.com/channel/UCEdFJf32t_COxAa7aGJT8MQ
UCsIwULqOwuAT8UQMDqbokCA,@冷たいコーヒー_ブラック,60,5年,Member (5 years),,不明,,,7,347,0,2026-09-12 22:01,2026-10-10 22:03,,,https://www.youtube.com/channel/UCsIwULqOwuAT8UQMDqbokCA
UCUrBVoxKqZ62n3kPtxRX4JQ,@シーホン,60,5年,Member (5 years),65,星くずたち,マイルストーン,,5,26,0,2026-09-12 22:01,2026-10-10 22:03,,,https://www.youtube.com/channel/UCUrBVoxKqZ62n3kPtxRX4JQ
UCa6lk1xju6M4LH2EBDo5vAQ,@qc2320,60,5年,Member (5 years),,不明,,,4,54,0,2026-09-14 19:02,2026-10-05 19:02,,,https://www.youtube.com/channel/UCa6lk1xju6M4LH2EBDo5vAQ
UC3Vvhd7mkHjtPiWNlBZL8TA,@ri-sao,60,5年,Member (5 years),,不明,,,4,16,0,2026-09-20 19:33,2026-10-05 19:02,,,https://www.youtube.com/channel/UC3Vvhd7mkHjtPiWNlBZL8TA
UCbmQDDeWKPKCyWFjNzbskfg,@氷野ひょーの,60,5年,Member (5 years),,不明,,,3,23,0,2026-09-12 14:02,2026-10-05 19:02,,,https://www.youtube.com/channel/UCbmQDDeWKPKCyWFjNzbskfg
UC9WOvLHmL92FotbDNkNGbqA,@フィネ-i7s,60,5年,Member (5 years),,不明,,,3,16,0,2026-09-12 14:02,2026-09-19 22:02,,,https://www.youtube.com/channel/UC9WOvLHmL92FotbDNkNGbqA
UCZvZdPP9G4qoqXvJIp_QD4Q,@志方は神様,60,5年,Member (5 years),,不明,,,3,53,0,2026-09-14 19:02,2026-10-06 21:00,,,https://www.youtube.com/channel/UCZvZdPP9G4qoqXvJIp_QD4Q
UCqJLUyEika1IreYO6PZhKIw,@クッキー団子が好きです,60,5年,Member (5 years),,不明,,,3,15,0,2026-09-17 22:46,2026-09-23 15:01,,,https://www.youtube.com/channel/UCqJLUyEika1IreYO6PZhKIw
UCrgQNl72JcF03kZpY6Im-JQ,@kyondamu,60,5年,Member (5 years),,不明,,,3,8,0,2026-09-19 12:02,2026-10-10 12:03,,,https://www.youtube.com/channel/UCrgQNl72JcF03kZpY6Im-JQ
UCzjmq1UCSdRKGftg9YmPSig,@tammy103,60,5年,Member (5 years),,不明,,,2,32,0,2026-09-12 14:02,2026-10-05 19:02,,,https://www.youtube.com/channel/UCzjmq1UCSdRKGftg9YmPSig
UCJJ2MYnP1oZoPwSO3vcR8cQ,@xsheia,60,5年,Member (5 years),,不明,,,2,5,0,2026-09-12 14:02,2026-09-16 14:33,,,https://www.youtube.com/channel/UCJJ2MYnP1oZoPwSO3vcR8cQ
UCkEZbSkc-CbCsJGViQoTUEw,@りちゃーど-u7e,60,5年,Member (5 years),,不明,,,2,2,0,2026-09-12 22:01,2026-10-03 22:01,,,https://www.youtube.com/channel/UCkEZbSkc-CbCsJGViQoTUEw
UCBgeJTAtpLjDaH_HEQrk5wA,@堅揚げれもん,60,5年,Member (5 years),,不明,,,2,5,0,2026-09-14 19:02,2026-09-26 12:02,,,https://www.youtube.com/channel/UCBgeJTAtpLjDaH_HEQrk5wA
UCs80KPKjiYX0_Ze3ZHBFc8g,@Eggたるとくん,60,5年,Member (5 years),,不明,,,2,2,0,2026-09-16 14:33,2026-09-26 22:01,,,https://www.youtube.com/channel/UCs80KPKjiYX0_Ze3ZHBFc8g
UC7nHQIj_TBx8xitJsnUDBBw,@쩜둘_TennFutatu,60,5年,Member (5 years),,不明,,,2,2,0,2026-09-17 22:46,2026-09-29 18:58,,,https://www.youtube.com/channel/UC7nHQIj_TBx8xitJsnUDBBw
UCRz3q3vzdNfM34349W3xUtg,@Lomoti,60,5年,Member (5 years),,不明,,,2,5,0,2026-09-19 12:02,2026-09-20 12:16,,,https://www.youtube.com/channel/UCRz3q3vzdNfM34349W3xUtg
UCZVHbU_XkBjSaoExjZfHjvw,@しゅがー-i8d,60,5年,Member (5 years),,不明,,,2,3,0,2026-09-19 12:02,2026-10-06 21:00,,,https://www.youtube.com/channel/UCZVHbU_XkBjSaoExjZfHjvw
UC4HrtY0K7ByhiOkAKEuHGwQ,@パッドPAD,60,5年,Member (5 years),,不明,,,2,2,0,2026-10-02 20:01,2026-10-03 12:00,,,https://www.youtube.com/channel/UC4HrtY0K7ByhiOkAKEuHGwQ
UCSg0cqdWXSOSkqa-EHZgYjA,@はやぶさ-l4c,60,5年,Member (5 years),,不明,,,2,4,0,2026-10-05 19:02,2026-10-06 21:00,,,https://www.youtube.com/channel/UCSg0cqdWXSOSkqa-EHZgYjA
UCM5e17J-kJduimXNhD1oEvg,@イータ.h,60,5年,Member (5 years),,不明,,,1,1,0,2026-09-16 14:33,2026-09-16 14:33,,,https://www.youtube.com/channel/UCM5e17J-kJduimXNhD1oEvg
UC5ulLZclTm4wmvWQ4KCfmeA,@親愛なる隣人-q9d,60,5年,Member (5 years),,不明,,,1,1,0,2026-09-17 22:46,2026-09-17 22:46,,,https://www.youtube.com/channel/UC5ulLZclTm4wmvWQ4KCfmeA
UC5cTIPaHFyn3c8kAkwFATSA,@mame_722,60,5年,Member (5 years),,不明,,,1,2,0,2026-09-20 12:16,2026-09-20 12:16,,,https://www.youtube.com/channel/UC5cTIPaHFyn3c8kAkwFATSA
UC-SQUVzddBej7bsmxqKp0vg,@美味しいですよね唐揚げって,60,5年,Member (5 years),,不明,,,1,2,0,2026-09-22 14:00,2026-09-22 14:00,,,https://www.youtube.com/channel/UC-SQUVzddBej7bsmxqKp0vg
UC1Hf8-vWr2EeNkM5nO92p6Q,@Chiuwan234,60,5年,Member (5 years),,不明,,,1,1,0,2026-09-22 14:00,2026-09-22 14:00,,,https://www.youtube.com/channel/UC1Hf8-vWr2EeNkM5nO92p6Q
UC0veUUgFUQtjPOvBM4PFmGg,@月梓0501,60,5年,Member (5 years),,不明,,,1,1,0,2026-09-22 14:00,2026-09-22 14:00,,,https://www.youtube.com/channel/UC0veUUgFUQtjPOvBM4PFmGg
UCS8swm5eXwkD207nguVtksg,@nekomaki522,60,5年,Member (5 years),,不明,,,1,6,0,2026-09-29 18:58,2026-09-29 18:58,,,https://www.youtube.com/channel/UCS8swm5eXwkD207nguVtksg
UCyboTIjSls9xb-gyasQ-z6Q,@ゆめきちU,60,5年,Member (5 years),,不明,,,1,1,0,2026-10-02 20:01,2026-10-02 20:01,,,https://www.youtube.com/channel/UCyboTIjSls9xb-gyasQ-z6Q
UCIHGbXVsIofhwlHGGujRMXw,@ケロマム,60,5年,Member (5 years),,不明,,,1,2,0,2026-10-02 20:01,2026-10-02 20:01,,,https://www.youtube.com/channel/UCIHGbXVsIofhwlHGGujRMXw
UCcxbOhGKen9Z6hYiisATZBQ,@しおいかり,60,5年,Member (5 years),,不明,,,1,1,0,2026-10-03 12:00,2026-10-03 12:00,,,https://www.youtube.com/channel/UCcxbOhGKen9Z6hYiisATZBQ
UCiLdrvOp4-ayM1Mw30c9AmA,@すばァタロー,60,5年,Member (5 years),,不明,,,1,2,1,2026-10-05 19:02,2026-10-05 19:02,,,https://www.youtube.com/channel/UCiLdrvOp4-ayM1Mw30c9AmA
UCCT-We3AZnGxaWKBQZ4PBCg,@タロス-x2w,60,5年,Member (5 years),,不明,,,1,4,0,2026-10-06 21:00,2026-10-06 21:00,,,https://www.youtube.com/channel/UCCT-We3AZnGxaWKBQZ4PBCg
UCGFsqzZAgtmQ8_ArWT7AdGQ,@kinlam8171,60,5年,Member (5 years),,不明,,,1,1,0,2026-10-10 22:03,2026-10-10 22:03,,,https://www.youtube.com/channel/UCGFsqzZAgtmQ8_ArWT7AdGQ
UCilZbwoXW32JudhbV2xfy0w,@あっくん730,60,5年,Member (5 years),60,星くずたち,マイルストーン,,1,1,0,2026-10-10 22:03,2026-10-10 22:03,,,https://www.youtube.com/channel/UCilZbwoXW32JudhbV2xfy0w
UC7fIts1eZON2AbGxiM2obXQ,@hiro27470,48,4年,Member (4 years),,不明,,,23,685,0,2026-09-12 14:02,2026-10-10 22:03,,,https://www.youtube.com/channel/UC7fIts1eZON2AbGxiM2obXQ
UC_tbe32B5ZqCIBOmPIbgZXg,@Nao_Nanao,48,4年,Member (4 years),,不明,,,20,78,0,2026-09-12 14:02,2026-10-10 22:03,,,https://www.youtube.com/channel/UC_tbe32B5ZqCIBOmPIbgZXg
UCT6-HkxOqq7FDkz2hXxR2uw,@りょう-f8c4p,48,4年,Member (4 years),,不明,,,18,688,1,2026-09-12 14:02,2026-10-10 22:03,,,https://www.youtube.com/channel/UCT6-HkxOqq7FDkz2hXxR2uw
UCi_6l9I0huEXwtPGRmFckXw,@シンラ-f9h,48,4年,Member (4 years),,星くずたち,マイルストーン（2026-09-07）,,17,1129,0,2026-09-12 14:02,2026-10-10 22:03,,,https://www.youtube.com/channel/UCi_6l9I0huEXwtPGRmFckXw
UCPcNpwjj6KHg4mYSwrHWlTQ,@黒胡椒ステーキ,48,4年,Member (4 years),,不明,,,15,87,0,2026-09-12 22:01,2026-10-10 12:03,,,https://www.youtube.com/channel/UCPcNpwjj6KHg4mYSwrHWlTQ
UC4SA7ONt-VVXadZ_YbbvxdQ,@さくらぁ_24,48,4年,Member (4 years),,不明,,,13,491,0,2026-09-12 14:02,2026-10-05 19:02,,,https://www.youtube.com/channel/UC4SA7ONt-VVXadZ_YbbvxdQ
UCaPIMf6R-eiNUNgB84YvFug,@ゆっきー-e9z,48,4年,Member (4 years),,不明,,,13,174,0,2026-09-12 14:02,2026-10-06 21:00,,,https://www.youtube.com/channel/UCaPIMf6R-eiNUNgB84YvFug
UCGWYjLbu7DO7_bcrbRHX3xg,@流月-i8o,48,4年,Member (4 years),52,星くずたち,マイルストーン,,12,777,6,2026-09-12 22:01,2026-10-10 22:03,,,https://www.youtube.com/channel/UCGWYjLbu7DO7_bcrbRHX3xg
UCUZT5R_glhtAkwws29Rtqqw,@あーてるくーる,48,4年,Member (4 years),,不明,,,12,366,0,2026-09-12 22:01,2026-10-10 22:03,,,https://www.youtube.com/channel/UCUZT5R_glhtAkwws29Rtqqw
UCrtEdloZrNQLhxR9so-CCKw,@あまみや-b5t,48,4年,Member (4 years),,不明,,,10,427,0,2026-09-12 14:02,2026-10-10 12:03,,,https://www.youtube.com/channel/UCrtEdloZrNQLhxR9so-CCKw
UCaW_wZIWuaqPxUGmFr7eCRw,@りてゃん-t6i,48,4年,Member (4 years),,不明,,,9,151,0,2026-09-12 14:02,2026-10-06 21:00,,,https://www.youtube.com/channel/UCaW_wZIWuaqPxUGmFr7eCRw
UC8FezXl84ixs8nokXtOoI2Q,@JIN-5134,48,4年,Member (4 years),,不明,,,9,105,0,2026-09-16 14:33,2026-10-10 12:03,,,https://www.youtube.com/channel/UC8FezXl84ixs8nokXtOoI2Q
UCbJpTlMxs3AMfBzUYB-ZCnQ,@くどーみっちー,48,4年,Member (4 years),,不明,,,8,92,0,2026-09-12 14:02,2026-10-02 20:01,,,https://www.youtube.com/channel/UCbJpTlMxs3AMfBzUYB-ZCnQ
UCrlyMVAUPgOHj2TiikiKzHw,@Rレン-b3l,48,4年,Member (4 years),,不明,,,8,49,2,2026-09-12 14:02,2026-10-05 19:02,,,https://www.youtube.com/channel/UCrlyMVAUPgOHj2TiikiKzHw
UC2S-R34hu1UYnVl0-QHqaqA,@荻原さとり,48,4年,Member (4 years),,不明,,,7,82,0,2026-09-19 12:02,2026-10-10 12:03,,,https://www.youtube.com/channel/UC2S-R34hu1UYnVl0-QHqaqA
UCnqo7UePhqapL9qPZ42uh4g,@しろくろ-j6h,48,4年,Member (4 years),,不明,,,6,20,0,2026-09-12 22:01,2026-10-10 22:03,,,https://www.youtube.com/channel/UCnqo7UePhqapL9qPZ42uh4g
UCdTgKXCjhiCc4dNUN8XKjJA,@なちゃんq,48,4年,Member (4 years),,不明,,,6,20,0,2026-09-16 14:33,2026-09-26 22:01,,,https://www.youtube.com/channel/UCdTgKXCjhiCc4dNUN8XKjJA
UCCTX7vZXNCG3H_pXDc1eKxg,@クローバー-g6n,48,4年,Member (4 years),,星くずたち,再加入/レベル変更,,5,352,0,2026-09-16 14:33,2026-10-10 12:03,,,https://www.youtube.com/channel/UCCTX7vZXNCG3H_pXDc1eKxg
UCDah_2laeUGCVirwREiWgWA,@eric610780,48,4年,Member (4 years),,不明,,,5,12,0,2026-09-17 22:46,2026-10-06 21:00,,,https://www.youtube.com/channel/UCDah_2laeUGCVirwREiWgWA
UCASIMVKI2LYMvZ1WddeM4DA,@hakoyui,48,4年,Member (4 years),,不明,,,5,79,0,2026-09-19 12:02,2026-10-10 12:03,,,https://www.youtube.com/channel/UCASIMVKI2LYMvZ1WddeM4DA
UC0mbn-amBajvWnZIwvBiJow,@皇帝3ぺん,48,4年,Member (4 years),,不明,,,5,8,0,2026-09-20 12:16,2026-10-10 12:03,,,https://www.youtube.com/channel/UC0mbn-amBajvWnZIwvBiJow
UCxVp1qqsof4AOB393gzp_Tg,@んごりらりら,48,4年,Member (4 years),,不明,,,4,27,0,2026-09-12 14:02,2026-09-17 22:46,,,https://www.youtube.com/channel/UCxVp1qqsof4AOB393gzp_Tg
UCK5I4actnsolwavn7ufH_EA,@灰色狼-m1z,48,4年,Member (4 years),,不明,,,4,295,2,2026-09-16 21:02,2026-10-06 21:00,,,https://www.youtube.com/channel/UCK5I4actnsolwavn7ufH_EA
UC3QljWavhuIq8hsTQnm6Hcg,@まるにぃ-m9c,48,4年,Member (4 years),,不明,,,4,462,0,2026-09-19 12:02,2026-10-10 12:03,,,https://www.youtube.com/channel/UC3QljWavhuIq8hsTQnm6Hcg
UCS5pjUj77JNHpFolhQ49r0w,@taikipq,48,4年,Member (4 years),,不明,,,4,7,0,2026-09-19 12:02,2026-10-02 20:01,,,https://www.youtube.com/channel/UCS5pjUj77JNHpFolhQ49r0w
UCAuz4TTQK67VJauCNhi91LA,@felicia_52,48,4年,Member (4 years),,不明,,,3,28,0,2026-09-12 14:02,2026-09-17 22:46,,,https://www.youtube.com/channel/UCAuz4TTQK67VJauCNhi91LA
UC7RKyCJFqXBZ77Dpycar87w,@ろあにゃあ,48,4年,Member (4 years),,不明,,,3,31,0,2026-09-12 14:02,2026-09-22 14:00,,,https://www.youtube.com/channel/UC7RKyCJFqXBZ77Dpycar87w
UCpsj9Hsf-D1eojldwCGrbng,@九九-p5j,48,4年,Member (4 years),,不明,,,3,7,0,2026-09-19 12:02,2026-10-03 12:00,,,https://www.youtube.com/channel/UCpsj9Hsf-D1eojldwCGrbng
UC4sFdSwIPfvd17VaJFtELJQ,@葉月-f3k,48,4年,Member (4 years),,不明,,,2,17,0,2026-09-20 12:16,2026-10-10 12:03,,,https://www.youtube.com/channel/UC4sFdSwIPfvd17VaJFtELJQ
UCIwmw-5z7umTtN1pJctUYAQ,@FM-0328,48,4年,Member (4 years),,不明,,,2,8,0,2026-10-05 19:02,2026-10-06 21:00,,,https://www.youtube.com/channel/UCIwmw-5z7umTtN1pJctUYAQ
UCDPezxMF5AuGiCXhp1WvTkw,@八神なが,48,4年,Member (4 years),,不明,,,1,1,0,2026-09-12 14:02,2026-09-12 14:02,,,https://www.youtube.com/channel/UCDPezxMF5AuGiCXhp1WvTkw
UCeH-Ba1-Nty5WwaCXTBenhw,@Chomske999,48,4年,Member (4 years),,不明,,,1,3,0,2026-09-12 14:02,2026-09-12 14:02,,,https://www.youtube.com/channel/UCeH-Ba1-Nty5WwaCXTBenhw
UCrYXJaD6v8yBRBmlRQoi25w,@ヒロヒロロ-IX,48,4年,Member (4 years),,不明,,,1,4,0,2026-09-12 14:02,2026-09-12 14:02,,,https://www.youtube.com/channel/UCrYXJaD6v8yBRBmlRQoi25w
UC5HsQI2sb5lLf7z0tfGmd9g,@神楽-f8n,48,4年,Member (4 years),,不明,,,1,1,0,2026-09-12 14:02,2026-09-12 14:02,,,https://www.youtube.com/channel/UC5HsQI2sb5lLf7z0tfGmd9g
UCfF1Xnr3k8xB2b3Q0iqNv9g,@推しが大抵黄色,48,4年,Member (4 years),,不明,,,1,1,0,2026-09-12 14:02,2026-09-12 14:02,,,https://www.youtube.com/channel/UCfF1Xnr3k8xB2b3Q0iqNv9g
UCTMhV6aU8tAuYl1__Ws9DVg,@ゆきめい-v2d,48,4年,Member (4 years),,不明,,,1,1,0,2026-09-12 14:02,2026-09-12 14:02,,,https://www.youtube.com/channel/UCTMhV6aU8tAuYl1__Ws9DVg
UCg9QhKyF_x0ncXcivTlDQXg,@ワトソンくん-j7r,48,4年,Member (4 years),,不明,,,1,1,0,2026-09-12 22:01,2026-09-12 22:01,,,https://www.youtube.com/channel/UCg9QhKyF_x0ncXcivTlDQXg
UC6fQonDuveDuSPgW2tsb5ig,@Onion_Butter,48,4年,Member (4 years),,不明,,,1,1,0,2026-09-17 22:46,2026-09-17 22:46,,,https://www.youtube.com/channel/UC6fQonDuveDuSPgW2tsb5ig
UCXxY69xhv6BuxsI33maUmXA,@kontora_23,48,4年,Member (4 years),,不明,,,1,3,0,2026-09-17 22:46,2026-09-17 22:46,,,https://www.youtube.com/channel/UCXxY69xhv6BuxsI33maUmXA
UCeaUWVcrmckiKw-9cfGqzcA,@あぶゆら,48,4年,Member (4 years),,不明,,,1,5,0,2026-09-17 22:46,2026-09-17 22:46,,,https://www.youtube.com/channel/UCeaUWVcrmckiKw-9cfGqzcA
UCHJ85k0OFDPyaxFuUl33JtQ,@kirara5807,48,4年,Member (4 years),,不明,,,1,1,0,2026-09-17 22:46,2026-09-17 22:46,,,https://www.youtube.com/channel/UCHJ85k0OFDPyaxFuUl33JtQ
UC3hFnGgtVM1vDemsehEuoSA,@takepoy0,48,4年,Member (4 years),,不明,,,1,1,0,2026-09-18 21:01,2026-09-18 21:01,,,https://www.youtube.com/channel/UC3hFnGgtVM1vDemsehEuoSA
UC6Hy0MtCXjYvQJ52aCLi3IQ,@noraLupusRex,48,4年,Member (4 years),,不明,,,1,1,0,2026-09-20 19:33,2026-09-20 19:33,,,https://www.youtube.com/channel/UC6Hy0MtCXjYvQJ52aCLi3IQ
UCLTZB3jl84qTiQd4E_o4xvg,@pi0705,48,4年,Member (4 years),,不明,,,1,2,0,2026-09-22 14:00,2026-09-22 14:00,,,https://www.youtube.com/channel/UCLTZB3jl84qTiQd4E_o4xvg
UC9p3W5uscvXQ30GBUUVB2jA,@taono_xa,48,4年,Member (4 years),,不明,,,1,1,0,2026-10-03 12:00,2026-10-03 12:00,,,https://www.youtube.com/channel/UC9p3W5uscvXQ30GBUUVB2jA
UCnUXoEKEUe3zFDv9Ih6IAJA,@ショーン0,48,4年,Member (4 years),,不明,,,1,1,0,2026-10-03 12:00,2026-10-03 12:00,,,https://www.youtube.com/channel/UCnUXoEKEUe3zFDv9Ih6IAJA
UC26B-ay3w8349Nvj5JVSDpg,@Seikai_Watanabe,48,4年,Member (4 years),,不明,,,1,1,0,2026-10-03 12:00,2026-10-03 12:00,,,https://www.youtube.com/channel/UC26B-ay3w8349Nvj5JVSDpg
UCzgdWs3eWllfmRQzRLyJTiQ,@cottonwwww,48,4年,Member (4 years),,不明,,,1,1,0,2026-10-05 19:02,2026-10-05 19:02,,,https://www.youtube.com/channel/UCzgdWs3eWllfmRQzRLyJTiQ
UCcTH3JTgHV4xEVdEfcRlRww,@Madolomi,48,4年,Member (4 years),,不明,,,1,5,0,2026-10-05 19:02,2026-10-05 19:02,,,https://www.youtube.com/channel/UCcTH3JTgHV4xEVdEfcRlRww
UCtkXDqA7ibr6VIoyBbz1uYw,@ちーてつ-q1j,48,4年,Member (4 years),,不明,,,1,3,0,2026-10-06 21:00,2026-10-06 21:00,,,https://www.youtube.com/channel/UCtkXDqA7ibr6VIoyBbz1uYw
UCJteZDho_g9mfdzOlTVVSXg,@aooo9075,48,4年,Member (4 years),,不明,,,1,1,0,2026-10-06 21:00,2026-10-06 21:00,,,https://www.youtube.com/channel/UCJteZDho_g9mfdzOlTVVSXg
UCGCBM_Ge3nxr6wFt11VG-2g,@月海嵐,48,4年,Member (4 years),,星くずたち,再加入/レベル変更,,1,0,0,2026-10-10 12:03,2026-10-10 12:03,,,https://www.youtube.com/channel/UCGCBM_Ge3nxr6wFt11VG-2g
UCU9Ia5B7N9Tvfu1zWcV0jtw,@うたぽんutpn,36,3年,Member (3 years),,不明,,,21,248,0,2026-09-12 14:02,2026-10-10 22:03,,,https://www.youtube.com/channel/UCU9Ia5B7N9Tvfu1zWcV0jtw
UCxBLUA71mmb8Sm19FCxPKqQ,@聖龍王ヴェリタス,36,3年,Member (3 years),,不明,,,21,837,0,2026-09-12 14:02,2026-10-10 22:03,,,https://www.youtube.com/channel/UCxBLUA71mmb8Sm19FCxPKqQ
UCBOCF839B4wzZ8MrZb66f5w,@redskytear,36,3年,Member (3 years),,不明,,,21,1546,0,2026-09-12 14:02,2026-10-10 22:03,,,https://www.youtube.com/channel/UCBOCF839B4wzZ8MrZb66f5w
UCtmhxYSeMeJ_8dKE2xIWzXA,@szk_mcmc,36,3年,Member (3 years),36,星くずたち,マイルストーン,,16,3678,0,2026-09-12 14:02,2026-10-10 22:03,,,https://www.youtube.com/channel/UCtmhxYSeMeJ_8dKE2xIWzXA
UCxBMlJD_wH3-34njrVZqpww,@devirinStardust1203,36,3年,Member (3 years),,不明,,,16,427,0,2026-09-12 14:02,2026-10-10 22:03,,,https://www.youtube.com/channel/UCxBMlJD_wH3-34njrVZqpww
UCt8C_pSga6Phhxq-05S3dhA,@factor4-f3b,36,3年,Member (3 years),,不明,,,15,329,0,2026-09-12 14:02,2026-10-10 22:03,,,https://www.youtube.com/channel/UCt8C_pSga6Phhxq-05S3dhA
UCs2UJ6V4nbvB7tOLhGHLhxg,@かざり_kazari,36,3年,Member (3 years),,不明,,,15,348,0,2026-09-12 14:02,2026-10-10 12:03,,,https://www.youtube.com/channel/UCs2UJ6V4nbvB7tOLhGHLhxg
UCgp8RUssxd32knnLPvepPtg,@ネア-社畜の星屑,36,3年,Member (3 years),,不明,,,14,705,5,2026-09-12 14:02,2026-10-10 12:03,,,https://www.youtube.com/channel/UCgp8RUssxd32knnLPvepPtg
UC96BIM1hjqW9to0W9stdpRA,@tomoya8975,36,3年,Member (3 years),,不明,,,14,525,3,2026-09-12 14:02,2026-10-10 22:03,,,https://www.youtube.com/channel/UC96BIM1hjqW9to0W9stdpRA
UCBZ5hGYxlge1Sb7rdH9Un7g,@ice-0-milk,36,3年,Member (3 years),,不明,,,12,59,0,2026-09-12 14:02,2026-10-10 22:03,,,https://www.youtube.com/channel/UCBZ5hGYxlge1Sb7rdH9Un7g
UCMR91MaH3TnhB7xPAe3f5uQ,@雪落_yukiochi,36,3年,Member (3 years),,不明,,,12,1079,0,2026-09-12 22:01,2026-10-10 22:03,,,https://www.youtube.com/channel/UCMR91MaH3TnhB7xPAe3f5uQ
UCRmOXh9i14Y6AwmybOmymSA,@doryu_garchomp,36,3年,Member (3 years),,不明,,,11,205,0,2026-09-12 22:01,2026-10-10 22:03,,,https://www.youtube.com/channel/UCRmOXh9i14Y6AwmybOmymSA
UCWOsmeWOVjr1bNYsWTMKKEg,@トッポ-r5f,36,3年,Member (3 years),,不明,,,10,319,4,2026-09-12 22:01,2026-10-10 22:03,,,https://www.youtube.com/channel/UCWOsmeWOVjr1bNYsWTMKKEg
UCoXWgXnmfGzLSBMwAdIhZoQ,@-Amadeus,36,3年,Member (3 years),,不明,,,10,47,0,2026-09-14 19:02,2026-10-10 12:03,,,https://www.youtube.com/channel/UCoXWgXnmfGzLSBMwAdIhZoQ
UCbz791CklbxrS-a5Zxoua3w,@weissblut,36,3年,Member (3 years),,不明,,,8,107,2,2026-09-12 14:02,2026-10-10 12:03,,,https://www.youtube.com/channel/UCbz791CklbxrS-a5Zxoua3w
UCk6q4wFM6jcnh8LhUs5pmyA,@ゆず-yuzu_6,36,3年,Member (3 years),,不明,,,7,60,0,2026-09-12 14:02,2026-10-06 21:00,,,https://www.youtube.com/channel/UCk6q4wFM6jcnh8LhUs5pmyA
UCONCdwRBYHG7wK4bs5j6KPw,@かまぼこ-k7h,36,3年,Member (3 years),,不明,,,7,42,0,2026-09-12 14:02,2026-10-06 21:00,,,https://www.youtube.com/channel/UCONCdwRBYHG7wK4bs5j6KPw
UCwI9V7lL_O0LncfwX2XVWVA,@ラヅー,36,3年,Member (3 years),,不明,,,7,101,0,2026-09-12 22:01,2026-10-06 21:00,,,https://www.youtube.com/channel/UCwI9V7lL_O0LncfwX2XVWVA
UCAKznBHH4VKl_6HkM3nWtXw,@林立晟-v1x,36,3年,Member (3 years),,不明,,,7,72,0,2026-09-16 14:33,2026-10-10 12:03,,,https://www.youtube.com/channel/UCAKznBHH4VKl_6HkM3nWtXw
UCHuyJAo9zM8aa_ot94v4s_g,@clover-h725k,36,3年,Member (3 years),,不明,,,6,9,0,2026-09-12 14:02,2026-10-06 21:00,,,https://www.youtube.com/channel/UCHuyJAo9zM8aa_ot94v4s_g
UCX1YMcQDpKD9Yha_wcM-d_Q,@HRRD_rd,36,3年,Member (3 years),,不明,,,6,287,0,2026-09-19 12:02,2026-10-10 12:03,,,https://www.youtube.com/channel/UCX1YMcQDpKD9Yha_wcM-d_Q
UC2tyTOfKItFLb0bUa9HwubA,@楠木ライザ様,36,3年,Member (3 years),,不明,,,5,19,0,2026-09-12 14:02,2026-09-22 14:00,,,https://www.youtube.com/channel/UC2tyTOfKItFLb0bUa9HwubA
UCg2UiGWDvByelHw70T4FK3g,@nishizono8715,36,3年,Member (3 years),,不明,,,5,32,0,2026-09-12 22:01,2026-10-10 22:03,,,https://www.youtube.com/channel/UCg2UiGWDvByelHw70T4FK3g
UCPHGH6OZpH0kRkijknn_sgQ,@ビクト-melltwrite,36,3年,Member (3 years),,不明,,,5,248,3,2026-09-16 21:02,2026-10-06 21:00,,,https://www.youtube.com/channel/UCPHGH6OZpH0kRkijknn_sgQ
UCmBH5QIUBpMU-yhQCGnsSCQ,@K6_u3y,36,3年,Member (3 years),,不明,,,5,9,0,2026-09-19 12:02,2026-10-10 12:03,,,https://www.youtube.com/channel/UCmBH5QIUBpMU-yhQCGnsSCQ
UC37bm7gks8-XTF5ec12SwHA,@熊の中の人-v3s,36,3年,Member (3 years),,不明,,,5,20,1,2026-09-20 19:33,2026-10-06 21:00,,,https://www.youtube.com/channel/UC37bm7gks8-XTF5ec12SwHA
UC7HELuhzraJcT_-pypkbweA,@awamori2325,36,3年,Member (3 years),,不明,,,4,124,0,2026-09-12 14:02,2026-09-26 12:02,,,https://www.youtube.com/channel/UC7HELuhzraJcT_-pypkbweA
UCuFBIt1RTMtu6vaNgqOodFw,@まめっこ-m5i,36,3年,Member (3 years),,不明,,,4,37,0,2026-09-12 22:01,2026-10-10 22:03,,,https://www.youtube.com/channel/UCuFBIt1RTMtu6vaNgqOodFw
UCYFJHj1BFaqjZhv5_ygX0bQ,@長い尻尾,36,3年,Member (3 years),,不明,,,4,74,0,2026-09-14 19:02,2026-10-06 21:00,,,https://www.youtube.com/channel/UCYFJHj1BFaqjZhv5_ygX0bQ
UCv-J6AuYT7EloXimNx_iItg,@気づいたら脚に青タン,36,3年,Member (3 years),,不明,,,4,75,0,2026-09-19 12:02,2026-10-10 12:03,,,https://www.youtube.com/channel/UCv-J6AuYT7EloXimNx_iItg
UCQCHq3wHTctPLMlBSFjsQgw,@じんしゃん-c5t,36,3年,Member (3 years),36,星くずたち,マイルストーン,,4,253,0,2026-09-19 12:02,2026-10-02 20:01,,,https://www.youtube.com/channel/UCQCHq3wHTctPLMlBSFjsQgw
UCFKQXFnmU6kBr5cs2OrlAMA,@オッキー999,36,3年,Member (3 years),,不明,,,3,6,0,2026-09-12 14:02,2026-09-29 18:58,,,https://www.youtube.com/channel/UCFKQXFnmU6kBr5cs2OrlAMA
UCTmQcGn1LrA1mFW_g7YJwqA,@しょーし-g6x,36,3年,Member (3 years),,不明,,,3,3,0,2026-09-12 14:02,2026-10-06 21:00,,,https://www.youtube.com/channel/UCTmQcGn1LrA1mFW_g7YJwqA
UCcZHxjOEmJEfcV2P6JQo48Q,@8ゆう8,36,3年,Member (3 years),,不明,,,3,4,0,2026-09-12 22:01,2026-09-26 22:01,,,https://www.youtube.com/channel/UCcZHxjOEmJEfcV2P6JQo48Q
UCV8JSm75CYjXPQheEHmQFdg,@朝ギリギリまで寝てたいです,36,3年,Member (3 years),,不明,,,3,8,1,2026-09-17 22:46,2026-10-06 21:00,,,https://www.youtube.com/channel/UCV8JSm75CYjXPQheEHmQFdg
UCkQnq-q4ErFoKRI1IlDNMag,@バードンz,36,3年,Member (3 years),,不明,,,3,14,0,2026-09-18 21:01,2026-09-20 12:16,,,https://www.youtube.com/channel/UCkQnq-q4ErFoKRI1IlDNMag
UCjPLLgtX9OMvH_UyYVcJhGA,@ken_apocalypse,36,3年,Member (3 years),,不明,,,3,3,1,2026-09-19 12:02,2026-10-10 12:03,,,https://www.youtube.com/channel/UCjPLLgtX9OMvH_UyYVcJhGA
UC22ilI1UvghVRVIW-wZYKRA,@fx-rk4nf,36,3年,Member (3 years),,不明,,,3,208,0,2026-09-26 12:02,2026-10-10 12:03,,,https://www.youtube.com/channel/UC22ilI1UvghVRVIW-wZYKRA
UCQH2_DuwS6v_RfJvpeGyHtw,@リドナエ,36,3年,Member (3 years),,不明,,,2,2,0,2026-09-12 22:01,2026-10-06 21:00,,,https://www.youtube.com/channel/UCQH2_DuwS6v_RfJvpeGyHtw
UC9RmdJ1roArLmecGQFd8--Q,@acolyte-アコライト,36,3年,Member (3 years),,不明,,,2,2,0,2026-09-16 14:33,2026-09-22 14:00,,,https://www.youtube.com/channel/UC9RmdJ1roArLmecGQFd8--Q
UCbnIoqUCbSAUA2-KPn6820A,@naoki6139,36,3年,Member (3 years),,不明,,,2,10,0,2026-09-19 12:02,2026-10-02 20:01,,,https://www.youtube.com/channel/UCbnIoqUCbSAUA2-KPn6820A
UC8lIDQVwneliJ-NDZg9KJBA,@カニカマ-k5t,36,3年,Member (3 years),,不明,,,2,5,0,2026-09-19 12:02,2026-09-20 12:16,,,https://www.youtube.com/channel/UC8lIDQVwneliJ-NDZg9KJBA
UC80H_y4t_SpM54SsDeFxMOw,@アバンギャルド田中,36,3年,Member (3 years),,不明,,,2,12,0,2026-09-19 12:02,2026-09-26 12:02,,,https://www.youtube.com/channel/UC80H_y4t_SpM54SsDeFxMOw
UC1N49xtx5puLje9g-pAoIPA,@RUKINAna,36,3年,Member (3 years),,不明,,,2,9,0,2026-09-19 12:02,2026-09-19 22:02,,,https://www.youtube.com/channel/UC1N49xtx5puLje9g-pAoIPA
UCyjT_diZtomKLzYCaj2FslA,@もばに,36,3年,Member (3 years),,不明,,,2,30,0,2026-09-19 22:02,2026-09-22 14:00,,,https://www.youtube.com/channel/UCyjT_diZtomKLzYCaj2FslA
UCsLJkCDdlVbRkaqWxmvdF9A,@rfsiren,36,3年,Member (3 years),,不明,,,2,6,0,2026-09-19 22:02,2026-09-26 22:01,,,https://www.youtube.com/channel/UCsLJkCDdlVbRkaqWxmvdF9A
UCId_Ib1g8fpB5iIfo75IOeQ,@kotone_琴音,36,3年,Member (3 years),,不明,,,2,5,0,2026-09-22 14:00,2026-09-26 12:02,,,https://www.youtube.com/channel/UCId_Ib1g8fpB5iIfo75IOeQ
UC7QTQ9bGMoh6QuS1HRgDnmg,@燕鷲-エンジュ,36,3年,Member (3 years),,不明,,,2,3,0,2026-09-23 15:01,2026-09-26 12:02,,,https://www.youtube.com/channel/UC7QTQ9bGMoh6QuS1HRgDnmg
UCwG9PEr_VGlWTpL7gzJjF4A,@青菜-Aona,36,3年,Member (3 years),,不明,,,2,4,0,2026-09-26 22:01,2026-10-03 22:01,,,https://www.youtube.com/channel/UCwG9PEr_VGlWTpL7gzJjF4A
UCYyg6oH8rIZ67NGkXg9v3yg,@kkil_ou,36,3年,Member (3 years),,不明,,,2,21,0,2026-09-29 18:58,2026-10-05 19:02,,,https://www.youtube.com/channel/UCYyg6oH8rIZ67NGkXg9v3yg
UCAlk4gPE-BEtVAPml323n6g,@o0くぅちゃん0o,36,3年,Member (3 years),,不明,,,1,18,0,2026-09-12 14:02,2026-09-12 14:02,,,https://www.youtube.com/channel/UCAlk4gPE-BEtVAPml323n6g
UCK6lUgoWMMm2WAoPLO3cz5Q,@熊鍋kumanabe,36,3年,Member (3 years),,不明,,,1,2,0,2026-09-12 14:02,2026-09-12 14:02,,,https://www.youtube.com/channel/UCK6lUgoWMMm2WAoPLO3cz5Q
UCBHOoR9GBc4IVeWzx1Hc8wA,@華那魅ヴェンデッタ,36,3年,Member (3 years),,不明,,,1,4,0,2026-09-12 14:02,2026-09-12 14:02,,,https://www.youtube.com/channel/UCBHOoR9GBc4IVeWzx1Hc8wA
UCRRakY9lFcmBHEzEhiUT6xA,@AkariChitose,36,3年,Member (3 years),,不明,,,1,2,0,2026-09-14 19:02,2026-09-14 19:02,,,https://www.youtube.com/channel/UCRRakY9lFcmBHEzEhiUT6xA
UCd3I0ewJHA-rqfEEnnm8EdA,@icuesu,36,3年,Member (3 years),,星くずたち,再加入/レベル変更,,1,1,0,2026-09-16 14:33,2026-09-16 14:33,,,https://www.youtube.com/channel/UCd3I0ewJHA-rqfEEnnm8EdA
UCzqPrZ_lxFCF3y4ZXRcWosQ,@渚リクヤ,36,3年,Member (3 years),,不明,,,1,1,0,2026-09-18 21:01,2026-09-18 21:01,,,https://www.youtube.com/channel/UCzqPrZ_lxFCF3y4ZXRcWosQ
UCwyg8pXe8rucVlPSZoUwSyQ,@mofu2_nekko,36,3年,Member (3 years),,不明,,,1,5,0,2026-09-19 12:02,2026-09-19 12:02,,,https://www.youtube.com/channel/UCwyg8pXe8rucVlPSZoUwSyQ
UCc_wkh20ZA45MGJTMW2eVIQ,@defnd_hs,36,3年,Member (3 years),,不明,,,1,1,0,2026-09-19 22:02,2026-09-19 22:02,,,https://www.youtube.com/channel/UCc_wkh20ZA45MGJTMW2eVIQ
UCUvRDg7CEpSGBH2YbMqtqgA,@峰らる-x1j,36,3年,Member (3 years),,不明,,,1,10,0,2026-09-22 14:00,2026-09-22 14:00,,,https://www.youtube.com/channel/UCUvRDg7CEpSGBH2YbMqtqgA
UCNKseW7xAdpB4jt980ryMsQ,@yuna0310yuna,36,3年,Member (3 years),39,星くずたち,マイルストーン,,1,1,0,2026-09-22 14:00,2026-09-22 14:00,,,https://www.youtube.com/channel/UCNKseW7xAdpB4jt980ryMsQ
UCJeYTMDbpl3Na0gLc6N5pgA,@かるり-n9w,36,3年,Member (3 years),,不明,,,1,2,0,2026-09-22 14:00,2026-09-22 14:00,,,https://www.youtube.com/channel/UCJeYTMDbpl3Na0gLc6N5pgA
UCRAFfUqmc-feI323ID3BvUQ,@アケル-k7h,36,3年,Member (3 years),,不明,,,1,3,1,2026-09-22 14:00,2026-09-22 14:00,,,https://www.youtube.com/channel/UCRAFfUqmc-feI323ID3BvUQ
UCWDQuY-WFxy-vUF_4NFQjpQ,@maccha_まっちゃ,36,3年,Member (3 years),,不明,,,1,5,0,2026-09-23 15:01,2026-09-23 15:01,,,https://www.youtube.com/channel/UCWDQuY-WFxy-vUF_4NFQjpQ
UCOPmjVD_46o0FfbrfKazq3A,@のらちき,36,3年,Member (3 years),,不明,,,1,21,0,2026-09-26 12:02,2026-09-26 12:02,,,https://www.youtube.com/channel/UCOPmjVD_46o0FfbrfKazq3A
UCWmKVU3EtSKyuNEgJSf6eCA,@みゅみゅ-j1s,36,3年,Member (3 years),,不明,,,1,2,0,2026-09-26 12:02,2026-09-26 12:02,,,https://www.youtube.com/channel/UCWmKVU3EtSKyuNEgJSf6eCA
UCdoR334IwFsG3vGhaKD5Vbw,@SKB皇帝,36,3年,Member (3 years),,不明,,,1,1,0,2026-09-26 12:02,2026-09-26 12:02,,,https://www.youtube.com/channel/UCdoR334IwFsG3vGhaKD5Vbw
UCvQ2oGx4umyrlvmRzBEJWsA,@hakuya1215,36,3年,Member (3 years),,不明,,,1,1,0,2026-09-26 22:01,2026-09-26 22:01,,,https://www.youtube.com/channel/UCvQ2oGx4umyrlvmRzBEJWsA
UCjP85fnmJY0fWIKVY4LKMXg,@ななりん-rimix,36,3年,Member (3 years),,不明,,,1,3,0,2026-09-29 18:58,2026-09-29 18:58,,,https://www.youtube.com/channel/UCjP85fnmJY0fWIKVY4LKMXg
UCv_4RhTl0Y9m2pCjv1H7ooQ,@あぐー_aguuuu,36,3年,Member (3 years),,不明,,,1,19,0,2026-09-29 18:58,2026-09-29 18:58,,,https://www.youtube.com/channel/UCv_4RhTl0Y9m2pCjv1H7ooQ
UC8ATG1CSopFLieKiLec7aGw,@KUU-le8eu,36,3年,Member (3 years),,不明,,,1,1,0,2026-09-29 18:58,2026-09-29 18:58,,,https://www.youtube.com/channel/UC8ATG1CSopFLieKiLec7aGw
UCOyATJEFbwdgLMir1KvtuyA,@nono-4187,36,3年,Member (3 years),,不明,,,1,5,0,2026-10-03 22:01,2026-10-03 22:01,,,https://www.youtube.com/channel/UCOyATJEFbwdgLMir1KvtuyA
UCargToSMGTKbLaVuiXT_dQg,@teruバンビー,36,3年,Member (3 years),39,星くずたち,マイルストーン,,1,0,0,2026-10-05 19:02,2026-10-05 19:02,,,https://www.youtube.com/channel/UCargToSMGTKbLaVuiXT_dQg
UCYibXr4X87O1Ehn48MIwaiA,@リぃさま,36,3年,Member (3 years),,星くずたち,再加入/レベル変更,,1,0,0,2026-10-05 19:02,2026-10-05 19:02,,,https://www.youtube.com/channel/UCYibXr4X87O1Ehn48MIwaiA
UCD00keuJWXteUiLNSaxdwFQ,@Neil0112,36,3年,Member (3 years),,不明,,,1,1,0,2026-10-06 21:00,2026-10-06 21:00,,,https://www.youtube.com/channel/UCD00keuJWXteUiLNSaxdwFQ
UCPCFgiaV_4_Vl4ey5TIbJ7Q,@コヒゼリマン,36,3年,Member (3 years),,不明,,,1,18,0,2026-10-10 12:03,2026-10-10 12:03,,,https://www.youtube.com/channel/UCPCFgiaV_4_Vl4ey5TIbJ7Q
UC3Zt9TMV6Q3GaIcgbr17XbA,@yuusukeゆうすけ-k4j,24,2年,Member (2 years),,不明,,,23,474,0,2026-09-12 14:02,2026-10-10 22:03,,,https://www.youtube.com/channel/UC3Zt9TMV6Q3GaIcgbr17XbA
UCkPrDjFjafWvrKc5erkEyLg,@SHUN-001,24,2年,Member (2 years),,不明,,,23,106,0,2026-09-12 14:02,2026-10-10 22:03,,,https://www.youtube.com/channel/UCkPrDjFjafWvrKc5erkEyLg
UClHRDlURl2UhPCMybpd0GlA,@れむりー-5317,24,2年,Member (2 years),,不明,,,22,1076,0,2026-09-12 14:02,2026-10-10 22:03,,,https://www.youtube.com/channel/UClHRDlURl2UhPCMybpd0GlA
UCHV97eWvC9msgWxeOKk9oKQ,@レイジ_rab,24,2年,Member (2 years),,不明,,,21,2545,2,2026-09-12 14:02,2026-10-10 22:03,,,https://www.youtube.com/channel/UCHV97eWvC9msgWxeOKk9oKQ
UCTy4M9gabM4uqoxmSAzTaAQ,@まちゃ-g1b,24,2年,Member (2 years),,不明,,,21,3268,6,2026-09-12 14:02,2026-10-10 22:03,,,https://www.youtube.com/channel/UCTy4M9gabM4uqoxmSAzTaAQ
UCfKI6ntuYAxkurx0BJZcEGw,@んがよッぱ,24,2年,Member (2 years),,不明,,,20,1117,1,2026-09-12 14:02,2026-10-10 22:03,,,https://www.youtube.com/channel/UCfKI6ntuYAxkurx0BJZcEGw
UC9SQX2nAJfuciW_HN8WLFhw,@ドラムのチューニングと向き合う,24,2年,Member (2 years),,不明,,,17,522,0,2026-09-12 22:01,2026-10-10 22:03,,,https://www.youtube.com/channel/UC9SQX2nAJfuciW_HN8WLFhw
UCnmqvYGb-EqFrb6yxX81N2Q,@カナン-w9y,24,2年,Member (2 years),,不明,,,16,412,0,2026-09-12 14:02,2026-10-10 22:03,,,https://www.youtube.com/channel/UCnmqvYGb-EqFrb6yxX81N2Q
UCrmworaByfza8bDHRHB27LA,@ナマケモノ-x3z,24,2年,Member (2 years),,不明,,,13,1061,0,2026-09-12 14:02,2026-10-06 21:00,,,https://www.youtube.com/channel/UCrmworaByfza8bDHRHB27LA
UCQ1PBeTO-GIX-ZnxDiNs4BQ,@水玉ぜんざい,24,2年,Member (2 years),,不明,,,13,157,0,2026-09-12 22:01,2026-10-10 22:03,,,https://www.youtube.com/channel/UCQ1PBeTO-GIX-ZnxDiNs4BQ
UCwG2KRw6LHTNDjyiIH-ardg,@Nyaruka,24,2年,Member (2 years),,不明,,,13,29,0,2026-09-12 22:01,2026-10-06 21:00,,,https://www.youtube.com/channel/UCwG2KRw6LHTNDjyiIH-ardg
UCLcAcPXhgBVdU1SgggYuEmQ,@寝落ち隊長,24,2年,Member (2 years),,不明,,,12,51,0,2026-09-12 14:02,2026-10-10 12:03,,,https://www.youtube.com/channel/UCLcAcPXhgBVdU1SgggYuEmQ
UC0VGaaH-N5SDrvKGuLGoSsg,@かぐら-o1h,24,2年,Member (2 years),,不明,,,11,152,1,2026-09-12 14:02,2026-10-05 19:02,,,https://www.youtube.com/channel/UC0VGaaH-N5SDrvKGuLGoSsg
UCo7-0OOoLb_6FrwOzGaou7g,@キル-x5w,24,2年,Member (2 years),,不明,,,11,97,0,2026-09-12 14:02,2026-10-05 19:02,,,https://www.youtube.com/channel/UCo7-0OOoLb_6FrwOzGaou7g
UC1LEj0wYAG1lnWbWYyfZd_A,@まめせんべい-w4y,24,2年,Member (2 years),,不明,,,11,629,0,2026-09-12 14:02,2026-10-10 12:03,,,https://www.youtube.com/channel/UC1LEj0wYAG1lnWbWYyfZd_A
UCDEaVt9-mVReUcTLpHe3LkA,@エストイ,24,2年,Member (2 years),,不明,,,11,750,0,2026-09-12 22:01,2026-10-10 22:03,,,https://www.youtube.com/channel/UCDEaVt9-mVReUcTLpHe3LkA
UCoMjA7CfxaGzeqG2n6VXMBg,@とりん_Torin,24,2年,Member (2 years),,不明,,,10,714,1,2026-09-12 22:01,2026-10-10 12:03,,,https://www.youtube.com/channel/UCoMjA7CfxaGzeqG2n6VXMBg
UCx6h426B8zOpZEMxLAFjWIQ,@ほーぷ-BB,24,2年,Member (2 years),,不明,,,9,162,0,2026-09-12 14:02,2026-10-10 22:03,,,https://www.youtube.com/channel/UCx6h426B8zOpZEMxLAFjWIQ
UCCyzNHJ6YO-TUSSMQDyuI9Q,@自動卵割り機,24,2年,Member (2 years),,不明,,,9,198,5,2026-09-12 22:01,2026-10-10 22:03,,,https://www.youtube.com/channel/UCCyzNHJ6YO-TUSSMQDyuI9Q
UCsUW_ca7Y3RPTPcsIVdMWVQ,@やきばーど-ykb,24,2年,Member (2 years),,不明,,,8,1406,14,2026-09-12 22:01,2026-10-10 22:03,,,https://www.youtube.com/channel/UCsUW_ca7Y3RPTPcsIVdMWVQ
UCbaPW-nntzuomcUTo_WwukA,@アイかな,24,2年,Member (2 years),,不明,,,8,370,0,2026-09-12 22:01,2026-10-10 22:03,,,https://www.youtube.com/channel/UCbaPW-nntzuomcUTo_WwukA
UCJBVqpl03sLN8ItqrkGWV_Q,@みなと.sayo_mito,24,2年,Member (2 years),26,星くずたち,マイルストーン,,8,159,1,2026-09-14 19:02,2026-10-10 22:03,,,https://www.youtube.com/channel/UCJBVqpl03sLN8ItqrkGWV_Q
UC5Q9YsPYJ86Rk6P2GZRF1VA,@しふぁ-n9t,24,2年,Member (2 years),,不明,,,8,92,0,2026-09-14 19:02,2026-10-10 22:03,,,https://www.youtube.com/channel/UC5Q9YsPYJ86Rk6P2GZRF1VA
UCbz84DAbxgCMLTnxHWr0lPw,@ばーむ-o1m,24,2年,Member (2 years),,不明,,,8,49,0,2026-09-18 21:01,2026-10-10 12:03,,,https://www.youtube.com/channel/UCbz84DAbxgCMLTnxHWr0lPw
UCLLzHpQ4_ci3qOdcCEwEaFA,@吾輩はチビである,24,2年,Member (2 years),,不明,,,7,91,0,2026-09-12 14:02,2026-10-05 19:02,,,https://www.youtube.com/channel/UCLLzHpQ4_ci3qOdcCEwEaFA
UCBNcW0cTyXHtlszT7mBKOqQ,@コウメイ-h7i,24,2年,Member (2 years),,不明,,,7,69,0,2026-09-14 19:02,2026-10-06 21:00,,,https://www.youtube.com/channel/UCBNcW0cTyXHtlszT7mBKOqQ
UCgvMXNSJgD7xZKfnLGwfYAg,@Hisaka0805,24,2年,Member (2 years),,不明,,,6,23,0,2026-09-12 14:02,2026-10-03 12:00,,,https://www.youtube.com/channel/UCgvMXNSJgD7xZKfnLGwfYAg
UCJHRQHokYWAjPlxMZUk4X2g,@黒猫鬼,24,2年,Member (2 years),,不明,,,6,48,0,2026-09-12 14:02,2026-10-05 19:02,,,https://www.youtube.com/channel/UCJHRQHokYWAjPlxMZUk4X2g
UCGHdMhLkYQgMpPTrl82j01A,@みゅうと0807,24,2年,Member (2 years),,不明,,,6,14,1,2026-09-12 14:02,2026-10-06 21:00,,,https://www.youtube.com/channel/UCGHdMhLkYQgMpPTrl82j01A
UC4fQ09jXuvAjF34nSzTCX8g,@ういたん-k1g,24,2年,Member (2 years),,不明,,,6,19,0,2026-09-12 14:02,2026-10-10 22:03,,,https://www.youtube.com/channel/UC4fQ09jXuvAjF34nSzTCX8g
UCx6tX405KDPhRe0AeMSFteA,@空月-soratuki,24,2年,Member (2 years),,不明,,,6,1472,0,2026-09-12 22:01,2026-10-06 21:00,,,https://www.youtube.com/channel/UCx6tX405KDPhRe0AeMSFteA
UCFQki74rPNcQz9B2F4lAxmQ,@yuusei667,24,2年,Member (2 years),,不明,,,6,9,0,2026-09-12 22:01,2026-10-10 22:03,,,https://www.youtube.com/channel/UCFQki74rPNcQz9B2F4lAxmQ
UCAN1Q1Y8sHwTAyLCROHGBHQ,@そうじ-k2e,24,2年,Member (2 years),,不明,,,6,6,6,2026-09-12 22:01,2026-10-10 22:03,,,https://www.youtube.com/channel/UCAN1Q1Y8sHwTAyLCROHGBHQ
UCWMfiw5tl_hILi3yJye4jWQ,@さおだけやZ,24,2年,Member (2 years),,不明,,,6,138,0,2026-09-16 14:33,2026-10-05 19:02,,,https://www.youtube.com/channel/UCWMfiw5tl_hILi3yJye4jWQ
UCe-jeL6-zLn6tKjg4IVTygA,@あおのり-aonori,24,2年,Member (2 years),,不明,,,5,99,0,2026-09-12 22:01,2026-10-10 22:03,,,https://www.youtube.com/channel/UCe-jeL6-zLn6tKjg4IVTygA
UCfFgMAaLxDJmXxhEy-ZUPTg,@ゲ島デュフる,24,2年,Member (2 years),,不明,,,5,337,0,2026-09-12 22:01,2026-10-10 22:03,,,https://www.youtube.com/channel/UCfFgMAaLxDJmXxhEy-ZUPTg
UC5IJ2YRYV5hjcYue0-TbPJQ,@まりな01225,24,2年,Member (2 years),,不明,,,4,10,0,2026-09-12 14:02,2026-10-03 12:00,,,https://www.youtube.com/channel/UC5IJ2YRYV5hjcYue0-TbPJQ
UC3lViG4Yp73tmWW38tTe1eA,@ねんねんころりんにゃむー,24,2年,Member (2 years),,不明,,,4,23,1,2026-09-12 14:02,2026-10-06 21:00,,,https://www.youtube.com/channel/UC3lViG4Yp73tmWW38tTe1eA
UCM5YvvzFwhAqdg5dyBGacUA,@Noah_Akatsuki,24,2年,Member (2 years),,不明,,,4,17,0,2026-09-12 14:02,2026-10-10 12:03,,,https://www.youtube.com/channel/UCM5YvvzFwhAqdg5dyBGacUA
UChHSSgx43vJpOA5b4Gxd8Jg,@パプリ力星人18号,24,2年,Member (2 years),,不明,,,4,115,0,2026-09-12 22:01,2026-10-10 22:03,,,https://www.youtube.com/channel/UChHSSgx43vJpOA5b4Gxd8Jg
UCM_cyEEjyJf4gUJUWBJ3rBA,@useless92,24,2年,Member (2 years),29,星くずたち,マイルストーン,,4,3,0,2026-09-12 22:01,2026-09-26 22:01,,,https://www.youtube.com/channel/UCM_cyEEjyJf4gUJUWBJ3rBA
UCwrpeBUF-xEqI4Tu0U9s49w,@noel_hskz,24,2年,Member (2 years),,不明,,,4,16,0,2026-09-16 14:33,2026-10-10 22:03,,,https://www.youtube.com/channel/UCwrpeBUF-xEqI4Tu0U9s49w
UCoyhDbyAw_107ULseRUm50g,@ななせ-q5q,24,2年,Member (2 years),,不明,,,4,7,0,2026-09-18 21:01,2026-10-10 22:03,,,https://www.youtube.com/channel/UCoyhDbyAw_107ULseRUm50g
UCZfEHK1KXt2CiLLmlCpiEvQ,@gastom.n6841,24,2年,Member (2 years),,不明,,,4,8,0,2026-09-20 12:16,2026-10-02 20:01,,,https://www.youtube.com/channel/UCZfEHK1KXt2CiLLmlCpiEvQ
UCq3rTRDodZV2t-9wnh_Rpmw,@0513fran,24,2年,Member (2 years),,不明,,,4,47,0,2026-09-26 12:02,2026-10-06 21:00,,,https://www.youtube.com/channel/UCq3rTRDodZV2t-9wnh_Rpmw
UC4dYzodTrxxxg5OSdtbq-ZQ,@姫柊-himeragi,24,2年,Member (2 years),,不明,,,3,9,0,2026-09-12 14:02,2026-09-26 22:01,,,https://www.youtube.com/channel/UC4dYzodTrxxxg5OSdtbq-ZQ
UCJxD0n_Nb0ipcs0uBv3-KAw,@ヒデ-z5n,24,2年,Member (2 years),,不明,,,3,8,0,2026-09-12 14:02,2026-09-22 14:00,,,https://www.youtube.com/channel/UCJxD0n_Nb0ipcs0uBv3-KAw
UCDVH7IID6mD3BEtMfmNtxOg,@たそこ-i8c,24,2年,Member (2 years),,不明,,,3,11,0,2026-09-14 19:02,2026-10-06 21:00,,,https://www.youtube.com/channel/UCDVH7IID6mD3BEtMfmNtxOg
UCJN4TH40ZaG59HFJ9mpCwag,@やきまるだゆう,24,2年,Member (2 years),,不明,,,3,74,3,2026-09-16 14:33,2026-09-23 15:01,,,https://www.youtube.com/channel/UCJN4TH40ZaG59HFJ9mpCwag
UCCcEYssxZuyAIgu6SMJkCBA,@未来の夜空,24,2年,Member (2 years),,不明,,,3,22,0,2026-09-17 22:46,2026-09-20 19:33,,,https://www.youtube.com/channel/UCCcEYssxZuyAIgu6SMJkCBA
UC3KP89PuKjZcZnmjB1oxlZQ,@わんた-h8y,24,2年,Member (2 years),,不明,,,3,31,0,2026-09-17 22:46,2026-10-05 19:02,,,https://www.youtube.com/channel/UC3KP89PuKjZcZnmjB1oxlZQ
UCAD02HqRB65GgHmMNWPTalA,@Youはmeの道徳,24,2年,Member (2 years),,不明,,,3,9,0,2026-09-22 14:00,2026-10-06 21:00,,,https://www.youtube.com/channel/UCAD02HqRB65GgHmMNWPTalA
UC-AYYpBGB5u-3zsVpqxiVSw,@irupiいるぴ,24,2年,Member (2 years),,不明,,,2,2,0,2026-09-12 14:02,2026-10-10 22:03,,,https://www.youtube.com/channel/UC-AYYpBGB5u-3zsVpqxiVSw
UCBbO8i5dYgTg48yjj5_Xi8g,@ふろいら,24,2年,Member (2 years),,不明,,,2,11,0,2026-09-12 14:02,2026-09-16 21:02,,,https://www.youtube.com/channel/UCBbO8i5dYgTg48yjj5_Xi8g
UCbZE2u_HbvQaXrtDdhtIQXg,@大島道,24,2年,Member (2 years),28,星くずたち,マイルストーン,,2,3,0,2026-09-12 14:02,2026-09-19 12:02,,,https://www.youtube.com/channel/UCbZE2u_HbvQaXrtDdhtIQXg
UCxooLou__7d4ZcPw4iLcZDg,@桜星-39,24,2年,Member (2 years),,不明,,,2,3,0,2026-09-12 22:01,2026-09-19 22:02,,,https://www.youtube.com/channel/UCxooLou__7d4ZcPw4iLcZDg
UCQZPWZHtorpjQh0KkgxlBHA,@翠緑-i6c,24,2年,Member (2 years),,不明,,,2,3,0,2026-09-12 22:01,2026-10-03 22:01,,,https://www.youtube.com/channel/UCQZPWZHtorpjQh0KkgxlBHA
UCAzadfpTSaMkETUORnNDLPQ,@LS.IZAYOI,24,2年,Member (2 years),,不明,,,2,11,1,2026-09-14 19:02,2026-10-05 19:02,,,https://www.youtube.com/channel/UCAzadfpTSaMkETUORnNDLPQ
UC3v6tDh3htVpcoKitqM4zcg,@あいいろ翔,24,2年,Member (2 years),,不明,,,2,30,0,2026-09-14 19:02,2026-10-05 19:02,,,https://www.youtube.com/channel/UC3v6tDh3htVpcoKitqM4zcg
UC3cGNTPzcbDgAq5X2MxpD1w,@Signout19,24,2年,Member (2 years),,不明,,,2,5,0,2026-09-14 19:02,2026-10-05 19:02,,,https://www.youtube.com/channel/UC3cGNTPzcbDgAq5X2MxpD1w
UC-Rv4lSKxCn7PwIhvxhimQw,@さりゅとん,24,2年,Member (2 years),,不明,,,2,3,0,2026-09-16 14:33,2026-10-05 19:02,,,https://www.youtube.com/channel/UC-Rv4lSKxCn7PwIhvxhimQw
UCjv1YD__a19wl3Tq8Pvw9kg,@sss_Lv19,24,2年,Member (2 years),,不明,,,2,12,0,2026-09-16 14:33,2026-09-23 15:01,,,https://www.youtube.com/channel/UCjv1YD__a19wl3Tq8Pvw9kg
UCAaPKajmgXVMJ0AJz-6a1_g,@ブナシメジ-f9b,24,2年,Member (2 years),,不明,,,2,3,0,2026-09-16 14:33,2026-09-19 12:02,,,https://www.youtube.com/channel/UCAaPKajmgXVMJ0AJz-6a1_g
UCMgq5fEphJop6waV7i--Dbg,@ゆうのすけ-h1y,24,2年,Member (2 years),,不明,,,2,20,0,2026-09-17 22:46,2026-09-23 15:01,,,https://www.youtube.com/channel/UCMgq5fEphJop6waV7i--Dbg
UCUXCgxZ0OPGq4HVDkUfbdmQ,@tomatoになっていく,24,2年,Member (2 years),,不明,,,2,2,0,2026-09-17 22:46,2026-09-23 15:01,,,https://www.youtube.com/channel/UCUXCgxZ0OPGq4HVDkUfbdmQ
UCpnLZKxTUbvfRy1gCg9n3dw,@牛丼依存症候群-q7i,24,2年,Member (2 years),34,星くずたち,マイルストーン,,2,2,0,2026-09-19 12:02,2026-10-03 22:01,,,https://www.youtube.com/channel/UCpnLZKxTUbvfRy1gCg9n3dw
UCgfjHoyhNrS338jO_Ry0C_Q,@眼鏡の翁,24,2年,Member (2 years),,不明,,,2,2,0,2026-09-19 12:02,2026-10-02 20:01,,,https://www.youtube.com/channel/UCgfjHoyhNrS338jO_Ry0C_Q
UCYo2EKK7u44VRTXEF7dGIkA,@mugichoco55,24,2年,Member (2 years),,不明,,,2,7,0,2026-09-19 12:02,2026-10-03 12:00,,,https://www.youtube.com/channel/UCYo2EKK7u44VRTXEF7dGIkA
UC6bdMxQe9Vu_eAKv0LgxmEQ,@emotionalboi.,24,2年,Member (2 years),35,星くずたち,マイルストーン,,2,23,0,2026-09-19 22:02,2026-09-26 22:01,,,https://www.youtube.com/channel/UC6bdMxQe9Vu_eAKv0LgxmEQ
UCBnahQK2CWyNom_0KNAANPg,@Takenoko1920,24,2年,Member (2 years),,不明,,,2,2,0,2026-09-20 12:16,2026-09-26 12:02,,,https://www.youtube.com/channel/UCBnahQK2CWyNom_0KNAANPg
UC-_QNwITCg1hLut6ctyczLw,@なお_n,24,2年,Member (2 years),,不明,,,2,2,0,2026-09-20 12:16,2026-09-26 12:02,,,https://www.youtube.com/channel/UC-_QNwITCg1hLut6ctyczLw
UClngxzBc-4d4GLJtc-6L-EA,@goma-p8g,24,2年,Member (2 years),,不明,,,2,6,0,2026-09-20 19:33,2026-09-29 18:58,,,https://www.youtube.com/channel/UClngxzBc-4d4GLJtc-6L-EA
UCCQFCa-mWgo8hQF8S5VZ1PQ,@saki5746,24,2年,Member (2 years),,不明,,,2,8,0,2026-09-22 14:00,2026-09-29 18:58,,,https://www.youtube.com/channel/UCCQFCa-mWgo8hQF8S5VZ1PQ
UCyCjZasi4qRFNVttxJKSSvA,@サラブレッド-j5z,24,2年,Member (2 years),,不明,,,2,31,0,2026-09-29 18:58,2026-10-05 19:02,,,https://www.youtube.com/channel/UCyCjZasi4qRFNVttxJKSSvA
UCcyDVhTOXZrcBlHU9RKLWZQ,@まくる-o2t,24,2年,Member (2 years),,不明,,,2,2,0,2026-10-02 20:01,2026-10-03 12:00,,,https://www.youtube.com/channel/UCcyDVhTOXZrcBlHU9RKLWZQ
UC0gl-Vseghnq5ZzH22aJV0w,@なましゅん,24,2年,Member (2 years),,不明,,,2,7,0,2026-10-05 19:02,2026-10-06 21:00,,,https://www.youtube.com/channel/UC0gl-Vseghnq5ZzH22aJV0w
UCQAxmYjXMxlQ4TojbEsQBbQ,@デクロボ,24,2年,Member (2 years),,不明,,,2,11,0,2026-10-05 19:02,2026-10-06 21:00,,,https://www.youtube.com/channel/UCQAxmYjXMxlQ4TojbEsQBbQ
UCzhdKEnDLhxF8RVXqkPqdwA,@黒紅96,24,2年,Member (2 years),,不明,,,1,4,0,2026-09-12 14:02,2026-09-12 14:02,,,https://www.youtube.com/channel/UCzhdKEnDLhxF8RVXqkPqdwA
UCMX-pyN1VSOtlxtP25O_yRg,@ykkz55雪風-v4n,24,2年,Member (2 years),,不明,,,1,3,0,2026-09-12 14:02,2026-09-12 14:02,,,https://www.youtube.com/channel/UCMX-pyN1VSOtlxtP25O_yRg
UCnKEg7gBCwwA0Z2xg1wBpSg,@LysGracieux35,24,2年,Member (2 years),,星くずたち,再加入/レベル変更,,1,2,0,2026-09-12 14:02,2026-09-12 14:02,,,https://www.youtube.com/channel/UCnKEg7gBCwwA0Z2xg1wBpSg
UC1sIBHxkpqEhnMi-KShH8DQ,@HirOriN27,24,2年,Member (2 years),,不明,,,1,8,0,2026-09-12 22:01,2026-09-12 22:01,,,https://www.youtube.com/channel/UC1sIBHxkpqEhnMi-KShH8DQ
UCwm7-Z5eaiQLxILXyc6qtSQ,@きらり黒にゃんこ,24,2年,Member (2 years),,不明,,,1,1,0,2026-09-12 22:01,2026-09-12 22:01,,,https://www.youtube.com/channel/UCwm7-Z5eaiQLxILXyc6qtSQ
UCPWWjpwMYwwMLaScTqwYCTQ,@MF-kb8wf,24,2年,Member (2 years),,不明,,,1,2,0,2026-09-12 22:01,2026-09-12 22:01,,,https://www.youtube.com/channel/UCPWWjpwMYwwMLaScTqwYCTQ
UCI5kjn-J302qMBdluxsDJBA,@xen_1800,24,2年,Member (2 years),,不明,,,1,1,0,2026-09-14 19:02,2026-09-14 19:02,,,https://www.youtube.com/channel/UCI5kjn-J302qMBdluxsDJBA
UCGTxUwkF48LQOab-73sbfJw,@hmtrsaan,24,2年,Member (2 years),,不明,,,1,37,0,2026-09-16 14:33,2026-09-16 14:33,,,https://www.youtube.com/channel/UCGTxUwkF48LQOab-73sbfJw
UCQfsa-aLnlUmEPzvzgj2vjA,@ローズjp18,24,2年,Member (2 years),,不明,,,1,3,0,2026-09-16 14:33,2026-09-16 14:33,,,https://www.youtube.com/channel/UCQfsa-aLnlUmEPzvzgj2vjA
UCTRK8kVne2AAQjElf3UEoCw,@そういえばぼくも熱々のピッツァが食,24,2年,Member (2 years),,不明,,,1,2,0,2026-09-19 12:02,2026-09-19 12:02,,,https://www.youtube.com/channel/UCTRK8kVne2AAQjElf3UEoCw
UCvaO5MMiXhMvt3rhol2dQgw,@0nari_0,24,2年,Member (2 years),,不明,,,1,1,0,2026-09-19 22:02,2026-09-19 22:02,,,https://www.youtube.com/channel/UCvaO5MMiXhMvt3rhol2dQgw
UC40XRiBHfYSvtX-vFE6-LJA,@ゆっこ-y3d,24,2年,Member (2 years),,不明,,,1,8,0,2026-09-22 14:00,2026-09-22 14:00,,,https://www.youtube.com/channel/UC40XRiBHfYSvtX-vFE6-LJA
UC5103dHvnep9ejsyLEYBP2w,@Lucy-fy3pi,24,2年,Member (2 years),,不明,,,1,1,0,2026-09-22 14:00,2026-09-22 14:00,,,https://www.youtube.com/channel/UC5103dHvnep9ejsyLEYBP2w
UC26XIrNQDcxGTkmm-HVitYQ,@liAzu4377,24,2年,Member (2 years),,不明,,,1,1,0,2026-09-22 14:00,2026-09-22 14:00,,,https://www.youtube.com/channel/UC26XIrNQDcxGTkmm-HVitYQ
UC58ELjyL73p5WIfYhYxK_Kg,@Seiryu.2,24,2年,Member (2 years),,不明,,,1,1,0,2026-09-23 15:01,2026-09-23 15:01,,,https://www.youtube.com/channel/UC58ELjyL73p5WIfYhYxK_Kg
UCeOO1cDSGtG03aSdq5yajPA,@mayu_o03,24,2年,Member (2 years),,不明,,,1,1,0,2026-09-29 18:58,2026-09-29 18:58,,,https://www.youtube.com/channel/UCeOO1cDSGtG03aSdq5yajPA
UCKFHt4FuXMrcZREOm6a8Syw,@瀬戸天晴_タカハル,24,2年,Member (2 years),,不明,,,1,5,0,2026-10-02 20:01,2026-10-02 20:01,,,https://www.youtube.com/channel/UCKFHt4FuXMrcZREOm6a8Syw
UCk-CK5O4qJ4AeGv1Bqyx7XA,@味たま-w1r,24,2年,Member (2 years),,不明,,,1,1,0,2026-10-02 20:01,2026-10-02 20:01,,,https://www.youtube.com/channel/UCk-CK5O4qJ4AeGv1Bqyx7XA
UCptuiV5d_DPWM6gYszXUGmg,@まっしろ-v1i,24,2年,Member (2 years),,不明,,,1,1,0,2026-10-03 12:00,2026-10-03 12:00,,,https://www.youtube.com/channel/UCptuiV5d_DPWM6gYszXUGmg
UC-PAG8JBQgnqL5Wph79R4hQ,@nachi_chus2,24,2年,Member (2 years),,不明,,,1,1,0,2026-10-05 19:02,2026-10-05 19:02,,,https://www.youtube.com/channel/UC-PAG8JBQgnqL5Wph79R4hQ
UCLdVGjcSUGY4iHw_YKrDXvg,@紅-z4g,24,2年,Member (2 years),,不明,,,1,2,0,2026-10-05 19:02,2026-10-05 19:02,,,https://www.youtube.com/channel/UCLdVGjcSUGY4iHw_YKrDXvg
UC8MxsEQfDUjqZHD4U6sq4mQ,@AZM_barlaw,24,2年,Member (2 years),,不明,,,1,1,0,2026-10-05 19:02,2026-10-05 19:02,,,https://www.youtube.com/channel/UC8MxsEQfDUjqZHD4U6sq4mQ
UCq6bH2ZuQA0XjuR-6AaZOGg,@ぶくぶく茶釜-mm93,24,2年,Member (2 years),,星くずたち,再加入/レベル変更,,1,20,0,2026-10-06 21:00,2026-10-06 21:00,,,https://www.youtube.com/channel/UCq6bH2ZuQA0XjuR-6AaZOGg
UCNzGSHY7skO6MFBgEgISXvw,@明日香りお,24,2年,Member (2 years),,不明,,,1,1,0,2026-10-10 12:03,2026-10-10 12:03,,,https://www.youtube.com/channel/UCNzGSHY7skO6MFBgEgISXvw
UCN_35I1WhKL78mWtHFuy4jA,@フジマル-r9c,12,1年,Member (1 year),,不明,,,23,1245,11,2026-09-12 14:02,2026-10-10 22:03,,,https://www.youtube.com/channel/UCN_35I1WhKL78mWtHFuy4jA
UCrnRebulOOSanV9mtzxraZw,@にじGTAのひかり,12,1年,Member (1 year),,不明,,,23,174,0,2026-09-12 14:02,2026-10-10 22:03,,,https://www.youtube.com/channel/UCrnRebulOOSanV9mtzxraZw
UCJw5SAbN-S6Dwbc9hoKApFg,@mikumo-tb06,12,1年,Member (1 year),,不明,,,22,852,0,2026-09-12 14:02,2026-10-10 22:03,,,https://www.youtube.com/channel/UCJw5SAbN-S6Dwbc9hoKApFg
UCR673seqWOKXdq-qkkBGXgw,@もちごめ-u7s,12,1年,Member (1 year),,不明,,,22,815,0,2026-09-12 14:02,2026-10-10 22:03,,,https://www.youtube.com/channel/UCR673seqWOKXdq-qkkBGXgw
UCHckvV7nIImVQ10OjY-gvfQ,@なつ_oo,12,1年,Member (1 year),,不明,,,22,1486,0,2026-09-12 14:02,2026-10-10 22:03,,,https://www.youtube.com/channel/UCHckvV7nIImVQ10OjY-gvfQ
UCEpCclbo6G9mwiluOAhOdrQ,@mindright5734,12,1年,Member (1 year),,不明,,,22,4341,0,2026-09-12 14:02,2026-10-10 22:03,,,https://www.youtube.com/channel/UCEpCclbo6G9mwiluOAhOdrQ
UCyUmBIdyTy-JiUxfJ0pAH9g,@じゃがおじゃがいも,12,1年,Member (1 year),,不明,,,21,707,0,2026-09-12 14:02,2026-10-10 22:03,,,https://www.youtube.com/channel/UCyUmBIdyTy-JiUxfJ0pAH9g
UC_Xw1V--2ZOcoigPzA9etMg,@古のガイガーggg,12,1年,Member (1 year),,不明,,,21,495,9,2026-09-12 14:02,2026-10-10 22:03,,,https://www.youtube.com/channel/UC_Xw1V--2ZOcoigPzA9etMg
UCLhKiv8utEiZwtKwODOetNg,@六花亭ボーイズ,12,1年,Member (1 year),,不明,,,21,1473,0,2026-09-12 14:02,2026-10-10 22:03,,,https://www.youtube.com/channel/UCLhKiv8utEiZwtKwODOetNg
UCV1OiR48a-FW5JbQyZ7yhMw,@Lino_リノ,12,1年,Member (1 year),,不明,,,21,2967,1,2026-09-12 14:02,2026-10-10 22:03,,,https://www.youtube.com/channel/UCV1OiR48a-FW5JbQyZ7yhMw
UC5W6TawzYVx2L-92x6DcuRQ,@strangecat_X,12,1年,Member (1 year),,不明,,,21,1691,0,2026-09-12 14:02,2026-10-10 22:03,,,https://www.youtube.com/channel/UC5W6TawzYVx2L-92x6DcuRQ
UCZUCEU4ZeiE2aTQ1wNxckmA,@ぜろぱか,12,1年,Member (1 year),,不明,,,21,788,0,2026-09-12 22:01,2026-10-10 22:03,,,https://www.youtube.com/channel/UCZUCEU4ZeiE2aTQ1wNxckmA
UC6KF1OUSwJi4oyanlU9CcUw,@まーと_Maat,12,1年,Member (1 year),,不明,,,20,1263,10,2026-09-12 14:02,2026-10-10 22:03,,,https://www.youtube.com/channel/UC6KF1OUSwJi4oyanlU9CcUw
UCrDM3V2yWlhQlHdcnG96QYA,@狐葡萄,12,1年,Member (1 year),15,星くずたち,マイルストーン,,20,1623,0,2026-09-12 14:02,2026-10-10 22:03,,,https://www.youtube.com/channel/UCrDM3V2yWlhQlHdcnG96QYA
UC2_o6dMrcFm3rIU9r0WrmNQ,@流季リュウキ,12,1年,Member (1 year),,不明,,,20,162,0,2026-09-12 14:02,2026-10-10 22:03,,,https://www.youtube.com/channel/UC2_o6dMrcFm3rIU9r0WrmNQ
UC31Vzb_P8gFDaoqlAjPzHkQ,@わーくあうとぷっちょ,12,1年,Member (1 year),,不明,,,20,64,0,2026-09-12 14:02,2026-10-10 22:03,,,https://www.youtube.com/channel/UC31Vzb_P8gFDaoqlAjPzHkQ
UCFRDF1uh-F1mTO7Br-KAH9w,@れっしー_0,12,1年,Member (1 year),,不明,,,19,354,0,2026-09-12 14:02,2026-10-10 22:03,,,https://www.youtube.com/channel/UCFRDF1uh-F1mTO7Br-KAH9w
UCUNzW7qY4-ndhpzPwZD12jw,@ミナヅキスイ,12,1年,Member (1 year),18,星くずたち,マイルストーン,,18,2002,0,2026-09-12 14:02,2026-10-10 22:03,,,https://www.youtube.com/channel/UCUNzW7qY4-ndhpzPwZD12jw
UCpHT2zMtwL_pKhB1g7SB_hA,@firmamentum111,12,1年,Member (1 year),,不明,,,18,539,7,2026-09-12 14:02,2026-10-10 22:03,,,https://www.youtube.com/channel/UCpHT2zMtwL_pKhB1g7SB_hA
UCQuM2AZ7fKTygV8iBCmUoNg,@パル_ch,12,1年,Member (1 year),,不明,,,18,1290,0,2026-09-12 14:02,2026-10-10 22:03,,,https://www.youtube.com/channel/UCQuM2AZ7fKTygV8iBCmUoNg
UCd9zwEt05FA9P10cOa3kNiw,@ラメント,12,1年,Member (1 year),,不明,,,18,3743,4,2026-09-12 14:02,2026-10-10 22:03,,,https://www.youtube.com/channel/UCd9zwEt05FA9P10cOa3kNiw
UC79rUhT151QtWMzJVyNwQjg,@okoneko_,12,1年,Member (1 year),16,星くずたち,マイルストーン,,18,1053,0,2026-09-12 14:02,2026-10-10 22:03,,,https://www.youtube.com/channel/UC79rUhT151QtWMzJVyNwQjg
UCdet7PhJSkH7dYwnQrlra6g,@black-3078,12,1年,Member (1 year),,不明,,,18,855,0,2026-09-12 14:02,2026-10-10 22:03,,,https://www.youtube.com/channel/UCdet7PhJSkH7dYwnQrlra6g
UCScPRChj1EGxNXeFvvOW4ew,@mega_b,12,1年,Member (1 year),,不明,,,18,630,0,2026-09-12 14:02,2026-10-10 22:03,,,https://www.youtube.com/channel/UCScPRChj1EGxNXeFvvOW4ew
UCBVpJjkuXXZUizrHl6I-bFw,@KURO-zazamouse,12,1年,Member (1 year),,不明,,,18,1980,9,2026-09-12 22:01,2026-10-10 22:03,,,https://www.youtube.com/channel/UCBVpJjkuXXZUizrHl6I-bFw
UCXH1FdTriXnv4AiADxTreyw,@KawataniAkito,12,1年,Member (1 year),,不明,,,17,715,1,2026-09-12 14:02,2026-10-10 22:03,,,https://www.youtube.com/channel/UCXH1FdTriXnv4AiADxTreyw
UCa6eJV6LBWHqDSmxq74EQyA,@反省を促すマフティー,12,1年,Member (1 year),,不明,,,17,389,5,2026-09-12 14:02,2026-10-10 22:03,,,https://www.youtube.com/channel/UCa6eJV6LBWHqDSmxq74EQyA
UCZr6A7q4JuTW7jwVf-QQm6w,@反逆のサイツー,12,1年,Member (1 year),,不明,,,17,1463,0,2026-09-12 14:02,2026-10-10 12:03,,,https://www.youtube.com/channel/UCZr6A7q4JuTW7jwVf-QQm6w
UCVsN41R681ux2bx164wAQ2w,@hno3acid,12,1年,Member (1 year),,不明,,,17,521,0,2026-09-12 14:02,2026-10-10 22:03,,,https://www.youtube.com/channel/UCVsN41R681ux2bx164wAQ2w
UCnUVp6bf15CtCnVxV7aC30w,@北南-o7n,12,1年,Member (1 year),,不明,,,17,988,1,2026-09-12 22:01,2026-10-10 22:03,,,https://www.youtube.com/channel/UCnUVp6bf15CtCnVxV7aC30w
UComnLMGbYj7NE6TGhQT_dGQ,@MM-lt6yd,12,1年,Member (1 year),,不明,,,17,1642,0,2026-09-12 22:01,2026-10-10 22:03,,,https://www.youtube.com/channel/UComnLMGbYj7NE6TGhQT_dGQ
UCSU1ws3n8xpBjjXKI94Qe_g,@渾沌こんとん大魔神,12,1年,Member (1 year),,不明,,,17,470,3,2026-09-12 22:01,2026-10-06 21:00,,,https://www.youtube.com/channel/UCSU1ws3n8xpBjjXKI94Qe_g
UCWXyJysILVTS1ysi2aQNJcg,@桜空さくら,12,1年,Member (1 year),,不明,,,17,1425,0,2026-09-12 22:01,2026-10-10 22:03,,,https://www.youtube.com/channel/UCWXyJysILVTS1ysi2aQNJcg
UCmtrdBgD1sJbmqOwqDMLi-Q,@なるなか3,12,1年,Member (1 year),,不明,,,17,306,0,2026-09-12 22:01,2026-10-10 22:03,,,https://www.youtube.com/channel/UCmtrdBgD1sJbmqOwqDMLi-Q
UCv3B5gkte6gNUA7X1HRni8A,@おたんこナス-v8o,12,1年,Member (1 year),,不明,,,17,1412,4,2026-09-12 22:01,2026-10-10 22:03,,,https://www.youtube.com/channel/UCv3B5gkte6gNUA7X1HRni8A
UCIrN5zl_bfTiM6oZv310qvQ,@リュウグァンヒョン,12,1年,Member (1 year),14,星くずたち,マイルストーン,,16,524,0,2026-09-12 14:02,2026-10-10 22:03,,,https://www.youtube.com/channel/UCIrN5zl_bfTiM6oZv310qvQ
UCIKLy1YUv4lpjIBXEX9E8Bw,@NEX_ネクス,12,1年,Member (1 year),,不明,,,16,3715,7,2026-09-12 14:02,2026-10-10 22:03,,,https://www.youtube.com/channel/UCIKLy1YUv4lpjIBXEX9E8Bw
UCaMbux4tDsfZ64yAqr71gSA,@玉子-TAMAGO,12,1年,Member (1 year),,不明,,,16,131,0,2026-09-12 14:02,2026-10-10 22:03,,,https://www.youtube.com/channel/UCaMbux4tDsfZ64yAqr71gSA
UCQ6xJ0-oC_z3J4EGeYiFQZw,@みーたく1108,12,1年,Member (1 year),21,星くずたち,マイルストーン,,16,134,0,2026-09-12 14:02,2026-10-06 21:00,,,https://www.youtube.com/channel/UCQ6xJ0-oC_z3J4EGeYiFQZw
UCxdTqsmVCaaoi7ve59ZaUuw,@Akira-e5n,12,1年,Member (1 year),,不明,,,16,241,0,2026-09-12 14:02,2026-10-10 22:03,,,https://www.youtube.com/channel/UCxdTqsmVCaaoi7ve59ZaUuw
UCWGn1QCFutreSuTS-jbRXTw,@vあかとんぼ,12,1年,Member (1 year),,不明,,,16,755,0,2026-09-12 14:02,2026-10-10 12:03,,,https://www.youtube.com/channel/UCWGn1QCFutreSuTS-jbRXTw
UCNVdQLlC6Q7M0f9PKQdh4kA,@がんまことや-gk,12,1年,Member (1 year),,不明,,,16,360,3,2026-09-12 14:02,2026-10-10 22:03,,,https://www.youtube.com/channel/UCNVdQLlC6Q7M0f9PKQdh4kA
UC-QkrKM9wbvbzOb4YqvU6KQ,@CANAAN7270,12,1年,Member (1 year),,不明,,,15,791,3,2026-09-12 14:02,2026-10-10 22:03,,,https://www.youtube.com/channel/UC-QkrKM9wbvbzOb4YqvU6KQ
UCBwTUQfLDEWdjjWqm2975_Q,@ジジ猫-JJNK,12,1年,Member (1 year),,不明,,,15,3199,1,2026-09-12 14:02,2026-10-10 22:03,,,https://www.youtube.com/channel/UCBwTUQfLDEWdjjWqm2975_Q
UC4k46ckjfZn7z-kdr5Kns2w,@杵-i9h,12,1年,Member (1 year),,不明,,,15,1038,0,2026-09-12 14:02,2026-10-10 22:03,,,https://www.youtube.com/channel/UC4k46ckjfZn7z-kdr5Kns2w
UCTNqgUXpKDzWqVLVVPVtufw,@劣等生-SAN,12,1年,Member (1 year),,不明,,,15,651,0,2026-09-12 14:02,2026-10-10 12:03,,,https://www.youtube.com/channel/UCTNqgUXpKDzWqVLVVPVtufw
UCym09x_gEcyu80toMm2qQsA,@Q-neru,12,1年,Member (1 year),,不明,,,15,51,0,2026-09-12 14:02,2026-10-10 12:03,,,https://www.youtube.com/channel/UCym09x_gEcyu80toMm2qQsA
UCeijLdcJsLSbZm-_xJegjZw,@きたなくねぇ花火,12,1年,Member (1 year),19,星くずたち,マイルストーン,,15,500,0,2026-09-12 14:02,2026-10-10 22:03,,,https://www.youtube.com/channel/UCeijLdcJsLSbZm-_xJegjZw
UChmqj-h3d4V_B9On6MX8L3g,@スターミー2434,12,1年,Member (1 year),,不明,,,15,147,0,2026-09-12 14:02,2026-10-10 22:03,,,https://www.youtube.com/channel/UChmqj-h3d4V_B9On6MX8L3g
UC8HCfmj8ecR6_MfRty_D73A,@ヨーグルトソース-d1z,12,1年,Member (1 year),,星くずたち,再加入/レベル変更,,15,438,0,2026-09-12 22:01,2026-10-10 22:03,,,https://www.youtube.com/channel/UC8HCfmj8ecR6_MfRty_D73A
UCkhQh6Yukk8Eq0lbDAn5zaQ,@れい-q2x,12,1年,Member (1 year),,不明,,,15,250,0,2026-09-12 22:01,2026-10-10 12:03,,,https://www.youtube.com/channel/UCkhQh6Yukk8Eq0lbDAn5zaQ
UCxu517xm7X9sSFPsjJoF7_Q,@fuuki-h1x,12,1年,Member (1 year),,不明,,,14,79,0,2026-09-12 14:02,2026-10-10 22:03,,,https://www.youtube.com/channel/UCxu517xm7X9sSFPsjJoF7_Q
UCY0eEv4TR68nGwUNkF-zC7A,@kosobayu,12,1年,Member (1 year),,不明,,,14,283,0,2026-09-12 14:02,2026-10-10 22:03,,,https://www.youtube.com/channel/UCY0eEv4TR68nGwUNkF-zC7A
UCv32DJChtUr3Bw2yxBdO87A,@Wayne-林威霆,12,1年,Member (1 year),,不明,,,14,993,0,2026-09-12 22:01,2026-10-10 22:03,,,https://www.youtube.com/channel/UCv32DJChtUr3Bw2yxBdO87A
UC-cSdUXFwQDuPxLgsMRcLMQ,@地雷-n8p,12,1年,Member (1 year),,不明,,,14,482,5,2026-09-12 22:01,2026-10-10 22:03,,,https://www.youtube.com/channel/UC-cSdUXFwQDuPxLgsMRcLMQ
UCOVLpxkqsZA6BpKRWLrJlzg,@allenareifu,12,1年,Member (1 year),,不明,,,14,288,0,2026-09-12 22:01,2026-10-10 22:03,,,https://www.youtube.com/channel/UCOVLpxkqsZA6BpKRWLrJlzg
UCzQkmtt175A3nF1HsiBs8Bw,@のりべんnorinori,12,1年,Member (1 year),,不明,,,14,132,0,2026-09-12 22:01,2026-10-10 12:03,,,https://www.youtube.com/channel/UCzQkmtt175A3nF1HsiBs8Bw
UCWnjT9PZh6IJsNVDQIEGQUg,@TAKEYA_yaketa,12,1年,Member (1 year),,不明,,,14,784,0,2026-09-12 22:01,2026-10-10 22:03,,,https://www.youtube.com/channel/UCWnjT9PZh6IJsNVDQIEGQUg
UCqHrWaAOUcnEENqxZQhe8Lw,@henchel.C.S,12,1年,Member (1 year),,不明,,,14,570,0,2026-09-12 22:01,2026-10-10 22:03,,,https://www.youtube.com/channel/UCqHrWaAOUcnEENqxZQhe8Lw
UCVDl7C6wy2jJEIq4GO7Y9Zg,@神野える-noitoieru,12,1年,Member (1 year),,不明,,,13,498,0,2026-09-12 14:02,2026-10-10 12:03,,,https://www.youtube.com/channel/UCVDl7C6wy2jJEIq4GO7Y9Zg
UCgUQjmFuBPyjJUtn26Ibg0Q,@のーとりえ,12,1年,Member (1 year),,不明,,,13,145,0,2026-09-12 14:02,2026-10-05 19:02,,,https://www.youtube.com/channel/UCgUQjmFuBPyjJUtn26Ibg0Q
UCF0z2AjuDykuCQmH0y8bWpQ,@ハルト-d1s,12,1年,Member (1 year),20,星くずたち,マイルストーン,,13,1150,1,2026-09-12 14:02,2026-10-10 12:03,,,https://www.youtube.com/channel/UCF0z2AjuDykuCQmH0y8bWpQ
UCV3pIzqtimdghXT3YR6NRig,@sabu1581,12,1年,Member (1 year),,不明,,,13,402,0,2026-09-12 14:02,2026-10-10 12:03,,,https://www.youtube.com/channel/UCV3pIzqtimdghXT3YR6NRig
UCMcDsPHmmEWZVpEZOYczQoA,@tsubotsubo230,12,1年,Member (1 year),,不明,,,13,184,0,2026-09-12 14:02,2026-10-10 22:03,,,https://www.youtube.com/channel/UCMcDsPHmmEWZVpEZOYczQoA
UCEQWopgLypukTK3GuPFnfLQ,@ノウサギ35P,12,1年,Member (1 year),,不明,,,13,21,0,2026-09-12 22:01,2026-10-10 22:03,,,https://www.youtube.com/channel/UCEQWopgLypukTK3GuPFnfLQ
UCNHMl9mXhl6kXuOixn5JpUA,@オブラートに包まれたカルナ,12,1年,Member (1 year),,不明,,,13,488,1,2026-09-12 22:01,2026-10-10 22:03,,,https://www.youtube.com/channel/UCNHMl9mXhl6kXuOixn5JpUA
UCVb4ck2n2FqFuYjY-jOY_kw,@Black_Meeeee,12,1年,Member (1 year),,不明,,,12,150,0,2026-09-12 14:02,2026-10-10 12:03,,,https://www.youtube.com/channel/UCVb4ck2n2FqFuYjY-jOY_kw
UC0cm6JxqPNH95v9S2RfTq9g,@がつさん-e1q,12,1年,Member (1 year),,不明,,,12,486,0,2026-09-12 14:02,2026-10-10 22:03,,,https://www.youtube.com/channel/UC0cm6JxqPNH95v9S2RfTq9g
UCDuE12hJgxyqgQm2vPuhP9Q,@Renn-753,12,1年,Member (1 year),,不明,,,12,78,0,2026-09-12 14:02,2026-10-10 22:03,,,https://www.youtube.com/channel/UCDuE12hJgxyqgQm2vPuhP9Q
UCUCLVR7VBK4NLRkmuHiyVIQ,@ユメイ-d6d,12,1年,Member (1 year),,不明,,,12,931,0,2026-09-12 14:02,2026-10-10 12:03,,,https://www.youtube.com/channel/UCUCLVR7VBK4NLRkmuHiyVIQ
UCEKqcnAShUz8k4rOfxI_0JA,@TheMercurylampe,12,1年,Member (1 year),,不明,,,12,197,0,2026-09-12 14:02,2026-10-10 12:03,,,https://www.youtube.com/channel/UCEKqcnAShUz8k4rOfxI_0JA
UCDEjqcCVeu1qlHuw84AclQw,@デュー-d5c,12,1年,Member (1 year),,不明,,,12,1545,0,2026-09-12 22:01,2026-10-10 22:03,,,https://www.youtube.com/channel/UCDEjqcCVeu1qlHuw84AclQw
UCylzdzrX7x_t5u59o52fF3A,@user-holorome,12,1年,Member (1 year),,不明,,,12,738,0,2026-09-12 22:01,2026-10-10 22:03,,,https://www.youtube.com/channel/UCylzdzrX7x_t5u59o52fF3A
UCpY7CwbynaH1l6CAmIQ72rA,@モノアイ-m1q,12,1年,Member (1 year),,不明,,,12,258,0,2026-09-12 22:01,2026-10-10 22:03,,,https://www.youtube.com/channel/UCpY7CwbynaH1l6CAmIQ72rA
UCrCdYNqrnjMvW2aNzHlHA1A,@タスク-u5k,12,1年,Member (1 year),,不明,,,12,123,0,2026-09-12 22:01,2026-10-10 22:03,,,https://www.youtube.com/channel/UCrCdYNqrnjMvW2aNzHlHA1A
UCURmQMXzzoeEKj9Mw03xR3g,@loop2902,12,1年,Member (1 year),,不明,,,12,62,0,2026-09-12 22:01,2026-10-10 12:03,,,https://www.youtube.com/channel/UCURmQMXzzoeEKj9Mw03xR3g
UCSLXMhGyCtkPwxCnAWBfBqg,@まふもふゆかぜ,12,1年,Member (1 year),,不明,,,12,35,0,2026-09-12 22:01,2026-10-10 22:03,,,https://www.youtube.com/channel/UCSLXMhGyCtkPwxCnAWBfBqg
UCMB1xltjSTXKHHikTkVbpdg,@黒カエル-c9q,12,1年,Member (1 year),,不明,,,12,453,0,2026-09-14 19:02,2026-10-10 12:03,,,https://www.youtube.com/channel/UCMB1xltjSTXKHHikTkVbpdg
UCtocdKCzl3m9dEsDCxdMu-w,@とみ-p6e,12,1年,Member (1 year),,不明,,,12,111,0,2026-09-14 19:02,2026-10-10 22:03,,,https://www.youtube.com/channel/UCtocdKCzl3m9dEsDCxdMu-w
UCywEivn18XxGgnvzRWuNYfQ,@lightning717,12,1年,Member (1 year),,不明,,,12,61,0,2026-09-16 21:02,2026-10-10 22:03,,,https://www.youtube.com/channel/UCywEivn18XxGgnvzRWuNYfQ
UCl7Bg7nBedTdzVjNAfliGqQ,@ぺっぺこぴーぷー,12,1年,Member (1 year),17,星くずたち,マイルストーン,,11,61,0,2026-09-12 14:02,2026-10-10 22:03,,,https://www.youtube.com/channel/UCl7Bg7nBedTdzVjNAfliGqQ
UCvbImdGFM41U_yJd73F169A,@Task-cc,12,1年,Member (1 year),,不明,,,11,166,0,2026-09-12 14:02,2026-10-10 12:03,,,https://www.youtube.com/channel/UCvbImdGFM41U_yJd73F169A
UCLkEw09gXesAI0BrBF7Mw4A,@午後睡,12,1年,Member (1 year),,不明,,,11,105,0,2026-09-12 14:02,2026-10-10 12:03,,,https://www.youtube.com/channel/UCLkEw09gXesAI0BrBF7Mw4A
UC4RoebHNAl5ibXs5JnFrkZg,@やーさん-c6d,12,1年,Member (1 year),,不明,,,11,763,0,2026-09-12 22:01,2026-10-10 22:03,,,https://www.youtube.com/channel/UC4RoebHNAl5ibXs5JnFrkZg
UCpS-PfawPYVeWeY6lBOZGtA,@anchimo65536,12,1年,Member (1 year),,不明,,,11,804,0,2026-09-12 22:01,2026-10-06 21:00,,,https://www.youtube.com/channel/UCpS-PfawPYVeWeY6lBOZGtA
UCckKRVF94dHtiLyYd2CKU5w,@一刃いちは,12,1年,Member (1 year),,不明,,,11,315,0,2026-09-12 22:01,2026-10-10 22:03,,,https://www.youtube.com/channel/UCckKRVF94dHtiLyYd2CKU5w
UCWsYtqKmEKw2YXTukGTOM6Q,@ハイライトおにーちゃん,12,1年,Member (1 year),,不明,,,11,275,0,2026-09-12 22:01,2026-10-10 22:03,,,https://www.youtube.com/channel/UCWsYtqKmEKw2YXTukGTOM6Q
UCAVDpfSOiFvBvXKwDnzCO_g,@エアねこ,12,1年,Member (1 year),,不明,,,11,139,0,2026-09-12 22:01,2026-10-10 22:03,,,https://www.youtube.com/channel/UCAVDpfSOiFvBvXKwDnzCO_g
UCBthpVL1kJAQg148A-v693Q,@TKG_Oishi4,12,1年,Member (1 year),,不明,,,11,126,0,2026-09-12 22:01,2026-10-10 22:03,,,https://www.youtube.com/channel/UCBthpVL1kJAQg148A-v693Q
UCBt_oZ39_t_N92jZsKFM3jA,@raigou-e4p,12,1年,Member (1 year),,不明,,,11,57,0,2026-09-12 22:01,2026-10-10 22:03,,,https://www.youtube.com/channel/UCBt_oZ39_t_N92jZsKFM3jA
UCyvar7na5Kywj_z4XTpY1Wg,@クォーターメイン,12,1年,Member (1 year),,不明,,,11,169,3,2026-09-12 22:01,2026-10-10 22:03,,,https://www.youtube.com/channel/UCyvar7na5Kywj_z4XTpY1Wg
UCzqQNgs0ReZCfc7_G8dGG5w,@リュー-b5q,12,1年,Member (1 year),,不明,,,11,40,0,2026-09-12 22:01,2026-10-10 22:03,,,https://www.youtube.com/channel/UCzqQNgs0ReZCfc7_G8dGG5w
UCnqzIjkPiIlGPtwbh5f6onQ,@yumedic,12,1年,Member (1 year),,不明,,,11,620,1,2026-09-12 22:01,2026-10-10 22:03,,,https://www.youtube.com/channel/UCnqzIjkPiIlGPtwbh5f6onQ
UCOTOru10ndu7TgOpK6urHow,@matsu8895,12,1年,Member (1 year),,不明,,,11,2412,0,2026-09-14 19:02,2026-10-10 12:03,,,https://www.youtube.com/channel/UCOTOru10ndu7TgOpK6urHow
UCf9iryhIdexWg8699nuk-Ig,@みょんみょん-q6r,12,1年,Member (1 year),,不明,,,11,174,3,2026-09-14 19:02,2026-10-10 12:03,,,https://www.youtube.com/channel/UCf9iryhIdexWg8699nuk-Ig
UC44sP9-wTfEFZdLiuHPfrqg,@なお-z5s,12,1年,Member (1 year),,不明,,,11,81,0,2026-09-19 12:02,2026-10-10 22:03,,,https://www.youtube.com/channel/UC44sP9-wTfEFZdLiuHPfrqg
UCYwgd8LzNi2WqQVbsW8x85Q,@うらたO7,12,1年,Member (1 year),,不明,,,10,31,0,2026-09-12 14:02,2026-10-10 22:03,,,https://www.youtube.com/channel/UCYwgd8LzNi2WqQVbsW8x85Q
UCtxCyQjsmkLUKhmr3qIcO5A,@笹ノ葉-k2f,12,1年,Member (1 year),,不明,,,10,655,0,2026-09-12 14:02,2026-10-10 22:03,,,https://www.youtube.com/channel/UCtxCyQjsmkLUKhmr3qIcO5A
UCajXKiayPEZzIsZ_G3hz90A,@ginra-021,12,1年,Member (1 year),,不明,,,10,559,0,2026-09-12 14:02,2026-10-10 22:03,,,https://www.youtube.com/channel/UCajXKiayPEZzIsZ_G3hz90A
UCZkfaT1vqf26OIdyc_h2-aw,@はむしく,12,1年,Member (1 year),,不明,,,10,460,0,2026-09-12 14:02,2026-10-10 22:03,,,https://www.youtube.com/channel/UCZkfaT1vqf26OIdyc_h2-aw
UCFmtBYafKvckPbk4OSGOIBA,@opera0627,12,1年,Member (1 year),,不明,,,10,47,0,2026-09-12 14:02,2026-10-10 12:03,,,https://www.youtube.com/channel/UCFmtBYafKvckPbk4OSGOIBA
UC9eQy93eQDPgGWtEAlUl34g,@ness444,12,1年,Member (1 year),,不明,,,10,145,0,2026-09-12 14:02,2026-10-10 12:03,,,https://www.youtube.com/channel/UC9eQy93eQDPgGWtEAlUl34g
UC7-YD9Do_1KWpjbnjwG6zYQ,@啓介三原,12,1年,Member (1 year),,不明,,,10,65,0,2026-09-12 14:02,2026-10-06 21:00,,,https://www.youtube.com/channel/UC7-YD9Do_1KWpjbnjwG6zYQ
UC43VYoGniX6pNnOipgkIlrw,@ドダイトス加藤,12,1年,Member (1 year),,不明,,,10,35,0,2026-09-12 14:02,2026-10-10 22:03,,,https://www.youtube.com/channel/UC43VYoGniX6pNnOipgkIlrw
UCe2Q7zgvGPr_sjo4O2Zp1ig,@Arcus_9382,12,1年,Member (1 year),14,星くずたち,マイルストーン,,10,45,1,2026-09-12 14:02,2026-10-10 12:03,,,https://www.youtube.com/channel/UCe2Q7zgvGPr_sjo4O2Zp1ig
UCrVkailah9IDIY2PvQufU8A,@nennnekororiyo,12,1年,Member (1 year),,不明,,,10,101,0,2026-09-12 14:02,2026-10-06 21:00,,,https://www.youtube.com/channel/UCrVkailah9IDIY2PvQufU8A
UCpCbmJnaiJhaMGvWPGJa2jw,@yomsister,12,1年,Member (1 year),,不明,,,10,423,2,2026-09-12 14:02,2026-10-05 19:02,,,https://www.youtube.com/channel/UCpCbmJnaiJhaMGvWPGJa2jw
UCtoYkt2DhUhV4rlhl11-mDg,@itsK_U,12,1年,Member (1 year),,不明,,,10,344,0,2026-09-12 14:02,2026-10-10 12:03,,,https://www.youtube.com/channel/UCtoYkt2DhUhV4rlhl11-mDg
UCGa4ZjcKZNS6MDwnxvxQaag,@Allegro117,12,1年,Member (1 year),,不明,,,10,340,0,2026-09-12 22:01,2026-10-10 22:03,,,https://www.youtube.com/channel/UCGa4ZjcKZNS6MDwnxvxQaag
UCOXst2nSDQ762hq-nHm7xLg,@タゲ取りの翁_tto,12,1年,Member (1 year),,不明,,,10,471,0,2026-09-12 22:01,2026-10-10 22:03,,,https://www.youtube.com/channel/UCOXst2nSDQ762hq-nHm7xLg
UCFlVqg10wAdyr2mr0pAedtA,@ag7p266,12,1年,Member (1 year),,不明,,,10,970,0,2026-09-12 22:01,2026-10-10 22:03,,,https://www.youtube.com/channel/UCFlVqg10wAdyr2mr0pAedtA
UC86Ectoe2LMDKHMRZ2nz-vA,@らーめんまん,12,1年,Member (1 year),,不明,,,10,32,0,2026-09-12 22:01,2026-10-10 22:03,,,https://www.youtube.com/channel/UC86Ectoe2LMDKHMRZ2nz-vA
UCWNiYixY4sdR1VV4-TPUH1Q,@おももち雅,12,1年,Member (1 year),,不明,,,10,357,0,2026-09-12 22:01,2026-10-05 19:02,,,https://www.youtube.com/channel/UCWNiYixY4sdR1VV4-TPUH1Q
UCEk5PVY-VbIIcvPp22sMjbA,@クジラと呼ばれた寝坊助,12,1年,Member (1 year),,不明,,,10,207,0,2026-09-12 22:01,2026-10-10 22:03,,,https://www.youtube.com/channel/UCEk5PVY-VbIIcvPp22sMjbA
UClY6OJr76Oj81YZKUnL323w,@ハルア-No.6,12,1年,Member (1 year),,不明,,,10,815,0,2026-09-12 22:01,2026-10-10 22:03,,,https://www.youtube.com/channel/UClY6OJr76Oj81YZKUnL323w
UCDyEJpeY2qz4zp_XjAP_D0w,@トルメグ,12,1年,Member (1 year),,不明,,,10,383,0,2026-09-12 22:01,2026-10-10 22:03,,,https://www.youtube.com/channel/UCDyEJpeY2qz4zp_XjAP_D0w
UCt2UiKjDpcRoGaGClGwhovg,@キャプテンシズオカ,12,1年,Member (1 year),,不明,,,10,143,0,2026-09-12 22:01,2026-10-10 22:03,,,https://www.youtube.com/channel/UCt2UiKjDpcRoGaGClGwhovg
UCal1kimSlcnfpvSK_Vgeckw,@よるか-f1e,12,1年,Member (1 year),,不明,,,10,560,11,2026-09-12 22:01,2026-10-10 22:03,,,https://www.youtube.com/channel/UCal1kimSlcnfpvSK_Vgeckw
UCgXXVZqWz20Ad3BTJwpj6Jw,@tager4764,12,1年,Member (1 year),,不明,,,10,41,0,2026-09-12 22:01,2026-10-10 22:03,,,https://www.youtube.com/channel/UCgXXVZqWz20Ad3BTJwpj6Jw
UCvt0tUkALkU3NqlPTJjBfrQ,@take3811,12,1年,Member (1 year),,不明,,,10,62,0,2026-09-12 22:01,2026-10-10 22:03,,,https://www.youtube.com/channel/UCvt0tUkALkU3NqlPTJjBfrQ
UC9yVFhbEyTWX3TxNO6RuRwA,@阿華-c6m,12,1年,Member (1 year),,不明,,,10,313,0,2026-09-14 19:02,2026-10-10 12:03,,,https://www.youtube.com/channel/UC9yVFhbEyTWX3TxNO6RuRwA
UC1NHDXqiVSiBhXl559pGkNw,@イマガセ_sagami,12,1年,Member (1 year),,不明,,,9,30,0,2026-09-12 14:02,2026-10-10 12:03,,,https://www.youtube.com/channel/UC1NHDXqiVSiBhXl559pGkNw
UCs9c94DeKxFqSyDHy9CTovQ,@あも-n4y,12,1年,Member (1 year),,不明,,,9,138,0,2026-09-12 14:02,2026-10-10 22:03,,,https://www.youtube.com/channel/UCs9c94DeKxFqSyDHy9CTovQ
UCHtFtOik0uDu0z2AfN0GQ7Q,@Yuzu_can,12,1年,Member (1 year),,不明,,,9,588,0,2026-09-12 14:02,2026-10-06 21:00,,,https://www.youtube.com/channel/UCHtFtOik0uDu0z2AfN0GQ7Q
UCwRw3NRVGBL3bXuBWz3nPNg,@たまもん-o4v,12,1年,Member (1 year),,不明,,,9,1282,1,2026-09-12 22:01,2026-10-10 22:03,,,https://www.youtube.com/channel/UCwRw3NRVGBL3bXuBWz3nPNg
UCEz2sJhUDsWH9_ToD5P52OA,@sunsu272,12,1年,Member (1 year),,不明,,,9,89,0,2026-09-12 22:01,2026-10-10 22:03,,,https://www.youtube.com/channel/UCEz2sJhUDsWH9_ToD5P52OA
UCqzD78rKVBisz8j0ECIrFrg,@るるるん-s4k,12,1年,Member (1 year),,不明,,,9,572,0,2026-09-12 22:01,2026-10-10 12:03,,,https://www.youtube.com/channel/UCqzD78rKVBisz8j0ECIrFrg
UClgtoz_4eQ7YOK5gR75FNUw,@ウルフェリオン,12,1年,Member (1 year),,不明,,,9,180,0,2026-09-12 22:01,2026-10-10 22:03,,,https://www.youtube.com/channel/UClgtoz_4eQ7YOK5gR75FNUw
UClhx2apPgRiR3g0KQxY7Biw,@マイケルとホイケル,12,1年,Member (1 year),,不明,,,9,139,0,2026-09-12 22:01,2026-10-10 22:03,,,https://www.youtube.com/channel/UClhx2apPgRiR3g0KQxY7Biw
UCwGciZhMw8Se2rETMWuARKw,@もつにん,12,1年,Member (1 year),,不明,,,9,43,0,2026-09-12 22:01,2026-10-06 21:00,,,https://www.youtube.com/channel/UCwGciZhMw8Se2rETMWuARKw
UCKwkA-lS_weFXu69_35Xdyw,@サケむすび,12,1年,Member (1 year),,不明,,,9,96,0,2026-09-14 19:02,2026-10-10 12:03,,,https://www.youtube.com/channel/UCKwkA-lS_weFXu69_35Xdyw
UCY7mL-FwyH3gwyx05NJ_mhw,@あんな_0o,12,1年,Member (1 year),,不明,,,9,47,0,2026-09-16 14:33,2026-09-29 18:58,,,https://www.youtube.com/channel/UCY7mL-FwyH3gwyx05NJ_mhw
UCfBPXT1yqp0W6VU0reBYNVQ,@ロゼオルタ,12,1年,Member (1 year),,不明,,,9,42,0,2026-09-19 12:02,2026-10-10 22:03,,,https://www.youtube.com/channel/UCfBPXT1yqp0W6VU0reBYNVQ
UCkhAOHbARseWLbOTa2npYJQ,@髏々宮グラン,12,1年,Member (1 year),17,星くずたち,マイルストーン,,9,396,0,2026-09-19 12:02,2026-10-10 12:03,,,https://www.youtube.com/channel/UCkhAOHbARseWLbOTa2npYJQ
UCaY6O8XxOp1VQ4dN0dtG15w,@ビビ-p5u,12,1年,Member (1 year),,不明,,,9,75,0,2026-09-19 12:02,2026-10-10 12:03,,,https://www.youtube.com/channel/UCaY6O8XxOp1VQ4dN0dtG15w
UCkfnJ9Ffa--7_GU_3XvlT-Q,@鏡野コール_KooruToday,12,1年,Member (1 year),,不明,,,8,298,2,2026-09-12 14:02,2026-10-10 12:03,,,https://www.youtube.com/channel/UCkfnJ9Ffa--7_GU_3XvlT-Q
UCHX92YGJaTgJhX2VU6MC2PA,@フォルツ-x6u,12,1年,Member (1 year),,不明,,,8,233,0,2026-09-12 14:02,2026-10-05 19:02,,,https://www.youtube.com/channel/UCHX92YGJaTgJhX2VU6MC2PA
UCBaCBUZK3WcNKBM5PcuMMXg,@マッセナま,12,1年,Member (1 year),,不明,,,8,23,0,2026-09-12 14:02,2026-10-06 21:00,,,https://www.youtube.com/channel/UCBaCBUZK3WcNKBM5PcuMMXg
UCMjscPAfnWtdB8bh1TdvkRQ,@SBRANMA,12,1年,Member (1 year),18,星くずたち,マイルストーン,,8,291,2,2026-09-12 14:02,2026-10-06 21:00,,,https://www.youtube.com/channel/UCMjscPAfnWtdB8bh1TdvkRQ
UC2flFysTLJkrnPzGCE1JbDQ,@鮭ごはん-y8u,12,1年,Member (1 year),,不明,,,8,54,0,2026-09-12 14:02,2026-10-10 12:03,,,https://www.youtube.com/channel/UC2flFysTLJkrnPzGCE1JbDQ
UCt8yGj212oUkIVOGTgKLENw,@タッシ,12,1年,Member (1 year),,不明,,,8,45,0,2026-09-12 14:02,2026-10-10 22:03,,,https://www.youtube.com/channel/UCt8yGj212oUkIVOGTgKLENw
UCUAm1jCUt4hWB7CNAVeh_0w,@Purinn000,12,1年,Member (1 year),,不明,,,8,766,0,2026-09-12 22:01,2026-10-10 22:03,,,https://www.youtube.com/channel/UCUAm1jCUt4hWB7CNAVeh_0w
UCL_A7cX_qkZYZPLUBKC_8tA,@緋天の霹靂,12,1年,Member (1 year),,不明,,,8,50,0,2026-09-12 22:01,2026-10-10 22:03,,,https://www.youtube.com/channel/UCL_A7cX_qkZYZPLUBKC_8tA
UCRnErYRdzwnRUcOTYsyNR5w,@sho-totsuka,12,1年,Member (1 year),,不明,,,8,1475,0,2026-09-12 22:01,2026-10-05 19:02,,,https://www.youtube.com/channel/UCRnErYRdzwnRUcOTYsyNR5w
UCMCKdUXFFEhan9o9SUpXW0g,@八海buster,12,1年,Member (1 year),,不明,,,8,1031,0,2026-09-12 22:01,2026-10-10 22:03,,,https://www.youtube.com/channel/UCMCKdUXFFEhan9o9SUpXW0g
UCbOrJrJ3wsP_RC5i6ZSqsmQ,@name3830,12,1年,Member (1 year),,不明,,,8,485,2,2026-09-12 22:01,2026-10-10 22:03,,,https://www.youtube.com/channel/UCbOrJrJ3wsP_RC5i6ZSqsmQ
UCujPjwheYZpaeGIGHAikDHA,@太陽-m8v,12,1年,Member (1 year),,不明,,,8,156,0,2026-09-12 22:01,2026-09-29 18:58,,,https://www.youtube.com/channel/UCujPjwheYZpaeGIGHAikDHA
UCBxfIHpgqbRY0JRn5aTLO6Q,@千羽無貌,12,1年,Member (1 year),,不明,,,8,134,1,2026-09-12 22:01,2026-10-10 22:03,,,https://www.youtube.com/channel/UCBxfIHpgqbRY0JRn5aTLO6Q
UCjeLZDQmLfLiixEhZebfFnw,@暁-1998,12,1年,Member (1 year),,不明,,,8,27,1,2026-09-12 22:01,2026-10-10 22:03,,,https://www.youtube.com/channel/UCjeLZDQmLfLiixEhZebfFnw
UClP9OFF7oNjKrMV-gDyVoQQ,@fert6612,12,1年,Member (1 year),,不明,,,8,24,0,2026-09-12 22:01,2026-10-10 22:03,,,https://www.youtube.com/channel/UClP9OFF7oNjKrMV-gDyVoQQ
UC-vaFcLQ45DgCrzOTCqDS4g,@お寿司太郎-b4j,12,1年,Member (1 year),,不明,,,8,19,0,2026-09-12 22:01,2026-10-10 22:03,,,https://www.youtube.com/channel/UC-vaFcLQ45DgCrzOTCqDS4g
UCbbjPVoqIkus_ZYd5l8fCOQ,@ハチミズキ,12,1年,Member (1 year),,不明,,,8,33,0,2026-09-12 22:01,2026-10-10 22:03,,,https://www.youtube.com/channel/UCbbjPVoqIkus_ZYd5l8fCOQ
UC2k_pz-9d87XNP9DNGYRAlg,@迎氷斗,12,1年,Member (1 year),,不明,,,8,21,0,2026-09-12 22:01,2026-10-10 22:03,,,https://www.youtube.com/channel/UC2k_pz-9d87XNP9DNGYRAlg
UCVrjlW57c0LX0TL2LbjMWKQ,@sylhet8473,12,1年,Member (1 year),,不明,,,8,73,0,2026-09-14 19:02,2026-10-10 12:03,,,https://www.youtube.com/channel/UCVrjlW57c0LX0TL2LbjMWKQ
UCOIS1ka2d7N1gaQNl2s_aMg,@シグナとなったアーバス,12,1年,Member (1 year),,不明,,,8,1154,0,2026-09-14 19:02,2026-10-06 21:00,,,https://www.youtube.com/channel/UCOIS1ka2d7N1gaQNl2s_aMg
UCYVQZzGrSrAuJ4q6CmQh2Aw,@TANEひろ,12,1年,Member (1 year),,不明,,,8,57,0,2026-09-14 19:02,2026-10-10 12:03,,,https://www.youtube.com/channel/UCYVQZzGrSrAuJ4q6CmQh2Aw
UCistd-WJ8NcJQ_Gj3HaEmKQ,@アシテン,12,1年,Member (1 year),,不明,,,8,51,0,2026-09-14 19:02,2026-10-10 12:03,,,https://www.youtube.com/channel/UCistd-WJ8NcJQ_Gj3HaEmKQ
UC3MG6H5rnj8dufCOjcVxoEQ,@ujimatsu-p7z,12,1年,Member (1 year),,不明,,,8,126,0,2026-09-14 19:02,2026-10-10 12:03,,,https://www.youtube.com/channel/UC3MG6H5rnj8dufCOjcVxoEQ
UCavFnlTqNbD528gzL0UFX0Q,@ちびあき-t7g,12,1年,Member (1 year),,不明,,,8,27,0,2026-09-19 12:02,2026-10-10 22:03,,,https://www.youtube.com/channel/UCavFnlTqNbD528gzL0UFX0Q
UCNNh1D2CJE7qKXfu9TByuog,@ふぁるだっしゅ,12,1年,Member (1 year),,不明,,,8,20,0,2026-09-19 12:02,2026-10-10 22:03,,,https://www.youtube.com/channel/UCNNh1D2CJE7qKXfu9TByuog
UCa-MUkQEGA9OIKmfM4DQtFQ,@TAKATOMO-y9f,12,1年,Member (1 year),,不明,,,8,77,0,2026-09-19 12:02,2026-10-10 22:03,,,https://www.youtube.com/channel/UCa-MUkQEGA9OIKmfM4DQtFQ
UCERJDXQVUuHyfCOjCSo2_fw,@紅櫻華-c7b,12,1年,Member (1 year),,不明,,,8,478,0,2026-09-19 12:02,2026-10-10 12:03,,,https://www.youtube.com/channel/UCERJDXQVUuHyfCOjCSo2_fw
UClqp8TeB00W3DnzwzDo6J7Q,@Naaaaattt-m,12,1年,Member (1 year),,不明,,,7,15,0,2026-09-12 14:02,2026-10-02 20:01,,,https://www.youtube.com/channel/UClqp8TeB00W3DnzwzDo6J7Q
UCxmTMOf7MTHwArdZLDr7LLw,@AmBer19255,12,1年,Member (1 year),,不明,,,7,25,0,2026-09-12 14:02,2026-10-10 12:03,,,https://www.youtube.com/channel/UCxmTMOf7MTHwArdZLDr7LLw
UC5u4jv61gsmqGG4yq_5JYxA,@01nes26,12,1年,Member (1 year),,不明,,,7,657,0,2026-09-12 14:02,2026-10-06 21:00,,,https://www.youtube.com/channel/UC5u4jv61gsmqGG4yq_5JYxA
UCY0e8cc6DCrmCWkEEjgVvfw,@リオ-n5i,12,1年,Member (1 year),,不明,,,7,21,0,2026-09-12 14:02,2026-10-10 12:03,,,https://www.youtube.com/channel/UCY0e8cc6DCrmCWkEEjgVvfw
UCRxvfMOk5mRJKBMMN42J_ug,@gasyagasya,12,1年,Member (1 year),,不明,,,7,139,0,2026-09-12 14:02,2026-10-10 22:03,,,https://www.youtube.com/channel/UCRxvfMOk5mRJKBMMN42J_ug
UCM1BLcRsMrMUGvrCUb7uv-w,@beniCrysta,12,1年,Member (1 year),,不明,,,7,245,0,2026-09-12 14:02,2026-10-06 21:00,,,https://www.youtube.com/channel/UCM1BLcRsMrMUGvrCUb7uv-w
UC9q8__66LkyX0z4mupi0sJA,@岳鳥翁,12,1年,Member (1 year),,不明,,,7,18,0,2026-09-12 14:02,2026-10-10 22:03,,,https://www.youtube.com/channel/UC9q8__66LkyX0z4mupi0sJA
UC1Az77W62ukAlu-o_D3aw7A,@ぼんた-l8k,12,1年,Member (1 year),,不明,,,7,380,0,2026-09-12 22:01,2026-10-06 21:00,,,https://www.youtube.com/channel/UC1Az77W62ukAlu-o_D3aw7A
UCKrz14J-dzS-_FKqryyCjNw,@逡巡天路,12,1年,Member (1 year),,不明,,,7,39,0,2026-09-12 22:01,2026-10-10 22:03,,,https://www.youtube.com/channel/UCKrz14J-dzS-_FKqryyCjNw
UCPXpc-8wFUQr_Oy2J3EIM4g,@ヘモレモシ,12,1年,Member (1 year),,不明,,,7,192,0,2026-09-12 22:01,2026-10-10 22:03,,,https://www.youtube.com/channel/UCPXpc-8wFUQr_Oy2J3EIM4g
UCcvWPPqB5XjcDBtnAx8MgOw,@へいうら,12,1年,Member (1 year),,不明,,,7,69,0,2026-09-12 22:01,2026-10-10 22:03,,,https://www.youtube.com/channel/UCcvWPPqB5XjcDBtnAx8MgOw
UCoS5i-eYgCa4E90vG1XhH7Q,@wiz8201,12,1年,Member (1 year),,不明,,,7,49,0,2026-09-12 22:01,2026-10-10 22:03,,,https://www.youtube.com/channel/UCoS5i-eYgCa4E90vG1XhH7Q
UCIzftLSRioXOoUUYAHF0zAA,@アメリカ王,12,1年,Member (1 year),,不明,,,7,191,0,2026-09-12 22:01,2026-10-10 22:03,,,https://www.youtube.com/channel/UCIzftLSRioXOoUUYAHF0zAA
UCtzhvDjro4TtSoIWGHuz_6w,@黑黎明,12,1年,Member (1 year),,不明,,,7,28,0,2026-09-12 22:01,2026-10-10 22:03,,,https://www.youtube.com/channel/UCtzhvDjro4TtSoIWGHuz_6w
UCdKS22IlcmlHAjJGVqvSrmA,@nameろってん,12,1年,Member (1 year),,不明,,,7,98,0,2026-09-12 22:01,2026-10-10 22:03,,,https://www.youtube.com/channel/UCdKS22IlcmlHAjJGVqvSrmA
UCRxyUaqATrvGlGWC4YF9_iA,@yomo965,12,1年,Member (1 year),,不明,,,7,111,0,2026-09-12 22:01,2026-10-10 12:03,,,https://www.youtube.com/channel/UCRxyUaqATrvGlGWC4YF9_iA
UCBSAdxt_yAofZOBje2ZjAOQ,@黒柴三毛,12,1年,Member (1 year),,不明,,,7,112,2,2026-09-12 22:01,2026-10-10 22:03,,,https://www.youtube.com/channel/UCBSAdxt_yAofZOBje2ZjAOQ
UCDLbmxlLbpePrYxiGr6264g,@竜星ポケ助,12,1年,Member (1 year),,不明,,,7,268,1,2026-09-12 22:01,2026-10-10 22:03,,,https://www.youtube.com/channel/UCDLbmxlLbpePrYxiGr6264g
UC5HbMIW_VEY628cNqCW5brQ,@mistletoe-c25,12,1年,Member (1 year),,不明,,,7,71,0,2026-09-12 22:01,2026-10-10 22:03,,,https://www.youtube.com/channel/UC5HbMIW_VEY628cNqCW5brQ
UCPY9MT1izZ0sqfIeY3UyAlQ,@nominosukune959,12,1年,Member (1 year),,不明,,,7,144,0,2026-09-14 19:02,2026-10-10 12:03,,,https://www.youtube.com/channel/UCPY9MT1izZ0sqfIeY3UyAlQ
UCijYdMVq_e48QeMg0LhmwYQ,@罰丸バット,12,1年,Member (1 year),,不明,,,7,127,0,2026-09-14 19:02,2026-10-06 21:00,,,https://www.youtube.com/channel/UCijYdMVq_e48QeMg0LhmwYQ
UCFa2CVW0BSSLlus6oFO03Bg,@ちくわの軸,12,1年,Member (1 year),,不明,,,7,192,0,2026-09-14 19:02,2026-10-10 22:03,,,https://www.youtube.com/channel/UCFa2CVW0BSSLlus6oFO03Bg
UCu7JB0gDaqKlFcclP-ljshg,@ゆうや-0409,12,1年,Member (1 year),,不明,,,7,33,0,2026-09-14 19:02,2026-10-06 21:00,,,https://www.youtube.com/channel/UCu7JB0gDaqKlFcclP-ljshg
UCS6sMYvD9o30xfoY1_1ndug,@メロウ-b2r,12,1年,Member (1 year),,不明,,,7,27,0,2026-09-14 19:02,2026-10-06 21:00,,,https://www.youtube.com/channel/UCS6sMYvD9o30xfoY1_1ndug
UCEZwULIuvLf_Sc2lpw20lFQ,@すずきcat,12,1年,Member (1 year),,不明,,,7,90,0,2026-09-14 19:02,2026-10-10 12:03,,,https://www.youtube.com/channel/UCEZwULIuvLf_Sc2lpw20lFQ
UCHYrD-Urwe-SFpw6lXwBalQ,@JPL0316,12,1年,Member (1 year),,不明,,,7,60,0,2026-09-14 19:02,2026-10-10 12:03,,,https://www.youtube.com/channel/UCHYrD-Urwe-SFpw6lXwBalQ
UCOiCT5bVnZ6NHE7oAuLFC0g,@けんつ-l8d,12,1年,Member (1 year),,不明,,,7,21,0,2026-09-14 19:02,2026-10-05 19:02,,,https://www.youtube.com/channel/UCOiCT5bVnZ6NHE7oAuLFC0g
UCTBrmamlhwc5DR46_-OQbLw,@kiriyann810,12,1年,Member (1 year),,不明,,,7,10,0,2026-09-16 21:02,2026-10-10 12:03,,,https://www.youtube.com/channel/UCTBrmamlhwc5DR46_-OQbLw
UCzaChPiM59ZZQDQeBuZdZsQ,@おうじゃ飴,12,1年,Member (1 year),,不明,,,7,32,0,2026-09-19 12:02,2026-10-10 12:03,,,https://www.youtube.com/channel/UCzaChPiM59ZZQDQeBuZdZsQ
UCzonFABKFEqe9oArrA2-I2g,@Second__DD,12,1年,Member (1 year),,不明,,,7,15,0,2026-09-19 12:02,2026-10-10 22:03,,,https://www.youtube.com/channel/UCzonFABKFEqe9oArrA2-I2g
UC4G-TyQSQUJ1nRkLh0vP5Gg,@ぺろ山ぺろし,12,1年,Member (1 year),,不明,,,6,7,0,2026-09-12 14:02,2026-09-29 18:58,,,https://www.youtube.com/channel/UC4G-TyQSQUJ1nRkLh0vP5Gg
UCeUoreHx2DnPKqc6pZS97nw,@D.R-f4y,12,1年,Member (1 year),,不明,,,6,44,0,2026-09-12 14:02,2026-10-05 19:02,,,https://www.youtube.com/channel/UCeUoreHx2DnPKqc6pZS97nw
UCdlJkK5GP7DbhgJoUTa0cXA,@ドラゴン_マルホイ,12,1年,Member (1 year),,不明,,,6,273,0,2026-09-12 14:02,2026-10-06 21:00,,,https://www.youtube.com/channel/UCdlJkK5GP7DbhgJoUTa0cXA
UC0yICPCU71_gB_EeEHYRB9Q,@錆亭,12,1年,Member (1 year),,不明,,,6,38,0,2026-09-12 14:02,2026-10-10 12:03,,,https://www.youtube.com/channel/UC0yICPCU71_gB_EeEHYRB9Q
UCoxUlcpqTRsiWjd4cjXj0aQ,@_capra__,12,1年,Member (1 year),,不明,,,6,52,0,2026-09-12 14:02,2026-10-06 21:00,,,https://www.youtube.com/channel/UCoxUlcpqTRsiWjd4cjXj0aQ
UCHbbsE7N_3Od2oc8I7ppqRw,@あまがっぱ-f3z,12,1年,Member (1 year),,不明,,,6,30,0,2026-09-12 14:02,2026-10-03 12:00,,,https://www.youtube.com/channel/UCHbbsE7N_3Od2oc8I7ppqRw
UC22aUkeznKnjpIsv-hGWnYQ,@はっと-y4p,12,1年,Member (1 year),,不明,,,6,434,0,2026-09-12 14:02,2026-10-06 21:00,,,https://www.youtube.com/channel/UC22aUkeznKnjpIsv-hGWnYQ
UCc6xk-wTf_IBdN17nBRlGGQ,@Peachshore,12,1年,Member (1 year),,不明,,,6,892,1,2026-09-12 14:02,2026-10-05 19:02,,,https://www.youtube.com/channel/UCc6xk-wTf_IBdN17nBRlGGQ
UC9ppVYXgIYdjLw3HF_6X2-g,@AKKI-sl4qd,12,1年,Member (1 year),,不明,,,6,23,0,2026-09-12 14:02,2026-10-10 22:03,,,https://www.youtube.com/channel/UC9ppVYXgIYdjLw3HF_6X2-g
UCS-ajeK7vtbMQ5EZH8dnMOg,@817_in,12,1年,Member (1 year),,不明,,,6,17,0,2026-09-12 14:02,2026-10-05 19:02,,,https://www.youtube.com/channel/UCS-ajeK7vtbMQ5EZH8dnMOg
UC_TzMjqS5VrBRVVQqslrKyw,@kurone4696,12,1年,Member (1 year),,不明,,,6,811,0,2026-09-12 14:02,2026-10-05 19:02,,,https://www.youtube.com/channel/UC_TzMjqS5VrBRVVQqslrKyw
UCe1ePN2pX3Yur5z1FDd4UfQ,@伊江-いえ,12,1年,Member (1 year),,不明,,,6,10,0,2026-09-12 14:02,2026-09-29 18:58,,,https://www.youtube.com/channel/UCe1ePN2pX3Yur5z1FDd4UfQ
UCd2Pc2z6VvBImPb7a6hrOtA,@orange2178,12,1年,Member (1 year),,不明,,,6,42,0,2026-09-12 22:01,2026-10-10 22:03,,,https://www.youtube.com/channel/UCd2Pc2z6VvBImPb7a6hrOtA
UC_ITGBPt7-lK5yH1seiAT2Q,@タッペ,12,1年,Member (1 year),,不明,,,6,1114,0,2026-09-12 22:01,2026-10-10 22:03,,,https://www.youtube.com/channel/UC_ITGBPt7-lK5yH1seiAT2Q
UCIl_XxLPyVtnC80iO8aKeqg,@天部帝人-amabe_mikado,12,1年,Member (1 year),,不明,,,6,95,0,2026-09-12 22:01,2026-10-10 22:03,,,https://www.youtube.com/channel/UCIl_XxLPyVtnC80iO8aKeqg
UCx6O1aBt2pckrmfa4k1k_ig,@jack-o9386,12,1年,Member (1 year),,不明,,,6,37,0,2026-09-12 22:01,2026-10-10 22:03,,,https://www.youtube.com/channel/UCx6O1aBt2pckrmfa4k1k_ig
UCs3x8moU2qbE2aYFgCKmpOg,@ノシロ-bow,12,1年,Member (1 year),,不明,,,6,574,2,2026-09-12 22:01,2026-10-06 21:00,,,https://www.youtube.com/channel/UCs3x8moU2qbE2aYFgCKmpOg
UCFyudTcvyAv9hcMsPGmWJ7Q,@朝日午後,12,1年,Member (1 year),,不明,,,6,407,1,2026-09-12 22:01,2026-10-10 22:03,,,https://www.youtube.com/channel/UCFyudTcvyAv9hcMsPGmWJ7Q
UCVsryhCzhj_dLU4lD09yPRg,@おはじきK,12,1年,Member (1 year),,不明,,,6,52,0,2026-09-12 22:01,2026-10-10 22:03,,,https://www.youtube.com/channel/UCVsryhCzhj_dLU4lD09yPRg
UCP7aax0q7AaCcPXfv2wGEiQ,@rvten-h9e,12,1年,Member (1 year),,不明,,,6,86,0,2026-09-12 22:01,2026-10-10 22:03,,,https://www.youtube.com/channel/UCP7aax0q7AaCcPXfv2wGEiQ
UCxEVy11A0gE10O0ljx0O3BA,@ぴこごんがりが,12,1年,Member (1 year),,不明,,,6,36,0,2026-09-12 22:01,2026-10-10 22:03,,,https://www.youtube.com/channel/UCxEVy11A0gE10O0ljx0O3BA
UCsTVEjoieJNICsc3kERCP1g,@filo-H-B,12,1年,Member (1 year),,不明,,,6,14,0,2026-09-12 22:01,2026-10-10 12:03,,,https://www.youtube.com/channel/UCsTVEjoieJNICsc3kERCP1g
UC0THbg9h5IIs0XpshrKK_Qw,@兎乃介とのすけ,12,1年,Member (1 year),,不明,,,6,13,0,2026-09-12 22:01,2026-10-05 19:02,,,https://www.youtube.com/channel/UC0THbg9h5IIs0XpshrKK_Qw
UC_9ZNlL8tGWq6b4VfQXF5jA,@障子-shoji601,12,1年,Member (1 year),,不明,,,6,44,0,2026-09-12 22:01,2026-10-05 19:02,,,https://www.youtube.com/channel/UC_9ZNlL8tGWq6b4VfQXF5jA
UCusBRk_tEKcygKQIo-ok1og,@kiri_6985,12,1年,Member (1 year),,不明,,,6,28,0,2026-09-12 22:01,2026-10-10 22:03,,,https://www.youtube.com/channel/UCusBRk_tEKcygKQIo-ok1og
UC0CnmQCyyUC2tbUrrc3FA5A,@碧いさくら星,12,1年,Member (1 year),,不明,,,6,1359,6,2026-09-14 19:02,2026-10-06 21:00,,,https://www.youtube.com/channel/UC0CnmQCyyUC2tbUrrc3FA5A
UCF6Kqe6FiPnpHXNYH1F16yQ,@サリー-albion,12,1年,Member (1 year),,不明,,,6,138,0,2026-09-14 19:02,2026-10-06 21:00,,,https://www.youtube.com/channel/UCF6Kqe6FiPnpHXNYH1F16yQ
UCZTRZRmC-JvgO2n-EpoyzEg,@ドベネズミ_BM,12,1年,Member (1 year),,不明,,,6,518,0,2026-09-14 19:02,2026-10-10 12:03,,,https://www.youtube.com/channel/UCZTRZRmC-JvgO2n-EpoyzEg
UCcjiGfsJjwoiDYi6NQkXhPw,@アヴァロンの森,12,1年,Member (1 year),,不明,,,6,279,0,2026-09-14 19:02,2026-10-06 21:00,,,https://www.youtube.com/channel/UCcjiGfsJjwoiDYi6NQkXhPw
UCLgwRFfeQJKrxBz6rdfAzfA,@メイル-9,12,1年,Member (1 year),,不明,,,6,526,0,2026-09-14 19:02,2026-10-10 12:03,,,https://www.youtube.com/channel/UCLgwRFfeQJKrxBz6rdfAzfA
UCKkNYcrBlMyDMRq9AlelAcw,@しまうまgg,12,1年,Member (1 year),,不明,,,6,22,0,2026-09-14 19:02,2026-10-10 22:03,,,https://www.youtube.com/channel/UCKkNYcrBlMyDMRq9AlelAcw
UCOw-kaYuf5lxwuPt_w6cGhQ,@leafmachine9303,12,1年,Member (1 year),18,星くずたち,マイルストーン,,6,119,1,2026-09-14 19:02,2026-10-10 12:03,,,https://www.youtube.com/channel/UCOw-kaYuf5lxwuPt_w6cGhQ
UCzub1ojrT8qWFfGkNeX6y1w,@misora__hs,12,1年,Member (1 year),,不明,,,6,28,0,2026-09-16 14:33,2026-09-23 15:01,,,https://www.youtube.com/channel/UCzub1ojrT8qWFfGkNeX6y1w
UCmLdvw1lw1zMQJ5dCkpEJ4w,@uho-gori4735,12,1年,Member (1 year),,不明,,,6,30,0,2026-09-19 12:02,2026-10-06 21:00,,,https://www.youtube.com/channel/UCmLdvw1lw1zMQJ5dCkpEJ4w
UCNgl1ND6khTEZoKgowqO-dg,@よっしー168号,12,1年,Member (1 year),,不明,,,6,81,0,2026-09-19 12:02,2026-10-10 12:03,,,https://www.youtube.com/channel/UCNgl1ND6khTEZoKgowqO-dg
UCG2Lzz-fokEElaZlGxHZrWw,@ばくほん,12,1年,Member (1 year),,不明,,,6,175,0,2026-09-19 12:02,2026-10-10 12:03,,,https://www.youtube.com/channel/UCG2Lzz-fokEElaZlGxHZrWw
UCE960LDekQj2GlNaWiprJ7w,@戦闘型すうも,12,1年,Member (1 year),,不明,,,6,17,0,2026-09-20 12:16,2026-10-10 22:03,,,https://www.youtube.com/channel/UCE960LDekQj2GlNaWiprJ7w
UCsSGCmOz5mkh0Pww5zsvHzg,@よだよだ-m5l,12,1年,Member (1 year),,不明,,,5,7,0,2026-09-12 14:02,2026-09-29 18:58,,,https://www.youtube.com/channel/UCsSGCmOz5mkh0Pww5zsvHzg
UCpbiwtAX046GSBbe11Jnm2w,@空の煮豆,12,1年,Member (1 year),,不明,,,5,6,0,2026-09-12 14:02,2026-10-03 22:01,,,https://www.youtube.com/channel/UCpbiwtAX046GSBbe11Jnm2w
UCtWo1G-97vRfMAz8I-sNd3Q,@シライ-i7v,12,1年,Member (1 year),,不明,,,5,31,0,2026-09-12 14:02,2026-10-06 21:00,,,https://www.youtube.com/channel/UCtWo1G-97vRfMAz8I-sNd3Q
UCyTd1_TJl7Lqf4dcSOhwtdg,@bm7237,12,1年,Member (1 year),,不明,,,5,14,0,2026-09-12 14:02,2026-10-05 19:02,,,https://www.youtube.com/channel/UCyTd1_TJl7Lqf4dcSOhwtdg
UCkwwbL3mcxRWRX-NmUJ4F4g,@kamineko487,12,1年,Member (1 year),,不明,,,5,15,0,2026-09-12 14:02,2026-10-10 12:03,,,https://www.youtube.com/channel/UCkwwbL3mcxRWRX-NmUJ4F4g
UCIZFeJMzCfJeePawFlyeYgg,@NiA-k7k,12,1年,Member (1 year),,不明,,,5,14,0,2026-09-12 14:02,2026-10-06 21:00,,,https://www.youtube.com/channel/UCIZFeJMzCfJeePawFlyeYgg
UCxKYnDlC1SZKudTjp2c8pQA,@アレン777,12,1年,Member (1 year),,不明,,,5,14,0,2026-09-12 14:02,2026-10-05 19:02,,,https://www.youtube.com/channel/UCxKYnDlC1SZKudTjp2c8pQA
UCm96zA_e9YMijpQaNPgU0CA,@あんどれ-s3n,12,1年,Member (1 year),,不明,,,5,118,0,2026-09-12 22:01,2026-10-06 21:00,,,https://www.youtube.com/channel/UCm96zA_e9YMijpQaNPgU0CA
UCuIwn1ZkWZxzYiKjyTlhrKA,@jango427,12,1年,Member (1 year),,不明,,,5,286,0,2026-09-12 22:01,2026-10-10 22:03,,,https://www.youtube.com/channel/UCuIwn1ZkWZxzYiKjyTlhrKA
UCe6kA1WKXUDQqzZsAFMr7sA,@永留日影,12,1年,Member (1 year),,不明,,,5,146,0,2026-09-12 22:01,2026-10-05 19:02,,,https://www.youtube.com/channel/UCe6kA1WKXUDQqzZsAFMr7sA
UCjXIL1k5INstRipkadEAeyw,@外道ミカゲ45,12,1年,Member (1 year),,不明,,,5,30,0,2026-09-12 22:01,2026-10-10 22:03,,,https://www.youtube.com/channel/UCjXIL1k5INstRipkadEAeyw
UCFcvR-SEHB3vCIXMlhnwHJg,@hahahaha3362,12,1年,Member (1 year),,不明,,,5,415,0,2026-09-12 22:01,2026-10-10 22:03,,,https://www.youtube.com/channel/UCFcvR-SEHB3vCIXMlhnwHJg
UCPtup18PJ0PSkw1gN727sxw,@ゼン-k6d,12,1年,Member (1 year),,不明,,,5,730,0,2026-09-12 22:01,2026-10-03 22:01,,,https://www.youtube.com/channel/UCPtup18PJ0PSkw1gN727sxw
UCzR3TKBdaJ_4aVwttIyuTBg,@ocha1289,12,1年,Member (1 year),,不明,,,5,17,0,2026-09-12 22:01,2026-10-10 22:03,,,https://www.youtube.com/channel/UCzR3TKBdaJ_4aVwttIyuTBg
UCY9UkAN-Hmbuta07ul9pXRQ,@食玩のシャチ-m8q,12,1年,Member (1 year),,不明,,,5,86,0,2026-09-12 22:01,2026-10-06 21:00,,,https://www.youtube.com/channel/UCY9UkAN-Hmbuta07ul9pXRQ
UCt-6dLZ6WQKDPP4sfPRSRBg,@結城ごつつ,12,1年,Member (1 year),,不明,,,5,43,0,2026-09-12 22:01,2026-10-10 22:03,,,https://www.youtube.com/channel/UCt-6dLZ6WQKDPP4sfPRSRBg
UCBqioF8m7YfrbsXyi-yDDqg,@お肉だいすき-g3i,12,1年,Member (1 year),,不明,,,5,44,0,2026-09-12 22:01,2026-10-10 22:03,,,https://www.youtube.com/channel/UCBqioF8m7YfrbsXyi-yDDqg
UCcatwCPxqHMzi3bxFS0R2PQ,@AesopWa,12,1年,Member (1 year),14,星くずたち,再加入/レベル変更,,5,247,0,2026-09-12 22:01,2026-10-10 22:03,,,https://www.youtube.com/channel/UCcatwCPxqHMzi3bxFS0R2PQ
UCi0qldXJA7ZZMNyBGOEMlaQ,@螢_ホタル,12,1年,Member (1 year),,不明,,,5,91,0,2026-09-12 22:01,2026-10-05 19:02,,,https://www.youtube.com/channel/UCi0qldXJA7ZZMNyBGOEMlaQ
UCLZweNyCbRrKPuPN9lkNvOQ,@ヨコタカ-e7q,12,1年,Member (1 year),,不明,,,5,16,0,2026-09-12 22:01,2026-10-10 12:03,,,https://www.youtube.com/channel/UCLZweNyCbRrKPuPN9lkNvOQ
UCybRhhfs1OhGIGtLs77xiig,@pmgaとすく,12,1年,Member (1 year),,不明,,,5,32,0,2026-09-12 22:01,2026-10-05 19:02,,,https://www.youtube.com/channel/UCybRhhfs1OhGIGtLs77xiig
UCK6MFL4GiD9qCOCGAOlhAjg,@nimnim9979,12,1年,Member (1 year),,不明,,,5,39,0,2026-09-12 22:01,2026-10-10 22:03,,,https://www.youtube.com/channel/UCK6MFL4GiD9qCOCGAOlhAjg
UCnET1enXKGoYm3_dWM-VAbQ,@アマクシス,12,1年,Member (1 year),,不明,,,5,18,0,2026-09-12 22:01,2026-10-10 22:03,,,https://www.youtube.com/channel/UCnET1enXKGoYm3_dWM-VAbQ
UCEKhfDaQQLESNv88mPaSR4A,@やんでら,12,1年,Member (1 year),,不明,,,5,67,0,2026-09-12 22:01,2026-10-06 21:00,,,https://www.youtube.com/channel/UCEKhfDaQQLESNv88mPaSR4A
UC9OJm37lyyqpVsdea4wuNcw,@鍵猿ak,12,1年,Member (1 year),,不明,,,5,36,0,2026-09-12 22:01,2026-10-10 12:03,,,https://www.youtube.com/channel/UC9OJm37lyyqpVsdea4wuNcw
UCvm0AbqlQSFqABAlcIZhemg,@冷めたカイロ,12,1年,Member (1 year),,不明,,,5,7,0,2026-09-14 19:02,2026-10-05 19:02,,,https://www.youtube.com/channel/UCvm0AbqlQSFqABAlcIZhemg
UCyb_RecHx7JldNWgThTo-og,@ミル_88,12,1年,Member (1 year),,不明,,,5,20,1,2026-09-14 19:02,2026-10-10 22:03,,,https://www.youtube.com/channel/UCyb_RecHx7JldNWgThTo-og
UC1GL42ieYQ6lfYDYSXlvWLA,@BRF1924,12,1年,Member (1 year),,不明,,,5,83,0,2026-09-14 19:02,2026-10-06 21:00,,,https://www.youtube.com/channel/UC1GL42ieYQ6lfYDYSXlvWLA
UCBFbwq17OxQXWx-lJRyWbYQ,@川蝉-n8f,12,1年,Member (1 year),,不明,,,5,491,2,2026-09-14 19:02,2026-10-05 19:02,,,https://www.youtube.com/channel/UCBFbwq17OxQXWx-lJRyWbYQ
UC5yVfJlAx4OJry1KBs7WGrQ,@レモングラス-k3e,12,1年,Member (1 year),,不明,,,5,195,2,2026-09-14 19:02,2026-10-10 12:03,,,https://www.youtube.com/channel/UC5yVfJlAx4OJry1KBs7WGrQ
UCtsJIk3GKT7FllpJuNP0TyQ,@ガチャローコタロー,12,1年,Member (1 year),,不明,,,5,59,2,2026-09-14 19:02,2026-10-06 21:00,,,https://www.youtube.com/channel/UCtsJIk3GKT7FllpJuNP0TyQ
UCi9M2SIzm_LYslxndifBFvA,@5w1negi,12,1年,Member (1 year),,不明,,,5,77,0,2026-09-14 19:02,2026-10-06 21:00,,,https://www.youtube.com/channel/UCi9M2SIzm_LYslxndifBFvA
UCCnHKR6IGpNggfeEAKFHW7A,@ややや3,12,1年,Member (1 year),,不明,,,5,46,0,2026-09-14 19:02,2026-10-06 21:00,,,https://www.youtube.com/channel/UCCnHKR6IGpNggfeEAKFHW7A
UCptHybRXTFVPp16jK6TuqBA,@酢酸.水溶液,12,1年,Member (1 year),,不明,,,5,250,0,2026-09-14 19:02,2026-10-05 19:02,,,https://www.youtube.com/channel/UCptHybRXTFVPp16jK6TuqBA
UCGSBulhWP3_GjEVMe4VVu-w,@なおいnaoi_dona,12,1年,Member (1 year),,不明,,,5,15,0,2026-09-14 19:02,2026-10-05 19:02,,,https://www.youtube.com/channel/UCGSBulhWP3_GjEVMe4VVu-w
UCIAM53h6v6Kf_BzBHJlpK3A,@Seryu_Vlatasuki,12,1年,Member (1 year),,不明,,,5,11,0,2026-09-14 19:02,2026-10-10 12:03,,,https://www.youtube.com/channel/UCIAM53h6v6Kf_BzBHJlpK3A
UCuFH0RJx-kTgzB2uxm-7RZg,@とるねん,12,1年,Member (1 year),,不明,,,5,30,0,2026-09-14 19:02,2026-10-05 19:02,,,https://www.youtube.com/channel/UCuFH0RJx-kTgzB2uxm-7RZg
UCZXicFwqWWBwfBb7AA3r7Gg,@ぴょおんぴょんた,12,1年,Member (1 year),,不明,,,5,15,0,2026-09-14 19:02,2026-10-10 22:03,,,https://www.youtube.com/channel/UCZXicFwqWWBwfBb7AA3r7Gg
UCbDoSO8eal3N7Ay5uvxdcSw,@あげからつべ避難,12,1年,Member (1 year),,不明,,,5,49,0,2026-09-14 19:02,2026-10-06 21:00,,,https://www.youtube.com/channel/UCbDoSO8eal3N7Ay5uvxdcSw
UCQaN4HRXXyHxOIQBe-W70fw,@セト-q4x,12,1年,Member (1 year),,不明,,,5,9,0,2026-09-14 19:02,2026-10-06 21:00,,,https://www.youtube.com/channel/UCQaN4HRXXyHxOIQBe-W70fw
UC63BSy6PIJrrXueGJGKxrbw,@りり-hel,12,1年,Member (1 year),,不明,,,5,14,0,2026-09-19 12:02,2026-10-10 12:03,,,https://www.youtube.com/channel/UC63BSy6PIJrrXueGJGKxrbw
UCkxx1vPZ1PizPk4NpYONaWw,@メカ餅,12,1年,Member (1 year),,不明,,,5,110,0,2026-09-19 12:02,2026-10-10 12:03,,,https://www.youtube.com/channel/UCkxx1vPZ1PizPk4NpYONaWw
UCiNFR6DNgpQZOX2rZP1QaaA,@なっちー-b3b,12,1年,Member (1 year),,不明,,,5,10,0,2026-09-19 12:02,2026-10-06 21:00,,,https://www.youtube.com/channel/UCiNFR6DNgpQZOX2rZP1QaaA
UC07hXVFdU_qHGMdy9wrM6Ag,@user-ninonino0913,12,1年,Member (1 year),,不明,,,5,9,0,2026-09-19 22:02,2026-10-10 22:03,,,https://www.youtube.com/channel/UC07hXVFdU_qHGMdy9wrM6Ag
UCpuN28sHVTNkMdV2lAAuXdA,@0404SWORD,12,1年,Member (1 year),,不明,,,5,495,0,2026-09-20 12:16,2026-10-06 21:00,,,https://www.youtube.com/channel/UCpuN28sHVTNkMdV2lAAuXdA
UC_FqUrfbrY3NkjA7KBLbKsQ,@刑部-l1v,12,1年,Member (1 year),,不明,,,5,11,0,2026-09-20 12:16,2026-10-10 12:03,,,https://www.youtube.com/channel/UC_FqUrfbrY3NkjA7KBLbKsQ
UCquVCUugOo6kD7NrLzyKW-A,@strayed8405,12,1年,Member (1 year),,不明,,,5,31,0,2026-09-20 12:16,2026-10-03 12:00,,,https://www.youtube.com/channel/UCquVCUugOo6kD7NrLzyKW-A
UCbV-5M0oztvS5BfM-IyCDTA,@あーくさん-n7x,12,1年,Member (1 year),,不明,,,5,52,0,2026-09-22 14:00,2026-10-10 22:03,,,https://www.youtube.com/channel/UCbV-5M0oztvS5BfM-IyCDTA
UCcCQDLcgT__xFiu2vMtguHg,@kiyo_tamu,12,1年,Member (1 year),,不明,,,5,443,1,2026-10-02 20:01,2026-10-10 12:03,,,https://www.youtube.com/channel/UCcCQDLcgT__xFiu2vMtguHg
UCE5b2EGH3-GnLEBc8YvcAKA,@takahasi_h,12,1年,Member (1 year),,不明,,,5,77,0,2026-10-02 20:01,2026-10-10 12:03,,,https://www.youtube.com/channel/UCE5b2EGH3-GnLEBc8YvcAKA
UCTpewm2c_Keivj_DKPaOhzA,@かい8-kai,12,1年,Member (1 year),,不明,,,4,33,0,2026-09-12 14:02,2026-09-22 14:00,,,https://www.youtube.com/channel/UCTpewm2c_Keivj_DKPaOhzA
UC7AEHN_S2Zs2oXXzZBpABaA,@しゅくや_syukuya,12,1年,Member (1 year),,不明,,,4,94,0,2026-09-12 14:02,2026-10-05 19:02,,,https://www.youtube.com/channel/UC7AEHN_S2Zs2oXXzZBpABaA
UCyBGM0K2RcqUw83NImmP1zw,@むらさき-d3o,12,1年,Member (1 year),,不明,,,4,73,1,2026-09-12 14:02,2026-10-05 19:02,,,https://www.youtube.com/channel/UCyBGM0K2RcqUw83NImmP1zw
UCoiVNnZnVMHmwKExz93Z33A,@hamo_game,12,1年,Member (1 year),,不明,,,4,24,0,2026-09-12 14:02,2026-10-05 19:02,,,https://www.youtube.com/channel/UCoiVNnZnVMHmwKExz93Z33A
UC9vnC-gc_Jrj8sk5UEKBMHQ,@vihort8603,12,1年,Member (1 year),,不明,,,4,30,1,2026-09-12 14:02,2026-09-19 12:02,,,https://www.youtube.com/channel/UC9vnC-gc_Jrj8sk5UEKBMHQ
UChtC09CFVSUGoxW6Fjbyq-A,@シガラミィ,12,1年,Member (1 year),,不明,,,4,7,0,2026-09-12 14:02,2026-09-20 19:33,,,https://www.youtube.com/channel/UChtC09CFVSUGoxW6Fjbyq-A
UC0rDnUE8OQ7u_MA3sVdHlBw,@べくたー君白虎狛,12,1年,Member (1 year),,不明,,,4,143,0,2026-09-12 14:02,2026-10-05 19:02,,,https://www.youtube.com/channel/UC0rDnUE8OQ7u_MA3sVdHlBw
UCA_i3RNzSa--ettmd5JVa_Q,@nessaidaban,12,1年,Member (1 year),,不明,,,4,38,0,2026-09-12 14:02,2026-10-10 22:03,,,https://www.youtube.com/channel/UCA_i3RNzSa--ettmd5JVa_Q
UCeazs-PCRhg-jYnb5Y3XwIw,@n_氏,12,1年,Member (1 year),,不明,,,4,364,0,2026-09-12 14:02,2026-10-06 21:00,,,https://www.youtube.com/channel/UCeazs-PCRhg-jYnb5Y3XwIw
UCyBMhrZnwCWHZcygYnCXI2Q,@マキリオ,12,1年,Member (1 year),,不明,,,4,24,0,2026-09-12 14:02,2026-10-06 21:00,,,https://www.youtube.com/channel/UCyBMhrZnwCWHZcygYnCXI2Q
UCqw-MXpw6UBPU0DfgXGRiKw,@peatpotter,12,1年,Member (1 year),,不明,,,4,114,0,2026-09-12 14:02,2026-10-06 21:00,,,https://www.youtube.com/channel/UCqw-MXpw6UBPU0DfgXGRiKw
UCcMc7KBkVsNIq7lKNWD70Yw,@せんげき,12,1年,Member (1 year),,不明,,,4,51,0,2026-09-12 14:02,2026-10-06 21:00,,,https://www.youtube.com/channel/UCcMc7KBkVsNIq7lKNWD70Yw
UCV0WV-Z4SUhf0J2-nzkYaPw,@牛乳なのだ_S1rataE,12,1年,Member (1 year),,不明,,,4,5,0,2026-09-12 14:02,2026-09-29 18:58,,,https://www.youtube.com/channel/UCV0WV-Z4SUhf0J2-nzkYaPw
UCP-U8bMTUqU339G0Zgb8F2Q,@natsman213,12,1年,Member (1 year),,不明,,,4,43,0,2026-09-12 22:01,2026-10-03 22:01,,,https://www.youtube.com/channel/UCP-U8bMTUqU339G0Zgb8F2Q
UC0asMB2nYjjBI9eM5bU1zww,@AS-ui1do,12,1年,Member (1 year),,不明,,,4,206,0,2026-09-12 22:01,2026-10-05 19:02,,,https://www.youtube.com/channel/UC0asMB2nYjjBI9eM5bU1zww
UCFdsFn_LCDh1HYsh4J5PHXA,@アルキャン,12,1年,Member (1 year),,不明,,,4,71,0,2026-09-12 22:01,2026-10-10 22:03,,,https://www.youtube.com/channel/UCFdsFn_LCDh1HYsh4J5PHXA
UC_Tv6v-cBUycQR2nbfPzVRQ,@ポテト-f9o,12,1年,Member (1 year),,不明,,,4,56,0,2026-09-12 22:01,2026-10-06 21:00,,,https://www.youtube.com/channel/UC_Tv6v-cBUycQR2nbfPzVRQ
UCE09bJ6uvi82UR-Hdp2uH5A,@迷路迷路,12,1年,Member (1 year),,不明,,,4,23,0,2026-09-12 22:01,2026-10-03 22:01,,,https://www.youtube.com/channel/UCE09bJ6uvi82UR-Hdp2uH5A
UCrEPEp7MFrSd3rfgZWc1t2Q,@ハッシー-m1m,12,1年,Member (1 year),,不明,,,4,13,0,2026-09-12 22:01,2026-10-05 19:02,,,https://www.youtube.com/channel/UCrEPEp7MFrSd3rfgZWc1t2Q
UC6MKvbjih9e5HUtV5f1vNtQ,@はち-j9z,12,1年,Member (1 year),,不明,,,4,57,0,2026-09-12 22:01,2026-10-10 22:03,,,https://www.youtube.com/channel/UC6MKvbjih9e5HUtV5f1vNtQ
UCPZTWVbQOXUsCCFMrgYbndw,@アツシ-x6v,12,1年,Member (1 year),,不明,,,4,6,0,2026-09-12 22:01,2026-10-02 20:01,,,https://www.youtube.com/channel/UCPZTWVbQOXUsCCFMrgYbndw
UCMu6kECQ3ZMyxnahpaHuqQQ,@シゲヲ2nd,12,1年,Member (1 year),,不明,,,4,5,0,2026-09-12 22:01,2026-10-10 22:03,,,https://www.youtube.com/channel/UCMu6kECQ3ZMyxnahpaHuqQQ
UC9SIYi77-yvp7AALpmbDCvQ,@のぐを-p3u,12,1年,Member (1 year),,不明,,,4,6,0,2026-09-12 22:01,2026-09-26 12:02,,,https://www.youtube.com/channel/UC9SIYi77-yvp7AALpmbDCvQ
UC-B_K315Xpy5FyD8tMIyPdw,@たくやん-e8c,12,1年,Member (1 year),,不明,,,4,33,0,2026-09-14 19:02,2026-10-06 21:00,,,https://www.youtube.com/channel/UC-B_K315Xpy5FyD8tMIyPdw
UCjJfuJ_Qp2RdyGNasAlZFUQ,@くくる感,12,1年,Member (1 year),,不明,,,4,186,0,2026-09-14 19:02,2026-10-06 21:00,,,https://www.youtube.com/channel/UCjJfuJ_Qp2RdyGNasAlZFUQ
UCyQfiFa27Qh2J5CF4sCWLyA,@ひぎち,12,1年,Member (1 year),,不明,,,4,237,0,2026-09-14 19:02,2026-10-06 21:00,,,https://www.youtube.com/channel/UCyQfiFa27Qh2J5CF4sCWLyA
UCaFYL6FKP4ETDPreY7Hzqog,@玉響-x5n,12,1年,Member (1 year),,不明,,,4,123,0,2026-09-14 19:02,2026-10-06 21:00,,,https://www.youtube.com/channel/UCaFYL6FKP4ETDPreY7Hzqog
UCHgQN5hiWAw9MGRafYseYPg,@スパラビ,12,1年,Member (1 year),,不明,,,4,26,0,2026-09-14 19:02,2026-10-06 21:00,,,https://www.youtube.com/channel/UCHgQN5hiWAw9MGRafYseYPg
UCvfq0tpH7mqFeameZmS-jjA,@水無月クロム,12,1年,Member (1 year),,不明,,,4,15,0,2026-09-14 19:02,2026-10-10 22:03,,,https://www.youtube.com/channel/UCvfq0tpH7mqFeameZmS-jjA
UCWc3yzgUFDp9cfa4ZMIT0Qg,@たかし-v4i,12,1年,Member (1 year),,不明,,,4,35,0,2026-09-14 19:02,2026-10-06 21:00,,,https://www.youtube.com/channel/UCWc3yzgUFDp9cfa4ZMIT0Qg
UCWfgJZby-BK3TsQkM2QsPuQ,@蟻ケ,12,1年,Member (1 year),,不明,,,4,37,0,2026-09-14 19:02,2026-10-10 12:03,,,https://www.youtube.com/channel/UCWfgJZby-BK3TsQkM2QsPuQ
UCrRIXPgYD4V_IfTvo_Ijz5g,@craft3578,12,1年,Member (1 year),,不明,,,4,25,0,2026-09-14 19:02,2026-10-06 21:00,,,https://www.youtube.com/channel/UCrRIXPgYD4V_IfTvo_Ijz5g
UC2fFMZ6bhVaUEBJDiFnpLrw,@さっま-r7h,12,1年,Member (1 year),,不明,,,4,240,0,2026-09-14 19:02,2026-10-06 21:00,,,https://www.youtube.com/channel/UC2fFMZ6bhVaUEBJDiFnpLrw
UCujIW1ejIaUpTRcMCp2DNXQ,@icemango,12,1年,Member (1 year),,不明,,,4,33,0,2026-09-14 19:02,2026-10-05 19:02,,,https://www.youtube.com/channel/UCujIW1ejIaUpTRcMCp2DNXQ
UCa7P1CvkcebdYwWHeP7ex0Q,@-Bottomless-hx1zl,12,1年,Member (1 year),,不明,,,4,68,0,2026-09-14 19:02,2026-10-06 21:00,,,https://www.youtube.com/channel/UCa7P1CvkcebdYwWHeP7ex0Q
UC6c_wvDi5z_bfZx7zx3A_jA,@ろろろ-s5s,12,1年,Member (1 year),,不明,,,4,8,0,2026-09-14 19:02,2026-09-26 12:02,,,https://www.youtube.com/channel/UC6c_wvDi5z_bfZx7zx3A_jA
UCannpUi9YBwdLVwB4mgkGsw,@きなこもち_81,12,1年,Member (1 year),,不明,,,4,9,0,2026-09-14 19:02,2026-10-10 22:03,,,https://www.youtube.com/channel/UCannpUi9YBwdLVwB4mgkGsw
UCqNp_I6qgfvqW73dC3rJrvw,@LOVE-ny3kd,12,1年,Member (1 year),,不明,,,4,8,0,2026-09-14 19:02,2026-10-05 19:02,,,https://www.youtube.com/channel/UCqNp_I6qgfvqW73dC3rJrvw
UCu0rDzJBqTOs6PQG_ZnNGiQ,@あおい-l6u3r,12,1年,Member (1 year),,不明,,,4,5,0,2026-09-14 19:02,2026-10-05 19:02,,,https://www.youtube.com/channel/UCu0rDzJBqTOs6PQG_ZnNGiQ
UCaOD3sCW7mfhEauKJOWfurg,@luluu227,12,1年,Member (1 year),,不明,,,4,27,0,2026-09-14 19:02,2026-10-05 19:02,,,https://www.youtube.com/channel/UCaOD3sCW7mfhEauKJOWfurg
UCI3qsC1DLiu4z9PaatXf6tA,@みかちん-y7j,12,1年,Member (1 year),,不明,,,4,10,0,2026-09-14 19:02,2026-10-10 22:03,,,https://www.youtube.com/channel/UCI3qsC1DLiu4z9PaatXf6tA
UCPQSiiJbG16tRr5bf5RTxrA,@棒三郎,12,1年,Member (1 year),,不明,,,4,22,0,2026-09-14 19:02,2026-10-10 12:03,,,https://www.youtube.com/channel/UCPQSiiJbG16tRr5bf5RTxrA
UC5Nv9l5lJWlEu06Vf9mKr6Q,@尊いことを探すもの,12,1年,Member (1 year),,不明,,,4,125,0,2026-09-14 19:02,2026-10-06 21:00,,,https://www.youtube.com/channel/UC5Nv9l5lJWlEu06Vf9mKr6Q
UC8CotnoNvRtSh3mQfd5C7vg,@たろう-n2b,12,1年,Member (1 year),,不明,,,4,27,0,2026-09-14 19:02,2026-10-05 19:02,,,https://www.youtube.com/channel/UC8CotnoNvRtSh3mQfd5C7vg
UCpe-3OyH6cWt0lQgMrjlujg,@oga4011,12,1年,Member (1 year),,不明,,,4,28,0,2026-09-14 19:02,2026-10-05 19:02,,,https://www.youtube.com/channel/UCpe-3OyH6cWt0lQgMrjlujg
UCMyjrvs_yrmS_0YfhmMQdQw,@硝子蛙,12,1年,Member (1 year),,不明,,,4,68,0,2026-09-14 19:02,2026-10-05 19:02,,,https://www.youtube.com/channel/UCMyjrvs_yrmS_0YfhmMQdQw
UCgyvjx5rUGMpet0i-5CGohw,@ギルバ-v2m,12,1年,Member (1 year),,不明,,,4,7,0,2026-09-14 19:02,2026-10-06 21:00,,,https://www.youtube.com/channel/UCgyvjx5rUGMpet0i-5CGohw
UCr9b52dOk0997uOquaan1Sw,@ぽぽぽ-q9d,12,1年,Member (1 year),,不明,,,4,17,0,2026-09-14 19:02,2026-10-10 22:03,,,https://www.youtube.com/channel/UCr9b52dOk0997uOquaan1Sw
UCaj8K1A9Cu5K_xyQ1NDX4aQ,@Beckyful1212,12,1年,Member (1 year),,不明,,,4,4,0,2026-09-16 14:33,2026-10-03 12:00,,,https://www.youtube.com/channel/UCaj8K1A9Cu5K_xyQ1NDX4aQ
UCvQVl9ha06N5uU6mmELyYvQ,@赤松-pine,12,1年,Member (1 year),,不明,,,4,15,0,2026-09-16 14:33,2026-09-26 12:02,,,https://www.youtube.com/channel/UCvQVl9ha06N5uU6mmELyYvQ
UCMz_6xOfDsSs487RPOoZTfQ,@ALICE-sh8po,12,1年,Member (1 year),,不明,,,4,4,0,2026-09-16 21:02,2026-10-05 19:02,,,https://www.youtube.com/channel/UCMz_6xOfDsSs487RPOoZTfQ
UC6GIgkFJhnbXDTM948CkPgA,@剣のオジサン,12,1年,Member (1 year),,不明,,,4,17,0,2026-09-19 12:02,2026-10-05 19:02,,,https://www.youtube.com/channel/UC6GIgkFJhnbXDTM948CkPgA
UC5yoc7WX9q8Ze2OiFDb6PCw,@imokenpi2034,12,1年,Member (1 year),,不明,,,4,6,0,2026-09-19 12:02,2026-10-06 21:00,,,https://www.youtube.com/channel/UC5yoc7WX9q8Ze2OiFDb6PCw
UC9M1W_393ZLbU5whikNL-Yw,@raita_hn,12,1年,Member (1 year),,不明,,,4,14,0,2026-09-19 12:02,2026-09-26 12:02,,,https://www.youtube.com/channel/UC9M1W_393ZLbU5whikNL-Yw
UCZ0yaZJVqlTN1TU4PXTeMtA,@桜雲-e1d,12,1年,Member (1 year),,不明,,,4,39,0,2026-09-19 12:02,2026-10-05 19:02,,,https://www.youtube.com/channel/UCZ0yaZJVqlTN1TU4PXTeMtA
UCa8F-t2-Jdq7_pVcKovaHbw,@fate1nanoha2,12,1年,Member (1 year),,不明,,,4,25,0,2026-09-19 12:02,2026-10-10 12:03,,,https://www.youtube.com/channel/UCa8F-t2-Jdq7_pVcKovaHbw
UC1-1Tb2IxnthrsEcO__zIWA,@むひ-x4e,12,1年,Member (1 year),,不明,,,4,17,0,2026-09-19 12:02,2026-10-10 12:03,,,https://www.youtube.com/channel/UC1-1Tb2IxnthrsEcO__zIWA
UCOo8kqHS-nepHI316a2oxTw,@やまの雑木林,12,1年,Member (1 year),,不明,,,4,38,0,2026-09-19 12:02,2026-10-10 12:03,,,https://www.youtube.com/channel/UCOo8kqHS-nepHI316a2oxTw
UCKoitq3VEDcrq608TkAVmpg,@橘まこと-v8f,12,1年,Member (1 year),,不明,,,4,9,0,2026-09-19 12:02,2026-10-10 12:03,,,https://www.youtube.com/channel/UCKoitq3VEDcrq608TkAVmpg
UCcT_i2An19lblR_mNxvxOsg,@彗星-o3e,12,1年,Member (1 year),,不明,,,4,4,0,2026-09-19 12:02,2026-10-05 19:02,,,https://www.youtube.com/channel/UCcT_i2An19lblR_mNxvxOsg
UCoYnxCY02D8eAV0-D2bdShA,@forebound1311,12,1年,Member (1 year),,不明,,,4,7,0,2026-09-19 12:02,2026-10-03 12:00,,,https://www.youtube.com/channel/UCoYnxCY02D8eAV0-D2bdShA
UCg8WwgVh9woLmu_4NcGlyvA,@cbr9587,12,1年,Member (1 year),16,星くずたち,マイルストーン,,4,61,1,2026-09-19 12:02,2026-10-02 20:01,,,https://www.youtube.com/channel/UCg8WwgVh9woLmu_4NcGlyvA
UCnE_wxgANizltj_HR_3CTdA,@saLana-t8t,12,1年,Member (1 year),,不明,,,4,5,0,2026-09-19 12:02,2026-10-10 22:03,,,https://www.youtube.com/channel/UCnE_wxgANizltj_HR_3CTdA
UCqR13MW2VGyZ1ZcIvDdghYA,@うちわDX,12,1年,Member (1 year),,不明,,,4,232,0,2026-09-19 22:02,2026-10-10 22:03,,,https://www.youtube.com/channel/UCqR13MW2VGyZ1ZcIvDdghYA
UCmSpENjJW27nkVUOXTkkfLA,@masuta_9029,12,1年,Member (1 year),,不明,,,4,318,0,2026-09-20 12:16,2026-10-05 19:02,,,https://www.youtube.com/channel/UCmSpENjJW27nkVUOXTkkfLA
UCvfoy04Z3HYtGqsIb_YPeNQ,@それとなくなめこ汁,12,1年,Member (1 year),,不明,,,4,10,0,2026-09-20 12:16,2026-10-10 12:03,,,https://www.youtube.com/channel/UCvfoy04Z3HYtGqsIb_YPeNQ
UCzGo0jPN2iU6jN2-G6Ly4gg,@Ronia_fatima006,12,1年,Member (1 year),,不明,,,4,81,0,2026-09-22 14:00,2026-10-06 21:00,,,https://www.youtube.com/channel/UCzGo0jPN2iU6jN2-G6Ly4gg
UCQHzBx5zmMUlZJod52ZgowQ,@遠野シキ-l6d,12,1年,Member (1 year),,不明,,,4,202,0,2026-09-22 14:00,2026-10-03 12:00,,,https://www.youtube.com/channel/UCQHzBx5zmMUlZJod52ZgowQ
UCZnOdov7IC-GsIBZpSueBaQ,@字消,12,1年,Member (1 year),,不明,,,4,9,0,2026-09-26 22:01,2026-10-06 21:00,,,https://www.youtube.com/channel/UCZnOdov7IC-GsIBZpSueBaQ
UCJwZdulg-GmTOSLmxxGaILw,@りょーやま-g6p,12,1年,Member (1 year),,不明,,,4,5,0,2026-09-26 22:01,2026-10-10 22:03,,,https://www.youtube.com/channel/UCJwZdulg-GmTOSLmxxGaILw
UC4iuRjT2uVrxpQRY7WS_Hww,@カレーC.I.E.L,12,1年,Member (1 year),,不明,,,4,5,0,2026-09-26 22:01,2026-10-06 21:00,,,https://www.youtube.com/channel/UC4iuRjT2uVrxpQRY7WS_Hww
UCnDmsCFarnbTyNgXO5xakPQ,@盈月-h1t,12,1年,Member (1 year),,不明,,,4,47,0,2026-10-02 20:01,2026-10-06 21:00,,,https://www.youtube.com/channel/UCnDmsCFarnbTyNgXO5xakPQ
UCVcQLCXjSxEHi5PyLn4a12A,@ユグドプロム,12,1年,Member (1 year),,不明,,,3,89,0,2026-09-12 14:02,2026-10-05 19:02,,,https://www.youtube.com/channel/UCVcQLCXjSxEHi5PyLn4a12A
UCzxH0URl3lmHgKEk9VrMpjA,@fKamonanba,12,1年,Member (1 year),,不明,,,3,14,0,2026-09-12 14:02,2026-10-06 21:00,,,https://www.youtube.com/channel/UCzxH0URl3lmHgKEk9VrMpjA
UCVdFso1cv_lRIpJlvAhtSyw,@佐藤慎二-m7q,12,1年,Member (1 year),,不明,,,3,49,0,2026-09-12 14:02,2026-10-06 21:00,,,https://www.youtube.com/channel/UCVdFso1cv_lRIpJlvAhtSyw
UCZnjiG52OjqGGScD_eNMjwA,@kuzunohashinoda7425,12,1年,Member (1 year),,不明,,,3,34,0,2026-09-12 14:02,2026-10-06 21:00,,,https://www.youtube.com/channel/UCZnjiG52OjqGGScD_eNMjwA
UCMDlPCqh-Bptg--P7g0hxiA,@00wind1,12,1年,Member (1 year),,不明,,,3,21,0,2026-09-12 14:02,2026-10-05 19:02,,,https://www.youtube.com/channel/UCMDlPCqh-Bptg--P7g0hxiA
UC4bDuLttC6tJKHmLiAPjMWQ,@psypha155,12,1年,Member (1 year),,不明,,,3,80,0,2026-09-12 14:02,2026-10-06 21:00,,,https://www.youtube.com/channel/UC4bDuLttC6tJKHmLiAPjMWQ
UC5lfOij6IXhhNyKRV9WrmYw,@海月くらげ-x6g,12,1年,Member (1 year),,不明,,,3,45,1,2026-09-12 14:02,2026-10-05 19:02,,,https://www.youtube.com/channel/UC5lfOij6IXhhNyKRV9WrmYw
UCyaik-tk99GDVuJH4EtG2pA,@rta2643,12,1年,Member (1 year),,不明,,,3,18,0,2026-09-12 14:02,2026-10-05 19:02,,,https://www.youtube.com/channel/UCyaik-tk99GDVuJH4EtG2pA
UCwvpErTFYcGgUxl-Hk4V6HA,@三角定規-n8n,12,1年,Member (1 year),,不明,,,3,5,0,2026-09-12 14:02,2026-09-26 12:02,,,https://www.youtube.com/channel/UCwvpErTFYcGgUxl-Hk4V6HA
UC4EwZ6SuAqt5hb6CSUPJYjQ,@岡平-j1y,12,1年,Member (1 year),,不明,,,3,38,0,2026-09-12 14:02,2026-09-26 12:02,,,https://www.youtube.com/channel/UC4EwZ6SuAqt5hb6CSUPJYjQ
UCauONRSAecn6lSxe36YHf5w,@Yuki-ji3ek,12,1年,Member (1 year),,不明,,,3,3,0,2026-09-12 14:02,2026-10-03 12:00,,,https://www.youtube.com/channel/UCauONRSAecn6lSxe36YHf5w
UCQcIb1OsoxYqW0NSv9YGjgA,@dns_mjk,12,1年,Member (1 year),,不明,,,3,34,0,2026-09-12 22:01,2026-10-03 22:01,,,https://www.youtube.com/channel/UCQcIb1OsoxYqW0NSv9YGjgA
UCHE9V38aYxaWUxsuAja4aLg,@あらやしき-w1r,12,1年,Member (1 year),,不明,,,3,75,0,2026-09-12 22:01,2026-10-05 19:02,,,https://www.youtube.com/channel/UCHE9V38aYxaWUxsuAja4aLg
UClkJAcDZmUnsTLe8IqR2lYQ,@PARAGASU,12,1年,Member (1 year),,不明,,,3,54,0,2026-09-12 22:01,2026-10-03 22:01,,,https://www.youtube.com/channel/UClkJAcDZmUnsTLe8IqR2lYQ
UCq1yQflhRn-7F_eL64OMRww,@KasTorm13,12,1年,Member (1 year),,不明,,,3,14,2,2026-09-12 22:01,2026-10-05 19:02,,,https://www.youtube.com/channel/UCq1yQflhRn-7F_eL64OMRww
UCSBu4rwzcYqrP0138nnsN6w,@rk_rioruru-n1x,12,1年,Member (1 year),,不明,,,3,3,0,2026-09-12 22:01,2026-10-10 22:03,,,https://www.youtube.com/channel/UCSBu4rwzcYqrP0138nnsN6w
UCy1OlHO6P95jgim-0hRKvZg,@安田マリー,12,1年,Member (1 year),,不明,,,3,7,0,2026-09-12 22:01,2026-10-10 22:03,,,https://www.youtube.com/channel/UCy1OlHO6P95jgim-0hRKvZg
UClYzOjR3Ls3r8qDLebP-Tpw,@inori01games,12,1年,Member (1 year),,不明,,,3,6,0,2026-09-12 22:01,2026-09-26 22:01,,,https://www.youtube.com/channel/UClYzOjR3Ls3r8qDLebP-Tpw
UCnFO8ejclBErqU67tea7u-w,@あげだしどうふっ,12,1年,Member (1 year),,不明,,,3,149,0,2026-09-12 22:01,2026-10-05 19:02,,,https://www.youtube.com/channel/UCnFO8ejclBErqU67tea7u-w
UCQ1_ziLgq5VH84yrei96ovw,@田川大樹-g4k,12,1年,Member (1 year),,不明,,,3,5,0,2026-09-12 22:01,2026-10-06 21:00,,,https://www.youtube.com/channel/UCQ1_ziLgq5VH84yrei96ovw
UCOu6Yj95QsZ3TxZNkvl7_0g,@ねぎろーま,12,1年,Member (1 year),,不明,,,3,7,0,2026-09-12 22:01,2026-10-05 19:02,,,https://www.youtube.com/channel/UCOu6Yj95QsZ3TxZNkvl7_0g
UCRYKP18INyxzV9J61p1SEEw,@kix3833,12,1年,Member (1 year),,不明,,,3,4,0,2026-09-12 22:01,2026-09-23 15:01,,,https://www.youtube.com/channel/UCRYKP18INyxzV9J61p1SEEw
UC_B2fe2oERX8Dfa4lkP9LOA,@終末の灯火,12,1年,Member (1 year),,不明,,,3,3,0,2026-09-12 22:01,2026-10-05 19:02,,,https://www.youtube.com/channel/UC_B2fe2oERX8Dfa4lkP9LOA
UCPTj8-pjB4aE43a0ZEQ6a5g,@まろろんの谷,12,1年,Member (1 year),,不明,,,3,4,0,2026-09-12 22:01,2026-10-03 22:01,,,https://www.youtube.com/channel/UCPTj8-pjB4aE43a0ZEQ6a5g
UCV41hamamql9KtF43dvBp3w,@뿅-e6y,12,1年,Member (1 year),,不明,,,3,5,0,2026-09-12 22:01,2026-09-26 22:01,,,https://www.youtube.com/channel/UCV41hamamql9KtF43dvBp3w
UCkK_VzJpkEJGwWtKl0k3EGg,@黒埼ユウキ,12,1年,Member (1 year),,不明,,,3,417,0,2026-09-14 19:02,2026-10-06 21:00,,,https://www.youtube.com/channel/UCkK_VzJpkEJGwWtKl0k3EGg
UC-kFvBGi2oclvFlcvZwwTZg,@bbtskggf,12,1年,Member (1 year),,不明,,,3,249,3,2026-09-14 19:02,2026-10-06 21:00,,,https://www.youtube.com/channel/UC-kFvBGi2oclvFlcvZwwTZg
UCKm0MNL_9lpxFhNpEe-0N3Q,@haolahn,12,1年,Member (1 year),,不明,,,3,12,0,2026-09-14 19:02,2026-10-05 19:02,,,https://www.youtube.com/channel/UCKm0MNL_9lpxFhNpEe-0N3Q
UCHxv2Et70ftSlVad5jY5fqw,@nokuto7621,12,1年,Member (1 year),19,星くずたち,マイルストーン,,3,98,2,2026-09-14 19:02,2026-10-06 21:00,,,https://www.youtube.com/channel/UCHxv2Et70ftSlVad5jY5fqw
UC4o1chSO5OdYQQIve9bwGBA,@かげ-k6t,12,1年,Member (1 year),,不明,,,3,47,1,2026-09-14 19:02,2026-10-06 21:00,,,https://www.youtube.com/channel/UC4o1chSO5OdYQQIve9bwGBA
UCpXJnNjfdogOWQX8XpXwMuQ,@あくまくま-b4o,12,1年,Member (1 year),,不明,,,3,10,0,2026-09-14 19:02,2026-10-06 21:00,,,https://www.youtube.com/channel/UCpXJnNjfdogOWQX8XpXwMuQ
UCM9eyjP3ilP-6PUVWjuDBQQ,@とり_tori.p.tsubasa,12,1年,Member (1 year),14,星くずたち,マイルストーン,,3,10,0,2026-09-14 19:02,2026-10-06 21:00,,,https://www.youtube.com/channel/UCM9eyjP3ilP-6PUVWjuDBQQ
UCs9502S7xW7zobun2UzxAQA,@ジュンジュン-b3l,12,1年,Member (1 year),,不明,,,3,159,0,2026-09-14 19:02,2026-10-06 21:00,,,https://www.youtube.com/channel/UCs9502S7xW7zobun2UzxAQA
UCTqyr-dxNSSTKHHJzKe7KKg,@AK-mj9ip,12,1年,Member (1 year),,不明,,,3,6,0,2026-09-14 19:02,2026-10-05 19:02,,,https://www.youtube.com/channel/UCTqyr-dxNSSTKHHJzKe7KKg
UCrM0Z3GmhNn3iv42AuC7hVw,@大嶽-p2r,12,1年,Member (1 year),,不明,,,3,3,0,2026-09-14 19:02,2026-10-06 21:00,,,https://www.youtube.com/channel/UCrM0Z3GmhNn3iv42AuC7hVw
UC6qbUbkcoSIPohMlEZff2Yw,@わいまーるけんぽう,12,1年,Member (1 year),,不明,,,3,128,0,2026-09-14 19:02,2026-10-06 21:00,,,https://www.youtube.com/channel/UC6qbUbkcoSIPohMlEZff2Yw
UCUb6ySxHvKJtJmA7Rzr8jWQ,@K祥-r1g,12,1年,Member (1 year),,不明,,,3,49,0,2026-09-14 19:02,2026-10-06 21:00,,,https://www.youtube.com/channel/UCUb6ySxHvKJtJmA7Rzr8jWQ
UCjNqgB8vKTWsEw_VBzgjvVA,@aki_mihana,12,1年,Member (1 year),13,星くずたち,マイルストーン,,3,30,0,2026-09-14 19:02,2026-10-06 21:00,,,https://www.youtube.com/channel/UCjNqgB8vKTWsEw_VBzgjvVA
UC5yN57KD8s3GJFhiT8xNCDg,@クロシェ-y6k,12,1年,Member (1 year),,不明,,,3,124,0,2026-09-14 19:02,2026-10-06 21:00,,,https://www.youtube.com/channel/UC5yN57KD8s3GJFhiT8xNCDg
UCjn-z_jEsa3sWNXEqkuqRsg,@nyu7236,12,1年,Member (1 year),,不明,,,3,46,0,2026-09-14 19:02,2026-10-05 19:02,,,https://www.youtube.com/channel/UCjn-z_jEsa3sWNXEqkuqRsg
UCVtDfhjSN_ZxogAqrdRWrPg,@hogehoge6179,12,1年,Member (1 year),,不明,,,3,85,0,2026-09-14 19:02,2026-10-06 21:00,,,https://www.youtube.com/channel/UCVtDfhjSN_ZxogAqrdRWrPg
UCgkEQx94L2pDJdqzJIzB7pg,@アセルナ,12,1年,Member (1 year),,不明,,,3,171,3,2026-09-14 19:02,2026-10-06 21:00,,,https://www.youtube.com/channel/UCgkEQx94L2pDJdqzJIzB7pg
UCFzVtr2wskSlJFyxRxzHSqQ,@イノリ-s2s,12,1年,Member (1 year),,不明,,,3,72,0,2026-09-14 19:02,2026-10-05 19:02,,,https://www.youtube.com/channel/UCFzVtr2wskSlJFyxRxzHSqQ
UCwvHnlcQY8J7s6n8SV3GihQ,@2そりゅ,12,1年,Member (1 year),,不明,,,3,11,0,2026-09-14 19:02,2026-10-10 12:03,,,https://www.youtube.com/channel/UCwvHnlcQY8J7s6n8SV3GihQ
UCTTNL3HNkMmGS6WJtqcdDNQ,@seiken435,12,1年,Member (1 year),,不明,,,3,50,0,2026-09-14 19:02,2026-10-06 21:00,,,https://www.youtube.com/channel/UCTTNL3HNkMmGS6WJtqcdDNQ
UC5UheRQeoMkhKLFrmCKczKw,@軍艦巻き-t8i,12,1年,Member (1 year),,不明,,,3,52,0,2026-09-14 19:02,2026-10-06 21:00,,,https://www.youtube.com/channel/UC5UheRQeoMkhKLFrmCKczKw
UCmnGBrXo_e1dW2sqgCyfThw,@エリグラTR,12,1年,Member (1 year),,不明,,,3,15,0,2026-09-14 19:02,2026-10-06 21:00,,,https://www.youtube.com/channel/UCmnGBrXo_e1dW2sqgCyfThw
UCkpxp3JCMB5ZK21gWNrx-0Q,@銀色の闇,12,1年,Member (1 year),12,星くずたち,マイルストーン,,3,258,2,2026-09-14 19:02,2026-10-06 21:00,,,https://www.youtube.com/channel/UCkpxp3JCMB5ZK21gWNrx-0Q
UCzGUJoFZ4ANylLBjNiakHJg,@Nao_uver,12,1年,Member (1 year),,不明,,,3,44,0,2026-09-14 19:02,2026-10-06 21:00,,,https://www.youtube.com/channel/UCzGUJoFZ4ANylLBjNiakHJg
UC1oOWd-FqD8qZ27s_IOnZEw,@くぜ-v1z,12,1年,Member (1 year),,不明,,,3,5,0,2026-09-14 19:02,2026-10-06 21:00,,,https://www.youtube.com/channel/UC1oOWd-FqD8qZ27s_IOnZEw
UCQqp_C9Ur_bvfyZVsgPR35g,@デンゴ,12,1年,Member (1 year),,不明,,,3,40,0,2026-09-14 19:02,2026-10-06 21:00,,,https://www.youtube.com/channel/UCQqp_C9Ur_bvfyZVsgPR35g
UClLQqIGLEJyq1dqIYmBAx8Q,@納豆菌小売店,12,1年,Member (1 year),,不明,,,3,8,0,2026-09-14 19:02,2026-10-06 21:00,,,https://www.youtube.com/channel/UClLQqIGLEJyq1dqIYmBAx8Q
UCrUQbbEGpVuHmI1pSMrk_uw,@nouten1,12,1年,Member (1 year),,不明,,,3,27,0,2026-09-14 19:02,2026-10-10 12:03,,,https://www.youtube.com/channel/UCrUQbbEGpVuHmI1pSMrk_uw
UClq034mTn2NbrhLnIcyGiJA,@なつかさ-w4g,12,1年,Member (1 year),,不明,,,3,47,0,2026-09-14 19:02,2026-10-06 21:00,,,https://www.youtube.com/channel/UClq034mTn2NbrhLnIcyGiJA
UCDcKLRdmLBX-8Ox4WQcPj1Q,@黑椿胤,12,1年,Member (1 year),,不明,,,3,15,0,2026-09-14 19:02,2026-10-06 21:00,,,https://www.youtube.com/channel/UCDcKLRdmLBX-8Ox4WQcPj1Q
UCxpM6padKT_lPAq0kie_lEQ,@三十矢サイダー,12,1年,Member (1 year),,不明,,,3,16,0,2026-09-14 19:02,2026-10-06 21:00,,,https://www.youtube.com/channel/UCxpM6padKT_lPAq0kie_lEQ
UCQ-lmu02Mi-aNRL4CMUsNlg,@ぬかコーラ,12,1年,Member (1 year),,不明,,,3,5,0,2026-09-14 19:02,2026-10-06 21:00,,,https://www.youtube.com/channel/UCQ-lmu02Mi-aNRL4CMUsNlg
UC0H7w-Ms11nb0bqu_stCudg,@zin8813,12,1年,Member (1 year),,不明,,,3,6,0,2026-09-14 19:02,2026-10-06 21:00,,,https://www.youtube.com/channel/UC0H7w-Ms11nb0bqu_stCudg
UCGSJlYPkKn8IWgomEhUowdA,@ヤスダ屋さん,12,1年,Member (1 year),,不明,,,3,9,0,2026-09-14 19:02,2026-10-06 21:00,,,https://www.youtube.com/channel/UCGSJlYPkKn8IWgomEhUowdA
UC2Gjh0CzIKlhIWEbppe6KOQ,@ハマチ-r9h,12,1年,Member (1 year),18,星くずたち,マイルストーン,,3,83,0,2026-09-14 19:02,2026-10-06 21:00,,,https://www.youtube.com/channel/UC2Gjh0CzIKlhIWEbppe6KOQ
UC4HvldIOnADX2jGfeUp8wvQ,@Tsai-Ri-Kunn,12,1年,Member (1 year),,不明,,,3,3,3,2026-09-14 19:02,2026-10-05 19:02,,,https://www.youtube.com/channel/UC4HvldIOnADX2jGfeUp8wvQ
UCDrZ1LQrmtitg7sjUTBfocQ,@なじみ-e5m,12,1年,Member (1 year),,不明,,,3,9,0,2026-09-14 19:02,2026-10-02 20:01,,,https://www.youtube.com/channel/UCDrZ1LQrmtitg7sjUTBfocQ
UCO_4uT6RgstNY-cY5M72Hag,@なっつ-m2x,12,1年,Member (1 year),,不明,,,3,4,0,2026-09-16 14:33,2026-09-20 12:16,,,https://www.youtube.com/channel/UCO_4uT6RgstNY-cY5M72Hag
UCoRyO0Ov69F4trHOCTqYZpA,@mako_peko,12,1年,Member (1 year),,不明,,,3,12,0,2026-09-16 14:33,2026-10-06 21:00,,,https://www.youtube.com/channel/UCoRyO0Ov69F4trHOCTqYZpA
UCcao6yY1hJCqihvF2GwPISA,@うしにゃん-6x6,12,1年,Member (1 year),,不明,,,3,3,0,2026-09-16 21:02,2026-10-10 12:03,,,https://www.youtube.com/channel/UCcao6yY1hJCqihvF2GwPISA
UCJ2qD-dsrp0QB_vcQaqan4w,@Kammy696,12,1年,Member (1 year),,不明,,,3,11,0,2026-09-17 22:46,2026-09-29 18:58,,,https://www.youtube.com/channel/UCJ2qD-dsrp0QB_vcQaqan4w
UCG8Zyu2pq9vIrtCdV99e5Kw,@如月こう-h8g,12,1年,Member (1 year),,不明,,,3,20,0,2026-09-19 12:02,2026-09-20 12:16,,,https://www.youtube.com/channel/UCG8Zyu2pq9vIrtCdV99e5Kw
UCEyfX71hG9MsEyb7QPuQjNw,@日暮夕-g6b,12,1年,Member (1 year),,不明,,,3,3,0,2026-09-19 12:02,2026-10-10 12:03,,,https://www.youtube.com/channel/UCEyfX71hG9MsEyb7QPuQjNw
UCWjql4JCMVqTmtXNpM91OPg,@台場-p1q,12,1年,Member (1 year),,不明,,,3,17,0,2026-09-19 12:02,2026-10-10 12:03,,,https://www.youtube.com/channel/UCWjql4JCMVqTmtXNpM91OPg
UCtqwE9g8bcvrJOl180WcfbQ,@araim0707,12,1年,Member (1 year),,不明,,,3,13,0,2026-09-19 12:02,2026-10-06 21:00,,,https://www.youtube.com/channel/UCtqwE9g8bcvrJOl180WcfbQ
UCL8T5AWoGPLPRXqSYEZAIlg,@trnumdig,12,1年,Member (1 year),,不明,,,3,3,0,2026-09-19 12:02,2026-10-06 21:00,,,https://www.youtube.com/channel/UCL8T5AWoGPLPRXqSYEZAIlg
UCJ78GE9E2xsbes4F1jLn06w,@九反,12,1年,Member (1 year),,不明,,,3,3,0,2026-09-19 22:02,2026-10-05 19:02,,,https://www.youtube.com/channel/UCJ78GE9E2xsbes4F1jLn06w
UC9W86zv3-_EAEt8PC7QavJA,@rintomy1946,12,1年,Member (1 year),,不明,,,3,9,0,2026-09-20 12:16,2026-10-10 12:03,,,https://www.youtube.com/channel/UC9W86zv3-_EAEt8PC7QavJA
UChMMpNgTiq3O0hBHrXPXdSw,@たまご豆腐-x8d,12,1年,Member (1 year),,不明,,,3,8,0,2026-09-20 12:16,2026-10-10 12:03,,,https://www.youtube.com/channel/UChMMpNgTiq3O0hBHrXPXdSw
UCAgavkvMN_1OfFazRrPcPjw,@酒屋-m7f,12,1年,Member (1 year),,不明,,,3,3,0,2026-09-20 12:16,2026-10-03 12:00,,,https://www.youtube.com/channel/UCAgavkvMN_1OfFazRrPcPjw
UCdl8ybv-QGVOFzGINMkd1DQ,@ミノムシ-g4v,12,1年,Member (1 year),,不明,,,3,9,0,2026-09-23 15:01,2026-10-05 19:02,,,https://www.youtube.com/channel/UCdl8ybv-QGVOFzGINMkd1DQ
UCEsazHDr5QQd1n-NEQNQwYA,@おみや-Omiya0320,12,1年,Member (1 year),,不明,,,3,100,0,2026-09-26 12:02,2026-10-02 20:01,,,https://www.youtube.com/channel/UCEsazHDr5QQd1n-NEQNQwYA
UCWGJb36RjDAxS_GSDzczZ5g,@五実光,12,1年,Member (1 year),,不明,,,3,15,0,2026-09-26 12:02,2026-10-10 12:03,,,https://www.youtube.com/channel/UCWGJb36RjDAxS_GSDzczZ5g
UCR_R59AImAQWcdBXmJ3GUrQ,@そぼろ丼-p3u,12,1年,Member (1 year),,不明,,,3,70,0,2026-09-26 12:02,2026-10-06 21:00,,,https://www.youtube.com/channel/UCR_R59AImAQWcdBXmJ3GUrQ
UCsx8vssrWe7R3nyBIOGaepQ,@クヴァルカズマ-z4p,12,1年,Member (1 year),,不明,,,3,15,0,2026-09-26 22:01,2026-10-10 22:03,,,https://www.youtube.com/channel/UCsx8vssrWe7R3nyBIOGaepQ
UC9HpVnfjN6q38__tIBBgQIw,@あだまんのたいと,12,1年,Member (1 year),,不明,,,3,12,0,2026-09-26 22:01,2026-10-05 19:02,,,https://www.youtube.com/channel/UC9HpVnfjN6q38__tIBBgQIw
UChS4OFGp8k4pIJELfviSCqA,@y.y.8122,12,1年,Member (1 year),15,星くずたち,マイルストーン,,3,63,0,2026-10-02 20:01,2026-10-10 12:03,,,https://www.youtube.com/channel/UChS4OFGp8k4pIJELfviSCqA
UCHQEAibvnVHgopWwW3fnAaQ,@更夜-j5k,12,1年,Member (1 year),,不明,,,3,13,0,2026-10-03 12:00,2026-10-06 21:00,,,https://www.youtube.com/channel/UCHQEAibvnVHgopWwW3fnAaQ
UCWLIAUioZTT4adgbL29FUJQ,@gonkuma4477,12,1年,Member (1 year),,不明,,,3,6,0,2026-10-03 12:00,2026-10-06 21:00,,,https://www.youtube.com/channel/UCWLIAUioZTT4adgbL29FUJQ
UCkokUaj7nusiHfLT4cRz3rQ,@さらに天罰,12,1年,Member (1 year),,不明,,,3,49,0,2026-10-03 22:01,2026-10-10 22:03,,,https://www.youtube.com/channel/UCkokUaj7nusiHfLT4cRz3rQ
UCtY9dTlNB124LeKQCJRP3Tw,@touch_me530,12,1年,Member (1 year),,不明,,,3,23,0,2026-10-05 19:02,2026-10-10 22:03,,,https://www.youtube.com/channel/UCtY9dTlNB124LeKQCJRP3Tw
UCcFPRijJfTMXiQkUzEFL0PA,@赦されよ,12,1年,Member (1 year),,不明,,,3,17,0,2026-10-05 19:02,2026-10-10 22:03,,,https://www.youtube.com/channel/UCcFPRijJfTMXiQkUzEFL0PA
UCwwM-VtrgEfzDPZogo-wrSQ,@ledhood,12,1年,Member (1 year),,不明,,,3,30,0,2026-10-05 19:02,2026-10-10 12:03,,,https://www.youtube.com/channel/UCwwM-VtrgEfzDPZogo-wrSQ
UCJL7I2hVnq-SZhQHy9PnsTA,@shiita.,12,1年,Member (1 year),,不明,,,2,11,0,2026-09-12 14:02,2026-10-05 19:02,,,https://www.youtube.com/channel/UCJL7I2hVnq-SZhQHy9PnsTA
UCAr1NTxDbux3NonQ56jzVbw,@クラゲポリエステル,12,1年,Member (1 year),,不明,,,2,6,0,2026-09-12 14:02,2026-10-06 21:00,,,https://www.youtube.com/channel/UCAr1NTxDbux3NonQ56jzVbw
UCXzPnUoF5waC-3uhs-2Syow,@kou9616,12,1年,Member (1 year),,不明,,,2,3,0,2026-09-12 14:02,2026-09-17 22:46,,,https://www.youtube.com/channel/UCXzPnUoF5waC-3uhs-2Syow
UC3Zv1ZBBMP0F049Yn0SfHVg,@mirror-wv4lb,12,1年,Member (1 year),,不明,,,2,10,0,2026-09-12 14:02,2026-09-26 22:01,,,https://www.youtube.com/channel/UC3Zv1ZBBMP0F049Yn0SfHVg
UCtUJblC9xDIOsbv_jqPFyEA,@五月雨星夜,12,1年,Member (1 year),,不明,,,2,5,0,2026-09-12 14:02,2026-10-06 21:00,,,https://www.youtube.com/channel/UCtUJblC9xDIOsbv_jqPFyEA
UCVzfjSPe_Lbxt0Mk8BXtsIQ,@れもネードうまい,12,1年,Member (1 year),,不明,,,2,2,0,2026-09-12 22:01,2026-10-10 22:03,,,https://www.youtube.com/channel/UCVzfjSPe_Lbxt0Mk8BXtsIQ
UC-6HRmE5vKFoHvo_i2X3tVA,@tただの褪せ人08,12,1年,Member (1 year),,不明,,,2,19,0,2026-09-12 22:01,2026-09-20 19:33,,,https://www.youtube.com/channel/UC-6HRmE5vKFoHvo_i2X3tVA
UC9VjK5Xzm__NLS7DvvsEvNQ,@レノん-u2n,12,1年,Member (1 year),,不明,,,2,3,0,2026-09-12 22:01,2026-09-19 22:02,,,https://www.youtube.com/channel/UC9VjK5Xzm__NLS7DvvsEvNQ
UCXd5JiNwST4c2DLLRGqXeQA,@京-m9w,12,1年,Member (1 year),,不明,,,2,50,0,2026-09-12 22:01,2026-10-05 19:02,,,https://www.youtube.com/channel/UCXd5JiNwST4c2DLLRGqXeQA
UCcPgD0kcbwdtjTkhR6qPXBw,@ohutongorilla,12,1年,Member (1 year),,不明,,,2,2,0,2026-09-12 22:01,2026-10-03 22:01,,,https://www.youtube.com/channel/UCcPgD0kcbwdtjTkhR6qPXBw
UCcTusq4qyvap-4JY48DjhIA,@なっぴ-e1j,12,1年,Member (1 year),,不明,,,2,5,0,2026-09-12 22:01,2026-09-19 22:02,,,https://www.youtube.com/channel/UCcTusq4qyvap-4JY48DjhIA
UCnxh7NBGOjJWzvp8i97W-GQ,@どーまるふぉい,12,1年,Member (1 year),,不明,,,2,2,0,2026-09-12 22:01,2026-10-05 19:02,,,https://www.youtube.com/channel/UCnxh7NBGOjJWzvp8i97W-GQ
UCGRYtmZxuVip6Pa4sfio-rQ,@ないしょ-v4n,12,1年,Member (1 year),,不明,,,2,3,0,2026-09-12 22:01,2026-10-05 19:02,,,https://www.youtube.com/channel/UCGRYtmZxuVip6Pa4sfio-rQ
UCujZba6dzImILhKx4y36SKw,@dodomayoch.7254,12,1年,Member (1 year),,不明,,,2,14,0,2026-09-12 22:01,2026-10-03 22:01,,,https://www.youtube.com/channel/UCujZba6dzImILhKx4y36SKw
UCGIWfb6sqRrxga35qHEzwdA,@user-banana336,12,1年,Member (1 year),,不明,,,2,30,0,2026-09-12 22:01,2026-09-16 14:33,,,https://www.youtube.com/channel/UCGIWfb6sqRrxga35qHEzwdA
UCELsvNBpGpb95eMUrTgxzRQ,@いすくら,12,1年,Member (1 year),,不明,,,2,70,0,2026-09-14 19:02,2026-10-05 19:02,,,https://www.youtube.com/channel/UCELsvNBpGpb95eMUrTgxzRQ
UC4arKVHCBA2JxXLM8FwRz1w,@自称ねこ耳,12,1年,Member (1 year),15,星くずたち,マイルストーン,,2,56,2,2026-09-14 19:02,2026-10-05 19:02,,,https://www.youtube.com/channel/UC4arKVHCBA2JxXLM8FwRz1w
UCoCWoxpHGSLnMdpNP_KaIKw,@yd1727,12,1年,Member (1 year),,不明,,,2,91,0,2026-09-14 19:02,2026-10-05 19:02,,,https://www.youtube.com/channel/UCoCWoxpHGSLnMdpNP_KaIKw
UCqfy68wvGnORskML1S5oVTQ,@LOKI00314,12,1年,Member (1 year),,不明,,,2,23,0,2026-09-14 19:02,2026-10-05 19:02,,,https://www.youtube.com/channel/UCqfy68wvGnORskML1S5oVTQ
UCo86fGoVbUDql7elaLiC1CA,@後輩くん-b5m,12,1年,Member (1 year),,不明,,,2,23,0,2026-09-14 19:02,2026-10-05 19:02,,,https://www.youtube.com/channel/UCo86fGoVbUDql7elaLiC1CA
UC_xmP-bTcQTNrOlEcrntT0w,@verymelon8176,12,1年,Member (1 year),,不明,,,2,4,2,2026-09-14 19:02,2026-10-05 19:02,,,https://www.youtube.com/channel/UC_xmP-bTcQTNrOlEcrntT0w
UCL23byzJTDSEX0Uxj2H6N7g,@ネコマタギexe,12,1年,Member (1 year),,不明,,,2,2,0,2026-09-14 19:02,2026-10-06 21:00,,,https://www.youtube.com/channel/UCL23byzJTDSEX0Uxj2H6N7g
UCIVXeX0-ODPpjYpPD6z-90A,@マルサン,12,1年,Member (1 year),,不明,,,2,43,0,2026-09-14 19:02,2026-10-05 19:02,,,https://www.youtube.com/channel/UCIVXeX0-ODPpjYpPD6z-90A
UCdtJnG3ml_FDTdXB4w_wyCQ,@出汁巻き卵-r8z,12,1年,Member (1 year),,不明,,,2,5,0,2026-09-14 19:02,2026-10-05 19:02,,,https://www.youtube.com/channel/UCdtJnG3ml_FDTdXB4w_wyCQ
UCWuY7bkababsvdJtQecCAFg,@kmj7619,12,1年,Member (1 year),,不明,,,2,221,0,2026-09-14 19:02,2026-10-05 19:02,,,https://www.youtube.com/channel/UCWuY7bkababsvdJtQecCAFg
UCD9UlUC7C28BK0b8yZhdp-g,@止まりちゃん,12,1年,Member (1 year),,不明,,,2,11,1,2026-09-14 19:02,2026-10-05 19:02,,,https://www.youtube.com/channel/UCD9UlUC7C28BK0b8yZhdp-g
UC23peYCOsd_CfvH_U0M3O1A,@milion_GS,12,1年,Member (1 year),,不明,,,2,15,0,2026-09-14 19:02,2026-10-05 19:02,,,https://www.youtube.com/channel/UC23peYCOsd_CfvH_U0M3O1A
UClUpSkzUd2Q188iKgAbG5Ng,@Flute0210,12,1年,Member (1 year),,不明,,,2,261,5,2026-09-14 19:02,2026-10-05 19:02,,,https://www.youtube.com/channel/UClUpSkzUd2Q188iKgAbG5Ng
UClGc3MhEe9-ZCliK3rWCC0g,@hitorime601,12,1年,Member (1 year),,不明,,,2,12,0,2026-09-14 19:02,2026-10-05 19:02,,,https://www.youtube.com/channel/UClGc3MhEe9-ZCliK3rWCC0g
UCDRjXwa8J1QxGx_N5qnJtEg,@オルタ大好き-k5h,12,1年,Member (1 year),,不明,,,2,74,2,2026-09-14 19:02,2026-10-05 19:02,,,https://www.youtube.com/channel/UCDRjXwa8J1QxGx_N5qnJtEg
UCbuygrtqKZagDREZLEzmfvQ,@ウェザーリポート-s5u,12,1年,Member (1 year),,不明,,,2,17,0,2026-09-14 19:02,2026-10-05 19:02,,,https://www.youtube.com/channel/UCbuygrtqKZagDREZLEzmfvQ
UCSgsHTCN1PLQt9KcpwrwNyw,@INa-bp7cx,12,1年,Member (1 year),,不明,,,2,119,0,2026-09-14 19:02,2026-10-05 19:02,,,https://www.youtube.com/channel/UCSgsHTCN1PLQt9KcpwrwNyw
UCe_PQKCK_NOUtobV1bjw6ow,@今日コンマ_Lovechuchu,12,1年,Member (1 year),,不明,,,2,99,0,2026-09-14 19:02,2026-10-05 19:02,,,https://www.youtube.com/channel/UCe_PQKCK_NOUtobV1bjw6ow
UCs7V5bwghNyTvIzG6wedqqA,@mob_u_ta_モブ,12,1年,Member (1 year),,不明,,,2,14,1,2026-09-14 19:02,2026-10-05 19:02,,,https://www.youtube.com/channel/UCs7V5bwghNyTvIzG6wedqqA
UCpxlIquNNvIQAwRWS0LNo5g,@asp-fm7,12,1年,Member (1 year),,不明,,,2,155,0,2026-09-14 19:02,2026-10-05 19:02,,,https://www.youtube.com/channel/UCpxlIquNNvIQAwRWS0LNo5g
UCkfgT0J0-1le9v-zXoiViIw,@愛上雄々,12,1年,Member (1 year),,不明,,,2,10,2,2026-09-14 19:02,2026-10-05 19:02,,,https://www.youtube.com/channel/UCkfgT0J0-1le9v-zXoiViIw
UCedibTNFoWacNfmwjjPSWxg,@naokami6486,12,1年,Member (1 year),,不明,,,2,2,0,2026-09-14 19:02,2026-10-05 19:02,,,https://www.youtube.com/channel/UCedibTNFoWacNfmwjjPSWxg
UC0EqNbd46na0xa_Bqj2kmHQ,@kazisan_alter,12,1年,Member (1 year),,不明,,,2,48,0,2026-09-14 19:02,2026-10-05 19:02,,,https://www.youtube.com/channel/UC0EqNbd46na0xa_Bqj2kmHQ
UCxMrcRNRG5YqMN7b9CapG9A,@アルプスーノ天然水龍,12,1年,Member (1 year),,不明,,,2,10,1,2026-09-14 19:02,2026-10-05 19:02,,,https://www.youtube.com/channel/UCxMrcRNRG5YqMN7b9CapG9A
UCvNFzGIzL6mRfcNKY8IPm7Q,@かるもの,12,1年,Member (1 year),,不明,,,2,20,0,2026-09-14 19:02,2026-10-05 19:02,,,https://www.youtube.com/channel/UCvNFzGIzL6mRfcNKY8IPm7Q
UCG-M_SAeybm8tFA5bl_6DyQ,@狗竜,12,1年,Member (1 year),,不明,,,2,18,0,2026-09-14 19:02,2026-10-05 19:02,,,https://www.youtube.com/channel/UCG-M_SAeybm8tFA5bl_6DyQ
UCUHWTyjiwr2jsCvFy-ENx4g,@olivine-おりびん,12,1年,Member (1 year),,不明,,,2,14,0,2026-09-14 19:02,2026-10-05 19:02,,,https://www.youtube.com/channel/UCUHWTyjiwr2jsCvFy-ENx4g
UCzdvQB5QkITrRTY_OzKcR0g,@まるねこ-k4p,12,1年,Member (1 year),,不明,,,2,44,0,2026-09-14 19:02,2026-10-05 19:02,,,https://www.youtube.com/channel/UCzdvQB5QkITrRTY_OzKcR0g
UCIinpO3jsSVbNbtPdPj2Hzw,@ygg_dra,12,1年,Member (1 year),,不明,,,2,111,0,2026-09-14 19:02,2026-10-05 19:02,,,https://www.youtube.com/channel/UCIinpO3jsSVbNbtPdPj2Hzw
UCfo6sfC4bnuGUU98-rHEi5Q,@kcss4350,12,1年,Member (1 year),,不明,,,2,20,0,2026-09-14 19:02,2026-10-05 19:02,,,https://www.youtube.com/channel/UCfo6sfC4bnuGUU98-rHEi5Q
UCRbiIcjRG0YhbgL8wNRliDw,@飲まれたゆーすけ酒,12,1年,Member (1 year),,不明,,,2,5,0,2026-09-14 19:02,2026-10-06 21:00,,,https://www.youtube.com/channel/UCRbiIcjRG0YhbgL8wNRliDw
UC1o9ZqJW2ICF_qJMGtnqKhQ,@かすてら2,12,1年,Member (1 year),,不明,,,2,20,0,2026-09-14 19:02,2026-10-05 19:02,,,https://www.youtube.com/channel/UC1o9ZqJW2ICF_qJMGtnqKhQ
UCrRYQpn4lMG5gPJNB62VpVA,@MAX大変態トビトカゲ,12,1年,Member (1 year),,不明,,,2,12,0,2026-09-14 19:02,2026-10-05 19:02,,,https://www.youtube.com/channel/UCrRYQpn4lMG5gPJNB62VpVA
UCRBm8mL8UnSl-Vk5RDyRHeQ,@ミヤビ_0411,12,1年,Member (1 year),,不明,,,2,3,0,2026-09-14 19:02,2026-10-05 19:02,,,https://www.youtube.com/channel/UCRBm8mL8UnSl-Vk5RDyRHeQ
UCnnSmP03gfEV9qVj5kmPg2w,@atar1235,12,1年,Member (1 year),,不明,,,2,57,0,2026-09-14 19:02,2026-10-05 19:02,,,https://www.youtube.com/channel/UCnnSmP03gfEV9qVj5kmPg2w
UC1YO-kpoeNhoXSn5M-j_5dQ,@ひさき_h,12,1年,Member (1 year),,不明,,,2,65,0,2026-09-14 19:02,2026-10-05 19:02,,,https://www.youtube.com/channel/UC1YO-kpoeNhoXSn5M-j_5dQ
UCChR0nKMyqdaQ1BjBpzUEvg,@voidAstr,12,1年,Member (1 year),,不明,,,2,61,0,2026-09-14 19:02,2026-10-05 19:02,,,https://www.youtube.com/channel/UCChR0nKMyqdaQ1BjBpzUEvg
UCIKtYC-9yjuCxSzavk8kl-g,@user-ej3hv6bq7z,12,1年,Member (1 year),,不明,,,2,8,0,2026-09-14 19:02,2026-10-05 19:02,,,https://www.youtube.com/channel/UCIKtYC-9yjuCxSzavk8kl-g
UCzwG_VR8U_BaqK4LoVbA4SA,@Muon-c7s,12,1年,Member (1 year),,不明,,,2,5,0,2026-09-14 19:02,2026-10-06 21:00,,,https://www.youtube.com/channel/UCzwG_VR8U_BaqK4LoVbA4SA
UCPMmdky3bn4QEfuICDSbPGw,@ゴンギツネ-t3r,12,1年,Member (1 year),,不明,,,2,5,5,2026-09-14 19:02,2026-10-05 19:02,,,https://www.youtube.com/channel/UCPMmdky3bn4QEfuICDSbPGw
UCVkn6TyXrxbGrQI8HH5GX0g,@エルアインス,12,1年,Member (1 year),,不明,,,2,3,0,2026-09-14 19:02,2026-10-05 19:02,,,https://www.youtube.com/channel/UCVkn6TyXrxbGrQI8HH5GX0g
UCbpaxRKKHSEiH_JBESMRieg,@maYa-f3q,12,1年,Member (1 year),,不明,,,2,15,1,2026-09-14 19:02,2026-10-05 19:02,,,https://www.youtube.com/channel/UCbpaxRKKHSEiH_JBESMRieg
UC0rBOURWhJbI2Pq7O7EfppA,@蒸猿,12,1年,Member (1 year),,不明,,,2,5,0,2026-09-14 19:02,2026-09-26 22:01,,,https://www.youtube.com/channel/UC0rBOURWhJbI2Pq7O7EfppA
UCuMGfDIppTFgBxnHYfVwWnQ,@シナナイ,12,1年,Member (1 year),,不明,,,2,3,0,2026-09-14 19:02,2026-10-06 21:00,,,https://www.youtube.com/channel/UCuMGfDIppTFgBxnHYfVwWnQ
UCpdnmbiuktr1pef8-wZy9Yw,@惰眠中尉,12,1年,Member (1 year),,不明,,,2,11,0,2026-09-14 19:02,2026-10-05 19:02,,,https://www.youtube.com/channel/UCpdnmbiuktr1pef8-wZy9Yw
UCqoPxxZyS6LfTbsgnbrp4Tw,@ゴボ天うどん,12,1年,Member (1 year),,不明,,,2,13,0,2026-09-14 19:02,2026-10-05 19:02,,,https://www.youtube.com/channel/UCqoPxxZyS6LfTbsgnbrp4Tw
UCgMt_obK_QmX5S4rqnzI7CA,@neo3567,12,1年,Member (1 year),,不明,,,2,5,2,2026-09-14 19:02,2026-10-05 19:02,,,https://www.youtube.com/channel/UCgMt_obK_QmX5S4rqnzI7CA
UC6PG9LoFfNzO0vnb9fdF-IQ,@ヤマズキ-v2j,12,1年,Member (1 year),,不明,,,2,8,0,2026-09-14 19:02,2026-10-05 19:02,,,https://www.youtube.com/channel/UC6PG9LoFfNzO0vnb9fdF-IQ
UCFtbxKGVdOxBaVp1lAmqzsw,@wons1736,12,1年,Member (1 year),,不明,,,2,2,0,2026-09-14 19:02,2026-10-05 19:02,,,https://www.youtube.com/channel/UCFtbxKGVdOxBaVp1lAmqzsw
UC_KAIPv9hUounKVnErKqe1w,@yudzuruvn,12,1年,Member (1 year),,不明,,,2,4,0,2026-09-14 19:02,2026-10-05 19:02,,,https://www.youtube.com/channel/UC_KAIPv9hUounKVnErKqe1w
UC1tQfHRQUuYTu6sW2kS0OLg,@田中太郎-m5o,12,1年,Member (1 year),,不明,,,2,2,0,2026-09-14 19:02,2026-10-06 21:00,,,https://www.youtube.com/channel/UC1tQfHRQUuYTu6sW2kS0OLg
UCYBevOGLOqKUOoOsrb-w6yg,@諭吉に死告天使,12,1年,Member (1 year),,不明,,,2,4,1,2026-09-14 19:02,2026-10-06 21:00,,,https://www.youtube.com/channel/UCYBevOGLOqKUOoOsrb-w6yg
UC6OhfGpHD6fikAnuwQRRzuA,@k.k702,12,1年,Member (1 year),,不明,,,2,2,0,2026-09-14 19:02,2026-10-10 22:03,,,https://www.youtube.com/channel/UC6OhfGpHD6fikAnuwQRRzuA
UCn0BldKdO7RXE9hWitEUTLQ,@春之輔,12,1年,Member (1 year),,不明,,,2,55,0,2026-09-14 19:02,2026-10-05 19:02,,,https://www.youtube.com/channel/UCn0BldKdO7RXE9hWitEUTLQ
UClHonnoz8s29-LE5dVNr3fQ,@何にでもチーズをかける男,12,1年,Member (1 year),,不明,,,2,3,2,2026-09-14 19:02,2026-10-06 21:00,,,https://www.youtube.com/channel/UClHonnoz8s29-LE5dVNr3fQ
UCMC38dYGfbTws58pHsegPkw,@user-kokko,12,1年,Member (1 year),,不明,,,2,4,2,2026-09-14 19:02,2026-10-05 19:02,,,https://www.youtube.com/channel/UCMC38dYGfbTws58pHsegPkw
UC6m0RWrm1uFlRFUhV81WwNw,@maindrennderu,12,1年,Member (1 year),,不明,,,2,2,0,2026-09-14 19:02,2026-10-05 19:02,,,https://www.youtube.com/channel/UC6m0RWrm1uFlRFUhV81WwNw
UC7IZ1aZkn4TsK0I0EcuEAYQ,@ヒイラギ-69,12,1年,Member (1 year),15,星くずたち,マイルストーン,,2,8,2,2026-09-14 19:02,2026-10-05 19:02,,,https://www.youtube.com/channel/UC7IZ1aZkn4TsK0I0EcuEAYQ
UCRS0SZlAveFhEJYkY_EwdLQ,@kuroba-ko,12,1年,Member (1 year),,不明,,,2,10,0,2026-09-14 19:02,2026-10-05 19:02,,,https://www.youtube.com/channel/UCRS0SZlAveFhEJYkY_EwdLQ
UCkXro3L5GTGkB8D_m8m7q6A,@too5351,12,1年,Member (1 year),,不明,,,2,5,0,2026-09-14 19:02,2026-10-05 19:02,,,https://www.youtube.com/channel/UCkXro3L5GTGkB8D_m8m7q6A
UC6u_NmyG1BmXDJN9ri-b78g,@マサマブおじ,12,1年,Member (1 year),,不明,,,2,28,1,2026-09-14 19:02,2026-10-05 19:02,,,https://www.youtube.com/channel/UC6u_NmyG1BmXDJN9ri-b78g
UCyDMg8MKIcC_SZPeRXtTJdQ,@とりゆとり,12,1年,Member (1 year),,不明,,,2,6,0,2026-09-14 19:02,2026-10-05 19:02,,,https://www.youtube.com/channel/UCyDMg8MKIcC_SZPeRXtTJdQ
UCKWUdUXM-qDCbITVF9tpk1g,@Kasper_0331,12,1年,Member (1 year),,不明,,,2,19,0,2026-09-14 19:02,2026-10-05 19:02,,,https://www.youtube.com/channel/UCKWUdUXM-qDCbITVF9tpk1g
UCkO0iAOGaeg3SgKBnHDVFzQ,@いかるが-t6c,12,1年,Member (1 year),,不明,,,2,9,0,2026-09-14 19:02,2026-10-05 19:02,,,https://www.youtube.com/channel/UCkO0iAOGaeg3SgKBnHDVFzQ
UC2GYmEz7bPg3InLZLQjOvPg,@オヤシロ-9p,12,1年,Member (1 year),,不明,,,2,5,0,2026-09-14 19:02,2026-10-05 19:02,,,https://www.youtube.com/channel/UC2GYmEz7bPg3InLZLQjOvPg
UC1CS-AEIaGUWaQHlRIacNPw,@naruto-g3g,12,1年,Member (1 year),,不明,,,2,16,0,2026-09-16 14:33,2026-09-17 22:46,,,https://www.youtube.com/channel/UC1CS-AEIaGUWaQHlRIacNPw
UCF9ccWi2wVDaunfJ_P0ZPNA,@おばっち-k7d,12,1年,Member (1 year),,不明,,,2,3,0,2026-09-16 14:33,2026-10-05 19:02,,,https://www.youtube.com/channel/UCF9ccWi2wVDaunfJ_P0ZPNA
UCljlu0rXK6NLM0KbAxR5G5g,@Ansemu,12,1年,Member (1 year),,不明,,,2,7,0,2026-09-16 21:02,2026-09-19 12:02,,,https://www.youtube.com/channel/UCljlu0rXK6NLM0KbAxR5G5g
UCvXNajBP8_j41pLsvmc44BQ,@ユウミン874,12,1年,Member (1 year),,不明,,,2,3,0,2026-09-17 22:46,2026-10-05 19:02,,,https://www.youtube.com/channel/UCvXNajBP8_j41pLsvmc44BQ
UCktNoOnUxo1m3cQ_X6AClcA,@こわれパンダ,12,1年,Member (1 year),,不明,,,2,9,0,2026-09-17 22:46,2026-09-22 14:00,,,https://www.youtube.com/channel/UCktNoOnUxo1m3cQ_X6AClcA
UCeovg9T1M8eKH9qKLYHRg0g,@キノコタケノコ-r9x,12,1年,Member (1 year),,不明,,,2,3,0,2026-09-19 12:02,2026-09-26 12:02,,,https://www.youtube.com/channel/UCeovg9T1M8eKH9qKLYHRg0g
UCUWGMlTF-qc7AVqKN9BIJNA,@saafuu916,12,1年,Member (1 year),,不明,,,2,2,0,2026-09-19 12:02,2026-10-05 19:02,,,https://www.youtube.com/channel/UCUWGMlTF-qc7AVqKN9BIJNA
UCGj4ugrL6DsL3rvQwr1ZNiA,@ZZXsilverwolf,12,1年,Member (1 year),,不明,,,2,5,0,2026-09-19 12:02,2026-10-05 19:02,,,https://www.youtube.com/channel/UCGj4ugrL6DsL3rvQwr1ZNiA
UCLk3CB63Lxuqs2BtfDGxz3w,@あおまつ-i9p,12,1年,Member (1 year),,不明,,,2,2,0,2026-09-19 12:02,2026-10-05 19:02,,,https://www.youtube.com/channel/UCLk3CB63Lxuqs2BtfDGxz3w
UCbz83VNjtOwD5AnG3a-LzRA,@みぎ-j3v,12,1年,Member (1 year),,不明,,,2,2,0,2026-09-19 12:02,2026-09-26 12:02,,,https://www.youtube.com/channel/UCbz83VNjtOwD5AnG3a-LzRA
UCqFIqKnmwf6pjVAjNgHXTyw,@吉田兼好-c5d,12,1年,Member (1 year),,不明,,,2,9,0,2026-09-19 12:02,2026-09-26 12:02,,,https://www.youtube.com/channel/UCqFIqKnmwf6pjVAjNgHXTyw
UCPQwffTNIIRAC9kfRbdwbTg,@kocchamusic,12,1年,Member (1 year),,不明,,,2,11,0,2026-09-19 12:02,2026-09-20 12:16,,,https://www.youtube.com/channel/UCPQwffTNIIRAC9kfRbdwbTg
UCJGa_sC4gGe2ITWRyfRjuZg,@sakuzou01,12,1年,Member (1 year),,不明,,,2,13,0,2026-09-19 12:02,2026-09-20 12:16,,,https://www.youtube.com/channel/UCJGa_sC4gGe2ITWRyfRjuZg
UCvOh8aeaniIKxr7_2gW-rQQ,@わりおん,12,1年,Member (1 year),,不明,,,2,33,0,2026-09-19 12:02,2026-10-05 19:02,,,https://www.youtube.com/channel/UCvOh8aeaniIKxr7_2gW-rQQ
UC2BkMRQ07DXEGvf7Gl429_Q,@_chasokenchan_,12,1年,Member (1 year),,不明,,,2,2,0,2026-09-19 12:02,2026-09-20 12:16,,,https://www.youtube.com/channel/UC2BkMRQ07DXEGvf7Gl429_Q
UC6NZiwjws71E2jhCbvFgIjA,@ふらったー-c4b,12,1年,Member (1 year),,不明,,,2,5,0,2026-09-19 12:02,2026-10-05 19:02,,,https://www.youtube.com/channel/UC6NZiwjws71E2jhCbvFgIjA
UCydjq8n69Gn0Dw1AxyF1bVQ,@やっさん-q9l,12,1年,Member (1 year),,不明,,,2,10,0,2026-09-19 12:02,2026-09-26 12:02,,,https://www.youtube.com/channel/UCydjq8n69Gn0Dw1AxyF1bVQ
UCga6aKq55XnxFapjsDfZH2A,@えっくすいわぜろ,12,1年,Member (1 year),,不明,,,2,2,0,2026-09-19 12:02,2026-10-05 19:02,,,https://www.youtube.com/channel/UCga6aKq55XnxFapjsDfZH2A
UCLj4zG1Cc6DSTv8auPMoylw,@颯斗-はやと,12,1年,Member (1 year),,不明,,,2,2,0,2026-09-19 12:02,2026-10-02 20:01,,,https://www.youtube.com/channel/UCLj4zG1Cc6DSTv8auPMoylw
UCaogpcNzf7EimDHrVITNAkQ,@3おでんきゅん3,12,1年,Member (1 year),,不明,,,2,3,0,2026-09-19 22:02,2026-10-05 19:02,,,https://www.youtube.com/channel/UCaogpcNzf7EimDHrVITNAkQ
UC1uIRobFLA3THAf4FDhblLg,@サンク三九,12,1年,Member (1 year),,不明,,,2,42,1,2026-09-19 22:02,2026-10-10 22:03,,,https://www.youtube.com/channel/UC1uIRobFLA3THAf4FDhblLg
UCgvjTaSvm4Uyl-5HM5AWFtg,@annin-e7u,12,1年,Member (1 year),,不明,,,2,26,0,2026-09-19 22:02,2026-10-10 22:03,,,https://www.youtube.com/channel/UCgvjTaSvm4Uyl-5HM5AWFtg
UCFcMdCMsQI9gUBLFL-aT6aQ,@ていく-o2n,12,1年,Member (1 year),,不明,,,2,5,0,2026-09-19 22:02,2026-10-10 22:03,,,https://www.youtube.com/channel/UCFcMdCMsQI9gUBLFL-aT6aQ
UCJv8wbP-z5qygUmOCC1YynQ,@laikass-p2931,12,1年,Member (1 year),,不明,,,2,2,0,2026-09-19 22:02,2026-10-10 22:03,,,https://www.youtube.com/channel/UCJv8wbP-z5qygUmOCC1YynQ
UCLnoy4eeu6zhTTN1F-NBgdQ,@藤也トウヤ,12,1年,Member (1 year),,不明,,,2,5,0,2026-09-19 22:02,2026-09-26 22:01,,,https://www.youtube.com/channel/UCLnoy4eeu6zhTTN1F-NBgdQ
UCTxtssamhaBdwLQvb1T_gkw,@タルト-j7y,12,1年,Member (1 year),,不明,,,2,6,0,2026-09-19 22:02,2026-10-03 22:01,,,https://www.youtube.com/channel/UCTxtssamhaBdwLQvb1T_gkw
UCNgHEQRjB24eoAgF260Eqlw,@ぷるしの,12,1年,Member (1 year),,不明,,,2,2,0,2026-09-20 12:16,2026-10-10 22:03,,,https://www.youtube.com/channel/UCNgHEQRjB24eoAgF260Eqlw
UCZ3ginDmWmGNU1Nqk4rgdsQ,@CARD_7,12,1年,Member (1 year),,不明,,,2,38,0,2026-09-20 12:16,2026-09-23 15:01,,,https://www.youtube.com/channel/UCZ3ginDmWmGNU1Nqk4rgdsQ
UC4zIO2AeH90XQhr_ez0SoHg,@樹みどり,12,1年,Member (1 year),,不明,,,2,64,0,2026-09-20 12:16,2026-10-03 22:01,,,https://www.youtube.com/channel/UC4zIO2AeH90XQhr_ez0SoHg
UCnTJIEXuqrjw1nKA3WLIXjQ,@takeru_fate,12,1年,Member (1 year),,不明,,,2,8,0,2026-09-20 19:33,2026-09-22 14:00,,,https://www.youtube.com/channel/UCnTJIEXuqrjw1nKA3WLIXjQ
UC_MDD3ff-aLqbtre-6CJfFg,@TenYuSenRi,12,1年,Member (1 year),,不明,,,2,2,0,2026-09-20 19:33,2026-09-26 12:02,,,https://www.youtube.com/channel/UC_MDD3ff-aLqbtre-6CJfFg
UCpqvxTlUCQg0PtMXuqDJm3w,@パンダのえさ,12,1年,Member (1 year),,不明,,,2,24,0,2026-09-22 14:00,2026-10-05 19:02,,,https://www.youtube.com/channel/UCpqvxTlUCQg0PtMXuqDJm3w
UCFjmPuwh6lWKb1vyRXgNjEg,@五等当たり,12,1年,Member (1 year),,不明,,,2,18,0,2026-09-22 14:00,2026-10-05 19:02,,,https://www.youtube.com/channel/UCFjmPuwh6lWKb1vyRXgNjEg
UCqXKT3hSShHgY4Nj7JqtV-Q,@AKITO-l8l,12,1年,Member (1 year),,不明,,,2,3,0,2026-09-23 15:01,2026-10-10 22:03,,,https://www.youtube.com/channel/UCqXKT3hSShHgY4Nj7JqtV-Q
UCrxLJkbi7cqBenR3oA0QtUA,@yuuki_n_tukiあめたろう,12,1年,Member (1 year),,不明,,,2,3,0,2026-09-26 12:02,2026-10-10 12:03,,,https://www.youtube.com/channel/UCrxLJkbi7cqBenR3oA0QtUA
UCkBff4iQWY3u3QrBNi9cy4Q,@Hare_nochi_Hare,12,1年,Member (1 year),,不明,,,2,23,0,2026-09-26 12:02,2026-10-05 19:02,,,https://www.youtube.com/channel/UCkBff4iQWY3u3QrBNi9cy4Q
UCm7uxrp9c8FIx8j8fo-oMlQ,@ヨタヨタ歩き,12,1年,Member (1 year),,不明,,,2,4,0,2026-09-26 12:02,2026-10-05 19:02,,,https://www.youtube.com/channel/UCm7uxrp9c8FIx8j8fo-oMlQ
UCFQiKvnxyXS8BfsE5aognKQ,@messy4051,12,1年,Member (1 year),,不明,,,2,4,0,2026-09-26 12:02,2026-10-05 19:02,,,https://www.youtube.com/channel/UCFQiKvnxyXS8BfsE5aognKQ
UCteDjMRck_EGGLA0-cEJKVA,@azヨーグルト-n2e,12,1年,Member (1 year),,不明,,,2,16,0,2026-09-26 12:02,2026-10-10 12:03,,,https://www.youtube.com/channel/UCteDjMRck_EGGLA0-cEJKVA
UCmfCTZf15rVV18Xdfwx9-Cw,@りんりんだ6666,12,1年,Member (1 year),,不明,,,2,2,0,2026-09-26 22:01,2026-10-10 22:03,,,https://www.youtube.com/channel/UCmfCTZf15rVV18Xdfwx9-Cw
UC7A7K3cU7drikSCrE01pTdQ,@kenichicc9582,12,1年,Member (1 year),,不明,,,2,4,0,2026-09-29 18:58,2026-10-05 19:02,,,https://www.youtube.com/channel/UC7A7K3cU7drikSCrE01pTdQ
UC-tZfTlMhlxk98ef3UF97-A,@ゆにゃぁ,12,1年,Member (1 year),,不明,,,2,39,0,2026-09-29 18:58,2026-10-05 19:02,,,https://www.youtube.com/channel/UC-tZfTlMhlxk98ef3UF97-A
UC8CQdOXlKh_zsgX0uX_u36g,@amia7184,12,1年,Member (1 year),,不明,,,2,4,0,2026-10-02 20:01,2026-10-05 19:02,,,https://www.youtube.com/channel/UC8CQdOXlKh_zsgX0uX_u36g
UCkZ7j6paCOyuFvobt5JGUZA,@erehwon4857,12,1年,Member (1 year),,不明,,,2,2,0,2026-10-02 20:01,2026-10-05 19:02,,,https://www.youtube.com/channel/UCkZ7j6paCOyuFvobt5JGUZA
UCrxvZQTguQqfkC2rCwGfjEQ,@秋屋-n7v,12,1年,Member (1 year),,不明,,,2,16,1,2026-10-02 20:01,2026-10-05 19:02,,,https://www.youtube.com/channel/UCrxvZQTguQqfkC2rCwGfjEQ
UCYDqBxUdSPPXVayqhTIL-Yg,@ノークラ,12,1年,Member (1 year),,不明,,,2,21,0,2026-10-02 20:01,2026-10-10 12:03,,,https://www.youtube.com/channel/UCYDqBxUdSPPXVayqhTIL-Yg
UC9GeDQZuvbGvmCw_aEvACNQ,@きよまろ,12,1年,Member (1 year),,不明,,,2,2,0,2026-10-02 20:01,2026-10-05 19:02,,,https://www.youtube.com/channel/UC9GeDQZuvbGvmCw_aEvACNQ
UCpvt1-TZCYzkmYQ-Zd9raug,@touch9467,12,1年,Member (1 year),,不明,,,2,2,0,2026-10-03 12:00,2026-10-03 22:01,,,https://www.youtube.com/channel/UCpvt1-TZCYzkmYQ-Zd9raug
UCx0n4FB3TjekEtwyH1cA70A,@tidelee210,12,1年,Member (1 year),,不明,,,2,9,0,2026-10-03 12:00,2026-10-05 19:02,,,https://www.youtube.com/channel/UCx0n4FB3TjekEtwyH1cA70A
UCJ_fvWrX0HvEU3Bac2tNg4w,@なる-b6o-u3d,12,1年,Member (1 year),,不明,,,2,4,0,2026-10-03 22:01,2026-10-10 22:03,,,https://www.youtube.com/channel/UCJ_fvWrX0HvEU3Bac2tNg4w
UC34HCVe7-5YV3NArCpvwDig,@めう-u1x,12,1年,Member (1 year),,不明,,,2,2,0,2026-10-03 22:01,2026-10-10 22:03,,,https://www.youtube.com/channel/UC34HCVe7-5YV3NArCpvwDig
UC07Z4GncdKbJUQPZyiRp1Bg,@kusakura-hajime,12,1年,Member (1 year),,不明,,,2,4,0,2026-10-03 22:01,2026-10-05 19:02,,,https://www.youtube.com/channel/UC07Z4GncdKbJUQPZyiRp1Bg
UCohWN1ytf_2JuJ53rYGWYxg,@ミヤ-e1c,12,1年,Member (1 year),,不明,,,2,2,0,2026-10-03 22:01,2026-10-06 21:00,,,https://www.youtube.com/channel/UCohWN1ytf_2JuJ53rYGWYxg
UCYM_IqVGYUli36iXNbdMhGA,@まるごとバター10g,12,1年,Member (1 year),,不明,,,2,3,0,2026-10-05 19:02,2026-10-06 21:00,,,https://www.youtube.com/channel/UCYM_IqVGYUli36iXNbdMhGA
UCZ5kZ8deE7IvEivFwr_NauQ,@ぶれど,12,1年,Member (1 year),,不明,,,2,23,0,2026-10-05 19:02,2026-10-06 21:00,,,https://www.youtube.com/channel/UCZ5kZ8deE7IvEivFwr_NauQ
UCnK2xAzEt19b-0rylrA-9og,@sionn,12,1年,Member (1 year),,不明,,,2,13,0,2026-10-05 19:02,2026-10-06 21:00,,,https://www.youtube.com/channel/UCnK2xAzEt19b-0rylrA-9og
UCAVJrSQZmDilvWuP-QL8WDQ,@大熊猫-n7z,12,1年,Member (1 year),,不明,,,2,3,0,2026-10-05 19:02,2026-10-06 21:00,,,https://www.youtube.com/channel/UCAVJrSQZmDilvWuP-QL8WDQ
UCQXyTQfw4d2shXv_07pgzfQ,@Lyle-ライル,12,1年,Member (1 year),,星くずたち,再加入/レベル変更,,2,100,0,2026-10-05 19:02,2026-10-06 21:00,,,https://www.youtube.com/channel/UCQXyTQfw4d2shXv_07pgzfQ
UCCa90lckZllyNv9pIL1jaVg,@あっとちに,12,1年,Member (1 year),,不明,,,2,5,0,2026-10-05 19:02,2026-10-06 21:00,,,https://www.youtube.com/channel/UCCa90lckZllyNv9pIL1jaVg
UCDq1E6Vtk9U45YZibtl4SJA,@エーデルワイス-i7j,12,1年,Member (1 year),,不明,,,2,11,0,2026-10-05 19:02,2026-10-06 21:00,,,https://www.youtube.com/channel/UCDq1E6Vtk9U45YZibtl4SJA
UCkfF3LIAt9wgGed-tj5ev3w,@dashiho-117,12,1年,Member (1 year),,不明,,,2,34,0,2026-10-05 19:02,2026-10-06 21:00,,,https://www.youtube.com/channel/UCkfF3LIAt9wgGed-tj5ev3w
UCzTWnHIApgYOW4UhfK_27Pg,@asakura112,12,1年,Member (1 year),,不明,,,2,2,0,2026-10-05 19:02,2026-10-10 22:03,,,https://www.youtube.com/channel/UCzTWnHIApgYOW4UhfK_27Pg
UCCOuQTBHbKjR7rYOcNW7slQ,@しょう-g7w,12,1年,Member (1 year),,不明,,,2,36,0,2026-10-05 19:02,2026-10-06 21:00,,,https://www.youtube.com/channel/UCCOuQTBHbKjR7rYOcNW7slQ
UCtLx8xHpeDffRTIm8aZf8Lw,@りゅーいち-f7z,12,1年,Member (1 year),,不明,,,2,5,1,2026-10-05 19:02,2026-10-06 21:00,,,https://www.youtube.com/channel/UCtLx8xHpeDffRTIm8aZf8Lw
UCuiNLu_PWVWwJzcmjJjWw6Q,@Kageyama-0,12,1年,Member (1 year),,不明,,,2,3,0,2026-10-05 19:02,2026-10-10 12:03,,,https://www.youtube.com/channel/UCuiNLu_PWVWwJzcmjJjWw6Q
UCMo7LUmHQa1iXHMmWLa-QaA,@まるむ_吾輩はオーガである,12,1年,Member (1 year),,不明,,,2,2,0,2026-10-05 19:02,2026-10-06 21:00,,,https://www.youtube.com/channel/UCMo7LUmHQa1iXHMmWLa-QaA
UC5PUlCXmfjhcxCRPW34_fpQ,@524parallel,12,1年,Member (1 year),,不明,,,2,4,0,2026-10-05 19:02,2026-10-10 12:03,,,https://www.youtube.com/channel/UC5PUlCXmfjhcxCRPW34_fpQ
UCYGkf8LfUt2cNSHiVaVO_tg,@大判今川回転御座候,12,1年,Member (1 year),,不明,,,2,2,0,2026-10-05 19:02,2026-10-06 21:00,,,https://www.youtube.com/channel/UCYGkf8LfUt2cNSHiVaVO_tg
UCY5PMskvLXvOL9tRbjJrRLQ,@弓田ゆだ,12,1年,Member (1 year),,不明,,,2,4,0,2026-10-05 19:02,2026-10-06 21:00,,,https://www.youtube.com/channel/UCY5PMskvLXvOL9tRbjJrRLQ
UC8Frb_4fenJJe4gFpXShUpg,@みらい-1115,12,1年,Member (1 year),,不明,,,2,24,0,2026-10-05 19:02,2026-10-06 21:00,,,https://www.youtube.com/channel/UC8Frb_4fenJJe4gFpXShUpg
UCEkgirPOEQEEIp2AM2dmZlw,@課金のハサン,12,1年,Member (1 year),,不明,,,2,6,0,2026-10-05 19:02,2026-10-06 21:00,,,https://www.youtube.com/channel/UCEkgirPOEQEEIp2AM2dmZlw
UCkQdVN4t1n8Qr1g6ii_HK5w,@ハク-e4g,12,1年,Member (1 year),,不明,,,2,2,0,2026-10-05 19:02,2026-10-10 12:03,,,https://www.youtube.com/channel/UCkQdVN4t1n8Qr1g6ii_HK5w
UCkOG0SHxiJoVQQCTOkZte-g,@糸川ワイクリフ,12,1年,Member (1 year),,不明,,,2,2,0,2026-10-05 19:02,2026-10-06 21:00,,,https://www.youtube.com/channel/UCkOG0SHxiJoVQQCTOkZte-g
UCd6NRirv_8M7IaG0Vg7rhxw,@こう明,12,1年,Member (1 year),,不明,,,2,5,0,2026-10-05 19:02,2026-10-06 21:00,,,https://www.youtube.com/channel/UCd6NRirv_8M7IaG0Vg7rhxw
UCvx_Be_a1N4CNaa13ULwV3A,@tumyi2002,12,1年,Member (1 year),,不明,,,2,5,0,2026-10-05 19:02,2026-10-06 21:00,,,https://www.youtube.com/channel/UCvx_Be_a1N4CNaa13ULwV3A
UCVlyfax6m2EkyDHX5JM0ImQ,@KonbeX,12,1年,Member (1 year),,不明,,,2,14,0,2026-10-05 19:02,2026-10-06 21:00,,,https://www.youtube.com/channel/UCVlyfax6m2EkyDHX5JM0ImQ
UC-qJ-JNugkIvOdfPmb3wiTg,@カルナ-j6q,12,1年,Member (1 year),,不明,,,2,6,0,2026-10-05 19:02,2026-10-10 12:03,,,https://www.youtube.com/channel/UC-qJ-JNugkIvOdfPmb3wiTg
UCrwBwJW69M8pED3TnYZXIbg,@dりんご飯b,12,1年,Member (1 year),,不明,,,2,19,0,2026-10-05 19:02,2026-10-06 21:00,,,https://www.youtube.com/channel/UCrwBwJW69M8pED3TnYZXIbg
UCgnpSYVF0KgidClxw_n4E2g,@kado4037,12,1年,Member (1 year),,不明,,,2,7,0,2026-10-05 19:02,2026-10-06 21:00,,,https://www.youtube.com/channel/UCgnpSYVF0KgidClxw_n4E2g
UCSHyoJRaIIGaDk-mz9ijY6w,@zero_monogatari,12,1年,Member (1 year),,不明,,,2,10,0,2026-10-05 19:02,2026-10-06 21:00,,,https://www.youtube.com/channel/UCSHyoJRaIIGaDk-mz9ijY6w
UCq2Krac1Q42ysW4Tp1eDCJA,@上宮あまくさ,12,1年,Member (1 year),,不明,,,2,4,0,2026-10-05 19:02,2026-10-06 21:00,,,https://www.youtube.com/channel/UCq2Krac1Q42ysW4Tp1eDCJA
UC-uun65PXxttod0-33Q2Clw,@なzz,12,1年,Member (1 year),,不明,,,2,4,2,2026-10-05 19:02,2026-10-06 21:00,,,https://www.youtube.com/channel/UC-uun65PXxttod0-33Q2Clw
UCGej7s8rIKpSsfpjgGsmhpA,@まーべりく,12,1年,Member (1 year),,不明,,,2,11,0,2026-10-05 19:02,2026-10-10 22:03,,,https://www.youtube.com/channel/UCGej7s8rIKpSsfpjgGsmhpA
UCu7GcPO0G9lhcpEPyytMOsQ,@SHIRITANDA,12,1年,Member (1 year),,不明,,,2,2,0,2026-10-05 19:02,2026-10-06 21:00,,,https://www.youtube.com/channel/UCu7GcPO0G9lhcpEPyytMOsQ
UCDFb1n2N_yTzQWKQ4XRqQiw,@とあるオタクのShin,12,1年,Member (1 year),,不明,,,2,136,0,2026-10-10 12:03,2026-10-10 22:03,,,https://www.youtube.com/channel/UCDFb1n2N_yTzQWKQ4XRqQiw
UCdarBUIgt7Eq8FOyhKM0uSQ,@RoY輔,12,1年,Member (1 year),,不明,,,2,10,0,2026-10-10 12:03,2026-10-10 22:03,,,https://www.youtube.com/channel/UCdarBUIgt7Eq8FOyhKM0uSQ
UCwpcvavSAh6M32wOoKTqywA,@ゾダ-i2p,12,1年,Member (1 year),,不明,,,2,4,0,2026-10-10 12:03,2026-10-10 22:03,,,https://www.youtube.com/channel/UCwpcvavSAh6M32wOoKTqywA
UCGDqdiZtifPGAFtZpdILIMQ,@tetsuohamano8036,12,1年,Member (1 year),,星くずたち,再加入/レベル変更（2026-09-07）,,1,1,0,2026-09-12 14:02,2026-09-12 14:02,,,https://www.youtube.com/channel/UCGDqdiZtifPGAFtZpdILIMQ
UCr_jEbCXs7BqnZuGxLHpTqg,@ニギハヤミなんとか,12,1年,Member (1 year),,不明,,,1,2,0,2026-09-12 14:02,2026-09-12 14:02,,,https://www.youtube.com/channel/UCr_jEbCXs7BqnZuGxLHpTqg
UC2eserT9jC0NfW7k-l_my8A,@マッシュナーヒューム,12,1年,Member (1 year),,不明,,,1,1,0,2026-09-12 14:02,2026-09-12 14:02,,,https://www.youtube.com/channel/UC2eserT9jC0NfW7k-l_my8A
UCf0CtZDOBEpMyBDFanU0rWw,@kadolia5904,12,1年,Member (1 year),17,星くずたち,マイルストーン,,1,0,0,2026-09-12 14:02,2026-09-12 14:02,,,https://www.youtube.com/channel/UCf0CtZDOBEpMyBDFanU0rWw
UC2N_XDmQp6X0Jp5QyYU9xlg,@zackly2423,12,1年,Member (1 year),,不明,,,1,1,0,2026-09-12 22:01,2026-09-12 22:01,,,https://www.youtube.com/channel/UC2N_XDmQp6X0Jp5QyYU9xlg
UCAqvv_B_OHO0Ypbsxl8H59Q,@ハバタケタブラ,12,1年,Member (1 year),,不明,,,1,1,0,2026-09-12 22:01,2026-09-12 22:01,,,https://www.youtube.com/channel/UCAqvv_B_OHO0Ypbsxl8H59Q
UCLrasy6_FT81LgDY_QtQrEQ,@sei-r2p,12,1年,Member (1 year),,不明,,,1,2,0,2026-09-12 22:01,2026-09-12 22:01,,,https://www.youtube.com/channel/UCLrasy6_FT81LgDY_QtQrEQ
UCOJq0-n3OSEnSBAhuK_rMlw,@やなFestival,12,1年,Member (1 year),,不明,,,1,1,0,2026-09-12 22:01,2026-09-12 22:01,,,https://www.youtube.com/channel/UCOJq0-n3OSEnSBAhuK_rMlw
UCV0wf2R29qvSfiWeJtHYRLw,@まとことと,12,1年,Member (1 year),,不明,,,1,1,0,2026-09-12 22:01,2026-09-12 22:01,,,https://www.youtube.com/channel/UCV0wf2R29qvSfiWeJtHYRLw
UCi8YRxJ0l0_C47PIm0a9EAw,@accountname2886,12,1年,Member (1 year),,不明,,,1,1,0,2026-09-12 22:01,2026-09-12 22:01,,,https://www.youtube.com/channel/UCi8YRxJ0l0_C47PIm0a9EAw
UCFpNF6GANjjHvEkP5C2rCng,@さくらもち-g1q,12,1年,Member (1 year),,不明,,,1,1,0,2026-09-12 22:01,2026-09-12 22:01,,,https://www.youtube.com/channel/UCFpNF6GANjjHvEkP5C2rCng
UC-bRE1tO9OSwhU-Qa-fzA6g,@とく-e4c,12,1年,Member (1 year),,不明,,,1,1,0,2026-09-14 19:02,2026-09-14 19:02,,,https://www.youtube.com/channel/UC-bRE1tO9OSwhU-Qa-fzA6g
UCq8jsmCq9dHufgUrNyNT_og,@まはのん,12,1年,Member (1 year),,不明,,,1,35,0,2026-09-14 19:02,2026-09-14 19:02,,,https://www.youtube.com/channel/UCq8jsmCq9dHufgUrNyNT_og
UCQ_pLed7-kv_EcH6KawrtSQ,@harunobu_TRPG,12,1年,Member (1 year),,不明,,,1,2,0,2026-09-14 19:02,2026-09-14 19:02,,,https://www.youtube.com/channel/UCQ_pLed7-kv_EcH6KawrtSQ
UCVb4KwYkLkukrdmarhJ4zLw,@Tucker-r6o,12,1年,Member (1 year),,不明,,,1,9,0,2026-09-14 19:02,2026-09-14 19:02,,,https://www.youtube.com/channel/UCVb4KwYkLkukrdmarhJ4zLw
UCTm3AqQqJ4mdiZJ_C5fWBVQ,@Natade_Shion,12,1年,Member (1 year),,不明,,,1,1,0,2026-09-14 19:02,2026-09-14 19:02,,,https://www.youtube.com/channel/UCTm3AqQqJ4mdiZJ_C5fWBVQ
UC7Nt0zzWK5-s8AMRQ7SrHPA,@はな月-x2g,12,1年,Member (1 year),,不明,,,1,3,1,2026-09-14 19:02,2026-09-14 19:02,,,https://www.youtube.com/channel/UC7Nt0zzWK5-s8AMRQ7SrHPA
UCcXoT-Om_YAwu20wDbk2OQg,@秋斗_akito,12,1年,Member (1 year),,不明,,,1,1,0,2026-09-14 19:02,2026-09-14 19:02,,,https://www.youtube.com/channel/UCcXoT-Om_YAwu20wDbk2OQg
UCqcoDjsWLvSK_-PeLvNm_iw,@シキ-w3o,12,1年,Member (1 year),,不明,,,1,8,0,2026-09-14 19:02,2026-09-14 19:02,,,https://www.youtube.com/channel/UCqcoDjsWLvSK_-PeLvNm_iw
UCr89zENgy2JdIdSRyQpWCcQ,@山下かんた,12,1年,Member (1 year),,不明,,,1,1,0,2026-09-14 19:02,2026-09-14 19:02,,,https://www.youtube.com/channel/UCr89zENgy2JdIdSRyQpWCcQ
UCNQ3WdXtBbqcpDEXRk4B9hg,@ふぇふぇいふぇい,12,1年,Member (1 year),,不明,,,1,1,0,2026-09-14 19:02,2026-09-14 19:02,,,https://www.youtube.com/channel/UCNQ3WdXtBbqcpDEXRk4B9hg
UCQrf7V8ZFyCi3AboqU1UFQQ,@user-ke3zn1np5u,12,1年,Member (1 year),,不明,,,1,9,0,2026-09-14 19:02,2026-09-14 19:02,,,https://www.youtube.com/channel/UCQrf7V8ZFyCi3AboqU1UFQQ
UCtJbQHwrnVIrf3fv8sV1Nbg,@はじける花火,12,1年,Member (1 year),,不明,,,1,3,0,2026-09-14 19:02,2026-09-14 19:02,,,https://www.youtube.com/channel/UCtJbQHwrnVIrf3fv8sV1Nbg
UCzSvs6_-vXxXmOWZqDeaj5g,@たつにい-v8k,12,1年,Member (1 year),,不明,,,1,3,0,2026-09-14 19:02,2026-09-14 19:02,,,https://www.youtube.com/channel/UCzSvs6_-vXxXmOWZqDeaj5g
UCk7S575KaAbrzq_kEijWN_w,@りず-Liz17,12,1年,Member (1 year),,不明,,,1,1,0,2026-09-14 19:02,2026-09-14 19:02,,,https://www.youtube.com/channel/UCk7S575KaAbrzq_kEijWN_w
UCnM6eOINl_6R0GGQbQV6s3Q,@shin542-y6v,12,1年,Member (1 year),,不明,,,1,1,0,2026-09-14 19:02,2026-09-14 19:02,,,https://www.youtube.com/channel/UCnM6eOINl_6R0GGQbQV6s3Q
UCEM51JunCaPNltGHiOCWetg,@Azalea2244,12,1年,Member (1 year),,不明,,,1,3,0,2026-09-14 19:02,2026-09-14 19:02,,,https://www.youtube.com/channel/UCEM51JunCaPNltGHiOCWetg
UCnaZauy49ZvcjdIzA-uWnqA,@PuzzlerGod,12,1年,Member (1 year),,不明,,,1,2,0,2026-09-14 19:02,2026-09-14 19:02,,,https://www.youtube.com/channel/UCnaZauy49ZvcjdIzA-uWnqA
UCGjae1losHpVS7HXWz0TsWg,@のどぐろ0,12,1年,Member (1 year),,不明,,,1,5,0,2026-09-14 19:02,2026-09-14 19:02,,,https://www.youtube.com/channel/UCGjae1losHpVS7HXWz0TsWg
UC-O360QJrwFXGxh1d9vMdOQ,@ty-xg1ho,12,1年,Member (1 year),,不明,,,1,6,0,2026-09-14 19:02,2026-09-14 19:02,,,https://www.youtube.com/channel/UC-O360QJrwFXGxh1d9vMdOQ
UCwe3X0sFIQPVXOTnrJpKOxQ,@3chao3,12,1年,Member (1 year),,不明,,,1,1,0,2026-09-14 19:02,2026-09-14 19:02,,,https://www.youtube.com/channel/UCwe3X0sFIQPVXOTnrJpKOxQ
UCRIYwJMtl9yYgq_EL-GCVSg,@ハシ-t2x,12,1年,Member (1 year),,不明,,,1,1,0,2026-09-14 19:02,2026-09-14 19:02,,,https://www.youtube.com/channel/UCRIYwJMtl9yYgq_EL-GCVSg
UCjUEGU1kNqWxZ2EfpzGr9pA,@tansar000,12,1年,Member (1 year),,不明,,,1,4,0,2026-09-14 19:02,2026-09-14 19:02,,,https://www.youtube.com/channel/UCjUEGU1kNqWxZ2EfpzGr9pA
UC2YtgJcmjuyAIce53PP1BMg,@カキピー-y4p,12,1年,Member (1 year),,不明,,,1,2,0,2026-09-14 19:02,2026-09-14 19:02,,,https://www.youtube.com/channel/UC2YtgJcmjuyAIce53PP1BMg
UC-zbOCETLSvKAWzn5duVJpg,@たぬまる-p5i,12,1年,Member (1 year),,不明,,,1,4,0,2026-09-14 19:02,2026-09-14 19:02,,,https://www.youtube.com/channel/UC-zbOCETLSvKAWzn5duVJpg
UCoKYSaw1o1U-zLtv3KbmZ2A,@鴨和-x7p,12,1年,Member (1 year),,不明,,,1,1,0,2026-09-14 19:02,2026-09-14 19:02,,,https://www.youtube.com/channel/UCoKYSaw1o1U-zLtv3KbmZ2A
UC7SlaxqTvy-zoFbacWeJX5w,@永井さん-o3n,12,1年,Member (1 year),,不明,,,1,2,0,2026-09-14 19:02,2026-09-14 19:02,,,https://www.youtube.com/channel/UC7SlaxqTvy-zoFbacWeJX5w
UC8TRzH37P2kiTtEFz0lJaEA,@8db7,12,1年,Member (1 year),,不明,,,1,1,0,2026-09-14 19:02,2026-09-14 19:02,,,https://www.youtube.com/channel/UC8TRzH37P2kiTtEFz0lJaEA
UCm1JPTo2XO0CUxA1la2HgRg,@boon_DE,12,1年,Member (1 year),,不明,,,1,2,0,2026-09-14 19:02,2026-09-14 19:02,,,https://www.youtube.com/channel/UCm1JPTo2XO0CUxA1la2HgRg
UCPM6C623kv7F6WWDuB1k-ww,@abcetv,12,1年,Member (1 year),,不明,,,1,5,0,2026-09-14 19:02,2026-09-14 19:02,,,https://www.youtube.com/channel/UCPM6C623kv7F6WWDuB1k-ww
UCoTK50vy0npj4Zm6YO2Pz6Q,@地面派なか,12,1年,Member (1 year),,不明,,,1,1,0,2026-09-14 19:02,2026-09-14 19:02,,,https://www.youtube.com/channel/UCoTK50vy0npj4Zm6YO2Pz6Q
UCZzY2Sgo8ciup41xVcfkQYQ,@Peiayun,12,1年,Member (1 year),,不明,,,1,1,0,2026-09-14 19:02,2026-09-14 19:02,,,https://www.youtube.com/channel/UCZzY2Sgo8ciup41xVcfkQYQ
UCk68dasyiqiqyHEpuyFn_Yg,@蕨野-z8c,12,1年,Member (1 year),,不明,,,1,1,0,2026-09-14 19:02,2026-09-14 19:02,,,https://www.youtube.com/channel/UCk68dasyiqiqyHEpuyFn_Yg
UCtxrtaVe57kTN6bZmVL0vNQ,@nftch6464,12,1年,Member (1 year),,不明,,,1,3,0,2026-09-14 19:02,2026-09-14 19:02,,,https://www.youtube.com/channel/UCtxrtaVe57kTN6bZmVL0vNQ
UCoDBbZPGc9Vhh6d6f0vIy_Q,@雪うさぎ-s1o,12,1年,Member (1 year),,不明,,,1,2,0,2026-09-14 19:02,2026-09-14 19:02,,,https://www.youtube.com/channel/UCoDBbZPGc9Vhh6d6f0vIy_Q
UC0exOb2vAljneao2TxWeanw,@まさ-o4k,12,1年,Member (1 year),,不明,,,1,7,0,2026-09-14 19:02,2026-09-14 19:02,,,https://www.youtube.com/channel/UC0exOb2vAljneao2TxWeanw
UCmVj1JbNqLFl0TgGaSmXxKw,@継栓,12,1年,Member (1 year),,不明,,,1,1,0,2026-09-14 19:02,2026-09-14 19:02,,,https://www.youtube.com/channel/UCmVj1JbNqLFl0TgGaSmXxKw
UCTJvgM33tjcADmgM2fu2WoQ,@Nyamama.000,12,1年,Member (1 year),,不明,,,1,1,0,2026-09-14 19:02,2026-09-14 19:02,,,https://www.youtube.com/channel/UCTJvgM33tjcADmgM2fu2WoQ
UCepzNwykzD-U8MJvXAYxAfQ,@Musique10048,12,1年,Member (1 year),,不明,,,1,14,0,2026-09-16 14:33,2026-09-16 14:33,,,https://www.youtube.com/channel/UCepzNwykzD-U8MJvXAYxAfQ
UCOBd57vSRKEaBKyfm0OOILg,@saichan_1,12,1年,Member (1 year),,不明,,,1,1,1,2026-09-16 21:02,2026-09-16 21:02,,,https://www.youtube.com/channel/UCOBd57vSRKEaBKyfm0OOILg
UCnKBx5klIV7npHRlNYBF9-Q,@masayan9858,12,1年,Member (1 year),,不明,,,1,1,0,2026-09-16 21:02,2026-09-16 21:02,,,https://www.youtube.com/channel/UCnKBx5klIV7npHRlNYBF9-Q
UCHDffeJTqbfhpJvOk_PsdjA,@春樹-x9p,12,1年,Member (1 year),,不明,,,1,1,0,2026-09-17 22:46,2026-09-17 22:46,,,https://www.youtube.com/channel/UCHDffeJTqbfhpJvOk_PsdjA
UC7pqmk8cjfaWduJKw7BRjtA,@のそじ,12,1年,Member (1 year),,不明,,,1,1,0,2026-09-18 21:01,2026-09-18 21:01,,,https://www.youtube.com/channel/UC7pqmk8cjfaWduJKw7BRjtA
UCPB_ppyoQ-cz3sIY5CWwlYA,@tororo-0315,12,1年,Member (1 year),,不明,,,1,5,0,2026-09-19 12:02,2026-09-19 12:02,,,https://www.youtube.com/channel/UCPB_ppyoQ-cz3sIY5CWwlYA
UC77bGWtPhiA5b9YBy5lB-9A,@tktkghost,12,1年,Member (1 year),,不明,,,1,1,0,2026-09-19 12:02,2026-09-19 12:02,,,https://www.youtube.com/channel/UC77bGWtPhiA5b9YBy5lB-9A
UChOlAzBdDibGcecMRo0lrvQ,@ayaiaraka_,12,1年,Member (1 year),,不明,,,1,1,0,2026-09-19 12:02,2026-09-19 12:02,,,https://www.youtube.com/channel/UChOlAzBdDibGcecMRo0lrvQ
UCjYTCQfErYyGWkjpG28mj-Q,@he1377,12,1年,Member (1 year),,不明,,,1,1,0,2026-09-19 12:02,2026-09-19 12:02,,,https://www.youtube.com/channel/UCjYTCQfErYyGWkjpG28mj-Q
UCwcHpWPa_oYB0kZxYC82vfw,@コタタマ-u2i,12,1年,Member (1 year),,不明,,,1,1,0,2026-09-19 12:02,2026-09-19 12:02,,,https://www.youtube.com/channel/UCwcHpWPa_oYB0kZxYC82vfw
UClGp860M3iclyUNWe0YLz8A,@karora6188,12,1年,Member (1 year),,不明,,,1,1,0,2026-09-19 22:02,2026-09-19 22:02,,,https://www.youtube.com/channel/UClGp860M3iclyUNWe0YLz8A
UC7_t9JGWlyLnhgwH4tD1z4w,@リクルート-f6e,12,1年,Member (1 year),,不明,,,1,1,0,2026-09-19 22:02,2026-09-19 22:02,,,https://www.youtube.com/channel/UC7_t9JGWlyLnhgwH4tD1z4w
UC6eGVfgbEg0AmGZVlJZvh9A,@ark2683,12,1年,Member (1 year),,不明,,,1,1,0,2026-09-19 22:02,2026-09-19 22:02,,,https://www.youtube.com/channel/UC6eGVfgbEg0AmGZVlJZvh9A
UCgWZbqhMjni3abACHZU-HsA,@やちゅた3,12,1年,Member (1 year),,不明,,,1,1,0,2026-09-19 22:02,2026-09-19 22:02,,,https://www.youtube.com/channel/UCgWZbqhMjni3abACHZU-HsA
UCkgCX4TU4WjQ6M-F7OFPQ1Q,@きりど,12,1年,Member (1 year),,不明,,,1,6,0,2026-09-19 22:02,2026-09-19 22:02,,,https://www.youtube.com/channel/UCkgCX4TU4WjQ6M-F7OFPQ1Q
UCht2niIjm1W3ZLgGSa5YmIQ,@ユズアルク,12,1年,Member (1 year),,不明,,,1,19,0,2026-09-19 22:02,2026-09-19 22:02,,,https://www.youtube.com/channel/UCht2niIjm1W3ZLgGSa5YmIQ
UCsGt7cAyt3Dq4P97OrQH_0g,@こたつ-26517s,12,1年,Member (1 year),,不明,,,1,2,0,2026-09-19 22:02,2026-09-19 22:02,,,https://www.youtube.com/channel/UCsGt7cAyt3Dq4P97OrQH_0g
UCoSLDDN8ue6PD2ccpxIKvsA,@natsuking3253,12,1年,Member (1 year),,不明,,,1,2,0,2026-09-19 22:02,2026-09-19 22:02,,,https://www.youtube.com/channel/UCoSLDDN8ue6PD2ccpxIKvsA
UCpyDDyUqrDNstNe07VYckIA,@Nato-v3o,12,1年,Member (1 year),,不明,,,1,1,0,2026-09-20 12:16,2026-09-20 12:16,,,https://www.youtube.com/channel/UCpyDDyUqrDNstNe07VYckIA
UCwCbjwgcPAwN1jnmhitPmrA,@鬼井佐間,12,1年,Member (1 year),,不明,,,1,3,0,2026-09-20 12:16,2026-09-20 12:16,,,https://www.youtube.com/channel/UCwCbjwgcPAwN1jnmhitPmrA
UCLDkP2lGjs406dM3HpbTKWw,@ウイスキ医,12,1年,Member (1 year),,不明,,,1,1,0,2026-09-20 12:16,2026-09-20 12:16,,,https://www.youtube.com/channel/UCLDkP2lGjs406dM3HpbTKWw
UCD3YlU4zxd9smdeX_HHGmSA,@rasshi,12,1年,Member (1 year),,不明,,,1,1,0,2026-09-20 12:16,2026-09-20 12:16,,,https://www.youtube.com/channel/UCD3YlU4zxd9smdeX_HHGmSA
UCArZ-de3zpxoT5QuGXq6CFA,@大福餅-k9s,12,1年,Member (1 year),,不明,,,1,1,0,2026-09-20 12:16,2026-09-20 12:16,,,https://www.youtube.com/channel/UCArZ-de3zpxoT5QuGXq6CFA
UCuqFEYh9DVTreb1HhUoBHiA,@s-hiro9245,12,1年,Member (1 year),,不明,,,1,2,0,2026-09-20 12:16,2026-09-20 12:16,,,https://www.youtube.com/channel/UCuqFEYh9DVTreb1HhUoBHiA
UCubrLwMRpR-ZxTucXT2c6CQ,@ムーニーマン-p1q,12,1年,Member (1 year),,不明,,,1,1,0,2026-09-20 12:16,2026-09-20 12:16,,,https://www.youtube.com/channel/UCubrLwMRpR-ZxTucXT2c6CQ
UCA3SLx7bUToUjgD4UPvyaFA,@かいえれん,12,1年,Member (1 year),,不明,,,1,1,0,2026-09-20 12:16,2026-09-20 12:16,,,https://www.youtube.com/channel/UCA3SLx7bUToUjgD4UPvyaFA
UCIPrNDFCmjp8IeWNH4sNqXA,@タク-b4f,12,1年,Member (1 year),16,星くずたち,マイルストーン,,1,0,0,2026-09-20 12:16,2026-09-20 12:16,,,https://www.youtube.com/channel/UCIPrNDFCmjp8IeWNH4sNqXA
UCaoBox_jBSL9NcGWFyai4eA,@カナミリ,12,1年,Member (1 year),22,星くずたち,マイルストーン,,1,0,0,2026-09-20 19:33,2026-09-20 19:33,,,https://www.youtube.com/channel/UCaoBox_jBSL9NcGWFyai4eA
UCiEuOVhwZ8g5MhA3BRSOANA,@ラッキー-o9o7d,12,1年,Member (1 year),,不明,,,1,28,0,2026-09-22 14:00,2026-09-22 14:00,,,https://www.youtube.com/channel/UCiEuOVhwZ8g5MhA3BRSOANA
UCXOTqCfNyrSi1S_FSDR3SJg,@ゆう-y9w6n,12,1年,Member (1 year),,不明,,,1,7,0,2026-09-22 14:00,2026-09-22 14:00,,,https://www.youtube.com/channel/UCXOTqCfNyrSi1S_FSDR3SJg
UCgoJun1b3RYg-34zQTi8k_Q,@-hinamaru-111,12,1年,Member (1 year),,不明,,,1,2,0,2026-09-22 14:00,2026-09-22 14:00,,,https://www.youtube.com/channel/UCgoJun1b3RYg-34zQTi8k_Q
UC22DVjhU3Rc5WWo7N-g-7AA,@クグノチ-e8v,12,1年,Member (1 year),,不明,,,1,1,0,2026-09-22 14:00,2026-09-22 14:00,,,https://www.youtube.com/channel/UC22DVjhU3Rc5WWo7N-g-7AA
UCoMvV8ZS1XWeWWHv7OLcfGg,@ダンチョ唯一,12,1年,Member (1 year),,不明,,,1,1,0,2026-09-22 14:00,2026-09-22 14:00,,,https://www.youtube.com/channel/UCoMvV8ZS1XWeWWHv7OLcfGg
UCSABT_ZVFTuxfCoNZ9aF9fg,@ライムレモン-v4r,12,1年,Member (1 year),,不明,,,1,1,0,2026-09-22 14:00,2026-09-22 14:00,,,https://www.youtube.com/channel/UCSABT_ZVFTuxfCoNZ9aF9fg
UCbjUp0gKyH_N6FpuC3LIPDw,@ケンセイ-v9x,12,1年,Member (1 year),,不明,,,1,2,0,2026-09-22 14:00,2026-09-22 14:00,,,https://www.youtube.com/channel/UCbjUp0gKyH_N6FpuC3LIPDw
UC8ZOnu_ryQojeqBtUXevbxg,@Lyco1l48,12,1年,Member (1 year),,不明,,,1,1,0,2026-09-22 14:00,2026-09-22 14:00,,,https://www.youtube.com/channel/UC8ZOnu_ryQojeqBtUXevbxg
UC-X6pKcW8zevrJ9oRAhMl5g,@ユキヤ-h2g,12,1年,Member (1 year),,不明,,,1,1,0,2026-09-22 14:00,2026-09-22 14:00,,,https://www.youtube.com/channel/UC-X6pKcW8zevrJ9oRAhMl5g
UC24vW501cHeoo6u3Gg9ZNwg,@やすか-f8w,12,1年,Member (1 year),,星くずたち,再加入/レベル変更,,1,0,0,2026-09-22 14:00,2026-09-22 14:00,,,https://www.youtube.com/channel/UC24vW501cHeoo6u3Gg9ZNwg
UC9Qf730zlEwheljOMv3ZtCA,@ねも-nem0,12,1年,Member (1 year),,不明,,,1,1,0,2026-09-23 15:01,2026-09-23 15:01,,,https://www.youtube.com/channel/UC9Qf730zlEwheljOMv3ZtCA
UCy_J78Uz45VxRK979wl8ZVw,@hiro98043,12,1年,Member (1 year),,不明,,,1,1,0,2026-09-23 15:01,2026-09-23 15:01,,,https://www.youtube.com/channel/UCy_J78Uz45VxRK979wl8ZVw
UC3aWpnvEdi1HXrv4NctxGMA,@夢-o9b,12,1年,Member (1 year),,不明,,,1,3,0,2026-09-23 15:01,2026-09-23 15:01,,,https://www.youtube.com/channel/UC3aWpnvEdi1HXrv4NctxGMA
UCCXGBZf6vMXjDYB4IWkEGqw,@半田太郎さん,12,1年,Member (1 year),,不明,,,1,1,0,2026-09-23 15:01,2026-09-23 15:01,,,https://www.youtube.com/channel/UCCXGBZf6vMXjDYB4IWkEGqw
UCMPXc-8bho4N2REx4x7sn1A,@s3r_cyu,12,1年,Member (1 year),,不明,,,1,5,0,2026-09-23 15:01,2026-09-23 15:01,,,https://www.youtube.com/channel/UCMPXc-8bho4N2REx4x7sn1A
UCZmpQidKSA7H8iqCaVWjkgw,@シュン822,12,1年,Member (1 year),,不明,,,1,1,0,2026-09-23 15:01,2026-09-23 15:01,,,https://www.youtube.com/channel/UCZmpQidKSA7H8iqCaVWjkgw
UCZQAnIEmveJ_0Z_35SlROVg,@春巻の奇妙なサブ垢,12,1年,Member (1 year),,不明,,,1,1,0,2026-09-23 15:01,2026-09-23 15:01,,,https://www.youtube.com/channel/UCZQAnIEmveJ_0Z_35SlROVg
UCHhu43a3EO_zXLZVqcecsdA,@aratachan-hskt,12,1年,Member (1 year),,星くずたち,再加入/レベル変更,,1,0,0,2026-09-23 15:01,2026-09-23 15:01,,,https://www.youtube.com/channel/UCHhu43a3EO_zXLZVqcecsdA
UCpNrjvC3cqsKNhDy4ilgbrw,@とーちゅ,12,1年,Member (1 year),,不明,,,1,29,0,2026-09-26 12:02,2026-09-26 12:02,,,https://www.youtube.com/channel/UCpNrjvC3cqsKNhDy4ilgbrw
UCXEFkvj4LS-MGdVZM5s7mlw,@yumaru_uniuni,12,1年,Member (1 year),,不明,,,1,7,0,2026-09-26 12:02,2026-09-26 12:02,,,https://www.youtube.com/channel/UCXEFkvj4LS-MGdVZM5s7mlw
UC1NkWquSd6UoMeH3a_NKoUQ,@kutsune,12,1年,Member (1 year),,不明,,,1,1,0,2026-09-26 12:02,2026-09-26 12:02,,,https://www.youtube.com/channel/UC1NkWquSd6UoMeH3a_NKoUQ
UCghW_7gcXMdzwj4qlHkJQEQ,@めとろにだぞーる-y1t,12,1年,Member (1 year),,不明,,,1,1,0,2026-09-26 12:02,2026-09-26 12:02,,,https://www.youtube.com/channel/UCghW_7gcXMdzwj4qlHkJQEQ
UCykbdpxOmxamkp9DoxLFOqg,@ゲッティ-f5o,12,1年,Member (1 year),,不明,,,1,1,0,2026-09-26 12:02,2026-09-26 12:02,,,https://www.youtube.com/channel/UCykbdpxOmxamkp9DoxLFOqg
UCGxNcFVmDTGdJDwHAZLG7bw,@shikoh00,12,1年,Member (1 year),,不明,,,1,1,0,2026-09-26 12:02,2026-09-26 12:02,,,https://www.youtube.com/channel/UCGxNcFVmDTGdJDwHAZLG7bw
UCns_Hi7f6-dTqFr_mdwiHDA,@焼きそば焼き増し,12,1年,Member (1 year),,不明,,,1,1,0,2026-09-26 12:02,2026-09-26 12:02,,,https://www.youtube.com/channel/UCns_Hi7f6-dTqFr_mdwiHDA
UCiAis-1Ow3pFmfN1UGAId4Q,@ミケミケ-315,12,1年,Member (1 year),,不明,,,1,1,0,2026-09-26 22:01,2026-09-26 22:01,,,https://www.youtube.com/channel/UCiAis-1Ow3pFmfN1UGAId4Q
UCkpIWFKgw-ZqgpNbtyBIHAA,@jawawa8585,12,1年,Member (1 year),,不明,,,1,1,0,2026-09-26 22:01,2026-09-26 22:01,,,https://www.youtube.com/channel/UCkpIWFKgw-ZqgpNbtyBIHAA
UCZrEaVBL5a10I1L3nt9eaEw,@Yamada_Taro_Kun,12,1年,Member (1 year),,不明,,,1,1,0,2026-09-26 22:01,2026-09-26 22:01,,,https://www.youtube.com/channel/UCZrEaVBL5a10I1L3nt9eaEw
UCAnneY5tXgEtejzgPmd5zqg,@mizukikawanaka172,12,1年,Member (1 year),,不明,,,1,4,0,2026-09-26 22:01,2026-09-26 22:01,,,https://www.youtube.com/channel/UCAnneY5tXgEtejzgPmd5zqg
UCMUdaRDGeHcYmSJt4Za5n2A,@月宮宀蓋下的布丁,12,1年,Member (1 year),,不明,,,1,1,0,2026-09-26 22:01,2026-09-26 22:01,,,https://www.youtube.com/channel/UCMUdaRDGeHcYmSJt4Za5n2A
UCIoPW6KRmgDNM-m0oawqu4w,@おはかど,12,1年,Member (1 year),,不明,,,1,4,0,2026-09-29 18:58,2026-09-29 18:58,,,https://www.youtube.com/channel/UCIoPW6KRmgDNM-m0oawqu4w
UC2y18vLm1w1FtxGJ6C6fHLQ,@atsushinakayama-kj5fd,12,1年,Member (1 year),,不明,,,1,1,0,2026-10-02 20:01,2026-10-02 20:01,,,https://www.youtube.com/channel/UC2y18vLm1w1FtxGJ6C6fHLQ
UCRdGrSESWU8YGLiYeGxSFJA,@スピネル-c2d,12,1年,Member (1 year),,不明,,,1,1,0,2026-10-02 20:01,2026-10-02 20:01,,,https://www.youtube.com/channel/UCRdGrSESWU8YGLiYeGxSFJA
UC9gMdTzCjDELM2FvYUGDVwQ,@水銀-w5h,12,1年,Member (1 year),,不明,,,1,1,0,2026-10-02 20:01,2026-10-02 20:01,,,https://www.youtube.com/channel/UC9gMdTzCjDELM2FvYUGDVwQ
UCvtZ5RIZEQYXtIj1vb9cdGw,@LDS生徒募集中,12,1年,Member (1 year),,不明,,,1,1,0,2026-10-02 20:01,2026-10-02 20:01,,,https://www.youtube.com/channel/UCvtZ5RIZEQYXtIj1vb9cdGw
UCAiQtFdSATuRraSWzldtIqw,@きづち-e9z,12,1年,Member (1 year),,不明,,,1,1,0,2026-10-03 12:00,2026-10-03 12:00,,,https://www.youtube.com/channel/UCAiQtFdSATuRraSWzldtIqw
UCn5GFolkt9B59v7m7CtawXQ,@kaira6724,12,1年,Member (1 year),,不明,,,1,1,0,2026-10-03 12:00,2026-10-03 12:00,,,https://www.youtube.com/channel/UCn5GFolkt9B59v7m7CtawXQ
UCJdtAv2kxw85rS0Htwjj-7Q,@2_HS_RN_3,12,1年,Member (1 year),,不明,,,1,11,0,2026-10-03 12:00,2026-10-03 12:00,,,https://www.youtube.com/channel/UCJdtAv2kxw85rS0Htwjj-7Q
UCIE1XxB7cqodn9WD2Pc3nMQ,@jeannedark9852,12,1年,Member (1 year),,不明,,,1,1,0,2026-10-03 22:01,2026-10-03 22:01,,,https://www.youtube.com/channel/UCIE1XxB7cqodn9WD2Pc3nMQ
UCirCY6lnBH2Q_d-Y5LNPMfg,@彩雲-f6m,12,1年,Member (1 year),,不明,,,1,3,0,2026-10-03 22:01,2026-10-03 22:01,,,https://www.youtube.com/channel/UCirCY6lnBH2Q_d-Y5LNPMfg
UCCw2KWzgMDzgT9fpQCd5X2A,@zion_gk7246,12,1年,Member (1 year),,不明,,,1,2,0,2026-10-03 22:01,2026-10-03 22:01,,,https://www.youtube.com/channel/UCCw2KWzgMDzgT9fpQCd5X2A
UCl1W0ZnJFxhJlb7fCQxIcGQ,@伝説の産業スパイ,12,1年,Member (1 year),,不明,,,1,24,0,2026-10-03 22:01,2026-10-03 22:01,,,https://www.youtube.com/channel/UCl1W0ZnJFxhJlb7fCQxIcGQ
UCMU0dCINECgeMdRA5ShCIbQ,@グランパリリン,12,1年,Member (1 year),,不明,,,1,3,0,2026-10-03 22:01,2026-10-03 22:01,,,https://www.youtube.com/channel/UCMU0dCINECgeMdRA5ShCIbQ
UCJJ9adUqRurATAiOJBHDQ0w,@M-usavi,12,1年,Member (1 year),,不明,,,1,1,0,2026-10-03 22:01,2026-10-03 22:01,,,https://www.youtube.com/channel/UCJJ9adUqRurATAiOJBHDQ0w
UC7sqwaaPAl60GvYeP83ltcw,@髙冬-t3n,12,1年,Member (1 year),,不明,,,1,1,0,2026-10-03 22:01,2026-10-03 22:01,,,https://www.youtube.com/channel/UC7sqwaaPAl60GvYeP83ltcw
UC-VnjupSBA-UZY8ok0Y0Izg,@宛無,12,1年,Member (1 year),,不明,,,1,1,0,2026-10-03 22:01,2026-10-03 22:01,,,https://www.youtube.com/channel/UC-VnjupSBA-UZY8ok0Y0Izg
UCApZbkhRsTGQ-vNqYd0GorQ,@さくらまる-s4w,12,1年,Member (1 year),,星くずたち,再加入/レベル変更,,1,0,0,2026-10-03 22:01,2026-10-03 22:01,,,https://www.youtube.com/channel/UCApZbkhRsTGQ-vNqYd0GorQ
UCw-c64FQDCvJpiAPrKCnEHA,@ぐれーぷしざー,12,1年,Member (1 year),,不明,,,1,4,0,2026-10-05 19:02,2026-10-05 19:02,,,https://www.youtube.com/channel/UCw-c64FQDCvJpiAPrKCnEHA
UCUYNk2030sqP7Z-lhcd-vRw,@azu-glhf,12,1年,Member (1 year),,不明,,,1,1,0,2026-10-05 19:02,2026-10-05 19:02,,,https://www.youtube.com/channel/UCUYNk2030sqP7Z-lhcd-vRw
UCfOQ0lFjhHy0KXyMeqLt9Qg,@もやし-w9o,12,1年,Member (1 year),,不明,,,1,1,0,2026-10-05 19:02,2026-10-05 19:02,,,https://www.youtube.com/channel/UCfOQ0lFjhHy0KXyMeqLt9Qg
UCRk4x30grM1xn-YE0Dm9Czw,@形-b9o,12,1年,Member (1 year),,不明,,,1,23,0,2026-10-05 19:02,2026-10-05 19:02,,,https://www.youtube.com/channel/UCRk4x30grM1xn-YE0Dm9Czw
UCXYGis1gaRGJY81JBfo38iQ,@真浄シンジ,12,1年,Member (1 year),,不明,,,1,138,0,2026-10-05 19:02,2026-10-05 19:02,,,https://www.youtube.com/channel/UCXYGis1gaRGJY81JBfo38iQ
UCTZiI8sCvDqjv7S6h-B764w,@enju2101,12,1年,Member (1 year),14,星くずたち,マイルストーン,,1,8,0,2026-10-05 19:02,2026-10-05 19:02,,,https://www.youtube.com/channel/UCTZiI8sCvDqjv7S6h-B764w
UCfXVTY5jPB0ZtBGc_pjsUbw,@akihito_hs,12,1年,Member (1 year),18,星くずたち,マイルストーン,,1,24,1,2026-10-05 19:02,2026-10-05 19:02,,,https://www.youtube.com/channel/UCfXVTY5jPB0ZtBGc_pjsUbw
UCDwAB1rhqu8gMS5hYrXn0Xw,@タケト-g3t,12,1年,Member (1 year),,不明,,,1,2,0,2026-10-05 19:02,2026-10-05 19:02,,,https://www.youtube.com/channel/UCDwAB1rhqu8gMS5hYrXn0Xw
UCdAgE1qv-KhWDiYS7OzaMaw,@ヴァイっさん,12,1年,Member (1 year),,不明,,,1,23,0,2026-10-05 19:02,2026-10-05 19:02,,,https://www.youtube.com/channel/UCdAgE1qv-KhWDiYS7OzaMaw
UC2fV5AKXuizV-GIB9_AiXJA,@ヒトガタ-t7u,12,1年,Member (1 year),,不明,,,1,2,0,2026-10-05 19:02,2026-10-05 19:02,,,https://www.youtube.com/channel/UC2fV5AKXuizV-GIB9_AiXJA
UCfWn7YQjVbPxHfmdsbehvug,@Master-Yi_o9l1m,12,1年,Member (1 year),,不明,,,1,156,0,2026-10-05 19:02,2026-10-05 19:02,,,https://www.youtube.com/channel/UCfWn7YQjVbPxHfmdsbehvug
UCBwaNgKJH6cMdNNX2Nwzrvw,@しばさん-j2e,12,1年,Member (1 year),,不明,,,1,1,0,2026-10-05 19:02,2026-10-05 19:02,,,https://www.youtube.com/channel/UCBwaNgKJH6cMdNNX2Nwzrvw
UCmwUSW4vRDAKKNxGgnEE1NQ,@おむぎ-n8f,12,1年,Member (1 year),,不明,,,1,1,0,2026-10-05 19:02,2026-10-05 19:02,,,https://www.youtube.com/channel/UCmwUSW4vRDAKKNxGgnEE1NQ
UCnpU4DFAExqmWwKa9iUMBBQ,@松本諒-l5t,12,1年,Member (1 year),,不明,,,1,1,0,2026-10-05 19:02,2026-10-05 19:02,,,https://www.youtube.com/channel/UCnpU4DFAExqmWwKa9iUMBBQ
UCbH-htlXuLi2irtvl3PodqQ,@驚異のペンギン,12,1年,Member (1 year),,不明,,,1,6,0,2026-10-05 19:02,2026-10-05 19:02,,,https://www.youtube.com/channel/UCbH-htlXuLi2irtvl3PodqQ
UCSIvXI-ZEGVpOJVwwbjIEAA,@先頭民族-p3r,12,1年,Member (1 year),16,星くずたち,マイルストーン,,1,3,0,2026-10-05 19:02,2026-10-05 19:02,,,https://www.youtube.com/channel/UCSIvXI-ZEGVpOJVwwbjIEAA
UCI6UA6YWquXy-AJ3tprOPDQ,@森川_Rn,12,1年,Member (1 year),,不明,,,1,1,0,2026-10-05 19:02,2026-10-05 19:02,,,https://www.youtube.com/channel/UCI6UA6YWquXy-AJ3tprOPDQ
UCzlrne-dH9Y4c6yDnXtvYKw,@シュガー-y8q,12,1年,Member (1 year),,不明,,,1,9,0,2026-10-05 19:02,2026-10-05 19:02,,,https://www.youtube.com/channel/UCzlrne-dH9Y4c6yDnXtvYKw
UC4Q9Ro0hCGeaO652UWLBRKg,@furutaku19871007,12,1年,Member (1 year),,不明,,,1,2,0,2026-10-05 19:02,2026-10-05 19:02,,,https://www.youtube.com/channel/UC4Q9Ro0hCGeaO652UWLBRKg
UC93VJNFLp5BYgRzXfpr0rUg,@yuki_uuokn,12,1年,Member (1 year),,不明,,,1,1,0,2026-10-05 19:02,2026-10-05 19:02,,,https://www.youtube.com/channel/UC93VJNFLp5BYgRzXfpr0rUg
UC8wPcn8XnO4EN7aiKeo13pQ,@りょ-o4j,12,1年,Member (1 year),,不明,,,1,3,0,2026-10-05 19:02,2026-10-05 19:02,,,https://www.youtube.com/channel/UC8wPcn8XnO4EN7aiKeo13pQ
UCHcASmjgNPYFoCVU5KZylYg,@しもちゃん-r2y,12,1年,Member (1 year),,不明,,,1,4,0,2026-10-05 19:02,2026-10-05 19:02,,,https://www.youtube.com/channel/UCHcASmjgNPYFoCVU5KZylYg
UCYr0A106Uy8YJB-4iQzelSw,@Yu-tato0158,12,1年,Member (1 year),,不明,,,1,93,0,2026-10-05 19:02,2026-10-05 19:02,,,https://www.youtube.com/channel/UCYr0A106Uy8YJB-4iQzelSw
UC5ShZjlxtbdJV0FGXIzfTag,@endroll_fanclub,12,1年,Member (1 year),,不明,,,1,18,0,2026-10-05 19:02,2026-10-05 19:02,,,https://www.youtube.com/channel/UC5ShZjlxtbdJV0FGXIzfTag
UCGTLyMX_IockmSmMYy31sUw,@七夜-l4y,12,1年,Member (1 year),,不明,,,1,3,0,2026-10-05 19:02,2026-10-05 19:02,,,https://www.youtube.com/channel/UCGTLyMX_IockmSmMYy31sUw
UCgaVjpzeM54R1HQmwRY090Q,@カロン-23,12,1年,Member (1 year),,不明,,,1,2,0,2026-10-05 19:02,2026-10-05 19:02,,,https://www.youtube.com/channel/UCgaVjpzeM54R1HQmwRY090Q
UC2GNEEN5PClYO_rlyftjnlg,@grace0859,12,1年,Member (1 year),,不明,,,1,11,0,2026-10-05 19:02,2026-10-05 19:02,,,https://www.youtube.com/channel/UC2GNEEN5PClYO_rlyftjnlg
UCyxkdKrtsoWhPSkjQlaDVhA,@あしゅたるて-lol,12,1年,Member (1 year),,不明,,,1,3,0,2026-10-05 19:02,2026-10-05 19:02,,,https://www.youtube.com/channel/UCyxkdKrtsoWhPSkjQlaDVhA
UCJur8Eu2uACYAxVeoxCwhqQ,@TruKurage,12,1年,Member (1 year),,不明,,,1,1,0,2026-10-05 19:02,2026-10-05 19:02,,,https://www.youtube.com/channel/UCJur8Eu2uACYAxVeoxCwhqQ
UCnTpO4xpfKY_aMPaURJ5f7A,@cloud_4038,12,1年,Member (1 year),,不明,,,1,18,0,2026-10-05 19:02,2026-10-05 19:02,,,https://www.youtube.com/channel/UCnTpO4xpfKY_aMPaURJ5f7A
UCHB8NtrwsLCtB5Nd9YIuAJw,@ToGoHiFuMi,12,1年,Member (1 year),16,星くずたち,マイルストーン,,1,4,0,2026-10-05 19:02,2026-10-05 19:02,,,https://www.youtube.com/channel/UCHB8NtrwsLCtB5Nd9YIuAJw
UCrQ9uzr4m-pBLgPSw0tLdoA,@鶴城ジュンヤ,12,1年,Member (1 year),,不明,,,1,1,0,2026-10-05 19:02,2026-10-05 19:02,,,https://www.youtube.com/channel/UCrQ9uzr4m-pBLgPSw0tLdoA
UCkmP--IwY41TkN3Cuofkoag,@AOYA_蒼哉,12,1年,Member (1 year),,不明,,,1,2,0,2026-10-05 19:02,2026-10-05 19:02,,,https://www.youtube.com/channel/UCkmP--IwY41TkN3Cuofkoag
UC7yuh120Vu-hNY64_tH52ww,@ショー496,12,1年,Member (1 year),,不明,,,1,31,0,2026-10-05 19:02,2026-10-05 19:02,,,https://www.youtube.com/channel/UC7yuh120Vu-hNY64_tH52ww
UCW9FC8rQ4KNWfa-ZGwMUgFQ,@exalance008,12,1年,Member (1 year),,不明,,,1,3,0,2026-10-05 19:02,2026-10-05 19:02,,,https://www.youtube.com/channel/UCW9FC8rQ4KNWfa-ZGwMUgFQ
UCq9uCXOJMfSEPwrHAa7DNGQ,@桐那谷透,12,1年,Member (1 year),,不明,,,1,2,0,2026-10-05 19:02,2026-10-05 19:02,,,https://www.youtube.com/channel/UCq9uCXOJMfSEPwrHAa7DNGQ
UCiJq29tVXM2VBLYYuUVwuqA,@hiya9295,12,1年,Member (1 year),,不明,,,1,1,0,2026-10-05 19:02,2026-10-05 19:02,,,https://www.youtube.com/channel/UCiJq29tVXM2VBLYYuUVwuqA
UCl7xcDvEOy6ryjtCt9oXWeA,@ゆきち-popopipi,12,1年,Member (1 year),,不明,,,1,19,0,2026-10-05 19:02,2026-10-05 19:02,,,https://www.youtube.com/channel/UCl7xcDvEOy6ryjtCt9oXWeA
UCIdoQkVcTrCtFENbt0Ykgrg,@reiyashion,12,1年,Member (1 year),,不明,,,1,21,0,2026-10-05 19:02,2026-10-05 19:02,,,https://www.youtube.com/channel/UCIdoQkVcTrCtFENbt0Ykgrg
UC2tnCCmSovKtVzpsWhNoc_g,@がんたろす-r9l,12,1年,Member (1 year),,不明,,,1,1,0,2026-10-05 19:02,2026-10-05 19:02,,,https://www.youtube.com/channel/UC2tnCCmSovKtVzpsWhNoc_g
UCkN33v3G2NDQ-qHdORcShyg,@よよぎよぎ,12,1年,Member (1 year),,不明,,,1,1,0,2026-10-05 19:02,2026-10-05 19:02,,,https://www.youtube.com/channel/UCkN33v3G2NDQ-qHdORcShyg
UCdpAbkdYWvDjRLBKlrpLyMQ,@ハイラ-q7f,12,1年,Member (1 year),,不明,,,1,16,0,2026-10-05 19:02,2026-10-05 19:02,,,https://www.youtube.com/channel/UCdpAbkdYWvDjRLBKlrpLyMQ
UC_r0wKRqk4HWk6yr3AGj1Rg,@daknessnight,12,1年,Member (1 year),,不明,,,1,1,0,2026-10-05 19:02,2026-10-05 19:02,,,https://www.youtube.com/channel/UC_r0wKRqk4HWk6yr3AGj1Rg
UC5z7SQaW2bVl0SP3EzFHbzQ,@うゆーuyu,12,1年,Member (1 year),,不明,,,1,18,0,2026-10-05 19:02,2026-10-05 19:02,,,https://www.youtube.com/channel/UC5z7SQaW2bVl0SP3EzFHbzQ
UChx78KTzvZlaO1mTlyZW73A,@森のくまさん-y2k,12,1年,Member (1 year),,不明,,,1,6,0,2026-10-05 19:02,2026-10-05 19:02,,,https://www.youtube.com/channel/UChx78KTzvZlaO1mTlyZW73A
UC_TyMn6SlMmdUQD6_IQseNg,@はち-i6w,12,1年,Member (1 year),,不明,,,1,2,0,2026-10-05 19:02,2026-10-05 19:02,,,https://www.youtube.com/channel/UC_TyMn6SlMmdUQD6_IQseNg
UCUc_7NKUCGATNIe42b7618w,@ぴーす-m2k,12,1年,Member (1 year),,不明,,,1,4,0,2026-10-05 19:02,2026-10-05 19:02,,,https://www.youtube.com/channel/UCUc_7NKUCGATNIe42b7618w
UC01TgQ5hHqMPf05gkEOHJLg,@クール過ぎたポコ,12,1年,Member (1 year),,不明,,,1,4,0,2026-10-05 19:02,2026-10-05 19:02,,,https://www.youtube.com/channel/UC01TgQ5hHqMPf05gkEOHJLg
UC-JB12dS6xNfO04s8W0mY3Q,@シャーベット-z4s,12,1年,Member (1 year),,不明,,,1,1,0,2026-10-05 19:02,2026-10-05 19:02,,,https://www.youtube.com/channel/UC-JB12dS6xNfO04s8W0mY3Q
UCvrbFm_Fc1PjSDR76_C5_fg,@ごどんだんだん,12,1年,Member (1 year),,不明,,,1,6,0,2026-10-05 19:02,2026-10-05 19:02,,,https://www.youtube.com/channel/UCvrbFm_Fc1PjSDR76_C5_fg
UCxdTgbYNY69-6MPhJ0npPKQ,@二世-z8v,12,1年,Member (1 year),,不明,,,1,2,0,2026-10-05 19:02,2026-10-05 19:02,,,https://www.youtube.com/channel/UCxdTgbYNY69-6MPhJ0npPKQ
UCrnSVzNYq85HjZOBz-ynhPw,@mariannue,12,1年,Member (1 year),,不明,,,1,7,0,2026-10-05 19:02,2026-10-05 19:02,,,https://www.youtube.com/channel/UCrnSVzNYq85HjZOBz-ynhPw
UCbaswZ1YSA6G96MxpGrZafw,@つまり-y5v,12,1年,Member (1 year),,不明,,,1,6,0,2026-10-05 19:02,2026-10-05 19:02,,,https://www.youtube.com/channel/UCbaswZ1YSA6G96MxpGrZafw
UCr70ILbp4jOJVhxCGVAuQUg,@ほしみん-b2o,12,1年,Member (1 year),,不明,,,1,2,0,2026-10-05 19:02,2026-10-05 19:02,,,https://www.youtube.com/channel/UCr70ILbp4jOJVhxCGVAuQUg
UCdJ_1H23fZQnY4H5Uy5L6bw,@寝落ちの民-z6q,12,1年,Member (1 year),,不明,,,1,2,0,2026-10-05 19:02,2026-10-05 19:02,,,https://www.youtube.com/channel/UCdJ_1H23fZQnY4H5Uy5L6bw
UCLH8w78TiJQdbdc9iFNF2rw,@subaruhighf7451,12,1年,Member (1 year),,不明,,,1,1,0,2026-10-05 19:02,2026-10-05 19:02,,,https://www.youtube.com/channel/UCLH8w78TiJQdbdc9iFNF2rw
UCkpP0IHhRSEf-qvChXDZVQQ,@月夜-q3h,12,1年,Member (1 year),,不明,,,1,1,0,2026-10-05 19:02,2026-10-05 19:02,,,https://www.youtube.com/channel/UCkpP0IHhRSEf-qvChXDZVQQ
UCsCJOelFAIS_sJUHC9oDS2w,@es五代悠,12,1年,Member (1 year),,不明,,,1,142,1,2026-10-05 19:02,2026-10-05 19:02,,,https://www.youtube.com/channel/UCsCJOelFAIS_sJUHC9oDS2w
UCsXRq16I_sV-bVLiPWEDmiw,@おくら-x9l,12,1年,Member (1 year),,不明,,,1,20,0,2026-10-05 19:02,2026-10-05 19:02,,,https://www.youtube.com/channel/UCsXRq16I_sV-bVLiPWEDmiw
UCbdVhf3BAMkvJIV6LzplXfw,@多田羅端子,12,1年,Member (1 year),,不明,,,1,1,0,2026-10-05 19:02,2026-10-05 19:02,,,https://www.youtube.com/channel/UCbdVhf3BAMkvJIV6LzplXfw
UChTogpkQ4iyhgMP9-AVcQ4A,@ミクロミッツ,12,1年,Member (1 year),,不明,,,1,1,0,2026-10-05 19:02,2026-10-05 19:02,,,https://www.youtube.com/channel/UChTogpkQ4iyhgMP9-AVcQ4A
UCQXNps-48JBejPwnKc-_Hrw,@未来から来た執事だべさ,12,1年,Member (1 year),15,星くずたち,マイルストーン,,1,12,0,2026-10-05 19:02,2026-10-05 19:02,,,https://www.youtube.com/channel/UCQXNps-48JBejPwnKc-_Hrw
UCzBDacdIQ2obO852lV3S-3A,@오동좌-p4b,12,1年,Member (1 year),,不明,,,1,2,0,2026-10-05 19:02,2026-10-05 19:02,,,https://www.youtube.com/channel/UCzBDacdIQ2obO852lV3S-3A
UCIwVZyrBWr_4KDkqDwej75g,@クウユチ-w3q,12,1年,Member (1 year),,不明,,,1,5,0,2026-10-05 19:02,2026-10-05 19:02,,,https://www.youtube.com/channel/UCIwVZyrBWr_4KDkqDwej75g
UCvaU-KeUyIIvxFnic_1gHCQ,@いいちこ-w4j,12,1年,Member (1 year),,不明,,,1,2,0,2026-10-05 19:02,2026-10-05 19:02,,,https://www.youtube.com/channel/UCvaU-KeUyIIvxFnic_1gHCQ
UC8xP6-LACDMIjAgy02lVQ_Q,@魔神納豆,12,1年,Member (1 year),,不明,,,1,2,0,2026-10-05 19:02,2026-10-05 19:02,,,https://www.youtube.com/channel/UC8xP6-LACDMIjAgy02lVQ_Q
UCxi962rCcndBk_fLad8E7_Q,@くら_kura-r-i-n,12,1年,Member (1 year),,不明,,,1,2,0,2026-10-05 19:02,2026-10-05 19:02,,,https://www.youtube.com/channel/UCxi962rCcndBk_fLad8E7_Q
UCxmG07eunZUfUzlfI7WakKw,@かかお-c6p,12,1年,Member (1 year),,不明,,,1,5,0,2026-10-05 19:02,2026-10-05 19:02,,,https://www.youtube.com/channel/UCxmG07eunZUfUzlfI7WakKw
UCP8GbnvEflqkLTob9pqIbRg,@カワノ_0504,12,1年,Member (1 year),,不明,,,1,22,0,2026-10-05 19:02,2026-10-05 19:02,,,https://www.youtube.com/channel/UCP8GbnvEflqkLTob9pqIbRg
UCC5sm0Ik94qysfoBD6fPfXg,@see睇,12,1年,Member (1 year),,不明,,,1,3,0,2026-10-05 19:02,2026-10-05 19:02,,,https://www.youtube.com/channel/UCC5sm0Ik94qysfoBD6fPfXg
UCKgh-ZEcWfP-75k-P0-Assw,@サウス-i3u,12,1年,Member (1 year),,不明,,,1,1,0,2026-10-05 19:02,2026-10-05 19:02,,,https://www.youtube.com/channel/UCKgh-ZEcWfP-75k-P0-Assw
UC9HTUDgW2TUzTcxJZHXV5bg,@ウェンディ-p8b,12,1年,Member (1 year),,不明,,,1,1,0,2026-10-05 19:02,2026-10-05 19:02,,,https://www.youtube.com/channel/UC9HTUDgW2TUzTcxJZHXV5bg
UC3igYkzcHBzEZr-4O_jubUA,@クーガーおじさん-q8v,12,1年,Member (1 year),,不明,,,1,1,0,2026-10-05 19:02,2026-10-05 19:02,,,https://www.youtube.com/channel/UC3igYkzcHBzEZr-4O_jubUA
UCWsQVsTgDnPQ_iwz0cLkcJA,@鶴瓶貴子,12,1年,Member (1 year),,不明,,,1,3,0,2026-10-05 19:02,2026-10-05 19:02,,,https://www.youtube.com/channel/UCWsQVsTgDnPQ_iwz0cLkcJA
UCfD2VEHINzHSfHxRiZJ1LBg,@radicalBros555,12,1年,Member (1 year),,不明,,,1,3,0,2026-10-05 19:02,2026-10-05 19:02,,,https://www.youtube.com/channel/UCfD2VEHINzHSfHxRiZJ1LBg
UC8FpR4q2fcNPznExrwSCBNA,@ハルカカナタマークツー,12,1年,Member (1 year),18,星くずたち,マイルストーン,,1,7,1,2026-10-05 19:02,2026-10-05 19:02,,,https://www.youtube.com/channel/UC8FpR4q2fcNPznExrwSCBNA
UCZuFwLO0-3SHQ9Chg0bIE9g,@IhayaO,12,1年,Member (1 year),,不明,,,1,2,0,2026-10-05 19:02,2026-10-05 19:02,,,https://www.youtube.com/channel/UCZuFwLO0-3SHQ9Chg0bIE9g
UCn6e2RLU3YljEmHvrBUdQAQ,@ミツキ-r7x,12,1年,Member (1 year),,不明,,,1,6,0,2026-10-05 19:02,2026-10-05 19:02,,,https://www.youtube.com/channel/UCn6e2RLU3YljEmHvrBUdQAQ
UC1AnXHS-pEpVBqygrOd8N0w,@カナデ-u4n,12,1年,Member (1 year),,不明,,,1,1,0,2026-10-05 19:02,2026-10-05 19:02,,,https://www.youtube.com/channel/UC1AnXHS-pEpVBqygrOd8N0w
UCXxhYi_iKNnpdUExfEioYnA,@katsuo326,12,1年,Member (1 year),,不明,,,1,15,0,2026-10-05 19:02,2026-10-05 19:02,,,https://www.youtube.com/channel/UCXxhYi_iKNnpdUExfEioYnA
UCCeD2dagBuAJoKuLxb-QccA,@きりん-l6c,12,1年,Member (1 year),,不明,,,1,14,0,2026-10-05 19:02,2026-10-05 19:02,,,https://www.youtube.com/channel/UCCeD2dagBuAJoKuLxb-QccA
UCFxBebjdxcxdy2nhNKM4WxQ,@アカツキ-u6k,12,1年,Member (1 year),,不明,,,1,5,0,2026-10-05 19:02,2026-10-05 19:02,,,https://www.youtube.com/channel/UCFxBebjdxcxdy2nhNKM4WxQ
UCoJyMjdcomujGE9gH6Dy1-A,@sakkon8870,12,1年,Member (1 year),,不明,,,1,3,0,2026-10-05 19:02,2026-10-05 19:02,,,https://www.youtube.com/channel/UCoJyMjdcomujGE9gH6Dy1-A
UC4rbqzBre8vAqhVL62gc6yQ,@かわかみ-h5k,12,1年,Member (1 year),,不明,,,1,1,0,2026-10-05 19:02,2026-10-05 19:02,,,https://www.youtube.com/channel/UC4rbqzBre8vAqhVL62gc6yQ
UCfEqTXMfeEwQynEil44CsIA,@井坂ひろなり,12,1年,Member (1 year),,不明,,,1,1,0,2026-10-05 19:02,2026-10-05 19:02,,,https://www.youtube.com/channel/UCfEqTXMfeEwQynEil44CsIA
UCoV6Khmt5AH-ECSwsQVifOg,@結紙,12,1年,Member (1 year),,不明,,,1,1,0,2026-10-05 19:02,2026-10-05 19:02,,,https://www.youtube.com/channel/UCoV6Khmt5AH-ECSwsQVifOg
UC5zTck6F3hQ3VTLmRZbS0XA,@azat9034,12,1年,Member (1 year),,不明,,,1,1,0,2026-10-05 19:02,2026-10-05 19:02,,,https://www.youtube.com/channel/UC5zTck6F3hQ3VTLmRZbS0XA
UCKetwOAJphPGZB0hIh_ySnQ,@GURENRAGN,12,1年,Member (1 year),,不明,,,1,5,0,2026-10-05 19:02,2026-10-05 19:02,,,https://www.youtube.com/channel/UCKetwOAJphPGZB0hIh_ySnQ
UC5Urq9T5aLKa87UQ8b7YyAQ,@マナティ-b7s,12,1年,Member (1 year),,不明,,,1,1,0,2026-10-05 19:02,2026-10-05 19:02,,,https://www.youtube.com/channel/UC5Urq9T5aLKa87UQ8b7YyAQ
UCyBtEZaqf8IFvWgO0mnAktg,@diopan4775,12,1年,Member (1 year),,不明,,,1,3,0,2026-10-05 19:02,2026-10-05 19:02,,,https://www.youtube.com/channel/UCyBtEZaqf8IFvWgO0mnAktg
UC7cGthUuoxqVAkmPEGYhXRw,@prisma0720,12,1年,Member (1 year),,不明,,,1,1,0,2026-10-05 19:02,2026-10-05 19:02,,,https://www.youtube.com/channel/UC7cGthUuoxqVAkmPEGYhXRw
UCK5eZXXpp73udE7XlfvAihg,@KE5ケーゴ,12,1年,Member (1 year),,不明,,,1,1,0,2026-10-05 19:02,2026-10-05 19:02,,,https://www.youtube.com/channel/UCK5eZXXpp73udE7XlfvAihg
UC8hkQSRBdtaNP-sYHX6gwMg,@のうりー,12,1年,Member (1 year),18,星くずたち,マイルストーン,,1,3,1,2026-10-05 19:02,2026-10-05 19:02,,,https://www.youtube.com/channel/UC8hkQSRBdtaNP-sYHX6gwMg
UC-6Q8hr29QxSWAuRTZAe5TQ,@レンレン-x8c,12,1年,Member (1 year),,不明,,,1,1,0,2026-10-05 19:02,2026-10-05 19:02,,,https://www.youtube.com/channel/UC-6Q8hr29QxSWAuRTZAe5TQ
UCnpF6oqeJXpTqUsqtKfI7sA,@麻婆パスタ,12,1年,Member (1 year),,不明,,,1,1,0,2026-10-05 19:02,2026-10-05 19:02,,,https://www.youtube.com/channel/UCnpF6oqeJXpTqUsqtKfI7sA
UCdvwGCVog4qFfYpstp-cLrw,@とりた,12,1年,Member (1 year),,星くずたち,再加入/レベル変更,,1,1,0,2026-10-05 19:02,2026-10-05 19:02,,,https://www.youtube.com/channel/UCdvwGCVog4qFfYpstp-cLrw
UCvjTnxC1SGkkroYqdNXjvSQ,@サカカ閣下,12,1年,Member (1 year),,不明,,,1,6,0,2026-10-05 19:02,2026-10-05 19:02,,,https://www.youtube.com/channel/UCvjTnxC1SGkkroYqdNXjvSQ
UCnkJMNECqVpEr9WaOMNmZjg,@yukimaayutuki5343,12,1年,Member (1 year),,不明,,,1,1,0,2026-10-05 19:02,2026-10-05 19:02,,,https://www.youtube.com/channel/UCnkJMNECqVpEr9WaOMNmZjg
UCIUAil437h-8Rn86GoRnYAw,@中哉なかや,12,1年,Member (1 year),,不明,,,1,2,0,2026-10-05 19:02,2026-10-05 19:02,,,https://www.youtube.com/channel/UCIUAil437h-8Rn86GoRnYAw
UCdbQ_10_fqGfYGeKUoCumIQ,@ドラゴン-x8u,12,1年,Member (1 year),,不明,,,1,2,0,2026-10-05 19:02,2026-10-05 19:02,,,https://www.youtube.com/channel/UCdbQ_10_fqGfYGeKUoCumIQ
UC5AAonCgj6pFD9IQPm-A4xg,@ゆきかぜ-x4u,12,1年,Member (1 year),,不明,,,1,1,0,2026-10-05 19:02,2026-10-05 19:02,,,https://www.youtube.com/channel/UC5AAonCgj6pFD9IQPm-A4xg
UCZSuSB0DzEeFEgOKoKCQnNw,@mosaichive4814,12,1年,Member (1 year),,不明,,,1,1,0,2026-10-05 19:02,2026-10-05 19:02,,,https://www.youtube.com/channel/UCZSuSB0DzEeFEgOKoKCQnNw
UChB_ICVw374lXjHIbdKptGw,@あひるの大空,12,1年,Member (1 year),,不明,,,1,3,0,2026-10-05 19:02,2026-10-05 19:02,,,https://www.youtube.com/channel/UChB_ICVw374lXjHIbdKptGw
UCSGwpb8XgOwPOyCk3aiG6qA,@mryk-hotsun,12,1年,Member (1 year),,不明,,,1,1,1,2026-10-05 19:02,2026-10-05 19:02,,,https://www.youtube.com/channel/UCSGwpb8XgOwPOyCk3aiG6qA
UCsgZ3JiaFAyph7Nq9-MndKA,@white_album214,12,1年,Member (1 year),,不明,,,1,2,0,2026-10-05 19:02,2026-10-05 19:02,,,https://www.youtube.com/channel/UCsgZ3JiaFAyph7Nq9-MndKA
UChjSyEDpbnJTr3lhZxL9DPA,@sakumin9757,12,1年,Member (1 year),,不明,,,1,1,0,2026-10-05 19:02,2026-10-05 19:02,,,https://www.youtube.com/channel/UChjSyEDpbnJTr3lhZxL9DPA
UCtLi_kSDSGzCikQ5vCnxw6g,@酒飲んで,12,1年,Member (1 year),,不明,,,1,1,0,2026-10-05 19:02,2026-10-05 19:02,,,https://www.youtube.com/channel/UCtLi_kSDSGzCikQ5vCnxw6g
UCEh1nSFqpagx-OP-W58X6Dw,@kiloria7772,12,1年,Member (1 year),,不明,,,1,1,0,2026-10-05 19:02,2026-10-05 19:02,,,https://www.youtube.com/channel/UCEh1nSFqpagx-OP-W58X6Dw
UC4O51SaurmtB9Cgr07FBPUw,@Tomacheese0v0,12,1年,Member (1 year),,不明,,,1,1,0,2026-10-05 19:02,2026-10-05 19:02,,,https://www.youtube.com/channel/UC4O51SaurmtB9Cgr07FBPUw
UC9AmnHIZeziugRHPbkPHxDg,@佐々木訊,12,1年,Member (1 year),,不明,,,1,1,0,2026-10-05 19:02,2026-10-05 19:02,,,https://www.youtube.com/channel/UC9AmnHIZeziugRHPbkPHxDg
UCq0EBQ7przhMEwQPQoRQEwg,@紅陽hokuto,12,1年,Member (1 year),,不明,,,1,7,1,2026-10-05 19:02,2026-10-05 19:02,,,https://www.youtube.com/channel/UCq0EBQ7przhMEwQPQoRQEwg
UCWJvE9_6pp0Zu7wPdqBhJug,@No44101,12,1年,Member (1 year),16,星くずたち,マイルストーン,,1,0,0,2026-10-05 19:02,2026-10-05 19:02,,,https://www.youtube.com/channel/UCWJvE9_6pp0Zu7wPdqBhJug
UCOVY1FxF9cLWzgnxT036jPQ,@巫女萃香,12,1年,Member (1 year),,不明,,,1,1,0,2026-10-06 21:00,2026-10-06 21:00,,,https://www.youtube.com/channel/UCOVY1FxF9cLWzgnxT036jPQ
UCTWG8r9u-2hNwE2vZD2OChA,@uniiie_mm,12,1年,Member (1 year),,不明,,,1,1,0,2026-10-06 21:00,2026-10-06 21:00,,,https://www.youtube.com/channel/UCTWG8r9u-2hNwE2vZD2OChA
UCvLE5co4n2n4PzRThjtrWSw,@ニードル君,12,1年,Member (1 year),,不明,,,1,5,0,2026-10-06 21:00,2026-10-06 21:00,,,https://www.youtube.com/channel/UCvLE5co4n2n4PzRThjtrWSw
UCnQy6bm-6gVWZRlEDehAuhw,@雑魚A-d8q,12,1年,Member (1 year),,不明,,,1,1,0,2026-10-06 21:00,2026-10-06 21:00,,,https://www.youtube.com/channel/UCnQy6bm-6gVWZRlEDehAuhw
UCzlq9FwSV5XMJeHzW6hi4fg,@だるま白,12,1年,Member (1 year),,不明,,,1,2,0,2026-10-06 21:00,2026-10-06 21:00,,,https://www.youtube.com/channel/UCzlq9FwSV5XMJeHzW6hi4fg
UCZ_zwWo7W0fWd_5tS40GMDQ,@ミズキア,12,1年,Member (1 year),,不明,,,1,9,0,2026-10-06 21:00,2026-10-06 21:00,,,https://www.youtube.com/channel/UCZ_zwWo7W0fWd_5tS40GMDQ
UCkaZcfMqBMPStjIV1L62ILg,@アヤ-s9z,12,1年,Member (1 year),,不明,,,1,1,0,2026-10-06 21:00,2026-10-06 21:00,,,https://www.youtube.com/channel/UCkaZcfMqBMPStjIV1L62ILg
UCbRlULGEx37SvJBXrDoCKSg,@来琥-らいこ,12,1年,Member (1 year),,不明,,,1,1,0,2026-10-06 21:00,2026-10-06 21:00,,,https://www.youtube.com/channel/UCbRlULGEx37SvJBXrDoCKSg
UCrwsu1HWjgG6K7-Id9Njv5Q,@猫尾鈴音_すずにゃ,12,1年,Member (1 year),,不明,,,1,1,0,2026-10-06 21:00,2026-10-06 21:00,,,https://www.youtube.com/channel/UCrwsu1HWjgG6K7-Id9Njv5Q
UCmGwDrOr2vKy783F2Df7Guw,@주5일의리버풀,12,1年,Member (1 year),,不明,,,1,1,0,2026-10-06 21:00,2026-10-06 21:00,,,https://www.youtube.com/channel/UCmGwDrOr2vKy783F2Df7Guw
UCJYUcosZAAP0-ZegZ7QQI7Q,@ベリアルブラック,12,1年,Member (1 year),,不明,,,1,1,0,2026-10-06 21:00,2026-10-06 21:00,,,https://www.youtube.com/channel/UCJYUcosZAAP0-ZegZ7QQI7Q
UCaRBpZmuyYq7x1wLprLL3Bw,@user-camelboy,12,1年,Member (1 year),,不明,,,1,1,0,2026-10-06 21:00,2026-10-06 21:00,,,https://www.youtube.com/channel/UCaRBpZmuyYq7x1wLprLL3Bw
UClQ9a1ju-LNserMv6P4KpuQ,@ジャバウォック1,12,1年,Member (1 year),,不明,,,1,1,1,2026-10-06 21:00,2026-10-06 21:00,,,https://www.youtube.com/channel/UClQ9a1ju-LNserMv6P4KpuQ
UC2x94iehhgIybaWkiuOVWBg,@Sk_2288,12,1年,Member (1 year),,不明,,,1,1,0,2026-10-06 21:00,2026-10-06 21:00,,,https://www.youtube.com/channel/UC2x94iehhgIybaWkiuOVWBg
UCFuJ-E7KlM1ftkUQNSgub5Q,@鬼ぃちゃん-e2p,12,1年,Member (1 year),,不明,,,1,1,0,2026-10-10 12:03,2026-10-10 12:03,,,https://www.youtube.com/channel/UCFuJ-E7KlM1ftkUQNSgub5Q
UCzX8_rav0Le3hm_ZRkUTiiQ,@ふゆほたる-g6b,12,1年,Member (1 year),,不明,,,1,1,0,2026-10-10 12:03,2026-10-10 12:03,,,https://www.youtube.com/channel/UCzX8_rav0Le3hm_ZRkUTiiQ
UCoHInEP-Hpbhu3ab78M15bQ,@うき-o6t,12,1年,Member (1 year),,不明,,,1,4,0,2026-10-10 12:03,2026-10-10 12:03,,,https://www.youtube.com/channel/UCoHInEP-Hpbhu3ab78M15bQ
UCoH-cvdLwB9glL7kZD1MjNA,@彩poke,12,1年,Member (1 year),,不明,,,1,1,0,2026-10-10 12:03,2026-10-10 12:03,,,https://www.youtube.com/channel/UCoH-cvdLwB9glL7kZD1MjNA
UCpM1Pnsk8IpD6aahQCybSvQ,@seta130,12,1年,Member (1 year),,不明,,,1,1,0,2026-10-10 12:03,2026-10-10 12:03,,,https://www.youtube.com/channel/UCpM1Pnsk8IpD6aahQCybSvQ
UCvSWIofWYTZdW9JCjjUCaXA,@Luguentz,12,1年,Member (1 year),,不明,,,1,1,0,2026-10-10 12:03,2026-10-10 12:03,,,https://www.youtube.com/channel/UCvSWIofWYTZdW9JCjjUCaXA
UCY-qcWsH25oO9LZzJBSaK2A,@1231MaeD,12,1年,Member (1 year),,星くずたち,再加入/レベル変更,,1,0,0,2026-10-10 12:03,2026-10-10 12:03,,,https://www.youtube.com/channel/UCY-qcWsH25oO9LZzJBSaK2A
UCaUOr1sKwq1UlbrFfhDbyJQ,@みけさば,12,1年,Member (1 year),,不明,,,1,1,0,2026-10-10 22:03,2026-10-10 22:03,,,https://www.youtube.com/channel/UCaUOr1sKwq1UlbrFfhDbyJQ
UCWOqyOn-QRlmfZXhknKXj2w,@えいけい-u8s,12,1年,Member (1 year),,不明,,,1,1,0,2026-10-10 22:03,2026-10-10 22:03,,,https://www.youtube.com/channel/UCWOqyOn-QRlmfZXhknKXj2w
UCgA5-k3VUC00sykkztTlSkA,@むーむっちゃん,12,1年,Member (1 year),,不明,,,1,3,0,2026-10-10 22:03,2026-10-10 22:03,,,https://www.youtube.com/channel/UCgA5-k3VUC00sykkztTlSkA
UCeAWhwav7nb0-UYfvumOftA,@メガネカイマン_o-o,12,1年,Member (1 year),,不明,,,1,18,0,2026-10-10 22:03,2026-10-10 22:03,,,https://www.youtube.com/channel/UCeAWhwav7nb0-UYfvumOftA
UCNJucxKORtAkibv2g-mLlyw,@ニートの覇王ロロ,12,1年,Member (1 year),,不明,,,1,3,0,2026-10-10 22:03,2026-10-10 22:03,,,https://www.youtube.com/channel/UCNJucxKORtAkibv2g-mLlyw
UCJh-TYc8LcDX0Gt5BsXjFsg,@Caprice9814,12,1年,Member (1 year),,不明,,,1,13,0,2026-10-10 22:03,2026-10-10 22:03,,,https://www.youtube.com/channel/UCJh-TYc8LcDX0Gt5BsXjFsg
UCMPxbQLXb5W3UisHzpVwNvw,@kai99224,12,1年,Member (1 year),,不明,,,1,2,0,2026-10-10 22:03,2026-10-10 22:03,,,https://www.youtube.com/channel/UCMPxbQLXb5W3UisHzpVwNvw
UC6m1TcS9O0xXy8u930QW0bw,@nanahoshich.,12,1年,Member (1 year),,不明,,,1,75,0,2026-10-10 22:03,2026-10-10 22:03,,,https://www.youtube.com/channel/UC6m1TcS9O0xXy8u930QW0bw
UCEBE7HESAHMXJxwVs6h2Xww,@user_illness,12,1年,Member (1 year),,不明,,,1,1,0,2026-10-10 22:03,2026-10-10 22:03,,,https://www.youtube.com/channel/UCEBE7HESAHMXJxwVs6h2Xww
UCq6kk1KQc_i-yhO92r2OZUw,@ザイン-b1g,12,1年,Member (1 year),,不明,,,1,2,0,2026-10-10 22:03,2026-10-10 22:03,,,https://www.youtube.com/channel/UCq6kk1KQc_i-yhO92r2OZUw
UCuqvU_ZNhnJAOopnFnv5KDA,@レオン-f6i,12,1年,Member (1 year),,不明,,,1,1,0,2026-10-10 22:03,2026-10-10 22:03,,,https://www.youtube.com/channel/UCuqvU_ZNhnJAOopnFnv5KDA
UC-lDcgFtPcIZGusH13N1B0Q,@ぷろふ0,12,1年,Member (1 year),,不明,,,1,2,0,2026-10-10 22:03,2026-10-10 22:03,,,https://www.youtube.com/channel/UC-lDcgFtPcIZGusH13N1B0Q
UCwlxui8cn5i8FFbdNsdZl4w,@DRDR-King,12,1年,Member (1 year),,不明,,,1,4,0,2026-10-10 22:03,2026-10-10 22:03,,,https://www.youtube.com/channel/UCwlxui8cn5i8FFbdNsdZl4w
UC2pK8BspsXQAfDhkwfasKIg,@ひらめおう,12,1年,Member (1 year),,不明,,,1,1,0,2026-10-10 22:03,2026-10-10 22:03,,,https://www.youtube.com/channel/UC2pK8BspsXQAfDhkwfasKIg
UCB3reRWpOefqXwZJVd9pn5A,@TYch4n,12,1年,Member (1 year),,不明,,,1,1,0,2026-10-10 22:03,2026-10-10 22:03,,,https://www.youtube.com/channel/UCB3reRWpOefqXwZJVd9pn5A
UC7Gs1zYdQUfzG55dz4STNtw,@shiki6991,12,1年,Member (1 year),,不明,,,1,1,0,2026-10-10 22:03,2026-10-10 22:03,,,https://www.youtube.com/channel/UC7Gs1zYdQUfzG55dz4STNtw
UCtfe4SZGcrsrwYGmMOYoK2g,@冷静そうなスミト23104,6,6ヶ月,Member (6 months),,不明,,,22,2955,6,2026-09-12 14:02,2026-10-10 22:03,,,https://www.youtube.com/channel/UCtfe4SZGcrsrwYGmMOYoK2g
UCq86FAjjkJ5Oi7NA5bcxblg,@hieshow4415,6,6ヶ月,Member (6 months),,不明,,,21,1453,0,2026-09-12 14:02,2026-10-10 22:03,,,https://www.youtube.com/channel/UCq86FAjjkJ5Oi7NA5bcxblg
UCEPAzzyLQh2MF12rdSdw5eA,@カルピン_000,6,6ヶ月,Member (6 months),,不明,,,20,1122,0,2026-09-12 14:02,2026-10-10 22:03,,,https://www.youtube.com/channel/UCEPAzzyLQh2MF12rdSdw5eA
UCDniQ63sHTUeKkg_1eALFWw,@けいike,6,6ヶ月,Member (6 months),,不明,,,19,2391,0,2026-09-12 14:02,2026-10-10 22:03,,,https://www.youtube.com/channel/UCDniQ63sHTUeKkg_1eALFWw
UCrNsGXq2bPfPVBUev25C6Wg,@山田タロー-g6b1y,6,6ヶ月,Member (6 months),,不明,,,19,951,1,2026-09-12 14:02,2026-10-10 22:03,,,https://www.youtube.com/channel/UCrNsGXq2bPfPVBUev25C6Wg
UCOmpzjpBypNcC9gEMhe864g,@黒白BW,6,6ヶ月,Member (6 months),10,星くずたち,マイルストーン,,18,1425,1,2026-09-12 14:02,2026-10-10 22:03,,,https://www.youtube.com/channel/UCOmpzjpBypNcC9gEMhe864g
UC0DK6yBsqkPxCbFn_T8pPHQ,@アウルス,6,6ヶ月,Member (6 months),,不明,,,18,3518,9,2026-09-12 14:02,2026-10-10 22:03,,,https://www.youtube.com/channel/UC0DK6yBsqkPxCbFn_T8pPHQ
UCartI5UBOyD5tQtddiG3rag,@みつをフリーダム,6,6ヶ月,Member (6 months),,不明,,,18,76,0,2026-09-14 19:02,2026-10-10 12:03,,,https://www.youtube.com/channel/UCartI5UBOyD5tQtddiG3rag
UC2daS3T2nD6L2r88jgZOAlg,@みかん食え,6,6ヶ月,Member (6 months),,不明,,,17,382,0,2026-09-12 14:02,2026-10-10 22:03,,,https://www.youtube.com/channel/UC2daS3T2nD6L2r88jgZOAlg
UCgSQYjfq3yBh0IN16Fc6lVQ,@siwanna,6,6ヶ月,Member (6 months),,不明,,,15,641,0,2026-09-14 19:02,2026-10-10 22:03,,,https://www.youtube.com/channel/UCgSQYjfq3yBh0IN16Fc6lVQ
UC0n2NHGzjI9q2L43pPEOK6w,@High_Castle_kun,6,6ヶ月,Member (6 months),,不明,,,14,153,0,2026-09-12 14:02,2026-10-10 22:03,,,https://www.youtube.com/channel/UC0n2NHGzjI9q2L43pPEOK6w
UCwwMsrm7sqZejDIXeujL7CA,@あきぞら-b7f,6,6ヶ月,Member (6 months),,不明,,,14,215,0,2026-09-12 22:01,2026-10-10 22:03,,,https://www.youtube.com/channel/UCwwMsrm7sqZejDIXeujL7CA
UC8wCviiiKGrQyZAqlSbeDgQ,@yk9568,6,6ヶ月,Member (6 months),,不明,,,14,654,0,2026-09-12 22:01,2026-10-10 22:03,,,https://www.youtube.com/channel/UC8wCviiiKGrQyZAqlSbeDgQ
UCk3bcTYdKu-MGJRbN7R9nug,@Fions-leaf,6,6ヶ月,Member (6 months),,不明,,,13,884,1,2026-09-12 14:02,2026-10-10 12:03,,,https://www.youtube.com/channel/UCk3bcTYdKu-MGJRbN7R9nug
UC6jGjAcyQOc-v8g8cf2UE-A,@わん-s9j,6,6ヶ月,Member (6 months),,不明,,,13,244,0,2026-09-12 22:01,2026-10-10 22:03,,,https://www.youtube.com/channel/UC6jGjAcyQOc-v8g8cf2UE-A
UCoKxSd0o3hu2IIUH3DQpqxQ,@T氏607,6,6ヶ月,Member (6 months),,不明,,,12,173,0,2026-09-12 14:02,2026-10-10 12:03,,,https://www.youtube.com/channel/UCoKxSd0o3hu2IIUH3DQpqxQ
UCiE2-wIJUa03W-qkrzxzWIw,@アリアンデル-g2n,6,6ヶ月,Member (6 months),,不明,,,12,121,0,2026-09-12 22:01,2026-10-10 12:03,,,https://www.youtube.com/channel/UCiE2-wIJUa03W-qkrzxzWIw
UCrCN_OC03AcLMZJs0bd2_Kw,@たつにい221,6,6ヶ月,Member (6 months),,不明,,,11,43,0,2026-09-12 14:02,2026-10-10 22:03,,,https://www.youtube.com/channel/UCrCN_OC03AcLMZJs0bd2_Kw
UCGeeYW1_cHVmsQLv7n16hEQ,@ジークフルード,6,6ヶ月,Member (6 months),,不明,,,11,787,0,2026-09-12 14:02,2026-10-10 12:03,,,https://www.youtube.com/channel/UCGeeYW1_cHVmsQLv7n16hEQ
UCH5mKzOyzZN-r9yDrVrRzbg,@ねぎま709号,6,6ヶ月,Member (6 months),8,星くずたち,マイルストーン,,11,266,0,2026-09-12 14:02,2026-10-06 21:00,,,https://www.youtube.com/channel/UCH5mKzOyzZN-r9yDrVrRzbg
UCfrR7g6Y86ogCs-3EkxbBKQ,@にんすけ98,6,6ヶ月,Member (6 months),,不明,,,11,22,0,2026-09-14 19:02,2026-10-10 12:03,,,https://www.youtube.com/channel/UCfrR7g6Y86ogCs-3EkxbBKQ
UCQ2fi40R6HId5SEvXkO7Hrg,@Kalcohol,6,6ヶ月,Member (6 months),,不明,,,11,498,1,2026-09-19 12:02,2026-10-10 22:03,,,https://www.youtube.com/channel/UCQ2fi40R6HId5SEvXkO7Hrg
UCWnQmKV_bEDElxQhLWRmPTQ,@rubeus3690_ルベウス,6,6ヶ月,Member (6 months),9,星くずたち,マイルストーン,,10,204,1,2026-09-12 14:02,2026-10-10 12:03,,,https://www.youtube.com/channel/UCWnQmKV_bEDElxQhLWRmPTQ
UCVEND1yUW9cEYHqiZKaE3bA,@やまだ-s7v,6,6ヶ月,Member (6 months),,不明,,,10,1674,7,2026-09-12 14:02,2026-10-06 21:00,,,https://www.youtube.com/channel/UCVEND1yUW9cEYHqiZKaE3bA
UCMQeyMUiqCsD0cDpicX1hNQ,@キツめん,6,6ヶ月,Member (6 months),,不明,,,10,61,0,2026-09-12 14:02,2026-10-10 12:03,,,https://www.youtube.com/channel/UCMQeyMUiqCsD0cDpicX1hNQ
UCdrpNdjItT27SWbbE2YLIuw,@R.M-d7s,6,6ヶ月,Member (6 months),11,星くずたち,マイルストーン,,10,156,2,2026-09-12 14:02,2026-10-10 12:03,,,https://www.youtube.com/channel/UCdrpNdjItT27SWbbE2YLIuw
UCIyzu450cTPlzNhOiGLFcJQ,@徐-源成,6,6ヶ月,Member (6 months),,不明,,,10,11,0,2026-09-12 14:02,2026-10-10 22:03,,,https://www.youtube.com/channel/UCIyzu450cTPlzNhOiGLFcJQ
UCWm5ZnEc80WQsr0EP37NyYw,@木下-v3j,6,6ヶ月,Member (6 months),,不明,,,10,27,0,2026-09-12 14:02,2026-10-10 12:03,,,https://www.youtube.com/channel/UCWm5ZnEc80WQsr0EP37NyYw
UCe5hwYnXEjRigz5QzRgNWSw,@まるお某,6,6ヶ月,Member (6 months),,不明,,,10,221,3,2026-09-12 22:01,2026-10-10 22:03,,,https://www.youtube.com/channel/UCe5hwYnXEjRigz5QzRgNWSw
UCBm02cxcf3QOgnJ45Q4ZIlw,@zwidowe,6,6ヶ月,Member (6 months),,不明,,,10,323,0,2026-09-12 22:01,2026-10-10 12:03,,,https://www.youtube.com/channel/UCBm02cxcf3QOgnJ45Q4ZIlw
UC-iSpBI_a8_LMaxFECLdBww,@ドルクック,6,6ヶ月,Member (6 months),,不明,,,10,73,0,2026-09-12 22:01,2026-10-10 22:03,,,https://www.youtube.com/channel/UC-iSpBI_a8_LMaxFECLdBww
UCvviAcewZJ8Ko2Wifg4W7AQ,@kumakuma225,6,6ヶ月,Member (6 months),,不明,,,10,204,0,2026-09-14 19:02,2026-10-10 12:03,,,https://www.youtube.com/channel/UCvviAcewZJ8Ko2Wifg4W7AQ
UC6escfDYi4P25_aO3Rzcv_A,@コウ-m2k,6,6ヶ月,Member (6 months),,不明,,,10,232,0,2026-09-19 12:02,2026-10-10 22:03,,,https://www.youtube.com/channel/UC6escfDYi4P25_aO3Rzcv_A
UC46HIbumbGDo5bpQmBbJp6g,@Juju-eb4rv,6,6ヶ月,Member (6 months),,不明,,,9,65,0,2026-09-12 14:02,2026-10-10 22:03,,,https://www.youtube.com/channel/UC46HIbumbGDo5bpQmBbJp6g
UCCvYFHh7foFIHMl9h77ReRg,@Langes376,6,6ヶ月,Member (6 months),,不明,,,9,14,0,2026-09-12 14:02,2026-10-10 12:03,,,https://www.youtube.com/channel/UCCvYFHh7foFIHMl9h77ReRg
UC28d7AqGrAd-KDHcQvaIsEg,@さゆりSan,6,6ヶ月,Member (6 months),,不明,,,9,205,0,2026-09-12 14:02,2026-10-10 22:03,,,https://www.youtube.com/channel/UC28d7AqGrAd-KDHcQvaIsEg
UCJP18nOseD5eoHUHAESJZhA,@tabibito872,6,6ヶ月,Member (6 months),,不明,,,9,70,0,2026-09-12 14:02,2026-10-02 20:01,,,https://www.youtube.com/channel/UCJP18nOseD5eoHUHAESJZhA
UCBeFuFMfpEMKr1j0Ccgippw,@BabyEarth_ch,6,6ヶ月,Member (6 months),7,星くずたち,マイルストーン,,9,484,0,2026-09-14 19:02,2026-10-10 12:03,,,https://www.youtube.com/channel/UCBeFuFMfpEMKr1j0Ccgippw
UC3lj63hLWqMc0O0LBjrritA,@ヴァナナ-u7n,6,6ヶ月,Member (6 months),,不明,,,9,19,0,2026-09-14 19:02,2026-10-10 12:03,,,https://www.youtube.com/channel/UC3lj63hLWqMc0O0LBjrritA
UCnchO1bPoqCEHL24kgxoqaw,@yosi丸5853,6,6ヶ月,Member (6 months),,不明,,,8,540,5,2026-09-12 14:02,2026-10-05 19:02,,,https://www.youtube.com/channel/UCnchO1bPoqCEHL24kgxoqaw
UCAfK0_2bb0bFdDPVsoE0bQw,@SEIREIriderINOSS,6,6ヶ月,Member (6 months),,不明,,,8,1400,2,2026-09-12 22:01,2026-10-10 22:03,,,https://www.youtube.com/channel/UCAfK0_2bb0bFdDPVsoE0bQw
UC08xdeAD3GWJuPiHYBhJP3w,@laphyna,6,6ヶ月,Member (6 months),,不明,,,8,216,0,2026-09-12 22:01,2026-10-10 22:03,,,https://www.youtube.com/channel/UC08xdeAD3GWJuPiHYBhJP3w
UCcMlit_O85bJQHqdcdGEi_Q,@次元裂,6,6ヶ月,Member (6 months),,不明,,,8,112,0,2026-09-12 22:01,2026-10-10 22:03,,,https://www.youtube.com/channel/UCcMlit_O85bJQHqdcdGEi_Q
UC3E2anSzxDNN0JnimCacNkA,@KouAstraey,6,6ヶ月,Member (6 months),,不明,,,8,67,0,2026-09-12 22:01,2026-10-10 22:03,,,https://www.youtube.com/channel/UC3E2anSzxDNN0JnimCacNkA
UCh3YFWP7XTuPyfjjvo3-ylQ,@さるは,6,6ヶ月,Member (6 months),,不明,,,8,67,0,2026-09-12 22:01,2026-10-10 22:03,,,https://www.youtube.com/channel/UCh3YFWP7XTuPyfjjvo3-ylQ
UCLxWtNXi8u6TOsIUuvd7mAw,@hp6jsa,6,6ヶ月,Member (6 months),,不明,,,8,44,0,2026-09-14 19:02,2026-10-06 21:00,,,https://www.youtube.com/channel/UCLxWtNXi8u6TOsIUuvd7mAw
UC1NGlre4Sq9pATT9ss7VAQg,@冴曇-w4g,6,6ヶ月,Member (6 months),,不明,,,8,607,0,2026-09-14 19:02,2026-10-06 21:00,,,https://www.youtube.com/channel/UC1NGlre4Sq9pATT9ss7VAQg
UCniVCnjtiEo0bjqhaj62log,@yuyu_0317,6,6ヶ月,Member (6 months),,不明,,,8,33,0,2026-09-16 14:33,2026-10-06 21:00,,,https://www.youtube.com/channel/UCniVCnjtiEo0bjqhaj62log
UCKyBZ0wCOzxfe4RZE2KtB8g,@PeR-zzz,6,6ヶ月,Member (6 months),,不明,,,7,40,0,2026-09-12 14:02,2026-10-06 21:00,,,https://www.youtube.com/channel/UCKyBZ0wCOzxfe4RZE2KtB8g
UC4TdISgWR8yTBvnGZasZuXw,@SurfingTurtle66,6,6ヶ月,Member (6 months),,不明,,,7,369,0,2026-09-12 22:01,2026-10-10 22:03,,,https://www.youtube.com/channel/UC4TdISgWR8yTBvnGZasZuXw
UC8trtrORgTVzRhgQWHxucEw,@くろすはーと,6,6ヶ月,Member (6 months),,不明,,,7,517,0,2026-09-12 22:01,2026-10-10 22:03,,,https://www.youtube.com/channel/UC8trtrORgTVzRhgQWHxucEw
UCtSQTlY6Fg62yzGIEnlSP7g,@テッサロッサ,6,6ヶ月,Member (6 months),,不明,,,7,84,0,2026-09-12 22:01,2026-10-10 22:03,,,https://www.youtube.com/channel/UCtSQTlY6Fg62yzGIEnlSP7g
UCK4qRCH4ULC4H71AgujPNmQ,@hiyokoya,6,6ヶ月,Member (6 months),,不明,,,7,173,0,2026-09-12 22:01,2026-10-06 21:00,,,https://www.youtube.com/channel/UCK4qRCH4ULC4H71AgujPNmQ
UCB1Ghd-g1qordL1A3e-XXxw,@とるくん-g4x,6,6ヶ月,Member (6 months),,不明,,,7,90,0,2026-09-12 22:01,2026-10-10 22:03,,,https://www.youtube.com/channel/UCB1Ghd-g1qordL1A3e-XXxw
UCYyJGCmu2vuveCoy7SxQ6bA,@沙門しゃもん,6,6ヶ月,Member (6 months),,不明,,,7,24,0,2026-09-14 19:02,2026-10-06 21:00,,,https://www.youtube.com/channel/UCYyJGCmu2vuveCoy7SxQ6bA
UCMBod15o4jEMbIK1oDU-fdg,@ジャック-d4h,6,6ヶ月,Member (6 months),,不明,,,6,252,0,2026-09-12 22:01,2026-10-10 22:03,,,https://www.youtube.com/channel/UCMBod15o4jEMbIK1oDU-fdg
UCsm8ejYYj7SgYjRL22MNl-g,@琥珀JA,6,6ヶ月,Member (6 months),,不明,,,6,99,4,2026-09-12 22:01,2026-10-06 21:00,,,https://www.youtube.com/channel/UCsm8ejYYj7SgYjRL22MNl-g
UCG5MowefqBdDf6j_Ve2_R7Q,@エルプサイコンガリィ,6,6ヶ月,Member (6 months),,不明,,,6,92,1,2026-09-12 22:01,2026-10-05 19:02,,,https://www.youtube.com/channel/UCG5MowefqBdDf6j_Ve2_R7Q
UCAtXROb7cGdN0G79WBcn2RQ,@クルクル-e7l,6,6ヶ月,Member (6 months),,不明,,,6,33,0,2026-09-12 22:01,2026-10-10 22:03,,,https://www.youtube.com/channel/UCAtXROb7cGdN0G79WBcn2RQ
UCnSywWJkGZ9l5JLl6uA4kiA,@ねおplus,6,6ヶ月,Member (6 months),,不明,,,6,331,0,2026-09-12 22:01,2026-10-10 22:03,,,https://www.youtube.com/channel/UCnSywWJkGZ9l5JLl6uA4kiA
UCHtziy5OA8t1DKhY5o16zLg,@N川-j3x,6,6ヶ月,Member (6 months),,不明,,,6,29,0,2026-09-12 22:01,2026-10-10 22:03,,,https://www.youtube.com/channel/UCHtziy5OA8t1DKhY5o16zLg
UC_kP5ca6zBLMTR1kp7Ng48A,@キョウ-x9p,6,6ヶ月,Member (6 months),,不明,,,6,233,3,2026-09-14 19:02,2026-10-10 12:03,,,https://www.youtube.com/channel/UC_kP5ca6zBLMTR1kp7Ng48A
UCGseNbHkS3pUcrStFzrC09w,@ともっちんぐ,6,6ヶ月,Member (6 months),,不明,,,6,14,0,2026-09-14 19:02,2026-10-06 21:00,,,https://www.youtube.com/channel/UCGseNbHkS3pUcrStFzrC09w
UC_TnLn61ANte_U1t24Gk-HA,@cosato4835,6,6ヶ月,Member (6 months),,不明,,,6,20,0,2026-09-14 19:02,2026-10-10 12:03,,,https://www.youtube.com/channel/UC_TnLn61ANte_U1t24Gk-HA
UCb5QXPPyxTwobORiZOaXc-A,@yp9472,6,6ヶ月,Member (6 months),,不明,,,6,161,5,2026-09-14 19:02,2026-10-10 12:03,,,https://www.youtube.com/channel/UCb5QXPPyxTwobORiZOaXc-A
UCtHNh4by8xrBeAil4O-BVyw,@ぼちぼっちステーション,6,6ヶ月,Member (6 months),,不明,,,6,77,0,2026-09-19 12:02,2026-10-03 22:01,,,https://www.youtube.com/channel/UCtHNh4by8xrBeAil4O-BVyw
UCCXTRqTNmO0nrLa06XIg8PA,@かんてんjelly,6,6ヶ月,Member (6 months),,不明,,,6,21,0,2026-09-19 12:02,2026-10-06 21:00,,,https://www.youtube.com/channel/UCCXTRqTNmO0nrLa06XIg8PA
UCXa4Z971IS0nEG6R_MIodaQ,@加藤マイク,6,6ヶ月,Member (6 months),,不明,,,6,785,0,2026-09-19 12:02,2026-10-10 12:03,,,https://www.youtube.com/channel/UCXa4Z971IS0nEG6R_MIodaQ
UCoX3EdH25_Usrq0lKHAWn_w,@みやま-h3x,6,6ヶ月,Member (6 months),,不明,,,6,55,0,2026-09-26 12:02,2026-10-10 22:03,,,https://www.youtube.com/channel/UCoX3EdH25_Usrq0lKHAWn_w
UCub0M2evmfgCGHh1c0stojQ,@イーストレンジ,6,6ヶ月,Member (6 months),,不明,,,6,59,0,2026-09-26 12:02,2026-10-10 12:03,,,https://www.youtube.com/channel/UCub0M2evmfgCGHh1c0stojQ
UCUZnvbp7LEjb_tqLvIKPLSg,@ただのもす,6,6ヶ月,Member (6 months),,不明,,,5,464,1,2026-09-12 14:02,2026-10-06 21:00,,,https://www.youtube.com/channel/UCUZnvbp7LEjb_tqLvIKPLSg
UCL7WAvl9WnmiSLEM7qsXcFA,@タツオタケダ,6,6ヶ月,Member (6 months),,不明,,,5,28,0,2026-09-12 14:02,2026-10-10 12:03,,,https://www.youtube.com/channel/UCL7WAvl9WnmiSLEM7qsXcFA
UCeHOOKahkp6-dxnuRWRBo2g,@白黒ミヤ,6,6ヶ月,Member (6 months),,不明,,,5,37,0,2026-09-12 14:02,2026-10-06 21:00,,,https://www.youtube.com/channel/UCeHOOKahkp6-dxnuRWRBo2g
UCJqH_ECJE04CD0ERdYrlpPw,@梨衣_りい,6,6ヶ月,Member (6 months),,不明,,,5,75,0,2026-09-12 14:02,2026-10-06 21:00,,,https://www.youtube.com/channel/UCJqH_ECJE04CD0ERdYrlpPw
UCejMXPu3gD_0Kwk_AuENbUQ,@村人A-t7i,6,6ヶ月,Member (6 months),,不明,,,5,14,0,2026-09-12 14:02,2026-10-06 21:00,,,https://www.youtube.com/channel/UCejMXPu3gD_0Kwk_AuENbUQ
UC6tRjwjjeb7jq4uoNfjZa2g,@悠-s9e,6,6ヶ月,Member (6 months),,不明,,,5,27,1,2026-09-12 14:02,2026-10-06 21:00,,,https://www.youtube.com/channel/UC6tRjwjjeb7jq4uoNfjZa2g
UCmJy6gIbuIyMyL4GsYMdK_A,@いろはにほへぇ,6,6ヶ月,Member (6 months),,不明,,,5,33,0,2026-09-12 22:01,2026-10-10 22:03,,,https://www.youtube.com/channel/UCmJy6gIbuIyMyL4GsYMdK_A
UCfwD1sbAR5G5FDN03zOU7QA,@楪しゃろ,6,6ヶ月,Member (6 months),,不明,,,5,392,0,2026-09-12 22:01,2026-10-10 22:03,,,https://www.youtube.com/channel/UCfwD1sbAR5G5FDN03zOU7QA
UCvlG0l8bPvHDQfycZoDtryw,@九柳くりゅう,6,6ヶ月,Member (6 months),,不明,,,5,18,0,2026-09-12 22:01,2026-10-06 21:00,,,https://www.youtube.com/channel/UCvlG0l8bPvHDQfycZoDtryw
UCG-4M5sSC_ELTzYwXpHIxtg,@oOシテマス,6,6ヶ月,Member (6 months),,不明,,,5,483,3,2026-09-14 19:02,2026-10-06 21:00,,,https://www.youtube.com/channel/UCG-4M5sSC_ELTzYwXpHIxtg
UC3HXsxUd_W8niM41DZnbbnw,@ヘロヘロ-k5l,6,6ヶ月,Member (6 months),,不明,,,5,24,0,2026-09-14 19:02,2026-10-10 22:03,,,https://www.youtube.com/channel/UC3HXsxUd_W8niM41DZnbbnw
UCvYS7lm1f1lWUIaxBu-BhGw,@tsukaken64,6,6ヶ月,Member (6 months),,不明,,,5,41,1,2026-09-14 19:02,2026-10-10 22:03,,,https://www.youtube.com/channel/UCvYS7lm1f1lWUIaxBu-BhGw
UCcfCKon48gg49svPYtrQohg,@ニャんこスター,6,6ヶ月,Member (6 months),,不明,,,5,217,0,2026-09-23 15:01,2026-10-10 12:03,,,https://www.youtube.com/channel/UCcfCKon48gg49svPYtrQohg
UCsjGAG5DY5osWjbIxH7GZGw,@ネオやっくん,6,6ヶ月,Member (6 months),,不明,,,4,98,1,2026-09-12 14:02,2026-10-06 21:00,,,https://www.youtube.com/channel/UCsjGAG5DY5osWjbIxH7GZGw
UC8HPH5jcMTd8BaqqyhG_73g,@mst05-i3r,6,6ヶ月,Member (6 months),,不明,,,4,67,0,2026-09-12 14:02,2026-10-05 19:02,,,https://www.youtube.com/channel/UC8HPH5jcMTd8BaqqyhG_73g
UCh9mLku9XbPvEoasGDt0TWw,@やきいも-g3l,6,6ヶ月,Member (6 months),,不明,,,4,12,0,2026-09-12 14:02,2026-10-06 21:00,,,https://www.youtube.com/channel/UCh9mLku9XbPvEoasGDt0TWw
UCbiT8K-mEFTES-6_LKDCWrA,@tともm,6,6ヶ月,Member (6 months),,不明,,,4,246,0,2026-09-12 22:01,2026-10-03 22:01,,,https://www.youtube.com/channel/UCbiT8K-mEFTES-6_LKDCWrA
UC5kOmtWNvTO8JA1BxUsIqGA,@ポップブギー,6,6ヶ月,Member (6 months),,不明,,,4,84,0,2026-09-12 22:01,2026-10-06 21:00,,,https://www.youtube.com/channel/UC5kOmtWNvTO8JA1BxUsIqGA
UCBTBYUruvtJcdZDRIkUXu6A,@maximum-7,6,6ヶ月,Member (6 months),,不明,,,4,11,0,2026-09-12 22:01,2026-10-10 22:03,,,https://www.youtube.com/channel/UCBTBYUruvtJcdZDRIkUXu6A
UClNYA0woKNWc8S2qJ7M0ebg,@k5a2n6e,6,6ヶ月,Member (6 months),8,星くずたち,マイルストーン,,4,172,0,2026-09-14 19:02,2026-10-06 21:00,,,https://www.youtube.com/channel/UClNYA0woKNWc8S2qJ7M0ebg
UClFmDRPEvyZfj7AGEhsqliw,@IS-cq4fr,6,6ヶ月,Member (6 months),,不明,,,4,112,2,2026-09-14 19:02,2026-10-10 12:03,,,https://www.youtube.com/channel/UClFmDRPEvyZfj7AGEhsqliw
UC6QXgVY8aZBAU6ixSE5S6-A,@NEOZERO-p8w,6,6ヶ月,Member (6 months),,不明,,,4,246,3,2026-09-14 19:02,2026-10-06 21:00,,,https://www.youtube.com/channel/UC6QXgVY8aZBAU6ixSE5S6-A
UCM8TkB5k6acFuqjieEAAD5g,@Ayashi_the_sus,6,6ヶ月,Member (6 months),,不明,,,4,152,1,2026-09-14 19:02,2026-10-06 21:00,,,https://www.youtube.com/channel/UCM8TkB5k6acFuqjieEAAD5g
UCcjvRVYpLpXfft7trw8mWjg,@ウツミプラン,6,6ヶ月,Member (6 months),,不明,,,4,18,1,2026-09-14 19:02,2026-10-05 19:02,,,https://www.youtube.com/channel/UCcjvRVYpLpXfft7trw8mWjg
UCRueIuSJUdFaWCbzBgyg1Iw,@かがみみらー,6,6ヶ月,Member (6 months),,不明,,,4,6,0,2026-09-14 19:02,2026-10-05 19:02,,,https://www.youtube.com/channel/UCRueIuSJUdFaWCbzBgyg1Iw
UCwdxHIzsXVcteAVcZmHa6NQ,@ばし-v2e,6,6ヶ月,Member (6 months),,不明,,,4,24,0,2026-09-14 19:02,2026-10-06 21:00,,,https://www.youtube.com/channel/UCwdxHIzsXVcteAVcZmHa6NQ
UCjEIBoERyDi-SqU5YgfNkbg,@スットン卿_助手くん,6,6ヶ月,Member (6 months),,不明,,,4,87,0,2026-09-14 19:02,2026-10-06 21:00,,,https://www.youtube.com/channel/UCjEIBoERyDi-SqU5YgfNkbg
UCjchwxK4SgR-MnMbIrWP0Ow,@弧萬_コバン,6,6ヶ月,Member (6 months),,不明,,,4,90,0,2026-09-14 19:02,2026-10-06 21:00,,,https://www.youtube.com/channel/UCjchwxK4SgR-MnMbIrWP0Ow
UCvZ7wUaJYZCGHpkKq8cf_NA,@はまやまペンタゴン,6,6ヶ月,Member (6 months),,不明,,,4,36,0,2026-09-14 19:02,2026-10-06 21:00,,,https://www.youtube.com/channel/UCvZ7wUaJYZCGHpkKq8cf_NA
UCx0xAZs83TgIZPuYoaQ_Tiw,@そら-k7aria,6,6ヶ月,Member (6 months),,不明,,,4,47,0,2026-09-14 19:02,2026-10-06 21:00,,,https://www.youtube.com/channel/UCx0xAZs83TgIZPuYoaQ_Tiw
UCyOWRpxfdG_ySPE59w9xLVA,@st66s37,6,6ヶ月,Member (6 months),,不明,,,4,7,0,2026-09-14 19:02,2026-10-05 19:02,,,https://www.youtube.com/channel/UCyOWRpxfdG_ySPE59w9xLVA
UC7PsoJwzffH3H-wjmKgO-Vw,@神座流出,6,6ヶ月,Member (6 months),,不明,,,4,25,0,2026-09-14 19:02,2026-10-06 21:00,,,https://www.youtube.com/channel/UC7PsoJwzffH3H-wjmKgO-Vw
UCg24eGc-eJhw7D36F-5iH7Q,@suzume-m7966,6,6ヶ月,Member (6 months),,不明,,,4,26,0,2026-09-14 19:02,2026-10-06 21:00,,,https://www.youtube.com/channel/UCg24eGc-eJhw7D36F-5iH7Q
UCsLufUAhFogOvyAKZpPX--A,@せるげいニキ,6,6ヶ月,Member (6 months),,不明,,,4,101,0,2026-09-19 12:02,2026-10-10 12:03,,,https://www.youtube.com/channel/UCsLufUAhFogOvyAKZpPX--A
UC6246BdJtt886hIFXAjFYkw,@華麗うどん-x1z,6,6ヶ月,Member (6 months),,不明,,,4,7,0,2026-09-19 12:02,2026-10-05 19:02,,,https://www.youtube.com/channel/UC6246BdJtt886hIFXAjFYkw
UCKdgN-ATl5lOFgZvupb_c8w,@なつ-ki72,6,6ヶ月,Member (6 months),,不明,,,4,290,0,2026-09-19 22:02,2026-10-10 22:03,,,https://www.youtube.com/channel/UCKdgN-ATl5lOFgZvupb_c8w
UCyaJbk7ZNMKbtBJlFq14OTw,@heimeninu,6,6ヶ月,Member (6 months),,不明,,,4,66,0,2026-09-19 22:02,2026-10-06 21:00,,,https://www.youtube.com/channel/UCyaJbk7ZNMKbtBJlFq14OTw
UCIgNZ8n_w5Kng4U5m-iL0ZA,@TNT-999-0w0,6,6ヶ月,Member (6 months),,不明,,,4,14,0,2026-09-19 22:02,2026-10-10 22:03,,,https://www.youtube.com/channel/UCIgNZ8n_w5Kng4U5m-iL0ZA
UCXDzELuyIDLOoQOEpJZCZKg,@うみ-Umi001,6,6ヶ月,Member (6 months),,不明,,,4,13,0,2026-10-03 22:01,2026-10-10 22:03,,,https://www.youtube.com/channel/UCXDzELuyIDLOoQOEpJZCZKg
UCQvZZHzUSS3d5Cicur6py2w,@這い寄る絶沌,6,6ヶ月,Member (6 months),,不明,,,3,59,0,2026-09-12 14:02,2026-10-05 19:02,,,https://www.youtube.com/channel/UCQvZZHzUSS3d5Cicur6py2w
UCwKSntnGdl8v0v6t7ke1Llw,@クロヒビキ,6,6ヶ月,Member (6 months),,不明,,,3,19,0,2026-09-12 14:02,2026-10-06 21:00,,,https://www.youtube.com/channel/UCwKSntnGdl8v0v6t7ke1Llw
UCzk1Vj5LZ4FdjGvqpkRlxBg,@レイヴンフォックス,6,6ヶ月,Member (6 months),,不明,,,3,8,0,2026-09-12 14:02,2026-10-05 19:02,,,https://www.youtube.com/channel/UCzk1Vj5LZ4FdjGvqpkRlxBg
UC1KS-l2tNCAMh_uXPyMZ25g,@トオル-y9n,6,6ヶ月,Member (6 months),,不明,,,3,18,0,2026-09-12 14:02,2026-09-14 19:02,,,https://www.youtube.com/channel/UC1KS-l2tNCAMh_uXPyMZ25g
UCqG1fB-J-YNLjDch6cJAM3w,@ゲンキ-d3q,6,6ヶ月,Member (6 months),10,星くずたち,マイルストーン,,3,89,2,2026-09-12 22:01,2026-10-03 22:01,,,https://www.youtube.com/channel/UCqG1fB-J-YNLjDch6cJAM3w
UCrRQfJRPiS__wM-bpMgyxcA,@人生-x8r,6,6ヶ月,Member (6 months),,不明,,,3,8,0,2026-09-12 22:01,2026-10-03 22:01,,,https://www.youtube.com/channel/UCrRQfJRPiS__wM-bpMgyxcA
UCi_CrNLuXG_AOFG4iKyjHuA,@ドブルイにゃ,6,6ヶ月,Member (6 months),,星くずたち,マイルストーン（2026-09-07）,,3,155,5,2026-09-12 22:01,2026-10-05 19:02,,,https://www.youtube.com/channel/UCi_CrNLuXG_AOFG4iKyjHuA
UCOvdK70qdxJ3P-0ejGB2YKQ,@Zabuton_K,6,6ヶ月,Member (6 months),,不明,,,3,20,0,2026-09-12 22:01,2026-10-10 12:03,,,https://www.youtube.com/channel/UCOvdK70qdxJ3P-0ejGB2YKQ
UCKzn3vUdHxIj-lOmr6tk3fA,@タコP-3,6,6ヶ月,Member (6 months),,不明,,,3,43,0,2026-09-12 22:01,2026-10-05 19:02,,,https://www.youtube.com/channel/UCKzn3vUdHxIj-lOmr6tk3fA
UCckvycrmiD3YIYnnkvBxdZw,@abaus.kumori,6,6ヶ月,Member (6 months),,不明,,,3,25,0,2026-09-12 22:01,2026-09-26 22:01,,,https://www.youtube.com/channel/UCckvycrmiD3YIYnnkvBxdZw
UCWlugTJdwxqhKjYMtcur-lA,@agitmega838,6,6ヶ月,Member (6 months),,不明,,,3,370,0,2026-09-14 19:02,2026-10-06 21:00,,,https://www.youtube.com/channel/UCWlugTJdwxqhKjYMtcur-lA
UCbI3HIaO3yunPeFHPkiQ__A,@たかやとーふ,6,6ヶ月,Member (6 months),,不明,,,3,108,0,2026-09-14 19:02,2026-10-06 21:00,,,https://www.youtube.com/channel/UCbI3HIaO3yunPeFHPkiQ__A
UCIEnZVhO8vEqtuu1tk281Xg,@ダンディライオン-u1b,6,6ヶ月,Member (6 months),,不明,,,3,62,0,2026-09-14 19:02,2026-10-06 21:00,,,https://www.youtube.com/channel/UCIEnZVhO8vEqtuu1tk281Xg
UCpTRDgwlpHGUa3xA4xFFljg,@リク-v4j,6,6ヶ月,Member (6 months),,不明,,,3,61,0,2026-09-14 19:02,2026-10-06 21:00,,,https://www.youtube.com/channel/UCpTRDgwlpHGUa3xA4xFFljg
UC9WkkjSH7dHC9t90R4oDyug,@akky導師,6,6ヶ月,Member (6 months),,不明,,,3,117,0,2026-09-14 19:02,2026-10-06 21:00,,,https://www.youtube.com/channel/UC9WkkjSH7dHC9t90R4oDyug
UCOW_69eF7t_SXP07rHVK_2Q,@はがねせんし,6,6ヶ月,Member (6 months),,不明,,,3,21,0,2026-09-14 19:02,2026-10-06 21:00,,,https://www.youtube.com/channel/UCOW_69eF7t_SXP07rHVK_2Q
UCb0jm6aWsI_nlFDOb4Q4g7g,@あぅるくん_llv,6,6ヶ月,Member (6 months),,不明,,,3,4,0,2026-09-14 19:02,2026-10-06 21:00,,,https://www.youtube.com/channel/UCb0jm6aWsI_nlFDOb4Q4g7g
UCeqb22hhw9n3XkC_APjRUTA,@chaosan9187,6,6ヶ月,Member (6 months),,不明,,,3,24,0,2026-09-14 19:02,2026-10-06 21:00,,,https://www.youtube.com/channel/UCeqb22hhw9n3XkC_APjRUTA
UCsD3GttDJ7TFq0fdEiwCHPQ,@ジェネラル-OwO,6,6ヶ月,Member (6 months),,不明,,,3,53,0,2026-09-14 19:02,2026-10-06 21:00,,,https://www.youtube.com/channel/UCsD3GttDJ7TFq0fdEiwCHPQ
UCnCkQ-5o86F5S4_RRiS6FVA,@米岡代,6,6ヶ月,Member (6 months),,不明,,,3,107,2,2026-09-14 19:02,2026-10-06 21:00,,,https://www.youtube.com/channel/UCnCkQ-5o86F5S4_RRiS6FVA
UCIxcPIEGfo6SG9-U-dEDBkg,@平和-k6i,6,6ヶ月,Member (6 months),,不明,,,3,147,1,2026-09-14 19:02,2026-10-06 21:00,,,https://www.youtube.com/channel/UCIxcPIEGfo6SG9-U-dEDBkg
UCBn9-Dqg7ACpO1CoD6Ff_3g,@こはくん-v6e,6,6ヶ月,Member (6 months),,不明,,,3,35,1,2026-09-14 19:02,2026-10-06 21:00,,,https://www.youtube.com/channel/UCBn9-Dqg7ACpO1CoD6Ff_3g
UCS_j8dIi6gD8htFb_JqgfhQ,@Estwo-r8s,6,6ヶ月,Member (6 months),,不明,,,3,5,0,2026-09-14 19:02,2026-10-10 12:03,,,https://www.youtube.com/channel/UCS_j8dIi6gD8htFb_JqgfhQ
UC2x9IXiXr4y2KEsB_yvNoNw,@白_Shiro-p1w,6,6ヶ月,Member (6 months),,不明,,,3,50,0,2026-09-14 19:02,2026-10-06 21:00,,,https://www.youtube.com/channel/UC2x9IXiXr4y2KEsB_yvNoNw
UCEmkh08WEu2P0rWsQOVSasg,@kykn-i5z,6,6ヶ月,Member (6 months),,不明,,,3,112,0,2026-09-14 19:02,2026-10-06 21:00,,,https://www.youtube.com/channel/UCEmkh08WEu2P0rWsQOVSasg
UCACVn8ewNkLXKWrQRlu4img,@モズモズノ,6,6ヶ月,Member (6 months),,不明,,,3,11,0,2026-09-14 19:02,2026-10-06 21:00,,,https://www.youtube.com/channel/UCACVn8ewNkLXKWrQRlu4img
UCyYfisXp5Pc4lSR5KBnG1qw,@ミサミス,6,6ヶ月,Member (6 months),,不明,,,3,92,0,2026-09-14 19:02,2026-10-05 19:02,,,https://www.youtube.com/channel/UCyYfisXp5Pc4lSR5KBnG1qw
UClspYWstP3P-MFdCqQHlZdg,@v-SHO-v,6,6ヶ月,Member (6 months),,不明,,,3,11,0,2026-09-14 19:02,2026-10-05 19:02,,,https://www.youtube.com/channel/UClspYWstP3P-MFdCqQHlZdg
UChAvyFTqrgtKEBUX0F7SLig,@kiyu7258,6,6ヶ月,Member (6 months),,不明,,,3,122,0,2026-09-14 19:02,2026-10-06 21:00,,,https://www.youtube.com/channel/UChAvyFTqrgtKEBUX0F7SLig
UCZfVrmbnMS9G6qUM_Hk16nA,@alteliebe-g9x,6,6ヶ月,Member (6 months),,不明,,,3,5,0,2026-09-14 19:02,2026-10-06 21:00,,,https://www.youtube.com/channel/UCZfVrmbnMS9G6qUM_Hk16nA
UCBvEttgRTFCCukULSUsLo8g,@pikapika9220,6,6ヶ月,Member (6 months),,不明,,,3,10,0,2026-09-14 19:02,2026-10-06 21:00,,,https://www.youtube.com/channel/UCBvEttgRTFCCukULSUsLo8g
UCSO6Gvm0rnZmWFPkCdVVItQ,@siryu3491,6,6ヶ月,Member (6 months),,不明,,,3,5,0,2026-09-14 19:02,2026-10-05 19:02,,,https://www.youtube.com/channel/UCSO6Gvm0rnZmWFPkCdVVItQ
UCXj4UuNsUCP1TbMq-G9u89w,@白水銀-d7m,6,6ヶ月,Member (6 months),,不明,,,3,12,0,2026-09-14 19:02,2026-10-06 21:00,,,https://www.youtube.com/channel/UCXj4UuNsUCP1TbMq-G9u89w
UCtw_BAzqulIjAa5XgqexPLQ,@nired-h9f,6,6ヶ月,Member (6 months),,不明,,,3,5,0,2026-09-14 19:02,2026-10-06 21:00,,,https://www.youtube.com/channel/UCtw_BAzqulIjAa5XgqexPLQ
UC7z1T885Oq-sDlmts7FN8AQ,@Chise-d4b,6,6ヶ月,Member (6 months),,不明,,,3,3,0,2026-09-16 21:02,2026-10-05 19:02,,,https://www.youtube.com/channel/UC7z1T885Oq-sDlmts7FN8AQ
UCbA0crQd0SC0Tjmb_zCHBZg,@バベルボブル-l9o,6,6ヶ月,Member (6 months),,不明,,,3,133,0,2026-09-19 12:02,2026-10-05 19:02,,,https://www.youtube.com/channel/UCbA0crQd0SC0Tjmb_zCHBZg
UCIpte1VA4QpUdduhxZKwnxw,@茨城丸,6,6ヶ月,Member (6 months),,不明,,,3,23,0,2026-09-19 12:02,2026-10-05 19:02,,,https://www.youtube.com/channel/UCIpte1VA4QpUdduhxZKwnxw
UC_QVdVzXEGd7_5G-JuKQAFA,@星くずRYU,6,6ヶ月,Member (6 months),,不明,,,3,3,0,2026-09-19 12:02,2026-10-03 22:01,,,https://www.youtube.com/channel/UC_QVdVzXEGd7_5G-JuKQAFA
UCT5Lmus7Mtju0Gf7KIhgdEw,@田中優_I_am_you,6,6ヶ月,Member (6 months),,不明,,,3,8,0,2026-09-20 12:16,2026-10-10 12:03,,,https://www.youtube.com/channel/UCT5Lmus7Mtju0Gf7KIhgdEw
UCIOrCPr4RYa2aPigtOsVsHA,@サイダー-e6v,6,6ヶ月,Member (6 months),,不明,,,3,12,0,2026-09-26 12:02,2026-10-06 21:00,,,https://www.youtube.com/channel/UCIOrCPr4RYa2aPigtOsVsHA
UC3wovHxskWheykjS3HWy77Q,@ひのまる-t4v,6,6ヶ月,Member (6 months),,不明,,,3,7,0,2026-10-05 19:02,2026-10-10 22:03,,,https://www.youtube.com/channel/UC3wovHxskWheykjS3HWy77Q
UCQq07XOqYFrUAnf5ptaySWA,@一文字́-c4x,6,6ヶ月,Member (6 months),,不明,,,2,135,0,2026-09-12 14:02,2026-10-05 19:02,,,https://www.youtube.com/channel/UCQq07XOqYFrUAnf5ptaySWA
UC5rhYlNU9iuubg480e3c9Ag,@towanowa_,6,6ヶ月,Member (6 months),,不明,,,2,4,0,2026-09-12 14:02,2026-09-19 12:02,,,https://www.youtube.com/channel/UC5rhYlNU9iuubg480e3c9Ag
UCMwWUMRcn7kqI1J2YJ99O5w,@シミラー,6,6ヶ月,Member (6 months),,不明,,,2,5,0,2026-09-12 22:01,2026-09-26 22:01,,,https://www.youtube.com/channel/UCMwWUMRcn7kqI1J2YJ99O5w
UCu96mv0i9qj1afRPULJDfpA,@Slss0106,6,6ヶ月,Member (6 months),,不明,,,2,2,0,2026-09-12 22:01,2026-10-05 19:02,,,https://www.youtube.com/channel/UCu96mv0i9qj1afRPULJDfpA
UCDcQAC7nebQr6LqsmnVYVWQ,@よっしー963,6,6ヶ月,Member (6 months),,不明,,,2,2,1,2026-09-14 19:02,2026-10-05 19:02,,,https://www.youtube.com/channel/UCDcQAC7nebQr6LqsmnVYVWQ
UCuoPV4oKUF9vBzUqyZWdTrg,@やおら者,6,6ヶ月,Member (6 months),,不明,,,2,13,0,2026-09-14 19:02,2026-10-05 19:02,,,https://www.youtube.com/channel/UCuoPV4oKUF9vBzUqyZWdTrg
UCRz9HZXIPaYhfFlN-NauC0Q,@ドクダミン,6,6ヶ月,Member (6 months),,不明,,,2,17,0,2026-09-14 19:02,2026-10-05 19:02,,,https://www.youtube.com/channel/UCRz9HZXIPaYhfFlN-NauC0Q
UC2RMQPDLQ4hjShWL-s4jd8w,@こーりんご,6,6ヶ月,Member (6 months),,不明,,,2,110,1,2026-09-14 19:02,2026-10-05 19:02,,,https://www.youtube.com/channel/UC2RMQPDLQ4hjShWL-s4jd8w
UCjfM7iys6U2DRVNumiX1Q_A,@メロ-w9m,6,6ヶ月,Member (6 months),,不明,,,2,20,0,2026-09-14 19:02,2026-10-05 19:02,,,https://www.youtube.com/channel/UCjfM7iys6U2DRVNumiX1Q_A
UCBrNQldqP8z0sg38NcwIM6w,@くに-s3j,6,6ヶ月,Member (6 months),,不明,,,2,38,1,2026-09-14 19:02,2026-10-05 19:02,,,https://www.youtube.com/channel/UCBrNQldqP8z0sg38NcwIM6w
UCY_Ie02F9RVqWPdv2NQURkQ,@st-gy5lx,6,6ヶ月,Member (6 months),,不明,,,2,5,0,2026-09-14 19:02,2026-10-06 21:00,,,https://www.youtube.com/channel/UCY_Ie02F9RVqWPdv2NQURkQ
UCBe9JT-uzo4Mzb6D3HoDDeQ,@bbb-nj2gk,6,6ヶ月,Member (6 months),,不明,,,2,20,0,2026-09-14 19:02,2026-10-05 19:02,,,https://www.youtube.com/channel/UCBe9JT-uzo4Mzb6D3HoDDeQ
UCElEZ7TRzX3xiPnYMQoNX9g,@のりりん-s5r,6,6ヶ月,Member (6 months),,不明,,,2,23,0,2026-09-14 19:02,2026-10-05 19:02,,,https://www.youtube.com/channel/UCElEZ7TRzX3xiPnYMQoNX9g
UCWug8fh9yQzcwYf01rE8K8Q,@いろはーす-z2z,6,6ヶ月,Member (6 months),,不明,,,2,7,0,2026-09-14 19:02,2026-10-05 19:02,,,https://www.youtube.com/channel/UCWug8fh9yQzcwYf01rE8K8Q
UCr82JYz1GjQtxpOTC1ZXO2w,@ヘルエスタのバイク乗り,6,6ヶ月,Member (6 months),,不明,,,2,23,0,2026-09-14 19:02,2026-10-05 19:02,,,https://www.youtube.com/channel/UCr82JYz1GjQtxpOTC1ZXO2w
UCFkK2tcCwDKjC5Z8jOPhksw,@178nrm2,6,6ヶ月,Member (6 months),,不明,,,2,2,0,2026-09-14 19:02,2026-10-05 19:02,,,https://www.youtube.com/channel/UCFkK2tcCwDKjC5Z8jOPhksw
UCbL8Ip8eZOc5zEWTqwGkr8g,@ラジオ中毒星部房,6,6ヶ月,Member (6 months),,不明,,,2,6,0,2026-09-14 19:02,2026-10-05 19:02,,,https://www.youtube.com/channel/UCbL8Ip8eZOc5zEWTqwGkr8g
UCgtvHGJoDmQ0buV6REXto4g,@薩摩芋-h9d,6,6ヶ月,Member (6 months),,不明,,,2,9,0,2026-09-14 19:02,2026-10-05 19:02,,,https://www.youtube.com/channel/UCgtvHGJoDmQ0buV6REXto4g
UCyk7C1fMFA9_ssH5oIOt7MA,@海月烏賊-f1e,6,6ヶ月,Member (6 months),,不明,,,2,4,0,2026-09-14 19:02,2026-10-05 19:02,,,https://www.youtube.com/channel/UCyk7C1fMFA9_ssH5oIOt7MA
UCGIB5CfoHsTSMYete0t-R1w,@kt5844,6,6ヶ月,Member (6 months),,不明,,,2,3,0,2026-09-14 19:02,2026-10-06 21:00,,,https://www.youtube.com/channel/UCGIB5CfoHsTSMYete0t-R1w
UC9lFgZtOH0jJKZ4Glu1-i-w,@くろくろ-u4w,6,6ヶ月,Member (6 months),,不明,,,2,3,0,2026-09-14 19:02,2026-10-05 19:02,,,https://www.youtube.com/channel/UC9lFgZtOH0jJKZ4Glu1-i-w
UC9pwy8zhI74MzbID0c5W5wQ,@Camp-hat610,6,6ヶ月,Member (6 months),,不明,,,2,3,0,2026-09-14 19:02,2026-10-05 19:02,,,https://www.youtube.com/channel/UC9pwy8zhI74MzbID0c5W5wQ
UCVNGgUdE0Gw0r7QmSSl92bQ,@shoryok8915,6,6ヶ月,Member (6 months),,不明,,,2,5,0,2026-09-14 19:02,2026-10-05 19:02,,,https://www.youtube.com/channel/UCVNGgUdE0Gw0r7QmSSl92bQ
UCSQiGSxBzyv9i3Ki_wUyYsQ,@かっちゃんチューバ,6,6ヶ月,Member (6 months),,不明,,,2,5,0,2026-09-17 22:46,2026-09-19 12:02,,,https://www.youtube.com/channel/UCSQiGSxBzyv9i3Ki_wUyYsQ
UCuql-68atWOvphp5qkDDquQ,@hikaritozero,6,6ヶ月,Member (6 months),,不明,,,2,3,0,2026-09-17 22:46,2026-10-05 19:02,,,https://www.youtube.com/channel/UCuql-68atWOvphp5qkDDquQ
UCN8WU48iXrf17J-ffjepmwg,@イーリー-m1b,6,6ヶ月,Member (6 months),,不明,,,2,2,0,2026-09-18 21:01,2026-10-05 19:02,,,https://www.youtube.com/channel/UCN8WU48iXrf17J-ffjepmwg
UCKiYWjNhOBliOgcLg5FkjFg,@カルボナーラじゃがいも,6,6ヶ月,Member (6 months),,不明,,,2,3,0,2026-09-19 12:02,2026-09-26 12:02,,,https://www.youtube.com/channel/UCKiYWjNhOBliOgcLg5FkjFg
UCbvOap06MkSv4UkZyt-RSKg,@QQ.QX1,6,6ヶ月,Member (6 months),,不明,,,2,4,0,2026-09-19 12:02,2026-09-26 12:02,,,https://www.youtube.com/channel/UCbvOap06MkSv4UkZyt-RSKg
UC-AxJz9LWLRWWPc0jUahuWQ,@鱈子丸-r7m,6,6ヶ月,Member (6 months),,不明,,,2,5,0,2026-09-19 12:02,2026-10-05 19:02,,,https://www.youtube.com/channel/UC-AxJz9LWLRWWPc0jUahuWQ
UCfVb7VPWZhKoEoPBgEXPlAA,@みどりのたべもの,6,6ヶ月,Member (6 months),,星くずたち,ギフト,ギフトで加入,2,3,0,2026-09-19 12:02,2026-09-26 12:02,○,○,https://www.youtube.com/channel/UCfVb7VPWZhKoEoPBgEXPlAA
UCYc6RtSKShuOhIpB_RsvZXA,@巨峰スイ,6,6ヶ月,Member (6 months),,不明,,,2,4,0,2026-09-20 12:16,2026-10-05 19:02,,,https://www.youtube.com/channel/UCYc6RtSKShuOhIpB_RsvZXA
UCtDOxyWDPLtAcAq7uAFixbQ,@ネムイカラネル,6,6ヶ月,Member (6 months),,不明,,,2,4,0,2026-09-20 12:16,2026-10-06 21:00,,,https://www.youtube.com/channel/UCtDOxyWDPLtAcAq7uAFixbQ
UCR9X1hM1CAUZ1sI-SjRSFRQ,@Rotten_Bread,6,6ヶ月,Member (6 months),,不明,,,2,2,0,2026-09-20 12:16,2026-09-26 12:02,,,https://www.youtube.com/channel/UCR9X1hM1CAUZ1sI-SjRSFRQ
UCyCY2uYXoQi7mZKkp0764KA,@人間だった葦,6,6ヶ月,Member (6 months),,不明,,,2,12,0,2026-09-22 14:00,2026-09-23 15:01,,,https://www.youtube.com/channel/UCyCY2uYXoQi7mZKkp0764KA
UCXmUSFTD19gsv-wU4y4fZEg,@ヌクサクイ,6,6ヶ月,Member (6 months),,不明,,,2,51,0,2026-09-26 12:02,2026-10-05 19:02,,,https://www.youtube.com/channel/UCXmUSFTD19gsv-wU4y4fZEg
UCPxmGQUabdQuOW6wjMEsXJg,@Kotetsu_y.c,6,6ヶ月,Member (6 months),,不明,,,2,116,0,2026-09-26 22:01,2026-10-03 22:01,,,https://www.youtube.com/channel/UCPxmGQUabdQuOW6wjMEsXJg
UCavqjpBKGbdZFp6NI3bko_Q,@紅葉_momiji792,6,6ヶ月,Member (6 months),,星くずたち,ギフト,ギフトで加入,2,2,0,2026-09-26 22:01,2026-10-06 21:00,○,○,https://www.youtube.com/channel/UCavqjpBKGbdZFp6NI3bko_Q
UCbZ5WNOzUcjVPYc81cgLZ3w,@アカツキ-d5t,6,6ヶ月,Member (6 months),,不明,,,2,8,0,2026-10-02 20:01,2026-10-05 19:02,,,https://www.youtube.com/channel/UCbZ5WNOzUcjVPYc81cgLZ3w
UClgJshpa1dD2KIrwi8djgIw,@Blue--birD,6,6ヶ月,Member (6 months),,不明,,,2,2,0,2026-10-03 12:00,2026-10-06 21:00,,,https://www.youtube.com/channel/UClgJshpa1dD2KIrwi8djgIw
UCBLUVHWCp1lnBlnhIePI0Ww,@善哉-n9o,6,6ヶ月,Member (6 months),,不明,,,2,26,0,2026-10-05 19:02,2026-10-06 21:00,,,https://www.youtube.com/channel/UCBLUVHWCp1lnBlnhIePI0Ww
UCf1nGnrrfR7U8X_g5extVKA,@放雷朝,6,6ヶ月,Member (6 months),,不明,,,2,10,0,2026-10-05 19:02,2026-10-06 21:00,,,https://www.youtube.com/channel/UCf1nGnrrfR7U8X_g5extVKA
UCZSpEgOI1d8MIbywLGaTqpg,@コン猫,6,6ヶ月,Member (6 months),10,星くずたち,マイルストーン,,2,65,4,2026-10-05 19:02,2026-10-06 21:00,,,https://www.youtube.com/channel/UCZSpEgOI1d8MIbywLGaTqpg
UCBlcf-2qTh0oxM63-_VHJ6Q,@リック-m5t,6,6ヶ月,Member (6 months),,不明,,,2,66,0,2026-10-05 19:02,2026-10-06 21:00,,,https://www.youtube.com/channel/UCBlcf-2qTh0oxM63-_VHJ6Q
UCayUzSdM5zgKMJMe53fHmig,@カモメ-p2u,6,6ヶ月,Member (6 months),,不明,,,2,5,0,2026-10-05 19:02,2026-10-06 21:00,,,https://www.youtube.com/channel/UCayUzSdM5zgKMJMe53fHmig
UC6vrPL1aDvJW7u9-Xp9kj6w,@富士円律歌,6,6ヶ月,Member (6 months),,不明,,,2,3,1,2026-10-05 19:02,2026-10-06 21:00,,,https://www.youtube.com/channel/UC6vrPL1aDvJW7u9-Xp9kj6w
UCKtvjqI6jQG19KArZF7KF2w,@f130r4,6,6ヶ月,Member (6 months),,不明,,,2,11,0,2026-10-05 19:02,2026-10-06 21:00,,,https://www.youtube.com/channel/UCKtvjqI6jQG19KArZF7KF2w
UCWljE1t0-EBptQqsaQQqIDQ,@stako-9966,6,6ヶ月,Member (6 months),,不明,,,2,41,0,2026-10-05 19:02,2026-10-10 22:03,,,https://www.youtube.com/channel/UCWljE1t0-EBptQqsaQQqIDQ
UC0ER0gK1xtHaxB0ZVoJYChg,@禍波,6,6ヶ月,Member (6 months),,不明,,,2,2,0,2026-10-05 19:02,2026-10-06 21:00,,,https://www.youtube.com/channel/UC0ER0gK1xtHaxB0ZVoJYChg
UC7pOh9nLfULhNi0_8_ElH_w,@redrok6854,6,6ヶ月,Member (6 months),,不明,,,2,2,0,2026-10-05 19:02,2026-10-06 21:00,,,https://www.youtube.com/channel/UC7pOh9nLfULhNi0_8_ElH_w
UCYvxmC-C6YB0GhHHk1emAHg,@つきあやと,6,6ヶ月,Member (6 months),,不明,,,2,293,0,2026-10-10 12:03,2026-10-10 22:03,,,https://www.youtube.com/channel/UCYvxmC-C6YB0GhHHk1emAHg
UCjSM81GugdxKtIYlQr_2ZQg,@tubomono_TR6,6,6ヶ月,Member (6 months),,不明,,,2,12,0,2026-10-10 12:03,2026-10-10 22:03,,,https://www.youtube.com/channel/UCjSM81GugdxKtIYlQr_2ZQg
UCJjxd7C9zjbZe9xY-KlVLDQ,@maru-f4t7m,6,6ヶ月,Member (6 months),,不明,,,2,5,0,2026-10-10 12:03,2026-10-10 22:03,,,https://www.youtube.com/channel/UCJjxd7C9zjbZe9xY-KlVLDQ
UCGTMqaKAfKoKltyMDQA6xNQ,@みみみ木菟,6,6ヶ月,Member (6 months),,不明,,,1,4,0,2026-09-12 14:02,2026-09-12 14:02,,,https://www.youtube.com/channel/UCGTMqaKAfKoKltyMDQA6xNQ
UCPqhL4wG4EEFymjcgMEEUMQ,@ロマン-z9y,6,6ヶ月,Member (6 months),,不明,,,1,2,0,2026-09-12 14:02,2026-09-12 14:02,,,https://www.youtube.com/channel/UCPqhL4wG4EEFymjcgMEEUMQ
UC6hNJQPib6LGPz3ECaXQwyw,@nolla0831,6,6ヶ月,Member (6 months),,不明,,,1,2,0,2026-09-12 14:02,2026-09-12 14:02,,,https://www.youtube.com/channel/UC6hNJQPib6LGPz3ECaXQwyw
UCg2O1Xd6AHzix5Lu-bB-Tig,@カジキノミコト,6,6ヶ月,Member (6 months),,不明,,,1,2,0,2026-09-12 14:02,2026-09-12 14:02,,,https://www.youtube.com/channel/UCg2O1Xd6AHzix5Lu-bB-Tig
UCkgv6IZPqIAxwlZUZQOCXYQ,@くのくるみ,6,6ヶ月,Member (6 months),,不明,,,1,4,0,2026-09-12 14:02,2026-09-12 14:02,,,https://www.youtube.com/channel/UCkgv6IZPqIAxwlZUZQOCXYQ
UCWstEXkpolTa3FfqpALE2oA,@もりはな-w8u,6,6ヶ月,Member (6 months),,不明,,,1,1,0,2026-09-12 14:02,2026-09-12 14:02,,,https://www.youtube.com/channel/UCWstEXkpolTa3FfqpALE2oA
UC7DjJ5XWy5MuYUgX98z-mtA,@adleytjyアドリー,6,6ヶ月,Member (6 months),,不明,,,1,27,0,2026-09-12 14:02,2026-09-12 14:02,,,https://www.youtube.com/channel/UC7DjJ5XWy5MuYUgX98z-mtA
UCSyGmrAHqSwri8sFGs4qVjw,@湖河2かさ,6,6ヶ月,Member (6 months),,不明,,,1,1,0,2026-09-12 14:02,2026-09-12 14:02,,,https://www.youtube.com/channel/UCSyGmrAHqSwri8sFGs4qVjw
UCUJ3-CHeHleIu0NW_wmT3NA,@桜井らいは,6,6ヶ月,Member (6 months),,不明,,,1,1,0,2026-09-12 14:02,2026-09-12 14:02,,,https://www.youtube.com/channel/UCUJ3-CHeHleIu0NW_wmT3NA
UCmaumlE4FF9Hjxsb85o5beg,@parity_c,6,6ヶ月,Member (6 months),,不明,,,1,2,0,2026-09-12 22:01,2026-09-12 22:01,,,https://www.youtube.com/channel/UCmaumlE4FF9Hjxsb85o5beg
UCOP6lPLx5eS78S5hPBBofyg,@和歌奈良,6,6ヶ月,Member (6 months),,不明,,,1,1,0,2026-09-12 22:01,2026-09-12 22:01,,,https://www.youtube.com/channel/UCOP6lPLx5eS78S5hPBBofyg
UCzXn7Eos4oMDHBkxWXSC63w,@秋斗-d5d,6,6ヶ月,Member (6 months),,不明,,,1,9,0,2026-09-12 22:01,2026-09-12 22:01,,,https://www.youtube.com/channel/UCzXn7Eos4oMDHBkxWXSC63w
UCx8a7cdRYJbPKQ0Cj7OH2ag,@助六-d9z,6,6ヶ月,Member (6 months),,不明,,,1,67,0,2026-09-14 19:02,2026-09-14 19:02,,,https://www.youtube.com/channel/UCx8a7cdRYJbPKQ0Cj7OH2ag
UCzXQT8cTD7sC-6fS4fIC73Q,@ごんざれす-d2i,6,6ヶ月,Member (6 months),,不明,,,1,1,0,2026-09-14 19:02,2026-09-14 19:02,,,https://www.youtube.com/channel/UCzXQT8cTD7sC-6fS4fIC73Q
UCruzC8nQNdM4NuTA0A1ioRw,@緑茶あんこ,6,6ヶ月,Member (6 months),,不明,,,1,5,0,2026-09-14 19:02,2026-09-14 19:02,,,https://www.youtube.com/channel/UCruzC8nQNdM4NuTA0A1ioRw
UCk4zsAP_56l6665i23qALqg,@ココア-z8i,6,6ヶ月,Member (6 months),,不明,,,1,1,0,2026-09-14 19:02,2026-09-14 19:02,,,https://www.youtube.com/channel/UCk4zsAP_56l6665i23qALqg
UCCuAw6ZfWC2SiGS1MHRzJkg,@バカ棒,6,6ヶ月,Member (6 months),,不明,,,1,46,0,2026-09-14 19:02,2026-09-14 19:02,,,https://www.youtube.com/channel/UCCuAw6ZfWC2SiGS1MHRzJkg
UCWsIctIA7hVgO8IixL2DZ-A,@みつきミツキ,6,6ヶ月,Member (6 months),,不明,,,1,8,2,2026-09-14 19:02,2026-09-14 19:02,,,https://www.youtube.com/channel/UCWsIctIA7hVgO8IixL2DZ-A
UCTeqtxto4ZFV7O0JzShVEHw,@零崎博識,6,6ヶ月,Member (6 months),,不明,,,1,1,0,2026-09-14 19:02,2026-09-14 19:02,,,https://www.youtube.com/channel/UCTeqtxto4ZFV7O0JzShVEHw
UC7-elRIeFsrbW-Sj9jRFgwA,@makimaki5179,6,6ヶ月,Member (6 months),,不明,,,1,1,0,2026-09-14 19:02,2026-09-14 19:02,,,https://www.youtube.com/channel/UC7-elRIeFsrbW-Sj9jRFgwA
UCz3sVzRJf6xS8zv7XuqRCGg,@柊木仁,6,6ヶ月,Member (6 months),,不明,,,1,1,0,2026-09-14 19:02,2026-09-14 19:02,,,https://www.youtube.com/channel/UCz3sVzRJf6xS8zv7XuqRCGg
UC4sHFzeMm1A4EFa-f3goBFA,@あるる-d6b,6,6ヶ月,Member (6 months),,不明,,,1,2,0,2026-09-14 19:02,2026-09-14 19:02,,,https://www.youtube.com/channel/UC4sHFzeMm1A4EFa-f3goBFA
UCMQ21EoWopRgCfk8QkoCu1Q,@美味いエビ,6,6ヶ月,Member (6 months),,不明,,,1,1,1,2026-09-14 19:02,2026-09-14 19:02,,,https://www.youtube.com/channel/UCMQ21EoWopRgCfk8QkoCu1Q
UCjDHmsD45SsHtd702-QKDAA,@ROINIHA,6,6ヶ月,Member (6 months),,不明,,,1,1,0,2026-09-14 19:02,2026-09-14 19:02,,,https://www.youtube.com/channel/UCjDHmsD45SsHtd702-QKDAA
UCsKlytTMxBs-JUT8JkFpS6Q,@サドンデス-p3t,6,6ヶ月,Member (6 months),10,星くずたち,マイルストーン,,1,0,0,2026-09-14 19:02,2026-09-14 19:02,,,https://www.youtube.com/channel/UCsKlytTMxBs-JUT8JkFpS6Q
UC3ZyBsGIu-1FvulLYTES1dQ,@XXSakaSakaXX,6,6ヶ月,Member (6 months),,不明,,,1,26,0,2026-09-16 14:33,2026-09-16 14:33,,,https://www.youtube.com/channel/UC3ZyBsGIu-1FvulLYTES1dQ
UCwgto5luRkUjcvjS7HIUybg,@kanade0524,6,6ヶ月,Member (6 months),,不明,,,1,1,0,2026-09-18 21:01,2026-09-18 21:01,,,https://www.youtube.com/channel/UCwgto5luRkUjcvjS7HIUybg
UCDtVNAhTaNNsZQeoIjDhLag,@神寺-shinzi,6,6ヶ月,Member (6 months),,不明,,,1,2,0,2026-09-19 12:02,2026-09-19 12:02,,,https://www.youtube.com/channel/UCDtVNAhTaNNsZQeoIjDhLag
UC_48Jw9Xsyg9JN979yl5S7Q,@いぬっ子,6,6ヶ月,Member (6 months),,不明,,,1,82,0,2026-09-19 12:02,2026-09-19 12:02,,,https://www.youtube.com/channel/UC_48Jw9Xsyg9JN979yl5S7Q
UC9Y4Zt3EfSVhw-QEhg-4y3w,@にゅく-c9x,6,6ヶ月,Member (6 months),,不明,,,1,2,0,2026-09-19 12:02,2026-09-19 12:02,,,https://www.youtube.com/channel/UC9Y4Zt3EfSVhw-QEhg-4y3w
UC1-H4WFYnXGpf8mlME7nspA,@grdrful,6,6ヶ月,Member (6 months),,不明,,,1,1,0,2026-09-19 12:02,2026-09-19 12:02,,,https://www.youtube.com/channel/UC1-H4WFYnXGpf8mlME7nspA
UCDIaKuf2f1Fxly7sv5BCklg,@とあさん-x3w,6,6ヶ月,Member (6 months),,不明,,,1,1,0,2026-09-19 12:02,2026-09-19 12:02,,,https://www.youtube.com/channel/UCDIaKuf2f1Fxly7sv5BCklg
UCUhD375hKHVORXLTmBdalTA,@anontokyo2314,6,6ヶ月,Member (6 months),,不明,,,1,2,0,2026-09-19 22:02,2026-09-19 22:02,,,https://www.youtube.com/channel/UCUhD375hKHVORXLTmBdalTA
UCF6aMuMZeeP817L3EU-Woyw,@カルーア-s1l,6,6ヶ月,Member (6 months),,不明,,,1,1,0,2026-09-20 12:16,2026-09-20 12:16,,,https://www.youtube.com/channel/UCF6aMuMZeeP817L3EU-Woyw
UCL__1KevRJs3uwIeivvMGAg,@だいき1999,6,6ヶ月,Member (6 months),,不明,,,1,188,0,2026-09-20 12:16,2026-09-20 12:16,,,https://www.youtube.com/channel/UCL__1KevRJs3uwIeivvMGAg
UCD6xoKD6P_Bb5KmM-PE2OpA,@マンボウ-s4s,6,6ヶ月,Member (6 months),,不明,,,1,1,0,2026-09-20 12:16,2026-09-20 12:16,,,https://www.youtube.com/channel/UCD6xoKD6P_Bb5KmM-PE2OpA
UChpixPOMsW35cfPz0e5hBVg,@ピヨちゃん-j4y,6,6ヶ月,Member (6 months),,不明,,,1,2,0,2026-09-20 12:16,2026-09-20 12:16,,,https://www.youtube.com/channel/UChpixPOMsW35cfPz0e5hBVg
UCWprO46lEggro7PtcjT-cSQ,@狐大好き白狐,6,6ヶ月,Member (6 months),,不明,,,1,3,0,2026-09-20 12:16,2026-09-20 12:16,,,https://www.youtube.com/channel/UCWprO46lEggro7PtcjT-cSQ
UCphOULhyZ0Y0VY0cOemt5Kw,@ちるちルチル,6,6ヶ月,Member (6 months),,不明,,,1,1,0,2026-09-20 19:33,2026-09-20 19:33,,,https://www.youtube.com/channel/UCphOULhyZ0Y0VY0cOemt5Kw
UCrPXR9g2AgIWw5_6078QF7A,@erushichannel9187,6,6ヶ月,Member (6 months),,星くずたち,再加入/レベル変更,,1,0,0,2026-09-20 19:33,2026-09-20 19:33,,,https://www.youtube.com/channel/UCrPXR9g2AgIWw5_6078QF7A
UCiOgOT3x4RNV1POxTegqJ7g,@hideki7239,6,6ヶ月,Member (6 months),,不明,,,1,1,0,2026-09-22 14:00,2026-09-22 14:00,,,https://www.youtube.com/channel/UCiOgOT3x4RNV1POxTegqJ7g
UCFAk_jzSUeHENxjmp2Mn7oA,@一寸の公印,6,6ヶ月,Member (6 months),,不明,,,1,2,0,2026-09-22 14:00,2026-09-22 14:00,,,https://www.youtube.com/channel/UCFAk_jzSUeHENxjmp2Mn7oA
UCkjrcMWCwvGfd5Ou5-03WAw,@みやび-k9p4t,6,6ヶ月,Member (6 months),,不明,,,1,1,0,2026-09-22 14:00,2026-09-22 14:00,,,https://www.youtube.com/channel/UCkjrcMWCwvGfd5Ou5-03WAw
UCVzxBPYswSNi4itBVVYelAA,@ほえるー,6,6ヶ月,Member (6 months),,不明,,,1,6,0,2026-09-23 15:01,2026-09-23 15:01,,,https://www.youtube.com/channel/UCVzxBPYswSNi4itBVVYelAA
UCns_ksthGH154KbsSdycH8Q,@Qch262,6,6ヶ月,Member (6 months),,不明,,,1,1,0,2026-09-26 12:02,2026-09-26 12:02,,,https://www.youtube.com/channel/UCns_ksthGH154KbsSdycH8Q
UC8kKRCsamjPh8kbeTNlWuHA,@jackpop2272,6,6ヶ月,Member (6 months),,不明,,,1,1,0,2026-09-26 12:02,2026-09-26 12:02,,,https://www.youtube.com/channel/UC8kKRCsamjPh8kbeTNlWuHA
UCOXo7I3EdQPZhlYpTwsYmcA,@zombiecake8593,6,6ヶ月,Member (6 months),,不明,,,1,1,0,2026-09-26 12:02,2026-09-26 12:02,,,https://www.youtube.com/channel/UCOXo7I3EdQPZhlYpTwsYmcA
UCzmkF6P7kCc6FAFgqhvdLFg,@大凡クローン,6,6ヶ月,Member (6 months),8,星くずたち,マイルストーン,,1,1,0,2026-10-02 20:01,2026-10-02 20:01,,,https://www.youtube.com/channel/UCzmkF6P7kCc6FAFgqhvdLFg
UC0c9C_IkSM0pxrwrcivt_SA,@celery_0905,6,6ヶ月,Member (6 months),,不明,,,1,3,0,2026-10-02 20:01,2026-10-02 20:01,,,https://www.youtube.com/channel/UC0c9C_IkSM0pxrwrcivt_SA
UCB0v_w-gI0ozpD9qSCXNK8g,@kuu_inakamono,6,6ヶ月,Member (6 months),,不明,,,1,1,0,2026-10-02 20:01,2026-10-02 20:01,,,https://www.youtube.com/channel/UCB0v_w-gI0ozpD9qSCXNK8g
UCt7f4Zv4p_rWQe9toenu3oA,@kaede6687,6,6ヶ月,Member (6 months),,不明,,,1,3,0,2026-10-02 20:01,2026-10-02 20:01,,,https://www.youtube.com/channel/UCt7f4Zv4p_rWQe9toenu3oA
UC_fbSmB1jGfzF7d4ORKZ6sA,@デスコ,6,6ヶ月,Member (6 months),,不明,,,1,1,0,2026-10-03 22:01,2026-10-03 22:01,,,https://www.youtube.com/channel/UC_fbSmB1jGfzF7d4ORKZ6sA
UCC5wmG65JVJQReXvdPRNe5g,@niym_896,6,6ヶ月,Member (6 months),,不明,,,1,1,0,2026-10-03 22:01,2026-10-03 22:01,,,https://www.youtube.com/channel/UCC5wmG65JVJQReXvdPRNe5g
UCCUdnmWip27cjiI0U-SBYbA,@sasachan3277,6,6ヶ月,Member (6 months),,不明,,,1,29,0,2026-10-05 19:02,2026-10-05 19:02,,,https://www.youtube.com/channel/UCCUdnmWip27cjiI0U-SBYbA
UC2OQbBf0B5KJSNQgWkIKOHA,@ピリリプププ,6,6ヶ月,Member (6 months),,不明,,,1,84,0,2026-10-05 19:02,2026-10-05 19:02,,,https://www.youtube.com/channel/UC2OQbBf0B5KJSNQgWkIKOHA
UCVcnQNTjcS_jzpclKgdrh1A,@yupasuta,6,6ヶ月,Member (6 months),,不明,,,1,1,0,2026-10-05 19:02,2026-10-05 19:02,,,https://www.youtube.com/channel/UCVcnQNTjcS_jzpclKgdrh1A
UC_9-p0bFLbsCIdBUHQx7_Aw,@つつやえい,6,6ヶ月,Member (6 months),,不明,,,1,12,0,2026-10-05 19:02,2026-10-05 19:02,,,https://www.youtube.com/channel/UC_9-p0bFLbsCIdBUHQx7_Aw
UCdoE2KSa1929w_Okia1OVtA,@遊佐あおばAkairo,6,6ヶ月,Member (6 months),,不明,,,1,2,0,2026-10-05 19:02,2026-10-05 19:02,,,https://www.youtube.com/channel/UCdoE2KSa1929w_Okia1OVtA
UC1jgn2KSg4zd-7JLZYxDNKg,@onepointsix3684,6,6ヶ月,Member (6 months),,星くずたち,再加入/レベル変更,,1,3,0,2026-10-05 19:02,2026-10-05 19:02,,,https://www.youtube.com/channel/UC1jgn2KSg4zd-7JLZYxDNKg
UCehUzRXuEzfmPstDO-EeeRg,@muren-xu1yh,6,6ヶ月,Member (6 months),,不明,,,1,3,0,2026-10-05 19:02,2026-10-05 19:02,,,https://www.youtube.com/channel/UCehUzRXuEzfmPstDO-EeeRg
UCdIZeNkYCy5xXB8sOUu3FpQ,@akasi8,6,6ヶ月,Member (6 months),,不明,,,1,10,0,2026-10-05 19:02,2026-10-05 19:02,,,https://www.youtube.com/channel/UCdIZeNkYCy5xXB8sOUu3FpQ
UCMTt_CvU8A7Zip4U7gdrAzA,@HaloStealth512,6,6ヶ月,Member (6 months),,不明,,,1,3,0,2026-10-05 19:02,2026-10-05 19:02,,,https://www.youtube.com/channel/UCMTt_CvU8A7Zip4U7gdrAzA
UC2U-J2pby8WlXny7KA36HOg,@ぽぐれ伯爵,6,6ヶ月,Member (6 months),,不明,,,1,10,0,2026-10-05 19:02,2026-10-05 19:02,,,https://www.youtube.com/channel/UC2U-J2pby8WlXny7KA36HOg
UCNfed2dlwFh9WUp9P5tiQRQ,@suisuisuzumi,6,6ヶ月,Member (6 months),,不明,,,1,1,0,2026-10-05 19:02,2026-10-05 19:02,,,https://www.youtube.com/channel/UCNfed2dlwFh9WUp9P5tiQRQ
UCPqQpDJqALQs0xhsbShw9NA,@ゆうゆう-p6s,6,6ヶ月,Member (6 months),,不明,,,1,1,0,2026-10-05 19:02,2026-10-05 19:02,,,https://www.youtube.com/channel/UCPqQpDJqALQs0xhsbShw9NA
UCvyQlHKHsUjE9Buwu6x4r6g,@canaan_mr2,6,6ヶ月,Member (6 months),,不明,,,1,7,0,2026-10-05 19:02,2026-10-05 19:02,,,https://www.youtube.com/channel/UCvyQlHKHsUjE9Buwu6x4r6g
UCgNhsir1WnmaVal7BuHyDTA,@narazu04510,6,6ヶ月,Member (6 months),,不明,,,1,5,0,2026-10-05 19:02,2026-10-05 19:02,,,https://www.youtube.com/channel/UCgNhsir1WnmaVal7BuHyDTA
UCfXepZrl0CnavQtTwUyer9A,@TS-vj2hl,6,6ヶ月,Member (6 months),,不明,,,1,14,0,2026-10-05 19:02,2026-10-05 19:02,,,https://www.youtube.com/channel/UCfXepZrl0CnavQtTwUyer9A
UCLMPJyAJb1VcsNTvtrtt3Ng,@クロD9,6,6ヶ月,Member (6 months),,不明,,,1,1,0,2026-10-05 19:02,2026-10-05 19:02,,,https://www.youtube.com/channel/UCLMPJyAJb1VcsNTvtrtt3Ng
UCOe8jomnlibNlM-nwwEKkGg,@唐揚げ税込410円,6,6ヶ月,Member (6 months),,不明,,,1,1,0,2026-10-05 19:02,2026-10-05 19:02,,,https://www.youtube.com/channel/UCOe8jomnlibNlM-nwwEKkGg
UCP99dMAZ8OOEBkdSSUMrCnA,@葉舞-m4m,6,6ヶ月,Member (6 months),,不明,,,1,4,0,2026-10-05 19:02,2026-10-05 19:02,,,https://www.youtube.com/channel/UCP99dMAZ8OOEBkdSSUMrCnA
UCWw6Y9LFn2CiBeCKK9XtngQ,@チャトラネコ-g2f,6,6ヶ月,Member (6 months),,不明,,,1,18,0,2026-10-05 19:02,2026-10-05 19:02,,,https://www.youtube.com/channel/UCWw6Y9LFn2CiBeCKK9XtngQ
UCHdnWvYSDHgDJZBaGmrj6Ng,@しめさば-b8k,6,6ヶ月,Member (6 months),,不明,,,1,7,0,2026-10-05 19:02,2026-10-05 19:02,,,https://www.youtube.com/channel/UCHdnWvYSDHgDJZBaGmrj6Ng
UCGgzI23WoCixrtLkpdF2dKA,@ssormmm0v0,6,6ヶ月,Member (6 months),,不明,,,1,33,0,2026-10-05 19:02,2026-10-05 19:02,,,https://www.youtube.com/channel/UCGgzI23WoCixrtLkpdF2dKA
UCUBAvSBdMdgy3VRI4e7SCVg,@tony-ts2st,6,6ヶ月,Member (6 months),,不明,,,1,1,0,2026-10-05 19:02,2026-10-05 19:02,,,https://www.youtube.com/channel/UCUBAvSBdMdgy3VRI4e7SCVg
UCVQa6RGZUXb8EoSky1htUlg,@InfiniteFrontier,6,6ヶ月,Member (6 months),,不明,,,1,3,0,2026-10-05 19:02,2026-10-05 19:02,,,https://www.youtube.com/channel/UCVQa6RGZUXb8EoSky1htUlg
UCxdPDbkJQ1hr-T756Uo0XgA,@モカ-n8z,6,6ヶ月,Member (6 months),,不明,,,1,1,0,2026-10-05 19:02,2026-10-05 19:02,,,https://www.youtube.com/channel/UCxdPDbkJQ1hr-T756Uo0XgA
UCBbTsfktcQnm1TROKNITsbg,@るれいや,6,6ヶ月,Member (6 months),,不明,,,1,1,0,2026-10-05 19:02,2026-10-05 19:02,,,https://www.youtube.com/channel/UCBbTsfktcQnm1TROKNITsbg
UCn4EZGT_wrGmtKD5yU30DDA,@そおそお爽,6,6ヶ月,Member (6 months),,不明,,,1,2,0,2026-10-05 19:02,2026-10-05 19:02,,,https://www.youtube.com/channel/UCn4EZGT_wrGmtKD5yU30DDA
UCzi2fexUylvye_9BM2b3SUA,@アンレイン,6,6ヶ月,Member (6 months),,不明,,,1,1,0,2026-10-05 19:02,2026-10-05 19:02,,,https://www.youtube.com/channel/UCzi2fexUylvye_9BM2b3SUA
UCV7fbyvXNuYuJvA71L2dukQ,@YZL-nd3ei,6,6ヶ月,Member (6 months),,不明,,,1,1,0,2026-10-05 19:02,2026-10-05 19:02,,,https://www.youtube.com/channel/UCV7fbyvXNuYuJvA71L2dukQ
UC_bT1ojkwlIi8Y6pgBzmjGg,@Kum-sq3uk,6,6ヶ月,Member (6 months),,不明,,,1,2,0,2026-10-05 19:02,2026-10-05 19:02,,,https://www.youtube.com/channel/UC_bT1ojkwlIi8Y6pgBzmjGg
UCVBG_npXLRtTEcVN8jVn4nA,@ねじなの,6,6ヶ月,Member (6 months),,不明,,,1,8,0,2026-10-05 19:02,2026-10-05 19:02,,,https://www.youtube.com/channel/UCVBG_npXLRtTEcVN8jVn4nA
UCTIjhzTmrki5Qbkqzr3KbTw,@dddy-y2t,6,6ヶ月,Member (6 months),,不明,,,1,1,0,2026-10-05 19:02,2026-10-05 19:02,,,https://www.youtube.com/channel/UCTIjhzTmrki5Qbkqzr3KbTw
UC1G8sMnpyIycTnYvaHNtLFw,@Tom-dk9nk,6,6ヶ月,Member (6 months),,不明,,,1,2,0,2026-10-05 19:02,2026-10-05 19:02,,,https://www.youtube.com/channel/UC1G8sMnpyIycTnYvaHNtLFw
UC-3Ld1Hr0ZFzOggHU0tC2og,@エビ窯の人,6,6ヶ月,Member (6 months),,不明,,,1,1,0,2026-10-05 19:02,2026-10-05 19:02,,,https://www.youtube.com/channel/UC-3Ld1Hr0ZFzOggHU0tC2og
UCX1zRL8vBBFhfQ3KhhYKxkA,@シュン-s1o,6,6ヶ月,Member (6 months),,不明,,,1,2,1,2026-10-05 19:02,2026-10-05 19:02,,,https://www.youtube.com/channel/UCX1zRL8vBBFhfQ3KhhYKxkA
UCM8AIvw69WcZIKepEkopdVQ,@D刹那,6,6ヶ月,Member (6 months),,不明,,,1,1,0,2026-10-05 19:02,2026-10-05 19:02,,,https://www.youtube.com/channel/UCM8AIvw69WcZIKepEkopdVQ
UCMXoy8-zG7GQj0o4hyvRH5Q,@さゆさん-y7o,6,6ヶ月,Member (6 months),,不明,,,1,1,1,2026-10-05 19:02,2026-10-05 19:02,,,https://www.youtube.com/channel/UCMXoy8-zG7GQj0o4hyvRH5Q
UCnfAFP9YYD9a38_vETQNzTg,@イチニィサン,6,6ヶ月,Member (6 months),,不明,,,1,1,0,2026-10-05 19:02,2026-10-05 19:02,,,https://www.youtube.com/channel/UCnfAFP9YYD9a38_vETQNzTg
UCltdfzsjPL9krotZslhs9jg,@坂東武者-x4v,6,6ヶ月,Member (6 months),,不明,,,1,1,0,2026-10-05 19:02,2026-10-05 19:02,,,https://www.youtube.com/channel/UCltdfzsjPL9krotZslhs9jg
UCBN16VBe_WMnS167q4sJOHw,@烏丸セリア,6,6ヶ月,Member (6 months),,不明,,,1,3,0,2026-10-05 19:02,2026-10-05 19:02,,,https://www.youtube.com/channel/UCBN16VBe_WMnS167q4sJOHw
UCv8fa5EiHo9TU4PoWgO4xTA,@ひずみん602,6,6ヶ月,Member (6 months),,不明,,,1,1,0,2026-10-05 19:02,2026-10-05 19:02,,,https://www.youtube.com/channel/UCv8fa5EiHo9TU4PoWgO4xTA
UCNxE23eV6XbyLdFsGSI66cw,@sakon5927,6,6ヶ月,Member (6 months),,不明,,,1,4,0,2026-10-05 19:02,2026-10-05 19:02,,,https://www.youtube.com/channel/UCNxE23eV6XbyLdFsGSI66cw
UCLEaaud-Wc2qepYxOjAc0SA,@まるまるくん-i9z,6,6ヶ月,Member (6 months),,不明,,,1,3,0,2026-10-05 19:02,2026-10-05 19:02,,,https://www.youtube.com/channel/UCLEaaud-Wc2qepYxOjAc0SA
UC4CqepNgs1o6YH-4Xy6a7PA,@エミヤシロウ-r3q,6,6ヶ月,Member (6 months),,不明,,,1,1,1,2026-10-05 19:02,2026-10-05 19:02,,,https://www.youtube.com/channel/UC4CqepNgs1o6YH-4Xy6a7PA
UCrv7JlakRBAbuSGDdtEHpeg,@久斗,6,6ヶ月,Member (6 months),,不明,,,1,4,0,2026-10-05 19:02,2026-10-05 19:02,,,https://www.youtube.com/channel/UCrv7JlakRBAbuSGDdtEHpeg
UCpEBlbLdJ-E9aB0eDK-oIQA,@芝生-g3v,6,6ヶ月,Member (6 months),,不明,,,1,1,0,2026-10-05 19:02,2026-10-05 19:02,,,https://www.youtube.com/channel/UCpEBlbLdJ-E9aB0eDK-oIQA
UCphlRz6TdW1ghwRQZw-b2_w,@明太だらけ,6,6ヶ月,Member (6 months),,不明,,,1,1,0,2026-10-05 19:02,2026-10-05 19:02,,,https://www.youtube.com/channel/UCphlRz6TdW1ghwRQZw-b2_w
UCh2uytZkhpjbJxJg3B177Bg,@べにうめ-j2y,6,6ヶ月,Member (6 months),,不明,,,1,1,0,2026-10-05 19:02,2026-10-05 19:02,,,https://www.youtube.com/channel/UCh2uytZkhpjbJxJg3B177Bg
UCw4OlfFnsRNCIRCqmVzz5Sg,@超tyou39,6,6ヶ月,Member (6 months),10,星くずたち,マイルストーン,,1,1,0,2026-10-05 19:02,2026-10-05 19:02,,,https://www.youtube.com/channel/UCw4OlfFnsRNCIRCqmVzz5Sg
UCjrEDU7SpI9NXngt9ubLn9g,@うらっく,6,6ヶ月,Member (6 months),10,星くずたち,マイルストーン,,1,0,0,2026-10-05 19:02,2026-10-05 19:02,,,https://www.youtube.com/channel/UCjrEDU7SpI9NXngt9ubLn9g
UCwUCKD3w2hCSveFX81eb5XA,@鋼蜜柑,6,6ヶ月,Member (6 months),,星くずたち,再加入/レベル変更,,1,0,0,2026-10-05 19:02,2026-10-05 19:02,,,https://www.youtube.com/channel/UCwUCKD3w2hCSveFX81eb5XA
UCRLUfsK3dgVA1X6lHYIgSjg,@ツバサ-t3d,6,6ヶ月,Member (6 months),,不明,,,1,2,0,2026-10-06 21:00,2026-10-06 21:00,,,https://www.youtube.com/channel/UCRLUfsK3dgVA1X6lHYIgSjg
UCTDNrZxe79HBZGwzOd2Xfiw,@まくら-n1p,6,6ヶ月,Member (6 months),,不明,,,1,1,0,2026-10-06 21:00,2026-10-06 21:00,,,https://www.youtube.com/channel/UCTDNrZxe79HBZGwzOd2Xfiw
UChfxGkRa4O-PZvWw9qhjbRg,@雪ダルマ-s7i,6,6ヶ月,Member (6 months),,不明,,,1,4,0,2026-10-06 21:00,2026-10-06 21:00,,,https://www.youtube.com/channel/UChfxGkRa4O-PZvWw9qhjbRg
UCj5NeIjuLmNRRwOGZiYHIiQ,@ユート-o3n,6,6ヶ月,Member (6 months),,不明,,,1,1,0,2026-10-06 21:00,2026-10-06 21:00,,,https://www.youtube.com/channel/UCj5NeIjuLmNRRwOGZiYHIiQ
UCqOVJWMDrPDwKuDRTNSy6_g,@カイ-m5k,6,6ヶ月,Member (6 months),,不明,,,1,1,0,2026-10-06 21:00,2026-10-06 21:00,,,https://www.youtube.com/channel/UCqOVJWMDrPDwKuDRTNSy6_g
UCtK_zNhh-NROP3GnS-2--lw,@shionmizobe3777,6,6ヶ月,Member (6 months),,不明,,,1,2,0,2026-10-06 21:00,2026-10-06 21:00,,,https://www.youtube.com/channel/UCtK_zNhh-NROP3GnS-2--lw
UCW__lBPkA2_LyjdmbaGdtuw,@アステル-q2n,6,6ヶ月,Member (6 months),,不明,,,1,2,0,2026-10-06 21:00,2026-10-06 21:00,,,https://www.youtube.com/channel/UCW__lBPkA2_LyjdmbaGdtuw
UCC-6jQ5eYqt1DZmQAcVkdnw,@りょうた-k6f,6,6ヶ月,Member (6 months),,不明,,,1,1,0,2026-10-06 21:00,2026-10-06 21:00,,,https://www.youtube.com/channel/UCC-6jQ5eYqt1DZmQAcVkdnw
UCxoaMko4sKkyyduk7-7-VzA,@こいし-n2n,6,6ヶ月,Member (6 months),,不明,,,1,1,0,2026-10-06 21:00,2026-10-06 21:00,,,https://www.youtube.com/channel/UCxoaMko4sKkyyduk7-7-VzA
UCfKbX50GKgL-uDnQOiG4YrA,@tabe6521,6,6ヶ月,Member (6 months),,不明,,,1,1,0,2026-10-06 21:00,2026-10-06 21:00,,,https://www.youtube.com/channel/UCfKbX50GKgL-uDnQOiG4YrA
UCN8laH8jT1_Z5toKtzj2p1w,@hamataku-Youtube,6,6ヶ月,Member (6 months),,不明,,,1,1,0,2026-10-06 21:00,2026-10-06 21:00,,,https://www.youtube.com/channel/UCN8laH8jT1_Z5toKtzj2p1w
UCsCW8HSRMfmj9hng6Nq6R5g,@しろいこな,6,6ヶ月,Member (6 months),,不明,,,1,1,0,2026-10-10 12:03,2026-10-10 12:03,,,https://www.youtube.com/channel/UCsCW8HSRMfmj9hng6Nq6R5g
UCQhDhRsaK8hQOdRyKhqOMDg,@sho_2547,6,6ヶ月,Member (6 months),,不明,,,1,2,0,2026-10-10 12:03,2026-10-10 12:03,,,https://www.youtube.com/channel/UCQhDhRsaK8hQOdRyKhqOMDg
UC8q1tDUbVsMdLQsxaVxKQIg,@ズル-n9v,6,6ヶ月,Member (6 months),,不明,,,1,7,0,2026-10-10 12:03,2026-10-10 12:03,,,https://www.youtube.com/channel/UC8q1tDUbVsMdLQsxaVxKQIg
UC3B1Eap_9Hz2MRIpzjTct8w,@cjwho1749,6,6ヶ月,Member (6 months),,不明,,,1,1,0,2026-10-10 12:03,2026-10-10 12:03,,,https://www.youtube.com/channel/UC3B1Eap_9Hz2MRIpzjTct8w
UCMdcf0dL1HyyFQOdLzNeGtg,@ノーワークノーライフ代表_木月,6,6ヶ月,Member (6 months),,不明,,,1,2,0,2026-10-10 12:03,2026-10-10 12:03,,,https://www.youtube.com/channel/UCMdcf0dL1HyyFQOdLzNeGtg
UCjomZBxmMaKg9EAYbS7hS4A,@user-ve7en5wi9d,6,6ヶ月,Member (6 months),,星くずたち,再加入/レベル変更,,1,0,0,2026-10-10 12:03,2026-10-10 12:03,,,https://www.youtube.com/channel/UCjomZBxmMaKg9EAYbS7hS4A
UCxsw7Fhwp_uIjxThdBm4Rew,@ゆっくりする,6,6ヶ月,Member (6 months),,星くずたち,再加入/レベル変更,,1,0,0,2026-10-10 12:03,2026-10-10 12:03,,,https://www.youtube.com/channel/UCxsw7Fhwp_uIjxThdBm4Rew
UCbKP_d9YVA5r4FKcsOkWwQQ,@んーしのん,6,6ヶ月,Member (6 months),,不明,,,1,10,0,2026-10-10 22:03,2026-10-10 22:03,,,https://www.youtube.com/channel/UCbKP_d9YVA5r4FKcsOkWwQQ
UCfsEQ1zo3_JZCFug9PKIhcg,@ぴょん-s5l,6,6ヶ月,Member (6 months),,不明,,,1,5,0,2026-10-10 22:03,2026-10-10 22:03,,,https://www.youtube.com/channel/UCfsEQ1zo3_JZCFug9PKIhcg
UC5Q0R6Ehn3q3Dq1pKbd7-AA,@Mizuki-edf,6,6ヶ月,Member (6 months),,不明,,,1,4,0,2026-10-10 22:03,2026-10-10 22:03,,,https://www.youtube.com/channel/UC5Q0R6Ehn3q3Dq1pKbd7-AA
UCK0GVOG18nBj-2Q2rtu2fxg,@しま次郎-l6c,6,6ヶ月,Member (6 months),,不明,,,1,3,0,2026-10-10 22:03,2026-10-10 22:03,,,https://www.youtube.com/channel/UCK0GVOG18nBj-2Q2rtu2fxg
UCldSvn_Skr5pZt0ybd9qfNA,@バルさん-k8k,6,6ヶ月,Member (6 months),,不明,,,1,13,0,2026-10-10 22:03,2026-10-10 22:03,,,https://www.youtube.com/channel/UCldSvn_Skr5pZt0ybd9qfNA
UCwCkjIAOvvcyRh0bwHmBrHg,@あーたんKey,6,6ヶ月,Member (6 months),,不明,,,1,24,0,2026-10-10 22:03,2026-10-10 22:03,,,https://www.youtube.com/channel/UCwCkjIAOvvcyRh0bwHmBrHg
UCNEPJXJSjp5u5DBaIM56MlQ,@康夫あんどれ,6,6ヶ月,Member (6 months),,不明,,,1,1,0,2026-10-10 22:03,2026-10-10 22:03,,,https://www.youtube.com/channel/UCNEPJXJSjp5u5DBaIM56MlQ
UCxU6W8dVIa5upfVxbBHt9gw,@松下ミツTERU,6,6ヶ月,Member (6 months),,不明,,,1,1,0,2026-10-10 22:03,2026-10-10 22:03,,,https://www.youtube.com/channel/UCxU6W8dVIa5upfVxbBHt9gw
UCqTo6C0lgQrA84Gs5FNmBzw,@真改-j1z,6,6ヶ月,Member (6 months),,不明,,,1,1,0,2026-10-10 22:03,2026-10-10 22:03,,,https://www.youtube.com/channel/UCqTo6C0lgQrA84Gs5FNmBzw
UC8BRx9bDZ_RokVZKTIIEoTg,@なす夫,6,6ヶ月,Member (6 months),,星くずたち,再加入/レベル変更,,1,0,0,2026-10-10 22:03,2026-10-10 22:03,,,https://www.youtube.com/channel/UC8BRx9bDZ_RokVZKTIIEoTg
UCAXbMXHVh03t_rugiNtqo6g,@キジ白ヒカリ,6,6ヶ月,Member (6 months),,星くずたち,再加入/レベル変更,,1,0,0,2026-10-10 22:03,2026-10-10 22:03,,,https://www.youtube.com/channel/UCAXbMXHVh03t_rugiNtqo6g
UCzbMt8d4qD4PMTY9LV6a5Tg,@Esuna398,6,6ヶ月,Member (6 months),,星くずたち,再加入/レベル変更,,1,0,0,2026-10-10 22:03,2026-10-10 22:03,,,https://www.youtube.com/channel/UCzbMt8d4qD4PMTY9LV6a5Tg
UC5AaKk4JC6ht-Dsv7DwqTcQ,@タスク-M2,2,2ヶ月,Member (2 months),,不明,,,19,1225,2,2026-09-12 14:02,2026-10-10 22:03,,,https://www.youtube.com/channel/UC5AaKk4JC6ht-Dsv7DwqTcQ
UCmcujwVxgDpTre7gVGgzWuw,@seven-s1u,2,2ヶ月,Member (2 months),,不明,,,15,599,0,2026-09-12 14:02,2026-10-10 12:03,,,https://www.youtube.com/channel/UCmcujwVxgDpTre7gVGgzWuw
UCkycgWU4aZOtOF428E3Zz0w,@Rinon-Sakura,2,2ヶ月,Member (2 months),,不明,,,15,536,0,2026-09-18 21:01,2026-10-10 22:03,,,https://www.youtube.com/channel/UCkycgWU4aZOtOF428E3Zz0w
UC1bx3A63_wDS2Ruq2VogYDA,@マル-b4z4m,2,2ヶ月,Member (2 months),,不明,,,14,1520,1,2026-09-12 14:02,2026-10-10 12:03,,,https://www.youtube.com/channel/UC1bx3A63_wDS2Ruq2VogYDA
UC5EYtRrCnTU9VIsskF_gWpg,@ねみんぐ-Neming,2,2ヶ月,Member (2 months),,星くずたち,再加入/レベル変更（2026-09-07）,,13,48,9,2026-09-12 22:01,2026-10-10 22:03,,,https://www.youtube.com/channel/UC5EYtRrCnTU9VIsskF_gWpg
UCfb6js43TJbbmjfC0BiZCkA,@はむおーじ絵を描く人,2,2ヶ月,Member (2 months),,不明,,,12,213,0,2026-09-12 14:02,2026-10-10 12:03,,,https://www.youtube.com/channel/UCfb6js43TJbbmjfC0BiZCkA
UC4RKQO1D7zdOOE_9IMR1cLQ,@そあー_soar08,2,2ヶ月,Member (2 months),,不明,,,12,751,0,2026-09-12 14:02,2026-10-10 12:03,,,https://www.youtube.com/channel/UC4RKQO1D7zdOOE_9IMR1cLQ
UCdT3zLemJ_cUazscrCfB9bw,@缶詰めぇ,2,2ヶ月,Member (2 months),,不明,,,11,2381,0,2026-09-12 14:02,2026-10-05 19:02,,,https://www.youtube.com/channel/UCdT3zLemJ_cUazscrCfB9bw
UCTQ5NrC_LfKTW2hitlogOBA,@FIN0808-s6v,2,2ヶ月,Member (2 months),,不明,,,11,62,0,2026-09-19 12:02,2026-10-10 22:03,,,https://www.youtube.com/channel/UCTQ5NrC_LfKTW2hitlogOBA
UCmYZp0L1rviizG6-7yywuRQ,@LION_3761,2,2ヶ月,Member (2 months),,不明,,,10,202,0,2026-09-12 14:02,2026-10-05 19:02,,,https://www.youtube.com/channel/UCmYZp0L1rviizG6-7yywuRQ
UCJcksNvIEDnw4IM3VPo-zHQ,@足利ヨシムネ,2,2ヶ月,Member (2 months),,不明,,,10,27,0,2026-09-12 22:01,2026-10-10 22:03,,,https://www.youtube.com/channel/UCJcksNvIEDnw4IM3VPo-zHQ
UC-F7Ydo-DkaQbbwnFtaQqZQ,@リナリアさん,2,2ヶ月,Member (2 months),,不明,,,10,327,0,2026-09-14 19:02,2026-10-10 12:03,,,https://www.youtube.com/channel/UC-F7Ydo-DkaQbbwnFtaQqZQ
UCUXjuOQitPzKfK2_mV7lqRQ,@いずやん_Izuyan,2,2ヶ月,Member (2 months),,不明,,,9,15,0,2026-09-12 14:02,2026-10-10 22:03,,,https://www.youtube.com/channel/UCUXjuOQitPzKfK2_mV7lqRQ
UCVXxqvzDrruKgbChXHFdthQ,@aquacrown9654,2,2ヶ月,Member (2 months),,不明,,,9,34,0,2026-09-12 22:01,2026-10-10 12:03,,,https://www.youtube.com/channel/UCVXxqvzDrruKgbChXHFdthQ
UCfLFA1ju5SXHFbFa9Mbq7jw,@am-mf3iw,2,2ヶ月,Member (2 months),,不明,,,9,125,0,2026-09-12 22:01,2026-10-10 22:03,,,https://www.youtube.com/channel/UCfLFA1ju5SXHFbFa9Mbq7jw
UCPHv9b6swbq8tPWHQVKs8mg,@小咲シュン,2,2ヶ月,Member (2 months),,不明,,,9,56,0,2026-09-14 19:02,2026-10-10 22:03,,,https://www.youtube.com/channel/UCPHv9b6swbq8tPWHQVKs8mg
UCZKhQ1sAgq73oWgQuc8fDaA,@baihaqisy,2,2ヶ月,Member (2 months),,不明,,,8,9,0,2026-09-12 14:02,2026-10-03 12:00,,,https://www.youtube.com/channel/UCZKhQ1sAgq73oWgQuc8fDaA
UCw7wDZvJ86gDxU5uk9JHyfA,@もちもちモンブラン,2,2ヶ月,Member (2 months),,不明,,,7,9,0,2026-09-12 14:02,2026-09-29 18:58,,,https://www.youtube.com/channel/UCw7wDZvJ86gDxU5uk9JHyfA
UCUssNcxrvBArHFSuS6b7RRA,@桜餅_te,2,2ヶ月,Member (2 months),,不明,,,7,1094,0,2026-09-12 22:01,2026-10-10 22:03,,,https://www.youtube.com/channel/UCUssNcxrvBArHFSuS6b7RRA
UCbXFjFoxNf9P_4k9vKCtbkQ,@ひふみ-よいつ,2,2ヶ月,Member (2 months),,不明,,,7,15,0,2026-09-12 22:01,2026-10-10 22:03,,,https://www.youtube.com/channel/UCbXFjFoxNf9P_4k9vKCtbkQ
UCzGu2uER7LqNfA4BGYZcRzQ,@守杜香-瑠烏_すずか-るう,2,2ヶ月,Member (2 months),,不明,,,7,148,0,2026-09-14 19:02,2026-10-10 12:03,,,https://www.youtube.com/channel/UCzGu2uER7LqNfA4BGYZcRzQ
UC6TpITfuYP1HDY5zSE-H5pQ,@minion-art33,2,2ヶ月,Member (2 months),,不明,,,7,222,0,2026-09-14 19:02,2026-10-06 21:00,,,https://www.youtube.com/channel/UC6TpITfuYP1HDY5zSE-H5pQ
UCzky6MX84kMnQIdNtSHTcKg,@ぬっしーくらやみん,2,2ヶ月,Member (2 months),,不明,,,7,48,0,2026-09-14 19:02,2026-10-10 22:03,,,https://www.youtube.com/channel/UCzky6MX84kMnQIdNtSHTcKg
UCadNJgTsvlb6xhwz1MKlxGg,@jervis7994,2,2ヶ月,Member (2 months),,不明,,,6,34,0,2026-09-12 22:01,2026-10-10 22:03,,,https://www.youtube.com/channel/UCadNJgTsvlb6xhwz1MKlxGg
UClwUnBqOjXdc5LIEb1KXUKQ,@ジャス多,2,2ヶ月,Member (2 months),,不明,,,6,34,0,2026-09-12 22:01,2026-10-06 21:00,,,https://www.youtube.com/channel/UClwUnBqOjXdc5LIEb1KXUKQ
UCk24M9jrj1i73ipco_TgfaQ,@したかん,2,2ヶ月,Member (2 months),,不明,,,5,38,0,2026-09-12 22:01,2026-10-10 22:03,,,https://www.youtube.com/channel/UCk24M9jrj1i73ipco_TgfaQ
UCQsDY4mMs9Hhndk9mZKgcJw,@いちろくご-sk2,2,2ヶ月,Member (2 months),,不明,,,5,49,1,2026-09-12 22:01,2026-10-10 22:03,,,https://www.youtube.com/channel/UCQsDY4mMs9Hhndk9mZKgcJw
UC4BUx2VrcwP3tse0Bhf0u8g,@たわし007,2,2ヶ月,Member (2 months),,星くずたち,再加入/レベル変更,,5,150,0,2026-09-14 19:02,2026-10-10 12:03,,,https://www.youtube.com/channel/UC4BUx2VrcwP3tse0Bhf0u8g
UC1bmphzBi6JBazG5GebOujQ,@AC_24,2,2ヶ月,Member (2 months),,不明,,,5,111,0,2026-09-19 12:02,2026-10-05 19:02,,,https://www.youtube.com/channel/UC1bmphzBi6JBazG5GebOujQ
UCoK0VS--Vx4roCPk_snsyfQ,@歌う鍋,2,2ヶ月,Member (2 months),,星くずたち,再加入/レベル変更,,5,1071,0,2026-09-19 12:02,2026-10-10 12:03,,,https://www.youtube.com/channel/UCoK0VS--Vx4roCPk_snsyfQ
UCyGciqiSbG5wc67e7YlANBA,@ゆきな0119,2,2ヶ月,Member (2 months),,不明,,,4,7,0,2026-09-12 14:02,2026-09-29 18:58,,,https://www.youtube.com/channel/UCyGciqiSbG5wc67e7YlANBA
UCNutyKYEuFPEmUr7pbdsoiw,@ぱぴよん_ch,2,2ヶ月,Member (2 months),,不明,,,4,74,0,2026-09-12 22:01,2026-10-10 22:03,,,https://www.youtube.com/channel/UCNutyKYEuFPEmUr7pbdsoiw
UC6AiLpKSVvFB3st5sKqCh9g,@りょう.涼花萌ちゃん推し,2,2ヶ月,Member (2 months),3,星くずたち,マイルストーン,,4,33,0,2026-09-14 19:02,2026-10-10 12:03,,,https://www.youtube.com/channel/UC6AiLpKSVvFB3st5sKqCh9g
UCRknwSnkLJfo6cjPwW8Rfag,@onion_zakuzaku,2,2ヶ月,Member (2 months),,不明,,,4,20,0,2026-09-19 12:02,2026-10-10 22:03,,,https://www.youtube.com/channel/UCRknwSnkLJfo6cjPwW8Rfag
UCcNPm6NwWd39n59c_FOBkKw,@nook2619,2,2ヶ月,Member (2 months),3,星くずたち,マイルストーン,,4,362,0,2026-09-19 22:02,2026-10-10 22:03,,,https://www.youtube.com/channel/UCcNPm6NwWd39n59c_FOBkKw
UCyahdAcW_PRWYj5Z1uQ6ylQ,@温泉玉子-i9e,2,2ヶ月,Member (2 months),,不明,,,4,108,0,2026-09-20 12:16,2026-10-05 19:02,,,https://www.youtube.com/channel/UCyahdAcW_PRWYj5Z1uQ6ylQ
UCuBCXjdhmn3I-C9jgU-FjqQ,@雷光-Raikou,2,2ヶ月,Member (2 months),,不明,,,3,332,0,2026-09-12 22:01,2026-10-03 22:01,,,https://www.youtube.com/channel/UCuBCXjdhmn3I-C9jgU-FjqQ
UCbVX0spKro0c4rzeP3HKNjg,@DNA-q3l,2,2ヶ月,Member (2 months),,不明,,,3,13,0,2026-09-12 22:01,2026-10-10 22:03,,,https://www.youtube.com/channel/UCbVX0spKro0c4rzeP3HKNjg
UChMx3VgPcv19YTQ0O95KlwQ,@航海士のナミ-x6e,2,2ヶ月,Member (2 months),,不明,,,3,3,0,2026-09-12 22:01,2026-09-19 22:02,,,https://www.youtube.com/channel/UChMx3VgPcv19YTQ0O95KlwQ
UClkWryKGMu-LnS7jNbgikTA,@たらへる,2,2ヶ月,Member (2 months),,不明,,,3,29,0,2026-09-14 19:02,2026-09-20 12:16,,,https://www.youtube.com/channel/UClkWryKGMu-LnS7jNbgikTA
UCSoxLOz0J_KbciuanY8wGvw,@パンプキン-c5w,2,2ヶ月,Member (2 months),,不明,,,3,51,0,2026-09-14 19:02,2026-10-06 21:00,,,https://www.youtube.com/channel/UCSoxLOz0J_KbciuanY8wGvw
UCntzZ3tPvPvWtZ9lD_9CPlg,@kisaki-07,2,2ヶ月,Member (2 months),3,星くずたち,マイルストーン,,3,37,0,2026-09-14 19:02,2026-10-06 21:00,,,https://www.youtube.com/channel/UCntzZ3tPvPvWtZ9lD_9CPlg
UCG5vG_du_7b2C2cZp7CPWHg,@市原タクミ,2,2ヶ月,Member (2 months),,不明,,,3,30,1,2026-09-14 19:02,2026-10-05 19:02,,,https://www.youtube.com/channel/UCG5vG_du_7b2C2cZp7CPWHg
UC8uMJMm5ECIuqJC1585evNQ,@波形けけけ,2,2ヶ月,Member (2 months),,不明,,,3,5,0,2026-09-14 19:02,2026-09-20 12:16,,,https://www.youtube.com/channel/UC8uMJMm5ECIuqJC1585evNQ
UCDuK3nohDzG-MrXbc_1ALpw,@ぷにちまる,2,2ヶ月,Member (2 months),,不明,,,3,3,0,2026-09-19 22:02,2026-10-05 19:02,,,https://www.youtube.com/channel/UCDuK3nohDzG-MrXbc_1ALpw
UCGLRaKFkf_j7qzrF-MSm7jQ,@ブンズ,2,2ヶ月,Member (2 months),,不明,,,3,96,0,2026-09-19 22:02,2026-10-10 22:03,,,https://www.youtube.com/channel/UCGLRaKFkf_j7qzrF-MSm7jQ
UCbjp2fCuN5A102vcQj2vtQA,@yuishi2525,2,2ヶ月,Member (2 months),,不明,,,3,3,0,2026-09-19 22:02,2026-10-05 19:02,,,https://www.youtube.com/channel/UCbjp2fCuN5A102vcQj2vtQA
UCKQmclHg0YcLXTfHnl_7ocQ,@Rocket-zombie,2,2ヶ月,Member (2 months),,不明,,,3,5,0,2026-09-26 12:02,2026-10-10 12:03,,,https://www.youtube.com/channel/UCKQmclHg0YcLXTfHnl_7ocQ
UCAABJSfrI6pM47tr4H3heoQ,@シオン-d1r,2,2ヶ月,Member (2 months),,星くずたち,再加入/レベル変更,,3,121,0,2026-10-05 19:02,2026-10-10 12:03,,,https://www.youtube.com/channel/UCAABJSfrI6pM47tr4H3heoQ
UChXXvhPvc4-zEVKKupnRcZg,@ほろほろくん,2,2ヶ月,Member (2 months),,不明,,,2,160,0,2026-09-12 22:01,2026-09-19 22:02,,,https://www.youtube.com/channel/UChXXvhPvc4-zEVKKupnRcZg
UCogMXiEzesS274bpHRjelXA,@りょうた1,2,2ヶ月,Member (2 months),,不明,,,2,42,0,2026-09-12 22:01,2026-10-10 22:03,,,https://www.youtube.com/channel/UCogMXiEzesS274bpHRjelXA
UCDTnCTIdtM9OnocG8Y6BCAQ,@atyutam6219,2,2ヶ月,Member (2 months),,不明,,,2,8,0,2026-09-12 22:01,2026-10-03 22:01,,,https://www.youtube.com/channel/UCDTnCTIdtM9OnocG8Y6BCAQ
UCUwW7M154hdR7Od-zaeXjEQ,@音無零士,2,2ヶ月,Member (2 months),,不明,,,2,64,0,2026-09-14 19:02,2026-09-26 12:02,,,https://www.youtube.com/channel/UCUwW7M154hdR7Od-zaeXjEQ
UCDHE0Ch8WoelO7mY3pzq10A,@海-t1o,2,2ヶ月,Member (2 months),,不明,,,2,49,1,2026-09-14 19:02,2026-10-05 19:02,,,https://www.youtube.com/channel/UCDHE0Ch8WoelO7mY3pzq10A
UCZ3rQRSFPCBt6zXnkOQuKFA,@ハロはわゆ,2,2ヶ月,Member (2 months),,不明,,,2,33,0,2026-09-14 19:02,2026-10-05 19:02,,,https://www.youtube.com/channel/UCZ3rQRSFPCBt6zXnkOQuKFA
UCfe6p7ZD_MmX_5G8OO2Bs9g,@あしサンマ,2,2ヶ月,Member (2 months),,不明,,,2,22,0,2026-09-14 19:02,2026-10-05 19:02,,,https://www.youtube.com/channel/UCfe6p7ZD_MmX_5G8OO2Bs9g
UC0u1NUEktoy0SS94LhJVs5A,@春巻パセリ,2,2ヶ月,Member (2 months),,不明,,,2,2,0,2026-09-14 19:02,2026-10-05 19:02,,,https://www.youtube.com/channel/UC0u1NUEktoy0SS94LhJVs5A
UCJUCwCqbOWqRZDfGTcNBZZg,@アキ-e2u,2,2ヶ月,Member (2 months),,不明,,,2,3,0,2026-09-17 22:46,2026-10-10 22:03,,,https://www.youtube.com/channel/UCJUCwCqbOWqRZDfGTcNBZZg
UCXTdMH9o_MA57Z6ncORGj_g,@デレスケ-q4v,2,2ヶ月,Member (2 months),,不明,,,2,29,0,2026-09-19 22:02,2026-09-26 22:01,,,https://www.youtube.com/channel/UCXTdMH9o_MA57Z6ncORGj_g
UCHAnTK21DT_QcV38KAJ_BcQ,@Luminas1,2,2ヶ月,Member (2 months),,不明,,,2,2,0,2026-09-20 12:16,2026-10-05 19:02,,,https://www.youtube.com/channel/UCHAnTK21DT_QcV38KAJ_BcQ
UCcG5S2jxRLxv9jCRoxgLiLg,@グラタン-x3m,2,2ヶ月,Member (2 months),,不明,,,2,2,0,2026-09-26 12:02,2026-10-10 22:03,,,https://www.youtube.com/channel/UCcG5S2jxRLxv9jCRoxgLiLg
UCeQ5rrc5I0_XB6q-SDaUVrQ,@パリモン0.5,2,2ヶ月,Member (2 months),,不明,,,2,2,0,2026-10-03 12:00,2026-10-03 22:01,,,https://www.youtube.com/channel/UCeQ5rrc5I0_XB6q-SDaUVrQ
UCKNiI-bRQ2R_iamDBUdTVbw,@レイランド11,2,2ヶ月,Member (2 months),,星くずたち,ギフト,ギフトで加入,2,126,0,2026-10-03 22:01,2026-10-10 22:03,○,○,https://www.youtube.com/channel/UCKNiI-bRQ2R_iamDBUdTVbw
UCRly-ePmcuxQjkD25uRqmPQ,@miya9318,2,2ヶ月,Member (2 months),,不明,,,2,49,0,2026-10-05 19:02,2026-10-06 21:00,,,https://www.youtube.com/channel/UCRly-ePmcuxQjkD25uRqmPQ
UC0GZYln4NTYcUPnVsUZLHug,@tsubasa_つばさ,2,2ヶ月,Member (2 months),,星くずたち,再加入/レベル変更,,2,115,0,2026-10-05 19:02,2026-10-06 21:00,,,https://www.youtube.com/channel/UC0GZYln4NTYcUPnVsUZLHug
UC0ywtpEKVgYZnK1ExiWrr7Q,@惣一郎39,2,2ヶ月,Member (2 months),,不明,,,2,6,0,2026-10-05 19:02,2026-10-06 21:00,,,https://www.youtube.com/channel/UC0ywtpEKVgYZnK1ExiWrr7Q
UC-962vR8r8AyZZYWRDd9yFg,@tanaken419,2,2ヶ月,Member (2 months),,不明,,,2,3,0,2026-10-05 19:02,2026-10-06 21:00,,,https://www.youtube.com/channel/UC-962vR8r8AyZZYWRDd9yFg
UCie9Y9AxEV9G9uzlFaK7MvQ,@底辺生活-x2b,2,2ヶ月,Member (2 months),,不明,,,2,4,2,2026-10-05 19:02,2026-10-06 21:00,,,https://www.youtube.com/channel/UCie9Y9AxEV9G9uzlFaK7MvQ
UCAgertNh7UjJwo7XhfLZZdw,@国技ロボコン,2,2ヶ月,Member (2 months),,不明,,,2,14,0,2026-10-10 12:03,2026-10-10 22:03,,,https://www.youtube.com/channel/UCAgertNh7UjJwo7XhfLZZdw
UCsdDmrJ0uvT0-6N6qN6CJ0w,@猫助手-r4t,2,2ヶ月,Member (2 months),,不明,,,2,46,0,2026-10-10 12:03,2026-10-10 22:03,,,https://www.youtube.com/channel/UCsdDmrJ0uvT0-6N6qN6CJ0w
UCY3C4O1t8OYn4kmtv0EIBAg,@kotaromiyake-u3v,2,2ヶ月,Member (2 months),,不明,,,2,3,0,2026-10-10 12:03,2026-10-10 22:03,,,https://www.youtube.com/channel/UCY3C4O1t8OYn4kmtv0EIBAg
UCysxHo-Wumuov5Cv8V-hzDA,@SukeA_A,2,2ヶ月,Member (2 months),,不明,,,1,1,0,2026-09-12 22:01,2026-09-12 22:01,,,https://www.youtube.com/channel/UCysxHo-Wumuov5Cv8V-hzDA
UCixvbmFnI0R2QkotmIrgOJQ,@てりん-z4s,2,2ヶ月,Member (2 months),,不明,,,1,1,0,2026-09-12 22:01,2026-09-12 22:01,,,https://www.youtube.com/channel/UCixvbmFnI0R2QkotmIrgOJQ
UCridpU1xwoKvkQpE_mA0zHw,@赤秋赤-t7y,2,2ヶ月,Member (2 months),,星くずたち,再加入/レベル変更,,1,0,0,2026-09-12 22:01,2026-09-12 22:01,,,https://www.youtube.com/channel/UCridpU1xwoKvkQpE_mA0zHw
UCxO0Dei1pAFab9PPgecwWNA,@おか-d3e,2,2ヶ月,Member (2 months),,不明,,,1,18,0,2026-09-14 19:02,2026-09-14 19:02,,,https://www.youtube.com/channel/UCxO0Dei1pAFab9PPgecwWNA
UCCPgdFMGUIHxxJYCsbQjyfA,@omochi_45,2,2ヶ月,Member (2 months),,不明,,,1,3,0,2026-09-14 19:02,2026-09-14 19:02,,,https://www.youtube.com/channel/UCCPgdFMGUIHxxJYCsbQjyfA
UCKmen_8yLvkqrG00oH8lODg,@Ken-bx3xl,2,2ヶ月,Member (2 months),,不明,,,1,2,0,2026-09-14 19:02,2026-09-14 19:02,,,https://www.youtube.com/channel/UCKmen_8yLvkqrG00oH8lODg
UCoCVzds1zPqlCa1KHSidZPA,@DS-sw7qf,2,2ヶ月,Member (2 months),,不明,,,1,26,0,2026-09-14 19:02,2026-09-14 19:02,,,https://www.youtube.com/channel/UCoCVzds1zPqlCa1KHSidZPA
UCvBafPVbFzs0m5z1g7xUn3A,@ロクヤ-q8i,2,2ヶ月,Member (2 months),,不明,,,1,1,0,2026-09-14 19:02,2026-09-14 19:02,,,https://www.youtube.com/channel/UCvBafPVbFzs0m5z1g7xUn3A
UCtc8AoXU8J3xJyO45ijY8qQ,@hotapple666,2,2ヶ月,Member (2 months),,不明,,,1,1,0,2026-09-14 19:02,2026-09-14 19:02,,,https://www.youtube.com/channel/UCtc8AoXU8J3xJyO45ijY8qQ
UC85WOZC6MYfB9-ZL6GMwknA,@鋼-y5g,2,2ヶ月,Member (2 months),,不明,,,1,1,0,2026-09-14 19:02,2026-09-14 19:02,,,https://www.youtube.com/channel/UC85WOZC6MYfB9-ZL6GMwknA
UCXFDz7jsryWBakAIrTGU_aQ,@shh7590,2,2ヶ月,Member (2 months),,不明,,,1,1,0,2026-09-16 14:33,2026-09-16 14:33,,,https://www.youtube.com/channel/UCXFDz7jsryWBakAIrTGU_aQ
UCxu0O_a1SQKpU6sLkt_3nnA,@ねこどみん,2,2ヶ月,Member (2 months),,不明,,,1,1,0,2026-09-16 21:02,2026-09-16 21:02,,,https://www.youtube.com/channel/UCxu0O_a1SQKpU6sLkt_3nnA
UCtsHXNY_zMxaHv7iYDJkjNg,@ばーー-c7s,2,2ヶ月,Member (2 months),,星くずたち,再加入/レベル変更,,1,0,0,2026-09-18 21:01,2026-09-18 21:01,,,https://www.youtube.com/channel/UCtsHXNY_zMxaHv7iYDJkjNg
UCka9HCQHu2ioc-LJKVAdYDA,@ほのか-h5i7n,2,2ヶ月,Member (2 months),,不明,,,1,1,0,2026-09-19 12:02,2026-09-19 12:02,,,https://www.youtube.com/channel/UCka9HCQHu2ioc-LJKVAdYDA
UCx88JLo6ycIniYJS-pYCRHw,@社畜ぽぽ,2,2ヶ月,Member (2 months),,不明,,,1,1,0,2026-09-19 12:02,2026-09-19 12:02,,,https://www.youtube.com/channel/UCx88JLo6ycIniYJS-pYCRHw
UCnTaNS53vJOsQszBq4qYv_A,@myrica1820,2,2ヶ月,Member (2 months),,星くずたち,再加入/レベル変更,,1,0,0,2026-09-19 12:02,2026-09-19 12:02,,,https://www.youtube.com/channel/UCnTaNS53vJOsQszBq4qYv_A
UCkuJXARReDoYv4mI6pFKhhg,@紫翠藍simizuai,2,2ヶ月,Member (2 months),,不明,,,1,3,0,2026-09-19 22:02,2026-09-19 22:02,,,https://www.youtube.com/channel/UCkuJXARReDoYv4mI6pFKhhg
UC_E1SbvNITWsfvSk1C-B8pA,@影長尾Y,2,2ヶ月,Member (2 months),,不明,,,1,1,0,2026-09-19 22:02,2026-09-19 22:02,,,https://www.youtube.com/channel/UC_E1SbvNITWsfvSk1C-B8pA
UCBjMQ142R1ijMmZ6i8kvpDA,@ゆうき-n1z6s,2,2ヶ月,Member (2 months),,不明,,,1,1,0,2026-09-19 22:02,2026-09-19 22:02,,,https://www.youtube.com/channel/UCBjMQ142R1ijMmZ6i8kvpDA
UCSkAu8p1Muj9NrmuRRP-FdQ,@サノマキ,2,2ヶ月,Member (2 months),,星くずたち,再加入/レベル変更,,1,0,0,2026-09-19 22:02,2026-09-19 22:02,,,https://www.youtube.com/channel/UCSkAu8p1Muj9NrmuRRP-FdQ
UCeQeYXbw5qj5J977lJs1FJg,@ぽっぴー-g4b,2,2ヶ月,Member (2 months),,不明,,,1,1,0,2026-09-20 12:16,2026-09-20 12:16,,,https://www.youtube.com/channel/UCeQeYXbw5qj5J977lJs1FJg
UCflJ5rDG-BYnYO23oYMuOrg,@木山の一族-s1o,2,2ヶ月,Member (2 months),,不明,,,1,2,0,2026-09-20 12:16,2026-09-20 12:16,,,https://www.youtube.com/channel/UCflJ5rDG-BYnYO23oYMuOrg
UCLsWoDD5skygdYA9NSwSI5g,@コム-r5s,2,2ヶ月,Member (2 months),,不明,,,1,4,0,2026-09-20 12:16,2026-09-20 12:16,,,https://www.youtube.com/channel/UCLsWoDD5skygdYA9NSwSI5g
UCWwFTYW4etq4EmUdYMYSS5g,@アン02,2,2ヶ月,Member (2 months),,不明,,,1,2,0,2026-09-22 14:00,2026-09-22 14:00,,,https://www.youtube.com/channel/UCWwFTYW4etq4EmUdYMYSS5g
UC3YHrqCaMf0MqxGhrhP_ThA,@にめにめめ,2,2ヶ月,Member (2 months),,不明,,,1,2,0,2026-09-26 12:02,2026-09-26 12:02,,,https://www.youtube.com/channel/UC3YHrqCaMf0MqxGhrhP_ThA
UCizsN51bEwEviSdmOpWiLeg,@teto4850,2,2ヶ月,Member (2 months),,不明,,,1,1,0,2026-09-26 22:01,2026-09-26 22:01,,,https://www.youtube.com/channel/UCizsN51bEwEviSdmOpWiLeg
UCLrwcCwmJzYZie0hNEG9dKA,@はるとちん-n4n,2,2ヶ月,Member (2 months),,星くずたち,再加入/レベル変更,,1,1,0,2026-09-26 22:01,2026-09-26 22:01,,,https://www.youtube.com/channel/UCLrwcCwmJzYZie0hNEG9dKA
UC3zeFgQUYisK93PZAa4cJnQ,@じゅんぺー-b9u,2,2ヶ月,Member (2 months),,不明,,,1,1,0,2026-09-29 18:58,2026-09-29 18:58,,,https://www.youtube.com/channel/UC3zeFgQUYisK93PZAa4cJnQ
UCKkeUrdDCvteDxyOIhFa3tw,@NaokiWu-Tang,2,2ヶ月,Member (2 months),,不明,,,1,3,0,2026-10-03 22:01,2026-10-03 22:01,,,https://www.youtube.com/channel/UCKkeUrdDCvteDxyOIhFa3tw
UCfpUUTjJC9NQVCP2902kPlQ,@モンもく,2,2ヶ月,Member (2 months),,星くずたち,再加入/レベル変更,,1,0,0,2026-10-03 22:01,2026-10-03 22:01,,,https://www.youtube.com/channel/UCfpUUTjJC9NQVCP2902kPlQ
UCIiw4k8z8dnrnnXQZoc89wg,@パパプリカ,2,2ヶ月,Member (2 months),,不明,,,1,1,0,2026-10-05 19:02,2026-10-05 19:02,,,https://www.youtube.com/channel/UCIiw4k8z8dnrnnXQZoc89wg
UCLi4m5xtNsss02JiR-_dQtA,@island4941,2,2ヶ月,Member (2 months),,不明,,,1,1,0,2026-10-05 19:02,2026-10-05 19:02,,,https://www.youtube.com/channel/UCLi4m5xtNsss02JiR-_dQtA
UC6wLyH_DE__RQvJJOBeOR8Q,@魚の人-g2f,2,2ヶ月,Member (2 months),,星くずたち,再加入/レベル変更,,1,3,2,2026-10-05 19:02,2026-10-05 19:02,,,https://www.youtube.com/channel/UC6wLyH_DE__RQvJJOBeOR8Q
UCKojDIdtzt_1YniDaZhp_gQ,@stellarcrisisnova11968,2,2ヶ月,Member (2 months),,不明,,,1,18,0,2026-10-05 19:02,2026-10-05 19:02,,,https://www.youtube.com/channel/UCKojDIdtzt_1YniDaZhp_gQ
UCFaARpzyQ7ZCPLXQdojb2Rw,@うな重食べたいただのおっさん,2,2ヶ月,Member (2 months),,不明,,,1,2,0,2026-10-05 19:02,2026-10-05 19:02,,,https://www.youtube.com/channel/UCFaARpzyQ7ZCPLXQdojb2Rw
UC8OszPqLO-R9koTfmLJzh4g,@ひなこー,2,2ヶ月,Member (2 months),,不明,,,1,130,0,2026-10-05 19:02,2026-10-05 19:02,,,https://www.youtube.com/channel/UC8OszPqLO-R9koTfmLJzh4g
UCaBLD5WylSQbQ2EBKrjJlkQ,@望月リョージ,2,2ヶ月,Member (2 months),,不明,,,1,2,0,2026-10-05 19:02,2026-10-05 19:02,,,https://www.youtube.com/channel/UCaBLD5WylSQbQ2EBKrjJlkQ
UC9OkVhrHYJEZH-n6qoytzaA,@marukome_otk,2,2ヶ月,Member (2 months),,不明,,,1,51,0,2026-10-05 19:02,2026-10-05 19:02,,,https://www.youtube.com/channel/UC9OkVhrHYJEZH-n6qoytzaA
UCaT__jZRYh6MYlMN0QBHDVQ,@ただの旦那,2,2ヶ月,Member (2 months),,不明,,,1,1,0,2026-10-05 19:02,2026-10-05 19:02,,,https://www.youtube.com/channel/UCaT__jZRYh6MYlMN0QBHDVQ
UC6z7aQSPAl98Xjp33SM4Cfw,@usikun-x6g,2,2ヶ月,Member (2 months),,不明,,,1,1,0,2026-10-05 19:02,2026-10-05 19:02,,,https://www.youtube.com/channel/UC6z7aQSPAl98Xjp33SM4Cfw
UCmFj3uMp-kghIASF9uV4EZw,@うずら-uzu_ra,2,2ヶ月,Member (2 months),,不明,,,1,1,0,2026-10-05 19:02,2026-10-05 19:02,,,https://www.youtube.com/channel/UCmFj3uMp-kghIASF9uV4EZw
UCsR6kEDiY8Z5txkuwaE4x_Q,@サクレ-r9i,2,2ヶ月,Member (2 months),,不明,,,1,1,0,2026-10-05 19:02,2026-10-05 19:02,,,https://www.youtube.com/channel/UCsR6kEDiY8Z5txkuwaE4x_Q
UCqltFiUVoKNF-5ylSGlDSbA,@Maykunnn,2,2ヶ月,Member (2 months),,不明,,,1,1,0,2026-10-05 19:02,2026-10-05 19:02,,,https://www.youtube.com/channel/UCqltFiUVoKNF-5ylSGlDSbA
UCzxRSH1Y6I4YumFkLcgCnEQ,@労働者S,2,2ヶ月,Member (2 months),,不明,,,1,1,0,2026-10-05 19:02,2026-10-05 19:02,,,https://www.youtube.com/channel/UCzxRSH1Y6I4YumFkLcgCnEQ
UCooXA9r79jcDb7TUKz2_J7w,@アルク-s1z,2,2ヶ月,Member (2 months),,不明,,,1,2,1,2026-10-06 21:00,2026-10-06 21:00,,,https://www.youtube.com/channel/UCooXA9r79jcDb7TUKz2_J7w
UC6XarKrPyX2xH02beB2qcqw,@アオハチこた,2,2ヶ月,Member (2 months),,不明,,,1,1,0,2026-10-06 21:00,2026-10-06 21:00,,,https://www.youtube.com/channel/UC6XarKrPyX2xH02beB2qcqw
UCslSWBA6KP7TPogR0Yvz-uQ,@ぐだぐだお-m1w,2,2ヶ月,Member (2 months),,不明,,,1,4,0,2026-10-10 12:03,2026-10-10 12:03,,,https://www.youtube.com/channel/UCslSWBA6KP7TPogR0Yvz-uQ
UCRjMO2NuslelaCkpfLxRS4Q,@レーゼル,2,2ヶ月,Member (2 months),,星くずたち,再加入/レベル変更,,1,0,0,2026-10-10 12:03,2026-10-10 12:03,,,https://www.youtube.com/channel/UCRjMO2NuslelaCkpfLxRS4Q
UC_c9jGDgpjWG3iZzzpmhtaQ,@えす4-z5t,2,2ヶ月,Member (2 months),,星くずたち,再加入/レベル変更,,1,0,0,2026-10-10 12:03,2026-10-10 12:03,,,https://www.youtube.com/channel/UC_c9jGDgpjWG3iZzzpmhtaQ
UCZJe8e_dVa2MLLe50eDU-Hw,@霧舞-kirimai,2,2ヶ月,Member (2 months),,星くずたち,再加入/レベル変更,,1,0,0,2026-10-10 12:03,2026-10-10 12:03,,,https://www.youtube.com/channel/UCZJe8e_dVa2MLLe50eDU-Hw
UCx-Qy-HlD3werTdyJoCgZUw,@エイ-v4v,2,2ヶ月,Member (2 months),,星くずたち,再加入/レベル変更,,1,0,0,2026-10-10 12:03,2026-10-10 12:03,,,https://www.youtube.com/channel/UCx-Qy-HlD3werTdyJoCgZUw
UC2gX34W-LY2kMdVArWWMiCQ,@sin199318,2,2ヶ月,Member (2 months),,星くずたち,再加入/レベル変更,,1,0,0,2026-10-10 12:03,2026-10-10 12:03,,,https://www.youtube.com/channel/UC2gX34W-LY2kMdVArWWMiCQ
UCh9PjAuZphvsxWZgafqOQsw,@tozashime,2,2ヶ月,Member (2 months),,星くずたち,再加入/レベル変更,,1,0,0,2026-10-10 12:03,2026-10-10 12:03,,,https://www.youtube.com/channel/UCh9PjAuZphvsxWZgafqOQsw
UCZLeUsSt7AzxXAxAaAlEAmQ,@statikkshino8443,2,2ヶ月,Member (2 months),,不明,,,1,2,0,2026-10-10 22:03,2026-10-10 22:03,,,https://www.youtube.com/channel/UCZLeUsSt7AzxXAxAaAlEAmQ
UC9HvaWRRo-xHGWb_eoN3JSw,@つんつん_xxx,2,2ヶ月,Member (2 months),,星くずたち,再加入/レベル変更,,1,0,0,2026-10-10 22:03,2026-10-10 22:03,,,https://www.youtube.com/channel/UC9HvaWRRo-xHGWb_eoN3JSw
UC9L473WRWQNf0Ww8w2--g1w,@ytpkpika,1,1ヶ月,Member (1 month),,不明,,,16,44,0,2026-09-12 22:01,2026-10-10 22:03,,,https://www.youtube.com/channel/UC9L473WRWQNf0Ww8w2--g1w
UCktLyMzRQexYX49uZQReHLQ,@トライアド中二病,1,1ヶ月,Member (1 month),1,星くずたち,マイルストーン,,10,721,3,2026-09-14 19:02,2026-10-10 12:03,,,https://www.youtube.com/channel/UCktLyMzRQexYX49uZQReHLQ
UCrBXHeeuOfEE4jxoN-Ur0CQ,@やましげ7002,1,1ヶ月,Member (1 month),1,星くずたち,マイルストーン,,9,317,2,2026-09-14 19:02,2026-10-10 12:03,,,https://www.youtube.com/channel/UCrBXHeeuOfEE4jxoN-Ur0CQ
UCGfvL-V_suis4gnEigq0fdg,@柊.heihou,1,1ヶ月,Member (1 month),1,星くずたち,マイルストーン,,8,116,0,2026-09-12 22:01,2026-09-26 22:01,,,https://www.youtube.com/channel/UCGfvL-V_suis4gnEigq0fdg
UCemNORUPEIdiK6adpgrngNQ,@ぼんたぷゆ,1,1ヶ月,Member (1 month),,星くずたち,新規加入（2026-09-07）,,6,246,4,2026-09-14 19:02,2026-10-10 22:03,,,https://www.youtube.com/channel/UCemNORUPEIdiK6adpgrngNQ
UC4qvSE5OprxQOdHBgzhSTwg,@Sudoalle,1,1ヶ月,Member (1 month),,不明,,,5,69,0,2026-09-12 14:02,2026-10-10 22:03,,,https://www.youtube.com/channel/UC4qvSE5OprxQOdHBgzhSTwg
UCRmZtt-oaWl8wmC83NUbplQ,@hamu1226,1,1ヶ月,Member (1 month),,不明,,,5,34,0,2026-09-12 22:01,2026-10-10 22:03,,,https://www.youtube.com/channel/UCRmZtt-oaWl8wmC83NUbplQ
UCDT-56YkNNIDlsdEnhS3Q5A,@テンガンザン,1,1ヶ月,Member (1 month),,不明,,,5,57,0,2026-09-12 22:01,2026-10-10 22:03,,,https://www.youtube.com/channel/UCDT-56YkNNIDlsdEnhS3Q5A
UCsISr3214n1uy_M44mbdYCg,@神代七七-8nana7,1,1ヶ月,Member (1 month),,不明,,,5,32,0,2026-09-14 19:02,2026-09-29 18:58,,,https://www.youtube.com/channel/UCsISr3214n1uy_M44mbdYCg
UCdJpNfhz-TObOPBicEYByAA,@hobbys777,1,1ヶ月,Member (1 month),,不明,,,4,30,0,2026-09-19 12:02,2026-10-02 20:01,,,https://www.youtube.com/channel/UCdJpNfhz-TObOPBicEYByAA
UCY0rSosLXavbJB4sTjfRdsA,@ピオニー-po2,1,1ヶ月,Member (1 month),,不明,,,4,21,0,2026-09-23 15:01,2026-10-03 22:01,,,https://www.youtube.com/channel/UCY0rSosLXavbJB4sTjfRdsA
UC-xPj__0_oWlZk-vz-MPN2A,@焼きそばパンナ,1,1ヶ月,Member (1 month),,不明,,,4,21,0,2026-10-02 20:01,2026-10-10 12:03,,,https://www.youtube.com/channel/UC-xPj__0_oWlZk-vz-MPN2A
UCi4Jo8tssVEElbMiHfhQOig,@執筆人,1,1ヶ月,Member (1 month),,不明,,,3,12,0,2026-09-14 19:02,2026-10-06 21:00,,,https://www.youtube.com/channel/UCi4Jo8tssVEElbMiHfhQOig
UCHQmsL5hhtPl0glhnr6H9XQ,@優希-h1p,1,1ヶ月,Member (1 month),,不明,,,3,6,0,2026-09-17 22:46,2026-09-20 19:33,,,https://www.youtube.com/channel/UCHQmsL5hhtPl0glhnr6H9XQ
UCVrsMH8Ctu1s6XtDNjy7ZuQ,@ユウ-i8n9g,1,1ヶ月,Member (1 month),,不明,,,3,53,0,2026-09-18 21:01,2026-09-22 14:00,,,https://www.youtube.com/channel/UCVrsMH8Ctu1s6XtDNjy7ZuQ
UCn8k47adw62RK3piTJcH9VQ,@小廢コポン,1,1ヶ月,Member (1 month),,不明,,,3,7,0,2026-09-19 22:02,2026-10-10 22:03,,,https://www.youtube.com/channel/UCn8k47adw62RK3piTJcH9VQ
UCJ1L_cT5JyIKvFAzf-dfRLQ,@御縁-t6f,1,1ヶ月,Member (1 month),,不明,,,2,166,0,2026-09-12 14:02,2026-09-22 14:00,,,https://www.youtube.com/channel/UCJ1L_cT5JyIKvFAzf-dfRLQ
UCNfwVl4gYmrXtzfQcvD5aiw,@明鏡止水-w5b,1,1ヶ月,Member (1 month),,不明,,,2,29,0,2026-09-12 22:01,2026-09-26 22:01,,,https://www.youtube.com/channel/UCNfwVl4gYmrXtzfQcvD5aiw
UCUkGuc2s-p8GeakqlrXHR_w,@まつすば,1,1ヶ月,Member (1 month),,不明,,,2,2,0,2026-09-20 12:16,2026-10-02 20:01,,,https://www.youtube.com/channel/UCUkGuc2s-p8GeakqlrXHR_w
UCkRBKfEd8swA_1FIrUSzrAA,@焼き塩ガーリック枝豆,1,1ヶ月,Member (1 month),,不明,,,2,7,0,2026-09-20 12:16,2026-10-03 12:00,,,https://www.youtube.com/channel/UCkRBKfEd8swA_1FIrUSzrAA
UCdlGljhU2UXYpA7LgMknpKA,@mago_rock,1,1ヶ月,Member (1 month),,不明,,,2,4,0,2026-10-02 20:01,2026-10-05 19:02,,,https://www.youtube.com/channel/UCdlGljhU2UXYpA7LgMknpKA
UCF7RROIcL-MHSrVBBujF43Q,@io9528,1,1ヶ月,Member (1 month),,不明,,,2,2,0,2026-10-05 19:02,2026-10-06 21:00,,,https://www.youtube.com/channel/UCF7RROIcL-MHSrVBBujF43Q
UCVsh6yhF2NRLDgF2F-A_W5Q,@kimi-i9z9q,1,1ヶ月,Member (1 month),,星くずたち,新規加入,,1,0,0,2026-09-12 14:02,2026-09-12 14:02,○,,https://www.youtube.com/channel/UCVsh6yhF2NRLDgF2F-A_W5Q
UCleSXhfLHVnyiPVD6pvWRZw,@こまるん0328,1,1ヶ月,Member (1 month),,不明,,,1,1,0,2026-09-12 22:01,2026-09-12 22:01,,,https://www.youtube.com/channel/UCleSXhfLHVnyiPVD6pvWRZw
UCwXfDG8yVE7nYaD1PYhGtRA,@ICY_haze666,1,1ヶ月,Member (1 month),,不明,,,1,1,0,2026-09-14 19:02,2026-09-14 19:02,,,https://www.youtube.com/channel/UCwXfDG8yVE7nYaD1PYhGtRA
UCTcWki0c9UmetLpIPK_ByLg,@テニール船長-t5z,1,1ヶ月,Member (1 month),,不明,,,1,4,0,2026-09-14 19:02,2026-09-14 19:02,,,https://www.youtube.com/channel/UCTcWki0c9UmetLpIPK_ByLg
UCXonO8QtPtlIiCHPMoH-fuA,@sakaki1383,1,1ヶ月,Member (1 month),,不明,,,1,1,0,2026-09-14 19:02,2026-09-14 19:02,,,https://www.youtube.com/channel/UCXonO8QtPtlIiCHPMoH-fuA
UCfxg1943TpadeG-roIC4Lng,@リンノr.n,1,1ヶ月,Member (1 month),,星くずたち,新規加入,,1,0,0,2026-09-14 19:02,2026-09-14 19:02,○,,https://www.youtube.com/channel/UCfxg1943TpadeG-roIC4Lng
UC6mx35QEtTLroFgx0cEuYgA,@Nyarumalo,1,1ヶ月,Member (1 month),,不明,,,1,2,0,2026-09-23 15:01,2026-09-23 15:01,,,https://www.youtube.com/channel/UC6mx35QEtTLroFgx0cEuYgA
UC1sltcA9wPIgw8Ga6x9znNw,@kuronagi49,1,1ヶ月,Member (1 month),,星くずたち,新規加入,,1,0,0,2026-09-26 12:02,2026-09-26 12:02,○,,https://www.youtube.com/channel/UC1sltcA9wPIgw8Ga6x9znNw
UCw742UgQf4CRDDF06v3Js5w,@ノイ-t9w,1,1ヶ月,Member (1 month),,不明,,,1,5,0,2026-10-02 20:01,2026-10-02 20:01,,,https://www.youtube.com/channel/UCw742UgQf4CRDDF06v3Js5w
UCEWUZzJUC8XsGu5QH3goXIA,@owl_7313,1,1ヶ月,Member (1 month),,星くずたち,新規加入,,1,0,0,2026-10-03 12:00,2026-10-03 12:00,○,,https://www.youtube.com/channel/UCEWUZzJUC8XsGu5QH3goXIA
UCcAiIH8UZ3yDgJ7nHvFjmIg,@ous-y7t,1,1ヶ月,Member (1 month),,不明,,,1,1,0,2026-10-03 22:01,2026-10-03 22:01,,,https://www.youtube.com/channel/UCcAiIH8UZ3yDgJ7nHvFjmIg
UCJajJv6YXwlro3u-cJPfi1A,@帝都識4989,1,1ヶ月,Member (1 month),,不明,,,1,31,1,2026-10-05 19:02,2026-10-05 19:02,,,https://www.youtube.com/channel/UCJajJv6YXwlro3u-cJPfi1A
UCiNfkQdvLMkOO1Z5H_Fu6ZA,@ミカン食え,1,1ヶ月,Member (1 month),,不明,,,1,4,0,2026-10-05 19:02,2026-10-05 19:02,,,https://www.youtube.com/channel/UCiNfkQdvLMkOO1Z5H_Fu6ZA
UCrxjOp-Nj0paE93xAVsLnfA,@竹内一貴-i5i,1,1ヶ月,Member (1 month),,不明,,,1,4,0,2026-10-05 19:02,2026-10-05 19:02,,,https://www.youtube.com/channel/UCrxjOp-Nj0paE93xAVsLnfA
UC6WFnOqQCnTTkeX5K_30MYA,@るくす-x7w,1,1ヶ月,Member (1 month),,不明,,,1,2,0,2026-10-06 21:00,2026-10-06 21:00,,,https://www.youtube.com/channel/UC6WFnOqQCnTTkeX5K_30MYA
UCp7jzVjuoKKQE7jdqcvotrQ,@あっくす-j8h,1,1ヶ月,Member (1 month),,不明,,,1,7,0,2026-10-10 12:03,2026-10-10 12:03,,,https://www.youtube.com/channel/UCp7jzVjuoKKQE7jdqcvotrQ
UCQDqUUeZjqV4mqN7SID1euw,@高橋唱太,1,1ヶ月,Member (1 month),,星くずたち,新規加入,,1,0,0,2026-10-10 22:03,2026-10-10 22:03,○,,https://www.youtube.com/channel/UCQDqUUeZjqV4mqN7SID1euw
UCvKbZtYis2ic_JG5oaYU50w,@yuto_ゆうと,0,新規(1ヶ月未満),New member,,不明,,,15,2237,2,2026-09-16 21:02,2026-10-10 12:03,,,https://www.youtube.com/channel/UCvKbZtYis2ic_JG5oaYU50w
UCcn2Wtr_hSJZ_VBP3adCNmA,@V見守りたいオジ-le7wi,0,新規(1ヶ月未満),New member,,不明,,,4,57,0,2026-09-20 12:16,2026-10-10 12:03,,,https://www.youtube.com/channel/UCcn2Wtr_hSJZ_VBP3adCNmA
UCGs_7MpkZ8D7ieTm-vbs5qg,@ほなお布団いこかおじさん,0,新規(1ヶ月未満),New member,,星くずたち,新規加入,,4,163,0,2026-09-20 12:16,2026-10-02 20:01,○,,https://www.youtube.com/channel/UCGs_7MpkZ8D7ieTm-vbs5qg
UCPcYhHxvmn_o46w9WK-2n-w,@自宅警備員ーへい雪民,0,新規(1ヶ月未満),New member,,星くずたち,新規加入,,4,15,0,2026-09-26 12:02,2026-10-10 22:03,○,,https://www.youtube.com/channel/UCPcYhHxvmn_o46w9WK-2n-w
UC29l99YjInxNXCcjdsEIoEQ,@すんすん1211,0,新規(1ヶ月未満),New member,,不明,,,3,824,0,2026-09-12 22:01,2026-09-26 22:01,,,https://www.youtube.com/channel/UC29l99YjInxNXCcjdsEIoEQ
UCG6zdF0oTmQZEmaOqIaBvPg,@Izu_mi-n8h,0,新規(1ヶ月未満),New member,,不明,,,3,808,0,2026-09-14 19:02,2026-10-06 21:00,,,https://www.youtube.com/channel/UCG6zdF0oTmQZEmaOqIaBvPg
UC3t3Ro9yzIjr-UthO4EvroQ,@610-i9n,0,新規(1ヶ月未満),New member,,不明,,,3,14,0,2026-09-14 19:02,2026-10-06 21:00,,,https://www.youtube.com/channel/UC3t3Ro9yzIjr-UthO4EvroQ
UC2UOarbGag10b_O9D8sdMhw,@ししゃもMK2,0,新規(1ヶ月未満),New member,,不明,,,3,140,0,2026-09-26 22:01,2026-10-10 22:03,,,https://www.youtube.com/channel/UC2UOarbGag10b_O9D8sdMhw
UCuFcuPdngPhk-aw5uEHI-Sw,@アウルス-j2s,0,新規(1ヶ月未満),New member,,不明,,,3,134,1,2026-09-26 22:01,2026-10-10 22:03,,,https://www.youtube.com/channel/UCuFcuPdngPhk-aw5uEHI-Sw
UCu8VYJG-qcnoiGOQg9iqcfw,@たかやん-g5h,0,新規(1ヶ月未満),New member,,星くずたち,ギフト,ギフトで加入,3,7,0,2026-10-03 22:01,2026-10-10 22:03,○,○,https://www.youtube.com/channel/UCu8VYJG-qcnoiGOQg9iqcfw
UCT63Al_eMeYevpW334rNAFQ,@KanTsukimi,0,新規(1ヶ月未満),New member,,不明,,,3,22,0,2026-10-05 19:02,2026-10-10 22:03,,,https://www.youtube.com/channel/UCT63Al_eMeYevpW334rNAFQ
UC4n-pnHiJl7Y3TZT52eXDYg,@ヒロセユウシ,0,新規(1ヶ月未満),New member,,星くずたち,新規加入（2026-09-07）,,2,2,1,2026-09-14 19:02,2026-09-16 21:02,,,https://www.youtube.com/channel/UC4n-pnHiJl7Y3TZT52eXDYg
UC_plb5JbomCpXmYSuBYW0Hg,@もも-d4e3s,0,新規(1ヶ月未満),New member,,不明,,,2,10,0,2026-09-17 22:46,2026-09-29 18:58,,,https://www.youtube.com/channel/UC_plb5JbomCpXmYSuBYW0Hg
UC7UT9iibMCaf5egjptIC1mQ,@つばさ-x2w,0,新規(1ヶ月未満),New member,,不明,,,2,29,0,2026-09-19 12:02,2026-09-20 12:16,,,https://www.youtube.com/channel/UC7UT9iibMCaf5egjptIC1mQ
UC8seXgN0vTxclFxg_6XaeGw,@フジオカ,0,新規(1ヶ月未満),New member,,星くずたち,ギフト,ギフトで加入,2,446,0,2026-09-20 12:16,2026-09-26 12:02,○,○,https://www.youtube.com/channel/UC8seXgN0vTxclFxg_6XaeGw
UCo0MgcpgHgVPotorB3UgTwQ,@yuto_ゆうと-0529,0,新規(1ヶ月未満),New member,,不明,,,2,322,0,2026-09-20 12:16,2026-09-20 19:33,,,https://www.youtube.com/channel/UCo0MgcpgHgVPotorB3UgTwQ
UCoHucvyby8hW3DunqPwlIUg,@たこ焼きナッピー,0,新規(1ヶ月未満),New member,,星くずたち,新規加入,,2,21,0,2026-09-26 12:02,2026-09-26 22:01,○,,https://www.youtube.com/channel/UCoHucvyby8hW3DunqPwlIUg
UCn21Ipi5P3Jy0UdF8rUzRXg,@スリャ52x,0,新規(1ヶ月未満),New member,,不明,,,2,2,0,2026-10-02 20:01,2026-10-03 12:00,,,https://www.youtube.com/channel/UCn21Ipi5P3Jy0UdF8rUzRXg
UCtA9UCrvwNcvRcLX4mE9HkQ,@ヨシ-str,0,新規(1ヶ月未満),New member,,不明,,,2,3,0,2026-10-05 19:02,2026-10-06 21:00,,,https://www.youtube.com/channel/UCtA9UCrvwNcvRcLX4mE9HkQ
UCOIltGVEqHsQFxBSYeL5eUg,@チャキ-x1h,0,新規(1ヶ月未満),New member,,不明,,,1,1,0,2026-09-12 14:02,2026-09-12 14:02,,,https://www.youtube.com/channel/UCOIltGVEqHsQFxBSYeL5eUg
UCykNdCsUBWpXA15V7V7AMzA,@ぽてと_12,0,新規(1ヶ月未満),New member,,不明,,,1,1,0,2026-09-12 14:02,2026-09-12 14:02,,,https://www.youtube.com/channel/UCykNdCsUBWpXA15V7V7AMzA
UCb7s6jsYC6LixVN5f25tHgw,@鳩-x9b,0,新規(1ヶ月未満),New member,,星くずたち,新規加入,,1,0,0,2026-09-12 14:02,2026-09-12 14:02,○,,https://www.youtube.com/channel/UCb7s6jsYC6LixVN5f25tHgw
UCRpK7Aw8L7petmKvq9Os6Ew,@寺嶋柚稀,0,新規(1ヶ月未満),New member,,星くずたち,新規加入,,1,0,0,2026-09-12 22:01,2026-09-12 22:01,○,,https://www.youtube.com/channel/UCRpK7Aw8L7petmKvq9Os6Ew
UCnTN8olh1xDOVpiymyV0sVQ,@kbws8968,0,新規(1ヶ月未満),New member,,不明,,,1,70,0,2026-09-14 19:02,2026-09-14 19:02,,,https://www.youtube.com/channel/UCnTN8olh1xDOVpiymyV0sVQ
UCxta3lXBS7lNjY70rSYrOxw,@りんかむ-k2m,0,新規(1ヶ月未満),New member,,不明,,,1,26,0,2026-09-14 19:02,2026-09-14 19:02,,,https://www.youtube.com/channel/UCxta3lXBS7lNjY70rSYrOxw
UCM11XXk24pM2GHOaO2uSiMw,@himama7229,0,新規(1ヶ月未満),New member,,不明,,,1,2,0,2026-09-14 19:02,2026-09-14 19:02,,,https://www.youtube.com/channel/UCM11XXk24pM2GHOaO2uSiMw
UCM47i367Wylc6TrHA-BIA1w,@Iwanna_iwatorI,0,新規(1ヶ月未満),New member,,不明,,,1,2,0,2026-09-14 19:02,2026-09-14 19:02,,,https://www.youtube.com/channel/UCM47i367Wylc6TrHA-BIA1w
UCmoBEfWthN2-99IQ3nS0g0w,@vividax,0,新規(1ヶ月未満),New member,,星くずたち,新規加入,,1,0,0,2026-09-16 21:02,2026-09-16 21:02,○,,https://www.youtube.com/channel/UCmoBEfWthN2-99IQ3nS0g0w
UCOst44QgclRGgQRb9YBhlsA,@beanshatto5096,0,新規(1ヶ月未満),New member,,星くずたち,新規加入,,1,0,0,2026-09-18 21:01,2026-09-18 21:01,○,,https://www.youtube.com/channel/UCOst44QgclRGgQRb9YBhlsA
UCwyZjPleE24ctPyc8EaRX0Q,@便座カバー-s8n,0,新規(1ヶ月未満),,,星くずたち,ギフト,ギフトで加入,1,0,0,2026-09-19 12:02,2026-09-19 12:02,○,○,https://www.youtube.com/channel/UCwyZjPleE24ctPyc8EaRX0Q
UCJWMD9jcrVEWGh8Tb_VJzjg,@takenokoo915,0,新規(1ヶ月未満),,,星くずたち,ギフト,ギフトで加入,1,0,0,2026-09-19 12:02,2026-09-19 12:02,○,○,https://www.youtube.com/channel/UCJWMD9jcrVEWGh8Tb_VJzjg
UCeFLPAEU3xah8Q-rISDAr4A,@shuu_hl1rq9i,0,新規(1ヶ月未満),,,星くずたち,ギフト,ギフトで加入,1,0,0,2026-09-19 12:02,2026-09-19 12:02,○,○,https://www.youtube.com/channel/UCeFLPAEU3xah8Q-rISDAr4A
UCOUftYiOL6TG8pcTE4aYqeg,@かちゅ-x8j,0,新規(1ヶ月未満),,,星くずたち,ギフト,ギフトで加入,1,0,0,2026-09-19 12:02,2026-09-19 12:02,○,○,https://www.youtube.com/channel/UCOUftYiOL6TG8pcTE4aYqeg
UCP2JFh470xPHen1DrNhD2Hg,@3komota,0,新規(1ヶ月未満),,,星くずたち,ギフト,ギフトで加入,1,0,0,2026-09-19 12:02,2026-09-19 12:02,○,○,https://www.youtube.com/channel/UCP2JFh470xPHen1DrNhD2Hg
UCsfX39h-h7Pbw654wczJ9kg,@aisunomiNV,0,新規(1ヶ月未満),,,星くずたち,ギフト,ギフトで加入,1,0,0,2026-09-19 12:02,2026-09-19 12:02,○,○,https://www.youtube.com/channel/UCsfX39h-h7Pbw654wczJ9kg
UCx2FOFSm6KXG0Q_rmU9RCDg,@環いばらの見る専用アカウント2ね,0,新規(1ヶ月未満),,,星くずたち,ギフト,ギフトで加入,1,0,0,2026-09-19 12:02,2026-09-19 12:02,○,○,https://www.youtube.com/channel/UCx2FOFSm6KXG0Q_rmU9RCDg
UCRVMSOp_2WWdd63d-wiQM5g,@drdisconnect7230,0,新規(1ヶ月未満),,,星くずたち,ギフト,ギフトで加入,1,0,0,2026-09-19 12:02,2026-09-19 12:02,○,○,https://www.youtube.com/channel/UCRVMSOp_2WWdd63d-wiQM5g
UC0Fhcgj-zPFVEwW8vAKnUAg,@mackarelmeckle_yuu861,0,新規(1ヶ月未満),,,星くずたち,ギフト,ギフトで加入,1,0,0,2026-09-19 12:02,2026-09-19 12:02,○,○,https://www.youtube.com/channel/UC0Fhcgj-zPFVEwW8vAKnUAg
UCOhLzM8jmi3T3birKC6SNSw,@sbi020,0,新規(1ヶ月未満),,,星くずたち,ギフト,ギフトで加入,1,0,0,2026-09-19 12:02,2026-09-19 12:02,○,○,https://www.youtube.com/channel/UCOhLzM8jmi3T3birKC6SNSw
UCFW9rg9_VlbMMVzY-a-jqBQ,@RMTEMT,0,新規(1ヶ月未満),,,星くずたち,ギフト,ギフトで加入,1,0,0,2026-09-19 12:02,2026-09-19 12:02,○,○,https://www.youtube.com/channel/UCFW9rg9_VlbMMVzY-a-jqBQ
UCE2jLsYQommnNJOlJUJlKTg,@田中太郎F,0,新規(1ヶ月未満),,,星くずたち,ギフト,ギフトで加入,1,0,0,2026-09-19 12:02,2026-09-19 12:02,○,○,https://www.youtube.com/channel/UCE2jLsYQommnNJOlJUJlKTg
UC12RbIW49aa4cGt_PuaJniA,@ほわぁ-n9j,0,新規(1ヶ月未満),,,星くずたち,ギフト,ギフトで加入,1,0,0,2026-09-19 12:02,2026-09-19 12:02,○,○,https://www.youtube.com/channel/UC12RbIW49aa4cGt_PuaJniA
UCnm93lWXHf0wJFQNJNGlk0g,@rayryan3318,0,新規(1ヶ月未満),,,星くずたち,ギフト,ギフトで加入,1,0,0,2026-09-19 12:02,2026-09-19 12:02,○,○,https://www.youtube.com/channel/UCnm93lWXHf0wJFQNJNGlk0g
UCObXox7r0P-ff-L_lDpocaw,@キバテン,0,新規(1ヶ月未満),,,星くずたち,ギフト,ギフトで加入,1,0,0,2026-09-19 12:02,2026-09-19 12:02,○,○,https://www.youtube.com/channel/UCObXox7r0P-ff-L_lDpocaw
UCymi6eDK8QydkI31CfPCCMQ,@marinated0422,0,新規(1ヶ月未満),,,星くずたち,ギフト,ギフトで加入,1,0,0,2026-09-19 12:02,2026-09-19 12:02,○,○,https://www.youtube.com/channel/UCymi6eDK8QydkI31CfPCCMQ
UCDUBN8SbfEzOLNNVuvK4zBQ,@mu5284,0,新規(1ヶ月未満),,,星くずたち,ギフト,ギフトで加入,1,0,0,2026-09-19 12:02,2026-09-19 12:02,○,○,https://www.youtube.com/channel/UCDUBN8SbfEzOLNNVuvK4zBQ
UCM3OGq8E92MJx8va9JFj1Dg,@いもりんLv1000,0,新規(1ヶ月未満),,,星くずたち,ギフト,ギフトで加入,1,0,0,2026-09-19 12:02,2026-09-19 12:02,○,○,https://www.youtube.com/channel/UCM3OGq8E92MJx8va9JFj1Dg
UC2W-z9gPFOsq5W39iVrfAPQ,@user-sn3lh5gq4yffadf,0,新規(1ヶ月未満),,,星くずたち,ギフト,ギフトで加入,1,0,0,2026-09-19 12:02,2026-09-19 12:02,○,○,https://www.youtube.com/channel/UC2W-z9gPFOsq5W39iVrfAPQ
UCcNzfnRYA6M0qSgs3yGs9cg,@ヤギ-q8w,0,新規(1ヶ月未満),New member,,星くずたち,新規加入,,1,0,0,2026-09-19 22:02,2026-09-19 22:02,○,,https://www.youtube.com/channel/UCcNzfnRYA6M0qSgs3yGs9cg
UC2Pj_xJ0fF8r7Z84dSSI48Q,@きょう-l5f,0,新規(1ヶ月未満),New member,,星くずたち,新規加入,,1,0,0,2026-09-19 22:02,2026-09-19 22:02,○,,https://www.youtube.com/channel/UC2Pj_xJ0fF8r7Z84dSSI48Q
UC9ru5lOoiVEwbZdd9T1PFhw,@てんまるくす,0,新規(1ヶ月未満),New member,,不明,,,1,1,0,2026-09-20 12:16,2026-09-20 12:16,,,https://www.youtube.com/channel/UC9ru5lOoiVEwbZdd9T1PFhw
UC71NOY-L0jzVhlAcydFSD1g,@やすお-g7u,0,新規(1ヶ月未満),New member,,不明,,,1,2,0,2026-09-20 12:16,2026-09-20 12:16,,,https://www.youtube.com/channel/UC71NOY-L0jzVhlAcydFSD1g
UC4fIqsBDkbD-iqMMCB-s1Ag,@Aster23-t1z,0,新規(1ヶ月未満),New member,,星くずたち,新規加入,,1,0,0,2026-09-20 12:16,2026-09-20 12:16,○,,https://www.youtube.com/channel/UC4fIqsBDkbD-iqMMCB-s1Ag
UCgvlr_F_01bRiqWydMkxfcg,@はるすけふじの,0,新規(1ヶ月未満),New member,,星くずたち,新規加入,,1,0,0,2026-09-20 19:33,2026-09-20 19:33,○,,https://www.youtube.com/channel/UCgvlr_F_01bRiqWydMkxfcg
UCL1-fFPsyxLul_WDl67tGdA,@えーちゃん-z1q,0,新規(1ヶ月未満),New member,,星くずたち,新規加入,,1,0,0,2026-09-20 19:33,2026-09-20 19:33,○,,https://www.youtube.com/channel/UCL1-fFPsyxLul_WDl67tGdA
UCpfPXS4X0BjLfg52xOndQ8g,@nozomya,0,新規(1ヶ月未満),New member,,不明,,,1,1,0,2026-09-22 14:00,2026-09-22 14:00,,,https://www.youtube.com/channel/UCpfPXS4X0BjLfg52xOndQ8g
UCi_bnEwHsjtIb1Vk1cO293A,@jamkunn,0,新規(1ヶ月未満),New member,,不明,,,1,1,0,2026-09-22 14:00,2026-09-22 14:00,,,https://www.youtube.com/channel/UCi_bnEwHsjtIb1Vk1cO293A
UC41yqeiSNV7wccWwuJ84iOg,@donkaatsu,0,新規(1ヶ月未満),New member,,不明,,,1,2,0,2026-09-22 14:00,2026-09-22 14:00,,,https://www.youtube.com/channel/UC41yqeiSNV7wccWwuJ84iOg
UClzvnCuR1XjyQ8tTnr2INoA,@久木グツオ,0,新規(1ヶ月未満),New member,,星くずたち,新規加入,,1,0,0,2026-09-22 14:00,2026-09-22 14:00,○,,https://www.youtube.com/channel/UClzvnCuR1XjyQ8tTnr2INoA
UClwqVWlDEtTYmDGJLAmoe0g,@ThisT-00,0,新規(1ヶ月未満),New member,,星くずたち,新規加入,,1,0,0,2026-09-22 14:00,2026-09-22 14:00,○,,https://www.youtube.com/channel/UClwqVWlDEtTYmDGJLAmoe0g
UCC5Y20yUyhRiwS6qakiLH7w,@_kururu9289,0,新規(1ヶ月未満),,,星くずたち,ギフト,ギフトで加入,1,0,0,2026-09-22 14:00,2026-09-22 14:00,○,○,https://www.youtube.com/channel/UCC5Y20yUyhRiwS6qakiLH7w
UCiVLpaRO7KH7tQvw9d5vUGg,@高福-963fam,0,新規(1ヶ月未満),,,星くずたち,ギフト,ギフトで加入,1,0,0,2026-09-22 14:00,2026-09-22 14:00,○,○,https://www.youtube.com/channel/UCiVLpaRO7KH7tQvw9d5vUGg
UC6O_uCOkVhJV1rPT8qfTHJQ,@mukimei-p7b,0,新規(1ヶ月未満),,,星くずたち,ギフト,ギフトで加入,1,0,0,2026-09-22 14:00,2026-09-22 14:00,○,○,https://www.youtube.com/channel/UC6O_uCOkVhJV1rPT8qfTHJQ
UCorz-glMMhvvpUdZxHQrVXQ,@尋常うろん,0,新規(1ヶ月未満),,,星くずたち,ギフト,ギフトで加入,1,0,0,2026-09-22 14:00,2026-09-22 14:00,○,○,https://www.youtube.com/channel/UCorz-glMMhvvpUdZxHQrVXQ
UCYqn2Q7569B4gBilfHViDhw,@もいかP,0,新規(1ヶ月未満),,,星くずたち,ギフト,ギフトで加入,1,0,0,2026-09-22 14:00,2026-09-22 14:00,○,○,https://www.youtube.com/channel/UCYqn2Q7569B4gBilfHViDhw
UCHax-A4_qAeRrX-aJSc56Bg,@ルーク-g2j,0,新規(1ヶ月未満),,,星くずたち,ギフト,ギフトで加入,1,0,0,2026-09-22 14:00,2026-09-22 14:00,○,○,https://www.youtube.com/channel/UCHax-A4_qAeRrX-aJSc56Bg
UCYyKMwdBYkXugIFWRRn4xSg,@パンプキン座高,0,新規(1ヶ月未満),,,星くずたち,ギフト,ギフトで加入,1,0,0,2026-09-22 14:00,2026-09-22 14:00,○,○,https://www.youtube.com/channel/UCYyKMwdBYkXugIFWRRn4xSg
UCAGTCU8weGGgjZn-PgrCtEw,@ケイ-p6r,0,新規(1ヶ月未満),,,星くずたち,ギフト,ギフトで加入,1,0,0,2026-09-22 14:00,2026-09-22 14:00,○,○,https://www.youtube.com/channel/UCAGTCU8weGGgjZn-PgrCtEw
UCfSFG4RDCYpuy779S5ne7fQ,@nuttanonjantana2537,0,新規(1ヶ月未満),,,星くずたち,ギフト,ギフトで加入,1,0,0,2026-09-22 14:00,2026-09-22 14:00,○,○,https://www.youtube.com/channel/UCfSFG4RDCYpuy779S5ne7fQ
UCdIC_aPeoU4g6ERVl61ebxg,@タヌ-y4j,0,新規(1ヶ月未満),,,星くずたち,ギフト,ギフトで加入,1,0,0,2026-09-22 14:00,2026-09-22 14:00,○,○,https://www.youtube.com/channel/UCdIC_aPeoU4g6ERVl61ebxg
UCqpAHORLKGzFwupksmoFDfw,@him-s5l,0,新規(1ヶ月未満),New member,,不明,,,1,2,0,2026-09-23 15:01,2026-09-23 15:01,,,https://www.youtube.com/channel/UCqpAHORLKGzFwupksmoFDfw
UCIevLMXsoRDvfEPMaCjn-OA,@ゆずごころ-c4k,0,新規(1ヶ月未満),New member,,不明,,,1,2,0,2026-09-26 12:02,2026-09-26 12:02,,,https://www.youtube.com/channel/UCIevLMXsoRDvfEPMaCjn-OA
UCM4u28nHjf8V1ALLZcVo3sQ,@UnaUsacoffee,0,新規(1ヶ月未満),,,星くずたち,ギフト,ギフトで加入,1,0,0,2026-09-26 12:02,2026-09-26 12:02,○,○,https://www.youtube.com/channel/UCM4u28nHjf8V1ALLZcVo3sQ
UCawHypKQojNl8axdpDLE5ow,@uio-u2n,0,新規(1ヶ月未満),New member,,星くずたち,新規加入,,1,0,0,2026-09-26 12:02,2026-09-26 12:02,○,,https://www.youtube.com/channel/UCawHypKQojNl8axdpDLE5ow
UCeAlMigFWwA1rl2DU-qdnOQ,@ねちるん-r5y,0,新規(1ヶ月未満),New member,,星くずたち,新規加入,,1,0,0,2026-09-26 22:01,2026-09-26 22:01,○,,https://www.youtube.com/channel/UCeAlMigFWwA1rl2DU-qdnOQ
UCK8eE7pvCBqD0b83Y7G2ckw,@あやせち,0,新規(1ヶ月未満),,,星くずたち,ギフト,ギフトで加入,1,0,0,2026-09-26 22:01,2026-09-26 22:01,○,○,https://www.youtube.com/channel/UCK8eE7pvCBqD0b83Y7G2ckw
UC4fJ4js7JykkEvRllgCxzHQ,@sakiya0109,0,新規(1ヶ月未満),,,星くずたち,ギフト,ギフトで加入,1,0,0,2026-09-26 22:01,2026-09-26 22:01,○,○,https://www.youtube.com/channel/UC4fJ4js7JykkEvRllgCxzHQ
UCqXR5QTtsTi3hXs_dT5WgfA,@天地人-z7d,0,新規(1ヶ月未満),,,星くずたち,ギフト,ギフトで加入,1,0,0,2026-09-26 22:01,2026-09-26 22:01,○,○,https://www.youtube.com/channel/UCqXR5QTtsTi3hXs_dT5WgfA
UC3H-nmhrL3g06-FcblBaupA,@幻楓hf,0,新規(1ヶ月未満),,,星くずたち,ギフト,ギフトで加入,1,0,0,2026-09-26 22:01,2026-09-26 22:01,○,○,https://www.youtube.com/channel/UC3H-nmhrL3g06-FcblBaupA
UCeelOYS-E0kjSgqwZnwTFxw,@九炉猫,0,新規(1ヶ月未満),,,星くずたち,ギフト,ギフトで加入,1,0,0,2026-09-26 22:01,2026-09-26 22:01,○,○,https://www.youtube.com/channel/UCeelOYS-E0kjSgqwZnwTFxw
UCx-bwY5N7bThNRCm33Pbpxw,@FGO系VTuber神楽雫,0,新規(1ヶ月未満),,,星くずたち,ギフト,ギフトで加入,1,0,0,2026-09-26 22:01,2026-09-26 22:01,○,○,https://www.youtube.com/channel/UCx-bwY5N7bThNRCm33Pbpxw
UChehHnUB6wzouSdTcef8Y-A,@sinanai-q1c,0,新規(1ヶ月未満),,,星くずたち,ギフト,ギフトで加入,1,0,0,2026-09-26 22:01,2026-09-26 22:01,○,○,https://www.youtube.com/channel/UChehHnUB6wzouSdTcef8Y-A
UCOrNMl4Renk7KkMV3Ukwk9Q,@gabugabu-ch-sknb,0,新規(1ヶ月未満),,,星くずたち,ギフト,ギフトで加入,1,0,0,2026-09-26 22:01,2026-09-26 22:01,○,○,https://www.youtube.com/channel/UCOrNMl4Renk7KkMV3Ukwk9Q
UCXg0C0R_ndY_7UnUi-yp_4A,@hiyuki9823,0,新規(1ヶ月未満),New member,,不明,,,1,1,0,2026-10-03 22:01,2026-10-03 22:01,,,https://www.youtube.com/channel/UCXg0C0R_ndY_7UnUi-yp_4A
UCOMEyWIPJOciNaOGVBykxfA,@今村大志,0,新規(1ヶ月未満),,,星くずたち,ギフト,ギフトで加入,1,0,0,2026-10-03 22:01,2026-10-03 22:01,○,○,https://www.youtube.com/channel/UCOMEyWIPJOciNaOGVBykxfA
UCwOdk1hybNZpbp2lXaOxksg,@スイスイ-y4n,0,新規(1ヶ月未満),,,星くずたち,ギフト,ギフトで加入,1,0,0,2026-10-03 22:01,2026-10-03 22:01,○,○,https://www.youtube.com/channel/UCwOdk1hybNZpbp2lXaOxksg
UCvqAYxH6SJvN-wO0CwvI_nw,@hinemosu9306,0,新規(1ヶ月未満),,,星くずたち,ギフト,ギフトで加入,1,0,0,2026-10-03 22:01,2026-10-03 22:01,○,○,https://www.youtube.com/channel/UCvqAYxH6SJvN-wO0CwvI_nw
UCP3X92j8rzwzRlAJQhHUDbA,@zc32s64,0,新規(1ヶ月未満),,,星くずたち,ギフト,ギフトで加入,1,0,0,2026-10-03 22:01,2026-10-03 22:01,○,○,https://www.youtube.com/channel/UCP3X92j8rzwzRlAJQhHUDbA
UC-FsgEHQZyd782XK9auo5-g,@ゆっくり12,0,新規(1ヶ月未満),,,星くずたち,ギフト,ギフトで加入,1,0,0,2026-10-03 22:01,2026-10-03 22:01,○,○,https://www.youtube.com/channel/UC-FsgEHQZyd782XK9auo5-g
UCJ0shZ5_l_qOEzId5rTwKhA,@BA-xz7kf,0,新規(1ヶ月未満),,,星くずたち,ギフト,ギフトで加入,1,0,0,2026-10-03 22:01,2026-10-03 22:01,○,○,https://www.youtube.com/channel/UCJ0shZ5_l_qOEzId5rTwKhA
UCb_boSuTosr4P2wvkHpJ0sg,@shino-w3y,0,新規(1ヶ月未満),,,星くずたち,ギフト,ギフトで加入,1,0,0,2026-10-03 22:01,2026-10-03 22:01,○,○,https://www.youtube.com/channel/UCb_boSuTosr4P2wvkHpJ0sg
UC_DVmE86KIb3HBABQji8NxQ,@しろ-i1s,0,新規(1ヶ月未満),,,星くずたち,ギフト,ギフトで加入,1,0,0,2026-10-03 22:01,2026-10-03 22:01,○,○,https://www.youtube.com/channel/UC_DVmE86KIb3HBABQji8NxQ
UCCsoVvGaxjUM5jeJeRI7UVA,@RTA-ruta,0,新規(1ヶ月未満),,,星くずたち,ギフト,ギフトで加入,1,0,0,2026-10-03 22:01,2026-10-03 22:01,○,○,https://www.youtube.com/channel/UCCsoVvGaxjUM5jeJeRI7UVA
UCk3QJi_5r__SJFIMOCPZqwQ,@鳥-u2m,0,新規(1ヶ月未満),,,星くずたち,ギフト,ギフトで加入,1,0,0,2026-10-03 22:01,2026-10-03 22:01,○,○,https://www.youtube.com/channel/UCk3QJi_5r__SJFIMOCPZqwQ
UCtPhH8mJYrjve8mgTD-Hcsg,@kivi_ovo,0,新規(1ヶ月未満),,,星くずたち,ギフト,ギフトで加入,1,0,0,2026-10-03 22:01,2026-10-03 22:01,○,○,https://www.youtube.com/channel/UCtPhH8mJYrjve8mgTD-Hcsg
UC6W_zjNF79Mcm_PEboUdoFg,@レイタウン,0,新規(1ヶ月未満),,,星くずたち,ギフト,ギフトで加入,1,0,0,2026-10-03 22:01,2026-10-03 22:01,○,○,https://www.youtube.com/channel/UC6W_zjNF79Mcm_PEboUdoFg
UCc3V_fmo7XN7LdrOenJxI_Q,@voy4141,0,新規(1ヶ月未満),,,星くずたち,ギフト,ギフトで加入,1,0,0,2026-10-03 22:01,2026-10-03 22:01,○,○,https://www.youtube.com/channel/UCc3V_fmo7XN7LdrOenJxI_Q
UC8ucwleZNxyXJ40ki-qNcww,@来世はねこ-y2y,0,新規(1ヶ月未満),,,星くずたち,ギフト,ギフトで加入,1,0,0,2026-10-03 22:01,2026-10-03 22:01,○,○,https://www.youtube.com/channel/UC8ucwleZNxyXJ40ki-qNcww
UCKJPUOhoov8ZNBsXqkIALtg,@ニアノア-b2q,0,新規(1ヶ月未満),,,星くずたち,ギフト,ギフトで加入,1,0,0,2026-10-03 22:01,2026-10-03 22:01,○,○,https://www.youtube.com/channel/UCKJPUOhoov8ZNBsXqkIALtg
UCom4IiGoSqx5_C8qB9-aPLg,@EthyrielS,0,新規(1ヶ月未満),,,星くずたち,ギフト,ギフトで加入,1,0,0,2026-10-03 22:01,2026-10-03 22:01,○,○,https://www.youtube.com/channel/UCom4IiGoSqx5_C8qB9-aPLg
UCKjj5xjPQeAd-8qCI4KnJbA,@imashita4,0,新規(1ヶ月未満),,,星くずたち,ギフト,ギフトで加入,1,0,0,2026-10-03 22:01,2026-10-03 22:01,○,○,https://www.youtube.com/channel/UCKjj5xjPQeAd-8qCI4KnJbA
UC0IDs8oceszrWMH7nDYjuJg,@shiki2023,0,新規(1ヶ月未満),,,星くずたち,ギフト,ギフトで加入,1,0,0,2026-10-03 22:01,2026-10-03 22:01,○,○,https://www.youtube.com/channel/UC0IDs8oceszrWMH7nDYjuJg
UCV7UYwhYrKKo0FPhalgaHzA,@cord0520,0,新規(1ヶ月未満),New member,,不明,,,1,2,0,2026-10-05 19:02,2026-10-05 19:02,,,https://www.youtube.com/channel/UCV7UYwhYrKKo0FPhalgaHzA
UCTycz5j7JFbuMRXjS-kTffw,@モのもん,0,新規(1ヶ月未満),New member,,不明,,,1,79,0,2026-10-05 19:02,2026-10-05 19:02,,,https://www.youtube.com/channel/UCTycz5j7JFbuMRXjS-kTffw
UCE2yYqWeztUTIsgOleqKh2A,@抹茶プリン食べたい,0,新規(1ヶ月未満),New member,,不明,,,1,1,0,2026-10-05 19:02,2026-10-05 19:02,,,https://www.youtube.com/channel/UCE2yYqWeztUTIsgOleqKh2A
UCAXEXb3UAwE8706IPtudWZA,@ミドリダコ,0,新規(1ヶ月未満),New member,,不明,,,1,1,0,2026-10-05 19:02,2026-10-05 19:02,,,https://www.youtube.com/channel/UCAXEXb3UAwE8706IPtudWZA
UC8D1-09W2x8lr5lpqTJUyWA,@武器アキネ推し,0,新規(1ヶ月未満),New member,,不明,,,1,1,0,2026-10-05 19:02,2026-10-05 19:02,,,https://www.youtube.com/channel/UC8D1-09W2x8lr5lpqTJUyWA
UCJKih9Jn4vrxKUm-5MFx5qg,@channagigigi,0,新規(1ヶ月未満),New member,,不明,,,1,1,0,2026-10-05 19:02,2026-10-05 19:02,,,https://www.youtube.com/channel/UCJKih9Jn4vrxKUm-5MFx5qg
UCquwxCJ0qfPvK-Iswpp84sg,@takuya9549,0,新規(1ヶ月未満),New member,,不明,,,1,7,0,2026-10-05 19:02,2026-10-05 19:02,,,https://www.youtube.com/channel/UCquwxCJ0qfPvK-Iswpp84sg
UC1EV2jNeo_iKmHMf2fWZTfQ,@lynn_7579,0,新規(1ヶ月未満),New member,,星くずたち,新規加入,,1,25,0,2026-10-05 19:02,2026-10-05 19:02,○,,https://www.youtube.com/channel/UC1EV2jNeo_iKmHMf2fWZTfQ
UCEP6FJ0Hp67EdYpgmvRVtmA,@ゴッフオルタサンタリリィ,0,新規(1ヶ月未満),New member,,不明,,,1,2,0,2026-10-06 21:00,2026-10-06 21:00,,,https://www.youtube.com/channel/UCEP6FJ0Hp67EdYpgmvRVtmA
UCL__nO9mrWhcdRgHy8PI_RQ,@1plus2_3sub,0,新規(1ヶ月未満),New member,,不明,,,1,16,0,2026-10-10 12:03,2026-10-10 12:03,,,https://www.youtube.com/channel/UCL__nO9mrWhcdRgHy8PI_RQ
UCie8UJnKpNFwGxGiYnpFHQw,@kanato436,0,新規(1ヶ月未満),New member,,星くずたち,新規加入,,1,0,0,2026-10-10 12:03,2026-10-10 12:03,○,,https://www.youtube.com/channel/UCie8UJnKpNFwGxGiYnpFHQw
UCSt5UnwBTvC-X4-kNKTZ6OA,@リンリン-c6h,0,新規(1ヶ月未満),New member,,星くずたち,新規加入,,1,0,0,2026-10-10 12:03,2026-10-10 12:03,○,,https://www.youtube.com/channel/UCSt5UnwBTvC-X4-kNKTZ6OA
UCeYUGDTLl6Nm4i3ocyojX3Q,@mute-1974,0,新規(1ヶ月未満),New member,,不明,,,1,2,0,2026-10-10 22:03,2026-10-10 22:03,,,https://www.youtube.com/channel/UCeYUGDTLl6Nm4i3ocyojX3Q
UC6Tv_RDF9392heZE4_gXWmg,@むじゅ,0,新規(1ヶ月未満),New member,,星くずたち,新規加入,,1,0,0,2026-10-10 22:03,2026-10-10 22:03,○,,https://www.youtube.com/channel/UC6Tv_RDF9392heZE4_gXWmg
