channel_id,name,badge_months,badge,badge_tooltip,milestone_months,tier,tier_source,revenue_note,streams_seen,messages,superchats,first_seen,last_seen,joined_in_period,gift_received,url
UCRdtdwp3XoorGulLSEDdt_A,@クモル12,2,2ヶ月,Member (2 months),,不明,,,36,2125,0,2026-09-07 21:04,2026-10-06 22:00,,,https://www.youtube.com/channel/UCRdtdwp3XoorGulLSEDdt_A
UCbWzIr_jW6vs1JI600y2wtA,@どぅどぅどぅ017,2,2ヶ月,Member (2 months),,不明,,,36,6006,1,2026-09-07 21:04,2026-10-06 22:00,,,https://www.youtube.com/channel/UCbWzIr_jW6vs1JI600y2wtA
UCVRZJtbyN61vYu9j6rNCpmw,@kshow416,2,2ヶ月,Member (2 months),,不明,,,36,3263,13,2026-09-07 21:04,2026-10-06 22:00,,,https://www.youtube.com/channel/UCVRZJtbyN61vYu9j6rNCpmw
UCR_M9Zura9JcDjJmNQ635hQ,@hasuki_ハシュ,2,2ヶ月,Member (2 months),,不明,,,36,2818,2,2026-09-07 21:04,2026-10-06 22:00,,,https://www.youtube.com/channel/UCR_M9Zura9JcDjJmNQ635hQ
UCmxfR9arSSrYQuUbzjk8kWw,@わかな1118,2,2ヶ月,Member (2 months),,不明,,,34,479,0,2026-09-07 21:04,2026-10-06 22:00,,,https://www.youtube.com/channel/UCmxfR9arSSrYQuUbzjk8kWw
UCzS-kw6S_6rs8mP3hdEQzHw,@かぶ1,2,2ヶ月,Member (2 months),,不明,,,34,6479,4,2026-09-07 21:04,2026-10-06 22:00,,,https://www.youtube.com/channel/UCzS-kw6S_6rs8mP3hdEQzHw
UCjOJa_VBeK7ZMweHnEdZ8oA,@上やんっ,2,2ヶ月,Member (2 months),,不明,,,33,5978,1,2026-09-07 21:04,2026-10-06 22:00,,,https://www.youtube.com/channel/UCjOJa_VBeK7ZMweHnEdZ8oA
UClwE86fu9baBSQNVG2EegHw,@たきびきなこ,2,2ヶ月,Member (2 months),,不明,,,33,3118,1,2026-09-07 21:04,2026-10-06 22:00,,,https://www.youtube.com/channel/UClwE86fu9baBSQNVG2EegHw
UClmirX5kNuOT9HoIVtZ4SEg,@kotona_0324,2,2ヶ月,Member (2 months),,不明,,,33,1159,1,2026-09-07 21:04,2026-10-06 22:00,,,https://www.youtube.com/channel/UClmirX5kNuOT9HoIVtZ4SEg
UCUU9g7ptpSUJDuIEplfpHfA,@オウフル-j4x,2,2ヶ月,Member (2 months),,不明,,,32,4076,0,2026-09-07 21:04,2026-10-06 22:00,,,https://www.youtube.com/channel/UCUU9g7ptpSUJDuIEplfpHfA
UCT8yinBoeuWpiZwO3bBGc4w,@きなこ-o2h,2,2ヶ月,Member (2 months),,不明,,,32,1131,0,2026-09-07 21:04,2026-10-06 22:00,,,https://www.youtube.com/channel/UCT8yinBoeuWpiZwO3bBGc4w
UCwVkAoIUYF9ttGpHKwZFaiA,@yoji4792,2,2ヶ月,Member (2 months),,不明,,,32,2191,1,2026-09-07 21:04,2026-10-06 22:00,,,https://www.youtube.com/channel/UCwVkAoIUYF9ttGpHKwZFaiA
UChj_2RaDjWESwCGvFpEFCsg,@錢zeny,2,2ヶ月,Member (2 months),,不明,,,32,944,2,2026-09-07 21:04,2026-10-06 22:00,,,https://www.youtube.com/channel/UChj_2RaDjWESwCGvFpEFCsg
UCcSN2TbSAQAgeg86AKQ3tXA,@暁月_0523,2,2ヶ月,Member (2 months),,不明,,,32,1654,0,2026-09-07 21:04,2026-10-05 06:01,,,https://www.youtube.com/channel/UCcSN2TbSAQAgeg86AKQ3tXA
UCOatncDzqxSCLwACbwj4C4w,@風見鴉,2,2ヶ月,Member (2 months),,不明,,,32,1661,4,2026-09-07 21:04,2026-10-06 22:00,,,https://www.youtube.com/channel/UCOatncDzqxSCLwACbwj4C4w
UClU2WtQMKefWR6izi-OkgAg,@雪月風花_せつげつふうか,2,2ヶ月,Member (2 months),,不明,,,31,1210,0,2026-09-07 21:04,2026-10-06 22:00,,,https://www.youtube.com/channel/UClU2WtQMKefWR6izi-OkgAg
UChfUSL7JUam6I-FYOMauAeA,@ishiken-b9h,2,2ヶ月,Member (2 months),,不明,,,30,4017,2,2026-09-07 21:04,2026-10-06 22:00,,,https://www.youtube.com/channel/UChfUSL7JUam6I-FYOMauAeA
UCdANcpa9lpQm9z6lDn1mnHA,@ラーメン好きの猫,2,2ヶ月,Member (2 months),,不明,,,30,1644,0,2026-09-07 21:04,2026-10-06 22:00,,,https://www.youtube.com/channel/UCdANcpa9lpQm9z6lDn1mnHA
UCV6cIDE8z_ORC2zZJzxIcKw,@김지우-l2l,2,2ヶ月,Member (2 months),,不明,,,30,181,0,2026-09-07 21:04,2026-10-06 22:00,,,https://www.youtube.com/channel/UCV6cIDE8z_ORC2zZJzxIcKw
UCnEpw1dbQmXfts5wu-G8kPw,@きくお07,2,2ヶ月,Member (2 months),,不明,,,30,3527,0,2026-09-07 21:04,2026-10-06 22:00,,,https://www.youtube.com/channel/UCnEpw1dbQmXfts5wu-G8kPw
UCPyq8XBoPPMk1Vx4lmbAEDw,@あむもち,2,2ヶ月,Member (2 months),,不明,,,29,3746,2,2026-09-07 21:04,2026-10-06 22:00,,,https://www.youtube.com/channel/UCPyq8XBoPPMk1Vx4lmbAEDw
UCGiVZmxGoMa8ur7ac-nVx6w,@sTra301,2,2ヶ月,Member (2 months),,不明,,,29,731,1,2026-09-07 21:04,2026-10-06 22:00,,,https://www.youtube.com/channel/UCGiVZmxGoMa8ur7ac-nVx6w
UCgBHQnH8P5Ag4Hl5hsxctRQ,@りっちゃん-p5u,2,2ヶ月,Member (2 months),,不明,,,29,218,0,2026-09-07 21:04,2026-10-06 22:00,,,https://www.youtube.com/channel/UCgBHQnH8P5Ag4Hl5hsxctRQ
UCu2KC_dv_2JhQgvND5LnUrw,@cogitotota,2,2ヶ月,Member (2 months),,不明,,,29,320,0,2026-09-07 21:04,2026-10-06 22:00,,,https://www.youtube.com/channel/UCu2KC_dv_2JhQgvND5LnUrw
UCAjnPa9eZnoYIwWmHMwokBA,@naga-pu7ln,2,2ヶ月,Member (2 months),,不明,,,29,1549,0,2026-09-07 21:04,2026-10-06 22:00,,,https://www.youtube.com/channel/UCAjnPa9eZnoYIwWmHMwokBA
UCq1PkGi36VrOwO57tIBolVg,@イデア蒼,2,2ヶ月,Member (2 months),,不明,,,29,1726,0,2026-09-07 21:04,2026-10-06 22:00,,,https://www.youtube.com/channel/UCq1PkGi36VrOwO57tIBolVg
UC59NXhlkbnDC099gBSyJu-g,@17Bensam,2,2ヶ月,Member (2 months),,不明,,,28,350,2,2026-09-07 21:04,2026-10-06 22:00,,,https://www.youtube.com/channel/UC59NXhlkbnDC099gBSyJu-g
UC-oyirMMEED2tQ38y9FYdxA,@SoLa-d7y,2,2ヶ月,Member (2 months),,不明,,,28,1087,0,2026-09-07 21:04,2026-10-06 22:00,,,https://www.youtube.com/channel/UC-oyirMMEED2tQ38y9FYdxA
UCzTXOvIHLeWcCI2AqHDw9pg,@やしお-r6t,2,2ヶ月,Member (2 months),,不明,,,28,91,0,2026-09-07 21:04,2026-10-06 22:00,,,https://www.youtube.com/channel/UCzTXOvIHLeWcCI2AqHDw9pg
UC4wltVDwLmVAYsh5cS8p0Kg,@エレテン,2,2ヶ月,Member (2 months),,不明,,,27,907,22,2026-09-07 21:04,2026-10-05 18:00,,,https://www.youtube.com/channel/UC4wltVDwLmVAYsh5cS8p0Kg
UCoOahKL82psesdkJgRY2SFA,@しー_朱羊,2,2ヶ月,Member (2 months),,不明,,,27,330,1,2026-09-07 21:04,2026-10-06 22:00,,,https://www.youtube.com/channel/UCoOahKL82psesdkJgRY2SFA
UC9jtOq--LGioO1U8Joldg2g,@レンジx,2,2ヶ月,Member (2 months),,不明,,,27,334,0,2026-09-07 21:04,2026-10-06 22:00,,,https://www.youtube.com/channel/UC9jtOq--LGioO1U8Joldg2g
UCnchO1bPoqCEHL24kgxoqaw,@yosi丸5853,2,2ヶ月,Member (2 months),,不明,,,27,2455,15,2026-09-07 21:04,2026-10-05 18:00,,,https://www.youtube.com/channel/UCnchO1bPoqCEHL24kgxoqaw
UC3Hu3OlD_ynloSPpqLNb87w,@イケダ_1999,2,2ヶ月,Member (2 months),,不明,,,27,1347,0,2026-09-07 21:04,2026-10-05 18:00,,,https://www.youtube.com/channel/UC3Hu3OlD_ynloSPpqLNb87w
UCoacKztWXflmselGRJ5f-Vw,@とみ.t0mi_766,2,2ヶ月,Member (2 months),,不明,,,26,755,1,2026-09-07 21:04,2026-10-06 22:00,,,https://www.youtube.com/channel/UCoacKztWXflmselGRJ5f-Vw
UCOyOzFLppxeDzUJylCMj1eg,@セツナトワ,2,2ヶ月,Member (2 months),,不明,,,26,2365,0,2026-09-07 21:04,2026-10-06 22:00,,,https://www.youtube.com/channel/UCOyOzFLppxeDzUJylCMj1eg
UCYemXC4ikJ61uwZX2grUhoA,@神王みちあ,2,2ヶ月,Member (2 months),,不明,,,26,5463,0,2026-09-07 21:04,2026-10-06 22:00,,,https://www.youtube.com/channel/UCYemXC4ikJ61uwZX2grUhoA
UCxsN3QN9OtsMuSkH_UFEcOQ,@Juzu-1022,2,2ヶ月,Member (2 months),,不明,,,26,2089,0,2026-09-07 21:04,2026-10-04 20:06,,,https://www.youtube.com/channel/UCxsN3QN9OtsMuSkH_UFEcOQ
UCwgPzxGquB1CbVnQi19W9Mg,@つみきとし-x2y,2,2ヶ月,Member (2 months),,不明,,,26,568,0,2026-09-09 13:54,2026-10-06 22:00,,,https://www.youtube.com/channel/UCwgPzxGquB1CbVnQi19W9Mg
UC6cb33EQbREi-MjnkSQcYPQ,@ぺーだつ,2,2ヶ月,Member (2 months),,不明,,,25,2245,4,2026-09-07 21:04,2026-10-06 22:00,,,https://www.youtube.com/channel/UC6cb33EQbREi-MjnkSQcYPQ
UCe-nFrlvf9MY2I-Nli0u7tA,@KENA_625,2,2ヶ月,Member (2 months),,不明,,,25,173,0,2026-09-07 21:04,2026-10-06 22:00,,,https://www.youtube.com/channel/UCe-nFrlvf9MY2I-Nli0u7tA
UC-_mh6rA_8rYqC7Zs4p9Nbg,@はるごん-v4u,2,2ヶ月,Member (2 months),,不明,,,24,964,2,2026-09-07 21:04,2026-10-05 18:00,,,https://www.youtube.com/channel/UC-_mh6rA_8rYqC7Zs4p9Nbg
UCP0OcqFWdG8_ER50mrEkC6g,@なち74,2,2ヶ月,Member (2 months),,不明,,,24,364,0,2026-09-07 21:04,2026-10-06 22:00,,,https://www.youtube.com/channel/UCP0OcqFWdG8_ER50mrEkC6g
UCtOEUw5sMzCwiv_DbmAx9Zg,@ユシン-i5f,2,2ヶ月,Member (2 months),,不明,,,24,40,3,2026-09-07 21:04,2026-10-04 20:06,,,https://www.youtube.com/channel/UCtOEUw5sMzCwiv_DbmAx9Zg
UClFjp2wu5MgrT83MaAaVVXw,@Masa_01703,2,2ヶ月,Member (2 months),,不明,,,23,929,10,2026-09-07 21:04,2026-10-06 22:00,,,https://www.youtube.com/channel/UClFjp2wu5MgrT83MaAaVVXw
UCU_danY75hW9jtijV4Q2Lsw,@結月ぬかり,2,2ヶ月,Member (2 months),,不明,,,23,1731,4,2026-09-07 21:04,2026-10-06 22:00,,,https://www.youtube.com/channel/UCU_danY75hW9jtijV4Q2Lsw
UCdHWY69hkm6G_X4dI2Zc5aA,@izU_m,2,2ヶ月,Member (2 months),,不明,,,23,235,3,2026-09-07 21:04,2026-10-06 22:00,,,https://www.youtube.com/channel/UCdHWY69hkm6G_X4dI2Zc5aA
UCQuM2AZ7fKTygV8iBCmUoNg,@パル_ch,2,2ヶ月,Member (2 months),,不明,,,22,550,1,2026-09-07 21:04,2026-10-05 06:01,,,https://www.youtube.com/channel/UCQuM2AZ7fKTygV8iBCmUoNg
UCky5055uLvT9Di_idmXmDiA,@みん.min09,2,2ヶ月,Member (2 months),,不明,,,22,2741,1,2026-09-07 21:04,2026-10-06 22:00,,,https://www.youtube.com/channel/UCky5055uLvT9Di_idmXmDiA
UCvaVpSy-X4TDqpVUmM24DiA,@madrom_myushami,2,2ヶ月,Member (2 months),,不明,,,22,534,0,2026-09-07 21:04,2026-10-06 22:00,,,https://www.youtube.com/channel/UCvaVpSy-X4TDqpVUmM24DiA
UC9XSXfigd8uTx5f6HjZ5B_Q,@桜季_saki,2,2ヶ月,Member (2 months),,不明,,,21,801,0,2026-09-07 21:04,2026-10-06 22:00,,,https://www.youtube.com/channel/UC9XSXfigd8uTx5f6HjZ5B_Q
UCBc6yA8a9X5xJBuxhxNC-AA,@シャイン-v3n,2,2ヶ月,Member (2 months),,不明,,,21,1430,2,2026-09-07 21:04,2026-10-06 22:00,,,https://www.youtube.com/channel/UCBc6yA8a9X5xJBuxhxNC-AA
UCR2THhlo5cRJa3URGK-ywFg,@シユ-x2d,2,2ヶ月,Member (2 months),,不明,,,21,118,0,2026-09-07 21:04,2026-10-05 06:01,,,https://www.youtube.com/channel/UCR2THhlo5cRJa3URGK-ywFg
UCjn9yydwf_1u-gOmSX0ZzMQ,@いいしとしと,2,2ヶ月,Member (2 months),,不明,,,21,60,0,2026-09-09 13:54,2026-10-05 18:00,,,https://www.youtube.com/channel/UCjn9yydwf_1u-gOmSX0ZzMQ
UCIGaDm4ZMEullaRtr8oQ4Ug,@くぅ_Rs,2,2ヶ月,Member (2 months),,不明,,,20,336,0,2026-09-07 21:04,2026-10-05 18:00,,,https://www.youtube.com/channel/UCIGaDm4ZMEullaRtr8oQ4Ug
UCkfORaRoPRdzfLKY-icbkhg,@くぶぶ-u6w,2,2ヶ月,Member (2 months),,不明,,,20,87,1,2026-09-07 21:04,2026-10-06 22:00,,,https://www.youtube.com/channel/UCkfORaRoPRdzfLKY-icbkhg
UCCB7bh4k9_DlMO45M05xlvA,@らいライ-rai,2,2ヶ月,Member (2 months),,不明,,,20,269,0,2026-09-07 21:04,2026-10-04 20:06,,,https://www.youtube.com/channel/UCCB7bh4k9_DlMO45M05xlvA
UCub5wzn3riQBgYenTfIMm7w,@チワワ大将軍,2,2ヶ月,Member (2 months),,不明,,,19,168,2,2026-09-07 21:04,2026-10-05 18:00,,,https://www.youtube.com/channel/UCub5wzn3riQBgYenTfIMm7w
UC66krLCWKToW71KpmV7EW7Q,@kitchen-drinker-Wai,2,2ヶ月,Member (2 months),,不明,,,19,248,0,2026-09-07 21:04,2026-10-04 20:06,,,https://www.youtube.com/channel/UC66krLCWKToW71KpmV7EW7Q
UCF0M5O5lL3ObPrAqikiv3iA,@そーたん6741,2,2ヶ月,Member (2 months),,不明,,,19,141,0,2026-09-07 21:04,2026-10-06 22:00,,,https://www.youtube.com/channel/UCF0M5O5lL3ObPrAqikiv3iA
UCJbSfPGLBIoM-_ukaFaRf9A,@madoromu_kara,2,2ヶ月,Member (2 months),,不明,,,18,328,1,2026-09-07 21:04,2026-10-06 22:00,,,https://www.youtube.com/channel/UCJbSfPGLBIoM-_ukaFaRf9A
UCuACdhD0N2Mq46WjQqBlaDA,@あじ-t2u,2,2ヶ月,Member (2 months),,不明,,,18,205,0,2026-09-07 21:04,2026-10-06 22:00,,,https://www.youtube.com/channel/UCuACdhD0N2Mq46WjQqBlaDA
UCochaG6FAZa-KRNJWQILb_Q,@あるぱかの翼,2,2ヶ月,Member (2 months),,不明,,,18,70,0,2026-09-07 21:04,2026-10-05 18:00,,,https://www.youtube.com/channel/UCochaG6FAZa-KRNJWQILb_Q
UCINahwJWM7SnnZOt8gU0z_g,@Midori_翠翠,2,2ヶ月,Member (2 months),,不明,,,18,39,0,2026-09-07 21:04,2026-10-05 18:00,,,https://www.youtube.com/channel/UCINahwJWM7SnnZOt8gU0z_g
UCtH1ARKt9N0uXFGn0gZfqog,@ちょー_CHO,2,2ヶ月,Member (2 months),,不明,,,18,124,0,2026-09-07 21:04,2026-10-06 22:00,,,https://www.youtube.com/channel/UCtH1ARKt9N0uXFGn0gZfqog
UCNDayytV0UcaXxQZgUbSiRg,@あお-q0,2,2ヶ月,Member (2 months),,不明,,,18,50,0,2026-09-07 21:04,2026-10-05 18:00,,,https://www.youtube.com/channel/UCNDayytV0UcaXxQZgUbSiRg
UCYkSzIbd4oIGQunROG8nVug,@ガガ-l4s,2,2ヶ月,Member (2 months),,不明,,,18,61,0,2026-09-07 21:04,2026-10-06 22:00,,,https://www.youtube.com/channel/UCYkSzIbd4oIGQunROG8nVug
UCuZXLEitrOp129wBqCU8MEA,@ReNullBell,2,2ヶ月,Member (2 months),,不明,,,18,163,0,2026-09-09 13:54,2026-10-06 22:00,,,https://www.youtube.com/channel/UCuZXLEitrOp129wBqCU8MEA
UCmFDGXy6kKWwJqbEqQyPHBA,@Hi7ta_1655,2,2ヶ月,Member (2 months),,Ris7,再加入/レベル変更,,17,331,0,2026-09-07 21:04,2026-10-05 18:00,,,https://www.youtube.com/channel/UCmFDGXy6kKWwJqbEqQyPHBA
UCsQS4kINHQ9CvcjjkQdH1KQ,@七海遥-d5z,2,2ヶ月,Member (2 months),,不明,,,17,707,1,2026-09-07 21:04,2026-10-06 22:00,,,https://www.youtube.com/channel/UCsQS4kINHQ9CvcjjkQdH1KQ
UCdEbfz1Av3imlui0P2CsE9A,@inu_daifuku_いぬ大福_66,2,2ヶ月,Member (2 months),,不明,,,17,159,0,2026-09-07 21:04,2026-10-06 22:00,,,https://www.youtube.com/channel/UCdEbfz1Av3imlui0P2CsE9A
UCnhvGQQQP0vKE_hBRWiLdvg,@うるる-k,2,2ヶ月,Member (2 months),,不明,,,17,303,0,2026-09-07 21:04,2026-10-05 06:01,,,https://www.youtube.com/channel/UCnhvGQQQP0vKE_hBRWiLdvg
UCBI6D4BmxJmIkIQXPFAK5ww,@chickenheartnoob,2,2ヶ月,Member (2 months),,不明,,,17,346,0,2026-09-07 21:04,2026-10-05 06:01,,,https://www.youtube.com/channel/UCBI6D4BmxJmIkIQXPFAK5ww
UCJw5SAbN-S6Dwbc9hoKApFg,@mikumo-tb06,2,2ヶ月,Member (2 months),,不明,,,17,277,1,2026-09-07 21:04,2026-10-05 18:00,,,https://www.youtube.com/channel/UCJw5SAbN-S6Dwbc9hoKApFg
UCKeS5adHEAXMd3HqUYn_QmQ,@rrr_rin5140,2,2ヶ月,Member (2 months),,不明,,,17,102,0,2026-09-07 21:04,2026-10-05 06:01,,,https://www.youtube.com/channel/UCKeS5adHEAXMd3HqUYn_QmQ
UC4RKQO1D7zdOOE_9IMR1cLQ,@そあー_soar08,2,2ヶ月,Member (2 months),,不明,,,17,425,0,2026-09-07 21:04,2026-10-05 06:01,,,https://www.youtube.com/channel/UC4RKQO1D7zdOOE_9IMR1cLQ
UCpWcyRm8oxSWa-_zKB_bu7w,@mi-chan41,2,2ヶ月,Member (2 months),,不明,,,17,381,0,2026-09-07 21:04,2026-10-06 22:00,,,https://www.youtube.com/channel/UCpWcyRm8oxSWa-_zKB_bu7w
UC_0pQqRdpSh7NYfaUtRxBTA,@asuma6510,2,2ヶ月,Member (2 months),,不明,,,17,77,0,2026-09-11 19:15,2026-10-05 18:00,,,https://www.youtube.com/channel/UC_0pQqRdpSh7NYfaUtRxBTA
UCCuiN2X0GS62eCJEZo3hu5g,@ベルマークv,2,2ヶ月,Member (2 months),,不明,,,17,56,0,2026-09-11 19:15,2026-10-06 22:00,,,https://www.youtube.com/channel/UCCuiN2X0GS62eCJEZo3hu5g
UCv5gD2-iunEAWtYSVw9tMTA,@本末てんとう虫-h5t,2,2ヶ月,Member (2 months),,不明,,,17,270,0,2026-09-13 15:00,2026-10-05 18:00,,,https://www.youtube.com/channel/UCv5gD2-iunEAWtYSVw9tMTA
UCv3otla0VaMJzHI19gZ6icQ,@meketoro,2,2ヶ月,Member (2 months),,不明,,,16,39,1,2026-09-07 21:04,2026-10-04 20:06,,,https://www.youtube.com/channel/UCv3otla0VaMJzHI19gZ6icQ
UCVZ0zemsXcrRkPiP4fIDdyA,@idomazin,2,2ヶ月,Member (2 months),,不明,,,16,123,0,2026-09-07 21:04,2026-10-06 22:00,,,https://www.youtube.com/channel/UCVZ0zemsXcrRkPiP4fIDdyA
UCNqUosD4IfR5m2DMxmLpE8A,@神威かむい-g3i,2,2ヶ月,Member (2 months),,不明,,,16,34,0,2026-09-11 19:00,2026-10-06 22:00,,,https://www.youtube.com/channel/UCNqUosD4IfR5m2DMxmLpE8A
UCNID92Y3I7MG4gpTZDVWILg,@m.ありす,2,2ヶ月,Member (2 months),,不明,,,15,152,0,2026-09-07 21:04,2026-10-05 18:00,,,https://www.youtube.com/channel/UCNID92Y3I7MG4gpTZDVWILg
UCns5bawEsIIb2NsQMeX1bBQ,@dai_gb,2,2ヶ月,Member (2 months),,不明,,,15,262,0,2026-09-07 21:04,2026-10-06 22:00,,,https://www.youtube.com/channel/UCns5bawEsIIb2NsQMeX1bBQ
UCLkJkOrFMMLRRR4eOI0-CQw,@k.serasera108,2,2ヶ月,Member (2 months),,不明,,,15,205,0,2026-09-07 21:04,2026-10-05 18:00,,,https://www.youtube.com/channel/UCLkJkOrFMMLRRR4eOI0-CQw
UCN3v1a6Xl00s_P2lGT3OXOw,@saamondaisukiii,2,2ヶ月,Member (2 months),,不明,,,15,42,1,2026-09-07 21:04,2026-10-06 22:00,,,https://www.youtube.com/channel/UCN3v1a6Xl00s_P2lGT3OXOw
UCZtZYBMK_UBDAzX09FCwCSQ,@ゼットントン-m4c,2,2ヶ月,Member (2 months),,不明,,,15,343,2,2026-09-07 21:04,2026-10-06 22:00,,,https://www.youtube.com/channel/UCZtZYBMK_UBDAzX09FCwCSQ
UCyWJBWh7HvvcWtLZ0dh8Xbw,@からすメイド,2,2ヶ月,Member (2 months),,不明,,,15,67,0,2026-09-07 21:04,2026-10-06 22:00,,,https://www.youtube.com/channel/UCyWJBWh7HvvcWtLZ0dh8Xbw
UCnH1yv6QmqHs2068tyLxnrQ,@るぐる_momonoheruguru,2,2ヶ月,Member (2 months),,不明,,,15,38,0,2026-09-07 21:04,2026-10-05 18:00,,,https://www.youtube.com/channel/UCnH1yv6QmqHs2068tyLxnrQ
UC1BPBxc--e-j2DJNcADmzrQ,@nekocat5764,2,2ヶ月,Member (2 months),,不明,,,15,251,0,2026-09-07 21:04,2026-10-06 22:00,,,https://www.youtube.com/channel/UC1BPBxc--e-j2DJNcADmzrQ
UCeLZPLXHDdYaBoB8TUxpvyA,@松竹梅-o1m,2,2ヶ月,Member (2 months),,不明,,,15,247,0,2026-09-10 21:01,2026-10-05 06:01,,,https://www.youtube.com/channel/UCeLZPLXHDdYaBoB8TUxpvyA
UCxFrqGAH4zHr5ITyiVh5Rjw,@れぷ_rep,2,2ヶ月,Member (2 months),,不明,,,14,226,0,2026-09-07 21:04,2026-10-06 22:00,,,https://www.youtube.com/channel/UCxFrqGAH4zHr5ITyiVh5Rjw
UCS1P_mM-bsbDGArv2H-tQRg,@夜景_kr,2,2ヶ月,Member (2 months),,不明,,,14,87,0,2026-09-07 21:04,2026-10-06 22:00,,,https://www.youtube.com/channel/UCS1P_mM-bsbDGArv2H-tQRg
UC4r8RCcS8-cxCyVfRVuCroQ,@ぼくすと,2,2ヶ月,Member (2 months),,不明,,,14,57,0,2026-09-07 21:04,2026-10-06 22:00,,,https://www.youtube.com/channel/UC4r8RCcS8-cxCyVfRVuCroQ
UCguo9BX8ktMExMw5bB8IiSw,@無敵キャンディー-j2e,2,2ヶ月,Member (2 months),,不明,,,14,72,0,2026-09-07 21:04,2026-10-06 22:00,,,https://www.youtube.com/channel/UCguo9BX8ktMExMw5bB8IiSw
UC8X1F6RpPJ8OGCjSre2WcXA,@かなつき-z2n,2,2ヶ月,Member (2 months),,不明,,,14,97,0,2026-09-07 21:04,2026-10-05 06:01,,,https://www.youtube.com/channel/UC8X1F6RpPJ8OGCjSre2WcXA
UCK2l9DoBcs4G4VmtFLjeH9g,@crush1009,2,2ヶ月,Member (2 months),,不明,,,14,114,0,2026-09-07 21:04,2026-10-06 22:00,,,https://www.youtube.com/channel/UCK2l9DoBcs4G4VmtFLjeH9g
UCBzbgiU1eunKLM-0MeIts4g,@Blue_spark1726,2,2ヶ月,Member (2 months),,不明,,,14,47,0,2026-09-07 21:04,2026-09-30 20:00,,,https://www.youtube.com/channel/UCBzbgiU1eunKLM-0MeIts4g
UCLkvm9lzsisoa4wT2e8WIEg,@Ak4447-r8x,2,2ヶ月,Member (2 months),,不明,,,14,29,0,2026-09-07 21:04,2026-10-05 06:01,,,https://www.youtube.com/channel/UCLkvm9lzsisoa4wT2e8WIEg
UCZy74V6ZhNY6ma8oljBYEpA,@揚げプリン-b8m,2,2ヶ月,Member (2 months),,不明,,,14,90,0,2026-09-07 21:04,2026-10-06 22:00,,,https://www.youtube.com/channel/UCZy74V6ZhNY6ma8oljBYEpA
UC5gtuHNuRLUPN5kGVoWlORw,@yuuk1_7570,2,2ヶ月,Member (2 months),,不明,,,14,49,0,2026-09-07 21:04,2026-10-05 18:00,,,https://www.youtube.com/channel/UC5gtuHNuRLUPN5kGVoWlORw
UCvceJzcP_Iu1p2EhEUop9-Q,@ウル-アルトマン,2,2ヶ月,Member (2 months),,不明,,,14,106,1,2026-09-13 15:00,2026-10-05 06:01,,,https://www.youtube.com/channel/UCvceJzcP_Iu1p2EhEUop9-Q
UCxL9w8okiGQL6Le1V5F7lZQ,@ユノ-l8n,2,2ヶ月,Member (2 months),,不明,,,13,549,0,2026-09-07 21:04,2026-10-06 22:00,,,https://www.youtube.com/channel/UCxL9w8okiGQL6Le1V5F7lZQ
UCwvc5Opw8dn9sh3Xw9Jg-ig,@カミナ_kamina,2,2ヶ月,Member (2 months),,不明,,,13,234,0,2026-09-07 21:04,2026-10-04 20:06,,,https://www.youtube.com/channel/UCwvc5Opw8dn9sh3Xw9Jg-ig
UCw_B87flJkLi5hcUzof29Gg,@るそ-b9d,2,2ヶ月,Member (2 months),,不明,,,13,177,0,2026-09-07 21:04,2026-10-05 18:00,,,https://www.youtube.com/channel/UCw_B87flJkLi5hcUzof29Gg
UCewS_JJgKr9Il27cCHAaZuA,@Kooooyan_No1,2,2ヶ月,Member (2 months),,不明,,,13,58,0,2026-09-07 21:04,2026-10-05 18:00,,,https://www.youtube.com/channel/UCewS_JJgKr9Il27cCHAaZuA
UCYFJHj1BFaqjZhv5_ygX0bQ,@長い尻尾,2,2ヶ月,Member (2 months),,不明,,,13,45,0,2026-09-07 21:04,2026-10-06 22:00,,,https://www.youtube.com/channel/UCYFJHj1BFaqjZhv5_ygX0bQ
UCqXpcrNcgvlPr5cA9KcqOXw,@TAKUYAタクヤ,2,2ヶ月,Member (2 months),,不明,,,13,27,1,2026-09-07 21:04,2026-10-05 18:00,,,https://www.youtube.com/channel/UCqXpcrNcgvlPr5cA9KcqOXw
UCoRyO0Ov69F4trHOCTqYZpA,@mako_peko,2,2ヶ月,Member (2 months),,不明,,,13,160,0,2026-09-07 21:04,2026-10-02 22:16,,,https://www.youtube.com/channel/UCoRyO0Ov69F4trHOCTqYZpA
UCi50qyo18r-h444mkQNEifA,@ねむ-chan,2,2ヶ月,Member (2 months),,不明,,,13,100,0,2026-09-07 21:04,2026-10-02 22:16,,,https://www.youtube.com/channel/UCi50qyo18r-h444mkQNEifA
UC6bmKXOsgbd1WB1oLIuRO0A,@バスター_bt,2,2ヶ月,Member (2 months),,不明,,,13,99,0,2026-09-09 13:54,2026-10-04 20:06,,,https://www.youtube.com/channel/UC6bmKXOsgbd1WB1oLIuRO0A
UCJvVlzLZ1tWfkmGIp87DITA,@ぱぴぷぺぽぱる,2,2ヶ月,Member (2 months),,不明,,,12,164,1,2026-09-07 21:04,2026-09-27 21:49,,,https://www.youtube.com/channel/UCJvVlzLZ1tWfkmGIp87DITA
UCbjvTzfyWEsQDNr8Sp1Tk5A,@ベルク_828,2,2ヶ月,Member (2 months),,不明,,,12,90,0,2026-09-07 21:04,2026-10-05 06:01,,,https://www.youtube.com/channel/UCbjvTzfyWEsQDNr8Sp1Tk5A
UCsdQPRYg5XsmK2bdVayMN7A,@竹輪麩-c3f,2,2ヶ月,Member (2 months),,不明,,,12,61,0,2026-09-07 21:04,2026-10-05 18:00,,,https://www.youtube.com/channel/UCsdQPRYg5XsmK2bdVayMN7A
UCdWgDvwypjGaFjaVZ2hdfUw,@おもちきっず2号,2,2ヶ月,Member (2 months),,不明,,,12,50,1,2026-09-07 21:04,2026-10-02 22:16,,,https://www.youtube.com/channel/UCdWgDvwypjGaFjaVZ2hdfUw
UCuM3xZplhe0L4GFYaZ79-zw,@マシ-sparrow,2,2ヶ月,Member (2 months),,不明,,,12,278,0,2026-09-07 21:04,2026-10-05 06:01,,,https://www.youtube.com/channel/UCuM3xZplhe0L4GFYaZ79-zw
UCw4EiJEvzJMeDJB4EB4O5XA,@LordC-live,2,2ヶ月,Member (2 months),,不明,,,12,140,0,2026-09-07 21:04,2026-10-06 22:00,,,https://www.youtube.com/channel/UCw4EiJEvzJMeDJB4EB4O5XA
UCGzxovjjZOvogDZJUKJU5pw,@oto4899,2,2ヶ月,Member (2 months),,不明,,,12,97,0,2026-09-07 21:04,2026-10-06 22:00,,,https://www.youtube.com/channel/UCGzxovjjZOvogDZJUKJU5pw
UCwWwcbTpEF8kD1koYV7la9A,@aki_kaorun,2,2ヶ月,Member (2 months),,不明,,,12,88,0,2026-09-07 21:04,2026-10-05 06:01,,,https://www.youtube.com/channel/UCwWwcbTpEF8kD1koYV7la9A
UCv2-4GAyjgTNU3JZwNrQIkw,@gumin8044,2,2ヶ月,Member (2 months),,不明,,,12,43,0,2026-09-07 21:04,2026-10-06 22:00,,,https://www.youtube.com/channel/UCv2-4GAyjgTNU3JZwNrQIkw
UCqHq_gw6UC84Y_PeOAVM99Q,@tentika256,2,2ヶ月,Member (2 months),,不明,,,12,61,0,2026-09-07 21:04,2026-10-02 22:16,,,https://www.youtube.com/channel/UCqHq_gw6UC84Y_PeOAVM99Q
UCKtYuNJZa_Sx9nvEVZXYjxA,@yu_ma.ロロック3,2,2ヶ月,Member (2 months),,不明,,,12,965,1,2026-09-07 21:04,2026-10-04 20:06,,,https://www.youtube.com/channel/UCKtYuNJZa_Sx9nvEVZXYjxA
UC3xm7EB9hp_ZOKXq76-Sf2g,@のれん921,2,2ヶ月,Member (2 months),,不明,,,12,61,0,2026-09-07 21:04,2026-10-06 22:00,,,https://www.youtube.com/channel/UC3xm7EB9hp_ZOKXq76-Sf2g
UCe1ePN2pX3Yur5z1FDd4UfQ,@伊江-いえ,2,2ヶ月,Member (2 months),,不明,,,12,21,0,2026-09-10 21:01,2026-10-06 22:00,,,https://www.youtube.com/channel/UCe1ePN2pX3Yur5z1FDd4UfQ
UCaI39V-KxvWJ9RkqWYrgHVA,@betye8416,2,2ヶ月,Member (2 months),,不明,,,12,98,0,2026-09-11 19:15,2026-10-06 22:00,,,https://www.youtube.com/channel/UCaI39V-KxvWJ9RkqWYrgHVA
UCbJc1hy5AGP3ZNTfdg3kCIA,@ゆめぴりか3号,2,2ヶ月,Member (2 months),,不明,,,12,69,0,2026-09-13 15:00,2026-10-06 22:00,,,https://www.youtube.com/channel/UCbJc1hy5AGP3ZNTfdg3kCIA
UCKKNtU_HLiUCGGkRGqq9YaQ,@潮美結城,2,2ヶ月,Member (2 months),,Ris7,再加入/レベル変更,,11,440,0,2026-09-07 21:04,2026-10-05 06:01,,,https://www.youtube.com/channel/UCKKNtU_HLiUCGGkRGqq9YaQ
UCc7iuwiXW5umbNgzu4aGPNQ,@noodles_1226_,2,2ヶ月,Member (2 months),,不明,,,11,214,0,2026-09-07 21:04,2026-10-05 18:00,,,https://www.youtube.com/channel/UCc7iuwiXW5umbNgzu4aGPNQ
UCUgQMvcENt9YcY_TuE7wIIg,@レヴァショリアン,2,2ヶ月,Member (2 months),,不明,,,11,70,0,2026-09-07 21:04,2026-10-04 20:06,,,https://www.youtube.com/channel/UCUgQMvcENt9YcY_TuE7wIIg
UC4faSdON3M9D6yRaFJJKrzA,@ふゆ_qC,2,2ヶ月,Member (2 months),,不明,,,11,99,2,2026-09-07 21:04,2026-10-03 16:01,,,https://www.youtube.com/channel/UC4faSdON3M9D6yRaFJJKrzA
UCvsKHFGWFX1t1KKQ6Vfzn2g,@ニエンテ-666,2,2ヶ月,Member (2 months),,不明,,,11,65,6,2026-09-07 21:04,2026-10-05 06:01,,,https://www.youtube.com/channel/UCvsKHFGWFX1t1KKQ6Vfzn2g
UCA6gaaPQK_qZomR2sX20A_g,@ktt_kht,2,2ヶ月,Member (2 months),,不明,,,11,15,0,2026-09-07 21:04,2026-10-06 22:00,,,https://www.youtube.com/channel/UCA6gaaPQK_qZomR2sX20A_g
UCp8xu3iHkhZp3C689q_tnnA,@愛_o7a1r,2,2ヶ月,Member (2 months),,不明,,,11,30,0,2026-09-09 13:54,2026-10-06 22:00,,,https://www.youtube.com/channel/UCp8xu3iHkhZp3C689q_tnnA
UCiiGy8fdgxkknsdo0ANjwEg,@むらびとB-y2m,2,2ヶ月,Member (2 months),,不明,,,11,25,0,2026-09-10 21:01,2026-10-06 22:00,,,https://www.youtube.com/channel/UCiiGy8fdgxkknsdo0ANjwEg
UCMfk-zrdPmYQmwFO4Sgz96g,@まさもりす,2,2ヶ月,Member (2 months),,不明,,,11,26,0,2026-09-12 15:33,2026-10-06 22:00,,,https://www.youtube.com/channel/UCMfk-zrdPmYQmwFO4Sgz96g
UCJPspyruEDvkAYgouOXcxjQ,@staa_aaaaすたあ,2,2ヶ月,Member (2 months),,不明,,,10,21,0,2026-09-07 21:04,2026-10-06 22:00,,,https://www.youtube.com/channel/UCJPspyruEDvkAYgouOXcxjQ
UCecSq_c7T3XX1fVQ-gn3v_A,@さなきち_sa,2,2ヶ月,Member (2 months),,不明,,,10,356,0,2026-09-07 21:04,2026-10-05 18:00,,,https://www.youtube.com/channel/UCecSq_c7T3XX1fVQ-gn3v_A
UCj3PpdJuD8OQEn1RmljWPkw,@yakumo808,2,2ヶ月,Member (2 months),,不明,,,10,37,0,2026-09-07 21:04,2026-10-05 18:00,,,https://www.youtube.com/channel/UCj3PpdJuD8OQEn1RmljWPkw
UC4FOaD6HrO63T17AR6tsKkA,@ニャーと言える勇気,2,2ヶ月,Member (2 months),,不明,,,10,107,1,2026-09-07 21:04,2026-10-06 22:00,,,https://www.youtube.com/channel/UC4FOaD6HrO63T17AR6tsKkA
UCvaNQj6RxU_HuN5EgFyUQxQ,@がちりんだお,2,2ヶ月,Member (2 months),,不明,,,10,52,0,2026-09-07 21:04,2026-10-05 06:01,,,https://www.youtube.com/channel/UCvaNQj6RxU_HuN5EgFyUQxQ
UC8Ac_acQ2PllRnFOjCEYk6w,@uosakana_oo,2,2ヶ月,Member (2 months),,不明,,,10,188,0,2026-09-07 21:04,2026-10-04 20:06,,,https://www.youtube.com/channel/UC8Ac_acQ2PllRnFOjCEYk6w
UCPi23uG4GAOOV1MFL3NX6Zw,@はっと-b1u,2,2ヶ月,Member (2 months),,不明,,,10,19,0,2026-09-07 21:04,2026-10-03 16:01,,,https://www.youtube.com/channel/UCPi23uG4GAOOV1MFL3NX6Zw
UCgpI8cmz6V0q2tv1p5ZzqYw,@kiru_610,2,2ヶ月,Member (2 months),,不明,,,10,32,0,2026-09-07 21:04,2026-10-05 18:00,,,https://www.youtube.com/channel/UCgpI8cmz6V0q2tv1p5ZzqYw
UC3uAbGC--wgIkRzIc-kxKWQ,@一色熊羆いっしきゆうひ,2,2ヶ月,Member (2 months),,不明,,,10,68,0,2026-09-07 21:04,2026-10-04 20:06,,,https://www.youtube.com/channel/UC3uAbGC--wgIkRzIc-kxKWQ
UC873shKZr2ChvMsN-YMt6NA,@ねおん-e7t,2,2ヶ月,Member (2 months),,不明,,,10,102,0,2026-09-07 21:04,2026-10-05 18:00,,,https://www.youtube.com/channel/UC873shKZr2ChvMsN-YMt6NA
UC5kKYUw1O2uPuTtDVCayYVA,@horaa1024,2,2ヶ月,Member (2 months),,不明,,,10,24,0,2026-09-07 21:04,2026-10-06 22:00,,,https://www.youtube.com/channel/UC5kKYUw1O2uPuTtDVCayYVA
UCZ_uNnobjNMTOl5go7tKLkg,@リーヤ-c6o,2,2ヶ月,Member (2 months),,不明,,,10,66,0,2026-09-07 21:04,2026-10-05 06:01,,,https://www.youtube.com/channel/UCZ_uNnobjNMTOl5go7tKLkg
UCE8ayQb6RgEyCqbwSqnAVbg,@ぴかるん-v6d,2,2ヶ月,Member (2 months),,不明,,,10,59,0,2026-09-07 21:04,2026-10-05 06:01,,,https://www.youtube.com/channel/UCE8ayQb6RgEyCqbwSqnAVbg
UCjYuG-gxWr6JlfEAfXhToUA,@千世-ちせ,2,2ヶ月,Member (2 months),,不明,,,10,374,0,2026-09-09 13:54,2026-10-06 22:00,,,https://www.youtube.com/channel/UCjYuG-gxWr6JlfEAfXhToUA
UC6nk0Jctl07Pz04-xcpYl0Q,@まひろ-m1i,2,2ヶ月,Member (2 months),,不明,,,10,58,0,2026-09-11 19:15,2026-10-05 18:00,,,https://www.youtube.com/channel/UC6nk0Jctl07Pz04-xcpYl0Q
UCa7OuQ9MFutEzfqrMGGUUdA,@ひろちゃん-hirochan,2,2ヶ月,Member (2 months),,不明,,,10,12,0,2026-09-11 19:15,2026-10-06 22:00,,,https://www.youtube.com/channel/UCa7OuQ9MFutEzfqrMGGUUdA
UCBeiZqFGTjzw0jlzVD9xWEg,@なー_nxa,2,2ヶ月,Member (2 months),,不明,,,9,101,1,2026-09-07 21:04,2026-10-06 22:00,,,https://www.youtube.com/channel/UCBeiZqFGTjzw0jlzVD9xWEg
UC4ZaQuz4UifgxN9MshhT1hg,@メイプルシロップ-z7i,2,2ヶ月,Member (2 months),,不明,,,9,216,2,2026-09-07 21:04,2026-10-04 20:06,,,https://www.youtube.com/channel/UC4ZaQuz4UifgxN9MshhT1hg
UCV2L2tT_t6ylnKitp3bfb6Q,@にゃじら.c,2,2ヶ月,Member (2 months),,不明,,,9,74,0,2026-09-07 21:04,2026-10-05 06:01,,,https://www.youtube.com/channel/UCV2L2tT_t6ylnKitp3bfb6Q
UCKnuVhrCn0H4z1PcOm25bdw,@Arch-b8b,2,2ヶ月,Member (2 months),,不明,,,9,240,2,2026-09-07 21:04,2026-10-05 18:00,,,https://www.youtube.com/channel/UCKnuVhrCn0H4z1PcOm25bdw
UCjze5FENnlAgmXdZ2l-4e4A,@クロユキ-n6s,2,2ヶ月,Member (2 months),,不明,,,9,20,0,2026-09-07 21:04,2026-10-06 22:00,,,https://www.youtube.com/channel/UCjze5FENnlAgmXdZ2l-4e4A
UCwLJtY8TFxKwM6Hp1jSAEQg,@薫風-l9f,2,2ヶ月,Member (2 months),,不明,,,9,100,0,2026-09-07 21:04,2026-10-06 22:00,,,https://www.youtube.com/channel/UCwLJtY8TFxKwM6Hp1jSAEQg
UCb_-aA3RH0iiXgtMp8ieoww,@ひすい_jade,2,2ヶ月,Member (2 months),,不明,,,9,82,1,2026-09-07 21:04,2026-10-04 20:06,,,https://www.youtube.com/channel/UCb_-aA3RH0iiXgtMp8ieoww
UCboPGT6x4JpOdUQcpdNkVUg,@ロンバックス-y9u,2,2ヶ月,Member (2 months),,不明,,,9,23,0,2026-09-07 21:04,2026-10-03 16:01,,,https://www.youtube.com/channel/UCboPGT6x4JpOdUQcpdNkVUg
UCEq7DWEDeT-0HU93oLR5hbA,@SOH_vanilla,2,2ヶ月,Member (2 months),,不明,,,9,59,0,2026-09-07 21:04,2026-10-05 18:00,,,https://www.youtube.com/channel/UCEq7DWEDeT-0HU93oLR5hbA
UCE08R2ABtEiJVqO6ug8jWqw,@童夢-e6t,2,2ヶ月,Member (2 months),,不明,,,9,19,0,2026-09-07 21:04,2026-10-05 06:01,,,https://www.youtube.com/channel/UCE08R2ABtEiJVqO6ug8jWqw
UCL2DtCjI76WpwaW_yFldQwA,@あんりー-t7w,2,2ヶ月,Member (2 months),,不明,,,9,25,0,2026-09-07 21:04,2026-10-02 22:16,,,https://www.youtube.com/channel/UCL2DtCjI76WpwaW_yFldQwA
UCOjWBLFopLpueCu9SOSJLUQ,@ゆーっぷ,2,2ヶ月,Member (2 months),,不明,,,9,18,0,2026-09-09 13:54,2026-09-30 20:00,,,https://www.youtube.com/channel/UCOjWBLFopLpueCu9SOSJLUQ
UCJo7Tq5TgH2UUlbzq_sWV6Q,@WARDOG-DRILLA,2,2ヶ月,Member (2 months),,不明,,,9,18,0,2026-09-09 13:54,2026-10-06 22:00,,,https://www.youtube.com/channel/UCJo7Tq5TgH2UUlbzq_sWV6Q
UC0IDs8oceszrWMH7nDYjuJg,@shiki2023,2,2ヶ月,Member (2 months),,不明,,,9,25,0,2026-09-18 21:59,2026-10-06 22:00,,,https://www.youtube.com/channel/UC0IDs8oceszrWMH7nDYjuJg
UCeRAgRpgfaP-x0I4nJ5Y9Og,@ぴく3,2,2ヶ月,Member (2 months),,不明,,,8,56,0,2026-09-07 21:04,2026-10-05 06:01,,,https://www.youtube.com/channel/UCeRAgRpgfaP-x0I4nJ5Y9Og
UCKhka2mPwzFwhb6cURDt65g,@ゆこちゃん-25,2,2ヶ月,Member (2 months),,不明,,,8,139,0,2026-09-07 21:04,2026-10-06 22:00,,,https://www.youtube.com/channel/UCKhka2mPwzFwhb6cURDt65g
UC5FKjMPFNisnDEFENFkyprg,@chinatu621,2,2ヶ月,Member (2 months),,不明,,,8,172,0,2026-09-07 21:04,2026-09-22 20:59,,,https://www.youtube.com/channel/UC5FKjMPFNisnDEFENFkyprg
UCeVkaoMsGbXsQNsC5rPL3Eg,@マチャミ-f6k,2,2ヶ月,Member (2 months),,不明,,,8,26,0,2026-09-07 21:04,2026-10-04 20:06,,,https://www.youtube.com/channel/UCeVkaoMsGbXsQNsC5rPL3Eg
UCqs1QvP2Fsau0oYHSsLY0NQ,@ゆうき-g9w4s,2,2ヶ月,Member (2 months),,不明,,,8,191,2,2026-09-07 21:04,2026-10-05 06:01,,,https://www.youtube.com/channel/UCqs1QvP2Fsau0oYHSsLY0NQ
UCWFRSxbzJGU31OFZhKbMaMA,@Runorino,2,2ヶ月,Member (2 months),,不明,,,8,37,0,2026-09-07 21:04,2026-09-15 18:17,,,https://www.youtube.com/channel/UCWFRSxbzJGU31OFZhKbMaMA
UCKB2CKQLjNwWvvtAPSoOgHw,@tocchiii,2,2ヶ月,Member (2 months),,不明,,,8,179,0,2026-09-07 21:04,2026-09-30 20:00,,,https://www.youtube.com/channel/UCKB2CKQLjNwWvvtAPSoOgHw
UCOpQqsEAIGWrsdyhBqeCdGA,@3nt_1117,2,2ヶ月,Member (2 months),,不明,,,8,17,0,2026-09-07 21:04,2026-10-05 18:00,,,https://www.youtube.com/channel/UCOpQqsEAIGWrsdyhBqeCdGA
UCTyteLhYLxg3604he60UQUg,@T4KELU,2,2ヶ月,Member (2 months),,不明,,,8,11,0,2026-09-07 21:04,2026-09-29 21:01,,,https://www.youtube.com/channel/UCTyteLhYLxg3604he60UQUg
UCx1B6eV02LBUd7IJ5PfqkNA,@たつやさんにーはちさん__3283,2,2ヶ月,Member (2 months),,不明,,,8,487,0,2026-09-07 21:04,2026-10-05 06:01,,,https://www.youtube.com/channel/UCx1B6eV02LBUd7IJ5PfqkNA
UCsBwiqD0u1f9VAcLv65NdxQ,@konparo,2,2ヶ月,Member (2 months),,不明,,,8,107,3,2026-09-07 21:04,2026-10-04 20:06,,,https://www.youtube.com/channel/UCsBwiqD0u1f9VAcLv65NdxQ
UCjcrCF-B9W2YajMXKjMDIDw,@novaaaaallllll,2,2ヶ月,Member (2 months),,不明,,,8,248,0,2026-09-09 13:54,2026-10-06 22:00,,,https://www.youtube.com/channel/UCjcrCF-B9W2YajMXKjMDIDw
UCHKR_kSBT9-RSwHCMaaMixQ,@masterlink193,2,2ヶ月,Member (2 months),,不明,,,8,10,0,2026-09-10 21:01,2026-10-02 22:16,,,https://www.youtube.com/channel/UCHKR_kSBT9-RSwHCMaaMixQ
UC37NPI8HNt-bUj3IqbvlKQg,@scandal1966,2,2ヶ月,Member (2 months),,不明,,,8,328,0,2026-09-13 15:00,2026-10-05 18:00,,,https://www.youtube.com/channel/UC37NPI8HNt-bUj3IqbvlKQg
UCYS5o2sz215N0kylvigHBNQ,@youkao0210,2,2ヶ月,Member (2 months),,不明,,,7,30,0,2026-09-07 21:04,2026-10-04 20:06,,,https://www.youtube.com/channel/UCYS5o2sz215N0kylvigHBNQ
UCPzI5fvI_Y9zS4opZ_IYT2Q,@sora-o3s,2,2ヶ月,Member (2 months),,不明,,,7,24,0,2026-09-07 21:04,2026-10-05 06:01,,,https://www.youtube.com/channel/UCPzI5fvI_Y9zS4opZ_IYT2Q
UC31uLu9S6iKW2oqRNBR4WMA,@n_ever_single,2,2ヶ月,Member (2 months),,不明,,,7,28,0,2026-09-07 21:04,2026-10-05 06:01,,,https://www.youtube.com/channel/UC31uLu9S6iKW2oqRNBR4WMA
UCIqojoy0S2xZyCzdzc69TYQ,@スナイプ-A-バレット,2,2ヶ月,Member (2 months),,不明,,,7,798,1,2026-09-07 21:04,2026-09-27 07:00,,,https://www.youtube.com/channel/UCIqojoy0S2xZyCzdzc69TYQ
UC6XOQGc0vHSgdJATgb3JAoQ,@momishin,2,2ヶ月,Member (2 months),,不明,,,7,22,0,2026-09-07 21:04,2026-10-04 20:06,,,https://www.youtube.com/channel/UC6XOQGc0vHSgdJATgb3JAoQ
UCSycxVOaYfkbXYoZ7bEHXiQ,@satuki8053,2,2ヶ月,Member (2 months),,不明,,,7,16,0,2026-09-07 21:04,2026-10-05 06:01,,,https://www.youtube.com/channel/UCSycxVOaYfkbXYoZ7bEHXiQ
UCa_Vi1X_uCcOEEUhgEfznGA,@Marusai_,2,2ヶ月,Member (2 months),,不明,,,7,8,0,2026-09-07 21:04,2026-10-06 22:00,,,https://www.youtube.com/channel/UCa_Vi1X_uCcOEEUhgEfznGA
UCp7SD4pSfmW4heDgqtJi1Iw,@夕陽-6458,2,2ヶ月,Member (2 months),,不明,,,7,166,0,2026-09-07 21:04,2026-10-05 06:01,,,https://www.youtube.com/channel/UCp7SD4pSfmW4heDgqtJi1Iw
UCBOfy3y5iwZIBuvJqROFUeQ,@ゆう-r9e1r,2,2ヶ月,Member (2 months),,不明,,,7,22,0,2026-09-07 21:04,2026-10-05 06:01,,,https://www.youtube.com/channel/UCBOfy3y5iwZIBuvJqROFUeQ
UCcbKcO3Zg_6Z1OAUaGFmYfA,@三毛-k3p,2,2ヶ月,Member (2 months),,不明,,,7,79,0,2026-09-09 13:54,2026-10-04 20:06,,,https://www.youtube.com/channel/UCcbKcO3Zg_6Z1OAUaGFmYfA
UClWK1er8c1jbVnS-TDzqlmg,@DX_YaMada_imPact,2,2ヶ月,Member (2 months),,不明,,,7,295,0,2026-09-09 13:54,2026-10-05 18:00,,,https://www.youtube.com/channel/UClWK1er8c1jbVnS-TDzqlmg
UCQHzBx5zmMUlZJod52ZgowQ,@遠野シキ-l6d,2,2ヶ月,Member (2 months),,不明,,,7,52,1,2026-09-09 13:54,2026-10-05 18:00,,,https://www.youtube.com/channel/UCQHzBx5zmMUlZJod52ZgowQ
UC5GQczfLtjFKYfrcddw75mQ,@ころね-y5j,2,2ヶ月,Member (2 months),,不明,,,7,18,0,2026-09-09 13:54,2026-09-27 21:49,,,https://www.youtube.com/channel/UC5GQczfLtjFKYfrcddw75mQ
UCYN1_KUZ8Tdh-5qGJ8DfQ1Q,@ゆは-p7t,2,2ヶ月,Member (2 months),,不明,,,7,24,0,2026-09-10 21:01,2026-09-27 21:49,,,https://www.youtube.com/channel/UCYN1_KUZ8Tdh-5qGJ8DfQ1Q
UC5oIIHlyPccbuLGydTsbboA,@抹茶どらどら,2,2ヶ月,Member (2 months),,不明,,,7,225,0,2026-09-10 21:01,2026-09-30 20:00,,,https://www.youtube.com/channel/UC5oIIHlyPccbuLGydTsbboA
UCOZtNWylCAgZFnTgaRIJB4g,@ヴェルマーチ,2,2ヶ月,Member (2 months),,不明,,,7,122,0,2026-09-13 15:00,2026-10-03 16:01,,,https://www.youtube.com/channel/UCOZtNWylCAgZFnTgaRIJB4g
UC0VGaaH-N5SDrvKGuLGoSsg,@かぐら-o1h,2,2ヶ月,Member (2 months),,不明,,,7,38,0,2026-09-13 21:00,2026-10-05 18:00,,,https://www.youtube.com/channel/UC0VGaaH-N5SDrvKGuLGoSsg
UCARQn_EYALQnIBT_Ff62jAQ,@mizukami6446,2,2ヶ月,Member (2 months),,不明,,,7,94,0,2026-09-14 19:00,2026-10-04 20:06,,,https://www.youtube.com/channel/UCARQn_EYALQnIBT_Ff62jAQ
UCDrICCSeVyr7RG6sx9X-ZMQ,@caaaaaassis3237,2,2ヶ月,Member (2 months),,不明,,,7,39,0,2026-09-14 19:00,2026-10-05 18:00,,,https://www.youtube.com/channel/UCDrICCSeVyr7RG6sx9X-ZMQ
UCtA9fUAbHCzW5wAIb4t5MaA,@ショートヘアー-k3o,2,2ヶ月,Member (2 months),,不明,,,7,18,0,2026-09-15 18:17,2026-10-05 18:00,,,https://www.youtube.com/channel/UCtA9fUAbHCzW5wAIb4t5MaA
UCqLvxV0yEoImNtRpDN0jLzA,@kurnel_,2,2ヶ月,Member (2 months),,不明,,,7,29,0,2026-09-26 21:01,2026-10-03 16:01,,,https://www.youtube.com/channel/UCqLvxV0yEoImNtRpDN0jLzA
UCzPdWXf6U6qXFpoAEUZqkgw,@moburann,2,2ヶ月,Member (2 months),,不明,,,6,87,0,2026-09-07 21:04,2026-10-04 20:06,,,https://www.youtube.com/channel/UCzPdWXf6U6qXFpoAEUZqkgw
UCPjz5CAS5x4_XhQr0i_yJag,@力イり,2,2ヶ月,Member (2 months),,不明,,,6,32,0,2026-09-07 21:04,2026-10-04 20:06,,,https://www.youtube.com/channel/UCPjz5CAS5x4_XhQr0i_yJag
UC2iax-hRTbwGVEiUnK730jA,@SHIORI-0525,2,2ヶ月,Member (2 months),,不明,,,6,15,0,2026-09-07 21:04,2026-10-03 16:01,,,https://www.youtube.com/channel/UC2iax-hRTbwGVEiUnK730jA
UCL3_2sTq-ew9X0s55KEwNlQ,@ぬのりん,2,2ヶ月,Member (2 months),,不明,,,6,63,0,2026-09-07 21:04,2026-10-04 20:06,,,https://www.youtube.com/channel/UCL3_2sTq-ew9X0s55KEwNlQ
UCXJpgOh4uqOwLYKOT3pkbEQ,@52oioio52,2,2ヶ月,Member (2 months),,不明,,,6,46,1,2026-09-07 21:04,2026-10-03 16:01,,,https://www.youtube.com/channel/UCXJpgOh4uqOwLYKOT3pkbEQ
UCMaqvLoO9mikj3g-P0_Feng,@猫オンザシステム,2,2ヶ月,Member (2 months),,不明,,,6,50,0,2026-09-07 21:04,2026-10-04 20:06,,,https://www.youtube.com/channel/UCMaqvLoO9mikj3g-P0_Feng
UCRfPX8Ct6aDldrEnsOjwPuQ,@ペンギンセイジ,2,2ヶ月,Member (2 months),,Ris7,再加入/レベル変更,,6,589,4,2026-09-07 21:04,2026-09-29 21:01,,,https://www.youtube.com/channel/UCRfPX8Ct6aDldrEnsOjwPuQ
UCXPwpL0TwB2S0gJeTkZ9kqw,@mascarpooone,2,2ヶ月,Member (2 months),,不明,,,6,187,0,2026-09-07 21:04,2026-10-04 20:06,,,https://www.youtube.com/channel/UCXPwpL0TwB2S0gJeTkZ9kqw
UCFe0xYrPC4pV3g1qvloa_Jg,@ネコタス-t7l,2,2ヶ月,Member (2 months),,不明,,,6,143,0,2026-09-07 21:04,2026-10-05 06:01,,,https://www.youtube.com/channel/UCFe0xYrPC4pV3g1qvloa_Jg
UCLpIGTTnNRJuxDKghiZLxPA,@そるば_221B,2,2ヶ月,Member (2 months),,不明,,,6,44,0,2026-09-07 21:04,2026-10-05 06:01,,,https://www.youtube.com/channel/UCLpIGTTnNRJuxDKghiZLxPA
UC4TdISgWR8yTBvnGZasZuXw,@SurfingTurtle66,2,2ヶ月,Member (2 months),,不明,,,6,135,0,2026-09-07 21:04,2026-09-18 21:59,,,https://www.youtube.com/channel/UC4TdISgWR8yTBvnGZasZuXw
UCl7WIiSzX6LVbf0R6ih9J8A,@ちぃりん-HDC,2,2ヶ月,Member (2 months),,不明,,,6,91,0,2026-09-07 21:04,2026-09-27 07:00,,,https://www.youtube.com/channel/UCl7WIiSzX6LVbf0R6ih9J8A
UCG9mWYlDLGgob2pm9NyyvWw,@Ching-vv,2,2ヶ月,Member (2 months),,不明,,,6,6,1,2026-09-07 21:04,2026-10-03 16:01,,,https://www.youtube.com/channel/UCG9mWYlDLGgob2pm9NyyvWw
UChvhbSHH69Rne5-V_pTnSjA,@くがいさく,2,2ヶ月,Member (2 months),,不明,,,6,63,0,2026-09-09 13:54,2026-10-05 06:01,,,https://www.youtube.com/channel/UChvhbSHH69Rne5-V_pTnSjA
UCAGPJ1QXfYp0MlYr8vmSksA,@怜王_reo,2,2ヶ月,Member (2 months),,不明,,,6,6,0,2026-09-09 13:54,2026-10-05 06:01,,,https://www.youtube.com/channel/UCAGPJ1QXfYp0MlYr8vmSksA
UCkAfKk0ySHAVGG7WwEV9Usw,@kan珈琲,2,2ヶ月,Member (2 months),,不明,,,6,9,0,2026-09-10 21:01,2026-10-05 06:01,,,https://www.youtube.com/channel/UCkAfKk0ySHAVGG7WwEV9Usw
UCR5wrV8KAgZSbeVkb52HzZg,@ビーンズ提督Admiral-BeanZ,2,2ヶ月,Member (2 months),,不明,,,6,47,0,2026-09-11 19:00,2026-10-05 18:00,,,https://www.youtube.com/channel/UCR5wrV8KAgZSbeVkb52HzZg
UC1H8hd8-5_fZrGowFzJxQ6A,@worksuger5834,2,2ヶ月,Member (2 months),,不明,,,6,24,0,2026-09-12 15:33,2026-10-06 22:00,,,https://www.youtube.com/channel/UC1H8hd8-5_fZrGowFzJxQ6A
UCFRT0bemPJGp5F-XbdVRzIA,@三國うなぎ,2,2ヶ月,Member (2 months),,不明,,,6,25,0,2026-09-13 15:00,2026-10-05 18:00,,,https://www.youtube.com/channel/UCFRT0bemPJGp5F-XbdVRzIA
UC7Sj7Lg03GdrJxYErUCnnPQ,@朝マック-u6d,2,2ヶ月,Member (2 months),,不明,,,6,317,0,2026-09-13 21:00,2026-10-04 20:06,,,https://www.youtube.com/channel/UC7Sj7Lg03GdrJxYErUCnnPQ
UC50G-EMC5HBmjcdme264HFw,@まさ-w3t8u,2,2ヶ月,Member (2 months),,不明,,,6,15,0,2026-09-14 01:36,2026-09-27 07:00,,,https://www.youtube.com/channel/UC50G-EMC5HBmjcdme264HFw
UCLZVUsLAcgdeQOyXoPKgGVQ,@トムトム-r1z,2,2ヶ月,Member (2 months),,不明,,,6,27,0,2026-09-14 19:00,2026-10-05 06:01,,,https://www.youtube.com/channel/UCLZVUsLAcgdeQOyXoPKgGVQ
UCyTNQZtNKAPufq4Nhfyrgfw,@夏懐なつなつ,2,2ヶ月,Member (2 months),,不明,,,6,16,0,2026-09-15 18:17,2026-10-01 10:12,,,https://www.youtube.com/channel/UCyTNQZtNKAPufq4Nhfyrgfw
UCFTxxefrjCo-EDWaONi8lOg,@蒼井-i5l,2,2ヶ月,Member (2 months),,不明,,,6,14,0,2026-09-18 21:59,2026-10-04 20:06,,,https://www.youtube.com/channel/UCFTxxefrjCo-EDWaONi8lOg
UCJD0tgNvZoMFfw_7wnv8pIw,@TPGしゃけまぐろ-e2z,2,2ヶ月,Member (2 months),,不明,,,5,140,0,2026-09-07 21:04,2026-10-05 06:01,,,https://www.youtube.com/channel/UCJD0tgNvZoMFfw_7wnv8pIw
UCUSim2vvt63FjM53hHQZUXQ,@オネ-one,2,2ヶ月,Member (2 months),,不明,,,5,120,0,2026-09-07 21:04,2026-09-24 06:59,,,https://www.youtube.com/channel/UCUSim2vvt63FjM53hHQZUXQ
UCKvQQHGesrjbPZ2e_v6yiWg,@kaja_bekkoupanda,2,2ヶ月,Member (2 months),,不明,,,5,30,1,2026-09-07 21:04,2026-09-20 10:00,,,https://www.youtube.com/channel/UCKvQQHGesrjbPZ2e_v6yiWg
UCkMIcSV-8MnzRDNCTA50INQ,@むばしゃ,2,2ヶ月,Member (2 months),,不明,,,5,32,0,2026-09-07 21:04,2026-09-29 21:01,,,https://www.youtube.com/channel/UCkMIcSV-8MnzRDNCTA50INQ
UCYsqwKAx9PqwHa3VNuQ4F3g,@siaoteteじゃす,2,2ヶ月,Member (2 months),,不明,,,5,161,3,2026-09-07 21:04,2026-09-27 07:00,,,https://www.youtube.com/channel/UCYsqwKAx9PqwHa3VNuQ4F3g
UC7qzcr-JpXXT0IlbLYOZbcQ,@しの-maru130,2,2ヶ月,Member (2 months),,不明,,,5,56,0,2026-09-07 21:04,2026-09-29 21:01,,,https://www.youtube.com/channel/UC7qzcr-JpXXT0IlbLYOZbcQ
UC0iXgbqeSyPK5Pry4aCfHkg,@takuzou121,2,2ヶ月,Member (2 months),,不明,,,5,33,0,2026-09-07 21:04,2026-10-05 06:01,,,https://www.youtube.com/channel/UC0iXgbqeSyPK5Pry4aCfHkg
UCeYwLVlS_zgGybhnF8Y0x_g,@とーま_hayaemi181,2,2ヶ月,Member (2 months),,不明,,,5,47,0,2026-09-07 21:04,2026-09-30 20:00,,,https://www.youtube.com/channel/UCeYwLVlS_zgGybhnF8Y0x_g
UCY0e8cc6DCrmCWkEEjgVvfw,@リオ-n5i,2,2ヶ月,Member (2 months),,不明,,,5,21,0,2026-09-07 21:04,2026-09-22 20:59,,,https://www.youtube.com/channel/UCY0e8cc6DCrmCWkEEjgVvfw
UCUCV5Pb4VWDhk8lXpNs9Xkg,@snowf11ake,2,2ヶ月,Member (2 months),,不明,,,5,186,0,2026-09-07 21:04,2026-09-27 07:00,,,https://www.youtube.com/channel/UCUCV5Pb4VWDhk8lXpNs9Xkg
UCxLZ3K-LHbHfcpVtPCOxwRA,@cattleya8519,2,2ヶ月,Member (2 months),,不明,,,5,105,0,2026-09-07 21:04,2026-10-04 20:06,,,https://www.youtube.com/channel/UCxLZ3K-LHbHfcpVtPCOxwRA
UCktc5MQi-cUcKeA_Cqgwz5g,@ライアードLiArd,2,2ヶ月,Member (2 months),,不明,,,5,102,0,2026-09-07 21:04,2026-10-06 22:00,,,https://www.youtube.com/channel/UCktc5MQi-cUcKeA_Cqgwz5g
UCSrSZoEOMZEfNgZF06ppBKw,@山葉奈々,2,2ヶ月,Member (2 months),,不明,,,5,25,0,2026-09-09 13:54,2026-09-26 06:20,,,https://www.youtube.com/channel/UCSrSZoEOMZEfNgZF06ppBKw
UCUQML-ldT2ccJMX6zLWmXPw,@ばってぃ-y3v,2,2ヶ月,Member (2 months),,不明,,,5,13,0,2026-09-09 13:54,2026-10-05 06:01,,,https://www.youtube.com/channel/UCUQML-ldT2ccJMX6zLWmXPw
UCgbUk0L6awSza5VRGTGs56Q,@でん-i1o,2,2ヶ月,Member (2 months),,不明,,,5,17,0,2026-09-09 13:54,2026-09-29 21:01,,,https://www.youtube.com/channel/UCgbUk0L6awSza5VRGTGs56Q
UCek4LNct6tKuflHMUNYIFDw,@maaboo1507,2,2ヶ月,Member (2 months),,不明,,,5,156,0,2026-09-10 21:01,2026-09-29 21:01,,,https://www.youtube.com/channel/UCek4LNct6tKuflHMUNYIFDw
UC2-SwXwEVuguD5gArdmvsQQ,@いろはに_ch,2,2ヶ月,Member (2 months),,不明,,,5,14,0,2026-09-10 21:01,2026-10-05 06:01,,,https://www.youtube.com/channel/UC2-SwXwEVuguD5gArdmvsQQ
UCtDSkgO6ATf8nQD8p3OntQw,@るふなあさ,2,2ヶ月,Member (2 months),,不明,,,5,16,0,2026-09-13 15:00,2026-10-05 06:01,,,https://www.youtube.com/channel/UCtDSkgO6ATf8nQD8p3OntQw
UCzocWbl6x6n7Dk7DNKiHL6w,@くいち-s2k,2,2ヶ月,Member (2 months),,不明,,,5,28,0,2026-09-13 21:00,2026-10-06 22:00,,,https://www.youtube.com/channel/UCzocWbl6x6n7Dk7DNKiHL6w
UCv8-oyfAfFJM_2NohGY2qdQ,@よっちゃんもち,2,2ヶ月,Member (2 months),,不明,,,5,149,0,2026-09-14 01:36,2026-10-05 06:01,,,https://www.youtube.com/channel/UCv8-oyfAfFJM_2NohGY2qdQ
UCE1Q-0tbePkQjxuRKFpJG2A,@リイエル-z2p,2,2ヶ月,Member (2 months),,不明,,,5,66,0,2026-09-14 19:00,2026-10-04 20:06,,,https://www.youtube.com/channel/UCE1Q-0tbePkQjxuRKFpJG2A
UCWytDHSEoK2pWACmnQ23Rsg,@ひな0803,2,2ヶ月,Member (2 months),,不明,,,4,63,0,2026-09-07 21:04,2026-10-05 06:01,,,https://www.youtube.com/channel/UCWytDHSEoK2pWACmnQ23Rsg
UC_OLVuSuMp4cmfGSUcy0OsQ,@前ショー,2,2ヶ月,Member (2 months),,不明,,,4,12,0,2026-09-07 21:04,2026-09-14 19:00,,,https://www.youtube.com/channel/UC_OLVuSuMp4cmfGSUcy0OsQ
UCZvHnu4VwqhFPYGFoDkozZw,@黒峰-k8j,2,2ヶ月,Member (2 months),,不明,,,4,23,0,2026-09-07 21:04,2026-10-06 22:00,,,https://www.youtube.com/channel/UCZvHnu4VwqhFPYGFoDkozZw
UCHhE2BJuNOjN8D1cC2vOkuQ,@オダチーズ,2,2ヶ月,Member (2 months),,不明,,,4,84,0,2026-09-07 21:04,2026-09-20 10:00,,,https://www.youtube.com/channel/UCHhE2BJuNOjN8D1cC2vOkuQ
UChN4sfEF4TtMhuJsF2iyKtA,@swordfish-ll,2,2ヶ月,Member (2 months),,不明,,,4,304,1,2026-09-07 21:04,2026-09-24 06:59,,,https://www.youtube.com/channel/UChN4sfEF4TtMhuJsF2iyKtA
UCg7h0vlXgBGD6LjGUSn3rJw,@さのじ_sanozi,2,2ヶ月,Member (2 months),,不明,,,4,70,0,2026-09-07 21:04,2026-09-30 20:00,,,https://www.youtube.com/channel/UCg7h0vlXgBGD6LjGUSn3rJw
UCfXnIJRqM3ApM2YWoeq3o2w,@きぁたーん,2,2ヶ月,Member (2 months),,不明,,,4,12,0,2026-09-07 21:04,2026-09-27 21:49,,,https://www.youtube.com/channel/UCfXnIJRqM3ApM2YWoeq3o2w
UCkwOhu0w83VuJGiGvcm0QiQ,@爪爪-fcw,2,2ヶ月,Member (2 months),,不明,,,4,17,0,2026-09-07 21:04,2026-09-19 17:03,,,https://www.youtube.com/channel/UCkwOhu0w83VuJGiGvcm0QiQ
UCg26uaNkO7QcwSqSmWIMvDQ,@しゃちょ-w3r,2,2ヶ月,Member (2 months),,不明,,,4,7,0,2026-09-07 21:04,2026-10-04 20:06,,,https://www.youtube.com/channel/UCg26uaNkO7QcwSqSmWIMvDQ
UCyP4TOqHC2ZJ0N12a9KPwWQ,@タイタイ-x6x,2,2ヶ月,Member (2 months),,不明,,,4,138,0,2026-09-07 21:04,2026-10-05 06:01,,,https://www.youtube.com/channel/UCyP4TOqHC2ZJ0N12a9KPwWQ
UCAWX_9GxjpinFAyqoag3Wag,@がりぞメ,2,2ヶ月,Member (2 months),,不明,,,4,23,1,2026-09-07 21:04,2026-09-15 18:17,,,https://www.youtube.com/channel/UCAWX_9GxjpinFAyqoag3Wag
UCoP3yq3WWpVJJUwPCaQi2lQ,@おいも-0imo3,2,2ヶ月,Member (2 months),,不明,,,4,55,0,2026-09-07 21:04,2026-09-26 21:01,,,https://www.youtube.com/channel/UCoP3yq3WWpVJJUwPCaQi2lQ
UCsVGHvEsSg4QmWDDKuZ6JWQ,@かざまepk,2,2ヶ月,Member (2 months),,不明,,,4,27,0,2026-09-07 21:04,2026-09-15 18:17,,,https://www.youtube.com/channel/UCsVGHvEsSg4QmWDDKuZ6JWQ
UCxm476eRUn4uvk0Jbji7wuQ,@アオ12-ky4ky,2,2ヶ月,Member (2 months),,不明,,,4,10,0,2026-09-07 21:04,2026-10-01 10:12,,,https://www.youtube.com/channel/UCxm476eRUn4uvk0Jbji7wuQ
UCvlJTNMpMPXUpSh2u9Vtr3Q,@なるだけ,2,2ヶ月,Member (2 months),,不明,,,4,8,0,2026-09-07 21:04,2026-10-05 06:01,,,https://www.youtube.com/channel/UCvlJTNMpMPXUpSh2u9Vtr3Q
UC-Z6-w6U_-egV69ARjGj3lQ,@77ww1R,2,2ヶ月,Member (2 months),,不明,,,4,12,0,2026-09-07 21:04,2026-10-06 22:00,,,https://www.youtube.com/channel/UC-Z6-w6U_-egV69ARjGj3lQ
UCrrbIf2zezur_jxE-NiqTXQ,@まさn555,2,2ヶ月,Member (2 months),,不明,,,4,15,0,2026-09-07 21:04,2026-09-20 13:00,,,https://www.youtube.com/channel/UCrrbIf2zezur_jxE-NiqTXQ
UCDjrJd2gplBN5R7zMugV4lw,@あどみら-l5w,2,2ヶ月,Member (2 months),,不明,,,4,24,0,2026-09-07 21:04,2026-10-05 18:00,,,https://www.youtube.com/channel/UCDjrJd2gplBN5R7zMugV4lw
UCf4eL3FEw7wDhK0d6uRAKog,@トキ-s6j,2,2ヶ月,Member (2 months),,不明,,,4,11,0,2026-09-07 21:04,2026-09-23 18:00,,,https://www.youtube.com/channel/UCf4eL3FEw7wDhK0d6uRAKog
UCD8_kHAQY1fcWPtcg6rMsXg,@shirasu_suki,2,2ヶ月,Member (2 months),,不明,,,4,4,0,2026-09-07 21:04,2026-10-05 06:01,,,https://www.youtube.com/channel/UCD8_kHAQY1fcWPtcg6rMsXg
UCnknd1nGS3WNIhrH61FhWvw,@いけちゃん-ぽたく,2,2ヶ月,Member (2 months),,不明,,,4,5,0,2026-09-07 21:04,2026-09-27 07:00,,,https://www.youtube.com/channel/UCnknd1nGS3WNIhrH61FhWvw
UCmDi0yIl4lCYX6-b4nmiiYw,@9q_sa1,2,2ヶ月,Member (2 months),,不明,,,4,161,0,2026-09-09 13:54,2026-09-26 06:20,,,https://www.youtube.com/channel/UCmDi0yIl4lCYX6-b4nmiiYw
UCcFhYY3I7K-UTOF42HVu4VQ,@ひゅうと-wi,2,2ヶ月,Member (2 months),,不明,,,4,10,0,2026-09-09 13:54,2026-09-13 21:00,,,https://www.youtube.com/channel/UCcFhYY3I7K-UTOF42HVu4VQ
UC6IHKBMicph6tvPMP6p5hCw,@ハマヂ-c6s,2,2ヶ月,Member (2 months),,不明,,,4,238,0,2026-09-09 13:54,2026-09-27 21:49,,,https://www.youtube.com/channel/UC6IHKBMicph6tvPMP6p5hCw
UCSlx-R4I7iFKZ-9X7dEqGtw,@いがんし,2,2ヶ月,Member (2 months),,不明,,,4,14,0,2026-09-09 13:54,2026-10-05 06:01,,,https://www.youtube.com/channel/UCSlx-R4I7iFKZ-9X7dEqGtw
UChv0pEfpdngDdtRWARqi4nw,@l五右衛門-f1f,2,2ヶ月,Member (2 months),,不明,,,4,28,0,2026-09-10 21:01,2026-10-05 06:01,,,https://www.youtube.com/channel/UChv0pEfpdngDdtRWARqi4nw
UCdtzlTCyN-y4hjQikK17IUg,@31stbaam,2,2ヶ月,Member (2 months),,不明,,,4,53,0,2026-09-10 21:01,2026-10-04 20:06,,,https://www.youtube.com/channel/UCdtzlTCyN-y4hjQikK17IUg
UCGWXFCpx1qy7LyObeRJHbtQ,@響あんくら,2,2ヶ月,Member (2 months),,不明,,,4,24,0,2026-09-10 21:01,2026-09-27 07:00,,,https://www.youtube.com/channel/UCGWXFCpx1qy7LyObeRJHbtQ
UCAu80LFnXmu7wGpGGfHimfw,@月の樹_Tsukinoki,2,2ヶ月,Member (2 months),,不明,,,4,6,0,2026-09-11 19:00,2026-10-03 16:01,,,https://www.youtube.com/channel/UCAu80LFnXmu7wGpGGfHimfw
UCPValdIYJKgo2FnRQZTfqRA,@ツーブロパーマ,2,2ヶ月,Member (2 months),,不明,,,4,9,0,2026-09-11 19:15,2026-10-06 22:00,,,https://www.youtube.com/channel/UCPValdIYJKgo2FnRQZTfqRA
UC3HdGgsui8lBrqI4SS2H4zQ,@しろねこpup,2,2ヶ月,Member (2 months),,不明,,,4,4,0,2026-09-11 19:15,2026-09-30 20:00,,,https://www.youtube.com/channel/UC3HdGgsui8lBrqI4SS2H4zQ
UC72lG15fHcvQiu6w6dNOTvA,@ソルシェSo,2,2ヶ月,Member (2 months),,不明,,,4,11,0,2026-09-13 01:26,2026-10-04 20:06,,,https://www.youtube.com/channel/UC72lG15fHcvQiu6w6dNOTvA
UC1yA23HsA0uJPfqlKDVqwEg,@ぶるー凛fam,2,2ヶ月,Member (2 months),,不明,,,4,39,0,2026-09-13 15:00,2026-10-04 20:06,,,https://www.youtube.com/channel/UC1yA23HsA0uJPfqlKDVqwEg
UC7UFppmgi-RZ7xz368PSbTA,@R-0307,2,2ヶ月,Member (2 months),,不明,,,4,6,0,2026-09-13 15:00,2026-10-04 20:06,,,https://www.youtube.com/channel/UC7UFppmgi-RZ7xz368PSbTA
UCh3XFB106St1y5qkESN1Eew,@Angel_P-v3v,2,2ヶ月,Member (2 months),,不明,,,4,5,0,2026-09-14 01:36,2026-10-05 06:01,,,https://www.youtube.com/channel/UCh3XFB106St1y5qkESN1Eew
UCv3pM8xmqxkgyJvd_SmavpQ,@プサイ-ニュー,2,2ヶ月,Member (2 months),,不明,,,4,18,0,2026-09-14 19:00,2026-09-27 21:49,,,https://www.youtube.com/channel/UCv3pM8xmqxkgyJvd_SmavpQ
UCsb2uJ0cLdaET17RvL7pCUA,@アキ_ch,2,2ヶ月,Member (2 months),,不明,,,4,11,0,2026-09-15 18:17,2026-10-04 20:06,,,https://www.youtube.com/channel/UCsb2uJ0cLdaET17RvL7pCUA
UCOA5ATrWH5rsdG6NA9UmbYA,@猫大好き-b8j,2,2ヶ月,Member (2 months),,不明,,,4,46,0,2026-09-15 18:17,2026-10-04 20:06,,,https://www.youtube.com/channel/UCOA5ATrWH5rsdG6NA9UmbYA
UCzf1vk23uLaH1Y8hrMDm1Fw,@yakumo-x6l,2,2ヶ月,Member (2 months),,不明,,,4,22,0,2026-09-18 21:59,2026-09-27 07:00,,,https://www.youtube.com/channel/UCzf1vk23uLaH1Y8hrMDm1Fw
UCWeDWIKJLyIErOzPsgmeU2w,@楽師A,2,2ヶ月,Member (2 months),,不明,,,4,59,0,2026-09-20 13:00,2026-09-27 07:00,,,https://www.youtube.com/channel/UCWeDWIKJLyIErOzPsgmeU2w
UCMFhpdGcQJ0kKHkzqWaX89A,@Sa7ka_ris,2,2ヶ月,Member (2 months),,不明,,,4,7,0,2026-09-22 16:02,2026-10-04 20:06,,,https://www.youtube.com/channel/UCMFhpdGcQJ0kKHkzqWaX89A
UCYTzZ3j4fjC-lz9HTV2BDQA,@FLYlight-gg,2,2ヶ月,Member (2 months),,不明,,,4,6,0,2026-09-23 18:00,2026-10-05 18:00,,,https://www.youtube.com/channel/UCYTzZ3j4fjC-lz9HTV2BDQA
UCsf0PbdkjT1XcArvWQ7aTWg,@ゆずひろぉ,2,2ヶ月,Member (2 months),,不明,,,4,4,0,2026-09-24 06:59,2026-10-02 22:16,,,https://www.youtube.com/channel/UCsf0PbdkjT1XcArvWQ7aTWg
UCOv-J8LLQKl32ck8dPD57Tg,@tetr1tz,2,2ヶ月,Member (2 months),,不明,,,4,231,1,2026-09-27 07:00,2026-10-05 06:01,,,https://www.youtube.com/channel/UCOv-J8LLQKl32ck8dPD57Tg
UCrVHUtJW_49CWw5Ju7gWchQ,@SAMURAI-2434OC,2,2ヶ月,Member (2 months),,不明,,,3,38,0,2026-09-07 21:04,2026-10-04 20:06,,,https://www.youtube.com/channel/UCrVHUtJW_49CWw5Ju7gWchQ
UCz03qNTibOzgoShBdGkcFBw,@Mi-314-n3e,2,2ヶ月,Member (2 months),,不明,,,3,4,0,2026-09-07 21:04,2026-09-26 21:01,,,https://www.youtube.com/channel/UCz03qNTibOzgoShBdGkcFBw
UCIz8emNi3wgtYRKDF047jIQ,@おひまな,2,2ヶ月,Member (2 months),,不明,,,3,27,0,2026-09-07 21:04,2026-09-26 06:20,,,https://www.youtube.com/channel/UCIz8emNi3wgtYRKDF047jIQ
UCPLsUwEVOeeT_nSJNgd2IMw,@いたま-itama,2,2ヶ月,Member (2 months),,不明,,,3,11,0,2026-09-07 21:04,2026-09-15 18:17,,,https://www.youtube.com/channel/UCPLsUwEVOeeT_nSJNgd2IMw
UCN26nnysOlvCXT1MLjVI_fg,@パープルプランツ,2,2ヶ月,Member (2 months),,不明,,,3,8,0,2026-09-07 21:04,2026-10-03 16:01,,,https://www.youtube.com/channel/UCN26nnysOlvCXT1MLjVI_fg
UCCc29pG6lSvKGszDOPnibFA,@009namakura,2,2ヶ月,Member (2 months),,不明,,,3,27,0,2026-09-07 21:04,2026-09-26 06:20,,,https://www.youtube.com/channel/UCCc29pG6lSvKGszDOPnibFA
UCFgthglkGts3a1ll6YtvC2w,@たかしのだがし,2,2ヶ月,Member (2 months),,不明,,,3,42,0,2026-09-07 21:04,2026-10-05 06:01,,,https://www.youtube.com/channel/UCFgthglkGts3a1ll6YtvC2w
UCnQ-TT9ZdlWr8cTWn19IjMA,@よっしー-f5m,2,2ヶ月,Member (2 months),,不明,,,3,31,0,2026-09-07 21:04,2026-09-27 07:00,,,https://www.youtube.com/channel/UCnQ-TT9ZdlWr8cTWn19IjMA
UCdrsLWG7HHr2In5U2_wh-WA,@ボンジー2.0,2,2ヶ月,Member (2 months),,不明,,,3,3,0,2026-09-07 21:04,2026-09-23 18:00,,,https://www.youtube.com/channel/UCdrsLWG7HHr2In5U2_wh-WA
UCB9qiy-BMhIPt08Wbx8fq3A,@マチャ-r5k,2,2ヶ月,Member (2 months),,不明,,,3,33,0,2026-09-07 21:04,2026-09-19 17:03,,,https://www.youtube.com/channel/UCB9qiy-BMhIPt08Wbx8fq3A
UCbr3eLRrUClKMLL31G-Lq4A,@オーキット,2,2ヶ月,Member (2 months),,不明,,,3,14,0,2026-09-07 21:04,2026-10-05 06:01,,,https://www.youtube.com/channel/UCbr3eLRrUClKMLL31G-Lq4A
UCQ41v2qV80KNHgXmvMvehHQ,@りんごあめ_あめ,2,2ヶ月,Member (2 months),,不明,,,3,6,0,2026-09-07 21:04,2026-10-05 18:00,,,https://www.youtube.com/channel/UCQ41v2qV80KNHgXmvMvehHQ
UCKFdIlIDgJXgI0c7kYRyT3w,@ARTあーと,2,2ヶ月,Member (2 months),,不明,,,3,9,0,2026-09-07 21:04,2026-10-02 22:16,,,https://www.youtube.com/channel/UCKFdIlIDgJXgI0c7kYRyT3w
UCONW0AjnDoT6lEZd-rS906Q,@もんたげ-st-ep,2,2ヶ月,Member (2 months),,不明,,,3,98,0,2026-09-07 21:04,2026-09-26 06:20,,,https://www.youtube.com/channel/UCONW0AjnDoT6lEZd-rS906Q
UCBOZi5j56BpsyM9YgP9ukJw,@AK-zy4xo,2,2ヶ月,Member (2 months),,不明,,,3,4,0,2026-09-07 21:04,2026-09-13 01:26,,,https://www.youtube.com/channel/UCBOZi5j56BpsyM9YgP9ukJw
UCqaTIQPOEJNA6DcVagUC_AA,@nameko-x8g,2,2ヶ月,Member (2 months),,不明,,,3,21,0,2026-09-07 21:04,2026-09-24 06:59,,,https://www.youtube.com/channel/UCqaTIQPOEJNA6DcVagUC_AA
UCgwdQJpxI8ddS-qeo55bjzg,@ジー_zie,2,2ヶ月,Member (2 months),,不明,,,3,95,0,2026-09-07 21:04,2026-09-26 21:01,,,https://www.youtube.com/channel/UCgwdQJpxI8ddS-qeo55bjzg
UCT9JIUV5i_60L6PUN_auK_w,@nosuke2838,2,2ヶ月,Member (2 months),,不明,,,3,4,0,2026-09-07 21:04,2026-09-26 06:20,,,https://www.youtube.com/channel/UCT9JIUV5i_60L6PUN_auK_w
UCd37U1VlwZhvdHg2FmELOQg,@かしこま-h8i,2,2ヶ月,Member (2 months),,不明,,,3,9,0,2026-09-07 21:04,2026-09-23 18:00,,,https://www.youtube.com/channel/UCd37U1VlwZhvdHg2FmELOQg
UCFJhne2fHazyA5WTa1Ra2-g,@青山-f8n,2,2ヶ月,Member (2 months),,不明,,,3,7,0,2026-09-07 21:04,2026-09-30 20:00,,,https://www.youtube.com/channel/UCFJhne2fHazyA5WTa1Ra2-g
UCx8AWuHB-eRtuAogddrJkdw,@赤いマンドリル,2,2ヶ月,Member (2 months),,不明,,,3,17,0,2026-09-07 21:04,2026-10-05 06:01,,,https://www.youtube.com/channel/UCx8AWuHB-eRtuAogddrJkdw
UCkbQIx-k61PQkfTU0XroYmw,@けんけん_024,2,2ヶ月,Member (2 months),,不明,,,3,26,0,2026-09-07 21:04,2026-09-10 21:01,,,https://www.youtube.com/channel/UCkbQIx-k61PQkfTU0XroYmw
UCzjbXcRW69zZd_hg93Zs3gA,@texetexe,2,2ヶ月,Member (2 months),,不明,,,3,3,0,2026-09-07 21:04,2026-09-27 21:49,,,https://www.youtube.com/channel/UCzjbXcRW69zZd_hg93Zs3gA
UC_oLK_I1Fcd0XRAtGn97dhA,@KuroComet,2,2ヶ月,Member (2 months),,不明,,,3,5,0,2026-09-07 21:04,2026-09-27 07:00,,,https://www.youtube.com/channel/UC_oLK_I1Fcd0XRAtGn97dhA
UCkMriYUoE--Un7oXRM_vMVQ,@hp-sekkenn,2,2ヶ月,Member (2 months),,不明,,,3,4,0,2026-09-07 21:04,2026-10-03 16:01,,,https://www.youtube.com/channel/UCkMriYUoE--Un7oXRM_vMVQ
UC1NlPsqALl9ad_ztmzpWvkw,@cielte,2,2ヶ月,Member (2 months),,不明,,,3,10,1,2026-09-07 21:04,2026-09-22 20:59,,,https://www.youtube.com/channel/UC1NlPsqALl9ad_ztmzpWvkw
UC-fz-ciddGLE44XtSeUEq4Q,@ta7rei,2,2ヶ月,Member (2 months),,不明,,,3,49,0,2026-09-07 21:04,2026-09-12 15:33,,,https://www.youtube.com/channel/UC-fz-ciddGLE44XtSeUEq4Q
UCk8bEIYmthlXRkfsB-LvErg,@えいき-c4s,2,2ヶ月,Member (2 months),,不明,,,3,5,0,2026-09-07 21:04,2026-09-10 21:01,,,https://www.youtube.com/channel/UCk8bEIYmthlXRkfsB-LvErg
UCR1m0jzb-HXA8-2msRrk0vw,@龍崎雷斗,2,2ヶ月,Member (2 months),,不明,,,3,14,1,2026-09-07 21:04,2026-10-04 20:06,,,https://www.youtube.com/channel/UCR1m0jzb-HXA8-2msRrk0vw
UCHvmLDARWGk9UCgeJEoK_pg,@かこりね,2,2ヶ月,Member (2 months),,不明,,,3,31,0,2026-09-09 13:54,2026-10-05 06:01,,,https://www.youtube.com/channel/UCHvmLDARWGk9UCgeJEoK_pg
UCGXgacHQydoQDyyHlpxiiRA,@なつひょう,2,2ヶ月,Member (2 months),,不明,,,3,7,0,2026-09-09 13:54,2026-09-14 01:36,,,https://www.youtube.com/channel/UCGXgacHQydoQDyyHlpxiiRA
UCFGBcQz6xP_BZpF1HWL_Deg,@りくまもん,2,2ヶ月,Member (2 months),,不明,,,3,4,0,2026-09-09 13:54,2026-09-24 06:59,,,https://www.youtube.com/channel/UCFGBcQz6xP_BZpF1HWL_Deg
UCRIvX28U7yMlX6ouGvPCHtQ,@くらえす-Claes,2,2ヶ月,Member (2 months),,不明,,,3,3,0,2026-09-09 13:54,2026-10-05 18:00,,,https://www.youtube.com/channel/UCRIvX28U7yMlX6ouGvPCHtQ
UCScz8AK0RUKzIFZmofjRtKQ,@ユウグレ-m7g,2,2ヶ月,Member (2 months),,不明,,,3,8,0,2026-09-10 21:01,2026-09-26 21:01,,,https://www.youtube.com/channel/UCScz8AK0RUKzIFZmofjRtKQ
UCJ4yM3sOqgh_zSw-fOyIawQ,@akira_photogallery,2,2ヶ月,Member (2 months),,不明,,,3,17,0,2026-09-10 21:01,2026-10-05 18:00,,,https://www.youtube.com/channel/UCJ4yM3sOqgh_zSw-fOyIawQ
UCeI_VGKLM_vB11y0dRs9glQ,@まるみゅーず,2,2ヶ月,Member (2 months),,不明,,,3,89,0,2026-09-10 21:01,2026-09-24 06:59,,,https://www.youtube.com/channel/UCeI_VGKLM_vB11y0dRs9glQ
UCMWS-eNpSx8f1V-sySVY8GQ,@Shunsuke-ac,2,2ヶ月,Member (2 months),,不明,,,3,4,0,2026-09-10 21:01,2026-09-27 07:00,,,https://www.youtube.com/channel/UCMWS-eNpSx8f1V-sySVY8GQ
UCkC5OE-U9Qsqs87ePWe-jjQ,@おつかれZzz,2,2ヶ月,Member (2 months),,不明,,,3,9,0,2026-09-10 21:01,2026-09-26 21:01,,,https://www.youtube.com/channel/UCkC5OE-U9Qsqs87ePWe-jjQ
UCI82yow1JLsF7oSrU21W8uQ,@evanbigfai,2,2ヶ月,Member (2 months),,不明,,,3,3,0,2026-09-10 21:01,2026-09-29 21:01,,,https://www.youtube.com/channel/UCI82yow1JLsF7oSrU21W8uQ
UCRMKbi6fQLH5J13zo9ws3Gw,@林亦-linyi,2,2ヶ月,Member (2 months),,Ris7,再加入/レベル変更,,3,2,0,2026-09-10 21:01,2026-10-06 22:00,,,https://www.youtube.com/channel/UCRMKbi6fQLH5J13zo9ws3Gw
UClbyy7cr7YG-Vvk1OfD0wUw,@あやね-a,2,2ヶ月,Member (2 months),,不明,,,3,9,0,2026-09-11 19:00,2026-09-15 18:17,,,https://www.youtube.com/channel/UClbyy7cr7YG-Vvk1OfD0wUw
UClo8YQTHLnFP8KawcUjuMkQ,@結弦_ゆづる,2,2ヶ月,Member (2 months),,不明,,,3,3,0,2026-09-13 15:00,2026-10-06 22:00,,,https://www.youtube.com/channel/UClo8YQTHLnFP8KawcUjuMkQ
UCI5W1JW-c7s6t2Tp7eupRpg,@msm06ジュリック,2,2ヶ月,Member (2 months),,不明,,,3,27,0,2026-09-13 15:00,2026-09-26 06:20,,,https://www.youtube.com/channel/UCI5W1JW-c7s6t2Tp7eupRpg
UCxUyQ-8QwPcd1oRFFxkAhnw,@てまき_10emak1,2,2ヶ月,Member (2 months),,不明,,,3,5,0,2026-09-13 15:00,2026-09-26 21:01,,,https://www.youtube.com/channel/UCxUyQ-8QwPcd1oRFFxkAhnw
UCrAsj-NmPNtVb2a66xy2sYA,@NegativeSoda,2,2ヶ月,Member (2 months),,不明,,,3,7,1,2026-09-13 15:00,2026-09-18 21:59,,,https://www.youtube.com/channel/UCrAsj-NmPNtVb2a66xy2sYA
UCI8ChQq86PeavU_yOzsb4dQ,@たくあん-u2t,2,2ヶ月,Member (2 months),,不明,,,3,8,0,2026-09-13 21:00,2026-10-03 16:01,,,https://www.youtube.com/channel/UCI8ChQq86PeavU_yOzsb4dQ
UCrBXHeeuOfEE4jxoN-Ur0CQ,@やましげ7002,2,2ヶ月,Member (2 months),,不明,,,3,13,0,2026-09-13 21:00,2026-10-05 18:00,,,https://www.youtube.com/channel/UCrBXHeeuOfEE4jxoN-Ur0CQ
UCj-P0otkOT8s7qiT4erbsCQ,@タツクン-i1e,2,2ヶ月,Member (2 months),,不明,,,3,3,0,2026-09-14 01:36,2026-09-26 21:01,,,https://www.youtube.com/channel/UCj-P0otkOT8s7qiT4erbsCQ
UCk9mo8ssxo590hgYpWMkA0g,@tsumutsumu3151,2,2ヶ月,Member (2 months),,不明,,,3,4,0,2026-09-14 19:00,2026-09-26 21:01,,,https://www.youtube.com/channel/UCk9mo8ssxo590hgYpWMkA0g
UCrs0nYwAfiyF312fYVaJo3A,@鯖の味噌煮の缶詰,2,2ヶ月,Member (2 months),,不明,,,3,3,0,2026-09-14 19:00,2026-10-04 20:06,,,https://www.youtube.com/channel/UCrs0nYwAfiyF312fYVaJo3A
UCTzpGhzRyaWHCQJkB7HRS6Q,@遊佐みかん,2,2ヶ月,Member (2 months),,不明,,,3,6,0,2026-09-18 21:59,2026-10-04 20:06,,,https://www.youtube.com/channel/UCTzpGhzRyaWHCQJkB7HRS6Q
UCScehCB8CnFfgFo0wxWQveQ,@シズク-Mikan,2,2ヶ月,Member (2 months),,不明,,,3,13,0,2026-09-18 21:59,2026-09-26 06:20,,,https://www.youtube.com/channel/UCScehCB8CnFfgFo0wxWQveQ
UCEIO-zk-26Tq4lvGLb5QdSQ,@はんぺいた-m9r,2,2ヶ月,Member (2 months),,不明,,,3,29,0,2026-09-19 17:03,2026-10-04 20:06,,,https://www.youtube.com/channel/UCEIO-zk-26Tq4lvGLb5QdSQ
UCcx4l6nz4qziyrWjZbWBb8Q,@組長-p7j,2,2ヶ月,Member (2 months),,不明,,,3,15,0,2026-09-22 16:02,2026-09-27 07:00,,,https://www.youtube.com/channel/UCcx4l6nz4qziyrWjZbWBb8Q
UCkZFOom8mysvA1tWeZW9pDw,@チーズアイス_phomai,2,2ヶ月,Member (2 months),,不明,,,3,10,0,2026-09-22 20:59,2026-09-27 07:00,,,https://www.youtube.com/channel/UCkZFOom8mysvA1tWeZW9pDw
UCMEGiztTM5yT53Sm5Rc1UWA,@真空-f3i,2,2ヶ月,Member (2 months),,不明,,,3,6,0,2026-09-22 20:59,2026-09-29 21:01,,,https://www.youtube.com/channel/UCMEGiztTM5yT53Sm5Rc1UWA
UCBxwe0dW_BkYT66lbzi_44w,@キュウシュウテイオー,2,2ヶ月,Member (2 months),,不明,,,3,33,1,2026-09-23 18:00,2026-10-05 18:00,,,https://www.youtube.com/channel/UCBxwe0dW_BkYT66lbzi_44w
UC-ORlsiOfeFrWJyxqnQrxhA,@El_Leche,2,2ヶ月,Member (2 months),,不明,,,3,17,1,2026-09-24 06:59,2026-09-27 07:00,,,https://www.youtube.com/channel/UC-ORlsiOfeFrWJyxqnQrxhA
UCTFe1KJHNqA5LrPA68zAO_A,@つばさ-u3m,2,2ヶ月,Member (2 months),,不明,,,3,7,0,2026-09-26 06:20,2026-09-30 20:00,,,https://www.youtube.com/channel/UCTFe1KJHNqA5LrPA68zAO_A
UCM9rNzffLKPRAL2tjlPOqyw,@Mizukami96,2,2ヶ月,Member (2 months),,不明,,,2,12,0,2026-09-07 21:04,2026-09-10 21:01,,,https://www.youtube.com/channel/UCM9rNzffLKPRAL2tjlPOqyw
UCTjdy_0wd7kDLU3aom9xu8A,@西園寺麗愛,2,2ヶ月,Member (2 months),,不明,,,2,5,0,2026-09-07 21:04,2026-09-10 21:01,,,https://www.youtube.com/channel/UCTjdy_0wd7kDLU3aom9xu8A
UC-LhNrX_sYcxkq2jsg_xW0A,@最楽-sairaku,2,2ヶ月,Member (2 months),,不明,,,2,3,0,2026-09-07 21:04,2026-09-13 21:00,,,https://www.youtube.com/channel/UC-LhNrX_sYcxkq2jsg_xW0A
UC5YHY2377nZF8NUqnM-dZiw,@aileyell_えーる,2,2ヶ月,Member (2 months),,不明,,,2,377,0,2026-09-07 21:04,2026-09-09 13:54,,,https://www.youtube.com/channel/UC5YHY2377nZF8NUqnM-dZiw
UC2sMg38sGT3nsc70mOvKiSw,@麦-mg,2,2ヶ月,Member (2 months),,不明,,,2,97,1,2026-09-07 21:04,2026-09-19 17:03,,,https://www.youtube.com/channel/UC2sMg38sGT3nsc70mOvKiSw
UCdbRq6rg2WnghEjwMIGFzLA,@ny4n_O727,2,2ヶ月,Member (2 months),,不明,,,2,3,0,2026-09-07 21:04,2026-09-18 21:59,,,https://www.youtube.com/channel/UCdbRq6rg2WnghEjwMIGFzLA
UCeK3UNbFzDqinkw_7m8Hhxw,@ぽた-1,2,2ヶ月,Member (2 months),,不明,,,2,2,0,2026-09-07 21:04,2026-10-05 06:01,,,https://www.youtube.com/channel/UCeK3UNbFzDqinkw_7m8Hhxw
UC6nRHkRNepMakliXnCaAlKw,@kouhakumiso,2,2ヶ月,Member (2 months),,不明,,,2,6,0,2026-09-07 21:04,2026-09-18 21:59,,,https://www.youtube.com/channel/UC6nRHkRNepMakliXnCaAlKw
UCbnGR9jccme4HGvuzqWVfTA,@トキトーキ,2,2ヶ月,Member (2 months),,不明,,,2,3,0,2026-09-07 21:04,2026-09-11 19:00,,,https://www.youtube.com/channel/UCbnGR9jccme4HGvuzqWVfTA
UChxKBYG7c9uvcU6AXXhDgXw,@ぱぴ_ぷーまる,2,2ヶ月,Member (2 months),,不明,,,2,2,0,2026-09-07 21:04,2026-09-09 13:54,,,https://www.youtube.com/channel/UChxKBYG7c9uvcU6AXXhDgXw
UCPHf9qkGmLZtAdCkesdIPXg,@ウィッシュkk,2,2ヶ月,Member (2 months),,不明,,,2,14,0,2026-09-07 21:04,2026-10-05 06:01,,,https://www.youtube.com/channel/UCPHf9qkGmLZtAdCkesdIPXg
UCXEMZTi9DxrOAc1r41T0Mrw,@ほわすの-wsk,2,2ヶ月,Member (2 months),,不明,,,2,19,0,2026-09-07 21:04,2026-09-22 20:59,,,https://www.youtube.com/channel/UCXEMZTi9DxrOAc1r41T0Mrw
UCYx_yWyMhfXvX4NdngDll9Q,@weixinglin3215,2,2ヶ月,Member (2 months),,不明,,,2,32,0,2026-09-07 21:04,2026-09-10 21:01,,,https://www.youtube.com/channel/UCYx_yWyMhfXvX4NdngDll9Q
UC_n5K2WzGARk_l2YaVVYLWA,@iceup917,2,2ヶ月,Member (2 months),,不明,,,2,7,0,2026-09-07 21:04,2026-09-22 20:59,,,https://www.youtube.com/channel/UC_n5K2WzGARk_l2YaVVYLWA
UCZwYXFF0yNwkywXpiv6sImg,@chibihey,2,2ヶ月,Member (2 months),,不明,,,2,3,0,2026-09-07 21:04,2026-10-05 06:01,,,https://www.youtube.com/channel/UCZwYXFF0yNwkywXpiv6sImg
UCP4quMa5Lx8-RqARtsAdmFQ,@sui6688,2,2ヶ月,Member (2 months),,不明,,,2,2,0,2026-09-07 21:04,2026-09-26 06:20,,,https://www.youtube.com/channel/UCP4quMa5Lx8-RqARtsAdmFQ
UC8nOWiylQ_v0E-m1VWNKIjQ,@八条,2,2ヶ月,Member (2 months),,不明,,,2,90,0,2026-09-07 21:04,2026-10-05 06:01,,,https://www.youtube.com/channel/UC8nOWiylQ_v0E-m1VWNKIjQ
UCwQMbCgkVmJRTwH70JvFUnA,@シオン8902,2,2ヶ月,Member (2 months),,不明,,,2,3,0,2026-09-07 21:04,2026-10-05 18:00,,,https://www.youtube.com/channel/UCwQMbCgkVmJRTwH70JvFUnA
UCpRHuoNLZmh6dAq6OoxDtrQ,@yakibiii,2,2ヶ月,Member (2 months),,不明,,,2,10,0,2026-09-07 21:04,2026-09-27 07:00,,,https://www.youtube.com/channel/UCpRHuoNLZmh6dAq6OoxDtrQ
UCLJNnAE7h7cMJYk65xX0R4Q,@赤美-p2s,2,2ヶ月,Member (2 months),,不明,,,2,39,0,2026-09-07 21:04,2026-09-27 21:49,,,https://www.youtube.com/channel/UCLJNnAE7h7cMJYk65xX0R4Q
UCHS7xP8OaRH0pbL11vGJLmA,@朔夜-d1l,2,2ヶ月,Member (2 months),,不明,,,2,11,0,2026-09-07 21:04,2026-09-24 06:59,,,https://www.youtube.com/channel/UCHS7xP8OaRH0pbL11vGJLmA
UCCzcpUf60Xsws2-96XdVb3w,@くろえ-y8w,2,2ヶ月,Member (2 months),,不明,,,2,2,0,2026-09-07 21:04,2026-10-02 22:16,,,https://www.youtube.com/channel/UCCzcpUf60Xsws2-96XdVb3w
UC-OJqhSJrKpiWoGqDvTBaog,@フロランタン0927,2,2ヶ月,Member (2 months),,不明,,,2,5,0,2026-09-07 21:04,2026-09-24 06:59,,,https://www.youtube.com/channel/UC-OJqhSJrKpiWoGqDvTBaog
UCZmLPWnJwyEpJFzQ9bBvYsQ,@ゆっちび-e7p,2,2ヶ月,Member (2 months),,不明,,,2,4,0,2026-09-07 21:04,2026-09-14 19:00,,,https://www.youtube.com/channel/UCZmLPWnJwyEpJFzQ9bBvYsQ
UCmDpDcL43mjM7OEvEodwe8A,@浅葱-w4v,2,2ヶ月,Member (2 months),,不明,,,2,4,0,2026-09-07 21:04,2026-09-22 20:59,,,https://www.youtube.com/channel/UCmDpDcL43mjM7OEvEodwe8A
UCaOjcHJXFIzCJdAJTg6CMCg,@ぺん-l2u,2,2ヶ月,Member (2 months),,不明,,,2,8,0,2026-09-07 21:04,2026-09-10 21:01,,,https://www.youtube.com/channel/UCaOjcHJXFIzCJdAJTg6CMCg
UCcrnO1b1GGFzywT6CtUxnCg,@ひなた-i3n3z,2,2ヶ月,Member (2 months),,不明,,,2,3,0,2026-09-07 21:04,2026-09-13 21:00,,,https://www.youtube.com/channel/UCcrnO1b1GGFzywT6CtUxnCg
UCM6Jv0KlQhf629naRj0Fdig,@-kanabun-,2,2ヶ月,Member (2 months),,不明,,,2,18,0,2026-09-07 21:04,2026-09-24 06:59,,,https://www.youtube.com/channel/UCM6Jv0KlQhf629naRj0Fdig
UC4Y3Jh7eHscpMAPLu7xF35Q,@beros08,2,2ヶ月,Member (2 months),,不明,,,2,8,1,2026-09-07 21:04,2026-09-24 06:59,,,https://www.youtube.com/channel/UC4Y3Jh7eHscpMAPLu7xF35Q
UCK_7TCtt-voID-aV58c0kng,@和_じゃい,2,2ヶ月,Member (2 months),,不明,,,2,3,0,2026-09-07 21:04,2026-09-13 15:00,,,https://www.youtube.com/channel/UCK_7TCtt-voID-aV58c0kng
UCVcEXv49ZBMrzy0WqM5MOWg,@中原建機,2,2ヶ月,Member (2 months),,不明,,,2,3,1,2026-09-07 21:04,2026-10-05 18:00,,,https://www.youtube.com/channel/UCVcEXv49ZBMrzy0WqM5MOWg
UCGXwcRsueiFdilqlDpZnouQ,@sute_ステ,2,2ヶ月,Member (2 months),,不明,,,2,13,0,2026-09-07 21:04,2026-09-22 20:59,,,https://www.youtube.com/channel/UCGXwcRsueiFdilqlDpZnouQ
UC4ZGpbpiYKCInyq46SZ-TEw,@エビボーイ-v5r,2,2ヶ月,Member (2 months),,不明,,,2,5,0,2026-09-07 21:04,2026-09-09 13:54,,,https://www.youtube.com/channel/UC4ZGpbpiYKCInyq46SZ-TEw
UCofm6lI9cfzlICZ9AIwjGYA,@な_n4,2,2ヶ月,Member (2 months),,不明,,,2,4,0,2026-09-07 21:04,2026-09-26 06:20,,,https://www.youtube.com/channel/UCofm6lI9cfzlICZ9AIwjGYA
UCl3VfsYGDmsATTYCL2bOaBw,@いさと-isaisa,2,2ヶ月,Member (2 months),,不明,,,2,3,0,2026-09-07 21:04,2026-09-24 06:59,,,https://www.youtube.com/channel/UCl3VfsYGDmsATTYCL2bOaBw
UC8jTjT-hItg-yjuKXnj3vKQ,@ぴーた09,2,2ヶ月,Member (2 months),,不明,,,2,13,0,2026-09-07 21:04,2026-09-10 21:01,,,https://www.youtube.com/channel/UC8jTjT-hItg-yjuKXnj3vKQ
UCy9PeQcHCLeaZ1NM6evVUcA,@KTIN1996,2,2ヶ月,Member (2 months),,不明,,,2,6,0,2026-09-07 21:04,2026-09-10 21:01,,,https://www.youtube.com/channel/UCy9PeQcHCLeaZ1NM6evVUcA
UCRHt3oeUEaw6f9fvYzxRfXQ,@ちよ-r8z,2,2ヶ月,Member (2 months),,不明,,,2,4,0,2026-09-07 21:04,2026-09-10 21:01,,,https://www.youtube.com/channel/UCRHt3oeUEaw6f9fvYzxRfXQ
UC5h_muigRXOG6_aT3d9IoiA,@ToSP-dy9zd,2,2ヶ月,Member (2 months),,不明,,,2,2,0,2026-09-07 21:04,2026-09-10 21:01,,,https://www.youtube.com/channel/UC5h_muigRXOG6_aT3d9IoiA
UCXfPe736gqgPHiB7MFnKtuA,@potato_nog,2,2ヶ月,Member (2 months),,不明,,,2,8,0,2026-09-07 21:04,2026-09-10 21:01,,,https://www.youtube.com/channel/UCXfPe736gqgPHiB7MFnKtuA
UC2aDGCO4SwdA_7HfCoTChrw,@ポソ太,2,2ヶ月,Member (2 months),,不明,,,2,3,1,2026-09-07 21:04,2026-09-26 06:20,,,https://www.youtube.com/channel/UC2aDGCO4SwdA_7HfCoTChrw
UCbSRZ07ihMc3NKZ92YFVAqw,@Dono.69,2,2ヶ月,Member (2 months),,不明,,,2,5,0,2026-09-07 21:04,2026-09-24 06:59,,,https://www.youtube.com/channel/UCbSRZ07ihMc3NKZ92YFVAqw
UCm3gLmN640m3Pd7t47SFpJA,@さとうかんじゃ,2,2ヶ月,Member (2 months),,不明,,,2,115,0,2026-09-09 13:54,2026-09-15 18:17,,,https://www.youtube.com/channel/UCm3gLmN640m3Pd7t47SFpJA
UCxXjtNO7oar7XGIUla19LeQ,@x_れぃん,2,2ヶ月,Member (2 months),,不明,,,2,4,0,2026-09-09 13:54,2026-09-10 21:01,,,https://www.youtube.com/channel/UCxXjtNO7oar7XGIUla19LeQ
UCqqDJigTwA_Whjr9-pSNZyw,@蒲焼き-t4t,2,2ヶ月,Member (2 months),,不明,,,2,2,0,2026-09-09 13:54,2026-09-27 21:49,,,https://www.youtube.com/channel/UCqqDJigTwA_Whjr9-pSNZyw
UCxzOb83axxwF2SwbOP9zO-A,@ノアザク,2,2ヶ月,Member (2 months),,不明,,,2,55,0,2026-09-10 21:01,2026-09-14 19:00,,,https://www.youtube.com/channel/UCxzOb83axxwF2SwbOP9zO-A
UCYST1SXxug6D5WTvf_owXdw,@HYT-x7i,2,2ヶ月,Member (2 months),,不明,,,2,12,0,2026-09-10 21:01,2026-09-11 19:00,,,https://www.youtube.com/channel/UCYST1SXxug6D5WTvf_owXdw
UCJDbQwKyC4NN_kOm_Tnse4w,@ゼロF,2,2ヶ月,Member (2 months),,不明,,,2,4,0,2026-09-10 21:01,2026-09-26 06:20,,,https://www.youtube.com/channel/UCJDbQwKyC4NN_kOm_Tnse4w
UCbpxln-giaIVgJLG04abPZQ,@りゅーま-u4m,2,2ヶ月,Member (2 months),,不明,,,2,3,0,2026-09-11 19:00,2026-09-27 07:00,,,https://www.youtube.com/channel/UCbpxln-giaIVgJLG04abPZQ
UCsE1-0l3JwZsIgyl5pXzsUw,@flamu-cc5ko,2,2ヶ月,Member (2 months),,不明,,,2,11,0,2026-09-12 15:33,2026-10-06 22:00,,,https://www.youtube.com/channel/UCsE1-0l3JwZsIgyl5pXzsUw
UCupO9sC99aOOHc9veLG2MWA,@もやしすわお,2,2ヶ月,Member (2 months),,不明,,,2,14,0,2026-09-13 01:26,2026-10-03 16:01,,,https://www.youtube.com/channel/UCupO9sC99aOOHc9veLG2MWA
UCusGv0uQGqG0SnJZZ4tzwCg,@タク-t9k,2,2ヶ月,Member (2 months),,不明,,,2,2,0,2026-09-13 15:00,2026-10-05 18:00,,,https://www.youtube.com/channel/UCusGv0uQGqG0SnJZZ4tzwCg
UC9rinjD6uYcGlwuLce0Nfrg,@しゃお-Shaokuz,2,2ヶ月,Member (2 months),,不明,,,2,3,0,2026-09-13 15:00,2026-09-15 18:17,,,https://www.youtube.com/channel/UC9rinjD6uYcGlwuLce0Nfrg
UCyPaliDSfZNs2tSr3xjxOUw,@N2mo27,2,2ヶ月,Member (2 months),,不明,,,2,2,0,2026-09-13 15:00,2026-09-14 19:00,,,https://www.youtube.com/channel/UCyPaliDSfZNs2tSr3xjxOUw
UCNFrIpKII0COHr7dydciA5A,@ame0530,2,2ヶ月,Member (2 months),,不明,,,2,27,0,2026-09-13 21:00,2026-09-18 21:59,,,https://www.youtube.com/channel/UCNFrIpKII0COHr7dydciA5A
UC66qe7h-VmZp6WQc8IpE6Gw,@Akizo-x4d,2,2ヶ月,Member (2 months),,不明,,,2,10,0,2026-09-13 21:00,2026-09-14 01:36,,,https://www.youtube.com/channel/UC66qe7h-VmZp6WQc8IpE6Gw
UC-XwHWTES_MaS2NTiyQDXfQ,@ジンロス3,2,2ヶ月,Member (2 months),,不明,,,2,8,0,2026-09-15 18:17,2026-09-24 06:59,,,https://www.youtube.com/channel/UC-XwHWTES_MaS2NTiyQDXfQ
UCECGhDSBMWIAmNIf_05ncpA,@Dimir_,2,2ヶ月,Member (2 months),,不明,,,2,2,0,2026-09-15 18:17,2026-09-27 21:49,,,https://www.youtube.com/channel/UCECGhDSBMWIAmNIf_05ncpA
UCwj3c4PzNkLt68ICfmt_ZZQ,@未完グミ,2,2ヶ月,Member (2 months),,不明,,,2,4,0,2026-09-15 18:17,2026-09-26 06:20,,,https://www.youtube.com/channel/UCwj3c4PzNkLt68ICfmt_ZZQ
UC25EoI4ez9VT2Cr5XLEfoQA,@ららっつん,2,2ヶ月,Member (2 months),,不明,,,2,2,0,2026-09-18 21:59,2026-10-05 06:01,,,https://www.youtube.com/channel/UC25EoI4ez9VT2Cr5XLEfoQA
UCfyjgE59spU1iVnxr2CWOew,@響-s8d,2,2ヶ月,Member (2 months),,不明,,,2,3,0,2026-09-18 21:59,2026-09-27 07:00,,,https://www.youtube.com/channel/UCfyjgE59spU1iVnxr2CWOew
UCrVNuHiJpuhLMcBskClzc1w,@むむ_re._.0621,2,2ヶ月,Member (2 months),,不明,,,2,2,0,2026-09-18 21:59,2026-10-04 20:06,,,https://www.youtube.com/channel/UCrVNuHiJpuhLMcBskClzc1w
UC_B7uFs5fq45ZvjWrGp7KyQ,@かしわ饂飩,2,2ヶ月,Member (2 months),,不明,,,2,2,0,2026-09-19 17:03,2026-10-05 06:01,,,https://www.youtube.com/channel/UC_B7uFs5fq45ZvjWrGp7KyQ
UChbYL5e_3Og_M9x9LBE44Vg,@umi516,2,2ヶ月,Member (2 months),,不明,,,2,3,0,2026-09-19 17:03,2026-10-03 16:01,,,https://www.youtube.com/channel/UChbYL5e_3Og_M9x9LBE44Vg
UCDR_Vy1aIa9WtcdIR6oDStA,@トリプルMt.999,2,2ヶ月,Member (2 months),,不明,,,2,9,0,2026-09-20 13:00,2026-10-04 20:06,,,https://www.youtube.com/channel/UCDR_Vy1aIa9WtcdIR6oDStA
UCL33hwzvx5kwo_yOipCGF1w,@flu_tter,2,2ヶ月,Member (2 months),,不明,,,2,49,0,2026-09-22 20:59,2026-10-04 20:06,,,https://www.youtube.com/channel/UCL33hwzvx5kwo_yOipCGF1w
UCDT-Ri-t-vtG1D44oVBdcLQ,@omamechandayo,2,2ヶ月,Member (2 months),,不明,,,2,32,0,2026-09-22 20:59,2026-10-04 20:06,,,https://www.youtube.com/channel/UCDT-Ri-t-vtG1D44oVBdcLQ
UCXoLs3OvnkxZ8DPDmK4DuAw,@てぃま-v6g,2,2ヶ月,Member (2 months),,不明,,,2,5,0,2026-09-22 20:59,2026-09-24 06:59,,,https://www.youtube.com/channel/UCXoLs3OvnkxZ8DPDmK4DuAw
UCOgpXNNTuqfOpEaB1v__kVg,@zr_12_28,2,2ヶ月,Member (2 months),,不明,,,2,2,0,2026-09-23 18:00,2026-10-02 22:16,,,https://www.youtube.com/channel/UCOgpXNNTuqfOpEaB1v__kVg
UCnhOvPPE0X8XWy5yRW4pwXA,@クラY3,2,2ヶ月,Member (2 months),,不明,,,2,23,1,2026-09-24 06:59,2026-09-26 06:20,,,https://www.youtube.com/channel/UCnhOvPPE0X8XWy5yRW4pwXA
UCBPEBi9tQ_FwKvb2DlxBySw,@zzzo2.C,2,2ヶ月,Member (2 months),,不明,,,2,30,0,2026-09-24 06:59,2026-10-05 06:01,,,https://www.youtube.com/channel/UCBPEBi9tQ_FwKvb2DlxBySw
UCUxmz0lM2lnUr8Xw4Jgd03g,@にゃんこ-d4q,2,2ヶ月,Member (2 months),,不明,,,2,9,0,2026-09-24 06:59,2026-09-26 06:20,,,https://www.youtube.com/channel/UCUxmz0lM2lnUr8Xw4Jgd03g
UC4txcvbzaOs1a6eOj57RGbA,@皐月-p5y,2,2ヶ月,Member (2 months),,不明,,,2,2,0,2026-09-24 06:59,2026-09-27 07:00,,,https://www.youtube.com/channel/UC4txcvbzaOs1a6eOj57RGbA
UCpZpq27BJSFPyqkBbvXXmVQ,@ザクロ-w1n,2,2ヶ月,Member (2 months),,不明,,,2,9,0,2026-09-24 06:59,2026-09-26 06:20,,,https://www.youtube.com/channel/UCpZpq27BJSFPyqkBbvXXmVQ
UCaQbXPRi5V74fmOgJbQY9Ng,@ぺんたろう-s8i,2,2ヶ月,Member (2 months),,不明,,,2,25,0,2026-09-26 06:20,2026-10-03 16:01,,,https://www.youtube.com/channel/UCaQbXPRi5V74fmOgJbQY9Ng
UCzl7X0xUquATQlm-tqMpu5g,@ra.kp-1526,2,2ヶ月,Member (2 months),,不明,,,2,2,0,2026-09-26 06:20,2026-10-04 20:06,,,https://www.youtube.com/channel/UCzl7X0xUquATQlm-tqMpu5g
UCEdr8CBNZULn1cdM59WHZ_g,@ギャルAIのストゼロマン,2,2ヶ月,Member (2 months),,不明,,,2,8,0,2026-09-26 06:20,2026-09-29 21:01,,,https://www.youtube.com/channel/UCEdr8CBNZULn1cdM59WHZ_g
UCpe1dpRunh85X3zrZOW6VRQ,@瑞-q3m,2,2ヶ月,Member (2 months),,不明,,,2,3,0,2026-09-26 06:20,2026-09-26 21:01,,,https://www.youtube.com/channel/UCpe1dpRunh85X3zrZOW6VRQ
UCiW4BsJl1hVyHzO2Hlb-xLg,@しずく-r6z,2,2ヶ月,Member (2 months),,不明,,,2,6,0,2026-09-26 06:20,2026-10-05 06:01,,,https://www.youtube.com/channel/UCiW4BsJl1hVyHzO2Hlb-xLg
UCJv6ynU8rG16tyV-r2Hhm7A,@サトウスズキサン,2,2ヶ月,Member (2 months),,不明,,,2,4,0,2026-09-26 06:20,2026-10-05 06:01,,,https://www.youtube.com/channel/UCJv6ynU8rG16tyV-r2Hhm7A
UCZpegA9boMWd_IJgA_2vkvQ,@ウパルパちゃんだよ,2,2ヶ月,Member (2 months),,不明,,,2,2,0,2026-09-26 21:01,2026-09-29 21:01,,,https://www.youtube.com/channel/UCZpegA9boMWd_IJgA_2vkvQ
UClV8bj463EM1rtn9INB8Ayg,@385_mimimi,2,2ヶ月,Member (2 months),,不明,,,2,4,0,2026-09-26 21:01,2026-09-27 07:00,,,https://www.youtube.com/channel/UClV8bj463EM1rtn9INB8Ayg
UC_DcFnXTL6ptR8a6oDKWYdw,@Fushigikun,2,2ヶ月,Member (2 months),,不明,,,2,3,0,2026-09-27 07:00,2026-10-05 06:01,,,https://www.youtube.com/channel/UC_DcFnXTL6ptR8a6oDKWYdw
UClGtVnM57hCu7TfFaJut38A,@oto6564,2,2ヶ月,Member (2 months),,不明,,,2,2,0,2026-09-27 07:00,2026-10-05 06:01,,,https://www.youtube.com/channel/UClGtVnM57hCu7TfFaJut38A
UC1Vo6zTrPEYIDKv4pIjrs7g,@xTigerくんx,2,2ヶ月,Member (2 months),,不明,,,2,3,0,2026-09-27 21:49,2026-09-30 20:00,,,https://www.youtube.com/channel/UC1Vo6zTrPEYIDKv4pIjrs7g
UCkJxmqxijjwyh-V-PuZ8Hww,@tomy6437,2,2ヶ月,Member (2 months),,不明,,,2,13,3,2026-10-01 20:56,2026-10-05 06:01,,,https://www.youtube.com/channel/UCkJxmqxijjwyh-V-PuZ8Hww
UC8cBwu7PX6UNtzcFf-v-zig,@二条寧々,2,2ヶ月,Member (2 months),,不明,,,2,13,0,2026-10-03 16:01,2026-10-05 18:00,,,https://www.youtube.com/channel/UC8cBwu7PX6UNtzcFf-v-zig
UCIEHh90X3l6iOnL07vmxkSA,@Hacha_Mecha_Matcha,2,2ヶ月,Member (2 months),,不明,,,2,41,0,2026-10-05 18:00,2026-10-06 22:00,,,https://www.youtube.com/channel/UCIEHh90X3l6iOnL07vmxkSA
UC4EE_h7nClRz-LKa5Hl6T8w,@ルザLuza,2,2ヶ月,Member (2 months),,不明,,,1,1,0,2026-09-07 21:04,2026-09-07 21:04,,,https://www.youtube.com/channel/UC4EE_h7nClRz-LKa5Hl6T8w
UCzQlntYyi5rqBxyKTT4g0TA,@かさをさしてる人,2,2ヶ月,Member (2 months),,不明,,,1,1,0,2026-09-07 21:04,2026-09-07 21:04,,,https://www.youtube.com/channel/UCzQlntYyi5rqBxyKTT4g0TA
UCixW5BoH6W9vPNznoLALAQA,@あいうえお-aiueO92,2,2ヶ月,Member (2 months),,不明,,,1,1,0,2026-09-07 21:04,2026-09-07 21:04,,,https://www.youtube.com/channel/UCixW5BoH6W9vPNznoLALAQA
UC7hbxnW6Sl9vGySawaetj5Q,@ねこまんま-s7s,2,2ヶ月,Member (2 months),,不明,,,1,1,0,2026-09-07 21:04,2026-09-07 21:04,,,https://www.youtube.com/channel/UC7hbxnW6Sl9vGySawaetj5Q
UCa_fR4W-zDCvXM1cwHuoc4Q,@ぽしゃかな,2,2ヶ月,Member (2 months),,不明,,,1,38,1,2026-09-07 21:04,2026-09-07 21:04,,,https://www.youtube.com/channel/UCa_fR4W-zDCvXM1cwHuoc4Q
UCIL2kReucJuATSqysY4W1Nw,@ふぇーと317,2,2ヶ月,Member (2 months),,不明,,,1,31,1,2026-09-07 21:04,2026-09-07 21:04,,,https://www.youtube.com/channel/UCIL2kReucJuATSqysY4W1Nw
UCaAzU-peVmZcS--5FkWbavA,@こーせー-i3g,2,2ヶ月,Member (2 months),,不明,,,1,11,1,2026-09-07 21:04,2026-09-07 21:04,,,https://www.youtube.com/channel/UCaAzU-peVmZcS--5FkWbavA
UCVZm2VOMhOURK4ftpq2nj9A,@ジョビ-z6m,2,2ヶ月,Member (2 months),,不明,,,1,1,0,2026-09-07 21:04,2026-09-07 21:04,,,https://www.youtube.com/channel/UCVZm2VOMhOURK4ftpq2nj9A
UCoBeUtMdscLotaHqgIgBnxw,@かける_pï,2,2ヶ月,Member (2 months),,不明,,,1,1,0,2026-09-07 21:04,2026-09-07 21:04,,,https://www.youtube.com/channel/UCoBeUtMdscLotaHqgIgBnxw
UCTdfYA-mzOclQbE5ZjH_eAg,@七篠_nanasino,2,2ヶ月,Member (2 months),,不明,,,1,4,0,2026-09-07 21:04,2026-09-07 21:04,,,https://www.youtube.com/channel/UCTdfYA-mzOclQbE5ZjH_eAg
UCEMXUPjG3cJjQI9vtwRv3CQ,@ゆーかりk,2,2ヶ月,Member (2 months),,不明,,,1,1,0,2026-09-07 21:04,2026-09-07 21:04,,,https://www.youtube.com/channel/UCEMXUPjG3cJjQI9vtwRv3CQ
UCI31JNh5sbRpu0oGy96t4gg,@tentou020,2,2ヶ月,Member (2 months),,不明,,,1,3,0,2026-09-07 21:04,2026-09-07 21:04,,,https://www.youtube.com/channel/UCI31JNh5sbRpu0oGy96t4gg
UCfCzqsYQHayG8M9SUN_62Uw,@ぴえん-q1r,2,2ヶ月,Member (2 months),,不明,,,1,1,0,2026-09-07 21:04,2026-09-07 21:04,,,https://www.youtube.com/channel/UCfCzqsYQHayG8M9SUN_62Uw
UCBt3Gb_rXFKZ41rfBswcFqg,@mugi_ayano,2,2ヶ月,Member (2 months),,不明,,,1,1,0,2026-09-07 21:04,2026-09-07 21:04,,,https://www.youtube.com/channel/UCBt3Gb_rXFKZ41rfBswcFqg
UCtpU3ijDhx8pjMvL4pbURdQ,@鶴_t,2,2ヶ月,Member (2 months),,不明,,,1,1,0,2026-09-07 21:04,2026-09-07 21:04,,,https://www.youtube.com/channel/UCtpU3ijDhx8pjMvL4pbURdQ
UCnhLrZUykng31ZvVSuODzuw,@月詠-u9v,2,2ヶ月,Member (2 months),,不明,,,1,12,0,2026-09-07 21:04,2026-09-07 21:04,,,https://www.youtube.com/channel/UCnhLrZUykng31ZvVSuODzuw
UCLFRsUNUKeYGUpysQ_-6hpg,@はけちゃびん-f2z,2,2ヶ月,Member (2 months),,不明,,,1,2,1,2026-09-07 21:04,2026-09-07 21:04,,,https://www.youtube.com/channel/UCLFRsUNUKeYGUpysQ_-6hpg
UCg6Lx-C1NyY9jwOBsbLoGlQ,@maxpp16,2,2ヶ月,Member (2 months),,不明,,,1,1,0,2026-09-07 21:04,2026-09-07 21:04,,,https://www.youtube.com/channel/UCg6Lx-C1NyY9jwOBsbLoGlQ
UC-3qrh1j7in3xkFTeJ_t6_A,@如月ハル,2,2ヶ月,Member (2 months),,不明,,,1,2,0,2026-09-07 21:04,2026-09-07 21:04,,,https://www.youtube.com/channel/UC-3qrh1j7in3xkFTeJ_t6_A
UCnNF9OFK2yvs8719L2Guw3A,@グッサンo,2,2ヶ月,Member (2 months),,不明,,,1,20,0,2026-09-07 21:04,2026-09-07 21:04,,,https://www.youtube.com/channel/UCnNF9OFK2yvs8719L2Guw3A
UCfUJf6WCOkOElgS8G2zXzcA,@そーたん_mmd,2,2ヶ月,Member (2 months),,不明,,,1,1,1,2026-09-07 21:04,2026-09-07 21:04,,,https://www.youtube.com/channel/UCfUJf6WCOkOElgS8G2zXzcA
UCSWGtn935tiM_YspwgCObYw,@きょろ-c2e,2,2ヶ月,Member (2 months),,不明,,,1,1,0,2026-09-07 21:04,2026-09-07 21:04,,,https://www.youtube.com/channel/UCSWGtn935tiM_YspwgCObYw
UCCyudKfI5VYOSQK3W4CTHqA,@xmayotan2434,2,2ヶ月,Member (2 months),,不明,,,1,3,0,2026-09-07 21:04,2026-09-07 21:04,,,https://www.youtube.com/channel/UCCyudKfI5VYOSQK3W4CTHqA
UCIUOCzgCRf5v1rC_Q6BsYOg,@segaage,2,2ヶ月,Member (2 months),,不明,,,1,1,0,2026-09-07 21:04,2026-09-07 21:04,,,https://www.youtube.com/channel/UCIUOCzgCRf5v1rC_Q6BsYOg
UCb9Fi3foOWS3MoHkqDJIuEQ,@かぜのたつき,2,2ヶ月,Member (2 months),,不明,,,1,1,0,2026-09-07 21:04,2026-09-07 21:04,,,https://www.youtube.com/channel/UCb9Fi3foOWS3MoHkqDJIuEQ
UCOIa01zpHZ4Pt0yJxt0gHFQ,@バド-c3s,2,2ヶ月,Member (2 months),,不明,,,1,6,0,2026-09-07 21:04,2026-09-07 21:04,,,https://www.youtube.com/channel/UCOIa01zpHZ4Pt0yJxt0gHFQ
UCWqK7za2mrmMDCUm-XWdpSg,@しーくん-dayo,2,2ヶ月,Member (2 months),,不明,,,1,51,0,2026-09-07 21:04,2026-09-07 21:04,,,https://www.youtube.com/channel/UCWqK7za2mrmMDCUm-XWdpSg
UCc3gxQ7PYuP_AWzq2DXSX_Q,@クロカミ_一般通過轟打民,2,2ヶ月,Member (2 months),,不明,,,1,1,0,2026-09-07 21:04,2026-09-07 21:04,,,https://www.youtube.com/channel/UCc3gxQ7PYuP_AWzq2DXSX_Q
UC4usOwkN-FtnxTC4s1TCrsQ,@winnietang8584,2,2ヶ月,Member (2 months),,不明,,,1,1,0,2026-09-07 21:04,2026-09-07 21:04,,,https://www.youtube.com/channel/UC4usOwkN-FtnxTC4s1TCrsQ
UCNMF6pUMKYqmWjyc4BXHLWA,@なちゅ-natuatcmm,2,2ヶ月,Member (2 months),,不明,,,1,3,0,2026-09-07 21:04,2026-09-07 21:04,,,https://www.youtube.com/channel/UCNMF6pUMKYqmWjyc4BXHLWA
UCBxDwgE-xHdVfZ1GwoSn7ow,@kei_takanashi,2,2ヶ月,Member (2 months),,不明,,,1,1,0,2026-09-07 21:04,2026-09-07 21:04,,,https://www.youtube.com/channel/UCBxDwgE-xHdVfZ1GwoSn7ow
UCELFtHCjUR7NL8ohngN-SXQ,@味斎-ajisai,2,2ヶ月,Member (2 months),,不明,,,1,15,0,2026-09-07 21:04,2026-09-07 21:04,,,https://www.youtube.com/channel/UCELFtHCjUR7NL8ohngN-SXQ
UCDQ3U20ORZUBGWT4V_4ZKMw,@Bell.J.Q,2,2ヶ月,Member (2 months),,不明,,,1,1,0,2026-09-07 21:04,2026-09-07 21:04,,,https://www.youtube.com/channel/UCDQ3U20ORZUBGWT4V_4ZKMw
UC-v_eF7tfL1ncGPtFBtvJKg,@カナヲっち-z9c,2,2ヶ月,Member (2 months),,不明,,,1,16,0,2026-09-07 21:04,2026-09-07 21:04,,,https://www.youtube.com/channel/UC-v_eF7tfL1ncGPtFBtvJKg
UCwbYEMIs_2EOl2rnUCkY-2g,@るーひ_1053,2,2ヶ月,Member (2 months),,不明,,,1,2,0,2026-09-07 21:04,2026-09-07 21:04,,,https://www.youtube.com/channel/UCwbYEMIs_2EOl2rnUCkY-2g
UCkVDeoPXLOLXCCIlR0MWNsQ,@nipumi,2,2ヶ月,Member (2 months),,不明,,,1,2,1,2026-09-07 21:04,2026-09-07 21:04,,,https://www.youtube.com/channel/UCkVDeoPXLOLXCCIlR0MWNsQ
UCNXMzJ4ZB8GjWubpCGA21cA,@しぶちゃん-o2x,2,2ヶ月,Member (2 months),,不明,,,1,3,0,2026-09-07 21:04,2026-09-07 21:04,,,https://www.youtube.com/channel/UCNXMzJ4ZB8GjWubpCGA21cA
UCPE0Gg6h_okBlar6gcB-EdA,@おひさましらす,2,2ヶ月,Member (2 months),,不明,,,1,8,0,2026-09-07 21:04,2026-09-07 21:04,,,https://www.youtube.com/channel/UCPE0Gg6h_okBlar6gcB-EdA
UCLPIt3RhNltGlfDDagedCNg,@シュレリア-d1e,2,2ヶ月,Member (2 months),,不明,,,1,1,0,2026-09-07 21:04,2026-09-07 21:04,,,https://www.youtube.com/channel/UCLPIt3RhNltGlfDDagedCNg
UCiCFKa1AgeZNz_0tIvvHXUQ,@0o_____r_i_a_o0,2,2ヶ月,Member (2 months),,不明,,,1,1,0,2026-09-07 21:04,2026-09-07 21:04,,,https://www.youtube.com/channel/UCiCFKa1AgeZNz_0tIvvHXUQ
UCbxETtOOFUeiiwne-EMGATA,@優-f6y,2,2ヶ月,Member (2 months),,不明,,,1,1,0,2026-09-07 21:04,2026-09-07 21:04,,,https://www.youtube.com/channel/UCbxETtOOFUeiiwne-EMGATA
UChht43HH-8vb2TjOWNJs1VQ,@タカヒナ,2,2ヶ月,Member (2 months),,不明,,,1,2,1,2026-09-07 21:04,2026-09-07 21:04,,,https://www.youtube.com/channel/UChht43HH-8vb2TjOWNJs1VQ
UC3moJnPQKdoDGN5SMrfn3Jg,@MM-pk2vq,2,2ヶ月,Member (2 months),,不明,,,1,1,0,2026-09-07 21:04,2026-09-07 21:04,,,https://www.youtube.com/channel/UC3moJnPQKdoDGN5SMrfn3Jg
UCXYHnCPzBp54kBBiYPfNgqg,@さのすけ-c3p,2,2ヶ月,Member (2 months),,不明,,,1,2,0,2026-09-07 21:04,2026-09-07 21:04,,,https://www.youtube.com/channel/UCXYHnCPzBp54kBBiYPfNgqg
UCdhbtylnfvtmmq_BLGxT56A,@しおん1972,2,2ヶ月,Member (2 months),,不明,,,1,1,0,2026-09-07 21:04,2026-09-07 21:04,,,https://www.youtube.com/channel/UCdhbtylnfvtmmq_BLGxT56A
UCC-0eLSpr5tO2ZmG8NKtMUA,@やっくん-h9h,2,2ヶ月,Member (2 months),,不明,,,1,1,0,2026-09-07 21:04,2026-09-07 21:04,,,https://www.youtube.com/channel/UCC-0eLSpr5tO2ZmG8NKtMUA
UCEwzESjTWC81NJG2_Wc6LNw,@てら-z5n,2,2ヶ月,Member (2 months),,Ris7,再加入/レベル変更,,1,0,0,2026-09-07 21:04,2026-09-07 21:04,,,https://www.youtube.com/channel/UCEwzESjTWC81NJG2_Wc6LNw
UCRcNp9Mm1I3lX9pFsDjPqcw,@ちゅんちゅん-o9j,2,2ヶ月,Member (2 months),,不明,,,1,1,0,2026-09-09 13:54,2026-09-09 13:54,,,https://www.youtube.com/channel/UCRcNp9Mm1I3lX9pFsDjPqcw
UC5kFVBleqUFjy_xMxFkbv2Q,@neko_1219mtrs,2,2ヶ月,Member (2 months),,不明,,,1,1,0,2026-09-09 13:54,2026-09-09 13:54,,,https://www.youtube.com/channel/UC5kFVBleqUFjy_xMxFkbv2Q
UCbUysINK5Ov1OWBnlkDRIRw,@Atsu_5050,2,2ヶ月,Member (2 months),,不明,,,1,1,0,2026-09-09 13:54,2026-09-09 13:54,,,https://www.youtube.com/channel/UCbUysINK5Ov1OWBnlkDRIRw
UCLDeEHgYIZfJs8fSW5R9ACg,@エルシー,2,2ヶ月,Member (2 months),,不明,,,1,1,0,2026-09-09 13:54,2026-09-09 13:54,,,https://www.youtube.com/channel/UCLDeEHgYIZfJs8fSW5R9ACg
UCFhtCmaIuHPk8HIFt5baqMg,@ポジあふ,2,2ヶ月,Member (2 months),,不明,,,1,4,0,2026-09-10 21:01,2026-09-10 21:01,,,https://www.youtube.com/channel/UCFhtCmaIuHPk8HIFt5baqMg
UCQRNEGhTAsfCKBs_wl3eRmw,@さや-sa8,2,2ヶ月,Member (2 months),,不明,,,1,2,0,2026-09-10 21:01,2026-09-10 21:01,,,https://www.youtube.com/channel/UCQRNEGhTAsfCKBs_wl3eRmw
UC5aGYrXzZ6YHcnFcRNe8jbA,@たっきゅん.nyu129,2,2ヶ月,Member (2 months),,不明,,,1,1,0,2026-09-10 21:01,2026-09-10 21:01,,,https://www.youtube.com/channel/UC5aGYrXzZ6YHcnFcRNe8jbA
UCV2CCf9-Ct_wuqTpiQzlHFw,@reiran_323,2,2ヶ月,Member (2 months),,不明,,,1,1,0,2026-09-10 21:01,2026-09-10 21:01,,,https://www.youtube.com/channel/UCV2CCf9-Ct_wuqTpiQzlHFw
UCEs7DBelimAejOe6nwGkbMQ,@petapeta-xj2pq,2,2ヶ月,Member (2 months),,不明,,,1,8,0,2026-09-10 21:01,2026-09-10 21:01,,,https://www.youtube.com/channel/UCEs7DBelimAejOe6nwGkbMQ
UCX0mOM_VOwJt05TIuGWzOfA,@ho_0240,2,2ヶ月,Member (2 months),,不明,,,1,3,0,2026-09-10 21:01,2026-09-10 21:01,,,https://www.youtube.com/channel/UCX0mOM_VOwJt05TIuGWzOfA
UCXxKHK4bzAedeFyp2iUHHSg,@code25-052E,2,2ヶ月,Member (2 months),,不明,,,1,2,0,2026-09-10 21:01,2026-09-10 21:01,,,https://www.youtube.com/channel/UCXxKHK4bzAedeFyp2iUHHSg
UC8LZMT42_Mm8Z7AzSiwmL2Q,@Zoel.F,2,2ヶ月,Member (2 months),,不明,,,1,9,0,2026-09-10 21:01,2026-09-10 21:01,,,https://www.youtube.com/channel/UC8LZMT42_Mm8Z7AzSiwmL2Q
UCeJL4OIE-mc646jmWwGpaew,@23-にーさん,2,2ヶ月,Member (2 months),,不明,,,1,1,0,2026-09-11 19:00,2026-09-11 19:00,,,https://www.youtube.com/channel/UCeJL4OIE-mc646jmWwGpaew
UCc5YYnXOCi-mKeAAGLNWlaQ,@hina_45,2,2ヶ月,Member (2 months),,不明,,,1,2,0,2026-09-11 19:00,2026-09-11 19:00,,,https://www.youtube.com/channel/UCc5YYnXOCi-mKeAAGLNWlaQ
UCBOds7i9x8UCeRoSt2IBV4g,@efuyonRCIN,2,2ヶ月,Member (2 months),,不明,,,1,1,0,2026-09-11 19:15,2026-09-11 19:15,,,https://www.youtube.com/channel/UCBOds7i9x8UCeRoSt2IBV4g
UCaBN4Dtn2Eiluc1Fwpkb94Q,@ゼロプリ,2,2ヶ月,Member (2 months),,不明,,,1,4,0,2026-09-11 19:15,2026-09-11 19:15,,,https://www.youtube.com/channel/UCaBN4Dtn2Eiluc1Fwpkb94Q
UCkwPJhIGy8Q5y8zd2rd3uKA,@ヤマゴン-mg4,2,2ヶ月,Member (2 months),,不明,,,1,1,0,2026-09-13 15:00,2026-09-13 15:00,,,https://www.youtube.com/channel/UCkwPJhIGy8Q5y8zd2rd3uKA
UClxrKx3zKtmfbNAKFxkGGIw,@kaoru_an,2,2ヶ月,Member (2 months),,不明,,,1,1,0,2026-09-13 15:00,2026-09-13 15:00,,,https://www.youtube.com/channel/UClxrKx3zKtmfbNAKFxkGGIw
UCepZgGWVHj8Ba9fvWImhj6g,@如月みおP_KisaragiMio,2,2ヶ月,Member (2 months),,不明,,,1,2,0,2026-09-13 15:00,2026-09-13 15:00,,,https://www.youtube.com/channel/UCepZgGWVHj8Ba9fvWImhj6g
UC8pN6zvCMLeeLSidr_o0TFQ,@みはる-v9t,2,2ヶ月,Member (2 months),,不明,,,1,2,0,2026-09-13 15:00,2026-09-13 15:00,,,https://www.youtube.com/channel/UC8pN6zvCMLeeLSidr_o0TFQ
UClD9kMl2L2Kswmx3w4Y-Obg,@Uri2un,2,2ヶ月,Member (2 months),,Ris7,再加入/レベル変更,,1,0,0,2026-09-13 15:00,2026-09-13 15:00,,,https://www.youtube.com/channel/UClD9kMl2L2Kswmx3w4Y-Obg
UClwHjg3-ovMd9CrIKt7lxmg,@エビ.ちり,2,2ヶ月,Member (2 months),,不明,,,1,1,0,2026-09-14 01:36,2026-09-14 01:36,,,https://www.youtube.com/channel/UClwHjg3-ovMd9CrIKt7lxmg
UCsdaaprkyk9UTVdoMluSVtA,@Shikika_ss,2,2ヶ月,Member (2 months),,不明,,,1,1,0,2026-09-14 01:36,2026-09-14 01:36,,,https://www.youtube.com/channel/UCsdaaprkyk9UTVdoMluSVtA
UC-lFVyzUL2PTQAgO5fTCwwg,@Lee070,2,2ヶ月,Member (2 months),,不明,,,1,1,0,2026-09-14 01:36,2026-09-14 01:36,,,https://www.youtube.com/channel/UC-lFVyzUL2PTQAgO5fTCwwg
UCtrmVBPUw-TzejeEqg4IWAA,@Hal_11037,2,2ヶ月,Member (2 months),,不明,,,1,1,0,2026-09-14 01:36,2026-09-14 01:36,,,https://www.youtube.com/channel/UCtrmVBPUw-TzejeEqg4IWAA
UCJDIWarNh57XoiKXk_RCCyQ,@瑠璃色雀,2,2ヶ月,Member (2 months),,不明,,,1,1,0,2026-09-14 01:36,2026-09-14 01:36,,,https://www.youtube.com/channel/UCJDIWarNh57XoiKXk_RCCyQ
UCsULAqnUwqu_ogOXkJwerxQ,@ミナミワイス,2,2ヶ月,Member (2 months),,不明,,,1,144,0,2026-09-14 19:00,2026-09-14 19:00,,,https://www.youtube.com/channel/UCsULAqnUwqu_ogOXkJwerxQ
UCelR4Na2GLfaoF1WO0Tzivg,@ACE_OwO,2,2ヶ月,Member (2 months),,不明,,,1,1,0,2026-09-14 19:00,2026-09-14 19:00,,,https://www.youtube.com/channel/UCelR4Na2GLfaoF1WO0Tzivg
UCJdn-Dt89R5so_MRKJo4zpQ,@前川_maekawaziisanP,2,2ヶ月,Member (2 months),,不明,,,1,31,0,2026-09-14 19:00,2026-09-14 19:00,,,https://www.youtube.com/channel/UCJdn-Dt89R5so_MRKJo4zpQ
UCWBjHEXSEsfjFUgjxYulpcA,@saki_3232,2,2ヶ月,Member (2 months),,不明,,,1,1,0,2026-09-14 19:00,2026-09-14 19:00,,,https://www.youtube.com/channel/UCWBjHEXSEsfjFUgjxYulpcA
UC5DNEZTmxBDlwZnpfK-m_Tg,@ナゾーズ,2,2ヶ月,Member (2 months),,不明,,,1,1,0,2026-09-14 19:00,2026-09-14 19:00,,,https://www.youtube.com/channel/UC5DNEZTmxBDlwZnpfK-m_Tg
UCZ7AsTo_eyQLiXjYWt5gVNQ,@ゆう-MARu,2,2ヶ月,Member (2 months),,不明,,,1,6,0,2026-09-14 19:00,2026-09-14 19:00,,,https://www.youtube.com/channel/UCZ7AsTo_eyQLiXjYWt5gVNQ
UCyt7CYVw-lwLPZm3_sfVArA,@クマアビ,2,2ヶ月,Member (2 months),,不明,,,1,1,0,2026-09-14 19:00,2026-09-14 19:00,,,https://www.youtube.com/channel/UCyt7CYVw-lwLPZm3_sfVArA
UCMHZcH2ofWrj7FNtiSZmNNg,@らる.RAR1,2,2ヶ月,Member (2 months),,不明,,,1,5,0,2026-09-15 18:17,2026-09-15 18:17,,,https://www.youtube.com/channel/UCMHZcH2ofWrj7FNtiSZmNNg
UCCbb7JYEGXVHJNmwwoYgRXA,@イル-illuph,2,2ヶ月,Member (2 months),,不明,,,1,1,0,2026-09-15 18:17,2026-09-15 18:17,,,https://www.youtube.com/channel/UCCbb7JYEGXVHJNmwwoYgRXA
UCzdDIk4DFWs8AKUCK2gGffg,@カズキ-d4b,2,2ヶ月,Member (2 months),,不明,,,1,1,0,2026-09-15 18:17,2026-09-15 18:17,,,https://www.youtube.com/channel/UCzdDIk4DFWs8AKUCK2gGffg
UC8GRYZtUg4w-6MH7txYfMqw,@バターkou,2,2ヶ月,Member (2 months),,不明,,,1,1,0,2026-09-15 18:17,2026-09-15 18:17,,,https://www.youtube.com/channel/UC8GRYZtUg4w-6MH7txYfMqw
UC6YRRnsD822az9RgW_ysBxw,@ウィロモス,2,2ヶ月,Member (2 months),,不明,,,1,1,0,2026-09-15 18:17,2026-09-15 18:17,,,https://www.youtube.com/channel/UC6YRRnsD822az9RgW_ysBxw
UC5uw6CCGKW88APhbjzuYJEg,@karayage2,2,2ヶ月,Member (2 months),,不明,,,1,1,0,2026-09-17 16:24,2026-09-17 16:24,,,https://www.youtube.com/channel/UC5uw6CCGKW88APhbjzuYJEg
UChnVjQJx-wht6cdfSW4mOsQ,@音無怜奈_Oto,2,2ヶ月,Member (2 months),,不明,,,1,1,0,2026-09-18 21:59,2026-09-18 21:59,,,https://www.youtube.com/channel/UChnVjQJx-wht6cdfSW4mOsQ
UCKeWAMqu9E1qeHPyRGDDLxQ,@chitose_amesaki,2,2ヶ月,Member (2 months),,Ris7,再加入/レベル変更,,1,0,0,2026-09-18 21:59,2026-09-18 21:59,,,https://www.youtube.com/channel/UCKeWAMqu9E1qeHPyRGDDLxQ
UCiwowRGZw1bx1JE6gL3IWxA,@shiori-95-4,2,2ヶ月,Member (2 months),,不明,,,1,1,0,2026-09-19 17:03,2026-09-19 17:03,,,https://www.youtube.com/channel/UCiwowRGZw1bx1JE6gL3IWxA
UCih7vJUNuCOtMFDnQDB0d_g,@梶-o7u,2,2ヶ月,Member (2 months),,不明,,,1,2,0,2026-09-19 17:03,2026-09-19 17:03,,,https://www.youtube.com/channel/UCih7vJUNuCOtMFDnQDB0d_g
UCyEusTfz67RFQC0qEtWckfA,@kanameyou_x,2,2ヶ月,Member (2 months),,不明,,,1,1,0,2026-09-19 17:03,2026-09-19 17:03,,,https://www.youtube.com/channel/UCyEusTfz67RFQC0qEtWckfA
UC1Dd1CHcb_X_NObLEz1dNyw,@あんこうy3i,2,2ヶ月,Member (2 months),,Ris7,再加入/レベル変更,,1,0,0,2026-09-19 17:03,2026-09-19 17:03,,,https://www.youtube.com/channel/UC1Dd1CHcb_X_NObLEz1dNyw
UCxmrfrjfukV9SifAMt7tdqg,@青い庭,2,2ヶ月,Member (2 months),,不明,,,1,13,0,2026-09-20 10:00,2026-09-20 10:00,,,https://www.youtube.com/channel/UCxmrfrjfukV9SifAMt7tdqg
UCy2bAiNd-hLNBunliBeFhDw,@Akizuki774,2,2ヶ月,Member (2 months),,不明,,,1,1,0,2026-09-22 16:02,2026-09-22 16:02,,,https://www.youtube.com/channel/UCy2bAiNd-hLNBunliBeFhDw
UCKCtj-39zzMqCNkNK0C4XWQ,@sam4le,2,2ヶ月,Member (2 months),,不明,,,1,1,0,2026-09-22 20:59,2026-09-22 20:59,,,https://www.youtube.com/channel/UCKCtj-39zzMqCNkNK0C4XWQ
UCuHk19f_pVMdxMZUZY5WT4A,@HakutaroVista_R2,2,2ヶ月,Member (2 months),,不明,,,1,2,0,2026-09-22 20:59,2026-09-22 20:59,,,https://www.youtube.com/channel/UCuHk19f_pVMdxMZUZY5WT4A
UCG_QgXP-Lf5Bf7Q-D7UMlBw,@Jスケ,2,2ヶ月,Member (2 months),,不明,,,1,1,0,2026-09-24 06:59,2026-09-24 06:59,,,https://www.youtube.com/channel/UCG_QgXP-Lf5Bf7Q-D7UMlBw
UCP7BxUGV4L_3pRoXCcsBJ9Q,@チロル-c2e,2,2ヶ月,Member (2 months),,不明,,,1,1,0,2026-09-24 06:59,2026-09-24 06:59,,,https://www.youtube.com/channel/UCP7BxUGV4L_3pRoXCcsBJ9Q
UCIZMBbjTk1JvxYbSFplvqfg,@ひのはなゆう,2,2ヶ月,Member (2 months),,不明,,,1,1,0,2026-09-24 06:59,2026-09-24 06:59,,,https://www.youtube.com/channel/UCIZMBbjTk1JvxYbSFplvqfg
UCmQWWTrPcV3Z7JvuyPatwMA,@kou-77rm,2,2ヶ月,Member (2 months),,不明,,,1,1,0,2026-09-24 06:59,2026-09-24 06:59,,,https://www.youtube.com/channel/UCmQWWTrPcV3Z7JvuyPatwMA
UC4Y4u12KIQ0XeRcP2X33Sqg,@冷凍庫-c3i,2,2ヶ月,Member (2 months),,不明,,,1,1,0,2026-09-24 06:59,2026-09-24 06:59,,,https://www.youtube.com/channel/UC4Y4u12KIQ0XeRcP2X33Sqg
UCVPx7QwGlGAS9vr6njZW4vQ,@rokomoko0123,2,2ヶ月,Member (2 months),,不明,,,1,1,0,2026-09-24 06:59,2026-09-24 06:59,,,https://www.youtube.com/channel/UCVPx7QwGlGAS9vr6njZW4vQ
UCTaeGo2J6OAcFXQxp9xWATA,@rish53,2,2ヶ月,Member (2 months),,不明,,,1,1,0,2026-09-24 06:59,2026-09-24 06:59,,,https://www.youtube.com/channel/UCTaeGo2J6OAcFXQxp9xWATA
UCxKeJEqvF3FgUkIGCWSU7fA,@めかんす,2,2ヶ月,Member (2 months),,不明,,,1,1,0,2026-09-24 06:59,2026-09-24 06:59,,,https://www.youtube.com/channel/UCxKeJEqvF3FgUkIGCWSU7fA
UCQTYRdktsOmCVyWHD8KHg0w,@カニヒロ,2,2ヶ月,Member (2 months),,不明,,,1,1,0,2026-09-24 06:59,2026-09-24 06:59,,,https://www.youtube.com/channel/UCQTYRdktsOmCVyWHD8KHg0w
UC3EUfMrkV59yXaT9QNVOU9w,@きざみ塩,2,2ヶ月,Member (2 months),,不明,,,1,1,0,2026-09-24 06:59,2026-09-24 06:59,,,https://www.youtube.com/channel/UC3EUfMrkV59yXaT9QNVOU9w
UC2-abkZIB0Sfh2dNQgDluYQ,@おりょう-v4i,2,2ヶ月,Member (2 months),,不明,,,1,1,0,2026-09-24 06:59,2026-09-24 06:59,,,https://www.youtube.com/channel/UC2-abkZIB0Sfh2dNQgDluYQ
UCvcjmoWKHBquXA6vDjohqzQ,@泡沫えゆ,2,2ヶ月,Member (2 months),,不明,,,1,7,0,2026-09-24 06:59,2026-09-24 06:59,,,https://www.youtube.com/channel/UCvcjmoWKHBquXA6vDjohqzQ
UCULIRZmfmainaj0fdaK4Tmw,@pekka-peka,2,2ヶ月,Member (2 months),,不明,,,1,1,0,2026-09-24 06:59,2026-09-24 06:59,,,https://www.youtube.com/channel/UCULIRZmfmainaj0fdaK4Tmw
UC2u9kDrtcCjbzkabvk_qR4w,@Xちぎゅ,2,2ヶ月,Member (2 months),,不明,,,1,18,1,2026-09-24 06:59,2026-09-24 06:59,,,https://www.youtube.com/channel/UC2u9kDrtcCjbzkabvk_qR4w
UCWonDVJ1Fz_fDI6cqMx73cg,@いろはすぅ-o3o,2,2ヶ月,Member (2 months),,不明,,,1,1,0,2026-09-24 06:59,2026-09-24 06:59,,,https://www.youtube.com/channel/UCWonDVJ1Fz_fDI6cqMx73cg
UCD4vd7gnQBViMG0pqcgPaog,@でつ15,2,2ヶ月,Member (2 months),,不明,,,1,2,0,2026-09-24 06:59,2026-09-24 06:59,,,https://www.youtube.com/channel/UCD4vd7gnQBViMG0pqcgPaog
UCKnsMUHpH0OmG7kUjAmwaIQ,@るるる-e3x,2,2ヶ月,Member (2 months),,不明,,,1,9,0,2026-09-24 06:59,2026-09-24 06:59,,,https://www.youtube.com/channel/UCKnsMUHpH0OmG7kUjAmwaIQ
UCkcP1eyQBqkk_0AxxiRUH1w,@ys-7777,2,2ヶ月,Member (2 months),,不明,,,1,3,0,2026-09-24 06:59,2026-09-24 06:59,,,https://www.youtube.com/channel/UCkcP1eyQBqkk_0AxxiRUH1w
UCvwLRuukh8WdPRQ-_MMLjFw,@dishuyu7188,2,2ヶ月,Member (2 months),,不明,,,1,1,0,2026-09-24 06:59,2026-09-24 06:59,,,https://www.youtube.com/channel/UCvwLRuukh8WdPRQ-_MMLjFw
UC3NCwlg1IwR_AGYnHkrErGQ,@ニンジャ_Ninja-4R,2,2ヶ月,Member (2 months),,不明,,,1,2,0,2026-09-26 06:20,2026-09-26 06:20,,,https://www.youtube.com/channel/UC3NCwlg1IwR_AGYnHkrErGQ
UC5p6rcbfnDlAXu0mizNHdYA,@kanade-oc9gf,2,2ヶ月,Member (2 months),,不明,,,1,1,0,2026-09-26 06:20,2026-09-26 06:20,,,https://www.youtube.com/channel/UC5p6rcbfnDlAXu0mizNHdYA
UC5pnea1zWUBsCWTWd3yxHLg,@虚無埋めエンバン2.0,2,2ヶ月,Member (2 months),,不明,,,1,6,0,2026-09-26 06:20,2026-09-26 06:20,,,https://www.youtube.com/channel/UC5pnea1zWUBsCWTWd3yxHLg
UCKgkO8fY7FuPr0SJ-El19pA,@catenora,2,2ヶ月,Member (2 months),,不明,,,1,5,0,2026-09-26 06:20,2026-09-26 06:20,,,https://www.youtube.com/channel/UCKgkO8fY7FuPr0SJ-El19pA
UC3oWzFrBoqYvt1IBk7Z6q4g,@stray_work,2,2ヶ月,Member (2 months),,不明,,,1,1,0,2026-09-26 06:20,2026-09-26 06:20,,,https://www.youtube.com/channel/UC3oWzFrBoqYvt1IBk7Z6q4g
UCvchY_o2lxriGotQDiwCeUg,@たこらいす-w6e,2,2ヶ月,Member (2 months),,不明,,,1,6,0,2026-09-26 06:20,2026-09-26 06:20,,,https://www.youtube.com/channel/UCvchY_o2lxriGotQDiwCeUg
UCRb5mtDGyYwULkIP5aZi1BQ,@綾鷹利休,2,2ヶ月,Member (2 months),,不明,,,1,2,0,2026-09-26 06:20,2026-09-26 06:20,,,https://www.youtube.com/channel/UCRb5mtDGyYwULkIP5aZi1BQ
UC0PG-9zHK89S73zrB7rLnsg,@ハイトティック,2,2ヶ月,Member (2 months),,不明,,,1,1,0,2026-09-26 06:20,2026-09-26 06:20,,,https://www.youtube.com/channel/UC0PG-9zHK89S73zrB7rLnsg
UCQhoH1jP65vXsKggAFmzDNw,@カルラ-l2u,2,2ヶ月,Member (2 months),,不明,,,1,1,0,2026-09-26 06:20,2026-09-26 06:20,,,https://www.youtube.com/channel/UCQhoH1jP65vXsKggAFmzDNw
UCUdKXDytRact_fuAQlx8n4g,@オタクペンギン,2,2ヶ月,Member (2 months),,不明,,,1,2,0,2026-09-27 07:00,2026-09-27 07:00,,,https://www.youtube.com/channel/UCUdKXDytRact_fuAQlx8n4g
UC4xeB3E2SbYufuZr8CTXZAw,@ゆう-c2b-p5i,2,2ヶ月,Member (2 months),,不明,,,1,3,0,2026-09-27 07:00,2026-09-27 07:00,,,https://www.youtube.com/channel/UC4xeB3E2SbYufuZr8CTXZAw
UChc0gk_hUHjid9g_vK1psjw,@アス_13,2,2ヶ月,Member (2 months),,不明,,,1,1,0,2026-09-27 07:00,2026-09-27 07:00,,,https://www.youtube.com/channel/UChc0gk_hUHjid9g_vK1psjw
UCabTeboxMmjoev3Y3Eli_Ew,@湊_かなめ,2,2ヶ月,Member (2 months),,不明,,,1,3,0,2026-09-27 07:00,2026-09-27 07:00,,,https://www.youtube.com/channel/UCabTeboxMmjoev3Y3Eli_Ew
UCFkblQxWNwbpZHsqx-7gFrw,@ロボゴップ,2,2ヶ月,Member (2 months),,不明,,,1,1,0,2026-09-27 07:00,2026-09-27 07:00,,,https://www.youtube.com/channel/UCFkblQxWNwbpZHsqx-7gFrw
UCBd8hAF5MJJ_C76OZubgvIg,@salewa-iq7tm,2,2ヶ月,Member (2 months),,不明,,,1,1,0,2026-09-27 07:00,2026-09-27 07:00,,,https://www.youtube.com/channel/UCBd8hAF5MJJ_C76OZubgvIg
UCpeaRpyyCYUM2YEV9Ep0mcg,@septem_7_7,2,2ヶ月,Member (2 months),,不明,,,1,1,0,2026-09-27 21:49,2026-09-27 21:49,,,https://www.youtube.com/channel/UCpeaRpyyCYUM2YEV9Ep0mcg
UCb2GokPFl4RLV6RRmiH-Mkw,@帰宅部1027,2,2ヶ月,Member (2 months),,不明,,,1,6,0,2026-09-27 21:49,2026-09-27 21:49,,,https://www.youtube.com/channel/UCb2GokPFl4RLV6RRmiH-Mkw
UCVFrP_0qsA7AstBAXQkF1pw,@ぴぴ-u4r3h,2,2ヶ月,Member (2 months),,不明,,,1,1,0,2026-09-27 21:49,2026-09-27 21:49,,,https://www.youtube.com/channel/UCVFrP_0qsA7AstBAXQkF1pw
UCYS7lXx_S1l_XN9h_WTA9wQ,@アオハルカドウ,2,2ヶ月,Member (2 months),,不明,,,1,1,0,2026-09-29 21:01,2026-09-29 21:01,,,https://www.youtube.com/channel/UCYS7lXx_S1l_XN9h_WTA9wQ
UCpk3gc20x7XH8f0vl3-IFIQ,@しもさま,2,2ヶ月,Member (2 months),,不明,,,1,2,0,2026-10-01 10:12,2026-10-01 10:12,,,https://www.youtube.com/channel/UCpk3gc20x7XH8f0vl3-IFIQ
UCANV4jDgqbeChC0dStolCkQ,@Yrqixe,2,2ヶ月,Member (2 months),,不明,,,1,1,0,2026-10-02 22:16,2026-10-02 22:16,,,https://www.youtube.com/channel/UCANV4jDgqbeChC0dStolCkQ
UCBwdLE1Sw0TCjmazV9C2mhw,@alice32931,2,2ヶ月,Member (2 months),,不明,,,1,1,0,2026-10-03 16:01,2026-10-03 16:01,,,https://www.youtube.com/channel/UCBwdLE1Sw0TCjmazV9C2mhw
UCGU4Wb64ujC-c76NetAdn0A,@アツキ-s2g,2,2ヶ月,Member (2 months),,不明,,,1,1,0,2026-10-04 20:06,2026-10-04 20:06,,,https://www.youtube.com/channel/UCGU4Wb64ujC-c76NetAdn0A
UCTjoy_0yDNS8D7Uukv1xmvQ,@zero_REsp,2,2ヶ月,Member (2 months),,不明,,,1,1,0,2026-10-04 20:06,2026-10-04 20:06,,,https://www.youtube.com/channel/UCTjoy_0yDNS8D7Uukv1xmvQ
UCb-hJssyyndAKPBOCQ1AWTg,@くろきれん,2,2ヶ月,Member (2 months),,不明,,,1,1,0,2026-10-04 20:06,2026-10-04 20:06,,,https://www.youtube.com/channel/UCb-hJssyyndAKPBOCQ1AWTg
UCk3fFsM1Q7lNjwC4yrKrXfg,@S-iy1li,2,2ヶ月,Member (2 months),,不明,,,1,2,0,2026-10-04 20:06,2026-10-04 20:06,,,https://www.youtube.com/channel/UCk3fFsM1Q7lNjwC4yrKrXfg
UC4VaF6HtiBT0rLEVuy5wolw,@寝る寝るコーヒー,2,2ヶ月,Member (2 months),,不明,,,1,10,0,2026-10-04 20:06,2026-10-04 20:06,,,https://www.youtube.com/channel/UC4VaF6HtiBT0rLEVuy5wolw
UCHLzZ43UkeBxA65Z32qzqHA,@なるせ-v4m,2,2ヶ月,Member (2 months),,不明,,,1,11,0,2026-10-05 06:01,2026-10-05 06:01,,,https://www.youtube.com/channel/UCHLzZ43UkeBxA65Z32qzqHA
UCyDwKh9vTE6NYImCg9WBLAg,@Alice24-yu,2,2ヶ月,Member (2 months),,不明,,,1,2,0,2026-10-05 06:01,2026-10-05 06:01,,,https://www.youtube.com/channel/UCyDwKh9vTE6NYImCg9WBLAg
UCh7kiCEnF2t14DeEuuMq-4g,@ナノデシ-c8b,2,2ヶ月,Member (2 months),,不明,,,1,1,0,2026-10-05 06:01,2026-10-05 06:01,,,https://www.youtube.com/channel/UCh7kiCEnF2t14DeEuuMq-4g
UCDw6NcfrFF_S86kYfOqthiA,@Daitou-Sensei,2,2ヶ月,Member (2 months),,不明,,,1,1,0,2026-10-05 06:01,2026-10-05 06:01,,,https://www.youtube.com/channel/UCDw6NcfrFF_S86kYfOqthiA
UCeywhtr98LuTb6W8YY-CrXQ,@ゆう_2650,2,2ヶ月,Member (2 months),,不明,,,1,2,0,2026-10-05 06:01,2026-10-05 06:01,,,https://www.youtube.com/channel/UCeywhtr98LuTb6W8YY-CrXQ
UCGAJ_TqHbIaGqOUQxUVCL0A,@salmon._.さーもん,2,2ヶ月,Member (2 months),,不明,,,1,3,0,2026-10-05 18:00,2026-10-05 18:00,,,https://www.youtube.com/channel/UCGAJ_TqHbIaGqOUQxUVCL0A
UCj9XZH258p2v3ixBZiwqUTw,@とちのすけ-g4s,2,2ヶ月,Member (2 months),,Ris7,再加入/レベル変更,,1,0,0,2026-10-05 18:00,2026-10-05 18:00,,,https://www.youtube.com/channel/UCj9XZH258p2v3ixBZiwqUTw
UCrZxMJANGgPUe8FtwldvihA,@しおん提督,1,1ヶ月,Member (1 month),,不明,,,35,2437,6,2026-09-07 21:04,2026-10-06 22:00,,,https://www.youtube.com/channel/UCrZxMJANGgPUe8FtwldvihA
UCtdjgVDUOlNSqhgHch_OpFg,@しんしん-08,1,1ヶ月,Member (1 month),,不明,,,32,1126,0,2026-09-07 21:04,2026-10-06 22:00,,,https://www.youtube.com/channel/UCtdjgVDUOlNSqhgHch_OpFg
UCxNNF0rYkr8DfFR-dIQLSYA,@サワムー-k6p,1,1ヶ月,Member (1 month),,不明,,,26,250,0,2026-09-07 21:04,2026-10-06 22:00,,,https://www.youtube.com/channel/UCxNNF0rYkr8DfFR-dIQLSYA
UCWPbYqTBV6oOThbIbKvCoPg,@戦大せんたい,1,1ヶ月,Member (1 month),,不明,,,26,438,0,2026-09-07 21:04,2026-10-06 22:00,,,https://www.youtube.com/channel/UCWPbYqTBV6oOThbIbKvCoPg
UCjFz8nBtHrN6V5Ys8FyKYXA,@なな_Ris7,1,1ヶ月,Member (1 month),,不明,,,25,57,0,2026-09-07 21:04,2026-10-05 18:00,,,https://www.youtube.com/channel/UCjFz8nBtHrN6V5Ys8FyKYXA
UCvOtLrtxK9HCr0vZb4j34Iw,@baket_luv,1,1ヶ月,Member (1 month),,不明,,,22,611,0,2026-09-09 13:54,2026-10-06 22:00,,,https://www.youtube.com/channel/UCvOtLrtxK9HCr0vZb4j34Iw
UCNJcttsPcVuaaX9wQrNVIeg,@いかさん-f4u,1,1ヶ月,Member (1 month),,不明,,,21,242,0,2026-09-07 21:04,2026-10-06 22:00,,,https://www.youtube.com/channel/UCNJcttsPcVuaaX9wQrNVIeg
UCA1v_xYeiSOe3kfS4qBc4qA,@いけしょう-q8k,1,1ヶ月,Member (1 month),,不明,,,21,248,0,2026-09-07 21:04,2026-10-06 22:00,,,https://www.youtube.com/channel/UCA1v_xYeiSOe3kfS4qBc4qA
UCnwaPSDnrqWQiE93HWXUJ0Q,@ミドリ-r2r,1,1ヶ月,Member (1 month),,不明,,,20,202,0,2026-09-07 21:04,2026-10-06 22:00,,,https://www.youtube.com/channel/UCnwaPSDnrqWQiE93HWXUJ0Q
UCPYRIzTIdfxmBQiMMjQPcEw,@tami-l_xll,1,1ヶ月,Member (1 month),,不明,,,19,188,1,2026-09-07 21:04,2026-10-05 18:00,,,https://www.youtube.com/channel/UCPYRIzTIdfxmBQiMMjQPcEw
UCutD7ForkPFvxTqreixwmbA,@名無しング,1,1ヶ月,Member (1 month),,不明,,,18,119,0,2026-09-07 21:04,2026-10-05 18:00,,,https://www.youtube.com/channel/UCutD7ForkPFvxTqreixwmbA
UCRrMjFbuN5SpgUi3TunW6Pw,@m33さん,1,1ヶ月,Member (1 month),,Ris7,新規加入,,15,69,0,2026-09-07 21:04,2026-10-05 18:00,○,,https://www.youtube.com/channel/UCRrMjFbuN5SpgUi3TunW6Pw
UCR932gbnzzNuyCHHY6SLhiQ,@かさば.り,1,1ヶ月,Member (1 month),,不明,,,15,335,0,2026-09-07 21:04,2026-10-06 22:00,,,https://www.youtube.com/channel/UCR932gbnzzNuyCHHY6SLhiQ
UCLHt9zbNOFkccAS9YkrSYww,@ケルビン_K,1,1ヶ月,Member (1 month),,不明,,,13,70,0,2026-09-07 21:04,2026-10-06 22:00,,,https://www.youtube.com/channel/UCLHt9zbNOFkccAS9YkrSYww
UCpN5dZb6bsY_JMDsOWbEVBg,@ぐらぐら幽霊,1,1ヶ月,Member (1 month),,不明,,,12,437,0,2026-09-07 21:04,2026-10-04 20:06,,,https://www.youtube.com/channel/UCpN5dZb6bsY_JMDsOWbEVBg
UCrtYChr49fDCjp6G7HG64-A,@やきそば-t9t,1,1ヶ月,Member (1 month),,不明,,,11,71,0,2026-09-07 21:04,2026-09-26 06:20,,,https://www.youtube.com/channel/UCrtYChr49fDCjp6G7HG64-A
UCXs0YTfdUbnRrUj8mqpRzqQ,@01muun,1,1ヶ月,Member (1 month),,不明,,,11,22,0,2026-09-07 21:04,2026-10-06 22:00,,,https://www.youtube.com/channel/UCXs0YTfdUbnRrUj8mqpRzqQ
UCxt2jZ1KbZQ1zC2hMHFFp8w,@0pus-i1j,1,1ヶ月,Member (1 month),,不明,,,11,79,0,2026-09-09 13:54,2026-09-30 20:00,,,https://www.youtube.com/channel/UCxt2jZ1KbZQ1zC2hMHFFp8w
UCfgaKa8JgaVAm53h0tQ0bGw,@久暇,1,1ヶ月,Member (1 month),,不明,,,11,85,1,2026-09-09 13:54,2026-10-05 06:01,,,https://www.youtube.com/channel/UCfgaKa8JgaVAm53h0tQ0bGw
UCsLcjdPbuqCueQyIvQu1_Xw,@Wanwan118-d5e,1,1ヶ月,Member (1 month),,Ris7,新規加入,,10,24,0,2026-09-07 21:04,2026-10-01 20:56,○,,https://www.youtube.com/channel/UCsLcjdPbuqCueQyIvQu1_Xw
UCyl-F5xj5lc2pQSRp_Q0k-Q,@わんふー4126,1,1ヶ月,Member (1 month),,不明,,,9,110,0,2026-09-07 21:04,2026-10-05 06:01,,,https://www.youtube.com/channel/UCyl-F5xj5lc2pQSRp_Q0k-Q
UCF-MQgPQfxvkQiDigs-OfCQ,@うぐいす餅-n9l,1,1ヶ月,Member (1 month),,不明,,,9,35,0,2026-09-26 21:01,2026-10-06 22:00,,,https://www.youtube.com/channel/UCF-MQgPQfxvkQiDigs-OfCQ
UClMdyMaQubqillDuOJX1X0w,@うすば00,1,1ヶ月,Member (1 month),,不明,,,8,39,0,2026-09-07 21:04,2026-10-06 22:00,,,https://www.youtube.com/channel/UClMdyMaQubqillDuOJX1X0w
UCiGG0SovlZLJGNN7CDIKZqw,@まい-o7ls,1,1ヶ月,Member (1 month),,不明,,,8,177,0,2026-09-07 21:04,2026-09-30 20:00,,,https://www.youtube.com/channel/UCiGG0SovlZLJGNN7CDIKZqw
UChhAjzk1SbPFlxqajZ4AN6A,@193郎,1,1ヶ月,Member (1 month),,不明,,,7,327,0,2026-09-07 21:04,2026-09-26 21:01,,,https://www.youtube.com/channel/UChhAjzk1SbPFlxqajZ4AN6A
UChVUr84qrOcd72Ko8h_k8ng,@だいふく-r6k,1,1ヶ月,Member (1 month),,不明,,,7,127,0,2026-09-07 21:04,2026-09-27 07:00,,,https://www.youtube.com/channel/UChVUr84qrOcd72Ko8h_k8ng
UCJ5V_hB3CND2hoC-A3Sl4iA,@星間渡航,1,1ヶ月,Member (1 month),,不明,,,7,8,0,2026-09-07 21:04,2026-09-29 21:01,,,https://www.youtube.com/channel/UCJ5V_hB3CND2hoC-A3Sl4iA
UCru2xyvwUeaRM8RAu4Eiz8w,@akabeko927,1,1ヶ月,Member (1 month),,不明,,,6,10,0,2026-09-07 21:04,2026-10-05 18:00,,,https://www.youtube.com/channel/UCru2xyvwUeaRM8RAu4Eiz8w
UCz7mxuktYSSrzRr5ImhrIpg,@ヰ苅_いかり,1,1ヶ月,Member (1 month),,不明,,,6,11,0,2026-09-07 21:04,2026-10-01 20:56,,,https://www.youtube.com/channel/UCz7mxuktYSSrzRr5ImhrIpg
UCTVDiSPbJOWTbwFVLgY6ybg,@不器用冷気,1,1ヶ月,Member (1 month),,不明,,,6,19,0,2026-09-07 21:04,2026-09-29 21:01,,,https://www.youtube.com/channel/UCTVDiSPbJOWTbwFVLgY6ybg
UCgndXLYW4Im2dE9gquVlPlw,@lやぶぶl,1,1ヶ月,Member (1 month),,不明,,,6,22,0,2026-09-14 19:00,2026-10-02 22:16,,,https://www.youtube.com/channel/UCgndXLYW4Im2dE9gquVlPlw
UC5CpAzeUA6iHia348kizyDA,@Shigure_daisuki,1,1ヶ月,Member (1 month),,不明,,,5,52,0,2026-09-07 21:04,2026-09-24 06:59,,,https://www.youtube.com/channel/UC5CpAzeUA6iHia348kizyDA
UC-Gf5aAPUsOxGnqosCHMirg,@むー_Muuu,1,1ヶ月,Member (1 month),,不明,,,5,11,0,2026-09-07 21:04,2026-10-04 20:06,,,https://www.youtube.com/channel/UC-Gf5aAPUsOxGnqosCHMirg
UCHxvcMqthm4qnWc3dm_7rtA,@犬頭五郎,1,1ヶ月,Member (1 month),,不明,,,5,21,0,2026-09-07 21:04,2026-09-30 20:00,,,https://www.youtube.com/channel/UCHxvcMqthm4qnWc3dm_7rtA
UCUeamBB4x8d_H3mfc_kAItw,@bami_バミ,1,1ヶ月,Member (1 month),,不明,,,5,57,0,2026-09-07 21:04,2026-09-22 16:02,,,https://www.youtube.com/channel/UCUeamBB4x8d_H3mfc_kAItw
UCfAZoOK-OLs1hW--o1DFaYA,@bayashiko-37105,1,1ヶ月,Member (1 month),,不明,,,5,13,0,2026-09-07 21:04,2026-10-05 06:01,,,https://www.youtube.com/channel/UCfAZoOK-OLs1hW--o1DFaYA
UCeWNZw_grgkp97No9SqB4bw,@shanoa7,1,1ヶ月,Member (1 month),,不明,,,4,4,0,2026-09-07 21:04,2026-10-05 18:00,,,https://www.youtube.com/channel/UCeWNZw_grgkp97No9SqB4bw
UCzTMMdAIwmq8IMYnkrqiPiA,@haruka_52,1,1ヶ月,Member (1 month),,不明,,,4,30,0,2026-09-07 21:04,2026-09-18 21:59,,,https://www.youtube.com/channel/UCzTMMdAIwmq8IMYnkrqiPiA
UCGgQTmYg3sOgT9V1Eyrby6g,@Lego0513,1,1ヶ月,Member (1 month),,不明,,,4,23,0,2026-09-07 21:04,2026-09-27 07:00,,,https://www.youtube.com/channel/UCGgQTmYg3sOgT9V1Eyrby6g
UCcMi4vcg0HAHuCcrBeGridQ,@ユメタマン,1,1ヶ月,Member (1 month),,不明,,,4,24,0,2026-09-09 13:54,2026-10-05 06:01,,,https://www.youtube.com/channel/UCcMi4vcg0HAHuCcrBeGridQ
UCAhz4IoL5bX1zYNV7v9HYCw,@しろち-g1y,1,1ヶ月,Member (1 month),,不明,,,4,4,0,2026-09-11 19:15,2026-10-03 16:01,,,https://www.youtube.com/channel/UCAhz4IoL5bX1zYNV7v9HYCw
UCL9luKqE_-uEVXZ6ch-ys6Q,@rxyjp,1,1ヶ月,Member (1 month),,不明,,,4,134,0,2026-09-13 15:00,2026-09-30 20:00,,,https://www.youtube.com/channel/UCL9luKqE_-uEVXZ6ch-ys6Q
UCMX5wmvuUayN2OiZ6WbNk9g,@イリス-i9c,1,1ヶ月,Member (1 month),,不明,,,4,4,0,2026-09-17 16:24,2026-09-27 07:00,,,https://www.youtube.com/channel/UCMX5wmvuUayN2OiZ6WbNk9g
UCtka0Ldfm328GJ_yaNmyNng,@ユリータ-y3b,1,1ヶ月,Member (1 month),,Ris7,新規加入,,4,37,0,2026-09-20 10:00,2026-10-05 18:00,○,,https://www.youtube.com/channel/UCtka0Ldfm328GJ_yaNmyNng
UCFTufQvKU9bu3LpCpEDXquQ,@りーふぃ4673,1,1ヶ月,Member (1 month),,不明,,,3,4,0,2026-09-07 21:04,2026-09-14 01:36,,,https://www.youtube.com/channel/UCFTufQvKU9bu3LpCpEDXquQ
UC00FpW8nBwjvLFcbKQKwxFg,@きのこと大腿骨,1,1ヶ月,Member (1 month),,不明,,,3,4,0,2026-09-07 21:04,2026-09-29 21:01,,,https://www.youtube.com/channel/UC00FpW8nBwjvLFcbKQKwxFg
UCq7Cx34l6by49-FD5ZkveKw,@ゆきぐもラピス,1,1ヶ月,Member (1 month),,不明,,,3,54,0,2026-09-09 13:54,2026-09-24 06:59,,,https://www.youtube.com/channel/UCq7Cx34l6by49-FD5ZkveKw
UCAMMBDovcig3VuCWYVwbUlQ,@hotate_butter3,1,1ヶ月,Member (1 month),,不明,,,3,3,0,2026-09-10 21:01,2026-09-14 01:36,,,https://www.youtube.com/channel/UCAMMBDovcig3VuCWYVwbUlQ
UC1clFJ4Qw2Kmp9faM8d81cw,@cyanです,1,1ヶ月,Member (1 month),,不明,,,3,19,0,2026-09-11 19:00,2026-10-05 06:01,,,https://www.youtube.com/channel/UC1clFJ4Qw2Kmp9faM8d81cw
UCSxfATNP_y2bCy9oYKv0RKQ,@とりぽちゃ-b9s,1,1ヶ月,Member (1 month),,不明,,,3,19,0,2026-09-13 15:00,2026-09-26 21:01,,,https://www.youtube.com/channel/UCSxfATNP_y2bCy9oYKv0RKQ
UC3c2xoSOEw7d39ixCjtxkUA,@ファントムTK,1,1ヶ月,Member (1 month),,不明,,,3,7,0,2026-09-14 01:36,2026-10-05 06:01,,,https://www.youtube.com/channel/UC3c2xoSOEw7d39ixCjtxkUA
UC5zP01pQj-IIM9B9W-ci9aA,@kar_sazanami,1,1ヶ月,Member (1 month),,不明,,,3,7,0,2026-09-19 17:03,2026-10-03 16:01,,,https://www.youtube.com/channel/UC5zP01pQj-IIM9B9W-ci9aA
UCUN8Ll1JX5vx2K5f50bdyNg,@lemola2764,1,1ヶ月,Member (1 month),,不明,,,3,6,0,2026-09-23 18:00,2026-09-26 06:20,,,https://www.youtube.com/channel/UCUN8Ll1JX5vx2K5f50bdyNg
UCZgCw4Ok2sHiZZQsKcy9qTQ,@アッシー-n1v,1,1ヶ月,Member (1 month),,不明,,,3,8,0,2026-09-23 18:00,2026-09-26 06:20,,,https://www.youtube.com/channel/UCZgCw4Ok2sHiZZQsKcy9qTQ
UCad7FHVOeYIGbQuSqPySFsg,@レーヤふ,1,1ヶ月,Member (1 month),,不明,,,3,212,0,2026-09-24 06:59,2026-10-05 06:01,,,https://www.youtube.com/channel/UCad7FHVOeYIGbQuSqPySFsg
UCLkGiHM7YvlR4FXa_rK01BQ,@aumdjtwmk,1,1ヶ月,Member (1 month),,不明,,,2,4,0,2026-09-07 21:04,2026-09-18 21:59,,,https://www.youtube.com/channel/UCLkGiHM7YvlR4FXa_rK01BQ
UCtOxZj7fsmP3wrXYorDe4Mw,@urarakaうららか-ssr,1,1ヶ月,Member (1 month),,不明,,,2,27,1,2026-09-07 21:04,2026-09-10 21:01,,,https://www.youtube.com/channel/UCtOxZj7fsmP3wrXYorDe4Mw
UCzntUUR9AVDwdDyLWdnojgQ,@うつのみや空ノ宮,1,1ヶ月,Member (1 month),,不明,,,2,2,0,2026-09-07 21:04,2026-09-11 19:15,,,https://www.youtube.com/channel/UCzntUUR9AVDwdDyLWdnojgQ
UC541NHiZn-of5zI_FfgD0gw,@クラゲ12,1,1ヶ月,Member (1 month),,不明,,,2,25,0,2026-09-07 21:04,2026-09-13 21:00,,,https://www.youtube.com/channel/UC541NHiZn-of5zI_FfgD0gw
UCCZ5En369LR8ZYN9YMlxVLQ,@白身猫,1,1ヶ月,Member (1 month),,不明,,,2,9,0,2026-09-07 21:04,2026-10-05 06:01,,,https://www.youtube.com/channel/UCCZ5En369LR8ZYN9YMlxVLQ
UCNTHRoz76i4InNkDH03gnbw,@にしをたつを,1,1ヶ月,Member (1 month),,不明,,,2,4,0,2026-09-07 21:04,2026-09-14 19:00,,,https://www.youtube.com/channel/UCNTHRoz76i4InNkDH03gnbw
UCe26_q6VZjdBiOD_eKOx7DQ,@熊田-j8t,1,1ヶ月,Member (1 month),,不明,,,2,3,0,2026-09-07 21:04,2026-09-26 06:20,,,https://www.youtube.com/channel/UCe26_q6VZjdBiOD_eKOx7DQ
UCyLe7E1p-yHxrGCCTf96org,@想.s0,1,1ヶ月,Member (1 month),,不明,,,2,7,0,2026-09-07 21:04,2026-09-15 18:17,,,https://www.youtube.com/channel/UCyLe7E1p-yHxrGCCTf96org
UCkjyTAvdRKILrXng9Kll-UA,@タンゴ-w2h,1,1ヶ月,Member (1 month),,不明,,,2,2,0,2026-09-07 21:04,2026-09-11 19:00,,,https://www.youtube.com/channel/UCkjyTAvdRKILrXng9Kll-UA
UC22YkEfGwWHLLC3nzzLsZeA,@ゆに-4646,1,1ヶ月,Member (1 month),,不明,,,2,12,0,2026-09-07 21:04,2026-09-09 13:54,,,https://www.youtube.com/channel/UC22YkEfGwWHLLC3nzzLsZeA
UCPiKiTfgL5T7zBfIiLHBV7w,@oしょうおんo,1,1ヶ月,Member (1 month),,不明,,,2,2,0,2026-09-07 21:04,2026-09-20 13:00,,,https://www.youtube.com/channel/UCPiKiTfgL5T7zBfIiLHBV7w
UCTz5-5X78E93nCDHjpd7pNg,@しゅがー-y6i,1,1ヶ月,Member (1 month),,不明,,,2,7,0,2026-09-07 21:04,2026-09-24 06:59,,,https://www.youtube.com/channel/UCTz5-5X78E93nCDHjpd7pNg
UCCtHJeZ6iEY_jry6315wj1A,@まちゃ-q6k,1,1ヶ月,Member (1 month),,不明,,,2,3,0,2026-09-07 21:04,2026-10-05 06:01,,,https://www.youtube.com/channel/UCCtHJeZ6iEY_jry6315wj1A
UCV-IyYgcrmH5qbKJAe6dupw,@例外ハンドラー,1,1ヶ月,Member (1 month),,不明,,,2,15,0,2026-09-09 13:54,2026-09-19 17:03,,,https://www.youtube.com/channel/UCV-IyYgcrmH5qbKJAe6dupw
UCydXgL9vBtBy2m0wBmtXQpA,@Hecatia_眠い,1,1ヶ月,Member (1 month),,不明,,,2,6,0,2026-09-10 21:01,2026-09-26 06:20,,,https://www.youtube.com/channel/UCydXgL9vBtBy2m0wBmtXQpA
UCCW6tR9BdsOq0BDcO9NQtOg,@リュウナ,1,1ヶ月,Member (1 month),,不明,,,2,4,0,2026-09-13 01:26,2026-10-05 18:00,,,https://www.youtube.com/channel/UCCW6tR9BdsOq0BDcO9NQtOg
UCO6zULD_yWL5llx2oEDS29Q,@ミラ-mira-i9x,1,1ヶ月,Member (1 month),,不明,,,2,4,0,2026-09-13 15:00,2026-09-27 07:00,,,https://www.youtube.com/channel/UCO6zULD_yWL5llx2oEDS29Q
UCYXnCwPraEysgthNSA-PO5A,@うた-newtypeuta,1,1ヶ月,Member (1 month),,不明,,,2,2,0,2026-09-13 15:00,2026-09-21 15:00,,,https://www.youtube.com/channel/UCYXnCwPraEysgthNSA-PO5A
UC-iszl5AEXZM7WpgVtMVWng,@nadeなで,1,1ヶ月,Member (1 month),,不明,,,2,5,0,2026-09-13 21:00,2026-09-18 21:59,,,https://www.youtube.com/channel/UC-iszl5AEXZM7WpgVtMVWng
UCdYA0lsNHWT7a2EnyYMw2-Q,@しあな-y4e,1,1ヶ月,Member (1 month),,不明,,,2,5,0,2026-09-14 01:36,2026-09-14 19:00,,,https://www.youtube.com/channel/UCdYA0lsNHWT7a2EnyYMw2-Q
UCH3W5OzSyF88E3kF6QUWmxQ,@via........,1,1ヶ月,Member (1 month),,不明,,,2,2,0,2026-09-15 18:17,2026-09-19 17:03,,,https://www.youtube.com/channel/UCH3W5OzSyF88E3kF6QUWmxQ
UCyd_fS_oaH1yu-k2DHVOYQg,@りりっく_Lyr1c,1,1ヶ月,Member (1 month),,不明,,,2,15,1,2026-09-24 06:59,2026-09-26 06:20,,,https://www.youtube.com/channel/UCyd_fS_oaH1yu-k2DHVOYQg
UCQlGw-1RiOYU8UL2XsPaNow,@tamagoyaki267,1,1ヶ月,Member (1 month),,不明,,,2,2,0,2026-09-26 06:20,2026-10-01 10:12,,,https://www.youtube.com/channel/UCQlGw-1RiOYU8UL2XsPaNow
UCd_qHf6tmmifHxpS4r2-ctA,@リラ-x,1,1ヶ月,Member (1 month),,不明,,,2,20,0,2026-09-26 06:20,2026-09-27 07:00,,,https://www.youtube.com/channel/UCd_qHf6tmmifHxpS4r2-ctA
UCWeK1hTtB2UioBnXXSDz8cA,@ひろかわ816,1,1ヶ月,Member (1 month),,不明,,,2,4,0,2026-09-27 07:00,2026-09-29 21:01,,,https://www.youtube.com/channel/UCWeK1hTtB2UioBnXXSDz8cA
UCoBkMmwdZ79-8RQmOfVzlmg,@謎の草,1,1ヶ月,Member (1 month),,不明,,,1,6,1,2026-09-07 21:04,2026-09-07 21:04,,,https://www.youtube.com/channel/UCoBkMmwdZ79-8RQmOfVzlmg
UCLVQYtG-rwkoTnn2IUKEIgw,@きんぐ-y6y,1,1ヶ月,Member (1 month),,不明,,,1,4,0,2026-09-07 21:04,2026-09-07 21:04,,,https://www.youtube.com/channel/UCLVQYtG-rwkoTnn2IUKEIgw
UCJeb7dVy4k46X7HsJgg_3gQ,@狐坂-q6q,1,1ヶ月,Member (1 month),,不明,,,1,2,0,2026-09-07 21:04,2026-09-07 21:04,,,https://www.youtube.com/channel/UCJeb7dVy4k46X7HsJgg_3gQ
UCGn7lwdP84xitI-wed-nw7Q,@K40_mochi,1,1ヶ月,Member (1 month),,不明,,,1,2,0,2026-09-07 21:04,2026-09-07 21:04,,,https://www.youtube.com/channel/UCGn7lwdP84xitI-wed-nw7Q
UCSLxEoMz2IWfVbdpSCtGLLA,@ねいむにーな,1,1ヶ月,Member (1 month),,不明,,,1,1,0,2026-09-07 21:04,2026-09-07 21:04,,,https://www.youtube.com/channel/UCSLxEoMz2IWfVbdpSCtGLLA
UCszmCUwjZAXgJ_oc95Sravg,@なごり-h3f,1,1ヶ月,Member (1 month),,不明,,,1,1,0,2026-09-07 21:04,2026-09-07 21:04,,,https://www.youtube.com/channel/UCszmCUwjZAXgJ_oc95Sravg
UC_-wmA_nk9AyG3l1kvuDA7A,@ぽてさらうおおお,1,1ヶ月,Member (1 month),,不明,,,1,2,0,2026-09-07 21:04,2026-09-07 21:04,,,https://www.youtube.com/channel/UC_-wmA_nk9AyG3l1kvuDA7A
UCcxISSMHPTGfninvYvut6TQ,@winter_398,1,1ヶ月,Member (1 month),,不明,,,1,1,0,2026-09-07 21:04,2026-09-07 21:04,,,https://www.youtube.com/channel/UCcxISSMHPTGfninvYvut6TQ
UCdCv_Bf9_wJCGCWtwazjQRA,@user-raaaaayu,1,1ヶ月,Member (1 month),,不明,,,1,6,0,2026-09-07 21:04,2026-09-07 21:04,,,https://www.youtube.com/channel/UCdCv_Bf9_wJCGCWtwazjQRA
UCsxJ-rPeK0itwiJK7FJegyw,@tomori_meme,1,1ヶ月,Member (1 month),,不明,,,1,1,0,2026-09-07 21:04,2026-09-07 21:04,,,https://www.youtube.com/channel/UCsxJ-rPeK0itwiJK7FJegyw
UCc2IvdK_5QK-H1fna5sugpw,@れい_SB_NT,1,1ヶ月,Member (1 month),,不明,,,1,1,0,2026-09-07 21:04,2026-09-07 21:04,,,https://www.youtube.com/channel/UCc2IvdK_5QK-H1fna5sugpw
UCMeR2bOhZDxWKXR5ADsJKgg,@ろーかる-i9o,1,1ヶ月,Member (1 month),,不明,,,1,6,0,2026-09-07 21:04,2026-09-07 21:04,,,https://www.youtube.com/channel/UCMeR2bOhZDxWKXR5ADsJKgg
UCyzEZ6HrVag5vIsajaPXSTg,@amatu327,1,1ヶ月,Member (1 month),,不明,,,1,2,0,2026-09-07 21:04,2026-09-07 21:04,,,https://www.youtube.com/channel/UCyzEZ6HrVag5vIsajaPXSTg
UCLIDODAFpZCX5yGKzUbGrFg,@hibiki_nkp5442,1,1ヶ月,Member (1 month),,不明,,,1,4,0,2026-09-07 21:04,2026-09-07 21:04,,,https://www.youtube.com/channel/UCLIDODAFpZCX5yGKzUbGrFg
UCx2VTaqkljfuTaomMoJbreQ,@かびとる,1,1ヶ月,Member (1 month),,不明,,,1,1,0,2026-09-07 21:04,2026-09-07 21:04,,,https://www.youtube.com/channel/UCx2VTaqkljfuTaomMoJbreQ
UCyUih3aBO8UpDnMTLP2wNYA,@miu_sora,1,1ヶ月,Member (1 month),,不明,,,1,1,0,2026-09-07 21:04,2026-09-07 21:04,,,https://www.youtube.com/channel/UCyUih3aBO8UpDnMTLP2wNYA
UCLFHyY2KnmEHQfJ8eTZi5Ug,@km2lm,1,1ヶ月,Member (1 month),,不明,,,1,1,0,2026-09-07 21:04,2026-09-07 21:04,,,https://www.youtube.com/channel/UCLFHyY2KnmEHQfJ8eTZi5Ug
UC3iI-0bmpYOL6U779b_yzqg,@yr2004,1,1ヶ月,Member (1 month),,不明,,,1,1,0,2026-09-07 21:04,2026-09-07 21:04,,,https://www.youtube.com/channel/UC3iI-0bmpYOL6U779b_yzqg
UC-4BJe6mhsWG160jOTJy8Mg,@じゃん_0w0,1,1ヶ月,Member (1 month),,不明,,,1,1,0,2026-09-09 13:54,2026-09-09 13:54,,,https://www.youtube.com/channel/UC-4BJe6mhsWG160jOTJy8Mg
UCvB-gQWf7xE_mFg1do8Ol8Q,@にんげん_9,1,1ヶ月,Member (1 month),,不明,,,1,1,0,2026-09-09 13:54,2026-09-09 13:54,,,https://www.youtube.com/channel/UCvB-gQWf7xE_mFg1do8Ol8Q
UC_yUCKjEayPDGZ27T4mrVhQ,@ponponzu_0821,1,1ヶ月,Member (1 month),,不明,,,1,2,0,2026-09-09 13:54,2026-09-09 13:54,,,https://www.youtube.com/channel/UC_yUCKjEayPDGZ27T4mrVhQ
UCXITLDPEIAMcHLLB0Tr6Bbw,@amayunt2201,1,1ヶ月,Member (1 month),,不明,,,1,6,0,2026-09-10 21:01,2026-09-10 21:01,,,https://www.youtube.com/channel/UCXITLDPEIAMcHLLB0Tr6Bbw
UC2z9phAWisOynx7ozXZEbeg,@michel_saionji,1,1ヶ月,Member (1 month),,不明,,,1,20,0,2026-09-10 21:01,2026-09-10 21:01,,,https://www.youtube.com/channel/UC2z9phAWisOynx7ozXZEbeg
UCQ8QPozargg6znzUtjVkMeA,@kanashii_guitar,1,1ヶ月,Member (1 month),,不明,,,1,3,0,2026-09-10 21:01,2026-09-10 21:01,,,https://www.youtube.com/channel/UCQ8QPozargg6znzUtjVkMeA
UCwkBQSWKNZBXFAt8MZ0dENA,@2Yoppi,1,1ヶ月,Member (1 month),,不明,,,1,1,0,2026-09-10 21:01,2026-09-10 21:01,,,https://www.youtube.com/channel/UCwkBQSWKNZBXFAt8MZ0dENA
UCcwXaIvtx49u6L84IHz-Ybw,@ヒーレ,1,1ヶ月,Member (1 month),,不明,,,1,1,0,2026-09-11 19:00,2026-09-11 19:00,,,https://www.youtube.com/channel/UCcwXaIvtx49u6L84IHz-Ybw
UCYwmCT9SO6r1FeB2aBzHD7w,@しつぬむ-o5s,1,1ヶ月,Member (1 month),,不明,,,1,1,0,2026-09-13 15:00,2026-09-13 15:00,,,https://www.youtube.com/channel/UCYwmCT9SO6r1FeB2aBzHD7w
UCu9QjmZO1mNTbiyKD9Gs2pQ,@よっぴー稲荷狐,1,1ヶ月,Member (1 month),,不明,,,1,2,0,2026-09-13 15:00,2026-09-13 15:00,,,https://www.youtube.com/channel/UCu9QjmZO1mNTbiyKD9Gs2pQ
UCsWGSHomgWg5xrCSN04xpkQ,@なる-z2f,1,1ヶ月,Member (1 month),,不明,,,1,3,0,2026-09-14 01:36,2026-09-14 01:36,,,https://www.youtube.com/channel/UCsWGSHomgWg5xrCSN04xpkQ
UCpf5tfEtV-J1FTOJIqKzv_w,@藤色-h4k,1,1ヶ月,Member (1 month),,不明,,,1,1,0,2026-09-14 19:00,2026-09-14 19:00,,,https://www.youtube.com/channel/UCpf5tfEtV-J1FTOJIqKzv_w
UCCXGBZf6vMXjDYB4IWkEGqw,@半田太郎さん,1,1ヶ月,Member (1 month),,不明,,,1,84,0,2026-09-15 18:17,2026-09-15 18:17,,,https://www.youtube.com/channel/UCCXGBZf6vMXjDYB4IWkEGqw
UCPorADxIj1eP-tG7al4Nn2w,@xinranliu6134,1,1ヶ月,Member (1 month),,不明,,,1,1,0,2026-09-18 21:59,2026-09-18 21:59,,,https://www.youtube.com/channel/UCPorADxIj1eP-tG7al4Nn2w
UCUzC72zdIQDAWXNNX2-K7RQ,@kayano320,1,1ヶ月,Member (1 month),,不明,,,1,1,0,2026-09-18 21:59,2026-09-18 21:59,,,https://www.youtube.com/channel/UCUzC72zdIQDAWXNNX2-K7RQ
UCKSSBhMYMG0FrqJB0e48Hfg,@rivel968,1,1ヶ月,Member (1 month),,不明,,,1,10,0,2026-09-19 17:03,2026-09-19 17:03,,,https://www.youtube.com/channel/UCKSSBhMYMG0FrqJB0e48Hfg
UCDlqr9oJ9oLNvWIXDGRtXzg,@kazumarindou3833,1,1ヶ月,Member (1 month),,不明,,,1,20,0,2026-09-22 20:59,2026-09-22 20:59,,,https://www.youtube.com/channel/UCDlqr9oJ9oLNvWIXDGRtXzg
UC8cOKHGmgIY05D2BrFTkHgw,@れいK-g3v,1,1ヶ月,Member (1 month),,不明,,,1,1,0,2026-09-24 06:59,2026-09-24 06:59,,,https://www.youtube.com/channel/UC8cOKHGmgIY05D2BrFTkHgw
UCUGzuXkOQoOvecTkKAxqHFQ,@であと,1,1ヶ月,Member (1 month),,不明,,,1,1,0,2026-09-26 06:20,2026-09-26 06:20,,,https://www.youtube.com/channel/UCUGzuXkOQoOvecTkKAxqHFQ
UC5ftmZnLfold5MpAfVA53Og,@ゆん-y5m,1,1ヶ月,Member (1 month),,不明,,,1,1,0,2026-09-26 06:20,2026-09-26 06:20,,,https://www.youtube.com/channel/UC5ftmZnLfold5MpAfVA53Og
UCKselWpOxbkCzhM-S5hU79A,@あまみん-j1g,1,1ヶ月,Member (1 month),,不明,,,1,2,0,2026-09-26 06:20,2026-09-26 06:20,,,https://www.youtube.com/channel/UCKselWpOxbkCzhM-S5hU79A
UCE4h9T_D4bWPba_RsjiNRqg,@AschenputtelSS,1,1ヶ月,Member (1 month),,不明,,,1,3,0,2026-09-26 06:20,2026-09-26 06:20,,,https://www.youtube.com/channel/UCE4h9T_D4bWPba_RsjiNRqg
UCbY6w3d7CVFF9diTiCl2VYA,@鏡ーKaGaMi,1,1ヶ月,Member (1 month),,不明,,,1,1,0,2026-09-27 07:00,2026-09-27 07:00,,,https://www.youtube.com/channel/UCbY6w3d7CVFF9diTiCl2VYA
UCjtD9Nqr8STkHFUSzimcLfQ,@冬木3,1,1ヶ月,Member (1 month),,不明,,,1,1,0,2026-10-03 16:01,2026-10-03 16:01,,,https://www.youtube.com/channel/UCjtD9Nqr8STkHFUSzimcLfQ
UCtpVEbsi-REp2QXQ2-zcshw,@Rouge_727,1,1ヶ月,Member (1 month),,不明,,,1,37,0,2026-10-05 06:01,2026-10-05 06:01,,,https://www.youtube.com/channel/UCtpVEbsi-REp2QXQ2-zcshw
UCh_dVfFD33mXAwo_ygWTvTw,@エリアス-k5b,1,1ヶ月,Member (1 month),,不明,,,1,1,0,2026-10-05 06:01,2026-10-05 06:01,,,https://www.youtube.com/channel/UCh_dVfFD33mXAwo_ygWTvTw
UCuigkcXO7GFPcSAH3vyg6qg,@ぽよまる-sdp,0,新規(1ヶ月未満),New member,,不明,,,22,316,1,2026-09-07 21:04,2026-10-01 10:12,,,https://www.youtube.com/channel/UCuigkcXO7GFPcSAH3vyg6qg
UCVdOo8fmlVrMO6NLNLKXngQ,@あさくらくら-g5x,0,新規(1ヶ月未満),New member,,不明,,,17,48,0,2026-09-07 21:04,2026-09-30 20:00,,,https://www.youtube.com/channel/UCVdOo8fmlVrMO6NLNLKXngQ
UCKpRXmv1A7sX5sZi3XLdyrA,@nirue_sudae,0,新規(1ヶ月未満),New member,,不明,,,16,128,0,2026-09-07 21:04,2026-10-06 22:00,,,https://www.youtube.com/channel/UCKpRXmv1A7sX5sZi3XLdyrA
UCOOURfNgy09Lw0L-8Sl4l2A,@零re_q711,0,新規(1ヶ月未満),New member,,不明,,,14,87,0,2026-09-13 01:26,2026-10-04 20:06,,,https://www.youtube.com/channel/UCOOURfNgy09Lw0L-8Sl4l2A
UCs8wV2voimnMpWPf1K_4-vA,@uyur_,0,新規(1ヶ月未満),New member,,不明,,,13,128,0,2026-09-09 13:54,2026-10-01 10:12,,,https://www.youtube.com/channel/UCs8wV2voimnMpWPf1K_4-vA
UC4erAUCEDdwapZofPRVFdRQ,@rain-d2p,0,新規(1ヶ月未満),New member,,不明,,,11,125,0,2026-09-07 21:04,2026-09-29 21:01,,,https://www.youtube.com/channel/UC4erAUCEDdwapZofPRVFdRQ
UCceTkarn2IX1X3bofegkWpg,@BonBon-k9q,0,新規(1ヶ月未満),New member,,Ris7,新規加入,,10,45,0,2026-09-07 21:04,2026-10-05 06:01,○,,https://www.youtube.com/channel/UCceTkarn2IX1X3bofegkWpg
UCJst_2Vc0-8Q6NAHHM9o4MA,@ゼゼ-j7s,0,新規(1ヶ月未満),New member,,不明,,,10,74,2,2026-09-11 19:15,2026-09-30 20:00,,,https://www.youtube.com/channel/UCJst_2Vc0-8Q6NAHHM9o4MA
UC8UkwLXiPdn2Jdo9h8c1-kg,@estokuro,0,新規(1ヶ月未満),New member,,不明,,,9,905,2,2026-09-29 21:01,2026-10-06 22:00,,,https://www.youtube.com/channel/UC8UkwLXiPdn2Jdo9h8c1-kg
UCkVHs8X6Z5ji4MUpWSDW77A,@バカもやし,0,新規(1ヶ月未満),New member,,不明,,,8,10,0,2026-09-07 21:04,2026-09-19 17:03,,,https://www.youtube.com/channel/UCkVHs8X6Z5ji4MUpWSDW77A
UC8rbDNIiCVKdP9jHqZi-XaQ,@シオン-e4w,0,新規(1ヶ月未満),New member,,不明,,,8,23,0,2026-09-07 21:04,2026-09-19 17:03,,,https://www.youtube.com/channel/UC8rbDNIiCVKdP9jHqZi-XaQ
UCjeLZDQmLfLiixEhZebfFnw,@暁-1998,0,新規(1ヶ月未満),New member,,Ris7,新規加入,,8,16,0,2026-09-07 21:04,2026-10-05 06:01,○,,https://www.youtube.com/channel/UCjeLZDQmLfLiixEhZebfFnw
UCKcf0WqAv89TfFFruV9Slhw,@給湯器9touki,0,新規(1ヶ月未満),New member,,不明,,,8,37,0,2026-09-11 19:15,2026-10-02 22:16,,,https://www.youtube.com/channel/UCKcf0WqAv89TfFFruV9Slhw
UCFZwj--jeUkpP7l8ZLdaXXg,@メルバ-p3u,0,新規(1ヶ月未満),New member,,不明,,,7,118,0,2026-09-07 21:04,2026-09-29 21:01,,,https://www.youtube.com/channel/UCFZwj--jeUkpP7l8ZLdaXXg
UCnGKsWcnJm5F-JUrCiq_3IQ,@るしゅくる,0,新規(1ヶ月未満),New member,,不明,,,7,227,0,2026-09-07 21:04,2026-09-30 20:00,,,https://www.youtube.com/channel/UCnGKsWcnJm5F-JUrCiq_3IQ
UC_PQI6NTPwoN9XJR9Gi_7Zg,@twinkle_MWW,0,新規(1ヶ月未満),New member,,不明,,,7,242,0,2026-09-13 15:00,2026-09-29 21:01,,,https://www.youtube.com/channel/UC_PQI6NTPwoN9XJR9Gi_7Zg
UCQpP-D3_Og3eZMmOZLwDFiA,@S.AKIRA0715,0,新規(1ヶ月未満),New member,,不明,,,7,14,0,2026-09-18 21:59,2026-10-05 18:00,,,https://www.youtube.com/channel/UCQpP-D3_Og3eZMmOZLwDFiA
UCUXjuOQitPzKfK2_mV7lqRQ,@いずやん_Izuyan,0,新規(1ヶ月未満),New member,,Ris7,新規加入,,7,10,0,2026-09-24 06:59,2026-10-05 18:00,○,,https://www.youtube.com/channel/UCUXjuOQitPzKfK2_mV7lqRQ
UCtknt9W5ubIX_eC9Lwn2rxw,@花の海-t2c,0,新規(1ヶ月未満),New member,,不明,,,6,36,0,2026-09-07 21:04,2026-09-23 18:00,,,https://www.youtube.com/channel/UCtknt9W5ubIX_eC9Lwn2rxw
UCtGo6vvh8dik85XzIby_1EQ,@じーべ-o3j,0,新規(1ヶ月未満),New member,,不明,,,6,70,0,2026-09-07 21:04,2026-09-30 20:00,,,https://www.youtube.com/channel/UCtGo6vvh8dik85XzIby_1EQ
UCUYXPmJSZGrUqtk2tI3wGqQ,@myst6125,0,新規(1ヶ月未満),New member,,不明,,,6,33,0,2026-09-07 21:04,2026-09-24 06:59,,,https://www.youtube.com/channel/UCUYXPmJSZGrUqtk2tI3wGqQ
UCJUOhdhx8U_paLVqF1vm4qw,@伊吹-f3c,0,新規(1ヶ月未満),New member,,Ris7,新規加入,,6,115,0,2026-10-02 22:16,2026-10-06 22:00,○,,https://www.youtube.com/channel/UCJUOhdhx8U_paLVqF1vm4qw
UCNrLwfZGSabzdlhA4qKJLKg,@麦茶-jp1,0,新規(1ヶ月未満),New member,,不明,,,5,9,0,2026-09-07 21:04,2026-09-24 06:59,,,https://www.youtube.com/channel/UCNrLwfZGSabzdlhA4qKJLKg
UCOm2z3ZniXSjQVhXaGDTUPQ,@masa-r6b1q,0,新規(1ヶ月未満),New member,,不明,,,5,28,1,2026-09-07 21:04,2026-09-14 19:00,,,https://www.youtube.com/channel/UCOm2z3ZniXSjQVhXaGDTUPQ
UC8VVT2cvEL8ZyqhsvHC4hTw,@ziegmam,0,新規(1ヶ月未満),New member,,不明,,,5,92,0,2026-09-07 21:04,2026-09-26 21:01,,,https://www.youtube.com/channel/UC8VVT2cvEL8ZyqhsvHC4hTw
UCV0iUBSm5mczCmJNnTt2yHQ,@Coquelicxxx,0,新規(1ヶ月未満),New member,,不明,,,5,18,0,2026-09-07 21:04,2026-09-18 21:59,,,https://www.youtube.com/channel/UCV0iUBSm5mczCmJNnTt2yHQ
UCjBX6w7khu--DnRy-380S4Q,@あいす食べたひ,0,新規(1ヶ月未満),New member,,不明,,,5,90,0,2026-09-07 21:04,2026-09-26 06:20,,,https://www.youtube.com/channel/UCjBX6w7khu--DnRy-380S4Q
UCguHfMu28cyVeeYZBXUJkuw,@natukan,0,新規(1ヶ月未満),New member,,不明,,,5,30,0,2026-09-13 21:00,2026-10-04 20:06,,,https://www.youtube.com/channel/UCguHfMu28cyVeeYZBXUJkuw
UCKrx-26mx_9ah0uQd-pwIOg,@まよチキ,0,新規(1ヶ月未満),New member,,不明,,,5,40,0,2026-10-03 16:01,2026-10-06 22:00,,,https://www.youtube.com/channel/UCKrx-26mx_9ah0uQd-pwIOg
UCnqgXwJkKEL4p3T2w20IC2w,@ミミmimi_hobby,0,新規(1ヶ月未満),New member,,不明,,,4,126,0,2026-09-07 21:04,2026-09-24 06:59,,,https://www.youtube.com/channel/UCnqgXwJkKEL4p3T2w20IC2w
UCCPpL-F4bf5FKOVP_jQH9Bg,@tyamm_tum,0,新規(1ヶ月未満),New member,,Ris7,新規加入,,4,9,0,2026-09-07 21:04,2026-09-14 19:00,○,,https://www.youtube.com/channel/UCCPpL-F4bf5FKOVP_jQH9Bg
UCxjR9EjGt1LEk-2b1ShpV7w,@白草_しらくさ,0,新規(1ヶ月未満),New member,,不明,,,4,8,0,2026-09-07 21:04,2026-09-13 21:00,,,https://www.youtube.com/channel/UCxjR9EjGt1LEk-2b1ShpV7w
UCV4vd27b_Fg3EmeASegpCVg,@えんがわパーティー,0,新規(1ヶ月未満),New member,,不明,,,4,14,1,2026-09-07 21:04,2026-09-24 06:59,,,https://www.youtube.com/channel/UCV4vd27b_Fg3EmeASegpCVg
UC8bTgcrvE9C-66OOBvChSSQ,@seo0724,0,新規(1ヶ月未満),New member,,不明,,,4,4,0,2026-09-07 21:04,2026-09-26 21:01,,,https://www.youtube.com/channel/UC8bTgcrvE9C-66OOBvChSSQ
UCW3U_j7LabVQEnaaS5lG8gw,@ゆっくの屍を超えていけ,0,新規(1ヶ月未満),New member,,不明,,,4,8,0,2026-09-07 21:04,2026-09-14 19:00,,,https://www.youtube.com/channel/UCW3U_j7LabVQEnaaS5lG8gw
UC-HLR8Atg77lPu3-gra9PhQ,@オムそばテルマ,0,新規(1ヶ月未満),New member,,Ris7,新規加入,,4,11,0,2026-09-07 21:04,2026-10-05 06:01,○,,https://www.youtube.com/channel/UC-HLR8Atg77lPu3-gra9PhQ
UCKFxPc5w31ZdZ4Ir5StQgOA,@宮杜ちゅら,0,新規(1ヶ月未満),New member,,Ris7,新規加入,,4,22,0,2026-09-07 21:04,2026-09-13 21:00,○,,https://www.youtube.com/channel/UCKFxPc5w31ZdZ4Ir5StQgOA
UChKfhz5OepQ6u5OQEmmodKg,@zumi7136,0,新規(1ヶ月未満),New member,,不明,,,4,50,0,2026-09-10 21:01,2026-09-27 07:00,,,https://www.youtube.com/channel/UChKfhz5OepQ6u5OQEmmodKg
UCkRBKfEd8swA_1FIrUSzrAA,@焼き塩ガーリック枝豆,0,新規(1ヶ月未満),New member,,不明,,,4,13,0,2026-09-15 18:17,2026-09-27 07:00,,,https://www.youtube.com/channel/UCkRBKfEd8swA_1FIrUSzrAA
UCLwtHGPFxMtHpR7IQmBbvcw,@guchi0906,0,新規(1ヶ月未満),New member,,Ris7,新規加入,,4,19,0,2026-09-22 20:59,2026-10-06 22:00,○,,https://www.youtube.com/channel/UCLwtHGPFxMtHpR7IQmBbvcw
UCi3Frq0yxzdfs84RiZtg99A,@きよ-m7o,0,新規(1ヶ月未満),New member,,不明,,,3,8,0,2026-09-07 21:04,2026-09-27 07:00,,,https://www.youtube.com/channel/UCi3Frq0yxzdfs84RiZtg99A
UCuC03BX5vJyf9AczmKmMMRA,@那由他-d4e,0,新規(1ヶ月未満),New member,,不明,,,3,5,0,2026-09-07 21:04,2026-09-12 15:33,,,https://www.youtube.com/channel/UCuC03BX5vJyf9AczmKmMMRA
UCNgzfn825S5gfr-4nMtdUcg,@リコッラータ,0,新規(1ヶ月未満),New member,,不明,,,3,9,0,2026-09-07 21:04,2026-09-11 19:00,,,https://www.youtube.com/channel/UCNgzfn825S5gfr-4nMtdUcg
UC638x58eI4-O-3-TQcaEBsg,@Ailis.1213,0,新規(1ヶ月未満),New member,,不明,,,3,4,0,2026-09-07 21:04,2026-09-24 06:59,,,https://www.youtube.com/channel/UC638x58eI4-O-3-TQcaEBsg
UCMA2ZI2VQuw56h9y6__985A,@T4kupiro,0,新規(1ヶ月未満),New member,,Ris7,新規加入,,3,3,0,2026-09-07 21:04,2026-09-26 06:20,○,,https://www.youtube.com/channel/UCMA2ZI2VQuw56h9y6__985A
UCgcVZ4fmu3KF0E0iE3QOSVg,@もやしちくわ-o3t,0,新規(1ヶ月未満),New member,,不明,,,3,10,0,2026-09-07 21:04,2026-09-11 19:15,,,https://www.youtube.com/channel/UCgcVZ4fmu3KF0E0iE3QOSVg
UC8nHdP9emPdZ-9Fu1N8IqKg,@31yades67,0,新規(1ヶ月未満),New member,,不明,,,3,5,0,2026-09-09 13:54,2026-09-24 06:59,,,https://www.youtube.com/channel/UC8nHdP9emPdZ-9Fu1N8IqKg
UCWY_3C76Xt1axSpjrWw5WDw,@abyss777-r7,0,新規(1ヶ月未満),New member,,不明,,,3,12,0,2026-09-10 21:01,2026-09-15 18:17,,,https://www.youtube.com/channel/UCWY_3C76Xt1axSpjrWw5WDw
UCUThXAL_drmuxBVJhicOeXw,@まっくす-pokemagiv,0,新規(1ヶ月未満),New member,,不明,,,3,10,0,2026-09-13 01:26,2026-09-24 06:59,,,https://www.youtube.com/channel/UCUThXAL_drmuxBVJhicOeXw
UClxF6Q6wy_zPSRQdxXl_s8A,@うどんそば-d2o,0,新規(1ヶ月未満),New member,,不明,,,3,4,0,2026-09-13 21:00,2026-10-06 22:00,,,https://www.youtube.com/channel/UClxF6Q6wy_zPSRQdxXl_s8A
UCpX044My3C81-nw0A53-2rw,@ガナッシュ-p4f,0,新規(1ヶ月未満),New member,,Ris7,新規加入,,3,53,0,2026-09-14 19:00,2026-09-30 20:00,○,,https://www.youtube.com/channel/UCpX044My3C81-nw0A53-2rw
UC2OZ1Mmlogq5BHXXBrN_cig,@donpafu395,0,新規(1ヶ月未満),New member,,不明,,,3,13,0,2026-09-18 21:59,2026-09-22 20:59,,,https://www.youtube.com/channel/UC2OZ1Mmlogq5BHXXBrN_cig
UC4UxVmPaJj3A6vkneEe5UVg,@まよまよ-m4y,0,新規(1ヶ月未満),New member,,不明,,,3,4,0,2026-09-18 21:59,2026-10-05 06:01,,,https://www.youtube.com/channel/UC4UxVmPaJj3A6vkneEe5UVg
UCxORJi8LNXNwjv9ONyjzMiw,@豊臣トミー,0,新規(1ヶ月未満),New member,,不明,,,3,62,0,2026-09-26 06:20,2026-10-05 06:01,,,https://www.youtube.com/channel/UCxORJi8LNXNwjv9ONyjzMiw
UC8zEyCPAvlCRnYzdYoYVsSQ,@ポポノクス,0,新規(1ヶ月未満),New member,,Ris7,新規加入,,3,4,0,2026-09-27 07:00,2026-10-04 20:06,○,,https://www.youtube.com/channel/UC8zEyCPAvlCRnYzdYoYVsSQ
UC4FQf8P28U84Kf_KctPH6JA,@もののおののNukeG,0,新規(1ヶ月未満),New member,,不明,,,3,640,0,2026-10-05 06:01,2026-10-06 22:00,,,https://www.youtube.com/channel/UC4FQf8P28U84Kf_KctPH6JA
UCFXIErIag0kh5maftntxxFw,@ケミカル-m9t,0,新規(1ヶ月未満),New member,,不明,,,3,26,0,2026-10-05 06:01,2026-10-06 22:00,,,https://www.youtube.com/channel/UCFXIErIag0kh5maftntxxFw
UC2BCG-StMKNoLlv-2qKAp7g,@みかつき_Lv.3D,0,新規(1ヶ月未満),New member,,不明,,,2,6,0,2026-09-07 21:04,2026-09-09 13:54,,,https://www.youtube.com/channel/UC2BCG-StMKNoLlv-2qKAp7g
UC9ZDvh4M7FpBWK8ChUfErrw,@kfv5556,0,新規(1ヶ月未満),New member,,不明,,,2,10,0,2026-09-07 21:04,2026-09-27 07:00,,,https://www.youtube.com/channel/UC9ZDvh4M7FpBWK8ChUfErrw
UC4yEDOXW_wgb3JoU1vH9Q_A,@ままんじゅう-mk,0,新規(1ヶ月未満),New member,,不明,,,2,38,0,2026-09-07 21:04,2026-09-09 13:54,,,https://www.youtube.com/channel/UC4yEDOXW_wgb3JoU1vH9Q_A
UCgrcf2jA6Gho3CPvdib27kw,@TM_trinita_Tel,0,新規(1ヶ月未満),New member,,不明,,,2,4,0,2026-09-07 21:04,2026-09-15 18:17,,,https://www.youtube.com/channel/UCgrcf2jA6Gho3CPvdib27kw
UCRpAUjN9VjDLcQdb0u4oUZQ,@じーちゃんomg,0,新規(1ヶ月未満),New member,,不明,,,2,2,0,2026-09-07 21:04,2026-09-09 13:54,,,https://www.youtube.com/channel/UCRpAUjN9VjDLcQdb0u4oUZQ
UCD4dJzrgB_02K8_mePbVPCw,@アミタ-u4n,0,新規(1ヶ月未満),New member,,不明,,,2,7,0,2026-09-07 21:04,2026-09-10 21:01,,,https://www.youtube.com/channel/UCD4dJzrgB_02K8_mePbVPCw
UCEDGtsNdMp7P115nNQLX1ag,@もん-i5w,0,新規(1ヶ月未満),New member,,不明,,,2,5,0,2026-09-07 21:04,2026-09-18 21:59,,,https://www.youtube.com/channel/UCEDGtsNdMp7P115nNQLX1ag
UCd1cBJCC2XK5M4WfCun0S1w,@レン-f8o,0,新規(1ヶ月未満),New member,,不明,,,2,6,1,2026-09-07 21:04,2026-09-15 18:17,,,https://www.youtube.com/channel/UCd1cBJCC2XK5M4WfCun0S1w
UCV4pIzOIJvX20jCIDfD3ZJQ,@Nona-425shino,0,新規(1ヶ月未満),New member,,Ris7,新規加入,,2,1,0,2026-09-07 21:04,2026-10-05 18:00,○,,https://www.youtube.com/channel/UCV4pIzOIJvX20jCIDfD3ZJQ
UCwW5acagK9rpe_BSA7oG4TA,@Ker38c_ケール,0,新規(1ヶ月未満),New member,,不明,,,2,6,0,2026-09-10 21:01,2026-09-19 17:03,,,https://www.youtube.com/channel/UCwW5acagK9rpe_BSA7oG4TA
UCjtDYmKlOcUEI-NYpIe4gEQ,@双葉ch,0,新規(1ヶ月未満),New member,,不明,,,2,4,0,2026-09-11 19:15,2026-09-24 06:59,,,https://www.youtube.com/channel/UCjtDYmKlOcUEI-NYpIe4gEQ
UCn9r4xE-uEZXN1ErNi1aSnQ,@シロクマ03,0,新規(1ヶ月未満),New member,,Ris7,新規加入,,2,5,0,2026-09-13 15:00,2026-10-05 06:01,○,,https://www.youtube.com/channel/UCn9r4xE-uEZXN1ErNi1aSnQ
UC57uL2ps4IyQfxWkbIhij8A,@Leo-M-Ph,0,新規(1ヶ月未満),New member,,不明,,,2,23,0,2026-09-14 01:36,2026-10-05 06:01,,,https://www.youtube.com/channel/UC57uL2ps4IyQfxWkbIhij8A
UCjTdletFrgFSnoYl1ho-HEg,@レティシュ,0,新規(1ヶ月未満),New member,,Ris7,新規加入,,2,37,1,2026-09-18 21:59,2026-10-05 06:01,○,,https://www.youtube.com/channel/UCjTdletFrgFSnoYl1ho-HEg
UCrCkiP0qh9WoAIUgGJPN6hA,@universe_teru,0,新規(1ヶ月未満),New member,,不明,,,2,14,0,2026-09-18 21:59,2026-09-19 17:03,,,https://www.youtube.com/channel/UCrCkiP0qh9WoAIUgGJPN6hA
UCJALRpJAAmOAqEMcvXW8VaQ,@Zundokosuyasuya03,0,新規(1ヶ月未満),New member,,不明,,,2,4,0,2026-09-22 20:59,2026-09-23 18:00,,,https://www.youtube.com/channel/UCJALRpJAAmOAqEMcvXW8VaQ
UCs_ntthJB7gLmdcQS8sn8dA,@_Library_of_Alexandria,0,新規(1ヶ月未満),New member,,不明,,,2,19,0,2026-09-22 20:59,2026-10-05 18:00,,,https://www.youtube.com/channel/UCs_ntthJB7gLmdcQS8sn8dA
UCc70MmmVkc23TmafjIyut3g,@SATAN-o7f,0,新規(1ヶ月未満),New member,,不明,,,2,6,0,2026-09-24 06:59,2026-09-26 06:20,,,https://www.youtube.com/channel/UCc70MmmVkc23TmafjIyut3g
UCZ_I-NlLVikELGgYIPyYuTg,@モチまる-l5h,0,新規(1ヶ月未満),New member,,不明,,,2,2,0,2026-09-24 06:59,2026-09-26 06:20,,,https://www.youtube.com/channel/UCZ_I-NlLVikELGgYIPyYuTg
UCpve6SdbFDKKt9n5SpkQiMg,@snow578,0,新規(1ヶ月未満),New member,,不明,,,2,4,0,2026-09-24 06:59,2026-09-26 06:20,,,https://www.youtube.com/channel/UCpve6SdbFDKKt9n5SpkQiMg
UCjPOoeJQe4WsQLT5bLtd86w,@半額卿_Hungaku-kyo,0,新規(1ヶ月未満),New member,,Ris7,新規加入,,2,6,0,2026-09-26 06:20,2026-09-27 07:00,○,,https://www.youtube.com/channel/UCjPOoeJQe4WsQLT5bLtd86w
UCTsh1vylTkiT_CdI0Q5RJ-g,@akeomeeeee,0,新規(1ヶ月未満),New member,,不明,,,2,57,0,2026-10-02 22:16,2026-10-05 18:00,,,https://www.youtube.com/channel/UCTsh1vylTkiT_CdI0Q5RJ-g
UCdg2SPv-5SyZzhWKdtB5LTg,@たかたか-s5d-j1n,0,新規(1ヶ月未満),New member,,不明,,,2,7,0,2026-10-03 16:01,2026-10-06 22:00,,,https://www.youtube.com/channel/UCdg2SPv-5SyZzhWKdtB5LTg
UCcez64DrlqTEkeCdP8QyXAg,@nemui-r5b,0,新規(1ヶ月未満),New member,,不明,,,1,3,0,2026-09-07 21:04,2026-09-07 21:04,,,https://www.youtube.com/channel/UCcez64DrlqTEkeCdP8QyXAg
UC8M6BoUeG9QrsGh_3ef6F1Q,@やゆゆよよよ,0,新規(1ヶ月未満),New member,,不明,,,1,2,0,2026-09-07 21:04,2026-09-07 21:04,,,https://www.youtube.com/channel/UC8M6BoUeG9QrsGh_3ef6F1Q
UCC2D-79UQ-PuijBnQLt3QZw,@ebo_shi_RK,0,新規(1ヶ月未満),New member,,不明,,,1,4,0,2026-09-07 21:04,2026-09-07 21:04,,,https://www.youtube.com/channel/UCC2D-79UQ-PuijBnQLt3QZw
UChS3Hf312mPrEVcZwjXFMRw,@anderk6962,0,新規(1ヶ月未満),New member,,不明,,,1,1,0,2026-09-07 21:04,2026-09-07 21:04,,,https://www.youtube.com/channel/UChS3Hf312mPrEVcZwjXFMRw
UCeVTnAh3ADd-78NyVOmiu-Q,@みれい-3,0,新規(1ヶ月未満),New member,,不明,,,1,3,0,2026-09-07 21:04,2026-09-07 21:04,,,https://www.youtube.com/channel/UCeVTnAh3ADd-78NyVOmiu-Q
UCxEs-jTm3wdk9mG_EZLqFvQ,@だんご-v8t,0,新規(1ヶ月未満),New member,,不明,,,1,1,0,2026-09-07 21:04,2026-09-07 21:04,,,https://www.youtube.com/channel/UCxEs-jTm3wdk9mG_EZLqFvQ
UC_mqOk6eLZfYpROaK138GuA,@migratory_zt,0,新規(1ヶ月未満),New member,,不明,,,1,4,1,2026-09-07 21:04,2026-09-07 21:04,,,https://www.youtube.com/channel/UC_mqOk6eLZfYpROaK138GuA
UC4maIyEHMXB24TUIQvi6ZyA,@さくたろうxxx,0,新規(1ヶ月未満),New member,,不明,,,1,3,0,2026-09-07 21:04,2026-09-07 21:04,,,https://www.youtube.com/channel/UC4maIyEHMXB24TUIQvi6ZyA
UCEO9vRUPdDYRltx1hA-gY9g,@rdpa_0w0,0,新規(1ヶ月未満),New member,,Ris7,ギフト,ギフトで加入,1,5,0,2026-09-07 21:04,2026-09-07 21:04,○,○,https://www.youtube.com/channel/UCEO9vRUPdDYRltx1hA-gY9g
UC3lLijpb8VHKeUheMWlopjQ,@PpRu01,0,新規(1ヶ月未満),New member,,不明,,,1,3,0,2026-09-07 21:04,2026-09-07 21:04,,,https://www.youtube.com/channel/UC3lLijpb8VHKeUheMWlopjQ
UC_U04-g-eMVNS45Dj2NL9eQ,@amaneeee26,0,新規(1ヶ月未満),New member,,不明,,,1,1,0,2026-09-07 21:04,2026-09-07 21:04,,,https://www.youtube.com/channel/UC_U04-g-eMVNS45Dj2NL9eQ
UC1oRh6JTx0k-AKHtNgmbCnw,@sumi_033,0,新規(1ヶ月未満),New member,,不明,,,1,4,0,2026-09-07 21:04,2026-09-07 21:04,,,https://www.youtube.com/channel/UC1oRh6JTx0k-AKHtNgmbCnw
UCLXH6LwPZVUBQExSN2MFxYA,@j.p.1355,0,新規(1ヶ月未満),New member,,Ris7,新規加入,,1,76,0,2026-09-07 21:04,2026-09-07 21:04,○,,https://www.youtube.com/channel/UCLXH6LwPZVUBQExSN2MFxYA
UCIwQjK7yiHJL14phKmVP0sA,@なかばさ-nkbs,0,新規(1ヶ月未満),New member,,不明,,,1,2,0,2026-09-07 21:04,2026-09-07 21:04,,,https://www.youtube.com/channel/UCIwQjK7yiHJL14phKmVP0sA
UCfhXWWMLGUdM3fqYbFwkGfg,@yun0_ch4,0,新規(1ヶ月未満),New member,,不明,,,1,10,0,2026-09-07 21:04,2026-09-07 21:04,,,https://www.youtube.com/channel/UCfhXWWMLGUdM3fqYbFwkGfg
UC39LwbEB-bW8L9nRQBGBIKA,@bitamin2525,0,新規(1ヶ月未満),New member,,不明,,,1,18,0,2026-09-07 21:04,2026-09-07 21:04,,,https://www.youtube.com/channel/UC39LwbEB-bW8L9nRQBGBIKA
UCXxJLawkOuDKHaX6oTG7V-A,@える-n3j,0,新規(1ヶ月未満),New member,,不明,,,1,4,0,2026-09-07 21:04,2026-09-07 21:04,,,https://www.youtube.com/channel/UCXxJLawkOuDKHaX6oTG7V-A
UCBOa7ez8phyqb16m0d3u9cQ,@なれこ,0,新規(1ヶ月未満),New member,,不明,,,1,1,0,2026-09-07 21:04,2026-09-07 21:04,,,https://www.youtube.com/channel/UCBOa7ez8phyqb16m0d3u9cQ
UCm44Fqyhwmhls3RC7JEZUVA,@rakudai_kuroitsu,0,新規(1ヶ月未満),New member,,不明,,,1,1,1,2026-09-07 21:04,2026-09-07 21:04,,,https://www.youtube.com/channel/UCm44Fqyhwmhls3RC7JEZUVA
UCYgeyySF8Xtb8SiLvMWdifA,@yuugen_fujikko,0,新規(1ヶ月未満),New member,,不明,,,1,4,1,2026-09-07 21:04,2026-09-07 21:04,,,https://www.youtube.com/channel/UCYgeyySF8Xtb8SiLvMWdifA
UCHiu4QuFyjkdCMGre1rCTsA,@たけぼー-i2l,0,新規(1ヶ月未満),New member,,不明,,,1,1,0,2026-09-07 21:04,2026-09-07 21:04,,,https://www.youtube.com/channel/UCHiu4QuFyjkdCMGre1rCTsA
UCByiWuGEguMG0_TmJEb7qnA,@sakusuihinakaren,0,新規(1ヶ月未満),New member,,不明,,,1,1,0,2026-09-07 21:04,2026-09-07 21:04,,,https://www.youtube.com/channel/UCByiWuGEguMG0_TmJEb7qnA
UC5P9hLOzR9uckAZghlvEJTA,@lawrenceliam4535,0,新規(1ヶ月未満),New member,,不明,,,1,1,0,2026-09-07 21:04,2026-09-07 21:04,,,https://www.youtube.com/channel/UC5P9hLOzR9uckAZghlvEJTA
UCyTWIZceKwoLevfFSeMXlZA,@みな67,0,新規(1ヶ月未満),New member,,不明,,,1,1,0,2026-09-07 21:04,2026-09-07 21:04,,,https://www.youtube.com/channel/UCyTWIZceKwoLevfFSeMXlZA
UCOgD-IBZQLyQnRWhc4261Xg,@あなご-w5y,0,新規(1ヶ月未満),New member,,Ris7,新規加入,,1,0,0,2026-09-07 21:04,2026-09-07 21:04,○,,https://www.youtube.com/channel/UCOgD-IBZQLyQnRWhc4261Xg
UC84PdatnRWdcQMVITbsFnlA,@しのっぺ_p_q,0,新規(1ヶ月未満),New member,,Ris7,新規加入,,1,0,0,2026-09-07 21:04,2026-09-07 21:04,○,,https://www.youtube.com/channel/UC84PdatnRWdcQMVITbsFnlA
UC-iUMwz9ZMVRTn0cx0KcSMw,@現役美少女JKまさと,0,新規(1ヶ月未満),New member,,Ris7,新規加入,,1,0,0,2026-09-07 21:04,2026-09-07 21:04,○,,https://www.youtube.com/channel/UC-iUMwz9ZMVRTn0cx0KcSMw
UCdCcJooaSwXGDRUVN6YKHTw,@きんたろ-k9r,0,新規(1ヶ月未満),,,Ris7,ギフト,ギフトで加入,1,0,0,2026-09-07 21:04,2026-09-07 21:04,○,○,https://www.youtube.com/channel/UCdCcJooaSwXGDRUVN6YKHTw
UCwI9knQn98Kwg3llTNd_p2Q,@カーミ-ka--mi,0,新規(1ヶ月未満),New member,,不明,,,1,1,0,2026-09-09 13:54,2026-09-09 13:54,,,https://www.youtube.com/channel/UCwI9knQn98Kwg3llTNd_p2Q
UC0_mivASFlMb6lQm21t_8nA,@Halcha3385,0,新規(1ヶ月未満),New member,,不明,,,1,1,0,2026-09-09 13:54,2026-09-09 13:54,,,https://www.youtube.com/channel/UC0_mivASFlMb6lQm21t_8nA
UCfYOl8gG2MiPfj70TZdLwNw,@ユウ0914,0,新規(1ヶ月未満),New member,,不明,,,1,1,0,2026-09-09 13:54,2026-09-09 13:54,,,https://www.youtube.com/channel/UCfYOl8gG2MiPfj70TZdLwNw
UCjqNgZE5RtdCo7L-D5pQaxg,@lamgoat5701,0,新規(1ヶ月未満),New member,,不明,,,1,5,0,2026-09-09 13:54,2026-09-09 13:54,,,https://www.youtube.com/channel/UCjqNgZE5RtdCo7L-D5pQaxg
UChMkGclcenYM9M_4sztTm0w,@バリバリスタ,0,新規(1ヶ月未満),New member,,不明,,,1,1,0,2026-09-09 13:54,2026-09-09 13:54,,,https://www.youtube.com/channel/UChMkGclcenYM9M_4sztTm0w
UCc4pSaSZRQTuVUuYz_Bw_qQ,@ユナツキ-v6b,0,新規(1ヶ月未満),New member,,不明,,,1,1,0,2026-09-09 13:54,2026-09-09 13:54,,,https://www.youtube.com/channel/UCc4pSaSZRQTuVUuYz_Bw_qQ
UC6rY8plYJjl6bhcEvVjYQHA,@わたる-f4m,0,新規(1ヶ月未満),New member,,不明,,,1,1,0,2026-09-09 13:54,2026-09-09 13:54,,,https://www.youtube.com/channel/UC6rY8plYJjl6bhcEvVjYQHA
UCy0_UIN5H6VD1UdASqmKAfA,@Cloudtea25,0,新規(1ヶ月未満),New member,,不明,,,1,1,0,2026-09-10 21:01,2026-09-10 21:01,,,https://www.youtube.com/channel/UCy0_UIN5H6VD1UdASqmKAfA
UCBi7HUyP43yHXOruF_61GyQ,@あっくん-b929,0,新規(1ヶ月未満),New member,,Ris7,新規加入,,1,23,0,2026-09-10 21:01,2026-09-10 21:01,○,,https://www.youtube.com/channel/UCBi7HUyP43yHXOruF_61GyQ
UCC8BetRY54eJImxsUSMP2YQ,@miuminミウ,0,新規(1ヶ月未満),New member,,不明,,,1,2,0,2026-09-10 21:01,2026-09-10 21:01,,,https://www.youtube.com/channel/UCC8BetRY54eJImxsUSMP2YQ
UCci616yNkuy9vMa7fz6JIfw,@xx_z2,0,新規(1ヶ月未満),New member,,不明,,,1,2,0,2026-09-10 21:01,2026-09-10 21:01,,,https://www.youtube.com/channel/UCci616yNkuy9vMa7fz6JIfw
UCQi5J2-LOEGElkLmgYIkKGQ,@jrnsixvekcn,0,新規(1ヶ月未満),New member,,不明,,,1,1,0,2026-09-10 21:01,2026-09-10 21:01,,,https://www.youtube.com/channel/UCQi5J2-LOEGElkLmgYIkKGQ
UCw5BG1Gz8c7mvcuAOqXxOwA,@福助-フクスケ,0,新規(1ヶ月未満),New member,,Ris7,新規加入,,1,0,0,2026-09-10 21:01,2026-09-10 21:01,○,,https://www.youtube.com/channel/UCw5BG1Gz8c7mvcuAOqXxOwA
UCimZ9cLQ-IkI2AZiyE7V--w,@土偶-d5w,0,新規(1ヶ月未満),New member,,Ris7,新規加入,,1,0,0,2026-09-10 21:01,2026-09-10 21:01,○,,https://www.youtube.com/channel/UCimZ9cLQ-IkI2AZiyE7V--w
UC5iK_R1O1ew106Y-OHPOWow,@しゃち-y8i,0,新規(1ヶ月未満),New member,,不明,,,1,1,0,2026-09-11 19:00,2026-09-11 19:00,,,https://www.youtube.com/channel/UC5iK_R1O1ew106Y-OHPOWow
UCr0Wn50QMhYAhPQT0G3ns-A,@hanasan_628,0,新規(1ヶ月未満),New member,,Ris7,新規加入,,1,1,1,2026-09-12 15:33,2026-09-12 15:33,○,,https://www.youtube.com/channel/UCr0Wn50QMhYAhPQT0G3ns-A
UC2QrBey-caIsWSa3kRdK-mQ,@ぞおさん,0,新規(1ヶ月未満),New member,,不明,,,1,1,0,2026-09-13 15:00,2026-09-13 15:00,,,https://www.youtube.com/channel/UC2QrBey-caIsWSa3kRdK-mQ
UCEeenux2vk-Omy-EMjtJoRw,@十六夜-y6t,0,新規(1ヶ月未満),New member,,不明,,,1,97,0,2026-09-14 01:36,2026-09-14 01:36,,,https://www.youtube.com/channel/UCEeenux2vk-Omy-EMjtJoRw
UCWZIN70Kle8erckKNP87jMA,@LaFra1se,0,新規(1ヶ月未満),New member,,不明,,,1,10,0,2026-09-14 01:36,2026-09-14 01:36,,,https://www.youtube.com/channel/UCWZIN70Kle8erckKNP87jMA
UCOX6z61atlLyVg2cQU2m0pw,@nao_pons,0,新規(1ヶ月未満),New member,,不明,,,1,2,0,2026-09-14 01:36,2026-09-14 01:36,,,https://www.youtube.com/channel/UCOX6z61atlLyVg2cQU2m0pw
UCUTmpmnNRggMNkvAgntkP1w,@紅茶_183,0,新規(1ヶ月未満),New member,,不明,,,1,3,0,2026-09-14 01:36,2026-09-14 01:36,,,https://www.youtube.com/channel/UCUTmpmnNRggMNkvAgntkP1w
UC4OQIphEsUnuc609K1_MfEQ,@tsukutuku,0,新規(1ヶ月未満),New member,,不明,,,1,2,0,2026-09-14 19:00,2026-09-14 19:00,,,https://www.youtube.com/channel/UC4OQIphEsUnuc609K1_MfEQ
UCQuGrsjZBuJsqmOrh6XM56g,@そうめん-v2f,0,新規(1ヶ月未満),New member,,不明,,,1,1,0,2026-09-14 19:00,2026-09-14 19:00,,,https://www.youtube.com/channel/UCQuGrsjZBuJsqmOrh6XM56g
UC69PWs4Xn7pxbvSgRtkbeGw,@ミントステーキ,0,新規(1ヶ月未満),New member,,Ris7,新規加入,,1,0,0,2026-09-14 19:00,2026-09-14 19:00,○,,https://www.youtube.com/channel/UC69PWs4Xn7pxbvSgRtkbeGw
UCqnbtAY5VUPST8DjK1jYt9w,@Kuuti91,0,新規(1ヶ月未満),New member,,不明,,,1,1,0,2026-09-17 16:24,2026-09-17 16:24,,,https://www.youtube.com/channel/UCqnbtAY5VUPST8DjK1jYt9w
UCjYLzvVbAlvx15ti5TA82WA,@kingyo_paraen,0,新規(1ヶ月未満),New member,,Ris7,新規加入,,1,0,0,2026-09-17 16:24,2026-09-17 16:24,○,,https://www.youtube.com/channel/UCjYLzvVbAlvx15ti5TA82WA
UC8b1EPcqxV2AVuBwHFgWHHA,@Reusu0716,0,新規(1ヶ月未満),New member,,Ris7,新規加入,,1,0,0,2026-09-18 21:59,2026-09-18 21:59,○,,https://www.youtube.com/channel/UC8b1EPcqxV2AVuBwHFgWHHA
UCO7DJ_eT4T-95JgK2H8xRyw,@Rinana0729,0,新規(1ヶ月未満),New member,,Ris7,新規加入,,1,0,0,2026-09-18 21:59,2026-09-18 21:59,○,,https://www.youtube.com/channel/UCO7DJ_eT4T-95JgK2H8xRyw
UC5ZEGVlmLtYbkhHFeMWcTvA,@のぶ-nobu,0,新規(1ヶ月未満),New member,,不明,,,1,1,0,2026-09-19 17:03,2026-09-19 17:03,,,https://www.youtube.com/channel/UC5ZEGVlmLtYbkhHFeMWcTvA
UCxkTNVAXCnRFjSVXiJD6whg,@かてきん,0,新規(1ヶ月未満),New member,,Ris7,新規加入,,1,0,0,2026-09-22 16:02,2026-09-22 16:02,○,,https://www.youtube.com/channel/UCxkTNVAXCnRFjSVXiJD6whg
UCovBCVxA_pBnp7CvV0LVERw,@conchento_RSG,0,新規(1ヶ月未満),New member,,不明,,,1,1,0,2026-09-23 18:00,2026-09-23 18:00,,,https://www.youtube.com/channel/UCovBCVxA_pBnp7CvV0LVERw
UCo7GeEhCsiU7lCQqBH3iJHw,@ショウイ-z1n,0,新規(1ヶ月未満),New member,,不明,,,1,1,0,2026-09-23 18:00,2026-09-23 18:00,,,https://www.youtube.com/channel/UCo7GeEhCsiU7lCQqBH3iJHw
UCvPyaxGSCC8hRv5M04PqtBg,@るぶり,0,新規(1ヶ月未満),New member,,Ris7,新規加入,,1,0,0,2026-09-23 18:00,2026-09-23 18:00,○,,https://www.youtube.com/channel/UCvPyaxGSCC8hRv5M04PqtBg
UC1gu5JvLPE2CM745CO7Ab4g,@motimotizuki,0,新規(1ヶ月未満),New member,,Ris7,新規加入,,1,0,0,2026-09-23 18:00,2026-09-23 18:00,○,,https://www.youtube.com/channel/UC1gu5JvLPE2CM745CO7Ab4g
UCExmlY_EZw_-awUe5m4qCrA,@SKatou334,0,新規(1ヶ月未満),New member,,不明,,,1,1,0,2026-09-24 06:59,2026-09-24 06:59,,,https://www.youtube.com/channel/UCExmlY_EZw_-awUe5m4qCrA
UC4lqfUDR82cKv3y-fOeMqlw,@黒ねこ-k7u,0,新規(1ヶ月未満),New member,,不明,,,1,1,0,2026-09-24 06:59,2026-09-24 06:59,,,https://www.youtube.com/channel/UC4lqfUDR82cKv3y-fOeMqlw
UCFsMBbEIM9zBFqbFGy0YXew,@Hiro-p8u,0,新規(1ヶ月未満),New member,,不明,,,1,1,0,2026-09-24 06:59,2026-09-24 06:59,,,https://www.youtube.com/channel/UCFsMBbEIM9zBFqbFGy0YXew
UCqh1nh3O2XQs32ciqiUqn0A,@cassis.cassis,0,新規(1ヶ月未満),New member,,不明,,,1,1,0,2026-09-24 06:59,2026-09-24 06:59,,,https://www.youtube.com/channel/UCqh1nh3O2XQs32ciqiUqn0A
UCpH8H_kOt4SuEkTq43jvaGg,@とびうお_tbuo,0,新規(1ヶ月未満),New member,,不明,,,1,1,0,2026-09-24 06:59,2026-09-24 06:59,,,https://www.youtube.com/channel/UCpH8H_kOt4SuEkTq43jvaGg
UCg_6Ddah-cADUZftKZQ0KMQ,@火刑銑,0,新規(1ヶ月未満),New member,,不明,,,1,1,0,2026-09-26 06:20,2026-09-26 06:20,,,https://www.youtube.com/channel/UCg_6Ddah-cADUZftKZQ0KMQ
UC0GvnsWLpY234Ro835Wpadw,@si-eh4ki,0,新規(1ヶ月未満),New member,,不明,,,1,3,0,2026-09-26 06:20,2026-09-26 06:20,,,https://www.youtube.com/channel/UC0GvnsWLpY234Ro835Wpadw
UC25_-w9hqooxpz9EBEDd98Q,@ポン-F,0,新規(1ヶ月未満),New member,,Ris7,新規加入,,1,0,0,2026-09-26 06:20,2026-09-26 06:20,○,,https://www.youtube.com/channel/UC25_-w9hqooxpz9EBEDd98Q
UCOh2fCju2eHZQWF7gJxpfLA,@純愛レンジャー,0,新規(1ヶ月未満),New member,,Ris7,新規加入,,1,0,0,2026-09-26 21:01,2026-09-26 21:01,○,,https://www.youtube.com/channel/UCOh2fCju2eHZQWF7gJxpfLA
UC_CSeOjcd7n1B7NkLMFz1vA,@ゆうき_n,0,新規(1ヶ月未満),New member,,不明,,,1,1,0,2026-09-27 07:00,2026-09-27 07:00,,,https://www.youtube.com/channel/UC_CSeOjcd7n1B7NkLMFz1vA
UCpHO7VVq2vrTzuGhXgKHVhA,@俺は星,0,新規(1ヶ月未満),New member,,不明,,,1,2,0,2026-09-27 07:00,2026-09-27 07:00,,,https://www.youtube.com/channel/UCpHO7VVq2vrTzuGhXgKHVhA
UCIYqD633zGEyUYPvFpOB6mg,@unknown-du8zz,0,新規(1ヶ月未満),New member,,不明,,,1,3,0,2026-09-27 07:00,2026-09-27 07:00,,,https://www.youtube.com/channel/UCIYqD633zGEyUYPvFpOB6mg
UCOshHQUs1TlAbJ6t9tKhFZw,@tobi_taku421,0,新規(1ヶ月未満),,,Ris7,ギフト,ギフトで加入,1,0,0,2026-09-29 21:01,2026-09-29 21:01,○,○,https://www.youtube.com/channel/UCOshHQUs1TlAbJ6t9tKhFZw
UC2nCkjFdfWGHwRF7npsIBoA,@梅雨-z1k,0,新規(1ヶ月未満),,,Ris7,ギフト,ギフトで加入,1,0,0,2026-09-29 21:01,2026-09-29 21:01,○,○,https://www.youtube.com/channel/UC2nCkjFdfWGHwRF7npsIBoA
UCuB7aCOGYXePR85M1vU-ymQ,@hyaomi,0,新規(1ヶ月未満),,,Ris7,ギフト,ギフトで加入,1,0,0,2026-09-29 21:01,2026-09-29 21:01,○,○,https://www.youtube.com/channel/UCuB7aCOGYXePR85M1vU-ymQ
UCKhPxzJRX8Xav27YcOb3u2Q,@近藤了子,0,新規(1ヶ月未満),,,Ris7,ギフト,ギフトで加入,1,0,0,2026-09-29 21:01,2026-09-29 21:01,○,○,https://www.youtube.com/channel/UCKhPxzJRX8Xav27YcOb3u2Q
UCnLG2pHFgKazBEQAtETT_3Q,@shihuしふ,0,新規(1ヶ月未満),,,Ris7,ギフト,ギフトで加入,1,0,0,2026-09-29 21:01,2026-09-29 21:01,○,○,https://www.youtube.com/channel/UCnLG2pHFgKazBEQAtETT_3Q
UCFSiK-jUsmORLdaMFWS_gLg,@あいり-n4f,0,新規(1ヶ月未満),,,Ris7,ギフト,ギフトで加入,1,0,0,2026-09-29 21:01,2026-09-29 21:01,○,○,https://www.youtube.com/channel/UCFSiK-jUsmORLdaMFWS_gLg
UCppdpmXV4dVSxylwLXv-PDQ,@suidream,0,新規(1ヶ月未満),,,Ris7,ギフト,ギフトで加入,1,0,0,2026-09-29 21:01,2026-09-29 21:01,○,○,https://www.youtube.com/channel/UCppdpmXV4dVSxylwLXv-PDQ
UC1aLoQosdTB1Y3lc_4yQwNg,@sazanka_saika,0,新規(1ヶ月未満),,,Ris7,ギフト,ギフトで加入,1,0,0,2026-09-29 21:01,2026-09-29 21:01,○,○,https://www.youtube.com/channel/UC1aLoQosdTB1Y3lc_4yQwNg
UCkMqmNmSbNLJjPgguDYB00Q,@ネコスキフリスキー,0,新規(1ヶ月未満),,,Ris7,ギフト,ギフトで加入,1,0,0,2026-09-29 21:01,2026-09-29 21:01,○,○,https://www.youtube.com/channel/UCkMqmNmSbNLJjPgguDYB00Q
UCp079pgb1srKUzsDGJxt4IQ,@kissinterlud3,0,新規(1ヶ月未満),,,Ris7,ギフト,ギフトで加入,1,0,0,2026-09-29 21:01,2026-09-29 21:01,○,○,https://www.youtube.com/channel/UCp079pgb1srKUzsDGJxt4IQ
UCxDcwDBCtBCT_-U-4-nf3Pg,@ASHY1127,0,新規(1ヶ月未満),New member,,Ris7,新規加入,,1,0,0,2026-10-01 20:56,2026-10-01 20:56,○,,https://www.youtube.com/channel/UCxDcwDBCtBCT_-U-4-nf3Pg
UCZmyGBK2kO7iGoQA-1-pI8g,@Noelange,0,新規(1ヶ月未満),New member,,不明,,,1,1,0,2026-10-02 22:16,2026-10-02 22:16,,,https://www.youtube.com/channel/UCZmyGBK2kO7iGoQA-1-pI8g
UCzIVt8mposFt0SqRLkR6c5A,@将司-MASASHI-1023,0,新規(1ヶ月未満),New member,,Ris7,新規加入,,1,1,0,2026-10-02 22:16,2026-10-02 22:16,○,,https://www.youtube.com/channel/UCzIVt8mposFt0SqRLkR6c5A
UC5s2Y3kqEZ73Cs2joYtBGfQ,@モリモン25,0,新規(1ヶ月未満),New member,,不明,,,1,16,0,2026-10-03 16:01,2026-10-03 16:01,,,https://www.youtube.com/channel/UC5s2Y3kqEZ73Cs2joYtBGfQ
UCti6-PQw9sUqVMPqJWSBzew,@リョート-d5i,0,新規(1ヶ月未満),New member,,Ris7,新規加入,,1,1,0,2026-10-03 16:01,2026-10-03 16:01,○,,https://www.youtube.com/channel/UCti6-PQw9sUqVMPqJWSBzew
UCoX91Mvql_M5iRvGouElYbw,@八重野なこ,0,新規(1ヶ月未満),New member,,不明,,,1,34,0,2026-10-05 06:01,2026-10-05 06:01,,,https://www.youtube.com/channel/UCoX91Mvql_M5iRvGouElYbw
UCvBRkzy8NiInL5MG74zmzZA,@yamadadada12,0,新規(1ヶ月未満),New member,,不明,,,1,1,0,2026-10-05 06:01,2026-10-05 06:01,,,https://www.youtube.com/channel/UCvBRkzy8NiInL5MG74zmzZA
UChayaVFDd2xkK7Ku6395XjA,@シン-b9h,0,新規(1ヶ月未満),New member,,不明,,,1,6,0,2026-10-05 06:01,2026-10-05 06:01,,,https://www.youtube.com/channel/UChayaVFDd2xkK7Ku6395XjA
UC_BW0sjD7NFvioBJEwdVJTQ,@haru9987,0,新規(1ヶ月未満),New member,,Ris7,新規加入,,1,0,0,2026-10-05 06:01,2026-10-05 06:01,○,,https://www.youtube.com/channel/UC_BW0sjD7NFvioBJEwdVJTQ
UC0bVfijhRh72rXD4f_NaVhQ,@Oagenanon,0,新規(1ヶ月未満),New member,,不明,,,1,1,0,2026-10-05 18:00,2026-10-05 18:00,,,https://www.youtube.com/channel/UC0bVfijhRh72rXD4f_NaVhQ
UCp1vdUpFgr_6FsDBQI46G8A,@ナナシ-k4u,0,新規(1ヶ月未満),New member,,Ris7,新規加入,,1,1,0,2026-10-06 22:00,2026-10-06 22:00,○,,https://www.youtube.com/channel/UCp1vdUpFgr_6FsDBQI46G8A
UC0lEzH4PbaafLBQv7a0z1fQ,@yafuo.3333saikyou,0,新規(1ヶ月未満),New member,,Ris7,新規加入,,1,0,0,2026-10-06 22:00,2026-10-06 22:00,○,,https://www.youtube.com/channel/UC0lEzH4PbaafLBQv7a0z1fQ
UC3SoyVuD20Ez0TEdr5jAGmw,@こみかん-m9r,0,新規(1ヶ月未満),New member,,Ris7,新規加入,,1,0,0,2026-10-06 22:00,2026-10-06 22:00,○,,https://www.youtube.com/channel/UC3SoyVuD20Ez0TEdr5jAGmw
