channel_id,name,badge_months,badge,badge_tooltip,milestone_months,tier,tier_source,revenue_note,streams_seen,messages,superchats,first_seen,last_seen,joined_in_period,gift_received,url
UC6lIZXorvrY_blXowIckEPA,@24度,24,2年,Member (2 years),,不明,,,22,2774,0,2026-09-10 23:01,2026-10-09 00:00,,,https://www.youtube.com/channel/UC6lIZXorvrY_blXowIckEPA
UC8YEmLa1zzAiOhgLxWXC66A,@デルタカイ-l9o,24,2年,Member (2 years),,不明,,,22,829,0,2026-09-10 23:01,2026-10-09 00:00,,,https://www.youtube.com/channel/UC8YEmLa1zzAiOhgLxWXC66A
UCjDdTdbK6W2wXYpaj_Dk48g,@藤間彼方,24,2年,Member (2 years),,不明,,,22,567,0,2026-09-10 23:01,2026-10-09 00:00,,,https://www.youtube.com/channel/UCjDdTdbK6W2wXYpaj_Dk48g
UCDPP1ptgXNDFOoiQSeCzPzQ,@やま-j7w8g,24,2年,Member (2 years),,不明,,,22,356,0,2026-09-10 23:01,2026-10-09 00:00,,,https://www.youtube.com/channel/UCDPP1ptgXNDFOoiQSeCzPzQ
UCVniFQ6XSaxxNBPOP_Q8x7g,@kzborndoublex5929,24,2年,Member (2 years),,不明,,,22,138,0,2026-09-10 23:01,2026-10-09 00:00,,,https://www.youtube.com/channel/UCVniFQ6XSaxxNBPOP_Q8x7g
UCeIY1PoW6xkzifL-YqELJWA,@がるむ4242,24,2年,Member (2 years),,不明,,,22,1720,0,2026-09-10 23:01,2026-10-09 00:00,,,https://www.youtube.com/channel/UCeIY1PoW6xkzifL-YqELJWA
UCrb83p59438OjtGJATyxLwg,@衣遠,24,2年,Member (2 years),,不明,,,22,496,0,2026-09-10 23:01,2026-10-09 00:00,,,https://www.youtube.com/channel/UCrb83p59438OjtGJATyxLwg
UC133hPwz3-d7-FrEBgpBLZA,@わさびのり二郎,24,2年,Member (2 years),,不明,,,22,470,0,2026-09-10 23:01,2026-10-09 00:00,,,https://www.youtube.com/channel/UC133hPwz3-d7-FrEBgpBLZA
UCq0DS8vIwPfMx5WFGffDdtQ,@halki003,24,2年,Member (2 years),,不明,,,22,628,0,2026-09-10 23:01,2026-10-09 00:00,,,https://www.youtube.com/channel/UCq0DS8vIwPfMx5WFGffDdtQ
UCiDf78qyzu6uri93GRFXDgg,@リファイブ,24,2年,Member (2 years),,不明,,,21,133,0,2026-09-10 23:01,2026-10-09 00:00,,,https://www.youtube.com/channel/UCiDf78qyzu6uri93GRFXDgg
UCh9ADy_m8BpgpuJyA6OtJuw,@デミ300,24,2年,Member (2 years),,不明,,,21,279,0,2026-09-10 23:01,2026-10-09 00:00,,,https://www.youtube.com/channel/UCh9ADy_m8BpgpuJyA6OtJuw
UCYDevrnWMLAbOawcnNZ1nbw,@djent_628,24,2年,Member (2 years),,不明,,,21,249,0,2026-09-12 23:31,2026-10-09 00:00,,,https://www.youtube.com/channel/UCYDevrnWMLAbOawcnNZ1nbw
UCvPp6qPj79Zu9BKx8ZGyC0w,@ディディ-w3l,24,2年,Member (2 years),,不明,,,20,251,0,2026-09-10 23:01,2026-10-09 00:00,,,https://www.youtube.com/channel/UCvPp6qPj79Zu9BKx8ZGyC0w
UCi6ritbPlTeVVUd6Buj_yVw,@かささぎ-j4p,24,2年,Member (2 years),,不明,,,19,273,0,2026-09-10 23:01,2026-10-09 00:00,,,https://www.youtube.com/channel/UCi6ritbPlTeVVUd6Buj_yVw
UCCCtEKUB0qq1zb4Hfj4AxFA,@タケル-w8q,24,2年,Member (2 years),,不明,,,19,67,0,2026-09-10 23:01,2026-10-09 00:00,,,https://www.youtube.com/channel/UCCCtEKUB0qq1zb4Hfj4AxFA
UCnXbLw3z006jRDVsP_VmAeA,@ぷしゅう-pusyu,24,2年,Member (2 years),,不明,,,19,341,0,2026-09-12 23:31,2026-10-09 00:00,,,https://www.youtube.com/channel/UCnXbLw3z006jRDVsP_VmAeA
UCCoeo5dxrdjYqDZ7WP-fLnQ,@サキヨ39,24,2年,Member (2 years),,不明,,,18,107,0,2026-09-10 23:01,2026-10-09 00:00,,,https://www.youtube.com/channel/UCCoeo5dxrdjYqDZ7WP-fLnQ
UCsIBcVDB8K34RW0KM53CJMg,@スナギモ-h1c,24,2年,Member (2 years),,不明,,,18,31,0,2026-09-10 23:01,2026-10-09 00:00,,,https://www.youtube.com/channel/UCsIBcVDB8K34RW0KM53CJMg
UCHLdVGSN3_dJRG5yhufL0nA,@すい-x6v,24,2年,Member (2 years),,不明,,,18,2080,0,2026-09-10 23:01,2026-10-09 00:00,,,https://www.youtube.com/channel/UCHLdVGSN3_dJRG5yhufL0nA
UCZuuZU_mIaHV5-NE7TICm9A,@ケースケ-v6g,24,2年,Member (2 years),,不明,,,18,323,0,2026-09-10 23:01,2026-10-09 00:00,,,https://www.youtube.com/channel/UCZuuZU_mIaHV5-NE7TICm9A
UC-8kpQBfoK4VWPEx-t6EP2g,@ヴェルディグリ-u8c,24,2年,Member (2 years),,不明,,,17,1097,0,2026-09-10 23:01,2026-10-09 00:00,,,https://www.youtube.com/channel/UC-8kpQBfoK4VWPEx-t6EP2g
UCBQmZmPWN3Uep974Tuk0Cbw,@かまぼこ8,24,2年,Member (2 years),,不明,,,17,89,0,2026-09-10 23:01,2026-10-09 00:00,,,https://www.youtube.com/channel/UCBQmZmPWN3Uep974Tuk0Cbw
UCHbbTxxqbqviBA40vPcSD9Q,@豆腐の者,24,2年,Member (2 years),,不明,,,17,186,0,2026-09-10 23:01,2026-10-07 23:32,,,https://www.youtube.com/channel/UCHbbTxxqbqviBA40vPcSD9Q
UCYAeH3bgg1qmWxG3lyqoXuQ,@kentfukushima8205,24,2年,Member (2 years),,不明,,,17,212,0,2026-09-10 23:01,2026-10-09 00:00,,,https://www.youtube.com/channel/UCYAeH3bgg1qmWxG3lyqoXuQ
UCMR07EKnw8M2f58PLI4lXLw,@PK_Scratch,24,2年,Member (2 years),,不明,,,17,100,0,2026-09-10 23:01,2026-10-09 00:00,,,https://www.youtube.com/channel/UCMR07EKnw8M2f58PLI4lXLw
UCnDHCKIsK1hITzcWStAOU1Q,@じゅりゅー,24,2年,Member (2 years),,不明,,,16,177,0,2026-09-10 23:01,2026-10-09 00:00,,,https://www.youtube.com/channel/UCnDHCKIsK1hITzcWStAOU1Q
UCE76OaILQn2AHrBHiufnQrg,@訛音,24,2年,Member (2 years),,不明,,,16,168,0,2026-09-10 23:01,2026-10-09 00:00,,,https://www.youtube.com/channel/UCE76OaILQn2AHrBHiufnQrg
UCFxfDL8Wxv7HGNAIutU4m-g,@onion_5656,24,2年,Member (2 years),,不明,,,16,27,0,2026-09-10 23:01,2026-10-09 00:00,,,https://www.youtube.com/channel/UCFxfDL8Wxv7HGNAIutU4m-g
UCadEFt387dOAHimrBvosYtA,@ゆーぐれ,24,2年,Member (2 years),,不明,,,16,419,0,2026-09-10 23:01,2026-10-09 00:00,,,https://www.youtube.com/channel/UCadEFt387dOAHimrBvosYtA
UCRPStNs4JHx1XHCKOTN0TXw,@ジンベエみぞれ,24,2年,Member (2 years),,不明,,,16,17,0,2026-09-10 23:01,2026-10-09 00:00,,,https://www.youtube.com/channel/UCRPStNs4JHx1XHCKOTN0TXw
UCV58QKf5c3iIvTtO5klNHEQ,@kanagawa5111,24,2年,Member (2 years),,不明,,,15,290,0,2026-09-10 23:01,2026-10-03 23:31,,,https://www.youtube.com/channel/UCV58QKf5c3iIvTtO5klNHEQ
UCKUFnZSNzARc6rXYdYqqSeQ,@なかむーl,24,2年,Member (2 years),,不明,,,15,2516,0,2026-09-13 23:30,2026-10-07 23:32,,,https://www.youtube.com/channel/UCKUFnZSNzARc6rXYdYqqSeQ
UC_pe_O4sE4d9G1PdmWGZaxA,@咲やん-x5y,24,2年,Member (2 years),,不明,,,14,271,0,2026-09-10 23:01,2026-10-09 00:00,,,https://www.youtube.com/channel/UC_pe_O4sE4d9G1PdmWGZaxA
UCvGTZi9ylFVFn7iIN-zPacQ,@imawagie,24,2年,Member (2 years),,不明,,,14,35,0,2026-09-10 23:01,2026-10-09 00:00,,,https://www.youtube.com/channel/UCvGTZi9ylFVFn7iIN-zPacQ
UCPhQUNah9j8P_e0QKNb2OKw,@一人焼肉-o4g,24,2年,Member (2 years),,不明,,,14,90,0,2026-09-10 23:01,2026-10-05 23:00,,,https://www.youtube.com/channel/UCPhQUNah9j8P_e0QKNb2OKw
UCv57u2cJ0luyjEXQ-MM9ONA,@ろんぎ_115,24,2年,Member (2 years),,不明,,,14,474,0,2026-09-12 23:31,2026-10-07 23:32,,,https://www.youtube.com/channel/UCv57u2cJ0luyjEXQ-MM9ONA
UCv6QJ4CGG8H6Kc5PQMY1RfQ,@veda7394,24,2年,Member (2 years),,不明,,,13,232,0,2026-09-10 23:01,2026-10-07 23:32,,,https://www.youtube.com/channel/UCv6QJ4CGG8H6Kc5PQMY1RfQ
UCRYVEQKKkspXEnjX47DZtWw,@ノンケヴィッチ,24,2年,Member (2 years),,不明,,,13,54,0,2026-09-10 23:01,2026-10-09 00:00,,,https://www.youtube.com/channel/UCRYVEQKKkspXEnjX47DZtWw
UCcsFu3y86kU_N8bSTIHU6QQ,@どこかの誰か-p8c,24,2年,Member (2 years),,不明,,,13,2992,0,2026-09-15 23:30,2026-10-09 00:00,,,https://www.youtube.com/channel/UCcsFu3y86kU_N8bSTIHU6QQ
UCiXrw8A-uniD5r7kMHicDcQ,@はかせじろう,24,2年,Member (2 years),,不明,,,13,402,0,2026-09-16 23:30,2026-10-09 00:00,,,https://www.youtube.com/channel/UCiXrw8A-uniD5r7kMHicDcQ
UCCYGHTA5wS2r6LUsQQi8F7A,@papapatewi,24,2年,Member (2 years),,不明,,,12,199,0,2026-09-10 23:01,2026-10-09 00:00,,,https://www.youtube.com/channel/UCCYGHTA5wS2r6LUsQQi8F7A
UCEsdpSv6v22WtAhaSF7oZvQ,@モチぷよ-t6g,24,2年,Member (2 years),,不明,,,12,38,0,2026-09-10 23:01,2026-10-07 00:00,,,https://www.youtube.com/channel/UCEsdpSv6v22WtAhaSF7oZvQ
UCRIafph4Jwaj1j4DOeB208g,@あるま-f9u,24,2年,Member (2 years),,不明,,,12,35,0,2026-09-10 23:01,2026-10-09 00:00,,,https://www.youtube.com/channel/UCRIafph4Jwaj1j4DOeB208g
UCWV9-kgb46AOom6-4_NMuvw,@名無しの物書き見習い,24,2年,Member (2 years),,不明,,,12,135,0,2026-09-10 23:01,2026-10-07 00:00,,,https://www.youtube.com/channel/UCWV9-kgb46AOom6-4_NMuvw
UCu9-WTN84oSvGsKqBdiC8CA,@味方1,24,2年,Member (2 years),,不明,,,12,123,0,2026-09-10 23:01,2026-10-07 23:32,,,https://www.youtube.com/channel/UCu9-WTN84oSvGsKqBdiC8CA
UCH6_NyaLUhr-vfW7WWcetUg,@norakuronekosan4100,24,2年,Member (2 years),,不明,,,12,190,0,2026-09-10 23:01,2026-10-09 00:00,,,https://www.youtube.com/channel/UCH6_NyaLUhr-vfW7WWcetUg
UC-kQrIgr3Q1FzqmojBh2emQ,@アキト-x9l,24,2年,Member (2 years),,不明,,,12,141,0,2026-09-12 23:31,2026-10-09 00:00,,,https://www.youtube.com/channel/UC-kQrIgr3Q1FzqmojBh2emQ
UC9DxiLt3eFC0bIJygZG-gFg,@ballruby759,24,2年,Member (2 years),,不明,,,12,39,0,2026-09-19 22:00,2026-10-09 00:00,,,https://www.youtube.com/channel/UC9DxiLt3eFC0bIJygZG-gFg
UCsJR5QHqMXbYVRRXOKIjWjQ,@たぬきん-t6u,24,2年,Member (2 years),,不明,,,11,14,0,2026-09-10 23:01,2026-10-05 23:00,,,https://www.youtube.com/channel/UCsJR5QHqMXbYVRRXOKIjWjQ
UCy0nmZsiHKH0fmtXKm5QxLg,@如月ステラ,24,2年,Member (2 years),,不明,,,11,809,0,2026-09-16 23:30,2026-10-05 23:00,,,https://www.youtube.com/channel/UCy0nmZsiHKH0fmtXKm5QxLg
UCRKujqwjfZAHVOh3fuFpL8A,@くのっぷ,24,2年,Member (2 years),,不明,,,10,27,0,2026-09-10 23:01,2026-10-07 00:00,,,https://www.youtube.com/channel/UCRKujqwjfZAHVOh3fuFpL8A
UC_hbXp56dIpvHlbDAu9if0g,@ネコゼケン,24,2年,Member (2 years),,不明,,,10,98,1,2026-09-12 23:31,2026-10-09 00:00,,,https://www.youtube.com/channel/UC_hbXp56dIpvHlbDAu9if0g
UCseSuHh6tiT79QEUMrASRUg,@makuro7,24,2年,Member (2 years),,不明,,,10,13,0,2026-09-13 23:30,2026-10-09 00:00,,,https://www.youtube.com/channel/UCseSuHh6tiT79QEUMrASRUg
UC4G7-zGQZv2I8jddxF8NEjw,@ハチミツ-y2t,24,2年,Member (2 years),,不明,,,10,70,0,2026-09-16 23:30,2026-10-05 23:00,,,https://www.youtube.com/channel/UC4G7-zGQZv2I8jddxF8NEjw
UCmIswjWyLFNsI_azKgHOCzA,@bar7082,24,2年,Member (2 years),,不明,,,10,26,0,2026-09-16 23:30,2026-10-09 00:00,,,https://www.youtube.com/channel/UCmIswjWyLFNsI_azKgHOCzA
UC4bjwT36Hfb8Y87FF-MraLA,@4126-l3s,24,2年,Member (2 years),,不明,,,9,20,0,2026-09-12 23:31,2026-10-07 23:32,,,https://www.youtube.com/channel/UC4bjwT36Hfb8Y87FF-MraLA
UC5YTUFEWrnEz0B76m240EGw,@Alexis_S91Z,24,2年,Member (2 years),,不明,,,9,79,0,2026-09-13 23:30,2026-10-09 00:00,,,https://www.youtube.com/channel/UC5YTUFEWrnEz0B76m240EGw
UCTkMOT6t0FeQcOSGVcgGiDw,@しぐま-Sigma,24,2年,Member (2 years),,不明,,,9,17,0,2026-09-15 23:30,2026-10-03 23:31,,,https://www.youtube.com/channel/UCTkMOT6t0FeQcOSGVcgGiDw
UCu3rJvBGGDXhQVjSSxt4yKA,@いじのわるいこ,24,2年,Member (2 years),,不明,,,8,13,0,2026-09-12 23:31,2026-10-03 23:31,,,https://www.youtube.com/channel/UCu3rJvBGGDXhQVjSSxt4yKA
UCDRgmzfDaf6jVQc6oGy935A,@heihachi2869,24,2年,Member (2 years),,不明,,,8,9,0,2026-09-12 23:31,2026-10-05 23:00,,,https://www.youtube.com/channel/UCDRgmzfDaf6jVQc6oGy935A
UCq9YNhT7SG4kKGXYWmgeKRg,@ほしたま,24,2年,Member (2 years),,不明,,,8,16,0,2026-09-15 23:30,2026-10-07 00:00,,,https://www.youtube.com/channel/UCq9YNhT7SG4kKGXYWmgeKRg
UC_2na918UK4XPtu_LNgHzRw,@幽遠,24,2年,Member (2 years),,不明,,,8,43,0,2026-09-17 23:30,2026-10-05 23:00,,,https://www.youtube.com/channel/UC_2na918UK4XPtu_LNgHzRw
UCUaQAFsHHrIZHOtQjoMeiUw,@回転かにみそ,24,2年,Member (2 years),,不明,,,8,476,0,2026-09-19 22:00,2026-10-05 23:00,,,https://www.youtube.com/channel/UCUaQAFsHHrIZHOtQjoMeiUw
UCi5w_nnVguf4l8NGVq8yv9A,@割れせんべい_復元機,24,2年,Member (2 years),,不明,,,7,40,0,2026-09-10 23:01,2026-10-09 00:00,,,https://www.youtube.com/channel/UCi5w_nnVguf4l8NGVq8yv9A
UCMfbA5p3SLjG1PUOod1qTJg,@ニコ-f6f,24,2年,Member (2 years),,不明,,,7,119,0,2026-09-10 23:01,2026-10-03 23:31,,,https://www.youtube.com/channel/UCMfbA5p3SLjG1PUOod1qTJg
UCo3xcHloh9D4i3PrH8mQYZA,@椿シロウ,24,2年,Member (2 years),,不明,,,7,11,0,2026-09-16 23:30,2026-10-09 00:00,,,https://www.youtube.com/channel/UCo3xcHloh9D4i3PrH8mQYZA
UCmrCGMadm625ldpiT3n7wnQ,@sanachi-ll,24,2年,Member (2 years),,不明,,,7,162,0,2026-09-19 22:00,2026-09-30 23:30,,,https://www.youtube.com/channel/UCmrCGMadm625ldpiT3n7wnQ
UCZMWL3Qv0pAjsbFWtOpwH-A,@ポン助-t6m,24,2年,Member (2 years),,不明,,,7,25,0,2026-09-19 22:00,2026-10-07 23:32,,,https://www.youtube.com/channel/UCZMWL3Qv0pAjsbFWtOpwH-A
UC3lV4ht5ucMNEm3_68cNegA,@二月光,24,2年,Member (2 years),,不明,,,6,511,0,2026-09-10 23:01,2026-10-05 23:00,,,https://www.youtube.com/channel/UC3lV4ht5ucMNEm3_68cNegA
UCpaSktsvcerHXw_dB_pA3IQ,@赤ベコメイド家族,24,2年,Member (2 years),,不明,,,6,59,0,2026-09-10 23:01,2026-09-27 23:30,,,https://www.youtube.com/channel/UCpaSktsvcerHXw_dB_pA3IQ
UCDtf2ATejK51I9QHHdaPVOQ,@怠惰の魔人鯖,24,2年,Member (2 years),,不明,,,6,19,0,2026-09-19 22:00,2026-10-02 23:31,,,https://www.youtube.com/channel/UCDtf2ATejK51I9QHHdaPVOQ
UCqLpfSvReCx_p3iqW09J9ZQ,@23mj,24,2年,Member (2 years),,不明,,,6,42,0,2026-09-20 09:25,2026-10-09 00:00,,,https://www.youtube.com/channel/UCqLpfSvReCx_p3iqW09J9ZQ
UCQ7QJjsnRKRCFJyMsYqFuGg,@とーこつ,24,2年,Member (2 years),,不明,,,6,15,0,2026-09-20 23:00,2026-10-09 00:00,,,https://www.youtube.com/channel/UCQ7QJjsnRKRCFJyMsYqFuGg
UCYj46_Y2kLNiy2FZx2fE4bQ,@飛虎ひこ,24,2年,Member (2 years),,不明,,,5,21,0,2026-09-10 23:01,2026-10-03 23:31,,,https://www.youtube.com/channel/UCYj46_Y2kLNiy2FZx2fE4bQ
UCxnDdYEsFXZl1JQ2BF7Dtkg,@タフネスさん,24,2年,Member (2 years),,不明,,,5,64,0,2026-09-10 23:01,2026-10-01 23:30,,,https://www.youtube.com/channel/UCxnDdYEsFXZl1JQ2BF7Dtkg
UCNT1XV1t_emcUI9Ha8NWXdQ,@百々目緑鬼_どどめろき,24,2年,Member (2 years),,不明,,,5,5,0,2026-09-10 23:01,2026-09-22 22:01,,,https://www.youtube.com/channel/UCNT1XV1t_emcUI9Ha8NWXdQ
UCV63slsrJ4XCNGAiO3zWBNA,@きっかkikka,24,2年,Member (2 years),,不明,,,5,6,0,2026-09-15 23:30,2026-10-09 00:00,,,https://www.youtube.com/channel/UCV63slsrJ4XCNGAiO3zWBNA
UCKTK6OVTDVEhFoXAh_ppliA,@テラノタケ,24,2年,Member (2 years),,不明,,,5,123,0,2026-09-16 23:30,2026-09-23 23:01,,,https://www.youtube.com/channel/UCKTK6OVTDVEhFoXAh_ppliA
UC-QZMkoxKMHycakl_xG-SwQ,@カナン-y5h,24,2年,Member (2 years),,不明,,,5,31,0,2026-09-16 23:30,2026-10-09 00:00,,,https://www.youtube.com/channel/UC-QZMkoxKMHycakl_xG-SwQ
UCGej7s8rIKpSsfpjgGsmhpA,@まーべりく,24,2年,Member (2 years),,不明,,,5,30,0,2026-09-19 22:00,2026-10-02 23:31,,,https://www.youtube.com/channel/UCGej7s8rIKpSsfpjgGsmhpA
UCnAhmZEyC8r91Zl2NQZhi1w,@二郎又吉,24,2年,Member (2 years),,不明,,,5,93,0,2026-09-19 22:00,2026-10-09 00:00,,,https://www.youtube.com/channel/UCnAhmZEyC8r91Zl2NQZhi1w
UCwJjPbgQQxUExMyOFTMN-Dg,@dokumari,24,2年,Member (2 years),,不明,,,5,35,0,2026-09-19 22:00,2026-10-09 00:00,,,https://www.youtube.com/channel/UCwJjPbgQQxUExMyOFTMN-Dg
UCQwTGFX7A3IGGbai13TFPBw,@staminab_b,24,2年,Member (2 years),,不明,,,5,33,0,2026-09-19 22:00,2026-10-01 23:30,,,https://www.youtube.com/channel/UCQwTGFX7A3IGGbai13TFPBw
UCjoh_NtvuCSYS7qzY8AzlqQ,@リンピク,24,2年,Member (2 years),,不明,,,5,8,0,2026-09-19 22:00,2026-10-07 00:00,,,https://www.youtube.com/channel/UCjoh_NtvuCSYS7qzY8AzlqQ
UCOkbKcz7KJ5k9Xl63eay2mQ,@yk8686,24,2年,Member (2 years),,不明,,,5,31,0,2026-09-20 09:25,2026-10-09 00:00,,,https://www.youtube.com/channel/UCOkbKcz7KJ5k9Xl63eay2mQ
UCH18t1UZpRhvBQEML-TFXgg,@kedamany,24,2年,Member (2 years),,不明,,,4,7,0,2026-09-10 23:01,2026-09-22 22:01,,,https://www.youtube.com/channel/UCH18t1UZpRhvBQEML-TFXgg
UCxjnXXy4QoCx7tzsxnQDTrw,@munisuムニス,24,2年,Member (2 years),,不明,,,4,10,0,2026-09-16 23:30,2026-10-02 23:31,,,https://www.youtube.com/channel/UCxjnXXy4QoCx7tzsxnQDTrw
UCJyW_fxlI30F3MZ6QpVPAcQ,@masatoshinakiri1073,24,2年,Member (2 years),,不明,,,4,52,0,2026-09-19 22:00,2026-09-26 23:30,,,https://www.youtube.com/channel/UCJyW_fxlI30F3MZ6QpVPAcQ
UC2YEP77QFT2LQ_OEdvwIgtw,@こがれ,24,2年,Member (2 years),,不明,,,4,17,0,2026-09-19 22:00,2026-10-03 23:31,,,https://www.youtube.com/channel/UC2YEP77QFT2LQ_OEdvwIgtw
UCPDQbUOKnEE1PneXvZ5vK-A,@MEGARO,24,2年,Member (2 years),,不明,,,3,3,0,2026-09-12 23:31,2026-10-09 00:00,,,https://www.youtube.com/channel/UCPDQbUOKnEE1PneXvZ5vK-A
UCdVWCD9cK_e64quchDfVd5Q,@きょさん-kyo3,24,2年,Member (2 years),,不明,,,3,3,0,2026-09-16 23:30,2026-09-23 23:01,,,https://www.youtube.com/channel/UCdVWCD9cK_e64quchDfVd5Q
UC_ACunF0oXZ3cNRQV08TQ-g,@卒伯,24,2年,Member (2 years),,不明,,,3,16,0,2026-09-19 22:00,2026-10-02 23:31,,,https://www.youtube.com/channel/UC_ACunF0oXZ3cNRQV08TQ-g
UC6Ob_bCNGZ-eM5eaaD2HI7g,@玉露-i7l,24,2年,Member (2 years),,不明,,,3,4,0,2026-09-19 22:00,2026-09-22 22:01,,,https://www.youtube.com/channel/UC6Ob_bCNGZ-eM5eaaD2HI7g
UCgZHQdUPp9v2SLVQoXo1R6Q,@使用人_aria,24,2年,Member (2 years),,不明,,,2,5,0,2026-09-10 23:01,2026-09-13 23:30,,,https://www.youtube.com/channel/UCgZHQdUPp9v2SLVQoXo1R6Q
UCZ3zYXbYdZJDNN-szEmkT4w,@せいきょーシキ,24,2年,Member (2 years),,不明,,,2,2,0,2026-09-13 23:30,2026-10-07 23:32,,,https://www.youtube.com/channel/UCZ3zYXbYdZJDNN-szEmkT4w
UCO7H-1_9EPIPz0dLsIDgwfQ,@くま大隊,24,2年,Member (2 years),,不明,,,2,3,0,2026-09-15 23:30,2026-09-21 21:00,,,https://www.youtube.com/channel/UCO7H-1_9EPIPz0dLsIDgwfQ
UC9MzwMPA_ulvxN0-QUWBSbQ,@プラチナシロガネ,24,2年,Member (2 years),,不明,,,2,46,0,2026-09-15 23:30,2026-09-19 22:00,,,https://www.youtube.com/channel/UC9MzwMPA_ulvxN0-QUWBSbQ
UCdmrCm_9JW8fIa1a2p90-gw,@teraid13,24,2年,Member (2 years),,不明,,,2,2,0,2026-09-16 23:30,2026-09-19 22:00,,,https://www.youtube.com/channel/UCdmrCm_9JW8fIa1a2p90-gw
UCeLG1GcGqL6sDGyjIutUBMw,@kawakaze8666,24,2年,Member (2 years),,不明,,,2,50,0,2026-09-17 23:30,2026-10-07 23:32,,,https://www.youtube.com/channel/UCeLG1GcGqL6sDGyjIutUBMw
UCd__JRrwzBCz1hzj1jElsSg,@やっさ-k8v,24,2年,Member (2 years),,不明,,,2,2,0,2026-09-19 22:00,2026-10-05 23:00,,,https://www.youtube.com/channel/UCd__JRrwzBCz1hzj1jElsSg
UCDykCXj4YxDMBxXsdlvGcAw,@るくあっと,24,2年,Member (2 years),,不明,,,2,4,0,2026-09-19 22:00,2026-09-26 23:30,,,https://www.youtube.com/channel/UCDykCXj4YxDMBxXsdlvGcAw
UCFoWTviTLbIDVYCPAeH30mA,@ヤーナム産アーモンド,24,2年,Member (2 years),,不明,,,2,42,0,2026-09-20 23:00,2026-09-21 21:00,,,https://www.youtube.com/channel/UCFoWTviTLbIDVYCPAeH30mA
UCooRskOz_KAJpo2gVoZnniw,@yukiyuki1526,24,2年,Member (2 years),,不明,,,2,4,0,2026-09-21 21:00,2026-09-22 22:01,,,https://www.youtube.com/channel/UCooRskOz_KAJpo2gVoZnniw
UCr6xQXpiWoZtvLPDtoV0d6Q,@とくいち_1091,24,2年,Member (2 years),,不明,,,2,5,0,2026-09-21 21:00,2026-09-22 22:01,,,https://www.youtube.com/channel/UCr6xQXpiWoZtvLPDtoV0d6Q
UCvXPhMaaghyTA0rr-29G4uA,@とらくしい,24,2年,Member (2 years),,不明,,,2,110,0,2026-09-23 23:01,2026-09-26 23:30,,,https://www.youtube.com/channel/UCvXPhMaaghyTA0rr-29G4uA
UC-wvMewyQ6WMB-zxjmBOAIQ,@ねこばろん,24,2年,Member (2 years),,不明,,,2,3,0,2026-09-26 23:30,2026-10-03 23:31,,,https://www.youtube.com/channel/UC-wvMewyQ6WMB-zxjmBOAIQ
UCmxTcfanncko4xsljiX7CLw,@lalsa,24,2年,Member (2 years),,不明,,,2,5,0,2026-09-26 23:30,2026-10-03 23:31,,,https://www.youtube.com/channel/UCmxTcfanncko4xsljiX7CLw
UCxlHi8HnDf8dYyfWsPaQUNQ,@iti_8408,24,2年,Member (2 years),,不明,,,2,4,0,2026-10-03 23:31,2026-10-09 00:00,,,https://www.youtube.com/channel/UCxlHi8HnDf8dYyfWsPaQUNQ
UCfp4LBl5Ob8vG87PcKIhLvA,@かがみK,24,2年,Member (2 years),,不明,,,1,12,0,2026-09-15 23:30,2026-09-15 23:30,,,https://www.youtube.com/channel/UCfp4LBl5Ob8vG87PcKIhLvA
UCuVoydABFJVj2YttjJC7PeQ,@鉄壁じぇきぇ,24,2年,Member (2 years),,不明,,,1,2,0,2026-09-15 23:30,2026-09-15 23:30,,,https://www.youtube.com/channel/UCuVoydABFJVj2YttjJC7PeQ
UCJb5Ybs9nC9-gTAq4Pt4J4w,@ウォーズさん,24,2年,Member (2 years),,不明,,,1,3,0,2026-09-16 23:30,2026-09-16 23:30,,,https://www.youtube.com/channel/UCJb5Ybs9nC9-gTAq4Pt4J4w
UCgrnI_vKJfE1AbSt5940TRA,@霜月とんぼ,24,2年,Member (2 years),,不明,,,1,1,0,2026-09-17 23:30,2026-09-17 23:30,,,https://www.youtube.com/channel/UCgrnI_vKJfE1AbSt5940TRA
UC6r98trWCJRPXWtn3GtAqAw,@うびゃはぁ,24,2年,Member (2 years),,不明,,,1,1,0,2026-09-19 22:00,2026-09-19 22:00,,,https://www.youtube.com/channel/UC6r98trWCJRPXWtn3GtAqAw
UCVm1ZlrZUsursL97UHiKpUw,@RAIABeelze,24,2年,Member (2 years),,不明,,,1,1,0,2026-09-19 22:00,2026-09-19 22:00,,,https://www.youtube.com/channel/UCVm1ZlrZUsursL97UHiKpUw
UCE4h9T_D4bWPba_RsjiNRqg,@AschenputtelSS,24,2年,Member (2 years),,不明,,,1,1,0,2026-09-19 22:00,2026-09-19 22:00,,,https://www.youtube.com/channel/UCE4h9T_D4bWPba_RsjiNRqg
UCpAHczWQwUL7ZnxMgR6Z1ng,@teruwo6609,24,2年,Member (2 years),,不明,,,1,2,0,2026-09-19 22:00,2026-09-19 22:00,,,https://www.youtube.com/channel/UCpAHczWQwUL7ZnxMgR6Z1ng
UCGgErk83jwo9xxemlj8itXg,@ナナリー57,24,2年,Member (2 years),,不明,,,1,1,0,2026-09-19 22:00,2026-09-19 22:00,,,https://www.youtube.com/channel/UCGgErk83jwo9xxemlj8itXg
UC5ijVJQ--nkwQA-XI77oLZg,@JAL-Place,24,2年,Member (2 years),,不明,,,1,1,0,2026-09-20 09:25,2026-09-20 09:25,,,https://www.youtube.com/channel/UC5ijVJQ--nkwQA-XI77oLZg
UCdEC3rYYsrgAUH25VhT-17A,@saturn873,24,2年,Member (2 years),,不明,,,1,1,0,2026-09-20 09:25,2026-09-20 09:25,,,https://www.youtube.com/channel/UCdEC3rYYsrgAUH25VhT-17A
UC953j5Nejbyih2txgaI8cEg,@sinntaro-noza,24,2年,Member (2 years),,不明,,,1,1,0,2026-09-20 23:00,2026-09-20 23:00,,,https://www.youtube.com/channel/UC953j5Nejbyih2txgaI8cEg
UCAomcSUUSkWd7DmwM8jyq1A,@土星5号,24,2年,Member (2 years),,不明,,,1,1,0,2026-09-20 23:00,2026-09-20 23:00,,,https://www.youtube.com/channel/UCAomcSUUSkWd7DmwM8jyq1A
UC039sTOmSJhFxIzGyn3uCUw,@nukamin_,24,2年,Member (2 years),,不明,,,1,1,0,2026-09-20 23:00,2026-09-20 23:00,,,https://www.youtube.com/channel/UC039sTOmSJhFxIzGyn3uCUw
UCE5QNY3myGDqQrevi9BmcVA,@じゅれる,24,2年,Member (2 years),,不明,,,1,1,0,2026-09-21 21:00,2026-09-21 21:00,,,https://www.youtube.com/channel/UCE5QNY3myGDqQrevi9BmcVA
UC54ZOl4E77QcObY2ULP55xA,@たけちゃん_takechan,24,2年,Member (2 years),,不明,,,1,3,0,2026-09-21 21:00,2026-09-21 21:00,,,https://www.youtube.com/channel/UC54ZOl4E77QcObY2ULP55xA
UC3J4w7r61ZZXfPLudDzx_Sw,@とりおに_city,24,2年,Member (2 years),,不明,,,1,2,0,2026-09-21 21:00,2026-09-21 21:00,,,https://www.youtube.com/channel/UC3J4w7r61ZZXfPLudDzx_Sw
UCQABa_Y8QTIMsjzdq0lAA8w,@AKVirginia,24,2年,Member (2 years),,不明,,,1,4,0,2026-09-21 21:00,2026-09-21 21:00,,,https://www.youtube.com/channel/UCQABa_Y8QTIMsjzdq0lAA8w
UCzPLbF5vx4VEQjetcTLYFRA,@ぶらざ,24,2年,Member (2 years),,不明,,,1,1,0,2026-09-22 22:01,2026-09-22 22:01,,,https://www.youtube.com/channel/UCzPLbF5vx4VEQjetcTLYFRA
UCvEcVVjA6dXDChCXfJRW23A,@HAMA-Q,24,2年,Member (2 years),,不明,,,1,1,0,2026-09-22 22:01,2026-09-22 22:01,,,https://www.youtube.com/channel/UCvEcVVjA6dXDChCXfJRW23A
UCBXqUCirG9tJZ1FNyQc16dA,@emeruzweimee,24,2年,Member (2 years),,不明,,,1,1,0,2026-09-22 22:01,2026-09-22 22:01,,,https://www.youtube.com/channel/UCBXqUCirG9tJZ1FNyQc16dA
UCvNrP7jACK3J4wXgPn4cYuQ,@さるまじろ-i9z,24,2年,Member (2 years),,不明,,,1,7,0,2026-09-23 23:01,2026-09-23 23:01,,,https://www.youtube.com/channel/UCvNrP7jACK3J4wXgPn4cYuQ
UCKR1b56eE9QYHeeNpVBBRAA,@ねに,24,2年,Member (2 years),,不明,,,1,8,0,2026-09-26 23:30,2026-09-26 23:30,,,https://www.youtube.com/channel/UCKR1b56eE9QYHeeNpVBBRAA
UCqR3n1LQLg9-vTgPcENhCvg,@Lasu_ラス,24,2年,Member (2 years),,不明,,,1,1,0,2026-09-26 23:30,2026-09-26 23:30,,,https://www.youtube.com/channel/UCqR3n1LQLg9-vTgPcENhCvg
UClLbHS--yT-oMsMKV7iD0GQ,@Kやもり,24,2年,Member (2 years),,不明,,,1,1,0,2026-09-30 23:30,2026-09-30 23:30,,,https://www.youtube.com/channel/UClLbHS--yT-oMsMKV7iD0GQ
UCbyJFOxrPqajV1bRRj2Cbvg,@もりおん,24,2年,Member (2 years),,不明,,,1,1,0,2026-10-02 23:31,2026-10-02 23:31,,,https://www.youtube.com/channel/UCbyJFOxrPqajV1bRRj2Cbvg
UC-nnJ0VBFtTNJ6rxW4BsZNA,@霜印,24,2年,Member (2 years),,不明,,,1,5,0,2026-10-02 23:31,2026-10-02 23:31,,,https://www.youtube.com/channel/UC-nnJ0VBFtTNJ6rxW4BsZNA
UCCOjRbW330OUaXwdhvacpNw,@Ryokucham,24,2年,Member (2 years),,不明,,,1,19,0,2026-10-02 23:31,2026-10-02 23:31,,,https://www.youtube.com/channel/UCCOjRbW330OUaXwdhvacpNw
UChi-b89kdgpt2kcMj6iFaag,@火牙,24,2年,Member (2 years),,不明,,,1,1,0,2026-10-02 23:31,2026-10-02 23:31,,,https://www.youtube.com/channel/UChi-b89kdgpt2kcMj6iFaag
UCFstD45hwm7NFCvIGd4fstw,@アマヤ_amaya,24,2年,Member (2 years),,不明,,,1,1,0,2026-10-03 23:31,2026-10-03 23:31,,,https://www.youtube.com/channel/UCFstD45hwm7NFCvIGd4fstw
UCEDdK6pG3UinSFQ4aEeam3w,@ディゾ,24,2年,Member (2 years),,不明,,,1,1,0,2026-10-03 23:31,2026-10-03 23:31,,,https://www.youtube.com/channel/UCEDdK6pG3UinSFQ4aEeam3w
UCTWztzGLXTyL2DnfcvZf6nA,@Eisuke_s,24,2年,Member (2 years),,不明,,,1,2,0,2026-10-05 23:00,2026-10-05 23:00,,,https://www.youtube.com/channel/UCTWztzGLXTyL2DnfcvZf6nA
UCaKCLMwS7NCN3Y1ITvqmmRw,@つな坊_0812,24,2年,Member (2 years),,不明,,,1,2,0,2026-10-09 00:00,2026-10-09 00:00,,,https://www.youtube.com/channel/UCaKCLMwS7NCN3Y1ITvqmmRw
UCkeUVYlyN17b1CTylCz_zVQ,@天月瞳,12,1年,Member (1 year),,不明,,,22,657,0,2026-09-10 23:01,2026-10-09 00:00,,,https://www.youtube.com/channel/UCkeUVYlyN17b1CTylCz_zVQ
UChL4WmKHIXu9rT3nzJhfWfw,@vn7429,12,1年,Member (1 year),,不明,,,22,828,0,2026-09-10 23:01,2026-10-09 00:00,,,https://www.youtube.com/channel/UChL4WmKHIXu9rT3nzJhfWfw
UCNAJxaCnEAYxLQNHiqNckqw,@エイファル,12,1年,Member (1 year),,不明,,,22,2014,1,2026-09-10 23:01,2026-10-09 00:00,,,https://www.youtube.com/channel/UCNAJxaCnEAYxLQNHiqNckqw
UCkKEKPF50CqqJCl7oEk54JQ,@youkaimaturibayasi,12,1年,Member (1 year),,不明,,,21,298,0,2026-09-10 23:01,2026-10-09 00:00,,,https://www.youtube.com/channel/UCkKEKPF50CqqJCl7oEk54JQ
UCoQE7Td1ZVS8Z2bo2EJweQg,@瓢箪_400,12,1年,Member (1 year),,不明,,,21,4664,2,2026-09-10 23:01,2026-10-09 00:00,,,https://www.youtube.com/channel/UCoQE7Td1ZVS8Z2bo2EJweQg
UC0lsu3_cwbIJs3XiCDhg6rw,@盗狮子,12,1年,Member (1 year),,不明,,,20,127,0,2026-09-10 23:01,2026-10-09 00:00,,,https://www.youtube.com/channel/UC0lsu3_cwbIJs3XiCDhg6rw
UCfXXnGDXwaSovrN-RGiGLFg,@わくさん-h8y,12,1年,Member (1 year),,不明,,,20,210,0,2026-09-10 23:01,2026-10-09 00:00,,,https://www.youtube.com/channel/UCfXXnGDXwaSovrN-RGiGLFg
UCihD4HL2SwQ06yRZ4t_p1oQ,@鯖鮭-f7h,12,1年,Member (1 year),,不明,,,20,160,0,2026-09-10 23:01,2026-10-09 00:00,,,https://www.youtube.com/channel/UCihD4HL2SwQ06yRZ4t_p1oQ
UCxTOA8tylx4n2IYAw2BAL9w,@さと-e1x,12,1年,Member (1 year),,不明,,,19,30,0,2026-09-10 23:01,2026-10-09 00:00,,,https://www.youtube.com/channel/UCxTOA8tylx4n2IYAw2BAL9w
UCWBWjvg37zd7H0sahjKUFeA,@クワトロ1993,12,1年,Member (1 year),,不明,,,19,33,0,2026-09-10 23:01,2026-10-09 00:00,,,https://www.youtube.com/channel/UCWBWjvg37zd7H0sahjKUFeA
UCj0N_i0YYRkI7d8CMO1lNQA,@田中一郎-y1x,12,1年,Member (1 year),,不明,,,19,290,0,2026-09-10 23:01,2026-10-09 00:00,,,https://www.youtube.com/channel/UCj0N_i0YYRkI7d8CMO1lNQA
UCT2c__7ZHfMkhN4vig0o7ig,@ゆう-Miles,12,1年,Member (1 year),,不明,,,19,267,0,2026-09-10 23:01,2026-10-09 00:00,,,https://www.youtube.com/channel/UCT2c__7ZHfMkhN4vig0o7ig
UCKwmbb_SXSa6h0Yx9oBQdbA,@YukiAlter,12,1年,Member (1 year),,不明,,,19,116,0,2026-09-10 23:01,2026-10-09 00:00,,,https://www.youtube.com/channel/UCKwmbb_SXSa6h0Yx9oBQdbA
UCmAS16zoPJt4zIC8E0apmVw,@UMA-Palazzo,12,1年,Member (1 year),,不明,,,19,53,0,2026-09-10 23:01,2026-10-09 00:00,,,https://www.youtube.com/channel/UCmAS16zoPJt4zIC8E0apmVw
UC9W-y3BGCtRWx8R6-92lnJQ,@KIRAa_0705,12,1年,Member (1 year),,不明,,,18,204,0,2026-09-10 23:01,2026-10-09 00:00,,,https://www.youtube.com/channel/UC9W-y3BGCtRWx8R6-92lnJQ
UCeScC6etGXLNAjc-eFXXMVQ,@tom_blown,12,1年,Member (1 year),,不明,,,17,745,0,2026-09-16 23:30,2026-10-09 00:00,,,https://www.youtube.com/channel/UCeScC6etGXLNAjc-eFXXMVQ
UCSEdixjfLT9gaB_Xoa_Sx_g,@yukuro,12,1年,Member (1 year),,不明,,,16,415,0,2026-09-10 23:01,2026-10-09 00:00,,,https://www.youtube.com/channel/UCSEdixjfLT9gaB_Xoa_Sx_g
UCyL3hpei041_X2-aKjwX2VQ,@ゼニアメイ,12,1年,Member (1 year),,不明,,,15,620,0,2026-09-10 23:01,2026-10-09 00:00,,,https://www.youtube.com/channel/UCyL3hpei041_X2-aKjwX2VQ
UC0a65wDdm6k9i-hFbiPQmGw,@SamuraiSword-j7h,12,1年,Member (1 year),,不明,,,14,197,0,2026-09-10 23:01,2026-10-07 00:00,,,https://www.youtube.com/channel/UC0a65wDdm6k9i-hFbiPQmGw
UCkfPSljVitt3PmYebo5AhlA,@JAM_ojisan_,12,1年,Member (1 year),,不明,,,14,33,0,2026-09-10 23:01,2026-10-09 00:00,,,https://www.youtube.com/channel/UCkfPSljVitt3PmYebo5AhlA
UCwZ-KoV3y7oBWkTb1NerfRg,@おつぞー,12,1年,Member (1 year),,不明,,,14,165,0,2026-09-10 23:01,2026-10-09 00:00,,,https://www.youtube.com/channel/UCwZ-KoV3y7oBWkTb1NerfRg
UCJzh1hoAxJ_Et39l6BgPcyw,@ichifuku7328,12,1年,Member (1 year),,不明,,,14,52,0,2026-09-15 23:30,2026-10-09 00:00,,,https://www.youtube.com/channel/UCJzh1hoAxJ_Et39l6BgPcyw
UC5f8h7WS-NwbmeRTW4h-g_Q,@やぎ座のはっしー,12,1年,Member (1 year),,不明,,,13,100,0,2026-09-10 23:01,2026-10-07 23:32,,,https://www.youtube.com/channel/UC5f8h7WS-NwbmeRTW4h-g_Q
UCRdAF1t2XtwLNpP1KFDSv8g,@SilencioCorny,12,1年,Member (1 year),,不明,,,12,34,0,2026-09-10 23:01,2026-10-09 00:00,,,https://www.youtube.com/channel/UCRdAF1t2XtwLNpP1KFDSv8g
UCTIEX4xHNIReE9w5nMHt0qw,@よるべ-o4w,12,1年,Member (1 year),,不明,,,12,46,0,2026-09-13 23:30,2026-10-09 00:00,,,https://www.youtube.com/channel/UCTIEX4xHNIReE9w5nMHt0qw
UCh27X-hhR52oGXCbL2WUcGw,@秋空脱兎-n8b,12,1年,Member (1 year),,不明,,,12,1592,0,2026-09-16 23:30,2026-10-07 23:32,,,https://www.youtube.com/channel/UCh27X-hhR52oGXCbL2WUcGw
UCcF5VryEf1zotLfEHVhX4VQ,@matsubokkuri_t,12,1年,Member (1 year),,不明,,,11,49,0,2026-09-12 23:31,2026-10-01 23:30,,,https://www.youtube.com/channel/UCcF5VryEf1zotLfEHVhX4VQ
UCam5tpUwxmNA9H1USG8f5nQ,@mayoi9368,12,1年,Member (1 year),,不明,,,11,82,0,2026-09-16 23:30,2026-10-09 00:00,,,https://www.youtube.com/channel/UCam5tpUwxmNA9H1USG8f5nQ
UCXBxk-XPSoC9dTzNbXkTWSw,@KT-sp5mk,12,1年,Member (1 year),,不明,,,10,132,0,2026-09-15 23:30,2026-10-01 23:30,,,https://www.youtube.com/channel/UCXBxk-XPSoC9dTzNbXkTWSw
UCA0g2b3SrJxQUADBKtAenYw,@すわこ-j4s,12,1年,Member (1 year),,不明,,,9,91,0,2026-09-10 23:01,2026-10-05 23:00,,,https://www.youtube.com/channel/UCA0g2b3SrJxQUADBKtAenYw
UCi6ds22HLLVoz_3mWCDsZEQ,@mokayuki9443,12,1年,Member (1 year),,不明,,,9,13,0,2026-09-10 23:01,2026-10-03 23:31,,,https://www.youtube.com/channel/UCi6ds22HLLVoz_3mWCDsZEQ
UC8ucjkpMkSb4NgTiVlFSgnQ,@マイナス23,12,1年,Member (1 year),,不明,,,9,16,0,2026-09-10 23:01,2026-10-09 00:00,,,https://www.youtube.com/channel/UC8ucjkpMkSb4NgTiVlFSgnQ
UCrSsFqv4gVRtCilpMZQoGxQ,@Kahless_P,12,1年,Member (1 year),,不明,,,9,456,0,2026-09-12 23:31,2026-10-09 00:00,,,https://www.youtube.com/channel/UCrSsFqv4gVRtCilpMZQoGxQ
UCkWXemLunEUGSReR_5CBlFA,@にずしん,12,1年,Member (1 year),,不明,,,9,34,0,2026-09-13 23:30,2026-10-09 00:00,,,https://www.youtube.com/channel/UCkWXemLunEUGSReR_5CBlFA
UCYYcJetL22g_RWOtkAzncgQ,@ナオ_MostLoveLulu,12,1年,Member (1 year),,不明,,,9,161,0,2026-09-13 23:30,2026-10-02 23:31,,,https://www.youtube.com/channel/UCYYcJetL22g_RWOtkAzncgQ
UCjQBRc2AGrIEC13VM_XBv6w,@ほたてちゃん,12,1年,Member (1 year),,不明,,,9,66,0,2026-09-16 23:30,2026-10-05 23:00,,,https://www.youtube.com/channel/UCjQBRc2AGrIEC13VM_XBv6w
UCVQLHdLCdgLcjyPzK7XxO8A,@練り物-q6s,12,1年,Member (1 year),,不明,,,9,62,0,2026-09-19 22:00,2026-10-02 23:31,,,https://www.youtube.com/channel/UCVQLHdLCdgLcjyPzK7XxO8A
UC5yoGT_SF3Vku7DFBHmhBKg,@shoo_ka,12,1年,Member (1 year),,不明,,,8,23,0,2026-09-10 23:01,2026-09-27 23:30,,,https://www.youtube.com/channel/UC5yoGT_SF3Vku7DFBHmhBKg
UC4vk4tr78Xh-CRM7oXQkBKQ,@PondaK,12,1年,Member (1 year),,不明,,,8,8,0,2026-09-12 23:31,2026-10-01 23:30,,,https://www.youtube.com/channel/UC4vk4tr78Xh-CRM7oXQkBKQ
UCodxRRFNkBYFOAXrQRFA-Cg,@リリーr7,12,1年,Member (1 year),,不明,,,8,20,0,2026-09-12 23:31,2026-10-05 23:00,,,https://www.youtube.com/channel/UCodxRRFNkBYFOAXrQRFA-Cg
UCLHt9zbNOFkccAS9YkrSYww,@ケルビン_K,12,1年,Member (1 year),,不明,,,8,10,0,2026-09-17 23:30,2026-10-07 00:00,,,https://www.youtube.com/channel/UCLHt9zbNOFkccAS9YkrSYww
UCHUmENdpV-VLbOhC7SGowJQ,@ベリリウム4,12,1年,Member (1 year),,不明,,,7,9,0,2026-09-12 23:31,2026-10-09 00:00,,,https://www.youtube.com/channel/UCHUmENdpV-VLbOhC7SGowJQ
UCojR0YozbncsDgWhvPpMT6w,@souksys,12,1年,Member (1 year),,不明,,,7,55,0,2026-09-12 23:31,2026-10-09 00:00,,,https://www.youtube.com/channel/UCojR0YozbncsDgWhvPpMT6w
UCnzh2E130LwWeVoEMD3zD5g,@00IKAchannel,12,1年,Member (1 year),,不明,,,7,102,0,2026-09-13 23:30,2026-10-01 23:30,,,https://www.youtube.com/channel/UCnzh2E130LwWeVoEMD3zD5g
UCXtft6BRroZsIGm6DA0re9w,@user-orizon1115,12,1年,Member (1 year),,不明,,,7,15,0,2026-09-17 23:30,2026-10-07 00:00,,,https://www.youtube.com/channel/UCXtft6BRroZsIGm6DA0re9w
UC2TNVXV5k9qjMzppWeor2ow,@HIDE3-31,12,1年,Member (1 year),,不明,,,7,27,0,2026-09-19 22:00,2026-10-02 23:31,,,https://www.youtube.com/channel/UC2TNVXV5k9qjMzppWeor2ow
UCmNj9_IXD7_5agVBZAKlbqQ,@青い石ころ,12,1年,Member (1 year),,不明,,,7,96,0,2026-09-19 22:00,2026-09-26 23:30,,,https://www.youtube.com/channel/UCmNj9_IXD7_5agVBZAKlbqQ
UC8xCnD2xN2MOaF55b9XL_1Q,@Flysola,12,1年,Member (1 year),,不明,,,7,18,0,2026-09-19 22:00,2026-10-09 00:00,,,https://www.youtube.com/channel/UC8xCnD2xN2MOaF55b9XL_1Q
UC0RWNxaEF1_uvk-Mik6b7FA,@p01180912,12,1年,Member (1 year),,不明,,,6,6,0,2026-09-17 23:30,2026-10-07 23:32,,,https://www.youtube.com/channel/UC0RWNxaEF1_uvk-Mik6b7FA
UCTXs4kU7_zGG2xQvyUaIcBA,@てあとく,12,1年,Member (1 year),,不明,,,6,8,0,2026-09-20 09:25,2026-10-09 00:00,,,https://www.youtube.com/channel/UCTXs4kU7_zGG2xQvyUaIcBA
UC21ZP6MBUWoNTsXQaFCtCMg,@ぐっちょしぃ,12,1年,Member (1 year),,不明,,,5,16,0,2026-09-10 23:01,2026-09-27 23:30,,,https://www.youtube.com/channel/UC21ZP6MBUWoNTsXQaFCtCMg
UCWk71ykonNl1bPwH6I5Vq5A,@ticktack8137,12,1年,Member (1 year),,不明,,,5,17,0,2026-09-10 23:01,2026-09-21 21:00,,,https://www.youtube.com/channel/UCWk71ykonNl1bPwH6I5Vq5A
UCK4IfP7nkVupoQLdZL52a7A,@はるかぜとともに-h7m,12,1年,Member (1 year),,不明,,,5,5,0,2026-09-16 23:30,2026-10-03 23:31,,,https://www.youtube.com/channel/UCK4IfP7nkVupoQLdZL52a7A
UC5hULpOknff64NyPDcWo6WQ,@tabiwohaita_neko,12,1年,Member (1 year),,不明,,,5,29,0,2026-09-19 22:00,2026-09-27 23:30,,,https://www.youtube.com/channel/UC5hULpOknff64NyPDcWo6WQ
UCfN-VD4GxbMgO2xMkjCP5Ww,@グレイチワワ,12,1年,Member (1 year),,不明,,,5,10,0,2026-09-19 22:00,2026-09-22 22:01,,,https://www.youtube.com/channel/UCfN-VD4GxbMgO2xMkjCP5Ww
UCKg8tFrpl46dgNXq_CGtq7w,@RRR_rらりるー,12,1年,Member (1 year),,不明,,,5,58,0,2026-09-19 22:00,2026-10-03 23:31,,,https://www.youtube.com/channel/UCKg8tFrpl46dgNXq_CGtq7w
UCzqCa3urQBCnyMhtffxF4ig,@ayaka_chroma,12,1年,Member (1 year),,不明,,,5,27,0,2026-09-20 09:25,2026-10-09 00:00,,,https://www.youtube.com/channel/UCzqCa3urQBCnyMhtffxF4ig
UCSKSyczHX5QvwWtTu0Svl3Q,@trtrtrbarrel,12,1年,Member (1 year),,不明,,,4,17,0,2026-09-10 23:01,2026-10-09 00:00,,,https://www.youtube.com/channel/UCSKSyczHX5QvwWtTu0Svl3Q
UCeoLoJKrR-T2fAX0JQDBh2w,@carveカルベ-419,12,1年,Member (1 year),,不明,,,4,5,0,2026-09-12 23:31,2026-09-20 09:25,,,https://www.youtube.com/channel/UCeoLoJKrR-T2fAX0JQDBh2w
UC9MQwRN1kiIojg7qEOkzs5Q,@glets3513,12,1年,Member (1 year),,不明,,,4,11,0,2026-09-12 23:31,2026-09-22 22:01,,,https://www.youtube.com/channel/UC9MQwRN1kiIojg7qEOkzs5Q
UCfhVoBZtxX6ms-Mj9jEdx1w,@わなびー-y5i,12,1年,Member (1 year),,不明,,,4,20,0,2026-09-13 23:30,2026-09-22 22:01,,,https://www.youtube.com/channel/UCfhVoBZtxX6ms-Mj9jEdx1w
UC3ht9xnNi5cP962lTAHwiBQ,@スフィアマスター,12,1年,Member (1 year),,不明,,,4,6,0,2026-09-17 23:30,2026-10-01 23:30,,,https://www.youtube.com/channel/UC3ht9xnNi5cP962lTAHwiBQ
UCyMfN75op0ip2dMoz1UIgBQ,@shens1308,12,1年,Member (1 year),,不明,,,4,37,0,2026-09-19 22:00,2026-09-21 21:00,,,https://www.youtube.com/channel/UCyMfN75op0ip2dMoz1UIgBQ
UC6zj1-qoN9Oogltd0dSt-Fw,@kurakito,12,1年,Member (1 year),,不明,,,4,7,0,2026-09-21 21:00,2026-10-07 00:00,,,https://www.youtube.com/channel/UC6zj1-qoN9Oogltd0dSt-Fw
UCJ0-AA0G-Mw7cMTsSfGzuBQ,@ナギたろo,12,1年,Member (1 year),,不明,,,4,8,0,2026-09-21 21:00,2026-10-07 23:32,,,https://www.youtube.com/channel/UCJ0-AA0G-Mw7cMTsSfGzuBQ
UCJJKwRBHZ7qNbYUCq7bsgIg,@魔界令嬢,12,1年,Member (1 year),,不明,,,4,30,0,2026-09-21 21:00,2026-10-07 23:32,,,https://www.youtube.com/channel/UCJJKwRBHZ7qNbYUCq7bsgIg
UCleW_kGhsaBzjodKAEO90mQ,@つなかん-v9w,12,1年,Member (1 year),,不明,,,4,26,0,2026-09-21 21:00,2026-09-27 23:30,,,https://www.youtube.com/channel/UCleW_kGhsaBzjodKAEO90mQ
UCgT30KX0OQXNnzKK8OhFm6A,@raindex963,12,1年,Member (1 year),,不明,,,4,4,0,2026-10-01 23:30,2026-10-07 23:32,,,https://www.youtube.com/channel/UCgT30KX0OQXNnzKK8OhFm6A
UCAMDaBXkpbdmUeFdvQVYMVQ,@黒狼-z7c,12,1年,Member (1 year),,不明,,,3,3,0,2026-09-10 23:01,2026-09-26 23:30,,,https://www.youtube.com/channel/UCAMDaBXkpbdmUeFdvQVYMVQ
UCs9lz1L9WHeG4LBGYP_ulcg,@麺麺人,12,1年,Member (1 year),,不明,,,3,13,0,2026-09-12 23:31,2026-09-20 23:00,,,https://www.youtube.com/channel/UCs9lz1L9WHeG4LBGYP_ulcg
UC18BkAvQ3DXXaGmb6N0grww,@akrask3249,12,1年,Member (1 year),,不明,,,3,9,0,2026-09-15 23:30,2026-09-26 23:30,,,https://www.youtube.com/channel/UC18BkAvQ3DXXaGmb6N0grww
UC34agZhRBFW3jxTNdoN_cFg,@紫苑ノノ,12,1年,Member (1 year),,不明,,,3,81,0,2026-09-16 23:30,2026-10-02 23:31,,,https://www.youtube.com/channel/UC34agZhRBFW3jxTNdoN_cFg
UCqbABXvefWVOF7-HImOLPXg,@cooleld,12,1年,Member (1 year),,不明,,,3,25,0,2026-09-16 23:30,2026-09-20 23:00,,,https://www.youtube.com/channel/UCqbABXvefWVOF7-HImOLPXg
UC63-w37yamHOEB7BhiW--6Q,@サラダもの,12,1年,Member (1 year),,不明,,,3,41,0,2026-09-19 22:00,2026-09-21 21:00,,,https://www.youtube.com/channel/UC63-w37yamHOEB7BhiW--6Q
UC5lcdt7NxNSPrta8HiS0EwA,@山本コッポラ,12,1年,Member (1 year),,不明,,,3,80,0,2026-09-19 22:00,2026-09-20 23:00,,,https://www.youtube.com/channel/UC5lcdt7NxNSPrta8HiS0EwA
UCbWcSqH0o4MIwsUZcCcEO3g,@ぴぃす欠片,12,1年,Member (1 year),,不明,,,3,24,0,2026-09-19 22:00,2026-10-07 23:32,,,https://www.youtube.com/channel/UCbWcSqH0o4MIwsUZcCcEO3g
UC_WdK9RGGabyDjnCmM19z3A,@runa-blue,12,1年,Member (1 year),,不明,,,3,10,0,2026-09-19 22:00,2026-09-26 23:30,,,https://www.youtube.com/channel/UC_WdK9RGGabyDjnCmM19z3A
UCug8fZDZUeT8DzzzGpu333w,@名も無き不死者のソウル,12,1年,Member (1 year),,不明,,,3,8,0,2026-09-19 22:00,2026-09-26 23:30,,,https://www.youtube.com/channel/UCug8fZDZUeT8DzzzGpu333w
UCe1ePN2pX3Yur5z1FDd4UfQ,@伊江-いえ,12,1年,Member (1 year),,不明,,,3,4,0,2026-09-20 23:00,2026-09-26 23:30,,,https://www.youtube.com/channel/UCe1ePN2pX3Yur5z1FDd4UfQ
UCMjQsEP-lx6ifi7rR1fSOzA,@niwakon,12,1年,Member (1 year),,不明,,,3,39,0,2026-09-23 23:01,2026-10-02 23:31,,,https://www.youtube.com/channel/UCMjQsEP-lx6ifi7rR1fSOzA
UCh-k2La6KoxF1o97qo1aGlQ,@CollaredEarthStar,12,1年,Member (1 year),,不明,,,2,6,0,2026-09-10 23:01,2026-09-13 23:30,,,https://www.youtube.com/channel/UCh-k2La6KoxF1o97qo1aGlQ
UCXoZ57DziGn-vF_OoaRUI7A,@BlaChoco,12,1年,Member (1 year),,不明,,,2,4,0,2026-09-12 23:31,2026-09-15 23:30,,,https://www.youtube.com/channel/UCXoZ57DziGn-vF_OoaRUI7A
UCkxx1vPZ1PizPk4NpYONaWw,@メカ餅,12,1年,Member (1 year),,不明,,,2,2,0,2026-09-12 23:31,2026-09-13 23:30,,,https://www.youtube.com/channel/UCkxx1vPZ1PizPk4NpYONaWw
UCwj22nB0zDizPSZkr_SCTEw,@suekerter,12,1年,Member (1 year),,不明,,,2,2,0,2026-09-12 23:31,2026-09-20 09:25,,,https://www.youtube.com/channel/UCwj22nB0zDizPSZkr_SCTEw
UC_DVNIrfI5JhDzsFwRrgrPA,@ランプアイ-n7p,12,1年,Member (1 year),,不明,,,2,2,0,2026-09-16 23:30,2026-09-20 23:00,,,https://www.youtube.com/channel/UC_DVNIrfI5JhDzsFwRrgrPA
UCGdSAIyHKd8xYkHjAsDZcUQ,@リップルラップル,12,1年,Member (1 year),,不明,,,2,5,0,2026-09-17 23:30,2026-10-02 23:31,,,https://www.youtube.com/channel/UCGdSAIyHKd8xYkHjAsDZcUQ
UCi_ax7bqB5VGTJCaZ5iSmig,@hat5u,12,1年,Member (1 year),,不明,,,2,2,0,2026-09-17 23:30,2026-09-20 23:00,,,https://www.youtube.com/channel/UCi_ax7bqB5VGTJCaZ5iSmig
UC52Woa5Ajgi3j6bb-S3ZdOg,@鴉鳥atori佳奈多,12,1年,Member (1 year),,不明,,,2,2,0,2026-09-19 22:00,2026-10-09 00:00,,,https://www.youtube.com/channel/UC52Woa5Ajgi3j6bb-S3ZdOg
UCRNHrRz_6LZQkGFItiFG1EQ,@下僕カワウソ,12,1年,Member (1 year),,不明,,,2,15,0,2026-09-19 22:00,2026-09-23 23:01,,,https://www.youtube.com/channel/UCRNHrRz_6LZQkGFItiFG1EQ
UCEUiJWjeaBKa6PEq7xddKgA,@のどかな田園風景,12,1年,Member (1 year),,不明,,,2,2,0,2026-09-20 09:25,2026-09-21 21:00,,,https://www.youtube.com/channel/UCEUiJWjeaBKa6PEq7xddKgA
UCfzNhy20eoanm3nsX4raNag,@しっこく-ex7,12,1年,Member (1 year),,不明,,,2,8,0,2026-09-20 09:25,2026-09-20 23:00,,,https://www.youtube.com/channel/UCfzNhy20eoanm3nsX4raNag
UCFfAhmbLl5uQQDyipTEOn2Q,@mino2090,12,1年,Member (1 year),,不明,,,2,2,0,2026-09-20 23:00,2026-10-09 00:00,,,https://www.youtube.com/channel/UCFfAhmbLl5uQQDyipTEOn2Q
UCQC0FY1ufVOG0TUawezz0Dg,@れっさーぐま,12,1年,Member (1 year),,不明,,,2,2,0,2026-09-20 23:00,2026-10-02 23:31,,,https://www.youtube.com/channel/UCQC0FY1ufVOG0TUawezz0Dg
UCd8echeKXu_gO1Eqm-zqbvQ,@もももももも-c3e,12,1年,Member (1 year),,不明,,,2,2,0,2026-09-20 23:00,2026-09-23 23:01,,,https://www.youtube.com/channel/UCd8echeKXu_gO1Eqm-zqbvQ
UCQ-VL9ompUG8IE7ZF_vjDAQ,@オギバヤシ,12,1年,Member (1 year),,不明,,,2,4,0,2026-09-21 21:00,2026-10-03 23:31,,,https://www.youtube.com/channel/UCQ-VL9ompUG8IE7ZF_vjDAQ
UCRBs06RPsPL5kcYwuWyQXLg,@lumies8860,12,1年,Member (1 year),,不明,,,2,5,0,2026-09-21 21:00,2026-10-09 00:00,,,https://www.youtube.com/channel/UCRBs06RPsPL5kcYwuWyQXLg
UCoDL78qNhB3AyQeCxu4T-8g,@lフィンス,12,1年,Member (1 year),,不明,,,2,4,0,2026-09-21 21:00,2026-09-22 22:01,,,https://www.youtube.com/channel/UCoDL78qNhB3AyQeCxu4T-8g
UC70NTorHZJciRoJK8JrpnJw,@noosinn,12,1年,Member (1 year),,不明,,,2,5,0,2026-09-21 21:00,2026-09-22 22:01,,,https://www.youtube.com/channel/UC70NTorHZJciRoJK8JrpnJw
UChuEwqko2CPmrHWocqaDm9w,@allan6741,12,1年,Member (1 year),,不明,,,2,102,0,2026-09-23 23:01,2026-09-26 23:30,,,https://www.youtube.com/channel/UChuEwqko2CPmrHWocqaDm9w
UC8xt0itzzxI-pPXge4oNWWw,@ほーきぼし,12,1年,Member (1 year),,不明,,,2,7,0,2026-09-26 23:30,2026-10-01 23:30,,,https://www.youtube.com/channel/UC8xt0itzzxI-pPXge4oNWWw
UCyBgap4q8Zzx2hRwnpLHJOw,@あいきあさめ,12,1年,Member (1 year),,不明,,,2,17,0,2026-09-26 23:30,2026-10-03 23:31,,,https://www.youtube.com/channel/UCyBgap4q8Zzx2hRwnpLHJOw
UCmq-JX116eBMWi1kPjIydSg,@bellkuro3944,12,1年,Member (1 year),,不明,,,2,2,0,2026-09-26 23:30,2026-09-27 23:30,,,https://www.youtube.com/channel/UCmq-JX116eBMWi1kPjIydSg
UCnDmsCFarnbTyNgXO5xakPQ,@盈月-h1t,12,1年,Member (1 year),,不明,,,1,3,0,2026-09-12 23:31,2026-09-12 23:31,,,https://www.youtube.com/channel/UCnDmsCFarnbTyNgXO5xakPQ
UCv4OYiFyIdwJs2-8IJVph_A,@yakumo1102,12,1年,Member (1 year),,不明,,,1,4,0,2026-09-12 23:31,2026-09-12 23:31,,,https://www.youtube.com/channel/UCv4OYiFyIdwJs2-8IJVph_A
UCcxlJSy4kQLQ5c_WhiA9Thw,@水社,12,1年,Member (1 year),,不明,,,1,1,0,2026-09-16 23:30,2026-09-16 23:30,,,https://www.youtube.com/channel/UCcxlJSy4kQLQ5c_WhiA9Thw
UCLiwTtYYGU6zEUuQF7pLGPA,@るん-t6l,12,1年,Member (1 year),,不明,,,1,1,0,2026-09-16 23:30,2026-09-16 23:30,,,https://www.youtube.com/channel/UCLiwTtYYGU6zEUuQF7pLGPA
UCyu_scXDbOewsNr55LK8BGw,@めしゆり-r8x,12,1年,Member (1 year),,不明,,,1,2,0,2026-09-19 22:00,2026-09-19 22:00,,,https://www.youtube.com/channel/UCyu_scXDbOewsNr55LK8BGw
UC8vLt0gv5KRq4rOuoet0nvQ,@shinp7919,12,1年,Member (1 year),,不明,,,1,1,0,2026-09-19 22:00,2026-09-19 22:00,,,https://www.youtube.com/channel/UC8vLt0gv5KRq4rOuoet0nvQ
UCW6cAAKOEWq7b6Ea_aSKxgg,@ネギトロ-z1z,12,1年,Member (1 year),,不明,,,1,1,0,2026-09-19 22:00,2026-09-19 22:00,,,https://www.youtube.com/channel/UCW6cAAKOEWq7b6Ea_aSKxgg
UCyV-5fo3L6kRomkDfcHDgWQ,@Sハラショー,12,1年,Member (1 year),,不明,,,1,9,0,2026-09-20 09:25,2026-09-20 09:25,,,https://www.youtube.com/channel/UCyV-5fo3L6kRomkDfcHDgWQ
UCyEgRwCoFkPScVFHVnUYqpA,@ハル__0411,12,1年,Member (1 year),,不明,,,1,1,0,2026-09-20 09:25,2026-09-20 09:25,,,https://www.youtube.com/channel/UCyEgRwCoFkPScVFHVnUYqpA
UCNYn5xUaU4NqEwCFDjLAruA,@松岡まさみ-n8z,12,1年,Member (1 year),,不明,,,1,1,0,2026-09-20 23:00,2026-09-20 23:00,,,https://www.youtube.com/channel/UCNYn5xUaU4NqEwCFDjLAruA
UCmpTExLCyGAj38sypUTeXrg,@yamato87383,12,1年,Member (1 year),,不明,,,1,1,0,2026-09-20 23:00,2026-09-20 23:00,,,https://www.youtube.com/channel/UCmpTExLCyGAj38sypUTeXrg
UCHBdG5B8ntt0aXxHFSK9w5Q,@odoryakusomori,12,1年,Member (1 year),,不明,,,1,3,0,2026-09-21 21:00,2026-09-21 21:00,,,https://www.youtube.com/channel/UCHBdG5B8ntt0aXxHFSK9w5Q
UCB6WC8t1gZ3_Ag_z57PiXEQ,@zir385,12,1年,Member (1 year),,不明,,,1,4,0,2026-09-21 21:00,2026-09-21 21:00,,,https://www.youtube.com/channel/UCB6WC8t1gZ3_Ag_z57PiXEQ
UCidS7oFNllVi6QiZ--2be9A,@ヤーナム生まれ一般人,12,1年,Member (1 year),,不明,,,1,1,0,2026-09-21 21:00,2026-09-21 21:00,,,https://www.youtube.com/channel/UCidS7oFNllVi6QiZ--2be9A
UCJka10z1YbKwQzaWd0Vnr4A,@ゆうゆyuu,12,1年,Member (1 year),,不明,,,1,4,0,2026-09-22 22:01,2026-09-22 22:01,,,https://www.youtube.com/channel/UCJka10z1YbKwQzaWd0Vnr4A
UCN-Ia8Q5FfYV8QWFneujZow,@Zaめ,12,1年,Member (1 year),,不明,,,1,1,0,2026-09-23 23:01,2026-09-23 23:01,,,https://www.youtube.com/channel/UCN-Ia8Q5FfYV8QWFneujZow
UCEUnZMRseHN_RjcRUtzug8g,@NinjaCAT-Rucelk,12,1年,Member (1 year),,不明,,,1,1,0,2026-09-23 23:01,2026-09-23 23:01,,,https://www.youtube.com/channel/UCEUnZMRseHN_RjcRUtzug8g
UCirzkz7BhembnyWLa0bZ8Kw,@Tテツジン-466,12,1年,Member (1 year),,不明,,,1,1,0,2026-09-26 23:30,2026-09-26 23:30,,,https://www.youtube.com/channel/UCirzkz7BhembnyWLa0bZ8Kw
UCMipTCwTLFHsuzG9dxvVwSQ,@にゃお_nyao,12,1年,Member (1 year),,不明,,,1,42,1,2026-09-26 23:30,2026-09-26 23:30,,,https://www.youtube.com/channel/UCMipTCwTLFHsuzG9dxvVwSQ
UC-DRMuJ5gQgccftirnz-7Jw,@わいじぇい_yj,12,1年,Member (1 year),,不明,,,1,1,0,2026-10-02 23:31,2026-10-02 23:31,,,https://www.youtube.com/channel/UC-DRMuJ5gQgccftirnz-7Jw
UC4-y5goNLlKWIxnVgmxPA_g,@siyuatしゆあっと,12,1年,Member (1 year),,不明,,,1,1,0,2026-10-02 23:31,2026-10-02 23:31,,,https://www.youtube.com/channel/UC4-y5goNLlKWIxnVgmxPA_g
UCJ9CflyosHSsUxk43VbwhCQ,@leandro_レアンドロ,12,1年,Member (1 year),,不明,,,1,1,0,2026-10-02 23:31,2026-10-02 23:31,,,https://www.youtube.com/channel/UCJ9CflyosHSsUxk43VbwhCQ
UCmyFPR4f9uJ-kHwU539aAtw,@olrun.1192,12,1年,Member (1 year),,不明,,,1,1,0,2026-10-05 23:00,2026-10-05 23:00,,,https://www.youtube.com/channel/UCmyFPR4f9uJ-kHwU539aAtw
UCpY1B8OlQm_yEa0rK7Y0emA,@コンテナ_RB-79,12,1年,Member (1 year),,不明,,,1,4,0,2026-10-09 00:00,2026-10-09 00:00,,,https://www.youtube.com/channel/UCpY1B8OlQm_yEa0rK7Y0emA
UCkSntpb-cRc7prkEO7ONB0w,@ロストマン6310,12,1年,Member (1 year),,不明,,,1,24,0,2026-10-09 00:00,2026-10-09 00:00,,,https://www.youtube.com/channel/UCkSntpb-cRc7prkEO7ONB0w
UCYmEBcTIi_KzVtYlMFvEvYQ,@あれおaleo1388,6,6ヶ月,Member (6 months),,不明,,,22,99,0,2026-09-10 23:01,2026-10-09 00:00,,,https://www.youtube.com/channel/UCYmEBcTIi_KzVtYlMFvEvYQ
UCpj5I5_KzPkWQW6pfGGlq_A,@魔王剣,6,6ヶ月,Member (6 months),,不明,,,22,256,0,2026-09-10 23:01,2026-10-09 00:00,,,https://www.youtube.com/channel/UCpj5I5_KzPkWQW6pfGGlq_A
UCnqI203zSW0gPToZDm6DGrg,@スミクロ.sumisumi,6,6ヶ月,Member (6 months),,不明,,,22,3894,1,2026-09-10 23:01,2026-10-09 00:00,,,https://www.youtube.com/channel/UCnqI203zSW0gPToZDm6DGrg
UCCOcfcoBEjU8wcfPW1HcSyA,@マモ卿,6,6ヶ月,Member (6 months),,不明,,,22,1832,0,2026-09-10 23:01,2026-10-09 00:00,,,https://www.youtube.com/channel/UCCOcfcoBEjU8wcfPW1HcSyA
UC53Vt1BUZrAcM0HBaHzoijA,@kai-me1nd,6,6ヶ月,Member (6 months),,不明,,,22,772,0,2026-09-10 23:01,2026-10-09 00:00,,,https://www.youtube.com/channel/UC53Vt1BUZrAcM0HBaHzoijA
UCB1FvoNKyOz9NfvN0Ph2dhQ,@あるてあ-l6t,6,6ヶ月,Member (6 months),,不明,,,22,5006,0,2026-09-10 23:01,2026-10-09 00:00,,,https://www.youtube.com/channel/UCB1FvoNKyOz9NfvN0Ph2dhQ
UCDue3NhZgQsSqNuI4rJQC9w,@花形満.326,6,6ヶ月,Member (6 months),,不明,,,22,1940,0,2026-09-10 23:01,2026-10-09 00:00,,,https://www.youtube.com/channel/UCDue3NhZgQsSqNuI4rJQC9w
UCRi21PFYLumBAt9HNu-c05w,@ayaeve8332,6,6ヶ月,Member (6 months),,不明,,,22,223,0,2026-09-10 23:01,2026-10-09 00:00,,,https://www.youtube.com/channel/UCRi21PFYLumBAt9HNu-c05w
UCjvXQM68HaE_WcJWUNzJMGw,@妖精人形,6,6ヶ月,Member (6 months),,不明,,,22,2870,0,2026-09-10 23:01,2026-10-09 00:00,,,https://www.youtube.com/channel/UCjvXQM68HaE_WcJWUNzJMGw
UC0fs2Af3cyGBVXVG56-TN7w,@あ.た.り.め,6,6ヶ月,Member (6 months),,不明,,,22,403,0,2026-09-10 23:01,2026-10-09 00:00,,,https://www.youtube.com/channel/UC0fs2Af3cyGBVXVG56-TN7w
UCIzisKC0TlBne5KxJ-S6Vcw,@涼守-i8n,6,6ヶ月,Member (6 months),,不明,,,22,1099,0,2026-09-10 23:01,2026-10-09 00:00,,,https://www.youtube.com/channel/UCIzisKC0TlBne5KxJ-S6Vcw
UCzNkOFG85veEFpFPMmgG3_g,@KEI-gm3rd,6,6ヶ月,Member (6 months),,不明,,,22,115,0,2026-09-10 23:01,2026-10-09 00:00,,,https://www.youtube.com/channel/UCzNkOFG85veEFpFPMmgG3_g
UCmrsCO_7wV7f0-S0kA2toCQ,@シャリ抜きうどん,6,6ヶ月,Member (6 months),,不明,,,22,489,0,2026-09-10 23:01,2026-10-09 00:00,,,https://www.youtube.com/channel/UCmrsCO_7wV7f0-S0kA2toCQ
UCcy7G_T7q4gCkMHgSLIMyhw,@アストラの騎士01,6,6ヶ月,Member (6 months),,不明,,,22,542,1,2026-09-10 23:01,2026-10-09 00:00,,,https://www.youtube.com/channel/UCcy7G_T7q4gCkMHgSLIMyhw
UCdaTV3IaRWhVvwgOcaxQvlw,@heute_zzz,6,6ヶ月,Member (6 months),,不明,,,22,310,0,2026-09-10 23:01,2026-10-09 00:00,,,https://www.youtube.com/channel/UCdaTV3IaRWhVvwgOcaxQvlw
UCw5dN7AXXYSDs_Y2HFyG6rA,@ChikaChikaBonito,6,6ヶ月,Member (6 months),,魔界レベル1,再加入/レベル変更,,22,408,0,2026-09-10 23:01,2026-10-09 00:00,,,https://www.youtube.com/channel/UCw5dN7AXXYSDs_Y2HFyG6rA
UCx2AraDjiZgsl1r0uFpAVvg,@lましゅまろl,6,6ヶ月,Member (6 months),,不明,,,22,1061,0,2026-09-10 23:01,2026-10-09 00:00,,,https://www.youtube.com/channel/UCx2AraDjiZgsl1r0uFpAVvg
UCWgAyO07-vA7cpC6C6kASmg,@四獅,6,6ヶ月,Member (6 months),,不明,,,22,819,0,2026-09-10 23:01,2026-10-09 00:00,,,https://www.youtube.com/channel/UCWgAyO07-vA7cpC6C6kASmg
UC-SO32Mg-ZRAkBM0l_ePFxw,@士ロミ,6,6ヶ月,Member (6 months),,不明,,,21,753,0,2026-09-10 23:01,2026-10-09 00:00,,,https://www.youtube.com/channel/UC-SO32Mg-ZRAkBM0l_ePFxw
UCac1O3CwavmTCCA9uYqAvkQ,@中嶋コウ,6,6ヶ月,Member (6 months),,不明,,,21,463,0,2026-09-10 23:01,2026-10-09 00:00,,,https://www.youtube.com/channel/UCac1O3CwavmTCCA9uYqAvkQ
UCqLRT-GJ3hW7AM1bZGoLVHA,@ponta-of-cat,6,6ヶ月,Member (6 months),,不明,,,21,6420,1,2026-09-10 23:01,2026-10-09 00:00,,,https://www.youtube.com/channel/UCqLRT-GJ3hW7AM1bZGoLVHA
UCkdx7IDCidF2aBrkw7-DPHQ,@最春,6,6ヶ月,Member (6 months),,不明,,,21,53,0,2026-09-10 23:01,2026-10-09 00:00,,,https://www.youtube.com/channel/UCkdx7IDCidF2aBrkw7-DPHQ
UCrgWd6Q9wZBA5Fxw-JIxyQA,@ぺぺち-ルルコン621,6,6ヶ月,Member (6 months),,不明,,,21,189,0,2026-09-10 23:01,2026-10-09 00:00,,,https://www.youtube.com/channel/UCrgWd6Q9wZBA5Fxw-JIxyQA
UCHX0kw5_1IUhFKkLSElC80A,@MIKAN-n3u,6,6ヶ月,Member (6 months),,不明,,,21,498,0,2026-09-10 23:01,2026-10-09 00:00,,,https://www.youtube.com/channel/UCHX0kw5_1IUhFKkLSElC80A
UCd0gvbWphg2Td_nIUZ4Agyw,@元気なハマチ,6,6ヶ月,Member (6 months),,不明,,,21,602,0,2026-09-10 23:01,2026-10-09 00:00,,,https://www.youtube.com/channel/UCd0gvbWphg2Td_nIUZ4Agyw
UCNRagRfFZd--lYSrsMqxqpA,@アトリエマニア,6,6ヶ月,Member (6 months),,不明,,,21,1033,0,2026-09-10 23:01,2026-10-09 00:00,,,https://www.youtube.com/channel/UCNRagRfFZd--lYSrsMqxqpA
UCNB16pIcOlflcm1qm0MGlxQ,@蒼崎あおい,6,6ヶ月,Member (6 months),,不明,,,21,174,0,2026-09-10 23:01,2026-10-09 00:00,,,https://www.youtube.com/channel/UCNB16pIcOlflcm1qm0MGlxQ
UCiPCKMwvRWvPZFk9F1ZfMyw,@波動パン,6,6ヶ月,Member (6 months),,不明,,,21,431,0,2026-09-10 23:01,2026-10-09 00:00,,,https://www.youtube.com/channel/UCiPCKMwvRWvPZFk9F1ZfMyw
UCyw8dWvcXKbMijpOLCwqDFA,@アイコンおろし,6,6ヶ月,Member (6 months),,不明,,,21,388,0,2026-09-10 23:01,2026-10-09 00:00,,,https://www.youtube.com/channel/UCyw8dWvcXKbMijpOLCwqDFA
UCNaC9imqQaOON554rmWOchQ,@白水シムロ,6,6ヶ月,Member (6 months),,不明,,,21,72,0,2026-09-10 23:01,2026-10-09 00:00,,,https://www.youtube.com/channel/UCNaC9imqQaOON554rmWOchQ
UCtKF8UHW8Ifw3QnvM885t4Q,@human2253,6,6ヶ月,Member (6 months),,不明,,,21,113,0,2026-09-10 23:01,2026-10-09 00:00,,,https://www.youtube.com/channel/UCtKF8UHW8Ifw3QnvM885t4Q
UC_5LxwTdQcn_NG0lm2DL9xg,@岩永ピサロ,6,6ヶ月,Member (6 months),,不明,,,21,366,0,2026-09-10 23:01,2026-10-09 00:00,,,https://www.youtube.com/channel/UC_5LxwTdQcn_NG0lm2DL9xg
UCMB1xltjSTXKHHikTkVbpdg,@黒カエル-c9q,6,6ヶ月,Member (6 months),,不明,,,20,41,0,2026-09-10 23:01,2026-10-09 00:00,,,https://www.youtube.com/channel/UCMB1xltjSTXKHHikTkVbpdg
UCzc2INxd-w4HC2sDvtFIM4w,@スズメのハツ,6,6ヶ月,Member (6 months),,不明,,,20,1638,0,2026-09-10 23:01,2026-10-09 00:00,,,https://www.youtube.com/channel/UCzc2INxd-w4HC2sDvtFIM4w
UCCZZMDbvQOYVLcagQ0IbTJA,@tnoris-d2i,6,6ヶ月,Member (6 months),,不明,,,20,807,0,2026-09-10 23:01,2026-10-09 00:00,,,https://www.youtube.com/channel/UCCZZMDbvQOYVLcagQ0IbTJA
UC01_77xlIkT4XBWzh8ZJ_hg,@夏蜜柑-n7y,6,6ヶ月,Member (6 months),,不明,,,20,129,0,2026-09-10 23:01,2026-10-07 23:32,,,https://www.youtube.com/channel/UC01_77xlIkT4XBWzh8ZJ_hg
UCgWL1UtQBwqocCUnRxQuNCA,@ふぃる-b19,6,6ヶ月,Member (6 months),,不明,,,20,119,0,2026-09-10 23:01,2026-10-09 00:00,,,https://www.youtube.com/channel/UCgWL1UtQBwqocCUnRxQuNCA
UCpEYWGAxSMkHbF_gDIKtXdg,@ちっくん.aogyuunyuu,6,6ヶ月,Member (6 months),,不明,,,20,460,0,2026-09-10 23:01,2026-10-09 00:00,,,https://www.youtube.com/channel/UCpEYWGAxSMkHbF_gDIKtXdg
UCv7jYa0dgHMPjdw-CsnN33A,@のりさん-s4r,6,6ヶ月,Member (6 months),,不明,,,20,488,0,2026-09-10 23:01,2026-10-09 00:00,,,https://www.youtube.com/channel/UCv7jYa0dgHMPjdw-CsnN33A
UCQHzBx5zmMUlZJod52ZgowQ,@遠野シキ-l6d,6,6ヶ月,Member (6 months),,不明,,,20,240,0,2026-09-10 23:01,2026-10-09 00:00,,,https://www.youtube.com/channel/UCQHzBx5zmMUlZJod52ZgowQ
UCItHLNDRJ0ZQSMkXG6xW9vQ,@伝説ぐみそ-unko,6,6ヶ月,Member (6 months),,不明,,,20,458,0,2026-09-12 23:31,2026-10-09 00:00,,,https://www.youtube.com/channel/UCItHLNDRJ0ZQSMkXG6xW9vQ
UCNad79P9EXhtO2dXGJegR9g,@ささみ-g6n,6,6ヶ月,Member (6 months),,不明,,,20,138,0,2026-09-12 23:31,2026-10-09 00:00,,,https://www.youtube.com/channel/UCNad79P9EXhtO2dXGJegR9g
UCyy-4QzQ8jGQe_8-pZmULtA,@霧嶋-g5u,6,6ヶ月,Member (6 months),,不明,,,19,644,0,2026-09-10 23:01,2026-10-09 00:00,,,https://www.youtube.com/channel/UCyy-4QzQ8jGQe_8-pZmULtA
UCcUTukf-xIMEJk7o5wbs6mw,@user-OREO,6,6ヶ月,Member (6 months),,不明,,,19,175,0,2026-09-10 23:01,2026-10-09 00:00,,,https://www.youtube.com/channel/UCcUTukf-xIMEJk7o5wbs6mw
UC1YIRTzGd1GJvkJDWEPrZvg,@ゲーム好きのアリア,6,6ヶ月,Member (6 months),,不明,,,19,44,0,2026-09-10 23:01,2026-10-09 00:00,,,https://www.youtube.com/channel/UC1YIRTzGd1GJvkJDWEPrZvg
UC6EZv28rSZpO_tpTfrjJMnA,@天下泰平-z7b,6,6ヶ月,Member (6 months),,不明,,,19,21,0,2026-09-10 23:01,2026-10-09 00:00,,,https://www.youtube.com/channel/UC6EZv28rSZpO_tpTfrjJMnA
UCMBEffR2MR4EbotKYnaK43Q,@霧崎冬馬,6,6ヶ月,Member (6 months),,不明,,,19,35,0,2026-09-10 23:01,2026-10-09 00:00,,,https://www.youtube.com/channel/UCMBEffR2MR4EbotKYnaK43Q
UCKQz6fxhAzU-Hqu_jtNOQUA,@mokou0928,6,6ヶ月,Member (6 months),,不明,,,19,4168,0,2026-09-10 23:01,2026-10-09 00:00,,,https://www.youtube.com/channel/UCKQz6fxhAzU-Hqu_jtNOQUA
UCFbHpPWnKlRhDYPELcVO-Yw,@たーと-l1z,6,6ヶ月,Member (6 months),,不明,,,19,195,0,2026-09-10 23:01,2026-10-09 00:00,,,https://www.youtube.com/channel/UCFbHpPWnKlRhDYPELcVO-Yw
UCMexkhIZilB-OHHpv9OwXwg,@絶対無敵-d8m,6,6ヶ月,Member (6 months),,不明,,,19,555,0,2026-09-12 23:31,2026-10-09 00:00,,,https://www.youtube.com/channel/UCMexkhIZilB-OHHpv9OwXwg
UCjhmv0vjZ68c_14F4c9oxGQ,@SKF_Ver2,6,6ヶ月,Member (6 months),,不明,,,19,183,0,2026-09-12 23:31,2026-10-09 00:00,,,https://www.youtube.com/channel/UCjhmv0vjZ68c_14F4c9oxGQ
UCae1HUhu1CLqYbPQ848zefQ,@JackNewbie555,6,6ヶ月,Member (6 months),,不明,,,18,769,0,2026-09-10 23:01,2026-10-09 00:00,,,https://www.youtube.com/channel/UCae1HUhu1CLqYbPQ848zefQ
UCJznC3kt-iTQeJeySP-p7KQ,@カツ-y8x,6,6ヶ月,Member (6 months),,不明,,,18,461,0,2026-09-10 23:01,2026-10-09 00:00,,,https://www.youtube.com/channel/UCJznC3kt-iTQeJeySP-p7KQ
UCcGrB5TrxAxJ4KN9mrTzXag,@kei5982,6,6ヶ月,Member (6 months),,不明,,,18,121,0,2026-09-10 23:01,2026-10-09 00:00,,,https://www.youtube.com/channel/UCcGrB5TrxAxJ4KN9mrTzXag
UCWg78mgyVmmwAeBKPY2HRMA,@y3葛城亜希,6,6ヶ月,Member (6 months),,不明,,,18,82,0,2026-09-10 23:01,2026-10-09 00:00,,,https://www.youtube.com/channel/UCWg78mgyVmmwAeBKPY2HRMA
UCGyjycfqMl5ASPDhGbCoYNg,@みぃでらごみむし-u3l,6,6ヶ月,Member (6 months),,不明,,,18,260,0,2026-09-12 23:31,2026-10-09 00:00,,,https://www.youtube.com/channel/UCGyjycfqMl5ASPDhGbCoYNg
UCajfqrdg6ZjCV_YSITZE3Gw,@ヒャッキヘイ,6,6ヶ月,Member (6 months),,不明,,,18,457,0,2026-09-16 23:30,2026-10-09 00:00,,,https://www.youtube.com/channel/UCajfqrdg6ZjCV_YSITZE3Gw
UC0vWzHeJgQ61_9-VWsXdr3Q,@そくまる-k3d,6,6ヶ月,Member (6 months),,不明,,,17,94,0,2026-09-10 23:01,2026-10-09 00:00,,,https://www.youtube.com/channel/UC0vWzHeJgQ61_9-VWsXdr3Q
UC3w_hGaG_z9MASMDwxLYS4Q,@oneocean6666,6,6ヶ月,Member (6 months),,不明,,,17,69,0,2026-09-10 23:01,2026-10-07 23:32,,,https://www.youtube.com/channel/UC3w_hGaG_z9MASMDwxLYS4Q
UCVqzovuTzUpaA8W_rYeXyNw,@ilovelongstream,6,6ヶ月,Member (6 months),,不明,,,17,536,0,2026-09-10 23:01,2026-10-09 00:00,,,https://www.youtube.com/channel/UCVqzovuTzUpaA8W_rYeXyNw
UCrJYiC1dMCIw_FBc2zo6o6A,@yy-hc5sl,6,6ヶ月,Member (6 months),,不明,,,17,18,0,2026-09-10 23:01,2026-10-07 23:32,,,https://www.youtube.com/channel/UCrJYiC1dMCIw_FBc2zo6o6A
UCuTah-mqs-HExo0-Debeogw,@もち-r6l,6,6ヶ月,Member (6 months),,不明,,,17,3097,0,2026-09-10 23:01,2026-10-09 00:00,,,https://www.youtube.com/channel/UCuTah-mqs-HExo0-Debeogw
UCujDt5634T-DfDn3xwqeS_Q,@でんでんむし-t2p,6,6ヶ月,Member (6 months),,不明,,,17,404,0,2026-09-10 23:01,2026-10-05 23:00,,,https://www.youtube.com/channel/UCujDt5634T-DfDn3xwqeS_Q
UCJ2qD-dsrp0QB_vcQaqan4w,@Kammy696,6,6ヶ月,Member (6 months),,不明,,,17,428,0,2026-09-10 23:01,2026-10-09 00:00,,,https://www.youtube.com/channel/UCJ2qD-dsrp0QB_vcQaqan4w
UC0sj4TgB7zZcUKT6TJnfLJw,@__Lok__,6,6ヶ月,Member (6 months),,不明,,,17,836,0,2026-09-12 23:31,2026-10-05 23:00,,,https://www.youtube.com/channel/UC0sj4TgB7zZcUKT6TJnfLJw
UCgrqgoLZ0KpgSTJ9Q4u8QfA,@memenana30,6,6ヶ月,Member (6 months),,不明,,,16,115,0,2026-09-10 23:01,2026-10-09 00:00,,,https://www.youtube.com/channel/UCgrqgoLZ0KpgSTJ9Q4u8QfA
UCo-zDJrDrxnUhUS1KZCugjQ,@tsutetofu,6,6ヶ月,Member (6 months),,不明,,,16,1066,0,2026-09-10 23:01,2026-10-09 00:00,,,https://www.youtube.com/channel/UCo-zDJrDrxnUhUS1KZCugjQ
UCe7FOVdA8wsjMh_2S4yzULw,@R3gular,6,6ヶ月,Member (6 months),,魔界レベル1,再加入/レベル変更,,16,2151,0,2026-09-12 23:31,2026-10-09 00:00,,,https://www.youtube.com/channel/UCe7FOVdA8wsjMh_2S4yzULw
UCiT2v36c5FcObOThuPVySdA,@ヴィクトリカ林,6,6ヶ月,Member (6 months),,不明,,,16,1868,0,2026-09-19 22:00,2026-10-09 00:00,,,https://www.youtube.com/channel/UCiT2v36c5FcObOThuPVySdA
UCI_A5MmvNN9V6bRvMSfHwvQ,@パンプニン,6,6ヶ月,Member (6 months),,不明,,,15,107,0,2026-09-10 23:01,2026-10-09 00:00,,,https://www.youtube.com/channel/UCI_A5MmvNN9V6bRvMSfHwvQ
UCpm-O7w3Yz7_SY30AXKeTTQ,@aikotoba1,6,6ヶ月,Member (6 months),,不明,,,15,122,0,2026-09-10 23:01,2026-10-07 23:32,,,https://www.youtube.com/channel/UCpm-O7w3Yz7_SY30AXKeTTQ
UCZSh4u8eltryw9hKvK1WX9w,@クリンdesuyo,6,6ヶ月,Member (6 months),,不明,,,15,42,0,2026-09-10 23:01,2026-10-07 23:32,,,https://www.youtube.com/channel/UCZSh4u8eltryw9hKvK1WX9w
UC0VGaaH-N5SDrvKGuLGoSsg,@かぐら-o1h,6,6ヶ月,Member (6 months),,不明,,,15,36,0,2026-09-10 23:01,2026-10-07 23:32,,,https://www.youtube.com/channel/UC0VGaaH-N5SDrvKGuLGoSsg
UCR1MdSuLr2zmcw5xlko9WBA,@Kusatsu2,6,6ヶ月,Member (6 months),,不明,,,15,20,0,2026-09-12 23:31,2026-10-09 00:00,,,https://www.youtube.com/channel/UCR1MdSuLr2zmcw5xlko9WBA
UCiJ4oASxzS4Q2uqCMlZrBzg,@cうどん,6,6ヶ月,Member (6 months),,不明,,,15,102,0,2026-09-12 23:31,2026-10-09 00:00,,,https://www.youtube.com/channel/UCiJ4oASxzS4Q2uqCMlZrBzg
UCMrxvUPbujqjR84_sceLvzg,@如月梁-o9d,6,6ヶ月,Member (6 months),,不明,,,15,507,0,2026-09-13 23:30,2026-10-07 23:32,,,https://www.youtube.com/channel/UCMrxvUPbujqjR84_sceLvzg
UC6eJatsADSWV9uVFZpaVr4w,@トールclo,6,6ヶ月,Member (6 months),,不明,,,15,62,0,2026-09-16 23:30,2026-10-09 00:00,,,https://www.youtube.com/channel/UC6eJatsADSWV9uVFZpaVr4w
UCXlEIL7Ij_UASqkTD-_lMnw,@-yuumi9613,6,6ヶ月,Member (6 months),,不明,,,15,316,0,2026-09-16 23:30,2026-10-07 00:00,,,https://www.youtube.com/channel/UCXlEIL7Ij_UASqkTD-_lMnw
UCjahmy4KGjgM5louer4KHog,@ルカナ-koma,6,6ヶ月,Member (6 months),,不明,,,14,20,0,2026-09-10 23:01,2026-10-09 00:00,,,https://www.youtube.com/channel/UCjahmy4KGjgM5louer4KHog
UCCy1kN5hwfgWRyyYyj3gxzw,@okoge_WRX-STI,6,6ヶ月,Member (6 months),,不明,,,14,34,0,2026-09-10 23:01,2026-10-02 23:31,,,https://www.youtube.com/channel/UCCy1kN5hwfgWRyyYyj3gxzw
UC7lK3mW6FGX9Kfj1MHs8aCg,@九谷-i5j,6,6ヶ月,Member (6 months),,不明,,,14,41,0,2026-09-10 23:01,2026-10-09 00:00,,,https://www.youtube.com/channel/UC7lK3mW6FGX9Kfj1MHs8aCg
UCLYq4zYoS6NDXWP5fk5K8wQ,@Plum翁,6,6ヶ月,Member (6 months),,不明,,,14,69,0,2026-09-10 23:01,2026-09-30 23:30,,,https://www.youtube.com/channel/UCLYq4zYoS6NDXWP5fk5K8wQ
UCRnbDSLXZf5vTALj2UmXi8g,@JunMogy,6,6ヶ月,Member (6 months),,不明,,,14,100,0,2026-09-10 23:01,2026-10-09 00:00,,,https://www.youtube.com/channel/UCRnbDSLXZf5vTALj2UmXi8g
UCQ9iDNdImPBbUcJhvivW-Nw,@すてぃっちgames,6,6ヶ月,Member (6 months),,不明,,,14,36,0,2026-09-10 23:01,2026-09-27 23:30,,,https://www.youtube.com/channel/UCQ9iDNdImPBbUcJhvivW-Nw
UCdPm5jryoJPiFvFxHEPxL-A,@かるかんTURBO,6,6ヶ月,Member (6 months),,不明,,,14,116,0,2026-09-10 23:01,2026-10-09 00:00,,,https://www.youtube.com/channel/UCdPm5jryoJPiFvFxHEPxL-A
UCcgZNzWrpvebI7s62LdwU9Q,@GD_Dude梟,6,6ヶ月,Member (6 months),,不明,,,13,58,0,2026-09-10 23:01,2026-10-03 23:31,,,https://www.youtube.com/channel/UCcgZNzWrpvebI7s62LdwU9Q
UCIhc3Va0qxxQkvpvf9jZOmg,@XXNEX-yt,6,6ヶ月,Member (6 months),,不明,,,13,32,0,2026-09-10 23:01,2026-10-09 00:00,,,https://www.youtube.com/channel/UCIhc3Va0qxxQkvpvf9jZOmg
UCdkipFcmAJ5wopN5tuvmRXQ,@イキソ,6,6ヶ月,Member (6 months),,不明,,,13,115,0,2026-09-13 23:30,2026-10-09 00:00,,,https://www.youtube.com/channel/UCdkipFcmAJ5wopN5tuvmRXQ
UCyyP4OYxARQ-NNIh6nLsiBA,@とんがったちくわ,6,6ヶ月,Member (6 months),,不明,,,13,278,0,2026-09-16 23:30,2026-10-09 00:00,,,https://www.youtube.com/channel/UCyyP4OYxARQ-NNIh6nLsiBA
UC-8DH-_aSYSSnO1Lvcf06Og,@Jack-jn4ef,6,6ヶ月,Member (6 months),,不明,,,13,582,0,2026-09-16 23:30,2026-10-05 23:00,,,https://www.youtube.com/channel/UC-8DH-_aSYSSnO1Lvcf06Og
UCLoKc4sy5coq-M5F--2tZRA,@カフェイン-i3o,6,6ヶ月,Member (6 months),,不明,,,13,92,0,2026-09-17 23:30,2026-10-07 23:32,,,https://www.youtube.com/channel/UCLoKc4sy5coq-M5F--2tZRA
UCcz2W8E1d7dHj9xsYdFlS4Q,@フィル-fyl,6,6ヶ月,Member (6 months),,不明,,,12,4079,0,2026-09-10 23:01,2026-10-09 00:00,,,https://www.youtube.com/channel/UCcz2W8E1d7dHj9xsYdFlS4Q
UCTevuUIu9k2-wUFlMUc4cqg,@ぐまちゃんお喋り,6,6ヶ月,Member (6 months),,不明,,,12,4185,2,2026-09-10 23:01,2026-10-01 23:30,,,https://www.youtube.com/channel/UCTevuUIu9k2-wUFlMUc4cqg
UC-bS1ZuJxFNTyNn65vKFRIg,@いえっさp,6,6ヶ月,Member (6 months),,不明,,,12,27,0,2026-09-10 23:01,2026-10-03 23:31,,,https://www.youtube.com/channel/UC-bS1ZuJxFNTyNn65vKFRIg
UCQWbRMnTxbDr9Uae6-_MM2g,@かとー999,6,6ヶ月,Member (6 months),,不明,,,12,50,0,2026-09-10 23:01,2026-10-09 00:00,,,https://www.youtube.com/channel/UCQWbRMnTxbDr9Uae6-_MM2g
UCevDxoPUPtgQwd9WHpe0vpg,@みしんみしんみしん,6,6ヶ月,Member (6 months),,不明,,,12,542,0,2026-09-10 23:01,2026-10-03 23:31,,,https://www.youtube.com/channel/UCevDxoPUPtgQwd9WHpe0vpg
UCCK3NFniZ5E_ogn6wbsR2XA,@徒歩_toho,6,6ヶ月,Member (6 months),,不明,,,12,390,0,2026-09-10 23:01,2026-10-09 00:00,,,https://www.youtube.com/channel/UCCK3NFniZ5E_ogn6wbsR2XA
UC7oNyXkQcpG3qPVXvENK6RQ,@あーく-ac,6,6ヶ月,Member (6 months),,不明,,,12,312,0,2026-09-10 23:01,2026-10-09 00:00,,,https://www.youtube.com/channel/UC7oNyXkQcpG3qPVXvENK6RQ
UC-7PvbdhTjOCAseundKBmTQ,@samurai-i9i1l,6,6ヶ月,Member (6 months),,不明,,,12,25,0,2026-09-10 23:01,2026-10-09 00:00,,,https://www.youtube.com/channel/UC-7PvbdhTjOCAseundKBmTQ
UCkANDvvoWwAexWZIgCI0_Iw,@ファーブル-g9g,6,6ヶ月,Member (6 months),,不明,,,12,318,0,2026-09-12 23:31,2026-10-09 00:00,,,https://www.youtube.com/channel/UCkANDvvoWwAexWZIgCI0_Iw
UCsEXEGMkqKvT__Tkse02OGA,@SS-nv7xf,6,6ヶ月,Member (6 months),,不明,,,12,33,0,2026-09-12 23:31,2026-10-09 00:00,,,https://www.youtube.com/channel/UCsEXEGMkqKvT__Tkse02OGA
UCcFpF3_3g8VoqtAFV4YV8Iw,@Yoen295,6,6ヶ月,Member (6 months),,不明,,,12,83,0,2026-09-12 23:31,2026-10-07 00:00,,,https://www.youtube.com/channel/UCcFpF3_3g8VoqtAFV4YV8Iw
UCCz9xVyrK1l6qa63rbEs0Zg,@tetrun_てとらん,6,6ヶ月,Member (6 months),,不明,,,12,26,0,2026-09-15 23:30,2026-10-09 00:00,,,https://www.youtube.com/channel/UCCz9xVyrK1l6qa63rbEs0Zg
UCkJGmtYZyuzoR8tVlsEM5_Q,@たこ焼きtako-chan,6,6ヶ月,Member (6 months),,不明,,,12,29,0,2026-09-15 23:30,2026-10-09 00:00,,,https://www.youtube.com/channel/UCkJGmtYZyuzoR8tVlsEM5_Q
UCsGiRgX2DnDUfr4FS8h0NYA,@ぱんだ1234,6,6ヶ月,Member (6 months),,不明,,,11,1138,0,2026-09-10 23:01,2026-10-09 00:00,,,https://www.youtube.com/channel/UCsGiRgX2DnDUfr4FS8h0NYA
UCPaCzn2l_Ys0tA8TAK86eIg,@Arubavalley,6,6ヶ月,Member (6 months),,不明,,,11,47,0,2026-09-10 23:01,2026-10-09 00:00,,,https://www.youtube.com/channel/UCPaCzn2l_Ys0tA8TAK86eIg
UC4I8KP0CpuuGYzRUs4HVG0A,@はとり-Hatori,6,6ヶ月,Member (6 months),,不明,,,11,36,0,2026-09-10 23:01,2026-10-09 00:00,,,https://www.youtube.com/channel/UC4I8KP0CpuuGYzRUs4HVG0A
UClbvDek8aysB6FIPLPgosYg,@iroaca513,6,6ヶ月,Member (6 months),,不明,,,11,34,0,2026-09-10 23:01,2026-10-07 00:00,,,https://www.youtube.com/channel/UClbvDek8aysB6FIPLPgosYg
UCAqBaddY4EwOZT-jWu-fGkA,@キャトル-x7z,6,6ヶ月,Member (6 months),,不明,,,11,740,0,2026-09-10 23:01,2026-10-05 23:00,,,https://www.youtube.com/channel/UCAqBaddY4EwOZT-jWu-fGkA
UCKwkA-lS_weFXu69_35Xdyw,@サケむすび,6,6ヶ月,Member (6 months),,不明,,,11,41,0,2026-09-10 23:01,2026-10-09 00:00,,,https://www.youtube.com/channel/UCKwkA-lS_weFXu69_35Xdyw
UCV4PmS-yV0SJUDcS8w7akgw,@ベルツリーアユモニ,6,6ヶ月,Member (6 months),,不明,,,11,14,0,2026-09-12 23:31,2026-10-05 23:00,,,https://www.youtube.com/channel/UCV4PmS-yV0SJUDcS8w7akgw
UC820c037xfyQM0UocCCVstQ,@ばるたん-w7t,6,6ヶ月,Member (6 months),,不明,,,11,131,0,2026-09-12 23:31,2026-10-09 00:00,,,https://www.youtube.com/channel/UC820c037xfyQM0UocCCVstQ
UCueLxydxS16fn-RD2b4A3lw,@烏丸-v-四畳半,6,6ヶ月,Member (6 months),,不明,,,11,377,0,2026-09-12 23:31,2026-10-09 00:00,,,https://www.youtube.com/channel/UCueLxydxS16fn-RD2b4A3lw
UCNU4wNDMPpfXWwyQvN0-_Yw,@まきお-029,6,6ヶ月,Member (6 months),,不明,,,11,250,0,2026-09-15 23:30,2026-10-07 23:32,,,https://www.youtube.com/channel/UCNU4wNDMPpfXWwyQvN0-_Yw
UCZ9nJ_BQ4iY3MQAGH8opo7A,@温泉だしまきたまご,6,6ヶ月,Member (6 months),,不明,,,11,36,0,2026-09-15 23:30,2026-10-09 00:00,,,https://www.youtube.com/channel/UCZ9nJ_BQ4iY3MQAGH8opo7A
UCexuDCChFMo4lrmWtBqGWxw,@ATM_8492,6,6ヶ月,Member (6 months),,不明,,,11,53,0,2026-09-16 23:30,2026-10-09 00:00,,,https://www.youtube.com/channel/UCexuDCChFMo4lrmWtBqGWxw
UCfOyH4i71HNqvtZhZnMGh9A,@anomarikarisu,6,6ヶ月,Member (6 months),,不明,,,11,1181,0,2026-09-19 22:00,2026-10-09 00:00,,,https://www.youtube.com/channel/UCfOyH4i71HNqvtZhZnMGh9A
UC_Ye1CXTQLNtl-fBtjYZZ9g,@InabaMizuki,6,6ヶ月,Member (6 months),,不明,,,10,40,0,2026-09-10 23:01,2026-10-07 00:00,,,https://www.youtube.com/channel/UC_Ye1CXTQLNtl-fBtjYZZ9g
UCRCsB4VFhuKabX43NhVf09Q,@tensan8873,6,6ヶ月,Member (6 months),,不明,,,10,184,0,2026-09-10 23:01,2026-10-09 00:00,,,https://www.youtube.com/channel/UCRCsB4VFhuKabX43NhVf09Q
UCTdP9DbQCvyRhalERBhDUSA,@空五倍子色_うつぶしいろ,6,6ヶ月,Member (6 months),,不明,,,10,14,0,2026-09-12 23:31,2026-10-07 00:00,,,https://www.youtube.com/channel/UCTdP9DbQCvyRhalERBhDUSA
UCzSfmTX3_Q_w8g9OiA8zBVg,@ぼんば-x2r,6,6ヶ月,Member (6 months),,不明,,,10,23,0,2026-09-12 23:31,2026-10-09 00:00,,,https://www.youtube.com/channel/UCzSfmTX3_Q_w8g9OiA8zBVg
UCopXyf6UXiXJ45YNcqbXxHg,@りつ_ff14,6,6ヶ月,Member (6 months),,不明,,,10,50,0,2026-09-12 23:31,2026-10-09 00:00,,,https://www.youtube.com/channel/UCopXyf6UXiXJ45YNcqbXxHg
UCR0oite45rZFrRy0ZfPkn9w,@takuya601,6,6ヶ月,Member (6 months),,不明,,,10,17,0,2026-09-13 23:30,2026-10-09 00:00,,,https://www.youtube.com/channel/UCR0oite45rZFrRy0ZfPkn9w
UCJIJr2z5x845bRJh4JwA-AA,@ponpoko_nyamokichi,6,6ヶ月,Member (6 months),,不明,,,10,1208,0,2026-09-16 23:30,2026-10-09 00:00,,,https://www.youtube.com/channel/UCJIJr2z5x845bRJh4JwA-AA
UCzbuiJjycsyFN-E-N9ZHq5A,@shib-bb3tu,6,6ヶ月,Member (6 months),,不明,,,10,341,0,2026-09-16 23:30,2026-10-09 00:00,,,https://www.youtube.com/channel/UCzbuiJjycsyFN-E-N9ZHq5A
UCsFPiI3iSjVWwzgTlpMNFnA,@みく0723,6,6ヶ月,Member (6 months),,不明,,,10,97,0,2026-09-16 23:30,2026-10-09 00:00,,,https://www.youtube.com/channel/UCsFPiI3iSjVWwzgTlpMNFnA
UCFFaeVZFKp02i1yn1B75HDg,@つむぎ-p5e,6,6ヶ月,Member (6 months),,不明,,,9,30,0,2026-09-10 23:01,2026-10-03 23:31,,,https://www.youtube.com/channel/UCFFaeVZFKp02i1yn1B75HDg
UCnj5rllR_NPTVL4LUYaE7aQ,@xmikan,6,6ヶ月,Member (6 months),,不明,,,9,79,0,2026-09-10 23:01,2026-10-09 00:00,,,https://www.youtube.com/channel/UCnj5rllR_NPTVL4LUYaE7aQ
UCoy4cgheFgvA9rAieMjyyAg,@キャスターリボン,6,6ヶ月,Member (6 months),,不明,,,9,71,0,2026-09-10 23:01,2026-10-07 23:32,,,https://www.youtube.com/channel/UCoy4cgheFgvA9rAieMjyyAg
UCTGjugjevy-ROvP_SPxLvIA,@吟遊詩人クラモリ,6,6ヶ月,Member (6 months),,不明,,,9,119,0,2026-09-10 23:01,2026-10-01 23:30,,,https://www.youtube.com/channel/UCTGjugjevy-ROvP_SPxLvIA
UCoeCoXL7yTOdLvVK-iqtjIQ,@sirokujira-v9x,6,6ヶ月,Member (6 months),,不明,,,9,23,0,2026-09-12 23:31,2026-10-09 00:00,,,https://www.youtube.com/channel/UCoeCoXL7yTOdLvVK-iqtjIQ
UCup7P-kYhj0xODNzSajRL-g,@どらら-dorara,6,6ヶ月,Member (6 months),,不明,,,9,31,0,2026-09-12 23:31,2026-10-03 23:31,,,https://www.youtube.com/channel/UCup7P-kYhj0xODNzSajRL-g
UCH1zmvkyDfCr5bMJZ8eakJQ,@やま.明日から頑張るつもり,6,6ヶ月,Member (6 months),,不明,,,9,33,0,2026-09-12 23:31,2026-10-03 23:31,,,https://www.youtube.com/channel/UCH1zmvkyDfCr5bMJZ8eakJQ
UC4qQ3t12cXl-6R3KlOVV_Wg,@サーヤマ-r9i,6,6ヶ月,Member (6 months),,不明,,,9,26,0,2026-09-13 23:30,2026-09-26 23:30,,,https://www.youtube.com/channel/UC4qQ3t12cXl-6R3KlOVV_Wg
UCMA7qEZB71T3v3RpBmj39fA,@モルダビア,6,6ヶ月,Member (6 months),,不明,,,9,47,0,2026-09-15 23:30,2026-10-03 23:31,,,https://www.youtube.com/channel/UCMA7qEZB71T3v3RpBmj39fA
UCGS-U46q6oqOpjHSIrZAfQg,@パワー-l2d,6,6ヶ月,Member (6 months),,不明,,,9,934,0,2026-09-16 23:30,2026-10-05 23:00,,,https://www.youtube.com/channel/UCGS-U46q6oqOpjHSIrZAfQg
UCWWr0w5fuWnEyUZRCtxObKA,@あんとん1001ss,6,6ヶ月,Member (6 months),,不明,,,9,251,0,2026-09-19 22:00,2026-10-09 00:00,,,https://www.youtube.com/channel/UCWWr0w5fuWnEyUZRCtxObKA
UCvproJ0h6uILBMLByrOkmEQ,@ナナまる-7up,6,6ヶ月,Member (6 months),,不明,,,9,14,0,2026-09-20 09:25,2026-10-09 00:00,,,https://www.youtube.com/channel/UCvproJ0h6uILBMLByrOkmEQ
UCIiHEEywNEoIblULmhskhnA,@辺銀権三郎,6,6ヶ月,Member (6 months),,不明,,,8,176,0,2026-09-10 23:01,2026-10-09 00:00,,,https://www.youtube.com/channel/UCIiHEEywNEoIblULmhskhnA
UClHRDlURl2UhPCMybpd0GlA,@れむりー-5317,6,6ヶ月,Member (6 months),,不明,,,8,18,0,2026-09-12 23:31,2026-10-09 00:00,,,https://www.youtube.com/channel/UClHRDlURl2UhPCMybpd0GlA
UC1TthZRfgXTIHzvJItBWwTQ,@ぴゅーろ-s3h,6,6ヶ月,Member (6 months),,不明,,,8,27,0,2026-09-15 23:30,2026-10-09 00:00,,,https://www.youtube.com/channel/UC1TthZRfgXTIHzvJItBWwTQ
UCuvS6XeJIeTSZ_RNR0VN1Iw,@risu1259,6,6ヶ月,Member (6 months),,不明,,,8,103,0,2026-09-15 23:30,2026-10-03 23:31,,,https://www.youtube.com/channel/UCuvS6XeJIeTSZ_RNR0VN1Iw
UC4y-4WvWxx2AowgudsYAlZQ,@Ardentz1234,6,6ヶ月,Member (6 months),,不明,,,8,84,0,2026-09-16 23:30,2026-10-09 00:00,,,https://www.youtube.com/channel/UC4y-4WvWxx2AowgudsYAlZQ
UCuSRSzEeuKNZJFoBY6P-M1A,@ぉ_ゃ_っ,6,6ヶ月,Member (6 months),,魔界レベル1,再加入/レベル変更,,8,323,0,2026-09-16 23:30,2026-10-09 00:00,,,https://www.youtube.com/channel/UCuSRSzEeuKNZJFoBY6P-M1A
UC7GDQAwjSkbCJIpTrZHBh0Q,@ぎだ-gida0730,6,6ヶ月,Member (6 months),,不明,,,8,30,0,2026-09-17 23:30,2026-10-03 23:31,,,https://www.youtube.com/channel/UC7GDQAwjSkbCJIpTrZHBh0Q
UCGu84ZgIvy3zS_fGRJ__wcA,@Hirotein,6,6ヶ月,Member (6 months),,不明,,,8,20,0,2026-09-19 22:00,2026-10-09 00:00,,,https://www.youtube.com/channel/UCGu84ZgIvy3zS_fGRJ__wcA
UC5L6Zna58hRO-Sdf8c4HtPA,@黒木悠-1225,6,6ヶ月,Member (6 months),,不明,,,7,12,0,2026-09-10 23:01,2026-10-01 23:30,,,https://www.youtube.com/channel/UC5L6Zna58hRO-Sdf8c4HtPA
UCanY4-6WncDW1jTYdzGa-hw,@okb486,6,6ヶ月,Member (6 months),,不明,,,7,36,0,2026-09-12 23:31,2026-09-30 23:30,,,https://www.youtube.com/channel/UCanY4-6WncDW1jTYdzGa-hw
UC2VvU16m65hc2Na5ScLj_EA,@鋼龍-b2h,6,6ヶ月,Member (6 months),,不明,,,7,117,0,2026-09-12 23:31,2026-10-09 00:00,,,https://www.youtube.com/channel/UC2VvU16m65hc2Na5ScLj_EA
UC41Ea14NPmy7zY7AtZJM4NQ,@ハオ-x9l,6,6ヶ月,Member (6 months),,不明,,,7,17,0,2026-09-13 23:30,2026-10-02 23:31,,,https://www.youtube.com/channel/UC41Ea14NPmy7zY7AtZJM4NQ
UC4oJ1f9ciIX3cqI-EIMtT5A,@きなこもち-o2d,6,6ヶ月,Member (6 months),,不明,,,7,25,0,2026-09-13 23:30,2026-10-09 00:00,,,https://www.youtube.com/channel/UC4oJ1f9ciIX3cqI-EIMtT5A
UCBQfPx4h2fxrmweyRQug6nw,@GINGAYK,6,6ヶ月,Member (6 months),,不明,,,7,104,0,2026-09-13 23:30,2026-10-07 23:32,,,https://www.youtube.com/channel/UCBQfPx4h2fxrmweyRQug6nw
UCvJRy-r55_2WX6wKS50mE5A,@キャスバルレムダイクン-d2e,6,6ヶ月,Member (6 months),,不明,,,7,10,0,2026-09-13 23:30,2026-10-07 00:00,,,https://www.youtube.com/channel/UCvJRy-r55_2WX6wKS50mE5A
UCH-ZnXVzHuFM3nMobu5oOJg,@Istillduno,6,6ヶ月,Member (6 months),,不明,,,7,31,0,2026-09-13 23:30,2026-09-30 23:30,,,https://www.youtube.com/channel/UCH-ZnXVzHuFM3nMobu5oOJg
UCw3EQVvXJrwiAHLSFf1oXOw,@MRK箱推し,6,6ヶ月,Member (6 months),,不明,,,7,11,0,2026-09-15 23:30,2026-10-03 23:31,,,https://www.youtube.com/channel/UCw3EQVvXJrwiAHLSFf1oXOw
UCxvMmrv7BIo9ZTR1YxiUjCQ,@ウェザー-f5k0324,6,6ヶ月,Member (6 months),,不明,,,7,18,0,2026-09-15 23:30,2026-10-07 00:00,,,https://www.youtube.com/channel/UCxvMmrv7BIo9ZTR1YxiUjCQ
UCZpEsYGliCaW0LZYtvJoDTw,@mlms-まるます-048,6,6ヶ月,Member (6 months),,不明,,,7,19,0,2026-09-16 23:30,2026-10-05 23:00,,,https://www.youtube.com/channel/UCZpEsYGliCaW0LZYtvJoDTw
UC6xnGcnSeKgHFrt7ZyzkAJw,@花丸花吉,6,6ヶ月,Member (6 months),,不明,,,7,7,0,2026-09-16 23:30,2026-10-05 23:00,,,https://www.youtube.com/channel/UC6xnGcnSeKgHFrt7ZyzkAJw
UCPW8IBBZe0l4c6UmYfyxgzQ,@ゆっく-q6l,6,6ヶ月,Member (6 months),,不明,,,7,143,0,2026-09-16 23:30,2026-10-07 23:32,,,https://www.youtube.com/channel/UCPW8IBBZe0l4c6UmYfyxgzQ
UCFpiZM_3bo7Pnzf47Pda5oQ,@しがない警備員-u4n,6,6ヶ月,Member (6 months),,不明,,,7,27,0,2026-09-16 23:30,2026-10-02 23:31,,,https://www.youtube.com/channel/UCFpiZM_3bo7Pnzf47Pda5oQ
UCvcXWmhEiSyxNiJJd7IJ30g,@だいどころ-f4m,6,6ヶ月,Member (6 months),,不明,,,7,38,0,2026-09-16 23:30,2026-10-09 00:00,,,https://www.youtube.com/channel/UCvcXWmhEiSyxNiJJd7IJ30g
UCNk-VWwubXOfu0fnaikaHjw,@みやゆらい,6,6ヶ月,Member (6 months),,不明,,,7,286,0,2026-09-19 22:00,2026-10-03 23:31,,,https://www.youtube.com/channel/UCNk-VWwubXOfu0fnaikaHjw
UC1-0JH7THP8zsWz0ypidhcw,@DarkHorse0,6,6ヶ月,Member (6 months),,不明,,,7,1032,0,2026-09-19 22:00,2026-09-27 23:30,,,https://www.youtube.com/channel/UC1-0JH7THP8zsWz0ypidhcw
UC7Q8MKk2e0W065-EdYxCwGQ,@なぽりタソ,6,6ヶ月,Member (6 months),,不明,,,7,34,0,2026-09-20 09:25,2026-10-09 00:00,,,https://www.youtube.com/channel/UC7Q8MKk2e0W065-EdYxCwGQ
UCptl3ZmWQUFATLzQKOhMxIA,@ポナルドトランプ,6,6ヶ月,Member (6 months),,不明,,,7,24,0,2026-09-20 09:25,2026-10-07 00:00,,,https://www.youtube.com/channel/UCptl3ZmWQUFATLzQKOhMxIA
UCUE2gFoEvUyfpgMAH6tBq1w,@かざんやま,6,6ヶ月,Member (6 months),,不明,,,7,859,0,2026-09-26 23:30,2026-10-09 00:00,,,https://www.youtube.com/channel/UCUE2gFoEvUyfpgMAH6tBq1w
UCvaWvxD9Yg6mYwjnD7M7BHg,@レヴィリス,6,6ヶ月,Member (6 months),,不明,,,6,45,0,2026-09-10 23:01,2026-10-03 23:31,,,https://www.youtube.com/channel/UCvaWvxD9Yg6mYwjnD7M7BHg
UCZ9a0gxbkqYAq7x-IY3XVng,@菊一文字-Monji,6,6ヶ月,Member (6 months),,不明,,,6,14,0,2026-09-10 23:01,2026-10-03 23:31,,,https://www.youtube.com/channel/UCZ9a0gxbkqYAq7x-IY3XVng
UC58L8g8GWFfh61Vd0f2eOpQ,@フルフリルfur,6,6ヶ月,Member (6 months),,不明,,,6,15,0,2026-09-10 23:01,2026-10-09 00:00,,,https://www.youtube.com/channel/UC58L8g8GWFfh61Vd0f2eOpQ
UCf_W6PJDzGwB9xE04NOF3Dg,@シエロ-ikn,6,6ヶ月,Member (6 months),,不明,,,6,11,0,2026-09-10 23:01,2026-09-22 22:01,,,https://www.youtube.com/channel/UCf_W6PJDzGwB9xE04NOF3Dg
UC9y0BqTQ_zBmro5_z8O0k8g,@tsasa5286,6,6ヶ月,Member (6 months),,不明,,,6,6,0,2026-09-12 23:31,2026-09-22 22:01,,,https://www.youtube.com/channel/UC9y0BqTQ_zBmro5_z8O0k8g
UC8m_S0qApRL1az67RPDrJzQ,@ごま乙.g,6,6ヶ月,Member (6 months),,不明,,,6,10,0,2026-09-12 23:31,2026-10-07 00:00,,,https://www.youtube.com/channel/UC8m_S0qApRL1az67RPDrJzQ
UCkWl1oYLhlZ82HGch8l8uZA,@桐崎御影,6,6ヶ月,Member (6 months),,不明,,,6,19,0,2026-09-12 23:31,2026-10-05 23:00,,,https://www.youtube.com/channel/UCkWl1oYLhlZ82HGch8l8uZA
UCbNPF8jw--WZz8jQuXDbv5A,@E_Azth,6,6ヶ月,Member (6 months),,不明,,,6,8,0,2026-09-12 23:31,2026-10-09 00:00,,,https://www.youtube.com/channel/UCbNPF8jw--WZz8jQuXDbv5A
UC66hRYLuksFgygtQU0ttB1w,@tsukasa_ツカサ,6,6ヶ月,Member (6 months),,不明,,,6,10,0,2026-09-16 23:30,2026-10-07 00:00,,,https://www.youtube.com/channel/UC66hRYLuksFgygtQU0ttB1w
UC5DOymcMyvGDGQG6k6x1A0g,@かっぱカニせん,6,6ヶ月,Member (6 months),,不明,,,6,10,0,2026-09-16 23:30,2026-09-23 23:01,,,https://www.youtube.com/channel/UC5DOymcMyvGDGQG6k6x1A0g
UCmPqUOrSwhsuQufE8Q39RkA,@tounyu25,6,6ヶ月,Member (6 months),,不明,,,6,23,0,2026-09-16 23:30,2026-10-02 23:31,,,https://www.youtube.com/channel/UCmPqUOrSwhsuQufE8Q39RkA
UCRHqVKpAWowUf02upYE7FQg,@めーぷる_edihakat,6,6ヶ月,Member (6 months),,不明,,,6,7,0,2026-09-16 23:30,2026-10-07 23:32,,,https://www.youtube.com/channel/UCRHqVKpAWowUf02upYE7FQg
UC4va5ozaX55GkslqEkCHJJw,@秋-s2g,6,6ヶ月,Member (6 months),,不明,,,6,87,0,2026-09-19 22:00,2026-10-09 00:00,,,https://www.youtube.com/channel/UC4va5ozaX55GkslqEkCHJJw
UC7dBLtj-snPApT3Yk7gAT4Q,@ガリたま,6,6ヶ月,Member (6 months),,不明,,,6,185,0,2026-09-19 22:00,2026-10-02 23:31,,,https://www.youtube.com/channel/UC7dBLtj-snPApT3Yk7gAT4Q
UCKLzJW44N0CwzEYoJSM5yeA,@aa-iu9kk,6,6ヶ月,Member (6 months),,不明,,,6,27,0,2026-09-19 22:00,2026-10-05 23:00,,,https://www.youtube.com/channel/UCKLzJW44N0CwzEYoJSM5yeA
UCuSz_De17zeyRZepx9sf6og,@foolin4575,6,6ヶ月,Member (6 months),,不明,,,6,430,0,2026-09-19 22:00,2026-09-26 23:30,,,https://www.youtube.com/channel/UCuSz_De17zeyRZepx9sf6og
UCk5ULfYvxguUxHZC1M5QgjA,@user-aj1pdgwj3p,6,6ヶ月,Member (6 months),,不明,,,6,68,0,2026-09-19 22:00,2026-09-23 23:01,,,https://www.youtube.com/channel/UCk5ULfYvxguUxHZC1M5QgjA
UCfwpuSeBKQRfFMM8QFBohqw,@izyum23,6,6ヶ月,Member (6 months),,不明,,,6,31,0,2026-09-20 23:00,2026-10-09 00:00,,,https://www.youtube.com/channel/UCfwpuSeBKQRfFMM8QFBohqw
UCLcx0ykZ_XH2WjxWhxnPT_A,@カサカサ唇-3,6,6ヶ月,Member (6 months),,不明,,,6,95,0,2026-09-21 21:00,2026-10-02 23:31,,,https://www.youtube.com/channel/UCLcx0ykZ_XH2WjxWhxnPT_A
UCK213sdE6dtFKndrf-_1PuQ,@のぞみ-714,6,6ヶ月,Member (6 months),,不明,,,6,68,0,2026-09-22 22:01,2026-10-09 00:00,,,https://www.youtube.com/channel/UCK213sdE6dtFKndrf-_1PuQ
UCDUpYXsusWVaDh9HgeYGTvg,@asdweify,6,6ヶ月,Member (6 months),,不明,,,6,25,0,2026-09-23 23:01,2026-10-09 00:00,,,https://www.youtube.com/channel/UCDUpYXsusWVaDh9HgeYGTvg
UChN6oIr2US5PjtKqFURA_gg,@かげおくり-kageokuri,6,6ヶ月,Member (6 months),,不明,,,5,5,0,2026-09-10 23:01,2026-10-09 00:00,,,https://www.youtube.com/channel/UChN6oIr2US5PjtKqFURA_gg
UCE8QeZmTauAnRAakh76fIHA,@ぽやよん,6,6ヶ月,Member (6 months),,不明,,,5,11,0,2026-09-12 23:31,2026-10-03 23:31,,,https://www.youtube.com/channel/UCE8QeZmTauAnRAakh76fIHA
UCDEQhMe4ZN4orbY34bk3YBQ,@雪白紅葉_nonnon,6,6ヶ月,Member (6 months),,不明,,,5,25,0,2026-09-12 23:31,2026-10-03 23:31,,,https://www.youtube.com/channel/UCDEQhMe4ZN4orbY34bk3YBQ
UComUVZqOK0Pf-q69vUEh_pg,@フォルテ-5q63,6,6ヶ月,Member (6 months),,不明,,,5,8,0,2026-09-12 23:31,2026-10-09 00:00,,,https://www.youtube.com/channel/UComUVZqOK0Pf-q69vUEh_pg
UCVN8XSKh2ZiAjzeeTtpibWg,@肉無し唐揚げ衣抜き,6,6ヶ月,Member (6 months),,不明,,,5,5,0,2026-09-12 23:31,2026-10-03 23:31,,,https://www.youtube.com/channel/UCVN8XSKh2ZiAjzeeTtpibWg
UCPb8HJPeOa2tva_0cuCuudA,@makura53,6,6ヶ月,Member (6 months),,不明,,,5,14,0,2026-09-13 23:30,2026-10-09 00:00,,,https://www.youtube.com/channel/UCPb8HJPeOa2tva_0cuCuudA
UCYx7RYFgrFi_NI-xp9ReNcg,@七刀切,6,6ヶ月,Member (6 months),,不明,,,5,13,0,2026-09-13 23:30,2026-09-30 23:30,,,https://www.youtube.com/channel/UCYx7RYFgrFi_NI-xp9ReNcg
UCpFtOsGuJ2eruP5xjVRNsDQ,@せり-l2c,6,6ヶ月,Member (6 months),,不明,,,5,19,0,2026-09-15 23:30,2026-09-30 23:30,,,https://www.youtube.com/channel/UCpFtOsGuJ2eruP5xjVRNsDQ
UCDGqgipT_LnZQaCvHYYFPFw,@火虹夜-Kaguya,6,6ヶ月,Member (6 months),,不明,,,5,8,0,2026-09-15 23:30,2026-10-07 00:00,,,https://www.youtube.com/channel/UCDGqgipT_LnZQaCvHYYFPFw
UCWaa1IH373WJFKGTN32XtOw,@あにゅーゆき,6,6ヶ月,Member (6 months),,不明,,,5,77,0,2026-09-16 23:30,2026-10-09 00:00,,,https://www.youtube.com/channel/UCWaa1IH373WJFKGTN32XtOw
UCXaLDhFjRgOgk_OukndGtkg,@浦風しおん,6,6ヶ月,Member (6 months),,不明,,,5,12,0,2026-09-16 23:30,2026-10-05 23:00,,,https://www.youtube.com/channel/UCXaLDhFjRgOgk_OukndGtkg
UCMJAGre4BVSuiQBOB8rSAQQ,@yoshiki7219,6,6ヶ月,Member (6 months),,不明,,,5,17,0,2026-09-16 23:30,2026-10-05 23:00,,,https://www.youtube.com/channel/UCMJAGre4BVSuiQBOB8rSAQQ
UCuigkcXO7GFPcSAH3vyg6qg,@ぽよまる-sdp,6,6ヶ月,Member (6 months),,不明,,,5,14,0,2026-09-16 23:30,2026-09-30 23:30,,,https://www.youtube.com/channel/UCuigkcXO7GFPcSAH3vyg6qg
UCNOOahnHWUNS6-iqVDjnyEA,@yaginingen,6,6ヶ月,Member (6 months),,不明,,,5,19,0,2026-09-19 22:00,2026-09-30 23:30,,,https://www.youtube.com/channel/UCNOOahnHWUNS6-iqVDjnyEA
UCe-gdh2A4MmsFE_LZg3f1Pg,@マーキーポーキー,6,6ヶ月,Member (6 months),,不明,,,5,17,0,2026-09-19 22:00,2026-09-26 23:30,,,https://www.youtube.com/channel/UCe-gdh2A4MmsFE_LZg3f1Pg
UCGGUSyxeWkh_5u2cwt7DLuQ,@rlizt3,6,6ヶ月,Member (6 months),,不明,,,5,7,1,2026-09-21 21:00,2026-10-07 23:32,,,https://www.youtube.com/channel/UCGGUSyxeWkh_5u2cwt7DLuQ
UCR6wAi7dbjAw37gTQ_me4ug,@y_ll__x,6,6ヶ月,Member (6 months),,不明,,,5,82,0,2026-09-21 21:00,2026-10-03 23:31,,,https://www.youtube.com/channel/UCR6wAi7dbjAw37gTQ_me4ug
UCGIJpuK5_juz1ulbKslhasA,@LoblueHaze,6,6ヶ月,Member (6 months),,不明,,,5,78,0,2026-09-23 23:01,2026-10-09 00:00,,,https://www.youtube.com/channel/UCGIJpuK5_juz1ulbKslhasA
UCwaA2V-fsD-gAd6vNdfS2MQ,@陰キャファンネルCE0,6,6ヶ月,Member (6 months),,不明,,,5,151,1,2026-09-26 23:30,2026-10-09 00:00,,,https://www.youtube.com/channel/UCwaA2V-fsD-gAd6vNdfS2MQ
UCmRTx9hrNd4Yaysp0XnL_7A,@やっぱり猫がすき,6,6ヶ月,Member (6 months),,不明,,,4,244,0,2026-09-10 23:01,2026-10-09 00:00,,,https://www.youtube.com/channel/UCmRTx9hrNd4Yaysp0XnL_7A
UCGOwXeC0URbrH4Np1PZP1SQ,@ヨロロデンファレ,6,6ヶ月,Member (6 months),,不明,,,4,6,0,2026-09-10 23:01,2026-10-09 00:00,,,https://www.youtube.com/channel/UCGOwXeC0URbrH4Np1PZP1SQ
UCNGQerbdP-x2yB3ySjmw53g,@ferret_etc,6,6ヶ月,Member (6 months),,不明,,,4,26,0,2026-09-10 23:01,2026-09-22 22:01,,,https://www.youtube.com/channel/UCNGQerbdP-x2yB3ySjmw53g
UC7LLfXYaDvo4TzyuEnmB9WA,@マアサ5000,6,6ヶ月,Member (6 months),,不明,,,4,29,0,2026-09-10 23:01,2026-10-02 23:31,,,https://www.youtube.com/channel/UC7LLfXYaDvo4TzyuEnmB9WA
UCYJrTnXlkzdM9eEYJTi4Rbw,@寒鴉之雪,6,6ヶ月,Member (6 months),,不明,,,4,4,0,2026-09-12 23:31,2026-09-30 23:30,,,https://www.youtube.com/channel/UCYJrTnXlkzdM9eEYJTi4Rbw
UCGyQUFXWHFKH7zhLbcvtexg,@サブレジ,6,6ヶ月,Member (6 months),,不明,,,4,9,0,2026-09-12 23:31,2026-10-01 23:30,,,https://www.youtube.com/channel/UCGyQUFXWHFKH7zhLbcvtexg
UCsTa0d-CQlqxybCMvhMpY9g,@ねずさん_nez524,6,6ヶ月,Member (6 months),,不明,,,4,19,0,2026-09-12 23:31,2026-09-21 21:00,,,https://www.youtube.com/channel/UCsTa0d-CQlqxybCMvhMpY9g
UCcrROwJUwaXSbQU0S6f-2og,@アリトトマ,6,6ヶ月,Member (6 months),,不明,,,4,574,0,2026-09-12 23:31,2026-10-09 00:00,,,https://www.youtube.com/channel/UCcrROwJUwaXSbQU0S6f-2og
UCNVgXz1t4I_1BJ5R89cb4iQ,@kaninguhamu,6,6ヶ月,Member (6 months),,不明,,,4,67,0,2026-09-12 23:31,2026-10-07 23:32,,,https://www.youtube.com/channel/UCNVgXz1t4I_1BJ5R89cb4iQ
UCr60gtIDL-conXtEsdc7agg,@neroblitz9336,6,6ヶ月,Member (6 months),,不明,,,4,15,0,2026-09-12 23:31,2026-09-22 22:01,,,https://www.youtube.com/channel/UCr60gtIDL-conXtEsdc7agg
UCRzgHtps8X7NTjI-V6vyJaQ,@AlA92Xuv,6,6ヶ月,Member (6 months),,不明,,,4,4,0,2026-09-13 23:30,2026-10-07 23:32,,,https://www.youtube.com/channel/UCRzgHtps8X7NTjI-V6vyJaQ
UCzH1r4MhoIjmlzqrOqdSHaw,@ディス-x7i,6,6ヶ月,Member (6 months),,不明,,,4,5,0,2026-09-13 23:30,2026-09-27 23:30,,,https://www.youtube.com/channel/UCzH1r4MhoIjmlzqrOqdSHaw
UC-e69ZlZyuvg0hHfn1MwR5Q,@chiking_0,6,6ヶ月,Member (6 months),,不明,,,4,12,0,2026-09-15 23:30,2026-10-01 23:30,,,https://www.youtube.com/channel/UC-e69ZlZyuvg0hHfn1MwR5Q
UCHf4o_LL5PUespbS_RVcpiw,@プーニー-c4n,6,6ヶ月,Member (6 months),,不明,,,4,4,0,2026-09-15 23:30,2026-10-01 23:30,,,https://www.youtube.com/channel/UCHf4o_LL5PUespbS_RVcpiw
UC5TObj8TotNuDYjbIY6qIHg,@タケノコソード,6,6ヶ月,Member (6 months),,不明,,,4,32,0,2026-09-16 23:30,2026-09-26 23:30,,,https://www.youtube.com/channel/UC5TObj8TotNuDYjbIY6qIHg
UCFnLK-JJmwvRwrzaxbT1DzQ,@ゴゴリラ-xenobladex2hayo,6,6ヶ月,Member (6 months),,不明,,,4,227,0,2026-09-16 23:30,2026-09-26 23:30,,,https://www.youtube.com/channel/UCFnLK-JJmwvRwrzaxbT1DzQ
UC8fiXgkPXXJAnIEB8M5RJMA,@torozilva6481,6,6ヶ月,Member (6 months),,不明,,,4,642,0,2026-09-19 22:00,2026-09-23 23:01,,,https://www.youtube.com/channel/UC8fiXgkPXXJAnIEB8M5RJMA
UCPmgwmxTw5YsPRrvll6ewCQ,@からあげ食べ太郎-k7s,6,6ヶ月,Member (6 months),,不明,,,4,38,0,2026-09-19 22:00,2026-09-23 23:01,,,https://www.youtube.com/channel/UCPmgwmxTw5YsPRrvll6ewCQ
UC7S_g0feptPW0DNew5yt-rg,@YukaPero_Casval,6,6ヶ月,Member (6 months),,不明,,,4,6,0,2026-09-19 22:00,2026-10-01 23:30,,,https://www.youtube.com/channel/UC7S_g0feptPW0DNew5yt-rg
UCkxaYm3Zfh4ic3acw3KZa-A,@ken2306,6,6ヶ月,Member (6 months),,不明,,,4,17,0,2026-09-19 22:00,2026-09-27 23:30,,,https://www.youtube.com/channel/UCkxaYm3Zfh4ic3acw3KZa-A
UCphMjx9gJkoyOtIzHH1blOA,@シルヴァン-g9x,6,6ヶ月,Member (6 months),,不明,,,4,36,0,2026-09-19 22:00,2026-10-07 00:00,,,https://www.youtube.com/channel/UCphMjx9gJkoyOtIzHH1blOA
UCTRt8hhnQgDgAxI3y4goo0A,@春生音,6,6ヶ月,Member (6 months),,不明,,,4,44,0,2026-09-19 22:00,2026-10-03 23:31,,,https://www.youtube.com/channel/UCTRt8hhnQgDgAxI3y4goo0A
UCJAWLCGR1ZmMcIPG7WR2tJg,@トシカズninja,6,6ヶ月,Member (6 months),,不明,,,4,8,0,2026-09-19 22:00,2026-10-03 23:31,,,https://www.youtube.com/channel/UCJAWLCGR1ZmMcIPG7WR2tJg
UCqfffwhK1GRCauPmHAlP0zg,@sui-gin,6,6ヶ月,Member (6 months),,不明,,,4,22,0,2026-09-20 09:25,2026-10-09 00:00,,,https://www.youtube.com/channel/UCqfffwhK1GRCauPmHAlP0zg
UCFTh6iYp-6PUjlQwRB_ZxqA,@マルゲリータ-f9z,6,6ヶ月,Member (6 months),,不明,,,4,17,0,2026-09-20 09:25,2026-09-26 23:30,,,https://www.youtube.com/channel/UCFTh6iYp-6PUjlQwRB_ZxqA
UCvGzYTwoREX8zQvEJb20CCA,@rabbit7629,6,6ヶ月,Member (6 months),,不明,,,4,5,0,2026-09-20 23:00,2026-10-09 00:00,,,https://www.youtube.com/channel/UCvGzYTwoREX8zQvEJb20CCA
UCUZdyOqN4u3jBKe1H59-P-g,@starrysky201,6,6ヶ月,Member (6 months),,不明,,,4,10,0,2026-09-20 23:00,2026-10-02 23:31,,,https://www.youtube.com/channel/UCUZdyOqN4u3jBKe1H59-P-g
UCTwrFCO3PjEDelkx0MjGkzA,@L-ヒロト_ルーサー,6,6ヶ月,Member (6 months),,不明,,,4,121,0,2026-09-21 21:00,2026-10-09 00:00,,,https://www.youtube.com/channel/UCTwrFCO3PjEDelkx0MjGkzA
UCDqsqan87WDn_63BwMMYoKw,@yukik7314,6,6ヶ月,Member (6 months),,不明,,,4,7,0,2026-09-21 21:00,2026-10-05 23:00,,,https://www.youtube.com/channel/UCDqsqan87WDn_63BwMMYoKw
UCfbQiomFX8937zuJH4uhsHQ,@風下404,6,6ヶ月,Member (6 months),,不明,,,4,13,0,2026-09-21 21:00,2026-10-02 23:31,,,https://www.youtube.com/channel/UCfbQiomFX8937zuJH4uhsHQ
UCL7JiQe_odBd4YYS5dk2ZAg,@オニオン09,6,6ヶ月,Member (6 months),,不明,,,4,8,0,2026-09-22 22:01,2026-10-01 23:30,,,https://www.youtube.com/channel/UCL7JiQe_odBd4YYS5dk2ZAg
UCbYuwUZxuGdEJ-dF8uKh-Rg,@makimaki1,6,6ヶ月,Member (6 months),,不明,,,4,10,0,2026-09-22 22:01,2026-10-02 23:31,,,https://www.youtube.com/channel/UCbYuwUZxuGdEJ-dF8uKh-Rg
UCLCnGiFBmIisuqZJPe6eRTQ,@るな雪花,6,6ヶ月,Member (6 months),,不明,,,4,6,0,2026-09-23 23:01,2026-10-09 00:00,,,https://www.youtube.com/channel/UCLCnGiFBmIisuqZJPe6eRTQ
UClvy8vmRCGRntov8c1dRmGw,@篝火-105,6,6ヶ月,Member (6 months),,不明,,,3,5,0,2026-09-10 23:01,2026-10-09 00:00,,,https://www.youtube.com/channel/UClvy8vmRCGRntov8c1dRmGw
UCHNAp2vE2tf6JggvRDaEGsQ,@カンノ09,6,6ヶ月,Member (6 months),,不明,,,3,16,0,2026-09-10 23:01,2026-10-09 00:00,,,https://www.youtube.com/channel/UCHNAp2vE2tf6JggvRDaEGsQ
UCTLu70qi0gBeMOsB8FlI5kg,@ひげx,6,6ヶ月,Member (6 months),,不明,,,3,4,0,2026-09-10 23:01,2026-09-19 22:00,,,https://www.youtube.com/channel/UCTLu70qi0gBeMOsB8FlI5kg
UCjjC_mi_ZN8o0TvMd9OKhjg,@コルク-y3d,6,6ヶ月,Member (6 months),,不明,,,3,3,0,2026-09-13 23:30,2026-10-07 23:32,,,https://www.youtube.com/channel/UCjjC_mi_ZN8o0TvMd9OKhjg
UC6Hu90t7sisM4Z-AP4ppUTA,@沢庵-k7g,6,6ヶ月,Member (6 months),,不明,,,3,20,0,2026-09-15 23:30,2026-10-03 23:31,,,https://www.youtube.com/channel/UC6Hu90t7sisM4Z-AP4ppUTA
UC-DqWLij1EWqEk8GC_KnEOg,@江江-r3f,6,6ヶ月,Member (6 months),,不明,,,3,3,0,2026-09-15 23:30,2026-10-07 00:00,,,https://www.youtube.com/channel/UC-DqWLij1EWqEk8GC_KnEOg
UC-9fLK4JabHwkgn1rw9KrIg,@なかいち-z2e,6,6ヶ月,Member (6 months),,不明,,,3,6,0,2026-09-16 23:30,2026-10-01 23:30,,,https://www.youtube.com/channel/UC-9fLK4JabHwkgn1rw9KrIg
UC1ZU2x-G2npJ_uxTleDkT2g,@jimazima,6,6ヶ月,Member (6 months),,不明,,,3,10,0,2026-09-19 22:00,2026-09-26 23:30,,,https://www.youtube.com/channel/UC1ZU2x-G2npJ_uxTleDkT2g
UC1B861iR6SILnWK2eNlJnvQ,@konomi-503,6,6ヶ月,Member (6 months),,不明,,,3,3,0,2026-09-19 22:00,2026-10-05 23:00,,,https://www.youtube.com/channel/UC1B861iR6SILnWK2eNlJnvQ
UCzF0ntq33IvMMiX45oFRrXw,@norble7,6,6ヶ月,Member (6 months),,不明,,,3,3,0,2026-09-19 22:00,2026-09-21 21:00,,,https://www.youtube.com/channel/UCzF0ntq33IvMMiX45oFRrXw
UC4QvWKvEknzOTAMo51x9BSg,@ロク609,6,6ヶ月,Member (6 months),,不明,,,3,81,0,2026-09-19 22:00,2026-09-21 21:00,,,https://www.youtube.com/channel/UC4QvWKvEknzOTAMo51x9BSg
UC_NXSgC5m8KfH0Wf598lq_Q,@筋肉怪人,6,6ヶ月,Member (6 months),,不明,,,3,17,0,2026-09-19 22:00,2026-09-26 23:30,,,https://www.youtube.com/channel/UC_NXSgC5m8KfH0Wf598lq_Q
UCTyXvC4UQPpiSNJcLcgWBiQ,@mmm-k9e8z,6,6ヶ月,Member (6 months),,不明,,,3,10,0,2026-09-19 22:00,2026-09-30 23:30,,,https://www.youtube.com/channel/UCTyXvC4UQPpiSNJcLcgWBiQ
UCourCVUBSLk_dIHsiDAH0WQ,@呂望-t3j,6,6ヶ月,Member (6 months),,不明,,,3,59,0,2026-09-19 22:00,2026-09-30 23:30,,,https://www.youtube.com/channel/UCourCVUBSLk_dIHsiDAH0WQ
UCLY6Ue2T9-Vgv9ExOTae2pw,@獣王猛虎,6,6ヶ月,Member (6 months),,不明,,,3,7,0,2026-09-19 22:00,2026-09-21 21:00,,,https://www.youtube.com/channel/UCLY6Ue2T9-Vgv9ExOTae2pw
UCRfo7fV7mKoGKGJoApBLmKQ,@_q0i0p_,6,6ヶ月,Member (6 months),,不明,,,3,18,0,2026-09-19 22:00,2026-09-26 23:30,,,https://www.youtube.com/channel/UCRfo7fV7mKoGKGJoApBLmKQ
UCHazl9DyaUdX5s4QykY_IZg,@茶摘,6,6ヶ月,Member (6 months),,不明,,,3,5,0,2026-09-20 09:25,2026-09-21 21:00,,,https://www.youtube.com/channel/UCHazl9DyaUdX5s4QykY_IZg
UCW43zb9u65KkJzSWf54370g,@にゃにゃ-h4f,6,6ヶ月,Member (6 months),,不明,,,3,11,0,2026-09-20 09:25,2026-09-21 21:00,,,https://www.youtube.com/channel/UCW43zb9u65KkJzSWf54370g
UC9Z1IizU0mLgbln--MePBZQ,@FangFang_ouo,6,6ヶ月,Member (6 months),,不明,,,3,3,0,2026-09-20 09:25,2026-10-07 00:00,,,https://www.youtube.com/channel/UC9Z1IizU0mLgbln--MePBZQ
UCTdfYA-mzOclQbE5ZjH_eAg,@七篠_nanasino,6,6ヶ月,Member (6 months),,不明,,,3,5,0,2026-09-20 09:25,2026-09-21 21:00,,,https://www.youtube.com/channel/UCTdfYA-mzOclQbE5ZjH_eAg
UCNt-fw4DRpmrkJY2ruN7nrw,@ハマサん,6,6ヶ月,Member (6 months),,不明,,,3,6,0,2026-09-20 23:00,2026-10-07 00:00,,,https://www.youtube.com/channel/UCNt-fw4DRpmrkJY2ruN7nrw
UCpgd1SiFOq1uOGAgxlVtlEQ,@堕落人,6,6ヶ月,Member (6 months),,不明,,,3,7,1,2026-09-20 23:00,2026-09-23 23:01,,,https://www.youtube.com/channel/UCpgd1SiFOq1uOGAgxlVtlEQ
UC5F0Ak4_TDqNiWHewIO5dww,@meg_d624s,6,6ヶ月,Member (6 months),,不明,,,3,5,0,2026-09-20 23:00,2026-09-23 23:01,,,https://www.youtube.com/channel/UC5F0Ak4_TDqNiWHewIO5dww
UC4KpUhmtHiNbHIi5nBz7fTg,@corneliuskohinata9762,6,6ヶ月,Member (6 months),,不明,,,3,5,0,2026-09-21 21:00,2026-09-26 23:30,,,https://www.youtube.com/channel/UC4KpUhmtHiNbHIi5nBz7fTg
UCB_YaIWziVg2M3ghiZDSpQA,@ItoshikiKokuhaku,6,6ヶ月,Member (6 months),,不明,,,3,5,0,2026-09-21 21:00,2026-10-09 00:00,,,https://www.youtube.com/channel/UCB_YaIWziVg2M3ghiZDSpQA
UClnE4e3ShKBsgTUSw0qzYiA,@Tacosi_8,6,6ヶ月,Member (6 months),,不明,,,3,24,0,2026-09-21 21:00,2026-10-09 00:00,,,https://www.youtube.com/channel/UClnE4e3ShKBsgTUSw0qzYiA
UCffZBV74OKOuzngcPF2RFpQ,@IsamuHasebe,6,6ヶ月,Member (6 months),,不明,,,3,5,0,2026-09-21 21:00,2026-10-05 23:00,,,https://www.youtube.com/channel/UCffZBV74OKOuzngcPF2RFpQ
UCH8GAngrVMoccVjGnjYf3VQ,@にべ-s55,6,6ヶ月,Member (6 months),,不明,,,3,25,0,2026-09-21 21:00,2026-10-09 00:00,,,https://www.youtube.com/channel/UCH8GAngrVMoccVjGnjYf3VQ
UCQdNtoqcZRRlCVJelcCw5yg,@さとみや-h6w,6,6ヶ月,Member (6 months),,不明,,,3,3,0,2026-09-26 23:30,2026-10-07 23:32,,,https://www.youtube.com/channel/UCQdNtoqcZRRlCVJelcCw5yg
UCGuUqLhemlBwlU8NkcDBnFg,@おろchl1,6,6ヶ月,Member (6 months),,不明,,,3,49,0,2026-09-26 23:30,2026-10-03 23:31,,,https://www.youtube.com/channel/UCGuUqLhemlBwlU8NkcDBnFg
UCec3am2SjnMp4iahpMbQZoA,@びふぃー,6,6ヶ月,Member (6 months),,不明,,,2,5,0,2026-09-10 23:01,2026-09-12 23:31,,,https://www.youtube.com/channel/UCec3am2SjnMp4iahpMbQZoA
UCjkPiKr8HUDbAagc3MGBPSw,@wpjm-m4i,6,6ヶ月,Member (6 months),,不明,,,2,2,0,2026-09-12 23:31,2026-10-07 23:32,,,https://www.youtube.com/channel/UCjkPiKr8HUDbAagc3MGBPSw
UCjJYX-iq20-CjdXS-G8qlMQ,@Vero_Lanford,6,6ヶ月,Member (6 months),,不明,,,2,4,0,2026-09-12 23:31,2026-09-15 23:30,,,https://www.youtube.com/channel/UCjJYX-iq20-CjdXS-G8qlMQ
UCYC5UhgAk4OQd3ceF_gkUDw,@Kuvai,6,6ヶ月,Member (6 months),,不明,,,2,2,0,2026-09-12 23:31,2026-09-13 23:30,,,https://www.youtube.com/channel/UCYC5UhgAk4OQd3ceF_gkUDw
UCcRnKY663oN2IkaxstghaqA,@秘湯混浴刑事エバラ-w3h,6,6ヶ月,Member (6 months),,不明,,,2,7,0,2026-09-13 23:30,2026-10-03 23:31,,,https://www.youtube.com/channel/UCcRnKY663oN2IkaxstghaqA
UCQPvsE1kraBHCxYFShGzwBg,@okazudai,6,6ヶ月,Member (6 months),,不明,,,2,24,0,2026-09-13 23:30,2026-09-23 23:01,,,https://www.youtube.com/channel/UCQPvsE1kraBHCxYFShGzwBg
UCGyad-3mr64qxvh0zyv8zUw,@wall_ラッキーマウス,6,6ヶ月,Member (6 months),,不明,,,2,4,0,2026-09-15 23:30,2026-10-09 00:00,,,https://www.youtube.com/channel/UCGyad-3mr64qxvh0zyv8zUw
UCCuiN2X0GS62eCJEZo3hu5g,@ベルマークv,6,6ヶ月,Member (6 months),,不明,,,2,3,0,2026-09-16 23:30,2026-09-26 23:30,,,https://www.youtube.com/channel/UCCuiN2X0GS62eCJEZo3hu5g
UCG_acorPJiCdgVoCGAzAh7A,@ましろん1102,6,6ヶ月,Member (6 months),,不明,,,2,3,0,2026-09-16 23:30,2026-09-17 23:30,,,https://www.youtube.com/channel/UCG_acorPJiCdgVoCGAzAh7A
UCYSADwcbivN1UoxC9vZjMcg,@mitsumaru2007,6,6ヶ月,Member (6 months),,不明,,,2,15,0,2026-09-16 23:30,2026-09-27 23:30,,,https://www.youtube.com/channel/UCYSADwcbivN1UoxC9vZjMcg
UC2PtQygG4--MkibEJLzPaoA,@ハリー-ee,6,6ヶ月,Member (6 months),,不明,,,2,2,0,2026-09-16 23:30,2026-09-21 21:00,,,https://www.youtube.com/channel/UC2PtQygG4--MkibEJLzPaoA
UCdTKdl2oV33WfLwB6Y02tzQ,@イタリん,6,6ヶ月,Member (6 months),,不明,,,2,6,0,2026-09-17 23:30,2026-10-02 23:31,,,https://www.youtube.com/channel/UCdTKdl2oV33WfLwB6Y02tzQ
UC_-h401j2RAD0rwcWc73fMg,@ろーずごーるど,6,6ヶ月,Member (6 months),,不明,,,2,5,0,2026-09-17 23:30,2026-09-26 23:30,,,https://www.youtube.com/channel/UC_-h401j2RAD0rwcWc73fMg
UCogXCIoVsNinBfOGENXTTtA,@みー_hadukimiyu,6,6ヶ月,Member (6 months),,不明,,,2,7,0,2026-09-17 23:30,2026-10-07 00:00,,,https://www.youtube.com/channel/UCogXCIoVsNinBfOGENXTTtA
UCQPJtf2jBbY_gXPWpH1AKxQ,@aab23819,6,6ヶ月,Member (6 months),,不明,,,2,2,0,2026-09-19 22:00,2026-09-22 22:01,,,https://www.youtube.com/channel/UCQPJtf2jBbY_gXPWpH1AKxQ
UCJN4Uo5sPPNgB711Oa5INgA,@しそご飯-b3l,6,6ヶ月,Member (6 months),,不明,,,2,2,0,2026-09-19 22:00,2026-09-21 21:00,,,https://www.youtube.com/channel/UCJN4Uo5sPPNgB711Oa5INgA
UCsrpMzYVo8YZynzszi7WcWg,@DAI_1024,6,6ヶ月,Member (6 months),,不明,,,2,4,0,2026-09-19 22:00,2026-09-21 21:00,,,https://www.youtube.com/channel/UCsrpMzYVo8YZynzszi7WcWg
UCBT0wQeGq2zmzbs5qlX8_1Q,@wkz7w,6,6ヶ月,Member (6 months),,不明,,,2,4,0,2026-09-19 22:00,2026-09-20 23:00,,,https://www.youtube.com/channel/UCBT0wQeGq2zmzbs5qlX8_1Q
UCiZUJfuNCqTYS4HHu5A5pVw,@HEROHIRO,6,6ヶ月,Member (6 months),,不明,,,2,2,0,2026-09-19 22:00,2026-09-26 23:30,,,https://www.youtube.com/channel/UCiZUJfuNCqTYS4HHu5A5pVw
UCdYUilvvelthEfMMsa8vreA,@チェルノ_00,6,6ヶ月,Member (6 months),,不明,,,2,21,0,2026-09-19 22:00,2026-09-30 23:30,,,https://www.youtube.com/channel/UCdYUilvvelthEfMMsa8vreA
UCmLK3LZwQapF2jeRusnbKng,@Soldier_okudaB,6,6ヶ月,Member (6 months),,不明,,,2,11,0,2026-09-19 22:00,2026-09-21 21:00,,,https://www.youtube.com/channel/UCmLK3LZwQapF2jeRusnbKng
UC8WuAzMNqCpuI3ZDoslF73w,@翻車魚豆腐manboudofu,6,6ヶ月,Member (6 months),,不明,,,2,2,0,2026-09-19 22:00,2026-09-22 22:01,,,https://www.youtube.com/channel/UC8WuAzMNqCpuI3ZDoslF73w
UCW8TOxDYcRUsLnShB5V9vAg,@ぱるまり-e8e,6,6ヶ月,Member (6 months),,不明,,,2,9,0,2026-09-19 22:00,2026-09-20 09:25,,,https://www.youtube.com/channel/UCW8TOxDYcRUsLnShB5V9vAg
UCqWjh9QUVmC-kyBcrqCzLoA,@tetsu033,6,6ヶ月,Member (6 months),,不明,,,2,3,0,2026-09-20 09:25,2026-09-21 21:00,,,https://www.youtube.com/channel/UCqWjh9QUVmC-kyBcrqCzLoA
UCg_mSnlAByGy_mE4ZUymGYg,@kotoriyou671,6,6ヶ月,Member (6 months),,不明,,,2,5,0,2026-09-20 09:25,2026-09-20 23:00,,,https://www.youtube.com/channel/UCg_mSnlAByGy_mE4ZUymGYg
UCqSm2HC_11mx0Gl29-1B5NQ,@sumomo015,6,6ヶ月,Member (6 months),,不明,,,2,2,0,2026-09-20 09:25,2026-09-20 23:00,,,https://www.youtube.com/channel/UCqSm2HC_11mx0Gl29-1B5NQ
UCDMWsIWLFZMOE2FDZDHZzag,@ズバイモモ,6,6ヶ月,Member (6 months),,不明,,,2,2,0,2026-09-20 09:25,2026-09-22 22:01,,,https://www.youtube.com/channel/UCDMWsIWLFZMOE2FDZDHZzag
UCFPAXFcF1KG8U5cJtPDSk7w,@みか-Mika972,6,6ヶ月,Member (6 months),,不明,,,2,4,0,2026-09-20 09:25,2026-09-21 21:00,,,https://www.youtube.com/channel/UCFPAXFcF1KG8U5cJtPDSk7w
UCbTHXeX1mXJai_SmbnunfBg,@WDはんまめ,6,6ヶ月,Member (6 months),,不明,,,2,16,0,2026-09-20 23:00,2026-09-21 21:00,,,https://www.youtube.com/channel/UCbTHXeX1mXJai_SmbnunfBg
UCpP5Xm_1ysPAlQEHtaw5diA,@ert966er7,6,6ヶ月,Member (6 months),,不明,,,2,2,0,2026-09-20 23:00,2026-09-27 23:30,,,https://www.youtube.com/channel/UCpP5Xm_1ysPAlQEHtaw5diA
UCM5YvvzFwhAqdg5dyBGacUA,@Noah_Akatsuki,6,6ヶ月,Member (6 months),,不明,,,2,3,0,2026-09-20 23:00,2026-09-27 23:30,,,https://www.youtube.com/channel/UCM5YvvzFwhAqdg5dyBGacUA
UCtcooIPItVrlIf8XTPOUrog,@迷ったらマヨ,6,6ヶ月,Member (6 months),,不明,,,2,5,0,2026-09-20 23:00,2026-10-03 23:31,,,https://www.youtube.com/channel/UCtcooIPItVrlIf8XTPOUrog
UCNF-WTWDSdROp7t_EBbJMPw,@niku_jaga,6,6ヶ月,Member (6 months),,不明,,,2,24,0,2026-09-20 23:00,2026-09-22 22:01,,,https://www.youtube.com/channel/UCNF-WTWDSdROp7t_EBbJMPw
UCrlZBlVPca1I3t3BKKQQJrQ,@Fうおのめ334,6,6ヶ月,Member (6 months),,不明,,,2,2,0,2026-09-20 23:00,2026-09-21 21:00,,,https://www.youtube.com/channel/UCrlZBlVPca1I3t3BKKQQJrQ
UCa-yTYKDo4SdZxiqJWHifzA,@bikkuri-san,6,6ヶ月,Member (6 months),,不明,,,2,126,0,2026-09-21 21:00,2026-10-07 23:32,,,https://www.youtube.com/channel/UCa-yTYKDo4SdZxiqJWHifzA
UCXLldEKvPz4iBXA5sKP8UjQ,@月森ざくろ,6,6ヶ月,Member (6 months),,不明,,,2,12,0,2026-09-21 21:00,2026-09-27 23:30,,,https://www.youtube.com/channel/UCXLldEKvPz4iBXA5sKP8UjQ
UCqh7UmacmAXJOJDLlOyquxQ,@しぃ-e9l,6,6ヶ月,Member (6 months),,不明,,,2,10,0,2026-09-21 21:00,2026-09-22 22:01,,,https://www.youtube.com/channel/UCqh7UmacmAXJOJDLlOyquxQ
UCxo-rVkTs3moFJ4f2kvjiBw,@amatsu-boshi,6,6ヶ月,Member (6 months),,不明,,,2,5,0,2026-09-21 21:00,2026-09-27 23:30,,,https://www.youtube.com/channel/UCxo-rVkTs3moFJ4f2kvjiBw
UChkSfQ9RbZeEwIujTLmdABQ,@イロ_yail0,6,6ヶ月,Member (6 months),,不明,,,2,16,0,2026-09-21 21:00,2026-09-22 22:01,,,https://www.youtube.com/channel/UChkSfQ9RbZeEwIujTLmdABQ
UCbolJIhFQuUaXWq0d2Wx4-Q,@いも-q2n,6,6ヶ月,Member (6 months),,不明,,,2,4,0,2026-09-21 21:00,2026-09-22 22:01,,,https://www.youtube.com/channel/UCbolJIhFQuUaXWq0d2Wx4-Q
UCgWBVTmGXR-uVcLL3q3HYbQ,@ka33-18,6,6ヶ月,Member (6 months),,不明,,,2,3,0,2026-09-21 21:00,2026-10-07 23:32,,,https://www.youtube.com/channel/UCgWBVTmGXR-uVcLL3q3HYbQ
UChArSqAWr9oIoxqqQEeeMBA,@あっきーss,6,6ヶ月,Member (6 months),,不明,,,2,2,0,2026-09-21 21:00,2026-09-22 22:01,,,https://www.youtube.com/channel/UChArSqAWr9oIoxqqQEeeMBA
UCbKDWPiNC4EOjYf2kncoKyA,@kksun_3,6,6ヶ月,Member (6 months),,不明,,,2,10,0,2026-09-21 21:00,2026-09-22 22:01,,,https://www.youtube.com/channel/UCbKDWPiNC4EOjYf2kncoKyA
UCpkblSStLsmijXRdi-tHLwQ,@Efaby,6,6ヶ月,Member (6 months),,不明,,,2,3,0,2026-09-21 21:00,2026-09-22 22:01,,,https://www.youtube.com/channel/UCpkblSStLsmijXRdi-tHLwQ
UCya4AjSkIPpT5gwpQlesWBA,@ふにゃキャン,6,6ヶ月,Member (6 months),,不明,,,2,183,0,2026-09-21 21:00,2026-09-22 22:01,,,https://www.youtube.com/channel/UCya4AjSkIPpT5gwpQlesWBA
UCYRgAPfJoBKCkE6DoTEwE5Q,@ゆきYuqui,6,6ヶ月,Member (6 months),,不明,,,2,2,0,2026-09-21 21:00,2026-10-07 00:00,,,https://www.youtube.com/channel/UCYRgAPfJoBKCkE6DoTEwE5Q
UCqMQ-XMZU0OWz7lHr877Y5w,@もっぷそば,6,6ヶ月,Member (6 months),,不明,,,2,4,0,2026-09-21 21:00,2026-09-22 22:01,,,https://www.youtube.com/channel/UCqMQ-XMZU0OWz7lHr877Y5w
UCAP0vJ8o158a7MQ6Mk0ru2Q,@hokan7629,6,6ヶ月,Member (6 months),,不明,,,2,2,0,2026-09-21 21:00,2026-09-23 23:01,,,https://www.youtube.com/channel/UCAP0vJ8o158a7MQ6Mk0ru2Q
UC_yUl5a-CQLd4ka2YMPFhdw,@mt_hioh,6,6ヶ月,Member (6 months),,不明,,,2,4,0,2026-09-22 22:01,2026-09-30 23:30,,,https://www.youtube.com/channel/UC_yUl5a-CQLd4ka2YMPFhdw
UC6YLVXP4_6FmhKsEwdMnvjg,@MeghanetADM,6,6ヶ月,Member (6 months),,不明,,,2,5,0,2026-09-22 22:01,2026-09-26 23:30,,,https://www.youtube.com/channel/UC6YLVXP4_6FmhKsEwdMnvjg
UC7kJ9_oCZd3miSGeIVyUWRA,@sumo-kurain,6,6ヶ月,Member (6 months),,不明,,,2,3,0,2026-09-23 23:01,2026-10-09 00:00,,,https://www.youtube.com/channel/UC7kJ9_oCZd3miSGeIVyUWRA
UCo3tu_QdzmjIhOXPF09FoPw,@hamaya922,6,6ヶ月,Member (6 months),,不明,,,2,3,0,2026-09-23 23:01,2026-10-05 23:00,,,https://www.youtube.com/channel/UCo3tu_QdzmjIhOXPF09FoPw
UCKVRTUedIk7u3T7QLeXaI9Q,@Clow0055,6,6ヶ月,Member (6 months),,不明,,,2,2,0,2026-09-23 23:01,2026-10-03 23:31,,,https://www.youtube.com/channel/UCKVRTUedIk7u3T7QLeXaI9Q
UCb3Zw9GLA3ZW3NG767ILadg,@八神太一_Brave,6,6ヶ月,Member (6 months),,不明,,,2,4,0,2026-09-23 23:01,2026-09-26 23:30,,,https://www.youtube.com/channel/UCb3Zw9GLA3ZW3NG767ILadg
UCIkVHVkatuYN6kN8ArLv43Q,@ユウユウ-c7n,6,6ヶ月,Member (6 months),,不明,,,2,28,0,2026-09-26 23:30,2026-10-07 23:32,,,https://www.youtube.com/channel/UCIkVHVkatuYN6kN8ArLv43Q
UCDKvAQgi8knT_d3_x8By_IQ,@あすどろ,6,6ヶ月,Member (6 months),,不明,,,2,16,0,2026-09-26 23:30,2026-10-02 23:31,,,https://www.youtube.com/channel/UCDKvAQgi8knT_d3_x8By_IQ
UCKB2CKQLjNwWvvtAPSoOgHw,@tocchiii,6,6ヶ月,Member (6 months),,不明,,,2,7,0,2026-09-26 23:30,2026-10-03 23:31,,,https://www.youtube.com/channel/UCKB2CKQLjNwWvvtAPSoOgHw
UC5lt8sMSEHAn2blPTUuOv1A,@クロム-f1t,6,6ヶ月,Member (6 months),,不明,,,2,3,0,2026-09-26 23:30,2026-10-07 23:32,,,https://www.youtube.com/channel/UC5lt8sMSEHAn2blPTUuOv1A
UCNoqmnKXkE59TonK8OJpgtw,@てす-m8j,6,6ヶ月,Member (6 months),,不明,,,2,4,0,2026-09-26 23:30,2026-10-02 23:31,,,https://www.youtube.com/channel/UCNoqmnKXkE59TonK8OJpgtw
UCruuu2jvlmky9VvEXdbTS4A,@唯の上級エンジニア兼通信技,6,6ヶ月,Member (6 months),,不明,,,2,3,0,2026-09-27 23:30,2026-09-30 23:30,,,https://www.youtube.com/channel/UCruuu2jvlmky9VvEXdbTS4A
UC8bqXyigj5EDtv6SjCZc2lg,@GordØn-r3w,6,6ヶ月,Member (6 months),,不明,,,2,2,0,2026-09-30 23:30,2026-10-05 23:00,,,https://www.youtube.com/channel/UC8bqXyigj5EDtv6SjCZc2lg
UCIYbSxIynlWidYtWZC-m85A,@aaronchen5282,6,6ヶ月,Member (6 months),,不明,,,2,2,0,2026-10-01 23:30,2026-10-09 00:00,,,https://www.youtube.com/channel/UCIYbSxIynlWidYtWZC-m85A
UClvYH0NK_WiOcAs5OUO0Tbw,@celica7152,6,6ヶ月,Member (6 months),,不明,,,2,2,0,2026-10-01 23:30,2026-10-03 23:31,,,https://www.youtube.com/channel/UClvYH0NK_WiOcAs5OUO0Tbw
UCLpdtBHmPljSEvjieGvwAxw,@aKaすざく,6,6ヶ月,Member (6 months),,不明,,,2,2,0,2026-10-01 23:30,2026-10-03 23:31,,,https://www.youtube.com/channel/UCLpdtBHmPljSEvjieGvwAxw
UCkx9sZh4_ZlsVKO0BlgmTlA,@睦月神衣_s84a,6,6ヶ月,Member (6 months),,不明,,,2,97,0,2026-10-02 23:31,2026-10-09 00:00,,,https://www.youtube.com/channel/UCkx9sZh4_ZlsVKO0BlgmTlA
UCjOs1eDk_04JD8F7N8V6Jhw,@ge2men,6,6ヶ月,Member (6 months),,不明,,,2,83,0,2026-10-02 23:31,2026-10-09 00:00,,,https://www.youtube.com/channel/UCjOs1eDk_04JD8F7N8V6Jhw
UCqmqM9n6Zqi9LdrqLvp998g,@お腹だして居眠り,6,6ヶ月,Member (6 months),,不明,,,2,18,0,2026-10-02 23:31,2026-10-03 23:31,,,https://www.youtube.com/channel/UCqmqM9n6Zqi9LdrqLvp998g
UCG-LhV20iOHlyEy6hDMsFPw,@ユーリ-x3h,6,6ヶ月,Member (6 months),,不明,,,2,5,0,2026-10-03 23:31,2026-10-09 00:00,,,https://www.youtube.com/channel/UCG-LhV20iOHlyEy6hDMsFPw
UC7ZDtsT9y8exShzm9wyETBw,@SM-lb1mu,6,6ヶ月,Member (6 months),,不明,,,2,40,0,2026-10-07 23:32,2026-10-09 00:00,,,https://www.youtube.com/channel/UC7ZDtsT9y8exShzm9wyETBw
UCJAtxMjT867CPZJwtdbnfOQ,@御影ムツミ,6,6ヶ月,Member (6 months),,不明,,,1,1,0,2026-09-10 23:01,2026-09-10 23:01,,,https://www.youtube.com/channel/UCJAtxMjT867CPZJwtdbnfOQ
UCO59wqHNptC7owANrmEAsig,@zui-long,6,6ヶ月,Member (6 months),,不明,,,1,1,0,2026-09-10 23:01,2026-09-10 23:01,,,https://www.youtube.com/channel/UCO59wqHNptC7owANrmEAsig
UCEargZIrY8FR9-DtheL54sQ,@黒羊86,6,6ヶ月,Member (6 months),,不明,,,1,1,0,2026-09-12 23:31,2026-09-12 23:31,,,https://www.youtube.com/channel/UCEargZIrY8FR9-DtheL54sQ
UCbOqRjVbRePwfmtZX3xyB1A,@triplegg-v7m,6,6ヶ月,Member (6 months),,不明,,,1,1,0,2026-09-12 23:31,2026-09-12 23:31,,,https://www.youtube.com/channel/UCbOqRjVbRePwfmtZX3xyB1A
UCMn9oux9TZA_40FsVAh37Ug,@葦月ーヨシヅキー,6,6ヶ月,Member (6 months),,不明,,,1,1,0,2026-09-12 23:31,2026-09-12 23:31,,,https://www.youtube.com/channel/UCMn9oux9TZA_40FsVAh37Ug
UChihXYcE0NoYAl0uRZWfPww,@祭北乃熊さいほくのくま,6,6ヶ月,Member (6 months),,魔界レベル1,再加入/レベル変更,,1,0,0,2026-09-12 23:31,2026-09-12 23:31,,,https://www.youtube.com/channel/UChihXYcE0NoYAl0uRZWfPww
UCExmlY_EZw_-awUe5m4qCrA,@SKatou334,6,6ヶ月,Member (6 months),,不明,,,1,1,0,2026-09-13 23:30,2026-09-13 23:30,,,https://www.youtube.com/channel/UCExmlY_EZw_-awUe5m4qCrA
UCZv8QKlackzO4rK-Mfj0Q9Q,@hozzy_YT,6,6ヶ月,Member (6 months),,不明,,,1,1,0,2026-09-13 23:30,2026-09-13 23:30,,,https://www.youtube.com/channel/UCZv8QKlackzO4rK-Mfj0Q9Q
UCc0idNcpJYnrIEjSyfMbOww,@kuromitu9175,6,6ヶ月,Member (6 months),,不明,,,1,2,0,2026-09-13 23:30,2026-09-13 23:30,,,https://www.youtube.com/channel/UCc0idNcpJYnrIEjSyfMbOww
UCrymK27jhGic3mzu_V_vzsA,@Tわんびりおん,6,6ヶ月,Member (6 months),,不明,,,1,2,0,2026-09-15 23:30,2026-09-15 23:30,,,https://www.youtube.com/channel/UCrymK27jhGic3mzu_V_vzsA
UCANj3N1grHSbNHcCpl4jerA,@夏乃_S,6,6ヶ月,Member (6 months),,不明,,,1,1,0,2026-09-16 23:30,2026-09-16 23:30,,,https://www.youtube.com/channel/UCANj3N1grHSbNHcCpl4jerA
UCqX3qM2_rKwpwQFgpYnfJIQ,@ぐらす-e2t,6,6ヶ月,Member (6 months),,不明,,,1,1,0,2026-09-16 23:30,2026-09-16 23:30,,,https://www.youtube.com/channel/UCqX3qM2_rKwpwQFgpYnfJIQ
UCrs9w-yu18aqwbVMTj5vnBw,@マユ-d8v,6,6ヶ月,Member (6 months),,不明,,,1,10,0,2026-09-16 23:30,2026-09-16 23:30,,,https://www.youtube.com/channel/UCrs9w-yu18aqwbVMTj5vnBw
UCUVRLvhqyNCgFVGtsA4QDUg,@いぶ046,6,6ヶ月,Member (6 months),,不明,,,1,1,0,2026-09-16 23:30,2026-09-16 23:30,,,https://www.youtube.com/channel/UCUVRLvhqyNCgFVGtsA4QDUg
UChhISwZWBTsfR8B7VkTO3Kg,@れびちょ,6,6ヶ月,Member (6 months),,不明,,,1,1,0,2026-09-19 22:00,2026-09-19 22:00,,,https://www.youtube.com/channel/UChhISwZWBTsfR8B7VkTO3Kg
UCCKX1P544hKkAfjH7vbsgAA,@かっとかと,6,6ヶ月,Member (6 months),,不明,,,1,45,0,2026-09-19 22:00,2026-09-19 22:00,,,https://www.youtube.com/channel/UCCKX1P544hKkAfjH7vbsgAA
UCunB8t4B-6GsP4OK0oq3CiQ,@はいど-x9n,6,6ヶ月,Member (6 months),,不明,,,1,2,0,2026-09-19 22:00,2026-09-19 22:00,,,https://www.youtube.com/channel/UCunB8t4B-6GsP4OK0oq3CiQ
UCK_Y7jiWjzK4hibKcmWBQ_Q,@hana-kq2yb,6,6ヶ月,Member (6 months),,不明,,,1,56,0,2026-09-19 22:00,2026-09-19 22:00,,,https://www.youtube.com/channel/UCK_Y7jiWjzK4hibKcmWBQ_Q
UC8vLh27VvJwDDXRjWHb96aA,@あまや-u2v,6,6ヶ月,Member (6 months),,不明,,,1,6,0,2026-09-19 22:00,2026-09-19 22:00,,,https://www.youtube.com/channel/UC8vLh27VvJwDDXRjWHb96aA
UC5wH-fJ3s6Saa8MXnP4z-Qw,@n0d0k4,6,6ヶ月,Member (6 months),,不明,,,1,1,0,2026-09-19 22:00,2026-09-19 22:00,,,https://www.youtube.com/channel/UC5wH-fJ3s6Saa8MXnP4z-Qw
UCTi7j8Q6pVaFUfKWfUfBogg,@梅色日和,6,6ヶ月,Member (6 months),,不明,,,1,1,0,2026-09-19 22:00,2026-09-19 22:00,,,https://www.youtube.com/channel/UCTi7j8Q6pVaFUfKWfUfBogg
UCdYPfd22S165z2OeR_NqZxQ,@キッサ-kissa,6,6ヶ月,Member (6 months),,不明,,,1,1,0,2026-09-19 22:00,2026-09-19 22:00,,,https://www.youtube.com/channel/UCdYPfd22S165z2OeR_NqZxQ
UCsAVcqyptJuYF-epRBRtWcg,@amane4325,6,6ヶ月,Member (6 months),,不明,,,1,1,0,2026-09-19 22:00,2026-09-19 22:00,,,https://www.youtube.com/channel/UCsAVcqyptJuYF-epRBRtWcg
UC744i63q3V3t-0IfmysbP_A,@rin_sanada,6,6ヶ月,Member (6 months),,不明,,,1,2,0,2026-09-19 22:00,2026-09-19 22:00,,,https://www.youtube.com/channel/UC744i63q3V3t-0IfmysbP_A
UC8m8swJA6lTD-v-u8gMBXEw,@カクミたん,6,6ヶ月,Member (6 months),,不明,,,1,2,0,2026-09-19 22:00,2026-09-19 22:00,,,https://www.youtube.com/channel/UC8m8swJA6lTD-v-u8gMBXEw
UCQf85--YxXNIY_cuOBbvgMA,@トトゥーリア-c6p,6,6ヶ月,Member (6 months),,不明,,,1,1,0,2026-09-19 22:00,2026-09-19 22:00,,,https://www.youtube.com/channel/UCQf85--YxXNIY_cuOBbvgMA
UC4e-EAhCMnBcFu4T9ETMLKw,@alva3446,6,6ヶ月,Member (6 months),,不明,,,1,6,0,2026-09-19 22:00,2026-09-19 22:00,,,https://www.youtube.com/channel/UC4e-EAhCMnBcFu4T9ETMLKw
UCxnUb2DThrF0d2IRc5m9N7Q,@ラクサス-raxas,6,6ヶ月,Member (6 months),,不明,,,1,1,0,2026-09-19 22:00,2026-09-19 22:00,,,https://www.youtube.com/channel/UCxnUb2DThrF0d2IRc5m9N7Q
UCRmIe7M-EX-7om_Ulz1uZWg,@月D美兎,6,6ヶ月,Member (6 months),,不明,,,1,1,0,2026-09-19 22:00,2026-09-19 22:00,,,https://www.youtube.com/channel/UCRmIe7M-EX-7om_Ulz1uZWg
UCka_S8lq4DTAJYn_MEZ-DMg,@岩塩-k5k,6,6ヶ月,Member (6 months),,不明,,,1,1,0,2026-09-20 09:25,2026-09-20 09:25,,,https://www.youtube.com/channel/UCka_S8lq4DTAJYn_MEZ-DMg
UCKz1_AoEPgB7u_i0Ms5MWbQ,@そらとぶペンギン,6,6ヶ月,Member (6 months),,不明,,,1,1,0,2026-09-20 09:25,2026-09-20 09:25,,,https://www.youtube.com/channel/UCKz1_AoEPgB7u_i0Ms5MWbQ
UCzND9Y9XMaro-nvDDO63YPQ,@nubesuko-hr2ns,6,6ヶ月,Member (6 months),,不明,,,1,3,0,2026-09-20 09:25,2026-09-20 09:25,,,https://www.youtube.com/channel/UCzND9Y9XMaro-nvDDO63YPQ
UCol2gEIv0LxLKuKRtv7q33g,@hal-ハル-aLsL,6,6ヶ月,Member (6 months),,不明,,,1,30,0,2026-09-20 09:25,2026-09-20 09:25,,,https://www.youtube.com/channel/UCol2gEIv0LxLKuKRtv7q33g
UCzFbvuQbKX5y4bEfEfZQiXA,@ハッシュポテトいい,6,6ヶ月,Member (6 months),,不明,,,1,1,0,2026-09-20 09:25,2026-09-20 09:25,,,https://www.youtube.com/channel/UCzFbvuQbKX5y4bEfEfZQiXA
UC1mvR8VhlCR_urtu_zGKSPg,@白熊-r5z,6,6ヶ月,Member (6 months),,不明,,,1,1,0,2026-09-20 09:25,2026-09-20 09:25,,,https://www.youtube.com/channel/UC1mvR8VhlCR_urtu_zGKSPg
UCdjR8CXn_trKuvJrNi8pU8A,@ギエピー-h7w,6,6ヶ月,Member (6 months),,不明,,,1,1,0,2026-09-20 23:00,2026-09-20 23:00,,,https://www.youtube.com/channel/UCdjR8CXn_trKuvJrNi8pU8A
UCD65PPcBHFyFVvKPyaBIo_g,@瓢箪_401,6,6ヶ月,Member (6 months),,不明,,,1,177,0,2026-09-20 23:00,2026-09-20 23:00,,,https://www.youtube.com/channel/UCD65PPcBHFyFVvKPyaBIo_g
UCPJJqkUyW4jAMOjXK9YoOmg,@AKI_4iv,6,6ヶ月,Member (6 months),,不明,,,1,1,0,2026-09-20 23:00,2026-09-20 23:00,,,https://www.youtube.com/channel/UCPJJqkUyW4jAMOjXK9YoOmg
UCySAKbD0YVc0pMiHjqWb0Pg,@獄式鴉,6,6ヶ月,Member (6 months),,不明,,,1,1,0,2026-09-20 23:00,2026-09-20 23:00,,,https://www.youtube.com/channel/UCySAKbD0YVc0pMiHjqWb0Pg
UCtceBYg6aEPiUeCCEPB8Wag,@brshlckd,6,6ヶ月,Member (6 months),,不明,,,1,1,0,2026-09-20 23:00,2026-09-20 23:00,,,https://www.youtube.com/channel/UCtceBYg6aEPiUeCCEPB8Wag
UCLYo7B9kfEMPQKJMX4GkZhg,@gaebolg489,6,6ヶ月,Member (6 months),,不明,,,1,2,0,2026-09-20 23:00,2026-09-20 23:00,,,https://www.youtube.com/channel/UCLYo7B9kfEMPQKJMX4GkZhg
UC3q7sjj4goEth1H91NQxtPQ,@浮雲-z6x,6,6ヶ月,Member (6 months),,不明,,,1,6,0,2026-09-20 23:00,2026-09-20 23:00,,,https://www.youtube.com/channel/UC3q7sjj4goEth1H91NQxtPQ
UCvmEv6HHpDFPggV2daaXhlw,@ホロスHuman,6,6ヶ月,Member (6 months),,不明,,,1,2,0,2026-09-20 23:00,2026-09-20 23:00,,,https://www.youtube.com/channel/UCvmEv6HHpDFPggV2daaXhlw
UC2TDLOKFiROOuJurKxhXDBQ,@FullDS,6,6ヶ月,Member (6 months),,不明,,,1,3,0,2026-09-21 21:00,2026-09-21 21:00,,,https://www.youtube.com/channel/UC2TDLOKFiROOuJurKxhXDBQ
UCphU-0oQ4lUyzCir0IKayuQ,@ユユユ-n6l,6,6ヶ月,Member (6 months),,不明,,,1,10,0,2026-09-21 21:00,2026-09-21 21:00,,,https://www.youtube.com/channel/UCphU-0oQ4lUyzCir0IKayuQ
UCJCygifS-CUyhDakkpDXa6g,@halhar-y3n,6,6ヶ月,Member (6 months),,不明,,,1,1,0,2026-09-21 21:00,2026-09-21 21:00,,,https://www.youtube.com/channel/UCJCygifS-CUyhDakkpDXa6g
UCb4K-3GE7wZE66gVZKuib4A,@長谷川平蔵-q9s,6,6ヶ月,Member (6 months),,不明,,,1,7,0,2026-09-21 21:00,2026-09-21 21:00,,,https://www.youtube.com/channel/UCb4K-3GE7wZE66gVZKuib4A
UCmXy4TXjEni9DsCKpv3BF_g,@ぶっしゅどはりぃ,6,6ヶ月,Member (6 months),,不明,,,1,1,0,2026-09-21 21:00,2026-09-21 21:00,,,https://www.youtube.com/channel/UCmXy4TXjEni9DsCKpv3BF_g
UCiejWt_9O-6KwnhywRWFRkg,@助けてチャンネル,6,6ヶ月,Member (6 months),,不明,,,1,1,0,2026-09-21 21:00,2026-09-21 21:00,,,https://www.youtube.com/channel/UCiejWt_9O-6KwnhywRWFRkg
UCJSzOS8x4XtMuUFJDC5DtKw,@bb7bb8,6,6ヶ月,Member (6 months),,不明,,,1,1,0,2026-09-21 21:00,2026-09-21 21:00,,,https://www.youtube.com/channel/UCJSzOS8x4XtMuUFJDC5DtKw
UCuYgcN-L11McK63egWvXozA,@YoshikiKashiwagi,6,6ヶ月,Member (6 months),,不明,,,1,2,0,2026-09-21 21:00,2026-09-21 21:00,,,https://www.youtube.com/channel/UCuYgcN-L11McK63egWvXozA
UCV2L_WJiCasOQ4n4DwXrkXQ,@ZELDA-V7,6,6ヶ月,Member (6 months),,不明,,,1,1,0,2026-09-21 21:00,2026-09-21 21:00,,,https://www.youtube.com/channel/UCV2L_WJiCasOQ4n4DwXrkXQ
UChz1jkpmW0LC1w4fd4mL02A,@YAKINIKU-i6i,6,6ヶ月,Member (6 months),,不明,,,1,1,0,2026-09-21 21:00,2026-09-21 21:00,,,https://www.youtube.com/channel/UChz1jkpmW0LC1w4fd4mL02A
UCZDRdmHxb-l9TqHHYBc3WpQ,@nerapon4359,6,6ヶ月,Member (6 months),,不明,,,1,1,0,2026-09-21 21:00,2026-09-21 21:00,,,https://www.youtube.com/channel/UCZDRdmHxb-l9TqHHYBc3WpQ
UCIiJiM1LMoirPBGkuF3OZgg,@けいのすけ-i6x,6,6ヶ月,Member (6 months),,不明,,,1,1,0,2026-09-21 21:00,2026-09-21 21:00,,,https://www.youtube.com/channel/UCIiJiM1LMoirPBGkuF3OZgg
UCxsSqpRX2kbEtt8M66cLnww,@えいぴあ,6,6ヶ月,Member (6 months),,不明,,,1,1,0,2026-09-21 21:00,2026-09-21 21:00,,,https://www.youtube.com/channel/UCxsSqpRX2kbEtt8M66cLnww
UCcoV_QhVBTO0efjE3mND6gw,@yowutis,6,6ヶ月,Member (6 months),,魔界レベル1,再加入/レベル変更,,1,0,0,2026-09-21 21:00,2026-09-21 21:00,,,https://www.youtube.com/channel/UCcoV_QhVBTO0efjE3mND6gw
UC-kLG_Ig9hGAw91Q0W9HA1A,@イクス-ex,6,6ヶ月,Member (6 months),,不明,,,1,1,0,2026-09-22 22:01,2026-09-22 22:01,,,https://www.youtube.com/channel/UC-kLG_Ig9hGAw91Q0W9HA1A
UC5MoucS3ywijqw8nkrvE52w,@信玄-c6r,6,6ヶ月,Member (6 months),,不明,,,1,3,0,2026-09-22 22:01,2026-09-22 22:01,,,https://www.youtube.com/channel/UC5MoucS3ywijqw8nkrvE52w
UCa3t1Ff-HPljmUuZM5ItCCg,@しみふた,6,6ヶ月,Member (6 months),,不明,,,1,1,0,2026-09-23 23:01,2026-09-23 23:01,,,https://www.youtube.com/channel/UCa3t1Ff-HPljmUuZM5ItCCg
UCpG4ph3gdzUC7qe7EOJm5Uw,@冬至る,6,6ヶ月,Member (6 months),,不明,,,1,17,0,2026-09-23 23:01,2026-09-23 23:01,,,https://www.youtube.com/channel/UCpG4ph3gdzUC7qe7EOJm5Uw
UCXDsqUfjziVCfJM_d-D3Hmw,@kaomojimoji,6,6ヶ月,Member (6 months),,不明,,,1,1,0,2026-09-23 23:01,2026-09-23 23:01,,,https://www.youtube.com/channel/UCXDsqUfjziVCfJM_d-D3Hmw
UCRiovC4bd07G_jQ6HSGvxnQ,@daiki1985,6,6ヶ月,Member (6 months),,不明,,,1,1,0,2026-09-23 23:01,2026-09-23 23:01,,,https://www.youtube.com/channel/UCRiovC4bd07G_jQ6HSGvxnQ
UCdJf6df5GtwwwKux9HMJVKQ,@歌玉,6,6ヶ月,Member (6 months),,不明,,,1,5,0,2026-09-23 23:01,2026-09-23 23:01,,,https://www.youtube.com/channel/UCdJf6df5GtwwwKux9HMJVKQ
UCU7tgbGN3Jvz83zBlr6GE6w,@スカイツリーニ,6,6ヶ月,Member (6 months),,不明,,,1,1,0,2026-09-23 23:01,2026-09-23 23:01,,,https://www.youtube.com/channel/UCU7tgbGN3Jvz83zBlr6GE6w
UCVaJj1OByw42ggsI6xD8WVQ,@おひたしaw6h,6,6ヶ月,Member (6 months),,不明,,,1,15,0,2026-09-23 23:01,2026-09-23 23:01,,,https://www.youtube.com/channel/UCVaJj1OByw42ggsI6xD8WVQ
UCS6UHwtvmjvfm1F2MjuO2-g,@雨音あまおと,6,6ヶ月,Member (6 months),,不明,,,1,1,0,2026-09-23 23:01,2026-09-23 23:01,,,https://www.youtube.com/channel/UCS6UHwtvmjvfm1F2MjuO2-g
UC1QwMNeVBH5zK7ny4Iv-gwA,@しろめんこ,6,6ヶ月,Member (6 months),,不明,,,1,1,0,2026-09-23 23:01,2026-09-23 23:01,,,https://www.youtube.com/channel/UC1QwMNeVBH5zK7ny4Iv-gwA
UCpe1dpRunh85X3zrZOW6VRQ,@瑞-q3m,6,6ヶ月,Member (6 months),,不明,,,1,1,0,2026-09-26 23:30,2026-09-26 23:30,,,https://www.youtube.com/channel/UCpe1dpRunh85X3zrZOW6VRQ
UCTHe5uBMxie-miM4ZlvOkwA,@リフォ,6,6ヶ月,Member (6 months),,不明,,,1,1,0,2026-09-26 23:30,2026-09-26 23:30,,,https://www.youtube.com/channel/UCTHe5uBMxie-miM4ZlvOkwA
UCtqHVZmFZJ0fbwwOSvw02QA,@くうもる_coumol,6,6ヶ月,Member (6 months),,不明,,,1,1,0,2026-09-26 23:30,2026-09-26 23:30,,,https://www.youtube.com/channel/UCtqHVZmFZJ0fbwwOSvw02QA
UCfOltNrUUjmnP-DlXw17S-g,@Xろっぱ,6,6ヶ月,Member (6 months),,不明,,,1,1,0,2026-09-26 23:30,2026-09-26 23:30,,,https://www.youtube.com/channel/UCfOltNrUUjmnP-DlXw17S-g
UC_aHJ0gfRVVJZPyc3022ZMQ,@えや,6,6ヶ月,Member (6 months),,不明,,,1,1,0,2026-09-26 23:30,2026-09-26 23:30,,,https://www.youtube.com/channel/UC_aHJ0gfRVVJZPyc3022ZMQ
UCS2uVQxi9RHR4bdVVG1mHYA,@ろくりゅう_6,6,6ヶ月,Member (6 months),,不明,,,1,1,0,2026-09-26 23:30,2026-09-26 23:30,,,https://www.youtube.com/channel/UCS2uVQxi9RHR4bdVVG1mHYA
UCjTdletFrgFSnoYl1ho-HEg,@レティシュ,6,6ヶ月,Member (6 months),,不明,,,1,1,0,2026-09-26 23:30,2026-09-26 23:30,,,https://www.youtube.com/channel/UCjTdletFrgFSnoYl1ho-HEg
UCHrAmtaQRJY-xH04JlCW7eQ,@limits5827,6,6ヶ月,Member (6 months),,不明,,,1,2,0,2026-09-26 23:30,2026-09-26 23:30,,,https://www.youtube.com/channel/UCHrAmtaQRJY-xH04JlCW7eQ
UCHOw3bZl4hGkxRKrXTqgCNQ,@羊竜_ようりゅう,6,6ヶ月,Member (6 months),,不明,,,1,3,0,2026-09-26 23:30,2026-09-26 23:30,,,https://www.youtube.com/channel/UCHOw3bZl4hGkxRKrXTqgCNQ
UCqZyhB8flz877cXaX49hlOA,@シエテ-s9p,6,6ヶ月,Member (6 months),,不明,,,1,2,0,2026-09-27 23:30,2026-09-27 23:30,,,https://www.youtube.com/channel/UCqZyhB8flz877cXaX49hlOA
UCg4E7iWLwIbJlOlwRBRI1Kw,@noobplayer6357,6,6ヶ月,Member (6 months),,不明,,,1,1,0,2026-09-27 23:30,2026-09-27 23:30,,,https://www.youtube.com/channel/UCg4E7iWLwIbJlOlwRBRI1Kw
UCtUnZvYBN8gKoziSzYu3qrg,@ゴーヤドーフ,6,6ヶ月,Member (6 months),,不明,,,1,1,0,2026-09-30 23:30,2026-09-30 23:30,,,https://www.youtube.com/channel/UCtUnZvYBN8gKoziSzYu3qrg
UCg-xcT-yCQKy-iaVU4ubEBw,@carrioncrowERoS,6,6ヶ月,Member (6 months),,不明,,,1,1,0,2026-09-30 23:30,2026-09-30 23:30,,,https://www.youtube.com/channel/UCg-xcT-yCQKy-iaVU4ubEBw
UCqmFBdqoZygSRU_P6yxOThg,@CHAOS_NiTO,6,6ヶ月,Member (6 months),,不明,,,1,1,0,2026-10-01 23:30,2026-10-01 23:30,,,https://www.youtube.com/channel/UCqmFBdqoZygSRU_P6yxOThg
UC10OoleJ-isDhpXDI1zBGqg,@Avengerlam,6,6ヶ月,Member (6 months),,魔界レベル1,再加入/レベル変更,,1,0,0,2026-10-01 23:30,2026-10-01 23:30,,,https://www.youtube.com/channel/UC10OoleJ-isDhpXDI1zBGqg
UCYD3oV4G_KvbsKVkpAts-9w,@harukawa1997,6,6ヶ月,Member (6 months),,不明,,,1,1,0,2026-10-02 23:31,2026-10-02 23:31,,,https://www.youtube.com/channel/UCYD3oV4G_KvbsKVkpAts-9w
UC7dh9znQjnqN2-ItYDMuzIg,@弥生ぬこ,6,6ヶ月,Member (6 months),,不明,,,1,34,0,2026-10-02 23:31,2026-10-02 23:31,,,https://www.youtube.com/channel/UC7dh9znQjnqN2-ItYDMuzIg
UCOHfzDPUhrsY98EUm5v6C2w,@オーカム-0,6,6ヶ月,Member (6 months),,不明,,,1,1,0,2026-10-02 23:31,2026-10-02 23:31,,,https://www.youtube.com/channel/UCOHfzDPUhrsY98EUm5v6C2w
UC9p65jXqLz6GAeyUSog2IGg,@ナスタチウム-08,6,6ヶ月,Member (6 months),,不明,,,1,1,0,2026-10-02 23:31,2026-10-02 23:31,,,https://www.youtube.com/channel/UC9p65jXqLz6GAeyUSog2IGg
UCiGBvcQiYhzdLvU9bC-Xikw,@nazuna0612,6,6ヶ月,Member (6 months),,不明,,,1,1,0,2026-10-02 23:31,2026-10-02 23:31,,,https://www.youtube.com/channel/UCiGBvcQiYhzdLvU9bC-Xikw
UCMjscPAfnWtdB8bh1TdvkRQ,@SBRANMA,6,6ヶ月,Member (6 months),,不明,,,1,1,0,2026-10-02 23:31,2026-10-02 23:31,,,https://www.youtube.com/channel/UCMjscPAfnWtdB8bh1TdvkRQ
UCnE3xwe0jqgU-ALwV-JF2vw,@masa2247,6,6ヶ月,Member (6 months),,不明,,,1,8,0,2026-10-02 23:31,2026-10-02 23:31,,,https://www.youtube.com/channel/UCnE3xwe0jqgU-ALwV-JF2vw
UCoNjgJs6Gv0LBXZtVuFpbpg,@melont-rp5fv,6,6ヶ月,Member (6 months),,不明,,,1,27,0,2026-10-03 23:31,2026-10-03 23:31,,,https://www.youtube.com/channel/UCoNjgJs6Gv0LBXZtVuFpbpg
UC_hcycHhXq1nySzME54RPlg,@Belial4519,6,6ヶ月,Member (6 months),,不明,,,1,5,0,2026-10-03 23:31,2026-10-03 23:31,,,https://www.youtube.com/channel/UC_hcycHhXq1nySzME54RPlg
UC5GUndUIV1nwrfjbA4ClmjQ,@muratyo315,6,6ヶ月,Member (6 months),,不明,,,1,1,0,2026-10-03 23:31,2026-10-03 23:31,,,https://www.youtube.com/channel/UC5GUndUIV1nwrfjbA4ClmjQ
UCgLd-msGz_LT_zOVmDD36Bg,@カラスは可愛いのですよ,6,6ヶ月,Member (6 months),,不明,,,1,10,0,2026-10-03 23:31,2026-10-03 23:31,,,https://www.youtube.com/channel/UCgLd-msGz_LT_zOVmDD36Bg
UCtch0g9JunDgRLuYWBW4Jqg,@btb3530,6,6ヶ月,Member (6 months),,不明,,,1,1,0,2026-10-03 23:31,2026-10-03 23:31,,,https://www.youtube.com/channel/UCtch0g9JunDgRLuYWBW4Jqg
UCyYmFRiJjqyEJJqsKEOM4eQ,@佐久間Lety,6,6ヶ月,Member (6 months),,不明,,,1,8,0,2026-10-03 23:31,2026-10-03 23:31,,,https://www.youtube.com/channel/UCyYmFRiJjqyEJJqsKEOM4eQ
UCCXLvhGvNuDTuE8Vq-Mr7Sw,@武藤とも,6,6ヶ月,Member (6 months),,不明,,,1,2,0,2026-10-03 23:31,2026-10-03 23:31,,,https://www.youtube.com/channel/UCCXLvhGvNuDTuE8Vq-Mr7Sw
UCSFUnKauv_biLxd8XSvq-qA,@サコタ-u9i,6,6ヶ月,Member (6 months),,不明,,,1,2,0,2026-10-03 23:31,2026-10-03 23:31,,,https://www.youtube.com/channel/UCSFUnKauv_biLxd8XSvq-qA
UC4zuXLMEjROyMh8N7k0Zygw,@こんとん-x5r,6,6ヶ月,Member (6 months),,不明,,,1,1,0,2026-10-03 23:31,2026-10-03 23:31,,,https://www.youtube.com/channel/UC4zuXLMEjROyMh8N7k0Zygw
UCXxzIbHGLgF4HMUqH1imcEA,@ばすかー,6,6ヶ月,Member (6 months),,不明,,,1,1,0,2026-10-03 23:31,2026-10-03 23:31,,,https://www.youtube.com/channel/UCXxzIbHGLgF4HMUqH1imcEA
UCLhlb8vRWWsdAuGL1hogZMw,@LokShingLai,6,6ヶ月,Member (6 months),,不明,,,1,1,0,2026-10-03 23:31,2026-10-03 23:31,,,https://www.youtube.com/channel/UCLhlb8vRWWsdAuGL1hogZMw
UCFSLrwiieutz2JAkRqNnUjQ,@longlongwang3507,6,6ヶ月,Member (6 months),,不明,,,1,3,0,2026-10-03 23:31,2026-10-03 23:31,,,https://www.youtube.com/channel/UCFSLrwiieutz2JAkRqNnUjQ
UCMQeVC5vcWyBIicCoHfDEqg,@山本敏勝Yanmo,6,6ヶ月,Member (6 months),,不明,,,1,1,0,2026-10-05 23:00,2026-10-05 23:00,,,https://www.youtube.com/channel/UCMQeVC5vcWyBIicCoHfDEqg
UClr7n_tm6ekkj0fOZevaowQ,@daiki1867,6,6ヶ月,Member (6 months),,不明,,,1,1,0,2026-10-05 23:00,2026-10-05 23:00,,,https://www.youtube.com/channel/UClr7n_tm6ekkj0fOZevaowQ
UC-MnxnvWv9X811U-9OqXMFw,@こだわりの海苔,6,6ヶ月,Member (6 months),,不明,,,1,2,0,2026-10-05 23:00,2026-10-05 23:00,,,https://www.youtube.com/channel/UC-MnxnvWv9X811U-9OqXMFw
UCbiT8K-mEFTES-6_LKDCWrA,@tともm,6,6ヶ月,Member (6 months),,不明,,,1,1,0,2026-10-05 23:00,2026-10-05 23:00,,,https://www.youtube.com/channel/UCbiT8K-mEFTES-6_LKDCWrA
UCAqXbjlMy9XlAcWbzbWSpHA,@Yozora_109,6,6ヶ月,Member (6 months),,不明,,,1,1,0,2026-10-07 23:32,2026-10-07 23:32,,,https://www.youtube.com/channel/UCAqXbjlMy9XlAcWbzbWSpHA
UC25acnnzVFJCbNAg0D45wXQ,@おムズんです-omz,6,6ヶ月,Member (6 months),,不明,,,1,10,0,2026-10-07 23:32,2026-10-07 23:32,,,https://www.youtube.com/channel/UC25acnnzVFJCbNAg0D45wXQ
UCcxv2688U6okegmHUKky2xA,@葛リーフゲイリン,6,6ヶ月,Member (6 months),,不明,,,1,3,0,2026-10-07 23:32,2026-10-07 23:32,,,https://www.youtube.com/channel/UCcxv2688U6okegmHUKky2xA
UCUqlW8UcHSdenhr8F08Pw3w,@とっき-q5r,6,6ヶ月,Member (6 months),,不明,,,1,7,0,2026-10-07 23:32,2026-10-07 23:32,,,https://www.youtube.com/channel/UCUqlW8UcHSdenhr8F08Pw3w
UCpzvOf74LnpskbfswGG1nEg,@soanya_ll,6,6ヶ月,Member (6 months),,不明,,,1,1,0,2026-10-07 23:32,2026-10-07 23:32,,,https://www.youtube.com/channel/UCpzvOf74LnpskbfswGG1nEg
UCkxiRJZ0ou2xpynlgWo4AgA,@HaQXX,6,6ヶ月,Member (6 months),,不明,,,1,1,0,2026-10-07 23:32,2026-10-07 23:32,,,https://www.youtube.com/channel/UCkxiRJZ0ou2xpynlgWo4AgA
UCY0e8cc6DCrmCWkEEjgVvfw,@リオ-n5i,6,6ヶ月,Member (6 months),,不明,,,1,2,0,2026-10-07 23:32,2026-10-07 23:32,,,https://www.youtube.com/channel/UCY0e8cc6DCrmCWkEEjgVvfw
UCCtnoVm-oBet8OsbT9ES08w,@なつみかんchan,6,6ヶ月,Member (6 months),,不明,,,1,1,0,2026-10-09 00:00,2026-10-09 00:00,,,https://www.youtube.com/channel/UCCtnoVm-oBet8OsbT9ES08w
UCCcAc64fGn0Sf4_iMjhjADw,@名前のない孫,6,6ヶ月,Member (6 months),,不明,,,1,1,0,2026-10-09 00:00,2026-10-09 00:00,,,https://www.youtube.com/channel/UCCcAc64fGn0Sf4_iMjhjADw
UCl68Mg7Y5aM-7wpbc0Vha8g,@raymooce777,6,6ヶ月,Member (6 months),,不明,,,1,1,0,2026-10-09 00:00,2026-10-09 00:00,,,https://www.youtube.com/channel/UCl68Mg7Y5aM-7wpbc0Vha8g
UCGqjT7gpt6uIKKikUyMiezw,@ヨッサン-y7t,6,6ヶ月,Member (6 months),,不明,,,1,1,0,2026-10-09 00:00,2026-10-09 00:00,,,https://www.youtube.com/channel/UCGqjT7gpt6uIKKikUyMiezw
UC3Q6uKyy4MT56p7-nyokYBQ,@O2K1,6,6ヶ月,Member (6 months),,不明,,,1,5,0,2026-10-09 00:00,2026-10-09 00:00,,,https://www.youtube.com/channel/UC3Q6uKyy4MT56p7-nyokYBQ
UCXwo7D7x4TQRoE-ukNCztBA,@amemachi_leon,6,6ヶ月,Member (6 months),,不明,,,1,42,0,2026-10-09 00:00,2026-10-09 00:00,,,https://www.youtube.com/channel/UCXwo7D7x4TQRoE-ukNCztBA
UCWM-izg2nNvkHvIOFl527qw,@冬-v2r,6,6ヶ月,Member (6 months),,不明,,,1,1,0,2026-10-09 00:00,2026-10-09 00:00,,,https://www.youtube.com/channel/UCWM-izg2nNvkHvIOFl527qw
UClMCUDxwAjI0M04O_UmRSKA,@TOM-pk4kj,6,6ヶ月,Member (6 months),,不明,,,1,1,0,2026-10-09 00:00,2026-10-09 00:00,,,https://www.youtube.com/channel/UClMCUDxwAjI0M04O_UmRSKA
UCcu8pcDCx_8qbQlVCXfXGUA,@clere4096,6,6ヶ月,Member (6 months),,不明,,,1,1,0,2026-10-09 00:00,2026-10-09 00:00,,,https://www.youtube.com/channel/UCcu8pcDCx_8qbQlVCXfXGUA
UCSuhUlRER93B-P13eOoS8Vg,@るるるららら-c4t,6,6ヶ月,Member (6 months),,不明,,,1,1,0,2026-10-09 00:00,2026-10-09 00:00,,,https://www.youtube.com/channel/UCSuhUlRER93B-P13eOoS8Vg
UCwr70AWbUO7chaZJ3aGyXuw,@だるいけ,6,6ヶ月,Member (6 months),,不明,,,1,2,0,2026-10-09 00:00,2026-10-09 00:00,,,https://www.youtube.com/channel/UCwr70AWbUO7chaZJ3aGyXuw
UCancFv-k_HT82UAEnPKBjyg,@nousay7702,2,2ヶ月,Member (2 months),,不明,,,22,270,0,2026-09-10 23:01,2026-10-09 00:00,,,https://www.youtube.com/channel/UCancFv-k_HT82UAEnPKBjyg
UCiGo30p-ItSxFtOAtTZ2g2g,@Name71-f8i,2,2ヶ月,Member (2 months),,不明,,,22,36,0,2026-09-10 23:01,2026-10-09 00:00,,,https://www.youtube.com/channel/UCiGo30p-ItSxFtOAtTZ2g2g
UCXk8k2FhiM-bvFWOckQyYxw,@Opekkkkkk,2,2ヶ月,Member (2 months),,不明,,,21,94,0,2026-09-10 23:01,2026-10-09 00:00,,,https://www.youtube.com/channel/UCXk8k2FhiM-bvFWOckQyYxw
UC_7baSJo3uhCgAgjAGKfAOg,@hr3c-s2m,2,2ヶ月,Member (2 months),,不明,,,21,314,0,2026-09-10 23:01,2026-10-09 00:00,,,https://www.youtube.com/channel/UC_7baSJo3uhCgAgjAGKfAOg
UCHKR_kSBT9-RSwHCMaaMixQ,@masterlink193,2,2ヶ月,Member (2 months),,不明,,,21,42,0,2026-09-10 23:01,2026-10-09 00:00,,,https://www.youtube.com/channel/UCHKR_kSBT9-RSwHCMaaMixQ
UCSJiHyu38fJNyFy4JDFpKmA,@カチ割り,2,2ヶ月,Member (2 months),,不明,,,18,248,0,2026-09-10 23:01,2026-10-07 23:32,,,https://www.youtube.com/channel/UCSJiHyu38fJNyFy4JDFpKmA
UCFG4B7OgAsmrgH-XPz4T9iw,@tts-j9m,2,2ヶ月,Member (2 months),,不明,,,18,42,0,2026-09-10 23:01,2026-10-09 00:00,,,https://www.youtube.com/channel/UCFG4B7OgAsmrgH-XPz4T9iw
UCUYog5eh9ieTIS55bR1EScw,@공정-z4e,2,2ヶ月,Member (2 months),,不明,,,15,32,0,2026-09-10 23:01,2026-10-09 00:00,,,https://www.youtube.com/channel/UCUYog5eh9ieTIS55bR1EScw
UC0X7S_mvoNZhsvNPJPXKn7A,@石にされたうさぎ,2,2ヶ月,Member (2 months),,不明,,,13,33,0,2026-09-10 23:01,2026-10-09 00:00,,,https://www.youtube.com/channel/UC0X7S_mvoNZhsvNPJPXKn7A
UCykNdCsUBWpXA15V7V7AMzA,@ぽてと_12,2,2ヶ月,Member (2 months),,不明,,,13,19,0,2026-09-10 23:01,2026-10-09 00:00,,,https://www.youtube.com/channel/UCykNdCsUBWpXA15V7V7AMzA
UCzD8eoo2aPLKBajrmf7uEGg,@コムタコムコム,2,2ヶ月,Member (2 months),,不明,,,13,117,0,2026-09-12 23:31,2026-10-09 00:00,,,https://www.youtube.com/channel/UCzD8eoo2aPLKBajrmf7uEGg
UC-NMz70eEHGf0tnn2KZgq6A,@ラジカル-u8r,2,2ヶ月,Member (2 months),,不明,,,12,27,0,2026-09-10 23:01,2026-10-09 00:00,,,https://www.youtube.com/channel/UC-NMz70eEHGf0tnn2KZgq6A
UCwVizBhNXyNzxtMBDSD_AdA,@Albert_Mira,2,2ヶ月,Member (2 months),,不明,,,12,16,0,2026-09-10 23:01,2026-10-09 00:00,,,https://www.youtube.com/channel/UCwVizBhNXyNzxtMBDSD_AdA
UCNd3RF-WIc-mm6L5BG98FiA,@yatmn,2,2ヶ月,Member (2 months),,不明,,,11,40,0,2026-09-10 23:01,2026-10-03 23:31,,,https://www.youtube.com/channel/UCNd3RF-WIc-mm6L5BG98FiA
UC3LoYKhGMmvCOIV34i-edkQ,@福永和也-w7p,2,2ヶ月,Member (2 months),,不明,,,11,238,0,2026-09-10 23:01,2026-10-07 00:00,,,https://www.youtube.com/channel/UC3LoYKhGMmvCOIV34i-edkQ
UCIhjbxAOhBm9kZRj9-bGvJw,@bluechien957,2,2ヶ月,Member (2 months),,不明,,,11,33,0,2026-09-16 23:30,2026-10-07 00:00,,,https://www.youtube.com/channel/UCIhjbxAOhBm9kZRj9-bGvJw
UClWOTxMlzWefhFF8ZNaCjtA,@黒胡麻と白玉,2,2ヶ月,Member (2 months),,不明,,,11,392,0,2026-09-20 09:25,2026-10-09 00:00,,,https://www.youtube.com/channel/UClWOTxMlzWefhFF8ZNaCjtA
UCeZtWu-_WiNxbW_TkXXWXHg,@きさらぎ-K,2,2ヶ月,Member (2 months),,不明,,,10,76,0,2026-09-10 23:01,2026-09-23 23:01,,,https://www.youtube.com/channel/UCeZtWu-_WiNxbW_TkXXWXHg
UCYd7Pmpk-LkIo9Ro2LDaOwg,@DARS_52,2,2ヶ月,Member (2 months),,不明,,,10,112,0,2026-09-13 23:30,2026-10-09 00:00,,,https://www.youtube.com/channel/UCYd7Pmpk-LkIo9Ro2LDaOwg
UC3NCwlg1IwR_AGYnHkrErGQ,@ニンジャ_Ninja-4R,2,2ヶ月,Member (2 months),,不明,,,9,105,0,2026-09-12 23:31,2026-10-05 23:00,,,https://www.youtube.com/channel/UC3NCwlg1IwR_AGYnHkrErGQ
UC0rXX3OqI0sm70yW9pcWDHg,@maria_bishop,2,2ヶ月,Member (2 months),,不明,,,9,69,0,2026-09-16 23:30,2026-10-09 00:00,,,https://www.youtube.com/channel/UC0rXX3OqI0sm70yW9pcWDHg
UCuLWCSyaexDcrRtTtmnxd0w,@DOTORI_00,2,2ヶ月,Member (2 months),,不明,,,9,15,0,2026-09-19 22:00,2026-10-09 00:00,,,https://www.youtube.com/channel/UCuLWCSyaexDcrRtTtmnxd0w
UCCYxNRxZhP8SbeFZQ_1LKhg,@ごりしん,2,2ヶ月,Member (2 months),,不明,,,9,708,0,2026-09-19 22:00,2026-10-05 23:00,,,https://www.youtube.com/channel/UCCYxNRxZhP8SbeFZQ_1LKhg
UCuj9SVV92Zn-Zoa1n-UgqQQ,@天理-v1d,2,2ヶ月,Member (2 months),,不明,,,8,103,0,2026-09-13 23:30,2026-10-05 23:00,,,https://www.youtube.com/channel/UCuj9SVV92Zn-Zoa1n-UgqQQ
UCYy5b6v2_Cs-DlCisB7UzoQ,@PenguinMMD,2,2ヶ月,Member (2 months),,不明,,,8,65,0,2026-09-19 22:00,2026-10-09 00:00,,,https://www.youtube.com/channel/UCYy5b6v2_Cs-DlCisB7UzoQ
UCT9DZmkR_iRZcKS4YSYRPHw,@始永,2,2ヶ月,Member (2 months),,不明,,,7,79,0,2026-09-10 23:01,2026-10-09 00:00,,,https://www.youtube.com/channel/UCT9DZmkR_iRZcKS4YSYRPHw
UCI9pTEJqrPb5HbaADl8lr2Q,@山葵-v7g,2,2ヶ月,Member (2 months),,不明,,,7,9,0,2026-09-12 23:31,2026-09-30 23:30,,,https://www.youtube.com/channel/UCI9pTEJqrPb5HbaADl8lr2Q
UCzd2edSo3T5GQviAokri8bQ,@1085-じゅーばこ,2,2ヶ月,Member (2 months),,不明,,,7,32,0,2026-09-13 23:30,2026-09-23 23:01,,,https://www.youtube.com/channel/UCzd2edSo3T5GQviAokri8bQ
UC4esnNIaHvNqPkWcRae-ZLw,@クロス-l3v,2,2ヶ月,Member (2 months),,不明,,,6,712,0,2026-09-19 22:00,2026-09-30 23:30,,,https://www.youtube.com/channel/UC4esnNIaHvNqPkWcRae-ZLw
UCNkuT5x3iCC43Orrvd2FRjQ,@しおん.87rs,2,2ヶ月,Member (2 months),,不明,,,6,316,0,2026-09-21 21:00,2026-10-09 00:00,,,https://www.youtube.com/channel/UCNkuT5x3iCC43Orrvd2FRjQ
UCFQG65wmA0GHtF1yZvgmwsw,@CécileHöndä,2,2ヶ月,Member (2 months),,魔界レベル1,再加入/レベル変更,,6,62,0,2026-09-26 23:30,2026-10-09 00:00,,,https://www.youtube.com/channel/UCFQG65wmA0GHtF1yZvgmwsw
UCD3sT2XYhKMnxr0tRhi2ptg,@雪のじょう,2,2ヶ月,Member (2 months),,不明,,,5,22,0,2026-09-10 23:01,2026-10-09 00:00,,,https://www.youtube.com/channel/UCD3sT2XYhKMnxr0tRhi2ptg
UCMzruNtlhd-W8Z4C23y0EWQ,@奏_12,2,2ヶ月,Member (2 months),,不明,,,5,45,0,2026-09-12 23:31,2026-10-03 23:31,,,https://www.youtube.com/channel/UCMzruNtlhd-W8Z4C23y0EWQ
UCXM7OKLtVTkp4wUBx-T0A-w,@quartett25,2,2ヶ月,Member (2 months),,不明,,,5,44,0,2026-09-12 23:31,2026-09-19 22:00,,,https://www.youtube.com/channel/UCXM7OKLtVTkp4wUBx-T0A-w
UC7On4CxizURQ3sSqMyQwzOQ,@NoneNone..00,2,2ヶ月,Member (2 months),,不明,,,5,27,0,2026-09-16 23:30,2026-10-05 23:00,,,https://www.youtube.com/channel/UC7On4CxizURQ3sSqMyQwzOQ
UC9eLNzVJN2Gwny0KDK-61VA,@神楽坂レイナ,2,2ヶ月,Member (2 months),,不明,,,5,6,0,2026-09-17 23:30,2026-10-05 23:00,,,https://www.youtube.com/channel/UC9eLNzVJN2Gwny0KDK-61VA
UCM00A4z-eAIAEtigLofoX1Q,@quloel,2,2ヶ月,Member (2 months),,不明,,,4,8,0,2026-09-16 23:30,2026-09-26 23:30,,,https://www.youtube.com/channel/UCM00A4z-eAIAEtigLofoX1Q
UC-im69aidToht82E7e1B4UA,@Orange_Peel_mk2,2,2ヶ月,Member (2 months),,不明,,,4,9,0,2026-09-20 23:00,2026-10-02 23:31,,,https://www.youtube.com/channel/UC-im69aidToht82E7e1B4UA
UCXlcle2z6ihC4ZGrw8bREYA,@わたがし0856,2,2ヶ月,Member (2 months),,不明,,,4,162,0,2026-09-21 21:00,2026-10-01 23:30,,,https://www.youtube.com/channel/UCXlcle2z6ihC4ZGrw8bREYA
UCspXFEIsN2yMfz1XH9hg6mg,@了-h1l,2,2ヶ月,Member (2 months),,不明,,,4,16,0,2026-09-26 23:30,2026-10-09 00:00,,,https://www.youtube.com/channel/UCspXFEIsN2yMfz1XH9hg6mg
UCxkDO2W1epTtuVveT6fTU6w,@とりすたん-d3i,2,2ヶ月,Member (2 months),,不明,,,3,5,0,2026-09-10 23:01,2026-09-20 23:00,,,https://www.youtube.com/channel/UCxkDO2W1epTtuVveT6fTU6w
UCiDecLJXxJFAe52-TtjYE6Q,@shima5007,2,2ヶ月,Member (2 months),,不明,,,3,4,0,2026-09-10 23:01,2026-09-21 21:00,,,https://www.youtube.com/channel/UCiDecLJXxJFAe52-TtjYE6Q
UCJYMhkKNnhTGXcua3gGfZaw,@かずやん-f1o,2,2ヶ月,Member (2 months),,不明,,,3,57,0,2026-09-15 23:30,2026-09-21 21:00,,,https://www.youtube.com/channel/UCJYMhkKNnhTGXcua3gGfZaw
UCqDGM_gXezAdGaTvEyrn_Sw,@ほむせんネコ-りおん,2,2ヶ月,Member (2 months),,不明,,,3,3,0,2026-09-16 23:30,2026-09-23 23:01,,,https://www.youtube.com/channel/UCqDGM_gXezAdGaTvEyrn_Sw
UCzMihRpuA9xdAayp2Bysl1A,@家守ゆき_3,2,2ヶ月,Member (2 months),,不明,,,3,7,0,2026-09-16 23:30,2026-10-09 00:00,,,https://www.youtube.com/channel/UCzMihRpuA9xdAayp2Bysl1A
UCZ5Me5UdNw4U7dCwwIwaFBQ,@エコーズ-ech,2,2ヶ月,Member (2 months),,不明,,,3,4,0,2026-09-19 22:00,2026-09-23 23:01,,,https://www.youtube.com/channel/UCZ5Me5UdNw4U7dCwwIwaFBQ
UCkt2OZogTPITt9bfWOV6NFA,@古音潤,2,2ヶ月,Member (2 months),,不明,,,3,18,0,2026-09-26 23:30,2026-10-03 23:31,,,https://www.youtube.com/channel/UCkt2OZogTPITt9bfWOV6NFA
UC9n3EFhbfTQ10bz8nIlWRoQ,@tonechikuma2844,2,2ヶ月,Member (2 months),,不明,,,2,7,0,2026-09-13 23:30,2026-09-26 23:30,,,https://www.youtube.com/channel/UC9n3EFhbfTQ10bz8nIlWRoQ
UCP_II3t3L5ZW-el3WIL01tg,@結城野菜,2,2ヶ月,Member (2 months),,不明,,,2,4,0,2026-09-19 22:00,2026-09-21 21:00,,,https://www.youtube.com/channel/UCP_II3t3L5ZW-el3WIL01tg
UCy4T26A8ZiAk4jxzAZfCKzw,@栎海龟,2,2ヶ月,Member (2 months),,不明,,,2,2,0,2026-09-19 22:00,2026-09-20 23:00,,,https://www.youtube.com/channel/UCy4T26A8ZiAk4jxzAZfCKzw
UC26VpFEut2m6FLfIw-qlP3w,@猫派のイヌ,2,2ヶ月,Member (2 months),,不明,,,2,27,0,2026-09-19 22:00,2026-09-22 22:01,,,https://www.youtube.com/channel/UC26VpFEut2m6FLfIw-qlP3w
UCe-jeL6-zLn6tKjg4IVTygA,@あおのり-aonori,2,2ヶ月,Member (2 months),,不明,,,2,6,0,2026-09-20 09:25,2026-09-20 23:00,,,https://www.youtube.com/channel/UCe-jeL6-zLn6tKjg4IVTygA
UCCyzNHJ6YO-TUSSMQDyuI9Q,@自動卵割り機,2,2ヶ月,Member (2 months),,不明,,,2,10,0,2026-09-20 23:00,2026-10-01 23:30,,,https://www.youtube.com/channel/UCCyzNHJ6YO-TUSSMQDyuI9Q
UCTYbzHbdiSJP0KLeiqgmIFQ,@ぐりん推しのつかさんぽ,2,2ヶ月,Member (2 months),,不明,,,2,3,0,2026-09-20 23:00,2026-09-30 23:30,,,https://www.youtube.com/channel/UCTYbzHbdiSJP0KLeiqgmIFQ
UCyLtvIk_lu3w0sBdjZqbQDA,@華乃ヒガン,2,2ヶ月,Member (2 months),,不明,,,2,88,0,2026-09-21 21:00,2026-09-23 23:01,,,https://www.youtube.com/channel/UCyLtvIk_lu3w0sBdjZqbQDA
UCuBvdcgg3hmKjbft72lI6mg,@teotetoranran,2,2ヶ月,Member (2 months),,不明,,,2,3,0,2026-09-22 22:01,2026-10-05 23:00,,,https://www.youtube.com/channel/UCuBvdcgg3hmKjbft72lI6mg
UCu9mWRDYSR6_PdzUi31LKNQ,@wiki0617,2,2ヶ月,Member (2 months),,不明,,,1,1,0,2026-09-12 23:31,2026-09-12 23:31,,,https://www.youtube.com/channel/UCu9mWRDYSR6_PdzUi31LKNQ
UCn1haZriB2D5GEvlLe3gitA,@粉かふぁ,2,2ヶ月,Member (2 months),,不明,,,1,2,0,2026-09-16 23:30,2026-09-16 23:30,,,https://www.youtube.com/channel/UCn1haZriB2D5GEvlLe3gitA
UCVMaOf06NmHZzhKL7T0EN2A,@霧雨暁,2,2ヶ月,Member (2 months),,不明,,,1,4,0,2026-09-16 23:30,2026-09-16 23:30,,,https://www.youtube.com/channel/UCVMaOf06NmHZzhKL7T0EN2A
UCtlNWn5ZQpjbb9Y-PD33-lQ,@ジャギー-j9u,2,2ヶ月,Member (2 months),,不明,,,1,1,0,2026-09-19 22:00,2026-09-19 22:00,,,https://www.youtube.com/channel/UCtlNWn5ZQpjbb9Y-PD33-lQ
UCtaJavo0ORqTfIHQkviO40A,@noel0zwei,2,2ヶ月,Member (2 months),,不明,,,1,1,0,2026-09-19 22:00,2026-09-19 22:00,,,https://www.youtube.com/channel/UCtaJavo0ORqTfIHQkviO40A
UCLjxpROoEFFzpkyBwTFsPVg,@理解-j1e,2,2ヶ月,Member (2 months),,不明,,,1,1,0,2026-09-19 22:00,2026-09-19 22:00,,,https://www.youtube.com/channel/UCLjxpROoEFFzpkyBwTFsPVg
UCdvqp8hyAW2d8GlbDnMCG-w,@lungrizz,2,2ヶ月,Member (2 months),,魔界レベル1,再加入/レベル変更,,1,0,0,2026-09-20 09:25,2026-09-20 09:25,,,https://www.youtube.com/channel/UCdvqp8hyAW2d8GlbDnMCG-w
UCUTPo1ci6IHz3zIStU_7oZA,@暗黒の尻尾,2,2ヶ月,Member (2 months),,不明,,,1,1,0,2026-09-21 21:00,2026-09-21 21:00,,,https://www.youtube.com/channel/UCUTPo1ci6IHz3zIStU_7oZA
UCoc6NhvQSlCXGKJMC7lQ7TQ,@galm_ghost,2,2ヶ月,Member (2 months),,不明,,,1,1,0,2026-09-21 21:00,2026-09-21 21:00,,,https://www.youtube.com/channel/UCoc6NhvQSlCXGKJMC7lQ7TQ
UCC4VUtSumQELBed9TQty5Iw,@orange_おらんげ,2,2ヶ月,Member (2 months),,不明,,,1,42,0,2026-09-21 21:00,2026-09-21 21:00,,,https://www.youtube.com/channel/UCC4VUtSumQELBed9TQty5Iw
UC3tTQ1aXPzEudPqrWhVlntA,@鍋焼きうどん-f4q,2,2ヶ月,Member (2 months),,不明,,,1,1,0,2026-09-21 21:00,2026-09-21 21:00,,,https://www.youtube.com/channel/UC3tTQ1aXPzEudPqrWhVlntA
UCzwL3dvDHG1_-41QVDx_0Xw,@AAA-fz9xd,2,2ヶ月,Member (2 months),,不明,,,1,1,0,2026-09-22 22:01,2026-09-22 22:01,,,https://www.youtube.com/channel/UCzwL3dvDHG1_-41QVDx_0Xw
UCr_nGj5uhr5oJnwoT42K5gw,@user-ts9qt3ui6d,2,2ヶ月,Member (2 months),,不明,,,1,1,0,2026-09-23 23:01,2026-09-23 23:01,,,https://www.youtube.com/channel/UCr_nGj5uhr5oJnwoT42K5gw
UCJLRMan-xCBbAKPdxTTXxYw,@ShiningSilence,2,2ヶ月,Member (2 months),,不明,,,1,1,0,2026-10-02 23:31,2026-10-02 23:31,,,https://www.youtube.com/channel/UCJLRMan-xCBbAKPdxTTXxYw
UCsxTBoq-XG40086kAxNbR9w,@たっかん_KANTAKK,2,2ヶ月,Member (2 months),,不明,,,1,1,0,2026-10-02 23:31,2026-10-02 23:31,,,https://www.youtube.com/channel/UCsxTBoq-XG40086kAxNbR9w
UCsmlTuylEemFGACpLNRWkYw,@ponpokomasa,2,2ヶ月,Member (2 months),,不明,,,1,1,0,2026-10-02 23:31,2026-10-02 23:31,,,https://www.youtube.com/channel/UCsmlTuylEemFGACpLNRWkYw
UClXtvu3k6x4Tt4uGTQlF6bg,@haruchika_X9900,2,2ヶ月,Member (2 months),,不明,,,1,1,0,2026-10-02 23:31,2026-10-02 23:31,,,https://www.youtube.com/channel/UClXtvu3k6x4Tt4uGTQlF6bg
UCq6zDxOHS0Hl7my19jOuRzg,@黒瀬-浩介,2,2ヶ月,Member (2 months),,不明,,,1,1,0,2026-10-09 00:00,2026-10-09 00:00,,,https://www.youtube.com/channel/UCq6zDxOHS0Hl7my19jOuRzg
UCNM9wFSiiUgjQmc3dlkYAtw,@roywai,1,1ヶ月,Member (1 month),,不明,,,22,535,0,2026-09-10 23:01,2026-10-09 00:00,,,https://www.youtube.com/channel/UCNM9wFSiiUgjQmc3dlkYAtw
UCd0VUDvRUz4iC7QP1IAodiQ,@数-q8d,1,1ヶ月,Member (1 month),,不明,,,6,137,0,2026-09-10 23:01,2026-10-02 23:31,,,https://www.youtube.com/channel/UCd0VUDvRUz4iC7QP1IAodiQ
UCkq_XhGqYCazGBBGMfgWSuw,@SurfaceMinimal,1,1ヶ月,Member (1 month),,不明,,,6,22,0,2026-09-10 23:01,2026-10-02 23:31,,,https://www.youtube.com/channel/UCkq_XhGqYCazGBBGMfgWSuw
UCktU-Z2H2IfVd2RfkAS_dXw,@john-cloud,1,1ヶ月,Member (1 month),,不明,,,5,87,0,2026-09-16 23:30,2026-09-20 23:00,,,https://www.youtube.com/channel/UCktU-Z2H2IfVd2RfkAS_dXw
UCH8s5NT3Ei-KMnCjJBGFHqA,@いどゆ-idoperium,1,1ヶ月,Member (1 month),,不明,,,4,169,0,2026-09-19 22:00,2026-09-21 21:00,,,https://www.youtube.com/channel/UCH8s5NT3Ei-KMnCjJBGFHqA
UCuQzh_trznsrVFDlLjvy9cQ,@cherub1189,1,1ヶ月,Member (1 month),,不明,,,3,103,0,2026-09-10 23:01,2026-09-13 23:30,,,https://www.youtube.com/channel/UCuQzh_trznsrVFDlLjvy9cQ
UC8RF6FIktyRp46UoAQ_4oag,@楽しみ3500,1,1ヶ月,Member (1 month),,不明,,,3,47,0,2026-09-12 23:31,2026-09-16 23:30,,,https://www.youtube.com/channel/UC8RF6FIktyRp46UoAQ_4oag
UCn2Os6CxS1xqSfet4YWoxDQ,@吉田-g1j,1,1ヶ月,Member (1 month),,不明,,,2,3,0,2026-09-19 22:00,2026-09-22 22:01,,,https://www.youtube.com/channel/UCn2Os6CxS1xqSfet4YWoxDQ
UC_2kmn-0wXb28awCFVXbaCQ,@chocosaya1215,1,1ヶ月,Member (1 month),,不明,,,1,1,0,2026-09-23 23:01,2026-09-23 23:01,,,https://www.youtube.com/channel/UC_2kmn-0wXb28awCFVXbaCQ
UC8ozxnbBwZOEF-jpJcza70w,@界喰いリベア,0,新規(1ヶ月未満),New member,,魔界レベル1,ギフト,ギフトで加入,15,418,0,2026-09-17 23:30,2026-10-09 00:00,○,○,https://www.youtube.com/channel/UC8ozxnbBwZOEF-jpJcza70w
UChAcTSW1cdhGJZIMW1AiGig,@cjzopen,0,新規(1ヶ月未満),New member,,不明,,,8,34,0,2026-09-10 23:01,2026-09-26 23:30,,,https://www.youtube.com/channel/UChAcTSW1cdhGJZIMW1AiGig
UC52xGO4Zdhy2f3ryXcYf0oA,@あっきーB,0,新規(1ヶ月未満),New member,,不明,,,8,32,0,2026-09-12 23:31,2026-09-26 23:30,,,https://www.youtube.com/channel/UC52xGO4Zdhy2f3ryXcYf0oA
UCjeki3Dkt3WTgdXC29q3khg,@りゅうせい-g3g,0,新規(1ヶ月未満),New member,,魔界レベル1,ギフト,ギフトで加入,8,15,0,2026-09-13 23:30,2026-10-09 00:00,○,○,https://www.youtube.com/channel/UCjeki3Dkt3WTgdXC29q3khg
UCc5sv8h-1Tf-E84ildVq1kw,@su9ulu,0,新規(1ヶ月未満),New member,,不明,,,8,366,0,2026-09-30 23:30,2026-10-09 00:00,,,https://www.youtube.com/channel/UCc5sv8h-1Tf-E84ildVq1kw
UCLCJYpwgy_3EvxmXdCFiFFA,@AetherDaTeamate,0,新規(1ヶ月未満),New member,,不明,,,4,11,0,2026-09-12 23:31,2026-10-05 23:00,,,https://www.youtube.com/channel/UCLCJYpwgy_3EvxmXdCFiFFA
UC-EQvAmoC-sTXHw49wGzr0Q,@シグ-g3m,0,新規(1ヶ月未満),New member,,魔界レベル1,ギフト,ギフトで加入,4,10,0,2026-09-15 23:30,2026-09-21 21:00,○,○,https://www.youtube.com/channel/UC-EQvAmoC-sTXHw49wGzr0Q
UCF_21OJO8dZMxgvAHAYXY6w,@スイミー-p7g,0,新規(1ヶ月未満),New member,,魔界レベル1,新規加入,,4,4,0,2026-09-20 23:00,2026-09-27 23:30,○,,https://www.youtube.com/channel/UCF_21OJO8dZMxgvAHAYXY6w
UCIRJOao48l2hYThUOPldrbA,@ShiinaRyan,0,新規(1ヶ月未満),New member,,不明,,,4,4,0,2026-09-26 23:30,2026-10-09 00:00,,,https://www.youtube.com/channel/UCIRJOao48l2hYThUOPldrbA
UCM0FMP6bOhtOVFanWgRWo6Q,@Onsen_Panda,0,新規(1ヶ月未満),New member,,不明,,,3,9,0,2026-09-19 22:00,2026-09-21 21:00,,,https://www.youtube.com/channel/UCM0FMP6bOhtOVFanWgRWo6Q
UCiXH5zMzitWGRNSBAJRpnQg,@みらしょ-miracle_shot,0,新規(1ヶ月未満),New member,,不明,,,3,5,0,2026-09-19 22:00,2026-09-22 22:01,,,https://www.youtube.com/channel/UCiXH5zMzitWGRNSBAJRpnQg
UCw1HmQ-K8v_UYf7RWgG5Z9w,@mame-o9b-h9b,0,新規(1ヶ月未満),New member,,不明,,,3,20,0,2026-09-19 22:00,2026-09-20 23:00,,,https://www.youtube.com/channel/UCw1HmQ-K8v_UYf7RWgG5Z9w
UC_gVQKJjWqNMEczC2j9rVOw,@ponta_of_catEX,0,新規(1ヶ月未満),New member,,不明,,,3,307,0,2026-09-20 23:00,2026-09-22 22:01,,,https://www.youtube.com/channel/UC_gVQKJjWqNMEczC2j9rVOw
UCD98o5z-He0seGIm7WoEb1g,@みどりいろのぶよぶよ,0,新規(1ヶ月未満),New member,,魔界レベル1,ギフト,ギフトで加入,2,21,0,2026-09-12 23:31,2026-09-13 23:30,○,○,https://www.youtube.com/channel/UCD98o5z-He0seGIm7WoEb1g
UC8maSUdQUUB9cpyf4_7pPHA,@StrayFaye-h2e,0,新規(1ヶ月未満),New member,,不明,,,2,2,0,2026-09-20 09:25,2026-10-02 23:31,,,https://www.youtube.com/channel/UC8maSUdQUUB9cpyf4_7pPHA
UCCCzVcxYyqy_3UIGbbA4Jxg,@おベッカム,0,新規(1ヶ月未満),New member,,不明,,,2,14,0,2026-09-20 23:00,2026-09-21 21:00,,,https://www.youtube.com/channel/UCCCzVcxYyqy_3UIGbbA4Jxg
UC39apkci4a7BOldUDAWCmvA,@干柿おいしい,0,新規(1ヶ月未満),New member,,不明,,,2,48,0,2026-09-21 21:00,2026-09-22 22:01,,,https://www.youtube.com/channel/UC39apkci4a7BOldUDAWCmvA
UCCsgP0EHOAbAEULU0tjDF6A,@Ultrapure_sugar,0,新規(1ヶ月未満),New member,,不明,,,2,7,0,2026-09-23 23:01,2026-09-26 23:30,,,https://www.youtube.com/channel/UCCsgP0EHOAbAEULU0tjDF6A
UCqvWHcVMgzNFNdaatJjcXmg,@錯磨,0,新規(1ヶ月未満),New member,,不明,,,1,1,0,2026-09-10 23:01,2026-09-10 23:01,,,https://www.youtube.com/channel/UCqvWHcVMgzNFNdaatJjcXmg
UCsV_WTRurpPMR83GPMql0LQ,@みーつ_meets,0,新規(1ヶ月未満),New member,,不明,,,1,1,0,2026-09-10 23:01,2026-09-10 23:01,,,https://www.youtube.com/channel/UCsV_WTRurpPMR83GPMql0LQ
UCRstnBgL9BnW0TNpANuJKeg,@sとと-m9l,0,新規(1ヶ月未満),,,魔界レベル1,ギフト,ギフトで加入,1,0,0,2026-09-12 23:31,2026-09-12 23:31,○,○,https://www.youtube.com/channel/UCRstnBgL9BnW0TNpANuJKeg
UCIPet44ivyvTj9Uvqohm1lg,@荼マキ,0,新規(1ヶ月未満),,,魔界レベル1,ギフト,ギフトで加入,1,0,0,2026-09-13 23:30,2026-09-13 23:30,○,○,https://www.youtube.com/channel/UCIPet44ivyvTj9Uvqohm1lg
UCSOqmB0lBkpw1ljQaEFVh5A,@沙原イヅミ,0,新規(1ヶ月未満),,,魔界レベル1,ギフト,ギフトで加入,1,0,0,2026-09-13 23:30,2026-09-13 23:30,○,○,https://www.youtube.com/channel/UCSOqmB0lBkpw1ljQaEFVh5A
UC8J0f_3jhnJh85pSz7pFGfQ,@拉葉LaYa,0,新規(1ヶ月未満),New member,,魔界レベル1,新規加入,,1,2,0,2026-09-15 23:30,2026-09-15 23:30,○,,https://www.youtube.com/channel/UC8J0f_3jhnJh85pSz7pFGfQ
UC1EFiFaVAZmwb21owQSRJ-A,@Tunee77,0,新規(1ヶ月未満),,,魔界レベル1,ギフト,ギフトで加入,1,0,0,2026-09-15 23:30,2026-09-15 23:30,○,○,https://www.youtube.com/channel/UC1EFiFaVAZmwb21owQSRJ-A
UC0DQBG1wL7Kcu1FN9caVNQQ,@saebajo7971,0,新規(1ヶ月未満),,,魔界レベル1,ギフト,ギフトで加入,1,0,0,2026-09-16 23:30,2026-09-16 23:30,○,○,https://www.youtube.com/channel/UC0DQBG1wL7Kcu1FN9caVNQQ
UCSUa70iajiWSHVtsSC8ox8w,@Chumbuds-mf2vx,0,新規(1ヶ月未満),,,魔界レベル1,ギフト,ギフトで加入,1,0,0,2026-09-19 22:00,2026-09-19 22:00,○,○,https://www.youtube.com/channel/UCSUa70iajiWSHVtsSC8ox8w
UCDi4WSC8PbVVVCldoT11A5A,@座間oo,0,新規(1ヶ月未満),New member,,不明,,,1,1,0,2026-09-20 23:00,2026-09-20 23:00,,,https://www.youtube.com/channel/UCDi4WSC8PbVVVCldoT11A5A
UCFdJavuERtOPqO22OLpq1xw,@9ran472,0,新規(1ヶ月未満),,,魔界レベル1,ギフト,ギフトで加入,1,0,0,2026-09-20 23:00,2026-09-20 23:00,○,○,https://www.youtube.com/channel/UCFdJavuERtOPqO22OLpq1xw
UCIx1gC6l778beMbAlD24HnA,@シズ-t5i,0,新規(1ヶ月未満),,,魔界レベル1,ギフト,ギフトで加入,1,0,0,2026-09-20 23:00,2026-09-20 23:00,○,○,https://www.youtube.com/channel/UCIx1gC6l778beMbAlD24HnA
UCwAz2vJ0dGmMPgiYJwNyGyA,@ニコラ-w9e,0,新規(1ヶ月未満),,,魔界レベル1,ギフト,ギフトで加入,1,0,0,2026-09-20 23:00,2026-09-20 23:00,○,○,https://www.youtube.com/channel/UCwAz2vJ0dGmMPgiYJwNyGyA
UCH2vBTR0n2Cbj7lHsyDijYQ,@kakoi022,0,新規(1ヶ月未満),,,魔界レベル1,ギフト,ギフトで加入,1,0,0,2026-09-20 23:00,2026-09-20 23:00,○,○,https://www.youtube.com/channel/UCH2vBTR0n2Cbj7lHsyDijYQ
UC3OfGe1h6xWJDw_U_YkdHsg,@sydney866010,0,新規(1ヶ月未満),,,魔界レベル1,ギフト,ギフトで加入,1,0,0,2026-09-20 23:00,2026-09-20 23:00,○,○,https://www.youtube.com/channel/UC3OfGe1h6xWJDw_U_YkdHsg
UCHeBl2AT0RK0SNQyK_flfNQ,@KMSUlrich,0,新規(1ヶ月未満),,,魔界レベル1,ギフト,ギフトで加入,1,0,0,2026-09-20 23:00,2026-09-20 23:00,○,○,https://www.youtube.com/channel/UCHeBl2AT0RK0SNQyK_flfNQ
UCq8IuKh6G42FbgLB6QeB7MQ,@みさご-002,0,新規(1ヶ月未満),,,魔界レベル1,ギフト,ギフトで加入,1,0,0,2026-09-20 23:00,2026-09-20 23:00,○,○,https://www.youtube.com/channel/UCq8IuKh6G42FbgLB6QeB7MQ
UCpNz3j5VwA-9z02PAuGb89g,@yashi212s,0,新規(1ヶ月未満),,,魔界レベル1,ギフト,ギフトで加入,1,0,0,2026-09-20 23:00,2026-09-20 23:00,○,○,https://www.youtube.com/channel/UCpNz3j5VwA-9z02PAuGb89g
UC-E_CzBukNk5cQUlr4agm4w,@ゆきとら_HT,0,新規(1ヶ月未満),,,魔界レベル1,ギフト,ギフトで加入,1,0,0,2026-09-20 23:00,2026-09-20 23:00,○,○,https://www.youtube.com/channel/UC-E_CzBukNk5cQUlr4agm4w
UCwJPYtp0VC8ZhVYNQQHdCGw,@ジュナキ,0,新規(1ヶ月未満),,,魔界レベル1,ギフト,ギフトで加入,1,0,0,2026-09-20 23:00,2026-09-20 23:00,○,○,https://www.youtube.com/channel/UCwJPYtp0VC8ZhVYNQQHdCGw
UClBCh3vnM-apOFeD3kNDPlg,@あああ-o5o,0,新規(1ヶ月未満),,,魔界レベル1,ギフト,ギフトで加入,1,0,0,2026-09-20 23:00,2026-09-20 23:00,○,○,https://www.youtube.com/channel/UClBCh3vnM-apOFeD3kNDPlg
UC4ZYw1M-VNssBz_gybwkjhw,@yum7yum641,0,新規(1ヶ月未満),New member,,不明,,,1,2,0,2026-09-21 21:00,2026-09-21 21:00,,,https://www.youtube.com/channel/UC4ZYw1M-VNssBz_gybwkjhw
UCh5rS2GTaei2VarWswaslrw,@ふぉーのふぉるて,0,新規(1ヶ月未満),New member,,不明,,,1,15,0,2026-09-22 22:01,2026-09-22 22:01,,,https://www.youtube.com/channel/UCh5rS2GTaei2VarWswaslrw
UCd2BTRyMhXsiup9-XM3gCsg,@菜逃,0,新規(1ヶ月未満),New member,,魔界レベル1,新規加入,,1,0,0,2026-09-22 22:01,2026-09-22 22:01,○,,https://www.youtube.com/channel/UCd2BTRyMhXsiup9-XM3gCsg
UCylT8GT6W_PsFsNDU0IYnCg,@ずいかく,0,新規(1ヶ月未満),,,魔界レベル1,ギフト,ギフトで加入,1,0,0,2026-09-23 23:01,2026-09-23 23:01,○,○,https://www.youtube.com/channel/UCylT8GT6W_PsFsNDU0IYnCg
UCqZQHcEi4BeqfNk4SuuQMFA,@asurara9584,0,新規(1ヶ月未満),,,魔界レベル1,ギフト,ギフトで加入,1,0,0,2026-09-30 23:30,2026-09-30 23:30,○,○,https://www.youtube.com/channel/UCqZQHcEi4BeqfNk4SuuQMFA
UChUjVJqbzOUMOb6b9QaOTaw,@mtdaba_,0,新規(1ヶ月未満),,,魔界レベル1,ギフト,ギフトで加入,1,0,0,2026-10-01 23:30,2026-10-01 23:30,○,○,https://www.youtube.com/channel/UChUjVJqbzOUMOb6b9QaOTaw
UC42o2fd-UkD3gssx2UpRbpg,@クロhyoー,0,新規(1ヶ月未満),,,魔界レベル1,ギフト,ギフトで加入,1,0,0,2026-10-02 23:31,2026-10-02 23:31,○,○,https://www.youtube.com/channel/UC42o2fd-UkD3gssx2UpRbpg
UCiPXW2_BvShrECDMelzl2Qw,@うぃる-g3y,0,新規(1ヶ月未満),,,魔界レベル1,ギフト,ギフトで加入,1,0,0,2026-10-07 00:00,2026-10-07 00:00,○,○,https://www.youtube.com/channel/UCiPXW2_BvShrECDMelzl2Qw
UC5frehciXA-qHMduTFLoPwA,@tori_ciao0519,0,新規(1ヶ月未満),,,魔界レベル1,ギフト,ギフトで加入,1,0,0,2026-10-07 00:00,2026-10-07 00:00,○,○,https://www.youtube.com/channel/UC5frehciXA-qHMduTFLoPwA
UCUt-f7ovAJSHVidsYRcK82w,@valsamicos7182,0,新規(1ヶ月未満),,,魔界レベル1,ギフト,ギフトで加入,1,0,0,2026-10-07 23:32,2026-10-07 23:32,○,○,https://www.youtube.com/channel/UCUt-f7ovAJSHVidsYRcK82w
