stream_jst,video_id,offset_ms,type,tier,name,channel_id,value,text
2026-09-07 22:00,RVQ7Q1iJpIM,11001601,ギフト購入,,@モゅちゃん,UCcGO9h0uxoO9LEMQF3sd4Hg,50,Sent 50 エクス・アルビオ -Ex Albio- gift memberships
2026-09-07 22:00,RVQ7Q1iJpIM,11003750,ギフト受け取り,,@ぐらぐら-q7v,UCGlcIu-JndG4pR7O8JcCP7g,,received a gift membership by @モゅちゃん
2026-09-07 22:00,RVQ7Q1iJpIM,11004722,ギフト受け取り,,@sleeper6_,UCs7ZlQyn6J50zcST4-A89KA,,received a gift membership by @モゅちゃん
2026-09-07 22:00,RVQ7Q1iJpIM,11005835,ギフト受け取り,,@ぷんすけ3,UCp7C_9hSzEBV2IdZu1cF_Fg,,received a gift membership by @モゅちゃん
2026-09-07 22:00,RVQ7Q1iJpIM,11006804,ギフト受け取り,,@とき-j1r,UCY_UbxiU5JRuVQdKdtAp-Eg,,received a gift membership by @モゅちゃん
2026-09-07 22:00,RVQ7Q1iJpIM,11009320,ギフト受け取り,,@nanisu4325,UCNXM1KBRv9podhnIvwa6Knw,,received a gift membership by @モゅちゃん
2026-09-07 22:00,RVQ7Q1iJpIM,11010531,ギフト受け取り,,@nariyheee1308,UCFecpYuOcVjVQKvqwnSYbDw,,received a gift membership by @モゅちゃん
2026-09-07 22:00,RVQ7Q1iJpIM,11011452,ギフト受け取り,,@まるも-b2o,UCdK8s3tAMpgsYfOe7l6H1eg,,received a gift membership by @モゅちゃん
2026-09-07 22:00,RVQ7Q1iJpIM,11012403,ギフト受け取り,,@natsuki_2507,UC6lURd6NVmFJ8CywVFwBfnA,,received a gift membership by @モゅちゃん
2026-09-07 22:00,RVQ7Q1iJpIM,11013240,ギフト受け取り,,@mitsukinako,UC2Y38Xe3PQsFNbi02vLsu5w,,received a gift membership by @モゅちゃん
2026-09-07 22:00,RVQ7Q1iJpIM,11016457,ギフト受け取り,,@うに瓦,UC4tkupvzM_I01H23WFKz1pg,,received a gift membership by @モゅちゃん
2026-09-07 22:00,RVQ7Q1iJpIM,11017530,ギフト受け取り,,@Kokonoe_Suzaku,UC_Zf45hhO7syYSlblXmDX5A,,received a gift membership by @モゅちゃん
2026-09-07 22:00,RVQ7Q1iJpIM,11018163,ギフト受け取り,,@あげは-x3l,UC48Aulql3ww-zJeoqCZRLVA,,received a gift membership by @モゅちゃん
2026-09-07 22:00,RVQ7Q1iJpIM,11019236,ギフト受け取り,,@_runa3902,UCnvgT_mr0lFd3JYgvEiyCAA,,received a gift membership by @モゅちゃん
2026-09-07 22:00,RVQ7Q1iJpIM,11019887,ギフト受け取り,,@はこ-h6d,UCNbJPtzzAOoAEZ2dWzJTScw,,received a gift membership by @モゅちゃん
2026-09-07 22:00,RVQ7Q1iJpIM,11020729,ギフト受け取り,,@竜田揚げ-m7g,UCSdK8dLJvXHLp8-k4qM0xcw,,received a gift membership by @モゅちゃん
2026-09-07 22:00,RVQ7Q1iJpIM,11021769,ギフト受け取り,,@かふうアザン,UCnIzQnqVtfv10FAs9GkZKyg,,received a gift membership by @モゅちゃん
2026-09-07 22:00,RVQ7Q1iJpIM,11022786,ギフト受け取り,,@Evie0A72,UCK7MLwvWJ1C9tA7-I0yWfUQ,,received a gift membership by @モゅちゃん
2026-09-07 22:00,RVQ7Q1iJpIM,11023818,ギフト受け取り,,@vansole4770,UCVhLrll7dDpM-vVPFFbbBSA,,received a gift membership by @モゅちゃん
2026-09-07 22:00,RVQ7Q1iJpIM,11024592,ギフト受け取り,,@さぶろう-n8s,UCHOuxdaq5cMsv7K6-J_y75g,,received a gift membership by @モゅちゃん
2026-09-07 22:00,RVQ7Q1iJpIM,11025678,ギフト受け取り,,@すきやきチャンネル,UC3xPmnL1e4zP4wtHKPudlEA,,received a gift membership by @モゅちゃん
2026-09-07 22:00,RVQ7Q1iJpIM,11026622,ギフト受け取り,,@まい-z8i2i,UCt7tHo36_t18NTHqXYLiX0A,,received a gift membership by @モゅちゃん
2026-09-07 22:00,RVQ7Q1iJpIM,11027587,ギフト受け取り,,@すまいるぽてとん,UC-KxBNguuCRXa16yk5XQ7Ww,,received a gift membership by @モゅちゃん
2026-09-07 22:00,RVQ7Q1iJpIM,11029097,ギフト受け取り,,@3なの,UCOnw3vZoCNYmIKyo09UKk9w,,received a gift membership by @モゅちゃん
2026-09-07 22:00,RVQ7Q1iJpIM,11029982,ギフト受け取り,,@abo_otashiro,UCjTGI7czxWlR_rJcR5X1e1Q,,received a gift membership by @モゅちゃん
2026-09-07 22:00,RVQ7Q1iJpIM,11030885,ギフト受け取り,,@やま-t2f5x,UClrIiLOzSfwdzCqBKL2Y_eA,,received a gift membership by @モゅちゃん
2026-09-07 22:00,RVQ7Q1iJpIM,11031853,ギフト受け取り,,@トサカ-b2i,UCYvp5kOCWrT0732UQHDxVnw,,received a gift membership by @モゅちゃん
2026-09-07 22:00,RVQ7Q1iJpIM,11032647,ギフト受け取り,,@だっだ-d9u,UCJhG-p1CFwvli8xjjd2pH9A,,received a gift membership by @モゅちゃん
2026-09-07 22:00,RVQ7Q1iJpIM,11033621,ギフト受け取り,,@Kathzyy,UC7CaZBTWigJ0QSQ9Fx0bXJg,,received a gift membership by @モゅちゃん
2026-09-07 22:00,RVQ7Q1iJpIM,11034603,ギフト受け取り,,@たびらき,UCcXoeLd622v_7vLOCfLcHmA,,received a gift membership by @モゅちゃん
2026-09-07 22:00,RVQ7Q1iJpIM,11035516,ギフト受け取り,,@あちもち,UCjrBOLklzHUaDuE2LOeE3SA,,received a gift membership by @モゅちゃん
2026-09-07 22:00,RVQ7Q1iJpIM,11036284,ギフト受け取り,,@kamito20ac62,UCKR3GkuDWsiXUEFfsTkYeAA,,received a gift membership by @モゅちゃん
2026-09-07 22:00,RVQ7Q1iJpIM,11037269,ギフト受け取り,,@ka2ki_z,UC2E2xFtXEfbLHXPoz-B3TCw,,received a gift membership by @モゅちゃん
2026-09-07 22:00,RVQ7Q1iJpIM,11038282,ギフト受け取り,,@塩分チャーハン,UC2Wv_yirXpRlXnBozG6XXMw,,received a gift membership by @モゅちゃん
2026-09-07 22:00,RVQ7Q1iJpIM,11039011,ギフト受け取り,,@狩戈,UCBWFP6M0pZqLCMsglvR737A,,received a gift membership by @モゅちゃん
2026-09-07 22:00,RVQ7Q1iJpIM,11040021,ギフト受け取り,,@かさねつき,UCkjvj0J3xXH8tNwOeRYLlBw,,received a gift membership by @モゅちゃん
2026-09-07 22:00,RVQ7Q1iJpIM,11040977,ギフト受け取り,,@fiuo1614,UCpYsmLmNKCwRbhyqaYe38vw,,received a gift membership by @モゅちゃん
2026-09-07 22:00,RVQ7Q1iJpIM,11042064,ギフト受け取り,,@更沙-o8x,UCs3cntYbXD5aSQIvYimtkww,,received a gift membership by @モゅちゃん
2026-09-07 22:00,RVQ7Q1iJpIM,11043138,ギフト受け取り,,@unagi_ex3,UCvlyyJQLS62b6lBjw3YDH3A,,received a gift membership by @モゅちゃん
2026-09-07 22:00,RVQ7Q1iJpIM,11044185,ギフト受け取り,,@ちょこチャンネル-l7d,UCXtnDZzIDgW89Y0k4NwPkBw,,received a gift membership by @モゅちゃん
2026-09-07 22:00,RVQ7Q1iJpIM,11044996,ギフト受け取り,,@suru_meika,UCpG8j9A7NKh2wMp3KLPo5HQ,,received a gift membership by @モゅちゃん
2026-09-07 22:00,RVQ7Q1iJpIM,11045991,ギフト受け取り,,@小さな山田,UCM9Z6CzpW8AhSzaQa5xMLcA,,received a gift membership by @モゅちゃん
2026-09-07 22:00,RVQ7Q1iJpIM,11047050,ギフト受け取り,,@kmt893,UCTkkLuLl_1W1tqbz5L0a3GA,,received a gift membership by @モゅちゃん
2026-09-07 22:00,RVQ7Q1iJpIM,11048145,ギフト受け取り,,@rqnsan_,UCdvNFwAo9A82ZLuI4lcgT6w,,received a gift membership by @モゅちゃん
2026-09-07 22:00,RVQ7Q1iJpIM,11049447,ギフト受け取り,,@orz4127,UCgglMfo4nux_7dBe8OP1b-Q,,received a gift membership by @モゅちゃん
2026-09-07 22:00,RVQ7Q1iJpIM,11050313,ギフト受け取り,,@faabeIi,UCFtOAhNWTv4KSriunFBRoHg,,received a gift membership by @モゅちゃん
2026-09-07 22:00,RVQ7Q1iJpIM,11051328,ギフト受け取り,,@tknk2970,UC_6IGjJ-by_2EQRUoHr_mUw,,received a gift membership by @モゅちゃん
2026-09-07 22:00,RVQ7Q1iJpIM,11052258,ギフト受け取り,,@陳耀銘-d2j,UCRe5GTi6Zs2Pun2mrPpQSbQ,,received a gift membership by @モゅちゃん
2026-09-07 22:00,RVQ7Q1iJpIM,11053315,ギフト受け取り,,@saya-j1t6m,UC3Sy584RCZU1ymGoJ77fWSA,,received a gift membership by @モゅちゃん
2026-09-07 22:00,RVQ7Q1iJpIM,11067814,ギフト受け取り,,@ache7216,UCFdtNMsJcEW77sNnTRT4mHg,,received a gift membership by @モゅちゃん
2026-09-08 21:28,DbhqvrglJdQ,135299,ギフト購入,,@ぷぴなちょぽす,UCw6Mgw4usEsMMFq2LnJpVBQ,5,Sent 5 エクス・アルビオ -Ex Albio- gift memberships
2026-09-08 21:28,DbhqvrglJdQ,136532,ギフト受け取り,,@LoRoLOCKeN,UCdWpDuVRVC2o_XjLXHQ1ZHg,,received a gift membership by @ぷぴなちょぽす
2026-09-08 21:28,DbhqvrglJdQ,137320,ギフト受け取り,,@ghostyi77,UCQZDy6Z-XH-vGmi0X5dGqyA,,received a gift membership by @ぷぴなちょぽす
2026-09-08 21:28,DbhqvrglJdQ,138269,ギフト受け取り,,@qooh1561,UCDNpoIDCN20QnZKkyucEZCw,,received a gift membership by @ぷぴなちょぽす
2026-09-08 21:28,DbhqvrglJdQ,138983,ギフト受け取り,,@ドナルドダック-v3y,UCj1mPuFCEq9COm3Mcxu4GlA,,received a gift membership by @ぷぴなちょぽす
2026-09-08 21:28,DbhqvrglJdQ,139835,ギフト受け取り,,@憧-YESorNo,UCgeNbMbqdPmcQE4vLyZaUOg,,received a gift membership by @ぷぴなちょぽす
2026-09-08 21:28,DbhqvrglJdQ,3655681,継続マイルストーン,英友,@山下-f5h,UCXkACooLWOob72yXZOyF3sw,7,Member for 7 months
2026-09-08 21:28,DbhqvrglJdQ,4682467,ギフト購入,,@HARUKA18207,UCpypk1HXGvOC9QBvUXrM4zg,5,Sent 5 エクス・アルビオ -Ex Albio- gift memberships
2026-09-08 21:28,DbhqvrglJdQ,4686890,ギフト受け取り,,@yu-yuu-t4t,UCfXW6iOoOS12MW9KoEnkR-g,,received a gift membership by @HARUKA18207
2026-09-08 21:28,DbhqvrglJdQ,4688821,ギフト受け取り,,@tanukijizo,UCFI6WBfSd60HKoIFYbyd5Nw,,received a gift membership by @HARUKA18207
2026-09-08 21:28,DbhqvrglJdQ,4689831,ギフト受け取り,,@テークン,UCpDDqIH1o64-jLUdhSS_Njw,,received a gift membership by @HARUKA18207
2026-09-08 21:28,DbhqvrglJdQ,4690767,ギフト受け取り,,@chii030,UCD0OooR5F7B91g9Sr0ahpGQ,,received a gift membership by @HARUKA18207
2026-09-08 21:28,DbhqvrglJdQ,10771726,新規加入,英友,@p_o_s_h_i,UCZIMi0sMpHmywaT_6_pnInw,Member (1 month),Welcome to 英友!
2026-09-09 22:03,DN0rsJ9gBgQ,127490,ギフト購入,,@こんにちハマチグレ,UCtd1GVon_71O1qO9rxIvwGQ,20,Sent 20 エクス・アルビオ -Ex Albio- gift memberships
2026-09-09 22:03,DN0rsJ9gBgQ,128869,ギフト受け取り,,@P1ne4pple_,UCK-bFc8S2WBCTBrk1VM0n8A,,received a gift membership by @こんにちハマチグレ
2026-09-09 22:03,DN0rsJ9gBgQ,129959,ギフト受け取り,,@おきのまめ,UClNI3yPqNTHH3sMIhUY7WLw,,received a gift membership by @こんにちハマチグレ
2026-09-09 22:03,DN0rsJ9gBgQ,131007,ギフト受け取り,,@おしるこ-g4i,UCRzseN6_HjY_xVXPpWQnHaw,,received a gift membership by @こんにちハマチグレ
2026-09-09 22:03,DN0rsJ9gBgQ,131990,ギフト受け取り,,@dorngr719,UC-MeFsFGLVfzlyw1vc-Q6AQ,,received a gift membership by @こんにちハマチグレ
2026-09-09 22:03,DN0rsJ9gBgQ,133177,ギフト受け取り,,@yknk-y1p,UCMaF0U4LM2N6qtwhdA67DUQ,,received a gift membership by @こんにちハマチグレ
2026-09-09 22:03,DN0rsJ9gBgQ,134178,ギフト受け取り,,@もやし-m4j,UCaV1GdMaAmoWbK81j5HgThw,,received a gift membership by @こんにちハマチグレ
2026-09-09 22:03,DN0rsJ9gBgQ,135207,ギフト受け取り,,@shuang-j4l,UC9WdedlrRZa95G2eXisZFLw,,received a gift membership by @こんにちハマチグレ
2026-09-09 22:03,DN0rsJ9gBgQ,136070,ギフト受け取り,,@みにょく-s3w,UCqAlU9CSZ3VCvTO5D3oiuXA,,received a gift membership by @こんにちハマチグレ
2026-09-09 22:03,DN0rsJ9gBgQ,137038,ギフト受け取り,,@なひる-c5x,UCA2IgYVaMiSTpoh1cxCi0Kw,,received a gift membership by @こんにちハマチグレ
2026-09-09 22:03,DN0rsJ9gBgQ,138024,ギフト受け取り,,@Glenffidch,UC1rSiVE2hXhI4TZQyF2qP2Q,,received a gift membership by @こんにちハマチグレ
2026-09-09 22:03,DN0rsJ9gBgQ,138983,ギフト受け取り,,@白玉ぜんざい_913,UCnYSLyWLpNy3EQUqgtlXR9A,,received a gift membership by @こんにちハマチグレ
2026-09-09 22:03,DN0rsJ9gBgQ,140056,ギフト受け取り,,@gona-h3n,UC6TD-sY3MzKwP-wcytGK4Ww,,received a gift membership by @こんにちハマチグレ
2026-09-09 22:03,DN0rsJ9gBgQ,140744,ギフト受け取り,,@ni_mero,UCvLi5BFNKtrnmNeFjqcRAfw,,received a gift membership by @こんにちハマチグレ
2026-09-09 22:03,DN0rsJ9gBgQ,141812,ギフト受け取り,,@大空-o4x,UC9iueVEQXRijqxKtzxfE7PQ,,received a gift membership by @こんにちハマチグレ
2026-09-09 22:03,DN0rsJ9gBgQ,142808,ギフト受け取り,,@AYA-re2di,UC0Gsn9rm6uTkxKIvUXHwd1w,,received a gift membership by @こんにちハマチグレ
2026-09-09 22:03,DN0rsJ9gBgQ,143808,ギフト受け取り,,@なかむら-w8n,UCB2dmpPFDgtDhg2AquLOBjQ,,received a gift membership by @こんにちハマチグレ
2026-09-09 22:03,DN0rsJ9gBgQ,144844,ギフト受け取り,,@sanmasan_37,UCRrKDLwoHBQRGWUon91Yjwg,,received a gift membership by @こんにちハマチグレ
2026-09-09 22:03,DN0rsJ9gBgQ,145775,ギフト受け取り,,@じゃめす-k4l,UCug2j4_Ol4vcUs8mur1h7Ew,,received a gift membership by @こんにちハマチグレ
2026-09-09 22:03,DN0rsJ9gBgQ,146696,ギフト受け取り,,@サイファ-i6p,UCKZiOy-FAn1mqoF-8xTNHGA,,received a gift membership by @こんにちハマチグレ
2026-09-09 22:03,DN0rsJ9gBgQ,147783,ギフト受け取り,,@mori-vm9qu,UCQG7n7Mi9ToZLfrb1aw_o9w,,received a gift membership by @こんにちハマチグレ
2026-09-09 22:03,DN0rsJ9gBgQ,272520,継続マイルストーン,英友,@最弱のミジンコ,UCssXkTe7-9M46f9yNZMSO0g,11,Member for 11 months
2026-09-09 22:03,DN0rsJ9gBgQ,8657417,再加入/レベル変更,英友,@Hachido_8C,UCgmAwnDEtV7XghJfMncsMWw,Member (1 year),Welcome to 英友!
2026-09-09 22:03,DN0rsJ9gBgQ,9558306,継続マイルストーン,英友,@とけいむし,UC40merFi63kz4Rf01dVZAbQ,9,Member for 9 months
2026-09-10 21:51,anYlcG69KbI,0,再加入/レベル変更,英友,@ゆい-o3z1,UCYszzaLgZxrl9FkRWN-0kjg,Member (6 months),Welcome to 英友!
2026-09-11 22:06,6i5dStDQYTI,1429605,ギフト購入,,@モゅちゃん,UCcGO9h0uxoO9LEMQF3sd4Hg,50,Sent 50 エクス・アルビオ -Ex Albio- gift memberships
2026-09-11 22:06,6i5dStDQYTI,1430780,ギフト受け取り,,@すず-f9q3l,UCVu1Iy2CiyP4w-lZDyXTdOw,,received a gift membership by @モゅちゃん
2026-09-11 22:06,6i5dStDQYTI,1431575,ギフト受け取り,,@ぎんなん-n4r,UCOB8CZu_K1QixxwbIyEzywg,,received a gift membership by @モゅちゃん
2026-09-11 22:06,6i5dStDQYTI,1434263,ギフト受け取り,,@せーら_nico,UCPkId5cwIMsjKRYYRJfB0aw,,received a gift membership by @モゅちゃん
2026-09-11 22:06,6i5dStDQYTI,1435379,ギフト受け取り,,@beer7144,UCQ-PjRNC8h0Pm0P-lwKHDWg,,received a gift membership by @モゅちゃん
2026-09-11 22:06,6i5dStDQYTI,1437665,ギフト受け取り,,@nakako.,UCzBIfxBxcAJa5MM7o9cKevw,,received a gift membership by @モゅちゃん
2026-09-11 22:06,6i5dStDQYTI,1439167,ギフト受け取り,,@faiza3049,UCvfg7vuklabH4kqJNRbM8oQ,,received a gift membership by @モゅちゃん
2026-09-11 22:06,6i5dStDQYTI,1440374,ギフト受け取り,,@Comecco723,UCR4MBvjXrVx7lf8dDcxYwmg,,received a gift membership by @モゅちゃん
2026-09-11 22:06,6i5dStDQYTI,1441637,ギフト受け取り,,@朝霧-l4l,UC5Z6_KNbQkTaeI1w45IZksg,,received a gift membership by @モゅちゃん
2026-09-11 22:06,6i5dStDQYTI,1442953,ギフト受け取り,,@きっちhp,UC3lbmOvPlfHX0miH0WwjwHg,,received a gift membership by @モゅちゃん
2026-09-11 22:06,6i5dStDQYTI,1443933,ギフト受け取り,,@ダイフク-g2j,UCumTNIoDaIUhyuP-CgpoaAg,,received a gift membership by @モゅちゃん
2026-09-11 22:06,6i5dStDQYTI,1446630,ギフト受け取り,,@kevinlee457,UC_P_IcvVYaCXM4jg8W0Ldfg,,received a gift membership by @モゅちゃん
2026-09-11 22:06,6i5dStDQYTI,1447649,ギフト受け取り,,@jasminegky,UCyJf5YCEvKrTBfONq5ZqFkQ,,received a gift membership by @モゅちゃん
2026-09-11 22:06,6i5dStDQYTI,1448563,ギフト受け取り,,@なかとみのかたまり_zZ,UCmKsnhACTDDzQVmb1TZvciw,,received a gift membership by @モゅちゃん
2026-09-11 22:06,6i5dStDQYTI,1449708,ギフト受け取り,,@xxみゅちゃxx,UCxpxuiMWRR41alp2TRQTfnw,,received a gift membership by @モゅちゃん
2026-09-11 22:06,6i5dStDQYTI,1450897,ギフト受け取り,,@ルーーム,UClypiaSeJum8H_8xDQiif7A,,received a gift membership by @モゅちゃん
2026-09-11 22:06,6i5dStDQYTI,1452017,ギフト受け取り,,@リーベル-liebel,UCg3sQJgZC1_hZ6r_FbqOxOQ,,received a gift membership by @モゅちゃん
2026-09-11 22:06,6i5dStDQYTI,1452869,ギフト受け取り,,@のののき,UCGFGOmno07XqfKE-TjFoaFQ,,received a gift membership by @モゅちゃん
2026-09-11 22:06,6i5dStDQYTI,1454407,ギフト受け取り,,@まんじゅう-u9d,UCj_xPCOJBgzTCTWAmNrf6fQ,,received a gift membership by @モゅちゃん
2026-09-11 22:06,6i5dStDQYTI,1457290,ギフト受け取り,,@paru9702,UCD_YrB0IwNmgz1nmg5jcK_g,,received a gift membership by @モゅちゃん
2026-09-11 22:06,6i5dStDQYTI,1458134,ギフト受け取り,,@mirin711,UC8Z9KIiFwlVpF8DccWY0SYg,,received a gift membership by @モゅちゃん
2026-09-11 22:06,6i5dStDQYTI,1459140,ギフト受け取り,,@琉乃-b3x,UC3C56_c7DXqUIdM6tHR8ybw,,received a gift membership by @モゅちゃん
2026-09-11 22:06,6i5dStDQYTI,1460117,ギフト受け取り,,@よふかし-m3h,UCZkfllRvIUkwrQZe5lA3wYw,,received a gift membership by @モゅちゃん
2026-09-11 22:06,6i5dStDQYTI,1461009,ギフト受け取り,,@つけひばき,UC_dYYWKtpec_GJ5Ua_VcL_Q,,received a gift membership by @モゅちゃん
2026-09-11 22:06,6i5dStDQYTI,1461926,ギフト受け取り,,@nyanya_0615,UCYrcvwSENAmflPbgkM9YM9A,,received a gift membership by @モゅちゃん
2026-09-11 22:06,6i5dStDQYTI,1463049,ギフト受け取り,,@Kaizeshu,UCqtVBtPuwVH9l8_uV7QWIWA,,received a gift membership by @モゅちゃん
2026-09-11 22:06,6i5dStDQYTI,1463740,ギフト受け取り,,@さすらいの水,UCes9hz-gscOPONv3l9Papxg,,received a gift membership by @モゅちゃん
2026-09-11 22:06,6i5dStDQYTI,1464702,ギフト受け取り,,@あちこっちっ,UCdjxbMOePLIwIDqZAz3DNpA,,received a gift membership by @モゅちゃん
2026-09-11 22:06,6i5dStDQYTI,1465514,ギフト受け取り,,@ABC-3939,UCaanSEsxK699OvTD4ycojzA,,received a gift membership by @モゅちゃん
2026-09-11 22:06,6i5dStDQYTI,1466798,ギフト受け取り,,@ぽえ-i1i,UCDBAcUj6iB3G4-5r6O_zaZg,,received a gift membership by @モゅちゃん
2026-09-11 22:06,6i5dStDQYTI,1467956,ギフト受け取り,,@N1m4d0,UC59HSivjc_X2GyePRY8dYBA,,received a gift membership by @モゅちゃん
2026-09-11 22:06,6i5dStDQYTI,1468948,ギフト受け取り,,@Shino22,UCCvZjehBwDMmImGOh8Quh0A,,received a gift membership by @モゅちゃん
2026-09-11 22:06,6i5dStDQYTI,1469752,ギフト受け取り,,@りき-i8k,UCM1C5O5NdQdaSC45ixvS9AA,,received a gift membership by @モゅちゃん
2026-09-11 22:06,6i5dStDQYTI,1470586,ギフト受け取り,,@urimayo,UCzB0-73vcTJ97q-C3gm96VA,,received a gift membership by @モゅちゃん
2026-09-11 22:06,6i5dStDQYTI,1471676,ギフト受け取り,,@fujiluc,UCTEuBw9_Bm6idu5irebqAFQ,,received a gift membership by @モゅちゃん
2026-09-11 22:06,6i5dStDQYTI,1472553,ギフト受け取り,,@_____neneco.05,UCfRiudDNvbap7BhSSbdN5VQ,,received a gift membership by @モゅちゃん
2026-09-11 22:06,6i5dStDQYTI,1473499,ギフト受け取り,,@ちょろ-pu,UC19GYM0saQc6uraliBZgEmw,,received a gift membership by @モゅちゃん
2026-09-11 22:06,6i5dStDQYTI,1474423,ギフト受け取り,,@ks-wg5wo,UC5I-PWgnFb6Y8wA-ShAT4Gg,,received a gift membership by @モゅちゃん
2026-09-11 22:06,6i5dStDQYTI,1475084,ギフト受け取り,,@名無しのno_name,UC7yB1RFOYz7qLEVVSZyQTFA,,received a gift membership by @モゅちゃん
2026-09-11 22:06,6i5dStDQYTI,1476205,ギフト受け取り,,@こんぺい256,UCZfmiDC2WbcUT0cWA5UJCkw,,received a gift membership by @モゅちゃん
2026-09-11 22:06,6i5dStDQYTI,1477193,ギフト受け取り,,@siso-dango,UCqsJa8KeAUhu_VanFuSY12w,,received a gift membership by @モゅちゃん
2026-09-11 22:06,6i5dStDQYTI,1478000,ギフト受け取り,,@りょう-n6d,UCmFb0ZLea-fCMm4zDlV-peA,,received a gift membership by @モゅちゃん
2026-09-11 22:06,6i5dStDQYTI,1478739,ギフト受け取り,,@sirasu_chan,UCDmXx6Q5cnKVU6SpCZnCavg,,received a gift membership by @モゅちゃん
2026-09-11 22:06,6i5dStDQYTI,1479583,ギフト受け取り,,@るいす_5545,UC3m9mj7BcoVykMTFBseKX-g,,received a gift membership by @モゅちゃん
2026-09-11 22:06,6i5dStDQYTI,1480481,ギフト受け取り,,@shuko567,UCYLb-RdWwYWlST4qx3WNrww,,received a gift membership by @モゅちゃん
2026-09-11 22:06,6i5dStDQYTI,1481068,ギフト受け取り,,@ki_sa_ki,UCIDgUgK97N4XU3gjF7SvFNg,,received a gift membership by @モゅちゃん
2026-09-11 22:06,6i5dStDQYTI,1482047,ギフト受け取り,,@piyrljgd,UCqHZCfkUO5EYFpAQ9X7Ms9g,,received a gift membership by @モゅちゃん
2026-09-11 22:06,6i5dStDQYTI,1483184,ギフト受け取り,,@るびりあ-w8v,UCBYvusRQoOAq8sceZGDmQuw,,received a gift membership by @モゅちゃん
2026-09-11 22:06,6i5dStDQYTI,1484213,ギフト受け取り,,@nikonako,UCGsVpJ2vz7UzgNwuazS2RqA,,received a gift membership by @モゅちゃん
2026-09-11 22:06,6i5dStDQYTI,1485259,ギフト受け取り,,@waa_52hz,UCwjofdQg31WLTTDINXvvXsA,,received a gift membership by @モゅちゃん
2026-09-11 22:06,6i5dStDQYTI,1498346,ギフト受け取り,,@n4307,UCwqLwwakqIsj9zYUPmQO2LA,,received a gift membership by @モゅちゃん
2026-09-11 22:06,6i5dStDQYTI,1953944,ギフト購入,,@モゅちゃん,UCcGO9h0uxoO9LEMQF3sd4Hg,50,Sent 50 エクス・アルビオ -Ex Albio- gift memberships
2026-09-11 22:06,6i5dStDQYTI,1955364,ギフト受け取り,,@O-kamisan1018,UCZqkHOLvQCXwbA7cunq8Rjw,,received a gift membership by @モゅちゃん
2026-09-11 22:06,6i5dStDQYTI,1956329,ギフト受け取り,,@yuiyui-yr9sh,UCdQLAbUPTMwg0uWMaZdUkvQ,,received a gift membership by @モゅちゃん
2026-09-11 22:06,6i5dStDQYTI,1956955,ギフト受け取り,,@青空流星群,UCsay7T1geemXJD5llqULUXg,,received a gift membership by @モゅちゃん
2026-09-11 22:06,6i5dStDQYTI,1957575,ギフト受け取り,,@3939-gj6zl,UCsIeTjfjrog0KSaJhPeTMhg,,received a gift membership by @モゅちゃん
2026-09-11 22:06,6i5dStDQYTI,1958596,ギフト受け取り,,@NEO麻婆豆腐,UCqYtubQlrVXhWGpvkc-tPEA,,received a gift membership by @モゅちゃん
2026-09-11 22:06,6i5dStDQYTI,1959755,ギフト受け取り,,@ikura_kafun,UCXWtvWbaj4hbDMM1BcwVSCQ,,received a gift membership by @モゅちゃん
2026-09-11 22:06,6i5dStDQYTI,1960623,ギフト受け取り,,@RN-wk6st,UCtLjLUMXIpz5T57K9OoFiGg,,received a gift membership by @モゅちゃん
2026-09-11 22:06,6i5dStDQYTI,1961488,ギフト受け取り,,@paingreenapple,UCHdo6gzu7sJI9IR7gigNUbg,,received a gift membership by @モゅちゃん
2026-09-11 22:06,6i5dStDQYTI,1962389,ギフト受け取り,,@torarasauna307,UCZKUInUjnVRoWsEmbREdT5w,,received a gift membership by @モゅちゃん
2026-09-11 22:06,6i5dStDQYTI,1963646,ギフト受け取り,,@hamuhamu9497,UCkI0NcY5Pc6v988WV7_awug,,received a gift membership by @モゅちゃん
2026-09-11 22:06,6i5dStDQYTI,1964403,ギフト受け取り,,@128いちにっぱ,UCwfrJTqswH6lTKonNvYlyrQ,,received a gift membership by @モゅちゃん
2026-09-11 22:06,6i5dStDQYTI,1965705,ギフト受け取り,,@moai-x3j,UCUcrylCpqXr4QtcQoAGb6vQ,,received a gift membership by @モゅちゃん
2026-09-11 22:06,6i5dStDQYTI,1966569,ギフト受け取り,,@ハル-y5w,UCAV3YKwLDjBlpH0nlLXFqxg,,received a gift membership by @モゅちゃん
2026-09-11 22:06,6i5dStDQYTI,1967376,ギフト受け取り,,@はな-m6r4v,UCKz7ybYv3EPBoVlNregn1Fg,,received a gift membership by @モゅちゃん
2026-09-11 22:06,6i5dStDQYTI,1968144,ギフト受け取り,,@omo5426,UCvAAsQXEIYwcokcD0xcPJAg,,received a gift membership by @モゅちゃん
2026-09-11 22:06,6i5dStDQYTI,1969044,ギフト受け取り,,@Tanmen00212,UCcMhYh_AOIlg7cbocfCgrrQ,,received a gift membership by @モゅちゃん
2026-09-11 22:06,6i5dStDQYTI,1969802,ギフト受け取り,,@gummyyyyyyy_jam,UCvaegtdbFBZ4YVhEes3R5sg,,received a gift membership by @モゅちゃん
2026-09-11 22:06,6i5dStDQYTI,1970672,ギフト受け取り,,@ask_kamokamo,UCFLRei4YPu11p4h_mAjZd4Q,,received a gift membership by @モゅちゃん
2026-09-11 22:06,6i5dStDQYTI,1972003,ギフト受け取り,,@ZangiDelicious,UCAzzJ79PmZKDl81NJRkRD1A,,received a gift membership by @モゅちゃん
2026-09-11 22:06,6i5dStDQYTI,1973074,ギフト受け取り,,@高PPA,UCdX8CAUuVXkfOhBtwjOfeKg,,received a gift membership by @モゅちゃん
2026-09-11 22:06,6i5dStDQYTI,1973829,ギフト受け取り,,@Ket5ya,UCOpV9O-zgqBnoqewUsNGPoQ,,received a gift membership by @モゅちゃん
2026-09-11 22:06,6i5dStDQYTI,1974548,ギフト受け取り,,@くろすけ-k5z,UCBz83TLOz9xcS8edGtGKimQ,,received a gift membership by @モゅちゃん
2026-09-11 22:06,6i5dStDQYTI,1975692,ギフト受け取り,,@しょうゆ-h9u,UCbJa6-rWkUY2QMlRP4JQ_qg,,received a gift membership by @モゅちゃん
2026-09-11 22:06,6i5dStDQYTI,1976615,ギフト受け取り,,@なおきまる0,UC0qdAI0MwGV-aRgCU6DK0bA,,received a gift membership by @モゅちゃん
2026-09-11 22:06,6i5dStDQYTI,1977041,ギフト受け取り,,@千秋-g6w,UCjNI-D8bSFcbefdNZNpNEog,,received a gift membership by @モゅちゃん
2026-09-11 22:06,6i5dStDQYTI,1977825,ギフト受け取り,,@Kuroto_Navy777,UChLz1cQINXuH_m8bE2OqyVQ,,received a gift membership by @モゅちゃん
2026-09-11 22:06,6i5dStDQYTI,1978757,ギフト受け取り,,@だりあん-g8l,UCicBxLRDWCNu4NQ5pULZ7qQ,,received a gift membership by @モゅちゃん
2026-09-11 22:06,6i5dStDQYTI,1981945,ギフト受け取り,,@ミネツキケル,UCRZ1Qytg8XvfAGPptk8spcA,,received a gift membership by @モゅちゃん
2026-09-11 22:06,6i5dStDQYTI,1983278,ギフト受け取り,,@詩音-o6n,UCG5a6V_dgSIPawZppmk5_KA,,received a gift membership by @モゅちゃん
2026-09-11 22:06,6i5dStDQYTI,1984276,ギフト受け取り,,@kqbocha1939,UC_-oKTOfKhIVhjEQNL3kuwQ,,received a gift membership by @モゅちゃん
2026-09-11 22:06,6i5dStDQYTI,1984934,ギフト受け取り,,@palemoon1705,UCn6DrsSDWVO6BSlJtxYiR9w,,received a gift membership by @モゅちゃん
2026-09-11 22:06,6i5dStDQYTI,1985696,ギフト受け取り,,@daywhen7237,UC36LcT5fAW5IOSP_gGpM5mA,,received a gift membership by @モゅちゃん
2026-09-11 22:06,6i5dStDQYTI,1986610,ギフト受け取り,,@すいかジュース-g9g,UCapU_JnqgiI1eQ9auZt8MiA,,received a gift membership by @モゅちゃん
2026-09-11 22:06,6i5dStDQYTI,1987546,ギフト受け取り,,@tsubakig-,UCYLgg4-xoKw8E94eb47kSjg,,received a gift membership by @モゅちゃん
2026-09-11 22:06,6i5dStDQYTI,1988421,ギフト受け取り,,@shiosaltbae,UCvnpA5nMpXTkCYdZJ_Ea-Rw,,received a gift membership by @モゅちゃん
2026-09-11 22:06,6i5dStDQYTI,1989372,ギフト受け取り,,@teruteru-epic,UCIGr8mCoA63AnRTTlctVGdQ,,received a gift membership by @モゅちゃん
2026-09-11 22:06,6i5dStDQYTI,1990255,ギフト受け取り,,@meru.1013,UCEEHwf8nCm0-r3FPBXlp3OA,,received a gift membership by @モゅちゃん
2026-09-11 22:06,6i5dStDQYTI,1991097,ギフト受け取り,,@ゲシ人,UCMklUY71mE1B2kJDQtLSwyg,,received a gift membership by @モゅちゃん
2026-09-11 22:06,6i5dStDQYTI,1991748,ギフト受け取り,,@icecandy-ramune,UCyuClLr1ncLoG34hDRyXE1w,,received a gift membership by @モゅちゃん
2026-09-11 22:06,6i5dStDQYTI,1992564,ギフト受け取り,,@tatsu_ptcg,UCFG-6yXB1Ma4zrQ7Cin2Exg,,received a gift membership by @モゅちゃん
2026-09-11 22:06,6i5dStDQYTI,1993337,ギフト受け取り,,@km497,UCooG662Qxa1IG2doNBHCEoQ,,received a gift membership by @モゅちゃん
2026-09-11 22:06,6i5dStDQYTI,1994272,ギフト受け取り,,@ちょうもん,UCVs2Jos98ALUdQDW_OYgPyw,,received a gift membership by @モゅちゃん
2026-09-11 22:06,6i5dStDQYTI,1995080,ギフト受け取り,,@めに,UCvSZVMGwxxwzPdD1_g4yrmw,,received a gift membership by @モゅちゃん
2026-09-11 22:06,6i5dStDQYTI,1995837,ギフト受け取り,,@きさらpuni,UC77Oa20a7GKRx27WgmvL2gQ,,received a gift membership by @モゅちゃん
2026-09-11 22:06,6i5dStDQYTI,1996798,ギフト受け取り,,@novah181,UCnF0-nRtph8N86bKl0egysg,,received a gift membership by @モゅちゃん
2026-09-11 22:06,6i5dStDQYTI,1998298,ギフト受け取り,,@201Xa,UC5QUPv7_7mCbMc2B3_WG-aQ,,received a gift membership by @モゅちゃん
2026-09-11 22:06,6i5dStDQYTI,1999138,ギフト受け取り,,@鈴蘭今なら毎日おかわり無料,UCtkQt12OxARQ55fNbLg5yCQ,,received a gift membership by @モゅちゃん
2026-09-11 22:06,6i5dStDQYTI,2000117,ギフト受け取り,,@施泓任-v9c,UChuoOGRgJc9r0fdL1KZiArQ,,received a gift membership by @モゅちゃん
2026-09-11 22:06,6i5dStDQYTI,2001697,ギフト受け取り,,@mou-e8r3h,UCF-lKO8_NUQ3JjnSmtZMvog,,received a gift membership by @モゅちゃん
2026-09-11 22:06,6i5dStDQYTI,2002564,ギフト受け取り,,@chisacchann,UCyf4YyGZVOPFVJxJ0Y3g8AA,,received a gift membership by @モゅちゃん
2026-09-11 22:06,6i5dStDQYTI,2044267,継続マイルストーン,英友,@si_maa,UCuub_KvjbM5QAUPXHQPoy6Q,2,Member for 2 months
2026-09-11 22:06,6i5dStDQYTI,4322630,ギフト購入,,@石山かつらぎ,UCsGp92TIlMofU_6DX_-anxA,10,Sent 10 エクス・アルビオ -Ex Albio- gift memberships
2026-09-11 22:06,6i5dStDQYTI,4334060,ギフト受け取り,,@タロウタロウ-f4l,UCNmzAu4Py2zBB0bSaDFzPeg,,received a gift membership by @石山かつらぎ
2026-09-11 22:06,6i5dStDQYTI,4334954,ギフト受け取り,,@大盛りカツカレー-g1v,UCiUd4_c5zNm4kh3MRU5b3HQ,,received a gift membership by @石山かつらぎ
2026-09-11 22:06,6i5dStDQYTI,4336110,ギフト受け取り,,@まぐろ-q9q,UCHVoMysgJZ6ACN2fZ2rqU9g,,received a gift membership by @石山かつらぎ
2026-09-11 22:06,6i5dStDQYTI,4336984,ギフト受け取り,,@狂信者-l3u,UCa6TN5PQ42R2-Zup9Afr_nA,,received a gift membership by @石山かつらぎ
2026-09-11 22:06,6i5dStDQYTI,4337928,ギフト受け取り,,@me706,UCwL5ae4nQAzjjDANCmg3Jbw,,received a gift membership by @石山かつらぎ
2026-09-11 22:06,6i5dStDQYTI,4338741,ギフト受け取り,,@Cissano,UC920BG8Rj3ofcmYIbj3v7jw,,received a gift membership by @石山かつらぎ
2026-09-11 22:06,6i5dStDQYTI,4339791,ギフト受け取り,,@vhadaitaisuki,UCTMfvwqWBZsobd87HMpb-aQ,,received a gift membership by @石山かつらぎ
2026-09-11 22:06,6i5dStDQYTI,4340973,ギフト受け取り,,@七色みかん,UCTfsecFzio5egtWOIWDYvrQ,,received a gift membership by @石山かつらぎ
2026-09-11 22:06,6i5dStDQYTI,4341921,ギフト受け取り,,@こねこ-g5c,UCxvdrBqmHBCzch_ujW8O9pw,,received a gift membership by @石山かつらぎ
2026-09-11 22:06,6i5dStDQYTI,4342742,ギフト受け取り,,@shuironana,UCAnFhrJG28hkszlgAErQEag,,received a gift membership by @石山かつらぎ
2026-09-11 22:06,6i5dStDQYTI,4499758,新規加入,英友,@ぽっちex,UCQqITRVUwzCB3bIxArobW7w,New member,Welcome to 英友!
2026-09-11 22:06,6i5dStDQYTI,4935493,ギフト購入,,@ぷぴなちょぽす,UCw6Mgw4usEsMMFq2LnJpVBQ,10,Sent 10 エクス・アルビオ -Ex Albio- gift memberships
2026-09-11 22:06,6i5dStDQYTI,4936838,ギフト受け取り,,@ゆい-b6p,UCv82YjNUnEEwp4EQHeljoGQ,,received a gift membership by @ぷぴなちょぽす
2026-09-11 22:06,6i5dStDQYTI,4937728,ギフト受け取り,,@ありな_5150,UCWa9M4_Md20N2u5dqyA-NSQ,,received a gift membership by @ぷぴなちょぽす
2026-09-11 22:06,6i5dStDQYTI,4938540,ギフト受け取り,,@genbu-raia,UCVIlDOywzw1DKVJvjw-Iu3g,,received a gift membership by @ぷぴなちょぽす
2026-09-11 22:06,6i5dStDQYTI,4939339,ギフト受け取り,,@ちく-p4h,UCZVXLSDnujdnvAZ0GZdRVQQ,,received a gift membership by @ぷぴなちょぽす
2026-09-11 22:06,6i5dStDQYTI,4940197,ギフト受け取り,,@icecl193,UCjcKaXImvM4S-agzdYWn3sQ,,received a gift membership by @ぷぴなちょぽす
2026-09-11 22:06,6i5dStDQYTI,4941502,ギフト受け取り,,@nopi889,UC9n6Scc5bBHbL_-nSNj0g6w,,received a gift membership by @ぷぴなちょぽす
2026-09-11 22:06,6i5dStDQYTI,4942230,ギフト受け取り,,@OreApo77,UCxSTIbIGvBPCJGBjQuvJh6A,,received a gift membership by @ぷぴなちょぽす
2026-09-11 22:06,6i5dStDQYTI,4945062,ギフト受け取り,,@nanahara_dayo,UCjl7eoiDhzWD9zoSO7onryA,,received a gift membership by @ぷぴなちょぽす
2026-09-11 22:06,6i5dStDQYTI,4945866,ギフト受け取り,,@かにちゃん-h5y,UCu8K9bGE6pCJaF0ENtuBrsQ,,received a gift membership by @ぷぴなちょぽす
2026-09-11 22:06,6i5dStDQYTI,4946755,ギフト受け取り,,@おきて,UCXLltYgVXtJo8Z1XZPxQVzw,,received a gift membership by @ぷぴなちょぽす
2026-09-11 22:06,6i5dStDQYTI,4991656,新規加入,英友,@milionea9,UCi-q0kY2bUjqRwsbJf7QOyg,New member,Welcome to 英友!
2026-09-13 21:55,aCZv4ZtN1pU,0,新規加入,英友,@nK-ow1nq,UCqnx30cM9O_RvbQFcXihJhg,New member,Welcome to 英友!
2026-09-13 21:55,aCZv4ZtN1pU,182726,ギフト購入,,@れちゃん-s2,UC9WKYA6aHMM2yroWUHurhUg,50,Sent 50 エクス・アルビオ -Ex Albio- gift memberships
2026-09-13 21:55,aCZv4ZtN1pU,184344,ギフト受け取り,,@_woyu,UClNlbxne_BcToCt6A2FAXHw,,received a gift membership by @れちゃん-s2
2026-09-13 21:55,aCZv4ZtN1pU,185208,ギフト受け取り,,@昆布昆布-r8t,UCKy-xn9Bw-pGI1z9RKlC_fA,,received a gift membership by @れちゃん-s2
2026-09-13 21:55,aCZv4ZtN1pU,186371,ギフト受け取り,,@kioyan-r4m,UCUMAiSc1l6LnJ_aMWtDQllw,,received a gift membership by @れちゃん-s2
2026-09-13 21:55,aCZv4ZtN1pU,187225,ギフト受け取り,,@omuraisu_sukidayo,UCui8lwN9aNZmCHiqTQXKnxQ,,received a gift membership by @れちゃん-s2
2026-09-13 21:55,aCZv4ZtN1pU,188003,ギフト受け取り,,@suffocateme_,UC3D1Equ646_MgGcECzecGSw,,received a gift membership by @れちゃん-s2
2026-09-13 21:55,aCZv4ZtN1pU,189193,ギフト受け取り,,@いちか_ykks61,UCXwR2UxqCWEcMe33Zm7_rVQ,,received a gift membership by @れちゃん-s2
2026-09-13 21:55,aCZv4ZtN1pU,190226,ギフト受け取り,,@ax4-tb9sy,UCBd02b-BiIw8WgZP9Ozpm0A,,received a gift membership by @れちゃん-s2
2026-09-13 21:55,aCZv4ZtN1pU,191124,ギフト受け取り,,@Wor-z6k,UCY1fFHImIYPubXXgO7KZpaA,,received a gift membership by @れちゃん-s2
2026-09-13 21:55,aCZv4ZtN1pU,192114,ギフト受け取り,,@toituoji,UCtCfB-ONrPinHHCZhVFiZBQ,,received a gift membership by @れちゃん-s2
2026-09-13 21:55,aCZv4ZtN1pU,193198,ギフト受け取り,,@ひろ-f9g,UC-FWEuAdh5RugMeREnxTSAw,,received a gift membership by @れちゃん-s2
2026-09-13 21:55,aCZv4ZtN1pU,194142,ギフト受け取り,,@awenn2146,UCQEhOCyys0RtjrNrS7IvV6w,,received a gift membership by @れちゃん-s2
2026-09-13 21:55,aCZv4ZtN1pU,196364,ギフト受け取り,,@飴ちゃん_8,UCwKSDUIs-amsrN7UgIja9aw,,received a gift membership by @れちゃん-s2
2026-09-13 21:55,aCZv4ZtN1pU,197396,ギフト受け取り,,@roboo-vj5bn,UCgGhseEv1A-VuvBsAaBmb4g,,received a gift membership by @れちゃん-s2
2026-09-13 21:55,aCZv4ZtN1pU,198571,ギフト受け取り,,@papico____,UCCrmPYQS68cAoYhTEULnL9g,,received a gift membership by @れちゃん-s2
2026-09-13 21:55,aCZv4ZtN1pU,199413,ギフト受け取り,,@rin__babeimn,UCR4UWc3VQhyuPNYxMvYfBpw,,received a gift membership by @れちゃん-s2
2026-09-13 21:55,aCZv4ZtN1pU,200500,ギフト受け取り,,@限界-1559,UC0TsdgK5f9Yux3Aw-AYEESw,,received a gift membership by @れちゃん-s2
2026-09-13 21:55,aCZv4ZtN1pU,201509,ギフト受け取り,,@user-dz1xj9kp7r,UCjUloDbjIOwpJWdL8IUsNGQ,,received a gift membership by @れちゃん-s2
2026-09-13 21:55,aCZv4ZtN1pU,202338,ギフト受け取り,,@べミン-w2y,UCmlEyPe4YxawhtjZcci1I4Q,,received a gift membership by @れちゃん-s2
2026-09-13 21:55,aCZv4ZtN1pU,203375,ギフト受け取り,,@masibun-m1h,UCVk7D4b4JkQ5xNm-kVwTRgA,,received a gift membership by @れちゃん-s2
2026-09-13 21:55,aCZv4ZtN1pU,204413,ギフト受け取り,,@ごみ-e2x,UC_MWYA0cTLg4eJjiXrEgZZw,,received a gift membership by @れちゃん-s2
2026-09-13 21:55,aCZv4ZtN1pU,205410,ギフト受け取り,,@u-ki6127,UCHEfxoDGNDt05bKbn3jxs_Q,,received a gift membership by @れちゃん-s2
2026-09-13 21:55,aCZv4ZtN1pU,206323,ギフト受け取り,,@クジャ-i4v,UC4cC9Jih5B3JL2nT61g9eRg,,received a gift membership by @れちゃん-s2
2026-09-13 21:55,aCZv4ZtN1pU,207263,ギフト受け取り,,@みすみ-f5t,UCIJgFCEhjDhzAZrfx5NtEgw,,received a gift membership by @れちゃん-s2
2026-09-13 21:55,aCZv4ZtN1pU,208155,ギフト受け取り,,@llnc_rou,UC4qBmZp8V2xTV916HJnxOsg,,received a gift membership by @れちゃん-s2
2026-09-13 21:55,aCZv4ZtN1pU,209176,ギフト受け取り,,@Ayame_Kagutsuki,UC2dgL5Q7EWTr2Ft6L21xytw,,received a gift membership by @れちゃん-s2
2026-09-13 21:55,aCZv4ZtN1pU,209863,ギフト受け取り,,@ao_mi_do_ri,UCunLn7v-8-yDZFhBWA45XfA,,received a gift membership by @れちゃん-s2
2026-09-13 21:55,aCZv4ZtN1pU,211229,ギフト受け取り,,@mgwr86335,UC4gRk4jfzwGgoSbkBpsuJEA,,received a gift membership by @れちゃん-s2
2026-09-13 21:55,aCZv4ZtN1pU,212085,ギフト受け取り,,@HK-jf9lz,UCKjwGpqA_nLzjfvjkmeuaOA,,received a gift membership by @れちゃん-s2
2026-09-13 21:55,aCZv4ZtN1pU,213277,ギフト受け取り,,@Dinxminx123,UCi3ybawZTizgbPf1rD5arvA,,received a gift membership by @れちゃん-s2
2026-09-13 21:55,aCZv4ZtN1pU,215260,ギフト受け取り,,@rna2628,UCCueRwgJAXmSyaW0P_6EDyA,,received a gift membership by @れちゃん-s2
2026-09-13 21:55,aCZv4ZtN1pU,216402,ギフト受け取り,,@白玉-s2f,UC9MyLPFZtldwt-k0swjwSBQ,,received a gift membership by @れちゃん-s2
2026-09-13 21:55,aCZv4ZtN1pU,217483,ギフト受け取り,,@rir_uu,UCnzs2jYly9P5zDJd85G2Bug,,received a gift membership by @れちゃん-s2
2026-09-13 21:55,aCZv4ZtN1pU,218447,ギフト受け取り,,@3K-346-g9k,UCH7SuLEl4sKfPQ8YR4VzaXA,,received a gift membership by @れちゃん-s2
2026-09-13 21:55,aCZv4ZtN1pU,219388,ギフト受け取り,,@rio9847,UCpwIQ-y4-lKYHg0iKdp78OA,,received a gift membership by @れちゃん-s2
2026-09-13 21:55,aCZv4ZtN1pU,220196,ギフト受け取り,,@しれとこ-x3n,UCEPbYZWihw1LTa6aI9ATObQ,,received a gift membership by @れちゃん-s2
2026-09-13 21:55,aCZv4ZtN1pU,221322,ギフト受け取り,,@omoci_chan,UCv01Bf6r8mNnHD-EWnIUHTA,,received a gift membership by @れちゃん-s2
2026-09-13 21:55,aCZv4ZtN1pU,222348,ギフト受け取り,,@shuyama5450,UC7le-Katn5oxF6sYrA5zf3A,,received a gift membership by @れちゃん-s2
2026-09-13 21:55,aCZv4ZtN1pU,223444,ギフト受け取り,,@結月零-s9e,UCns_Cpo4EZ_z-nR1gdOhc5A,,received a gift membership by @れちゃん-s2
2026-09-13 21:55,aCZv4ZtN1pU,224421,ギフト受け取り,,@からんびっと,UCaH5vWNWXYDrrdEbJDOaf6w,,received a gift membership by @れちゃん-s2
2026-09-13 21:55,aCZv4ZtN1pU,225496,ギフト受け取り,,@aki-lf5ek,UCCRoMIbKZtFFw21PmhXwYBg,,received a gift membership by @れちゃん-s2
2026-09-13 21:55,aCZv4ZtN1pU,226494,ギフト受け取り,,@n4zz-dayo,UCA24l15QlFoKIBezAmbgbLg,,received a gift membership by @れちゃん-s2
2026-09-13 21:55,aCZv4ZtN1pU,227508,ギフト受け取り,,@yfam1613,UCb212eT8WlmyPyXqHpGWuNw,,received a gift membership by @れちゃん-s2
2026-09-13 21:55,aCZv4ZtN1pU,228340,ギフト受け取り,,@uni_T4betai,UCkS2JOT2QK1P4Mdp4eC5gpA,,received a gift membership by @れちゃん-s2
2026-09-13 21:55,aCZv4ZtN1pU,229441,ギフト受け取り,,@MORO-3104,UCTmTKCMANj3zta5Ja4oOmrQ,,received a gift membership by @れちゃん-s2
2026-09-13 21:55,aCZv4ZtN1pU,230500,ギフト受け取り,,@シラセ-t3f,UCdPnnzEOVeMYd40zwtg0hMg,,received a gift membership by @れちゃん-s2
2026-09-13 21:55,aCZv4ZtN1pU,231679,ギフト受け取り,,@犬丸_あでれ,UC7KpHVhZFxSTBpsWL9mX_9g,,received a gift membership by @れちゃん-s2
2026-09-13 21:55,aCZv4ZtN1pU,232594,ギフト受け取り,,@ゆち-m7j,UCHxal5s57NFsxDgTH8XH4-g,,received a gift membership by @れちゃん-s2
2026-09-13 21:55,aCZv4ZtN1pU,233777,ギフト受け取り,,@美浜晃,UCidyWzwyD4aD4Chif4NDsAA,,received a gift membership by @れちゃん-s2
2026-09-13 21:55,aCZv4ZtN1pU,234944,ギフト受け取り,,@xねこくらげx,UCj9BjczprTDqvH1YQfrPuNQ,,received a gift membership by @れちゃん-s2
2026-09-13 21:55,aCZv4ZtN1pU,235907,ギフト受け取り,,@たなとすROM,UC9sPM8iyygqvrWs6OJzFPBg,,received a gift membership by @れちゃん-s2
2026-09-13 21:55,aCZv4ZtN1pU,10205049,新規加入,英友,@イチゴの仇,UCjH-9R_tCGtA3RB2quGLXOg,New member,Welcome to 英友!
2026-09-13 21:55,aCZv4ZtN1pU,14833613,継続マイルストーン,英友,@クゥー-n2q,UCQeqISeKDnspuRVT5ZdSyOQ,3,Member for 3 months
2026-09-14 22:05,n6l6DaNZZcw,4694334,継続マイルストーン,英友,@Marinemarine812,UCNqdGgmNS4QEitsHjJaMUzQ,15,Member for 15 months
2026-09-14 22:05,n6l6DaNZZcw,15639761,再加入/レベル変更,英友,@奏ちゃん-81522,UCgVJoKmSgtlHxjJacf8H-qA,Member (1 year),Welcome to 英友!
2026-09-14 22:05,n6l6DaNZZcw,21033608,ギフト購入,,@えんがわ孔雀,UCZa0GIDk8HPrhTfcjSxdvgQ,5,Sent 5 エクス・アルビオ -Ex Albio- gift memberships
2026-09-14 22:05,n6l6DaNZZcw,21034438,ギフト受け取り,,@りの-j8s,UC04W6t9MGljyzyZKfc73QDA,,received a gift membership by @えんがわ孔雀
2026-09-14 22:05,n6l6DaNZZcw,21035435,ギフト受け取り,,@こじろー546,UCyK6Z7Tiu-CHj_Ow5n1sA5g,,received a gift membership by @えんがわ孔雀
2026-09-14 22:05,n6l6DaNZZcw,21036293,ギフト受け取り,,@おれはおれだz,UC3FGPR27aewHJDpydEn9oOg,,received a gift membership by @えんがわ孔雀
2026-09-14 22:05,n6l6DaNZZcw,21037326,ギフト受け取り,,@いぶき-k4d,UCGDuXRIfUyJQ_rg-S1BhNgQ,,received a gift membership by @えんがわ孔雀
2026-09-14 22:05,n6l6DaNZZcw,21038243,ギフト受け取り,,@いそKON,UChmEgAW7yaJ1a14_5NP8Y9w,,received a gift membership by @えんがわ孔雀
2026-09-14 22:05,n6l6DaNZZcw,22217308,ギフト購入,,@えんがわ孔雀,UCZa0GIDk8HPrhTfcjSxdvgQ,5,Sent 5 エクス・アルビオ -Ex Albio- gift memberships
2026-09-14 22:05,n6l6DaNZZcw,22228887,ギフト受け取り,,@marronnut,UCog5KydajADm6ahrApPsHfQ,,received a gift membership by @えんがわ孔雀
2026-09-14 22:05,n6l6DaNZZcw,22229732,ギフト受け取り,,@トゲ丸-k5u,UCMlHw-8qTX5KHqmPrBO8l2A,,received a gift membership by @えんがわ孔雀
2026-09-14 22:05,n6l6DaNZZcw,22230776,ギフト受け取り,,@strawberrycihps,UCwRLLXkj2rXGJW4byc0zWPQ,,received a gift membership by @えんがわ孔雀
2026-09-14 22:05,n6l6DaNZZcw,22231905,ギフト受け取り,,@璃多,UCySYk-oa1D3CO8nXdwzIzTw,,received a gift membership by @えんがわ孔雀
2026-09-14 22:05,n6l6DaNZZcw,22232863,ギフト受け取り,,@sdhve,UCNslAwXZ1zuvXIcLqKA7EWw,,received a gift membership by @えんがわ孔雀
2026-09-15 21:26,eEvIHeQGiuY,0,再加入/レベル変更,英友,@Fu-cham,UClyBqdLmpTvHWEeCCqH-AhA,Member (1 year),Welcome to 英友!
2026-09-15 21:26,eEvIHeQGiuY,989032,新規加入,英友,@Mari-b2z8d,UCTcJJ04-ui_CPd7epHFLZpg,New member,Welcome to 英友!
2026-09-15 21:26,eEvIHeQGiuY,1267218,ギフト購入,,@ぷぴなちょぽす,UCw6Mgw4usEsMMFq2LnJpVBQ,5,Sent 5 エクス・アルビオ -Ex Albio- gift memberships
2026-09-15 21:26,eEvIHeQGiuY,1278399,ギフト受け取り,,@和わ-p6v,UCyeBAff9qnuprfCA9rz65QA,,received a gift membership by @ぷぴなちょぽす
2026-09-15 21:26,eEvIHeQGiuY,1279242,ギフト受け取り,,@orbis1851,UCG2pAe4ujHJVjKPgZ8cMXgQ,,received a gift membership by @ぷぴなちょぽす
2026-09-15 21:26,eEvIHeQGiuY,1280108,ギフト受け取り,,@スットコ-u1s,UC8kVkqyw0BML4A-YSqa-HAQ,,received a gift membership by @ぷぴなちょぽす
2026-09-15 21:26,eEvIHeQGiuY,1281152,ギフト受け取り,,@TT-nw6wy,UCwBsWbJyBVLhn6GGL9q9wsQ,,received a gift membership by @ぷぴなちょぽす
2026-09-15 21:26,eEvIHeQGiuY,1281936,ギフト受け取り,,@猫帝国-s8f,UCVSB017mg4VKDPHa_b0uDPQ,,received a gift membership by @ぷぴなちょぽす
2026-09-15 21:26,eEvIHeQGiuY,8011020,再加入/レベル変更,英友,@れん-z3r,UCb44kj6gS3pTlFAFAbwQytg,Member (2 months),Welcome to 英友!
2026-09-15 21:26,eEvIHeQGiuY,12382728,再加入/レベル変更,英友,@ココ-coco8,UC1j5qjRztZtaUVKjB9YGmuA,Member (1 year),Welcome to 英友!
2026-09-15 21:26,eEvIHeQGiuY,19526186,ギフト購入,,@にょんll,UCTQlxVnpdHIv8wXTdhzoGTg,10,Sent 10 エクス・アルビオ -Ex Albio- gift memberships
2026-09-15 21:26,eEvIHeQGiuY,19527085,ギフト受け取り,,@U-8.1997,UC9iHw8TH0slZkwWzuIl1lww,,received a gift membership by @にょんll
2026-09-15 21:26,eEvIHeQGiuY,19528324,ギフト受け取り,,@コバシュン-m1v,UCllkJ0F0RgIBHVrDc9W8wZQ,,received a gift membership by @にょんll
2026-09-15 21:26,eEvIHeQGiuY,19529166,ギフト受け取り,,@Toki_Nari,UCRr5CbRtgxFB1y3IKUEmj8g,,received a gift membership by @にょんll
2026-09-15 21:26,eEvIHeQGiuY,19530092,ギフト受け取り,,@momongaaaaa,UC3-0XpIvz21F7iXUT3t0W-A,,received a gift membership by @にょんll
2026-09-15 21:26,eEvIHeQGiuY,19530873,ギフト受け取り,,@弘一-v8i,UCx4yEpmktbga5CIrH8shQXg,,received a gift membership by @にょんll
2026-09-15 21:26,eEvIHeQGiuY,19532571,ギフト受け取り,,@rei-rt8kn,UCLpLoYEpdmHpmaCbQCQ11-A,,received a gift membership by @にょんll
2026-09-15 21:26,eEvIHeQGiuY,19533202,ギフト受け取り,,@yumeeiro,UC0dNoFHheK9Cy2-P8dOQWcg,,received a gift membership by @にょんll
2026-09-15 21:26,eEvIHeQGiuY,19534214,ギフト受け取り,,@wjgooooo,UCztpFAmSRRXDOLGnXNZEGvQ,,received a gift membership by @にょんll
2026-09-15 21:26,eEvIHeQGiuY,19535144,ギフト受け取り,,@ささかま-l3l,UC-mj6XN2q77KVTgH2nfVkZw,,received a gift membership by @にょんll
2026-09-15 21:26,eEvIHeQGiuY,19535974,ギフト受け取り,,@munielmu-,UC5s56vZ-aJMW1lLiXT6gp2A,,received a gift membership by @にょんll
2026-09-15 21:26,eEvIHeQGiuY,20499239,新規加入,英友,@しおしお-k6c,UCxoWZYg3RcSJB1PrztN16zA,New member,Welcome to 英友!
2026-09-15 21:26,eEvIHeQGiuY,21490639,継続マイルストーン,英友,@user-ゆきゃん0023,UCiDM0VpUpFDFzzHU7nxFUKQ,9,Member for 9 months
2026-09-15 21:26,eEvIHeQGiuY,23193331,ギフト購入,,@えんがわ孔雀,UCZa0GIDk8HPrhTfcjSxdvgQ,10,Sent 10 エクス・アルビオ -Ex Albio- gift memberships
2026-09-15 21:26,eEvIHeQGiuY,23194260,ギフト受け取り,,@こはの-h9z,UCIncwEHs5k7uVAgerffkWcw,,received a gift membership by @えんがわ孔雀
2026-09-15 21:26,eEvIHeQGiuY,23195232,ギフト受け取り,,@AIB-kj6ty,UC8vbVpIq0d-hJoGdyUUxf8A,,received a gift membership by @えんがわ孔雀
2026-09-15 21:26,eEvIHeQGiuY,23196159,ギフト受け取り,,@Airu2434otaku,UCnW1UonGNZi4M6seHqjGnJQ,,received a gift membership by @えんがわ孔雀
2026-09-15 21:26,eEvIHeQGiuY,23197229,ギフト受け取り,,@KayRaa1,UC9xAFuC8XRd1Vmc0Weo-Jlw,,received a gift membership by @えんがわ孔雀
2026-09-15 21:26,eEvIHeQGiuY,23198475,ギフト受け取り,,@웅-v1u,UCMi2y6WhVWZbRJl5e5iI1-w,,received a gift membership by @えんがわ孔雀
2026-09-15 21:26,eEvIHeQGiuY,23199531,ギフト受け取り,,@ペロペロ-g9j,UCTOrbwUHn6rZ-fa6Cf32CjQ,,received a gift membership by @えんがわ孔雀
2026-09-15 21:26,eEvIHeQGiuY,23200457,ギフト受け取り,,@led_,UCeQLylmM2HPcxR7JrcrbOdQ,,received a gift membership by @えんがわ孔雀
2026-09-15 21:26,eEvIHeQGiuY,23201315,ギフト受け取り,,@焼肉定食焼肉ぬき,UCYf1sFBDEKwN-oS44mDm_7g,,received a gift membership by @えんがわ孔雀
2026-09-15 21:26,eEvIHeQGiuY,23202358,ギフト受け取り,,@hibisho0309,UCSikM6PVFrAZEYzEDVqEhjA,,received a gift membership by @えんがわ孔雀
2026-09-15 21:26,eEvIHeQGiuY,23203556,ギフト受け取り,,@生類綾波のレイ_sss,UCUVUMBgA2LUsyI1ExFR47gg,,received a gift membership by @えんがわ孔雀
2026-09-16 22:12,CEPEkqwZ_5g,316573,ギフト購入,,@こんにちハマチグレ,UCtd1GVon_71O1qO9rxIvwGQ,20,Sent 20 エクス・アルビオ -Ex Albio- gift memberships
2026-09-16 22:12,CEPEkqwZ_5g,317843,ギフト受け取り,,@まひ7719,UCrn-zm0NRVXWJ6x7Kg4MIgg,,received a gift membership by @こんにちハマチグレ
2026-09-16 22:12,CEPEkqwZ_5g,318604,ギフト受け取り,,@Kay_ゆうや,UCzLNbFAjgAOJXKDhfE3Sq4Q,,received a gift membership by @こんにちハマチグレ
2026-09-16 22:12,CEPEkqwZ_5g,319341,ギフト受け取り,,@510pyon,UC2_jIEYzJjhe8D54GP-vW4g,,received a gift membership by @こんにちハマチグレ
2026-09-16 22:12,CEPEkqwZ_5g,320060,ギフト受け取り,,@77l_x7,UC9HlPEN_ieYZZP6t-BcbfzQ,,received a gift membership by @こんにちハマチグレ
2026-09-16 22:12,CEPEkqwZ_5g,320921,ギフト受け取り,,@__0oosui,UCWSTCZ2A9iQM0jzQdJqJ5RA,,received a gift membership by @こんにちハマチグレ
2026-09-16 22:12,CEPEkqwZ_5g,321940,ギフト受け取り,,@斋藤千鹤-t4c,UCZN7ymxH8FB_87ay9vWKFLw,,received a gift membership by @こんにちハマチグレ
2026-09-16 22:12,CEPEkqwZ_5g,322737,ギフト受け取り,,@ほいっぷこっぺぱん,UCGaLCgSpXA00LmEOzSJHzRQ,,received a gift membership by @こんにちハマチグレ
2026-09-16 22:12,CEPEkqwZ_5g,323731,ギフト受け取り,,@no.6235,UC5UR-AugiyB0LtgBGjF2iSg,,received a gift membership by @こんにちハマチグレ
2026-09-16 22:12,CEPEkqwZ_5g,324866,ギフト受け取り,,@紗羅檀_しゃらたん,UCryIFIczR7M2iiSjVNLPmZA,,received a gift membership by @こんにちハマチグレ
2026-09-16 22:12,CEPEkqwZ_5g,325477,ギフト受け取り,,@CHRlSVlClOUS,UCkkpqI48ej9u6oQckNt5m-Q,,received a gift membership by @こんにちハマチグレ
2026-09-16 22:12,CEPEkqwZ_5g,326429,ギフト受け取り,,@lysa_indah,UCD5Tm1ie_HlTFfTjJ3_AXTw,,received a gift membership by @こんにちハマチグレ
2026-09-16 22:12,CEPEkqwZ_5g,327272,ギフト受け取り,,@ちあき-tiaki2D,UC3abXNTXh1kM-eyTnYMt3mQ,,received a gift membership by @こんにちハマチグレ
2026-09-16 22:12,CEPEkqwZ_5g,328014,ギフト受け取り,,@reikun6209,UCCG1Wpq4VUUeQJl7Ma0wG_Q,,received a gift membership by @こんにちハマチグレ
2026-09-16 22:12,CEPEkqwZ_5g,328982,ギフト受け取り,,@ちゃかぽこ-l1k,UCMyy7ZWln0zSJITgSS2CDgQ,,received a gift membership by @こんにちハマチグレ
2026-09-16 22:12,CEPEkqwZ_5g,329982,ギフト受け取り,,@しんちゃん-x7d,UCsMfRIcCL8L4uJPNeNaB_ug,,received a gift membership by @こんにちハマチグレ
2026-09-16 22:12,CEPEkqwZ_5g,330985,ギフト受け取り,,@kamine396,UCggKSxsdZsIOnSZL9AeoLOQ,,received a gift membership by @こんにちハマチグレ
2026-09-16 22:12,CEPEkqwZ_5g,331952,ギフト受け取り,,@zanderjuga,UCCx0kunj_yLpH9lNN0xXlkQ,,received a gift membership by @こんにちハマチグレ
2026-09-16 22:12,CEPEkqwZ_5g,332997,ギフト受け取り,,@ayu7a,UCMJ33ayrdues6lr3OmmeM0Q,,received a gift membership by @こんにちハマチグレ
2026-09-16 22:12,CEPEkqwZ_5g,333973,ギフト受け取り,,@ちいまこ-y2s,UCHt4rVE7l6QcRoxJOHtn9dA,,received a gift membership by @こんにちハマチグレ
2026-09-16 22:12,CEPEkqwZ_5g,334665,ギフト受け取り,,@カービィ_kirby1992,UCouagbeZpJjXq3xwZM3-Zvw,,received a gift membership by @こんにちハマチグレ
2026-09-16 22:12,CEPEkqwZ_5g,1118280,新規加入,英友,@sachi_ro,UCD0cIgjHyJrdf6Vdd6R0sjw,New member,Welcome to 英友!
2026-09-16 22:12,CEPEkqwZ_5g,1662856,継続マイルストーン,英友,@ともくん-tomokun0415,UCoTu6bH5C5TJJc-9sRBhmDA,8,Member for 8 months
2026-09-17 21:53,m1bBW1fc1Dw,1529445,再加入/レベル変更,英友,@シルルン-v3r,UCkLN0bkYZM5XRHZJD4X-PZA,Member (2 years),Welcome to 英友!
2026-09-17 21:53,m1bBW1fc1Dw,6899561,新規加入,英友,@きょーか-y4h,UCvoUCb4diRVthWxOGu0lB4g,New member,Welcome to 英友!
2026-09-17 21:53,m1bBW1fc1Dw,8321384,新規加入,英友,@猫氏_2395,UCPa71nQZFsZIszQLWFel3aA,New member,Welcome to 英友!
2026-09-17 21:53,m1bBW1fc1Dw,9297847,新規加入,英友,@ちろちゃん_c,UC0J-BR5k1AkDK82xLERBq9g,New member,Welcome to 英友!
2026-09-17 21:53,m1bBW1fc1Dw,9442243,継続マイルストーン,英友,@HelloKitty3198,UCHwF9vw_70wIjRn9rGAXGiA,13,Member for 13 months
2026-09-19 18:53,8USWKUAvszM,112781,継続マイルストーン,英友,@にゃにゃまるo,UCesTuP7j3nz0w5vj7n64NJQ,8,Member for 8 months
2026-09-19 18:53,8USWKUAvszM,481549,ギフト購入,,@ゆーきゃんv,UCYovPAHFqRvCIwvb_vnvu_A,5,Sent 5 エクス・アルビオ -Ex Albio- gift memberships
2026-09-19 18:53,8USWKUAvszM,482659,ギフト受け取り,,@Naner0503,UC4O96vzL608xLdOO7e25WOg,,received a gift membership by @ゆーきゃんv
2026-09-19 18:53,8USWKUAvszM,483240,ギフト受け取り,,@EVj0120,UC92RIpO1Bs1QkNWl2I275rg,,received a gift membership by @ゆーきゃんv
2026-09-19 18:53,8USWKUAvszM,484344,ギフト受け取り,,@ドーナツ-k6h,UC3jmHr4ep9K7pMmPd25FUvw,,received a gift membership by @ゆーきゃんv
2026-09-19 18:53,8USWKUAvszM,485198,ギフト受け取り,,@Lectika_gassan,UCX_3FjcHn6_EFLjjqscusiA,,received a gift membership by @ゆーきゃんv
2026-09-19 18:53,8USWKUAvszM,486090,ギフト受け取り,,@6肴,UCT8dSylb98doIsgCRtNCwyg,,received a gift membership by @ゆーきゃんv
2026-09-19 18:53,8USWKUAvszM,7518452,新規加入,英友,@wakaba-ibu,UC-EVdKAS1Ujvgoj4KZBKjlA,New member,Welcome to 英友!
2026-09-19 18:53,8USWKUAvszM,8317651,ギフト購入,,@えんがわ孔雀,UCZa0GIDk8HPrhTfcjSxdvgQ,5,Sent 5 エクス・アルビオ -Ex Albio- gift memberships
2026-09-19 18:53,8USWKUAvszM,8318982,ギフト受け取り,,@グリパス-d9y,UCzenjFnIT7cT6vjkMpdepgg,,received a gift membership by @えんがわ孔雀
2026-09-19 18:53,8USWKUAvszM,8319928,ギフト受け取り,,@tn8029,UCoWLRTP4oNNCarD9_aHO8gw,,received a gift membership by @えんがわ孔雀
2026-09-19 18:53,8USWKUAvszM,8320978,ギフト受け取り,,@kotone3317,UCrdeK9kCm_LLqTJ558kbd5w,,received a gift membership by @えんがわ孔雀
2026-09-19 18:53,8USWKUAvszM,8321742,ギフト受け取り,,@まっちゃ_08,UCzXO2ZSGIBLbRMuYL_9Uhfg,,received a gift membership by @えんがわ孔雀
2026-09-19 18:53,8USWKUAvszM,8322559,ギフト受け取り,,@mizinko_tansaibou,UCpf8Hq4bIeBzP-ZUD3wxogw,,received a gift membership by @えんがわ孔雀
2026-09-19 18:53,8USWKUAvszM,8726890,ギフト購入,,@kiko-gy8re,UC7AJSmZqPP3s2E7dmVVyg7Q,5,Sent 5 エクス・アルビオ -Ex Albio- gift memberships
2026-09-19 18:53,8USWKUAvszM,8727950,ギフト受け取り,,@飛鳥-c2y,UC8DIj-ieJDavmZ_OEJIbBcQ,,received a gift membership by @kiko-gy8re
2026-09-19 18:53,8USWKUAvszM,8728510,ギフト受け取り,,@nn-q1v,UCF4k66IeeIIVeoLdH0zZLzw,,received a gift membership by @kiko-gy8re
2026-09-19 18:53,8USWKUAvszM,8729615,ギフト受け取り,,@mami-nn4rj,UCDTnNU9LB7UQgd7Iz2HHoBQ,,received a gift membership by @kiko-gy8re
2026-09-19 18:53,8USWKUAvszM,8730434,ギフト受け取り,,@kurumeme,UCg44eGOxLyP_bAUQtMB-Img,,received a gift membership by @kiko-gy8re
2026-09-19 18:53,8USWKUAvszM,8731445,ギフト受け取り,,@Ram-yr3fp,UC0H3acq2yXbW506_EgzVW_A,,received a gift membership by @kiko-gy8re
2026-09-19 18:53,8USWKUAvszM,9403316,ギフト購入,,@モゅちゃん,UCcGO9h0uxoO9LEMQF3sd4Hg,50,Sent 50 エクス・アルビオ -Ex Albio- gift memberships
2026-09-19 18:53,8USWKUAvszM,9404495,ギフト受け取り,,@にわ-v6f,UC3l8Q2d-8pGwfOKhG8FxAGQ,,received a gift membership by @モゅちゃん
2026-09-19 18:53,8USWKUAvszM,9405226,ギフト受け取り,,@sknbすずしん,UCBxsFd9JEqUZak3ZJalKijg,,received a gift membership by @モゅちゃん
2026-09-19 18:53,8USWKUAvszM,9406119,ギフト受け取り,,@鯖ずし-u6v,UCW7RweU10PZpqi-tbprfvAg,,received a gift membership by @モゅちゃん
2026-09-19 18:53,8USWKUAvszM,9407487,ギフト受け取り,,@やまあき-c3j,UCP6e51KchoCLCPbxq5xrVSg,,received a gift membership by @モゅちゃん
2026-09-19 18:53,8USWKUAvszM,9408203,ギフト受け取り,,@MIMIMIMI-gz3zo,UClZPmDj6Z1WNmOHX8CTnQTQ,,received a gift membership by @モゅちゃん
2026-09-19 18:53,8USWKUAvszM,9409050,ギフト受け取り,,@tsunabouzu,UC4eGs7NrMVoMRuF7hLplpYg,,received a gift membership by @モゅちゃん
2026-09-19 18:53,8USWKUAvszM,9409967,ギフト受け取り,,@ゆーご-j4n,UCuIeLLgyHN1UKYZ2R3T0B3g,,received a gift membership by @モゅちゃん
2026-09-19 18:53,8USWKUAvszM,9410736,ギフト受け取り,,@urue_831,UC0yCocUfbvcuQo16VeN6GyQ,,received a gift membership by @モゅちゃん
2026-09-19 18:53,8USWKUAvszM,9411659,ギフト受け取り,,@kei7204-g6j,UCa9DueN-5Fjxg0l9eE8rvNg,,received a gift membership by @モゅちゃん
2026-09-19 18:53,8USWKUAvszM,9412340,ギフト受け取り,,@顎紳士,UCk1hscR2FblnVl3X-QrSg9A,,received a gift membership by @モゅちゃん
2026-09-19 18:53,8USWKUAvszM,9413079,ギフト受け取り,,@iriya258,UCFuNWXhao5m174Fc8RXBp_A,,received a gift membership by @モゅちゃん
2026-09-19 18:53,8USWKUAvszM,9414036,ギフト受け取り,,@suakaya2185,UCG4sKuoKBTOF99i7Lm5EMfQ,,received a gift membership by @モゅちゃん
2026-09-19 18:53,8USWKUAvszM,9414749,ギフト受け取り,,@NN-mm3hc,UCvJyR_28NmJi4a5mdGUZltQ,,received a gift membership by @モゅちゃん
2026-09-19 18:53,8USWKUAvszM,9415704,ギフト受け取り,,@へろたこ-s2b,UCKzfwwYaaAq83dVh1xGGvuA,,received a gift membership by @モゅちゃん
2026-09-19 18:53,8USWKUAvszM,9416551,ギフト受け取り,,@Zuma_Yupa,UCDQsLHJsRJXdIDadbyoNmOA,,received a gift membership by @モゅちゃん
2026-09-19 18:53,8USWKUAvszM,9417395,ギフト受け取り,,@akiakane21works,UCUd-XRs2LcXB6nEu5WnRM-Q,,received a gift membership by @モゅちゃん
2026-09-19 18:53,8USWKUAvszM,9418461,ギフト受け取り,,@マナピア,UCZZJkbqE_sm4E2XNZmNhQxw,,received a gift membership by @モゅちゃん
2026-09-19 18:53,8USWKUAvszM,9419216,ギフト受け取り,,@user-go2li9pi7o,UCACvkVCovDjkFzrQDPQ55Qw,,received a gift membership by @モゅちゃん
2026-09-19 18:53,8USWKUAvszM,9420075,ギフト受け取り,,@yuuta341,UCobjvaTNA0y-FmEeEWe7QTA,,received a gift membership by @モゅちゃん
2026-09-19 18:53,8USWKUAvszM,9421060,ギフト受け取り,,@麻糬もち,UC3enj0-s_t4jc9n1sh7UOCQ,,received a gift membership by @モゅちゃん
2026-09-19 18:53,8USWKUAvszM,9421624,ギフト受け取り,,@musasabi5281,UCwGqWNAiv9PmaAbYU2HSxOA,,received a gift membership by @モゅちゃん
2026-09-19 18:53,8USWKUAvszM,9422741,ギフト受け取り,,@natsu-72xx-i7u,UCxpl7i5fkPwab9NupSFIZUg,,received a gift membership by @モゅちゃん
2026-09-19 18:53,8USWKUAvszM,9423669,ギフト受け取り,,@rk_mz16,UCRdov5W8AchPoqphCC8HIdQ,,received a gift membership by @モゅちゃん
2026-09-19 18:53,8USWKUAvszM,9424580,ギフト受け取り,,@ll29nnn,UCXWbCaX4JjeHNlOg26Wg0-Q,,received a gift membership by @モゅちゃん
2026-09-19 18:53,8USWKUAvszM,9425313,ギフト受け取り,,@いっしー-f7f,UCvgq0hwQNpZ63aaTbSwkLJg,,received a gift membership by @モゅちゃん
2026-09-19 18:53,8USWKUAvszM,9426382,ギフト受け取り,,@Kalpas9882,UCgjmnEvgZu6XrVCcCKrH3lw,,received a gift membership by @モゅちゃん
2026-09-19 18:53,8USWKUAvszM,9427540,ギフト受け取り,,@ムラキ_むむむ,UCZWDUd6ayi9Yyn5Bsp8j43g,,received a gift membership by @モゅちゃん
2026-09-19 18:53,8USWKUAvszM,9428370,ギフト受け取り,,@ぽんくろ-ponkuroro,UCb4ojXR5FxMotg_sdf5W8YQ,,received a gift membership by @モゅちゃん
2026-09-19 18:53,8USWKUAvszM,9429385,ギフト受け取り,,@にに-k2y,UCknX8Zx6DgmG8BF_PaPDm2Q,,received a gift membership by @モゅちゃん
2026-09-19 18:53,8USWKUAvszM,9430347,ギフト受け取り,,@天然水-h7c7j,UCjNyqmzZzimGEgOA4b_kpQA,,received a gift membership by @モゅちゃん
2026-09-19 18:53,8USWKUAvszM,9431594,ギフト受け取り,,@藍染染織,UCsv8krX8bC2AV0Nsd24iahg,,received a gift membership by @モゅちゃん
2026-09-19 18:53,8USWKUAvszM,9432527,ギフト受け取り,,@MiAnDoDi,UCnDGk6iByK5QbdYLTSzAhjQ,,received a gift membership by @モゅちゃん
2026-09-19 18:53,8USWKUAvszM,9433265,ギフト受け取り,,@reio3085,UCCRtQ24aJDTwSgwKuAeouUw,,received a gift membership by @モゅちゃん
2026-09-19 18:53,8USWKUAvszM,9434276,ギフト受け取り,,@yukiminn_satuki1115,UCQzMr1O_eEJiL0FRUbaCv8w,,received a gift membership by @モゅちゃん
2026-09-19 18:53,8USWKUAvszM,9435647,ギフト受け取り,,@飯時,UCyDYnIjpNOl_f1bHWt_M-5g,,received a gift membership by @モゅちゃん
2026-09-19 18:53,8USWKUAvszM,9436453,ギフト受け取り,,@SuperCub90Custom,UCqBu5EFMvqFKioxVDbWorng,,received a gift membership by @モゅちゃん
2026-09-19 18:53,8USWKUAvszM,9437094,ギフト受け取り,,@saxi9017,UCwJlr8fbMc8jeAAZEkqwfkg,,received a gift membership by @モゅちゃん
2026-09-19 18:53,8USWKUAvszM,9438159,ギフト受け取り,,@aiwosuruS2,UCAddpsi3cbefLUwasHpK4-g,,received a gift membership by @モゅちゃん
2026-09-19 18:53,8USWKUAvszM,9439090,ギフト受け取り,,@カエハル,UCExW1z1dzGg71_XarpGdZZQ,,received a gift membership by @モゅちゃん
2026-09-19 18:53,8USWKUAvszM,9439868,ギフト受け取り,,@ojj1330,UCIZBPceH7fKMjHRJFcoUrNA,,received a gift membership by @モゅちゃん
2026-09-19 18:53,8USWKUAvszM,9440862,ギフト受け取り,,@ゆづき-1128,UCGE5GOcDp1ZYNjGQlK5daWg,,received a gift membership by @モゅちゃん
2026-09-19 18:53,8USWKUAvszM,9441679,ギフト受け取り,,@まおぽんぬ,UCVMaqV3l4yNb_JIVgtRuxKQ,,received a gift membership by @モゅちゃん
2026-09-19 18:53,8USWKUAvszM,9442353,ギフト受け取り,,@Sh1nnosukeee,UCQoIvApaGMOUpWVUnRyRDxg,,received a gift membership by @モゅちゃん
2026-09-19 18:53,8USWKUAvszM,9443561,ギフト受け取り,,@ユー-33,UC_FhZZgH6ekMRV2-3Q3w9TA,,received a gift membership by @モゅちゃん
2026-09-19 18:53,8USWKUAvszM,9444150,ギフト受け取り,,@かずらとか粗茶,UCWcxidwa9_McbhPuJHoweNQ,,received a gift membership by @モゅちゃん
2026-09-19 18:53,8USWKUAvszM,9444904,ギフト受け取り,,@4時のラテ男,UCKyhbBMzXB3GT88H4RyaDtA,,received a gift membership by @モゅちゃん
2026-09-19 18:53,8USWKUAvszM,9445719,ギフト受け取り,,@ちーちゃん-m8v,UCBgSqV3QKVK8s2UdpCQw4tw,,received a gift membership by @モゅちゃん
2026-09-19 18:53,8USWKUAvszM,9446367,ギフト受け取り,,@owo325Zzz,UCiLpAg0EP0DDV_1NChhO85g,,received a gift membership by @モゅちゃん
2026-09-19 18:53,8USWKUAvszM,9447464,ギフト受け取り,,@くえくえorくえまる,UCvIeZsg90_yDjGQqamANMOg,,received a gift membership by @モゅちゃん
2026-09-19 18:53,8USWKUAvszM,9448306,ギフト受け取り,,@ayappe1007,UCleuSb1R5weI4jUOCKvbwCQ,,received a gift membership by @モゅちゃん
2026-09-19 18:53,8USWKUAvszM,10681349,継続マイルストーン,英友,@電柱よりは物思いにふける,UCuh847JFFoxMOktnA-o-WPw,19,Member for 19 months
2026-09-19 18:53,8USWKUAvszM,14445531,新規加入,英友,@えんじゅ-c6u,UCvtkkHKwFAniOEgFEUtsfbQ,New member,Welcome to 英友!
2026-09-20 19:02,YFqd9_fvUq8,1101022,新規加入,英友,@アルビレオ-1nud09,UCaHQa03PooW-lsVxgx9GPnA,New member,Welcome to 英友!
2026-09-20 19:02,YFqd9_fvUq8,2092197,新規加入,英友,@あいりる-t9q,UCTbMAJU-b4FNGT5dY9zEdaA,New member,Welcome to 英友!
2026-09-20 19:02,YFqd9_fvUq8,9659222,再加入/レベル変更,英友,@exe3610,UCV1fRzEJWKsZLEp6WlVd4Cw,Member (2 years),Welcome to 英友!
2026-09-20 19:02,YFqd9_fvUq8,13186806,継続マイルストーン,英友,@ろばチャン,UC1FNINYC9Rg2USOM8MHcerg,4,Member for 4 months
2026-09-20 19:02,YFqd9_fvUq8,13211555,ギフト購入,,@roxieree,UCwthTOYbn-600OpFG5NFScA,20,Sent 20 エクス・アルビオ -Ex Albio- gift memberships
2026-09-20 19:02,YFqd9_fvUq8,13212984,ギフト受け取り,,@shaf_2-10,UCKJy0A06dt1cJlcjdoQGfYQ,,received a gift membership by @roxieree
2026-09-20 19:02,YFqd9_fvUq8,13213774,ギフト受け取り,,@achu_x9x,UCWCpBsHgVpJg5C6eb1_65fA,,received a gift membership by @roxieree
2026-09-20 19:02,YFqd9_fvUq8,13215078,ギフト受け取り,,@せいな-w5v,UCpugiAmGZrrPct5VlNuRaWQ,,received a gift membership by @roxieree
2026-09-20 19:02,YFqd9_fvUq8,13215944,ギフト受け取り,,@8614.m-b2u,UCWWlrchtnq65PhtzWTWEwKg,,received a gift membership by @roxieree
2026-09-20 19:02,YFqd9_fvUq8,13217047,ギフト受け取り,,@ala787,UCbCFVSHIE9fd_tjeigDfhfw,,received a gift membership by @roxieree
2026-09-20 19:02,YFqd9_fvUq8,13218122,ギフト受け取り,,@グミ愛好家-n1x,UC5kGTVBdt6w4J1uChNZYzIA,,received a gift membership by @roxieree
2026-09-20 19:02,YFqd9_fvUq8,13218962,ギフト受け取り,,@wte6224,UCPuSbnMx9nY2Hz004e-GEAg,,received a gift membership by @roxieree
2026-09-20 19:02,YFqd9_fvUq8,13220100,ギフト受け取り,,@hansm9959,UCV8UipaWOKzOnn9hvNSIkYw,,received a gift membership by @roxieree
2026-09-20 19:02,YFqd9_fvUq8,13220862,ギフト購入,,@mari7036,UCm5Vp0Yxiw0kRzZtQWsheYQ,10,Sent 10 エクス・アルビオ -Ex Albio- gift memberships
2026-09-20 19:02,YFqd9_fvUq8,13221045,ギフト受け取り,,@youmatakasato1348,UC0D-QJ6pS6NQimKdbTzK7Rw,,received a gift membership by @roxieree
2026-09-20 19:02,YFqd9_fvUq8,13222105,ギフト受け取り,,@とろすけ-e3g,UCRjC0XRNwWvEvahkNgCqByw,,received a gift membership by @roxieree
2026-09-20 19:02,YFqd9_fvUq8,13223110,ギフト受け取り,,@maisaki-ren,UCtL9A_bu0vRtqAh3k2M6FCg,,received a gift membership by @roxieree
2026-09-20 19:02,YFqd9_fvUq8,13224052,ギフト受け取り,,@evangeline-e4e,UCimVh5ATCbnVU7-vSrZ_NQA,,received a gift membership by @roxieree
2026-09-20 19:02,YFqd9_fvUq8,13224892,ギフト受け取り,,@김민석-l7k3i,UChMQELZ_Q50dvQZhh83ltAg,,received a gift membership by @roxieree
2026-09-20 19:02,YFqd9_fvUq8,13225867,ギフト受け取り,,@モカモカ-k4d,UC1zmpXNYJxlYv9ETH3JVNQA,,received a gift membership by @roxieree
2026-09-20 19:02,YFqd9_fvUq8,13226775,ギフト受け取り,,@hayohiyo3923,UCiO_XpAOR3Ebct8Ju0dr1vQ,,received a gift membership by @roxieree
2026-09-20 19:02,YFqd9_fvUq8,13227691,ギフト受け取り,,@魚-QwQ,UCLyvyDY8rqvOmkvv8Ijp-GQ,,received a gift membership by @roxieree
2026-09-20 19:02,YFqd9_fvUq8,13228561,ギフト受け取り,,@xxlg5909,UCI7P-YkwDNV4nwp6EznpSGQ,,received a gift membership by @roxieree
2026-09-20 19:02,YFqd9_fvUq8,13229500,ギフト受け取り,,@haru_はる_3,UCdlRwyR2kLB0s5vM-EdpvxQ,,received a gift membership by @roxieree
2026-09-20 19:02,YFqd9_fvUq8,13230312,ギフト受け取り,,@haaanpeeen,UClVGoyZ-slYGB9R8GLppdWw,,received a gift membership by @roxieree
2026-09-20 19:02,YFqd9_fvUq8,13231621,ギフト受け取り,,@アサイン-o6x,UCVRIkJTmx2UOA0d7llVoCyw,,received a gift membership by @roxieree
2026-09-20 19:02,YFqd9_fvUq8,13233562,ギフト受け取り,,@ルリン-f6g,UCkJJaq9JDd5JeRl2Ufd1bHg,,received a gift membership by @mari7036
2026-09-20 19:02,YFqd9_fvUq8,13234073,継続マイルストーン,英友,@ひまわりS18srr,UCdMjsEy6Hbuovo1_28_eFwg,8,Member for 8 months
2026-09-20 19:02,YFqd9_fvUq8,13234758,ギフト受け取り,,@ぽぽぽぽーん-l3x,UCPYljFLRMawStCPYF91pGWw,,received a gift membership by @mari7036
2026-09-20 19:02,YFqd9_fvUq8,13235649,ギフト受け取り,,@ゆぴ-y4i,UCNa-iQxObodkW5jaOu2ybUg,,received a gift membership by @mari7036
2026-09-20 19:02,YFqd9_fvUq8,13236779,ギフト受け取り,,@yato-e1b,UC85kSYnWM4UH4nQaOFSrCpg,,received a gift membership by @mari7036
2026-09-20 19:02,YFqd9_fvUq8,13237668,ギフト受け取り,,@rialmaximuz,UCF8CRZsfZl5NC4udT3uYAjg,,received a gift membership by @mari7036
2026-09-20 19:02,YFqd9_fvUq8,13238748,ギフト受け取り,,@串に刺されたアスパラガス,UCGjO-xzaq7V5DONh-5PGqSg,,received a gift membership by @mari7036
2026-09-20 19:02,YFqd9_fvUq8,13239636,ギフト受け取り,,@みのもん-z9e,UC9GZlAoKY3SpG_Nb85eNwUQ,,received a gift membership by @mari7036
2026-09-20 19:02,YFqd9_fvUq8,13240265,ギフト受け取り,,@えなり-h6m,UCLHtyblTVPVrZoegWKeu5dw,,received a gift membership by @mari7036
2026-09-20 19:02,YFqd9_fvUq8,13241373,ギフト受け取り,,@sunsun32-32-3,UCI1PEbbSB72esOWq5ZO7leA,,received a gift membership by @mari7036
2026-09-20 19:02,YFqd9_fvUq8,13242333,ギフト受け取り,,@chakima9871,UCU0LvUv-uLZC_-NwZK4jaHQ,,received a gift membership by @mari7036
2026-09-20 19:02,YFqd9_fvUq8,13357093,ギフト購入,,@とちりちと,UCpdq0h50jRvrOJkEvVW881w,10,Sent 10 エクス・アルビオ -Ex Albio- gift memberships
2026-09-20 19:02,YFqd9_fvUq8,13358400,ギフト受け取り,,@あー-1535,UCTfOpXAYV6cTu0WIi7gXzXw,,received a gift membership by @とちりちと
2026-09-20 19:02,YFqd9_fvUq8,13359396,ギフト受け取り,,@魔人プー太郎0215,UCOv2FlbFE1WklM1KHyXC1Jg,,received a gift membership by @とちりちと
2026-09-20 19:02,YFqd9_fvUq8,13360396,ギフト受け取り,,@Mo_yo_,UC7m5-6e_oPUuMxGK3on4MHA,,received a gift membership by @とちりちと
2026-09-20 19:02,YFqd9_fvUq8,13361291,ギフト受け取り,,@PiPoSuPetChi,UC5dxeVT0kmbpKgRHN6MowHA,,received a gift membership by @とちりちと
2026-09-20 19:02,YFqd9_fvUq8,13362458,ギフト受け取り,,@legoyoshi08,UCgCNHXWvwnUg4xzX1pgM83A,,received a gift membership by @とちりちと
2026-09-20 19:02,YFqd9_fvUq8,13363393,ギフト受け取り,,@ヒバナ-h5f,UCYykVb3D5BFt5qoX6Dx4fSg,,received a gift membership by @とちりちと
2026-09-20 19:02,YFqd9_fvUq8,13364336,ギフト受け取り,,@マカマカ0813,UCIAnoBsEyxIq9JjJ1laexyA,,received a gift membership by @とちりちと
2026-09-20 19:02,YFqd9_fvUq8,13364494,ギフト受け取り,,@uuuk___a,UChP_Dx19D5J2q-3_GNp17gw,,received a gift membership by @とちりちと
2026-09-20 19:02,YFqd9_fvUq8,13365414,ギフト受け取り,,@naruna226,UCwSeKRuHdowNuzZisiVqHvw,,received a gift membership by @とちりちと
2026-09-20 19:02,YFqd9_fvUq8,13366770,ギフト受け取り,,@ゆた-w9e,UCld68_CxUGgBMR1tt5hFWgg,,received a gift membership by @とちりちと
2026-09-20 22:54,doMgp0LliLg,3513089,継続マイルストーン,英友,@梅茶漬け_ume_cha_2ke,UC1U2xK66DpkAl8OJs_tTJZQ,25,Member for 25 months
2026-09-20 22:54,doMgp0LliLg,9010871,継続マイルストーン,英友,@ねぎちの角煮,UCEIXOmfu5aPibDXSrFebu_Q,8,Member for 8 months
2026-09-21 19:24,6tgoDsXeIHk,66263,ギフト購入,,@ハニーさん_0604,UCx2yy1fHLhhKvWuueaQQzQw,5,Sent 5 エクス・アルビオ -Ex Albio- gift memberships
2026-09-21 19:24,6tgoDsXeIHk,67288,ギフト受け取り,,@ゆっしー-k1v,UCriHqKCPbO52OtLO8R3m-dg,,received a gift membership by @ハニーさん_0604
2026-09-21 19:24,6tgoDsXeIHk,68002,ギフト受け取り,,@トロかみ,UCICHLKW2fqijMfuByliBSUw,,received a gift membership by @ハニーさん_0604
2026-09-21 19:24,6tgoDsXeIHk,68555,ギフト受け取り,,@武田樹-k5o,UC32BG04SwxmRKxj56pRw43g,,received a gift membership by @ハニーさん_0604
2026-09-21 19:24,6tgoDsXeIHk,69305,ギフト受け取り,,@uhihihi,UCFu3C6ZQ08ow4GQOMBKyeHA,,received a gift membership by @ハニーさん_0604
2026-09-21 19:24,6tgoDsXeIHk,69994,ギフト受け取り,,@user-ov6yz5mp2p,UCBfj_Vdolki3jAqz3BS0AAQ,,received a gift membership by @ハニーさん_0604
2026-09-21 19:24,6tgoDsXeIHk,102782,ギフト購入,,@ぷぴなちょぽす,UCw6Mgw4usEsMMFq2LnJpVBQ,10,Sent 10 エクス・アルビオ -Ex Albio- gift memberships
2026-09-21 19:24,6tgoDsXeIHk,104227,ギフト受け取り,,@けーたろ-f1q,UCPogwWO3GQ8BunIvuSNu0mg,,received a gift membership by @ぷぴなちょぽす
2026-09-21 19:24,6tgoDsXeIHk,105078,ギフト受け取り,,@eden8400,UCxYzBzycJmRGPWBmc8e3gjA,,received a gift membership by @ぷぴなちょぽす
2026-09-21 19:24,6tgoDsXeIHk,106054,ギフト受け取り,,@purplerose0105,UCqBPdj-VRIjCUkYrJUjORsw,,received a gift membership by @ぷぴなちょぽす
2026-09-21 19:24,6tgoDsXeIHk,107107,ギフト受け取り,,@小酷-c1s,UC7eWOTo3FftWObtJcGFvB5Q,,received a gift membership by @ぷぴなちょぽす
2026-09-21 19:24,6tgoDsXeIHk,108202,ギフト受け取り,,@あやね-u9p,UCdGjk04nwELYgJqIJI9-_0Q,,received a gift membership by @ぷぴなちょぽす
2026-09-21 19:24,6tgoDsXeIHk,108880,ギフト受け取り,,@level-kl5qu,UCwxSAhFNNqnH87cvWp4qpvQ,,received a gift membership by @ぷぴなちょぽす
2026-09-21 19:24,6tgoDsXeIHk,109706,ギフト受け取り,,@シュカ-k5m,UCKaKe9Mbb7bV8yW-Q29R1OA,,received a gift membership by @ぷぴなちょぽす
2026-09-21 19:24,6tgoDsXeIHk,110771,ギフト受け取り,,@ぽんちゃこ1025,UCIKW49zF-27YuHkGtrbz8dw,,received a gift membership by @ぷぴなちょぽす
2026-09-21 19:24,6tgoDsXeIHk,111652,ギフト受け取り,,@human_41-j2b,UC8Firu0YMiv8R0gnAIXSOnQ,,received a gift membership by @ぷぴなちょぽす
2026-09-21 19:24,6tgoDsXeIHk,112909,ギフト受け取り,,@位置-b7j,UCQPCefOTAlIuy8tdgKXH4rw,,received a gift membership by @ぷぴなちょぽす
2026-09-21 19:24,6tgoDsXeIHk,5285637,ギフト購入,,@Chiharu_Musica,UCQuJUv913SSTMvXKc3VvY1w,5,Sent 5 エクス・アルビオ -Ex Albio- gift memberships
2026-09-21 19:24,6tgoDsXeIHk,5286723,ギフト受け取り,,@yyfluit_k7,UCFFrKdx2lo34TL--msgMAtw,,received a gift membership by @Chiharu_Musica
2026-09-21 19:24,6tgoDsXeIHk,5287763,ギフト受け取り,,@ゆう-y1r3c,UCBiI9FKWeckBbEFUbH9r3bQ,,received a gift membership by @Chiharu_Musica
2026-09-21 19:24,6tgoDsXeIHk,5288740,ギフト受け取り,,@nico_0w0b,UCCICaaExCwkW8_YhWvqkszA,,received a gift membership by @Chiharu_Musica
2026-09-21 19:24,6tgoDsXeIHk,5289462,ギフト受け取り,,@slo_1130,UCix4xM2LV_xhe-dHvOl8GfQ,,received a gift membership by @Chiharu_Musica
2026-09-21 19:24,6tgoDsXeIHk,5290365,ギフト受け取り,,@koz_012,UChm-O0xzNBupqmhBFKwyu6w,,received a gift membership by @Chiharu_Musica
2026-09-21 19:24,6tgoDsXeIHk,5388059,ギフト購入,,@なな_710,UCciMR5KLP-V5hey5IZeMt2g,10,Sent 10 エクス・アルビオ -Ex Albio- gift memberships
2026-09-21 19:24,6tgoDsXeIHk,5388987,ギフト受け取り,,@pcindy7321,UC68mnBZ3B9WgExGhd6zqU5g,,received a gift membership by @なな_710
2026-09-21 19:24,6tgoDsXeIHk,5389763,ギフト受け取り,,@petite_amies2,UCbesbwO-tHPDdf6c5j1Z1Tw,,received a gift membership by @なな_710
2026-09-21 19:24,6tgoDsXeIHk,5390742,ギフト受け取り,,@a.K.i.n.o.b.u,UCL2RAOwokphkLUm_caiiG9w,,received a gift membership by @なな_710
2026-09-21 19:24,6tgoDsXeIHk,5391583,ギフト受け取り,,@summerdaenin,UCiKw6NFAyjN3SXT87zPIB3Q,,received a gift membership by @なな_710
2026-09-21 19:24,6tgoDsXeIHk,5392625,ギフト受け取り,,@xz4290,UCCpoa27gjohbUoMJGM3y22A,,received a gift membership by @なな_710
2026-09-21 19:24,6tgoDsXeIHk,5393541,ギフト受け取り,,@いかろす-c1g,UCZ5Ed7TN2m0yH9hc0VZ54rQ,,received a gift membership by @なな_710
2026-09-21 19:24,6tgoDsXeIHk,5394518,ギフト受け取り,,@hako6187,UCWljoxpDpBdouGxnlec-TrQ,,received a gift membership by @なな_710
2026-09-21 19:24,6tgoDsXeIHk,5395253,ギフト受け取り,,@sae_nini,UCeP0U5Fp7CyXrso4R-9E80w,,received a gift membership by @なな_710
2026-09-21 19:24,6tgoDsXeIHk,5395957,ギフト受け取り,,@omame_mm,UCDdHV9Ar__G4LTnadzkLCzg,,received a gift membership by @なな_710
2026-09-21 19:24,6tgoDsXeIHk,5396860,ギフト受け取り,,@curry-xx,UCtYtiOZKCuPjodE7a6aD3AA,,received a gift membership by @なな_710
2026-09-21 19:24,6tgoDsXeIHk,6496750,ギフト購入,,@とっとこチャハ太郎,UCY4cbBm06C65P1mgkONOjow,20,Sent 20 エクス・アルビオ -Ex Albio- gift memberships
2026-09-21 19:24,6tgoDsXeIHk,6498115,ギフト受け取り,,@TENDON1123,UCSDF2Qb2BEH2SGeAb5zmIWA,,received a gift membership by @とっとこチャハ太郎
2026-09-21 19:24,6tgoDsXeIHk,6499485,ギフト受け取り,,@sakuya_918,UCDz04vYPwfq8G2gJkSlV5WQ,,received a gift membership by @とっとこチャハ太郎
2026-09-21 19:24,6tgoDsXeIHk,6500000,ギフト受け取り,,@さなべぷ,UCOmFYlDQpHxaY-IFb-BuXUw,,received a gift membership by @とっとこチャハ太郎
2026-09-21 19:24,6tgoDsXeIHk,6501244,ギフト受け取り,,@kiyawara9001,UCnvpCuxcuFL5zmDMlSepiYg,,received a gift membership by @とっとこチャハ太郎
2026-09-21 19:24,6tgoDsXeIHk,6502331,ギフト受け取り,,@komekome777,UCZxDu2axlkeJs1tLWHoNYpA,,received a gift membership by @とっとこチャハ太郎
2026-09-21 19:24,6tgoDsXeIHk,6503425,ギフト受け取り,,@coin1212,UC0qx3sassPcDXl3pOgIPeRQ,,received a gift membership by @とっとこチャハ太郎
2026-09-21 19:24,6tgoDsXeIHk,6504229,ギフト受け取り,,@まっちゃ-u5z,UClNF6W_DKwl_fFXqwfiNjeg,,received a gift membership by @とっとこチャハ太郎
2026-09-21 19:24,6tgoDsXeIHk,6505380,ギフト受け取り,,@sprroydx6336,UCigPaccAQvj5XC9ufWHsY5A,,received a gift membership by @とっとこチャハ太郎
2026-09-21 19:24,6tgoDsXeIHk,6506359,ギフト受け取り,,@pichio8156,UCFRZ_ZWdEItNqr6GTqbo3Gg,,received a gift membership by @とっとこチャハ太郎
2026-09-21 19:24,6tgoDsXeIHk,6507529,ギフト受け取り,,@Lee-zz3vz,UC8UXXNyrteFXVOhSKzbV0Kw,,received a gift membership by @とっとこチャハ太郎
2026-09-21 19:24,6tgoDsXeIHk,6508331,ギフト受け取り,,@たまぴよ-28,UCFx8T1RHl23JHSYPajtS5-w,,received a gift membership by @とっとこチャハ太郎
2026-09-21 19:24,6tgoDsXeIHk,6509470,ギフト受け取り,,@rei-れい010,UCGO0n_ldIvM3lvqJJlPNNJw,,received a gift membership by @とっとこチャハ太郎
2026-09-21 19:24,6tgoDsXeIHk,6510515,ギフト受け取り,,@yumeharuri,UCPbppJcOs3UZjMJP7kmLesQ,,received a gift membership by @とっとこチャハ太郎
2026-09-21 19:24,6tgoDsXeIHk,6511468,ギフト受け取り,,@Chaewo-784,UC48QOEFsNWK6j2S-mZQYoYQ,,received a gift membership by @とっとこチャハ太郎
2026-09-21 19:24,6tgoDsXeIHk,6512546,ギフト受け取り,,@kaede1430,UCpBZH7bkyjJEXPWleZNcnMA,,received a gift membership by @とっとこチャハ太郎
2026-09-21 19:24,6tgoDsXeIHk,6513593,ギフト受け取り,,@tayu1821,UCeBtHUrCoUaQxXdaIXF9zWw,,received a gift membership by @とっとこチャハ太郎
2026-09-21 19:24,6tgoDsXeIHk,6514813,ギフト受け取り,,@あもーれ米粉パン,UCmr0ij1DqGRyZ72zKSny2bw,,received a gift membership by @とっとこチャハ太郎
2026-09-21 19:24,6tgoDsXeIHk,6515985,ギフト受け取り,,@アミノ-m6r,UCX9R7he_nyL9wEyFlScaIyw,,received a gift membership by @とっとこチャハ太郎
2026-09-21 19:24,6tgoDsXeIHk,6516910,ギフト受け取り,,@kakugari-52,UCBKd70i4Fp20qGSb-ZrhX7w,,received a gift membership by @とっとこチャハ太郎
2026-09-21 19:24,6tgoDsXeIHk,6518195,ギフト受け取り,,@あきのり-w4j,UC1XRkf6iS1Y5gcJbx8r1S4w,,received a gift membership by @とっとこチャハ太郎
2026-09-21 19:24,6tgoDsXeIHk,24051235,継続マイルストーン,英友,@氷神ひかみ,UCf2TkGDquTS82axeK1oDW_A,6,Member for 6 months
2026-09-22 18:09,POSWzYoea4w,3510978,再加入/レベル変更,英友,@さゆちゃん-poe,UCqCeAEDFzA3cTsRuHtc1BDQ,Member (1 year),Welcome to 英友!
2026-09-22 18:09,POSWzYoea4w,5881489,ギフト購入,,@えんがわ孔雀,UCZa0GIDk8HPrhTfcjSxdvgQ,5,Sent 5 エクス・アルビオ -Ex Albio- gift memberships
2026-09-22 18:09,POSWzYoea4w,5882926,ギフト受け取り,,@なるなる-p3s,UC-iQh7rfjVQqkA_XNAYU_Lg,,received a gift membership by @えんがわ孔雀
2026-09-22 18:09,POSWzYoea4w,5883774,ギフト受け取り,,@ks-bd1cr,UC7RUYdiDgkP7JLK9v1OIobA,,received a gift membership by @えんがわ孔雀
2026-09-22 18:09,POSWzYoea4w,5884567,ギフト受け取り,,@ぽへ-i5t,UCLmqo41LAEARFgnbY_ThiOg,,received a gift membership by @えんがわ孔雀
2026-09-22 18:09,POSWzYoea4w,5885243,ギフト受け取り,,@r_vb,UCP8MqJaJSdpPqXfNR1ask9Q,,received a gift membership by @えんがわ孔雀
2026-09-22 18:09,POSWzYoea4w,5886236,ギフト受け取り,,@あゆさ-t3z,UCEDFZ9TI69DXySKAiZtV5Ig,,received a gift membership by @えんがわ孔雀
2026-09-22 18:09,POSWzYoea4w,18784323,新規加入,英友,@めぐ-z4l,UC2uHJ0U1h7GPW9ZFsriBCUQ,New member,Welcome to 英友!
2026-09-22 18:09,POSWzYoea4w,19803615,再加入/レベル変更,英友,@erikaya1004,UCyaBsnToRs9_A-xj751WAZQ,Member (1 year),Welcome to 英友!
2026-09-23 19:10,3EXZVdv36ss,6903072,新規加入,英友,@xvceli,UCHj59fT3xQaaw0AB4o2504A,New member,Welcome to 英友!
2026-09-23 19:10,3EXZVdv36ss,7798258,再加入/レベル変更,英友,@お月様zz,UCvPfS5mOY6qqDwwORaLSM5A,Member (2 years),Welcome to 英友!
2026-09-23 19:10,3EXZVdv36ss,13969255,継続マイルストーン,英友,@ズカルナインII号,UC7Xoy_SLoBYXCqJSCoZ7uTw,19,Member for 19 months
2026-09-24 18:32,KNpqp479kMQ,1302692,ギフト購入,,@モゅちゃん,UCcGO9h0uxoO9LEMQF3sd4Hg,10,Sent 10 エクス・アルビオ -Ex Albio- gift memberships
2026-09-24 18:32,KNpqp479kMQ,1304304,ギフト受け取り,,@Ama-mt4xk,UCTiZJEB2N5fa_e8m5UQI5jg,,received a gift membership by @モゅちゃん
2026-09-24 18:32,KNpqp479kMQ,1304991,ギフト受け取り,,@ちゃわ-p7z,UCK7rYVmT3Z1C0WY6x8kIiOA,,received a gift membership by @モゅちゃん
2026-09-24 18:32,KNpqp479kMQ,1305941,ギフト受け取り,,@もなか-d7x,UC6oHyKRote7_Araf6ivQg1g,,received a gift membership by @モゅちゃん
2026-09-24 18:32,KNpqp479kMQ,1306667,ギフト受け取り,,@しゃけまみれ,UCQjGYXCiBDeh7zpHQGITb_w,,received a gift membership by @モゅちゃん
2026-09-24 18:32,KNpqp479kMQ,1307725,ギフト受け取り,,@夏樹-d2u,UCPopGs8lwElJBmi3ME847kQ,,received a gift membership by @モゅちゃん
2026-09-24 18:32,KNpqp479kMQ,1308613,ギフト受け取り,,@salt7760,UCibjrx7kl8r-ySu_snwM0_w,,received a gift membership by @モゅちゃん
2026-09-24 18:32,KNpqp479kMQ,1309348,ギフト受け取り,,@s_rlv_act5381,UCVRxfWzIeUlRkaybI7qW14A,,received a gift membership by @モゅちゃん
2026-09-24 18:32,KNpqp479kMQ,1310554,ギフト受け取り,,@まなこ-q8v,UCYPU1TBKPWCcR289YZyFH7A,,received a gift membership by @モゅちゃん
2026-09-24 18:32,KNpqp479kMQ,1311704,ギフト受け取り,,@lllllllllllllllllllllllir,UCiUjGSmYzAlX5hu1iLXeg8Q,,received a gift membership by @モゅちゃん
2026-09-24 18:32,KNpqp479kMQ,1312625,ギフト受け取り,,@クロロスキー,UC3OATw0d4f4xRm93SfxCsXA,,received a gift membership by @モゅちゃん
2026-09-24 18:32,KNpqp479kMQ,1400646,ギフト購入,,@聖剣マッチ棒,UCyPgkIkgaLfEdTXUxKXq1dg,10,Sent 10 エクス・アルビオ -Ex Albio- gift memberships
2026-09-24 18:32,KNpqp479kMQ,1401700,ギフト受け取り,,@mochimochi-z1r,UCL1y6eAmtLD03WNiiinuS9w,,received a gift membership by @聖剣マッチ棒
2026-09-24 18:32,KNpqp479kMQ,1402583,ギフト受け取り,,@JK-gv9hh,UCTrx6KdmfRoItVTRTXsgJUQ,,received a gift membership by @聖剣マッチ棒
2026-09-24 18:32,KNpqp479kMQ,1403384,ギフト受け取り,,@こうき-s3b,UC9FfDNrHaO1jEEgfqovWJdQ,,received a gift membership by @聖剣マッチ棒
2026-09-24 18:32,KNpqp479kMQ,1404403,ギフト受け取り,,@みふゆ-o2r,UCRVUZioavl0ghE2nt5-mjnw,,received a gift membership by @聖剣マッチ棒
2026-09-24 18:32,KNpqp479kMQ,1405180,ギフト受け取り,,@nanndemoii150,UC55x3QmhGdj-EWwanz-AqFQ,,received a gift membership by @聖剣マッチ棒
2026-09-24 18:32,KNpqp479kMQ,1406011,ギフト受け取り,,@di905,UC1snYHaEErM3wCYw50p3N1g,,received a gift membership by @聖剣マッチ棒
2026-09-24 18:32,KNpqp479kMQ,1407106,ギフト受け取り,,@cici_7609,UCzEL6E6cTmH3r7p8YHbUnDg,,received a gift membership by @聖剣マッチ棒
2026-09-24 18:32,KNpqp479kMQ,1408108,ギフト受け取り,,@amadoex,UCsb-AAd_ZH6dqHIFRVCTLvg,,received a gift membership by @聖剣マッチ棒
2026-09-24 18:32,KNpqp479kMQ,1409279,ギフト受け取り,,@ユッキー-w4c,UCrfDSwtetjOkGIMMKlE2tgQ,,received a gift membership by @聖剣マッチ棒
2026-09-24 18:32,KNpqp479kMQ,1410206,ギフト受け取り,,@daifuku1489,UCwu39J7lRYU8gMlnkgiYGIA,,received a gift membership by @聖剣マッチ棒
2026-09-25 18:11,Ph4NachF5nY,11864279,ギフト購入,,@ぷぴなちょぽす,UCw6Mgw4usEsMMFq2LnJpVBQ,10,Sent 10 エクス・アルビオ -Ex Albio- gift memberships
2026-09-25 18:11,Ph4NachF5nY,11865863,ギフト受け取り,,@mnnもんぬサマー1129,UCPBu4XQ8hlQfGU8Wc5ljbEA,,received a gift membership by @ぷぴなちょぽす
2026-09-25 18:11,Ph4NachF5nY,11866752,ギフト受け取り,,@kirito7292,UCyEew9m7ObYV20HGukBw53Q,,received a gift membership by @ぷぴなちょぽす
2026-09-25 18:11,Ph4NachF5nY,11867786,ギフト受け取り,,@すずらん-r6o,UCCzwlDNybURBSjGYxDeGEyw,,received a gift membership by @ぷぴなちょぽす
2026-09-25 18:11,Ph4NachF5nY,11868549,ギフト受け取り,,@Kozakura-g7t,UCvieHwM7mbTdSMKGgFpPLmQ,,received a gift membership by @ぷぴなちょぽす
2026-09-25 18:11,Ph4NachF5nY,11869569,ギフト受け取り,,@crycry0wo,UCQidtRBrxhf3hq8pvSXEemg,,received a gift membership by @ぷぴなちょぽす
2026-09-25 18:11,Ph4NachF5nY,11870755,ギフト受け取り,,@mononono645,UCz3t0tqAdyUwsxNJDYbwcKw,,received a gift membership by @ぷぴなちょぽす
2026-09-25 18:11,Ph4NachF5nY,11871601,ギフト受け取り,,@ito_otoge,UCxLzFStsbXxxuSod4Xd-_dQ,,received a gift membership by @ぷぴなちょぽす
2026-09-25 18:11,Ph4NachF5nY,11872738,ギフト受け取り,,@nanashi-777-o6c,UCjYJvdxZn7z4AXjieovPBvw,,received a gift membership by @ぷぴなちょぽす
2026-09-25 18:11,Ph4NachF5nY,11873658,ギフト受け取り,,@ねるねるねるね8,UCaYk4G9lWuC7Hj3H_x8WiTw,,received a gift membership by @ぷぴなちょぽす
2026-09-25 18:11,Ph4NachF5nY,11874528,ギフト受け取り,,@_320mg7,UCD9mj4TOcOOAcAv9wV1rnAQ,,received a gift membership by @ぷぴなちょぽす
2026-09-26 18:24,is7dAl62n-w,0,新規加入,英友,@ゆつき_yut5uk1,UC5fO_9UX-qxi2Rl8EX-Q9fg,Member (1 month),Welcome to 英友!
2026-09-26 18:24,is7dAl62n-w,346166,ギフト購入,,@佑_yuu,UCimogGrzVSEouQkQPcXA9EA,5,Sent 5 エクス・アルビオ -Ex Albio- gift memberships
2026-09-26 18:24,is7dAl62n-w,357888,ギフト受け取り,,@とけ2,UCQLtmHisdkPZ6SgGgvDXsrA,,received a gift membership by @佑_yuu
2026-09-26 18:24,is7dAl62n-w,359055,ギフト受け取り,,@龍さえ屠る俺のクレーバー,UC69DrW-mgNPpOPqhHfE10jw,,received a gift membership by @佑_yuu
2026-09-26 18:24,is7dAl62n-w,360171,ギフト受け取り,,@首輪付き毛玉,UCUxrg7HgNpgnafO1QnZnDvw,,received a gift membership by @佑_yuu
2026-09-26 18:24,is7dAl62n-w,360810,ギフト受け取り,,@Flyingぺんぎん,UC_tjY-M4yCapLzri-ly8J7w,,received a gift membership by @佑_yuu
2026-09-26 18:24,is7dAl62n-w,361668,ギフト受け取り,,@corn____pop,UCvyGCkZqgqooda36RiuPLOw,,received a gift membership by @佑_yuu
2026-09-26 18:24,is7dAl62n-w,1493757,ギフト購入,,@kiko-gy8re,UC7AJSmZqPP3s2E7dmVVyg7Q,5,Sent 5 エクス・アルビオ -Ex Albio- gift memberships
2026-09-26 18:24,is7dAl62n-w,1494820,ギフト受け取り,,@goodpingu3592,UCke7pllaeNTkGvryAayaW2A,,received a gift membership by @kiko-gy8re
2026-09-26 18:24,is7dAl62n-w,1495621,ギフト受け取り,,@しおん-u7z4s,UCSm29yVmZ-9M4EaDDfkM6vw,,received a gift membership by @kiko-gy8re
2026-09-26 18:24,is7dAl62n-w,1496579,ギフト受け取り,,@JORDANNuki,UCD-JR4CWtmK63vgZy9qVvdQ,,received a gift membership by @kiko-gy8re
2026-09-26 18:24,is7dAl62n-w,1497540,ギフト受け取り,,@mi3602,UCPp_JzT-CDt4DOB6VCCUQfQ,,received a gift membership by @kiko-gy8re
2026-09-26 18:24,is7dAl62n-w,1498473,ギフト受け取り,,@reina_chan_,UCZnG4EHjmkLd1rsyIk3ZoWw,,received a gift membership by @kiko-gy8re
2026-09-26 18:24,is7dAl62n-w,2442628,再加入/レベル変更,英友,@くろう_牛丼,UCyR6zmkyyI3L5kHT3TP1_kg,Member (2 months),Welcome to 英友!
2026-09-26 18:24,is7dAl62n-w,2475279,ギフト購入,,@聖剣マッチ棒,UCyPgkIkgaLfEdTXUxKXq1dg,20,Sent 20 エクス・アルビオ -Ex Albio- gift memberships
2026-09-26 18:24,is7dAl62n-w,2476314,ギフト受け取り,,@橋本泰成-m7u,UCahxTJ7rIGNEALtJCt89F2Q,,received a gift membership by @聖剣マッチ棒
2026-09-26 18:24,is7dAl62n-w,2477152,ギフト受け取り,,@じん-m2l,UCdqccH0-HcbAnpBCajjoC7Q,,received a gift membership by @聖剣マッチ棒
2026-09-26 18:24,is7dAl62n-w,2477990,ギフト受け取り,,@Orange2-p4u,UC2MaQzC2MycwJeSB87S4iPw,,received a gift membership by @聖剣マッチ棒
2026-09-26 18:24,is7dAl62n-w,2478882,ギフト受け取り,,@えすわいえぬ,UCjZbIduquek1DOe3k3PQZnA,,received a gift membership by @聖剣マッチ棒
2026-09-26 18:24,is7dAl62n-w,2479819,ギフト受け取り,,@hageeeen,UClX8VsS_2-PyVxWqB5yFU8w,,received a gift membership by @聖剣マッチ棒
2026-09-26 18:24,is7dAl62n-w,2480588,ギフト受け取り,,@anotherterada,UCM88g-DWhT7EvDinbPOkOaQ,,received a gift membership by @聖剣マッチ棒
2026-09-26 18:24,is7dAl62n-w,2481424,ギフト受け取り,,@ゆゆたん-s5p,UCE85cDh7RFagDIlNS8wZ1TA,,received a gift membership by @聖剣マッチ棒
2026-09-26 18:24,is7dAl62n-w,2482326,ギフト受け取り,,@warabi_157,UCqzSWK-fZMbFl4dSA_ablmA,,received a gift membership by @聖剣マッチ棒
2026-09-26 18:24,is7dAl62n-w,2483277,ギフト受け取り,,@n-er5ep,UC6pcPDNI-HUlMIUEONu8_BQ,,received a gift membership by @聖剣マッチ棒
2026-09-26 18:24,is7dAl62n-w,2484155,ギフト受け取り,,@charliett1368,UCypP_pDoO_ZwL3fbf76Xf_Q,,received a gift membership by @聖剣マッチ棒
2026-09-26 18:24,is7dAl62n-w,2485095,ギフト受け取り,,@akane3456,UCT5_tjphRdJvhWMpiPZOJ0g,,received a gift membership by @聖剣マッチ棒
2026-09-26 18:24,is7dAl62n-w,2486369,ギフト受け取り,,@diabetes897,UCJrG9AR0cNNOu5SAHRr6-yg,,received a gift membership by @聖剣マッチ棒
2026-09-26 18:24,is7dAl62n-w,2487205,ギフト受け取り,,@デミー-j5f,UCQZb6lJljAkACKdk0aJBY5w,,received a gift membership by @聖剣マッチ棒
2026-09-26 18:24,is7dAl62n-w,2487961,ギフト受け取り,,@りん_tamachq,UC-K4rUju-JLekR2whXBfdjw,,received a gift membership by @聖剣マッチ棒
2026-09-26 18:24,is7dAl62n-w,2488902,ギフト受け取り,,@あばら_abara,UCUzk2sASdbdYEaevHy-GdBA,,received a gift membership by @聖剣マッチ棒
2026-09-26 18:24,is7dAl62n-w,2489623,ギフト受け取り,,@ダイリーグAkira_ch,UCDKCbMlcgnlSqaG0hLKmoyA,,received a gift membership by @聖剣マッチ棒
2026-09-26 18:24,is7dAl62n-w,2490663,ギフト受け取り,,@バニラアイス-l8d,UCtkJF16q-rNFbVNutJz4b6g,,received a gift membership by @聖剣マッチ棒
2026-09-26 18:24,is7dAl62n-w,2492091,ギフト受け取り,,@UxxU_0525,UCt1pQEM2gTe_G8WU9AJTGSw,,received a gift membership by @聖剣マッチ棒
2026-09-26 18:24,is7dAl62n-w,2492784,ギフト受け取り,,@三枝ゆーき,UCio8RkjHOXbzmBJsjZdsNmA,,received a gift membership by @聖剣マッチ棒
2026-09-26 18:24,is7dAl62n-w,2493715,ギフト受け取り,,@ケロンぬ,UCMUUjlZIR32jGKAtQeXPPbQ,,received a gift membership by @聖剣マッチ棒
2026-09-26 18:24,is7dAl62n-w,2566141,再加入/レベル変更,英友,@ムラクモs,UCb_dtnbk9B0HPMoOqsF_PKQ,Member (2 months),Welcome to 英友!
2026-09-26 18:24,is7dAl62n-w,2570173,再加入/レベル変更,英友,@いんべ-inv,UCc0L7GKPDyig8W6B8n5mNQg,Member (1 year),Welcome to 英友!
2026-09-26 18:24,is7dAl62n-w,2639272,ギフト購入,,@とりま283,UCnGpLjOOVF3wrxjV0EDo05A,5,Sent 5 エクス・アルビオ -Ex Albio- gift memberships
2026-09-26 18:24,is7dAl62n-w,2640566,ギフト受け取り,,@NARUARI,UCniJVYWGjGPOk-EKJ8HYk6w,,received a gift membership by @とりま283
2026-09-26 18:24,is7dAl62n-w,2641715,ギフト受け取り,,@seenaa2110,UC3aEWCgMKMEBIpN3n_5avQw,,received a gift membership by @とりま283
2026-09-26 18:24,is7dAl62n-w,2642642,ギフト受け取り,,@rit7041,UC3bqmMzc-SJouP7WYXKPCZA,,received a gift membership by @とりま283
2026-09-26 18:24,is7dAl62n-w,2643561,ギフト受け取り,,@こずぴぴぴーちゃん,UChw5GoG6JyrR4pPZRRyw28Q,,received a gift membership by @とりま283
2026-09-26 18:24,is7dAl62n-w,2644511,ギフト受け取り,,@RU-rjc,UCpVIc7XpqJHfaI4ZH1xtfFw,,received a gift membership by @とりま283
2026-09-26 18:24,is7dAl62n-w,3615340,再加入/レベル変更,英友,@10nagin,UCCWoGZFLsaxJlJ4Oc-wCOrw,Member (6 months),Welcome to 英友!
2026-09-26 18:24,is7dAl62n-w,18399067,新規加入,英友,@suzu-8217,UCMnToWRonSO9WeRl4kRLsqA,Member (1 month),Welcome to 英友!
2026-09-28 18:30,uCa__0dHByI,3657567,ギフト購入,,@モゅちゃん,UCcGO9h0uxoO9LEMQF3sd4Hg,50,Sent 50 エクス・アルビオ -Ex Albio- gift memberships
2026-09-28 18:30,uCa__0dHByI,3658956,ギフト受け取り,,@やでさん-7,UCRBh5RUB-KbGh62MLGKCf1A,,received a gift membership by @モゅちゃん
2026-09-28 18:30,uCa__0dHByI,3659589,ギフト受け取り,,@user-ez5en9ts5e,UCgLwEb7Rw2Eh-D9GDU81Jhw,,received a gift membership by @モゅちゃん
2026-09-28 18:30,uCa__0dHByI,3660462,ギフト受け取り,,@ゆきん-t86,UCTH0foESJ8fN1zXIbqW8kpQ,,received a gift membership by @モゅちゃん
2026-09-28 18:30,uCa__0dHByI,3661181,ギフト受け取り,,@梅苔-t5n,UCHKL3Az4UxRmhYz6QDVXWQg,,received a gift membership by @モゅちゃん
2026-09-28 18:30,uCa__0dHByI,3662046,ギフト受け取り,,@ramune4578,UCAUm0svK62Gs0nTq687uIWg,,received a gift membership by @モゅちゃん
2026-09-28 18:30,uCa__0dHByI,3662918,ギフト受け取り,,@kancha_cha,UCpLGDr8NBvwWH6Em9NqiNkQ,,received a gift membership by @モゅちゃん
2026-09-28 18:30,uCa__0dHByI,3663774,ギフト受け取り,,@86chann_,UChpdWK-XXFJPatQZ7_6OS6A,,received a gift membership by @モゅちゃん
2026-09-28 18:30,uCa__0dHByI,3664591,ギフト受け取り,,@airaisland1179,UCYb0YukQMJRMOFAWauGxEfQ,,received a gift membership by @モゅちゃん
2026-09-28 18:30,uCa__0dHByI,3665479,ギフト受け取り,,@たしそ,UCzQjFt3QBSvi5I92tty_3ng,,received a gift membership by @モゅちゃん
2026-09-28 18:30,uCa__0dHByI,3666417,ギフト受け取り,,@小梓-w8b,UC6FBRjWnX0rTho11WU4pGag,,received a gift membership by @モゅちゃん
2026-09-28 18:30,uCa__0dHByI,3667261,ギフト受け取り,,@花子-t8f,UCJ8dEkuW0_goc7nJQ_42CDQ,,received a gift membership by @モゅちゃん
2026-09-28 18:30,uCa__0dHByI,3668013,ギフト受け取り,,@claire1331,UCDE2Sfc5Z4jW86go68wCuRQ,,received a gift membership by @モゅちゃん
2026-09-28 18:30,uCa__0dHByI,3668828,ギフト受け取り,,@すえ-j8p,UCH6ZZCGYkwl2h1udTP1Z8YA,,received a gift membership by @モゅちゃん
2026-09-28 18:30,uCa__0dHByI,3669678,ギフト受け取り,,@一之瀬りく,UCG6QFW677ZAOx8v_wy_WEwQ,,received a gift membership by @モゅちゃん
2026-09-28 18:30,uCa__0dHByI,3670572,ギフト受け取り,,@user-sanmasan,UCgXKA3XIMXEqQfbp7d9LM2Q,,received a gift membership by @モゅちゃん
2026-09-28 18:30,uCa__0dHByI,3671138,ギフト受け取り,,@romroom___,UC7-ZpVNKKXo5KdvuyLolPmg,,received a gift membership by @モゅちゃん
2026-09-28 18:30,uCa__0dHByI,3672433,ギフト受け取り,,@一鈴木-w8y,UC1c_1GmE-2_13pX3SDbsF5w,,received a gift membership by @モゅちゃん
2026-09-28 18:30,uCa__0dHByI,3673187,ギフト受け取り,,@くく-u4d,UCSaC6asrCxIDe6jXJI9oHVQ,,received a gift membership by @モゅちゃん
2026-09-28 18:30,uCa__0dHByI,3674629,ギフト受け取り,,@たか-s2u1k,UCjQzn4OpI7Mn7mvl5MCnELQ,,received a gift membership by @モゅちゃん
2026-09-28 18:30,uCa__0dHByI,3675542,ギフト受け取り,,@Sj-xt3um,UCScaBgmgDru8NHAHvRkmQ0g,,received a gift membership by @モゅちゃん
2026-09-28 18:30,uCa__0dHByI,3676538,ギフト受け取り,,@ねこさん-f8p,UCweg7h-chmAso3JIuJdbVOw,,received a gift membership by @モゅちゃん
2026-09-28 18:30,uCa__0dHByI,3677174,ギフト受け取り,,@resaira,UCb23ZloQrF8Z0TxgxB58dZg,,received a gift membership by @モゅちゃん
2026-09-28 18:30,uCa__0dHByI,3678082,ギフト受け取り,,@ころも-e8o,UCERAfB7elSTiLtVGazPZpYA,,received a gift membership by @モゅちゃん
2026-09-28 18:30,uCa__0dHByI,3679135,ギフト受け取り,,@黒枝の成る枝,UChlWh7Ld7KaGBkh1icRcaSw,,received a gift membership by @モゅちゃん
2026-09-28 18:30,uCa__0dHByI,3680280,ギフト受け取り,,@yayaya6401,UCYOnTh68Ts1mSh9QoxQKldg,,received a gift membership by @モゅちゃん
2026-09-28 18:30,uCa__0dHByI,3681232,ギフト受け取り,,@Oyatsukudasai,UCTbjQD5bwV4pXT_7vLRd_4Q,,received a gift membership by @モゅちゃん
2026-09-28 18:30,uCa__0dHByI,3682160,ギフト受け取り,,@犬飼猫子,UCQSl7MSUwQZMfghOFuZSIAg,,received a gift membership by @モゅちゃん
2026-09-28 18:30,uCa__0dHByI,3683159,ギフト受け取り,,@Y628working,UCsVPrHBLT8pdIy8Ax7eDuvQ,,received a gift membership by @モゅちゃん
2026-09-28 18:30,uCa__0dHByI,3684290,ギフト受け取り,,@ケント-m7m,UC_mAMXV_3e784I0HmZXxyMA,,received a gift membership by @モゅちゃん
2026-09-28 18:30,uCa__0dHByI,3684928,ギフト受け取り,,@川田タオル,UC1t67Dop26WswLC-o2Ovlyw,,received a gift membership by @モゅちゃん
2026-09-28 18:30,uCa__0dHByI,3685562,ギフト受け取り,,@グッカ,UCNXswy3rGxRXuV7rloyUDwg,,received a gift membership by @モゅちゃん
2026-09-28 18:30,uCa__0dHByI,3686495,ギフト受け取り,,@葉月-k7s,UCZx2j2MmrLYvRQTJ1GaFA4w,,received a gift membership by @モゅちゃん
2026-09-28 18:30,uCa__0dHByI,3687471,ギフト受け取り,,@yuey5330,UCcPZXUuujgyIwkFDxLglyPg,,received a gift membership by @モゅちゃん
2026-09-28 18:30,uCa__0dHByI,3688093,ギフト受け取り,,@りんぬ-c9u,UCplVGG-TXRiz98fD1Kwc0tg,,received a gift membership by @モゅちゃん
2026-09-28 18:30,uCa__0dHByI,3689129,ギフト受け取り,,@keieiaif_5,UCe2ihJmM9GhCESU2KHsIjlQ,,received a gift membership by @モゅちゃん
2026-09-28 18:30,uCa__0dHByI,3689833,ギフト受け取り,,@あぅ-k4u,UCVBQdRCzC8bCeImtG5W8PFw,,received a gift membership by @モゅちゃん
2026-09-28 18:30,uCa__0dHByI,3690450,ギフト購入,,@まー_0830,UCAywuyctsdKlt29Px5sNkPQ,10,Sent 10 エクス・アルビオ -Ex Albio- gift memberships
2026-09-28 18:30,uCa__0dHByI,3690694,ギフト受け取り,,@Thirty9tea,UCuHp12DTDMW-Ux-9c38GaSQ,,received a gift membership by @モゅちゃん
2026-09-28 18:30,uCa__0dHByI,3691941,ギフト受け取り,,@waiting8217,UC4P7_EpWdUJqy9NMKzsbSOg,,received a gift membership by @モゅちゃん
2026-09-28 18:30,uCa__0dHByI,3692887,ギフト受け取り,,@eiminZZZ,UCaa4SgE0_vAs1lLnEmOsbHw,,received a gift membership by @モゅちゃん
2026-09-28 18:30,uCa__0dHByI,3693779,ギフト受け取り,,@SauRiel_9,UCqMHJsvsYmtFYkHZDzaBv5A,,received a gift membership by @モゅちゃん
2026-09-28 18:30,uCa__0dHByI,3694890,ギフト受け取り,,@ari_870,UCgr7MOYDajVt18ALxo8prJw,,received a gift membership by @モゅちゃん
2026-09-28 18:30,uCa__0dHByI,3695769,ギフト受け取り,,@ばし-f1j,UCFekxR7MBkoj6NxnylsrPsA,,received a gift membership by @モゅちゃん
2026-09-28 18:30,uCa__0dHByI,3696615,ギフト受け取り,,@ばて-v5h,UCXejgGIiKYVViD9KtgOjHPA,,received a gift membership by @モゅちゃん
2026-09-28 18:30,uCa__0dHByI,3697540,ギフト受け取り,,@ayeeshaadila5683,UCnoXA7zLwjO2Gk7j4UXD_3w,,received a gift membership by @モゅちゃん
2026-09-28 18:30,uCa__0dHByI,3698348,ギフト受け取り,,@san-wv3td,UCjjO-Dr2Nak4V0-UU-7IgJg,,received a gift membership by @モゅちゃん
2026-09-28 18:30,uCa__0dHByI,3699220,ギフト受け取り,,@uma5119,UC36viiqWx9msdXspv1sGw0Q,,received a gift membership by @モゅちゃん
2026-09-28 18:30,uCa__0dHByI,3699979,ギフト受け取り,,@くすくす3,UCe8ljSAFMS3-wcT5Hq47eaQ,,received a gift membership by @モゅちゃん
2026-09-28 18:30,uCa__0dHByI,3700947,ギフト受け取り,,@あんこっぺ-x6x,UCtPMQgriyx1fs_MaCbOgeRQ,,received a gift membership by @モゅちゃん
2026-09-28 18:30,uCa__0dHByI,3701850,ギフト受け取り,,@mintgum05,UCX9BjesYe76k4SRAkgGtQLw,,received a gift membership by @モゅちゃん
2026-09-28 18:30,uCa__0dHByI,3702932,ギフト受け取り,,@いちご-p8v8y,UC500I9nz0BeNF8gmfbmeE6g,,received a gift membership by @モゅちゃん
2026-09-28 18:30,uCa__0dHByI,3704834,ギフト受け取り,,@野菜七,UCwMql6usZqkk2zlMMrNYk6w,,received a gift membership by @まー_0830
2026-09-28 18:30,uCa__0dHByI,3705581,ギフト受け取り,,@ルナ-34,UCGLfhCbN_8lpoE1dadcwtBg,,received a gift membership by @まー_0830
2026-09-28 18:30,uCa__0dHByI,3706813,ギフト受け取り,,@myuyu214,UCWKb4FUuVOUv5VpE5fHBVmg,,received a gift membership by @まー_0830
2026-09-28 18:30,uCa__0dHByI,3707586,ギフト受け取り,,@haniko6317,UCp4POZlI0dCq5Dl-BHzxpIA,,received a gift membership by @まー_0830
2026-09-28 18:30,uCa__0dHByI,3708664,ギフト受け取り,,@machima9082,UCChAND8EEY5ozIRWs2praUg,,received a gift membership by @まー_0830
2026-09-28 18:30,uCa__0dHByI,3709724,ギフト受け取り,,@ゴア中尉,UC8sGwQ5fU7l9TguoiYe02-A,,received a gift membership by @まー_0830
2026-09-28 18:30,uCa__0dHByI,3710599,ギフト受け取り,,@健康ボディ,UC4xlC3g9NDZgzas9QVp1C8A,,received a gift membership by @まー_0830
2026-09-28 18:30,uCa__0dHByI,3711340,ギフト受け取り,,@ゆーくん1019,UCJtieVM8nQiaGeTcIDJQL5w,,received a gift membership by @まー_0830
2026-09-28 18:30,uCa__0dHByI,3712314,ギフト受け取り,,@짱구는옷말려-o9w,UChUZcW7NO-ZLDnr07fJ8-fw,,received a gift membership by @まー_0830
2026-09-28 18:30,uCa__0dHByI,3713126,ギフト受け取り,,@凛-n9n,UCF2cpOM9AUSeIJgKuzP_OHw,,received a gift membership by @まー_0830
2026-09-28 18:30,uCa__0dHByI,3806343,ギフト購入,,@モゅちゃん,UCcGO9h0uxoO9LEMQF3sd4Hg,50,Sent 50 エクス・アルビオ -Ex Albio- gift memberships
2026-09-28 18:30,uCa__0dHByI,3817853,ギフト受け取り,,@のあ-i4d,UCcI_CrNuJI6lOuAcX99XpLA,,received a gift membership by @モゅちゃん
2026-09-28 18:30,uCa__0dHByI,3818770,ギフト受け取り,,@aopon22,UCMp0_MX1gdEDY4LUMbBgh3A,,received a gift membership by @モゅちゃん
2026-09-28 18:30,uCa__0dHByI,3819858,ギフト受け取り,,@いぬべろす-e3c,UCG13j4Q1hFJGGyBG8Xqz25g,,received a gift membership by @モゅちゃん
2026-09-28 18:30,uCa__0dHByI,3820834,ギフト受け取り,,@いなり-l8m,UCZ8HbazGAVyC1euQuetVCqw,,received a gift membership by @モゅちゃん
2026-09-28 18:30,uCa__0dHByI,3821752,ギフト受け取り,,@らっこ-h6k,UCeo3-WnG1zjy6okZb3WoFDw,,received a gift membership by @モゅちゃん
2026-09-28 18:30,uCa__0dHByI,3822658,ギフト受け取り,,@つくも蜂,UC34vVjHN7RBaObNd7lAmv8Q,,received a gift membership by @モゅちゃん
2026-09-28 18:30,uCa__0dHByI,3823771,ギフト受け取り,,@さくらまる-s4w,UCApZbkhRsTGQ-vNqYd0GorQ,,received a gift membership by @モゅちゃん
2026-09-28 18:30,uCa__0dHByI,3824486,ギフト受け取り,,@moku615,UCUzCYV4iWhUYo2J_y1Ca_JA,,received a gift membership by @モゅちゃん
2026-09-28 18:30,uCa__0dHByI,3825362,ギフト受け取り,,@DEar_wis,UCMciIrwciKu3GRzDcbJleRA,,received a gift membership by @モゅちゃん
2026-09-28 18:30,uCa__0dHByI,3826307,ギフト受け取り,,@三原柳,UC5RrivIsBCoSFR7VMNeLePA,,received a gift membership by @モゅちゃん
2026-09-28 18:30,uCa__0dHByI,3827273,ギフト受け取り,,@sio8423,UCaPbubehsgvzKBMcHAtluPQ,,received a gift membership by @モゅちゃん
2026-09-28 18:30,uCa__0dHByI,3828417,ギフト受け取り,,@颂一songi,UC8aLwKPl2P6omLBM4gwDWnw,,received a gift membership by @モゅちゃん
2026-09-28 18:30,uCa__0dHByI,3829319,ギフト受け取り,,@kima-60,UCf3xfqOYmH9pS0fNqm5uh9w,,received a gift membership by @モゅちゃん
2026-09-28 18:30,uCa__0dHByI,3830305,ギフト受け取り,,@ryuuya1302,UCWxJsCHkaNNsUtupA3_rNzA,,received a gift membership by @モゅちゃん
2026-09-28 18:30,uCa__0dHByI,3831215,ギフト受け取り,,@空中ブランコ--411,UCyU2uxThpTp6tyNGiEg22hA,,received a gift membership by @モゅちゃん
2026-09-28 18:30,uCa__0dHByI,3832228,ギフト受け取り,,@たろちむーろん,UCC2n3F4iCXURLdduszwwgGg,,received a gift membership by @モゅちゃん
2026-09-28 18:30,uCa__0dHByI,3833219,ギフト受け取り,,@mochi5001,UCRkC6cPNmhvsTrHDOn0Z-OQ,,received a gift membership by @モゅちゃん
2026-09-28 18:30,uCa__0dHByI,3833952,ギフト受け取り,,@kendesudesu,UC0zNP5jMbjwRtX0zh3iKzhA,,received a gift membership by @モゅちゃん
2026-09-28 18:30,uCa__0dHByI,3834769,ギフト受け取り,,@oorreennjjii,UCmKcJh5Ai2znPyCLmeAN3zw,,received a gift membership by @モゅちゃん
2026-09-28 18:30,uCa__0dHByI,3835590,ギフト受け取り,,@59NKG,UCc9KLx_cKUGwm2BLbLsm9jA,,received a gift membership by @モゅちゃん
2026-09-28 18:30,uCa__0dHByI,3836535,ギフト受け取り,,@annzu22,UCbe78EsccHJDcP8IJLeGn1g,,received a gift membership by @モゅちゃん
2026-09-28 18:30,uCa__0dHByI,3837784,ギフト受け取り,,@squall0525,UCs4OAW6XB6WJ3LbA04rO58g,,received a gift membership by @モゅちゃん
2026-09-28 18:30,uCa__0dHByI,3838876,ギフト受け取り,,@alcy7308,UC4I3DQzZrs_WFVHi7NOsENg,,received a gift membership by @モゅちゃん
2026-09-28 18:30,uCa__0dHByI,3839825,ギフト受け取り,,@YouLei0317,UC0MEfXX2GQ2RdfMKA7HP8Lg,,received a gift membership by @モゅちゃん
2026-09-28 18:30,uCa__0dHByI,3840684,ギフト受け取り,,@姫猫xQx,UCVXgpMNw4YyJp1C3JTy068A,,received a gift membership by @モゅちゃん
2026-09-28 18:30,uCa__0dHByI,3841654,ギフト受け取り,,@よみ-r7y,UCO023GcCMX6kS6qhyMWNxMA,,received a gift membership by @モゅちゃん
2026-09-28 18:30,uCa__0dHByI,3842670,ギフト受け取り,,@サクサクトマト-r6j,UClcJiYHm-vYOVfOl1V64cmg,,received a gift membership by @モゅちゃん
2026-09-28 18:30,uCa__0dHByI,3843574,ギフト受け取り,,@あず-b7b,UCaSLdExGkAx-psKlxhSvp4g,,received a gift membership by @モゅちゃん
2026-09-28 18:30,uCa__0dHByI,3844380,ギフト受け取り,,@NG川兄,UCwW7rVE0e9i4rIE1e_p0vOA,,received a gift membership by @モゅちゃん
2026-09-28 18:30,uCa__0dHByI,3845274,ギフト受け取り,,@藤原-t2l,UCuEHeyWFn5za1RlUuZ9t69Q,,received a gift membership by @モゅちゃん
2026-09-28 18:30,uCa__0dHByI,3846201,ギフト受け取り,,@波弦,UCh8y6f_iViLh4G_tQmYa-Dg,,received a gift membership by @モゅちゃん
2026-09-28 18:30,uCa__0dHByI,3847038,ギフト受け取り,,@九鳥-n4c,UCrUFUAIrpDjaXm5li3RNENg,,received a gift membership by @モゅちゃん
2026-09-28 18:30,uCa__0dHByI,3847892,ギフト受け取り,,@ncnc_tttt,UCACYnM8U-t0INBt490h4lEg,,received a gift membership by @モゅちゃん
2026-09-28 18:30,uCa__0dHByI,3848956,ギフト受け取り,,@あいうえお-q5i6d,UC_VJ9I6ggffauja1sscR1lQ,,received a gift membership by @モゅちゃん
2026-09-28 18:30,uCa__0dHByI,3849858,ギフト受け取り,,@ねこまる-e2j,UCJx7cKT1Wl1h6rIMSgTKB8g,,received a gift membership by @モゅちゃん
2026-09-28 18:30,uCa__0dHByI,3850645,ギフト受け取り,,@reikuvu,UCc4TY1YLxy9eosXc6bce7Gw,,received a gift membership by @モゅちゃん
2026-09-28 18:30,uCa__0dHByI,3851654,ギフト受け取り,,@はるc._.c,UClbNu9cKHk6QijQ2f0cgCRg,,received a gift membership by @モゅちゃん
2026-09-28 18:30,uCa__0dHByI,3852727,ギフト受け取り,,@げんじまる,UCfijxg3N2MsmJssgqn8WXiQ,,received a gift membership by @モゅちゃん
2026-09-28 18:30,uCa__0dHByI,3853715,ギフト受け取り,,@tm-dx1eg,UCb5X_upDwFuYEG5eaZkpd4Q,,received a gift membership by @モゅちゃん
2026-09-28 18:30,uCa__0dHByI,3854751,ギフト受け取り,,@トマト煮-e2c,UCQ5NsT0BPWMw8OiyERc-nOQ,,received a gift membership by @モゅちゃん
2026-09-28 18:30,uCa__0dHByI,3855556,ギフト受け取り,,@saoif6601,UCGr1yq_Ce72AF5rjEODlZIw,,received a gift membership by @モゅちゃん
2026-09-28 18:30,uCa__0dHByI,3856435,ギフト受け取り,,@AYA-ut9ug,UCfGcqI4vAkqThWdxOmnTP1g,,received a gift membership by @モゅちゃん
2026-09-28 18:30,uCa__0dHByI,3857354,ギフト受け取り,,@白-j3p,UCu99yFgcD6wD4qhVhdDOOFg,,received a gift membership by @モゅちゃん
2026-09-28 18:30,uCa__0dHByI,3858193,ギフト受け取り,,@_Sanechi,UC_WV6zeq5nmCPd1qoqhIjZQ,,received a gift membership by @モゅちゃん
2026-09-28 18:30,uCa__0dHByI,3858993,ギフト受け取り,,@duckdonald6813,UCB6K4p5RS_ZBSpZWNsSkQsg,,received a gift membership by @モゅちゃん
2026-09-28 18:30,uCa__0dHByI,3859716,ギフト受け取り,,@しげる-y1b,UCOwdkfhDA9OB4GEtx5ubTqw,,received a gift membership by @モゅちゃん
2026-09-28 18:30,uCa__0dHByI,3860430,ギフト受け取り,,@knt-0325k,UCMElCOoJC3Z6zulFRtFkthA,,received a gift membership by @モゅちゃん
2026-09-28 18:30,uCa__0dHByI,3861300,ギフト受け取り,,@ぴのが主食,UCXJS-Q-_QbQmA_vlRtg5-yg,,received a gift membership by @モゅちゃん
2026-09-28 18:30,uCa__0dHByI,3862220,ギフト受け取り,,@pentacle-ace,UCapBDvR-_FsoYIzHqUmdocQ,,received a gift membership by @モゅちゃん
2026-09-28 18:30,uCa__0dHByI,3863330,ギフト受け取り,,@バババニ,UCG2PxliZi6hbGPtUeA852zw,,received a gift membership by @モゅちゃん
2026-09-28 18:30,uCa__0dHByI,9026230,新規加入,英友,@くらむちゃうだぁー,UCK6nMd1gI1RUeoJrq8SavXw,New member,Welcome to 英友!
2026-09-28 18:30,uCa__0dHByI,9231609,ギフト購入,,@石山かつらぎ,UCsGp92TIlMofU_6DX_-anxA,10,Sent 10 エクス・アルビオ -Ex Albio- gift memberships
2026-09-28 18:30,uCa__0dHByI,9232945,ギフト受け取り,,@くるみなと,UCwfVJxZTDuxTv9pomv9ccFQ,,received a gift membership by @石山かつらぎ
2026-09-28 18:30,uCa__0dHByI,9233906,再加入/レベル変更,英友,@成田鼯鼠,UClqL81kT3fjpvUCyUVtkOdA,Member (1 year),Welcome to 英友!
2026-09-28 18:30,uCa__0dHByI,9234044,ギフト受け取り,,@RrrR-ri6ov,UCjz_uo4q1VHCyD9hNhqbpoA,,received a gift membership by @石山かつらぎ
2026-09-28 18:30,uCa__0dHByI,9235173,ギフト受け取り,,@aty-u8r,UCKo9N4OLgohuKVb2uJopAGw,,received a gift membership by @石山かつらぎ
2026-09-28 18:30,uCa__0dHByI,9236097,ギフト受け取り,,@松本学-w8v,UCJSGF7vKaoubrYynWabj7Tg,,received a gift membership by @石山かつらぎ
2026-09-28 18:30,uCa__0dHByI,9236983,ギフト受け取り,,@teritamauserme,UC7BCmiZ8Nm3sJbpil-LWjVA,,received a gift membership by @石山かつらぎ
2026-09-28 18:30,uCa__0dHByI,9238107,ギフト受け取り,,@qzx-x,UC_Fo10vM0w4xOWjWxpAvVxg,,received a gift membership by @石山かつらぎ
2026-09-28 18:30,uCa__0dHByI,9239241,ギフト受け取り,,@ktnb.st_ch,UCQdsFFAIMdkaYZp0P-pO3SQ,,received a gift membership by @石山かつらぎ
2026-09-28 18:30,uCa__0dHByI,9240288,ギフト受け取り,,@ume_kobucha_love_desu,UC589zjqQxHJ5-YQiyT6T-kg,,received a gift membership by @石山かつらぎ
2026-09-28 18:30,uCa__0dHByI,9241046,ギフト受け取り,,@あちゃんなの,UCfQ6xnLwrrh4VGRukWGAQbQ,,received a gift membership by @石山かつらぎ
2026-09-28 18:30,uCa__0dHByI,9241843,ギフト受け取り,,@JR-mz7hw,UChKMNXiSxay-C9gcFqo-9uQ,,received a gift membership by @石山かつらぎ
2026-09-28 18:30,uCa__0dHByI,9255216,ギフト購入,,@足臭異臭,UCxdVJ9qmELl7RXKc7op7rpg,5,Sent 5 エクス・アルビオ -Ex Albio- gift memberships
2026-09-28 18:30,uCa__0dHByI,9255998,ギフト受け取り,,@laospridez,UCS6Vsw_bkZOqTaotCActSxw,,received a gift membership by @足臭異臭
2026-09-28 18:30,uCa__0dHByI,9257235,ギフト受け取り,,@Kahlua168,UCoxjy2xnXT6kYbI6G56a5Tw,,received a gift membership by @足臭異臭
2026-09-28 18:30,uCa__0dHByI,9258332,ギフト受け取り,,@sara-ev2sq,UCGPC55-_LRpixU_BgRh-pGw,,received a gift membership by @足臭異臭
2026-09-28 18:30,uCa__0dHByI,9259396,ギフト受け取り,,@zyagaimotaro,UC59DWCMtln3Ylrx85JL_Eow,,received a gift membership by @足臭異臭
2026-09-28 18:30,uCa__0dHByI,9260303,ギフト受け取り,,@うごのたけのこ_828,UCNGq90T41c69EmYu8L-f-4A,,received a gift membership by @足臭異臭
2026-09-28 18:30,uCa__0dHByI,9303589,ギフト購入,,@ちも_1no,UCKY2poMYluk9EgGmkaC_m2A,5,Sent 5 エクス・アルビオ -Ex Albio- gift memberships
2026-09-28 18:30,uCa__0dHByI,9304498,ギフト受け取り,,@NT-xw4yf,UCI5Lo5JGpOH55nYBjbFiaDQ,,received a gift membership by @ちも_1no
2026-09-28 18:30,uCa__0dHByI,9305474,ギフト受け取り,,@ばぶにちゃん,UCz9GiAs76c2INWjDdqkKaPA,,received a gift membership by @ちも_1no
2026-09-28 18:30,uCa__0dHByI,9306321,ギフト受け取り,,@mogumogurdy8322,UCYcQAlRoSJVSCMEnLvMFY6A,,received a gift membership by @ちも_1no
2026-09-28 18:30,uCa__0dHByI,9307469,ギフト受け取り,,@tataha8968,UCagBVrsYVlXMMmsMYLZmyyA,,received a gift membership by @ちも_1no
2026-09-28 18:30,uCa__0dHByI,9308436,ギフト受け取り,,@菊池真明,UCuaWuBftlNpf_yI3hcxqNMw,,received a gift membership by @ちも_1no
2026-09-28 18:30,uCa__0dHByI,9398507,ギフト購入,,@れいなぴょん_56,UCk5C_OSufsStAgCLR04Wdkg,5,Sent 5 エクス・アルビオ -Ex Albio- gift memberships
2026-09-28 18:30,uCa__0dHByI,9399742,ギフト受け取り,,@さりたん-p9m,UC4yvJvKDDZbEx0qJocF2D5Q,,received a gift membership by @れいなぴょん_56
2026-09-28 18:30,uCa__0dHByI,9400696,ギフト受け取り,,@h4ru3me,UCJFXZE5UH7NMh7MwLVPHhTA,,received a gift membership by @れいなぴょん_56
2026-09-28 18:30,uCa__0dHByI,9401613,ギフト受け取り,,@KuZyo-04,UCqtLuDS8qTWdPff2X2wlmbA,,received a gift membership by @れいなぴょん_56
2026-09-28 18:30,uCa__0dHByI,9402412,ギフト受け取り,,@なつ-natsu1,UC5RSzzrP-IFUR6I3-Q5jLOQ,,received a gift membership by @れいなぴょん_56
2026-09-28 18:30,uCa__0dHByI,9403118,ギフト受け取り,,@mikazuki_mikku-d6z,UCmYx44GGj3m0f4SN5tnlo_Q,,received a gift membership by @れいなぴょん_56
2026-09-28 18:30,uCa__0dHByI,9857997,ギフト購入,,@ぷぴなちょぽす,UCw6Mgw4usEsMMFq2LnJpVBQ,10,Sent 10 エクス・アルビオ -Ex Albio- gift memberships
2026-09-28 18:30,uCa__0dHByI,9859094,ギフト受け取り,,@ミドリ-r2r,UCnwaPSDnrqWQiE93HWXUJ0Q,,received a gift membership by @ぷぴなちょぽす
2026-09-28 18:30,uCa__0dHByI,9859797,ギフト受け取り,,@水原-i7z,UCVp8wS3gEV3jJeL2RX-mQiQ,,received a gift membership by @ぷぴなちょぽす
2026-09-28 18:30,uCa__0dHByI,9860957,ギフト受け取り,,@sheepblue9917,UCRNXC1CEMMx2l_5r5WSpweA,,received a gift membership by @ぷぴなちょぽす
2026-09-28 18:30,uCa__0dHByI,9861843,ギフト受け取り,,@---px5bz,UCvZo4sg64Ke6VzTzFr2OYSQ,,received a gift membership by @ぷぴなちょぽす
2026-09-28 18:30,uCa__0dHByI,9863012,ギフト受け取り,,@くりはるーん,UCPyeOUq6wT7oypdrfMWiSLQ,,received a gift membership by @ぷぴなちょぽす
2026-09-28 18:30,uCa__0dHByI,9864066,ギフト受け取り,,@0323bau,UCMkfhry_d13q-6T1s55xqCw,,received a gift membership by @ぷぴなちょぽす
2026-09-28 18:30,uCa__0dHByI,9865294,ギフト受け取り,,@sfoheille,UCzvg_983siMQkPs1K1GZ8Cg,,received a gift membership by @ぷぴなちょぽす
2026-09-28 18:30,uCa__0dHByI,9866359,ギフト受け取り,,@zyblis,UC9xxqAdeILVuQGRtINb86fQ,,received a gift membership by @ぷぴなちょぽす
2026-09-28 18:30,uCa__0dHByI,9867252,ギフト受け取り,,@romsenyou,UC_gC45PbTkA2fI5MJKaiA8A,,received a gift membership by @ぷぴなちょぽす
2026-09-28 18:30,uCa__0dHByI,9868197,ギフト受け取り,,@NxO618,UCqhhlEXCGB1XxKj3I9csNHw,,received a gift membership by @ぷぴなちょぽす
2026-09-28 18:30,uCa__0dHByI,10005989,ギフト購入,,@モブおじさんx,UCkBrNEW3CvsQJbVkLQ1Cdfg,5,Sent 5 エクス・アルビオ -Ex Albio- gift memberships
2026-09-28 18:30,uCa__0dHByI,10007386,ギフト受け取り,,@ra-kko-ma-ru,UCLt37QlV-PTe6o1SiaP1bvA,,received a gift membership by @モブおじさんx
2026-09-28 18:30,uCa__0dHByI,10008160,ギフト受け取り,,@なはらなは-o6s,UCN_PS4JKxKMIu3-pLijaw6g,,received a gift membership by @モブおじさんx
2026-09-28 18:30,uCa__0dHByI,10009390,ギフト受け取り,,@りんたろ-p6t,UC_1V6_3y0Buyq5DZDvMuiZQ,,received a gift membership by @モブおじさんx
2026-09-28 18:30,uCa__0dHByI,10010305,ギフト受け取り,,@cottoncandy3043,UCnp9Lim_VILVebPXPBthusw,,received a gift membership by @モブおじさんx
2026-09-28 18:30,uCa__0dHByI,10011094,ギフト受け取り,,@アズサ-u1u,UCWnfZM2IfNyCXMVY1n8k99A,,received a gift membership by @モブおじさんx
2026-09-28 18:30,uCa__0dHByI,10119660,ギフト購入,,@モゅちゃん,UCcGO9h0uxoO9LEMQF3sd4Hg,50,Sent 50 エクス・アルビオ -Ex Albio- gift memberships
2026-09-28 18:30,uCa__0dHByI,10120999,ギフト受け取り,,@Unknown-o8j8r,UCCnqXV61sdXxxfTV8gZSIbw,,received a gift membership by @モゅちゃん
2026-09-28 18:30,uCa__0dHByI,10121898,ギフト受け取り,,@Fran_102KG,UCVpR2yusBtM3V959OWc_7zA,,received a gift membership by @モゅちゃん
2026-09-28 18:30,uCa__0dHByI,10122867,ギフト受け取り,,@azrielsan,UCCt6pvAicSWZjV7mbRNcMIg,,received a gift membership by @モゅちゃん
2026-09-28 18:30,uCa__0dHByI,10123733,ギフト受け取り,,@もんちゃん-c9v,UCbYxQj8ZT8aHNitKI3MCL4A,,received a gift membership by @モゅちゃん
2026-09-28 18:30,uCa__0dHByI,10124764,ギフト受け取り,,@かなか-l4y,UCzkhr65uQcfbp50S8zoM7lA,,received a gift membership by @モゅちゃん
2026-09-28 18:30,uCa__0dHByI,10125513,ギフト受け取り,,@水rrrq,UCgYHjymy67NKe5RlpXisTbA,,received a gift membership by @モゅちゃん
2026-09-28 18:30,uCa__0dHByI,10126244,ギフト受け取り,,@WaTaMa-87,UC1taT_5EWuGdXSaerSaUb3A,,received a gift membership by @モゅちゃん
2026-09-28 18:30,uCa__0dHByI,10126945,ギフト受け取り,,@kzh3god3,UCHMBMLaPNltWm2ayWO37swQ,,received a gift membership by @モゅちゃん
2026-09-28 18:30,uCa__0dHByI,10127647,ギフト受け取り,,@tunakyonn,UCHfGFP0TrpvUIMby4ulyZxw,,received a gift membership by @モゅちゃん
2026-09-28 18:30,uCa__0dHByI,10128361,ギフト受け取り,,@エクラ-r9r,UCQLvX477-RzBWFgwHRN6ReQ,,received a gift membership by @モゅちゃん
2026-09-28 18:30,uCa__0dHByI,10129206,ギフト受け取り,,@パンダのリンリン,UCBwquJTVswrzWWqa4MuJWlg,,received a gift membership by @モゅちゃん
2026-09-28 18:30,uCa__0dHByI,10129898,ギフト受け取り,,@友人にはんぺんと命名されたせな,UCK303Mbzs1nc2bESsCRizXw,,received a gift membership by @モゅちゃん
2026-09-28 18:30,uCa__0dHByI,10130862,ギフト受け取り,,@hime_cafe_,UCpwREJ72DIi72yGXEEQPJOg,,received a gift membership by @モゅちゃん
2026-09-28 18:30,uCa__0dHByI,10131655,ギフト受け取り,,@kaaabbbuum,UC-nGvlehT0Psrnm9tJwtRMg,,received a gift membership by @モゅちゃん
2026-09-28 18:30,uCa__0dHByI,10132586,ギフト受け取り,,@sendhykurniawan450,UCB_xNg1sLXRoYujB3iXzN-w,,received a gift membership by @モゅちゃん
2026-09-28 18:30,uCa__0dHByI,10133285,ギフト受け取り,,@managg8310,UCuu2jQCPuBS07wRvXKz89wg,,received a gift membership by @モゅちゃん
2026-09-28 18:30,uCa__0dHByI,10134187,ギフト受け取り,,@佐藤渉平-r7u,UCQ1WEh62VSTHdg_bwRqq31A,,received a gift membership by @モゅちゃん
2026-09-28 18:30,uCa__0dHByI,10135304,ギフト受け取り,,@まち乃,UCBWit9ALaOOOdg_iK9-RFeQ,,received a gift membership by @モゅちゃん
2026-09-28 18:30,uCa__0dHByI,10136936,ギフト受け取り,,@moai9344,UCnV0ZKKmnSJK2mlq-0U8FeA,,received a gift membership by @モゅちゃん
2026-09-28 18:30,uCa__0dHByI,10137804,ギフト受け取り,,@Katsuragi_human,UCrZ-hqsmbZ4qZkXfR0y0E7g,,received a gift membership by @モゅちゃん
2026-09-28 18:30,uCa__0dHByI,10138602,ギフト受け取り,,@ぱらちゃん-i5o,UCeigTVLZRwuWFVslX4u87pA,,received a gift membership by @モゅちゃん
2026-09-28 18:30,uCa__0dHByI,10139508,ギフト受け取り,,@nyaanyaa3275,UCFf276ID-o02E2bIlEIH4Cg,,received a gift membership by @モゅちゃん
2026-09-28 18:30,uCa__0dHByI,10140392,ギフト受け取り,,@SolarGTR,UCMhIw4L6yMt7HE3miSVV5zg,,received a gift membership by @モゅちゃん
2026-09-28 18:30,uCa__0dHByI,10141304,ギフト受け取り,,@right29917,UCHuu0QGWVY8UOkCYJdc_Kyw,,received a gift membership by @モゅちゃん
2026-09-28 18:30,uCa__0dHByI,10142316,ギフト受け取り,,@とキとキ,UCKBQ3sFjsF18aSiHk5ME1uQ,,received a gift membership by @モゅちゃん
2026-09-28 18:30,uCa__0dHByI,10143398,ギフト受け取り,,@酢-q2j,UCvNUePivuTGWzFEYoq3gi7A,,received a gift membership by @モゅちゃん
2026-09-28 18:30,uCa__0dHByI,10143743,ギフト購入,,@MARIE-s1o3b,UCraK50npqmOoMeUHot_4CgA,5,Sent 5 エクス・アルビオ -Ex Albio- gift memberships
2026-09-28 18:30,uCa__0dHByI,10144390,ギフト受け取り,,@桜雪みさきち,UCvKltmydoTZwcAgWHuBKGYw,,received a gift membership by @モゅちゃん
2026-09-28 18:30,uCa__0dHByI,10145300,ギフト受け取り,,@nano_chan_dayo,UCarF6MktoaSbLymAHNXRHcQ,,received a gift membership by @モゅちゃん
2026-09-28 18:30,uCa__0dHByI,10146117,ギフト受け取り,,@にゃーん-o6s,UC9-SxeayTyNGQKbXo2Knjhg,,received a gift membership by @モゅちゃん
2026-09-28 18:30,uCa__0dHByI,10147010,ギフト受け取り,,@ini_nanaaaaa,UC7X6L8GTlvNGemO61Vk_OnA,,received a gift membership by @モゅちゃん
2026-09-28 18:30,uCa__0dHByI,10147742,ギフト受け取り,,@あたるん-l7s,UCmkSDjdZ5BIBCAyNyGNh98g,,received a gift membership by @モゅちゃん
2026-09-28 18:30,uCa__0dHByI,10148635,ギフト受け取り,,@sk-ws4vy,UCA7U9bFoHmHpqqxqWLhaDTA,,received a gift membership by @モゅちゃん
2026-09-28 18:30,uCa__0dHByI,10149503,ギフト受け取り,,@rai854,UCPDBzDhWRVWywwqa-Q_GKZA,,received a gift membership by @モゅちゃん
2026-09-28 18:30,uCa__0dHByI,10151020,ギフト受け取り,,@かとみ-u5c,UCTHa6mYy81drfrv2oPGsw4A,,received a gift membership by @モゅちゃん
2026-09-28 18:30,uCa__0dHByI,10151954,ギフト受け取り,,@chai-96,UC7XFuz256mTr5SXR71Nf0wg,,received a gift membership by @モゅちゃん
2026-09-28 18:30,uCa__0dHByI,10152855,ギフト受け取り,,@ゆゆみかん,UC0LiQY7Ek5qRsOidVV6b7hA,,received a gift membership by @モゅちゃん
2026-09-28 18:30,uCa__0dHByI,10153660,ギフト受け取り,,@みゆちです,UCI8ddGO-JstC6jjzJ2xx8_w,,received a gift membership by @モゅちゃん
2026-09-28 18:30,uCa__0dHByI,10154692,ギフト受け取り,,@山下咲一,UCFYmVLEwam1iqxNgrTysHkQ,,received a gift membership by @モゅちゃん
2026-09-28 18:30,uCa__0dHByI,10155496,ギフト受け取り,,@kntm4957,UC_lZAoCFv7lucRKtZQLxIcA,,received a gift membership by @モゅちゃん
2026-09-28 18:30,uCa__0dHByI,10156367,ギフト受け取り,,@みっちょん-q8n,UCkZDdXex_LAlzF1KtZxcqUg,,received a gift membership by @モゅちゃん
2026-09-28 18:30,uCa__0dHByI,10157451,ギフト受け取り,,@duygu8113,UCEyuIUUhK-Nx7fNK46I4z2Q,,received a gift membership by @モゅちゃん
2026-09-28 18:30,uCa__0dHByI,10158263,ギフト受け取り,,@25yu-d1t,UCTui3sFCgf7pLf3B3ffWeGQ,,received a gift membership by @モゅちゃん
2026-09-28 18:30,uCa__0dHByI,10159412,ギフト受け取り,,@ロボカスだよ,UCHRK-OhQakoGux0ixtQHPug,,received a gift membership by @モゅちゃん
2026-09-28 18:30,uCa__0dHByI,10160320,ギフト受け取り,,@たまじろ-t1v,UC8llhy9nync6fa9EeHJuCbw,,received a gift membership by @モゅちゃん
2026-09-28 18:30,uCa__0dHByI,10160974,ギフト受け取り,,@みゅーねこ-ShioN,UCODZq1ypS6hPQYSSRWwkdnA,,received a gift membership by @モゅちゃん
2026-09-28 18:30,uCa__0dHByI,10161753,ギフト受け取り,,@Smacznego3,UC0VjpTnWVQEzUtZ9jPGkN9A,,received a gift membership by @モゅちゃん
2026-09-28 18:30,uCa__0dHByI,10162684,ギフト受け取り,,@LOVE-hw5qt,UC9gOSS_oRZ_vBM3fVJLoIeQ,,received a gift membership by @モゅちゃん
2026-09-28 18:30,uCa__0dHByI,10163520,ギフト受け取り,,@miii79072,UCssj8xoZpo84wVza1wNZ-_Q,,received a gift membership by @モゅちゃん
2026-09-28 18:30,uCa__0dHByI,10164308,ギフト受け取り,,@god-zy1zm,UCHQssWxcCmuMQgAJNkJBXdA,,received a gift membership by @モゅちゃん
2026-09-28 18:30,uCa__0dHByI,10165138,ギフト受け取り,,@かしおぺいあ座,UCF2A_Bi4yknqNfuuP41eEaQ,,received a gift membership by @モゅちゃん
2026-09-28 18:30,uCa__0dHByI,10167180,ギフト受け取り,,@harurun765,UCvKk7wzsHBucu2dFpnTuVgw,,received a gift membership by @MARIE-s1o3b
2026-09-28 18:30,uCa__0dHByI,10168225,ギフト受け取り,,@coke398,UClSXwU7xvxtEYBxfbvIqgBQ,,received a gift membership by @MARIE-s1o3b
2026-09-28 18:30,uCa__0dHByI,10168912,ギフト受け取り,,@leonesimezi747,UCZ2QPGnK49d3dEj9yF2peQQ,,received a gift membership by @MARIE-s1o3b
2026-09-28 18:30,uCa__0dHByI,10169692,ギフト受け取り,,@253だよ,UCV7TJWyviMk1kgHM7XGeyoA,,received a gift membership by @MARIE-s1o3b
2026-09-28 18:30,uCa__0dHByI,10170508,ギフト受け取り,,@むとん-d4z,UCM8eMiW9rKBHIwIEiHo4qOg,,received a gift membership by @MARIE-s1o3b
2026-09-28 18:30,uCa__0dHByI,10205928,ギフト購入,,@とりま283,UCnGpLjOOVF3wrxjV0EDo05A,5,Sent 5 エクス・アルビオ -Ex Albio- gift memberships
2026-09-28 18:30,uCa__0dHByI,10207443,ギフト受け取り,,@yapa5395,UCjjevGIaxn3qA8WTDF-t_Ag,,received a gift membership by @とりま283
2026-09-28 18:30,uCa__0dHByI,10208430,ギフト受け取り,,@fkswtkm,UCurbJNuJom0JEVukRrG6KQw,,received a gift membership by @とりま283
2026-09-28 18:30,uCa__0dHByI,10209393,ギフト受け取り,,@みみみ-y9d6w,UC8Hk8FGWibI_a2Bf--wHJiQ,,received a gift membership by @とりま283
2026-09-28 18:30,uCa__0dHByI,10210411,ギフト受け取り,,@たけトンボ-e8r,UCzy67ELKkV8vGpzCR6dBSuA,,received a gift membership by @とりま283
2026-09-28 18:30,uCa__0dHByI,10211169,ギフト受け取り,,@user-xf5xl2io5j,UCfPs0_o2Sfl5HYysx2kEg_w,,received a gift membership by @とりま283
2026-09-28 18:30,uCa__0dHByI,10250491,ギフト購入,,@ねむたみの鎌足,UC7j7Y58IOPAdra_MNzqYNkw,5,Sent 5 エクス・アルビオ -Ex Albio- gift memberships
2026-09-28 18:30,uCa__0dHByI,10251642,ギフト受け取り,,@もち-i3u,UCgLPO2TxV_KkmL3eePJQWRQ,,received a gift membership by @ねむたみの鎌足
2026-09-28 18:30,uCa__0dHByI,10252549,ギフト受け取り,,@izuki433,UCfoAseRqxBGNG4e19AxkU9g,,received a gift membership by @ねむたみの鎌足
2026-09-28 18:30,uCa__0dHByI,10253337,ギフト受け取り,,@なす-o4h5b,UCjYC9tzGbHMY4IyVORCG6ig,,received a gift membership by @ねむたみの鎌足
2026-09-28 18:30,uCa__0dHByI,10254057,ギフト受け取り,,@ふぁんたじえびお,UCk2pKBAp3PyJpy56e8Vv6EQ,,received a gift membership by @ねむたみの鎌足
2026-09-28 18:30,uCa__0dHByI,10254843,ギフト受け取り,,@kaz.t.648,UCPw0iZbWBBdWMR06wTlVUJQ,,received a gift membership by @ねむたみの鎌足
2026-09-28 18:30,uCa__0dHByI,19506743,新規加入,英友,@201-y4i,UCR56vNiJS0BFgqPydIacH2w,New member,Welcome to 英友!
2026-09-28 18:30,uCa__0dHByI,19636345,新規加入,英友,@MAKI_마키K,UCQWKKHX-xFCZzhmW1GQL0zA,New member,Welcome to 英友!
2026-09-29 18:24,jP7qYB95914,191155,継続マイルストーン,英友,@ゆのちゃみ0813,UChBOloJnFeV89XxofAnjMFQ,43,Member for 43 months
2026-09-29 18:24,jP7qYB95914,8364542,ギフト購入,,@ぷぴなちょぽす,UCw6Mgw4usEsMMFq2LnJpVBQ,10,Sent 10 エクス・アルビオ -Ex Albio- gift memberships
2026-09-29 18:24,jP7qYB95914,8375807,ギフト受け取り,,@えびマヨネーズ-r4j,UCrUXs0748VgmNog7x42By1g,,received a gift membership by @ぷぴなちょぽす
2026-09-29 18:24,jP7qYB95914,8376802,ギフト受け取り,,@卯月輝陽-うづきてるひ,UC6RXHtmJGLXl6g1AtYnWsbg,,received a gift membership by @ぷぴなちょぽす
2026-09-29 18:24,jP7qYB95914,8377562,ギフト受け取り,,@まーや0408,UCV6zLDDnB_J-KKuIjFjsv2Q,,received a gift membership by @ぷぴなちょぽす
2026-09-29 18:24,jP7qYB95914,8378361,ギフト受け取り,,@serecse,UCSHvVgfISUMa9ITHv1IJMSw,,received a gift membership by @ぷぴなちょぽす
2026-09-29 18:24,jP7qYB95914,8379321,ギフト受け取り,,@くが-g3k,UCOrAyNVpYRBM7ARx73cV6oQ,,received a gift membership by @ぷぴなちょぽす
2026-09-29 18:24,jP7qYB95914,8380299,ギフト受け取り,,@ブルマウ-f8y,UC5YgmdFWdsyV2GYCtiX5b5w,,received a gift membership by @ぷぴなちょぽす
2026-09-29 18:24,jP7qYB95914,8381431,ギフト受け取り,,@ななしのなあり,UCdNja8wBoCqFoKNpvCYmk4Q,,received a gift membership by @ぷぴなちょぽす
2026-09-29 18:24,jP7qYB95914,8382198,ギフト受け取り,,@テテロ-y3h,UC-xo6T41214e3BctXv3GcLA,,received a gift membership by @ぷぴなちょぽす
2026-09-29 18:24,jP7qYB95914,8383271,ギフト受け取り,,@3ケンピナ,UCltWqA1pFdOGgUfT8czaxrQ,,received a gift membership by @ぷぴなちょぽす
2026-09-29 18:24,jP7qYB95914,8384587,ギフト受け取り,,@sawa_128,UCERWwlmrcfbknqzgRP-7GWg,,received a gift membership by @ぷぴなちょぽす
2026-09-29 18:24,jP7qYB95914,8806692,ギフト購入,,@ぺんぺん-w7t,UCz_rlkt_3rDL4Eea89VsjTQ,10,Sent 10 エクス・アルビオ -Ex Albio- gift memberships
2026-09-29 18:24,jP7qYB95914,8808060,ギフト受け取り,,@あやは-h7l,UCrIs6aWF9wDKzesLucHyxAA,,received a gift membership by @ぺんぺん-w7t
2026-09-29 18:24,jP7qYB95914,8808888,ギフト受け取り,,@32mitsu,UC1ljM1yzFGMumza34GGUyww,,received a gift membership by @ぺんぺん-w7t
2026-09-29 18:24,jP7qYB95914,8809850,ギフト受け取り,,@あーたろ-q8k,UCOhRO2x1SZjEjd39WSTsj6g,,received a gift membership by @ぺんぺん-w7t
2026-09-29 18:24,jP7qYB95914,8811010,ギフト受け取り,,@ゆと-h5q,UCxJOrIaIh_03fiG64oeepDw,,received a gift membership by @ぺんぺん-w7t
2026-09-29 18:24,jP7qYB95914,8812018,ギフト受け取り,,@notyourgummy,UCN1Tir2jlrP-VeNMP80zeAQ,,received a gift membership by @ぺんぺん-w7t
2026-09-29 18:24,jP7qYB95914,8812927,ギフト受け取り,,@takowasa_b,UC-4rwP1IJKeLQSSeVlzDLxg,,received a gift membership by @ぺんぺん-w7t
2026-09-29 18:24,jP7qYB95914,8813865,ギフト受け取り,,@かぐら-7,UCHL1j-bEWpVckcAt287gI1w,,received a gift membership by @ぺんぺん-w7t
2026-09-29 18:24,jP7qYB95914,8814978,ギフト受け取り,,@まりも-l2f8z,UCrdMG_0a_mro5E0R0bhvjYg,,received a gift membership by @ぺんぺん-w7t
2026-09-29 18:24,jP7qYB95914,8816430,ギフト受け取り,,@FONdesuyo,UCuZzyzWpKkMqj9uBxBdeR2Q,,received a gift membership by @ぺんぺん-w7t
2026-09-29 18:24,jP7qYB95914,8817584,ギフト受け取り,,@MiComet3688,UCQsKHruAyw8FDtv6mndLaiQ,,received a gift membership by @ぺんぺん-w7t
2026-09-29 18:24,jP7qYB95914,8864957,新規加入,英友,@アズマ777,UCN8H2M0NGg5JQ31iPoOMOSQ,Member (1 month),Welcome to 英友!
2026-09-29 18:24,jP7qYB95914,8873707,ギフト購入,,@めむ_sua,UCbjQF4pCLCu7FeyDF4N7J8g,10,Sent 10 エクス・アルビオ -Ex Albio- gift memberships
2026-09-29 18:24,jP7qYB95914,8874801,ギフト受け取り,,@ナルハチ,UCAIizQU1DGGrARM-4rHF2Mw,,received a gift membership by @めむ_sua
2026-09-29 18:24,jP7qYB95914,8875396,ギフト受け取り,,@いのちゃん-q8f,UCuu9O0lVkE-AwzjPyCN4RQw,,received a gift membership by @めむ_sua
2026-09-29 18:24,jP7qYB95914,8876267,ギフト受け取り,,@aterino,UCIbRSSB7XSiaLpVly7ijUcQ,,received a gift membership by @めむ_sua
2026-09-29 18:24,jP7qYB95914,8877212,ギフト受け取り,,@19atlanta83,UCqD0j_dgbgpIkyRRjorKKFg,,received a gift membership by @めむ_sua
2026-09-29 18:24,jP7qYB95914,8878149,ギフト受け取り,,@toyotomi17,UC7ptsVsKKyaVPkZO9rCJGSw,,received a gift membership by @めむ_sua
2026-09-29 18:24,jP7qYB95914,8879188,ギフト受け取り,,@ねぎマル,UCr8AlgMjNC6iJoswIMNf9dA,,received a gift membership by @めむ_sua
2026-09-29 18:24,jP7qYB95914,8880061,ギフト受け取り,,@ようかん-b7y,UCVT9mcHibyFssYWfoC39-Iw,,received a gift membership by @めむ_sua
2026-09-29 18:24,jP7qYB95914,8880964,ギフト受け取り,,@miracleheavenaway,UCIwpOS0191PGzxjA_FCn0zg,,received a gift membership by @めむ_sua
2026-09-29 18:24,jP7qYB95914,8881771,ギフト受け取り,,@チリクロ,UCfIzH141H7aVnFGx6nrkltA,,received a gift membership by @めむ_sua
2026-09-29 18:24,jP7qYB95914,8882872,ギフト受け取り,,@aki-ok56,UCiXxvSB4nqBHxw3aMLrbzDA,,received a gift membership by @めむ_sua
2026-09-29 18:24,jP7qYB95914,23084031,ギフト購入,,@吉野_s,UC96coUw8IUvCQIgxGe776KQ,10,Sent 10 エクス・アルビオ -Ex Albio- gift memberships
2026-09-29 18:24,jP7qYB95914,23085459,ギフト受け取り,,@メメ様,UCPagT6iEuHN3IdNIZufTAPA,,received a gift membership by @吉野_s
2026-09-29 18:24,jP7qYB95914,23086479,ギフト受け取り,,@アメーバ-k2r,UCf8kEK-4Dohmq8F4WNV7fRQ,,received a gift membership by @吉野_s
2026-09-29 18:24,jP7qYB95914,23087333,ギフト受け取り,,@pippi6318,UCqH-K9uz05-ZwdMI3WNe-Sw,,received a gift membership by @吉野_s
2026-09-29 18:24,jP7qYB95914,23088634,ギフト受け取り,,@ねぎみそスープ,UCdb3rRXtyFJBH4t7VprV1cg,,received a gift membership by @吉野_s
2026-09-29 18:24,jP7qYB95914,23091220,ギフト受け取り,,@pume6306,UCntOrnKcynQmhZzEhCLsvFg,,received a gift membership by @吉野_s
2026-09-29 18:24,jP7qYB95914,23092074,ギフト受け取り,,@つむっち_0-0,UCNdGrqVsZ1Oq5P4-6NrJzow,,received a gift membership by @吉野_s
2026-09-29 18:24,jP7qYB95914,23092989,ギフト受け取り,,@天塩川,UCMXYwKYPA1hbUkaK3DvVHmw,,received a gift membership by @吉野_s
2026-09-29 18:24,jP7qYB95914,23093721,ギフト受け取り,,@tayusanba,UCpHiZ13v7gzncjv72lJgU5w,,received a gift membership by @吉野_s
2026-09-29 18:24,jP7qYB95914,23094757,ギフト受け取り,,@紫電_stir,UC7-hA18S0HLnHJl-FcxQlFQ,,received a gift membership by @吉野_s
2026-09-29 18:24,jP7qYB95914,23095556,ギフト受け取り,,@白石-b2n,UCoS_DzJjdGgxGDH2Iu6mUhg,,received a gift membership by @吉野_s
2026-10-01 18:10,s2Xwts6TZgg,10362699,新規加入,英友,@inazumayuuna,UCy_pTMLOOPPI0gWxJtMKR2w,New member,Welcome to 英友!
2026-10-01 18:10,s2Xwts6TZgg,15764481,再加入/レベル変更,英友,@くっくちゃん_3121,UCs8C8_P_BO3s9DwCckT7dEw,Member (2 months),Welcome to 英友!
2026-10-01 18:10,s2Xwts6TZgg,23740449,新規加入,英友,@err03-e3,UCDFPQ-3KMeHQICvHR_AvM3w,New member,Welcome to 英友!
2026-10-02 18:27,NcSJcCwslns,4215995,再加入/レベル変更,英友,@The_Fool_,UCLgul0HE8EU5a7b5tOFnCfw,Member (2 months),Welcome to 英友!
2026-10-02 18:27,NcSJcCwslns,14134462,再加入/レベル変更,英友,@kaieldo5964,UCUmOP6lHSqAcn2OkUm5V4Lg,Member (2 months),Welcome to 英友!
2026-10-03 18:21,-ulq_ejHl2U,31620216,ギフト購入,,@neroo_34,UCSLBS_uPLOzzTMkMEDcUpyw,50,Sent 50 エクス・アルビオ -Ex Albio- gift memberships
2026-10-03 18:21,-ulq_ejHl2U,31621584,ギフト受け取り,,@hukuiintyouB,UC70Ih5xtasGc5pCVZnYWrfw,,received a gift membership by @neroo_34
2026-10-03 18:21,-ulq_ejHl2U,31623065,ギフト受け取り,,@Mirko.D.,UCfnKaVLWnRAgoKhIgmV2d3A,,received a gift membership by @neroo_34
2026-10-03 18:21,-ulq_ejHl2U,31623985,ギフト受け取り,,@みんと-n7k,UCxR-8ae3QVBGT3F99aHOolA,,received a gift membership by @neroo_34
2026-10-03 18:21,-ulq_ejHl2U,31625030,ギフト受け取り,,@あるとるP,UC9pXjP8RldPIe_FLIsel0Cw,,received a gift membership by @neroo_34
2026-10-03 18:21,-ulq_ejHl2U,31625981,ギフト受け取り,,@きーーーーーーーーーー,UCPlU0eNzM64nj3PkJy4rr4Q,,received a gift membership by @neroo_34
2026-10-03 18:21,-ulq_ejHl2U,31626773,ギフト受け取り,,@和-c4h,UCGuj-hNZV5aoIqTEj3N9kTg,,received a gift membership by @neroo_34
2026-10-03 18:21,-ulq_ejHl2U,31627728,ギフト受け取り,,@user-mo9ie5rt5j,UCFnOqMrtEVTwkXFLgzgrTcQ,,received a gift membership by @neroo_34
2026-10-03 18:21,-ulq_ejHl2U,31628616,ギフト受け取り,,@ほのか-z8e,UCtjCtvnx6eV54IxDiiNKRXw,,received a gift membership by @neroo_34
2026-10-03 18:21,-ulq_ejHl2U,31629184,ギフト受け取り,,@NUKEGARA,UCmxkdyqZ1fyG4MTbEAlV9eQ,,received a gift membership by @neroo_34
2026-10-03 18:21,-ulq_ejHl2U,31629947,ギフト受け取り,,@あちょ-q3m,UCZ777vY6cq78twHMgSu12-g,,received a gift membership by @neroo_34
2026-10-03 18:21,-ulq_ejHl2U,31630746,ギフト受け取り,,@nmhs2,UCF-Hem6UzeBl64so5ncsycQ,,received a gift membership by @neroo_34
2026-10-03 18:21,-ulq_ejHl2U,31631766,ギフト受け取り,,@wakamemiso7777,UCs26iXGHJh70QwGD8kmwHOQ,,received a gift membership by @neroo_34
2026-10-03 18:21,-ulq_ejHl2U,31632410,ギフト受け取り,,@ゴリラゴリラゴリラ-s2z,UCBihBDJg_2Eki_NBp2WbIWw,,received a gift membership by @neroo_34
2026-10-03 18:21,-ulq_ejHl2U,31633186,ギフト受け取り,,@ケミカルお姉さん,UCEmVIoFFquHskSC5qXPln9w,,received a gift membership by @neroo_34
2026-10-03 18:21,-ulq_ejHl2U,31634064,ギフト受け取り,,@yukiya-87,UCDSEUWrAzPNjyfadBlcs-gQ,,received a gift membership by @neroo_34
2026-10-03 18:21,-ulq_ejHl2U,31634834,ギフト受け取り,,@Apis_melli-ferre,UCi9oBiIKuhtNgfh6wTV8Eww,,received a gift membership by @neroo_34
2026-10-03 18:21,-ulq_ejHl2U,31635664,ギフト受け取り,,@あおなぎはやて,UC8eRdd8a2bpBPK4m09-lOHQ,,received a gift membership by @neroo_34
2026-10-03 18:21,-ulq_ejHl2U,31636650,ギフト受け取り,,@playgame-wp5xo,UCyZOmD88PNC3-l_nWeL8p5g,,received a gift membership by @neroo_34
2026-10-03 18:21,-ulq_ejHl2U,31637487,ギフト受け取り,,@武田ぎゅん,UC2zRHFQZ4vEC5Mi_SgXiEzg,,received a gift membership by @neroo_34
2026-10-03 18:21,-ulq_ejHl2U,31638187,ギフト受け取り,,@yamama_k,UCmrsg6WQISDDJBmzBs3TdOA,,received a gift membership by @neroo_34
2026-10-03 18:21,-ulq_ejHl2U,31638988,ギフト受け取り,,@さかちゃん-e3u,UCuJCQwNnp1FaQFny0YdJH3Q,,received a gift membership by @neroo_34
2026-10-03 18:21,-ulq_ejHl2U,31639636,ギフト受け取り,,@tomato-saba,UC0pZYX5yKtDVwNZKGXOlxHQ,,received a gift membership by @neroo_34
2026-10-03 18:21,-ulq_ejHl2U,31640387,ギフト受け取り,,@ne3_shaga_,UCDXN98DM05E3dK491AwTSXQ,,received a gift membership by @neroo_34
2026-10-03 18:21,-ulq_ejHl2U,31641187,ギフト受け取り,,@schadenhehehe8021,UCrSc0UrKM_p6p81qIaIFGLg,,received a gift membership by @neroo_34
2026-10-03 18:21,-ulq_ejHl2U,31642128,ギフト受け取り,,@大工_DAIKU,UCA_WtJ9CYQPCdrjCJeJ6Yng,,received a gift membership by @neroo_34
2026-10-03 18:21,-ulq_ejHl2U,31643049,ギフト受け取り,,@oshiruko_niji,UCI90br7BpGoy6k5wOGHFJXA,,received a gift membership by @neroo_34
2026-10-03 18:21,-ulq_ejHl2U,31643911,ギフト受け取り,,@huruponpon,UCFAwcTcia1wEY-w89pTSH9A,,received a gift membership by @neroo_34
2026-10-03 18:21,-ulq_ejHl2U,31644813,ギフト受け取り,,@新居俊典,UCo6JRJYPwrUbrcBr34LD-Ew,,received a gift membership by @neroo_34
2026-10-03 18:21,-ulq_ejHl2U,31645601,ギフト受け取り,,@wash1ro166,UCmk9ik-a19KuWaQDBpWC4Sg,,received a gift membership by @neroo_34
2026-10-03 18:21,-ulq_ejHl2U,31646350,ギフト受け取り,,@haya0650,UCN4vjaeGqrHMLmO4N2YgIbg,,received a gift membership by @neroo_34
2026-10-03 18:21,-ulq_ejHl2U,31646994,ギフト受け取り,,@すい-i9c8b,UCtOOMosRAoGJzMSKTsXHaVw,,received a gift membership by @neroo_34
2026-10-03 18:21,-ulq_ejHl2U,31647659,ギフト受け取り,,@ハマダ-z3t,UCHTL2wc7D_n2rmb2mG040NQ,,received a gift membership by @neroo_34
2026-10-03 18:21,-ulq_ejHl2U,31648739,ギフト受け取り,,@kasa7877,UCkvOJNfSRrKcZ1cyrPVkv6A,,received a gift membership by @neroo_34
2026-10-03 18:21,-ulq_ejHl2U,31649537,ギフト受け取り,,@giii-3,UCJEmsoCquFamQCK_s5JHaPQ,,received a gift membership by @neroo_34
2026-10-03 18:21,-ulq_ejHl2U,31650371,ギフト受け取り,,@kazuvvvvv,UC0wJN70Qjxwd_5YI5oMPSyA,,received a gift membership by @neroo_34
2026-10-03 18:21,-ulq_ejHl2U,31651228,ギフト受け取り,,@kaipooo-j3t,UC2WrmX35j71mW6yVQp1t4yQ,,received a gift membership by @neroo_34
2026-10-03 18:21,-ulq_ejHl2U,31652060,ギフト受け取り,,@わわわ-h2i,UCbXQZhrr1ATCgdq-Xx44VWg,,received a gift membership by @neroo_34
2026-10-03 18:21,-ulq_ejHl2U,31652778,ギフト受け取り,,@べべべ-g1e,UCvWh_CeQOj3XtDkePTLNcJw,,received a gift membership by @neroo_34
2026-10-03 18:21,-ulq_ejHl2U,31653674,ギフト受け取り,,@柚子胡椒-l3i,UCxqskoOt85Mkv828QwtHSRw,,received a gift membership by @neroo_34
2026-10-03 18:21,-ulq_ejHl2U,31654596,ギフト受け取り,,@WADA-yase,UClYDwr2mCMhSTqyMD-CUNJg,,received a gift membership by @neroo_34
2026-10-03 18:21,-ulq_ejHl2U,31655577,ギフト受け取り,,@354-p3b,UCN3oAWRn0-q4JRobDiS6adQ,,received a gift membership by @neroo_34
2026-10-03 18:21,-ulq_ejHl2U,31656277,ギフト受け取り,,@ウナギ-n5n,UCdl3HhktZUZbNU5fr2MSUYQ,,received a gift membership by @neroo_34
2026-10-03 18:21,-ulq_ejHl2U,31656954,ギフト受け取り,,@nかなた-x8g,UCm6YCgcGIn7xwS5d1bGnwQQ,,received a gift membership by @neroo_34
2026-10-03 18:21,-ulq_ejHl2U,31657797,ギフト受け取り,,@レジギガス大好きまん,UCLtsuw6vglxWfryADjtdNqQ,,received a gift membership by @neroo_34
2026-10-03 18:21,-ulq_ejHl2U,31658534,ギフト受け取り,,@あいおわ,UC889bnoZyXg_KAstdkbKMvQ,,received a gift membership by @neroo_34
2026-10-03 18:21,-ulq_ejHl2U,31658741,ギフト購入,,@mari7036,UCm5Vp0Yxiw0kRzZtQWsheYQ,10,Sent 10 エクス・アルビオ -Ex Albio- gift memberships
2026-10-03 18:21,-ulq_ejHl2U,31659143,ギフト受け取り,,@mikotoplus1540,UC4Wi_9_EGALUB8pQnHTix2Q,,received a gift membership by @neroo_34
2026-10-03 18:21,-ulq_ejHl2U,31659994,ギフト受け取り,,@めぇ-u5p,UChtZkzYe9bdIhMh0grsToOg,,received a gift membership by @neroo_34
2026-10-03 18:21,-ulq_ejHl2U,31660864,ギフト受け取り,,@momoko8180,UC_EPLwnsKT_8OiMTe9B169w,,received a gift membership by @neroo_34
2026-10-03 18:21,-ulq_ejHl2U,31661681,ギフト受け取り,,@すどーり尾張,UCJYHHvWzb57WJNhIFRdVGcQ,,received a gift membership by @neroo_34
2026-10-03 18:21,-ulq_ejHl2U,31662473,ギフト受け取り,,@TT-cl1xq,UCIgMWJJ5znETcEHGcvaQZRg,,received a gift membership by @neroo_34
2026-10-03 18:21,-ulq_ejHl2U,31664520,ギフト受け取り,,@つぼん-z1w,UCbz1BxsPONVSgE3f12Ndg-g,,received a gift membership by @mari7036
2026-10-03 18:21,-ulq_ejHl2U,31665382,ギフト受け取り,,@にぶきゅうふ,UCXKuwjCNA9h7d6U3TC-IT_A,,received a gift membership by @mari7036
2026-10-03 18:21,-ulq_ejHl2U,31666190,ギフト受け取り,,@_musubi2054,UCvaIfQ3GwK03tqA10zV_9RA,,received a gift membership by @mari7036
2026-10-03 18:21,-ulq_ejHl2U,31667289,ギフト受け取り,,@1dolyPr1d3,UC3hOT0SkZeUT9i7-fiihfGg,,received a gift membership by @mari7036
2026-10-03 18:21,-ulq_ejHl2U,31668222,ギフト受け取り,,@ora3290,UC__r7rDT2PuGykL0ypW9i0A,,received a gift membership by @mari7036
2026-10-03 18:21,-ulq_ejHl2U,31668977,ギフト受け取り,,@ルイボスティー-w4e,UC1mODPeUDNjb_lS6KRGCoAA,,received a gift membership by @mari7036
2026-10-03 18:21,-ulq_ejHl2U,31669842,ギフト受け取り,,@paranoidmik,UC-0vPvsyDBClATKUvvjelfg,,received a gift membership by @mari7036
2026-10-03 18:21,-ulq_ejHl2U,31670703,ギフト受け取り,,@めこめこ-i9c,UCjku4l9e9W25ogZDSOuaGvQ,,received a gift membership by @mari7036
2026-10-03 18:21,-ulq_ejHl2U,31671544,ギフト受け取り,,@ウル-d3u,UCcXOHxb0c0tytDXnV4VBS5w,,received a gift membership by @mari7036
2026-10-03 18:21,-ulq_ejHl2U,31672234,ギフト受け取り,,@おかん_Okan,UCTpxlsJtyJaMQHngKM1MSkA,,received a gift membership by @mari7036
2026-10-04 22:25,r0q3MwWZf2I,0,再加入/レベル変更,英友,@smmy_yade,UCKR0ZEWiyjxEb9rtv6M5KEw,Member (1 year),Welcome to 英友!
2026-10-04 22:25,r0q3MwWZf2I,0,新規加入,英友,@かなまな-n5f,UCy1xDzw1E2BlUouSHZlPhgA,New member,Welcome to 英友!
2026-10-04 22:25,r0q3MwWZf2I,233890,再加入/レベル変更,英友,@戦士のなりそこない,UCbBVxZTq-kR93tjmSP1WXow,Member (6 months),Welcome to 英友!
2026-10-04 22:25,r0q3MwWZf2I,554143,継続マイルストーン,英友,@さかさか-002,UCiO75oPzUiy1una-vjXeWBg,14,Member for 14 months
2026-10-04 22:25,r0q3MwWZf2I,6375413,再加入/レベル変更,英友,@天ぷら-i7v,UCQrAYMwE1AprsXqZy_YRrdg,Member (1 year),Welcome to 英友!
2026-10-05 22:28,RhuAj3TGR2A,190026,ギフト購入,,@ぷぴなちょぽす,UCw6Mgw4usEsMMFq2LnJpVBQ,10,Sent 10 エクス・アルビオ -Ex Albio- gift memberships
2026-10-05 22:28,RhuAj3TGR2A,191517,ギフト受け取り,,@aoi-h6k-w9t,UCH-QhEkAF2Zn-9VXXTV2Prg,,received a gift membership by @ぷぴなちょぽす
2026-10-05 22:28,RhuAj3TGR2A,192492,ギフト受け取り,,@ピングイン,UC_MzCf2VzGcbfyzEG2RvJlw,,received a gift membership by @ぷぴなちょぽす
2026-10-05 22:28,RhuAj3TGR2A,193526,ギフト受け取り,,@albee810,UCUWWQGvvtiZAY7nRsgN74TA,,received a gift membership by @ぷぴなちょぽす
2026-10-05 22:28,RhuAj3TGR2A,194276,ギフト受け取り,,@何かの部品,UCEbaAMbkjzzXX6ITlJ2LJAA,,received a gift membership by @ぷぴなちょぽす
2026-10-05 22:28,RhuAj3TGR2A,194971,ギフト受け取り,,@kohe-d5w,UCX31tLni0YL9VAOxcZbfBFQ,,received a gift membership by @ぷぴなちょぽす
2026-10-05 22:28,RhuAj3TGR2A,195917,ギフト受け取り,,@v_tsubugai,UC2u6fWHY820cYjfkRmGADIw,,received a gift membership by @ぷぴなちょぽす
2026-10-05 22:28,RhuAj3TGR2A,196612,ギフト受け取り,,@やなぎ-o7h,UCEJKnJ1nuvYIBwYbCunJrnQ,,received a gift membership by @ぷぴなちょぽす
2026-10-05 22:28,RhuAj3TGR2A,197593,ギフト受け取り,,@suzuhajirou涼葉ジロー,UCGdz19j2PfyK-fAWq0Q6a0g,,received a gift membership by @ぷぴなちょぽす
2026-10-05 22:28,RhuAj3TGR2A,198322,ギフト受け取り,,@ゆゆゆ-i4q,UCEJDXsptHE4fWcFkgOxrJCA,,received a gift membership by @ぷぴなちょぽす
2026-10-05 22:28,RhuAj3TGR2A,199184,ギフト受け取り,,@らぺ-Cz75,UC_IKpaeGvGOWEAJ_M0xoY3Q,,received a gift membership by @ぷぴなちょぽす
2026-10-05 22:28,RhuAj3TGR2A,377690,新規加入,英友,@あい0122v-v,UCEyEgR2agEXF5lfykkBAJjA,New member,Welcome to 英友!
2026-10-05 22:28,RhuAj3TGR2A,8114427,新規加入,英友,@Rei0252,UCk3fz9E3I70hbhIL21pu-Nw,New member,Welcome to 英友!
2026-10-05 22:28,RhuAj3TGR2A,9630570,再加入/レベル変更,英友,@辛党ケーキ,UCIW6JiE1TaJ8d3Cw-hO8Raw,Member (2 months),Welcome to 英友!
2026-10-06 23:05,OKwyNeO-7CM,122004,継続マイルストーン,英友,@Chiharu_Musica,UCQuJUv913SSTMvXKc3VvY1w,19,Member for 19 months
2026-10-06 23:05,OKwyNeO-7CM,128743,再加入/レベル変更,英友,@obaba977,UCKnnFZ4B9tQzUXkOSsgeoAw,Member (1 year),Welcome to 英友!
2026-10-06 23:05,OKwyNeO-7CM,153960,新規加入,英友,@すずらん-zephyr,UCposkzqFyx5RtJF_wTf8GcA,New member,Welcome to 英友!
2026-10-06 23:05,OKwyNeO-7CM,212581,ギフト購入,,@ぷぴなちょぽす,UCw6Mgw4usEsMMFq2LnJpVBQ,10,Sent 10 エクス・アルビオ -Ex Albio- gift memberships
2026-10-06 23:05,OKwyNeO-7CM,213336,ギフト受け取り,,@tannnokunn,UCVv02S8Zn-OYbqTUMBUbr3Q,,received a gift membership by @ぷぴなちょぽす
2026-10-06 23:05,OKwyNeO-7CM,215218,ギフト受け取り,,@xエムエスx,UCo6W8g1re1dyEtRhOWEPfYw,,received a gift membership by @ぷぴなちょぽす
2026-10-06 23:05,OKwyNeO-7CM,217457,ギフト受け取り,,@sleepy_kay,UCwc4LSSpDBjVZDMVFJ2dJ_w,,received a gift membership by @ぷぴなちょぽす
2026-10-06 23:05,OKwyNeO-7CM,218427,ギフト受け取り,,@user-tenlight,UCICQ_KZxt5xNTTaHJjkQm0A,,received a gift membership by @ぷぴなちょぽす
2026-10-06 23:05,OKwyNeO-7CM,219297,ギフト受け取り,,@_kifuyu9080,UCohbh4Ytv1JMHQxF-Go69bw,,received a gift membership by @ぷぴなちょぽす
2026-10-06 23:05,OKwyNeO-7CM,219998,ギフト受け取り,,@きょうや-l2l,UC8f7Zc1KQuRuYxYeEdy7ezg,,received a gift membership by @ぷぴなちょぽす
2026-10-06 23:05,OKwyNeO-7CM,221127,ギフト受け取り,,@うっすらトンカツ,UCQMzXygA5QqR1VovnXzYlTQ,,received a gift membership by @ぷぴなちょぽす
2026-10-06 23:05,OKwyNeO-7CM,221998,ギフト受け取り,,@paraparapirahu,UCf9fNVPgEJets7mGoR2LgNw,,received a gift membership by @ぷぴなちょぽす
2026-10-06 23:05,OKwyNeO-7CM,222929,ギフト受け取り,,@pandarru,UCxGGIoHevbhoJk2Yxa0vd-Q,,received a gift membership by @ぷぴなちょぽす
2026-10-06 23:05,OKwyNeO-7CM,441018,継続マイルストーン,英友,@4HrsRhs,UCapCOozz_JsQMwvRHiTJIKg,21,Member for 21 months
2026-10-06 23:05,OKwyNeO-7CM,679200,新規加入,英友,@うどんそば-b5n,UC5i6cocbpHUnj0C3OzGOofg,Member (1 month),Welcome to 英友!
2026-10-06 23:05,OKwyNeO-7CM,2286328,新規加入,英友,@yuzu__1204_keyex,UCvxnK8u8CuCkMzE9Ys9aZ7A,New member,Welcome to 英友!
