channel_id,name,badge_months,badge,badge_tooltip,milestone_months,tier,tier_source,revenue_note,streams_seen,messages,superchats,first_seen,last_seen,joined_in_period,gift_received,url
UC1lgKSjK459gm9r6ZqRAKIg,@komugi_こむぎ,36,3年,Member (3 years),,不明,,,24,3225,1,2026-09-13 22:03,2026-10-08 21:09,,,https://www.youtube.com/channel/UC1lgKSjK459gm9r6ZqRAKIg
UCeow83l7BE0nhIMzfq65qnQ,@CathareenRomase,36,3年,Member (3 years),43,"The Arcade, Dropplets!!",マイルストーン,,23,4766,2,2026-09-13 22:03,2026-10-08 21:09,,,https://www.youtube.com/channel/UCeow83l7BE0nhIMzfq65qnQ
UCpXgZTz-kV9OlYnrx1u-9Vg,@RISA_りさ_4,36,3年,Member (3 years),44,"The Arcade, Dropplets!!",マイルストーン,,23,822,1,2026-09-13 22:03,2026-10-08 21:09,,,https://www.youtube.com/channel/UCpXgZTz-kV9OlYnrx1u-9Vg
UCYqtNWRst9MngXOymZCb78g,@kyohrvs,36,3年,Member (3 years),37,"The Arcade, Dropplets!!",マイルストーン,,23,465,0,2026-09-13 22:03,2026-10-08 21:09,,,https://www.youtube.com/channel/UCYqtNWRst9MngXOymZCb78g
UCiFDv3N3kC4u3UNFjSeykvg,@anicia681,36,3年,Member (3 years),44,"The Arcade, Dropplets!!",マイルストーン,,23,1618,3,2026-09-13 22:03,2026-10-08 21:09,,,https://www.youtube.com/channel/UCiFDv3N3kC4u3UNFjSeykvg
UCE85HFfE-ngboQO-Jei7xqQ,@samm-c8,36,3年,Member (3 years),,不明,,,22,874,1,2026-09-13 22:03,2026-10-08 21:09,,,https://www.youtube.com/channel/UCE85HFfE-ngboQO-Jei7xqQ
UC1yd94zULMUqiXmVoY5BW8g,@ksen-scythenyan,36,3年,Member (3 years),42,"The Arcade, Dropplets!!",マイルストーン,,22,2396,0,2026-09-13 22:03,2026-10-08 21:09,,,https://www.youtube.com/channel/UC1yd94zULMUqiXmVoY5BW8g
UCcYcahywPJlfhsvtFgxWzoA,@caramel_mil,36,3年,Member (3 years),39,"The Arcade, Dropplets!!",マイルストーン,,22,2706,7,2026-09-13 22:03,2026-10-08 21:09,,,https://www.youtube.com/channel/UCcYcahywPJlfhsvtFgxWzoA
UC7CovmDSx7Junf5XPHyUQtg,@576Kaname,36,3年,Member (3 years),,不明,,,21,690,0,2026-09-13 22:03,2026-10-08 21:09,,,https://www.youtube.com/channel/UC7CovmDSx7Junf5XPHyUQtg
UCKOuAhQAHAlMb7WUkV7R_SA,@ruri_ri,36,3年,Member (3 years),39,"The Arcade, Dropplets!!",マイルストーン,,21,1309,7,2026-09-13 22:03,2026-10-08 21:09,,,https://www.youtube.com/channel/UCKOuAhQAHAlMb7WUkV7R_SA
UC5xf_OUkdVuo2L3X-fDLyhg,@Suzzy83,36,3年,Member (3 years),43,"The Arcade, Dropplets!!",マイルストーン,,21,2456,0,2026-09-13 22:03,2026-10-04 22:02,,,https://www.youtube.com/channel/UC5xf_OUkdVuo2L3X-fDLyhg
UCcUXCAilp3-vetN0M5p0vhA,@nini_yuuu,36,3年,Member (3 years),41,"The Arcade, Dropplets!!",マイルストーン,,19,376,0,2026-09-13 22:03,2026-10-08 21:09,,,https://www.youtube.com/channel/UCcUXCAilp3-vetN0M5p0vhA
UCB4OhzwtYscJ5rNs_wt_K2w,@ShemLunaria,36,3年,Member (3 years),41,"The Arcade, Dropplets!!",マイルストーン,,17,665,1,2026-09-13 22:03,2026-10-08 21:09,,,https://www.youtube.com/channel/UCB4OhzwtYscJ5rNs_wt_K2w
UC0UOGCxtbZJgd5N8MMKeHkw,@Aelderflower9259,36,3年,Member (3 years),43,"The Arcade, Dropplets!!",マイルストーン,,17,1426,0,2026-09-13 22:03,2026-10-08 21:09,,,https://www.youtube.com/channel/UC0UOGCxtbZJgd5N8MMKeHkw
UCiG-6hVx-WPy9oh9x8QPbbw,@acha-あちゃ,36,3年,Member (3 years),,不明,,,17,601,2,2026-09-13 22:03,2026-10-04 22:02,,,https://www.youtube.com/channel/UCiG-6hVx-WPy9oh9x8QPbbw
UC8XdrU7yv5KYVODIvVyeTMg,@jellykenzie,36,3年,Member (3 years),38,"The Arcade, Dropplets!!",再加入/レベル変更,,17,329,0,2026-09-13 22:03,2026-10-04 22:02,,,https://www.youtube.com/channel/UC8XdrU7yv5KYVODIvVyeTMg
UCIr9vmn32q4Di3SMt4NbVDA,@calvinx5901,36,3年,Member (3 years),,不明,,,17,139,1,2026-09-13 22:03,2026-10-04 22:02,,,https://www.youtube.com/channel/UCIr9vmn32q4Di3SMt4NbVDA
UCEOVqMt-Fz9RLrRNEd1NnGA,@benkutachi,36,3年,Member (3 years),36,"The Arcade, Dropplets!!",マイルストーン,,17,256,0,2026-09-13 22:03,2026-10-08 21:09,,,https://www.youtube.com/channel/UCEOVqMt-Fz9RLrRNEd1NnGA
UCkDCNor-qqZafrak5qMTy1Q,@usachi_nchinchi,36,3年,Member (3 years),43,"The Arcade, Dropplets!!",マイルストーン,,16,232,0,2026-09-13 22:03,2026-10-08 21:09,,,https://www.youtube.com/channel/UCkDCNor-qqZafrak5qMTy1Q
UC7gXHiYNTUfjZY_dBHwpoag,@SatyrIsSatyr,36,3年,Member (3 years),41,"The Arcade, Dropplets!!",マイルストーン,,15,362,5,2026-09-13 22:03,2026-10-04 22:02,,,https://www.youtube.com/channel/UC7gXHiYNTUfjZY_dBHwpoag
UCOnKxT7vr0jmQfsp6yyTcDg,@yoshida2vt,36,3年,Member (3 years),43,"The Arcade, Dropplets!!",マイルストーン,,15,242,1,2026-09-13 22:03,2026-10-04 22:02,,,https://www.youtube.com/channel/UCOnKxT7vr0jmQfsp6yyTcDg
UCqcA_qKj2-GUmeHGLf72YXw,@yumi0206,36,3年,Member (3 years),,不明,,,15,299,1,2026-09-13 22:03,2026-10-04 22:02,,,https://www.youtube.com/channel/UCqcA_qKj2-GUmeHGLf72YXw
UC3BK9nPrqThepDFVr8_G17g,@anto-nee,36,3年,Member (3 years),44,"The Arcade, Dropplets!!",マイルストーン,,14,872,2,2026-09-13 22:03,2026-10-08 21:09,,,https://www.youtube.com/channel/UC3BK9nPrqThepDFVr8_G17g
UCE8Y5wwsAh1GfMj5iiC62_w,@sirimerii,36,3年,Member (3 years),,不明,,,14,446,0,2026-09-14 21:02,2026-10-04 22:02,,,https://www.youtube.com/channel/UCE8Y5wwsAh1GfMj5iiC62_w
UCOFCPosNDvASOkUYBVipw5Q,@Maya-cb3uy,36,3年,Member (3 years),40,"The Arcade, Dropplets!!",マイルストーン,,13,1587,0,2026-09-13 22:03,2026-10-04 22:02,,,https://www.youtube.com/channel/UCOFCPosNDvASOkUYBVipw5Q
UCPJZVMmqrKIZC78ZUgRvR6w,@kiwiww76,36,3年,Member (3 years),43,"The Arcade, Dropplets!!",マイルストーン,,13,690,2,2026-09-13 22:03,2026-10-04 11:01,,,https://www.youtube.com/channel/UCPJZVMmqrKIZC78ZUgRvR6w
UCb59sdk8loGmIvd-LvazN-Q,@kianjimenez05,36,3年,Member (3 years),43,"The Arcade, Dropplets!!",マイルストーン,,13,731,0,2026-09-13 22:03,2026-10-08 21:09,,,https://www.youtube.com/channel/UCb59sdk8loGmIvd-LvazN-Q
UCLLySkA1JiTYLGVe_Arx_KA,@そら_Soraaa,36,3年,Member (3 years),37,"The Arcade, Dropplets!!",マイルストーン,,12,248,1,2026-09-13 22:03,2026-10-08 21:09,,,https://www.youtube.com/channel/UCLLySkA1JiTYLGVe_Arx_KA
UCo9ieLWCelL1gBYn4jQD2nw,@Garcia-says-cheese,36,3年,Member (3 years),,不明,,,12,169,0,2026-09-13 22:03,2026-10-08 21:09,,,https://www.youtube.com/channel/UCo9ieLWCelL1gBYn4jQD2nw
UCLBWtfT9DaGWXulkL6WbXkg,@Tomorir,36,3年,Member (3 years),,不明,,,11,186,0,2026-09-13 22:03,2026-09-29 20:07,,,https://www.youtube.com/channel/UCLBWtfT9DaGWXulkL6WbXkg
UCtjPk5sabLMwtoC4pGYxiKQ,@rumsand,36,3年,Member (3 years),,不明,,,11,190,0,2026-09-13 22:03,2026-10-04 22:02,,,https://www.youtube.com/channel/UCtjPk5sabLMwtoC4pGYxiKQ
UCit9THrzM-S97m5LB_c24IQ,@kleinWinWin,36,3年,Member (3 years),,不明,,,11,48,0,2026-09-14 21:02,2026-10-08 21:09,,,https://www.youtube.com/channel/UCit9THrzM-S97m5LB_c24IQ
UCM6sr0pM_KOznxzohCWvTQQ,@juicebvx,36,3年,Member (3 years),,不明,,,11,169,0,2026-09-15 21:11,2026-10-08 21:09,,,https://www.youtube.com/channel/UCM6sr0pM_KOznxzohCWvTQQ
UCzWosVvfHIMcgScewS4edWw,@guertena74,36,3年,Member (3 years),43,"The Arcade, Dropplets!!",マイルストーン,,10,265,0,2026-09-13 22:03,2026-10-04 22:02,,,https://www.youtube.com/channel/UCzWosVvfHIMcgScewS4edWw
UCw54GHqJuZoCMeXea1JzkCA,@violetoceanss,36,3年,Member (3 years),40,"The Arcade, Dropplets!!",マイルストーン,,10,260,0,2026-09-13 22:03,2026-10-04 22:02,,,https://www.youtube.com/channel/UCw54GHqJuZoCMeXea1JzkCA
UCcHkDrVYUqaET1-qEmm98lA,@kookgism,36,3年,Member (3 years),,不明,,,10,37,1,2026-09-13 22:03,2026-10-08 21:09,,,https://www.youtube.com/channel/UCcHkDrVYUqaET1-qEmm98lA
UCH5Y5Ni_jyn4MRptIIbVIog,@bealouis,36,3年,Member (3 years),38,"The Arcade, Dropplets!!",マイルストーン,,10,118,0,2026-09-14 21:02,2026-10-04 22:02,,,https://www.youtube.com/channel/UCH5Y5Ni_jyn4MRptIIbVIog
UCw7v8H3QaVyKHRCr6XNUU3w,@amiraaa9,36,3年,Member (3 years),43,"The Arcade, Dropplets!!",マイルストーン,,9,35,0,2026-09-13 22:03,2026-10-04 22:02,,,https://www.youtube.com/channel/UCw7v8H3QaVyKHRCr6XNUU3w
UC-rWYSKvvpIJZG6BxKvpEgQ,@this_is_CAMILLE,36,3年,Member (3 years),37,"The Arcade, Dropplets!!",マイルストーン,,9,130,2,2026-09-13 22:03,2026-10-04 22:02,,,https://www.youtube.com/channel/UC-rWYSKvvpIJZG6BxKvpEgQ
UCAx9xGwRRe4RaILAzBzsmag,@Mavis_labsピオ,36,3年,Member (3 years),43,"The Arcade, Dropplets!!",マイルストーン,,8,126,1,2026-09-13 22:03,2026-10-08 21:09,,,https://www.youtube.com/channel/UCAx9xGwRRe4RaILAzBzsmag
UC_d1F75TTB-wLkefvdKo6og,@umamogu,36,3年,Member (3 years),,不明,,,8,26,0,2026-09-13 22:03,2026-10-03 22:07,,,https://www.youtube.com/channel/UC_d1F75TTB-wLkefvdKo6og
UCzZpqZfS9SZj35lmyHNv6jA,@takutaku103,36,3年,Member (3 years),37,"The Arcade, Dropplets!!",マイルストーン,,8,28,2,2026-09-14 21:02,2026-10-04 22:02,,,https://www.youtube.com/channel/UCzZpqZfS9SZj35lmyHNv6jA
UC0Y72sYPKqL9JbnJE19gWrg,@J_findingnotkeeping,36,3年,Member (3 years),38,"The Arcade, Dropplets!!",マイルストーン,,7,252,0,2026-09-13 22:03,2026-09-29 20:07,,,https://www.youtube.com/channel/UC0Y72sYPKqL9JbnJE19gWrg
UC-3a6bUJ1hlI_kRi5aDXoeQ,@jelly_moose,36,3年,Member (3 years),39,"The Arcade, Dropplets!!",マイルストーン,,7,37,1,2026-09-13 22:03,2026-10-03 22:07,,,https://www.youtube.com/channel/UC-3a6bUJ1hlI_kRi5aDXoeQ
UC4bO4-XfD_UPQzbwdtFEeaQ,@ricard-oodle,36,3年,Member (3 years),38,"The Arcade, Dropplets!!",マイルストーン,,7,48,0,2026-09-13 22:03,2026-10-04 11:01,,,https://www.youtube.com/channel/UC4bO4-XfD_UPQzbwdtFEeaQ
UCl1TPPm6Kg5i3yaMrO0LqXg,@ohichan_,36,3年,Member (3 years),35,"The Arcade, Dropplets!!",マイルストーン,,7,203,0,2026-09-13 22:03,2026-10-04 22:02,,,https://www.youtube.com/channel/UCl1TPPm6Kg5i3yaMrO0LqXg
UCmSSX-y3DIpc5N3mQYGa0Gw,@bubu_nu,36,3年,Member (3 years),,不明,,,7,174,1,2026-09-13 22:03,2026-10-04 22:02,,,https://www.youtube.com/channel/UCmSSX-y3DIpc5N3mQYGa0Gw
UC8xQGn6q9WhKbS318nJwL2w,@irene_roociel,36,3年,Member (3 years),36,"The Arcade, Dropplets!!",マイルストーン,,7,13,1,2026-09-13 22:03,2026-10-03 22:07,,,https://www.youtube.com/channel/UC8xQGn6q9WhKbS318nJwL2w
UC3R3ewIenn7OREdcCUJEhjg,@YoyoTsang-itoyo,36,3年,Member (3 years),,不明,,,6,23,1,2026-09-13 22:03,2026-10-08 21:09,,,https://www.youtube.com/channel/UC3R3ewIenn7OREdcCUJEhjg
UCKKlRhK7cxCu_GavQVmjiSQ,@csv1106,36,3年,Member (3 years),,不明,,,6,14,4,2026-09-13 22:03,2026-10-04 11:01,,,https://www.youtube.com/channel/UCKKlRhK7cxCu_GavQVmjiSQ
UCDI2hSW40IzmSe336Lglhkg,@Elioka,36,3年,Member (3 years),,不明,,,6,107,0,2026-09-14 21:02,2026-10-04 22:02,,,https://www.youtube.com/channel/UCDI2hSW40IzmSe336Lglhkg
UCCtsYyxjV4gbnOuWsC5LKIg,@karlykats,36,3年,Member (3 years),41,"The Arcade, Dropplets!!",マイルストーン,,6,5,0,2026-09-14 21:02,2026-10-04 11:01,,,https://www.youtube.com/channel/UCCtsYyxjV4gbnOuWsC5LKIg
UCUM5sER-_rL0551FyP8L3Cw,@XTttttttttttttttt,36,3年,Member (3 years),,不明,,,6,17,0,2026-09-17 22:06,2026-10-08 21:09,,,https://www.youtube.com/channel/UCUM5sER-_rL0551FyP8L3Cw
UCyAtfGWqgv2jdScJOIc9WzA,@Angie_ofHearts,36,3年,Member (3 years),43,"The Arcade, Dropplets!!",マイルストーン,,5,256,1,2026-09-13 22:03,2026-09-29 20:07,,,https://www.youtube.com/channel/UCyAtfGWqgv2jdScJOIc9WzA
UC49fQ9SPiiOEMBk0-QHV3FQ,@anna_sz0,36,3年,Member (3 years),44,"The Arcade, Dropplets!!",マイルストーン,,5,16,0,2026-09-13 22:03,2026-10-03 22:07,,,https://www.youtube.com/channel/UC49fQ9SPiiOEMBk0-QHV3FQ
UCSXzZTjHuDIpgpldoS6q40Q,@laanmao,36,3年,Member (3 years),,不明,,,5,124,0,2026-09-13 22:03,2026-10-04 11:01,,,https://www.youtube.com/channel/UCSXzZTjHuDIpgpldoS6q40Q
UCO32f4oO_N-8Vm6oqqGL_VQ,@miaomeowmao,36,3年,Member (3 years),43,"The Arcade, Dropplets!!",マイルストーン,,5,66,0,2026-09-13 22:03,2026-09-26 21:01,,,https://www.youtube.com/channel/UCO32f4oO_N-8Vm6oqqGL_VQ
UCCT_dDB7EF6Q5e8D8i1X5xA,@Ms.Mel-Chan,36,3年,Member (3 years),41,"The Arcade, Dropplets!!",マイルストーン,,5,71,0,2026-09-13 22:03,2026-09-29 20:07,,,https://www.youtube.com/channel/UCCT_dDB7EF6Q5e8D8i1X5xA
UCFjqkQk4KjdumCtgMzWi2tw,@tym4_mame,36,3年,Member (3 years),,不明,,,4,14,0,2026-09-13 22:03,2026-10-03 22:07,,,https://www.youtube.com/channel/UCFjqkQk4KjdumCtgMzWi2tw
UCG_6D5gVGfr4uODalLfJY9g,@花トラ-Hanatora,36,3年,Member (3 years),44,"The Arcade, Dropplets!!",マイルストーン,,4,77,0,2026-09-13 22:03,2026-10-04 22:02,,,https://www.youtube.com/channel/UCG_6D5gVGfr4uODalLfJY9g
UCFZLvBCnandXMy5IamtPPRA,@waka_2837,36,3年,Member (3 years),41,"The Arcade, Dropplets!!",マイルストーン,,4,6,0,2026-09-13 22:03,2026-09-27 21:10,,,https://www.youtube.com/channel/UCFZLvBCnandXMy5IamtPPRA
UCYmuY9aHWjnsowTLjrZZ3XQ,@sharberries,36,3年,Member (3 years),43,"The Arcade, Dropplets!!",マイルストーン,,4,23,0,2026-09-14 21:02,2026-09-29 20:07,,,https://www.youtube.com/channel/UCYmuY9aHWjnsowTLjrZZ3XQ
UCSHDogslDzHZ5kKh3uUwfFA,@arisuverner,36,3年,Member (3 years),,不明,,,4,114,0,2026-09-17 22:06,2026-09-27 21:10,,,https://www.youtube.com/channel/UCSHDogslDzHZ5kKh3uUwfFA
UCa78SWP0B0zy_Xntj_KGpSQ,@mralbeezievt,36,3年,Member (3 years),,不明,,,4,56,0,2026-09-20 11:02,2026-09-27 09:01,,,https://www.youtube.com/channel/UCa78SWP0B0zy_Xntj_KGpSQ
UCeazZKTAZRrxHiw3c29bgAQ,@Luunayuki_,36,3年,Member (3 years),,不明,,,3,107,0,2026-09-13 22:03,2026-09-22 21:01,,,https://www.youtube.com/channel/UCeazZKTAZRrxHiw3c29bgAQ
UCZKn7VPLhPOaHsQnmWCoYpg,@Chiiiiiiia·nyan,36,3年,Member (3 years),,不明,,,3,11,0,2026-09-13 22:03,2026-09-26 09:01,,,https://www.youtube.com/channel/UCZKn7VPLhPOaHsQnmWCoYpg
UCZrAbjO49iaUPFJEVvaQUmw,@Miri_Satsuki,36,3年,Member (3 years),,不明,,,3,3,0,2026-09-13 22:03,2026-10-03 00:12,,,https://www.youtube.com/channel/UCZrAbjO49iaUPFJEVvaQUmw
UCgYXJFh0IOlmKIcUkaqlItw,@U_An,36,3年,Member (3 years),,不明,,,3,13,0,2026-09-13 22:03,2026-09-29 20:07,,,https://www.youtube.com/channel/UCgYXJFh0IOlmKIcUkaqlItw
UCHSwaVTcOAyqRvrIl0S8y3w,@KeikoUtaraichi,36,3年,Member (3 years),,不明,,,3,20,0,2026-09-13 22:03,2026-09-22 21:01,,,https://www.youtube.com/channel/UCHSwaVTcOAyqRvrIl0S8y3w
UCXTZTEGo_xgg7RX8mPV2SGQ,@lydiapeng8614,36,3年,Member (3 years),,不明,,,3,4,0,2026-09-13 22:03,2026-09-22 21:01,,,https://www.youtube.com/channel/UCXTZTEGo_xgg7RX8mPV2SGQ
UC_MIbgUz-2gu0xuuDSTSz0A,@d4phyy_,36,3年,Member (3 years),41,"The Arcade, Dropplets!!",マイルストーン,,3,22,0,2026-09-14 21:02,2026-10-04 22:02,,,https://www.youtube.com/channel/UC_MIbgUz-2gu0xuuDSTSz0A
UCE9suly43asvnJfjYWuObrA,@Linro-j4y,36,3年,Member (3 years),,不明,,,3,6,0,2026-09-26 21:01,2026-10-04 22:02,,,https://www.youtube.com/channel/UCE9suly43asvnJfjYWuObrA
UCFZExowtgKUWSjznRDaZVxw,@pamelagrunk1,36,3年,Member (3 years),,不明,,,3,47,0,2026-10-03 22:07,2026-10-04 22:02,,,https://www.youtube.com/channel/UCFZExowtgKUWSjznRDaZVxw
UCyWn9yJOlRfWMx3anMVpD9Q,@mmm_mui,36,3年,Member (3 years),38,"The Arcade, Dropplets!!",マイルストーン,,2,12,0,2026-09-13 22:03,2026-10-04 22:02,,,https://www.youtube.com/channel/UCyWn9yJOlRfWMx3anMVpD9Q
UCuUxlILx9-e_kklrmxme9uw,@kitririri,36,3年,Member (3 years),,不明,,,2,13,0,2026-09-13 22:03,2026-09-14 21:02,,,https://www.youtube.com/channel/UCuUxlILx9-e_kklrmxme9uw
UCp2Cck45Yd4dELiKoCGd5VQ,@sari_d4,36,3年,Member (3 years),,不明,,,2,2,0,2026-09-13 22:03,2026-09-14 21:02,,,https://www.youtube.com/channel/UCp2Cck45Yd4dELiKoCGd5VQ
UCAjNHQ3FgzhymsCF5nqghAA,@LittleYellowPenguin,36,3年,Member (3 years),,不明,,,2,3,0,2026-09-13 22:03,2026-10-03 22:07,,,https://www.youtube.com/channel/UCAjNHQ3FgzhymsCF5nqghAA
UCfHUKLX8b3n5ofP9aEDQocg,@rikyu_negi,36,3年,Member (3 years),40,"The Arcade, Dropplets!!",マイルストーン,,2,3,0,2026-09-13 22:03,2026-10-02 20:00,,,https://www.youtube.com/channel/UCfHUKLX8b3n5ofP9aEDQocg
UCsnO6f2zAgneqZaPMoxBXWQ,@sophiemay2129,36,3年,Member (3 years),,不明,,,2,4,0,2026-09-13 22:03,2026-09-19 07:47,,,https://www.youtube.com/channel/UCsnO6f2zAgneqZaPMoxBXWQ
UCpCyHa0QQ5SiHsMKkMABPew,@yozakura_pin,36,3年,Member (3 years),,不明,,,2,3,0,2026-09-13 22:03,2026-09-17 22:06,,,https://www.youtube.com/channel/UCpCyHa0QQ5SiHsMKkMABPew
UC0Y4Thfltd_X7cT0Hq0VSTQ,@honey_bleu,36,3年,Member (3 years),37,"The Arcade, Dropplets!!",マイルストーン,,2,115,0,2026-09-13 22:03,2026-09-21 00:19,,,https://www.youtube.com/channel/UC0Y4Thfltd_X7cT0Hq0VSTQ
UCxJ9t85ymoAFau6TlEnyHGw,@noirlyn_noween,36,3年,Member (3 years),44,"The Arcade, Dropplets!!",マイルストーン,,2,2,0,2026-09-13 22:03,2026-09-29 20:07,,,https://www.youtube.com/channel/UCxJ9t85ymoAFau6TlEnyHGw
UCN0vyoo6PXwoMd9U2iPFdNA,@cheesyyy0,36,3年,Member (3 years),,不明,,,2,4,0,2026-09-18 21:02,2026-09-21 00:19,,,https://www.youtube.com/channel/UCN0vyoo6PXwoMd9U2iPFdNA
UCG-HzzU3PnJY74JoQZ7nAeA,@ESSIDEE,36,3年,Member (3 years),,不明,,,2,13,0,2026-09-18 21:02,2026-10-02 20:00,,,https://www.youtube.com/channel/UCG-HzzU3PnJY74JoQZ7nAeA
UCsf2yNmXmM51gVfc5rc-O5g,@ChocoChippy,36,3年,Member (3 years),,不明,,,2,21,0,2026-09-19 07:47,2026-09-20 11:02,,,https://www.youtube.com/channel/UCsf2yNmXmM51gVfc5rc-O5g
UCK0jY9Za7VSboReXVOhqY7g,@nochu7215,36,3年,Member (3 years),,不明,,,2,5,0,2026-09-20 11:02,2026-09-21 00:19,,,https://www.youtube.com/channel/UCK0jY9Za7VSboReXVOhqY7g
UC2Ddxd3NyR58u4Pq9zRsH2g,@meimei0720,36,3年,Member (3 years),40,"The Arcade, Dropplets!!",マイルストーン,,2,6,0,2026-09-22 21:01,2026-09-29 20:07,,,https://www.youtube.com/channel/UC2Ddxd3NyR58u4Pq9zRsH2g
UCMDRIUdsPl_c9Ki6chH492g,@carolyn__,36,3年,Member (3 years),,不明,,,2,2,0,2026-09-26 09:01,2026-10-04 11:01,,,https://www.youtube.com/channel/UCMDRIUdsPl_c9Ki6chH492g
UCRdKKmy9SDCgmrw4sRXkXdw,@stina-c206,36,3年,Member (3 years),37,"The Arcade, Dropplets!!",マイルストーン,,2,24,0,2026-09-27 09:01,2026-10-04 22:02,,,https://www.youtube.com/channel/UCRdKKmy9SDCgmrw4sRXkXdw
UCnhcv411RDxj4_IK98je8Pw,@anyaa11,36,3年,Member (3 years),,不明,,,2,3,0,2026-09-27 21:10,2026-10-04 22:02,,,https://www.youtube.com/channel/UCnhcv411RDxj4_IK98je8Pw
UC-PBbhOrSNYBR3Jdk2R85wA,@chizu_zu,36,3年,Member (3 years),,不明,,,2,3,0,2026-09-27 21:10,2026-10-03 22:07,,,https://www.youtube.com/channel/UC-PBbhOrSNYBR3Jdk2R85wA
UCP3o9e3Je9CNW9qmjBYF4-A,@sspades_0,36,3年,Member (3 years),42,"The Arcade, Dropplets!!",マイルストーン,,2,12,0,2026-10-03 00:12,2026-10-04 11:01,,,https://www.youtube.com/channel/UCP3o9e3Je9CNW9qmjBYF4-A
UCPQ358XEBNk0O84BmGIOSbw,@Pudeedee,36,3年,Member (3 years),41,"The Arcade, Dropplets!!",マイルストーン,,2,25,0,2026-10-03 22:07,2026-10-04 22:02,,,https://www.youtube.com/channel/UCPQ358XEBNk0O84BmGIOSbw
UCmN-hVFdnISEHDyEvFFd2hQ,@violetatlasJo,36,3年,Member (3 years),,不明,,,1,7,0,2026-09-13 22:03,2026-09-13 22:03,,,https://www.youtube.com/channel/UCmN-hVFdnISEHDyEvFFd2hQ
UCz8HYAuNHBnhp6AeiEqWM_g,@しお_sh1O,36,3年,Member (3 years),,不明,,,1,1,0,2026-09-13 22:03,2026-09-13 22:03,,,https://www.youtube.com/channel/UCz8HYAuNHBnhp6AeiEqWM_g
UCa7copjNiZy0im_fV5D8TGw,@RheiAstraea,36,3年,Member (3 years),,不明,,,1,2,0,2026-09-13 22:03,2026-09-13 22:03,,,https://www.youtube.com/channel/UCa7copjNiZy0im_fV5D8TGw
UCdwRU4-fe6Ak18gnuIva86Q,@ぃょiyo,36,3年,Member (3 years),40,"The Arcade, Dropplets!!",マイルストーン,,1,4,0,2026-09-13 22:03,2026-09-13 22:03,,,https://www.youtube.com/channel/UCdwRU4-fe6Ak18gnuIva86Q
UC5n_iNsESYzrKB3l-o6PN0Q,@aleksielia,36,3年,Member (3 years),,不明,,,1,1,0,2026-09-13 22:03,2026-09-13 22:03,,,https://www.youtube.com/channel/UC5n_iNsESYzrKB3l-o6PN0Q
UCgHadM4tLVlTW_8TTXZS2gw,@constellachan,36,3年,Member (3 years),,不明,,,1,8,0,2026-09-13 22:03,2026-09-13 22:03,,,https://www.youtube.com/channel/UCgHadM4tLVlTW_8TTXZS2gw
UCIdiIQYEjSUvQllNoWb4faQ,@arisu9245,36,3年,Member (3 years),,不明,,,1,2,0,2026-09-13 22:03,2026-09-13 22:03,,,https://www.youtube.com/channel/UCIdiIQYEjSUvQllNoWb4faQ
UCIqUJ6yET_L-L4AyMINJhQQ,@saku7936,36,3年,Member (3 years),,不明,,,1,1,0,2026-09-13 22:03,2026-09-13 22:03,,,https://www.youtube.com/channel/UCIqUJ6yET_L-L4AyMINJhQQ
UCPOkRylf_5wEZ72cJVkAd0A,@renrey_fair,36,3年,Member (3 years),43,"The Arcade, Dropplets!!",マイルストーン,,1,0,0,2026-09-13 22:03,2026-09-13 22:03,,,https://www.youtube.com/channel/UCPOkRylf_5wEZ72cJVkAd0A
UCGcLoBQxsgtLiNA_-Axc7aw,@_ZZANGTO,36,3年,Member (3 years),,不明,,,1,1,0,2026-09-14 21:02,2026-09-14 21:02,,,https://www.youtube.com/channel/UCGcLoBQxsgtLiNA_-Axc7aw
UC0dgLV9E4erQlG0Uy_aV7Kw,@Luvi_enne,36,3年,Member (3 years),,不明,,,1,1,0,2026-09-14 21:02,2026-09-14 21:02,,,https://www.youtube.com/channel/UC0dgLV9E4erQlG0Uy_aV7Kw
UCbQr5L6hkQrK6agDtnKFVfA,@ochomao,36,3年,Member (3 years),,不明,,,1,1,0,2026-09-15 21:11,2026-09-15 21:11,,,https://www.youtube.com/channel/UCbQr5L6hkQrK6agDtnKFVfA
UCe_d7NWCBmLu3bX_ttvpahQ,@innorikki,36,3年,Member (3 years),,不明,,,1,24,0,2026-09-17 22:06,2026-09-17 22:06,,,https://www.youtube.com/channel/UCe_d7NWCBmLu3bX_ttvpahQ
UCc6tub2dFpry09st66ae7jQ,@yumehaeya,36,3年,Member (3 years),43,"The Arcade, Dropplets!!",マイルストーン,,1,0,0,2026-09-18 21:02,2026-09-18 21:02,,,https://www.youtube.com/channel/UCc6tub2dFpry09st66ae7jQ
UCKRc2C0ezSAzpFv13ir1FSg,@LunaRayArclight,36,3年,Member (3 years),,不明,,,1,1,0,2026-09-19 07:47,2026-09-19 07:47,,,https://www.youtube.com/channel/UCKRc2C0ezSAzpFv13ir1FSg
UCE5LZtizkwoey_QZsOWem9g,@user-pf1jq6pn1jC,36,3年,Member (3 years),,不明,,,1,4,0,2026-09-20 11:02,2026-09-20 11:02,,,https://www.youtube.com/channel/UCE5LZtizkwoey_QZsOWem9g
UCZieT5e0y6xgPeI945Amxjg,@AshRose1118,36,3年,Member (3 years),42,"The Arcade, Dropplets!!",マイルストーン,,1,1,0,2026-09-20 11:02,2026-09-20 11:02,,,https://www.youtube.com/channel/UCZieT5e0y6xgPeI945Amxjg
UCPiamiJgvnscEdnrdEAbKSg,@s.w21,36,3年,Member (3 years),41,"The Arcade, Dropplets!!",マイルストーン,,1,0,0,2026-09-20 11:02,2026-09-20 11:02,,,https://www.youtube.com/channel/UCPiamiJgvnscEdnrdEAbKSg
UC6z3ZBj5iwE1rRvpBXbRxmw,@alleyc4t,36,3年,Member (3 years),,不明,,,1,4,0,2026-09-21 00:19,2026-09-21 00:19,,,https://www.youtube.com/channel/UC6z3ZBj5iwE1rRvpBXbRxmw
UCaniEngURlQwM8M6cQj2JuA,@azami369,36,3年,Member (3 years),,不明,,,1,1,0,2026-09-22 21:01,2026-09-22 21:01,,,https://www.youtube.com/channel/UCaniEngURlQwM8M6cQj2JuA
UC2oRY8o_7gyjNkzhU4YBEYg,@hazuuking,36,3年,Member (3 years),38,"The Arcade, Dropplets!!",マイルストーン,,1,0,0,2026-09-25 08:02,2026-09-25 08:02,,,https://www.youtube.com/channel/UC2oRY8o_7gyjNkzhU4YBEYg
UCkYS_1my9z-48zASIMqJJCg,@rosieseisor,36,3年,Member (3 years),,不明,,,1,1,0,2026-09-26 09:01,2026-09-26 09:01,,,https://www.youtube.com/channel/UCkYS_1my9z-48zASIMqJJCg
UCi8v30kuap50tAdOotAufgw,@lunarmochi_,36,3年,Member (3 years),,不明,,,1,3,0,2026-09-26 09:01,2026-09-26 09:01,,,https://www.youtube.com/channel/UCi8v30kuap50tAdOotAufgw
UC5P8V9qkrAehEM1MFdCBkcg,@muniivt,36,3年,Member (3 years),39,"The Arcade, Dropplets!!",マイルストーン,,1,1,0,2026-09-26 09:01,2026-09-26 09:01,,,https://www.youtube.com/channel/UC5P8V9qkrAehEM1MFdCBkcg
UCKjAxqs__oG2Jzaru5uivzQ,@furiescheng,36,3年,Member (3 years),,不明,,,1,1,0,2026-09-26 21:01,2026-09-26 21:01,,,https://www.youtube.com/channel/UCKjAxqs__oG2Jzaru5uivzQ
UCs7BK0DgQp9euPszlevmH3A,@reppepmint,36,3年,Member (3 years),,不明,,,1,1,0,2026-09-29 20:07,2026-09-29 20:07,,,https://www.youtube.com/channel/UCs7BK0DgQp9euPszlevmH3A
UCtytlvxjW_wcVdgzuq3zWWA,@noru953,36,3年,Member (3 years),44,"The Arcade, Dropplets!!",マイルストーン,,1,2,0,2026-09-29 20:07,2026-09-29 20:07,,,https://www.youtube.com/channel/UCtytlvxjW_wcVdgzuq3zWWA
UCBMrLYVfFJ7h1qIw4BmN22g,@Crystial8,36,3年,Member (3 years),,不明,,,1,3,0,2026-10-03 00:12,2026-10-03 00:12,,,https://www.youtube.com/channel/UCBMrLYVfFJ7h1qIw4BmN22g
UCgMAZr1u0OBklxJfwNq7OcQ,@jiujiaotu_0926,36,3年,Member (3 years),,不明,,,1,1,0,2026-10-03 00:12,2026-10-03 00:12,,,https://www.youtube.com/channel/UCgMAZr1u0OBklxJfwNq7OcQ
UCkJSnQKcqAeurFpp7cq4FGQ,@erehsawidnew,36,3年,Member (3 years),,不明,,,1,1,0,2026-10-03 00:12,2026-10-03 00:12,,,https://www.youtube.com/channel/UCkJSnQKcqAeurFpp7cq4FGQ
UCJWVLPjlNnUgFf8xQDvA4gA,@Emme_Umbra,36,3年,Member (3 years),,不明,,,1,19,0,2026-10-04 11:01,2026-10-04 11:01,,,https://www.youtube.com/channel/UCJWVLPjlNnUgFf8xQDvA4gA
UCJBpi2uv9nTWX29C_FWrTMA,@seofim,36,3年,Member (3 years),,不明,,,1,3,0,2026-10-04 11:01,2026-10-04 11:01,,,https://www.youtube.com/channel/UCJBpi2uv9nTWX29C_FWrTMA
UC-16RqNpEJ383mi76mE2eVQ,@necooo33,36,3年,Member (3 years),,不明,,,1,1,0,2026-10-04 22:02,2026-10-04 22:02,,,https://www.youtube.com/channel/UC-16RqNpEJ383mi76mE2eVQ
UC5i8hD7-OURifw8ye93IiLA,@Hong9_Si,36,3年,Member (3 years),,"The Arcade, Dropplets!!",再加入/レベル変更,,1,4,0,2026-10-04 22:02,2026-10-04 22:02,,,https://www.youtube.com/channel/UC5i8hD7-OURifw8ye93IiLA
UCv0ldppL3F5IIHTL6uv1Ptg,@Hoshiyomi_natsuhiboshi,24,2年,Member (2 years),34,"The Arcade, Dropplets!!",マイルストーン,,21,440,0,2026-09-13 22:03,2026-10-08 21:09,,,https://www.youtube.com/channel/UCv0ldppL3F5IIHTL6uv1Ptg
UCN994BHvNIeI5u9yJL_2hOg,@zestpunk,24,2年,Member (2 years),23,"The Arcade, Dropplets!!",マイルストーン,,21,1255,0,2026-09-13 22:03,2026-10-08 21:09,,,https://www.youtube.com/channel/UCN994BHvNIeI5u9yJL_2hOg
UCnv8ODiTGvWuMMegeXOJ0mg,@skops._.,24,2年,Member (2 years),,不明,,,20,62,0,2026-09-13 22:03,2026-10-08 21:09,,,https://www.youtube.com/channel/UCnv8ODiTGvWuMMegeXOJ0mg
UCHK_aZVBb8EnqvNT-cN06vg,@neuvis-cookie,24,2年,Member (2 years),27,"The Arcade, Dropplets!!",マイルストーン,,17,1630,1,2026-09-13 22:03,2026-10-08 21:09,,,https://www.youtube.com/channel/UCHK_aZVBb8EnqvNT-cN06vg
UCi62JBNGGRm4T5T6zC_Yt7A,@blaze_shygirl,24,2年,Member (2 years),34,"The Arcade, Dropplets!!",マイルストーン,,16,651,0,2026-09-13 22:03,2026-10-08 21:09,,,https://www.youtube.com/channel/UCi62JBNGGRm4T5T6zC_Yt7A
UC9kQcxTjgmDqEr5cgklMNPQ,@Nariko-o_o,24,2年,Member (2 years),,不明,,,16,678,2,2026-09-13 22:03,2026-10-08 21:09,,,https://www.youtube.com/channel/UC9kQcxTjgmDqEr5cgklMNPQ
UCqt7U5kHDGO0r2-Vq1yk5GA,@KAKI_かき,24,2年,Member (2 years),32,"The Arcade, Dropplets!!",マイルストーン,,16,97,0,2026-09-13 22:03,2026-10-08 21:09,,,https://www.youtube.com/channel/UCqt7U5kHDGO0r2-Vq1yk5GA
UCRGm-O-hqUYjGFcDmtq4b5g,@Lis_707,24,2年,Member (2 years),25,"The Arcade, Dropplets!!",マイルストーン,,13,283,0,2026-09-13 22:03,2026-10-08 21:09,,,https://www.youtube.com/channel/UCRGm-O-hqUYjGFcDmtq4b5g
UCtIWLzpsKPht82-2gsG-O3A,@mika_naomi,24,2年,Member (2 years),,"The Arcade, Dropplets!!",ギフト,ギフトで加入,12,69,0,2026-09-13 22:03,2026-10-08 21:09,○,○,https://www.youtube.com/channel/UCtIWLzpsKPht82-2gsG-O3A
UC5mO7NopJnwwmNKr9BsnARg,@Labra_dr,24,2年,Member (2 years),,不明,,,11,137,2,2026-09-13 22:03,2026-10-08 21:09,,,https://www.youtube.com/channel/UC5mO7NopJnwwmNKr9BsnARg
UC51XBHH9emgQSBm0JkW9aqA,@albino_thearctic,24,2年,Member (2 years),26,"The Arcade, Dropplets!!",マイルストーン,,11,430,0,2026-09-13 22:03,2026-10-04 11:01,,,https://www.youtube.com/channel/UC51XBHH9emgQSBm0JkW9aqA
UC1ZX5r06x0ycLJxTGzV7dSw,@blackpearlangel,24,2年,Member (2 years),24,"The Arcade, Dropplets!!",マイルストーン,,11,103,0,2026-09-13 22:03,2026-10-04 22:02,,,https://www.youtube.com/channel/UC1ZX5r06x0ycLJxTGzV7dSw
UCcCKIHZkBcAUK-3N4dyJz-Q,@Oxygen2_O2,24,2年,Member (2 years),31,"The Arcade, Dropplets!!",マイルストーン,,10,44,0,2026-09-13 22:03,2026-10-08 21:09,,,https://www.youtube.com/channel/UCcCKIHZkBcAUK-3N4dyJz-Q
UCidhNj3mMP-woMyYY_pXc_g,@やそはち-d8b,24,2年,Member (2 years),,不明,,,9,30,0,2026-09-13 22:03,2026-10-04 22:02,,,https://www.youtube.com/channel/UCidhNj3mMP-woMyYY_pXc_g
UCfkuv49d1ULOT8EwbR2bdVA,@あやの_Ayano,24,2年,Member (2 years),,不明,,,9,207,1,2026-09-13 22:03,2026-10-04 22:02,,,https://www.youtube.com/channel/UCfkuv49d1ULOT8EwbR2bdVA
UCLlGmXe4MtvfUhBiNt7bfZQ,@うえん-uenn,24,2年,Member (2 years),,不明,,,8,29,0,2026-09-13 22:03,2026-10-04 22:02,,,https://www.youtube.com/channel/UCLlGmXe4MtvfUhBiNt7bfZQ
UCZiFeL4ld8tmcaXNISW0nAA,@likewize272,24,2年,Member (2 years),27,"The Arcade, Dropplets!!",マイルストーン,,7,404,0,2026-09-13 22:03,2026-10-03 22:07,○,○,https://www.youtube.com/channel/UCZiFeL4ld8tmcaXNISW0nAA
UCeu8QWmwguzG6HDSxZhGTgQ,@Winwin0202,24,2年,Member (2 years),27,"The Arcade, Dropplets!!",マイルストーン,,7,30,0,2026-09-13 22:03,2026-10-04 22:02,,,https://www.youtube.com/channel/UCeu8QWmwguzG6HDSxZhGTgQ
UCXL69wqDmdzqxupX5isGipQ,@yyyyyyubu,24,2年,Member (2 years),25,"The Arcade, Dropplets!!",マイルストーン,,6,35,0,2026-09-13 22:03,2026-09-27 21:10,,,https://www.youtube.com/channel/UCXL69wqDmdzqxupX5isGipQ
UCnjovwE6EScVSxwFkWnDgVw,@hisui_j3,24,2年,Member (2 years),,不明,,,6,43,0,2026-09-27 09:01,2026-10-04 22:02,,,https://www.youtube.com/channel/UCnjovwE6EScVSxwFkWnDgVw
UC5zusZnMSU5zWi3k8eFv5sA,@ミドリコ_Midoriko,24,2年,Member (2 years),25,"The Arcade, Dropplets!!",マイルストーン,,5,103,0,2026-09-13 22:03,2026-10-03 22:07,,,https://www.youtube.com/channel/UC5zusZnMSU5zWi3k8eFv5sA
UCB065Axu0nY8fmP2dTCtjzw,@n1ghtqueen,24,2年,Member (2 years),,不明,,,5,19,0,2026-09-14 21:02,2026-09-22 21:01,,,https://www.youtube.com/channel/UCB065Axu0nY8fmP2dTCtjzw
UCqC9oqLBi2T7EazXjBVTiTQ,@kawaiibeams,24,2年,Member (2 years),,不明,,,4,7,0,2026-09-27 09:01,2026-10-04 11:01,,,https://www.youtube.com/channel/UCqC9oqLBi2T7EazXjBVTiTQ
UCt0m7zcuOB5CFFMJWk8xpaw,@manthyrose,24,2年,Member (2 years),29,"The Arcade, Dropplets!!",マイルストーン,,3,87,1,2026-09-13 22:03,2026-09-27 09:01,,,https://www.youtube.com/channel/UCt0m7zcuOB5CFFMJWk8xpaw
UC82CkmRXxwprt8wAQ6Bg3qw,@Rikkuthequeen,24,2年,Member (2 years),25,"The Arcade, Dropplets!!",マイルストーン,,3,32,0,2026-09-13 22:03,2026-09-19 07:47,,,https://www.youtube.com/channel/UC82CkmRXxwprt8wAQ6Bg3qw
UCGRMQAMT92pSoj0iTTf6VJA,@huyusumi,24,2年,Member (2 years),,不明,,,3,5,0,2026-09-16 21:01,2026-09-27 21:10,,,https://www.youtube.com/channel/UCGRMQAMT92pSoj0iTTf6VJA
UCGvPRellP_qbPZJIZ5vC9kw,@やきにく-i3b,24,2年,Member (2 years),,不明,,,2,5,1,2026-09-13 22:03,2026-09-14 21:02,,,https://www.youtube.com/channel/UCGvPRellP_qbPZJIZ5vC9kw
UCly_xw22jJOA4BmVvN5hLZA,@사랭sareng_1,24,2年,Member (2 years),,不明,,,2,21,0,2026-09-13 22:03,2026-10-03 22:07,,,https://www.youtube.com/channel/UCly_xw22jJOA4BmVvN5hLZA
UCjNhGmkSgVR8Fq5HUCDIJTA,@yoono_c,24,2年,Member (2 years),,"The Arcade, Dropplets!!",再加入/レベル変更,,2,5,2,2026-09-13 22:03,2026-10-04 22:02,,,https://www.youtube.com/channel/UCjNhGmkSgVR8Fq5HUCDIJTA
UC1rDdxJYfZ0Ob4whhB3EIhg,@sadawo-yn1oq,24,2年,Member (2 years),24,"The Arcade, Dropplets!!",マイルストーン,,2,69,0,2026-09-13 22:03,2026-09-25 08:02,,,https://www.youtube.com/channel/UC1rDdxJYfZ0Ob4whhB3EIhg
UCwwXXftaIdWoUxz6i-9tw9g,@solarjetic,24,2年,Member (2 years),,不明,,,2,39,0,2026-09-14 21:02,2026-09-29 20:07,,,https://www.youtube.com/channel/UCwwXXftaIdWoUxz6i-9tw9g
UCPIyEhQMLlcikB4QarWiaEw,@れうこ_Leuko,24,2年,Member (2 years),,不明,,,2,3,0,2026-09-18 21:02,2026-09-19 07:47,,,https://www.youtube.com/channel/UCPIyEhQMLlcikB4QarWiaEw
UCXWvwaROhFlTgI9bteWZJnQ,@Amana_天奈,24,2年,Member (2 years),33,"The Arcade, Dropplets!!",マイルストーン,,2,19,0,2026-09-19 07:47,2026-09-20 11:02,,,https://www.youtube.com/channel/UCXWvwaROhFlTgI9bteWZJnQ
UCt1E1V_GoZZRcnIuQ5j1-yg,@Cats_1231,24,2年,Member (2 years),,不明,,,2,10,1,2026-09-20 11:02,2026-10-04 22:02,,,https://www.youtube.com/channel/UCt1E1V_GoZZRcnIuQ5j1-yg
UC0f7DLZPpemVBw8rt-Spd0g,@ruki_4223,24,2年,Member (2 years),,不明,,,1,1,0,2026-09-13 22:03,2026-09-13 22:03,,,https://www.youtube.com/channel/UC0f7DLZPpemVBw8rt-Spd0g
UCBLg_3928NGbL6_NSS5Q_YQ,@draw1nskye,24,2年,Member (2 years),35,"The Arcade, Dropplets!!",マイルストーン,,1,1,0,2026-09-13 22:03,2026-09-13 22:03,,,https://www.youtube.com/channel/UCBLg_3928NGbL6_NSS5Q_YQ
UC27exoD643C5rtXeP08OTEw,@firesnow2079,24,2年,Member (2 years),26,"The Arcade, Dropplets!!",マイルストーン,,1,0,0,2026-09-15 21:11,2026-09-15 21:11,,,https://www.youtube.com/channel/UC27exoD643C5rtXeP08OTEw
UCwSNkbEqCSpNBAeh8KuN6Nw,@Rina_りなo0,24,2年,Member (2 years),,不明,,,1,4,0,2026-09-16 21:01,2026-09-16 21:01,,,https://www.youtube.com/channel/UCwSNkbEqCSpNBAeh8KuN6Nw
UCfPAHsBkLhE76L62ZCM2yAA,@sen-alkazar,24,2年,Member (2 years),,不明,,,1,16,0,2026-09-20 11:02,2026-09-20 11:02,,,https://www.youtube.com/channel/UCfPAHsBkLhE76L62ZCM2yAA
UCvidsOI4d5YC5rU5nMMhibQ,@Akiko_御崎あきこ,24,2年,Member (2 years),,不明,,,1,1,0,2026-09-20 11:02,2026-09-20 11:02,,,https://www.youtube.com/channel/UCvidsOI4d5YC5rU5nMMhibQ
UCBHSyjL4f8m4Wv_S9WnmHkg,@h.n-harutonanase9585,24,2年,Member (2 years),,不明,,,1,19,1,2026-09-26 09:01,2026-09-26 09:01,,,https://www.youtube.com/channel/UCBHSyjL4f8m4Wv_S9WnmHkg
UCr1-YRgu9MPeRoWYIryt_gg,@TSUYANIKU,24,2年,Member (2 years),,不明,,,1,1,0,2026-09-26 21:01,2026-09-26 21:01,,,https://www.youtube.com/channel/UCr1-YRgu9MPeRoWYIryt_gg
UC9uuWRlXX-pRuT_17fJAEGA,@まひまmqhimq6,24,2年,Member (2 years),31,"The Arcade, Dropplets!!",マイルストーン,,1,1,0,2026-09-27 09:01,2026-09-27 09:01,,,https://www.youtube.com/channel/UC9uuWRlXX-pRuT_17fJAEGA
UC9HPOeWnrRmkqrQO4xj1Y3g,@watashiwoe,24,2年,Member (2 years),,不明,,,1,7,0,2026-10-02 20:00,2026-10-02 20:00,,,https://www.youtube.com/channel/UC9HPOeWnrRmkqrQO4xj1Y3g
UC0JklnsOP52IauZiBltuu4w,@reika_cookie_3,24,2年,Member (2 years),,不明,,,1,11,0,2026-10-02 20:00,2026-10-02 20:00,,,https://www.youtube.com/channel/UC0JklnsOP52IauZiBltuu4w
UCrzuYWEvyKuvwcRRLsg6jyw,@Kolome_codo,24,2年,Member (2 years),,不明,,,1,3,0,2026-10-04 22:02,2026-10-04 22:02,,,https://www.youtube.com/channel/UCrzuYWEvyKuvwcRRLsg6jyw
UCI4-6hv1pJCkWLuzM_J5yBA,@み丸_mimaru,24,2年,Member (2 years),,不明,,,1,5,1,2026-10-04 22:02,2026-10-04 22:02,,,https://www.youtube.com/channel/UCI4-6hv1pJCkWLuzM_J5yBA
UCEH496Dc1Pnhw6exgaOVJlw,@huanggua0230,24,2年,Member (2 years),,不明,,,1,1,0,2026-10-04 22:02,2026-10-04 22:02,,,https://www.youtube.com/channel/UCEH496Dc1Pnhw6exgaOVJlw
UC7KOFLSmU7Oj05Uv1MULbcQ,@양념nemui,24,2年,Member (2 years),,不明,,,1,1,0,2026-10-08 21:09,2026-10-08 21:09,,,https://www.youtube.com/channel/UC7KOFLSmU7Oj05Uv1MULbcQ
UCegsVGdocoL5JI6k9WdhHTA,@jujupup,12,1年,Member (1 year),13,"The Arcade, Dropplets!!",マイルストーン,,22,2289,7,2026-09-13 22:03,2026-10-04 22:02,,,https://www.youtube.com/channel/UCegsVGdocoL5JI6k9WdhHTA
UCrzzm-mEC_1QRwjrF3z2Y4A,@yenpyon,12,1年,Member (1 year),20,"The Arcade, Dropplets!!",マイルストーン,,22,1850,1,2026-09-13 22:03,2026-10-08 21:09,,,https://www.youtube.com/channel/UCrzzm-mEC_1QRwjrF3z2Y4A
UC19eF7aOy3SvYX5O9IJbi5A,@shantiii1227,12,1年,Member (1 year),13,"The Arcade, Dropplets!!",マイルストーン,,22,320,0,2026-09-13 22:03,2026-10-08 21:09,,,https://www.youtube.com/channel/UC19eF7aOy3SvYX5O9IJbi5A
UCeIdMkIna7B6HrGXwva2uRQ,@まるもちmarumochi,12,1年,Member (1 year),,不明,,,21,1504,0,2026-09-13 22:03,2026-10-08 21:09,,,https://www.youtube.com/channel/UCeIdMkIna7B6HrGXwva2uRQ
UCpgPiHBRnIQhjI3ks64_QSg,@れおねるね,12,1年,Member (1 year),,不明,,,19,1901,0,2026-09-13 22:03,2026-10-08 21:09,,,https://www.youtube.com/channel/UCpgPiHBRnIQhjI3ks64_QSg
UCkeNWLOsq3Ry5ENyQQmjbeg,@jjimithesheep,12,1年,Member (1 year),23,"The Arcade, Dropplets!!",マイルストーン,,19,888,0,2026-09-14 21:02,2026-10-04 22:02,,,https://www.youtube.com/channel/UCkeNWLOsq3Ry5ENyQQmjbeg
UChfGd9L46wlR7zuYosRVK7A,@Panic_Xie芃,12,1年,Member (1 year),22,"The Arcade, Dropplets!!",マイルストーン,,16,670,2,2026-09-13 22:03,2026-10-08 21:09,,,https://www.youtube.com/channel/UChfGd9L46wlR7zuYosRVK7A
UCnY71Ajm2jSpYVcb2Yrt4-Q,@AYA-isあや,12,1年,Member (1 year),,不明,,,15,757,1,2026-09-13 22:03,2026-10-08 21:09,,,https://www.youtube.com/channel/UCnY71Ajm2jSpYVcb2Yrt4-Q
UCZRK321L2Ns7rQITl-Gt_tQ,@Audspicious1,12,1年,Member (1 year),12,"The Arcade, Dropplets!!",マイルストーン,,13,213,0,2026-09-13 22:03,2026-10-08 21:09,,,https://www.youtube.com/channel/UCZRK321L2Ns7rQITl-Gt_tQ
UCVP0URhoJF04YnUxC6V3Ygw,@さの_sano_xx,12,1年,Member (1 year),16,"The Arcade, Dropplets!!",マイルストーン,,12,74,0,2026-09-13 22:03,2026-10-03 22:07,,,https://www.youtube.com/channel/UCVP0URhoJF04YnUxC6V3Ygw
UCs2Dk4gHZxJ8ZPSxB3bZ0og,@ivy0828e,12,1年,Member (1 year),,不明,,,12,18,0,2026-09-13 22:03,2026-10-08 21:09,,,https://www.youtube.com/channel/UCs2Dk4gHZxJ8ZPSxB3bZ0og
UCnSCalovtFd1mqDZL10Ravw,@Kumaku_hehe030,12,1年,Member (1 year),,不明,,,11,431,0,2026-09-13 22:03,2026-09-29 20:07,,,https://www.youtube.com/channel/UCnSCalovtFd1mqDZL10Ravw
UCJGg2IFi77YBPemSI9-O7Xg,@blue0indigo,12,1年,Member (1 year),,不明,,,10,284,0,2026-09-13 22:03,2026-10-03 22:07,,,https://www.youtube.com/channel/UCJGg2IFi77YBPemSI9-O7Xg
UCNZWP8aomfOT_RrDFj8ohCg,@jineroon,12,1年,Member (1 year),,不明,,,10,779,0,2026-09-18 21:02,2026-10-08 21:09,,,https://www.youtube.com/channel/UCNZWP8aomfOT_RrDFj8ohCg
UC9f6IzNvsKV3ft2S55FLiwA,@xxCoffeeholic,12,1年,Member (1 year),23,"The Arcade, Dropplets!!",マイルストーン,,10,410,0,2026-09-23 21:01,2026-10-08 21:09,,,https://www.youtube.com/channel/UC9f6IzNvsKV3ft2S55FLiwA
UCr6vlTJqvqpZ_Pt4pnyZqnA,@Hope_19,12,1年,Member (1 year),16,"The Arcade, Dropplets!!",マイルストーン,,8,485,0,2026-09-13 22:03,2026-10-02 20:00,,,https://www.youtube.com/channel/UCr6vlTJqvqpZ_Pt4pnyZqnA
UCE8SfzpjDBCDUL5ijF5mJig,@inui_110shimakaze,12,1年,Member (1 year),,不明,,,8,432,1,2026-09-13 22:03,2026-10-04 22:02,,,https://www.youtube.com/channel/UCE8SfzpjDBCDUL5ijF5mJig
UCice3hbz3dxCy1oufbshCNw,@yua_d-i7r,12,1年,Member (1 year),,不明,,,6,29,0,2026-09-13 22:03,2026-10-08 21:09,,,https://www.youtube.com/channel/UCice3hbz3dxCy1oufbshCNw
UCKaGJfnyAboijMJUrk8lqVA,@CardCapter_Lily,12,1年,Member (1 year),12,"The Arcade, Dropplets!!",マイルストーン,,6,45,1,2026-09-13 22:03,2026-10-04 22:02,,,https://www.youtube.com/channel/UCKaGJfnyAboijMJUrk8lqVA
UCpFbJaL8pwUc9rozw4U-o1A,@leypetrova,12,1年,Member (1 year),21,"The Arcade, Dropplets!!",マイルストーン,,6,7,0,2026-09-19 07:47,2026-10-03 22:07,○,○,https://www.youtube.com/channel/UCpFbJaL8pwUc9rozw4U-o1A
UC8BRbSohRjg2-uQlIxv-dEA,@_hanjoo,12,1年,Member (1 year),,"The Arcade, Dropplets!!",ギフト,ギフトで加入,6,5,0,2026-09-21 00:19,2026-10-08 21:09,○,○,https://www.youtube.com/channel/UC8BRbSohRjg2-uQlIxv-dEA
UCdi0fdaH65Qjq3I2GklBcIg,@mere_メレ,12,1年,Member (1 year),,不明,,,5,89,0,2026-09-13 22:03,2026-10-04 22:02,,,https://www.youtube.com/channel/UCdi0fdaH65Qjq3I2GklBcIg
UCCGXLsHZOYc-BD8holmQF7g,@spreadwater,12,1年,Member (1 year),,不明,,,5,34,0,2026-09-13 22:03,2026-09-26 09:01,,,https://www.youtube.com/channel/UCCGXLsHZOYc-BD8holmQF7g
UCy_hUMeN3OGinjBOMvA9SSQ,@Nay_qm,12,1年,Member (1 year),,不明,,,5,110,0,2026-09-19 07:47,2026-10-04 11:01,,,https://www.youtube.com/channel/UCy_hUMeN3OGinjBOMvA9SSQ
UCrfVFoKQTpT1W47h71YJfeQ,@そらこ_03,12,1年,Member (1 year),,不明,,,4,4,0,2026-09-13 22:03,2026-10-02 20:00,,,https://www.youtube.com/channel/UCrfVFoKQTpT1W47h71YJfeQ
UC0k9rdwT2Rbkg9SeYu90WcA,@yc_poon,12,1年,Member (1 year),,不明,,,4,10,0,2026-09-13 22:03,2026-10-03 22:07,,,https://www.youtube.com/channel/UC0k9rdwT2Rbkg9SeYu90WcA
UCjCJ1Nc0vktTzh_HdmVSiDA,@_poppo,12,1年,Member (1 year),,不明,,,4,24,0,2026-09-13 22:03,2026-10-02 20:00,,,https://www.youtube.com/channel/UCjCJ1Nc0vktTzh_HdmVSiDA
UC8KY4EATt4BPYhRf3kl834w,@cranberrymuff1n,12,1年,Member (1 year),,不明,,,4,63,0,2026-09-17 22:06,2026-10-04 11:01,,,https://www.youtube.com/channel/UC8KY4EATt4BPYhRf3kl834w
UCvy5HVpDet86rA6hvk7ozGA,@umi__0777,12,1年,Member (1 year),,不明,,,3,22,0,2026-09-13 22:03,2026-09-16 21:01,,,https://www.youtube.com/channel/UCvy5HVpDet86rA6hvk7ozGA
UCJ8-faejQ1t9cqR3jKeH0FQ,@yukisasame,12,1年,Member (1 year),,不明,,,3,7,0,2026-09-13 22:03,2026-09-20 11:02,,,https://www.youtube.com/channel/UCJ8-faejQ1t9cqR3jKeH0FQ
UCYQra-lZl4QpcayHnbVj16A,@PekoJiro-ペコ次郎,12,1年,Member (1 year),,不明,,,3,24,0,2026-09-13 22:03,2026-09-27 21:10,,,https://www.youtube.com/channel/UCYQra-lZl4QpcayHnbVj16A
UCR1gaA_JKeGXyaa5KOEcEiw,@SusuGoreng,12,1年,Member (1 year),,"The Arcade, Dropplets!!",ギフト,ギフトで加入,3,9,0,2026-09-13 22:03,2026-09-21 00:19,○,○,https://www.youtube.com/channel/UCR1gaA_JKeGXyaa5KOEcEiw
UCKP8l9N2vtpKvgxZqPpbzCw,@machiiwa,12,1年,Member (1 year),,不明,,,3,4,0,2026-09-13 22:03,2026-10-04 22:02,,,https://www.youtube.com/channel/UCKP8l9N2vtpKvgxZqPpbzCw
UC0VAfuvV9R9XZfXwueL0iRQ,@noyoru003,12,1年,Member (1 year),,不明,,,3,3,0,2026-09-14 21:02,2026-10-04 22:02,,,https://www.youtube.com/channel/UC0VAfuvV9R9XZfXwueL0iRQ
UCnyjJUwwq7R0AhqqY2mJBvA,@Electra_00,12,1年,Member (1 year),,不明,,,3,28,0,2026-09-16 21:01,2026-10-04 22:02,,,https://www.youtube.com/channel/UCnyjJUwwq7R0AhqqY2mJBvA
UCBTEhfCjMilU2SaqBLqaqZQ,@navnotseca,12,1年,Member (1 year),,不明,,,3,30,0,2026-09-16 21:01,2026-10-02 20:00,,,https://www.youtube.com/channel/UCBTEhfCjMilU2SaqBLqaqZQ
UCGlAwJf0SV1zFD06FkoALDw,@Liddell2675,12,1年,Member (1 year),,"The Arcade, Dropplets!!",再加入/レベル変更,,3,67,0,2026-09-27 09:01,2026-09-29 20:07,,,https://www.youtube.com/channel/UCGlAwJf0SV1zFD06FkoALDw
UCGEaeeRRmxNiMjtRbXZA3jw,@まく,12,1年,Member (1 year),,不明,,,3,6,3,2026-09-29 20:07,2026-10-04 22:02,,,https://www.youtube.com/channel/UCGEaeeRRmxNiMjtRbXZA3jw
UC-FXAZ89GMwYi1dnYGFtJzw,@そのすけ,12,1年,Member (1 year),,不明,,,2,54,0,2026-09-13 22:03,2026-09-20 11:02,,,https://www.youtube.com/channel/UC-FXAZ89GMwYi1dnYGFtJzw
UC7zXynu1usvFzeG-HL6yX-Q,@aiychann,12,1年,Member (1 year),,不明,,,2,24,0,2026-09-13 22:03,2026-09-27 09:01,,,https://www.youtube.com/channel/UC7zXynu1usvFzeG-HL6yX-Q
UCq-xFFdKjpOqThlbzjSP0LA,@yohira-CN九十九,12,1年,Member (1 year),,不明,,,2,27,0,2026-09-13 22:03,2026-09-14 21:02,,,https://www.youtube.com/channel/UCq-xFFdKjpOqThlbzjSP0LA
UCIUTdBrA1qF5XEl5l84BD5Q,@heyimhxzel,12,1年,Member (1 year),19,"The Arcade, Dropplets!!",マイルストーン,,2,69,1,2026-09-13 22:03,2026-09-21 00:19,,,https://www.youtube.com/channel/UCIUTdBrA1qF5XEl5l84BD5Q
UCbfAT194W58WGdpSfrWnIWw,@Sam_mintchoco,12,1年,Member (1 year),,不明,,,2,2,0,2026-09-13 22:03,2026-10-02 20:00,,,https://www.youtube.com/channel/UCbfAT194W58WGdpSfrWnIWw
UCUjpTe6tQ0yeg0TdH0o71qQ,@lovekyunriot,12,1年,Member (1 year),23,"The Arcade, Dropplets!!",マイルストーン,,2,3,0,2026-09-13 22:03,2026-10-04 11:01,,,https://www.youtube.com/channel/UCUjpTe6tQ0yeg0TdH0o71qQ
UCsXjmEVGBcQwb19hG_UXGcQ,@hakuya6073,12,1年,Member (1 year),,不明,,,2,2,1,2026-09-14 21:02,2026-09-29 20:07,,,https://www.youtube.com/channel/UCsXjmEVGBcQwb19hG_UXGcQ
UCd6OxwxTz5VHu79vDQ4pLAQ,@Laralalarara,12,1年,Member (1 year),12,"The Arcade, Dropplets!!",マイルストーン,,2,0,0,2026-09-14 21:02,2026-09-22 21:01,,,https://www.youtube.com/channel/UCd6OxwxTz5VHu79vDQ4pLAQ
UCUzELW72stVe_cxgrFA708g,@kanata-b5v,12,1年,Member (1 year),,不明,,,2,7,0,2026-09-19 07:47,2026-09-20 11:02,,,https://www.youtube.com/channel/UCUzELW72stVe_cxgrFA708g
UCl_UDU12haT9QqbSlZlhROg,@ubefoamm,12,1年,Member (1 year),16,"The Arcade, Dropplets!!",マイルストーン,,2,19,0,2026-09-26 09:01,2026-09-27 09:01,,,https://www.youtube.com/channel/UCl_UDU12haT9QqbSlZlhROg
UCd0ipUsdu7J0rQAyi_vfmMg,@Alyzdy,12,1年,Member (1 year),,不明,,,1,7,0,2026-09-13 22:03,2026-09-13 22:03,,,https://www.youtube.com/channel/UCd0ipUsdu7J0rQAyi_vfmMg
UCtB2HP0091DMuZvT1dFI-Jg,@yassi3000,12,1年,Member (1 year),,不明,,,1,2,0,2026-09-13 22:03,2026-09-13 22:03,,,https://www.youtube.com/channel/UCtB2HP0091DMuZvT1dFI-Jg
UCiaSKNCDCk5RCNvYbbc0GAw,@meowwie,12,1年,Member (1 year),,不明,,,1,1,0,2026-09-13 22:03,2026-09-13 22:03,,,https://www.youtube.com/channel/UCiaSKNCDCk5RCNvYbbc0GAw
UCHmwTMaprbDQdyhfa-nzC8g,@weepingserpent,12,1年,Member (1 year),22,"The Arcade, Dropplets!!",マイルストーン,,1,5,0,2026-09-13 22:03,2026-09-13 22:03,,,https://www.youtube.com/channel/UCHmwTMaprbDQdyhfa-nzC8g
UCCgUBFYHLFKQTKH6KA-HWHw,@MK_やわもち,12,1年,Member (1 year),,不明,,,1,3,0,2026-09-13 22:03,2026-09-13 22:03,,,https://www.youtube.com/channel/UCCgUBFYHLFKQTKH6KA-HWHw
UC_EiAir2bDpNCWmXumTgO_g,@Anthea_Y,12,1年,Member (1 year),,不明,,,1,1,0,2026-09-13 22:03,2026-09-13 22:03,,,https://www.youtube.com/channel/UC_EiAir2bDpNCWmXumTgO_g
UCaTzLajHaov0RDeUR4W-9qA,@rwbyyyjane,12,1年,Member (1 year),,"The Arcade, Dropplets!!",ギフト,ギフトで加入,1,4,0,2026-09-13 22:03,2026-09-13 22:03,○,○,https://www.youtube.com/channel/UCaTzLajHaov0RDeUR4W-9qA
UCHuHy3ljdEH32NLotUAEdfA,@vcaesium,12,1年,Member (1 year),,"The Arcade, Dropplets!!",再加入/レベル変更,,1,56,1,2026-09-13 22:03,2026-09-13 22:03,,,https://www.youtube.com/channel/UCHuHy3ljdEH32NLotUAEdfA
UCeC5EAyRERtNLTt3QknabrA,@un4382,12,1年,Member (1 year),,不明,,,1,1,0,2026-09-13 22:03,2026-09-13 22:03,,,https://www.youtube.com/channel/UCeC5EAyRERtNLTt3QknabrA
UCG9pAW98r-6IxJy_-SP36uA,@roi061_ろい,12,1年,Member (1 year),,不明,,,1,1,0,2026-09-13 22:03,2026-09-13 22:03,,,https://www.youtube.com/channel/UCG9pAW98r-6IxJy_-SP36uA
UCSsU3Xmu2SHSMM9W8wl2q_g,@祈依-kii,12,1年,Member (1 year),,不明,,,1,3,0,2026-09-14 21:02,2026-09-14 21:02,,,https://www.youtube.com/channel/UCSsU3Xmu2SHSMM9W8wl2q_g
UC1MOVmuTlTOm5S7ViQKsNWA,@ssuliya,12,1年,Member (1 year),,不明,,,1,4,0,2026-09-14 21:02,2026-09-14 21:02,,,https://www.youtube.com/channel/UC1MOVmuTlTOm5S7ViQKsNWA
UCoJeUxSufOHJ8e8VOcAUpZg,@Ayano-i2x,12,1年,Member (1 year),,不明,,,1,1,0,2026-09-14 21:02,2026-09-14 21:02,,,https://www.youtube.com/channel/UCoJeUxSufOHJ8e8VOcAUpZg
UClOs9Ft4zzyoa5IrABRZOEg,@cheshire_5623,12,1年,Member (1 year),,不明,,,1,1,0,2026-09-16 21:01,2026-09-16 21:01,,,https://www.youtube.com/channel/UClOs9Ft4zzyoa5IrABRZOEg
UCpJe2z7Y9uXhzpJM4TZvBKQ,@ange_0415,12,1年,Member (1 year),,不明,,,1,1,0,2026-09-16 21:01,2026-09-16 21:01,,,https://www.youtube.com/channel/UCpJe2z7Y9uXhzpJM4TZvBKQ
UC_Wu_2YELVK_MTK2GgG9sDQ,@fleetsync,12,1年,Member (1 year),,不明,,,1,3,0,2026-09-20 11:02,2026-09-20 11:02,,,https://www.youtube.com/channel/UC_Wu_2YELVK_MTK2GgG9sDQ
UC9yVvSgJ36Fa_sA_uLiIepw,@konata2525,12,1年,Member (1 year),,不明,,,1,1,0,2026-09-26 21:01,2026-09-26 21:01,,,https://www.youtube.com/channel/UC9yVvSgJ36Fa_sA_uLiIepw
UC47Ob-9CPhTZqgdrVwjvjnQ,@nijiceleste,12,1年,Member (1 year),,不明,,,1,4,0,2026-09-27 09:01,2026-09-27 09:01,,,https://www.youtube.com/channel/UC47Ob-9CPhTZqgdrVwjvjnQ
UCRONxUrhVf-LmCj6Rm5KEjg,@winwinmi7732,12,1年,Member (1 year),,不明,,,1,1,0,2026-09-29 20:07,2026-09-29 20:07,,,https://www.youtube.com/channel/UCRONxUrhVf-LmCj6Rm5KEjg
UCOTVKBrik4DNdftF9uZtYMw,@July-u6h,12,1年,Member (1 year),,不明,,,1,7,0,2026-10-02 20:00,2026-10-02 20:00,,,https://www.youtube.com/channel/UCOTVKBrik4DNdftF9uZtYMw
UCr_fQkInliOSjnjJA_mto2w,@ayk11,12,1年,Member (1 year),,不明,,,1,1,0,2026-10-04 22:02,2026-10-04 22:02,,,https://www.youtube.com/channel/UCr_fQkInliOSjnjJA_mto2w
UCLGHUBeq-H2qR_CSvw7hDTA,@shiori_詩織,6,6ヶ月,Member (6 months),8,"The Arcade, Dropplets!!",マイルストーン,,23,818,2,2026-09-13 22:03,2026-10-08 21:09,,,https://www.youtube.com/channel/UCLGHUBeq-H2qR_CSvw7hDTA
UCszH0dG6DYB6NQ4SJlJDUWg,@miyako385_みやこ,6,6ヶ月,Member (6 months),8,"The Arcade, Dropplets!!",マイルストーン,,17,433,0,2026-09-14 21:02,2026-10-08 21:09,,,https://www.youtube.com/channel/UCszH0dG6DYB6NQ4SJlJDUWg
UCBxtbxlewYlFaqh3EtAsbtA,@めあ_me1ty_D,6,6ヶ月,Member (6 months),,不明,,,16,217,2,2026-09-13 22:03,2026-10-04 22:02,,,https://www.youtube.com/channel/UCBxtbxlewYlFaqh3EtAsbtA
UCPiIb-W3h4LVUndJ1gaGNwg,@michiimachii,6,6ヶ月,Member (6 months),,不明,,,11,101,0,2026-09-14 21:02,2026-10-08 21:09,,,https://www.youtube.com/channel/UCPiIb-W3h4LVUndJ1gaGNwg
UCQas8vTMRt8R3TqT4YV2p_w,@ぷろむな-promenaade,6,6ヶ月,Member (6 months),,不明,,,10,132,0,2026-09-13 22:03,2026-10-04 22:02,,,https://www.youtube.com/channel/UCQas8vTMRt8R3TqT4YV2p_w
UCCCj34Bo_tixcm3he-I4ksQ,@nowiwii,6,6ヶ月,Member (6 months),10,"The Arcade, Dropplets!!",マイルストーン,,10,93,4,2026-09-17 22:06,2026-10-04 11:01,,,https://www.youtube.com/channel/UCCCj34Bo_tixcm3he-I4ksQ
UCaS_1Prjbc5XuU9E43cZ1cA,@kono58,6,6ヶ月,Member (6 months),5,"The Arcade, Dropplets!!",マイルストーン,,8,17,0,2026-09-13 22:03,2026-10-04 11:01,,,https://www.youtube.com/channel/UCaS_1Prjbc5XuU9E43cZ1cA
UCxBHr6_JxyjbxdMrG3fv9kQ,@momiji-omanjuuu,6,6ヶ月,Member (6 months),,不明,,,7,154,0,2026-09-16 21:01,2026-10-03 00:12,,,https://www.youtube.com/channel/UCxBHr6_JxyjbxdMrG3fv9kQ
UCAJEai1fhz2sAy9bH8ymAsQ,@sky-s0831,6,6ヶ月,Member (6 months),8,"The Arcade, Dropplets!!",マイルストーン,,6,83,0,2026-09-13 22:03,2026-10-08 21:09,,,https://www.youtube.com/channel/UCAJEai1fhz2sAy9bH8ymAsQ
UCAci5ZKLVESJJIOM-Vpp_kw,@ショランBABYNYANgrrrr,6,6ヶ月,Member (6 months),11,"The Arcade, Dropplets!!",マイルストーン,,6,43,0,2026-09-13 22:03,2026-10-03 22:07,,,https://www.youtube.com/channel/UCAci5ZKLVESJJIOM-Vpp_kw
UCOtP9uLiEGs_1EC4PbHQ6OQ,@kamise-v6n,6,6ヶ月,Member (6 months),,"The Arcade, Dropplets!!",ギフト,ギフトで加入,6,205,0,2026-09-13 22:03,2026-10-02 20:00,○,○,https://www.youtube.com/channel/UCOtP9uLiEGs_1EC4PbHQ6OQ
UCPaTl1reRcEgD5x3QrozSSw,@りんりん_1414,6,6ヶ月,Member (6 months),,不明,,,5,106,1,2026-09-13 22:03,2026-10-03 22:07,,,https://www.youtube.com/channel/UCPaTl1reRcEgD5x3QrozSSw
UCZo8H-0eeaSdjVtRrINWNGw,@pip_piecrust,6,6ヶ月,Member (6 months),10,"The Arcade, Dropplets!!",マイルストーン,,4,5,0,2026-09-13 22:03,2026-09-26 21:01,,,https://www.youtube.com/channel/UCZo8H-0eeaSdjVtRrINWNGw
UC42fq-Dk-cvxbgowIoe3VEQ,@ゑりんぎ-elingi,6,6ヶ月,Member (6 months),,不明,,,4,77,0,2026-09-13 22:03,2026-10-03 00:12,,,https://www.youtube.com/channel/UC42fq-Dk-cvxbgowIoe3VEQ
UCTdCfQiPf4bGUmu8OMOmlvA,@jevyra,6,6ヶ月,Member (6 months),11,"The Arcade, Dropplets!!",マイルストーン,,3,12,0,2026-09-13 22:03,2026-09-27 21:10,,,https://www.youtube.com/channel/UCTdCfQiPf4bGUmu8OMOmlvA
UCmpw9jmyzKo0imT0RIKGayg,@15mlkt,6,6ヶ月,Member (6 months),11,"The Arcade, Dropplets!!",マイルストーン,,3,4,0,2026-09-13 22:03,2026-09-25 08:02,,,https://www.youtube.com/channel/UCmpw9jmyzKo0imT0RIKGayg
UClzaBSHwosRy3wlDMtpJxkA,@Attila-he,6,6ヶ月,Member (6 months),,不明,,,3,3,0,2026-09-26 09:01,2026-10-04 22:02,,,https://www.youtube.com/channel/UClzaBSHwosRy3wlDMtpJxkA
UC8_M5OxiULX2Cbpy3G7Xo_g,@michie_babe,6,6ヶ月,Member (6 months),,不明,,,2,66,0,2026-09-13 22:03,2026-09-14 21:02,,,https://www.youtube.com/channel/UC8_M5OxiULX2Cbpy3G7Xo_g
UC0l-JZxbefWDVdEZLlMFY2w,@omochimoおもちも,6,6ヶ月,Member (6 months),,不明,,,2,2,1,2026-09-13 22:03,2026-09-14 21:02,,,https://www.youtube.com/channel/UC0l-JZxbefWDVdEZLlMFY2w
UC_SHHXlnPuztNlcoba_lnsw,@犬_Inu8,6,6ヶ月,Member (6 months),,不明,,,2,3,0,2026-09-13 22:03,2026-09-29 20:07,,,https://www.youtube.com/channel/UC_SHHXlnPuztNlcoba_lnsw
UCBZFkIc1GxBuvZmVbKYDQEA,@なるこ_narukolepsy,6,6ヶ月,Member (6 months),,不明,,,2,2,0,2026-09-29 20:07,2026-10-02 20:00,,,https://www.youtube.com/channel/UCBZFkIc1GxBuvZmVbKYDQEA
UCwxShnxEqZd1wfDErVxLYmA,@hitomi-maru,6,6ヶ月,Member (6 months),,不明,,,2,4,1,2026-10-03 22:07,2026-10-04 22:02,,,https://www.youtube.com/channel/UCwxShnxEqZd1wfDErVxLYmA
UCaScqIDjcPaP9reZnGBsRsg,@Lunya_3,6,6ヶ月,Member (6 months),,不明,,,1,3,1,2026-09-13 22:03,2026-09-13 22:03,,,https://www.youtube.com/channel/UCaScqIDjcPaP9reZnGBsRsg
UCe8TPHVmg8haFKXmPjjNOAw,@seikai00,6,6ヶ月,Member (6 months),,不明,,,1,3,0,2026-09-13 22:03,2026-09-13 22:03,,,https://www.youtube.com/channel/UCe8TPHVmg8haFKXmPjjNOAw
UCnbPYNqK2iVKueZlnoMSXAg,@Hakono1006,6,6ヶ月,Member (6 months),,不明,,,1,1,0,2026-09-13 22:03,2026-09-13 22:03,,,https://www.youtube.com/channel/UCnbPYNqK2iVKueZlnoMSXAg
UC_Lk4IoJNBp0eUpznjEBMlw,@na_chan0830,6,6ヶ月,Member (6 months),10,"The Arcade, Dropplets!!",マイルストーン,,1,0,0,2026-09-13 22:03,2026-09-13 22:03,,,https://www.youtube.com/channel/UC_Lk4IoJNBp0eUpznjEBMlw
UC3SZgkUYnMhA6Sq9Lsh_K5w,@natsuki72_なつき,6,6ヶ月,Member (6 months),,"The Arcade, Dropplets!!",再加入/レベル変更,,1,0,0,2026-09-13 22:03,2026-09-13 22:03,,,https://www.youtube.com/channel/UC3SZgkUYnMhA6Sq9Lsh_K5w
UCxYn7L0mmVsHwrYwMFeYRpw,@pam___am7,6,6ヶ月,Member (6 months),,不明,,,1,1,0,2026-09-14 21:02,2026-09-14 21:02,,,https://www.youtube.com/channel/UCxYn7L0mmVsHwrYwMFeYRpw
UC31yOMDwhXYxeJa0HyWsLbA,@ある-Arux2,6,6ヶ月,Member (6 months),,不明,,,1,4,0,2026-09-14 21:02,2026-09-14 21:02,,,https://www.youtube.com/channel/UC31yOMDwhXYxeJa0HyWsLbA
UC8fhtvfiDvzsw1NMggEfFig,@nonmaru_12,6,6ヶ月,Member (6 months),,不明,,,1,2,0,2026-09-14 21:02,2026-09-14 21:02,,,https://www.youtube.com/channel/UC8fhtvfiDvzsw1NMggEfFig
UCEYiEestQXAGrNoigFJJHIQ,@Aou-3349,6,6ヶ月,Member (6 months),,不明,,,1,1,0,2026-09-14 21:02,2026-09-14 21:02,,,https://www.youtube.com/channel/UCEYiEestQXAGrNoigFJJHIQ
UC6eGiKE5jCY5bkTv6MpBabg,@Moririn99,6,6ヶ月,Member (6 months),,不明,,,1,1,0,2026-09-18 21:02,2026-09-18 21:02,,,https://www.youtube.com/channel/UC6eGiKE5jCY5bkTv6MpBabg
UCXY-H8HefvjuRo4SrMDCQhw,@purrtie,6,6ヶ月,Member (6 months),,不明,,,1,1,0,2026-09-20 11:02,2026-09-20 11:02,,,https://www.youtube.com/channel/UCXY-H8HefvjuRo4SrMDCQhw
UCKhtNH784cJ0FtQ2BHAKzcg,@bunnynyan_shaashaa,6,6ヶ月,Member (6 months),,不明,,,1,3,0,2026-09-20 11:02,2026-09-20 11:02,,,https://www.youtube.com/channel/UCKhtNH784cJ0FtQ2BHAKzcg
UCcsDw8Hq0zOJYq-S1yxDtaQ,@かんかん-upaaaa,6,6ヶ月,Member (6 months),,不明,,,1,1,1,2026-09-22 21:01,2026-09-22 21:01,,,https://www.youtube.com/channel/UCcsDw8Hq0zOJYq-S1yxDtaQ
UCU32zGr6Va12aKeO93jxtkQ,@hotcat0715,6,6ヶ月,Member (6 months),,不明,,,1,2,0,2026-09-29 20:07,2026-09-29 20:07,,,https://www.youtube.com/channel/UCU32zGr6Va12aKeO93jxtkQ
UCkYF5i6YBa9ur_OIYwHHUqQ,@REI_レタスチャーハン大盛り,6,6ヶ月,Member (6 months),,不明,,,1,1,0,2026-10-02 20:00,2026-10-02 20:00,,,https://www.youtube.com/channel/UCkYF5i6YBa9ur_OIYwHHUqQ
UCCg4xgBON9c2kOHPj4UdNDQ,@Yuriii_nyan_forsure,6,6ヶ月,Member (6 months),,不明,,,1,12,1,2026-10-03 22:07,2026-10-03 22:07,,,https://www.youtube.com/channel/UCCg4xgBON9c2kOHPj4UdNDQ
UCMHsUlf-BUQhu2zFzaIvzrA,@kyu_qchan,2,2ヶ月,Member (2 months),3,"The Arcade, Dropplets!!",マイルストーン,,24,887,1,2026-09-13 22:03,2026-10-08 21:09,,,https://www.youtube.com/channel/UCMHsUlf-BUQhu2zFzaIvzrA
UCgQo0HMmArD4awtRwA1E9Og,@りー.ちゃん_riichan,2,2ヶ月,Member (2 months),3,"The Arcade, Dropplets!!",マイルストーン,,22,996,2,2026-09-13 22:03,2026-10-08 21:09,,,https://www.youtube.com/channel/UCgQo0HMmArD4awtRwA1E9Og
UCdsYCFdixaM-N7DRD913j3w,@For_everyoung831千里,2,2ヶ月,Member (2 months),4,"The Arcade, Dropplets!!",マイルストーン,,21,3702,1,2026-09-13 22:03,2026-10-08 21:09,,,https://www.youtube.com/channel/UCdsYCFdixaM-N7DRD913j3w
UCz7EusIwYpRy8OICBz2YHIA,@Lunatrix03,2,2ヶ月,Member (2 months),,不明,,,20,257,0,2026-09-13 22:03,2026-10-08 21:09,,,https://www.youtube.com/channel/UCz7EusIwYpRy8OICBz2YHIA
UCMn8urDxKk5De5e8EHQZp5w,@pomi_cat,2,2ヶ月,Member (2 months),2,"The Arcade, Dropplets!!",マイルストーン,,19,2574,1,2026-09-13 22:03,2026-10-08 21:09,,,https://www.youtube.com/channel/UCMn8urDxKk5De5e8EHQZp5w
UCGeTmgK2g52E_jBiGAmhkWA,@Kyla3184,2,2ヶ月,Member (2 months),2,"The Arcade, Dropplets!!",マイルストーン,,19,1562,0,2026-09-13 22:03,2026-10-08 21:09,○,○,https://www.youtube.com/channel/UCGeTmgK2g52E_jBiGAmhkWA
UC7XyjAP0pvZuAltHSeIyI6A,@ささ-y3v,2,2ヶ月,Member (2 months),,不明,,,17,126,0,2026-09-13 22:03,2026-10-08 21:09,,,https://www.youtube.com/channel/UC7XyjAP0pvZuAltHSeIyI6A
UCe8LDCM6Ydx-r40c66l45UQ,@ミントティーうまし_mint,2,2ヶ月,Member (2 months),2,"The Arcade, Dropplets!!",マイルストーン,,16,946,11,2026-09-13 22:03,2026-10-08 21:09,,,https://www.youtube.com/channel/UCe8LDCM6Ydx-r40c66l45UQ
UC1_sRN-gGLireEtkepubPaA,@きらりちゃん-o1d,2,2ヶ月,Member (2 months),,不明,,,15,88,0,2026-09-13 22:03,2026-10-08 21:09,,,https://www.youtube.com/channel/UC1_sRN-gGLireEtkepubPaA
UCjCJDvPriQOuDdsfICglfbQ,@aya_mon_c,2,2ヶ月,Member (2 months),,不明,,,14,263,0,2026-09-13 22:03,2026-10-04 22:02,,,https://www.youtube.com/channel/UCjCJDvPriQOuDdsfICglfbQ
UCew0Cl3tQ34U4HCLKZB0bjg,@scythesdrop,2,2ヶ月,Member (2 months),4,"The Arcade, Dropplets!!",マイルストーン,,13,119,0,2026-09-13 22:03,2026-10-04 11:01,,,https://www.youtube.com/channel/UCew0Cl3tQ34U4HCLKZB0bjg
UC5WmfwsLsxuEBNN98OYbmwQ,@raemineiss,2,2ヶ月,Member (2 months),2,"The Arcade, Dropplets!!",マイルストーン,,12,379,0,2026-09-13 22:03,2026-10-08 21:09,,,https://www.youtube.com/channel/UC5WmfwsLsxuEBNN98OYbmwQ
UCKEfBwOSj0t8q1yotiv4PnQ,@Jen-iy4ti,2,2ヶ月,Member (2 months),5,"The Arcade, Dropplets!!",マイルストーン,,11,62,2,2026-09-13 22:03,2026-10-08 21:09,,,https://www.youtube.com/channel/UCKEfBwOSj0t8q1yotiv4PnQ
UC3N8lDhhfWk2O-mJXcDMy6w,@Yuukachaaaan,2,2ヶ月,Member (2 months),,不明,,,9,34,1,2026-09-13 22:03,2026-09-29 20:07,,,https://www.youtube.com/channel/UC3N8lDhhfWk2O-mJXcDMy6w
UCthyOkJ126Pz99dLDXBB9zg,@りお-t4n1y,2,2ヶ月,Member (2 months),1,"The Arcade, Dropplets!!",マイルストーン,,9,25,0,2026-09-13 22:03,2026-09-27 21:10,,,https://www.youtube.com/channel/UCthyOkJ126Pz99dLDXBB9zg
UCJt06st-p_HHU1pQ3TVhNXg,@NatsukaTachibana,2,2ヶ月,Member (2 months),3,"The Arcade, Dropplets!!",マイルストーン,,9,106,1,2026-09-13 22:03,2026-10-04 22:02,,,https://www.youtube.com/channel/UCJt06st-p_HHU1pQ3TVhNXg
UCJWv4_k4zFQK7WlppTS06tg,@EzloBibloBalls,2,2ヶ月,Member (2 months),2,"The Arcade, Dropplets!!",マイルストーン,,8,90,2,2026-09-13 22:03,2026-10-04 22:02,,,https://www.youtube.com/channel/UCJWv4_k4zFQK7WlppTS06tg
UCIxYpEB59ncn0zMS8xInIRA,@こにゃ-Konya,2,2ヶ月,Member (2 months),,不明,,,8,36,0,2026-09-14 21:02,2026-10-04 22:02,,,https://www.youtube.com/channel/UCIxYpEB59ncn0zMS8xInIRA
UCWiFeY23miVjJudRHMJ7xWw,@transitofvenusz,2,2ヶ月,Member (2 months),5,"The Arcade, Dropplets!!",マイルストーン,,7,800,0,2026-09-13 22:03,2026-09-29 20:07,,,https://www.youtube.com/channel/UCWiFeY23miVjJudRHMJ7xWw
UC4xdl-oOTqst6VQP5I0xJrA,@arumageddone,2,2ヶ月,Member (2 months),,不明,,,7,27,0,2026-09-13 22:03,2026-09-27 09:01,,,https://www.youtube.com/channel/UC4xdl-oOTqst6VQP5I0xJrA
UCButjiDaP-WmwAadxSN8dGw,@Elliottchuu,2,2ヶ月,Member (2 months),2,"The Arcade, Dropplets!!",マイルストーン,,7,352,2,2026-09-29 20:07,2026-10-08 21:09,,,https://www.youtube.com/channel/UCButjiDaP-WmwAadxSN8dGw
UC9ospQMa7rtCADKLfLgjIcQ,@randomize_0x0,2,2ヶ月,Member (2 months),3,"The Arcade, Dropplets!!",マイルストーン,,6,80,1,2026-09-13 22:03,2026-10-04 11:01,,,https://www.youtube.com/channel/UC9ospQMa7rtCADKLfLgjIcQ
UCLUcGkccs1QSUpto5byK_JQ,@chana_ちゃな,2,2ヶ月,Member (2 months),3,"The Arcade, Dropplets!!",マイルストーン,,6,121,0,2026-09-22 21:01,2026-10-03 22:07,,,https://www.youtube.com/channel/UCLUcGkccs1QSUpto5byK_JQ
UCN5nYNtaSth_vdlBI9nI5Fw,@Himi_kuroshuro,2,2ヶ月,Member (2 months),2,"The Arcade, Dropplets!!",マイルストーン,,5,33,0,2026-09-20 11:02,2026-10-03 22:07,○,○,https://www.youtube.com/channel/UCN5nYNtaSth_vdlBI9nI5Fw
UCmGdrytsIv9wovI5PN104RA,@Ash_TheatreMonochrome,2,2ヶ月,Member (2 months),4,"The Arcade, Dropplets!!",マイルストーン,,5,24,1,2026-09-22 21:01,2026-10-04 22:02,,,https://www.youtube.com/channel/UCmGdrytsIv9wovI5PN104RA
UCdQmxDwaTW7L2zemZVHD6Uw,@ちゃむ-cham8,2,2ヶ月,Member (2 months),,不明,,,4,4,0,2026-09-13 22:03,2026-09-26 21:01,,,https://www.youtube.com/channel/UCdQmxDwaTW7L2zemZVHD6Uw
UCuzVuySohjk9YFeX3tzsFXQ,@PETERMANNNNNN,2,2ヶ月,Member (2 months),,不明,,,4,4,0,2026-09-13 22:03,2026-10-03 22:07,,,https://www.youtube.com/channel/UCuzVuySohjk9YFeX3tzsFXQ
UC7RlrHwhRtp86Y6Q0fOXKDw,@alice_ponpokoDOG,2,2ヶ月,Member (2 months),,不明,,,4,7,0,2026-09-14 21:02,2026-09-27 21:10,,,https://www.youtube.com/channel/UC7RlrHwhRtp86Y6Q0fOXKDw
UCfiE1rxFkev62RqBCqXD2OA,@milkywavv,2,2ヶ月,Member (2 months),,不明,,,4,10,0,2026-09-19 07:47,2026-10-04 11:01,,,https://www.youtube.com/channel/UCfiE1rxFkev62RqBCqXD2OA
UCNMgQsTbbIH3HgXnRIwmHwg,@melty_chocolate23,2,2ヶ月,Member (2 months),,不明,,,3,20,2,2026-09-13 22:03,2026-09-27 21:10,,,https://www.youtube.com/channel/UCNMgQsTbbIH3HgXnRIwmHwg
UChV-Y0wblnKDwHniYxFjFvg,@れくれ,2,2ヶ月,Member (2 months),,不明,,,3,3,0,2026-09-13 22:03,2026-10-04 11:01,,,https://www.youtube.com/channel/UChV-Y0wblnKDwHniYxFjFvg
UC3VZ5qQ9YNQ45-N4D4Cu0pA,@zikainori,2,2ヶ月,Member (2 months),,不明,,,3,7,0,2026-09-13 22:03,2026-10-04 22:02,,,https://www.youtube.com/channel/UC3VZ5qQ9YNQ45-N4D4Cu0pA
UCRHniZxvOD0gpYERKOsSUrw,@cocoball_123,2,2ヶ月,Member (2 months),,"The Arcade, Dropplets!!",ギフト,ギフトで加入,2,22,0,2026-09-13 22:03,2026-09-18 21:02,○,○,https://www.youtube.com/channel/UCRHniZxvOD0gpYERKOsSUrw
UC5BvQP_bR1MpXDKyaI9A2cQ,@Pavagatt,2,2ヶ月,Member (2 months),,"The Arcade, Dropplets!!",ギフト,ギフトで加入,2,9,0,2026-09-13 22:03,2026-09-25 08:02,○,○,https://www.youtube.com/channel/UC5BvQP_bR1MpXDKyaI9A2cQ
UCVJEjzBaZNoOeadcQgCU2uQ,@ANTiR4VEN,2,2ヶ月,Member (2 months),2,"The Arcade, Dropplets!!",マイルストーン,,2,0,0,2026-09-14 21:02,2026-09-19 07:47,,,https://www.youtube.com/channel/UCVJEjzBaZNoOeadcQgCU2uQ
UCyvJSCrXY_jT76v1ozKYdgw,@broken_wolf_,2,2ヶ月,Member (2 months),,不明,,,2,2,0,2026-09-20 11:02,2026-09-27 09:01,,,https://www.youtube.com/channel/UCyvJSCrXY_jT76v1ozKYdgw
UCl4XfMkavr-NOG50DlV03sg,@sundo-ch,2,2ヶ月,Member (2 months),,不明,,,2,8,0,2026-09-20 11:02,2026-10-04 22:02,,,https://www.youtube.com/channel/UCl4XfMkavr-NOG50DlV03sg
UCcVdSIlHiR3L-yXaK10se0A,@sayuki2816,2,2ヶ月,Member (2 months),,"The Arcade, Dropplets!!",ギフト,ギフトで加入,2,4,0,2026-09-21 00:19,2026-10-02 20:00,○,○,https://www.youtube.com/channel/UCcVdSIlHiR3L-yXaK10se0A
UCuutStKbkw7aJ846RbSrWlg,@Shiqing-ht5kd,2,2ヶ月,Member (2 months),,"The Arcade, Dropplets!!",ギフト,ギフトで加入,2,1,0,2026-10-04 22:02,2026-10-08 21:09,○,○,https://www.youtube.com/channel/UCuutStKbkw7aJ846RbSrWlg
UCpBvqme5lPkkj3j1iwwp7Fg,@いいにおいのわんわん,2,2ヶ月,Member (2 months),,不明,,,1,4,0,2026-09-13 22:03,2026-09-13 22:03,,,https://www.youtube.com/channel/UCpBvqme5lPkkj3j1iwwp7Fg
UCFHlj9v93gBdm8t4fs4DWVg,@テディ28-d5n,2,2ヶ月,Member (2 months),,不明,,,1,5,0,2026-09-13 22:03,2026-09-13 22:03,,,https://www.youtube.com/channel/UCFHlj9v93gBdm8t4fs4DWVg
UC4EMzapaPi6U31HuQ72HRBA,@solipiyoo,2,2ヶ月,Member (2 months),,不明,,,1,12,0,2026-09-14 21:02,2026-09-14 21:02,,,https://www.youtube.com/channel/UC4EMzapaPi6U31HuQ72HRBA
UCp9Hu-PBByOKT-xqyyfsbtA,@kurapppi,2,2ヶ月,Member (2 months),,"The Arcade, Dropplets!!",ギフト,ギフトで加入,1,2,0,2026-09-20 11:02,2026-09-20 11:02,○,○,https://www.youtube.com/channel/UCp9Hu-PBByOKT-xqyyfsbtA
UCcaTKqQcbgywLDb_-W4nVOw,@maureen6930,2,2ヶ月,Member (2 months),,"The Arcade, Dropplets!!",ギフト,ギフトで加入,1,1,0,2026-09-20 11:02,2026-09-20 11:02,○,○,https://www.youtube.com/channel/UCcaTKqQcbgywLDb_-W4nVOw
UCi_wNXiRZtlprSqsoeOrsKQ,@lvganju14,2,2ヶ月,Member (2 months),,不明,,,1,1,0,2026-09-22 21:01,2026-09-22 21:01,,,https://www.youtube.com/channel/UCi_wNXiRZtlprSqsoeOrsKQ
UCjWSgWFOHsBKS2fo_lkOjVA,@Satya_pom,2,2ヶ月,Member (2 months),,不明,,,1,1,0,2026-10-02 20:00,2026-10-02 20:00,,,https://www.youtube.com/channel/UCjWSgWFOHsBKS2fo_lkOjVA
UCif88By7-GDAengvPOrdUDA,@N0tmarionlmfao,2,2ヶ月,Member (2 months),,"The Arcade, Dropplets!!",再加入/レベル変更,,1,0,0,2026-10-04 22:02,2026-10-04 22:02,,,https://www.youtube.com/channel/UCif88By7-GDAengvPOrdUDA
UCVJgdFLjUjxrRnDCAt-919g,@UraraAotsuki,2,2ヶ月,Member (2 months),,不明,,,1,2,0,2026-10-08 21:09,2026-10-08 21:09,,,https://www.youtube.com/channel/UCVJgdFLjUjxrRnDCAt-919g
UCCGbAFwyrd2beHRbU-6-iJA,@haydenlaw_324,1,1ヶ月,Member (1 month),1,"The Arcade, Dropplets!!",マイルストーン,,10,10,1,2026-09-13 22:03,2026-10-04 22:02,,,https://www.youtube.com/channel/UCCGbAFwyrd2beHRbU-6-iJA
UCqu7brrO8Uf_RwhKOobVstw,@うかい2rd,1,1ヶ月,Member (1 month),,不明,,,3,4,0,2026-09-13 22:03,2026-09-29 20:07,,,https://www.youtube.com/channel/UCqu7brrO8Uf_RwhKOobVstw
UCRcmpK4YGLuuPd9da1sgVqg,@haru-chas,1,1ヶ月,Member (1 month),,不明,,,2,22,2,2026-09-13 22:03,2026-09-17 22:06,,,https://www.youtube.com/channel/UCRcmpK4YGLuuPd9da1sgVqg
UCl-KOycmaqfNSyhXvYal2Ug,@raniajisai,1,1ヶ月,Member (1 month),,不明,,,2,4,0,2026-09-14 21:02,2026-09-22 21:01,,,https://www.youtube.com/channel/UCl-KOycmaqfNSyhXvYal2Ug
UCYEvrptvir-SJwKbTA--lNg,@JarahDogger,1,1ヶ月,Member (1 month),,"The Arcade, Dropplets!!",ギフト,ギフトで加入,1,2,0,2026-09-13 22:03,2026-09-13 22:03,○,○,https://www.youtube.com/channel/UCYEvrptvir-SJwKbTA--lNg
UCGQJu4zvJN0USLeWKfDRIAg,@yau-g4s,0,新規(1ヶ月未満),New member,,不明,,,13,158,0,2026-09-13 22:03,2026-10-04 22:02,,,https://www.youtube.com/channel/UCGQJu4zvJN0USLeWKfDRIAg
UCX7qw_yu3pJaHE_cR7QZSVQ,@riko_rimuu,0,新規(1ヶ月未満),New member,,"The Arcade, Dropplets!!",ギフト,ギフトで加入,13,343,0,2026-09-13 22:03,2026-10-08 21:09,○,○,https://www.youtube.com/channel/UCX7qw_yu3pJaHE_cR7QZSVQ
UCaFbmqYopVTqX8TnrYeguRQ,@Kiran.奇嵐,0,新規(1ヶ月未満),New member,,不明,,,9,178,0,2026-09-26 09:01,2026-10-08 21:09,,,https://www.youtube.com/channel/UCaFbmqYopVTqX8TnrYeguRQ
UCL_aPNu5h-s3FIK-ai2MZTg,@AOI-f6i,0,新規(1ヶ月未満),New member,,"The Arcade, Dropplets!!",ギフト,ギフトで加入,8,12,0,2026-09-21 00:19,2026-10-04 22:02,○,○,https://www.youtube.com/channel/UCL_aPNu5h-s3FIK-ai2MZTg
UC_1dbgH5PvHeHpxgTY-iz6w,@あざらし-d5k,0,新規(1ヶ月未満),New member,,"The Arcade, Dropplets!!",新規加入,,5,19,0,2026-10-02 20:00,2026-10-08 21:09,○,,https://www.youtube.com/channel/UC_1dbgH5PvHeHpxgTY-iz6w
UCuwQd-U3Vy-ayMrOOb1orHQ,@kigi0213,0,新規(1ヶ月未満),New member,,不明,,,4,57,0,2026-10-03 22:07,2026-10-08 21:09,,,https://www.youtube.com/channel/UCuwQd-U3Vy-ayMrOOb1orHQ
UCUpIYBRxkzIE6ozhpliA0Tw,@lumi-tsu224,0,新規(1ヶ月未満),New member,,不明,,,3,94,1,2026-09-26 21:01,2026-09-29 20:07,,,https://www.youtube.com/channel/UCUpIYBRxkzIE6ozhpliA0Tw
UCBiuMXob1My5q9ybwAzxIYg,@melissamare,0,新規(1ヶ月未満),New member,,"The Arcade, Dropplets!!",ギフト,ギフトで加入,2,75,0,2026-09-13 22:03,2026-09-16 21:01,○,○,https://www.youtube.com/channel/UCBiuMXob1My5q9ybwAzxIYg
UCHrvqt9PJ34IZUkAiwNC-_w,@Folia_r,0,新規(1ヶ月未満),New member,,"The Arcade, Dropplets!!",ギフト,ギフトで加入,2,1,0,2026-09-13 22:03,2026-09-22 21:01,○,○,https://www.youtube.com/channel/UCHrvqt9PJ34IZUkAiwNC-_w
UCudaQSsqmp5OwIoRWMH_jyA,@LiHaiLin-梨海琳,0,新規(1ヶ月未満),New member,,"The Arcade, Dropplets!!",ギフト,ギフトで加入,2,2,0,2026-09-29 20:07,2026-10-04 11:01,○,○,https://www.youtube.com/channel/UCudaQSsqmp5OwIoRWMH_jyA
UCLcODpJCKbv_EeVJ9nr3o4w,@kindest-cae,0,新規(1ヶ月未満),New member,,"The Arcade, Dropplets!!",ギフト,ギフトで加入,1,1,0,2026-09-13 22:03,2026-09-13 22:03,○,○,https://www.youtube.com/channel/UCLcODpJCKbv_EeVJ9nr3o4w
UCHxsT0Mnuj1jJYn01_BCRYQ,@saya7105,0,新規(1ヶ月未満),,,"The Arcade, Dropplets!!",ギフト,ギフトで加入,1,0,0,2026-09-13 22:03,2026-09-13 22:03,○,○,https://www.youtube.com/channel/UCHxsT0Mnuj1jJYn01_BCRYQ
UCl-Se22A9fCa0lOQXOmNX6A,@別難過,0,新規(1ヶ月未満),,,"The Arcade, Dropplets!!",ギフト,ギフトで加入,1,0,0,2026-09-13 22:03,2026-09-13 22:03,○,○,https://www.youtube.com/channel/UCl-Se22A9fCa0lOQXOmNX6A
UCGxi6HzmIluU4ilp5QBkA6g,@jamstea8332,0,新規(1ヶ月未満),,,"The Arcade, Dropplets!!",ギフト,ギフトで加入,1,0,0,2026-09-13 22:03,2026-09-13 22:03,○,○,https://www.youtube.com/channel/UCGxi6HzmIluU4ilp5QBkA6g
UCdAWl-8DDon1WejicQWzOFg,@dd3chan,0,新規(1ヶ月未満),,,"The Arcade, Dropplets!!",ギフト,ギフトで加入,1,0,0,2026-09-13 22:03,2026-09-13 22:03,○,○,https://www.youtube.com/channel/UCdAWl-8DDon1WejicQWzOFg
UCJTTndAENpGxZ95p6EthUmA,@tipsycanoe_6,0,新規(1ヶ月未満),,,"The Arcade, Dropplets!!",ギフト,ギフトで加入,1,0,0,2026-09-13 22:03,2026-09-13 22:03,○,○,https://www.youtube.com/channel/UCJTTndAENpGxZ95p6EthUmA
UCzMlCag9fEszctprrMAqhKw,@TzuTzu1230,0,新規(1ヶ月未満),,,"The Arcade, Dropplets!!",ギフト,ギフトで加入,1,0,0,2026-09-13 22:03,2026-09-13 22:03,○,○,https://www.youtube.com/channel/UCzMlCag9fEszctprrMAqhKw
UCl3aNslO_CPoJEps3tAQN0g,@Miseryyy__,0,新規(1ヶ月未満),,,"The Arcade, Dropplets!!",ギフト,ギフトで加入,1,0,0,2026-09-13 22:03,2026-09-13 22:03,○,○,https://www.youtube.com/channel/UCl3aNslO_CPoJEps3tAQN0g
UC8uh9P3ADKld7yIp9iLVJQA,@_irisxs,0,新規(1ヶ月未満),,,"The Arcade, Dropplets!!",ギフト,ギフトで加入,1,0,0,2026-09-13 22:03,2026-09-13 22:03,○,○,https://www.youtube.com/channel/UC8uh9P3ADKld7yIp9iLVJQA
UCKWrEgKTYiPXQTuhulQfXFA,@beelzeprince,0,新規(1ヶ月未満),,,"The Arcade, Dropplets!!",ギフト,ギフトで加入,1,0,0,2026-09-13 22:03,2026-09-13 22:03,○,○,https://www.youtube.com/channel/UCKWrEgKTYiPXQTuhulQfXFA
UCbn4xbleThPZ60OYW-R9_EQ,@holofan5,0,新規(1ヶ月未満),,,"The Arcade, Dropplets!!",ギフト,ギフトで加入,1,0,0,2026-09-13 22:03,2026-09-13 22:03,○,○,https://www.youtube.com/channel/UCbn4xbleThPZ60OYW-R9_EQ
UCekYVH3f9iwtyLXWc5BN0Cw,@misu3983,0,新規(1ヶ月未満),,,"The Arcade, Dropplets!!",ギフト,ギフトで加入,1,0,0,2026-09-13 22:03,2026-09-13 22:03,○,○,https://www.youtube.com/channel/UCekYVH3f9iwtyLXWc5BN0Cw
UCjFj-0sAHO1jNjbw9HYeKYQ,@ctlong2513,0,新規(1ヶ月未満),,,"The Arcade, Dropplets!!",ギフト,ギフトで加入,1,0,0,2026-09-13 22:03,2026-09-13 22:03,○,○,https://www.youtube.com/channel/UCjFj-0sAHO1jNjbw9HYeKYQ
UCysk6H0E7SVm7cST9PolxJQ,@Camz_21,0,新規(1ヶ月未満),,,"The Arcade, Dropplets!!",ギフト,ギフトで加入,1,0,0,2026-09-13 22:03,2026-09-13 22:03,○,○,https://www.youtube.com/channel/UCysk6H0E7SVm7cST9PolxJQ
UCb-QFzlO9rkaFxjRSWEqcuQ,@shammy_klm,0,新規(1ヶ月未満),,,"The Arcade, Dropplets!!",ギフト,ギフトで加入,1,0,0,2026-09-13 22:03,2026-09-13 22:03,○,○,https://www.youtube.com/channel/UCb-QFzlO9rkaFxjRSWEqcuQ
UCI9tFrBHoWrfLaFUSLh3obQ,@芊芊_chien0110,0,新規(1ヶ月未満),,,"The Arcade, Dropplets!!",ギフト,ギフトで加入,1,0,0,2026-09-13 22:03,2026-09-13 22:03,○,○,https://www.youtube.com/channel/UCI9tFrBHoWrfLaFUSLh3obQ
UCt3wLPK6lQYmDnhS2Z13Prw,@ayyydrian,0,新規(1ヶ月未満),,,"The Arcade, Dropplets!!",ギフト,ギフトで加入,1,0,0,2026-09-13 22:03,2026-09-13 22:03,○,○,https://www.youtube.com/channel/UCt3wLPK6lQYmDnhS2Z13Prw
UCixG5yqJ1uILDWMBGzjTzEA,@Kunannyaaaa,0,新規(1ヶ月未満),,,"The Arcade, Dropplets!!",ギフト,ギフトで加入,1,0,0,2026-09-13 22:03,2026-09-13 22:03,○,○,https://www.youtube.com/channel/UCixG5yqJ1uILDWMBGzjTzEA
UCldDR4YKhOmHoegwPasNCmg,@HaruxHaru_,0,新規(1ヶ月未満),,,"The Arcade, Dropplets!!",ギフト,ギフトで加入,1,0,0,2026-09-13 22:03,2026-09-13 22:03,○,○,https://www.youtube.com/channel/UCldDR4YKhOmHoegwPasNCmg
UC9_h1n_unyxCHxiXUur_icw,@MissSuccubunny,0,新規(1ヶ月未満),,,"The Arcade, Dropplets!!",ギフト,ギフトで加入,1,0,0,2026-09-13 22:03,2026-09-13 22:03,○,○,https://www.youtube.com/channel/UC9_h1n_unyxCHxiXUur_icw
UC4kJzlwu5GsdqyPbb0ZwyRA,@miona_312,0,新規(1ヶ月未満),,,"The Arcade, Dropplets!!",ギフト,ギフトで加入,1,0,0,2026-09-13 22:03,2026-09-13 22:03,○,○,https://www.youtube.com/channel/UC4kJzlwu5GsdqyPbb0ZwyRA
UC8b7LJ_ArWZyxcBdaTT2x0Q,@墨月-w7f,0,新規(1ヶ月未満),,,"The Arcade, Dropplets!!",ギフト,ギフトで加入,1,0,0,2026-09-13 22:03,2026-09-13 22:03,○,○,https://www.youtube.com/channel/UC8b7LJ_ArWZyxcBdaTT2x0Q
UCdsmGDBNZZVZwxMYzhclcsQ,@きさらぎ-l6v,0,新規(1ヶ月未満),,,"The Arcade, Dropplets!!",ギフト,ギフトで加入,1,0,0,2026-09-13 22:03,2026-09-13 22:03,○,○,https://www.youtube.com/channel/UCdsmGDBNZZVZwxMYzhclcsQ
UCq41yDBNNpTD6BPqrEZionw,@kokooodoko,0,新規(1ヶ月未満),,,"The Arcade, Dropplets!!",ギフト,ギフトで加入,1,0,0,2026-09-13 22:03,2026-09-13 22:03,○,○,https://www.youtube.com/channel/UCq41yDBNNpTD6BPqrEZionw
UCHVbBj7JUX9hrfCgqf_npLw,@creamsoub6874,0,新規(1ヶ月未満),,,"The Arcade, Dropplets!!",ギフト,ギフトで加入,1,0,0,2026-09-13 22:03,2026-09-13 22:03,○,○,https://www.youtube.com/channel/UCHVbBj7JUX9hrfCgqf_npLw
UC6qDcSG2isPOEf0tOOgqrAA,@iiheartyouuu,0,新規(1ヶ月未満),,,"The Arcade, Dropplets!!",ギフト,ギフトで加入,1,0,0,2026-09-13 22:03,2026-09-13 22:03,○,○,https://www.youtube.com/channel/UC6qDcSG2isPOEf0tOOgqrAA
UCvDiONNppCEtjzREywy-UNA,@setsu-oj4xd,0,新規(1ヶ月未満),,,"The Arcade, Dropplets!!",ギフト,ギフトで加入,1,0,0,2026-09-13 22:03,2026-09-13 22:03,○,○,https://www.youtube.com/channel/UCvDiONNppCEtjzREywy-UNA
UCjVb8bBmzy_8J7oZYzm5jOg,@syi_chan8081,0,新規(1ヶ月未満),,,"The Arcade, Dropplets!!",ギフト,ギフトで加入,1,0,0,2026-09-13 22:03,2026-09-13 22:03,○,○,https://www.youtube.com/channel/UCjVb8bBmzy_8J7oZYzm5jOg
UC08kboFnDzVgOvLEu4aUpZw,@Ux_xUyzm,0,新規(1ヶ月未満),,,"The Arcade, Dropplets!!",ギフト,ギフトで加入,1,0,0,2026-09-13 22:03,2026-09-13 22:03,○,○,https://www.youtube.com/channel/UC08kboFnDzVgOvLEu4aUpZw
UC_PA1SqKc4Xnw8EYh6k_uFw,@crazyjojo27,0,新規(1ヶ月未満),,,"The Arcade, Dropplets!!",ギフト,ギフトで加入,1,0,0,2026-09-13 22:03,2026-09-13 22:03,○,○,https://www.youtube.com/channel/UC_PA1SqKc4Xnw8EYh6k_uFw
UCoYcEvy68d7s1OKzKauBcDQ,@daphne3279,0,新規(1ヶ月未満),,,"The Arcade, Dropplets!!",ギフト,ギフトで加入,1,0,0,2026-09-13 22:03,2026-09-13 22:03,○,○,https://www.youtube.com/channel/UCoYcEvy68d7s1OKzKauBcDQ
UCXQ6GlFBUGXBcWWv0gEUOOg,@阿奇不愛蔣幹話,0,新規(1ヶ月未満),,,"The Arcade, Dropplets!!",ギフト,ギフトで加入,1,0,0,2026-09-13 22:03,2026-09-13 22:03,○,○,https://www.youtube.com/channel/UCXQ6GlFBUGXBcWWv0gEUOOg
UCQQx1g2z2ALGN4aFYJmIYOA,@zZ-tako35,0,新規(1ヶ月未満),,,"The Arcade, Dropplets!!",ギフト,ギフトで加入,1,0,0,2026-09-13 22:03,2026-09-13 22:03,○,○,https://www.youtube.com/channel/UCQQx1g2z2ALGN4aFYJmIYOA
UChTPsLYRwepAsGjdXwe2rZQ,@hikko_mori,0,新規(1ヶ月未満),,,"The Arcade, Dropplets!!",ギフト,ギフトで加入,1,0,0,2026-09-13 22:03,2026-09-13 22:03,○,○,https://www.youtube.com/channel/UChTPsLYRwepAsGjdXwe2rZQ
UCc0EI8BszvyzDNf1Hoxcpog,@mochimochi_umauma,0,新規(1ヶ月未満),,,"The Arcade, Dropplets!!",ギフト,ギフトで加入,1,0,0,2026-09-13 22:03,2026-09-13 22:03,○,○,https://www.youtube.com/channel/UCc0EI8BszvyzDNf1Hoxcpog
UCReb1HZfwrmFrWnLclvw0kw,@二二-w1y,0,新規(1ヶ月未満),,,"The Arcade, Dropplets!!",ギフト,ギフトで加入,1,0,0,2026-09-13 22:03,2026-09-13 22:03,○,○,https://www.youtube.com/channel/UCReb1HZfwrmFrWnLclvw0kw
UCK4ilZApB4-ic0E9L1ZyJbA,@gwengwen4987,0,新規(1ヶ月未満),,,"The Arcade, Dropplets!!",ギフト,ギフトで加入,1,0,0,2026-09-13 22:03,2026-09-13 22:03,○,○,https://www.youtube.com/channel/UCK4ilZApB4-ic0E9L1ZyJbA
UCvasupcaheSOVImSMITGMiA,@peanatsu2813,0,新規(1ヶ月未満),,,"The Arcade, Dropplets!!",ギフト,ギフトで加入,1,0,0,2026-09-13 22:03,2026-09-13 22:03,○,○,https://www.youtube.com/channel/UCvasupcaheSOVImSMITGMiA
UCiQW1t5-L7a4l1itktlQ2Nw,@pampam6058,0,新規(1ヶ月未満),,,"The Arcade, Dropplets!!",ギフト,ギフトで加入,1,0,0,2026-09-13 22:03,2026-09-13 22:03,○,○,https://www.youtube.com/channel/UCiQW1t5-L7a4l1itktlQ2Nw
UCOdcdppKA6jiqtj_7bdFvDg,@baby_zcat,0,新規(1ヶ月未満),,,"The Arcade, Dropplets!!",ギフト,ギフトで加入,1,0,0,2026-09-13 22:03,2026-09-13 22:03,○,○,https://www.youtube.com/channel/UCOdcdppKA6jiqtj_7bdFvDg
UCWxVptukjs2XnCFTf3ILDXQ,@lovebomb78,0,新規(1ヶ月未満),,,"The Arcade, Dropplets!!",ギフト,ギフトで加入,1,0,0,2026-09-13 22:03,2026-09-13 22:03,○,○,https://www.youtube.com/channel/UCWxVptukjs2XnCFTf3ILDXQ
UC5UtQcI2f2En2gLtMwIrd5A,@isana403,0,新規(1ヶ月未満),,,"The Arcade, Dropplets!!",ギフト,ギフトで加入,1,0,0,2026-09-13 22:03,2026-09-13 22:03,○,○,https://www.youtube.com/channel/UC5UtQcI2f2En2gLtMwIrd5A
UCAkn8XmKBkAuDVnWCWi7yUw,@chunhowong7011,0,新規(1ヶ月未満),,,"The Arcade, Dropplets!!",ギフト,ギフトで加入,1,0,0,2026-09-13 22:03,2026-09-13 22:03,○,○,https://www.youtube.com/channel/UCAkn8XmKBkAuDVnWCWi7yUw
UCFvzsQdnsyGDzTWexY1E1bQ,@shinorinshino,0,新規(1ヶ月未満),,,"The Arcade, Dropplets!!",ギフト,ギフトで加入,1,0,0,2026-09-13 22:03,2026-09-13 22:03,○,○,https://www.youtube.com/channel/UCFvzsQdnsyGDzTWexY1E1bQ
UCTzqi6yKpHomw2ohSPCFwKQ,@SnakeandWolf,0,新規(1ヶ月未満),,,"The Arcade, Dropplets!!",ギフト,ギフトで加入,1,0,0,2026-09-13 22:03,2026-09-13 22:03,○,○,https://www.youtube.com/channel/UCTzqi6yKpHomw2ohSPCFwKQ
UCt5chbf4DHFnjSoDNb9ae5g,@nana-Nyan,0,新規(1ヶ月未満),,,"The Arcade, Dropplets!!",ギフト,ギフトで加入,1,0,0,2026-09-13 22:03,2026-09-13 22:03,○,○,https://www.youtube.com/channel/UCt5chbf4DHFnjSoDNb9ae5g
UCbxuPPr4rCokxw3fuZjIaBQ,@Nicole-ru8zy,0,新規(1ヶ月未満),,,"The Arcade, Dropplets!!",ギフト,ギフトで加入,1,0,0,2026-09-13 22:03,2026-09-13 22:03,○,○,https://www.youtube.com/channel/UCbxuPPr4rCokxw3fuZjIaBQ
UCgmnsI0OQjKhpysoRP7ThgA,@メログラーノ,0,新規(1ヶ月未満),,,"The Arcade, Dropplets!!",ギフト,ギフトで加入,1,0,0,2026-09-13 22:03,2026-09-13 22:03,○,○,https://www.youtube.com/channel/UCgmnsI0OQjKhpysoRP7ThgA
UC1uuhdT6t33DMU0bSMzC2gA,@LuanneSantos-k3o,0,新規(1ヶ月未満),,,"The Arcade, Dropplets!!",ギフト,ギフトで加入,1,0,0,2026-09-13 22:03,2026-09-13 22:03,○,○,https://www.youtube.com/channel/UC1uuhdT6t33DMU0bSMzC2gA
UCQK-8E1gvVoAC0Riirce0xA,@SimpleHeir,0,新規(1ヶ月未満),New member,,"The Arcade, Dropplets!!",新規加入,,1,0,0,2026-09-13 22:03,2026-09-13 22:03,○,,https://www.youtube.com/channel/UCQK-8E1gvVoAC0Riirce0xA
UCorR4E7avjqbuUzqFchueIg,@Minami14533,0,新規(1ヶ月未満),,,"The Arcade, Dropplets!!",ギフト,ギフトで加入,1,0,0,2026-09-13 22:03,2026-09-13 22:03,○,○,https://www.youtube.com/channel/UCorR4E7avjqbuUzqFchueIg
UC85wwHi2Nv3FSSNVizC3jHQ,@Michi_SolF4M,0,新規(1ヶ月未満),,,"The Arcade, Dropplets!!",ギフト,ギフトで加入,1,0,0,2026-09-13 22:03,2026-09-13 22:03,○,○,https://www.youtube.com/channel/UC85wwHi2Nv3FSSNVizC3jHQ
UCtkPYOPlx7-wfYjIRqFcLJQ,@wuji9409,0,新規(1ヶ月未満),,,"The Arcade, Dropplets!!",ギフト,ギフトで加入,1,0,0,2026-09-13 22:03,2026-09-13 22:03,○,○,https://www.youtube.com/channel/UCtkPYOPlx7-wfYjIRqFcLJQ
UCeTSDonxq49YED6RmaCSa4A,@許千蕙-g1w,0,新規(1ヶ月未満),,,"The Arcade, Dropplets!!",ギフト,ギフトで加入,1,0,0,2026-09-13 22:03,2026-09-13 22:03,○,○,https://www.youtube.com/channel/UCeTSDonxq49YED6RmaCSa4A
UCmpAyLuWNdgjmzd_rI1DA5w,@ReinTheBibbleClubVicePrez,0,新規(1ヶ月未満),,,"The Arcade, Dropplets!!",ギフト,ギフトで加入,1,0,0,2026-09-13 22:03,2026-09-13 22:03,○,○,https://www.youtube.com/channel/UCmpAyLuWNdgjmzd_rI1DA5w
UC9DKpQ3qkh0pLUFo-TgDKNQ,@_htsn,0,新規(1ヶ月未満),,,"The Arcade, Dropplets!!",ギフト,ギフトで加入,1,0,0,2026-09-13 22:03,2026-09-13 22:03,○,○,https://www.youtube.com/channel/UC9DKpQ3qkh0pLUFo-TgDKNQ
UCmvnia08nW9wzAyBhLVoRlQ,@靜晨-u7b,0,新規(1ヶ月未満),,,"The Arcade, Dropplets!!",ギフト,ギフトで加入,1,0,0,2026-09-13 22:03,2026-09-13 22:03,○,○,https://www.youtube.com/channel/UCmvnia08nW9wzAyBhLVoRlQ
UCrZSGbI2rsJTIGC6lPFBTUQ,@hdvnn-o5z,0,新規(1ヶ月未満),,,"The Arcade, Dropplets!!",ギフト,ギフトで加入,1,0,0,2026-09-13 22:03,2026-09-13 22:03,○,○,https://www.youtube.com/channel/UCrZSGbI2rsJTIGC6lPFBTUQ
UCOBUCSk7fxqhINq_YZSucfA,@biboo-kg4ch,0,新規(1ヶ月未満),,,"The Arcade, Dropplets!!",ギフト,ギフトで加入,1,0,0,2026-09-13 22:03,2026-09-13 22:03,○,○,https://www.youtube.com/channel/UCOBUCSk7fxqhINq_YZSucfA
UCvQgWCU5AZm_j7xpB6s-NuA,@iloveleeseoho,0,新規(1ヶ月未満),,,"The Arcade, Dropplets!!",ギフト,ギフトで加入,1,0,0,2026-09-13 22:03,2026-09-13 22:03,○,○,https://www.youtube.com/channel/UCvQgWCU5AZm_j7xpB6s-NuA
UCAN62kjK8bvFftg6smo0znQ,@haru_ame_rain,0,新規(1ヶ月未満),,,"The Arcade, Dropplets!!",ギフト,ギフトで加入,1,0,0,2026-09-13 22:03,2026-09-13 22:03,○,○,https://www.youtube.com/channel/UCAN62kjK8bvFftg6smo0znQ
UC9MDfpjgHJyW5RXwAITVZhw,@zajtie,0,新規(1ヶ月未満),,,"The Arcade, Dropplets!!",ギフト,ギフトで加入,1,0,0,2026-09-13 22:03,2026-09-13 22:03,○,○,https://www.youtube.com/channel/UC9MDfpjgHJyW5RXwAITVZhw
UCtoXwVaNgmAreLIzn9xRA2g,@wahoodo42,0,新規(1ヶ月未満),,,"The Arcade, Dropplets!!",ギフト,ギフトで加入,1,0,0,2026-09-13 22:03,2026-09-13 22:03,○,○,https://www.youtube.com/channel/UCtoXwVaNgmAreLIzn9xRA2g
UC2XcqR_l4ZxdGR6KqMHKtcg,@奈奈醬-o8i,0,新規(1ヶ月未満),,,"The Arcade, Dropplets!!",ギフト,ギフトで加入,1,0,0,2026-09-13 22:03,2026-09-13 22:03,○,○,https://www.youtube.com/channel/UC2XcqR_l4ZxdGR6KqMHKtcg
UCML4iYm03cpw7MUJ43L4QMw,@毛禹崴,0,新規(1ヶ月未満),,,"The Arcade, Dropplets!!",ギフト,ギフトで加入,1,0,0,2026-09-13 22:03,2026-09-13 22:03,○,○,https://www.youtube.com/channel/UCML4iYm03cpw7MUJ43L4QMw
UCKwkA-lS_weFXu69_35Xdyw,@サケむすび,0,新規(1ヶ月未満),,,"The Arcade, Dropplets!!",ギフト,ギフトで加入,1,0,0,2026-09-13 22:03,2026-09-13 22:03,○,○,https://www.youtube.com/channel/UCKwkA-lS_weFXu69_35Xdyw
UCbCjc0A_7VdPH08u3uIGFSw,@TheJacketBanana,0,新規(1ヶ月未満),,,"The Arcade, Dropplets!!",ギフト,ギフトで加入,1,0,0,2026-09-13 22:03,2026-09-13 22:03,○,○,https://www.youtube.com/channel/UCbCjc0A_7VdPH08u3uIGFSw
UCm0e8IuVADhLkQlA3pa0_Vg,@cocosan2726,0,新規(1ヶ月未満),,,"The Arcade, Dropplets!!",ギフト,ギフトで加入,1,0,0,2026-09-13 22:03,2026-09-13 22:03,○,○,https://www.youtube.com/channel/UCm0e8IuVADhLkQlA3pa0_Vg
UCOZ8Ov7N2XljnzwMgVxOPoA,@jundoh3394,0,新規(1ヶ月未満),,,"The Arcade, Dropplets!!",ギフト,ギフトで加入,1,0,0,2026-09-13 22:03,2026-09-13 22:03,○,○,https://www.youtube.com/channel/UCOZ8Ov7N2XljnzwMgVxOPoA
UCAGYvZjVBCLZE1yoDDrKAlg,@xx.dentthi,0,新規(1ヶ月未満),,,"The Arcade, Dropplets!!",ギフト,ギフトで加入,1,0,0,2026-09-13 22:03,2026-09-13 22:03,○,○,https://www.youtube.com/channel/UCAGYvZjVBCLZE1yoDDrKAlg
UCSr4cfa28-_wVy05z4uw3lg,@Summer_-sn3jz,0,新規(1ヶ月未満),,,"The Arcade, Dropplets!!",ギフト,ギフトで加入,1,0,0,2026-09-13 22:03,2026-09-13 22:03,○,○,https://www.youtube.com/channel/UCSr4cfa28-_wVy05z4uw3lg
UCuieQpm3Fwc0cWtTGCSoJWw,@佩宜何-y2o,0,新規(1ヶ月未満),,,"The Arcade, Dropplets!!",ギフト,ギフトで加入,1,0,0,2026-09-13 22:03,2026-09-13 22:03,○,○,https://www.youtube.com/channel/UCuieQpm3Fwc0cWtTGCSoJWw
UCxchZdFVuAEYNeZYPiFaNdg,@kobato7205,0,新規(1ヶ月未満),,,"The Arcade, Dropplets!!",ギフト,ギフトで加入,1,0,0,2026-09-13 22:03,2026-09-13 22:03,○,○,https://www.youtube.com/channel/UCxchZdFVuAEYNeZYPiFaNdg
UC0TB8yqTHqWBvgcypE8AXyQ,@紫芋乃進,0,新規(1ヶ月未満),,,"The Arcade, Dropplets!!",ギフト,ギフトで加入,1,0,0,2026-09-13 22:03,2026-09-13 22:03,○,○,https://www.youtube.com/channel/UC0TB8yqTHqWBvgcypE8AXyQ
UCfA5wEtgNg3vriq5x9k7azA,@海洋noir,0,新規(1ヶ月未満),,,"The Arcade, Dropplets!!",ギフト,ギフトで加入,1,0,0,2026-09-13 22:03,2026-09-13 22:03,○,○,https://www.youtube.com/channel/UCfA5wEtgNg3vriq5x9k7azA
UCGkUquZ3FsfXk8bhGG16OLg,@buggsybuggs,0,新規(1ヶ月未満),,,"The Arcade, Dropplets!!",ギフト,ギフトで加入,1,0,0,2026-09-13 22:03,2026-09-13 22:03,○,○,https://www.youtube.com/channel/UCGkUquZ3FsfXk8bhGG16OLg
UCJT_lgbp7gJ7lM3xJk2WLrQ,@zippertab,0,新規(1ヶ月未満),,,"The Arcade, Dropplets!!",ギフト,ギフトで加入,1,0,0,2026-09-13 22:03,2026-09-13 22:03,○,○,https://www.youtube.com/channel/UCJT_lgbp7gJ7lM3xJk2WLrQ
UCGTmWDBLNMvXk_XDxx0pUkw,@mudkip3491,0,新規(1ヶ月未満),,,"The Arcade, Dropplets!!",ギフト,ギフトで加入,1,0,0,2026-09-19 07:47,2026-09-19 07:47,○,○,https://www.youtube.com/channel/UCGTmWDBLNMvXk_XDxx0pUkw
UCum4__9Lr8ltVvLHxA6-_Eg,@just_jaykei,0,新規(1ヶ月未満),,,"The Arcade, Dropplets!!",ギフト,ギフトで加入,1,0,0,2026-09-19 07:47,2026-09-19 07:47,○,○,https://www.youtube.com/channel/UCum4__9Lr8ltVvLHxA6-_Eg
UCJUjBdo6SmUDiEhC8IpwFkw,@pomxpcm,0,新規(1ヶ月未満),,,"The Arcade, Dropplets!!",ギフト,ギフトで加入,1,0,0,2026-09-19 07:47,2026-09-19 07:47,○,○,https://www.youtube.com/channel/UCJUjBdo6SmUDiEhC8IpwFkw
UCZyirokjVt3a-RUWvC0eTLg,@SoraNatsu,0,新規(1ヶ月未満),,,"The Arcade, Dropplets!!",ギフト,ギフトで加入,1,0,0,2026-09-19 07:47,2026-09-19 07:47,○,○,https://www.youtube.com/channel/UCZyirokjVt3a-RUWvC0eTLg
UCmJVQ0AFEYU6wMsxzMnP3SQ,@ura_62,0,新規(1ヶ月未満),,,"The Arcade, Dropplets!!",ギフト,ギフトで加入,1,0,0,2026-09-20 11:02,2026-09-20 11:02,○,○,https://www.youtube.com/channel/UCmJVQ0AFEYU6wMsxzMnP3SQ
UCPPJ2bCGsczUUJCykFEXRag,@vikten157,0,新規(1ヶ月未満),,,"The Arcade, Dropplets!!",ギフト,ギフトで加入,1,0,0,2026-09-20 11:02,2026-09-20 11:02,○,○,https://www.youtube.com/channel/UCPPJ2bCGsczUUJCykFEXRag
UCLEYrrCgdNxaw8_0bunpWBg,@Thira.ITK13,0,新規(1ヶ月未満),,,"The Arcade, Dropplets!!",ギフト,ギフトで加入,1,0,0,2026-09-20 11:02,2026-09-20 11:02,○,○,https://www.youtube.com/channel/UCLEYrrCgdNxaw8_0bunpWBg
UC0qplN0BHp0J4hU_Mr3zjEQ,@nnnai0717,0,新規(1ヶ月未満),,,"The Arcade, Dropplets!!",ギフト,ギフトで加入,1,0,0,2026-09-20 11:02,2026-09-20 11:02,○,○,https://www.youtube.com/channel/UC0qplN0BHp0J4hU_Mr3zjEQ
UCToPI4wZ-wxXay2ukIhpl2g,@valsxo,0,新規(1ヶ月未満),,,"The Arcade, Dropplets!!",ギフト,ギフトで加入,1,0,0,2026-09-20 11:02,2026-09-20 11:02,○,○,https://www.youtube.com/channel/UCToPI4wZ-wxXay2ukIhpl2g
UCb_9q81wCl19Q8-hZTZd8Eg,@MaldingTyler,0,新規(1ヶ月未満),,,"The Arcade, Dropplets!!",ギフト,ギフトで加入,1,0,0,2026-09-20 11:02,2026-09-20 11:02,○,○,https://www.youtube.com/channel/UCb_9q81wCl19Q8-hZTZd8Eg
UC4hLrrnULv1c0ZoD5etMXIA,@yyyyyy-p7g,0,新規(1ヶ月未満),,,"The Arcade, Dropplets!!",ギフト,ギフトで加入,1,0,0,2026-09-20 11:02,2026-09-20 11:02,○,○,https://www.youtube.com/channel/UC4hLrrnULv1c0ZoD5etMXIA
UCu0O2DQrr-QizPBhN95bIKg,@caelum3925,0,新規(1ヶ月未満),,,"The Arcade, Dropplets!!",ギフト,ギフトで加入,1,0,0,2026-09-20 11:02,2026-09-20 11:02,○,○,https://www.youtube.com/channel/UCu0O2DQrr-QizPBhN95bIKg
UCRWA__Qyc2vzvUaN3y-fZJw,@yan.ni_,0,新規(1ヶ月未満),,,"The Arcade, Dropplets!!",ギフト,ギフトで加入,1,0,0,2026-09-20 11:02,2026-09-20 11:02,○,○,https://www.youtube.com/channel/UCRWA__Qyc2vzvUaN3y-fZJw
UCPTB9gpCTY5ezDZAmZkRLAw,@stormyzapata,0,新規(1ヶ月未満),,,"The Arcade, Dropplets!!",ギフト,ギフトで加入,1,0,0,2026-09-20 11:02,2026-09-20 11:02,○,○,https://www.youtube.com/channel/UCPTB9gpCTY5ezDZAmZkRLAw
UCZ9QmkI9PRylUe0ct8EvKaA,@さな-u8d,0,新規(1ヶ月未満),,,"The Arcade, Dropplets!!",ギフト,ギフトで加入,1,0,0,2026-09-20 11:02,2026-09-20 11:02,○,○,https://www.youtube.com/channel/UCZ9QmkI9PRylUe0ct8EvKaA
UC2xlcOAwwMJ84rJBDDNxI6Q,@やぎ-j3d,0,新規(1ヶ月未満),,,"The Arcade, Dropplets!!",ギフト,ギフトで加入,1,0,0,2026-09-20 11:02,2026-09-20 11:02,○,○,https://www.youtube.com/channel/UC2xlcOAwwMJ84rJBDDNxI6Q
UCVdKkxn7KqJdtDSuOES216g,@凡愚の身,0,新規(1ヶ月未満),,,"The Arcade, Dropplets!!",ギフト,ギフトで加入,1,0,0,2026-09-20 11:02,2026-09-20 11:02,○,○,https://www.youtube.com/channel/UCVdKkxn7KqJdtDSuOES216g
UCRNwr0i2_qBej0phYcP9ziQ,@J_mibmub,0,新規(1ヶ月未満),,,"The Arcade, Dropplets!!",ギフト,ギフトで加入,1,0,0,2026-09-20 11:02,2026-09-20 11:02,○,○,https://www.youtube.com/channel/UCRNwr0i2_qBej0phYcP9ziQ
UCGj9Dd-zLvokznnd7jVEVjQ,@ish6630,0,新規(1ヶ月未満),,,"The Arcade, Dropplets!!",ギフト,ギフトで加入,1,0,0,2026-09-20 11:02,2026-09-20 11:02,○,○,https://www.youtube.com/channel/UCGj9Dd-zLvokznnd7jVEVjQ
UCj4yC-zmqkH6lWC53JpBc2g,@evianpan,0,新規(1ヶ月未満),,,"The Arcade, Dropplets!!",ギフト,ギフトで加入,1,0,0,2026-09-20 11:02,2026-09-20 11:02,○,○,https://www.youtube.com/channel/UCj4yC-zmqkH6lWC53JpBc2g
UCM7daDGQmQOcV7zsacLDnwg,@atshiraa210,0,新規(1ヶ月未満),,,"The Arcade, Dropplets!!",ギフト,ギフトで加入,1,0,0,2026-09-20 11:02,2026-09-20 11:02,○,○,https://www.youtube.com/channel/UCM7daDGQmQOcV7zsacLDnwg
UCqQSaV76YH2oOiAttZlybEA,@bingioforia7922,0,新規(1ヶ月未満),,,"The Arcade, Dropplets!!",ギフト,ギフトで加入,1,0,0,2026-09-20 11:02,2026-09-20 11:02,○,○,https://www.youtube.com/channel/UCqQSaV76YH2oOiAttZlybEA
UCzDx9nswqxGvwV7kDp9JZ0g,@Mordi.,0,新規(1ヶ月未満),,,"The Arcade, Dropplets!!",ギフト,ギフトで加入,1,0,0,2026-09-20 11:02,2026-09-20 11:02,○,○,https://www.youtube.com/channel/UCzDx9nswqxGvwV7kDp9JZ0g
UCk5LJaD3aQ-mVU2OvcDqd_Q,@Shiro-tn2ig,0,新規(1ヶ月未満),,,"The Arcade, Dropplets!!",ギフト,ギフトで加入,1,0,0,2026-09-20 11:02,2026-09-20 11:02,○,○,https://www.youtube.com/channel/UCk5LJaD3aQ-mVU2OvcDqd_Q
UCTerXLVBhivH4W55ABdKIaw,@eikitaraaaaa2121,0,新規(1ヶ月未満),,,"The Arcade, Dropplets!!",ギフト,ギフトで加入,1,0,0,2026-09-20 11:02,2026-09-20 11:02,○,○,https://www.youtube.com/channel/UCTerXLVBhivH4W55ABdKIaw
UC00MIly44HOws_g7wO_8PBQ,@まる-k3n7u,0,新規(1ヶ月未満),,,"The Arcade, Dropplets!!",ギフト,ギフトで加入,1,0,0,2026-09-20 11:02,2026-09-20 11:02,○,○,https://www.youtube.com/channel/UC00MIly44HOws_g7wO_8PBQ
UCtJ430Uhxu03KXKAEMAdXTA,@saiitszi,0,新規(1ヶ月未満),,,"The Arcade, Dropplets!!",ギフト,ギフトで加入,1,0,0,2026-09-20 11:02,2026-09-20 11:02,○,○,https://www.youtube.com/channel/UCtJ430Uhxu03KXKAEMAdXTA
UCFwnUsDE7x75knP1LkhI7Sg,@うつぴ-n9m,0,新規(1ヶ月未満),,,"The Arcade, Dropplets!!",ギフト,ギフトで加入,1,0,0,2026-09-20 11:02,2026-09-20 11:02,○,○,https://www.youtube.com/channel/UCFwnUsDE7x75knP1LkhI7Sg
UCddPbW8qZakKiFz6NThQi9A,@300杯目のなっちゃん,0,新規(1ヶ月未満),,,"The Arcade, Dropplets!!",ギフト,ギフトで加入,1,0,0,2026-09-20 11:02,2026-09-20 11:02,○,○,https://www.youtube.com/channel/UCddPbW8qZakKiFz6NThQi9A
UCIT0ehFg4YgXUIWd722KEqA,@xiaoliuyang9866,0,新規(1ヶ月未満),,,"The Arcade, Dropplets!!",ギフト,ギフトで加入,1,0,0,2026-09-20 11:02,2026-09-20 11:02,○,○,https://www.youtube.com/channel/UCIT0ehFg4YgXUIWd722KEqA
UCT31sweZiwxvcGXLSOk14oA,@lalami_ca,0,新規(1ヶ月未満),,,"The Arcade, Dropplets!!",ギフト,ギフトで加入,1,0,0,2026-09-20 11:02,2026-09-20 11:02,○,○,https://www.youtube.com/channel/UCT31sweZiwxvcGXLSOk14oA
UCNTuBN6WlFFbQWhp0Z9p75A,@vine._.mystake,0,新規(1ヶ月未満),,,"The Arcade, Dropplets!!",ギフト,ギフトで加入,1,0,0,2026-09-20 11:02,2026-09-20 11:02,○,○,https://www.youtube.com/channel/UCNTuBN6WlFFbQWhp0Z9p75A
UCZlXx3ajSEfbaw3nRmGn3Kg,@ひろ-l2u9p,0,新規(1ヶ月未満),,,"The Arcade, Dropplets!!",ギフト,ギフトで加入,1,0,0,2026-09-20 11:02,2026-09-20 11:02,○,○,https://www.youtube.com/channel/UCZlXx3ajSEfbaw3nRmGn3Kg
UCfDvEg5hHdyRHHnUGCRyTxA,@lorbee190,0,新規(1ヶ月未満),,,"The Arcade, Dropplets!!",ギフト,ギフトで加入,1,0,0,2026-09-20 11:02,2026-09-20 11:02,○,○,https://www.youtube.com/channel/UCfDvEg5hHdyRHHnUGCRyTxA
UCpQoKzHY2gBAL7wvGM-52hg,@Alanis_琦,0,新規(1ヶ月未満),,,"The Arcade, Dropplets!!",ギフト,ギフトで加入,1,0,0,2026-09-20 11:02,2026-09-20 11:02,○,○,https://www.youtube.com/channel/UCpQoKzHY2gBAL7wvGM-52hg
UC741X-gLKAkC-65TvcEVv-A,@Zomboba.,0,新規(1ヶ月未満),,,"The Arcade, Dropplets!!",ギフト,ギフトで加入,1,0,0,2026-09-20 11:02,2026-09-20 11:02,○,○,https://www.youtube.com/channel/UC741X-gLKAkC-65TvcEVv-A
UCBkc5T41V522iEwFyiFeQqw,@APR1LL.._,0,新規(1ヶ月未満),,,"The Arcade, Dropplets!!",ギフト,ギフトで加入,1,0,0,2026-09-20 11:02,2026-09-20 11:02,○,○,https://www.youtube.com/channel/UCBkc5T41V522iEwFyiFeQqw
UCuahSJT6gq1uvPQlwx9nsHg,@in_nrhs,0,新規(1ヶ月未満),,,"The Arcade, Dropplets!!",ギフト,ギフトで加入,1,0,0,2026-09-20 11:02,2026-09-20 11:02,○,○,https://www.youtube.com/channel/UCuahSJT6gq1uvPQlwx9nsHg
UCZqKSjdBjhz4-hxzILcSVsA,@iluka_oyasumi,0,新規(1ヶ月未満),,,"The Arcade, Dropplets!!",ギフト,ギフトで加入,1,0,0,2026-09-21 00:19,2026-09-21 00:19,○,○,https://www.youtube.com/channel/UCZqKSjdBjhz4-hxzILcSVsA
UCF44b7YjyNR52XrFp-Litrg,@divaeunike,0,新規(1ヶ月未満),,,"The Arcade, Dropplets!!",ギフト,ギフトで加入,1,0,0,2026-09-21 00:19,2026-09-21 00:19,○,○,https://www.youtube.com/channel/UCF44b7YjyNR52XrFp-Litrg
UC17Tkzhq2FwN0lSKvNHltYg,@ra5078,0,新規(1ヶ月未満),,,"The Arcade, Dropplets!!",ギフト,ギフトで加入,1,0,0,2026-09-21 00:19,2026-09-21 00:19,○,○,https://www.youtube.com/channel/UC17Tkzhq2FwN0lSKvNHltYg
UCaofTBTvJa5ILnyGFJLaJqg,@yao_2434,0,新規(1ヶ月未満),,,"The Arcade, Dropplets!!",ギフト,ギフトで加入,1,0,0,2026-09-22 21:01,2026-09-22 21:01,○,○,https://www.youtube.com/channel/UCaofTBTvJa5ILnyGFJLaJqg
UCzyfkCmiNioE-fs6THbQA4g,@RIN-og5ei,0,新規(1ヶ月未満),,,"The Arcade, Dropplets!!",ギフト,ギフトで加入,1,0,0,2026-09-22 21:01,2026-09-22 21:01,○,○,https://www.youtube.com/channel/UCzyfkCmiNioE-fs6THbQA4g
UCj0bpvysFxXYc8NJ80MCNfA,@awsomeman5646,0,新規(1ヶ月未満),,,"The Arcade, Dropplets!!",ギフト,ギフトで加入,1,0,0,2026-09-22 21:01,2026-09-22 21:01,○,○,https://www.youtube.com/channel/UCj0bpvysFxXYc8NJ80MCNfA
UC0oFERrsE_jtJJJd7kFG2Hg,@ImyourYeen,0,新規(1ヶ月未満),,,"The Arcade, Dropplets!!",ギフト,ギフトで加入,1,0,0,2026-09-22 21:01,2026-09-22 21:01,○,○,https://www.youtube.com/channel/UC0oFERrsE_jtJJJd7kFG2Hg
UCI9iI9k7wosHljqnJFiZvuA,@lizashnaiderman1262,0,新規(1ヶ月未満),,,"The Arcade, Dropplets!!",ギフト,ギフトで加入,1,0,0,2026-09-22 21:01,2026-09-22 21:01,○,○,https://www.youtube.com/channel/UCI9iI9k7wosHljqnJFiZvuA
UC2dhGWFXOT0c7zmgn420nPA,@yiyumi-7963,0,新規(1ヶ月未満),,,"The Arcade, Dropplets!!",ギフト,ギフトで加入,1,0,0,2026-09-22 21:01,2026-09-22 21:01,○,○,https://www.youtube.com/channel/UC2dhGWFXOT0c7zmgn420nPA
UC8NP35gKt3YpQn0HpV7H0dw,@tratorio1096,0,新規(1ヶ月未満),,,"The Arcade, Dropplets!!",ギフト,ギフトで加入,1,0,0,2026-09-22 21:01,2026-09-22 21:01,○,○,https://www.youtube.com/channel/UC8NP35gKt3YpQn0HpV7H0dw
UCda1_WFI2LQWipPJQUNfZ4g,@itscrevan,0,新規(1ヶ月未満),,,"The Arcade, Dropplets!!",ギフト,ギフトで加入,1,0,0,2026-09-22 21:01,2026-09-22 21:01,○,○,https://www.youtube.com/channel/UCda1_WFI2LQWipPJQUNfZ4g
UCqP0aXzwO_CddUuzUWmyPcg,@ぐよるーと,0,新規(1ヶ月未満),,,"The Arcade, Dropplets!!",ギフト,ギフトで加入,1,0,0,2026-09-22 21:01,2026-09-22 21:01,○,○,https://www.youtube.com/channel/UCqP0aXzwO_CddUuzUWmyPcg
UCYM27aadFVmFr4pnHw7ZGBA,@KaYuChan-ny7sy,0,新規(1ヶ月未満),,,"The Arcade, Dropplets!!",ギフト,ギフトで加入,1,0,0,2026-09-22 21:01,2026-09-22 21:01,○,○,https://www.youtube.com/channel/UCYM27aadFVmFr4pnHw7ZGBA
UCkkl17Ge9_YMacs-xJRfRDA,@sbeve1238,0,新規(1ヶ月未満),,,"The Arcade, Dropplets!!",ギフト,ギフトで加入,1,0,0,2026-09-22 21:01,2026-09-22 21:01,○,○,https://www.youtube.com/channel/UCkkl17Ge9_YMacs-xJRfRDA
UCdRbbHBc9Y09m9EuZay1ohQ,@m3mph1s137,0,新規(1ヶ月未満),,,"The Arcade, Dropplets!!",ギフト,ギフトで加入,1,0,0,2026-09-22 21:01,2026-09-22 21:01,○,○,https://www.youtube.com/channel/UCdRbbHBc9Y09m9EuZay1ohQ
UC7hFPZzl5zA7zAIE0CzR98w,@yueni_Rei,0,新規(1ヶ月未満),,,"The Arcade, Dropplets!!",ギフト,ギフトで加入,1,0,0,2026-09-22 21:01,2026-09-22 21:01,○,○,https://www.youtube.com/channel/UC7hFPZzl5zA7zAIE0CzR98w
UCZIUA98Tf33zuSATJ5qs1NQ,@seithnics08,0,新規(1ヶ月未満),,,"The Arcade, Dropplets!!",ギフト,ギフトで加入,1,0,0,2026-09-22 21:01,2026-09-22 21:01,○,○,https://www.youtube.com/channel/UCZIUA98Tf33zuSATJ5qs1NQ
UCudUfnzZVwsr-EcPswBLjjw,@shizuyahanamiya178,0,新規(1ヶ月未満),,,"The Arcade, Dropplets!!",ギフト,ギフトで加入,1,0,0,2026-09-22 21:01,2026-09-22 21:01,○,○,https://www.youtube.com/channel/UCudUfnzZVwsr-EcPswBLjjw
UCVvHIyuPcWEUsGo0MbzraUw,@aidenna-8828,0,新規(1ヶ月未満),,,"The Arcade, Dropplets!!",ギフト,ギフトで加入,1,0,0,2026-09-22 21:01,2026-09-22 21:01,○,○,https://www.youtube.com/channel/UCVvHIyuPcWEUsGo0MbzraUw
UCr0eQmtk7UCFvUau8fVTCTw,@JusticeKindred,0,新規(1ヶ月未満),,,"The Arcade, Dropplets!!",ギフト,ギフトで加入,1,0,0,2026-09-22 21:01,2026-09-22 21:01,○,○,https://www.youtube.com/channel/UCr0eQmtk7UCFvUau8fVTCTw
UCakis2bO7N8M2l2T-z3X4LQ,@ynapie,0,新規(1ヶ月未満),,,"The Arcade, Dropplets!!",ギフト,ギフトで加入,1,0,0,2026-09-22 21:01,2026-09-22 21:01,○,○,https://www.youtube.com/channel/UCakis2bO7N8M2l2T-z3X4LQ
UCL_KFWeMIFUdUThdj9XRhsw,@MMMttt-q2z,0,新規(1ヶ月未満),,,"The Arcade, Dropplets!!",ギフト,ギフトで加入,1,0,0,2026-09-22 21:01,2026-09-22 21:01,○,○,https://www.youtube.com/channel/UCL_KFWeMIFUdUThdj9XRhsw
UCFeTzxCt8thFvk2O05_rqJw,@purenguchan,0,新規(1ヶ月未満),,,"The Arcade, Dropplets!!",ギフト,ギフトで加入,1,0,0,2026-09-22 21:01,2026-09-22 21:01,○,○,https://www.youtube.com/channel/UCFeTzxCt8thFvk2O05_rqJw
UCv7Y5pufjzci_zUCZJPoQiQ,@lucychuang3453,0,新規(1ヶ月未満),,,"The Arcade, Dropplets!!",ギフト,ギフトで加入,1,0,0,2026-09-22 21:01,2026-09-22 21:01,○,○,https://www.youtube.com/channel/UCv7Y5pufjzci_zUCZJPoQiQ
UCTo7ASrzDMNeffXmBn7rG3Q,@ミン-c4p,0,新規(1ヶ月未満),,,"The Arcade, Dropplets!!",ギフト,ギフトで加入,1,0,0,2026-09-22 21:01,2026-09-22 21:01,○,○,https://www.youtube.com/channel/UCTo7ASrzDMNeffXmBn7rG3Q
UCt5Z2PV6YO0zs2eQpgPw08Q,@piyaayooo,0,新規(1ヶ月未満),New member,,"The Arcade, Dropplets!!",ギフト,ギフトで加入,1,2,0,2026-09-26 09:01,2026-09-26 09:01,○,○,https://www.youtube.com/channel/UCt5Z2PV6YO0zs2eQpgPw08Q
UCoGk_3uRz4fW2lXDNsmaVbw,@sosmokes.s,0,新規(1ヶ月未満),New member,,"The Arcade, Dropplets!!",ギフト,ギフトで加入,1,6,0,2026-09-26 09:01,2026-09-26 09:01,○,○,https://www.youtube.com/channel/UCoGk_3uRz4fW2lXDNsmaVbw
UCym-kFVCr3eF3ftTIrwTZRg,@Honieya,0,新規(1ヶ月未満),,,"The Arcade, Dropplets!!",ギフト,ギフトで加入,1,0,0,2026-09-26 09:01,2026-09-26 09:01,○,○,https://www.youtube.com/channel/UCym-kFVCr3eF3ftTIrwTZRg
UCNOGrmCkpG71ttG6tDm6qyw,@えすた-e4j,0,新規(1ヶ月未満),,,"The Arcade, Dropplets!!",ギフト,ギフトで加入,1,0,0,2026-09-26 09:01,2026-09-26 09:01,○,○,https://www.youtube.com/channel/UCNOGrmCkpG71ttG6tDm6qyw
UCPB2JygZ5fslYg87VuIT-Hw,@司徒覺-v5s,0,新規(1ヶ月未満),,,"The Arcade, Dropplets!!",ギフト,ギフトで加入,1,0,0,2026-09-26 09:01,2026-09-26 09:01,○,○,https://www.youtube.com/channel/UCPB2JygZ5fslYg87VuIT-Hw
UCzYvAWIOprsOyk9Ky8LibUQ,@ayuni9749,0,新規(1ヶ月未満),,,"The Arcade, Dropplets!!",ギフト,ギフトで加入,1,0,0,2026-09-26 09:01,2026-09-26 09:01,○,○,https://www.youtube.com/channel/UCzYvAWIOprsOyk9Ky8LibUQ
UCMPlryW6y3vynU8uvpIL6RQ,@starless267,0,新規(1ヶ月未満),,,"The Arcade, Dropplets!!",ギフト,ギフトで加入,1,0,0,2026-09-26 09:01,2026-09-26 09:01,○,○,https://www.youtube.com/channel/UCMPlryW6y3vynU8uvpIL6RQ
UCQ108djWhkX52n3e8Bso_YA,@iu_tororo,0,新規(1ヶ月未満),,,"The Arcade, Dropplets!!",ギフト,ギフトで加入,1,0,0,2026-09-26 09:01,2026-09-26 09:01,○,○,https://www.youtube.com/channel/UCQ108djWhkX52n3e8Bso_YA
UC-zC-Nd8tCE_sPhVItaKu5A,@LucaL_run,0,新規(1ヶ月未満),,,"The Arcade, Dropplets!!",ギフト,ギフトで加入,1,0,0,2026-09-26 09:01,2026-09-26 09:01,○,○,https://www.youtube.com/channel/UC-zC-Nd8tCE_sPhVItaKu5A
UC8bjcrhRjdoiM4xqSRCH9Dg,@Shiori_228,0,新規(1ヶ月未満),,,"The Arcade, Dropplets!!",ギフト,ギフトで加入,1,0,0,2026-09-26 09:01,2026-09-26 09:01,○,○,https://www.youtube.com/channel/UC8bjcrhRjdoiM4xqSRCH9Dg
UCtQNHd6mOixqoWA3YzbDKWQ,@chunlin-117,0,新規(1ヶ月未満),,,"The Arcade, Dropplets!!",ギフト,ギフトで加入,1,0,0,2026-09-26 09:01,2026-09-26 09:01,○,○,https://www.youtube.com/channel/UCtQNHd6mOixqoWA3YzbDKWQ
UCw3N0O2vWTc2P_w5L4DX-5w,@taesmandux,0,新規(1ヶ月未満),,,"The Arcade, Dropplets!!",ギフト,ギフトで加入,1,0,0,2026-09-27 09:01,2026-09-27 09:01,○,○,https://www.youtube.com/channel/UCw3N0O2vWTc2P_w5L4DX-5w
UCpll5RmOYRekXTxsqmUYblQ,@yuto1004,0,新規(1ヶ月未満),,,"The Arcade, Dropplets!!",ギフト,ギフトで加入,1,0,0,2026-09-27 09:01,2026-09-27 09:01,○,○,https://www.youtube.com/channel/UCpll5RmOYRekXTxsqmUYblQ
UCACDdNP7EvxzekB7Aq57ERQ,@geno8345,0,新規(1ヶ月未満),,,"The Arcade, Dropplets!!",ギフト,ギフトで加入,1,0,0,2026-09-27 09:01,2026-09-27 09:01,○,○,https://www.youtube.com/channel/UCACDdNP7EvxzekB7Aq57ERQ
UC7gArImJy23DvKmqtQSYkfg,@JuzoMori,0,新規(1ヶ月未満),,,"The Arcade, Dropplets!!",ギフト,ギフトで加入,1,0,0,2026-09-27 09:01,2026-09-27 09:01,○,○,https://www.youtube.com/channel/UC7gArImJy23DvKmqtQSYkfg
UCCj4-VgCnWQvsYivX76WHvg,@inumaye,0,新規(1ヶ月未満),,,"The Arcade, Dropplets!!",ギフト,ギフトで加入,1,0,0,2026-09-27 09:01,2026-09-27 09:01,○,○,https://www.youtube.com/channel/UCCj4-VgCnWQvsYivX76WHvg
UC7LSQE7TsFVFxcAgHoTIfjw,@泡陌綠茶,0,新規(1ヶ月未満),,,"The Arcade, Dropplets!!",ギフト,ギフトで加入,1,0,0,2026-09-27 09:01,2026-09-27 09:01,○,○,https://www.youtube.com/channel/UC7LSQE7TsFVFxcAgHoTIfjw
UCnO4VTgu7Rgacj_ALi3QCtg,@probablychuuni,0,新規(1ヶ月未満),,,"The Arcade, Dropplets!!",ギフト,ギフトで加入,1,0,0,2026-09-27 09:01,2026-09-27 09:01,○,○,https://www.youtube.com/channel/UCnO4VTgu7Rgacj_ALi3QCtg
UCZHauIm6MdKm-kSXgh0Yi-A,@aika824,0,新規(1ヶ月未満),,,"The Arcade, Dropplets!!",ギフト,ギフトで加入,1,0,0,2026-09-27 09:01,2026-09-27 09:01,○,○,https://www.youtube.com/channel/UCZHauIm6MdKm-kSXgh0Yi-A
UCKhR0pS822FYcPPiYYT0ZcQ,@黑貓blink,0,新規(1ヶ月未満),,,"The Arcade, Dropplets!!",ギフト,ギフトで加入,1,0,0,2026-09-27 09:01,2026-09-27 09:01,○,○,https://www.youtube.com/channel/UCKhR0pS822FYcPPiYYT0ZcQ
UC8HGToZwA-JNoIvijHI4FIQ,@ぜん_zenn5748,0,新規(1ヶ月未満),,,"The Arcade, Dropplets!!",ギフト,ギフトで加入,1,0,0,2026-09-27 09:01,2026-09-27 09:01,○,○,https://www.youtube.com/channel/UC8HGToZwA-JNoIvijHI4FIQ
UCsIXzKA3LWZx-affuofKNUA,@user-f7tn24,0,新規(1ヶ月未満),,,"The Arcade, Dropplets!!",ギフト,ギフトで加入,1,0,0,2026-09-27 09:01,2026-09-27 09:01,○,○,https://www.youtube.com/channel/UCsIXzKA3LWZx-affuofKNUA
UCub6a0LtHEO3t4vS2azy8pw,@Shiraigohan,0,新規(1ヶ月未満),,,"The Arcade, Dropplets!!",ギフト,ギフトで加入,1,0,0,2026-09-27 21:10,2026-09-27 21:10,○,○,https://www.youtube.com/channel/UCub6a0LtHEO3t4vS2azy8pw
UCrGWWbUl8T5lt163rlZXgKA,@psy5755,0,新規(1ヶ月未満),,,"The Arcade, Dropplets!!",ギフト,ギフトで加入,1,0,0,2026-09-27 21:10,2026-09-27 21:10,○,○,https://www.youtube.com/channel/UCrGWWbUl8T5lt163rlZXgKA
UCoj6zaGvqlr71KFQSFoTvPQ,@Let_Myday,0,新規(1ヶ月未満),,,"The Arcade, Dropplets!!",ギフト,ギフトで加入,1,0,0,2026-09-27 21:10,2026-09-27 21:10,○,○,https://www.youtube.com/channel/UCoj6zaGvqlr71KFQSFoTvPQ
UC2OQVeRELT_Aus3XTDK3EMA,@graceyannyah,0,新規(1ヶ月未満),,,"The Arcade, Dropplets!!",ギフト,ギフトで加入,1,0,0,2026-09-27 21:10,2026-09-27 21:10,○,○,https://www.youtube.com/channel/UC2OQVeRELT_Aus3XTDK3EMA
UCwpHIZwu0mhxV864RSYZQig,@RumiHelianthuss,0,新規(1ヶ月未満),,,"The Arcade, Dropplets!!",ギフト,ギフトで加入,1,0,0,2026-09-27 21:10,2026-09-27 21:10,○,○,https://www.youtube.com/channel/UCwpHIZwu0mhxV864RSYZQig
UC2qVJ1lREggFtIRT5NePMGQ,@dweeberrie,0,新規(1ヶ月未満),,,"The Arcade, Dropplets!!",ギフト,ギフトで加入,1,0,0,2026-09-27 21:10,2026-09-27 21:10,○,○,https://www.youtube.com/channel/UC2qVJ1lREggFtIRT5NePMGQ
UC6uOue9D-7R73lgz8CMh87w,@Bencho1223,0,新規(1ヶ月未満),,,"The Arcade, Dropplets!!",ギフト,ギフトで加入,1,0,0,2026-09-27 21:10,2026-09-27 21:10,○,○,https://www.youtube.com/channel/UC6uOue9D-7R73lgz8CMh87w
UCQWmJ8ubhICzWsNEjN6-k7Q,@canoruses,0,新規(1ヶ月未満),,,"The Arcade, Dropplets!!",ギフト,ギフトで加入,1,0,0,2026-09-27 21:10,2026-09-27 21:10,○,○,https://www.youtube.com/channel/UCQWmJ8ubhICzWsNEjN6-k7Q
UC4CTt9hhxRDC9LV_oVBTBIw,@kuha1391,0,新規(1ヶ月未満),,,"The Arcade, Dropplets!!",ギフト,ギフトで加入,1,0,0,2026-09-27 21:10,2026-09-27 21:10,○,○,https://www.youtube.com/channel/UC4CTt9hhxRDC9LV_oVBTBIw
UCCTxYHDkFFdf_sHh2LMeIKQ,@FemboyLover1111,0,新規(1ヶ月未満),,,"The Arcade, Dropplets!!",ギフト,ギフトで加入,1,0,0,2026-09-27 21:10,2026-09-27 21:10,○,○,https://www.youtube.com/channel/UCCTxYHDkFFdf_sHh2LMeIKQ
UCq4miZbZkO4AMCUSm0d12Nw,@Elijah-Ke,0,新規(1ヶ月未満),,,"The Arcade, Dropplets!!",ギフト,ギフトで加入,1,0,0,2026-09-27 21:10,2026-09-27 21:10,○,○,https://www.youtube.com/channel/UCq4miZbZkO4AMCUSm0d12Nw
UCm8zTsUu79-s5VqVjer_dOQ,@petitepure7173,0,新規(1ヶ月未満),,,"The Arcade, Dropplets!!",ギフト,ギフトで加入,1,0,0,2026-09-27 21:10,2026-09-27 21:10,○,○,https://www.youtube.com/channel/UCm8zTsUu79-s5VqVjer_dOQ
UCO--RSFL5Z_Ydz67RBa7U1A,@LDMLYA_,0,新規(1ヶ月未満),,,"The Arcade, Dropplets!!",ギフト,ギフトで加入,1,0,0,2026-09-27 21:10,2026-09-27 21:10,○,○,https://www.youtube.com/channel/UCO--RSFL5Z_Ydz67RBa7U1A
UCjEOzSfXLJT0r9owC0HyNtw,@kirby_toka,0,新規(1ヶ月未満),,,"The Arcade, Dropplets!!",ギフト,ギフトで加入,1,0,0,2026-09-27 21:10,2026-09-27 21:10,○,○,https://www.youtube.com/channel/UCjEOzSfXLJT0r9owC0HyNtw
UCcrXW-fCmfkOXVGyIBH41JQ,@chien2870,0,新規(1ヶ月未満),,,"The Arcade, Dropplets!!",ギフト,ギフトで加入,1,0,0,2026-09-27 21:10,2026-09-27 21:10,○,○,https://www.youtube.com/channel/UCcrXW-fCmfkOXVGyIBH41JQ
UCBuLj8C9JNwq82vnzUH4RPw,@be_pa,0,新規(1ヶ月未満),,,"The Arcade, Dropplets!!",ギフト,ギフトで加入,1,0,0,2026-09-27 21:10,2026-09-27 21:10,○,○,https://www.youtube.com/channel/UCBuLj8C9JNwq82vnzUH4RPw
UCgn43xiq92QtiSuV92BCVHg,@azrael3564,0,新規(1ヶ月未満),,,"The Arcade, Dropplets!!",ギフト,ギフトで加入,1,0,0,2026-09-27 21:10,2026-09-27 21:10,○,○,https://www.youtube.com/channel/UCgn43xiq92QtiSuV92BCVHg
UC3M4wHeNUWt5nRuuoiJrzyw,@Yama-YTube,0,新規(1ヶ月未満),,,"The Arcade, Dropplets!!",ギフト,ギフトで加入,1,0,0,2026-09-27 21:10,2026-09-27 21:10,○,○,https://www.youtube.com/channel/UC3M4wHeNUWt5nRuuoiJrzyw
UClzQI0FJBMYs-gzE3G3h9pg,@kamonalevi,0,新規(1ヶ月未満),,,"The Arcade, Dropplets!!",ギフト,ギフトで加入,1,0,0,2026-09-27 21:10,2026-09-27 21:10,○,○,https://www.youtube.com/channel/UClzQI0FJBMYs-gzE3G3h9pg
UCV3F58qc39kPmk0ej9PdW9Q,@shion9497,0,新規(1ヶ月未満),,,"The Arcade, Dropplets!!",ギフト,ギフトで加入,1,0,0,2026-09-27 21:10,2026-09-27 21:10,○,○,https://www.youtube.com/channel/UCV3F58qc39kPmk0ej9PdW9Q
UCly6YTHX882d1e7Wh84puJw,@naruko_628,0,新規(1ヶ月未満),,,"The Arcade, Dropplets!!",ギフト,ギフトで加入,1,0,0,2026-09-29 20:07,2026-09-29 20:07,○,○,https://www.youtube.com/channel/UCly6YTHX882d1e7Wh84puJw
UC0xf56sv7CKAaHIeUzbskVA,@布朗Brownie,0,新規(1ヶ月未満),,,"The Arcade, Dropplets!!",ギフト,ギフトで加入,1,0,0,2026-09-29 20:07,2026-09-29 20:07,○,○,https://www.youtube.com/channel/UC0xf56sv7CKAaHIeUzbskVA
UCO4iNBrVnh0KvFaSocENb4A,@skullicaa,0,新規(1ヶ月未満),,,"The Arcade, Dropplets!!",ギフト,ギフトで加入,1,0,0,2026-09-29 20:07,2026-09-29 20:07,○,○,https://www.youtube.com/channel/UCO4iNBrVnh0KvFaSocENb4A
UC0eriq3SPKAivV_Wyhh1HXw,@hrngbuwan,0,新規(1ヶ月未満),,,"The Arcade, Dropplets!!",ギフト,ギフトで加入,1,0,0,2026-09-29 20:07,2026-09-29 20:07,○,○,https://www.youtube.com/channel/UC0eriq3SPKAivV_Wyhh1HXw
UCf3_KI7UEHxAiC02FpBvaiA,@ゆうき-y2j,0,新規(1ヶ月未満),,,"The Arcade, Dropplets!!",ギフト,ギフトで加入,1,0,0,2026-09-29 20:07,2026-09-29 20:07,○,○,https://www.youtube.com/channel/UCf3_KI7UEHxAiC02FpBvaiA
UCHapdo3Qyj6AQo-aorVuz4A,@Angel-qy4jr,0,新規(1ヶ月未満),,,"The Arcade, Dropplets!!",ギフト,ギフトで加入,1,0,0,2026-09-29 20:07,2026-09-29 20:07,○,○,https://www.youtube.com/channel/UCHapdo3Qyj6AQo-aorVuz4A
UCLSeKALFJjfX5H2FAYj-f-A,@ddddddeer,0,新規(1ヶ月未満),,,"The Arcade, Dropplets!!",ギフト,ギフトで加入,1,0,0,2026-09-29 20:07,2026-09-29 20:07,○,○,https://www.youtube.com/channel/UCLSeKALFJjfX5H2FAYj-f-A
UCLP9T2UM2EM4-mAUHXGOTlA,@夏慕染,0,新規(1ヶ月未満),,,"The Arcade, Dropplets!!",ギフト,ギフトで加入,1,0,0,2026-09-29 20:07,2026-09-29 20:07,○,○,https://www.youtube.com/channel/UCLP9T2UM2EM4-mAUHXGOTlA
UCrNqjy11eQui168oQI-yoRg,@tuayfuuuu,0,新規(1ヶ月未満),,,"The Arcade, Dropplets!!",ギフト,ギフトで加入,1,0,0,2026-09-29 20:07,2026-09-29 20:07,○,○,https://www.youtube.com/channel/UCrNqjy11eQui168oQI-yoRg
UCJdUJWMBLOwRq90wBUs-PcQ,@luria_sana,0,新規(1ヶ月未満),,,"The Arcade, Dropplets!!",ギフト,ギフトで加入,1,0,0,2026-10-03 22:07,2026-10-03 22:07,○,○,https://www.youtube.com/channel/UCJdUJWMBLOwRq90wBUs-PcQ
UCzGc9DFMBhYqeWpCjqAYHTA,@katawara26,0,新規(1ヶ月未満),,,"The Arcade, Dropplets!!",ギフト,ギフトで加入,1,0,0,2026-10-03 22:07,2026-10-03 22:07,○,○,https://www.youtube.com/channel/UCzGc9DFMBhYqeWpCjqAYHTA
UC542Mqxd3ugW71pA4PWig7w,@alya8845,0,新規(1ヶ月未満),,,"The Arcade, Dropplets!!",ギフト,ギフトで加入,1,0,0,2026-10-03 22:07,2026-10-03 22:07,○,○,https://www.youtube.com/channel/UC542Mqxd3ugW71pA4PWig7w
UCQ4cYclIvEQxkU7Tg53HsAQ,@xiushi_,0,新規(1ヶ月未満),,,"The Arcade, Dropplets!!",ギフト,ギフトで加入,1,0,0,2026-10-03 22:07,2026-10-03 22:07,○,○,https://www.youtube.com/channel/UCQ4cYclIvEQxkU7Tg53HsAQ
UCP_N1XncRx-31HruAAdMoHw,@wwis3469,0,新規(1ヶ月未満),,,"The Arcade, Dropplets!!",ギフト,ギフトで加入,1,0,0,2026-10-03 22:07,2026-10-03 22:07,○,○,https://www.youtube.com/channel/UCP_N1XncRx-31HruAAdMoHw
UCSs_kIMzJS88eT-cB6rnXHg,@Jellyfish_Chic,0,新規(1ヶ月未満),,,"The Arcade, Dropplets!!",ギフト,ギフトで加入,1,0,0,2026-10-03 22:07,2026-10-03 22:07,○,○,https://www.youtube.com/channel/UCSs_kIMzJS88eT-cB6rnXHg
UCoUvrnEIBIi2xYZLQ4dfrTg,@nattkakiiro,0,新規(1ヶ月未満),,,"The Arcade, Dropplets!!",ギフト,ギフトで加入,1,0,0,2026-10-03 22:07,2026-10-03 22:07,○,○,https://www.youtube.com/channel/UCoUvrnEIBIi2xYZLQ4dfrTg
UCpDhcAbM52yuvszED_i5mYQ,@jajaxia6133,0,新規(1ヶ月未満),,,"The Arcade, Dropplets!!",ギフト,ギフトで加入,1,0,0,2026-10-03 22:07,2026-10-03 22:07,○,○,https://www.youtube.com/channel/UCpDhcAbM52yuvszED_i5mYQ
UCuyA02I1-7PcoY0BeHo6ghg,@chelsylaam,0,新規(1ヶ月未満),,,"The Arcade, Dropplets!!",ギフト,ギフトで加入,1,0,0,2026-10-03 22:07,2026-10-03 22:07,○,○,https://www.youtube.com/channel/UCuyA02I1-7PcoY0BeHo6ghg
UCJqXMEJA77s3v8Ju65ikDwg,@BlueDream319,0,新規(1ヶ月未満),,,"The Arcade, Dropplets!!",ギフト,ギフトで加入,1,0,0,2026-10-03 22:07,2026-10-03 22:07,○,○,https://www.youtube.com/channel/UCJqXMEJA77s3v8Ju65ikDwg
UCs7O7DvuMcA05GURbSoNYPQ,@nnkknnn,0,新規(1ヶ月未満),,,"The Arcade, Dropplets!!",ギフト,ギフトで加入,1,0,0,2026-10-03 22:07,2026-10-03 22:07,○,○,https://www.youtube.com/channel/UCs7O7DvuMcA05GURbSoNYPQ
UCtqUgQ1kbhR3XufbSRCXxKg,@Crystallineclouds-rp6qx,0,新規(1ヶ月未満),,,"The Arcade, Dropplets!!",ギフト,ギフトで加入,1,0,0,2026-10-03 22:07,2026-10-03 22:07,○,○,https://www.youtube.com/channel/UCtqUgQ1kbhR3XufbSRCXxKg
UCQ_w5j2qzs-adxX0y6EtFlw,@ミユキMiyuki,0,新規(1ヶ月未満),,,"The Arcade, Dropplets!!",ギフト,ギフトで加入,1,0,0,2026-10-03 22:07,2026-10-03 22:07,○,○,https://www.youtube.com/channel/UCQ_w5j2qzs-adxX0y6EtFlw
UCwPIVRq0Ra2QkOe2eAAGbTA,@ひう-m7h,0,新規(1ヶ月未満),,,"The Arcade, Dropplets!!",ギフト,ギフトで加入,1,0,0,2026-10-03 22:07,2026-10-03 22:07,○,○,https://www.youtube.com/channel/UCwPIVRq0Ra2QkOe2eAAGbTA
UCe19NN3vd6eD7Evk1RY6XqQ,@참참Chamu,0,新規(1ヶ月未満),,,"The Arcade, Dropplets!!",ギフト,ギフトで加入,1,0,0,2026-10-03 22:07,2026-10-03 22:07,○,○,https://www.youtube.com/channel/UCe19NN3vd6eD7Evk1RY6XqQ
UCGr7j5BiaSnNpC7DG-y3xCA,@Ririn.R,0,新規(1ヶ月未満),,,"The Arcade, Dropplets!!",ギフト,ギフトで加入,1,0,0,2026-10-03 22:07,2026-10-03 22:07,○,○,https://www.youtube.com/channel/UCGr7j5BiaSnNpC7DG-y3xCA
UCif7FoueoZvMcYVMPsdU6hA,@akiraryuu6335,0,新規(1ヶ月未満),,,"The Arcade, Dropplets!!",ギフト,ギフトで加入,1,0,0,2026-10-03 22:07,2026-10-03 22:07,○,○,https://www.youtube.com/channel/UCif7FoueoZvMcYVMPsdU6hA
UCHS1wbyRzbONpxj9MGnBpyg,@crazensan,0,新規(1ヶ月未満),,,"The Arcade, Dropplets!!",ギフト,ギフトで加入,1,0,0,2026-10-03 22:07,2026-10-03 22:07,○,○,https://www.youtube.com/channel/UCHS1wbyRzbONpxj9MGnBpyg
UCTK5UwCpGy0LBKJAMdIhyHw,@marimorimo_44,0,新規(1ヶ月未満),,,"The Arcade, Dropplets!!",ギフト,ギフトで加入,1,0,0,2026-10-03 22:07,2026-10-03 22:07,○,○,https://www.youtube.com/channel/UCTK5UwCpGy0LBKJAMdIhyHw
UCkyLMZPad7Z0PgXXLDnYhGA,@helloooooooo6136,0,新規(1ヶ月未満),,,"The Arcade, Dropplets!!",ギフト,ギフトで加入,1,0,0,2026-10-03 22:07,2026-10-03 22:07,○,○,https://www.youtube.com/channel/UCkyLMZPad7Z0PgXXLDnYhGA
UCYC5Zl04NLktEC-u7OIauNg,@ryutako69,0,新規(1ヶ月未満),,,"The Arcade, Dropplets!!",ギフト,ギフトで加入,1,0,0,2026-10-03 22:07,2026-10-03 22:07,○,○,https://www.youtube.com/channel/UCYC5Zl04NLktEC-u7OIauNg
UC4wOkacHxHbYjfRMUMSOL7Q,@一條魚兒-f8c,0,新規(1ヶ月未満),,,"The Arcade, Dropplets!!",ギフト,ギフトで加入,1,0,0,2026-10-04 11:01,2026-10-04 11:01,○,○,https://www.youtube.com/channel/UC4wOkacHxHbYjfRMUMSOL7Q
UC4tpjj6K1hvRGjGs4tZgVjQ,@izumisan1899,0,新規(1ヶ月未満),,,"The Arcade, Dropplets!!",ギフト,ギフトで加入,1,0,0,2026-10-04 11:01,2026-10-04 11:01,○,○,https://www.youtube.com/channel/UC4tpjj6K1hvRGjGs4tZgVjQ
UCpLg_HpPymiYKN9FwxZ6-IA,@Kyoka-mf7ug,0,新規(1ヶ月未満),,,"The Arcade, Dropplets!!",ギフト,ギフトで加入,1,0,0,2026-10-04 11:01,2026-10-04 11:01,○,○,https://www.youtube.com/channel/UCpLg_HpPymiYKN9FwxZ6-IA
UCPA4wUqlPGw_8LVsd8RxSLQ,@starredism,0,新規(1ヶ月未満),,,"The Arcade, Dropplets!!",ギフト,ギフトで加入,1,0,0,2026-10-04 11:01,2026-10-04 11:01,○,○,https://www.youtube.com/channel/UCPA4wUqlPGw_8LVsd8RxSLQ
UC8lznyV8c5pcDSulCIqrmRw,@るちゃん-maruvmr,0,新規(1ヶ月未満),,,"The Arcade, Dropplets!!",ギフト,ギフトで加入,1,0,0,2026-10-04 11:01,2026-10-04 11:01,○,○,https://www.youtube.com/channel/UC8lznyV8c5pcDSulCIqrmRw
UCr8ggSIHEHIHnGsf2Dnqkgg,@Ooffu,0,新規(1ヶ月未満),,,"The Arcade, Dropplets!!",ギフト,ギフトで加入,1,0,0,2026-10-04 11:01,2026-10-04 11:01,○,○,https://www.youtube.com/channel/UCr8ggSIHEHIHnGsf2Dnqkgg
UC4Cdq_Js4l9wM3d_S4uxKkg,@alunenyx,0,新規(1ヶ月未満),,,"The Arcade, Dropplets!!",ギフト,ギフトで加入,1,0,0,2026-10-04 11:01,2026-10-04 11:01,○,○,https://www.youtube.com/channel/UC4Cdq_Js4l9wM3d_S4uxKkg
UCpHU1-gJZpp5fEkKMtqqecw,@moca0A0,0,新規(1ヶ月未満),,,"The Arcade, Dropplets!!",ギフト,ギフトで加入,1,0,0,2026-10-04 11:01,2026-10-04 11:01,○,○,https://www.youtube.com/channel/UCpHU1-gJZpp5fEkKMtqqecw
UC1_jx-QUOcJwUASAfbaBN2Q,@黎瞳,0,新規(1ヶ月未満),,,"The Arcade, Dropplets!!",ギフト,ギフトで加入,1,0,0,2026-10-04 11:01,2026-10-04 11:01,○,○,https://www.youtube.com/channel/UC1_jx-QUOcJwUASAfbaBN2Q
UCgTLENc1SsPYAa6Nmv5xBYA,@nocria,0,新規(1ヶ月未満),,,"The Arcade, Dropplets!!",ギフト,ギフトで加入,1,0,0,2026-10-04 11:01,2026-10-04 11:01,○,○,https://www.youtube.com/channel/UCgTLENc1SsPYAa6Nmv5xBYA
UCE4dWgAa2sT29o3UjKL0j9A,@Moonquake-r7h,0,新規(1ヶ月未満),,,"The Arcade, Dropplets!!",ギフト,ギフトで加入,1,0,0,2026-10-04 11:01,2026-10-04 11:01,○,○,https://www.youtube.com/channel/UCE4dWgAa2sT29o3UjKL0j9A
UCt6kG_u5xONvtiRs_dkfq3g,@chubbycheeks248,0,新規(1ヶ月未満),,,"The Arcade, Dropplets!!",ギフト,ギフトで加入,1,0,0,2026-10-04 22:02,2026-10-04 22:02,○,○,https://www.youtube.com/channel/UCt6kG_u5xONvtiRs_dkfq3g
UC3wVF-NZ68NL9z6vpHWAAqw,@Rei-ic7rz,0,新規(1ヶ月未満),,,"The Arcade, Dropplets!!",ギフト,ギフトで加入,1,0,0,2026-10-04 22:02,2026-10-04 22:02,○,○,https://www.youtube.com/channel/UC3wVF-NZ68NL9z6vpHWAAqw
UC2sUmOhcYdQ0kZeJJoeWBjw,@angelchase7857,0,新規(1ヶ月未満),,,"The Arcade, Dropplets!!",ギフト,ギフトで加入,1,0,0,2026-10-04 22:02,2026-10-04 22:02,○,○,https://www.youtube.com/channel/UC2sUmOhcYdQ0kZeJJoeWBjw
UCkRxqLc7_X6G9A-VvJ37MjA,@Teresa-l1p,0,新規(1ヶ月未満),,,"The Arcade, Dropplets!!",ギフト,ギフトで加入,1,0,0,2026-10-04 22:02,2026-10-04 22:02,○,○,https://www.youtube.com/channel/UCkRxqLc7_X6G9A-VvJ37MjA
UCKNLXdHr0dkyppBXmBs-NAw,@Mayami_033,0,新規(1ヶ月未満),,,"The Arcade, Dropplets!!",ギフト,ギフトで加入,1,0,0,2026-10-04 22:02,2026-10-04 22:02,○,○,https://www.youtube.com/channel/UCKNLXdHr0dkyppBXmBs-NAw
UCPteJ-TLnWfbDQfizEJ4Hog,@infinitymagic9298,0,新規(1ヶ月未満),,,"The Arcade, Dropplets!!",ギフト,ギフトで加入,1,0,0,2026-10-04 22:02,2026-10-04 22:02,○,○,https://www.youtube.com/channel/UCPteJ-TLnWfbDQfizEJ4Hog
UCUXmPZLRYAgwWvZaOE5QRAw,@reizcool,0,新規(1ヶ月未満),,,"The Arcade, Dropplets!!",ギフト,ギフトで加入,1,0,0,2026-10-04 22:02,2026-10-04 22:02,○,○,https://www.youtube.com/channel/UCUXmPZLRYAgwWvZaOE5QRAw
UC72gojIsX-ACiEae00HmhOQ,@Spudzilla_,0,新規(1ヶ月未満),,,"The Arcade, Dropplets!!",ギフト,ギフトで加入,1,0,0,2026-10-04 22:02,2026-10-04 22:02,○,○,https://www.youtube.com/channel/UC72gojIsX-ACiEae00HmhOQ
UCJFNmgyoTKmthFKCRhSAsjg,@Doumonkun,0,新規(1ヶ月未満),,,"The Arcade, Dropplets!!",ギフト,ギフトで加入,1,0,0,2026-10-04 22:02,2026-10-04 22:02,○,○,https://www.youtube.com/channel/UCJFNmgyoTKmthFKCRhSAsjg
UC6GzcpkMdFu_hT-ltNohRmw,@るか-k20a,0,新規(1ヶ月未満),,,"The Arcade, Dropplets!!",ギフト,ギフトで加入,1,0,0,2026-10-04 22:02,2026-10-04 22:02,○,○,https://www.youtube.com/channel/UC6GzcpkMdFu_hT-ltNohRmw
UCK2QWC5OjMF445iBRyQRzhA,@X._.X-dd5pg,0,新規(1ヶ月未満),,,"The Arcade, Dropplets!!",ギフト,ギフトで加入,1,0,0,2026-10-04 22:02,2026-10-04 22:02,○,○,https://www.youtube.com/channel/UCK2QWC5OjMF445iBRyQRzhA
UCp_LoQljgGfGUMdns80GadQ,@_ilypb_1233,0,新規(1ヶ月未満),,,"The Arcade, Dropplets!!",ギフト,ギフトで加入,1,0,0,2026-10-04 22:02,2026-10-04 22:02,○,○,https://www.youtube.com/channel/UCp_LoQljgGfGUMdns80GadQ
UCzQ8KaLf9LxEhxeu_O5iT9Q,@Riku_yama,0,新規(1ヶ月未満),,,"The Arcade, Dropplets!!",ギフト,ギフトで加入,1,0,0,2026-10-04 22:02,2026-10-04 22:02,○,○,https://www.youtube.com/channel/UCzQ8KaLf9LxEhxeu_O5iT9Q
UC4i0A57A_qsgYX7Vkfk8yvA,@ひみ_9jm,0,新規(1ヶ月未満),,,"The Arcade, Dropplets!!",ギフト,ギフトで加入,1,0,0,2026-10-04 22:02,2026-10-04 22:02,○,○,https://www.youtube.com/channel/UC4i0A57A_qsgYX7Vkfk8yvA
UC6lffbmuxMQs9AnpuWIUq-A,@winterr0v0,0,新規(1ヶ月未満),,,"The Arcade, Dropplets!!",ギフト,ギフトで加入,1,0,0,2026-10-04 22:02,2026-10-04 22:02,○,○,https://www.youtube.com/channel/UC6lffbmuxMQs9AnpuWIUq-A
UC40oIFXCFL6NmXas4pt2xHQ,@フェイファータ,0,新規(1ヶ月未満),,,"The Arcade, Dropplets!!",ギフト,ギフトで加入,1,0,0,2026-10-04 22:02,2026-10-04 22:02,○,○,https://www.youtube.com/channel/UC40oIFXCFL6NmXas4pt2xHQ
UClB5LOjX9-1yv5qpT-8m1yA,@ところてん-r9w,0,新規(1ヶ月未満),,,"The Arcade, Dropplets!!",ギフト,ギフトで加入,1,0,0,2026-10-04 22:02,2026-10-04 22:02,○,○,https://www.youtube.com/channel/UClB5LOjX9-1yv5qpT-8m1yA
UCErDj_T5fseu85OqFubPwEg,@歐貞君,0,新規(1ヶ月未満),,,"The Arcade, Dropplets!!",ギフト,ギフトで加入,1,0,0,2026-10-04 22:02,2026-10-04 22:02,○,○,https://www.youtube.com/channel/UCErDj_T5fseu85OqFubPwEg
UC-bPNBXdp5Ego5NXPTROpwg,@ksps4232,0,新規(1ヶ月未満),,,"The Arcade, Dropplets!!",ギフト,ギフトで加入,1,0,0,2026-10-04 22:02,2026-10-04 22:02,○,○,https://www.youtube.com/channel/UC-bPNBXdp5Ego5NXPTROpwg
UCU7MlF6zcmbN6oaz0N6s-mA,@weiiii_2006,0,新規(1ヶ月未満),,,"The Arcade, Dropplets!!",ギフト,ギフトで加入,1,0,0,2026-10-04 22:02,2026-10-04 22:02,○,○,https://www.youtube.com/channel/UCU7MlF6zcmbN6oaz0N6s-mA
UCQ1cKYm-BUOBWWeYR8FGV5A,@モンリン,0,新規(1ヶ月未満),,,"The Arcade, Dropplets!!",ギフト,ギフトで加入,1,0,0,2026-10-04 22:02,2026-10-04 22:02,○,○,https://www.youtube.com/channel/UCQ1cKYm-BUOBWWeYR8FGV5A
UCthJ7CEj_Ku5Xcb6l3rJ5Og,@fortunecolor,0,新規(1ヶ月未満),,,"The Arcade, Dropplets!!",ギフト,ギフトで加入,1,0,0,2026-10-04 22:02,2026-10-04 22:02,○,○,https://www.youtube.com/channel/UCthJ7CEj_Ku5Xcb6l3rJ5Og
UCmPH1V6LNEbPGPaoAq4TvCg,@louis.c.kindred,0,新規(1ヶ月未満),,,"The Arcade, Dropplets!!",ギフト,ギフトで加入,1,0,0,2026-10-04 22:02,2026-10-04 22:02,○,○,https://www.youtube.com/channel/UCmPH1V6LNEbPGPaoAq4TvCg
UCncf2cO_qfP9ntyFGQqOxXw,@むらさきt_t,0,新規(1ヶ月未満),,,"The Arcade, Dropplets!!",ギフト,ギフトで加入,1,0,0,2026-10-04 22:02,2026-10-04 22:02,○,○,https://www.youtube.com/channel/UCncf2cO_qfP9ntyFGQqOxXw
UCT-fYI7mdRstHj_n5Pmt9WA,@Netlexahkネット,0,新規(1ヶ月未満),,,"The Arcade, Dropplets!!",ギフト,ギフトで加入,1,0,0,2026-10-04 22:02,2026-10-04 22:02,○,○,https://www.youtube.com/channel/UCT-fYI7mdRstHj_n5Pmt9WA
UCKbqKj_X9knMoRg6oD6j0LQ,@ayaomi4378,0,新規(1ヶ月未満),,,"The Arcade, Dropplets!!",ギフト,ギフトで加入,1,0,0,2026-10-04 22:02,2026-10-04 22:02,○,○,https://www.youtube.com/channel/UCKbqKj_X9knMoRg6oD6j0LQ
UC12b_ar1xgrr7x-6BQWJ0jA,@Saya.321,0,新規(1ヶ月未満),,,"The Arcade, Dropplets!!",ギフト,ギフトで加入,1,0,0,2026-10-04 22:02,2026-10-04 22:02,○,○,https://www.youtube.com/channel/UC12b_ar1xgrr7x-6BQWJ0jA
UCoyWfwuNjbqDd0JfKTVuYbA,@eggyolk_17,0,新規(1ヶ月未満),,,"The Arcade, Dropplets!!",ギフト,ギフトで加入,1,0,0,2026-10-04 22:02,2026-10-04 22:02,○,○,https://www.youtube.com/channel/UCoyWfwuNjbqDd0JfKTVuYbA
UCjO8JbegqbuQmgpJDDVTVcQ,@fembnk5219,0,新規(1ヶ月未満),,,"The Arcade, Dropplets!!",ギフト,ギフトで加入,1,0,0,2026-10-04 22:02,2026-10-04 22:02,○,○,https://www.youtube.com/channel/UCjO8JbegqbuQmgpJDDVTVcQ
UC_8FaeSF_VrPhF0WL9i3wsA,@Snoozers_McSnoozers,0,新規(1ヶ月未満),,,"The Arcade, Dropplets!!",ギフト,ギフトで加入,1,0,0,2026-10-04 22:02,2026-10-04 22:02,○,○,https://www.youtube.com/channel/UC_8FaeSF_VrPhF0WL9i3wsA
